case_id,simulation_id,sample_index,input_sha256,model_kind,algorithm_identity,implementation_revision,status,certificate_status,failure_type,failure_message,data_sha256,scenario_sha256,budget_ratio,budget,beta,lambda_Water,lambda_Vaccine,lambda_Crackers,gamma_D,h_V_tau,a_C,result_sha256,iterations,full_exact_certification_calls,complete_full_exact_certification_calls,first_stage_sha256,policy_label,mixed_aggregate_QF,same_item_QF_coexistence,cross_item_specialization,portfolio_pattern,T_COST,certified_objective,C_Q,C_F,C_R,first_stage_cost,worst_scenario,worst_category,worst_hurricane,exact_worst_case_loss,worst_exercise_cost,worst_shortage_penalty,worst_total_shortage,worst_total_F_exercise,budget_spend,budget_residual,budget_usage,Q_budget_share,F_reservation_budget_share,R_budget_share,emergency_budget_share,Q_Water,F_Water,R_Water,z_R0_Water,z_R1_Water,z_R2_Water,Q_active_Water,F_active_Water,same_item_QF_Water,worst_exercise_Water,worst_shortage_Water,Q_Vaccine,F_Vaccine,R_Vaccine,z_R0_Vaccine,z_R1_Vaccine,z_R2_Vaccine,Q_active_Vaccine,F_active_Vaccine,same_item_QF_Vaccine,worst_exercise_Vaccine,worst_shortage_Vaccine,Q_Crackers,F_Crackers,R_Crackers,z_R0_Crackers,z_R1_Crackers,z_R2_Crackers,Q_active_Crackers,F_active_Crackers,same_item_QF_Crackers,worst_exercise_Crackers,worst_shortage_Crackers,row_sha256,experiment_part,background_simulation_id,background_sample_index,phi,psi,eta_1,eta_2,c_R1_ratio,c_R2_ratio,F_risk,reliability_economics,F_risk_donor_id,reliability_donor_id,shortage_loss_Water,shortage_loss_Vaccine,shortage_loss_Crackers,paid_R_Vaccine,R_level_numeric_Vaccine,F_total,paid_R_any,R1_item_count,R2_item_count
E3B_MEDIUM_UNFAVORABLE,LA-0914,914,ee8287c989d9f42998cac1b0ade9bc594e098eb99d83ed33e878189f5cc95b45,M2,A1_FINAL_NO_MEMORY_V1,A1_FINAL_NO_MEMORY_V1_R1_WITNESS_GATED_INFEASIBLE_RETRY,certified,PASS,,,84fefbd8ae196c5884b1b8475f3fef9dd02b73a577ab9856be17fde1db5cc6ec,89cce3433e010fd64a68b5c99f8a18aba96e1a6b937a4b71314343a49fe7d381,1.0,19137905.85543848,4.0,1.0,1.0,1.0,1.0,0.5,0.9,73a0a13edc38d7cb05b5bf77891151d714b36e3abc28b254d2e0f24d96a68e6d,3,2,2,ec5f10df8bca1324789da477371aa3485caaa0ba0a0d1ff79007b50879edfd74,P4,False,False,False,Q[NONE]|F[Water+Crackers],1208865847.0229347,1208865847.0229347,0.0,6233648.109253715,0.0,6233648.109253715,h09,5,Katrina,1202632198.913681,12904257.746184763,1189727941.1674962,1764059961.348578,117897382.71580848,19137905.85543848,0.0,1.0,0.0,0.32572258199725024,0.0,0.6742774180027498,0.0,17915363.859447412,R0,1,0,0,False,True,False,10399999.999999996,3.725290298461914e-09,0.0,0.0,NONE,0,0,1,False,False,False,0.0,9557344.06438629,0.0,185178338.9703829,R0,1,0,0,False,True,False,107497382.71580848,1754502617.2841916,15a146a3f0981359f2cef40bfd68c946f01235d4265341cb6c50b1306fa823b3,E3B,LA-0914,914,0.21525997935034705,0.7676200933649505,0.23161783770325162,0.44442365034591785,0.10204689175903321,0.3349490361938774,Medium,Unfavorable,LA-0169,LA-0374,9.651482105255128e-09,531999999.99999845,657727941.1674978,False,0,203093702.82983032,False,0,0
E3B_MEDIUM_UNFAVORABLE,LA-0802,802,08d200d068730669000640f9037f4ea66dcff16c72d21874b825ba042565721f,M2,A1_FINAL_NO_MEMORY_V1,A1_FINAL_NO_MEMORY_V1_R1_WITNESS_GATED_INFEASIBLE_RETRY,certified,PASS,,,8714dccf76572a2379a2862143b2450d3f27005d2cd323c6dce3999367b8c39a,fdf9a11d5afd911c968e7e0fa858d3d6653be1d2412613ad63852323bb98921b,1.0,19137905.85543848,4.0,1.0,1.0,1.0,1.0,0.5,0.9,352cb7eee462ac46e3c43f478a319d6242116bffc3e304e03ea553c2c67c477a,3,2,2,5f3fd93ac4cff22cede54cd231f4a01dfbccdc30c036aa182227bedd93e5d982,P4,False,False,False,Q[NONE]|F[Water+Vaccine],1233747842.0457833,1233747842.0457833,0.0,6604935.933095517,0.0,6604935.933095517,h09,5,Katrina,1227142906.1126878,12532969.92234296,1214609936.1903448,1880900021.0022914,1057323.0620949524,19137905.85543848,0.0,1.0,0.0,0.34512323255151617,0.0,0.6548767674484838,0.0,535352.7500877406,R0,1,0,0,False,True,False,310776.19436551223,10089223.805634487,0.0,1286024.8820676615,R0,1,0,0,False,True,False,746546.8677294402,8810797.19665685,0.0,0.0,NONE,1,0,0,False,False,False,0.0,1862000000.0,499b51f39e1410d7daab416b26fe641588c8336b745c73e7943316981a378702,E3B,LA-0802,802,0.3620517735218046,1.1834457682207538,0.23161783770325162,0.44442365034591785,0.10204689175903321,0.3349490361938774,Medium,Unfavorable,LA-0169,LA-0374,26139161.035637833,490444215.1547069,698026560.0,False,0,1821377.632155402,False,0,0
E3B_MEDIUM_UNFAVORABLE,LA-0642,642,df36bdc338b56dbdb6049ba0f8338289089a63b99a8d10e273f60fe82107fd03,M2,A1_FINAL_NO_MEMORY_V1,A1_FINAL_NO_MEMORY_V1_R1_WITNESS_GATED_INFEASIBLE_RETRY,certified,PASS,,,1701f2334c1aac495c38b4e60515e49063dd39d19c7d3be27f3c1723cd3520c2,ed2a82100cb43b977cb028ff0905fc2f5e0297e3ae9b0e5374e2448e565800d2,1.0,19137905.85543848,4.0,1.0,1.0,1.0,1.0,0.5,0.9,80d8c896d74168096c3dff2af3f68706e4414beaffd0e83cd3ab9f510aec0e67,6,2,2,44b790184050985c1834cba11376589635c03d1a4f56bdbdb7ee77e7434a4ff0,P1,False,False,False,Q[Water+Vaccine]|F[NONE],1221165897.9019191,1221165897.9019191,19137905.85543848,0.0,0.0,19137905.85543848,h09,5,Katrina,1202027992.0464807,0.0,1202027992.0464807,1871054351.6823528,0.0,19137905.85543848,0.0,1.0,1.0,0.0,0.0,0.0,14229721.617536936,0.0,NONE,0,1,0,True,False,False,0.0,0.0,688215.5357769008,0.0,NONE,0,1,0,True,False,False,0.0,9054351.6823527,0.0,0.0,NONE,1,0,0,False,False,False,0.0,1862000000.0,f126dfd44bfe0762a0af32aa0f3c20085b706ad1bd7525b8fb8c0eae1df9958a,E3B,LA-0642,642,0.27297467507658774,1.4901263843897259,0.23161783770325162,0.44442365034591785,0.10204689175903321,0.3349490361938774,Medium,Unfavorable,LA-0169,LA-0374,0.0,504001432.04648066,698026560.0,False,0,0.0,False,0,0
E3B_MEDIUM_UNFAVORABLE,LA-0765,765,029044c21e5aaa3ef1fdc23ba9f93ecbcab421d4ba2aea33a2a93e86bd5dc97c,M2,A1_FINAL_NO_MEMORY_V1,A1_FINAL_NO_MEMORY_V1_R1_WITNESS_GATED_INFEASIBLE_RETRY,certified,PASS,,,1ec80eb30d3f7d068c84f02497da0be5c493470af21227be4ca678adc1a27e54,d8e44ec090627d0d4103897a91001c3f6b0ab4689b37b880d80d0dbc884aba50,1.0,19137905.85543848,4.0,1.0,1.0,1.0,1.0,0.5,0.9,25e9014de7938228c27bf2c60a33def39ec9139abbc2ab0f042b098194600571,3,2,2,69b26e62fde016c1a9820d03233765b607f128c6183f8aa8a64323912347ff8e,P4,False,False,False,Q[NONE]|F[Crackers],1224953706.8565462,1224953706.8565462,0.0,284906.7700029312,0.0,284906.7700029312,h09,5,Katrina,1224668800.0865433,18852999.085435547,1205815801.0011077,1745500133.760047,136457210.3043393,19137905.85543848,0.0,1.0,0.0,0.014887040000877021,0.0,0.985112959999123,0.0,0.0,NONE,0,0,1,False,False,False,0.0,10400000.0,0.0,0.0,NONE,0,0,1,False,False,False,0.0,9557344.06438629,0.0,235065439.79301682,R0,1,0,0,False,True,False,136457210.3043393,1725542789.6956606,dc6287a630eb1bc9179b4f94f9f7314f4eed8050394c5dd27a106d42576736e2,E3B,LA-0765,765,0.01293247677090883,1.4741839484477675,0.23161783770325162,0.44442365034591785,0.10204689175903321,0.3349490361938774,Medium,Unfavorable,LA-0169,LA-0374,26944320.000000004,531999999.99999845,646871481.0011092,False,0,235065439.79301682,False,0,0
E3B_MEDIUM_UNFAVORABLE,LA-0334,334,edaf1d3f884b2a1b1bc5dfef3d1a8ae510e3ba39112540125e89d3ae561834b0,M2,A1_FINAL_NO_MEMORY_V1,A1_FINAL_NO_MEMORY_V1_R1_WITNESS_GATED_INFEASIBLE_RETRY,certified,PASS,,,3e51c487ca0e62b5065381b12f094ab5f589a4a4ab9fd90830e1c19c5cf129f7,5a3328989594a9b8da05b407eb1251e363288efceeff31e374d14379ed837f13,1.0,19137905.85543848,4.0,1.0,1.0,1.0,1.0,0.5,0.9,bf2c0a7d919e403c3316950f8001debe2bc635ec36880fed09c511a41396e62d,3,2,2,e6e3776f034af3c97bcf98d8a695c951bb02c8eb6d102200fd109081f2d30df6,P4,False,False,False,Q[NONE]|F[Crackers],1224851817.1185174,1224851817.1185174,0.0,658586.0247389845,0.0,658586.0247389845,h09,5,Katrina,1224193231.0937784,18479319.830699492,1205713911.263079,1745228340.8182287,136729003.24615753,19137905.85543848,0.0,1.0,0.0,0.03441264836987544,0.0,0.9655873516301244,0.0,0.0,NONE,0,1,0,False,False,False,0.0,10400000.0,0.0,0.0,NONE,0,1,0,False,False,False,0.0,9557344.06438629,0.0,235533638.77831522,R0,1,0,0,False,True,False,136729003.24615753,1725270996.7538424,374296d4446381bbc5f51b559e8bb2d19f606ba0afbefc30a708ba6a94dd30cc,E3B,LA-0334,334,0.02983508566707432,1.4420922880200795,0.23161783770325162,0.44442365034591785,0.10204689175903321,0.3349490361938774,Medium,Unfavorable,LA-0169,LA-0374,26944320.000000004,531999999.99999845,646769591.2630804,False,0,235533638.77831522,False,0,0
E3B_MEDIUM_UNFAVORABLE,LA-0396,396,4a8ce3956cb01a1d091e6fc01863a6d00473bea19495791f759d72580abea560,M2,A1_FINAL_NO_MEMORY_V1,A1_FINAL_NO_MEMORY_V1_R1_WITNESS_GATED_INFEASIBLE_RETRY,certified,PASS,,,f31e960fc096bbaf186f221c7f3cf748e3e7b49376954ed4708558fd59ddf7f9,efd27129ec30dad7c59d662bbb92fd51f60a5efde714bea754e6826df6e26c80,1.0,19137905.85543848,4.0,1.0,1.0,1.0,1.0,0.5,0.9,5565bcd4a2204a93d5abd7bddefea4ae937399281c0ed61b52eb65399dc99a07,3,2,2,f0cd0d1447b875866a6f07ee6706439cd27e528a62337da5c803a9863947f05a,P4,False,False,False,Q[NONE]|F[Water+Crackers],1203725470.0699959,1203725470.0699959,0.0,6084989.520115406,0.0,6084989.520115406,h09,5,Katrina,1197640480.5498805,13052916.335323073,1184587564.2145574,1750347901.61496,131609442.44942647,19137905.85543848,0.0,1.0,0.0,0.31795482567839134,0.0,0.6820451743216087,0.0,17915363.859447412,R0,1,0,0,False,True,False,10400000.0,0.0,0.0,0.0,NONE,0,0,1,False,False,False,0.0,9557344.06438629,0.0,208799160.06559864,R0,1,0,0,False,True,False,121209442.44942647,1740790557.5505736,75d47dede40e1e831d92533f257d7362d8072bb174955d7e22bddb830cf1134f,E3B,LA-0396,396,0.19520415540375965,0.721321823609993,0.23161783770325162,0.44442365034591785,0.10204689175903321,0.3349490361938774,Medium,Unfavorable,LA-0169,LA-0374,0.0,531999999.99999845,652587564.214559,False,0,226714523.92504606,False,0,0
E3B_MEDIUM_UNFAVORABLE,LA-0358,358,65f12d3443be917eb572e0eca29833f1866f1a45141d44db32bfff161cc2c593,M2,A1_FINAL_NO_MEMORY_V1,A1_FINAL_NO_MEMORY_V1_R1_WITNESS_GATED_INFEASIBLE_RETRY,certified,PASS,,,44412851cae6a3d87e48359cd5695639f74d75209938f90445a85655fbcd5845,cb21b17998afe5bc1ce0e88057bf4f878cb1044eaf8155309f6a4ce5b902965e,1.0,19137905.85543848,4.0,1.0,1.0,1.0,1.0,0.5,0.9,d26f28d3ccc6cd996934e91b70564d5acfa01fc797e2ae363c21b81aa71a7a5a,3,2,2,9d723b018cbc76eeec89a2fbaefe41a3bd903341b78504a0df70982bbf44bcc7,P4,False,False,False,Q[NONE]|F[Water+Crackers],1160796126.9319975,1160796126.9319975,0.0,1739078.4556288058,0.0,1739078.4556288058,h09,5,Katrina,1159057048.4763687,17398827.399809673,1141658221.076559,1635833008.4811618,246124335.58322453,19137905.85543848,0.0,1.0,0.0,0.09087088570532426,0.0,0.9091291142946758,0.0,17915363.859447412,R0,1,0,0,False,True,False,10400000.0,0.0,0.0,0.0,NONE,0,0,1,False,False,False,0.0,9557344.06438629,0.0,406066081.009611,R0,1,0,0,False,True,False,235724335.58322453,1626275664.4167755,52fe9870439d151f5a592d93a7699db9f9184fdbcf237672092b09c7b8f56e52,E3B,LA-0358,358,0.03501949556891065,0.6035357284185586,0.23161783770325162,0.44442365034591785,0.10204689175903321,0.3349490361938774,Medium,Unfavorable,LA-0169,LA-0374,0.0,531999999.99999845,609658221.0765607,False,0,423981444.86905843,False,0,0
E3B_MEDIUM_UNFAVORABLE,LA-0467,467,10bba651114fcf8a3e1f592ebce456644653baea223751f04413e110919e8399,M2,A1_FINAL_NO_MEMORY_V1,A1_FINAL_NO_MEMORY_V1_R1_WITNESS_GATED_INFEASIBLE_RETRY,certified,PASS,,,735d19d50fd4aaa268c9f786e91bb0d164bd0851ab866836a41cde2665f90ba8,9cf02e244c84ea46d4b52cd9e12b682047733c4e7055f2c69a98afd8ab134a5f,1.0,19137905.85543848,4.0,1.0,1.0,1.0,1.0,0.5,0.9,658e3279785aad5d60956c6974b88c9f0b219a5cfe9ddc5a5393f99c4f97c50e,3,2,2,f8531661f16757ef3e265764ea2298e52149090a8206204d600c003821293b0d,P4,False,False,False,Q[NONE]|F[Vaccine],1219878302.5034225,1219878302.5034225,0.0,11638846.383993419,0.0,11638846.383993419,h09,5,Katrina,1208239456.119429,7499059.471445058,1200740396.647984,1880947167.2292323,1010176.8351540404,19137905.85543848,0.0,1.0,0.0,0.6081567373102095,0.0,0.3918432626897904,0.0,0.0,NONE,1,0,0,False,False,False,0.0,10400000.0,0.0,1740162.073477852,R0,1,0,0,False,True,False,1010176.8351540404,8547167.22923225,0.0,0.0,NONE,1,0,0,False,False,False,0.0,1862000000.0,25d20a2468c9880e50a1f41cc9f80e0af07bff651206e5b41f5a1017356fc1db,E3B,LA-0467,467,0.4806244022732012,0.5334515390521819,0.23161783770325162,0.44442365034591785,0.10204689175903321,0.3349490361938774,Medium,Unfavorable,LA-0169,LA-0374,26944320.000000004,475769516.64798397,698026560.0,False,0,1740162.073477852,False,0,0
E3B_MEDIUM_UNFAVORABLE,LA-0021,21,9c0c8e916a30a3fa9f17a2b27ecaaa74ee626fafee16b17aef6e1fa739cc5936,M2,A1_FINAL_NO_MEMORY_V1,A1_FINAL_NO_MEMORY_V1_R1_WITNESS_GATED_INFEASIBLE_RETRY,certified,PASS,,,18030a79f0d1773dc601b04b1eca077bd4f2baff3b84545a12f18814851b1688,73375ceb5fb1856bfa6efebbdb3205627e17432d8b0283fb9e3993d28720c6b2,1.0,19137905.85543848,4.0,1.0,1.0,1.0,1.0,0.5,0.9,df8f92b9125c77616945b9d5cd10e2922678042711eb02d2dd03251007bd9f6e,3,2,2,82315f40528566210307924ad9d58009307d4b00bcdf54996fcc19cc4a71d3b3,P4,False,False,False,Q[NONE]|F[Crackers],1230748209.673915,1230748209.673915,0.0,3358593.7463174337,0.0,3358593.7463174337,h09,5,Katrina,1227389615.9275975,15779312.109121047,1211610303.8184764,1760957087.4982266,121000256.56615967,19137905.855438482,-3.725290298461914e-09,1.0000000000000002,0.0,0.17549431853658176,0.0,0.8245056814634184,0.0,0.0,NONE,0,1,0,False,False,False,0.0,10400000.0,0.0,0.0,NONE,0,0,1,False,False,False,0.0,9557344.06438629,0.0,208438809.94896552,R0,1,0,0,False,True,False,121000256.56615967,1740999743.4338403,e7759acc84f31ed2d7ead0a1772fa1c35f0c67cc033ecb8c57c305bc45b6043b,E3B,LA-0021,21,0.17192799958479546,1.3914560561114655,0.23161783770325162,0.44442365034591785,0.10204689175903321,0.3349490361938774,Medium,Unfavorable,LA-0169,LA-0374,26944320.000000004,531999999.99999845,652665983.818478,False,0,208438809.94896552,False,0,0
E3B_MEDIUM_UNFAVORABLE,LA-0148,148,7151e912cd4a11e3ecf51701a50a70afb496f08ac17c31ec24434fead2eac7fd,M2,A1_FINAL_NO_MEMORY_V1,A1_FINAL_NO_MEMORY_V1_R1_WITNESS_GATED_INFEASIBLE_RETRY,certified,PASS,,,944a05366cbfe76b9eca7c195466a2ca719cc9495b348cb5641eb2c9ec6f509b,9fc606a5ec7fbad1d2f035c2450ad7d38ac10c2d77c5cc765f2f8fb689b8c3e6,1.0,19137905.85543848,4.0,1.0,1.0,1.0,1.0,0.5,0.9,019788a9a5b36dd957c2e31324d93f2b765bfe3cf48edb75c0d099964b091370,3,2,2,3f46a8085f92334bad2b0b9eb478b4ba4576f3debd4343d84b9b62095ef2c72e,P1,False,False,False,Q[Water+Vaccine]|F[NONE],1237882994.6648107,1237882994.6648107,19137905.85543848,0.0,0.0,19137905.85543848,h09,5,Katrina,1218745088.8093722,0.0,1218745088.8093722,1871354673.196489,0.0,19137905.85543848,0.0,1.0,1.0,0.0,0.0,0.0,20608685.87785441,0.0,NONE,1,0,0,True,False,False,0.0,0.0,401613.4858734861,0.0,NONE,0,1,0,True,False,False,0.0,9354673.196489152,0.0,0.0,NONE,1,0,0,False,False,False,0.0,1862000000.0,63f4846e4f0c5e6afc41068a7ee974b2e474133703393b2a2565ee1cab41516b,E3B,LA-0148,148,0.4948772633961339,1.3230812760205821,0.23161783770325162,0.44442365034591785,0.10204689175903321,0.3349490361938774,Medium,Unfavorable,LA-0169,LA-0374,0.0,520718528.8093721,698026560.0,False,0,0.0,False,0,0
E3B_MEDIUM_UNFAVORABLE,LA-0248,248,5307af164a6996b7fe150e6061a6fb611ca85e3861ec87d3eff546c5283a391a,M2,A1_FINAL_NO_MEMORY_V1,A1_FINAL_NO_MEMORY_V1_R1_WITNESS_GATED_INFEASIBLE_RETRY,certified,PASS,,,dce429151cf7fc160a2df61f9428601482682387bcd249d2c0c3a6c49db518d2,ad429a964b23f919ac2c15392e91b17904bf4332bbf813ee0211726a111c788d,1.0,19137905.85543848,4.0,1.0,1.0,1.0,1.0,0.5,0.9,40bab76e377bec3d6f3799d0def621ea7c2b20c6bddb6aa4fe220bd5868b7182,3,2,2,105994192ed470b11b9b60fdbebc97a3438361b31ffefcd997cd58597323fe1b,P2,True,False,True,Q[Water]|F[Crackers],1220317742.3382924,1220317742.3382924,9236198.795256818,5387998.933606338,0.0,14624197.728863155,h09,5,Katrina,1205693544.6094291,4513708.126575323,1201179836.482854,1794608124.268333,76949219.79605353,19137905.85543848,0.0,1.0,0.48261282425695173,0.2815354498190936,0.0,0.23585172592395465,14259995.052117981,0.0,NONE,1,0,0,True,False,False,0.0,0.0,0.0,0.0,NONE,1,0,0,False,False,False,0.0,9557344.06438629,0.0,132555122.24489354,R0,1,0,0,False,True,False,76949219.79605353,1785050780.2039466,cbdea74ddc1956dc3058585de72b55eee19de3fc49ef16b449889184b466a751,E3B,LA-0248,248,0.4337092718476559,0.6258884998003575,0.23161783770325162,0.44442365034591785,0.10204689175903321,0.3349490361938774,Medium,Unfavorable,LA-0169,LA-0374,0.0,531999999.99999845,669179836.4828554,False,0,132555122.24489354,False,0,0
E3B_MEDIUM_UNFAVORABLE,LA-0349,349,a13fac328519453bbee1dec8c125b0a9799e9407a66ec9ae666070e54c274bb7,M2,A1_FINAL_NO_MEMORY_V1,A1_FINAL_NO_MEMORY_V1_R1_WITNESS_GATED_INFEASIBLE_RETRY,certified,PASS,,,f35ed2bf636f8401cfd7fe964e554e5f2c2c31adbb2a73dda4c49fef3a23f205,7df9488fcfdec681da728f65a7db96e93da41fa1f7f66e701097b033e7709e27,1.0,19137905.85543848,4.0,1.0,1.0,1.0,1.0,0.5,0.9,89c8370e5464bad647d9d7ffa80b94e2ef3ac9abeb97c5fcef3155003e59b386,3,2,2,211bd6c393b8150798365593c0428bf56a88004fae30efb7c9ca4321503a1bcd,P1,False,False,False,Q[Water+Vaccine]|F[NONE],1239632077.264095,1239632077.264095,19137905.85543848,0.0,0.0,19137905.85543848,h09,5,Katrina,1220494171.4086566,0.0,1220494171.4086566,1871386095.347238,0.0,19137905.85543848,0.0,1.0,1.0,0.0,0.0,0.0,21622869.407663703,0.0,NONE,1,0,0,True,False,False,0.0,0.0,356046.9853006866,0.0,NONE,1,0,0,True,False,False,0.0,9386095.347238012,0.0,0.0,NONE,1,0,0,False,False,False,0.0,1862000000.0,b786c65720feab6eaeed9e014f2ea0a11295c0fbf420c454b5bb9fed43c39fda,E3B,LA-0349,349,0.43812775759686656,1.4335547417557741,0.23161783770325162,0.44442365034591785,0.10204689175903321,0.3349490361938774,Medium,Unfavorable,LA-0169,LA-0374,0.0,522467611.4086567,698026560.0,False,0,0.0,False,0,0
E3B_MEDIUM_UNFAVORABLE,LA-0460,460,37dfad7be959263ecce1cd54aabb1f0f5b60556d7a5f449d2dde0296e586db54,M2,A1_FINAL_NO_MEMORY_V1,A1_FINAL_NO_MEMORY_V1_R1_WITNESS_GATED_INFEASIBLE_RETRY,certified,PASS,,,5b12c565ef4577fec5d2b6122957e0ac2fa7ca898f577a8ee8efee223fb5e673,ec7a8937182acddea5b727ebb0d7647a29731ff4d0709d183925b1bcd3e0d5f5,1.0,19137905.85543848,4.0,1.0,1.0,1.0,1.0,0.5,0.9,4d77332a4317de57aac765e2a798bb8d8ce48e5c626fd2139bb15ca6034da7f3,6,2,2,e87ad2841792b8bbaa5452eff5458bb3d3fbf698b60518480ead8655946bf6c8,P1,False,False,False,Q[Water+Vaccine]|F[NONE],1223726355.2354798,1223726355.2354798,19137905.85543848,0.0,0.0,19137905.85543848,h09,5,Katrina,1204588449.3800414,0.0,1204588449.3800414,1871100350.125396,0.0,19137905.85543848,0.0,1.0,1.0,0.0,0.0,0.0,14937905.886059597,0.0,NONE,1,0,0,True,False,False,0.0,0.0,656397.351070871,0.0,NONE,0,0,1,True,False,False,0.0,9100350.12539597,0.0,0.0,NONE,1,0,0,False,False,False,0.0,1862000000.0,8e8eab9b6819c7d709c580c437c45530d62cdeeb1658b7a2188882b08729c188,E3B,LA-0460,460,0.31485098276515827,1.2469181818670851,0.23161783770325162,0.44442365034591785,0.10204689175903321,0.3349490361938774,Medium,Unfavorable,LA-0169,LA-0374,0.0,506561889.3800413,698026560.0,False,0,0.0,False,0,0
E3B_MEDIUM_UNFAVORABLE,LA-0561,561,73dd93caf509846cc5710ab0f5b4d5b3114929efd58489783f34388ee3b681ab,M2,A1_FINAL_NO_MEMORY_V1,A1_FINAL_NO_MEMORY_V1_R1_WITNESS_GATED_INFEASIBLE_RETRY,certified,PASS,,,c426377e77998d4be546a3d9b243ffab9934b4d0138c65b53312ca6f743bf307,1ce8583395c610c1ee503e90859bab79eb51ed006e312692c96c61d1877bf6c1,1.0,19137905.85543848,4.0,1.0,1.0,1.0,1.0,0.5,0.9,2ec88b1c8ab2b9e1077b1722dc6aa8d2a6364547f432ea4eb42d3495670e1558,3,2,2,a938435862daefa8c166a52f79c2f199d45ceedf16b2bea04606291caf1dce8b,P4,False,False,False,Q[NONE]|F[Water+Crackers],1198832050.8049414,1198832050.8049414,0.0,4948606.439174576,0.0,4948606.439174576,h09,5,Katrina,1193883444.3657668,14189299.416263903,1179694144.949503,1737294606.5203843,144662737.54400206,19137905.85543848,0.0,1.0,0.0,0.25857617215565487,0.0,0.7414238278443451,0.0,17915363.859447412,R0,1,0,0,False,True,False,10400000.0,0.0,0.0,0.0,NONE,0,0,1,False,False,False,0.0,9557344.06438629,0.0,231285172.67945072,R0,1,0,0,False,True,False,134262737.54400206,1727737262.455998,0d663276f082389fa81639dbbe7da93c71e29558d7b3c3471185bc9aef5c6038,E3B,LA-0561,561,0.14869687743887144,0.7344668175741165,0.23161783770325162,0.44442365034591785,0.10204689175903321,0.3349490361938774,Medium,Unfavorable,LA-0169,LA-0374,0.0,531999999.99999845,647694144.9495045,False,0,249200536.53889814,False,0,0
E3B_MEDIUM_UNFAVORABLE,LA-0563,563,a93264f0e144faccdd338cf2e8d48a820c54bc1f6a529a554fd7b4af6e8e27f0,M2,A1_FINAL_NO_MEMORY_V1,A1_FINAL_NO_MEMORY_V1_R1_WITNESS_GATED_INFEASIBLE_RETRY,certified,PASS,,,8954d283ea0258f05a6428a4d5d13cbf910cda4a4e4c7e1837f1b86fda20313c,c65bc60f2e4999a92a9dc865514fc2d402a9884bce2aff7aaefaeb833f087ea7,1.0,19137905.85543848,4.0,1.0,1.0,1.0,1.0,0.5,0.9,88805aaa12bb4a7a1b6d8fce4426130ab0bcafe38720b9870b55b333c717aeea,3,2,2,b4fe7db56c61b53d58067ba5985210f10b8474b21a0453ed56cfd2fa21a40075,P4,False,False,False,Q[NONE]|F[Crackers],1142765827.3554294,1142765827.3554294,0.0,409028.6984068195,0.0,409028.6984068195,h09,5,Katrina,1142356798.6570225,18728877.15703166,1123627921.4999907,1526262298.9832728,355695045.0811135,19137905.85543848,0.0,1.0,0.0,0.021372698846806405,0.0,0.9786273011531936,0.0,0.0,NONE,0,0,1,False,False,False,0.0,10400000.0,0.0,0.0,NONE,0,1,0,False,False,False,0.0,9557344.06438629,0.0,612731361.1183364,R0,1,0,0,False,True,False,355695045.0811135,1506304954.9188864,d8555209eab2f6a4eaf08979eec4cb632ef7e02ede414ce254287d9b0f7e0061,E3B,LA-0563,563,0.007122810513962207,0.5618257572117858,0.23161783770325162,0.44442365034591785,0.10204689175903321,0.3349490361938774,Medium,Unfavorable,LA-0169,LA-0374,26944320.000000004,531999999.99999845,564683601.4999921,False,0,612731361.1183364,False,0,0
E3B_MEDIUM_UNFAVORABLE,LA-0925,925,4dfda4bc0ee7248e080300b564d60d5217502a1f39ef08a8cf411018fa42116e,M2,A1_FINAL_NO_MEMORY_V1,A1_FINAL_NO_MEMORY_V1_R1_WITNESS_GATED_INFEASIBLE_RETRY,certified,PASS,,,647030b1f406be8234767b647c8aecb78bca4f2cb3562efbdf9bcf2e86bd8b7f,47ba4f222fc88232cea2fa37b16b940c6a087a501ccb0ece55981a4f47d6eb2c,1.0,19137905.85543848,4.0,1.0,1.0,1.0,1.0,0.5,0.9,8649469efa508233fd44934af99e82fea46b68e69b235c077282ccf7e6eb2c44,3,2,2,66598b05fe1cdc73571d5d28b45bd8625ed784300b4c0805ce0fbac02417b781,P4,False,False,False,Q[NONE]|F[Water+Vaccine],1227434030.4281714,1227434030.4281714,0.0,8577724.711292572,0.0,8577724.711292572,h09,5,Katrina,1218856305.716879,10560181.144145906,1208296124.572733,1871166958.2597861,10790385.804600198,19137905.85543848,0.0,1.0,0.0,0.4482060250523708,0.0,0.5517939749476292,0.0,17915363.859447412,R0,1,0,0,False,True,False,10400000.0,0.0,0.0,672490.7437476622,R0,1,0,0,False,True,False,390385.804600198,9166958.259786092,0.0,0.0,NONE,1,0,0,False,False,False,0.0,1862000000.0,b885ea72b66e45c40ba37ee610bd107e430f413e6fa8683dedfc4262cd9457e2,E3B,LA-0925,925,0.40920037557488836,0.8678158566138836,0.23161783770325162,0.44442365034591785,0.10204689175903321,0.3349490361938774,Medium,Unfavorable,LA-0169,LA-0374,0.0,510269564.57273304,698026560.0,False,0,18587854.603195075,False,0,0
E3B_MEDIUM_UNFAVORABLE,LA-0803,803,6fab487f0e10f651a0bddc12ba6823cef3f62e8a9cc929292030385a0f8776dd,M2,A1_FINAL_NO_MEMORY_V1,A1_FINAL_NO_MEMORY_V1_R1_WITNESS_GATED_INFEASIBLE_RETRY,certified,PASS,,,4a2657ec3d3740278a50673b476e0f5ff305ca5cb73e51ca966206418b1345c0,f0099383b92b9bcd4c6472a76cccff65f4f0c933deea8b9ce7ae56cc20c04beb,1.0,19137905.85543848,4.0,1.0,1.0,1.0,1.0,0.5,0.9,b2513ef67c3be2d8d35e3e0698c483a8ce26bc0dca096e048e9f526f37bf852b,3,2,2,6a305b8188217a5984a33fb1e58db5f057dbc6a006d4dff4914bbd5584c87603,P4,False,False,False,Q[NONE]|F[Water+Crackers],1188096377.913716,1188096377.913716,0.0,4328661.277671609,0.0,4328661.277671609,h09,5,Katrina,1183767716.6360445,14809244.577766865,1168958472.0582776,1708656981.4370904,173300362.62729597,19137905.855438475,3.725290298461914e-09,0.9999999999999998,0.0,0.22618259857525216,0.0,0.7738174014247476,0.0,17915363.859447412,R0,1,0,0,False,True,False,10400000.0,0.0,0.0,0.0,NONE,0,0,1,False,False,False,0.0,9557344.06438629,0.0,280617237.4330708,R0,1,0,0,False,True,False,162900362.62729597,1699099637.372704,0ea54de8006f93e446cf034bc9dcf33311d7cae67e5dbd23ed1eddaee95df663,E3B,LA-0803,803,0.11420296977982482,0.6730525808394254,0.23161783770325162,0.44442365034591785,0.10204689175903321,0.3349490361938774,Medium,Unfavorable,LA-0169,LA-0374,0.0,531999999.99999845,636958472.0582793,False,0,298532601.2925182,False,0,0
E3B_MEDIUM_UNFAVORABLE,LA-0008,8,ac30e053d86741bf9a879366d9c9e2bce5e3aae131aedc9e7814d9d440230770,M2,A1_FINAL_NO_MEMORY_V1,A1_FINAL_NO_MEMORY_V1_R1_WITNESS_GATED_INFEASIBLE_RETRY,certified,PASS,,,9caf2c876a1d06b9179f9560c9422b6f7af16ece576ac5c4bac62c9de948d323,aed938ab6a79f4734b7b9aee5c68abd1599283db3ca4cb94c109418b2788649c,1.0,19137905.85543848,4.0,1.0,1.0,1.0,1.0,0.5,0.9,632da19a33a9e9ec4d320a572464c1ac694b6f327a0cb7df56ca412037965e98,3,2,2,16ad3b3c32c3ac062295ae790bf5878c9bb352fde709163b7fb830d829329e14,P1,False,False,False,Q[Water+Vaccine]|F[NONE],1234247683.2378776,1234247683.2378776,19137905.85543843,0.0,0.0,19137905.85543843,h09,5,Katrina,1215109777.3824391,0.0,1215109777.3824391,1871289365.0722628,0.0,19137905.85543843,4.842877388000488e-08,0.9999999999999974,0.9999999999999974,0.0,0.0,0.0,18778115.09301475,0.0,NONE,0,1,0,True,False,False,0.0,0.0,483859.6496734721,0.0,NONE,0,1,0,True,False,False,0.0,9289365.072262846,0.0,0.0,NONE,1,0,0,False,False,False,0.0,1862000000.0,1b0021af7afd1ab0ee881c3451d2e9aa50c77ae1d29786a3d2342661a6fb30ac,E3B,LA-0008,8,0.25037527191324255,1.4839278185106197,0.23161783770325162,0.44442365034591785,0.10204689175903321,0.3349490361938774,Medium,Unfavorable,LA-0169,LA-0374,0.0,517083217.3824391,698026560.0,False,0,0.0,False,0,0
E3B_MEDIUM_UNFAVORABLE,LA-0461,461,184b287513636ebe7bd9ca5488dcb7410b9ca7e7664c6aee5bf73b97632c0a92,M2,A1_FINAL_NO_MEMORY_V1,A1_FINAL_NO_MEMORY_V1_R1_WITNESS_GATED_INFEASIBLE_RETRY,certified,PASS,,,4db105f1ba90e19d8de086930c64450b64f32e73940caa0a156f92a07f3f707b,ddd45858c993b570ac54d4b457e6a654a775dbbfc25756b056a4292500f239d6,1.0,19137905.85543848,4.0,1.0,1.0,1.0,1.0,0.5,0.9,99aa870ba65f590fc18733f8a59b73db66b3e7ea26c507dccf82426763dfd3f1,3,2,2,44bff76d666726e7464b5d7cf46142ce7bf143bf9b69f2a1f11a9c2e7ff99e1c,P4,False,False,False,Q[NONE]|F[Crackers],1219743486.6264126,1219743486.6264126,0.0,11151578.39373027,0.0,11151578.39373027,h09,5,Katrina,1208591908.2326825,7986327.461708209,1200605580.7709742,1731601765.668568,150355578.39581856,19137905.85543848,0.0,1.0,0.0,0.5826958538706204,0.0,0.4173041461293796,0.0,0.0,NONE,0,0,1,False,False,False,0.0,10400000.0,0.0,0.0,NONE,0,0,1,False,False,False,0.0,9557344.06438629,0.0,259007201.46718854,R0,1,0,0,False,True,False,150355578.39581856,1711644421.6041815,99f9e6ec81cb321076fd8234d07395f0df9f891d74520fcf87408ef8d6417fe3,E3B,LA-0461,461,0.45940130273498775,0.5667549056562637,0.23161783770325162,0.44442365034591785,0.10204689175903321,0.3349490361938774,Medium,Unfavorable,LA-0169,LA-0374,26944320.000000004,531999999.99999845,641661260.7709756,False,0,259007201.46718854,False,0,0
E3B_MEDIUM_UNFAVORABLE,LA-0873,873,62d8f2da72996ab47088a679ce3531db4fe4083b6480d3cf8e951b952bac03ae,M2,A1_FINAL_NO_MEMORY_V1,A1_FINAL_NO_MEMORY_V1_R1_WITNESS_GATED_INFEASIBLE_RETRY,certified,PASS,,,f07466f1adf82bc580d87254b6db4981d488a29b539e6258cc4e68f1fe06c9a5,1835858b2bcff7489415aa309908a3dc05b83b2792dc95980b0dbbcc94aac597,1.0,19137905.85543848,4.0,1.0,1.0,1.0,1.0,0.5,0.9,69d785b6aa54429455b01d1d53e2722cbd00eb60bcff5b76ee1ccd3b4dd80dca,3,2,2,b11b82b50c7272a6fa98a004c8576beeecb2ace6b1fc6d0685239f9e0a825c87,P4,False,False,False,Q[NONE]|F[Water+Crackers],1238257536.7497814,1238257536.7497814,0.0,7212938.064373227,0.0,7212938.064373227,h09,5,Katrina,1231044598.685408,11924967.791065251,1219119630.894343,1842462889.5571961,39494454.50719035,19137905.85543848,0.0,1.0,0.0,0.3768927550828924,0.0,0.6231072449171076,0.0,17915363.859447412,R0,1,0,0,False,True,False,10400000.0,0.0,0.0,0.0,NONE,0,1,0,False,False,False,0.0,9557344.06438629,0.0,50119013.345043726,R0,1,0,0,False,True,False,29094454.507190347,1832905545.4928098,c963c8653f5576a4c5a2076dd0926859a4d42b9708ddda0845ea92a89d1081fa,E3B,LA-0873,873,0.4424861530357242,1.2601927886478643,0.23161783770325162,0.44442365034591785,0.10204689175903321,0.3349490361938774,Medium,Unfavorable,LA-0169,LA-0374,0.0,531999999.99999845,687119630.8943446,False,0,68034377.20449114,False,0,0
E3B_MEDIUM_UNFAVORABLE,LA-0954,954,438bf8be3d7ba9f599cb016202b889d00632d54bb6ceb410e293bdec8e8727ce,M2,A1_FINAL_NO_MEMORY_V1,A1_FINAL_NO_MEMORY_V1_R1_WITNESS_GATED_INFEASIBLE_RETRY,certified,PASS,,,c7df73d1551fa9b3b06c277b7c1154a7bc7cd9cddd445e43e3afa84925de1f4b,2568bf0657cb80d064916c8e177396cc038dd9bc8077c772da7f735bf2985dae,1.0,19137905.85543848,4.0,1.0,1.0,1.0,1.0,0.5,0.9,6047db34c2bc648240de07bbec5d611aaf0aa0e6134afafa82ffe13c595c96b9,3,2,2,37ad3eebbfe1a59a53bc45641e1122dc2350c38f320bd11f8e9f41ef50b3256a,P4,False,False,False,Q[NONE]|F[Crackers],1221297344.1367042,1221297344.1367042,0.0,11475176.547055779,0.0,11475176.547055779,h09,5,Katrina,1209822167.5896485,7662729.308382699,1202159438.2812657,1735746712.0788636,146210631.9855227,19137905.85543848,0.0,1.0,0.0,0.59960460845275,0.0,0.40039539154725007,0.0,0.0,NONE,1,0,0,False,False,False,0.0,10400000.0,0.0,0.0,NONE,1,0,0,False,False,False,0.0,9557344.06438629,0.0,251866987.70580763,R0,1,0,0,False,True,False,146210631.9855227,1715789368.0144773,20933dd3bc2bea7954c72cd0f2008dd5f675d4ae1610b559e012ebab42127f6a,E3B,LA-0954,954,0.48613383367331486,0.5592065501728141,0.23161783770325162,0.44442365034591785,0.10204689175903321,0.3349490361938774,Medium,Unfavorable,LA-0169,LA-0374,26944320.000000004,531999999.99999845,643215118.2812672,False,0,251866987.70580763,False,0,0
E3B_MEDIUM_UNFAVORABLE,LA-0631,631,07d3cad6cf5a0d9c3c1ef47e5f6e9390bfdc4304c3135b83808496244f25881a,M2,A1_FINAL_NO_MEMORY_V1,A1_FINAL_NO_MEMORY_V1_R1_WITNESS_GATED_INFEASIBLE_RETRY,certified,PASS,,,6ff6f7a8a7519d4ce0861e11da58fc1d55c628612a0830c3043f810dae0d7837,1d0ddd81e9b783039429ae34659b4b1a5bc89b4dcb7ec275f6987deaf232f945,1.0,19137905.85543848,4.0,1.0,1.0,1.0,1.0,0.5,0.9,94c18c37aca93b1e4e4002316b5db7b783a7e93ca68adbf9662ce60d0dd6ba78,3,2,2,bbcfcab543d8282aa9a09af289e26d7fa2ac31f2cf599d22a201cdf7a696f70b,P4,False,False,False,Q[NONE]|F[Vaccine],1226647635.0312943,1226647635.0312943,0.0,2261330.350261717,0.0,2261330.350261717,h09,5,Katrina,1224386304.6810327,16876575.50517676,1207509729.1758559,1881068777.8308396,888566.2335466823,19137905.85543848,0.0,1.0,0.0,0.11815975934582769,0.0,0.8818402406541722,0.0,0.0,NONE,0,0,1,False,False,False,0.0,10400000.0,0.0,1530671.8641545712,R0,1,0,0,False,True,False,888566.2335466823,8668777.830839608,0.0,0.0,NONE,1,0,0,False,False,False,0.0,1862000000.0,71d82db3108ed2ad7dcabf9c106495d7ae411104da790b64a0347b24465268d5,E3B,LA-0631,631,0.10616160901661853,1.3648348430210095,0.23161783770325162,0.44442365034591785,0.10204689175903321,0.3349490361938774,Medium,Unfavorable,LA-0169,LA-0374,26944320.000000004,482538849.17585593,698026560.0,False,0,1530671.8641545712,False,0,0
E3B_MEDIUM_UNFAVORABLE,LA-0266,266,eab26d7ebf4c5345cb3622197d28a1aedea07a1f2294362c05938c5a511198f7,M2,A1_FINAL_NO_MEMORY_V1,A1_FINAL_NO_MEMORY_V1_R1_WITNESS_GATED_INFEASIBLE_RETRY,certified,PASS,,,a9b77f3b8daca2a85c7556b755ccd903df3915e32732aef846d3df59a1f04be9,511046bf70db0320aed81b591c4b24b34adb19370b18f44e6f4a83236445fc4e,1.0,19137905.85543848,4.0,1.0,1.0,1.0,1.0,0.5,0.9,d494ae9316f3c8885be563622beb4fed399b91780931902fea225cb7ad6b80cf,3,2,2,c830ebbdafa916505d01d2c44eedc5d2309702f995c969b7e5b155494cb9710c,P4,False,False,False,Q[NONE]|F[Water+Crackers],1182296743.4257042,1182296743.4257042,0.0,2391329.3569831424,0.0,2391329.3569831424,h09,5,Katrina,1179905414.068721,16746576.498455336,1163158837.5702658,1693186338.8634353,188771005.20095104,19137905.85543848,0.0,1.0,0.0,0.12495250917453912,0.0,0.8750474908254608,0.0,17915363.859447412,R0,1,0,0,False,True,False,10400000.0,0.0,0.0,0.0,NONE,0,0,1,False,False,False,0.0,9557344.06438629,0.0,307267448.091387,R0,1,0,0,False,True,False,178371005.20095104,1683628994.799049,bb27c4a87b90b7b5b99c58d20545e9bddbd66bfad34a50c18535d7b24d488735,E3B,LA-0266,266,0.05919002204306561,0.7140480503235573,0.23161783770325162,0.44442365034591785,0.10204689175903321,0.3349490361938774,Medium,Unfavorable,LA-0169,LA-0374,0.0,531999999.99999845,631158837.5702674,False,0,325182811.9508344,False,0,0
E3B_MEDIUM_UNFAVORABLE,LA-0537,537,8cc3f0d9b6151900abab4598bd88273e02d9ec429f1852718dda2b1fe78019b9,M2,A1_FINAL_NO_MEMORY_V1,A1_FINAL_NO_MEMORY_V1_R1_WITNESS_GATED_INFEASIBLE_RETRY,certified,PASS,,,0953a4f1166b564253bc1a327078b8f8eb13a6b63e7e8c07635494a87b4c8f95,c105603d3c62c9244e83f5818d764cd62f71b38bc32ab6ff25c2a30244e6f237,1.0,19137905.85543848,4.0,1.0,1.0,1.0,1.0,0.5,0.9,69ebc781a82992f13d17ed787c6af41a321d71e253596feb3fcccb2bfbab2c3a,6,2,2,ba37bfe18fc2bb38e5f95c155d358b6c1b7011c85904e9be068980bc3c40a756,P1,False,False,False,Q[Water+Vaccine]|F[NONE],1226390248.0939023,1226390248.0939023,19137905.85543848,0.0,0.0,19137905.85543848,h09,5,Katrina,1207252342.2384639,0.0,1207252342.2384639,1871148206.7806566,0.0,19137905.85543848,0.0,1.0,1.0,0.0,0.0,0.0,15753603.104275709,0.0,NONE,1,0,0,True,False,False,0.0,0.0,619748.6906769631,0.0,NONE,0,1,0,True,False,False,0.0,9148206.78065651,0.0,0.0,NONE,1,0,0,False,False,False,0.0,1862000000.0,de7550a245ba71bdf89ce7bebdc758b2fe3216a841f9f4def72e851c7b752c19,E3B,LA-0537,537,0.46802035407138115,1.3494955118159697,0.23161783770325162,0.44442365034591785,0.10204689175903321,0.3349490361938774,Medium,Unfavorable,LA-0169,LA-0374,0.0,509225782.23846394,698026560.0,False,0,0.0,False,0,0
E3B_MEDIUM_UNFAVORABLE,LA-0751,751,79eef204de41371d5e89de96ebce35f83affc3181b8f7c142fb847c7e50dc8c9,M2,A1_FINAL_NO_MEMORY_V1,A1_FINAL_NO_MEMORY_V1_R1_WITNESS_GATED_INFEASIBLE_RETRY,certified,PASS,,,cf068d9b849cd03f0ecd8ea260f4cbc5b1e374fc524dc870501af4cd996a4804,a89ee257a21ed108ba46532a52f1ea86420f369280f43570ce851a248f06e1ad,1.0,19137905.85543848,4.0,1.0,1.0,1.0,1.0,0.5,0.9,0d7a0543f4f78ee5835e69eaa349910878596d4a9e27303c1d21cefdb8b31634,3,2,2,cd4fafdf36f46278e8cfb618436db2c8f476b727bc969a20cdd5bc1610cd7773,P4,False,False,False,Q[NONE]|F[Water+Crackers],1190476442.2860458,1190476442.2860458,0.0,752155.1156293771,0.0,752155.1156293771,h09,5,Katrina,1189724287.1704164,18385750.739809096,1171338536.4306073,1715005851.4016917,166951492.66269478,19137905.855438475,3.725290298461914e-09,0.9999999999999998,0.0,0.039301850542630544,0.0,0.9606981494573692,0.0,17915363.859447412,R0,1,0,0,False,True,False,10400000.0,0.0,0.0,0.0,NONE,0,0,1,False,False,False,0.0,9557344.06438629,0.0,269680476.32613355,R0,1,0,0,False,True,False,156551492.66269478,1705448507.3373053,d4e3cb4741a3117f2e36a3c6dbd66e1e1c4fc3c52722f440aad5d3452f722f46,E3B,LA-0751,751,0.02039563735100047,0.8588227285831761,0.23161783770325162,0.44442365034591785,0.10204689175903321,0.3349490361938774,Medium,Unfavorable,LA-0169,LA-0374,0.0,531999999.99999845,639338536.430609,False,0,287595840.18558097,False,0,0
E3B_MEDIUM_UNFAVORABLE,LA-0580,580,a98d8839ce3abc6204fb767fc7db0c8ec24dcf5c8ad37f4de32f87180ccd655c,M2,A1_FINAL_NO_MEMORY_V1,A1_FINAL_NO_MEMORY_V1_R1_WITNESS_GATED_INFEASIBLE_RETRY,certified,PASS,,,47d9b29640bd9f2afe10ced8b58c01124f110bcfd482c168ce1054a42c5c447d,70962d4d3e13d35f1e329f62c5b15f9a9b40fb1b98ba2826eeecf18c08887aed,1.0,19137905.85543848,4.0,1.0,1.0,1.0,1.0,0.5,0.9,ec6f5ce1a153ead65fdb7cdb5f7d11c686b2269c93efc43c0d7e74388c376aa3,3,2,2,abf1dfa80c301e6c35581dbde444c9484bd746fc89cf82831ce832ef05663c62,P4,False,False,False,Q[NONE]|F[Crackers],1237242409.3884933,1237242409.3884933,0.0,5222115.411535863,0.0,5222115.411535863,h09,5,Katrina,1232020293.9769573,13915790.443902615,1218104503.5330546,1778280496.8947752,103676847.1696112,19137905.85543848,0.0,1.0,0.0,0.27286765077548325,0.0,0.7271323492245167,0.0,0.0,NONE,0,1,0,False,False,False,0.0,10400000.0,0.0,0.0,NONE,0,0,1,False,False,False,0.0,9557344.06438629,0.0,178596965.4657601,R0,1,0,0,False,True,False,103676847.1696112,1758323152.8303888,7b2f9e1a61d447b777d25db0fc34f416b5c0742645eab94eee59c3208ceac69f,E3B,LA-0580,580,0.31198959495631245,1.4321675143282886,0.23161783770325162,0.44442365034591785,0.10204689175903321,0.3349490361938774,Medium,Unfavorable,LA-0169,LA-0374,26944320.000000004,531999999.99999845,659160183.5330561,False,0,178596965.4657601,False,0,0
E3B_MEDIUM_UNFAVORABLE,LA-0675,675,491bf922be7d5f940c1e726f7e4f8777f0e67c2e6ae75e5a5691e8204bcba683,M2,A1_FINAL_NO_MEMORY_V1,A1_FINAL_NO_MEMORY_V1_R1_WITNESS_GATED_INFEASIBLE_RETRY,certified,PASS,,,292a87c40a44fde92a8331b05a4515e854503da62c85f579cf0bc676fcad57da,c34667a0de9208acd6dac92debef17eb751249b8329b4f0a6334986f81cb2fe8,1.0,19137905.85543848,4.0,1.0,1.0,1.0,1.0,0.5,0.9,8f5e2062bf9c03d0688d43e391cca42885ca49412d50df5aed02b6fdd4c0d7a1,3,2,2,9685d3934e919e068524e283a42a2df8983382daf74ad1928aa2525807ef26da,P4,False,False,False,Q[NONE]|F[Water+Vaccine],1186649089.0338075,1186649089.0338075,0.0,188573.7823524475,0.0,188573.7823524475,h09,5,Katrina,1186460515.251455,18949332.07308603,1167511183.178369,1880053895.0858645,1903448.9785216488,19137905.85543848,0.0,1.0,0.0,0.009853417807406546,0.0,0.9901465821925934,0.0,535352.7500877406,R0,1,0,0,False,True,False,310776.19436551223,10089223.805634487,0.0,2743587.7343458016,R0,1,0,0,False,True,False,1592672.7841561367,7964671.280230153,0.0,0.0,NONE,1,0,0,False,False,False,0.0,1862000000.0,87578c8a795f99f8b329dda196371b6805f2791edb9f5d09087fa61728b272c9,E3B,LA-0675,675,0.004894649383772287,0.847279065157954,0.23161783770325162,0.44442365034591785,0.10204689175903321,0.3349490361938774,Medium,Unfavorable,LA-0169,LA-0374,26139161.035637833,443345462.14273125,698026560.0,False,0,3278940.484433542,False,0,0
E3B_MEDIUM_UNFAVORABLE,LA-0291,291,9c295c9cdc825318f593bdb2682c866fda5557c46098cfc294a300c2218d33e5,M2,A1_FINAL_NO_MEMORY_V1,A1_FINAL_NO_MEMORY_V1_R1_WITNESS_GATED_INFEASIBLE_RETRY,certified,PASS,,,593e08a4ace3573312435e21e0425a3e3cb50b1c16c242f1064dfccfddb98492,178c8ff44d555ad6b3267ebde2232ef27e9f408e4e9d5581002d6507632bcf73,1.0,19137905.85543848,4.0,1.0,1.0,1.0,1.0,0.5,0.9,5f9b30ccef56338eafc366e96a890dad2f6b94dc279fd8deacea556b5d820fc2,3,2,2,73567dc23f9d003da9a1dde58713cc2c7a9237210131ce7a204a1a4b1d8b9af9,P4,False,False,False,Q[NONE]|F[Vaccine],1155327630.7058673,1155327630.7058673,0.0,3426708.2804432013,0.0,3426708.2804432013,h09,5,Katrina,1151900922.425424,15711197.57499528,1136189724.8504288,1879787518.7706673,2169825.293718916,19137905.855438482,-3.725290298461914e-09,1.0000000000000002,0.0,0.17905346103839376,0.0,0.8209465389616064,0.0,0.0,NONE,1,0,0,False,False,False,0.0,10400000.0,0.0,3737808.6200391087,R0,1,0,0,False,True,False,2169825.293718916,7387518.770667374,0.0,0.0,NONE,1,0,0,False,False,False,0.0,1862000000.0,eb7a6c8fec479065f4aeda5ad6868c0cf6f7f9c120dcf57c7b13775798d0c388,E3B,LA-0291,291,0.06587879589161706,0.5203195003571299,0.23161783770325162,0.44442365034591785,0.10204689175903321,0.3349490361938774,Medium,Unfavorable,LA-0169,LA-0374,26944320.000000004,411218844.8504287,698026560.0,False,0,3737808.6200391087,False,0,0
E3B_MEDIUM_UNFAVORABLE,LA-0482,482,0bd992751094c8330bc67c579f397c5ba346cdd3b763d1659766bf862c8572cc,M2,A1_FINAL_NO_MEMORY_V1,A1_FINAL_NO_MEMORY_V1_R1_WITNESS_GATED_INFEASIBLE_RETRY,certified,PASS,,,0ce194ac86815c92ae20deb3c0c64f8e9f99aadb70b607ebd09de3bbda41cbce,fc820536305929ae8eb11795e5339b65b13302d1310706470b64d52d0c30a6a4,1.0,19137905.85543848,4.0,1.0,1.0,1.0,1.0,0.5,0.9,73b852ee37466f6a55d0a6bb0da1e8ae0287a9cb618e252dc3005c1e3c22fab9,3,2,2,aeb8e33c382f81623fe2a6ac86a39cf118003bc7b3d6b45d85d0313bd9433fd9,P4,False,False,False,Q[NONE]|F[Crackers],1225653551.005797,1225653551.005797,0.0,518922.19347410544,0.0,518922.19347410544,h09,5,Katrina,1225134628.8123229,18618983.66196437,1206515645.1503584,1747366982.2162216,134590361.84816477,19137905.85543848,0.0,1.0,0.0,0.027114889026723984,0.0,0.972885110973276,0.0,0.0,NONE,0,1,0,False,False,False,0.0,10400000.0,0.0,0.0,NONE,0,1,0,False,False,False,0.0,9557344.06438629,0.0,231849548.5081309,R0,1,0,0,False,True,False,134590361.84816477,1727409638.1518352,50b22866f01bdcec2f33033547a16546469c8080805cad0ef49b712619c3e9d5,E3B,LA-0482,482,0.023881615990866824,1.4760794369464492,0.23161783770325162,0.44442365034591785,0.10204689175903321,0.3349490361938774,Medium,Unfavorable,LA-0169,LA-0374,26944320.000000004,531999999.99999845,647571325.15036,False,0,231849548.5081309,False,0,0
E3B_MEDIUM_UNFAVORABLE,LA-0568,568,892be4e601bc7b28e19d70e67c8042fbb6425f462aefb05dc2f00fdb6d1c8992,M2,A1_FINAL_NO_MEMORY_V1,A1_FINAL_NO_MEMORY_V1_R1_WITNESS_GATED_INFEASIBLE_RETRY,certified,PASS,,,3d6e8261c41a1c3255506647eddcfc80e1fc21c8515bffcb891d85d27a61c45c,9024a0cd118bb8614cff072f4bc1555c9d941acd7aae0801094a7a290f6662d7,1.0,19137905.85543848,4.0,1.0,1.0,1.0,1.0,0.5,0.9,323394e49994e0a21c37746dc13e35ebe717004e24521273cacf68911a505553,3,2,2,2d39df7e63f5ce834da374603b4a8e32fd98fadbca5f067c133d3d983793dc66,P4,False,False,False,Q[NONE]|F[Crackers],1234056630.879423,1234056630.879423,0.0,3521007.8475546553,0.0,3521007.8475546553,h09,5,Katrina,1230535623.0318682,15616898.007883823,1214918725.0239844,1769782368.1360517,112174975.92833468,19137905.85543848,0.0,1.0,0.0,0.18398083228913364,0.0,0.8160191677108664,0.0,0.0,NONE,1,0,0,False,False,False,0.0,10400000.0,0.0,0.0,NONE,0,0,1,False,False,False,0.0,9557344.06438629,0.0,193236106.70008373,R0,1,0,0,False,True,False,112174975.92833468,1749825024.0716653,031ade8b194aab75cc3b986d765034de9dfe18d12fecfc7c8f8b4dea2c7d2cca,E3B,LA-0568,568,0.19442246018471598,1.4854789740779237,0.23161783770325162,0.44442365034591785,0.10204689175903321,0.3349490361938774,Medium,Unfavorable,LA-0169,LA-0374,26944320.000000004,531999999.99999845,655974405.0239859,False,0,193236106.70008373,False,0,0
E3B_MEDIUM_UNFAVORABLE,LA-0800,800,ff13f8d0dba72ef747962df03f8dcb74640d3949112a9474ed7f575d1b65b818,M2,A1_FINAL_NO_MEMORY_V1,A1_FINAL_NO_MEMORY_V1_R1_WITNESS_GATED_INFEASIBLE_RETRY,certified,PASS,,,9159a7083493f3cb4c625e9874348bed4fa61a6dff5a7a2f28138ff1284f8b3a,c932e23d9d5e6591586674cec16dc9bb4564ea2a3f54029ea10649a8fa95e59b,1.0,19137905.85543848,4.0,1.0,1.0,1.0,1.0,0.5,0.9,28e46c90cfb38c4bc11c8f0567b113a0562a1b82e3b33984a75912f06a6b43dd,3,2,2,513a75598d1702cc88832be455c82e58a15fe9304989b8a5dec2d31eb84f9712,P4,False,False,False,Q[NONE]|F[Crackers],1217928418.3552198,1217928418.3552198,0.0,10206482.066290895,0.0,10206482.066290895,h09,5,Katrina,1207721936.288929,8931423.789147584,1198790512.4997814,1726760034.2580025,155197309.8063838,19137905.85543848,0.0,1.0,0.0,0.5333123771946284,0.0,0.4666876228053715,0.0,0.0,NONE,1,0,0,False,False,False,0.0,10400000.0,0.0,0.0,NONE,0,1,0,False,False,False,0.0,9557344.06438629,0.0,267347718.76814923,R0,1,0,0,False,True,False,155197309.8063838,1706802690.1936162,2a5f941b8f0f3ec0c86e60e8e42ab2836e5120791b38054a00f38e99634fd1ed,E3B,LA-0800,800,0.40734961876410164,0.6140506959922003,0.23161783770325162,0.44442365034591785,0.10204689175903321,0.3349490361938774,Medium,Unfavorable,LA-0169,LA-0374,26944320.000000004,531999999.99999845,639846192.4997828,False,0,267347718.76814923,False,0,0
E3B_MEDIUM_UNFAVORABLE,LA-0187,187,ebee8966197c6778cdfd3c9b74795a537c827852e85459ac6b6a5f4b809fd5f9,M2,A1_FINAL_NO_MEMORY_V1,A1_FINAL_NO_MEMORY_V1_R1_WITNESS_GATED_INFEASIBLE_RETRY,certified,PASS,,,65df5708c7b9f3c7d1ef6ca89e881e77300214c5d0ff38c2409a4409f31836af,b4d0a3ad92977aaffd43e3b7f4bb4d8e353dfd9d3fef4891c13aa44bf5f3c2e1,1.0,19137905.85543848,4.0,1.0,1.0,1.0,1.0,0.5,0.9,2ff9be3e06bf20325699e9a08969b39d50cb3f02c6f6f9ba6dbc45370d05f139,3,2,2,3ed77555b2ec92e3787f8f199444f9f0b6b7817ee4ced4640abb930ab49d91fe,P2,True,False,True,Q[Water]|F[Vaccine],1224566248.053192,1224566248.053192,9857220.992325677,386669.4435710081,0.0,10243890.435896685,h09,5,Katrina,1214322357.6172953,8894015.419541791,1205428342.1977534,1871115438.743133,441905.3212533235,19137905.85543848,0.0,1.0,0.5150626754454704,0.02020437588583534,0.0,0.46473294866869413,15218806.534391966,0.0,NONE,1,0,0,True,False,False,0.0,0.0,0.0,761239.8674691626,R0,1,0,0,False,True,False,441905.3212533235,9115438.743132966,0.0,0.0,NONE,1,0,0,False,False,False,0.0,1862000000.0,98674a5e1897bfb79096f4ce5afb51310bf62a831bde403d87cd5dddbfafc150,E3B,LA-0187,187,0.036500928192547785,1.446286148215187,0.23161783770325162,0.44442365034591785,0.10204689175903321,0.3349490361938774,Medium,Unfavorable,LA-0169,LA-0374,0.0,507401782.1977534,698026560.0,False,0,761239.8674691626,False,0,0
E3B_MEDIUM_UNFAVORABLE,LA-0814,814,40c804a4dfd5fd80fb434378b2ece88893d2f079a5368913575cd0db54d7c969,M2,A1_FINAL_NO_MEMORY_V1,A1_FINAL_NO_MEMORY_V1_R1_WITNESS_GATED_INFEASIBLE_RETRY,certified,PASS,,,f0fabfcb0b0f33cfa779ff0dd6ac2544eab0f87f79eb3d49fdf97485221936c0,2a9f8fa84cabf00137ec531b4ec7483d911ba98aefb503275d0274048228b6ac,1.0,19137905.85543848,4.0,1.0,1.0,1.0,1.0,0.5,0.9,581f50bb8874017caa8bb47053d6e278cbb49e2c74ee32c976c5465cc4ddae8c,3,2,2,e592fc2312211e2c3c19d229f607f29f9844df7a22cd6e6fb5bebd239465d9bb,P4,False,False,False,Q[NONE]|F[Vaccine],1227351889.4340355,1227351889.4340355,0.0,9250903.955062028,0.0,9250903.955062028,h09,5,Katrina,1218100985.4789736,9887001.90037645,1208213983.578597,1881081429.7136137,875914.3507725174,19137905.85543848,0.0,1.0,0.0,0.48338120298742976,0.0,0.5166187970125702,0.0,0.0,NONE,1,0,0,False,False,False,0.0,10400000.0,0.0,1508877.3369039712,R0,1,0,0,False,True,False,875914.3507725174,8681429.713613773,0.0,0.0,NONE,1,0,0,False,False,False,0.0,1862000000.0,d95b1e3e7a598e1410f8496a267e7b019e6b2ad2bd6f9f3821b2c721b7277551,E3B,LA-0814,814,0.44057090820194367,0.8111264355240329,0.23161783770325162,0.44442365034591785,0.10204689175903321,0.3349490361938774,Medium,Unfavorable,LA-0169,LA-0374,26944320.000000004,483243103.57859707,698026560.0,False,0,1508877.3369039712,False,0,0
E3B_MEDIUM_UNFAVORABLE,LA-0420,420,44dd35ee7eec6c0c01e88ef4a6c5181d8ca1090dd72c4a0bc9649023e3942e24,M2,A1_FINAL_NO_MEMORY_V1,A1_FINAL_NO_MEMORY_V1_R1_WITNESS_GATED_INFEASIBLE_RETRY,certified,PASS,,,204979a56c82fccb43fd70e335b6b2ad5122ce024435a83f03bf9e68b2ff508a,1624075a9b3902a42e087899953ab805d1d16393db75fc255d8a8f8f1fbc4242,1.0,19137905.85543848,4.0,1.0,1.0,1.0,1.0,0.5,0.9,53b724c07ac09a6291308f3babd8187c2443962de93950fdab02805a767c30f6,3,2,2,5480ebb3fdd719a03392374ab35498704e3b188895dc78d9074d375fee75db67,P2,True,False,True,Q[Water]|F[Crackers],1240456893.1480699,1240456893.1480699,14423297.070162445,1734419.6834124061,0.0,16157716.753574852,h09,5,Katrina,1224299176.394495,2980189.101863627,1221318987.2926314,1848329717.3375216,23227626.726864852,19137905.85543848,0.0,1.0,0.7536507483687789,0.09062745404401343,0.0,0.15572179758720767,22268483.974312868,0.0,NONE,1,0,0,True,False,False,0.0,0.0,0.0,0.0,NONE,0,1,0,False,False,False,0.0,9557344.06438629,0.0,40012633.115693204,R0,1,0,0,False,True,False,23227626.726864852,1838772373.2731352,339b79f9f94da21a7bb3a5afcad616db469656bee76c91e9d0501414d070fb9a,E3B,LA-0420,420,0.46251389197832987,1.369010263602953,0.23161783770325162,0.44442365034591785,0.10204689175903321,0.3349490361938774,Medium,Unfavorable,LA-0169,LA-0374,0.0,531999999.99999845,689318987.2926329,False,0,40012633.115693204,False,0,0
E3B_MEDIUM_UNFAVORABLE,LA-0222,222,b4857d22595373a3c8a611d1ebdf1d18a9f544bc795d256727fccea25734b07a,M2,A1_FINAL_NO_MEMORY_V1,A1_FINAL_NO_MEMORY_V1_R1_WITNESS_GATED_INFEASIBLE_RETRY,certified,PASS,,,aacf753010faf9dc9bf7cd6740952e2b4a643a51f88e3ccb11d22a8b24f395fa,19b41a8f3512030bef02d138a4ed3818b8f845548f2ecbce2dc31ab8e932cbc9,1.0,19137905.85543848,4.0,1.0,1.0,1.0,1.0,0.5,0.9,0ead52513822f9bacf8928213dfaafaf192e3270f7308163ad52abee853c3567,3,2,2,64644a965b0119cb5130bf85b1b9b16d7d0f2f240261239ded9d7f2260587062,P4,False,False,False,Q[NONE]|F[Crackers],1196785286.824916,1196785286.824916,0.0,8225389.554210224,0.0,8225389.554210224,h09,5,Katrina,1188559897.2707057,10912516.301228255,1177647380.9694774,1670360302.262954,211597041.80143237,19137905.85543848,0.0,1.0,0.0,0.42979569532539996,0.0,0.5702043046746,0.0,0.0,NONE,1,0,0,False,False,False,0.0,10400000.0,0.0,0.0,NONE,1,0,0,False,False,False,0.0,9557344.06438629,0.0,364503653.40916973,R0,1,0,0,False,True,False,211597041.80143237,1650402958.1985676,35a5dfcdac1a45e8d6a04a349008c1a9aa03441e1eaca8b8c08364ad43a205e0,E3B,LA-0222,222,0.24078105319636356,0.5502791195345275,0.23161783770325162,0.44442365034591785,0.10204689175903321,0.3349490361938774,Medium,Unfavorable,LA-0169,LA-0374,26944320.000000004,531999999.99999845,618703060.969479,False,0,364503653.40916973,False,0,0
E3B_MEDIUM_UNFAVORABLE,LA-0513,513,71004c4d3556ea462a974d757473e7bb255c893ad63b556eea83e286aadfae44,M2,A1_FINAL_NO_MEMORY_V1,A1_FINAL_NO_MEMORY_V1_R1_WITNESS_GATED_INFEASIBLE_RETRY,certified,PASS,,,d4d3b83f36d22e6a21a473b03f36c13dae39c7df82f8969e08543f57b91d3837,0e06fe35a80a0cb9328092ccbc42ac3e2c4ab5155a14c1342a73a10860985d52,1.0,19137905.85543848,4.0,1.0,1.0,1.0,1.0,0.5,0.9,416ca4806b17a59f00a053a15019abd419373334008042ed950cbac677c0dd60,3,2,2,92b720b6f57e0c2ccc5e3d24754f44a02b3d92525e95b303d9e517e7567e4720,P4,False,False,False,Q[NONE]|F[Water+Crackers],1235172426.0488002,1235172426.0488002,0.0,5141518.107074895,0.0,5141518.107074895,h09,5,Katrina,1230030907.9417253,13996387.748363584,1216034520.1933618,1834233294.217404,47724049.84698243,19137905.85543848,0.0,1.0,0.0,0.26865625455116415,0.0,0.7313437454488358,0.0,17915363.859447412,R0,1,0,0,False,True,False,10400000.0,0.0,0.0,0.0,NONE,0,1,0,False,False,False,0.0,9557344.06438629,0.0,64295570.54969641,R0,1,0,0,False,True,False,37324049.84698243,1824675950.1530175,c89b020b46c0ccd05e5870ce2ff1399935ef02264c05aadb46cd6619b99f8a62,E3B,LA-0513,513,0.2916418510190725,1.3676240696022444,0.23161783770325162,0.44442365034591785,0.10204689175903321,0.3349490361938774,Medium,Unfavorable,LA-0169,LA-0374,0.0,531999999.99999845,684034520.1933632,False,0,82210934.40914382,False,0,0
E3B_MEDIUM_UNFAVORABLE,LA-0061,61,cd7ba256524cb036f33013c1005baf2ca2bf23e5fdc7a9fa10871d5c2a2e0738,M2,A1_FINAL_NO_MEMORY_V1,A1_FINAL_NO_MEMORY_V1_R1_WITNESS_GATED_INFEASIBLE_RETRY,certified,PASS,,,f3034bd501601741f2751b3c63413873cb324461d70a2391e11263ecc6936a9b,45a7322b0883d84c4e5471288030ee3510aaeb3fe78e91f1a23a0e61a6d3678f,1.0,19137905.85543848,4.0,1.0,1.0,1.0,1.0,0.5,0.9,8cc04f24542cd0a7b1aa84e40c8d9ee048ea96861648242295b138183c419eb5,3,2,2,f3a2f8911f3f8431b666ead37a85aba9b3cdece3065cdb1576f8297f78c166b8,P4,False,False,False,Q[NONE]|F[Water+Crackers],1226119902.717212,1226119902.717212,0.0,6009032.86450788,0.0,6009032.86450788,h09,5,Katrina,1220110869.852704,13128872.990930598,1206981996.8617735,1810085504.7071924,71871839.35719395,19137905.85543848,0.0,1.0,0.0,0.31398591412760424,0.0,0.6860140858723958,0.0,17915363.859447412,R0,1,0,0,False,True,False,10400000.0,0.0,0.0,0.0,NONE,0,1,0,False,False,False,0.0,9557344.06438629,0.0,105893304.73015669,R0,1,0,0,False,True,False,61471839.357193954,1800528160.642806,52148d8b11090adad79fabd963baf01cc251a782d0997cd6dc1f18aff6f05db0,E3B,LA-0061,61,0.27912506874673704,1.0505434141929348,0.23161783770325162,0.44442365034591785,0.10204689175903321,0.3349490361938774,Medium,Unfavorable,LA-0169,LA-0374,0.0,531999999.99999845,674981996.8617752,False,0,123808668.58960411,False,0,0
E3B_MEDIUM_UNFAVORABLE,LA-0619,619,9298f5fa007a94c43db3240911aa6dfca9adba39438ecaaf7df189147ae08773,M2,A1_FINAL_NO_MEMORY_V1,A1_FINAL_NO_MEMORY_V1_R1_WITNESS_GATED_INFEASIBLE_RETRY,certified,PASS,,,4f10d30273f23629a021599a9780478e5161841751e6d2be50e68dfe61c364d5,568a4e24bb8af5ca390ed3027728317101bb2285b28a53de13f71bef34533ed7,1.0,19137905.85543848,4.0,1.0,1.0,1.0,1.0,0.5,0.9,83d857bfbada00965e925c1c915108efa8d2ea39f46a8b6eedd078d953a79c72,3,2,2,32cbe0e9692ebfab88907c65eaaee59d66c8baf7012b713618c5bc0f40cc26ea,P4,False,False,False,Q[NONE]|F[Water+Crackers],1182971109.7914717,1182971109.7914717,0.0,5272789.261955184,0.0,5272789.261955184,h09,5,Katrina,1177698320.5295165,13865116.593483295,1163833203.9360332,1694985224.8156526,186972119.24873382,19137905.85543848,0.0,1.0,0.0,0.27551547707383034,0.0,0.7244845229261697,0.0,17915363.859447412,R0,1,0,0,False,True,False,10400000.0,0.0,0.0,0.0,NONE,0,0,1,False,False,False,0.0,9557344.06438629,0.0,304168631.13219273,R0,1,0,0,False,True,False,176572119.24873382,1685427880.7512662,2657f246ae7bccdf2abe402ba194908717a5b2127e455dfee0428f7ddbb53c0e,E3B,LA-0619,619,0.13145669652430228,0.5954675778665972,0.23161783770325162,0.44442365034591785,0.10204689175903321,0.3349490361938774,Medium,Unfavorable,LA-0169,LA-0374,0.0,531999999.99999845,631833203.9360347,False,0,322083994.99164015,False,0,0
E3B_MEDIUM_UNFAVORABLE,LA-0234,234,8e316c08f7d87d64aec2e3e6f08cf315a53267d5c84dae77db84879e2cf7e9b1,M2,A1_FINAL_NO_MEMORY_V1,A1_FINAL_NO_MEMORY_V1_R1_WITNESS_GATED_INFEASIBLE_RETRY,certified,PASS,,,b1f9e3b8d9cc4e56d120156a704509761793df832d50204940ddd84a84d927d1,9e215bcf70ef7dcdd5030f8c8a2dad79315dbb8fdcdf97b80f20b2466638b428,1.0,19137905.85543848,4.0,1.0,1.0,1.0,1.0,0.5,0.9,701d07ccc876d3d17187b9649fd7592b4dc603271e8218d6e73469e5848ab3f9,3,2,2,5ed4747d18a7abed540b445cd4e924fb85e7e393cfcedc871484bf52ff1cbf0d,P4,False,False,False,Q[NONE]|F[Water+Crackers],1182251702.7523258,1182251702.7523258,0.0,2140293.7766063684,0.0,2140293.7766063684,h09,5,Katrina,1180111408.9757195,16997612.078832105,1163113796.8968873,1693066191.9540815,188891152.11030477,19137905.855438475,3.725290298461914e-09,0.9999999999999998,0.0,0.11183531744661365,0.0,0.8881646825533861,0.0,17915363.859447412,R0,1,0,0,False,True,False,10400000.0,0.0,0.0,0.0,NONE,0,0,1,False,False,False,0.0,9557344.06438629,0.0,307474416.8988543,R0,1,0,0,False,True,False,178491152.11030477,1683508847.8896952,57b95ae05d0dd7f33fbce9a26772d5a40f5da4f0d68b31bbdfbe5ee1310b05c2,E3B,LA-0234,234,0.05295098376439422,0.7244040201061263,0.23161783770325162,0.44442365034591785,0.10204689175903321,0.3349490361938774,Medium,Unfavorable,LA-0169,LA-0374,0.0,531999999.99999845,631113796.8968889,False,0,325389780.75830173,False,0,0
E3B_MEDIUM_UNFAVORABLE,LA-0105,105,642f0850175685dc6c38e0ad36b478de797b9a46c9c62af62834484e36409f24,M2,A1_FINAL_NO_MEMORY_V1,A1_FINAL_NO_MEMORY_V1_R1_WITNESS_GATED_INFEASIBLE_RETRY,certified,PASS,,,313c3b667a0d87db47eaddf33d1af37eed0ae4feaf95344e0df42ffab1b063e6,4546da1ef017705f8d8ae381a7d6d0b62e81ce93176dd29ce0676c4b068616a4,1.0,19137905.85543848,4.0,1.0,1.0,1.0,1.0,0.5,0.9,7f4fb62dd2c938815a4183d1c98a93274098e6c5699f6d05fcaa5bb066be0df7,3,2,2,4af11cb4df9c0fcc786bfeb284d04b4a8e34c6811f309ea9cdf08c3cbbcd57ad,P4,False,False,False,Q[NONE]|F[Water+Crackers],1160911265.5267406,1160911265.5267406,0.0,1681557.7125939387,0.0,1681557.7125939387,h09,5,Katrina,1159229707.8141465,17456348.14284454,1141773359.671302,1636140143.016861,245817201.0475253,19137905.85543848,0.0,1.0,0.0,0.08786529337618647,0.0,0.9121347066238135,0.0,17915363.859447412,R0,1,0,0,False,True,False,10400000.0,0.0,0.0,0.0,NONE,0,1,0,False,False,False,0.0,9557344.06438629,0.0,405537001.4941442,R0,1,0,0,False,True,False,235417201.0475253,1626582798.9524746,153881e744b512dffefca5a5ab462cff2774923cae6d842e53b549e28be82295,E3B,LA-0105,105,0.03389505508231781,0.6061362464412726,0.23161783770325162,0.44442365034591785,0.10204689175903321,0.3349490361938774,Medium,Unfavorable,LA-0169,LA-0374,0.0,531999999.99999845,609773359.6713036,False,0,423452365.3535916,False,0,0
E3B_MEDIUM_UNFAVORABLE,LA-0268,268,074b7731a42c2cd981411c89954570f913a3b46b63deacef6774fd61ccbe4819,M2,A1_FINAL_NO_MEMORY_V1,A1_FINAL_NO_MEMORY_V1_R1_WITNESS_GATED_INFEASIBLE_RETRY,certified,PASS,,,5d76248f6f6646d495992deda7fb44ce764ae12b762de993b945f7ef74135345,4dfa6a7066e11f81037c7c51a462141b9c9049827e97d09ed5e8887473f68722,1.0,19137905.85543848,4.0,1.0,1.0,1.0,1.0,0.5,0.9,dc938c33f36f0224272c6929e02c6e4ca0a7470d93a514790ba1cec30c1c3b0c,3,2,2,a78dbf82642402554aaa22c01a325473134bfd89ed02302cd37b6784fd084a82,P2,True,False,True,Q[Water]|F[Crackers],1222197763.5382786,1222197763.5382786,9408516.0525382,447078.3362682626,0.0,9855594.388806462,h09,5,Katrina,1212342169.149472,9282311.466632016,1203059857.6828399,1799623118.933255,71934225.1311313,19137905.85543848,0.0,1.0,0.4916168008980226,0.023360880738224288,0.0,0.4850223183637531,14526039.914371157,0.0,NONE,1,0,0,True,False,False,0.0,0.0,0.0,0.0,NONE,0,0,1,False,False,False,0.0,9557344.06438629,0.0,123916136.26650228,R0,1,0,0,False,True,False,71934225.1311313,1790065774.8688686,5b3e07144b4be9710a295a816829d97a6792b542c3204e138cc04b7d2848a21d,E3B,LA-0268,268,0.03849669822237586,1.376855257637612,0.23161783770325162,0.44442365034591785,0.10204689175903321,0.3349490361938774,Medium,Unfavorable,LA-0169,LA-0374,0.0,531999999.99999845,671059857.6828414,False,0,123916136.26650228,False,0,0
E3B_MEDIUM_UNFAVORABLE,LA-0734,734,12e799fc78af354e664a13c6737226bda8439a8efaafbd34bb8017839b6be271,M2,A1_FINAL_NO_MEMORY_V1,A1_FINAL_NO_MEMORY_V1_R1_WITNESS_GATED_INFEASIBLE_RETRY,certified,PASS,,,14d0e9fe4135e4db343f1ce6a06c294fb9ec83b5a52f04f2f0b249bddda49735,18011da177fafadb15b00f954199a38097a8210f4fdaabe102c05b3a62daac45,1.0,19137905.85543848,4.0,1.0,1.0,1.0,1.0,0.5,0.9,8ed1614bb76e15e4829f63765eab796a51650c939e2c4e3e8bdfa362d9118fd7,3,2,2,490e5d511e73f0e8a0e5b6cce250f7f15a9dca8c936c0c8543d005bef70c3710,P4,False,False,False,Q[NONE]|F[Crackers],1227766534.542663,1227766534.542663,0.0,1747148.7738986053,0.0,1747148.7738986053,h09,5,Katrina,1226019385.7687645,17390757.081539873,1208628628.6872246,1753003408.637653,128953935.42673324,19137905.85543848,0.0,1.0,0.0,0.09129257856611896,0.0,0.9087074214338811,0.0,0.0,NONE,0,1,0,False,False,False,0.0,10400000.0,0.0,0.0,NONE,0,0,1,False,False,False,0.0,9557344.06438629,0.0,222140064.83438575,R0,1,0,0,False,True,False,128953935.42673324,1733046064.5732667,eb9151a703203c0568d1edc35737af2c7dbcd7edc4cc4671849f588dab249157,E3B,LA-0734,734,0.08392101223280808,1.4389695646586167,0.23161783770325162,0.44442365034591785,0.10204689175903321,0.3349490361938774,Medium,Unfavorable,LA-0169,LA-0374,26944320.000000004,531999999.99999845,649684308.6872262,False,0,222140064.83438575,False,0,0
E3B_MEDIUM_UNFAVORABLE,LA-0302,302,ee30301ae5d9ebcffe4f347cb88e044583d130a04d060a932d6b5e1d5e66f19f,M2,A1_FINAL_NO_MEMORY_V1,A1_FINAL_NO_MEMORY_V1_R1_WITNESS_GATED_INFEASIBLE_RETRY,certified,PASS,,,514a5542da012c09dbf48907ae9ff4a29deeb4c8b45e46de5d3860747160c981,bb17eca897dbfc24bf97188d60d3bdd46d680178f8edf2fd525fd951c5d09acb,1.0,19137905.85543848,4.0,1.0,1.0,1.0,1.0,0.5,0.9,5a81277c887c62e95a3f2eebe6cfb2f08eb1519726d0d71ba051aff1bdae2735,3,2,2,800c328cc765d5e15c0710e7f7fdc277d7f0cc66144724af7199af00f9059be3,P4,False,False,False,Q[NONE]|F[Water+Crackers],1227520637.4964314,1227520637.4964314,0.0,8757947.660149261,0.0,8757947.660149261,h09,5,Katrina,1218762689.836282,10379958.195289217,1208382731.6409929,1813821993.1280718,68135350.93631446,19137905.85543848,0.0,1.0,0.0,0.45762309242735083,0.0,0.5423769075726492,0.0,17915363.859447412,R0,1,0,0,False,True,False,10400000.0,0.0,0.0,0.0,NONE,0,1,0,False,False,False,0.0,9557344.06438629,0.0,99456713.42086169,R0,1,0,0,False,True,False,57735350.93631447,1804264649.0636854,c2013274a88e1e75ba8bb4242fa8b22ebc8a062c67f5d5e6ca964c918db375d6,E3B,LA-0302,302,0.4185426252790124,0.8545259324223944,0.23161783770325162,0.44442365034591785,0.10204689175903321,0.3349490361938774,Medium,Unfavorable,LA-0169,LA-0374,0.0,531999999.99999845,676382731.6409944,False,0,117372077.28030911,False,0,0
E3B_MEDIUM_UNFAVORABLE,LA-0017,17,9d8be22567afcabbf94ce470787e9f63ad71892883ca72fe79ea5ccd3e06ce5e,M2,A1_FINAL_NO_MEMORY_V1,A1_FINAL_NO_MEMORY_V1_R1_WITNESS_GATED_INFEASIBLE_RETRY,certified,PASS,,,153cecfe6179456b22778e81d25a90edfefe56e0a2de5bc318db5ad3e62b88a4,4fdfdf0771cf28029f9ba092e93d434efcf1ae8a848bcce477bcff3b4e0f06c6,1.0,19137905.85543848,4.0,1.0,1.0,1.0,1.0,0.5,0.9,6a249b9b047c3ca29f2f983259f51004647794fd4d9ef8e1b42928d1aab32ed7,3,2,2,4a207f2d98135a60f5c185206d9338c1568208a86863910659b35279aacd6bee,P4,False,False,False,Q[NONE]|F[Water+Crackers],1182599096.6182945,1182599096.6182945,0.0,5414386.374135671,0.0,5414386.374135671,h09,5,Katrina,1177184710.2441587,13723519.481302805,1163461190.762856,1693992872.1343222,187964471.93006432,19137905.85543848,0.0,1.0,0.0,0.2829142548319647,0.0,0.7170857451680352,0.0,17915363.859447412,R0,1,0,0,False,True,False,10400000.0,0.0,0.0,0.0,NONE,1,0,0,False,False,False,0.0,9557344.06438629,0.0,305878088.7632441,R0,1,0,0,False,True,False,177564471.93006432,1684435528.0699358,3c530e08af76eb480314961fe7b17a7f7b2152387aa24411158556d40d2ff999,E3B,LA-0017,17,0.13444985182530858,0.5870416036353057,0.23161783770325162,0.44442365034591785,0.10204689175903321,0.3349490361938774,Medium,Unfavorable,LA-0169,LA-0374,0.0,531999999.99999845,631461190.7628576,False,0,323793452.6226915,False,0,0
E3B_MEDIUM_UNFAVORABLE,LA-0923,923,86df9f8970c879fac20b8e9ef711983d5c6e554b1ebdb54b3419449ed043fa9f,M2,A1_FINAL_NO_MEMORY_V1,A1_FINAL_NO_MEMORY_V1_R1_WITNESS_GATED_INFEASIBLE_RETRY,certified,PASS,,,b937d313ea0a60cd93a6f8a7bc5ec9cd8a6c0ad2d6d054fd6d6a2681da5ed50a,839ba48e45f2980010b09116e2386293eb732127a8e3d5ffb8b17a7c451c3aa3,1.0,19137905.85543848,4.0,1.0,1.0,1.0,1.0,0.5,0.9,3ce7587faddf77f44dbed49f03d6aa2d1f81e4ca870293c5d7ce071d0dccd1b6,3,2,2,19b7780db358af819aa0437082ea2c80cb4d9b8bbc5917ec892dc9dd90331460,P4,False,False,False,Q[NONE]|F[Water+Crackers],1152871582.6467845,1152871582.6467845,0.0,57933.80503951934,0.0,57933.80503951934,h09,5,Katrina,1152813648.8417451,19079972.050398957,1133733676.791346,1614694125.9448483,267263218.11953816,19137905.855438475,3.725290298461914e-09,0.9999999999999998,0.0,0.003027175777597219,0.0,0.9969728242224026,0.0,17915363.859447412,R0,1,0,0,False,True,False,10400000.0,0.0,0.0,0.0,NONE,0,0,1,False,False,False,0.0,9557344.06438629,0.0,442480578.33847415,R0,1,0,0,False,True,False,256863218.11953816,1605136781.880462,604f2444256793cbe8475d6d5108d55f1bca48716a3387482c9dec1124c1e865,E3B,LA-0923,923,0.0010915859002043828,0.6192926017022546,0.23161783770325162,0.44442365034591785,0.10204689175903321,0.3349490361938774,Medium,Unfavorable,LA-0169,LA-0374,0.0,531999999.99999845,601733676.7913475,False,0,460395942.1979216,False,0,0
E3B_MEDIUM_UNFAVORABLE,LA-0374,374,7e1971ddc86b3bd821e7416c29484e656bb42690d3e2c869476c0afddaa070d5,M2,A1_FINAL_NO_MEMORY_V1,A1_FINAL_NO_MEMORY_V1_R1_WITNESS_GATED_INFEASIBLE_RETRY,certified,PASS,,,99f3db418ab8518514d61f9b137d0efa7223adc6000546acb577d0c829bb42ac,a02019c2b0438ac9ba7291e609bc047a7fdaa27d5394036736aedf01f2ef32b2,1.0,19137905.85543848,4.0,1.0,1.0,1.0,1.0,0.5,0.9,5a5db845d65e7fdcf61cab33d0d67386d0ef4cbe8b7f5bf8497d5248b29e5ddc,3,2,2,ce19f2b4dfdac5c42a7ee8bfbc5f46db53b502fe00722e126ce70beff48a99b2,P4,False,False,False,Q[NONE]|F[Crackers],1229680324.9556236,1229680324.9556236,0.0,4528103.366759696,0.0,4528103.366759696,h09,5,Katrina,1225152221.5888638,14609802.488678781,1210542419.1001852,1758108483.362793,123848860.70159331,19137905.85543848,0.0,1.0,0.0,0.23660391063492095,0.0,0.763396089365079,0.0,0.0,NONE,1,0,0,False,False,False,0.0,10400000.0,0.0,0.0,NONE,1,0,0,False,False,False,0.0,9557344.06438629,0.0,213345904.13914055,R0,1,0,0,False,True,False,123848860.70159331,1738151139.2984066,365c66be5998067a51b45b8264f2c84dff5c954e61ddf52310bb1f69a19d2627,E3B,LA-0374,374,0.22646429662677983,1.2586936724182929,0.23161783770325162,0.44442365034591785,0.10204689175903321,0.3349490361938774,Medium,Unfavorable,LA-0169,LA-0374,26944320.000000004,531999999.99999845,651598099.1001867,False,0,213345904.13914055,False,0,0
E3B_MEDIUM_UNFAVORABLE,LA-0930,930,d733d147cd567bc1b4389530bbaa6a62ee7daa1f91430d98a94b27d7c899856c,M2,A1_FINAL_NO_MEMORY_V1,A1_FINAL_NO_MEMORY_V1_R1_WITNESS_GATED_INFEASIBLE_RETRY,certified,PASS,,,a1db033b687e32a3989a17e830dd499efc8f4798e9716c23ab8bcf8c1365c347,92f09fa22e5cf80c84be3f5f0f60417ee3697acd053a20ae577a8d80d27e3957,1.0,19137905.85543848,4.0,1.0,1.0,1.0,1.0,0.5,0.9,71efbe9cfdd1344fca64d3e3369825784a2e95cfda053fb91a3a27595a0b16f6,3,2,2,e897a8d96c7afbda8a3da15312f47a7e6c2cf9bedd2fbe0856848a77d1ebb363,P4,False,False,False,Q[NONE]|F[Water+Crackers],1241856564.2878087,1241856564.2878087,0.0,6358538.418523923,0.0,6358538.418523923,h09,5,Katrina,1235498025.8692846,12779367.436914556,1222718658.4323702,1852063368.4785233,29893975.585863184,19137905.85543848,0.0,1.0,0.0,0.33224839052685573,0.0,0.6677516094731443,0.0,17915363.859447412,R0,1,0,0,False,True,False,10400000.0,0.0,0.0,0.0,NONE,0,0,1,False,False,False,0.0,9557344.06438629,0.0,33580929.393069565,R0,1,0,0,False,True,False,19493975.585863184,1842506024.414137,dd2ea1ea108641341c8b9aa9d775aef710fcae59466b90017c26f93b3256389d,E3B,LA-0930,930,0.431058538909147,1.492384067606555,0.23161783770325162,0.44442365034591785,0.10204689175903321,0.3349490361938774,Medium,Unfavorable,LA-0169,LA-0374,0.0,531999999.99999845,690718658.4323716,False,0,51496293.25251698,False,0,0
E3B_MEDIUM_UNFAVORABLE,LA-0433,433,2122d3f36328d1fe940c02204634c6c71ee92980e3f03170baef3e1d272ea5e1,M2,A1_FINAL_NO_MEMORY_V1,A1_FINAL_NO_MEMORY_V1_R1_WITNESS_GATED_INFEASIBLE_RETRY,certified,PASS,,,e4c33272e92c2ed253fb340c12d318f0cf85ac1942b0c3b5bc4da060053cd3a8,54c04562378ed0a65e83e9da14197226a487c718561dccbd2c686fbf85fe3663,1.0,19137905.85543848,4.0,1.0,1.0,1.0,1.0,0.5,0.9,6f316663a80f3e8f9ecbce038f03cadedd89085a5b6989e6c3b56eaf7c5d33c9,7,2,2,70d55a5bd9bbaacfac75489ff949f9ffb114f7d565f02b28943b3bb57889a1bc,P1,False,False,False,Q[Water+Vaccine]|F[NONE],1230239603.001635,1230239603.001635,19137905.85543848,0.0,0.0,19137905.85543848,h09,5,Katrina,1211101697.1461966,0.0,1211101697.1461966,1871217360.1815572,0.0,19137905.85543848,0.0,1.0,1.0,0.0,0.0,0.0,17103145.23447843,0.0,NONE,0,1,0,True,False,False,0.0,0.0,559114.7812893173,0.0,NONE,1,0,0,True,False,False,0.0,9217360.181557138,0.0,0.0,NONE,1,0,0,False,False,False,0.0,1862000000.0,219b0c6f73e33e67c2715049af006fc69a1a2b84feb1cba456e767c583420d3e,E3B,LA-0433,433,0.28720252157549764,1.3689978230495807,0.23161783770325162,0.44442365034591785,0.10204689175903321,0.3349490361938774,Medium,Unfavorable,LA-0169,LA-0374,0.0,513075137.14619654,698026560.0,False,0,0.0,False,0,0
E3B_MEDIUM_UNFAVORABLE,LA-0947,947,b2f5e3ad7b573f22c1e4eff743ff5e7436fe4ea52f35ed6e2577f6a61c3cbf4c,M2,A1_FINAL_NO_MEMORY_V1,A1_FINAL_NO_MEMORY_V1_R1_WITNESS_GATED_INFEASIBLE_RETRY,certified,PASS,,,7e8ef7c00bbedaf2085559fc4d878da7ba4f266adcfe6369553eae372f379ed0,61d0ca96640ad12e7ab027d91ab0cb7a4a06010515ec24ecabcc073a0f58cd8e,1.0,19137905.85543848,4.0,1.0,1.0,1.0,1.0,0.5,0.9,80825d89c1c51d1efd7f6b3a7f41271f33e3fe1dc023b8e7218e52055071cb2c,3,2,2,bb3eba72f9eeff2195d507e81f9f695fba9804bc9722f3c2ee90e29f8501082f,P4,False,False,False,Q[NONE]|F[Crackers],1230470507.980146,1230470507.980146,0.0,9797562.13461006,0.0,9797562.13461006,h09,5,Katrina,1220672945.8455358,9340343.720828418,1211332602.1247072,1760216312.6002078,121741031.46417858,19137905.85543848,0.0,1.0,0.0,0.5119453616617022,0.0,0.48805463833829776,0.0,0.0,NONE,1,0,0,False,False,False,0.0,10400000.0,0.0,0.0,NONE,1,0,0,False,False,False,0.0,9557344.06438629,0.0,209714891.85626876,R0,1,0,0,False,True,False,121741031.46417858,1740258968.5358214,eb3e881408494f2a659ad964809afe0a0937651867ee21b35dc0d39f40df121c,E3B,LA-0947,947,0.49849002882391785,0.8186412069580141,0.23161783770325162,0.44442365034591785,0.10204689175903321,0.3349490361938774,Medium,Unfavorable,LA-0169,LA-0374,26944320.000000004,531999999.99999845,652388282.1247088,False,0,209714891.85626876,False,0,0
E3B_MEDIUM_UNFAVORABLE,LA-0278,278,8a9f5389b2d59254c37d2e9eac512e3b4d1d2b6c3c04e1a747a3d642668d13f6,M2,A1_FINAL_NO_MEMORY_V1,A1_FINAL_NO_MEMORY_V1_R1_WITNESS_GATED_INFEASIBLE_RETRY,certified,PASS,,,fa3c0224f71a3d7dadec50f6e62b2e5b285a274d0eb8441f01d117c2931d70f9,e5b0077c014f6c58adb65098be568c95023bfe11fdd9e1850fc641e4c844af67,1.0,19137905.85543848,4.0,1.0,1.0,1.0,1.0,0.5,0.9,cd66145ecbf61700ffbbf14a88f6fac6a6910651b7d0056610a0dfdabfba1c93,3,2,2,2f9aad32ad5592c192905fcb29a02f9572b88c89dc1379692df839a2ae48da7d,P4,False,False,False,Q[NONE]|F[Crackers],1222585584.093517,1222585584.093517,0.0,10819414.051261324,0.0,10819414.051261324,h09,5,Katrina,1211766170.0422556,8318491.804177154,1203447678.2380786,1739183118.280349,142774225.78403726,19137905.85543848,0.0,1.0,0.0,0.565339496023633,0.0,0.434660503976367,0.0,0.0,NONE,1,0,0,False,False,False,0.0,10400000.0,0.0,0.0,NONE,0,0,1,False,False,False,0.0,9557344.06438629,0.0,245947327.37230065,R0,1,0,0,False,True,False,142774225.78403726,1719225774.2159626,a4b2f6bb081b71c8e51cc929ae6b8c5eb88fe8c8745c8e359de01a5448322d4a,E3B,LA-0278,278,0.4693851587449789,0.6216737063809591,0.23161783770325162,0.44442365034591785,0.10204689175903321,0.3349490361938774,Medium,Unfavorable,LA-0169,LA-0374,26944320.000000004,531999999.99999845,644503358.23808,False,0,245947327.37230065,False,0,0
E3B_MEDIUM_UNFAVORABLE,LA-0164,164,0d2d3647e67aaad9aeb4df18649d48b7f85ffcbd68339831e75ef9a752b0be74,M2,A1_FINAL_NO_MEMORY_V1,A1_FINAL_NO_MEMORY_V1_R1_WITNESS_GATED_INFEASIBLE_RETRY,certified,PASS,,,564729463c00072b236ce065f9805b8d5dbec1c304122953f450151aa2c3d269,21385fb5d7eb4282489c3788757bbab36561117c4cd05dc55fdb3c89aefcb80c,1.0,19137905.85543848,4.0,1.0,1.0,1.0,1.0,0.5,0.9,9585e712efca2bab82daec16ba32cf41a30b4563302f4d7f7b29e093e87d9e78,3,2,2,042772de85ff8d69aef65d7477391df838a4719f1afabe7332e347302805e3d7,P4,False,False,False,Q[NONE]|F[Vaccine],1212474274.7107446,1212474274.7107446,0.0,10825031.35008324,0.0,10825031.35008324,h09,5,Katrina,1201649243.3606613,8312874.505355238,1193336368.8553061,1880814154.3700652,1143189.694321146,19137905.85543848,0.0,1.0,0.0,0.5656330129248209,0.0,0.434366987075179,0.0,0.0,NONE,1,0,0,False,False,False,0.0,10400000.0,0.0,1969294.1667436338,R0,1,0,0,False,True,False,1143189.694321146,8414154.370065143,0.0,0.0,NONE,1,0,0,False,False,False,0.0,1862000000.0,e44caa5b5e0d25f13fc2eab70c17a69166094642fb6c28a10dc0db47b646123d,E3B,LA-0164,164,0.3950064145368764,0.5225387517445311,0.23161783770325162,0.44442365034591785,0.10204689175903321,0.3349490361938774,Medium,Unfavorable,LA-0169,LA-0374,26944320.000000004,468365488.85530615,698026560.0,False,0,1969294.1667436338,False,0,0
E3B_MEDIUM_UNFAVORABLE,LA-0453,453,1c029e139aaa74c9679fc4cc9c4dda19a408838f57cb622959e73bbc99311ed2,M2,A1_FINAL_NO_MEMORY_V1,A1_FINAL_NO_MEMORY_V1_R1_WITNESS_GATED_INFEASIBLE_RETRY,certified,PASS,,,2ddea6973cd2816bf2f9a81a385bf6448dc5c90c422f96e7e54270e555998223,12da1a675b364af760eadd404cf7a5614ec74129e6be08c160f94f9576ba9371,1.0,19137905.85543848,4.0,1.0,1.0,1.0,1.0,0.5,0.9,dcbb1f0d00def96b83d4a4f6fc9a8adafe0254895920bb3e787680aafd080351,3,2,2,7b059c6e87e49fede28e830cff0b7720d1af0e95298e0f56e45f78b7bb4193fe,P4,False,False,False,Q[NONE]|F[Crackers],1220657921.6629164,1220657921.6629164,0.0,10718771.203634389,0.0,10718771.203634389,h09,5,Katrina,1209939150.459282,8419134.65180409,1201520015.807478,1734041039.6669247,147916304.39746168,19137905.85543848,0.0,1.0,0.0,0.5600806736432138,0.0,0.4399193263567862,0.0,0.0,NONE,1,0,0,False,False,False,0.0,10400000.0,0.0,0.0,NONE,1,0,0,False,False,False,0.0,9557344.06438629,0.0,254805232.117818,R0,1,0,0,False,True,False,147916304.39746168,1714083695.6025383,fff94ee7c96814b660975e651598471edd2d4415989ce3c19a3866efffadc0e2,E3B,LA-0453,453,0.44885325550574406,0.6073221598547939,0.23161783770325162,0.44442365034591785,0.10204689175903321,0.3349490361938774,Medium,Unfavorable,LA-0169,LA-0374,26944320.000000004,531999999.99999845,642575695.8074795,False,0,254805232.117818,False,0,0
E3B_MEDIUM_UNFAVORABLE,LA-0258,258,8076e9721a659a74df944c7f3513bfeefb1089acb1efc0ccefd86e56dfaeff6c,M2,A1_FINAL_NO_MEMORY_V1,A1_FINAL_NO_MEMORY_V1_R1_WITNESS_GATED_INFEASIBLE_RETRY,certified,PASS,,,897b943ec8095802e6551649056cd67955647e112a4e8286a6fed554268a03e7,4d17fada7c89531f95427753ac3b9f99ef70e5c565dba1e0bb36239f3ec0f2c1,1.0,19137905.85543848,4.0,1.0,1.0,1.0,1.0,0.5,0.9,e1d00701a9670f920dfedbbdd0e07a82ee71bf49fca328f8f43944560dd66dd5,3,2,2,315dd4b8100d98bf6f4947daa30ceb729c3e221ad3aa673fb865d7ba11ed3141,P4,False,False,False,Q[NONE]|F[Water+Vaccine],1209008543.4218323,1209008543.4218323,0.0,7045908.347174467,0.0,7045908.347174467,h09,5,Katrina,1201962635.074658,12091997.508264013,1189870637.5663939,1880455581.173606,1501762.890780474,19137905.85543848,0.0,1.0,0.0,0.3681650646835118,0.0,0.6318349353164883,0.0,535352.7500877406,R0,1,0,0,False,True,False,310776.19436551223,10089223.805634487,0.0,2051630.7709649303,R0,1,0,0,False,True,False,1190986.696414962,8366357.367971327,0.0,0.0,NONE,1,0,0,False,False,False,0.0,1862000000.0,41fa7bb025b2518617c1348fb81592bc1c7e8d56d71175a1014b16d384d319e0,E3B,LA-0258,258,0.24382632777211238,0.7208318223427577,0.23161783770325162,0.44442365034591785,0.10204689175903321,0.3349490361938774,Medium,Unfavorable,LA-0169,LA-0374,26139161.035637833,465704916.530756,698026560.0,False,0,2586983.5210526707,False,0,0
E3B_MEDIUM_UNFAVORABLE,LA-0663,663,1c934d645b4f92e9294648171da37858a2e83fadae65ec86d01c14f73ec9ebf0,M2,A1_FINAL_NO_MEMORY_V1,A1_FINAL_NO_MEMORY_V1_R1_WITNESS_GATED_INFEASIBLE_RETRY,certified,PASS,,,588b1169734e7e45ef2642e18e43ff2cdbf306330f45b2d02043fb8d4e06604a,2c44544a518fc04381a2b4172c720181ee3252969e62bd01218fd33f7ccd51dc,1.0,19137905.85543848,4.0,1.0,1.0,1.0,1.0,0.5,0.9,aba8566956a8e2a659e5a580d3460012ec556e6401e88b2a22df4dd3f4dcecaf,3,2,2,6fafc3e18ccb62da52ed158eecb7adb34bd120e8491303004b9795c45cd670ab,P4,False,False,False,Q[NONE]|F[Vaccine],1223916956.625177,1223916956.625177,0.0,8659849.107426524,0.0,8659849.107426524,h09,5,Katrina,1215257107.5177505,10478056.748011954,1204779050.7697384,1881019721.377726,937622.6866603215,19137905.85543848,0.0,1.0,0.0,0.452497215360981,0.0,0.547502784639019,0.0,0.0,NONE,1,0,0,False,False,False,0.0,10400000.0,0.0,1615178.0379223374,R0,1,0,0,False,True,False,937622.6866603215,8619721.377725968,0.0,0.0,NONE,1,0,0,False,False,False,0.0,1862000000.0,a193c15733469255c8fdd15adeef1da92452b1dcc1447d7be62a40a2142fe28a,E3B,LA-0663,663,0.38527914720357515,0.8030419245728919,0.23161783770325162,0.44442365034591785,0.10204689175903321,0.3349490361938774,Medium,Unfavorable,LA-0169,LA-0374,26944320.000000004,479808170.7697383,698026560.0,False,0,1615178.0379223374,False,0,0
E3B_MEDIUM_UNFAVORABLE,LA-0640,640,556736df794676bfcfdd155f45ceac1062e109abce1a2289402e71788afcd5ae,M2,A1_FINAL_NO_MEMORY_V1,A1_FINAL_NO_MEMORY_V1_R1_WITNESS_GATED_INFEASIBLE_RETRY,certified,PASS,,,c606c61859133aac1847f8dfde55e827acfb4be3b699639f0b4fb48ca54c2931,627338d687565d584473c977bb303c03a74786bb2ababafd9dcdfc1bca71edb7,1.0,19137905.85543848,4.0,1.0,1.0,1.0,1.0,0.5,0.9,31bb89bf347589ed8591e1a7c381e99826544798ef1134f45aade65dd1380b90,3,2,2,d84950702bde4901143bf73ca38f8f5c5c0152d3742e4504c7300a024ceed5f9,P4,False,False,False,Q[NONE]|F[Crackers],1194183610.5566516,1194183610.5566516,0.0,4928060.739408915,0.0,4928060.739408915,h09,5,Katrina,1189255549.8172426,14209845.116029562,1175045704.7012131,1663420278.073175,218537065.99121144,19137905.85543848,0.0,1.0,0.0,0.257502611656358,0.0,0.7424973883436419,0.0,0.0,NONE,1,0,0,False,False,False,0.0,10400000.0,0.0,0.0,NONE,0,0,1,False,False,False,0.0,9557344.06438629,0.0,376458755.1931369,R0,1,0,0,False,True,False,218537065.99121144,1643462934.0087886,454ab9aba419a0790be460e78b2c49356160e1bd70128a1d3ae69bddd7095578,E3B,LA-0640,640,0.13967747327819463,0.6937962629536293,0.23161783770325162,0.44442365034591785,0.10204689175903321,0.3349490361938774,Medium,Unfavorable,LA-0169,LA-0374,26944320.000000004,531999999.99999845,616101384.7012147,False,0,376458755.1931369,False,0,0
E3B_MEDIUM_UNFAVORABLE,LA-0336,336,4bd72dcc8d08a9e2c2f073636634dd75fb19bd87a4052ad7c43219dffdc0c241,M2,A1_FINAL_NO_MEMORY_V1,A1_FINAL_NO_MEMORY_V1_R1_WITNESS_GATED_INFEASIBLE_RETRY,certified,PASS,,,3ff6b2443299b00eec14e33ef3353575223180a1b56d5a7d32496b3d8a8d1b0c,94f6ca1dcf97a007e277ef20ae465b3191eab23607bd06a145e3412e4a943d69,1.0,19137905.85543848,4.0,1.0,1.0,1.0,1.0,0.5,0.9,0443ef0c7d9bef3206500308839659e34be71d46d3df6060b57427dc38afc2b0,3,2,2,3cc0424146034d862e748c7652a628b4906799d6adab4a26545abe4dc6589704,P4,False,False,False,Q[NONE]|F[Water+Crackers],1234554598.762903,1234554598.762903,0.0,4429098.392833026,0.0,4429098.392833026,h09,5,Katrina,1230125500.37007,14708807.462605452,1215416692.9074645,1832585227.4069655,49372116.65742084,19137905.85543848,0.0,1.0,0.0,0.23143067095684325,0.0,0.7685693290431568,0.0,17915363.859447412,R0,1,0,0,False,True,False,10400000.0,0.0,0.0,0.0,NONE,0,1,0,False,False,False,0.0,9557344.06438629,0.0,67134581.7587044,R0,1,0,0,False,True,False,38972116.65742084,1823027883.3425791,e4aec661027a713ca9e7b71e883d79032344bec04e14d5726feb9166468e9a51,E3B,LA-0336,336,0.2474960289041297,1.415867665017872,0.23161783770325162,0.44442365034591785,0.10204689175903321,0.3349490361938774,Medium,Unfavorable,LA-0169,LA-0374,0.0,531999999.99999845,683416692.907466,False,0,85049945.61815181,False,0,0
E3B_MEDIUM_UNFAVORABLE,LA-0303,303,c16fbaeb493f56ea949022f93f62f201d42df69eddaf0b529a63d6d3052c8179,M2,A1_FINAL_NO_MEMORY_V1,A1_FINAL_NO_MEMORY_V1_R1_WITNESS_GATED_INFEASIBLE_RETRY,certified,PASS,,,5e5a22b04e7cf80a0010acde59d1deca754bb5d4be32a209c8e081f131923f8c,147159c05b7e188099f03fbc4607850f830d538edee2d52e372b4816b55ddde4,1.0,19137905.85543848,4.0,1.0,1.0,1.0,1.0,0.5,0.9,2482351d4aadee08a33a1aecfaa6e419d5040ac965a77f42af7948dec09299bc,3,2,2,bb9bcf2b4b5eff6b548cc8b1950edd305cb6b668522698124927605ad1643771,P4,False,False,False,Q[NONE]|F[Crackers],1225815515.469823,1225815515.469823,0.0,4357903.484153836,0.0,4357903.484153836,h09,5,Katrina,1221457611.9856691,14780002.371284641,1206677609.6143844,1747799025.7075415,134158318.35684499,19137905.85543848,0.0,1.0,0.0,0.2277105717350698,0.0,0.7722894282649302,0.0,0.0,NONE,1,0,0,False,False,False,0.0,10400000.0,0.0,0.0,NONE,1,0,0,False,False,False,0.0,9557344.06438629,0.0,231105296.9360059,R0,1,0,0,False,True,False,134158318.35684499,1727841681.643155,3646b9be4618dc92913b6f4d0f408802b84ca923f4fc050b224c705eae44bc8c,E3B,LA-0303,303,0.2012034522194115,1.1755053714313501,0.23161783770325162,0.44442365034591785,0.10204689175903321,0.3349490361938774,Medium,Unfavorable,LA-0169,LA-0374,26944320.000000004,531999999.99999845,647733289.614386,False,0,231105296.9360059,False,0,0
E3B_MEDIUM_UNFAVORABLE,LA-0434,434,eaedf29b3f0adcc63ef9891f0af185763f8d102f02654270b1c9ecc613eea483,M2,A1_FINAL_NO_MEMORY_V1,A1_FINAL_NO_MEMORY_V1_R1_WITNESS_GATED_INFEASIBLE_RETRY,certified,PASS,,,4ad380c7fe3553cf64fca67391ea1394136e0138be5cc550f8ed93971b0e298a,d2227f1f3b6a3e0570ffc20a400a3a3e24763ced70b9c002becc3ba6549ef151,1.0,19137905.85543848,4.0,1.0,1.0,1.0,1.0,0.5,0.9,aa58a46b04498fcd3a2e8215a9f95d77e3a4c90986c4df3dd171e8b6b0049c23,3,2,2,e90b4c0e86667ab7f469e96f42a513bcb479a38853ae3703442ce1385a55c459,P4,False,False,False,Q[NONE]|F[Crackers],1158759699.4043388,1158759699.4043388,0.0,3679721.399552711,0.0,3679721.399552711,h09,5,Katrina,1155079978.004786,15458184.455885768,1139621793.5489001,1568926276.9199715,313031067.14441496,19137905.85543848,0.0,1.0,0.0,0.19227398375496935,0.0,0.8077260162450307,0.0,0.0,NONE,1,0,0,False,False,False,0.0,10400000.0,0.0,0.0,NONE,1,0,0,False,False,False,0.0,9557344.06438629,0.0,539237064.1541642,R0,1,0,0,False,True,False,313031067.14441496,1548968932.855585,9d4334eb5809f0527d4bf42f52b9dc1147fdf89e73e2eaca246dc425bab4f1f6,E3B,LA-0434,434,0.07281199372496766,0.5269128179307132,0.23161783770325162,0.44442365034591785,0.10204689175903321,0.3349490361938774,Medium,Unfavorable,LA-0169,LA-0374,26944320.000000004,531999999.99999845,580677473.5489017,False,0,539237064.1541642,False,0,0
E3B_MEDIUM_UNFAVORABLE,LA-0251,251,347e956fe65cc2b94ea2a0fc4a245738795104572a19188d39eee4a3d1c98ad2,M2,A1_FINAL_NO_MEMORY_V1,A1_FINAL_NO_MEMORY_V1_R1_WITNESS_GATED_INFEASIBLE_RETRY,certified,PASS,,,16749b5df8faad21255b191d6ad4c7c5371bcc346d35ad27c76e3007e41a283c,cdfa69a66721d6daec7f76d8be890e2d95dd2211d3ee51474d0af641001f3d07,1.0,19137905.85543848,4.0,1.0,1.0,1.0,1.0,0.5,0.9,a138757af08f3b10ab23dd5f35c6d2a8550f3c294731549c4eb81053a27827d1,6,2,2,dd684d8f3f6ad540a2b7dd3b43a4f6100f3a2616d2349713e263106955c3c92a,P1,False,False,False,Q[Water+Vaccine]|F[NONE],1221653928.8668115,1221653928.8668115,19137905.85543848,0.0,0.0,19137905.85543848,h09,5,Katrina,1202516023.011373,0.0,1202516023.011373,1871063119.1256714,0.0,19137905.85543848,0.0,1.0,1.0,0.0,0.0,0.0,14359476.888880685,0.0,NONE,1,0,0,True,False,False,0.0,0.0,682385.729363933,0.0,NONE,1,0,0,True,False,False,0.0,9063119.125671402,0.0,0.0,NONE,1,0,0,False,False,False,0.0,1862000000.0,38df01d89017cf4ea58e77997ea513fad19cd840bf169729630464e6d5ccc1cc,E3B,LA-0251,251,0.4303572591192663,0.9417077927445587,0.23161783770325162,0.44442365034591785,0.10204689175903321,0.3349490361938774,Medium,Unfavorable,LA-0169,LA-0374,0.0,504489463.0113729,698026560.0,False,0,0.0,False,0,0
E3B_MEDIUM_UNFAVORABLE,LA-0758,758,65dfbf56050f03b54ff46c8be21d44467ac1c89802d9accd48cf2337381696b4,M2,A1_FINAL_NO_MEMORY_V1,A1_FINAL_NO_MEMORY_V1_R1_WITNESS_GATED_INFEASIBLE_RETRY,certified,PASS,,,d3df5eef42217565657e0ad0a4604794ab1999b0cdb174124ed8782d6a86744d,3d0e056854eca8119678008376a38ee9d8aa2eb291aa2665799435af056dd529,1.0,19137905.85543848,4.0,1.0,1.0,1.0,1.0,0.5,0.9,8bb2524a87fa92a6e845f1288ca5dc7cc2873f3bf484f1246fccb54319cc862a,3,2,2,d39a8b54a598df3764544bfb60427cae31800c43bcfadde03734d7cb5a84cb83,P4,False,False,False,Q[NONE]|F[Water+Crackers],1221364953.9738934,1221364953.9738934,0.0,3147350.6626656493,0.0,3147350.6626656493,h09,5,Katrina,1218217603.3112278,15990555.192772828,1202227048.118455,1797401582.536581,84555761.52780533,19137905.85543848,0.0,1.0,0.0,0.16445637712086753,0.0,0.8355436228791324,0.0,17915363.859447412,R0,1,0,0,False,True,False,10400000.0,0.0,0.0,0.0,NONE,0,0,1,False,False,False,0.0,9557344.06438629,0.0,127743024.04279272,R0,1,0,0,False,True,False,74155761.52780533,1787844238.4721947,855da454844d02eff896f66b8fb794b1140471b40e71f413fbc3af68cca199ab,E3B,LA-0758,758,0.13349888452671252,1.1683913707300335,0.23161783770325162,0.44442365034591785,0.10204689175903321,0.3349490361938774,Medium,Unfavorable,LA-0169,LA-0374,0.0,531999999.99999845,670227048.1184564,False,0,145658387.90224013,False,0,0
E3B_MEDIUM_UNFAVORABLE,LA-0129,129,05d5177207c024ba14c28a7fb0c3c36ecc93815714c381fa57cfedd0ad5998f8,M2,A1_FINAL_NO_MEMORY_V1,A1_FINAL_NO_MEMORY_V1_R1_WITNESS_GATED_INFEASIBLE_RETRY,certified,PASS,,,b4ff088a8394c23e66f7e95246957cf38348d33a4c386fd6f56e0f9ce6d70156,894f0d357b57c7aad9f8c52fac7719a7e96adff7a42ba82266718b12925e16e7,1.0,19137905.85543848,4.0,1.0,1.0,1.0,1.0,0.5,0.9,daa801b0f9aeb1a96bca4602f405af52fec08d05a4db5d1d4e39c42b1722c1d2,3,2,2,56f2933a1786c76c1b1377c44e309c1e74aa09ce7548509cd2c2a4235a968d07,P4,False,False,False,Q[NONE]|F[Crackers],1230320474.0612175,1230320474.0612175,0.0,7680374.861042586,0.0,7680374.861042586,h09,5,Katrina,1222640099.200175,11457530.994395893,1211182568.205779,1759816094.079806,122141249.9845803,19137905.85543848,0.0,1.0,0.0,0.40131741262903275,0.0,0.5986825873709672,0.0,0.0,NONE,1,0,0,False,False,False,0.0,10400000.0,0.0,0.0,NONE,0,0,1,False,False,False,0.0,9557344.06438629,0.0,210404320.74245015,R0,1,0,0,False,True,False,122141249.9845803,1739858750.0154197,f08d28cac173ca2aea7c3dda9a41828afedbb11e421049561f3142fc5e2e8609,E3B,LA-0129,129,0.38948925715897714,1.0009131628078367,0.23161783770325162,0.44442365034591785,0.10204689175903321,0.3349490361938774,Medium,Unfavorable,LA-0169,LA-0374,26944320.000000004,531999999.99999845,652238248.2057805,False,0,210404320.74245015,False,0,0
E3B_MEDIUM_UNFAVORABLE,LA-0534,534,76613688246fc21bd3cc4da9ace6e6631a784ba3b2caea1552cebedc2b08edfe,M2,A1_FINAL_NO_MEMORY_V1,A1_FINAL_NO_MEMORY_V1_R1_WITNESS_GATED_INFEASIBLE_RETRY,certified,PASS,,,c23d0210b2a8b4ddccf5e7eb2e7ea20c48f4c6286643d843398588299e945d85,579ba8807b9df098f6c4a53183b3527c6ddaec9d687160c80bf687607043a2be,1.0,19137905.85543848,4.0,1.0,1.0,1.0,1.0,0.5,0.9,83dab681b83f8e56312141254a034f6e933d65c71e3ebf9a449250873b18248a,3,2,2,ed15610ed6aae147fc0aef72b67a6c0e37a4161f8f3b12ede701cbf3ee347e7c,P4,False,False,False,Q[NONE]|F[Water+Vaccine],1212573624.4468515,1212573624.4468515,0.0,1429241.3410607928,0.0,1429241.3410607928,h09,5,Katrina,1211144383.1057906,17708664.514377687,1193435718.591413,1880519627.6134057,1437716.4509806186,19137905.85543848,0.0,1.0,0.0,0.07468117733762604,0.0,0.9253188226623741,0.0,535352.7500877406,R0,1,0,0,False,True,False,310776.19436551223,10089223.805634487,0.0,1941302.3793383334,R0,1,0,0,False,True,False,1126940.2566151062,8430403.807771184,0.0,0.0,NONE,1,0,0,False,False,False,0.0,1862000000.0,223cdd492b8366409ec1c1b9a8ad156c0f4b6b10e6e8117e20e467fa0be73821,E3B,LA-0534,534,0.052234703004595505,1.1148890864065537,0.23161783770325162,0.44442365034591785,0.10204689175903321,0.3349490361938774,Medium,Unfavorable,LA-0169,LA-0374,26139161.035637833,469269997.55577517,698026560.0,False,0,2476655.129426074,False,0,0
E3B_MEDIUM_UNFAVORABLE,LA-0988,988,7e33ca8d07cd3699a84d5f73e5c1d546de9fc417bdeb1e4b64eadbba66a6b13c,M2,A1_FINAL_NO_MEMORY_V1,A1_FINAL_NO_MEMORY_V1_R1_WITNESS_GATED_INFEASIBLE_RETRY,certified,PASS,,,7abae68ed360ffed8c4dafc35ae446223945dfe70d636dfbb0d6b067a7f5a66f,6f0d0cace8ded327bf348fa125008b2308b3b8c7697a80b2be347248fd0c9302,1.0,19137905.85543848,4.0,1.0,1.0,1.0,1.0,0.5,0.9,0b45eefa568579fef1b558d9c6b09fec48e5914d683a22caba93d37d7bf08cf3,3,2,2,0e3a6c3e5a7c697b131e67f3e6c86806c2373403abb9309955874e8c46555b4a,P4,False,False,False,Q[NONE]|F[Water+Crackers],1188461466.8486803,1188461466.8486803,0.0,1426919.498466271,0.0,1426919.498466271,h09,5,Katrina,1187034547.350214,17710986.356972206,1169323560.9932418,1709630863.572611,172326480.49177533,19137905.85543848,0.0,1.0,0.0,0.07455985567306879,0.0,0.9254401443269311,0.0,17915363.859447412,R0,1,0,0,False,True,False,10399999.999999996,3.725290298461914e-09,0.0,0.0,NONE,0,0,1,False,False,False,0.0,9557344.06438629,0.0,278939597.7394104,R0,1,0,0,False,True,False,161926480.49177533,1700073519.5082247,5361d9793b20ed45dcb11f6c8b65fdf4118682fdfa234dfcc5635a0a800dc0b0,E3B,LA-0988,988,0.037803197376874896,0.8082842262685463,0.23161783770325162,0.44442365034591785,0.10204689175903321,0.3349490361938774,Medium,Unfavorable,LA-0169,LA-0374,9.651482105255128e-09,531999999.99999845,637323560.9932432,False,0,296854961.5988578,False,0,0
E3B_MEDIUM_UNFAVORABLE,LA-0056,56,1738ad1dd29775b4c1243f37df4a477fb45779e43f85cfc3b12da636f8161850,M2,A1_FINAL_NO_MEMORY_V1,A1_FINAL_NO_MEMORY_V1_R1_WITNESS_GATED_INFEASIBLE_RETRY,certified,PASS,,,c1a5071c8225e834a1ed56b9ac06e9e729a564fac3cae966848d5bdf61f53e51,c0339b2284b6ed0bf000178f92a4566deb9bfac302e784a23be75254518c45c9,1.0,19137905.85543848,4.0,1.0,1.0,1.0,1.0,0.5,0.9,ed0df8e908720246eb50f339aabbda863908cca4996eddcbf531cf219f35d183,3,2,2,12e225c2f999d913f67e15de2ad92fd4aece9a63ebbe1e32eebb90d4dbdc334c,P4,False,False,False,Q[NONE]|F[Crackers],1218989008.1727152,1218989008.1727152,0.0,11564692.151620727,0.0,11564692.151620727,h09,5,Katrina,1207424316.0210946,7573213.703817751,1199851102.3172767,1729589179.0976722,152368164.96671405,19137905.85543848,0.0,1.0,0.0,0.6042820065568644,0.0,0.3957179934431357,0.0,0.0,NONE,1,0,0,False,False,False,0.0,10400000.0,0.0,0.0,NONE,1,0,0,False,False,False,0.0,9557344.06438629,0.0,262474145.76682597,R0,1,0,0,False,True,False,152368164.96671405,1709631835.0332859,a783dd4e4868e67a6fbed8a789c0b7a5c227f30c1385d31a36720e70de0fe418,E3B,LA-0056,56,0.47012707750102717,0.5303391582428083,0.23161783770325162,0.44442365034591785,0.10204689175903321,0.3349490361938774,Medium,Unfavorable,LA-0169,LA-0374,26944320.000000004,531999999.99999845,640906782.3172781,False,0,262474145.76682597,False,0,0
E3B_MEDIUM_UNFAVORABLE,LA-0241,241,2cf6628e1d5fa070cdf66ed0f55df7b7bfec99e19ed82e25bc4e19be4c5658ec,M2,A1_FINAL_NO_MEMORY_V1,A1_FINAL_NO_MEMORY_V1_R1_WITNESS_GATED_INFEASIBLE_RETRY,certified,PASS,,,55353c11492595755c32e67437e2346c6c073d436fe1507e566453bb68be1f35,8eaa7ab15176b83a2f0b0cb89b8902b531c856207b112f254d2cad0f975082b4,1.0,19137905.85543848,4.0,1.0,1.0,1.0,1.0,0.5,0.9,19997041b5754607076d588bc7db858db795d71d62c7f415ba925dfe9acce166,7,2,2,91b62b191d70ab2829b14654b60da77f3e368f2063d36c1cbb552318534cbaf9,P1,False,False,False,Q[Water+Vaccine]|F[NONE],1228660840.053436,1228660840.053436,19137905.85543848,0.0,0.0,19137905.85543848,h09,5,Katrina,1209522934.1979976,0.0,1209522934.1979976,1871188997.8118353,0.0,19137905.85543848,0.0,1.0,1.0,0.0,0.0,0.0,16522628.612714507,0.0,NONE,1,0,0,True,False,False,0.0,0.0,585196.9549794181,0.0,NONE,0,1,0,True,False,False,0.0,9188997.811835252,0.0,0.0,NONE,1,0,0,False,False,False,0.0,1862000000.0,a2ce38b939f83cca54dccfe9ef1f7a4d3e75bf3c545588421b5a3a6e50877f08,E3B,LA-0241,241,0.482687376204996,1.4846618650200152,0.23161783770325162,0.44442365034591785,0.10204689175903321,0.3349490361938774,Medium,Unfavorable,LA-0169,LA-0374,0.0,511496374.19799745,698026560.0,False,0,0.0,False,0,0
E3B_MEDIUM_UNFAVORABLE,LA-0773,773,352684c43c955d5fdf1b7efe1809d560e18ff6e9a14fec08d2d438ec511cdc73,M2,A1_FINAL_NO_MEMORY_V1,A1_FINAL_NO_MEMORY_V1_R1_WITNESS_GATED_INFEASIBLE_RETRY,certified,PASS,,,8e2d10be8f1be962d6665be23c3e6b39b7a9a4b7162d3e97af5750d0f8b07b6f,5618e93223fb7ccb82f3e8173545c3dcedc38ee296f323826394f940bf3acfe1,1.0,19137905.85543848,4.0,1.0,1.0,1.0,1.0,0.5,0.9,e927d0ceb96f4cf872b7d4acd597776615cfc3b5a285e7cb2873baba64c256c3,3,2,2,0f75404ec2be42fe1c5a0df774cc5689195d8bcaef7253a50fe13b45d8472f97,P1,False,False,False,Q[Water+Vaccine]|F[NONE],1229415026.048705,1229415026.048705,19137905.855438434,0.0,0.0,19137905.855438434,h09,5,Katrina,1210277120.1932666,0.0,1210277120.1932666,1871202546.7122965,0.0,19137905.855438434,4.470348358154297e-08,0.9999999999999977,0.9999999999999977,0.0,0.0,0.0,16794948.201460715,0.0,NONE,1,0,0,True,False,False,0.0,0.0,572961.8413812658,0.0,NONE,0,0,1,True,False,False,0.0,9202546.712296396,0.0,0.0,NONE,1,0,0,False,False,False,0.0,1862000000.0,9d11ffac411c5453a261b04312be7e66d81bba99654fbbe3eea44664b3c7af09,E3B,LA-0773,773,0.3214305123020428,1.1381149352685964,0.23161783770325162,0.44442365034591785,0.10204689175903321,0.3349490361938774,Medium,Unfavorable,LA-0169,LA-0374,0.0,512250560.19326663,698026560.0,False,0,0.0,False,0,0
E3B_MEDIUM_UNFAVORABLE,LA-0325,325,ee053b011bcec6468ff0b659ca14db2c3cda3815407a3e20302f1b30d5cfd97b,M2,A1_FINAL_NO_MEMORY_V1,A1_FINAL_NO_MEMORY_V1_R1_WITNESS_GATED_INFEASIBLE_RETRY,certified,PASS,,,5df142878e108f2d36457ee3801f85cc4d6d9b28e0346e15ea5ea011ad78ac10,8583bc4278e0b5ab63ca9835b86c6e196643049f1aa3dccf628d2ab0039c5dec,1.0,19137905.85543848,4.0,1.0,1.0,1.0,1.0,0.5,0.9,3f3ce43a6ec2d4c1b28be981cd31668c294241f2aa7b3b0cff52762623b989ec,6,2,2,6ef2cf110d9fab5239b3a953a3874b4efd68af0f113a143df0b1150cfe313021,P1,False,False,False,Q[Water+Vaccine]|F[NONE],1225195499.2187395,1225195499.2187395,19137905.85543848,0.0,0.0,19137905.85543848,h09,5,Katrina,1206057593.363301,0.0,1206057593.363301,1871126743.1978173,0.0,19137905.85543848,0.0,1.0,1.0,0.0,0.0,0.0,15377011.123688519,0.0,NONE,1,0,0,True,False,False,0.0,0.0,636668.684144383,0.0,NONE,0,0,1,True,False,False,0.0,9126743.197817279,0.0,0.0,NONE,1,0,0,False,False,False,0.0,1862000000.0,10c39762db034d4aa4095611d8eebdab3f69968433350b1e38e0e25640761c27,E3B,LA-0325,325,0.28826319415648327,1.4352926360807987,0.23161783770325162,0.44442365034591785,0.10204689175903321,0.3349490361938774,Medium,Unfavorable,LA-0169,LA-0374,0.0,508031033.36330104,698026560.0,False,0,0.0,False,0,0
E3B_MEDIUM_UNFAVORABLE,LA-0539,539,38b363b234a7c060faae0441c55f6a3fd6b9eab446463cb665ae20148e7cb7b9,M2,A1_FINAL_NO_MEMORY_V1,A1_FINAL_NO_MEMORY_V1_R1_WITNESS_GATED_INFEASIBLE_RETRY,certified,PASS,,,f85e0a54d5c76a6f278b26bfd0a447671a86bb0d4ef8e11a1615c70483ae835b,b5d41a7f76af76754ed0a9830e2bfed3a041cd16c2193cd69013913044ad64bd,1.0,19137905.85543848,4.0,1.0,1.0,1.0,1.0,0.5,0.9,88632f7be05281c8bb16dc2f737e17ab9300c5f583f21367fdf1adfeaff683d3,3,2,2,d95e0d8b18601486057dea58ce2db5320a5cf008f70fee6569a9b645f1905862,P4,False,False,False,Q[NONE]|F[Crackers],1223626778.9351747,1223626778.9351747,0.0,2679734.44949005,0.0,2679734.44949005,h09,5,Katrina,1220947044.4856846,16458171.405948427,1204488873.0797362,1741960526.6287742,139996817.43561232,19137905.85543848,0.0,1.0,0.0,0.14002234464585064,0.0,0.8599776553541493,0.0,0.0,NONE,0,0,1,False,False,False,0.0,10400000.0,0.0,0.0,NONE,0,0,1,False,False,False,0.0,9557344.06438629,0.0,241162877.2618872,R0,1,0,0,False,True,False,139996817.43561232,1722003182.5643878,8dd2ddf26bf49460ba071b0911f8bcec18f7b3c9dacd85f6631fb98626c3f3f4,E3B,LA-0539,539,0.1185629571490235,1.254385826437916,0.23161783770325162,0.44442365034591785,0.10204689175903321,0.3349490361938774,Medium,Unfavorable,LA-0169,LA-0374,26944320.000000004,531999999.99999845,645544553.0797377,False,0,241162877.2618872,False,0,0
E3B_MEDIUM_UNFAVORABLE,LA-0618,618,cc51d9aa8025dc8c3cad333a7d884bcd02747b3bb5b1eb75c4d4790786d456cb,M2,A1_FINAL_NO_MEMORY_V1,A1_FINAL_NO_MEMORY_V1_R1_WITNESS_GATED_INFEASIBLE_RETRY,certified,PASS,,,8350415c032680d083048b2f243110d1344ccc196b91d29dfc5a2e992f3227eb,8c95adb033b1547cffb5582230c8f90a7c15716a7733e5866f2f4782dc805b86,1.0,19137905.85543848,4.0,1.0,1.0,1.0,1.0,0.5,0.9,0bccde12c678eb189e2a90cf51f43372c69cf0ed8e92dc940c6e5efc7603c11e,3,2,2,7c9c296555aa5a9772c945e9492d605d5d106b24f2fbb929e51d126ee6eb3a97,P2,True,False,True,Q[Water]|F[Vaccine],1235197406.4670005,1235197406.4670005,12526984.45960644,2668331.861621714,0.0,15195316.321228154,h09,5,Katrina,1220002090.1457722,3942589.5342103234,1216059500.611562,1871306426.785922,250917.2784642932,19137905.85543848,0.0,1.0,0.6545640131282497,0.13942653296433924,0.0,0.20600945390741096,19340720.178487632,0.0,NONE,1,0,0,True,False,False,0.0,0.0,0.0,432237.9175298174,R0,1,0,0,False,True,False,250917.2784642932,9306426.785921996,0.0,0.0,NONE,1,0,0,False,False,False,0.0,1862000000.0,5bd540a1596df32f31cdca5f9c39b47112de33623852591f890f0594cd2ccb53,E3B,LA-0618,618,0.44361125860603884,1.1291108384559359,0.23161783770325162,0.44442365034591785,0.10204689175903321,0.3349490361938774,Medium,Unfavorable,LA-0169,LA-0374,0.0,518032940.611562,698026560.0,False,0,432237.9175298174,False,0,0
E3B_MEDIUM_UNFAVORABLE,LA-0474,474,f4a8ccf4bb978d75a720db4bd933115899e4eb34499800a333dfadd90374446c,M2,A1_FINAL_NO_MEMORY_V1,A1_FINAL_NO_MEMORY_V1_R1_WITNESS_GATED_INFEASIBLE_RETRY,certified,PASS,,,1d47b465ed0023fccf3727105d7ec14000eee93c56ee1e42128debfaaabeed3d,72fd088739cc3a1a48eadf002d5016f72f04918f3716ca0fca10c21c84ce7d9e,1.0,19137905.85543848,4.0,1.0,1.0,1.0,1.0,0.5,0.9,fddbb21b072a65b3dec75b274296bf847617c0b0d5e7e8cb282d14db5e154a21,3,2,2,544a7d4d599ba57ac5bdc2b15da0b8fec5e01b618e4331299810d54089abd4cf,P4,False,False,False,Q[NONE]|F[Vaccine],1196144441.7979438,1196144441.7979438,0.0,735152.2638121853,0.0,735152.2638121853,h09,5,Katrina,1195409289.5341315,18402753.591626287,1177006535.9425054,1880520790.0248365,1436554.0395496762,19137905.85543847,7.450580596923828e-09,0.9999999999999996,0.0,0.03841341207158644,0.0,0.9615865879284132,0.0,0.0,NONE,1,0,0,False,False,False,0.0,10400000.0,0.0,2474652.7232972556,R0,1,0,0,False,True,False,1436554.0395496762,8120790.024836613,0.0,0.0,NONE,1,0,0,False,False,False,0.0,1862000000.0,30a297c0de7dd431700c38803247f320ebe65a60fdc6e560f5c05d720b9c349c,E3B,LA-0474,474,0.0213475784086849,0.9205479671487072,0.23161783770325162,0.44442365034591785,0.10204689175903321,0.3349490361938774,Medium,Unfavorable,LA-0169,LA-0374,26944320.000000004,452035655.94250524,698026560.0,False,0,2474652.7232972556,False,0,0
E3B_MEDIUM_UNFAVORABLE,LA-0559,559,38944a37260798b40473266bb6dbfc9ff5d6eb3a9c77f1e4a075d76223cac0af,M2,A1_FINAL_NO_MEMORY_V1,A1_FINAL_NO_MEMORY_V1_R1_WITNESS_GATED_INFEASIBLE_RETRY,certified,PASS,,,f8d460d37fca7cb6b9d4837f22694a971c1dd5ad318cbe2afda2f7216885add1,d8f69d1eea009e50e98ddc3d4fe79a90d25a6278f790a044ddd203de45c4a0a3,1.0,19137905.85543848,4.0,1.0,1.0,1.0,1.0,0.5,0.9,fc54dc5bf156b5ec2fe6e33f3779d4ba795f97d7ab433bcdee114a77985ee10f,3,2,2,00eb1498b9c5c7b586d186e45bd9a19912b7cdc06d5780ccac723885d3a0239f,P4,False,False,False,Q[NONE]|F[Water+Crackers],1228370847.4943633,1228370847.4943633,0.0,1806473.3207717563,0.0,1806473.3207717563,h09,5,Katrina,1226564374.1735916,17331432.53466672,1209232941.6389248,1816089945.5339937,65867398.53039256,19137905.85543848,0.0,1.0,0.0,0.09439242383243333,0.0,0.9056075761675666,0.0,17915363.859447412,R0,1,0,0,False,True,False,10399999.999999994,5.587935447692871e-09,0.0,0.0,NONE,0,0,1,False,False,False,0.0,9557344.06438629,0.0,95549867.9816309,R0,1,0,0,False,True,False,55467398.530392565,1806532601.4696074,b5447e0d5b25ac909a279a6611800dad447a9f65ade78270d8fa940a8da7c2d8,E3B,LA-0559,559,0.08786898103471927,1.4522145806614144,0.23161783770325162,0.44442365034591785,0.10204689175903321,0.3349490361938774,Medium,Unfavorable,LA-0169,LA-0374,1.4477223157882692e-08,531999999.99999845,677232941.6389264,False,0,113465231.84107831,False,0,0
E3B_MEDIUM_UNFAVORABLE,LA-0626,626,81b33dbcce8673f59fa5904bd23c93aba001f02b0f5c90d8d13e9f9ae0d7a9f6,M2,A1_FINAL_NO_MEMORY_V1,A1_FINAL_NO_MEMORY_V1_R1_WITNESS_GATED_INFEASIBLE_RETRY,certified,PASS,,,a6560f35ec477811a02293fb75a763fda4a9f37b6e614afb914ff8dfe7628be0,e2f029917c354fe57560f85c2a96921c137d0740cf2656a2888befdbc040e651,1.0,19137905.85543848,4.0,1.0,1.0,1.0,1.0,0.5,0.9,dd4caafd21a18b17f4fb4da37dd6e178b96dbb0ff54a5dfc83799f11e544dd65,3,2,2,e247bde0c938cebc11338fd8d3b7ab7170bbbe1b22c1a7f398e209798c5ff33f,P4,False,False,False,Q[NONE]|F[Crackers],1219771096.3676107,1219771096.3676107,0.0,2161627.2336229524,0.0,2161627.2336229524,h09,5,Katrina,1217609469.1339877,16976278.621815525,1200633190.5121722,1731675415.2129502,150281928.8514361,19137905.85543848,0.0,1.0,0.0,0.11295004009065475,0.0,0.8870499599093452,0.0,0.0,NONE,1,0,0,False,False,False,0.0,10400000.0,0.0,0.0,NONE,0,0,1,False,False,False,0.0,9557344.06438629,0.0,258880330.46856403,R0,1,0,0,False,True,False,150281928.8514361,1711718071.1485639,db69bbb74badcc8598ff1c4fa08fc840a2ac29957000dc650873fb79046258f6,E3B,LA-0626,626,0.08909420747809774,1.2053230280580687,0.23161783770325162,0.44442365034591785,0.10204689175903321,0.3349490361938774,Medium,Unfavorable,LA-0169,LA-0374,26944320.000000004,531999999.99999845,641688870.5121737,False,0,258880330.46856403,False,0,0
E3B_MEDIUM_UNFAVORABLE,LA-0617,617,d59dafe265604f537375b55f1b3ec24bef30d0f3cbae8ad14a4a1043bdd27c49,M2,A1_FINAL_NO_MEMORY_V1,A1_FINAL_NO_MEMORY_V1_R1_WITNESS_GATED_INFEASIBLE_RETRY,certified,PASS,,,eb38931ee7c5f9f70885940b0d8094b3608ab731398ba30ab714c7c7e9a7e57b,673f86cc30c7a49ea0b23c3f82924b1cc77530430bff0eade13baed3d43d9bd7,1.0,19137905.85543848,4.0,1.0,1.0,1.0,1.0,0.5,0.9,c720be222af51650b5232216fcdea2c87c4e910c6373a7a419e0acd35749721e,6,2,2,e3c786ae018c4dd574d4e64859ba09bb7fd925ed080f9f12b686ea71660262ff,P1,False,False,False,Q[Water+Vaccine]|F[NONE],1220909713.443281,1220909713.443281,19137905.855438404,0.0,0.0,19137905.855438404,h09,5,Katrina,1201771807.5878425,0.0,1201771807.5878425,1871049749.345858,0.0,19137905.855438404,7.450580596923828e-08,0.9999999999999961,0.9999999999999961,0.0,0.0,0.0,14162542.696402738,0.0,NONE,1,0,0,True,False,False,0.0,0.0,691233.8340023828,0.0,NONE,0,1,0,True,False,False,0.0,9049749.345858047,0.0,0.0,NONE,1,0,0,False,False,False,0.0,1862000000.0,5e8192bf9dff08a0c25659e09fd55389ca52cdd3b0cf085b2292007771051557,E3B,LA-0617,617,0.4388586957323873,1.2921433526303603,0.23161783770325162,0.44442365034591785,0.10204689175903321,0.3349490361938774,Medium,Unfavorable,LA-0169,LA-0374,0.0,503745247.58784235,698026560.0,False,0,0.0,False,0,0
E3B_MEDIUM_UNFAVORABLE,LA-0624,624,a5d87dfc044d99c1808dfa2078b88e7d3fa889603a6fa05613e9bbdf178be0d7,M2,A1_FINAL_NO_MEMORY_V1,A1_FINAL_NO_MEMORY_V1_R1_WITNESS_GATED_INFEASIBLE_RETRY,certified,PASS,,,423e2b19019a9ff9d32e5d4e4d3464666fefddd01ea79bd914f98b6d8eab27ee,a07d2e2c6c94dc2415d0333704d813fdf67a5199a5918b9c5cc5bfae09d44406,1.0,19137905.85543848,4.0,1.0,1.0,1.0,1.0,0.5,0.9,2d20f6e6bf13ba323520728b936be556d60d155feb05de589075de241fda127b,3,2,2,e133bb16310e66998dc20296bd844b38b16b7becfc3c01bbe47e315d607eb239,P4,False,False,False,Q[NONE]|F[Crackers],1223556289.4438643,1223556289.4438643,0.0,10349559.448020216,0.0,10349559.448020216,h09,5,Katrina,1213206729.9958441,8788346.40741826,1204418383.5884259,1741772494.48166,140184849.5827264,19137905.85543848,0.0,1.0,0.0,0.540788502472393,0.0,0.45921149752760687,0.0,0.0,NONE,1,0,0,False,False,False,0.0,10400000.0,0.0,0.0,NONE,1,0,0,False,False,False,0.0,9557344.06438629,0.0,241486787.29388922,R0,1,0,0,False,True,False,140184849.5827264,1721815150.4172735,630a3c86650bb7d2bd1d5b5ceb41093704e9c4383b2484c6579f31a9121282f6,E3B,LA-0624,624,0.45729474403431825,0.6689194240053645,0.23161783770325162,0.44442365034591785,0.10204689175903321,0.3349490361938774,Medium,Unfavorable,LA-0169,LA-0374,26944320.000000004,531999999.99999845,645474063.5884274,False,0,241486787.29388922,False,0,0
E3B_MEDIUM_UNFAVORABLE,LA-0419,419,980ed4843284f015912efec4bdfc93012b77d07b8b05807719cf0508fa21d36a,M2,A1_FINAL_NO_MEMORY_V1,A1_FINAL_NO_MEMORY_V1_R1_WITNESS_GATED_INFEASIBLE_RETRY,certified,PASS,,,8e43a2413bf8bd9466cb70d3abe0bf9d9bf7657268e09f77d73adf6c7b5faae4,a43cea3822be3965c1459cc01015638037ff4c38b99d9ca3938ffdd744b46ead,1.0,19137905.85543848,4.0,1.0,1.0,1.0,1.0,0.5,0.9,27635c7f65cd0b71b4bc70167e4c10367788b8692995e723aa2f56f9c842ed84,6,2,2,08b162ad35de2e8b886a94e5e7fe964c54d5ccee6e1f47134c87d132a084774b,P1,False,False,False,Q[Water+Vaccine]|F[NONE],1223547655.3658326,1223547655.3658326,19137905.85543848,0.0,0.0,19137905.85543848,h09,5,Katrina,1204409749.510394,0.0,1204409749.510394,1871097139.7943087,0.0,19137905.85543848,0.0,1.0,1.0,0.0,0.0,0.0,14886199.94916811,0.0,NONE,1,0,0,True,False,False,0.0,0.0,658720.4597920568,0.0,NONE,0,1,0,True,False,False,0.0,9097139.794308605,0.0,0.0,NONE,1,0,0,False,False,False,0.0,1862000000.0,f842690ad75eb921d20dbe20907f5a937da80bbe6f2dbff14660c7a282365196,E3B,LA-0419,419,0.2981879301302888,1.2045113024052374,0.23161783770325162,0.44442365034591785,0.10204689175903321,0.3349490361938774,Medium,Unfavorable,LA-0169,LA-0374,0.0,506383189.51039416,698026560.0,False,0,0.0,False,0,0
E3B_MEDIUM_UNFAVORABLE,LA-0449,449,b99e0b8184bdd18eceee93dc36767e3a4085f25705345953926bcb96a5b5308f,M2,A1_FINAL_NO_MEMORY_V1,A1_FINAL_NO_MEMORY_V1_R1_WITNESS_GATED_INFEASIBLE_RETRY,certified,PASS,,,103f4751e21a0667578a70a2217c87293f1b63ee328cb6a12625c3d902c6976e,82704a54937038a8a31cffe6f8b124ed6bb64237575c69ef2f084429c06264ec,1.0,19137905.85543848,4.0,1.0,1.0,1.0,1.0,0.5,0.9,08423cff6c9c0e9f9bbcab6dd1418296cae0cb86fb8ae7c33eb782193c10527b,3,2,2,4df2752e30d015749ddd70c949194999b99e7a4bbd1851185d49e399a7d7eb95,P4,False,False,False,Q[NONE]|F[Water+Crackers],1238004294.4577868,1238004294.4577868,0.0,6336425.909398507,0.0,6336425.909398507,h09,5,Katrina,1231667868.5483882,12801479.946039971,1218866388.6023483,1841787360.6092803,40169983.45510611,19137905.85543848,0.0,1.0,0.0,0.3310929606019493,0.0,0.6689070393980506,0.0,17915363.859447412,R0,1,0,0,False,True,False,10400000.0,0.0,0.0,0.0,NONE,1,0,0,False,False,False,0.0,9557344.06438629,0.0,51282700.54691879,R0,1,0,0,False,True,False,29769983.45510611,1832230016.544894,81a7146726a54467af2440dbb8f15a0b92213c74dd5fc0f86a63a0946dbe5a7a,E3B,LA-0449,449,0.3861320844164644,1.3438289793658718,0.23161783770325162,0.44442365034591785,0.10204689175903321,0.3349490361938774,Medium,Unfavorable,LA-0169,LA-0374,0.0,531999999.99999845,686866388.6023499,False,0,69198064.4063662,False,0,0
E3B_MEDIUM_UNFAVORABLE,LA-0034,34,b6a09f1b58b2fbf1794374e4eee392d33de36403806d9cac077fea29336b5fb6,M2,A1_FINAL_NO_MEMORY_V1,A1_FINAL_NO_MEMORY_V1_R1_WITNESS_GATED_INFEASIBLE_RETRY,certified,PASS,,,fa137a6a49e0b9a6dd6dc8258a7475abfd014b2dbc0f49832eec707bdf6fb71e,f23c1ea8ced701389a29b50f6e2bcf3b3164bd31124bab640b4fe40f5d7d0e3c,1.0,19137905.85543848,4.0,1.0,1.0,1.0,1.0,0.5,0.9,b5dde6267af6807052cd81d7da8aee348a92863624455fa9b9b5b7ace76c5b3f,3,2,2,1221278b9cf012562e0fcaa07f7b9aee83b091ebf18be457f9f7128b49ff537b,P4,False,False,False,Q[NONE]|F[Crackers],1226997479.8040037,1226997479.8040037,0.0,9073616.944490377,0.0,9073616.944490377,h09,5,Katrina,1217923862.8595133,10064288.910948101,1207859573.9485652,1750951939.5311136,131005404.53327268,19137905.85543848,0.0,1.0,0.0,0.4741175452021517,0.0,0.5258824547978482,0.0,0.0,NONE,1,0,0,False,False,False,0.0,10400000.0,0.0,0.0,NONE,0,0,1,False,False,False,0.0,9557344.06438629,0.0,225673989.4007386,R0,1,0,0,False,True,False,131005404.53327268,1730994595.4667273,efa8b2576983613d674a847febeb5caff8a5666b2c253b588c547e3138bf09c3,E3B,LA-0034,34,0.4290092485099341,0.8197125851556852,0.23161783770325162,0.44442365034591785,0.10204689175903321,0.3349490361938774,Medium,Unfavorable,LA-0169,LA-0374,26944320.000000004,531999999.99999845,648915253.9485667,False,0,225673989.4007386,False,0,0
E3B_MEDIUM_UNFAVORABLE,LA-0228,228,9a7cf482266b21d433ac9d5b4c7a3c408df6990466426254b045b477ff91c73c,M2,A1_FINAL_NO_MEMORY_V1,A1_FINAL_NO_MEMORY_V1_R1_WITNESS_GATED_INFEASIBLE_RETRY,certified,PASS,,,5b3554b6ed9c48e2cac3fc5286f933e11ad87403f86a088b0d7de7fc2957e31d,d9f2da0d6bd0bcfbdefaa6f3c4de74aad4be798cfafe6f6579bf4b6d5f9eb6a3,1.0,19137905.85543848,4.0,1.0,1.0,1.0,1.0,0.5,0.9,4d9a366b8b3e038f66e9b21a9e3642b68607fda9fef4480b58f545b679b7143d,3,2,2,37b434e23c2ad7834d7eba2cc26906ccc772d51d6923e6fce48df63eef381578,P4,False,False,False,Q[NONE]|F[Crackers],1225027373.1434896,1225027373.1434896,0.0,10975379.09719229,0.0,10975379.09719229,h09,5,Katrina,1214051994.0462973,8162526.758246189,1205889467.2880511,1745696640.0739164,136260703.99047002,19137905.85543848,0.0,1.0,0.0,0.5734890316681844,0.0,0.42651096833181557,0.0,0.0,NONE,1,0,0,False,False,False,0.0,10400000.0,0.0,0.0,NONE,0,1,0,False,False,False,0.0,9557344.06438629,0.0,234726931.89747387,R0,1,0,0,False,True,False,136260703.99047002,1725739296.00953,15a2fcac162ff714d74ba84090c446aa3d93db10881d04cc23cc964dcb518fd6,E3B,LA-0228,228,0.498912434302167,0.6391778398358243,0.23161783770325162,0.44442365034591785,0.10204689175903321,0.3349490361938774,Medium,Unfavorable,LA-0169,LA-0374,26944320.000000004,531999999.99999845,646945147.2880526,False,0,234726931.89747387,False,0,0
E3B_MEDIUM_UNFAVORABLE,LA-0181,181,060d6c34408ab0d9201a98d0b431f21c8baac34b4d031c8897f92b6e83fd3a42,M2,A1_FINAL_NO_MEMORY_V1,A1_FINAL_NO_MEMORY_V1_R1_WITNESS_GATED_INFEASIBLE_RETRY,certified,PASS,,,7e3cf0575a124389ec590183f90e518e3d316a24577b0ca5bf26397fb9ae36c9,141a08bb94e82ee0e166c2a5c63a95294a4d618067f485f6c54af39c86e7825d,1.0,19137905.85543848,4.0,1.0,1.0,1.0,1.0,0.5,0.9,3ff24c39b5e1b695a58d39b355c6b676989a533ae317dfdeaa9c99e1e6c443a9,3,2,2,69e54634c16cc11c1b0ef590da1927f84a22ccd18c4808ea4eedb9a86ffb1186,P4,False,False,False,Q[NONE]|F[Water+Crackers],1227123513.213289,1227123513.213289,0.0,4015958.376485589,0.0,4015958.376485589,h09,5,Katrina,1223107554.8368034,15121947.478952888,1207985607.3578506,1812762656.0518277,69194688.0125587,19137905.85543848,0.0,1.0,0.0,0.20984314620527625,0.0,0.7901568537947237,0.0,17915363.859447412,R0,1,0,0,False,True,False,10400000.0,0.0,0.0,0.0,NONE,0,1,0,False,False,False,0.0,9557344.06438629,0.0,101281560.45650768,R0,1,0,0,False,True,False,58794688.01255869,1803205311.9874413,d37360f9f908e53043ade31821615f42ed39bc83a5c7517eedde6b010f300bc6,E3B,LA-0181,181,0.19036687067830893,1.2348158263340263,0.23161783770325162,0.44442365034591785,0.10204689175903321,0.3349490361938774,Medium,Unfavorable,LA-0169,LA-0374,0.0,531999999.99999845,675985607.357852,False,0,119196924.3159551,False,0,0
E3B_MEDIUM_UNFAVORABLE,LA-0446,446,158f38ab0c9f58e91011abed655b810dbd3885ea73cd7e5251f840705844af14,M2,A1_FINAL_NO_MEMORY_V1,A1_FINAL_NO_MEMORY_V1_R1_WITNESS_GATED_INFEASIBLE_RETRY,certified,PASS,,,13b8704187407396f8e9dbdbb6ac8e1b462d55708c68835b652290d24a88e89a,0daf9babeb8afd75640e180352626acf5d5dee52da351ecbbe0098f6f22fa065,1.0,19137905.85543848,4.0,1.0,1.0,1.0,1.0,0.5,0.9,f4db149368ca2a17f7187f809e9b1a8729595b5848db237131e3f5a114814a99,3,2,2,1f37f3c684dd2cc59b291787a27e831f9e6483ae75dff3765fbc914786366dd0,P4,False,False,False,Q[NONE]|F[Crackers],1219146532.0779707,1219146532.0779707,0.0,11961182.928109646,0.0,11961182.928109646,h09,5,Katrina,1207185349.149861,7176722.92732883,1200008626.2225323,1730009377.308448,151947966.75593832,19137905.855438475,3.725290298461914e-09,0.9999999999999998,0.0,0.6249995698829608,0.0,0.37500043011703904,0.0,0.0,NONE,1,0,0,False,False,False,0.0,10400000.0,0.0,0.0,NONE,1,0,0,False,False,False,0.0,9557344.06438629,0.0,261750299.24383214,R0,1,0,0,False,True,False,151947966.75593832,1710052033.2440617,76709f64767c814cf41da25a13fb2cba8b6023d11c61c49062ba35448988e585,E3B,LA-0446,446,0.4875898601653845,0.5039634109539316,0.23161783770325162,0.44442365034591785,0.10204689175903321,0.3349490361938774,Medium,Unfavorable,LA-0169,LA-0374,26944320.000000004,531999999.99999845,641064306.2225338,False,0,261750299.24383214,False,0,0
E3B_MEDIUM_UNFAVORABLE,LA-0761,761,0c5c240e662b976646957642eb48b5a8f9a03e99dc1d52d93eebd12c8367a925,M2,A1_FINAL_NO_MEMORY_V1,A1_FINAL_NO_MEMORY_V1_R1_WITNESS_GATED_INFEASIBLE_RETRY,certified,PASS,,,2c2f2ded3de2062644ec8b59ca63beb72894283ccbe7181562bb2178c90c1706,f4b09f3ba77968707d3f30475abd6668d8a8dcd9d93627621b6efa42bde2b0e2,1.0,19137905.85543848,4.0,1.0,1.0,1.0,1.0,0.5,0.9,e45a68a35349747235ac347d8cbd38ad2047494ff46e4db488147b731c812a4b,6,2,2,ef34916561c9287bd6e45fbae98a241eccc10af042f745b46277c024e9f13980,P1,False,False,False,Q[Water+Vaccine]|F[NONE],1226774135.3903177,1226774135.3903177,19137905.85543848,0.0,0.0,19137905.85543848,h09,5,Katrina,1207636229.5348792,0.0,1207636229.5348792,1871155103.2900057,0.0,19137905.85543848,0.0,1.0,1.0,0.0,0.0,0.0,15878553.369568503,0.0,NONE,0,1,0,True,False,False,0.0,0.0,614134.769559445,0.0,NONE,0,1,0,True,False,False,0.0,9155103.290005732,0.0,0.0,NONE,1,0,0,False,False,False,0.0,1862000000.0,1b0fc76614b8cc92efd72f500d54635b20831cd91ebc37a98611d5d6831e8bbd,E3B,LA-0761,761,0.25883407502782685,1.480943150572624,0.23161783770325162,0.44442365034591785,0.10204689175903321,0.3349490361938774,Medium,Unfavorable,LA-0169,LA-0374,0.0,509609669.5348791,698026560.0,False,0,0.0,False,0,0
E3B_MEDIUM_UNFAVORABLE,LA-0273,273,6e3027e413984f86afddb8861f666c4f7f39e3f7b8fc8923bc2837cef8f6b96c,M2,A1_FINAL_NO_MEMORY_V1,A1_FINAL_NO_MEMORY_V1_R1_WITNESS_GATED_INFEASIBLE_RETRY,certified,PASS,,,6b8b4e9266afd2cd4179210dbd53097eb88cb948659e84d5c5bdbfbbbd7a16aa,d71be3793577b1c226a819f8181bf4d0e4ba24325b2fdbe59bc182f07c8060b6,1.0,19137905.85543848,4.0,1.0,1.0,1.0,1.0,0.5,0.9,750efa52d9a60f16500c6774af975350c1153b73b585c17d968e19aab27df47d,3,2,2,4be1d00d7ab4feaa72483318d619cec173fb60bfd24ac9845b4c774f607212f0,P4,False,False,False,Q[NONE]|F[Water+Crackers],1146384266.3529155,1146384266.3529155,0.0,532689.7569852531,0.0,532689.7569852531,h09,5,Katrina,1145851576.5959303,18605216.09845322,1127246360.497477,1597389078.2125905,284568265.8517959,19137905.855438475,3.725290298461914e-09,0.9999999999999998,0.0,0.02783427617467754,0.0,0.9721657238253222,0.0,17915363.859447412,R0,1,0,0,False,True,False,10400000.0,0.0,0.0,0.0,NONE,0,0,1,False,False,False,0.0,9557344.06438629,0.0,472290792.4469841,R0,1,0,0,False,True,False,274168265.8517959,1587831734.148204,61653c2a6f157954adc7e58974d5ddb3604b102e15912e63f8fa8f3ec3c6f1fe,E3B,LA-0273,273,0.009534984089101778,0.5736838700903146,0.23161783770325162,0.44442365034591785,0.10204689175903321,0.3349490361938774,Medium,Unfavorable,LA-0169,LA-0374,0.0,531999999.99999845,595246360.4974787,False,0,490206156.30643153,False,0,0
E3B_MEDIUM_UNFAVORABLE,LA-0998,998,234be674a34b047722c7891081688f29aff46904e7c1145ae3fccdd9f4cd33ad,M2,A1_FINAL_NO_MEMORY_V1,A1_FINAL_NO_MEMORY_V1_R1_WITNESS_GATED_INFEASIBLE_RETRY,certified,PASS,,,13e50991704bbb911a09b890410942f24d71aac2bf31797d013b25dec0fcf604,66d1a1b7cb02dae778043e91da2d6475c8ccc30bae3f41cc536bff91c2224120,1.0,19137905.85543848,4.0,1.0,1.0,1.0,1.0,0.5,0.9,3c7a501bb15a1b9d0e75821b523206931683b86bd97c285d2e5e8311f469d17b,3,2,2,84cf27c49edc165d06c215beecd5be0e572049e009f6a020f974d4685338942e,P4,False,False,False,Q[NONE]|F[Vaccine],1214788348.9734151,1214788348.9734151,0.0,1406562.271344211,0.0,1406562.271344211,h09,5,Katrina,1213381786.702071,17731343.584094267,1195650443.1179767,1880855726.5578825,1101617.5065036963,19137905.85543848,0.0,1.0,0.0,0.07349614330684481,0.0,0.9265038566931552,0.0,0.0,NONE,1,0,0,False,False,False,0.0,10400000.0,0.0,1897680.6214375861,R0,1,0,0,False,True,False,1101617.5065036963,8455726.557882594,0.0,0.0,NONE,1,0,0,False,False,False,0.0,1862000000.0,a373a3e1d186cc3815c470fc84af74aad7b60b6c384c66430f6f7f3fdc7d847d,E3B,LA-0998,998,0.05326248454786392,1.1566351765046108,0.23161783770325162,0.44442365034591785,0.10204689175903321,0.3349490361938774,Medium,Unfavorable,LA-0169,LA-0374,26944320.000000004,470679563.1179767,698026560.0,False,0,1897680.6214375861,False,0,0
E3B_MEDIUM_UNFAVORABLE,LA-0586,586,5c219e43d6c1365300ac71a4b0b487a33250e26d33d65b33cd3acaba29b55cab,M2,A1_FINAL_NO_MEMORY_V1,A1_FINAL_NO_MEMORY_V1_R1_WITNESS_GATED_INFEASIBLE_RETRY,certified,PASS,,,c7cd6bfe755a32df0b08df7bf8a70871845e6a35922eb4e9d272c45a5c01d34f,f731fceff4660ee53d11abfa071f9f0f165e353258e96d1de76e9ede78041d47,1.0,19137905.85543848,4.0,1.0,1.0,1.0,1.0,0.5,0.9,5402d442b6387ee723235d10620953c435149e082fba8e8c3b088de0891635ac,3,2,2,28ccbc655f702f3815c23050f8d0a47ec73d8a0c35a321623839c88ee0801436,P1,False,False,False,Q[Water+Vaccine]|F[NONE],1226151204.4200666,1226151204.4200666,19137905.85543848,0.0,0.0,19137905.85543848,h09,5,Katrina,1207013298.5646281,0.0,1207013298.5646281,1871143912.377203,0.0,19137905.85543848,0.0,1.0,1.0,0.0,0.0,0.0,15676786.200360263,0.0,NONE,1,0,0,True,False,False,0.0,0.0,623200.0161948624,0.0,NONE,0,0,1,True,False,False,0.0,9143912.377203006,0.0,0.0,NONE,1,0,0,False,False,False,0.0,1862000000.0,bad4ea06c8550b0f84197a336e931915fef649f87d489ec890b61d3450e231b2,E3B,LA-0586,586,0.1996216951662047,1.298285675158851,0.23161783770325162,0.44442365034591785,0.10204689175903321,0.3349490361938774,Medium,Unfavorable,LA-0169,LA-0374,0.0,508986738.5646282,698026560.0,False,0,0.0,False,0,0
E3B_MEDIUM_UNFAVORABLE,LA-0169,169,b0f2032de2442051dcc2a77a5d1150a6cc6f7c2c5317099a77f5cb39892e418c,M2,A1_FINAL_NO_MEMORY_V1,A1_FINAL_NO_MEMORY_V1_R1_WITNESS_GATED_INFEASIBLE_RETRY,certified,PASS,,,4822531044659b2374ceae184ccd798c4eee8bc0786eec8ff07e2904a90799a4,f5a9075c416dfa5a555e46b39cbd768ff4c206a17a2bdce149fab9e920dd5e11,1.0,19137905.85543848,4.0,1.0,1.0,1.0,1.0,0.5,0.9,a4476f55d8b3b829dfc0292b9c2e75264ac269553ca361cb861fb1bf7bcc37c7,3,2,2,8aaebb1088f5420b6fd6d2ad1c621a838cef8ad2955cf79145dc06644838c0d4,P4,False,False,False,Q[NONE]|F[Crackers],1225299238.49534,1225299238.49534,0.0,7988632.481062306,0.0,7988632.481062306,h09,5,Katrina,1217310606.0142777,11149273.374376172,1206161332.6399016,1746421846.4115458,135535497.65284058,19137905.85543848,0.0,1.0,0.0,0.417424588740578,0.0,0.582575411259422,0.0,0.0,NONE,1,0,0,False,False,False,0.0,10400000.0,0.0,0.0,NONE,0,1,0,False,False,False,0.0,9557344.06438629,0.0,233477668.87710768,R0,1,0,0,False,True,False,135535497.65284058,1726464502.3471594,6716428c00e3309da2ebed91ce7aaca29dc0aba8b9f9c936556b095f5810da51,E3B,LA-0169,169,0.36508569235762595,0.8777305804642708,0.23161783770325162,0.44442365034591785,0.10204689175903321,0.3349490361938774,Medium,Unfavorable,LA-0169,LA-0374,26944320.000000004,531999999.99999845,647217012.6399031,False,0,233477668.87710768,False,0,0
E3B_MEDIUM_UNFAVORABLE,LA-0099,99,b829dc14128adbea04f3b65d0574792a25510f5aa3afd71e43c7ebb5c51b5754,M2,A1_FINAL_NO_MEMORY_V1,A1_FINAL_NO_MEMORY_V1_R1_WITNESS_GATED_INFEASIBLE_RETRY,certified,PASS,,,725f2b7c560acf366b4d93b288256e0c2254eaf08d22ab8bafca7dcfa56f4799,8f4c2533edeae4fb2be014878ee359bc8b17aa2db424432720b2370015e09944,1.0,19137905.85543848,4.0,1.0,1.0,1.0,1.0,0.5,0.9,9dc4b5fdf8de6e214471a46a3787f8909f4a2441b25b76b164d3ffd5424ef791,3,2,2,31ac8aec8f22acb06d110016065f9f26e76ef197b7cfa52c9d2427535722c0c4,P1,False,False,False,Q[Water+Vaccine]|F[NONE],1230011318.5369217,1230011318.5369217,19137905.85543848,0.0,0.0,19137905.85543848,h09,5,Katrina,1210873412.6814833,0.0,1210873412.6814833,1871213259.0665689,0.0,19137905.85543848,0.0,1.0,1.0,0.0,0.0,0.0,17016694.209815722,0.0,NONE,1,0,0,True,False,False,0.0,0.0,562998.9605813564,0.0,NONE,1,0,0,True,False,False,0.0,9213259.066568755,0.0,0.0,NONE,1,0,0,False,False,False,0.0,1862000000.0,90b3531ebc96982cf2e5cdb2f2c644bd22beb80b9c3dc37e214c7427da731fba,E3B,LA-0099,99,0.277730156288092,1.2940301137684278,0.23161783770325162,0.44442365034591785,0.10204689175903321,0.3349490361938774,Medium,Unfavorable,LA-0169,LA-0374,0.0,512846852.68148315,698026560.0,False,0,0.0,False,0,0
E3B_MEDIUM_UNFAVORABLE,LA-0456,456,b066efd1277392e47a13fc2f7059978a970609a31cf8da91e84df2298f8679ae,M2,A1_FINAL_NO_MEMORY_V1,A1_FINAL_NO_MEMORY_V1_R1_WITNESS_GATED_INFEASIBLE_RETRY,certified,PASS,,,de25d3927242e824e8cbd93084aae6212cc8af95ff305c8dd236d70d9c7a6e18,a0977cf4250f8aeac6582821fd66e70e985250e031ced99c9230405d148160cc,1.0,19137905.85543848,4.0,1.0,1.0,1.0,1.0,0.5,0.9,f931b3d71d0f2a96c78d1193b7e0d115a994029197083ccfa0effbd020ab414a,3,2,2,a6435eaf82dd144d6d728e12edc8fb0e21eb8e10461cac313dd7e5f5363b9352,P4,False,False,False,Q[NONE]|F[Water+Vaccine],1211036500.2295446,1211036500.2295446,0.0,1637425.1102065812,0.0,1637425.1102065812,h09,5,Katrina,1209399075.119338,17500480.745231897,1191898594.3741062,1870872377.7373905,11084966.326995766,19137905.85543848,0.0,1.0,0.0,0.0855592624697372,0.0,0.9144407375302628,0.0,17915363.859447412,R0,1,0,0,False,True,False,10400000.0,0.0,0.0,1179944.324961383,R0,1,0,0,False,True,False,684966.3269957659,8872377.737390524,0.0,0.0,NONE,1,0,0,False,False,False,0.0,1862000000.0,a440c168fa685522188389dbf674aa780d7e62ee909fc0b983192d580675597f,E3B,LA-0456,456,0.058429622749531396,1.0757563271002388,0.23161783770325162,0.44442365034591785,0.10204689175903321,0.3349490361938774,Medium,Unfavorable,LA-0169,LA-0374,0.0,493872034.3741061,698026560.0,False,0,19095308.184408795,False,0,0
E3B_MEDIUM_UNFAVORABLE,LA-0383,383,d9bc9e10cb7d887e13c11bb324c909d2b0a56792655b93008f11fe567fdce922,M2,A1_FINAL_NO_MEMORY_V1,A1_FINAL_NO_MEMORY_V1_R1_WITNESS_GATED_INFEASIBLE_RETRY,certified,PASS,,,8e66c2d966f6b23eb59a3f0c8d346566278eeb71ce911305c39c8fc73a59f669,f6445c5d4e644640489ce1d1d20f90a6ae8e5f6fb0db38618394b6c616bbc78b,1.0,19137905.85543848,4.0,1.0,1.0,1.0,1.0,0.5,0.9,8f51ee963838066b37b8e2e10883285b3b3c0a8c3bac7a595d9573a2f8f60999,3,2,2,7c41559277d54f602ba318691edfa92fc4f6df065c7f22b1814aaa35616c0062,P4,False,False,False,Q[NONE]|F[Water+Crackers],1203251199.1693513,1203251199.1693513,0.0,4046043.7658306044,0.0,4046043.7658306044,h09,5,Katrina,1199205155.4035208,15091862.089607874,1184113293.3139129,1749082774.3725238,132874569.6918625,19137905.85543848,0.0,1.0,0.0,0.21141517762670087,0.0,0.7885848223732992,0.0,17915363.859447412,R0,1,0,0,False,True,False,10400000.0,0.0,0.0,0.0,NONE,0,0,1,False,False,False,0.0,9557344.06438629,0.0,210978507.64990065,R0,1,0,0,False,True,False,122474569.6918625,1739525430.3081374,b63bbbc57047d9dd851e2768f96ee85040339fdcb287beb196fc7b79cb4c89ad,E3B,LA-0383,383,0.12895063706382226,0.8285677731617849,0.23161783770325162,0.44442365034591785,0.10204689175903321,0.3349490361938774,Medium,Unfavorable,LA-0169,LA-0374,0.0,531999999.99999845,652113293.3139145,False,0,228893871.50934806,False,0,0
E3B_MEDIUM_UNFAVORABLE,LA-0249,249,146da0e0e6aea1f7a59231966d2e650e4f12af806ffbc15f14ebeb711ae0f5d0,M2,A1_FINAL_NO_MEMORY_V1,A1_FINAL_NO_MEMORY_V1_R1_WITNESS_GATED_INFEASIBLE_RETRY,certified,PASS,,,87498b479915fa83737c1d00c1b24c9850bb82150835c2f1ede8c02052bc3989,45b044490e2a8268df96369715f536521e197c6becdc4f3f079a912d76127fd5,1.0,19137905.85543848,4.0,1.0,1.0,1.0,1.0,0.5,0.9,86cb47b1debfdded77dbda894e93b921a98a86590cfb79e890e3ccf2ef80a0ee,3,2,2,54ba3ec058e0c2442ba73feb881987d0c2999ea9e6391478859437b64afd2727,P4,False,False,False,Q[NONE]|F[Water+Crackers],1205675171.933599,1205675171.933599,0.0,3934282.061744702,0.0,3934282.061744702,h09,5,Katrina,1201740889.8718543,15203623.793693775,1186537266.0781605,1755548770.8627274,126408573.2016589,19137905.85543848,0.0,1.0,0.0,0.20557536918945,0.0,0.7944246308105499,0.0,17915363.859447412,R0,1,0,0,False,True,False,10400000.0,0.0,0.0,0.0,NONE,0,0,1,False,False,False,0.0,9557344.06438629,0.0,199839980.74260187,R0,1,0,0,False,True,False,116008573.2016589,1745991426.798341,0921a4fdcd691dc1ab05510057a7b72fe6fbffcc357937b67d36f6ebf9b955c6,E3B,LA-0249,249,0.12970395464159287,0.8634299986688545,0.23161783770325162,0.44442365034591785,0.10204689175903321,0.3349490361938774,Medium,Unfavorable,LA-0169,LA-0374,0.0,531999999.99999845,654537266.0781621,False,0,217755344.6020493,False,0,0
E3B_MEDIUM_UNFAVORABLE,LA-0060,60,3fbff512e96462ac99227b6ccf0461dceeb78c53d1cad8a9a62586e56ff6ae78,M2,A1_FINAL_NO_MEMORY_V1,A1_FINAL_NO_MEMORY_V1_R1_WITNESS_GATED_INFEASIBLE_RETRY,certified,PASS,,,681c7d581f065d39f04c1f7f6c2d7033af664f58b49f1c667c2de3909e64fa72,206c2665f8998ce4695ca9e0a8d328ea61fdb124f32bd365e0145530a3da965e,1.0,19137905.85543848,4.0,1.0,1.0,1.0,1.0,0.5,0.9,36e7d7f7ed3365bba198397f8eaef9872c031b176ddbf512b5ff69acdd25b2a9,3,2,2,1fc071a64ab47d238486901814d2da43976799ed73d90f4b83107ed6af47c7f5,P4,False,False,False,Q[NONE]|F[Water+Crackers],1230356020.5874841,1230356020.5874841,0.0,6873221.297935886,0.0,6873221.297935886,h09,5,Katrina,1223482799.2895482,12264684.557502592,1211218114.7320457,1821385435.0056133,60571909.058773085,19137905.85543848,0.0,1.0,0.0,0.35914176555439065,0.0,0.6408582344456093,0.0,17915363.859447412,R0,1,0,0,False,True,False,10399999.999999998,1.862645149230957e-09,0.0,0.0,NONE,0,1,0,False,False,False,0.0,9557344.06438629,0.0,86427692.91452168,R0,1,0,0,False,True,False,50171909.058773085,1811828090.941227,4e32d33b02e5a01c6efb0e5f82ad92b542cb5626127efebc561b93102e1704e2,E3B,LA-0060,60,0.3488274691543114,1.0722573366373804,0.23161783770325162,0.44442365034591785,0.10204689175903321,0.3349490361938774,Medium,Unfavorable,LA-0169,LA-0374,4.825741052627564e-09,531999999.99999845,679218114.7320472,False,0,104343056.77396908,False,0,0
E3B_MEDIUM_UNFAVORABLE,LA-0999,999,763b37c09980bbdc1fc1b17613fcac2648630c41f36f572432a9eab7f3653a72,M2,A1_FINAL_NO_MEMORY_V1,A1_FINAL_NO_MEMORY_V1_R1_WITNESS_GATED_INFEASIBLE_RETRY,certified,PASS,,,adeaec2d847f8ade840391a4e5910dd07e6a63dd9e326e8522bd38845a8caf8c,05f7dfee04a0e7d20c5ef1a87354699102bdfd939c12298131c23f6601a35668,1.0,19137905.85543848,4.0,1.0,1.0,1.0,1.0,0.5,0.9,ab73719560a81f4bfdb988a35a53b0d8463b2a876cdb43aeaf26112526ae3466,3,2,2,6c273a16b2d2b3e12e3472de06eb6e4c2da19f4deb283b33f2c643766fd350e4,P4,False,False,False,Q[NONE]|F[Water+Crackers],1198714020.3913407,1198714020.3913407,0.0,8066641.608292327,0.0,8066641.608292327,h09,5,Katrina,1190647378.7830484,11071264.24714615,1179576114.5359023,1736979757.9992557,144977586.0651308,19137905.85543848,0.0,1.0,0.0,0.4215007466974243,0.0,0.5784992533025757,0.0,17915363.859447412,R0,1,0,0,False,True,False,10400000.0,0.0,0.0,0.0,NONE,1,0,0,False,False,False,0.0,9557344.06438629,0.0,231827540.5464344,R0,1,0,0,False,True,False,134577586.0651308,1727422413.9348693,621c57ddb8a79d199298fa3d2c4d39b74ed470ea80f02250354b9599994ea164,E3B,LA-0999,999,0.2420186706940343,0.5721970565196509,0.23161783770325162,0.44442365034591785,0.10204689175903321,0.3349490361938774,Medium,Unfavorable,LA-0169,LA-0374,0.0,531999999.99999845,647576114.5359038,False,0,249742904.40588182,False,0,0
E3B_MEDIUM_UNFAVORABLE,LA-0927,927,180dc572142d09eae64ab1ff4cdef1f3b9eae566ddd5fbe1049bd9da1419be57,M2,A1_FINAL_NO_MEMORY_V1,A1_FINAL_NO_MEMORY_V1_R1_WITNESS_GATED_INFEASIBLE_RETRY,certified,PASS,,,14b8806ccffd874187e1907158542da24dd03f11c229cb02b1b5de5c8005f674,7fa7e66e6852ffd6e8a6df2a3ea2b7959ea55758751e426c93fbcb01c0d4bf1b,1.0,19137905.85543848,4.0,1.0,1.0,1.0,1.0,0.5,0.9,acdbbd274a53d2c5b4d495191d9ba72fbe0bbf6d759753c7d4e62019ea9b8794,3,2,2,c0e39cf9eb1496688ebd1c1eec2a069d78916a940c48a89839be36f36333d941,P4,False,False,False,Q[NONE]|F[Crackers],1228994124.6018736,1228994124.6018736,0.0,9261771.176306691,0.0,9261771.176306691,h09,5,Katrina,1219732353.425567,9876134.679131787,1209856218.7464352,1756278030.0077195,125679314.05666694,19137905.85543848,0.0,1.0,0.0,0.4839490405202691,0.0,0.5160509594797309,0.0,0.0,NONE,1,0,0,False,False,False,0.0,10400000.0,0.0,0.0,NONE,0,0,1,False,False,False,0.0,9557344.06438629,0.0,216499100.08951467,R0,1,0,0,False,True,False,125679314.05666694,1736320685.9433331,02e2d018783acd98a45db9471436c803d863cd3ad3049db25a478c7ac9ba190f,E3B,LA-0927,927,0.4564630960202076,0.8384765519998174,0.23161783770325162,0.44442365034591785,0.10204689175903321,0.3349490361938774,Medium,Unfavorable,LA-0169,LA-0374,26944320.000000004,531999999.99999845,650911898.7464367,False,0,216499100.08951467,False,0,0
E3B_MEDIUM_UNFAVORABLE,LA-0962,962,94051f5d79aaa9d30b40f544272cfd0efed889ed6139971b0f730f47cd1b503a,M2,A1_FINAL_NO_MEMORY_V1,A1_FINAL_NO_MEMORY_V1_R1_WITNESS_GATED_INFEASIBLE_RETRY,certified,PASS,,,b77391cab63fd2596b9a47ca187695953ad687ac2bcd2ce05f75b81dd3e4fb93,050b7f1db8ce8fb950c7ca2d1c94f6298f6a90756f0019532f451645c14af923,1.0,19137905.85543848,4.0,1.0,1.0,1.0,1.0,0.5,0.9,1b9e3f14e47e9aefd1740c607b4cdd4429008463c6689a49b789a9d7bc578350,3,2,2,84a628c37b0da3be260d18d9aaf5e215b0d61acfa6f880641d3bf8e55e8a934f,P4,False,False,False,Q[NONE]|F[Crackers],1218303785.9964414,1218303785.9964414,0.0,11237517.934286686,0.0,11237517.934286686,h09,5,Katrina,1207066268.0621548,7900387.921151793,1199165880.141003,1727761335.0508473,154196009.01353905,19137905.85543848,0.0,1.0,0.0,0.5871863943302493,0.0,0.41281360566975067,0.0,0.0,NONE,1,0,0,False,False,False,0.0,10400000.0,0.0,0.0,NONE,0,0,1,False,False,False,0.0,9557344.06438629,0.0,265622846.84155628,R0,1,0,0,False,True,False,154196009.01353905,1707803990.986461,e6e8c23b79bd8fd76186a29596046dd42f642d2b0bc72a6867b43f7e2d823365,E3B,LA-0962,962,0.4514115749617439,0.5466923581298027,0.23161783770325162,0.44442365034591785,0.10204689175903321,0.3349490361938774,Medium,Unfavorable,LA-0169,LA-0374,26944320.000000004,531999999.99999845,640221560.1410044,False,0,265622846.84155628,False,0,0
E3B_MEDIUM_UNFAVORABLE,LA-0044,44,a038cf45cee562876a7617518296aa0442df2ad4ac8f6514371e7f89246f5f5a,M2,A1_FINAL_NO_MEMORY_V1,A1_FINAL_NO_MEMORY_V1_R1_WITNESS_GATED_INFEASIBLE_RETRY,certified,PASS,,,e4890940b3baa617455773794e44b17ce5f6695b00d448cef18839a150fc3e86,a340caede1ee770a4151cd341c71bf4e71dc57cda52deade63467facfd97042d,1.0,19137905.85543848,4.0,1.0,1.0,1.0,1.0,0.5,0.9,9e70a33de95038ebd8330494aef7a575646fb8b786b60b520bc406b712495648,7,2,2,c849a2bee0146feb18343bc7937f566fc88d60f672b141d755de3a6803769bc3,P1,False,False,False,Q[Water+Vaccine]|F[NONE],1224325286.7951932,1224325286.7951932,19137905.85543848,0.0,0.0,19137905.85543848,h09,5,Katrina,1205187380.9397547,0.0,1205187380.9397547,1871111109.8904095,0.0,19137905.85543848,0.0,1.0,1.0,0.0,0.0,0.0,15113854.054483818,0.0,NONE,1,0,0,True,False,False,0.0,0.0,648492.1326546412,0.0,NONE,1,0,0,True,False,False,0.0,9111109.890409505,0.0,0.0,NONE,1,0,0,False,False,False,0.0,1862000000.0,effd026a29cbba1250f09e778eadadda611c3129abc9084c67f84bd94c3763bf,E3B,LA-0044,44,0.3604337783476593,1.377344654918848,0.23161783770325162,0.44442365034591785,0.10204689175903321,0.3349490361938774,Medium,Unfavorable,LA-0169,LA-0374,0.0,507160820.9397547,698026560.0,False,0,0.0,False,0,0
E3B_MEDIUM_UNFAVORABLE,LA-0048,48,094350cdea0997d0c0c41a1c2a14236c8020c9c96601c54849ba12b930a914a4,M2,A1_FINAL_NO_MEMORY_V1,A1_FINAL_NO_MEMORY_V1_R1_WITNESS_GATED_INFEASIBLE_RETRY,certified,PASS,,,0b4d423d86319f1cb119baa1344a64df48ed87b93cb80ffbd115aea8003b2ec4,a54ee351d4c94851e1800267d301055eec565c8240e5940a245b43f75256b965,1.0,19137905.85543848,4.0,1.0,1.0,1.0,1.0,0.5,0.9,23119dec1c327015b0e31e81bd335afc4245603edfc969aa421f620a85f550ba,3,2,2,8e361e3b5d2c85135c5d2dfe76582e751344aceee40e42ffad971465b4e5402b,P4,False,False,False,Q[NONE]|F[Water+Crackers],1230909734.6854599,1230909734.6854599,0.0,4481761.617397638,0.0,4481761.617397638,h09,5,Katrina,1226427973.0680623,14656144.238040842,1211771828.8300214,1822862478.587495,59094865.47689141,19137905.85543848,0.0,1.0,0.0,0.23418244667161647,0.0,0.7658175533283836,0.0,17915363.859447412,R0,1,0,0,False,True,False,10400000.0,0.0,0.0,0.0,NONE,0,1,0,False,False,False,0.0,9557344.06438629,0.0,83883291.64474556,R0,1,0,0,False,True,False,48694865.47689141,1813305134.5231087,9379b27a247e8cd1ff3d30f760b020365e5c50885e8c7ff09fe7ed8827aa5fac,E3B,LA-0048,48,0.23024336952692737,1.297031141908219,0.23161783770325162,0.44442365034591785,0.10204689175903321,0.3349490361938774,Medium,Unfavorable,LA-0169,LA-0374,0.0,531999999.99999845,679771828.8300229,False,0,101798655.50419298,False,0,0
E3B_MEDIUM_UNFAVORABLE,LA-0976,976,c649e11efae62a4f0f713e10c1efc11152d19ba019172ea5de07228ead73426d,M2,A1_FINAL_NO_MEMORY_V1,A1_FINAL_NO_MEMORY_V1_R1_WITNESS_GATED_INFEASIBLE_RETRY,certified,PASS,,,1b2ec4c7521cb986405d771accefb515ba974f1853c50dc155cdf1980c62b2a3,c2d6497815b763dd5521c064d29f190059ecb804a7c34acd5ae20b94aa35e27e,1.0,19137905.85543848,4.0,1.0,1.0,1.0,1.0,0.5,0.9,5b013ac1dd2ab6eab04383d48858d074850d8f34efef6d08256bba0be33f09d2,3,2,2,34e29b8fda596cd7523dfee8653d5ef6a7056fe972e32f7c9c909f021f40a034,P4,False,False,False,Q[NONE]|F[Water+Crackers],1205957734.178907,1205957734.178907,0.0,1099000.7220883735,0.0,1099000.7220883735,h09,5,Katrina,1204858733.4568186,18038905.133350104,1186819828.3234684,1756302511.3805144,125654832.68387191,19137905.85543848,0.0,1.0,0.0,0.057425338508291755,0.0,0.9425746614917082,0.0,17915363.859447412,R0,1,0,0,False,True,False,10400000.0,0.0,0.0,0.0,NONE,0,0,1,False,False,False,0.0,9557344.06438629,0.0,198541563.85493243,R0,1,0,0,False,True,False,115254832.68387191,1746745167.316128,ea88ddd4375c7e4aa00c3dfa4a5acc2dc8cef5772b3fa5bc761cd7dac97d5360,E3B,LA-0976,976,0.03637738606308953,1.0285750364244528,0.23161783770325162,0.44442365034591785,0.10204689175903321,0.3349490361938774,Medium,Unfavorable,LA-0169,LA-0374,0.0,531999999.99999845,654819828.32347,False,0,216456927.71437985,False,0,0
E3B_MEDIUM_UNFAVORABLE,LA-0267,267,6eae671f5585cb18e3e7c982f8cc203ebda7a751b2b05ca40208762b7e981b65,M2,A1_FINAL_NO_MEMORY_V1,A1_FINAL_NO_MEMORY_V1_R1_WITNESS_GATED_INFEASIBLE_RETRY,certified,PASS,,,f33b8dfce6c54a3099ae0cc5488e327df6e2b505b50a09fdd790c49e5af60d6e,cad015006f0270450646f6eeaf8aa6cb9b48f8e9d8bbedbac7d2e87b7033a64d,1.0,19137905.85543848,4.0,1.0,1.0,1.0,1.0,0.5,0.9,d738f38a70f0076e0b083a4631adfce40797cf577d4898a712b158298675fec0,3,2,2,97fb32afe6ca69766f9d89411da43f16752a770ef0d9a403215afe7e8771d9df,P4,False,False,False,Q[NONE]|F[Water+Vaccine],1196335678.1108792,1196335678.1108792,0.0,5452241.405081362,0.0,5452241.405081362,h09,5,Katrina,1190883436.705798,13685664.45035711,1177197772.2554407,1880227914.004323,1729430.0600631922,19137905.85543847,7.450580596923828e-09,0.9999999999999996,0.0,0.28489226806035217,0.0,0.7151077319396475,0.0,535352.7500877406,R0,1,0,0,False,True,False,310776.19436551223,10089223.805634487,0.0,2443817.3264024593,R0,1,0,0,False,True,False,1418653.8656976798,8138690.1986886095,0.0,0.0,NONE,1,0,0,False,False,False,0.0,1862000000.0,27ddf3cb3c7e0ddade74e6ec73e89738e01414a6c1f7311707df6698661c6347,E3B,LA-0267,267,0.1587034116074694,0.6862294744329178,0.23161783770325162,0.44442365034591785,0.10204689175903321,0.3349490361938774,Medium,Unfavorable,LA-0169,LA-0374,26139161.035637833,453032051.2198028,698026560.0,False,0,2979170.0764902,False,0,0
E3B_MEDIUM_UNFAVORABLE,LA-0650,650,896e1ab448726f2971ba9a04b3ebaf173c1cdfc6a202764ddb5b4de5a49689f7,M2,A1_FINAL_NO_MEMORY_V1,A1_FINAL_NO_MEMORY_V1_R1_WITNESS_GATED_INFEASIBLE_RETRY,certified,PASS,,,060e899b4fff9ac8e767e8c724aaf394bd1a9bd1aaf50ee0c4ad268f3ad462fb,5653ed8e67658ed09fbb6a99ba7e219046a14982fe119945722d15d3e172f6ce,1.0,19137905.85543848,4.0,1.0,1.0,1.0,1.0,0.5,0.9,ee777257b548be0bd1910f813ecfe1db38481408f60da0ab0034d2228aa68949,3,2,2,eee68bcbc31201ba26ce8ac5cb07958b02020607291eca9275d2800a5b3aa14a,P4,False,False,False,Q[NONE]|F[Water+Crackers],1173725758.2916796,1173725758.2916796,0.0,196757.5905360349,0.0,196757.5905360349,h09,5,Katrina,1173529000.7011435,18941148.264902443,1154587852.4362411,1670323062.2575219,211634281.8068645,19137905.85543848,0.0,1.0,0.0,0.010281040779606598,0.0,0.9897189592203933,0.0,17915363.859447412,R0,1,0,0,False,True,False,10400000.0,0.0,0.0,0.0,NONE,0,1,0,False,False,False,0.0,9557344.06438629,0.0,346652440.3427458,R0,1,0,0,False,True,False,201234281.8068645,1660765718.1931355,45b7cc8b7067ba664a70e82c5edd7a6d88a07eb45582c5524e639b762cc1ad43,E3B,LA-0650,650,0.004462428033927207,0.7400112583350653,0.23161783770325162,0.44442365034591785,0.10204689175903321,0.3349490361938774,Medium,Unfavorable,LA-0169,LA-0374,0.0,531999999.99999845,622587852.4362426,False,0,364567804.2021932,False,0,0
E3B_MEDIUM_UNFAVORABLE,LA-0867,867,28d7dc1f1b6dced946b0bc1468f120ff95e0d44e9be3e0ae9a3210a423a24db5,M2,A1_FINAL_NO_MEMORY_V1,A1_FINAL_NO_MEMORY_V1_R1_WITNESS_GATED_INFEASIBLE_RETRY,certified,PASS,,,91cccf7f00e22ce7e89c71278983805c4b38bc6117f5d6804d90c9a137223618,95f56f3479a94fd2ed54526987457111ce7cd9e3256adf370009093c157a8dae,1.0,19137905.85543848,4.0,1.0,1.0,1.0,1.0,0.5,0.9,08ef4699bb88b38eda64f4a7a0f70b03842c792f2d9a515ca774a3831f986e20,3,2,2,a1f776c705769ff05645815af6565fa4d11c12571eceec84fcde75e9111a73d5,P2,True,False,True,Q[Water]|F[Crackers],1238365222.958799,1238365222.958799,13638020.080859048,2085016.097016748,0.0,15723036.177875796,h09,5,Katrina,1222642186.7809231,3414869.677562683,1219227317.1033604,1842750144.7028892,28807199.361497264,19137905.85543848,0.0,1.0,0.7126182030508573,0.10894693038863719,0.0,0.17843486656050556,21056075.468363512,0.0,NONE,1,0,0,True,False,False,0.0,0.0,0.0,0.0,NONE,0,1,0,False,False,False,0.0,9557344.06438629,0.0,49624178.68585237,R0,1,0,0,False,True,False,28807199.361497264,1833192800.6385028,773f4a443a718011f730da9398aa1e27846e7e377808967554081ca6940e61ce,E3B,LA-0867,867,0.4483155474555319,1.2648552163321611,0.23161783770325162,0.44442365034591785,0.10204689175903321,0.3349490361938774,Medium,Unfavorable,LA-0169,LA-0374,0.0,531999999.99999845,687227317.103362,False,0,49624178.68585237,False,0,0
E3B_MEDIUM_UNFAVORABLE,LA-0416,416,669e449e72b58dc8c22a12ea129611eccdb1ec6b9fcc545c816093c674e68f3a,M2,A1_FINAL_NO_MEMORY_V1,A1_FINAL_NO_MEMORY_V1_R1_WITNESS_GATED_INFEASIBLE_RETRY,certified,PASS,,,343947d6f5b624c74b10c2ebe11984d1f79f67535ec55956c4c4310375454eb0,4a7a06c93ff0aa7ba5caf50b75f18a68035ccd3316ec0d3b0543687679ca4a78,1.0,19137905.85543848,4.0,1.0,1.0,1.0,1.0,0.5,0.9,429521b442ff6f0dd3106087c8eedbfbe3e722b3fe4f53643333d530f1cdc5f3,3,2,2,f6207b99fbb354edb5ec4d2ccdc0f7bf00d1a59080507254bb9e86682b74becb,P4,False,False,False,Q[NONE]|F[Crackers],1206424829.8230422,1206424829.8230422,0.0,266858.0551841704,0.0,266858.0551841704,h09,5,Katrina,1206157971.767858,18871047.800254308,1187286923.9676037,1696073978.634396,185883365.42999026,19137905.85543848,0.0,1.0,0.0,0.013943952760554337,0.0,0.9860560472394456,0.0,0.0,NONE,1,0,0,False,False,False,0.0,10400000.0,0.0,0.0,NONE,0,0,1,False,False,False,0.0,9557344.06438629,0.0,320208473.7593177,R0,1,0,0,False,True,False,185883365.42999026,1676116634.5700097,98c89cba84f72833c1b30aa6407f23ff2d0a94a031968afe92ea2d4f3a1fe101,E3B,LA-0416,416,0.008892322728389752,1.0832363071626712,0.23161783770325162,0.44442365034591785,0.10204689175903321,0.3349490361938774,Medium,Unfavorable,LA-0169,LA-0374,26944320.000000004,531999999.99999845,628342603.9676052,False,0,320208473.7593177,False,0,0
E3B_MEDIUM_UNFAVORABLE,LA-0205,205,23884bb8c90f192c69fd9bf16e5ebb5435e6ef34e9ccca458cad5799c9599c75,M2,A1_FINAL_NO_MEMORY_V1,A1_FINAL_NO_MEMORY_V1_R1_WITNESS_GATED_INFEASIBLE_RETRY,certified,PASS,,,172901f2e1680982d39c406e8942903c2e2643d879d16d4c4c65ed574050ee13,b54c4b132581d3e5f9a7d289f4a8b0ecd17f061c1ad0e7ec9ac56e18c82f973a,1.0,19137905.85543848,4.0,1.0,1.0,1.0,1.0,0.5,0.9,c5672d8c8c3d3b9034708db1303e1448782617db95d8730bdf4d4df97d61b054,3,2,2,8d101523ca2b4a0112d1b502cb32c17f27ce54546d4fd82e353ce73782aa7464,P4,False,False,False,Q[NONE]|F[Crackers],1216143306.1558352,1216143306.1558352,0.0,5411978.454734105,0.0,5411978.454734105,h09,5,Katrina,1210731327.701101,13725927.400704373,1197005400.3003967,1721998211.2762892,159959132.78809717,19137905.85543848,0.0,1.0,0.0,0.2827884354544552,0.0,0.7172115645455447,0.0,0.0,NONE,1,0,0,False,False,False,0.0,10400000.0,0.0,0.0,NONE,0,0,1,False,False,False,0.0,9557344.06438629,0.0,275550583.32119477,R0,1,0,0,False,True,False,159959132.78809717,1702040867.2119029,e152fdeaa4817ed2526bbbcd9a84d1cdd12aea4c998b6829da03202ef359f68e,E3B,LA-0205,205,0.20956678184997135,0.9155885999388081,0.23161783770325162,0.44442365034591785,0.10204689175903321,0.3349490361938774,Medium,Unfavorable,LA-0169,LA-0374,26944320.000000004,531999999.99999845,638061080.3003981,False,0,275550583.32119477,False,0,0
E3B_MEDIUM_UNFAVORABLE,LA-0120,120,dcb80b654ab21716af1c3fba71c854c2b5e8f2ab0511c85b235a3e410f4810b5,M2,A1_FINAL_NO_MEMORY_V1,A1_FINAL_NO_MEMORY_V1_R1_WITNESS_GATED_INFEASIBLE_RETRY,certified,PASS,,,3ce4cbd5fbac0d83b45492a5fbdbfcb25bde408a0df0c5df3fd3d281f29efd20,cbb6c3241c1c8abd400825339709d3bd9ecde7519d197cb588f10fadc0da49da,1.0,19137905.85543848,4.0,1.0,1.0,1.0,1.0,0.5,0.9,e9d4398b2fa928eca7b93210f4cbf4a5e5087bcf213d0c9a6c969392b214cba3,3,2,2,afe5aa9df0abb22c67b477eac740dd645d975d22a685c4645f1c742b93a6e3a3,P4,False,False,False,Q[NONE]|F[Water+Crackers],1207124549.5844738,1207124549.5844738,0.0,8197933.754570045,0.0,8197933.754570045,h09,5,Katrina,1198926615.8299038,10939972.100868434,1187986643.7290354,1759415015.1298923,122542328.9344941,19137905.85543848,0.0,1.0,0.0,0.4283610660693271,0.0,0.5716389339306729,0.0,17915363.859447412,R0,1,0,0,False,True,False,10400000.0,0.0,0.0,0.0,NONE,1,0,0,False,False,False,0.0,9557344.06438629,0.0,193179867.9718557,R0,1,0,0,False,True,False,112142328.9344941,1749857671.065506,68541df8b42a423d70f0555256101cb206614b3e9b4095b5e30d644abe0b2c06,E3B,LA-0120,120,0.2759448172115077,0.6343462038427053,0.23161783770325162,0.44442365034591785,0.10204689175903321,0.3349490361938774,Medium,Unfavorable,LA-0169,LA-0374,0.0,531999999.99999845,655986643.7290368,False,0,211095231.83130312,False,0,0
E3B_MEDIUM_UNFAVORABLE,LA-0327,327,26b0ad5717f7a58cc774343f1b9c7b20588ccb2ed4387459b73a4ebb14338ef5,M2,A1_FINAL_NO_MEMORY_V1,A1_FINAL_NO_MEMORY_V1_R1_WITNESS_GATED_INFEASIBLE_RETRY,certified,PASS,,,bb6ff98a5d3998d4616e179ba573ea297e466f7f995cee305971570f9567c56e,2d0f52d686657ccc1e32577dcf2ff61832d2d6a4289dd52e6ef69a7b6ebbf8a5,1.0,19137905.85543848,4.0,1.0,1.0,1.0,1.0,0.5,0.9,a04a55f8022fcd87b1b02d2f2e7872619ae48b45a60cc4dffd0b23f7c64e19c9,3,2,2,d861626df6f2c64616ca4b8ee5759a5a2bed5db50eb5adf46d67942b4d5f08af,P4,False,False,False,Q[NONE]|F[Crackers],1222156404.8489265,1222156404.8489265,0.0,1390144.2001659335,0.0,1390144.2001659335,h09,5,Katrina,1220766260.6487606,17747761.655272543,1203018498.993488,1738038273.944587,143919070.1197993,19137905.85543848,0.0,1.0,0.0,0.07263826098145905,0.0,0.9273617390185409,0.0,0.0,NONE,0,0,1,False,False,False,0.0,10400000.0,0.0,0.0,NONE,0,0,1,False,False,False,0.0,9557344.06438629,0.0,247919471.8759164,R0,1,0,0,False,True,False,143919070.1197993,1718080929.8802006,b3ce582f99ae5101cee6a9aed9e5d86c9c6d6a0eade49663ec1fe1ee4513d9cf,E3B,LA-0327,327,0.059829715003687285,1.3158093358757195,0.23161783770325162,0.44442365034591785,0.10204689175903321,0.3349490361938774,Medium,Unfavorable,LA-0169,LA-0374,26944320.000000004,531999999.99999845,644074178.9934896,False,0,247919471.8759164,False,0,0
E3B_MEDIUM_UNFAVORABLE,LA-0598,598,242e4b2709d58e8d94223acc7cd58866ffb48aeb717b44660a55306eaf0e733b,M2,A1_FINAL_NO_MEMORY_V1,A1_FINAL_NO_MEMORY_V1_R1_WITNESS_GATED_INFEASIBLE_RETRY,certified,PASS,,,027bb1ad446d3c743ff9d7c40a4a1f14b4f989371a26ccd2d3020c35421073f0,9a112081ac4cd153ef9f1fd2bad506aad78e774562bdfa2cf1bc388ba6c38e93,1.0,19137905.85543848,4.0,1.0,1.0,1.0,1.0,0.5,0.9,bdbb19df298ae73ab9d3e18e8f38ef1e68004690bdcc92fb43ffc2317e85e313,3,2,2,48a5c6939d71800c2eacc2d07b29442b61649a153de11fb6db33a0fb92fad539,P4,False,False,False,Q[NONE]|F[Vaccine],1215756492.1780052,1215756492.1780052,0.0,859348.4495054499,0.0,859348.4495054499,h09,5,Katrina,1214897143.7284997,18278557.405933026,1196618586.3225665,1880873119.1851568,1084224.879229517,19137905.855438475,3.725290298461914e-09,0.9999999999999998,0.0,0.0449029510332368,0.0,0.9550970489667631,0.0,0.0,NONE,0,0,1,False,False,False,0.0,10400000.0,0.0,1867719.540082906,R0,1,0,0,False,True,False,1084224.879229517,8473119.185156772,0.0,0.0,NONE,1,0,0,False,False,False,0.0,1862000000.0,2b174cae0c06225cc03f92cda33a042f2a45d58532295e63e60822afb74b4afc,E3B,LA-0598,598,0.03306307294356534,1.211457347661212,0.23161783770325162,0.44442365034591785,0.10204689175903321,0.3349490361938774,Medium,Unfavorable,LA-0169,LA-0374,26944320.000000004,471647706.32256657,698026560.0,False,0,1867719.540082906,False,0,0
E3B_MEDIUM_UNFAVORABLE,LA-0855,855,180156333d55d9a85e6f41be522acb01ef74398f9989bf6602a86b9ce3b9e979,M2,A1_FINAL_NO_MEMORY_V1,A1_FINAL_NO_MEMORY_V1_R1_WITNESS_GATED_INFEASIBLE_RETRY,certified,PASS,,,848b22c9fe41ecc8a6ead36054b6ab0759c9082d4ee9b9e31be3293f2bf163f8,6dab23439e1a8a46405cbc1facf79d37d72e1cf1f8f959f4980a750b47b55029,1.0,19137905.85543848,4.0,1.0,1.0,1.0,1.0,0.5,0.9,e044c9596a16b6354545f94b8aae2167e676dd2a02731b102517dd7dcec2b8f9,6,2,2,14a65b68d66011a723361dd2bffd9794dc66991e46811eccc820c35c562db584,P1,False,False,False,Q[Water+Vaccine]|F[NONE],1223739720.2537177,1223739720.2537177,19137905.85543844,0.0,0.0,19137905.85543844,h09,5,Katrina,1204601814.3982792,0.0,1204601814.3982792,1871100590.2270458,0.0,19137905.85543844,3.725290298461914e-08,0.999999999999998,0.999999999999998,0.0,0.0,0.0,14941787.429378249,0.0,NONE,1,0,0,True,False,False,0.0,0.0,656222.9562590279,0.0,NONE,1,0,0,True,False,False,0.0,9100590.227045834,0.0,0.0,NONE,1,0,0,False,False,False,0.0,1862000000.0,724981624a1e41211dc9cd53899e8620d9e26c36bcdc7f20a5755b04e33a76f4,E3B,LA-0855,855,0.49691958807346215,0.7831195483191093,0.23161783770325162,0.44442365034591785,0.10204689175903321,0.3349490361938774,Medium,Unfavorable,LA-0169,LA-0374,0.0,506575254.3982793,698026560.0,False,0,0.0,False,0,0
E3B_MEDIUM_UNFAVORABLE,LA-0477,477,0b1babee6d4db71c3411cbeaa0064089662b8b7c27268b0cfc424e8fc084c64b,M2,A1_FINAL_NO_MEMORY_V1,A1_FINAL_NO_MEMORY_V1_R1_WITNESS_GATED_INFEASIBLE_RETRY,certified,PASS,,,c508e9b84a15322736f1964bea86aadbe0452e15e330d5ec1f7317ba7801ce3c,0d5cdafc74c8d4c4a2bdee879fb124177cde5dd664e2880095971e63bb528fe1,1.0,19137905.85543848,4.0,1.0,1.0,1.0,1.0,0.5,0.9,3ef2c1e64eee75f2cb9a6c41b1a715bc51eb5317582a8ebbc4e68d34bb9549fa,3,2,2,265151d3586a92c355ad05c7d517734a9c31c5b841cfd273b03c6d53caf46129,P2,True,False,True,Q[Water]|F[Crackers],1240598472.2990172,1240598472.2990172,14447647.319013588,1751475.270782444,0.0,16199122.589796033,h09,5,Katrina,1224399349.7092211,2938783.265642446,1221460566.4435787,1848707382.5929291,22849961.471457187,19137905.85543848,0.0,1.0,0.7549231053881454,0.09151864807009288,0.0,0.15355824654176167,22306078.92390549,0.0,NONE,1,0,0,True,False,False,0.0,0.0,0.0,0.0,NONE,1,0,0,False,False,False,0.0,9557344.06438629,0.0,39362055.18610672,R0,1,0,0,False,True,False,22849961.471457187,1839150038.5285428,000c562ed5480e9650b7c1d4bec9b5aed768a616b9bad010b2f5ba834c2d789d,E3B,LA-0477,477,0.4747816922312799,1.372302347082643,0.23161783770325162,0.44442365034591785,0.10204689175903321,0.3349490361938774,Medium,Unfavorable,LA-0169,LA-0374,0.0,531999999.99999845,689460566.4435802,False,0,39362055.18610672,False,0,0
E3B_MEDIUM_UNFAVORABLE,LA-0574,574,b143113ec1f2e817a46d9ef9824fa874efd91615efe1b48fc0a2871735a443b0,M2,A1_FINAL_NO_MEMORY_V1,A1_FINAL_NO_MEMORY_V1_R1_WITNESS_GATED_INFEASIBLE_RETRY,certified,PASS,,,a1a08c70064e0880b596aa75b9b17a38d04cf4cf9fc063d8a10e7e74f7e0fc46,63a5db37af74bfd805fdceb46f113a5915cf8aff2229fcfa23586e172c97c77d,1.0,19137905.85543848,4.0,1.0,1.0,1.0,1.0,0.5,0.9,7219c56ec239006e99f4d7c48d6c2017437e2da61162e1fa2b224af478d98147,3,2,2,475a3202ddab7349ddf9d3c94890d23a2b56602b0484ae59b8cb390a36b4dedc,P4,False,False,False,Q[NONE]|F[Water+Crackers],1193086221.6894124,1193086221.6894124,0.0,3160336.450172497,0.0,3160336.450172497,h09,5,Katrina,1189925885.23924,15977569.405265983,1173948315.833974,1721967490.8686316,159989853.19575477,19137905.85543848,0.0,1.0,0.0,0.16513491465809538,0.0,0.8348650853419047,0.0,17915363.859447412,R0,1,0,0,False,True,False,10400000.0,0.0,0.0,0.0,NONE,0,0,1,False,False,False,0.0,9557344.06438629,0.0,257688139.39262202,R0,1,0,0,False,True,False,149589853.19575477,1712410146.8042452,8c11250376be8d726fcadc3e6a07b264841921e5ea4e1958d1d62109e1bb28ba,E3B,LA-0574,574,0.08839035440349843,0.7697940706006046,0.23161783770325162,0.44442365034591785,0.10204689175903321,0.3349490361938774,Medium,Unfavorable,LA-0169,LA-0374,0.0,531999999.99999845,641948315.8339754,False,0,275603503.2520694,False,0,0
E3B_MEDIUM_UNFAVORABLE,LA-0492,492,12ef2746456cf5a77c74b4c82e4b425d99de836f2bc702dc87adcd3961dabb6e,M2,A1_FINAL_NO_MEMORY_V1,A1_FINAL_NO_MEMORY_V1_R1_WITNESS_GATED_INFEASIBLE_RETRY,certified,PASS,,,274015c108edc658438a53b566e7430ae5c3323aa4026232c7a180ef5f1dc178,756e34ea52a6eeab54c749aed5a2961319d998271eb5cf4531c38efaa430a7a9,1.0,19137905.85543848,4.0,1.0,1.0,1.0,1.0,0.5,0.9,28f01f3e4ab0cda89f503937c6f26810b57ecccf93dc99b0178293df7d3f64b8,6,2,2,626d133018d1316483ccf0555741a77ae7b7b606402eb580985322395039b8b2,P1,False,False,False,Q[Water+Vaccine]|F[NONE],1227899667.655367,1227899667.655367,19137905.85543848,0.0,0.0,19137905.85543848,h09,5,Katrina,1208761761.7999284,0.0,1208761761.7999284,1871175323.4011197,0.0,19137905.85543848,0.0,1.0,1.0,0.0,0.0,0.0,16256596.292378554,0.0,NONE,1,0,0,True,False,False,0.0,0.0,597149.5863530028,0.0,NONE,0,1,0,True,False,False,0.0,9175323.401119726,0.0,0.0,NONE,1,0,0,False,False,False,0.0,1862000000.0,bd1861ce9a80977e6b8847387f5273aa254ae79cf26b323deac559c56d3e7d58,E3B,LA-0492,492,0.4548249363835896,1.3587709196342583,0.23161783770325162,0.44442365034591785,0.10204689175903321,0.3349490361938774,Medium,Unfavorable,LA-0169,LA-0374,0.0,510735201.7999284,698026560.0,False,0,0.0,False,0,0
E3B_MEDIUM_UNFAVORABLE,LA-0354,354,c17d41a53215417e5264499caf66e812c1888c03f25a53be7db763b45211baf3,M2,A1_FINAL_NO_MEMORY_V1,A1_FINAL_NO_MEMORY_V1_R1_WITNESS_GATED_INFEASIBLE_RETRY,certified,PASS,,,6ba03e8b23c19b816d1d70cf0353edd5e2c16471fa975683cb68af127104d56a,142861257e87b7cf5dae408c48e2046f3df9cde5753be17d75397d40c2e12593,1.0,19137905.85543848,4.0,1.0,1.0,1.0,1.0,0.5,0.9,7ff19a8abe39e8207458f4d913e5363e5f3a4c44f5952f7d3545a1c806a4c437,3,2,2,ec48ba5fa170a3eed992468117b2e8128777a56e12c95a9f1b8c3d258c231457,P4,False,False,False,Q[NONE]|F[Crackers],1221483977.9351122,1221483977.9351122,0.0,11186832.27493096,0.0,11186832.27493096,h09,5,Katrina,1210297145.6601813,7951073.580507517,1202346072.0796738,1736244561.5197728,145712782.5446135,19137905.85543848,0.0,1.0,0.0,0.5845379509875666,0.0,0.4154620490124334,0.0,0.0,NONE,1,0,0,False,False,False,0.0,10400000.0,0.0,0.0,NONE,0,1,0,False,False,False,0.0,9557344.06438629,0.0,251009376.75570083,R0,1,0,0,False,True,False,145712782.5446135,1716287217.4553864,0ed096a614ea76bd812df6c447cc5fd735eca6c72ab6523470175b1fbc840e19,E3B,LA-0354,354,0.4755376435964148,0.5822316916595761,0.23161783770325162,0.44442365034591785,0.10204689175903321,0.3349490361938774,Medium,Unfavorable,LA-0169,LA-0374,26944320.000000004,531999999.99999845,643401752.0796752,False,0,251009376.75570083,False,0,0
E3B_MEDIUM_UNFAVORABLE,LA-0003,3,59411aa182359257e699b7fb7a72fa14dc02ccf983236a3bbbfb7a7ce21e6809,M2,A1_FINAL_NO_MEMORY_V1,A1_FINAL_NO_MEMORY_V1_R1_WITNESS_GATED_INFEASIBLE_RETRY,certified,PASS,,,e7d3e88b70d4789eee3a9c8a7b7daa2c02d594f8ff890f3c38504676a587ac83,49ad9ba501722e76e616213bd22486ebea8a568f42b0e792342caa312e30ea75,1.0,19137905.85543848,4.0,1.0,1.0,1.0,1.0,0.5,0.9,6362e846abc1b52405918814979e023dc0707782a818065ce5e9b0e8e42409fe,7,2,2,97484c0283b5da2b50c4ad021a41b26ba6f1139e0cce0723957c1bc36d2e3b80,P1,False,False,False,Q[Water+Vaccine]|F[NONE],1220456158.4677374,1220456158.4677374,19137905.85543848,0.0,0.0,19137905.85543848,h09,5,Katrina,1201318252.612299,0.0,1201318252.612299,1871041601.2613592,0.0,19137905.85543848,0.0,1.0,1.0,0.0,0.0,0.0,14045150.246489204,0.0,NONE,1,0,0,True,False,False,0.0,0.0,696508.1881789276,0.0,NONE,1,0,0,True,False,False,0.0,9041601.261359207,0.0,0.0,NONE,1,0,0,False,False,False,0.0,1862000000.0,bb093beb0357e884867f2713794af4ff77c11f50a70b951ef443a1b5377d95c6,E3B,LA-0003,3,0.33565698051100795,1.0595438692484767,0.23161783770325162,0.44442365034591785,0.10204689175903321,0.3349490361938774,Medium,Unfavorable,LA-0169,LA-0374,0.0,503291692.6122989,698026560.0,False,0,0.0,False,0,0
E3B_MEDIUM_UNFAVORABLE,LA-0853,853,2010dc4b4f88ff2547d1e2cc5b1be6490307c83b91a28df220a8f21c7d098575,M2,A1_FINAL_NO_MEMORY_V1,A1_FINAL_NO_MEMORY_V1_R1_WITNESS_GATED_INFEASIBLE_RETRY,certified,PASS,,,d9ce3d5f4fe2438b7e4e98b366fe52c5764542ff8c124f7bb3bc28b7a8233b0e,280948cb07989b02a3f4f1e801e4473bd6f7d41b8c7b067524d884484f2f480b,1.0,19137905.85543848,4.0,1.0,1.0,1.0,1.0,0.5,0.9,3b7068116328af4a08e7a26e638a891f35aa0b5624a2608ce961d38b175392b5,3,2,2,6b88e3e977ed83016a8808937d0f9f0e12041d47778036c55a22dc2d397e08ef,P4,False,False,False,Q[NONE]|F[Water+Crackers],1239467521.3022397,1239467521.3022397,0.0,6498688.883486319,0.0,6498688.883486319,h09,5,Katrina,1232968832.4187534,12639216.971952159,1220329615.4468012,1845690547.8810813,36266796.183305025,19137905.85543848,0.0,1.0,0.0,0.33957157761017864,0.0,0.6604284223898214,0.0,17915363.859447412,R0,1,0,0,False,True,False,10400000.0,0.0,0.0,0.0,NONE,0,1,0,False,False,False,0.0,9557344.06438629,0.0,44558948.605968766,R0,1,0,0,False,True,False,25866796.18330503,1836133203.816695,c2d019dc680d43ebc944a35d2b48aba41f07c70903650005a96e4ca263d5feed,E3B,LA-0853,853,0.4118347512004549,1.3797795601297538,0.23161783770325162,0.44442365034591785,0.10204689175903321,0.3349490361938774,Medium,Unfavorable,LA-0169,LA-0374,0.0,531999999.99999845,688329615.4468026,False,0,62474312.46541618,False,0,0
E3B_MEDIUM_UNFAVORABLE,LA-0140,140,6a963df29f758b8110288d1c0b1c81706cdf15bf4d34b3231109c25b36aee0ac,M2,A1_FINAL_NO_MEMORY_V1,A1_FINAL_NO_MEMORY_V1_R1_WITNESS_GATED_INFEASIBLE_RETRY,certified,PASS,,,ffc57b34dcf13bff177b7a2c6cb5228166f8396dce2bacaf82be84c035428165,99de3b31fe9ccec0e0d5a1355b78f92bb8f3939f497b1ef8600b3bfd56514b45,1.0,19137905.85543848,4.0,1.0,1.0,1.0,1.0,0.5,0.9,7ff6dac2caf722ac80076a33f08458f557518ea9ccec69fc71d7c5797bd04896,3,2,2,2ada09be813c5d6da09cd7acfb2d6fbd8b74aba019d82421c9cba644fcda8570,P4,False,False,False,Q[NONE]|F[Crackers],1225009200.584521,1225009200.584521,0.0,4458838.42222492,0.0,4458838.42222492,h09,5,Katrina,1220550362.162296,14679067.433213556,1205871294.7290826,1745648164.4044528,136309179.65993345,19137905.85543848,0.0,1.0,0.0,0.2329846565191373,0.0,0.7670153434808626,0.0,0.0,NONE,1,0,0,False,False,False,0.0,10400000.0,0.0,0.0,NONE,0,0,1,False,False,False,0.0,9557344.06438629,0.0,234810437.59524,R0,1,0,0,False,True,False,136309179.65993345,1725690820.3400664,bc0cf3432b39caacd2c3a03bd5d7cf3a97d36a66f883d791a4411a3bee83a729,E3B,LA-0140,140,0.20261521604939797,1.1490557001892838,0.23161783770325162,0.44442365034591785,0.10204689175903321,0.3349490361938774,Medium,Unfavorable,LA-0169,LA-0374,26944320.000000004,531999999.99999845,646926974.7290841,False,0,234810437.59524,False,0,0
E3B_MEDIUM_UNFAVORABLE,LA-0146,146,9fc956653a31aec1282b742c24601978481a47163bd9f378ea475db8dbcb6ec0,M2,A1_FINAL_NO_MEMORY_V1,A1_FINAL_NO_MEMORY_V1_R1_WITNESS_GATED_INFEASIBLE_RETRY,certified,PASS,,,31a8fdf1d98800545840b84655b577b9de6c1fa2d991b1ea993e675ea336a6ae,89ff55b75fdf5c7aca498ad7672a378b3f9be94a7dde080abe5a97d661fb0b69,1.0,19137905.85543848,4.0,1.0,1.0,1.0,1.0,0.5,0.9,685ccaaa2fc3ecc181ecfd6b4129879f6d42156dcd7bbab493e4ce662ef55f32,3,2,2,11ed4cf4f738ed81a7f98be9e7fbf43563f68ee91cdc3b9be140cc0eca823fad,P4,False,False,False,Q[NONE]|F[Water+Crackers],1175742681.0964482,1175742681.0964482,0.0,4090901.9056318966,0.0,4090901.9056318966,h09,5,Katrina,1171651779.1908164,15047003.94980658,1156604775.2410097,1675703244.728629,206254099.33575734,19137905.85543848,0.0,1.0,0.0,0.21375911954699955,0.0,0.7862408804530003,0.0,17915363.859447412,R0,1,0,0,False,True,False,10400000.0,0.0,0.0,0.0,NONE,1,0,0,False,False,False,0.0,9557344.06438629,0.0,337384370.477351,R0,1,0,0,False,True,False,195854099.33575734,1666145900.6642427,1e4f3a9b27018c40328e44e936ca61c8b2b75391e4b39f2eaf3f9fb3f33c795a,E3B,LA-0146,146,0.09464543987606534,0.5996846838258504,0.23161783770325162,0.44442365034591785,0.10204689175903321,0.3349490361938774,Medium,Unfavorable,LA-0169,LA-0374,0.0,531999999.99999845,624604775.2410113,False,0,355299734.3367984,False,0,0
E3B_MEDIUM_UNFAVORABLE,LA-0506,506,a2a65063932d7c3c78c22cc2a0f80424a23974368a59bf20372a132ed4131cc4,M2,A1_FINAL_NO_MEMORY_V1,A1_FINAL_NO_MEMORY_V1_R1_WITNESS_GATED_INFEASIBLE_RETRY,certified,PASS,,,a0fdc868644bd9873532c5ae884fe34e8b57e87c5940d5c4ce225839a77ac1dc,8f1cde5945b467f794b155006433666913a63943691642f4323034b7a0c52ea0,1.0,19137905.85543848,4.0,1.0,1.0,1.0,1.0,0.5,0.9,c93669f3e69af707897bb1e192c4bd297b1ab5cffee9f2a3e6fe0946529dbbfe,3,2,2,ec48d54e5ca5b62d5aa34bfcb2cbe944f51acf7a560ef800ed9d1395599b217f,P4,False,False,False,Q[NONE]|F[Water+Vaccine],1198162067.5246692,1198162067.5246692,0.0,4873727.284212658,0.0,4873727.284212658,h09,5,Katrina,1193288340.2404566,14264178.571225818,1179024161.6692307,1880260724.9667726,1696619.0976136732,19137905.85543848,0.0,1.0,0.0,0.25466356251447836,0.0,0.7453364374855216,0.0,535352.7500877406,R0,1,0,0,False,True,False,310776.19436551223,10089223.805634487,0.0,2387296.1407426726,R0,1,0,0,False,True,False,1385842.903248161,8171501.1611381285,0.0,0.0,NONE,1,0,0,False,False,False,0.0,1862000000.0,558923cbaf90b0e512c0622dba7be0ea404a7b8732655ba3552fedee690366ef,E3B,LA-0506,506,0.1451881214555677,0.731996362473946,0.23161783770325162,0.44442365034591785,0.10204689175903321,0.3349490361938774,Medium,Unfavorable,LA-0169,LA-0374,26139161.035637833,454858440.6335928,698026560.0,False,0,2922648.8908304134,False,0,0
E3B_MEDIUM_UNFAVORABLE,LA-0305,305,f663668923934c0c068ef34648887563acfd965684da967f6917923fff66d889,M2,A1_FINAL_NO_MEMORY_V1,A1_FINAL_NO_MEMORY_V1_R1_WITNESS_GATED_INFEASIBLE_RETRY,certified,PASS,,,860c178647717b7838da7bc4f17ddd02453eeeaa9b96fb88d91d643a1903ef31,abeef9fd825cf376b823f693b56650576a4a61d3e5a1038699bd2a4aaf62ea3d,1.0,19137905.85543848,4.0,1.0,1.0,1.0,1.0,0.5,0.9,144ed7774b1631105337e8f354310aeb8a38e4656287285104de0c6faf07618e,3,2,2,b792328ebd274f34f232357d4c67edc87ef379c05fc23f2d2c03f1ea7cdea576,P4,False,False,False,Q[NONE]|F[Crackers],1227048050.1032207,1227048050.1032207,0.0,8715179.130518945,0.0,8715179.130518945,h09,5,Katrina,1218332870.9727018,10422726.724919533,1207910144.2477822,1751086836.8294945,130870507.23489188,19137905.85543848,0.0,1.0,0.0,0.45538833748846796,0.0,0.544611662511532,0.0,0.0,NONE,1,0,0,False,False,False,0.0,10400000.0,0.0,0.0,NONE,0,1,0,False,False,False,0.0,9557344.06438629,0.0,225441611.11380124,R0,1,0,0,False,True,False,130870507.23489188,1731129492.765108,d06992c3ae886b39e07a65c73ac6e30b78c178b3dc4e02ef0225d2cccde7d8c8,E3B,LA-0305,305,0.41248670819857164,0.8497815261116378,0.23161783770325162,0.44442365034591785,0.10204689175903321,0.3349490361938774,Medium,Unfavorable,LA-0169,LA-0374,26944320.000000004,531999999.99999845,648965824.2477837,False,0,225441611.11380124,False,0,0
E3B_MEDIUM_UNFAVORABLE,LA-0406,406,43303d66b80307395ed570c527452ae2545ccf68ef7c3e344c42aa91a033c37f,M2,A1_FINAL_NO_MEMORY_V1,A1_FINAL_NO_MEMORY_V1_R1_WITNESS_GATED_INFEASIBLE_RETRY,certified,PASS,,,189f81e9e46a7445c799f0812841114217e57de0bf4eecdb924146fc044861d0,1ce2243adcd48a7c34afe36e08346ff9f862ecdfbbe2e7400227957a6f2c9eb1,1.0,19137905.85543848,4.0,1.0,1.0,1.0,1.0,0.5,0.9,36d3515d74a5515b25f57e7bab46205dea160f6b3e19b05ae0e2cb6a2bc30af3,3,2,2,169ff5a6676b029a70a979493b1da9d388ebb4179ec3fe34b4beb9af71aab17f,P4,False,False,False,Q[NONE]|F[Water+Crackers],1222902604.2577815,1222902604.2577815,0.0,10677809.675322797,0.0,10677809.675322797,h09,5,Katrina,1212224794.5824587,8460096.180115681,1203764698.402343,1801503295.8418736,80454048.2225128,19137905.85543848,0.0,1.0,0.0,0.5579403387172819,0.0,0.4420596612827181,0.0,17915363.859447412,R0,1,0,0,False,True,False,10399999.999999994,7.450580596923828e-09,0.0,0.0,NONE,0,0,1,False,False,False,0.0,9557344.06438629,0.0,120677284.97438385,R0,1,0,0,False,True,False,70054048.2225128,1791945951.7774873,42d9eb05bac22019970a02d549b978560f0b0faf880fa3e87c7e63f9f39de712,E3B,LA-0406,406,0.46600200013501286,0.6360235541118746,0.23161783770325162,0.44442365034591785,0.10204689175903321,0.3349490361938774,Medium,Unfavorable,LA-0169,LA-0374,1.9302964210510255e-08,531999999.99999845,671764698.4023445,False,0,138592648.83383125,False,0,0
E3B_MEDIUM_UNFAVORABLE,LA-0179,179,1fb4960aa84b46eb37d3c5daaa1d2e544bbc4709d0b898d967690d88b8373469,M2,A1_FINAL_NO_MEMORY_V1,A1_FINAL_NO_MEMORY_V1_R1_WITNESS_GATED_INFEASIBLE_RETRY,certified,PASS,,,99c8f90aed1d8ff070f19a7402151702493c935051b93eba506d2da618bdc5c9,7ca7f876326a20d6338526023338b2228022a2638ec045fe67ee97e4d51d5d77,1.0,19137905.85543848,4.0,1.0,1.0,1.0,1.0,0.5,0.9,f901568fc402f41d21690064603ffe186f36090d6a9b93923a1b7ea809d35c1c,3,2,2,778b52c398c2005ae730648eb878671abc76d330f393a98a49bb61a27afdfdc7,P4,False,False,False,Q[NONE]|F[Crackers],1192552243.820681,1192552243.820681,0.0,8159055.99070366,0.0,8159055.99070366,h09,5,Katrina,1184393187.8299775,10978849.864734817,1173414337.9652426,1659068574.2320247,222888769.83236158,19137905.85543848,0.0,1.0,0.0,0.42632961267207176,0.0,0.5736703873279282,0.0,0.0,NONE,1,0,0,False,False,False,0.0,10400000.0,0.0,0.0,NONE,1,0,0,False,False,False,0.0,9557344.06438629,0.0,383955135.7434023,R0,1,0,0,False,True,False,222888769.83236158,1639111230.1676383,4d1fc08a15223954b2be6595fa5c2afb7c8765f8f5d60177d22ac23de713a9ca,E3B,LA-0179,179,0.2267394832248988,0.5255770331025962,0.23161783770325162,0.44442365034591785,0.10204689175903321,0.3349490361938774,Medium,Unfavorable,LA-0169,LA-0374,26944320.000000004,531999999.99999845,614470017.9652442,False,0,383955135.7434023,False,0,0
E3B_MEDIUM_UNFAVORABLE,LA-0483,483,a899e89acb5b24ba40fabe1d24b5fc269af65c395c6365e522c304346135ea77,M2,A1_FINAL_NO_MEMORY_V1,A1_FINAL_NO_MEMORY_V1_R1_WITNESS_GATED_INFEASIBLE_RETRY,certified,PASS,,,c5f91286d9efee78c7e1c5979c63b7627b0e267c8211f10193e188cdcd2e8428,2388edea24ec45e10b42da338fbf6b4269409142cf991ebe166a65c0421aa62f,1.0,19137905.85543848,4.0,1.0,1.0,1.0,1.0,0.5,0.9,6c780b2c186e9590cf86e158c5376875569599cd63b6b51d9585f13bb4e872d1,6,2,2,127308d32137111fec8d3ddbdab8ef20ff0a9eb6d44de3ec799faf587861445c,P1,False,False,False,Q[Water+Vaccine]|F[NONE],1234079173.9398518,1234079173.9398518,19137905.85543848,0.0,0.0,19137905.85543848,h09,5,Katrina,1214941268.0844133,0.0,1214941268.0844133,1871286337.8141062,0.0,19137905.85543848,0.0,1.0,1.0,0.0,0.0,0.0,18701115.93120958,0.0,NONE,1,0,0,True,False,False,0.0,0.0,487319.16390080686,0.0,NONE,0,0,1,True,False,False,0.0,9286337.814106304,0.0,0.0,NONE,1,0,0,False,False,False,0.0,1862000000.0,5b5c03081720b2a6c40ec35a533ab92cc6f91c34fa606ed71140261cb74389db,E3B,LA-0483,483,0.4316837000889185,1.3207929633611601,0.23161783770325162,0.44442365034591785,0.10204689175903321,0.3349490361938774,Medium,Unfavorable,LA-0169,LA-0374,0.0,516914708.08441335,698026560.0,False,0,0.0,False,0,0
E3B_MEDIUM_UNFAVORABLE,LA-0593,593,372077df2fc439610902aac2117de1f2841e0d1f7c912dde44a145aa7868f6d8,M2,A1_FINAL_NO_MEMORY_V1,A1_FINAL_NO_MEMORY_V1_R1_WITNESS_GATED_INFEASIBLE_RETRY,certified,PASS,,,c845ab1e9f280ef634693723a213155783d97ab553fa9b9a153966348ed2ba9d,2af57be32cde65cf621f7676bba42838afb9527554f75959b17172aade8b44bb,1.0,19137905.85543848,4.0,1.0,1.0,1.0,1.0,0.5,0.9,d48a72ed3fb9ee49fbe27ca1d055c0cc1e766dcb96c98f8e2353a899bffcb91e,3,2,2,1755d8c6a66c2590e7054f604c5302504d0fb0b3e4471c7c716c50d6c3f05da3,P4,False,False,False,Q[NONE]|F[Crackers],1218052946.513375,1218052946.513375,0.0,985583.8374833913,0.0,985583.8374833913,h09,5,Katrina,1217067362.6758916,18152322.017955087,1198915040.6579366,1727092215.64446,154865128.41992635,19137905.85543848,0.0,1.0,0.0,0.05149904304724724,0.0,0.9485009569527527,0.0,0.0,NONE,0,0,1,False,False,False,0.0,10400000.0,0.0,0.0,NONE,0,0,1,False,False,False,0.0,9557344.06438629,0.0,266775492.7675991,R0,1,0,0,False,True,False,154865128.41992635,1707134871.5800736,b7e715bc9f0d13d10a37bc78e3dd0e92b8861396f91cf98964c4fb6cb57d97a5,E3B,LA-0593,593,0.03941988583891763,1.2506801881548935,0.23161783770325162,0.44442365034591785,0.10204689175903321,0.3349490361938774,Medium,Unfavorable,LA-0169,LA-0374,26944320.000000004,531999999.99999845,639970720.657938,False,0,266775492.7675991,False,0,0
E3B_MEDIUM_UNFAVORABLE,LA-0658,658,a06ac5f944e152077f015a26b4594a06abac302d9ee8d12168cc1855c3b7c784,M2,A1_FINAL_NO_MEMORY_V1,A1_FINAL_NO_MEMORY_V1_R1_WITNESS_GATED_INFEASIBLE_RETRY,certified,PASS,,,c38b1b9ba22c171fb9fc9f1bd2f704cd85ebeec063b9ca184de11275274f0c3d,b8a93d962c67f2a20d4c7e4d328674504d3548eb38a6a5f2825027a25680f09d,1.0,19137905.85543848,4.0,1.0,1.0,1.0,1.0,0.5,0.9,0f2ccd8439e385d691e44cc15af6ca6bdf6681990f6140ea8ff09dc1be3f7e17,3,2,2,f65dbdc2d1c660abec4dfec40360bd38fc20cb673aa178026a7d63c99b1b6354,P4,False,False,False,Q[NONE]|F[Crackers],1205179952.2648215,1205179952.2648215,0.0,9358890.522776803,0.0,9358890.522776803,h09,5,Katrina,1195821061.7420447,9779015.332661675,1186042046.409383,1692753242.510248,189204101.55413842,19137905.85543848,0.0,1.0,0.0,0.48902375178720286,0.0,0.5109762482127971,0.0,0.0,NONE,1,0,0,False,False,False,0.0,10400000.0,0.0,0.0,NONE,0,0,1,False,False,False,0.0,9557344.06438629,0.0,325928877.21559906,R0,1,0,0,False,True,False,189204101.55413842,1672795898.4458616,1e3cd3900892853a4fd2374b0f598257991faae43cca954b9e486f7a50d1f66e,E3B,LA-0658,658,0.3063862326899316,0.5514832170569085,0.23161783770325162,0.44442365034591785,0.10204689175903321,0.3349490361938774,Medium,Unfavorable,LA-0169,LA-0374,26944320.000000004,531999999.99999845,627097726.4093846,False,0,325928877.21559906,False,0,0
E3B_MEDIUM_UNFAVORABLE,LA-0287,287,6976b8c8cd5fa35b0ae0a06c7cc30e9084d607ef478d90c7ef5d00a8c768ad1b,M2,A1_FINAL_NO_MEMORY_V1,A1_FINAL_NO_MEMORY_V1_R1_WITNESS_GATED_INFEASIBLE_RETRY,certified,PASS,,,c377ebda57c331835a7271c070c71227c1068a180e3a3a7c0136cc1355906da5,9d4c17d224fcfb75ddf47488c158e10245278fb50e5b393bdfb2593119e1cac9,1.0,19137905.85543848,4.0,1.0,1.0,1.0,1.0,0.5,0.9,47db613831677426f8ba5bd2a57d926f0c605a1b990d9c0d39742e07a4eb355f,3,2,2,c7e692b76f4f26433a6c4b8ea92526d884ab098327b466948d4ac2134d34ac3b,P4,False,False,False,Q[NONE]|F[Vaccine],1212795114.8179681,1212795114.8179681,0.0,6656215.725022047,0.0,6656215.725022047,h09,5,Katrina,1206138899.092946,12481690.13041643,1193657208.9625297,1880819918.2409194,1137425.823467031,19137905.85543848,0.0,1.0,0.0,0.34780272070000434,0.0,0.6521972792999956,0.0,0.0,NONE,1,0,0,False,False,False,0.0,10400000.0,0.0,1959365.1433214867,R0,1,0,0,False,True,False,1137425.823467031,8419918.240919258,0.0,0.0,NONE,1,0,0,False,False,False,0.0,1862000000.0,bb030fa487236cfb8026f527985a830e056b758de5fe22885f3958b5d5dd7647,E3B,LA-0287,287,0.2441167564760935,0.788562086253366,0.23161783770325162,0.44442365034591785,0.10204689175903321,0.3349490361938774,Medium,Unfavorable,LA-0169,LA-0374,26944320.000000004,468686328.9625296,698026560.0,False,0,1959365.1433214867,False,0,0
E3B_MEDIUM_UNFAVORABLE,LA-0015,15,092ddd62a98a4bd89bf76f067ac2de26c73a2fb505374668c940be8fe91083b9,M2,A1_FINAL_NO_MEMORY_V1,A1_FINAL_NO_MEMORY_V1_R1_WITNESS_GATED_INFEASIBLE_RETRY,certified,PASS,,,c4778a0425c6a6a31110e322316466cb0883e0f355a732f10dd02c89ca69f17f,45b693472b00b61eb36645ed66e8ca6b803a439c7a5468d533d826e9912651ef,1.0,19137905.85543848,4.0,1.0,1.0,1.0,1.0,0.5,0.9,f92f6c0e140a39918a6895e27af92a70ffdafcc1c67032fcf98f3aa0727e47ff,7,2,2,1fd1f9d77290fddf23f0bb21f3372f1e50d67af27d43452e38d4b4c6efe2f93b,P1,False,False,False,Q[Water+Vaccine]|F[NONE],1221380975.6720865,1221380975.6720865,19137905.85543848,0.0,0.0,19137905.85543848,h09,5,Katrina,1202243069.816648,0.0,1202243069.816648,1871058215.5399656,0.0,19137905.85543848,0.0,1.0,1.0,0.0,0.0,0.0,14286615.279506551,0.0,NONE,0,1,0,True,False,False,0.0,0.0,685659.346483219,0.0,NONE,1,0,0,True,False,False,0.0,9058215.53996565,0.0,0.0,NONE,1,0,0,False,False,False,0.0,1862000000.0,535b56f40ee7b9db73c408d5c71e114fdf83959332912bdb9cebd5a6e263b7e2,E3B,LA-0015,15,0.3558700753864847,1.4393043546630513,0.23161783770325162,0.44442365034591785,0.10204689175903321,0.3349490361938774,Medium,Unfavorable,LA-0169,LA-0374,0.0,504216509.81664795,698026560.0,False,0,0.0,False,0,0
E3B_MEDIUM_UNFAVORABLE,LA-0154,154,5981ad8affb88f959adca326eb83e0af7dd4423a088a27b5f5768e1cf89564db,M2,A1_FINAL_NO_MEMORY_V1,A1_FINAL_NO_MEMORY_V1_R1_WITNESS_GATED_INFEASIBLE_RETRY,certified,PASS,,,681facb555d3fcf59a5930be9c3bdcb2ff571490b4e79e17355b5fe22ed2871f,75fb39e953a78535c42e6b2d5d359f5f17159861617767d47c2dfa4a499e3ad4,1.0,19137905.85543848,4.0,1.0,1.0,1.0,1.0,0.5,0.9,509c526567da3906c596ed422ca317de6bca6de4f3e8fb98388cb13e535ea0c2,3,2,2,730c40eb565e27c8fd6993b56cb7b7a9c750cf5b21d77916ad3df129cbca4327,P1,False,False,False,Q[Water+Vaccine]|F[NONE],1238563991.4298131,1238563991.4298131,19137905.85543848,0.0,0.0,19137905.85543848,h09,5,Katrina,1219426085.5743747,0.0,1219426085.5743747,1871366907.2573724,0.0,19137905.85543848,0.0,1.0,1.0,0.0,0.0,0.0,20992033.22546285,0.0,NONE,1,0,0,True,False,False,0.0,0.0,384389.97886419186,0.0,NONE,1,0,0,True,False,False,0.0,9366907.257372353,0.0,0.0,NONE,1,0,0,False,False,False,0.0,1862000000.0,659c9c947950f8d5f7aee38ca801221f3afe1a0b73f093ebf19084ca34de2f30,E3B,LA-0154,154,0.40423548510255886,1.4711619341413207,0.23161783770325162,0.44442365034591785,0.10204689175903321,0.3349490361938774,Medium,Unfavorable,LA-0169,LA-0374,0.0,521399525.5743747,698026560.0,False,0,0.0,False,0,0
E3B_MEDIUM_UNFAVORABLE,LA-0149,149,3191c1fb0ab074cb6835832ca5798d4e1f0f4d0b8aa3383dd32f2cfaa08942de,M2,A1_FINAL_NO_MEMORY_V1,A1_FINAL_NO_MEMORY_V1_R1_WITNESS_GATED_INFEASIBLE_RETRY,certified,PASS,,,6eb492d03921c683ff83ed7f91686780335909e9d2833abfd35461da5cc0b17d,3436b33bdbe00d3e7953957fcdc4dba5fdc60e886ec4f8bf0719778e492673f3,1.0,19137905.85543848,4.0,1.0,1.0,1.0,1.0,0.5,0.9,8f1cc83296e7e1facce22a8e2ede7b661e8ec5425b2171108bade2677323c17e,3,2,2,1d0c11a8a2ec34420467986ca53d2d1d49ef363f1887b5dafb575012436d4b24,P4,False,False,False,Q[NONE]|F[Water+Crackers],1238312310.3973777,1238312310.3973777,0.0,7767216.307984568,0.0,7767216.307984568,h09,5,Katrina,1230545094.0893931,11370689.54745391,1219174404.5419393,1842608999.3725939,39348344.69179244,19137905.85543848,0.0,1.0,0.0,0.405855079790631,0.0,0.5941449202093689,0.0,17915363.859447412,R0,1,0,0,False,True,False,10400000.0,0.0,0.0,0.0,NONE,1,0,0,False,False,False,0.0,9557344.06438629,0.0,49867320.027131215,R0,1,0,0,False,True,False,28948344.691792443,1833051655.3082075,35a646f00132c61cdfe122b80203db12b811445e302111d93d64198c09e7ec38,E3B,LA-0149,149,0.47717951777069556,1.2033597746510933,0.23161783770325162,0.44442365034591785,0.10204689175903321,0.3349490361938774,Medium,Unfavorable,LA-0169,LA-0374,0.0,531999999.99999845,687174404.5419408,False,0,67782683.88657862,False,0,0
E3B_MEDIUM_UNFAVORABLE,LA-0572,572,1b7fcd7cefb3bdf638af1eaeb65efef59898a8745cf0c2ba44a310272e14f4bc,M2,A1_FINAL_NO_MEMORY_V1,A1_FINAL_NO_MEMORY_V1_R1_WITNESS_GATED_INFEASIBLE_RETRY,certified,PASS,,,0f8aa73055113874e9771693a7d70122cd93744523284f4a2cfe342e40258041,addc1341a713cdd644278d6ae1d678af583f4a0b7fa030b7389e36bb00a2dbf9,1.0,19137905.85543848,4.0,1.0,1.0,1.0,1.0,0.5,0.9,ffbea53b63643bceb11b853036099d1102df418166073f179180f8f2e9d38cfd,3,2,2,15d1d4d27fc794f80bcb5fd1ccc808c84b16346aaacc4e03ac431e6924efc9c4,P4,False,False,False,Q[NONE]|F[Crackers],1229957400.870483,1229957400.870483,0.0,2674661.464513298,0.0,2674661.464513298,h09,5,Katrina,1227282739.4059696,16463244.390925178,1210819495.0150445,1758847588.982883,123109755.08150329,19137905.85543848,0.0,1.0,0.0,0.13975726940642416,0.0,0.8602427305935757,0.0,0.0,NONE,0,1,0,False,False,False,0.0,10400000.0,0.0,0.0,NONE,1,0,0,False,False,False,0.0,9557344.06438629,0.0,212072697.78197944,R0,1,0,0,False,True,False,123109755.08150329,1738890244.9184966,91adb1b797d0f59a1f9cf24ce0234a4fc899522753a9f95567ad7cccf10e53d4,E3B,LA-0572,572,0.13457109293244357,1.4268906032867656,0.23161783770325162,0.44442365034591785,0.10204689175903321,0.3349490361938774,Medium,Unfavorable,LA-0169,LA-0374,26944320.000000004,531999999.99999845,651875175.015046,False,0,212072697.78197944,False,0,0
E3B_MEDIUM_UNFAVORABLE,LA-0123,123,7db26285aeb70f4f87f8b7ef0a039a3debdca506f3de3352f9fba7ef8f08efd7,M2,A1_FINAL_NO_MEMORY_V1,A1_FINAL_NO_MEMORY_V1_R1_WITNESS_GATED_INFEASIBLE_RETRY,certified,PASS,,,e296ff91a70ace3e1f51c664efe9996dde849644ecdf495dc19498ddf258bbd9,2d8933118e8e9f95ee03baacfd61ac4facb0e1d91498f013255968a8b955d830,1.0,19137905.85543848,4.0,1.0,1.0,1.0,1.0,0.5,0.9,6ec9a381a62d05f0197b622808f91dfd2d083db6c4bd789e984759701e14d400,3,2,2,7861e4654b3c905694d58e787d3cc86c17108392135ac6d98de31b1933fee83a,P4,False,False,False,Q[NONE]|F[Vaccine],1219998626.4014592,1219998626.4014592,0.0,279912.02130341314,0.0,279912.02130341314,h09,5,Katrina,1219718714.3801558,18857993.834135063,1200860720.5460207,1880949328.839933,1008015.2244534642,19137905.855438475,3.725290298461914e-09,0.9999999999999998,0.0,0.014626052788522297,0.0,0.9853739472114776,0.0,0.0,NONE,1,0,0,False,False,False,0.0,10400000.0,0.0,1736438.4155717655,R0,1,0,0,False,True,False,1008015.2244534642,8549328.839932825,0.0,0.0,NONE,1,0,0,False,False,False,0.0,1862000000.0,dc4c5b7bc85641feb856917a26124a5eec25375fa548cf63bcf02b2f6863b1fd,E3B,LA-0123,123,0.011583711832410566,1.3443550342859152,0.23161783770325162,0.44442365034591785,0.10204689175903321,0.3349490361938774,Medium,Unfavorable,LA-0169,LA-0374,26944320.000000004,475889840.5460208,698026560.0,False,0,1736438.4155717655,False,0,0
E3B_MEDIUM_UNFAVORABLE,LA-0752,752,a67cbf0b6a8032f4a985a2b133980b10264b5752aa31758648180af2706297d6,M2,A1_FINAL_NO_MEMORY_V1,A1_FINAL_NO_MEMORY_V1_R1_WITNESS_GATED_INFEASIBLE_RETRY,certified,PASS,,,a69966f396cc17f449e7b62aad592d9d7fbbd3b6f6ea6de4413bf3440c9bb0fc,c951ffb31ed57c0f4b53bec2f9fc4fe087aa727b3eb0edabd78fae7b9f97bb27,1.0,19137905.85543848,4.0,1.0,1.0,1.0,1.0,0.5,0.9,8de1fccc5bae43c58d4157fc75d59346a3a62bb28ab1a7e8cb74917532eda9c8,3,2,2,524ddbbd0d8eb0a183cf7132895ecdedbb61b8cee8ecacefe8a93cc22281c9fa,P4,False,False,False,Q[NONE]|F[Water+Crackers],1213171595.3452687,1213171595.3452687,0.0,1352392.9710350567,0.0,1352392.9710350567,h09,5,Katrina,1211819202.3742337,17785512.884403422,1194033689.4898303,1775545632.2895033,106411711.77488305,19137905.85543848,0.0,1.0,0.0,0.07066567163881951,0.0,0.9293343283611806,0.0,17915363.859447412,R0,1,0,0,False,True,False,10400000.0,0.0,0.0,0.0,NONE,0,1,0,False,False,False,0.0,9557344.06438629,0.0,165392764.53994435,R0,1,0,0,False,True,False,96011711.77488305,1765988288.225117,978668cc6c5ee74b516c5617f4d25486ee7c9038acd4424d2d112b264744f8ba,E3B,LA-0752,752,0.049895714971769485,1.1303658609629221,0.23161783770325162,0.44442365034591785,0.10204689175903321,0.3349490361938774,Medium,Unfavorable,LA-0169,LA-0374,0.0,531999999.99999845,662033689.4898318,False,0,183308128.39939177,False,0,0
E3B_MEDIUM_UNFAVORABLE,LA-0405,405,42e2c45b27aff00643e23613d2888dd87b6df6e731f7d0751cceaad9e87dc3f1,M2,A1_FINAL_NO_MEMORY_V1,A1_FINAL_NO_MEMORY_V1_R1_WITNESS_GATED_INFEASIBLE_RETRY,certified,PASS,,,491e9711091a7df2565e50d1add8dc86cdf49f3370e9ab53415084d5d559b566,20eb66ae3ea851b4c97f165029fdb16b91aa67d8d56e86a84b3fe72c93fe6596,1.0,19137905.85543848,4.0,1.0,1.0,1.0,1.0,0.5,0.9,a1af62786f1fdbcbf6e19562758e74fd112f34d415d4e479b48450d4f13b1b3e,3,2,2,cbdf550b7afc4ee4e111196752a16c8fade2737126ee9908b9226cea47861588,P4,False,False,False,Q[NONE]|F[Water+Crackers],1220683977.3946478,1220683977.3946478,0.0,6316200.920523722,0.0,6316200.920523722,h09,5,Katrina,1214367776.4741242,12821704.934914757,1201546071.5392094,1795585063.7059007,86372280.35848574,19137905.85543848,0.0,1.0,0.0,0.3300361579910702,0.0,0.6699638420089298,0.0,17915363.859447412,R0,1,0,0,False,True,False,10399999.999999998,3.725290298461914e-09,0.0,0.0,NONE,0,1,0,False,False,False,0.0,9557344.06438629,0.0,130872215.94752134,R0,1,0,0,False,True,False,75972280.35848574,1786027719.6415143,626fa3a1a2293faa418363f526e3d33561f888cee0fa994e08d8b18585ecc25d,E3B,LA-0405,405,0.2646180307938569,0.9253404957807374,0.23161783770325162,0.44442365034591785,0.10204689175903321,0.3349490361938774,Medium,Unfavorable,LA-0169,LA-0374,9.651482105255128e-09,531999999.99999845,669546071.5392109,False,0,148787579.80696875,False,0,0
E3B_MEDIUM_UNFAVORABLE,LA-0959,959,5678edd621148dc11ecaf4fa0597c063442d95adf8e16a86e56f0be9c6c2d5b7,M2,A1_FINAL_NO_MEMORY_V1,A1_FINAL_NO_MEMORY_V1_R1_WITNESS_GATED_INFEASIBLE_RETRY,certified,PASS,,,4c65b6c31226930d01f3f47121dc2b7956defbaf1a53cba41e9ea6510391cc9a,4ecb3ec73ad5f1591b371003f12d21c3e559cae296dc601445c9688cc29d79fa,1.0,19137905.85543848,4.0,1.0,1.0,1.0,1.0,0.5,0.9,77d253d4569cecbae07441c1e41ea3784afe96f03c52a6629387906661b4a79c,6,2,2,bcf74cecf8be23b89568b1cb57acc2a293bdd8ad3c0eaa5b5c2f65e5efd23df0,P1,False,False,False,Q[Water+Vaccine]|F[NONE],1231987238.2950087,1231987238.2950087,19137905.855438434,0.0,0.0,19137905.855438434,h09,5,Katrina,1212849332.4395702,0.0,1212849332.4395702,1871248756.331553,0.0,19137905.855438434,4.470348358154297e-08,0.9999999999999977,0.9999999999999977,0.0,0.0,0.0,17795252.741609916,0.0,NONE,1,0,0,True,False,False,0.0,0.0,528018.913339185,0.0,NONE,1,0,0,True,False,False,0.0,9248756.331553072,0.0,0.0,NONE,1,0,0,False,False,False,0.0,1862000000.0,b767368b9a99325f368a6c965ee65eae9968420f2f2e7dab39c62b738c17ede2,E3B,LA-0959,959,0.3140517306097792,1.4181701098336283,0.23161783770325162,0.44442365034591785,0.10204689175903321,0.3349490361938774,Medium,Unfavorable,LA-0169,LA-0374,0.0,514822772.4395702,698026560.0,False,0,0.0,False,0,0
E3B_MEDIUM_UNFAVORABLE,LA-0150,150,57e4ffc89d313dbacf36d4c5948ba60e18d918df4f9d44ec547bfd96ad560683,M2,A1_FINAL_NO_MEMORY_V1,A1_FINAL_NO_MEMORY_V1_R1_WITNESS_GATED_INFEASIBLE_RETRY,certified,PASS,,,2a53525af3bdfffad8ce5f551e256b338adbd37a2946523d9399bca7fd987218,5622b47147abdee29f47b14e00e8d6b1c98cb6e38ad8b85ce0de3c570ac99a9e,1.0,19137905.85543848,4.0,1.0,1.0,1.0,1.0,0.5,0.9,1578705a159a4c6620783b528127e6f7888973b132de8f8bdc2aa8cd2bd5301a,3,2,2,4e2e1313ed189f3d444c3dae9fd887fa8050088c1ba4fb6b1a2786b6f21fd8ca,P4,False,False,False,Q[NONE]|F[Water+Crackers],1218628646.185897,1218628646.185897,0.0,4408282.373477813,0.0,4408282.373477813,h09,5,Katrina,1214220363.8124194,14729623.481960665,1199490740.3304586,1790102426.038512,91854918.02587442,19137905.85543848,0.0,1.0,0.0,0.23034298563158087,0.0,0.7696570143684192,0.0,17915363.859447412,R0,1,0,0,False,True,False,10400000.0,0.0,0.0,0.0,NONE,0,0,1,False,False,False,0.0,9557344.06438629,0.0,140316778.32451943,R0,1,0,0,False,True,False,81454918.02587442,1780545081.9741256,10dfd753fe4a45040f01e3e15d52c154e1930cd0554f8a11fa8e1ab231a1947b,E3B,LA-0150,150,0.17808169815709976,1.0250234997091539,0.23161783770325162,0.44442365034591785,0.10204689175903321,0.3349490361938774,Medium,Unfavorable,LA-0169,LA-0374,0.0,531999999.99999845,667490740.3304602,False,0,158232142.18396685,False,0,0
E3B_MEDIUM_UNFAVORABLE,LA-0978,978,4d8164fe0a8b7af6b958f7b5b0ebcc8dd1c2517306e5e8633b7304becf246e7b,M2,A1_FINAL_NO_MEMORY_V1,A1_FINAL_NO_MEMORY_V1_R1_WITNESS_GATED_INFEASIBLE_RETRY,certified,PASS,,,2d7eb8f4e0248c76691c061cb4253c144a857b4087ddba220e13793e85176769,75d4070b37ba04c0301423f69e5da186c8eecc1413066c4e361d20965bff026d,1.0,19137905.85543848,4.0,1.0,1.0,1.0,1.0,0.5,0.9,00f549742366db6baeeb868d3fe2713fbaee374ef3c6e0b400cd6fae09e5d321,3,2,2,6941804a877daf04f6a38c7458e2f97300eea650f33f9ccf5360ee0a6ff7e786,P4,False,False,False,Q[NONE]|F[Water+Vaccine],1188026109.8235924,1188026109.8235924,0.0,1035295.146737549,0.0,1035295.146737549,h09,5,Katrina,1186990814.6768548,18102610.70870093,1168888203.968154,1870458997.6280568,11498346.436329486,19137905.85543848,0.0,1.0,0.0,0.054096574335657836,0.0,0.9459034256643422,0.0,17915363.859447412,R0,1,0,0,False,True,False,10400000.0,0.0,0.0,1892045.774093281,R0,1,0,0,False,True,False,1098346.4363294856,8458997.628056804,0.0,0.0,NONE,1,0,0,False,False,False,0.0,1862000000.0,e60c03484a1c8380fa2fd7114c61cb8422afe67ab7a05d47c92b7cebbfc17fc6,E3B,LA-0978,978,0.027292377850293724,0.8220736028572202,0.23161783770325162,0.44442365034591785,0.10204689175903321,0.3349490361938774,Medium,Unfavorable,LA-0169,LA-0374,0.0,470861643.96815395,698026560.0,False,0,19807409.633540694,False,0,0
E3B_MEDIUM_UNFAVORABLE,LA-0481,481,50fc88ad5a6f285c464f798a4f897fbcaa26f476f9ef8c6d2cf81a1507ee0cf7,M2,A1_FINAL_NO_MEMORY_V1,A1_FINAL_NO_MEMORY_V1_R1_WITNESS_GATED_INFEASIBLE_RETRY,certified,PASS,,,85de72d6e3d78271b59a5f38fc025a525a19a59a9ca989ee25de552e2adfd71c,fb21c77fa15bf0856955af4586d37db3310c61295b182bee4c9ce273533daa63,1.0,19137905.85543848,4.0,1.0,1.0,1.0,1.0,0.5,0.9,45ea34b7d2acd631545d757a1668d8d539dec123d3f4c60aa03cfa9ee964e407,3,2,2,a33f792d126bfcd93f930e5c12a646bd85c1e34af0ff9f51dfa3593d592bb52c,P4,False,False,False,Q[NONE]|F[Water+Crackers],1209430493.9430325,1209430493.9430325,0.0,410044.28298099025,0.0,410044.28298099025,h09,5,Katrina,1209020449.6600516,18727861.57245749,1190292588.087594,1765566168.455113,116391175.60927345,19137905.85543848,0.0,1.0,0.0,0.021425765497977235,0.0,0.9785742345020227,0.0,17915363.859447412,R0,1,0,0,False,True,False,10400000.0,0.0,0.0,0.0,NONE,0,0,1,False,False,False,0.0,9557344.06438629,0.0,182583699.70487708,R0,1,0,0,False,True,False,105991175.60927345,1756008824.3907266,045a8aa07b8130bc4ac4fef52dccbdb12919abca89d4bab86bd9258240f08a32,E3B,LA-0481,481,0.014279532612601925,1.1234757841163876,0.23161783770325162,0.44442365034591785,0.10204689175903321,0.3349490361938774,Medium,Unfavorable,LA-0169,LA-0374,0.0,531999999.99999845,658292588.0875956,False,0,200499063.5643245,False,0,0
E3B_MEDIUM_UNFAVORABLE,LA-0649,649,8bdb499cfb7da607adb470d692cc7569cfddef59031fe66cd17753dbcc98d428,M2,A1_FINAL_NO_MEMORY_V1,A1_FINAL_NO_MEMORY_V1_R1_WITNESS_GATED_INFEASIBLE_RETRY,certified,PASS,,,3efd43bb621eb1b37ed17092d02e4fb76edf6eaf806b333e5b4dbaf821d479d0,f73e5b4f44ba72eefc3e8297fae7fe765092b5034ebe72a5095a6bc66dcb8d6c,1.0,19137905.85543848,4.0,1.0,1.0,1.0,1.0,0.5,0.9,03127c861ef79cb1ed3c4094a4bde27c3e8c69415f5657bf0270389a2b3fa7eb,3,2,2,f2787b0d291a16fdf995b445576e4a3e064e8c28b27efb93aee8500f8d24a20a,P4,False,False,False,Q[NONE]|F[Crackers],1183865402.7785344,1183865402.7785344,0.0,4336867.961105431,0.0,4336867.961105431,h09,5,Katrina,1179528534.817429,14801037.894333046,1164727496.923096,1635896249.6424315,246061094.4219549,19137905.85543848,0.0,1.0,0.0,0.2266114168323704,0.0,0.7733885831676296,0.0,0.0,NONE,1,0,0,False,False,False,0.0,10400000.0,0.0,0.0,NONE,0,0,1,False,False,False,0.0,9557344.06438629,0.0,423872503.6753046,R0,1,0,0,False,True,False,246061094.4219549,1615938905.5780451,23565835e251486232dbc27930f08e6cbfa30a5d4cd5efb1340ade366e1536d0,E3B,LA-0649,649,0.10917134853458652,0.6418254578539713,0.23161783770325162,0.44442365034591785,0.10204689175903321,0.3349490361938774,Medium,Unfavorable,LA-0169,LA-0374,26944320.000000004,531999999.99999845,605783176.9230975,False,0,423872503.6753046,False,0,0
E3B_MEDIUM_UNFAVORABLE,LA-0068,68,60cb9806f6539dee04a0c52f4acd201386b18ff64aaf42e6767f8696c9abba82,M2,A1_FINAL_NO_MEMORY_V1,A1_FINAL_NO_MEMORY_V1_R1_WITNESS_GATED_INFEASIBLE_RETRY,certified,PASS,,,faa0250857fa8a3a390efa28bb956c2faddf53e6b71fe4ba49a1514c792b844a,59db398489bcdf3a616f90ec4ce8c0a0d2123b762844d97ca2571285ca14972a,1.0,19137905.85543848,4.0,1.0,1.0,1.0,1.0,0.5,0.9,af1d2832cff4dcfeb56200eb29db30fda080921fd6f2f75163208d10c2660cb8,3,2,2,32eede3fd32ec3c4ff33378a2d810121c3b99901c01310e45a2f59aab69b2742,P4,False,False,False,Q[NONE]|F[Crackers],1230397466.6838334,1230397466.6838334,0.0,2052456.5693871567,0.0,2052456.5693871567,h09,5,Katrina,1228345010.1144462,17085449.28605132,1211259560.828395,1760021473.4615173,121935870.60286897,19137905.85543848,0.0,1.0,0.0,0.1072456194993719,0.0,0.892754380500628,0.0,0.0,NONE,0,0,1,False,False,False,0.0,10400000.0,0.0,0.0,NONE,1,0,0,False,False,False,0.0,9557344.06438629,0.0,210050527.8239322,R0,1,0,0,False,True,False,121935870.60286897,1740064129.397131,d4595d0da562b3dfad557422ea5253a157ef150baf7c7afbabbc0de89063985d,E3B,LA-0068,68,0.10426004762430714,1.495073832536868,0.23161783770325162,0.44442365034591785,0.10204689175903321,0.3349490361938774,Medium,Unfavorable,LA-0169,LA-0374,26944320.000000004,531999999.99999845,652315240.8283964,False,0,210050527.8239322,False,0,0
E3B_MEDIUM_UNFAVORABLE,LA-0896,896,24ae43a438e5db5f118a72ad93a0741789c35c3f4596402d10f4acd0d8696ba8,M2,A1_FINAL_NO_MEMORY_V1,A1_FINAL_NO_MEMORY_V1_R1_WITNESS_GATED_INFEASIBLE_RETRY,certified,PASS,,,d9ccd20be4c2e5994cf52842141c4c0fcd9e9605c056ec5bf81df253c9675b12,2afe72c1e6f2f0c937c72912d0bc8a2fbebff5b3d064bd27dbfcb8fdd3f203ca,1.0,19137905.85543848,4.0,1.0,1.0,1.0,1.0,0.5,0.9,d7c6910487effe952894f2f0dcb81b355bc43425755e81df0010c079e8e5e826,6,2,2,26a178acdbbdf5688cce4fdf334bd8df157e97d5bd7f303c9bd3e6567fec4f73,P1,False,False,False,Q[Water+Vaccine]|F[NONE],1230968019.681043,1230968019.681043,19137905.85543848,0.0,0.0,19137905.85543848,h09,5,Katrina,1211830113.8256044,0.0,1211830113.8256044,1871230446.1379995,0.0,19137905.85543848,0.0,1.0,1.0,0.0,0.0,0.0,17384965.558005214,0.0,NONE,1,0,0,True,False,False,0.0,0.0,546452.8068478426,0.0,NONE,0,0,1,True,False,False,0.0,9230446.137999505,0.0,0.0,NONE,1,0,0,False,False,False,0.0,1862000000.0,4faf5d5c18377d3e30174f23a6e0f0777711af604ae2397902a5dcfc573bad93,E3B,LA-0896,896,0.48158000673513235,1.4791661841099053,0.23161783770325162,0.44442365034591785,0.10204689175903321,0.3349490361938774,Medium,Unfavorable,LA-0169,LA-0374,0.0,513803553.82560444,698026560.0,False,0,0.0,False,0,0
E3B_MEDIUM_UNFAVORABLE,LA-0943,943,0bf9483cccf0a0ad6ede20b25ea8ba7c18e4e0c1839f6c6c48ab577def64784f,M2,A1_FINAL_NO_MEMORY_V1,A1_FINAL_NO_MEMORY_V1_R1_WITNESS_GATED_INFEASIBLE_RETRY,certified,PASS,,,19437ec2f5189db7b453ec9d920e2efa346f93ab43597958127e6ff25e37b8c4,a9698548ffeaaac29fd0cabbe057278204540b2b8c7c6bca48b3ac24d616d1b8,1.0,19137905.85543848,4.0,1.0,1.0,1.0,1.0,0.5,0.9,673846a6c7700e4f62c2ce0ddc79eed0e86bbc112c6f0509f798268e122360e8,3,2,2,66ae78c09afb94b9c8bdd4494c60f81ab6c5993f6e9b95308c098625fab1e590,P4,False,False,False,Q[NONE]|F[Water+Vaccine],1197334033.7358742,1197334033.7358742,0.0,1880430.3589197868,0.0,1880430.3589197868,h09,5,Katrina,1195453603.3769543,17257475.49651869,1178196127.8804357,1880245849.395689,1711494.6686972277,19137905.85543848,0.0,1.0,0.0,0.0982568507298524,0.0,0.9017431492701475,0.0,535352.7500877406,R0,1,0,0,False,True,False,310776.19436551223,10089223.805634487,0.0,2412921.262721417,R0,1,0,0,False,True,False,1400718.4743317156,8156625.5900545735,0.0,0.0,NONE,1,0,0,False,False,False,0.0,1862000000.0,9b3681e774d3c102a2dd9a334ae34e5809c655b38ddfbefe20dfcd41de72eaac,E3B,LA-0943,943,0.05542911013160232,0.8762947534420994,0.23161783770325162,0.44442365034591785,0.10204689175903321,0.3349490361938774,Medium,Unfavorable,LA-0169,LA-0374,26139161.035637833,454030406.8447978,698026560.0,False,0,2948274.0128091574,False,0,0
E3B_MEDIUM_UNFAVORABLE,LA-0509,509,afaaed77442620fed7cdc6117bbea079e42aba1c3bc4bffc87431fcfc07ea9bc,M2,A1_FINAL_NO_MEMORY_V1,A1_FINAL_NO_MEMORY_V1_R1_WITNESS_GATED_INFEASIBLE_RETRY,certified,PASS,,,a80da9544144af8bed7a11606026ac5a7a8ec436d934a080846be1fc184a803b,66f5ec3318c3d9688f9bdcf9c22cc3907e4abb637dad5796dc2f17310bb5b8ca,1.0,19137905.85543848,4.0,1.0,1.0,1.0,1.0,0.5,0.9,9914674d4f8875969302aa048f89ea390fe7e57a83e231427f75d61482ed6c01,7,2,2,d5fea808d19cb0bd293e0a3e07702772a8b41562cdbda084fd3417386944ecfa,P1,False,False,False,Q[Water+Vaccine]|F[NONE],1227295330.4219646,1227295330.4219646,19137905.855438434,0.0,0.0,19137905.855438434,h09,5,Katrina,1208157424.5665262,0.0,1208157424.5665262,1871164466.5235436,0.0,19137905.855438434,4.470348358154297e-08,0.9999999999999977,0.9999999999999977,0.0,0.0,0.0,16051402.33719921,0.0,NONE,1,0,0,True,False,False,0.0,0.0,606368.7958958454,0.0,NONE,0,0,1,True,False,False,0.0,9164466.523543514,0.0,0.0,NONE,1,0,0,False,False,False,0.0,1862000000.0,85c24acf8b8b3dfd8ef7d105c19871466f82e93fa0e2a98eb982a89c16fd72af,E3B,LA-0509,509,0.2774108115992949,1.4046135165898517,0.23161783770325162,0.44442365034591785,0.10204689175903321,0.3349490361938774,Medium,Unfavorable,LA-0169,LA-0374,0.0,510130864.5665262,698026560.0,False,0,0.0,False,0,0
E3B_MEDIUM_UNFAVORABLE,LA-0848,848,18ba8bd3477f961ccfad64773589b0d508a04ad4a7dddfb195e0cb1d64a01127,M2,A1_FINAL_NO_MEMORY_V1,A1_FINAL_NO_MEMORY_V1_R1_WITNESS_GATED_INFEASIBLE_RETRY,certified,PASS,,,0a3dd0cce64eda2cccc775f4ccd1894ae1d33e71c330c08da71d547d61829f4a,91c46a0797fe8cea69dddba1479f745865fec6e7dcd8288f6f7ef3eb493dda48,1.0,19137905.85543848,4.0,1.0,1.0,1.0,1.0,0.5,0.9,2ee71de9ea0f53a1760d7d94bab6bb58c091f59312974db1dbf7e54ae6a74900,6,2,2,d291a5908b85080b695643c96364e3e65994cca85855dcbb400f2046b22534df,P1,False,False,False,Q[Water+Vaccine]|F[NONE],1222469787.724126,1222469787.724126,19137905.85543848,0.0,0.0,19137905.85543848,h09,5,Katrina,1203331881.8686876,0.0,1203331881.8686876,1871077775.9749334,0.0,19137905.85543848,0.0,1.0,1.0,0.0,0.0,0.0,14581759.86495683,0.0,NONE,1,0,0,True,False,False,0.0,0.0,672398.7230095684,0.0,NONE,0,0,1,True,False,False,0.0,9077775.974933308,0.0,0.0,NONE,1,0,0,False,False,False,0.0,1862000000.0,f02979d44ee5cf2a56a6504bd6fa3cab5f410f43e86545c68a23cedec06e187b,E3B,LA-0848,848,0.18510025292091103,1.313432834201166,0.23161783770325162,0.44442365034591785,0.10204689175903321,0.3349490361938774,Medium,Unfavorable,LA-0169,LA-0374,0.0,505305321.8686876,698026560.0,False,0,0.0,False,0,0
E3B_MEDIUM_UNFAVORABLE,LA-0495,495,7bc13e8e4617f5526c866da54cb9011a6de5916d88e0fd2c8324951716bfa3c7,M2,A1_FINAL_NO_MEMORY_V1,A1_FINAL_NO_MEMORY_V1_R1_WITNESS_GATED_INFEASIBLE_RETRY,certified,PASS,,,adf574a11d9446ab8d8c49ff234f040f36df902ac7a6d60eedf2c01c650748a8,412bd1e3cf36189caf61fb120be4be4ebe1c99b268e43548dc2c7a874445b8f3,1.0,19137905.85543848,4.0,1.0,1.0,1.0,1.0,0.5,0.9,dd5c42574fbf82f1e8ae07275f12ec5603c32316d49ea0dfcfc682f28d32fe3a,3,2,2,7011bc6300f835808d85dd70789a33dd9abc5005bc6203585ca40aa7470f37cb,P4,False,False,False,Q[NONE]|F[Water+Vaccine],1224466615.6152813,1224466615.6152813,0.0,9129050.323528718,0.0,9129050.323528718,h09,5,Katrina,1215337565.2917526,10008855.53190976,1205328709.7598429,1871113648.8531158,10843695.2112704,19137905.85543848,0.0,1.0,0.0,0.47701406791770207,0.0,0.5229859320822979,0.0,17915363.859447412,R0,1,0,0,False,True,False,10400000.0,0.0,0.0,764323.187750347,R0,1,0,0,False,True,False,443695.21127040003,9113648.85311589,0.0,0.0,NONE,1,0,0,False,False,False,0.0,1862000000.0,47e175ca6c527095e59c878c6026016a2b84e0d34d6b90804699267ff98baef5,E3B,LA-0495,495,0.41047698682736883,0.7752467013190817,0.23161783770325162,0.44442365034591785,0.10204689175903321,0.3349490361938774,Medium,Unfavorable,LA-0169,LA-0374,0.0,507302149.75984293,698026560.0,False,0,18679687.04719776,False,0,0
E3B_MEDIUM_UNFAVORABLE,LA-0180,180,b145dd9c8cfc5155696db0031bc4064abe43f4293e451bc31c0f9c145adcff92,M2,A1_FINAL_NO_MEMORY_V1,A1_FINAL_NO_MEMORY_V1_R1_WITNESS_GATED_INFEASIBLE_RETRY,certified,PASS,,,fd121bd47984f41337fb978a14f35dd07eefa757c932c0eff9f2b7922d85681e,bca262673e41966580dd8f2a6391f4d513d7288d32547380a4227d9636640c45,1.0,19137905.85543848,4.0,1.0,1.0,1.0,1.0,0.5,0.9,c4b2c944fa69b8706b670c91b4ee1a2263cec944ece6a5d05336adedfd2b4ebb,3,2,2,b453e3207b27aed5e9316ec2c8071bf757b91b48ad04e8e4bece0df5b52c41cf,P4,False,False,False,Q[NONE]|F[Crackers],1193741421.5951054,1193741421.5951054,0.0,1744903.9354572813,0.0,1744903.9354572813,h09,5,Katrina,1191996517.6596482,17393001.919981197,1174603515.739667,1662240730.0536857,219716614.0107006,19137905.85543848,0.0,1.0,0.0,0.09117528054729282,0.0,0.9088247194527072,0.0,0.0,NONE,1,0,0,False,False,False,0.0,10400000.0,0.0,0.0,NONE,0,0,1,False,False,False,0.0,9557344.06438629,0.0,378490681.34302527,R0,1,0,0,False,True,False,219716614.0107006,1642283385.9892993,5614fb458c8b84553d80ae3e1b108aff4f2ae91556d4cfed209ce8e6b0438514,E3B,LA-0180,180,0.049190818712075035,0.8446550196754448,0.23161783770325162,0.44442365034591785,0.10204689175903321,0.3349490361938774,Medium,Unfavorable,LA-0169,LA-0374,26944320.000000004,531999999.99999845,615659195.7396685,False,0,378490681.34302527,False,0,0
E3B_MEDIUM_UNFAVORABLE,LA-0525,525,83af71f8ba5ee33ca66c978cd2649cf74ae3bce9b598a5f4db626a4d7733bd9d,M2,A1_FINAL_NO_MEMORY_V1,A1_FINAL_NO_MEMORY_V1_R1_WITNESS_GATED_INFEASIBLE_RETRY,certified,PASS,,,6fea441ae1bf71a34393f60c69aa5b70d393f1ff2485d30fac803e175e1862ed,e97eee7149e56c7490a846322ffa64f452faf106db955e881865cf48ba7800f2,1.0,19137905.85543848,4.0,1.0,1.0,1.0,1.0,0.5,0.9,e5f91b74649b7ff9acf56d91bddf073901a354d199859b17dbd4d440ec2cf5c1,3,2,2,9eb8f04f3fa7257c69845195799b0b2c293a9b8b1c5d27e9857b0c61213f9ddc,P4,False,False,False,Q[NONE]|F[Crackers],1177574811.6528192,1177574811.6528192,0.0,4730983.182608724,0.0,4730983.182608724,h09,5,Katrina,1172843828.4702106,14406922.672829753,1158436905.7973807,1619115970.2844625,262841373.7799238,19137905.85543848,0.0,1.0,0.0,0.247204851896808,0.0,0.7527951481031919,0.0,0.0,NONE,1,0,0,False,False,False,0.0,10400000.0,0.0,0.0,NONE,0,0,1,False,False,False,0.0,9557344.06438629,0.0,452778735.4408034,R0,1,0,0,False,True,False,262841373.7799238,1599158626.220076,baca2f85b7ecef80950b23efa304120be20f96e8d140350ead90c862702a9c5a,E3B,LA-0525,525,0.11148927777514595,0.5848509730544084,0.23161783770325162,0.44442365034591785,0.10204689175903321,0.3349490361938774,Medium,Unfavorable,LA-0169,LA-0374,26944320.000000004,531999999.99999845,599492585.7973821,False,0,452778735.4408034,False,0,0
E3B_MEDIUM_UNFAVORABLE,LA-0523,523,d31aa80ffad076f8dd285ed039d40993d844b1d27fe990b838b50f90d2c56fa9,M2,A1_FINAL_NO_MEMORY_V1,A1_FINAL_NO_MEMORY_V1_R1_WITNESS_GATED_INFEASIBLE_RETRY,certified,PASS,,,5502023e2b95e3eb85d2d7a83dcbf842f03a93e785211ef0247850c9e7cf2aa0,98129810e2d32ba49c8179074f6cb8e38baca5b15d13f3a53d2026377fecf320,1.0,19137905.85543848,4.0,1.0,1.0,1.0,1.0,0.5,0.9,e05f9b19d81ab641cc1676c225b4d0bdbac554b91a9f0b0015f97566838ed74f,3,2,2,cfde2835af374e7158cad4e51b0225350eace58c3fccc91a48d37c8fa356c2aa,P4,False,False,False,Q[NONE]|F[Crackers],1225923569.3120217,1225923569.3120217,0.0,1699928.954032932,0.0,1699928.954032932,h09,5,Katrina,1224223640.3579888,17437976.901405547,1206785663.4565833,1748087261.5221987,133870082.54218765,19137905.85543848,0.0,1.0,0.0,0.08882523338100014,0.0,0.9111747666189999,0.0,0.0,NONE,0,0,1,False,False,False,0.0,10400000.0,0.0,0.0,NONE,1,0,0,False,False,False,0.0,9557344.06438629,0.0,230608772.94591835,R0,1,0,0,False,True,False,133870082.54218765,1728129917.4578123,b5f789648c1894e59f6933998ce744351a99490c0062ad5ca5de170b7ebfce9e,E3B,LA-0523,523,0.07865433547695756,1.389889541380771,0.23161783770325162,0.44442365034591785,0.10204689175903321,0.3349490361938774,Medium,Unfavorable,LA-0169,LA-0374,26944320.000000004,531999999.99999845,647841343.4565847,False,0,230608772.94591835,False,0,0
E3B_MEDIUM_UNFAVORABLE,LA-0982,982,182c98024aeab95a5710c14bc11bca9d2e1ac8582a207c393ca0f89cd98afbe9,M2,A1_FINAL_NO_MEMORY_V1,A1_FINAL_NO_MEMORY_V1_R1_WITNESS_GATED_INFEASIBLE_RETRY,certified,PASS,,,e9c0695b2f8afc5b79185c2f52176cac084eee697ca3300db176b72311ae7ce3,c3255125cb93dd6a6d47f5a07c8c92cce00a723405078507148c7a379d037c13,1.0,19137905.85543848,4.0,1.0,1.0,1.0,1.0,0.5,0.9,b72a0e5af27368f8c0f355fa55823d836213456bb4b1adf05c9a41f28298f006,3,2,2,502a53a22277be25c07f97b152db9981dbde482cf19f62bdd10ba39a9b3dcfd6,P4,False,False,False,Q[NONE]|F[Crackers],1240670076.1340191,1240670076.1340191,0.0,6714663.631559864,0.0,6714663.631559864,h09,5,Katrina,1233955412.5024593,12423242.223878615,1221532170.2785807,1787423867.4280818,94533476.63630453,19137905.85543848,0.0,1.0,0.0,0.3508567594741165,0.0,0.6491432405258836,0.0,0.0,NONE,1,0,0,False,False,False,0.0,10400000.0,0.0,0.0,NONE,0,1,0,False,False,False,0.0,9557344.06438629,0.0,162846310.65749678,R0,1,0,0,False,True,False,94533476.63630453,1767466523.3636954,08acf032fa4da30156faf6b3cce6e3c263d5c6064ae46781fbb5c980033d199c,E3B,LA-0982,982,0.4399608758043849,1.4022228598656308,0.23161783770325162,0.44442365034591785,0.10204689175903321,0.3349490361938774,Medium,Unfavorable,LA-0169,LA-0374,26944320.000000004,531999999.99999845,662587850.2785821,False,0,162846310.65749678,False,0,0
E3B_MEDIUM_UNFAVORABLE,LA-0410,410,ace3856344a78e7d1dd524f1b1d0f174b0f2af6971133122152dcc812694be2d,M2,A1_FINAL_NO_MEMORY_V1,A1_FINAL_NO_MEMORY_V1_R1_WITNESS_GATED_INFEASIBLE_RETRY,certified,PASS,,,9a57c49711819b10192d01f57ab6252a7b2a81302dec86cc5a77e204f68399eb,bb5d43185fe7450d28eaa14086a151c1b800aeb13b5d2711d5cbc1754c16396d,1.0,19137905.85543848,4.0,1.0,1.0,1.0,1.0,0.5,0.9,abea009c3e9c43ed2906ff0b7f2339f2e9d76a853fd3c261f907d1ef2b99479f,3,2,2,06631c68e1560d62092031766a5b1f0fc3ff45cf9caa7ab5367acd7666b50ff2,P4,False,False,False,Q[NONE]|F[Crackers],1220527575.3111207,1220527575.3111207,0.0,10373462.149904948,0.0,10373462.149904948,h09,5,Katrina,1210154113.1612158,8764443.70553353,1201389669.4556823,1733693338.1309776,148264005.9334087,19137905.85543848,0.0,1.0,0.0,0.5420374741240086,0.0,0.45796252587599134,0.0,0.0,NONE,1,0,0,False,False,False,0.0,10400000.0,0.0,0.0,NONE,1,0,0,False,False,False,0.0,9557344.06438629,0.0,255404193.61118144,R0,1,0,0,False,True,False,148264005.9334087,1713735994.0665913,b78282ac3a3a2869bd69c5ca49016f766ccf9bc9caa04e674ef59313883eac08,E3B,LA-0410,410,0.43337456909253314,0.6307486734960857,0.23161783770325162,0.44442365034591785,0.10204689175903321,0.3349490361938774,Medium,Unfavorable,LA-0169,LA-0374,26944320.000000004,531999999.99999845,642445349.4556837,False,0,255404193.61118144,False,0,0
E3B_MEDIUM_UNFAVORABLE,LA-0972,972,b2ffc054354e99ad70ebde91ba67512301b5426d3258e58dde6603e25f618e8f,M2,A1_FINAL_NO_MEMORY_V1,A1_FINAL_NO_MEMORY_V1_R1_WITNESS_GATED_INFEASIBLE_RETRY,certified,PASS,,,9d2f50460ccef665e49877472517959f738023d1a7f2f50e1d142b8293a10d00,dc916e2b8cb566f28e24e4965ed4809c6730098505f43ac124f00307fb44e0b2,1.0,19137905.85543848,4.0,1.0,1.0,1.0,1.0,0.5,0.9,3377ecc78ce8581e22778e511f6c89ebccfa1c3949ee13f5fd2ec95b70cd81dc,3,2,2,1e4bd2a5cb00a75e56f6f831fc38342d698de2f14ab85a1c21ddffc72f6792c1,P4,False,False,False,Q[NONE]|F[Water+Crackers],1196539533.5547566,1196539533.5547566,0.0,6830624.479984671,0.0,6830624.479984671,h09,5,Katrina,1189708909.074772,12307281.375453807,1177401627.6993182,1731179270.278961,150778073.78542548,19137905.85543848,0.0,1.0,0.0,0.3569159829492834,0.0,0.6430840170507166,0.0,17915363.859447412,R0,1,0,0,False,True,False,10400000.0,0.0,0.0,0.0,NONE,0,0,1,False,False,False,0.0,9557344.06438629,0.0,241819641.3225244,R0,1,0,0,False,True,False,140378073.78542548,1721621926.2145746,cde7695164c83d62f724fd92d395d06d1f997eb3b5f8f99b7e7ad444a9acde83,E3B,LA-0972,972,0.19933466504692693,0.6186953386942198,0.23161783770325162,0.44442365034591785,0.10204689175903321,0.3349490361938774,Medium,Unfavorable,LA-0169,LA-0374,0.0,531999999.99999845,645401627.6993197,False,0,259735005.18197182,False,0,0
E3B_MEDIUM_UNFAVORABLE,LA-0770,770,f1fd6d3034dacc36645a1be8d00f7901ca6d2a318a9c60c3b379ff82db5a4f4d,M2,A1_FINAL_NO_MEMORY_V1,A1_FINAL_NO_MEMORY_V1_R1_WITNESS_GATED_INFEASIBLE_RETRY,certified,PASS,,,f5e5f370a9c3482aa2234b57517d7e7730de955d64cad7d0a8c8d378a1794aa6,1f0c17b9409c9861122d760ebe2e0fcd64932806f64aaeec6887d957dc54069a,1.0,19137905.85543848,4.0,1.0,1.0,1.0,1.0,0.5,0.9,8e6198514b7f745ad17ec6f67a4784f4679949f179d1f565bf28995bd7ead535,3,2,2,ab22368575c04d148c2ed962ebe0ec9898651881cbecc178a277cbd61c414a22,P4,False,False,False,Q[NONE]|F[Water+Crackers],1195145037.8195992,1195145037.8195992,0.0,324832.7278077854,0.0,324832.7278077854,h09,5,Katrina,1194820205.0917914,18813073.127630692,1176007131.9641607,1727459424.6346016,154497919.42978466,19137905.85543848,0.0,1.0,0.0,0.01697326396427416,0.0,0.9830267360357258,0.0,17915363.859447412,R0,1,0,0,False,True,False,10400000.0,0.0,0.0,0.0,NONE,0,0,1,False,False,False,0.0,9557344.06438629,0.0,248227563.26672393,R0,1,0,0,False,True,False,144097919.42978466,1717902080.5702152,bc06d1d8dc4f9583e85653d440f11564d3c673088b226ac7278972523d82105c,E3B,LA-0770,770,0.00931615857048066,0.9294566313458364,0.23161783770325162,0.44442365034591785,0.10204689175903321,0.3349490361938774,Medium,Unfavorable,LA-0169,LA-0374,0.0,531999999.99999845,644007131.9641622,False,0,266142927.12617135,False,0,0
E3B_MEDIUM_UNFAVORABLE,LA-0285,285,99a8425dc45cd2ee0cefe3f09f98b07802b60958c867aa71719c9568623adacd,M2,A1_FINAL_NO_MEMORY_V1,A1_FINAL_NO_MEMORY_V1_R1_WITNESS_GATED_INFEASIBLE_RETRY,certified,PASS,,,9e1ea8bd4ae0468c8bbce647cefab66c45cefdfa008479709db72f2bca4ae024,35ce2fb02c2d1f8494250bdc7e4d173769393904e06eaf82ac6cd5c46c58f775,1.0,19137905.85543848,4.0,1.0,1.0,1.0,1.0,0.5,0.9,ce7bf394a9aa6eb3e5a7da2a0bb4eb9f70f8fbf70e257527d0741b9bcb6a08e2,3,2,2,76bc92c07475b905fd49f37309c3bd5b95193ce41753829610c3a25c19e5ed1d,P4,False,False,False,Q[NONE]|F[Water+Crackers],1229082904.1721165,1229082904.1721165,0.0,1818853.6594768816,0.0,1818853.6594768816,h09,5,Katrina,1227264050.5126395,17319052.1959616,1209944998.3166778,1817989371.1575344,63967972.90685204,19137905.85543848,0.0,1.0,0.0,0.09503932526452534,0.0,0.9049606747354747,0.0,17915363.859447412,R0,1,0,0,False,True,False,10400000.0,0.0,0.0,0.0,NONE,0,1,0,False,False,False,0.0,9557344.06438629,0.0,92277858.25377645,R0,1,0,0,False,True,False,53567972.90685204,1808432027.093148,c1e8579b427e9d015302836a5f1efb5a585406e82ce5d2cab653d33e5a5e2cbb,E3B,LA-0285,285,0.08981078841394576,1.4731506630829958,0.23161783770325162,0.44442365034591785,0.10204689175903321,0.3349490361938774,Medium,Unfavorable,LA-0169,LA-0374,0.0,531999999.99999845,677944998.3166794,False,0,110193222.11322385,False,0,0
E3B_MEDIUM_UNFAVORABLE,LA-0575,575,30d07b6a2bff226fdc421bad06d9b3880909b6f6bd889b9fa0ccf06484e40ad5,M2,A1_FINAL_NO_MEMORY_V1,A1_FINAL_NO_MEMORY_V1_R1_WITNESS_GATED_INFEASIBLE_RETRY,certified,PASS,,,bc105dde75d3bdc53238c1fec71880040af5d6f04fd17a32e9945b3443dd4d66,ae0cd1a17de2b4a2d9db9f5c11b43c26c6104c4e0c41e56f04a6ed27e48ae51b,1.0,19137905.85543848,4.0,1.0,1.0,1.0,1.0,0.5,0.9,e7662f71bb0c0b228e2d9f673f3f800575560620b14d6a1fa91b8d59efb8aedb,3,2,2,7c413b2584599e475e2271be02bd05d1c78558b91f792bf6f5c991223ccf2ee0,P4,False,False,False,Q[NONE]|F[Water+Crackers],1195878701.7479167,1195878701.7479167,0.0,7326923.776470573,0.0,7326923.776470573,h09,5,Katrina,1188551777.971446,11810982.078967903,1176740795.8924782,1729416488.0370703,152540856.02731606,19137905.855438475,3.725290298461914e-09,0.9999999999999998,0.0,0.38284877310066073,0.0,0.6171512268993391,0.0,17915363.859447412,R0,1,0,0,False,True,False,10400000.0,0.0,0.0,0.0,NONE,0,0,1,False,False,False,0.0,9557344.06438629,0.0,244856264.90602848,R0,1,0,0,False,True,False,142140856.02731606,1719859143.972684,50c68b0c95dea7c75cf9fa9d6c78f1e959fd7ef9e091277becf30b8357ed2e88,E3B,LA-0575,575,0.21205676097871795,0.588855525223652,0.23161783770325162,0.44442365034591785,0.10204689175903321,0.3349490361938774,Medium,Unfavorable,LA-0169,LA-0374,0.0,531999999.99999845,644740795.8924798,False,0,262771628.7654759,False,0,0
E3B_MEDIUM_UNFAVORABLE,LA-0115,115,7a292a6564f57df562c61130f79c32c77121485bf0331ddbe8d5b39cd5907cd6,M2,A1_FINAL_NO_MEMORY_V1,A1_FINAL_NO_MEMORY_V1_R1_WITNESS_GATED_INFEASIBLE_RETRY,certified,PASS,,,2b75188311dc6b3b621586c36bd57834e91e8cd7c6f0a7e062d3e0e9876b9e86,e70803da9a556a98d98b49697b9be02ddb8528eafc7cfd472d4538af42f2228e,1.0,19137905.85543848,4.0,1.0,1.0,1.0,1.0,0.5,0.9,fc2d0c73071946b8da5dac3719bc0f0bdb7c2349ec1217c78e977439e8660d9f,3,2,2,1f2a2b4dcb28542a4e83b3a3c9e7fd724526f2d6c252837b0a7ebfc55feeb3d1,P4,False,False,False,Q[NONE]|F[Water+Vaccine],1210109398.9731386,1210109398.9731386,0.0,1879614.1738170148,0.0,1879614.1738170148,h09,5,Katrina,1208229784.7993217,17258291.681621462,1190971493.1177,1870855722.4259431,11101621.638443131,19137905.85543848,0.0,1.0,0.0,0.09821420316386806,0.0,0.9017857968361319,0.0,17915363.859447412,R0,1,0,0,False,True,False,10400000.0,0.0,0.0,1208635.283112533,R0,1,0,0,False,True,False,701621.6384431307,8855722.425943159,0.0,0.0,NONE,1,0,0,False,False,False,0.0,1862000000.0,21b1fc7393dc8af429fbe5074379ae23c79b37b1e57ad47a637c8d45aa7a3946,E3B,LA-0115,115,0.06612969318755337,1.0459667882915,0.23161783770325162,0.44442365034591785,0.10204689175903321,0.3349490361938774,Medium,Unfavorable,LA-0169,LA-0374,0.0,492944933.1177,698026560.0,False,0,19123999.142559946,False,0,0
E3B_MEDIUM_UNFAVORABLE,LA-0109,109,273c1bf699eeebe2266ad272bfc4e066be02716036b95620b65ba8472f022347,M2,A1_FINAL_NO_MEMORY_V1,A1_FINAL_NO_MEMORY_V1_R1_WITNESS_GATED_INFEASIBLE_RETRY,certified,PASS,,,e6e68c4e2d735d9244069f856d5f2f278ff0b355993387605336da79354ffc60,7233cea8962802f4900507085dd660aef17a339a9f6732576032e710b6f3082a,1.0,19137905.85543848,4.0,1.0,1.0,1.0,1.0,0.5,0.9,f477e498d83b7ddc0d0d7944c7e40400940f2a26960d60ba67f7042edd11278c,3,2,2,3228891d7bdefdb84bdbe86f85de83ccb0955e47ede731a0efba5443b46b8b2f,P4,False,False,False,Q[NONE]|F[Water+Crackers],1189055254.0246513,1189055254.0246513,0.0,3966397.4590528375,0.0,3966397.4590528375,h09,5,Katrina,1185088856.5655985,15171508.39638564,1169917348.1692128,1711214802.9024527,170742541.1619336,19137905.85543848,0.0,1.0,0.0,0.20725347323859333,0.0,0.7927465267614066,0.0,17915363.859447412,R0,1,0,0,False,True,False,10400000.0,0.0,0.0,0.0,NONE,0,0,1,False,False,False,0.0,9557344.06438629,0.0,276211054.52542925,R0,1,0,0,False,True,False,160342541.1619336,1701657458.8380663,fc2766717e237e1498c1d91e2f7805aa1caccd17f03078b19982bb7e6cc28b15,E3B,LA-0109,109,0.10579801836357426,0.6971116772551382,0.23161783770325162,0.44442365034591785,0.10204689175903321,0.3349490361938774,Medium,Unfavorable,LA-0169,LA-0374,0.0,531999999.99999845,637917348.1692142,False,0,294126418.38487667,False,0,0
E3B_MEDIUM_UNFAVORABLE,LA-0890,890,a923dd4dcfc74d3d775512a114cd0c68d831ada21063a55b288a909c2c62b105,M2,A1_FINAL_NO_MEMORY_V1,A1_FINAL_NO_MEMORY_V1_R1_WITNESS_GATED_INFEASIBLE_RETRY,certified,PASS,,,23cc4e8f67ce2847080a4462e1d082b6e6b0ec3f1ac3898cc6cc569641147ab7,dfa6e89054ed1227797301fe5e6529ecfe97c56d5c21fd141a2f819bdd66946c,1.0,19137905.85543848,4.0,1.0,1.0,1.0,1.0,0.5,0.9,862768a92b4285613139fac0c899163acfd32bcb0664f76f22210b4a2f7721b6,3,2,2,b68db991f65dbe0b97e74258b10b4190ef3f53f6ad4a7bd8c5214aaf86148fcc,P1,False,False,False,Q[Water+Vaccine]|F[NONE],1236510855.662824,1236510855.662824,19137905.85543848,0.0,0.0,19137905.85543848,h09,5,Katrina,1217372949.8073854,0.0,1217372949.8073854,1871330022.8120039,0.0,19137905.85543848,0.0,1.0,1.0,0.0,0.0,0.0,19877297.011643942,0.0,NONE,1,0,0,True,False,False,0.0,0.0,434474.2356407252,0.0,NONE,1,0,0,True,False,False,0.0,9330022.812003905,0.0,0.0,NONE,1,0,0,False,False,False,0.0,1862000000.0,44f8e999b38f8813725a5aa0d0f092b839056d5d1e4b4bebd12d51ea21ef7095,E3B,LA-0890,890,0.4931504915692612,1.3479942348954803,0.23161783770325162,0.44442365034591785,0.10204689175903321,0.3349490361938774,Medium,Unfavorable,LA-0169,LA-0374,0.0,519346389.8073854,698026560.0,False,0,0.0,False,0,0
E3B_MEDIUM_UNFAVORABLE,LA-0921,921,d8451c7b32c1dc3e8114533677b31fc780f2634a99a80ddf70e4272b8c26355d,M2,A1_FINAL_NO_MEMORY_V1,A1_FINAL_NO_MEMORY_V1_R1_WITNESS_GATED_INFEASIBLE_RETRY,certified,PASS,,,a04bf22c22fb2cdfc875e14307bdc4c12d8817a17931d77d2799b47ffc5e0e38,75c74d62bb9524b330a772897ca59ebeeadff43b9f54a4c1e7b0497db54b0dc6,1.0,19137905.85543848,4.0,1.0,1.0,1.0,1.0,0.5,0.9,658cc3f5093e5b98456bb488f66976364dd1b46cdee2d5775fcb90ec4b6fdbbe,7,2,2,d0335e2643d9870e2cb83de111306328273d9a27b42cc26cb2d6a3a22e8209ad,P1,False,False,False,Q[Water+Vaccine]|F[NONE],1226408538.35541,1226408538.35541,19137905.85543848,0.0,0.0,19137905.85543848,h09,5,Katrina,1207270632.4999716,0.0,1207270632.4999716,1871148535.363969,0.0,19137905.85543848,0.0,1.0,1.0,0.0,0.0,0.0,15759511.712314371,0.0,NONE,1,0,0,True,False,False,0.0,0.0,619483.2213771129,0.0,NONE,0,1,0,True,False,False,0.0,9148535.36396902,0.0,0.0,NONE,1,0,0,False,False,False,0.0,1862000000.0,fe79063d4ddef45c88f1423b39049059f4b66a83538b7b80bfd2a4b021344bfe,E3B,LA-0921,921,0.44776647595272445,1.3949414300896898,0.23161783770325162,0.44442365034591785,0.10204689175903321,0.3349490361938774,Medium,Unfavorable,LA-0169,LA-0374,0.0,509244072.49997157,698026560.0,False,0,0.0,False,0,0
E3B_MEDIUM_UNFAVORABLE,LA-0162,162,17d7974661c5e9b889c1fdc7d19b6495fed6dab66ad18cdc4c43ea4157bef527,M2,A1_FINAL_NO_MEMORY_V1,A1_FINAL_NO_MEMORY_V1_R1_WITNESS_GATED_INFEASIBLE_RETRY,certified,PASS,,,d996429036e1504c3e117334adde9057eb13b26c4c4fdf426a5d27a1bbbdcbea,99115d685c6e2f197194554bdfde334f1eb261ed9015d7e0648f1a6cfe7255e1,1.0,19137905.85543848,4.0,1.0,1.0,1.0,1.0,0.5,0.9,5febf8e05f2851e2e5dd2a43c95a028db09602d21fc657061d423e1fca22b482,3,2,2,8d470b36fa41ded82e60f6d7f86219e80a534ea3cff0e39557d73f56f78a54d6,P4,False,False,False,Q[NONE]|F[Crackers],1214592737.6650755,1214592737.6650755,0.0,2206276.704329228,0.0,2206276.704329228,h09,5,Katrina,1212386460.9607463,16931629.15110925,1195454831.809637,1717862038.3922744,164095305.6721119,19137905.85543848,0.0,1.0,0.0,0.11528307856641815,0.0,0.8847169214335817,0.0,0.0,NONE,1,0,0,False,False,False,0.0,10400000.0,0.0,0.0,NONE,0,0,1,False,False,False,0.0,9557344.06438629,0.0,282675683.5329932,R0,1,0,0,False,True,False,164095305.6721119,1697904694.327888,077201eb9cd63aa7c68f46237a3d8e6c86b36645b7288dff25dc6cf5492fee26,E3B,LA-0162,162,0.08327971848769031,1.1009568819319702,0.23161783770325162,0.44442365034591785,0.10204689175903321,0.3349490361938774,Medium,Unfavorable,LA-0169,LA-0374,26944320.000000004,531999999.99999845,636510511.8096386,False,0,282675683.5329932,False,0,0
E3B_MEDIUM_UNFAVORABLE,LA-0786,786,1174073a28d0c3a2e594e8b47c88e882eba16d3e0d1322847cbf623cbfca3d1b,M2,A1_FINAL_NO_MEMORY_V1,A1_FINAL_NO_MEMORY_V1_R1_WITNESS_GATED_INFEASIBLE_RETRY,certified,PASS,,,1aedad9e2bea6bcdb50330b4dac6edce6987915fa2d9dcd076d929ab4b77eb0c,b019799087a23dc4035ace41f8cc0431cae4e786a32ada95ce1f080141ee90d4,1.0,19137905.85543848,4.0,1.0,1.0,1.0,1.0,0.5,0.9,57eef58dc4dfe590e52b9fa63010cfba6aff2ee35cc15bfd820b15d862d2f961,3,2,2,62afb60d6c1e91015c892c10fc547f9e89b98b43f4f18069abef13cc4a629dcd,P4,False,False,False,Q[NONE]|F[Water+Vaccine],1174192064.6198545,1174192064.6198545,0.0,5164446.154307247,0.0,5164446.154307247,h09,5,Katrina,1169027618.465547,13973459.70113123,1155054158.7644157,1879830105.483717,2127238.5806694156,19137905.85543848,0.0,1.0,0.0,0.2698542982350209,0.0,0.7301457017649791,0.0,535352.7500877406,R0,1,0,0,False,True,False,310776.19436551223,10089223.805634487,0.0,3129094.671887938,R0,1,0,0,False,True,False,1816462.3863039035,7740881.678082386,0.0,0.0,NONE,1,0,0,False,False,False,0.0,1862000000.0,2a459049dfdcb224a8c3233c4b50af18cd8cf5842970cf3dfe137f360b2c8e4c,E3B,LA-0786,786,0.11766465012144105,0.5484265793375077,0.23161783770325162,0.44442365034591785,0.10204689175903321,0.3349490361938774,Medium,Unfavorable,LA-0169,LA-0374,26139161.035637833,430888437.72877795,698026560.0,False,0,3664447.4219756788,False,0,0
E3B_MEDIUM_UNFAVORABLE,LA-0862,862,1c4582bc1dfe30339b657dd77bde26401a840d7b9e14e11ca62b5a7daa755775,M2,A1_FINAL_NO_MEMORY_V1,A1_FINAL_NO_MEMORY_V1_R1_WITNESS_GATED_INFEASIBLE_RETRY,certified,PASS,,,934db6b3c8ce54318564fec5c2ec7112fa87d8f7df74984dd89e504c21acf79b,14b057f2912613cb64176043df25570827b8dbe96e703ddfcd43c27d439e33c1,1.0,19137905.85543848,4.0,1.0,1.0,1.0,1.0,0.5,0.9,d3fbb89762b27b1925feb47bc4752b119a8e325bc77d7d0a0d9378b9f8f55fb8,3,2,2,e2d727216eb692bdf9c0970aa3ca2d9a7ebd4f0135b42ac9386ca675e97b0205,P4,False,False,False,Q[NONE]|F[Water+Crackers],1221987593.039797,1221987593.039797,0.0,8601129.753430493,0.0,8601129.753430493,h09,5,Katrina,1213386463.2863665,10536776.102007985,1202849687.1843586,1799062484.8677368,82894859.19664954,19137905.85543848,0.0,1.0,0.0,0.449428992827148,0.0,0.550571007172852,0.0,17915363.859447412,R0,1,0,0,False,True,False,10400000.0,0.0,0.0,0.0,NONE,0,1,0,False,False,False,0.0,9557344.06438629,0.0,124881901.96609461,R0,1,0,0,False,True,False,72494859.19664954,1789505140.8033504,6499ad9d1ad82407c3870b1d1e6c61a4c85906ae74a75de2d74a7548c729e531,E3B,LA-0862,862,0.36902504096236816,0.7787541666275368,0.23161783770325162,0.44442365034591785,0.10204689175903321,0.3349490361938774,Medium,Unfavorable,LA-0169,LA-0374,0.0,531999999.99999845,670849687.18436,False,0,142797265.82554203,False,0,0
E3B_MEDIUM_UNFAVORABLE,LA-0121,121,e09b25a104a5b5737a982329f643abe6a52b268e29f7b3b8ee4ba27e2e2804a2,M2,A1_FINAL_NO_MEMORY_V1,A1_FINAL_NO_MEMORY_V1_R1_WITNESS_GATED_INFEASIBLE_RETRY,certified,PASS,,,ce6284358926c59e0f1f8f44320b264b5c145e319ea8894f5c64bb4d5d8222d1,f8b4568ea0978ccb755edc8f335da4e20e3e25a0bab704d5b4123babc55f3b1d,1.0,19137905.85543848,4.0,1.0,1.0,1.0,1.0,0.5,0.9,4a222f3fdd5487c85ae54aaea72ebc7f0f65236a744eedc0f58b14c30e801408,3,2,2,7b11d2e19dbcc8b5e05d4ce84ba447d4646c13512bc5d689333f380791580d55,P4,False,False,False,Q[NONE]|F[Crackers],1204225846.5539587,1204225846.5539587,0.0,1574695.9353224367,0.0,1574695.9353224367,h09,5,Katrina,1202651150.6186361,17563209.92011604,1185087940.6985202,1690208146.1837893,191749197.8805971,19137905.85543848,0.0,1.0,0.0,0.08228151748771147,0.0,0.9177184825122885,0.0,0.0,NONE,1,0,0,False,False,False,0.0,10400000.0,0.0,0.0,NONE,0,0,1,False,False,False,0.0,9557344.06438629,0.0,330313139.4027,R0,1,0,0,False,True,False,191749197.8805971,1670250802.119403,475ffb5afca49219008c3fb072d67a08d08e05c6fa131fd31765694b0bd7e9b9,E3B,LA-0121,121,0.050867287194468584,0.977322858012561,0.23161783770325162,0.44442365034591785,0.10204689175903321,0.3349490361938774,Medium,Unfavorable,LA-0169,LA-0374,26944320.000000004,531999999.99999845,626143620.6985217,False,0,330313139.4027,False,0,0
E3B_MEDIUM_UNFAVORABLE,LA-0051,51,d77f3bce26b0e3330ae0a4a5c88c1048624bc0c3991e65d6872d2d0ba4466cd8,M2,A1_FINAL_NO_MEMORY_V1,A1_FINAL_NO_MEMORY_V1_R1_WITNESS_GATED_INFEASIBLE_RETRY,certified,PASS,,,c309251aca1d0f35bc5669eee052e507673b4e18ab144b66ef242f126fa7f557,e9d3cd23a02e0239c907b44f607d8df15db9af7fb4d95e09b77389d11f5b2cfc,1.0,19137905.85543848,4.0,1.0,1.0,1.0,1.0,0.5,0.9,64b9faee2a62bd2ae84fb1c207a0b2e77815f559ba33ecfe757de3a174214720,6,2,2,e4b4f5312e6d3844df3938886a7cee54c0fab9a27d127ab7de284c1ee73927db,P1,False,False,False,Q[Water+Vaccine]|F[NONE],1223002661.7088614,1223002661.7088614,19137905.85543848,0.0,0.0,19137905.85543848,h09,5,Katrina,1203864755.8534229,0.0,1203864755.8534229,1871087349.0200744,0.0,19137905.85543848,0.0,1.0,1.0,0.0,0.0,0.0,14730696.088928668,0.0,NONE,0,1,0,True,False,False,0.0,0.0,665707.1308712112,0.0,NONE,0,0,1,True,False,False,0.0,9087349.020074427,0.0,0.0,NONE,1,0,0,False,False,False,0.0,1862000000.0,bc2c8e68ae6e10a33e9e032de134bdd630eeb13a70e6a80d71e842c514aec9c7,E3B,LA-0051,51,0.22118669039274869,1.4504086621013323,0.23161783770325162,0.44442365034591785,0.10204689175903321,0.3349490361938774,Medium,Unfavorable,LA-0169,LA-0374,0.0,505838195.85342294,698026560.0,False,0,0.0,False,0,0
E3B_MEDIUM_UNFAVORABLE,LA-0479,479,14b6d5511703b10299839ebd90facf85e476c9ebfb75c9f005d549f7e411618a,M2,A1_FINAL_NO_MEMORY_V1,A1_FINAL_NO_MEMORY_V1_R1_WITNESS_GATED_INFEASIBLE_RETRY,certified,PASS,,,2c570f5d569f130239bf77d9ddc11407188d5035d58e3dc90cd3f27b68fc0068,8873f97b166612487bb0c9363203433cededac8f85c3d0fc72de71dd45888ed7,1.0,19137905.85543848,4.0,1.0,1.0,1.0,1.0,0.5,0.9,ed1eeb12665b65badca7b79c0b4a36889c07ae826e9c9ac1dedf20db18599f9c,3,2,2,d8e6429336a93569f0add6f2ff29d9d7864b4fae72eec11ef74256475d66e133,P4,False,False,False,Q[NONE]|F[Crackers],1226548472.2856166,1226548472.2856166,0.0,1470532.6015798037,0.0,1470532.6015798037,h09,5,Katrina,1225077939.6840367,17667373.253858674,1207410566.4301782,1749754202.8730178,132203141.19136855,19137905.85543848,0.0,1.0,0.0,0.0768387415367036,0.0,0.9231612584632963,0.0,0.0,NONE,0,1,0,False,False,False,0.0,10400000.0,0.0,0.0,NONE,0,0,1,False,False,False,0.0,9557344.06438629,0.0,227737247.86589113,R0,1,0,0,False,True,False,132203141.19136855,1729796858.8086314,4fbcc56b96d377732bd66749e24a00a7fece7f297e315110041ad66980ac3e75,E3B,LA-0479,479,0.0688982687515061,1.4259290937672535,0.23161783770325162,0.44442365034591785,0.10204689175903321,0.3349490361938774,Medium,Unfavorable,LA-0169,LA-0374,26944320.000000004,531999999.99999845,648466246.4301797,False,0,227737247.86589113,False,0,0
E3B_MEDIUM_UNFAVORABLE,LA-0842,842,466c5fdd8cbfea6918620048fa7f1f9789c57c69c8a9622cf593d5e3d2c29739,M2,A1_FINAL_NO_MEMORY_V1,A1_FINAL_NO_MEMORY_V1_R1_WITNESS_GATED_INFEASIBLE_RETRY,certified,PASS,,,cf62c62d2965aa5580c6a4a80475a673e1daf71b4e2a533d2ee5487290ebd734,035a419fab0e27a29cdb932f6e20c59df6cbdcd26e8e1595611a0b798a511af2,1.0,19137905.85543848,4.0,1.0,1.0,1.0,1.0,0.5,0.9,8176c54e887234cf792645f38c550ccbf988260802db7b9f29bb924d37d9b651,3,2,2,7bf0ba74304f07f6eedb94305d65201921fc63bea77fe6e1b1b43d62dae98adc,P4,False,False,False,Q[NONE]|F[Water+Vaccine],1211630579.7513204,1211630579.7513204,0.0,5432517.666052566,0.0,5432517.666052566,h09,5,Katrina,1206198062.0852678,13705388.189385913,1192492673.895882,1880502685.8791513,1454658.185234916,19137905.85543848,0.0,1.0,0.0,0.28386165691732623,0.0,0.7161383430826739,0.0,535352.7500877406,R0,1,0,0,False,True,False,310776.19436551223,10089223.805634487,0.0,1970486.7383360069,R0,1,0,0,False,True,False,1143881.9908694038,8413462.073516887,0.0,0.0,NONE,1,0,0,False,False,False,0.0,1862000000.0,800bf06824438bff9bd93b09111feb60ee710519ef053cc859b3a7867f77fdc8,E3B,LA-0842,842,0.19563920920928904,0.8502338397724674,0.23161783770325162,0.44442365034591785,0.10204689175903321,0.3349490361938774,Medium,Unfavorable,LA-0169,LA-0374,26139161.035637833,468326952.860244,698026560.0,False,0,2505839.4884237475,False,0,0
E3B_MEDIUM_UNFAVORABLE,LA-0289,289,fa2f1df2a5a81adf302bb6baff73cd4c0130b16333573323ae44149beefce25b,M2,A1_FINAL_NO_MEMORY_V1,A1_FINAL_NO_MEMORY_V1_R1_WITNESS_GATED_INFEASIBLE_RETRY,certified,PASS,,,4637cb878802d49f3ab6eaa2c8441b83a20c08bb201fde1d42638948c71c05e5,75d6b1be78edd544d12804b0a99a07a924e77cd199509a6f1f3d339ac0e70f69,1.0,19137905.85543848,4.0,1.0,1.0,1.0,1.0,0.5,0.9,1b7e5b091096ae60853b1557447b87bb8740b254da3287d6308cf4faef1f0868,3,2,2,0fece447475301175c6277b84f7c45d6ec760566857e4b810f4a4c9b4a85c0cc,P4,False,False,False,Q[NONE]|F[Water+Crackers],1218100954.1303513,1218100954.1303513,0.0,1903562.429973396,0.0,1903562.429973396,h09,5,Katrina,1216197391.700378,17234343.42546508,1198963048.2749128,1788694796.7823613,93262547.28202514,19137905.85543848,0.0,1.0,0.0,0.09946555513190879,0.0,0.9005344448680911,0.0,17915363.859447412,R0,1,0,0,False,True,False,10400000.0,0.0,0.0,0.0,NONE,0,0,1,False,False,False,0.0,9557344.06438629,0.0,142741604.31520632,R0,1,0,0,False,True,False,82862547.28202514,1779137452.717975,3fd9be5d38797476ff170cac822bb07c208dc5572461f6214a712d3c99386d78,E3B,LA-0289,289,0.07619881016730894,1.188414937289377,0.23161783770325162,0.44442365034591785,0.10204689175903321,0.3349490361938774,Medium,Unfavorable,LA-0169,LA-0374,0.0,531999999.99999845,666963048.2749144,False,0,160656968.17465374,False,0,0
E3B_MEDIUM_UNFAVORABLE,LA-0648,648,11c1b64f15bc6da32ddaf8da712da6024392b6c8099fcdbec7dd43ca9c10688b,M2,A1_FINAL_NO_MEMORY_V1,A1_FINAL_NO_MEMORY_V1_R1_WITNESS_GATED_INFEASIBLE_RETRY,certified,PASS,,,ecc8ed0c96853f89ae4871e681211f07be77a847c0ced957317046a24848ab93,599685f6116dce54bbba9b1ffb299917c48ac52d08ee0cecb0cca68d41628d90,1.0,19137905.85543848,4.0,1.0,1.0,1.0,1.0,0.5,0.9,2bcf27ba459c622deee493c02cc5dbb7aa749b701d63d5825c998df39dcafad0,3,2,2,92dc3de15a08e6d5cdbe6436fbfc9998546242a75ba6ad177810f4eb53ff06cd,P4,False,False,False,Q[NONE]|F[Vaccine],1227043862.2981942,1227043862.2981942,0.0,3933751.1899067634,0.0,3933751.1899067634,h09,5,Katrina,1223110111.1082873,15204154.665531715,1207905956.4427557,1881075896.026925,881448.0374612446,19137905.85543848,0.0,1.0,0.0,0.20554762990376488,0.0,0.7944523700962351,0.0,0.0,NONE,1,0,0,False,False,False,0.0,10400000.0,0.0,1518409.8379148105,R0,1,0,0,False,True,False,881448.0374612446,8675896.026925044,0.0,0.0,NONE,1,0,0,False,False,False,0.0,1862000000.0,22ebc899173ee63353d2e5ea4e40ccfcc8ed8942696290e9e759c60b3c57dfb4,E3B,LA-0648,648,0.18616732490649232,1.2395131644539048,0.23161783770325162,0.44442365034591785,0.10204689175903321,0.3349490361938774,Medium,Unfavorable,LA-0169,LA-0374,26944320.000000004,482935076.4427557,698026560.0,False,0,1518409.8379148105,False,0,0
E3B_MEDIUM_UNFAVORABLE,LA-0006,6,de42add8841adf6cdadffe7a2c3028d510ddac8675da732fcd463e1eae700250,M2,A1_FINAL_NO_MEMORY_V1,A1_FINAL_NO_MEMORY_V1_R1_WITNESS_GATED_INFEASIBLE_RETRY,certified,PASS,,,ff2f9162673069a10403f1dcbdb0fcc802cfb6856a89b5ecfae7d2d7719ed719,b0d4c5fc4fd6fb6138d6f3b4796622b055af975b1a15e67e17da2d052f6414a7,1.0,19137905.85543848,4.0,1.0,1.0,1.0,1.0,0.5,0.9,e23ee36c7dbde8d9c7cf7021f5c8ea2abf986b35be81bc87b9ecba923e391bae,3,2,2,0f705698fd3333e903a399b2f518ab8171f89f03f7b5eb1f73ea39e886ab3a1e,P4,False,False,False,Q[NONE]|F[Water+Vaccine],1229755609.115351,1229755609.115351,0.0,8008439.792844621,0.0,8008439.792844621,h09,5,Katrina,1221747169.3225064,11129466.062593857,1210617703.2599125,1880828300.807364,1129043.2570222332,19137905.85543848,0.0,1.0,0.0,0.4184595667539475,0.0,0.5815404332460524,0.0,535352.7500877406,R0,1,0,0,False,True,False,310776.19436551223,10089223.805634487,0.0,1409572.3232400396,R0,1,0,0,False,True,False,818267.0626567211,8739077.001729568,0.0,0.0,NONE,1,0,0,False,False,False,0.0,1862000000.0,b7530105d6a9cff6286799913f95d8e734ac614ee2a0a8e76964279cc1de3691,E3B,LA-0006,6,0.4011770765818714,0.9604058962344366,0.23161783770325162,0.44442365034591785,0.10204689175903321,0.3349490361938774,Medium,Unfavorable,LA-0169,LA-0374,26139161.035637833,486451982.2242747,698026560.0,False,0,1944925.0733277802,False,0,0
E3B_MEDIUM_UNFAVORABLE,LA-0785,785,8e346a58426a8b8791a228ec082f2a836b5daa0cd6764def52ffff7e66d3e4e4,M2,A1_FINAL_NO_MEMORY_V1,A1_FINAL_NO_MEMORY_V1_R1_WITNESS_GATED_INFEASIBLE_RETRY,certified,PASS,,,033b04d58de524520784365d5a41ee24b7746ce4c18ac7ec1bc4fefe97b4c142,efbd3dd1c0797ee2beb715cd2a480cddbe8475c423b161233056b13460734391,1.0,19137905.85543848,4.0,1.0,1.0,1.0,1.0,0.5,0.9,d104674c760e78e34291ab2fa34f6292f6ea7edc4ff109a1e34778af4e4673e5,3,2,2,fe70aa6726f96b283cc960c169e167c98b0c668ada6af74b4745f6bc6c802549,P4,False,False,False,Q[NONE]|F[Vaccine],1225834427.04342,1225834427.04342,0.0,682865.5133376152,0.0,682865.5133376152,h09,5,Katrina,1225151561.5300825,18455040.342100862,1206696521.1879816,1881054168.604268,903175.4601181521,19137905.85543848,0.0,1.0,0.0,0.03568130800181375,0.0,0.9643186919981862,0.0,0.0,NONE,1,0,0,False,False,False,0.0,10400000.0,0.0,1555838.1727827431,R0,1,0,0,False,True,False,903175.4601181521,8654168.604268137,0.0,0.0,NONE,1,0,0,False,False,False,0.0,1862000000.0,5b4f79dbfcf7b52e8381bd376d25ae01d431d60cfd4b5c1e5ef389dfcaf2b7d5,E3B,LA-0785,785,0.031539611343689274,1.4683461532434026,0.23161783770325162,0.44442365034591785,0.10204689175903321,0.3349490361938774,Medium,Unfavorable,LA-0169,LA-0374,26944320.000000004,481725641.1879816,698026560.0,False,0,1555838.1727827431,False,0,0
E3B_MEDIUM_UNFAVORABLE,LA-0747,747,9f8a2564a65cb50a9ca783a1d129e44731a1bd896d0cb67bc8564b22c69e6ab5,M2,A1_FINAL_NO_MEMORY_V1,A1_FINAL_NO_MEMORY_V1_R1_WITNESS_GATED_INFEASIBLE_RETRY,certified,PASS,,,8748bc2f69e8493f4d11f2313f40f080e8d0db05650dd91840cfde1ab5d31ea1,697669ba3e84d01bbc0ee13afcb029d53a6ff6bdf3cb6fa47b44208759880a18,1.0,19137905.85543848,4.0,1.0,1.0,1.0,1.0,0.5,0.9,b3b0d3ae542f86d0b070c302e3d022419d137ab578d6778cb518a04add4894b6,3,2,2,a965c64f8432d1f6cbcaf2739de19d6aca9a2363bd32dd381350e44d0aaee7f1,P4,False,False,False,Q[NONE]|F[Crackers],1206169943.7192729,1206169943.7192729,0.0,9963708.263296714,0.0,9963708.263296714,h09,5,Katrina,1196206235.4559762,9174197.592141764,1187032037.8638344,1695394064.7852464,186563279.27914006,19137905.85543848,0.0,1.0,0.0,0.5206268825105175,0.0,0.47937311748948247,0.0,0.0,NONE,1,0,0,False,False,False,0.0,10400000.0,0.0,0.0,NONE,0,0,1,False,False,False,0.0,9557344.06438629,0.0,321379714.52860576,R0,1,0,0,False,True,False,186563279.27914006,1675436720.72086,6b53cb0b54d10a1e1f71c4c065d92ef2b59cd853b6742ae9acd5795bfcd59160,E3B,LA-0747,747,0.33080362682033626,0.5246982827814339,0.23161783770325162,0.44442365034591785,0.10204689175903321,0.3349490361938774,Medium,Unfavorable,LA-0169,LA-0374,26944320.000000004,531999999.99999845,628087717.8638359,False,0,321379714.52860576,False,0,0
E3B_MEDIUM_UNFAVORABLE,LA-0528,528,6be2fb705b657f16b0d243c4d71dd16622e5b8779b782f6910b99be278e7ef27,M2,A1_FINAL_NO_MEMORY_V1,A1_FINAL_NO_MEMORY_V1_R1_WITNESS_GATED_INFEASIBLE_RETRY,certified,PASS,,,ee4fad265533f3334bf6cc4686c827464424b3268d561fb27b7b780e05f6f820,25cd422669b6db83fdd532e8389d333a6b81ab370eb0fea95a38fddc9a677a34,1.0,19137905.85543848,4.0,1.0,1.0,1.0,1.0,0.5,0.9,5bfdf0de7a4085737d973681f18baa018ec801df20022c99c748285af86621f7,7,2,2,25f677d2137f384e8370ddc51bb349740db32721f01c31fab37f76b79f7f5eea,P1,False,False,False,Q[Water+Vaccine]|F[NONE],1221788872.962194,1221788872.962194,19137905.85543844,0.0,0.0,19137905.85543844,h09,5,Katrina,1202650967.1067555,0.0,1202650967.1067555,1871065543.3872297,0.0,19137905.85543844,3.725290298461914e-08,0.999999999999998,0.999999999999998,0.0,0.0,0.0,14395773.838575201,0.0,NONE,1,0,0,True,False,False,0.0,0.0,680754.9348080802,0.0,NONE,1,0,0,True,False,False,0.0,9065543.387229726,0.0,0.0,NONE,1,0,0,False,False,False,0.0,1862000000.0,b6bb684870fc16f9b515ac29c4e585e9007809ced1544031158d9dd5afeacab6,E3B,LA-0528,528,0.38474006735993743,1.2065295474492415,0.23161783770325162,0.44442365034591785,0.10204689175903321,0.3349490361938774,Medium,Unfavorable,LA-0169,LA-0374,0.0,504624407.1067555,698026560.0,False,0,0.0,False,0,0
E3B_MEDIUM_UNFAVORABLE,LA-0584,584,556c45d9728bc708d48ca90ab05bcc9fc0894a145ce274429533fd65d664d455,M2,A1_FINAL_NO_MEMORY_V1,A1_FINAL_NO_MEMORY_V1_R1_WITNESS_GATED_INFEASIBLE_RETRY,certified,PASS,,,04dc26957f83df97956ab5684a84c49bf12bde205972191b5a8315300a78d463,85a6c2a4555641946dce197dc72747f92556600cbab5e77b02054faee63aa3ba,1.0,19137905.85543848,4.0,1.0,1.0,1.0,1.0,0.5,0.9,81515a559e992c7ec4b92f64238772358aa55810853e613a9b5afd8bc473a2cc,3,2,2,fa805ca5c3b657dfc5d38b3a5a50bb3bc9ca2e02b681fdc60ffaa8b3852358f3,P4,False,False,False,Q[NONE]|F[Water+Vaccine],1227579318.2655854,1227579318.2655854,0.0,8391527.766204683,0.0,8391527.766204683,h09,5,Katrina,1219187790.4993808,10746378.089233795,1208441412.410147,1880789203.8892524,1168140.175133859,19137905.85543848,0.0,1.0,0.0,0.43847680250867344,0.0,0.5615231974913265,0.0,535352.7500877406,R0,1,0,0,False,True,False,310776.19436551223,10089223.805634487,0.0,1476921.891870116,R0,1,0,0,False,True,False,857363.9807683468,8699980.083617942,0.0,0.0,NONE,1,0,0,False,False,False,0.0,1862000000.0,3ad7850224d6f0741f18979f0b2c9717c68a073fa1c163e549df27e7143c313a,E3B,LA-0584,584,0.4015163241107379,0.8857610538864513,0.23161783770325162,0.44442365034591785,0.10204689175903321,0.3349490361938774,Medium,Unfavorable,LA-0169,LA-0374,26139161.035637833,484275691.37450916,698026560.0,False,0,2012274.6419578565,False,0,0
E3B_MEDIUM_UNFAVORABLE,LA-0488,488,a1c8e52d0d582b81669d0fc62ef43207af83301f2a7d6efff05cf8d29b3f7c05,M2,A1_FINAL_NO_MEMORY_V1,A1_FINAL_NO_MEMORY_V1_R1_WITNESS_GATED_INFEASIBLE_RETRY,certified,PASS,,,c476000f1ec0b777062cdf825fe521f861e4ca4be0327d7630f054922ff8fc61,c37c8cc187b853bddf7620ceeb4489a15d802d06b8a25ef7d74d205b786b6543,1.0,19137905.85543848,4.0,1.0,1.0,1.0,1.0,0.5,0.9,54f69cc16d6e35f87521874109d2e67ba465edb38d0cd13342052da6fb48e7b4,3,2,2,9d48561488bb7989e73e0f3895a5dafb1fe028d0f30403d60c4dc5b71b849fa4,P4,False,False,False,Q[NONE]|F[Crackers],1200205338.3854427,1200205338.3854427,0.0,8827158.696379473,0.0,8827158.696379473,h09,5,Katrina,1191378179.6890633,10310747.159059003,1181067432.5300043,1679483359.1358914,202473984.9284949,19137905.85543848,0.0,1.0,0.0,0.4612395297090999,0.0,0.5387604702909,0.0,0.0,NONE,1,0,0,False,False,False,0.0,10400000.0,0.0,0.0,NONE,1,0,0,False,False,False,0.0,9557344.06438629,0.0,348787991.54483247,R0,1,0,0,False,True,False,202473984.9284949,1659526015.071505,e5d362ebc7adc49ce39ba0000819d2583439fa61cb9d544a207fed59b6acfd16,E3B,LA-0488,488,0.27003939754518663,0.5433612044109066,0.23161783770325162,0.44442365034591785,0.10204689175903321,0.3349490361938774,Medium,Unfavorable,LA-0169,LA-0374,26944320.000000004,531999999.99999845,622123112.5300058,False,0,348787991.54483247,False,0,0
E3B_MEDIUM_UNFAVORABLE,LA-0170,170,e20bc3fe56ecbfa50edae2fdc3bb38c9a5ba56e6bd20d5bb830aff856918c573,M2,A1_FINAL_NO_MEMORY_V1,A1_FINAL_NO_MEMORY_V1_R1_WITNESS_GATED_INFEASIBLE_RETRY,certified,PASS,,,1d72da03e8642b1997313d353a66e5233e180571bd3b97fd11bf777f5457e46a,9f11135db48b39dbb31c5a5976ede6abc699aa00eaf818de0a4953d197303033,1.0,19137905.85543848,4.0,1.0,1.0,1.0,1.0,0.5,0.9,4a6b2e66834001cab51817ffe8f5186bb972e5bdc12b0dc34efdd9375f76fde2,3,2,2,fcf64d5c045e8de9a932f8f894ef08f14330d7af6f422b002ec693d00c3a44ef,P1,False,False,False,Q[Water+Vaccine]|F[NONE],1228626321.657972,1228626321.657972,19137905.85543848,0.0,0.0,19137905.85543848,h09,5,Katrina,1209488415.8025336,0.0,1209488415.8025336,1871188377.6911924,0.0,19137905.85543848,0.0,1.0,1.0,0.0,0.0,0.0,16510375.98286994,0.0,NONE,0,0,1,True,False,False,0.0,0.0,585747.4563910667,0.0,NONE,0,1,0,True,False,False,0.0,9188377.691192396,0.0,0.0,NONE,1,0,0,False,False,False,0.0,1862000000.0,66978d14ca1c2f8569d8de73cc663c835c0bf60429004a543e43d36454df6596,E3B,LA-0170,170,0.12360038958241336,1.4668731083320767,0.23161783770325162,0.44442365034591785,0.10204689175903321,0.3349490361938774,Medium,Unfavorable,LA-0169,LA-0374,0.0,511461855.80253357,698026560.0,False,0,0.0,False,0,0
E3B_MEDIUM_UNFAVORABLE,LA-0771,771,1af97d7121e738bd7118f9315c5bc017b1b0c78ae8702859b8f0c2362c18ca0a,M2,A1_FINAL_NO_MEMORY_V1,A1_FINAL_NO_MEMORY_V1_R1_WITNESS_GATED_INFEASIBLE_RETRY,certified,PASS,,,e4631c31a930594f785e6b5216de8abd4c9bdaec0c8b379a9f7d8d247c80e65b,cf43ca42e59c0ed40904602f3f6260b8c22c88a33a98db9ef05bc7984cace405,1.0,19137905.85543848,4.0,1.0,1.0,1.0,1.0,0.5,0.9,4ef486fa58685facea5a11c6e9386bbbe02d505c64ef90ff8bebe92279b154da,3,2,2,1a3e3ea84da1273617b01eb99d21f4409d9d0aacb5cbcd73e79bf6199137f761,P4,False,False,False,Q[NONE]|F[Water+Crackers],1209379931.4906983,1209379931.4906983,0.0,6388528.836911091,0.0,6388528.836911091,h09,5,Katrina,1202991402.6537871,12749377.018527389,1190242025.6352599,1765431292.0884511,116526051.9759352,19137905.85543848,0.0,1.0,0.0,0.3338154594953054,0.0,0.6661845405046947,0.0,17915363.859447412,R0,1,0,0,False,True,False,10400000.0,0.0,0.0,0.0,NONE,0,0,1,False,False,False,0.0,9557344.06438629,0.0,182816041.9341834,R0,1,0,0,False,True,False,106126051.9759352,1755873948.0240648,2c04e9e23b6ea35b8df8af8e3cbdbfb71c2fcbee7dec37e364447f1e16aec8de,E3B,LA-0771,771,0.22230789596350709,0.7642497171517166,0.23161783770325162,0.44442365034591785,0.10204689175903321,0.3349490361938774,Medium,Unfavorable,LA-0169,LA-0374,0.0,531999999.99999845,658242025.6352614,False,0,200731405.7936308,False,0,0
E3B_MEDIUM_UNFAVORABLE,LA-0365,365,03571409f530a57950103a16cc3d0f31cfa9635ee41d994996c4ed270bbb4e53,M2,A1_FINAL_NO_MEMORY_V1,A1_FINAL_NO_MEMORY_V1_R1_WITNESS_GATED_INFEASIBLE_RETRY,certified,PASS,,,db3bac8855c4052cfd1b4b9103c90792afbc6b6e8ac3cc0813a869e3a37ad036,1ad2cae2e2c49edfba369ce630f50e1cdf42a1d77f4005a9288d1b57385d25a6,1.0,19137905.85543848,4.0,1.0,1.0,1.0,1.0,0.5,0.9,42048367467dd5f7aab05d0ef46af3c48e4439c1d910a04fb95dfe077149c2ea,3,2,2,a39c69c422a96da281189286b8e477e4b5fd7af71a411c462eb09b3ffe94a26f,P4,False,False,False,Q[NONE]|F[Crackers],1227193875.844439,1227193875.844439,0.0,2430730.8363186135,0.0,2430730.8363186135,h09,5,Katrina,1224763145.0081203,16707175.019119864,1208055969.9890003,1751475829.9505413,130481514.11384504,19137905.85543848,0.0,1.0,0.0,0.1270113279205972,0.0,0.8729886720794028,0.0,0.0,NONE,0,0,1,False,False,False,0.0,10400000.0,0.0,0.0,NONE,0,1,0,False,False,False,0.0,9557344.06438629,0.0,224771519.45011124,R0,1,0,0,False,True,False,130481514.11384504,1731518485.886155,86d04f9a1effc16bc898435090a77300c353bddb3b162239245752bfe089e97f,E3B,LA-0365,365,0.11538870761426363,1.3662235106116607,0.23161783770325162,0.44442365034591785,0.10204689175903321,0.3349490361938774,Medium,Unfavorable,LA-0169,LA-0374,26944320.000000004,531999999.99999845,649111649.9890018,False,0,224771519.45011124,False,0,0
E3B_MEDIUM_UNFAVORABLE,LA-0286,286,6baaa33555436c6ac3e813258e2307c08f082445ff5442dc255c0053c1af1067,M2,A1_FINAL_NO_MEMORY_V1,A1_FINAL_NO_MEMORY_V1_R1_WITNESS_GATED_INFEASIBLE_RETRY,certified,PASS,,,18604a64532e42671079858fa12a7fdd78bfcbc83b3fb062c1a441283f59ec46,aac8b1517bb76dc763fe9642da3980de5e812b14613c5f95a30f224646baaa70,1.0,19137905.85543848,4.0,1.0,1.0,1.0,1.0,0.5,0.9,a30233bc11d5eb9cb3398c89419116d79d453c4d78ff7a142831098e451320ec,3,2,2,2cbbd852295d587e0bfd6d1cef3d751cd3fb5b1ed4bbacce22e4f24354a2f941,P4,False,False,False,Q[NONE]|F[Vaccine],1231901557.886937,1231901557.886937,0.0,3054056.927826704,0.0,3054056.927826704,h09,5,Katrina,1228847500.9591103,16083848.927611772,1212763652.0314984,1881163164.2000484,794179.8643378136,19137905.855438475,3.725290298461914e-09,0.9999999999999998,0.0,0.15958156294090156,0.0,0.8404184370590984,0.0,0.0,NONE,0,1,0,False,False,False,0.0,10400000.0,0.0,1368078.9653325493,R0,1,0,0,False,True,False,794179.8643378136,8763164.200048476,0.0,0.0,NONE,1,0,0,False,False,False,0.0,1862000000.0,2a42496fbd667d90705e97dc0dfe513ac1ae6f0d74cb81f3f3a59c66d1dacbdf,E3B,LA-0286,286,0.16041742561018543,1.4553139535527855,0.23161783770325162,0.44442365034591785,0.10204689175903321,0.3349490361938774,Medium,Unfavorable,LA-0169,LA-0374,26944320.000000004,487792772.03149843,698026560.0,False,0,1368078.9653325493,False,0,0
E3B_MEDIUM_UNFAVORABLE,LA-0110,110,e0c60e18b84e8530fd9ebcb77c830bd52d2e93b2ec786cdc9de3605c81a91c31,M2,A1_FINAL_NO_MEMORY_V1,A1_FINAL_NO_MEMORY_V1_R1_WITNESS_GATED_INFEASIBLE_RETRY,certified,PASS,,,5c23cc9f1f7a49f2d1870df52cdd63ee16a5aa7a831f8477acccae1603e592f5,06fd3d8a5ad58c99ae97dc6b992f1272b964db484ea567cf285dcc637f97af52,1.0,19137905.85543848,4.0,1.0,1.0,1.0,1.0,0.5,0.9,4e56d00c0efca1cc9d63688ab4f5e807716a31901e86dc19dd93526dd6279b74,7,2,2,7bc525a904f721b52ed1f2d0f6391969740740571caf1c28f4d857064d627c0f,P1,False,False,False,Q[Water+Vaccine]|F[NONE],1227635687.4859333,1227635687.4859333,19137905.85543848,0.0,0.0,19137905.85543848,h09,5,Katrina,1208497781.6304948,0.0,1208497781.6304948,1871170581.0152073,0.0,19137905.85543848,0.0,1.0,1.0,0.0,0.0,0.0,16166323.929588297,0.0,NONE,1,0,0,True,False,False,0.0,0.0,601205.4554830837,0.0,NONE,1,0,0,True,False,False,0.0,9170581.015207224,0.0,0.0,NONE,1,0,0,False,False,False,0.0,1862000000.0,c4422b56d89c4f02f159631d4ce5e2b6939f90a8aebfe3739c6894ca3ed5f71e,E3B,LA-0110,110,0.49730271263249043,1.4939362772576659,0.23161783770325162,0.44442365034591785,0.10204689175903321,0.3349490361938774,Medium,Unfavorable,LA-0169,LA-0374,0.0,510471221.6304949,698026560.0,False,0,0.0,False,0,0
E3B_MEDIUM_UNFAVORABLE,LA-0292,292,03acbdeb07372f2727b8a1dbbee7a33c46f61c79455f3e6bf5ea11b9b50aa908,M2,A1_FINAL_NO_MEMORY_V1,A1_FINAL_NO_MEMORY_V1_R1_WITNESS_GATED_INFEASIBLE_RETRY,certified,PASS,,,8336b91849612514593b3a5da1e10ef764ced0ed697fd8bfa88953c0dc594131,69026110a5569b473e9872edbd96d5ce5c52f1f645721898efadfc720245766c,1.0,19137905.85543848,4.0,1.0,1.0,1.0,1.0,0.5,0.9,fb50781427afece388fe24cedf40e6c29e827a6f3751275940ae0a53fe510ef4,3,2,2,33597ba4ef19d7176e38ed7d517821a9f89eaff5b0e4e4b0c296973d7f49d5ab,P4,False,False,False,Q[NONE]|F[Water+Crackers],1226671502.4866319,1226671502.4866319,0.0,1599950.8922048262,0.0,1599950.8922048262,h09,5,Katrina,1225071551.594427,17537954.96323365,1207533596.6311934,1811556908.274787,70400435.7895994,19137905.855438475,3.725290298461914e-09,0.9999999999999998,0.0,0.08360114760153672,0.0,0.9163988523984632,0.0,17915363.859447412,R0,1,0,0,False,True,False,10400000.0,0.0,0.0,0.0,NONE,0,0,1,False,False,False,0.0,9557344.06438629,0.0,103358619.12462348,R0,1,0,0,False,True,False,60000435.789599404,1801999564.2104006,2e95480cdf7cc39793fed7fdd0e4f3d9e440d76fdefa4bd6467e38db8f04871f,E3B,LA-0292,292,0.0751484024768571,1.4190063667050214,0.23161783770325162,0.44442365034591785,0.10204689175903321,0.3349490361938774,Medium,Unfavorable,LA-0169,LA-0374,0.0,531999999.99999845,675533596.631195,False,0,121273982.9840709,False,0,0
E3B_MEDIUM_UNFAVORABLE,LA-0437,437,add61a82d144be4e264312ecc7aa29cea6b9324261682313f492c4ab4fb974d8,M2,A1_FINAL_NO_MEMORY_V1,A1_FINAL_NO_MEMORY_V1_R1_WITNESS_GATED_INFEASIBLE_RETRY,certified,PASS,,,5bdd1122873448e9010cd9879e68d5090339caaaf5f3897d2e1af740866fbea9,25b0ecfc4a1900348efdfda22101ad294b2a08945cca5e8d91eb785c04258656,1.0,19137905.85543848,4.0,1.0,1.0,1.0,1.0,0.5,0.9,6ea739eb2e5c7d6a8bcfeec07db1317e035c7d8a88f00734bb5503943effdcc3,3,2,2,31a899c374f6d0fcbda969fdac60ee94f28b56392e2f0bdbb680355b62c8cd7b,P4,False,False,False,Q[NONE]|F[Water+Crackers],1168294163.9069366,1168294163.9069366,0.0,3039134.5807166644,0.0,3039134.5807166644,h09,5,Katrina,1165255029.32622,16098771.274721812,1149156258.0514982,1655834174.1206703,226123169.94371593,19137905.85543848,0.0,1.0,0.0,0.15880183566965475,0.0,0.8411981643303452,0.0,17915363.859447412,R0,1,0,0,False,True,False,10400000.0,0.0,0.0,0.0,NONE,0,0,1,False,False,False,0.0,9557344.06438629,0.0,371611450.23606545,R0,1,0,0,False,True,False,215723169.94371593,1646276830.056284,ea88e10e56e86ab69f2e89565c1e1fe44be3fec9b10b6aeebaac1ed1b2609b1e,E3B,LA-0437,437,0.06545456867678755,0.5972759903535796,0.23161783770325162,0.44442365034591785,0.10204689175903321,0.3349490361938774,Medium,Unfavorable,LA-0169,LA-0374,0.0,531999999.99999845,617156258.0514997,False,0,389526814.09551287,False,0,0
E3B_MEDIUM_UNFAVORABLE,LA-0514,514,b386b7e1efa4629cc5a5e664f03f1ee969ab94cf6e105ab01f57c5f06cd21d73,M2,A1_FINAL_NO_MEMORY_V1,A1_FINAL_NO_MEMORY_V1_R1_WITNESS_GATED_INFEASIBLE_RETRY,certified,PASS,,,7ea7049a63f2e2d88d16709b0bf98974d857f5c2b54fd806cf6b946dc66a529e,ff3f19540fd23110ec825df94d1a91b817d57e1fca19d3b10d5564503e440040,1.0,19137905.85543848,4.0,1.0,1.0,1.0,1.0,0.5,0.9,b9f500598fcd383335a7ec61c22ab12589b80557369c2242c0890fa1a81eda3c,3,2,2,8bb84452296553fc6a94d7eb3a4d57c2018671d816125a32d0bfb62510bcc017,P4,False,False,False,Q[NONE]|F[Crackers],1146373273.7610826,1146373273.7610826,0.0,2214319.900917026,0.0,2214319.900917026,h09,5,Katrina,1144158953.8601656,16923585.95452145,1127235367.9056442,1535885235.4046707,346072108.6597158,19137905.85543848,0.0,1.0,0.0,0.1157033542563789,0.0,0.8842966457436211,0.0,0.0,NONE,1,0,0,False,False,False,0.0,10400000.0,0.0,0.0,NONE,0,0,1,False,False,False,0.0,9557344.06438629,0.0,596154591.1774068,R0,1,0,0,False,True,False,346072108.6597158,1515927891.3402843,502c87eec79e4d528c99116cfb8dc0c8720787705117bd4b33a4adee88d2d357,E3B,LA-0514,514,0.03963229212261108,0.5217873096215395,0.23161783770325162,0.44442365034591785,0.10204689175903321,0.3349490361938774,Medium,Unfavorable,LA-0169,LA-0374,26944320.000000004,531999999.99999845,568291047.9056457,False,0,596154591.1774068,False,0,0
E3B_MEDIUM_UNFAVORABLE,LA-0633,633,633a6a723b977918919fa56852b0aba2c042d2f3438fff7b6bd1d9fbb3cf24a0,M2,A1_FINAL_NO_MEMORY_V1,A1_FINAL_NO_MEMORY_V1_R1_WITNESS_GATED_INFEASIBLE_RETRY,certified,PASS,,,1640ac89b7523c2fc7ef388e0ebd444cdcc164cf9adead5c75e0ebca49f26780,aedbb10265fca15ef823e69adb88274e2bd9390cb84903c61d6a2ea8010d2cb9,1.0,19137905.85543848,4.0,1.0,1.0,1.0,1.0,0.5,0.9,1e0359597d603e2f23801af6d4bf0d6da72d0687d43a8603742179b9334d4bd5,6,2,2,5593ce1cd875eaaa04c7b4faf269f9e421d0583d87f4d78a19ece2ec44c69cc3,P1,False,False,False,Q[Water+Vaccine]|F[NONE],1219943975.937116,1219943975.937116,19137905.85543848,0.0,0.0,19137905.85543848,h09,5,Katrina,1200806070.0816774,0.0,1200806070.0816774,1871032399.9367936,0.0,19137905.85543848,0.0,1.0,1.0,0.0,0.0,0.0,13914901.397747755,0.0,NONE,1,0,0,True,False,False,0.0,0.0,702360.1706518629,0.0,NONE,0,0,1,True,False,False,0.0,9032399.936793573,0.0,0.0,NONE,1,0,0,False,False,False,0.0,1862000000.0,3e6ab7027ee5b50ff01c5b9c9cb2a6146dc449ac9fd688c57f7e7760f0140bb2,E3B,LA-0633,633,0.46505250853993557,0.8156380930762033,0.23161783770325162,0.44442365034591785,0.10204689175903321,0.3349490361938774,Medium,Unfavorable,LA-0169,LA-0374,0.0,502779510.0816775,698026560.0,False,0,0.0,False,0,0
E3B_MEDIUM_UNFAVORABLE,LA-0799,799,2b823709ce852b2d6e351887370c0475a4e8be187eeb3c861d58db177f62805a,M2,A1_FINAL_NO_MEMORY_V1,A1_FINAL_NO_MEMORY_V1_R1_WITNESS_GATED_INFEASIBLE_RETRY,certified,PASS,,,b94e076ca406d4808eb7721455d69a6049a97a20b5fbf5c9e30cb353a6a3284c,f2aa23894a70b464c58961ce5986a9dc78548b8c0da4a8177f92e3a569206e38,1.0,19137905.85543848,4.0,1.0,1.0,1.0,1.0,0.5,0.9,d991168b9eb9f2aef9600574be623c27b35f6dcb6ae8ee887bee99c4c7d4776e,3,2,2,fc3503cf099c3714db28f321e5da45ecac3881e752c099fb3947635484dc3be7,P4,False,False,False,Q[NONE]|F[Water+Crackers],1211340690.5554192,1211340690.5554192,0.0,7436300.015644633,0.0,7436300.015644633,h09,5,Katrina,1203904390.5397747,11701605.839793842,1192202784.6999807,1770661656.644365,111295687.4200212,19137905.855438475,3.725290298461914e-09,0.9999999999999998,0.0,0.3885639354596071,0.0,0.6114360645403928,0.0,17915363.859447412,R0,1,0,0,False,True,False,10400000.0,0.0,0.0,0.0,NONE,0,0,1,False,False,False,0.0,9557344.06438629,0.0,173806053.07487988,R0,1,0,0,False,True,False,100895687.4200212,1761104312.5799787,3ab266c32e5102ddf9017ce199d8497c13e296ee9ddc31e5faf43efcaf13e061,E3B,LA-0799,799,0.26660204414228333,0.7226771629204092,0.23161783770325162,0.44442365034591785,0.10204689175903321,0.3349490361938774,Medium,Unfavorable,LA-0169,LA-0374,0.0,531999999.99999845,660202784.6999824,False,0,191721416.9343273,False,0,0
E3B_MEDIUM_UNFAVORABLE,LA-0577,577,0c33b9f7b2f39324b95707b25eb2e07af1ba08cb92c0be0bab15e3a2ae1e62d9,M2,A1_FINAL_NO_MEMORY_V1,A1_FINAL_NO_MEMORY_V1_R1_WITNESS_GATED_INFEASIBLE_RETRY,certified,PASS,,,526b869092f7e6ca889c457b1d21b97f1bccd791bd769b1a4fb5b19602b74e32,40a4a0a636b71e5f6d563adc5ea58b11989ce90c56f85800ae3273f31eaecc7a,1.0,19137905.85543848,4.0,1.0,1.0,1.0,1.0,0.5,0.9,7ea432af98cff943eced853c710fe0aec7fc443028798b370696c95a06908cce,3,2,2,19257038411295984b11c567f9803c7e40a7279de88d225d458aafe84dd26446,P4,False,False,False,Q[NONE]|F[Crackers],1225602423.3698606,1225602423.3698606,0.0,8512241.312278416,0.0,8512241.312278416,h09,5,Katrina,1217090182.0575821,10625664.54316006,1206464517.5144222,1747230598.2108433,134726745.8535431,19137905.85543848,0.0,1.0,0.0,0.4447843654670015,0.0,0.5552156345329984,0.0,0.0,NONE,1,0,0,False,False,False,0.0,10400000.0,0.0,0.0,NONE,1,0,0,False,False,False,0.0,9557344.06438629,0.0,232084487.8428387,R0,1,0,0,False,True,False,134726745.8535431,1727273254.146457,b18d79fd26bb2e436efa042ec73618ac09732d7a6cde369cc4bfde5cc105608d,E3B,LA-0577,577,0.3913501756456659,0.8415307711930013,0.23161783770325162,0.44442365034591785,0.10204689175903321,0.3349490361938774,Medium,Unfavorable,LA-0169,LA-0374,26944320.000000004,531999999.99999845,647520197.5144237,False,0,232084487.8428387,False,0,0
E3B_MEDIUM_UNFAVORABLE,LA-0377,377,61cf1e5a0e28513d3cba20e312483f5e64ddbf49159ecda32545e69365c99760,M2,A1_FINAL_NO_MEMORY_V1,A1_FINAL_NO_MEMORY_V1_R1_WITNESS_GATED_INFEASIBLE_RETRY,certified,PASS,,,70b0b0789688c5815ee8e0343ccec83537b94d319e50ea23a58150a7408eedb5,e3ac24a1f63b6b5eba5543bd1649dba7900c9398f5e14cf265847da85df6320a,1.0,19137905.85543848,4.0,1.0,1.0,1.0,1.0,0.5,0.9,c2d861090e157f9b9b146ea3a0e25c1e9b26d0ad7cc25df16bca4c107b5e14f7,3,2,2,654e69ec94fe0b54e7b0bcedb8d6611f54fd1c813f81182ce45c65959df885eb,P4,False,False,False,Q[NONE]|F[Vaccine],1221716133.716945,1221716133.716945,0.0,619289.1295884714,0.0,619289.1295884714,h09,5,Katrina,1221096844.5873566,18518616.72585001,1202578227.8615065,1880980183.742841,977160.3215451987,19137905.85543848,0.0,1.0,0.0,0.03235929439022118,0.0,0.9676407056097789,0.0,0.0,NONE,0,1,0,False,False,False,0.0,10400000.0,0.0,1683286.7989900832,R0,1,0,0,False,True,False,977160.3215451987,8580183.742841091,0.0,0.0,NONE,1,0,0,False,False,False,0.0,1862000000.0,0e05b02218dfa7334cc4fe44985ca8dda4ba27ae77df2c09edc8ede48313e9c7,E3B,LA-0377,377,0.02643753254145226,1.3618469405535734,0.23161783770325162,0.44442365034591785,0.10204689175903321,0.3349490361938774,Medium,Unfavorable,LA-0169,LA-0374,26944320.000000004,477607347.8615065,698026560.0,False,0,1683286.7989900832,False,0,0
E3B_MEDIUM_UNFAVORABLE,LA-0475,475,25209deb3c0fed6a636ef92ff9c2b74c62eece1f4ee6c11337d9039162861011,M2,A1_FINAL_NO_MEMORY_V1,A1_FINAL_NO_MEMORY_V1_R1_WITNESS_GATED_INFEASIBLE_RETRY,certified,PASS,,,6bdeb5d4786ae1c0eb02d099d3ac04a369b78ee0ec8fa39bbd64c963a0d2a98d,e40abf5d5b9951e016790e720b389842d96625191cb88d6902672a381ff26c31,1.0,19137905.85543848,4.0,1.0,1.0,1.0,1.0,0.5,0.9,0e7f501f3ef3bf6bcb758b3fe650a6dfe5c20888945f588a6611e6a4e3b8ea6b,6,2,2,2af1ea334efa834b8c4d515bd4882370559d3146b6ba1e6b68450ead6915824c,P1,False,False,False,Q[Water+Vaccine]|F[NONE],1231658931.2348387,1231658931.2348387,19137905.855438475,0.0,0.0,19137905.855438475,h09,5,Katrina,1212521025.3794003,0.0,1212521025.3794003,1871242858.3173935,0.0,19137905.855438475,3.725290298461914e-09,0.9999999999999998,0.9999999999999998,0.0,0.0,0.0,17660994.13419909,0.0,NONE,0,1,0,True,False,False,0.0,0.0,534051.0512429054,0.0,NONE,0,1,0,True,False,False,0.0,9242858.317393651,0.0,0.0,NONE,1,0,0,False,False,False,0.0,1862000000.0,9fe694345f04cc33b95e6a586f31e278a59b5f26eb3e6ffe41583d513fa048a3,E3B,LA-0475,475,0.35301787701603055,1.4779379590838184,0.23161783770325162,0.44442365034591785,0.10204689175903321,0.3349490361938774,Medium,Unfavorable,LA-0169,LA-0374,0.0,514494465.3794002,698026560.0,False,0,0.0,False,0,0
E3B_MEDIUM_UNFAVORABLE,LA-0032,32,f4f35be64e2a6a66797bef3bd06352c0e954577920dbaa334c40d418f72f6054,M2,A1_FINAL_NO_MEMORY_V1,A1_FINAL_NO_MEMORY_V1_R1_WITNESS_GATED_INFEASIBLE_RETRY,certified,PASS,,,cca3c42db50d43777ac846a12f71a99a5583881088be5acf77ac50352619ab79,3d114d7f0522f6519d894e8dd210dff56d254f92a706b2db37166d11c388bda1,1.0,19137905.85543848,4.0,1.0,1.0,1.0,1.0,0.5,0.9,166ca87718ff851d427629511db7bfe1b5f9776f8e581abff679e7997d9fdd21,3,2,2,d9af02eb34b909123ab0358e746df53fe4f629c2bde81443fd631008531c3545,P4,False,False,False,Q[NONE]|F[Water+Crackers],1220299090.3376863,1220299090.3376863,0.0,10753896.77844996,0.0,10753896.77844996,h09,5,Katrina,1209545193.5592363,8384009.076988516,1201161184.4822478,1794558369.678581,87398974.3858054,19137905.85543848,0.0,1.0,0.0,0.5619160664537386,0.0,0.43808393354626135,0.0,17915363.859447412,R0,1,0,0,False,True,False,10400000.0,0.0,0.0,0.0,NONE,1,0,0,False,False,False,0.0,9557344.06438629,0.0,132640831.05057451,R0,1,0,0,False,True,False,76998974.3858054,1785001025.6141946,afe7c1165a9d55b885c262943567db87f2ef6f21bfb5bcae27b33ae13f3a7103,E3B,LA-0032,32,0.4474287719374352,0.6008998256815011,0.23161783770325162,0.44442365034591785,0.10204689175903321,0.3349490361938774,Medium,Unfavorable,LA-0169,LA-0374,0.0,531999999.99999845,669161184.4822493,False,0,150556194.91002193,False,0,0
E3B_MEDIUM_UNFAVORABLE,LA-0259,259,b8b746d5fd3251850a6946a5dc62e955b7cda834c4bef659011599f4c9b2b648,M2,A1_FINAL_NO_MEMORY_V1,A1_FINAL_NO_MEMORY_V1_R1_WITNESS_GATED_INFEASIBLE_RETRY,certified,PASS,,,e36c096b3b4311c4cc18434dcc176c09330552add5472b68a4aa49d9b937df42,05f06604112fcccdc3e4ca5afd08284ce94e6afb8014d367f7be26822756da3c,1.0,19137905.85543848,4.0,1.0,1.0,1.0,1.0,0.5,0.9,acc8cb13414aec347f94724050963ccd1feaaba451a89f76cb9f2f286b5f58b9,3,2,2,00b4229e0cc5997c1b0592e1d680a829bf8e016ac43173cd0552718043f85148,P4,False,False,False,Q[NONE]|F[Crackers],1217440580.645233,1217440580.645233,0.0,7216446.026214201,0.0,7216446.026214201,h09,5,Katrina,1210224134.6190188,11921459.829224277,1198302674.7897944,1725458717.2766037,156498626.78778273,19137905.85543848,0.0,1.0,0.0,0.37707605423105794,0.0,0.6229239457689421,0.0,0.0,NONE,1,0,0,False,False,False,0.0,10400000.0,0.0,0.0,NONE,0,1,0,False,False,False,0.0,9557344.06438629,0.0,269589407.92374915,R0,1,0,0,False,True,False,156498626.78778273,1705501373.2122173,05026df2dbaad1bb444342c67fdd037f53443a392e073f6d79e07202b7f2fef7,E3B,LA-0259,259,0.28561976857033256,0.812805490572656,0.23161783770325162,0.44442365034591785,0.10204689175903321,0.3349490361938774,Medium,Unfavorable,LA-0169,LA-0374,26944320.000000004,531999999.99999845,639358354.789796,False,0,269589407.92374915,False,0,0
E3B_MEDIUM_UNFAVORABLE,LA-0750,750,132017ed4b92d624f4a8a004437fd96fcbfc03e831e148154b313993a3a5d969,M2,A1_FINAL_NO_MEMORY_V1,A1_FINAL_NO_MEMORY_V1_R1_WITNESS_GATED_INFEASIBLE_RETRY,certified,PASS,,,c9f2324cb2bc8bd6544f8bdb7eddf7a74146788b5cec1eb094713a02595f49f7,76164ed2c5671284381f168c713f7bf87b619dd9f3efc6364d76390d7fb0c952,1.0,19137905.85543848,4.0,1.0,1.0,1.0,1.0,0.5,0.9,d22500db8e5721f20710fbc72273ad47018f4d22e44e775246027331fe1f1a0c,6,2,2,beb1868b686906a9da32bc05361b15fe3eb30c41692f6220031b4dd74cc37fae,P1,False,False,False,Q[Water+Vaccine]|F[NONE],1220182278.754831,1220182278.754831,19137905.85543848,0.0,0.0,19137905.85543848,h09,5,Katrina,1201044372.8993926,0.0,1201044372.8993926,1871036681.0308168,0.0,19137905.85543848,0.0,1.0,1.0,0.0,0.0,0.0,13975200.377412565,0.0,NONE,0,1,0,True,False,False,0.0,0.0,699650.9830041869,0.0,NONE,0,0,1,True,False,False,0.0,9036681.03081691,0.0,0.0,NONE,1,0,0,False,False,False,0.0,1862000000.0,f60547ec9b5d42689469723073eb4e86731c327b68bf02ec8d08f2efb91562f9,E3B,LA-0750,750,0.20879854637606812,1.382941540798655,0.23161783770325162,0.44442365034591785,0.10204689175903321,0.3349490361938774,Medium,Unfavorable,LA-0169,LA-0374,0.0,503017812.89939255,698026560.0,False,0,0.0,False,0,0
E3B_MEDIUM_UNFAVORABLE,LA-0472,472,a81150ee321fc78d1c30068462a732eee7c8fccc1bd6425dc016cfa3981cc7d8,M2,A1_FINAL_NO_MEMORY_V1,A1_FINAL_NO_MEMORY_V1_R1_WITNESS_GATED_INFEASIBLE_RETRY,certified,PASS,,,fff021134f43d21011964a0ac04bb1e1afaf71d21cb3810b208148b1dde44038,79f3f73124a9a3c3630511638127cc1c56819ceb960d4796d248f32d4b70c2c6,1.0,19137905.85543848,4.0,1.0,1.0,1.0,1.0,0.5,0.9,6b14a8c26d72315a632e05df71a148ba5a51a5be88ea98bc3f9b56053dde538c,3,2,2,9065dd5026c684ff6517a4d270bded4bcbf3e1c21103b0035dba71427d544e83,P4,False,False,False,Q[NONE]|F[Crackers],1206066085.7372167,1206066085.7372167,0.0,3371150.6845213408,0.0,3371150.6845213408,h09,5,Katrina,1202694935.0526953,15766755.170917137,1186928179.8817782,1695117021.5125823,186840322.55180404,19137905.85543848,0.0,1.0,0.0,0.17615044770237231,0.0,0.8238495522976276,0.0,0.0,NONE,1,0,0,False,False,False,0.0,10400000.0,0.0,0.0,NONE,0,0,1,False,False,False,0.0,9557344.06438629,0.0,321856957.8973161,R0,1,0,0,False,True,False,186840322.55180404,1675159677.448196,9b041295e6db7f0fe9babdf2be18461de45926c32c685f8f2050f4a22c899495,E3B,LA-0472,472,0.11175912248181856,0.9004081878228856,0.23161783770325162,0.44442365034591785,0.10204689175903321,0.3349490361938774,Medium,Unfavorable,LA-0169,LA-0374,26944320.000000004,531999999.99999845,627983859.8817797,False,0,321856957.8973161,False,0,0
E3B_MEDIUM_UNFAVORABLE,LA-0647,647,9f75b37c7ea35e63988ae11a092a8defc68ea622b5abe84163c8de5e4133e10d,M2,A1_FINAL_NO_MEMORY_V1,A1_FINAL_NO_MEMORY_V1_R1_WITNESS_GATED_INFEASIBLE_RETRY,certified,PASS,,,0ffa6c76481e4427d86cd981229b5a294b7788f9e460fddfbe9b45e4c87e7535,5fce8d7391bfb44b7e2bffa7666b255796cb378b1efd3267f3f911dfe6164724,1.0,19137905.85543848,4.0,1.0,1.0,1.0,1.0,0.5,0.9,6f2cde68afc0f247e7df3fb27ec93be12cb369a98ab9bc3897c34b9f44d3d01d,7,2,2,7684d60cf059eb9ae7cea64141740caa5f3f06b91b9b1dbafd025751d7cd211e,P1,False,False,False,Q[Water+Vaccine]|F[NONE],1221137618.0575635,1221137618.0575635,19137905.85543848,0.0,0.0,19137905.85543848,h09,5,Katrina,1201999712.202125,0.0,1201999712.202125,1871053843.6368592,0.0,19137905.85543848,0.0,1.0,1.0,0.0,0.0,0.0,14222274.553538851,0.0,NONE,1,0,0,True,False,False,0.0,0.0,688550.1267419092,0.0,NONE,1,0,0,True,False,False,0.0,9053843.636859102,0.0,0.0,NONE,1,0,0,False,False,False,0.0,1862000000.0,24eba0d4c097e3502594c84f92aa7cfc824a38c49361a43d08f243a0a023718d,E3B,LA-0647,647,0.45825737397416566,1.1820826172141652,0.23161783770325162,0.44442365034591785,0.10204689175903321,0.3349490361938774,Medium,Unfavorable,LA-0169,LA-0374,0.0,503973152.2021251,698026560.0,False,0,0.0,False,0,0
E3B_MEDIUM_UNFAVORABLE,LA-0478,478,788a573526ade631922fb22555f44be7d29186360644d0eef6e38264fda97695,M2,A1_FINAL_NO_MEMORY_V1,A1_FINAL_NO_MEMORY_V1_R1_WITNESS_GATED_INFEASIBLE_RETRY,certified,PASS,,,acc9d1a7a643387aa5cd47ac88476a65296da5da6b16761c8ae0b672a708cf3c,5f6c639b6d8107231ce9695d46c33b547381b191050ba5c4e059297145d6e3e4,1.0,19137905.85543848,4.0,1.0,1.0,1.0,1.0,0.5,0.9,29ac8bdfbe111f393b75ef1b9188f5c18128c7cb3b1b05427b0c7478c6860aad,6,2,2,bb21990e8b9613db1db5fd7ece94d92e95711c565d1ecf036b4515f599e51c8e,P1,False,False,False,Q[Water+Vaccine]|F[NONE],1221203148.4567153,1221203148.4567153,19137905.85543848,0.0,0.0,19137905.85543848,h09,5,Katrina,1202065242.6012769,0.0,1202065242.6012769,1871055020.8860533,0.0,19137905.85543848,0.0,1.0,1.0,0.0,0.0,0.0,14239542.891061224,0.0,NONE,0,1,0,True,False,False,0.0,0.0,687774.2733697365,0.0,NONE,0,0,1,True,False,False,0.0,9055020.886053408,0.0,0.0,NONE,1,0,0,False,False,False,0.0,1862000000.0,c422d11ea0e0d3200bb9082b3885ba6c7679a0514a8aaccfce5f6a98f832db12,E3B,LA-0478,478,0.28083193979437604,1.4755203117335256,0.23161783770325162,0.44442365034591785,0.10204689175903321,0.3349490361938774,Medium,Unfavorable,LA-0169,LA-0374,0.0,504038682.6012769,698026560.0,False,0,0.0,False,0,0
E3B_MEDIUM_UNFAVORABLE,LA-0114,114,52d06d19e62b5438dab950965a0373907f48a7a4817e2b74ff951a80ce958d18,M2,A1_FINAL_NO_MEMORY_V1,A1_FINAL_NO_MEMORY_V1_R1_WITNESS_GATED_INFEASIBLE_RETRY,certified,PASS,,,8e4fb7f9297ded6f9256d55d2518b212b743ad11ed34d1238293200eeaec1388,29d7510013d36fa6d03f5785c7e6caf45227e99cc2e8357ec36142be44f402d6,1.0,19137905.85543848,4.0,1.0,1.0,1.0,1.0,0.5,0.9,d320319a243a6d64eef685f3e725548fd757c294233c9521a024fc3ad672d402,3,2,2,5207e7bf7117c91f89d4d11423f12969dbee2870ca846a8a3e09ee44e03ac540,P4,False,False,False,Q[NONE]|F[Vaccine],1219555316.4020567,1219555316.4020567,0.0,5715490.53590584,0.0,5715490.53590584,h09,5,Katrina,1213839825.8661509,13422415.319532637,1200417410.5466182,1880941364.8057382,1015979.2586479655,19137905.85543848,0.0,1.0,0.0,0.29864764614680406,0.0,0.7013523538531958,0.0,0.0,NONE,1,0,0,False,False,False,0.0,10400000.0,0.0,1750157.5088778783,R0,1,0,0,False,True,False,1015979.2586479655,8541364.805738324,0.0,0.0,NONE,1,0,0,False,False,False,0.0,1862000000.0,ae2a6d64d34dd7e528766ac2cf22c35d145100b87e0913b70ac1253955c641f5,E3B,LA-0114,114,0.23467236722617466,0.9493610524176491,0.23161783770325162,0.44442365034591785,0.10204689175903321,0.3349490361938774,Medium,Unfavorable,LA-0169,LA-0374,26944320.000000004,475446530.5466181,698026560.0,False,0,1750157.5088778783,False,0,0
E3B_MEDIUM_UNFAVORABLE,LA-0573,573,cfd088cc5e34aae682fadaa4623778872914e9179cd8d5caa45de271fced25ce,M2,A1_FINAL_NO_MEMORY_V1,A1_FINAL_NO_MEMORY_V1_R1_WITNESS_GATED_INFEASIBLE_RETRY,certified,PASS,,,526ec872a818f9763b0615ba4d936ce58a478fe04c2121b8e55a02981b416ee1,4b3b6326abdfb8bda19dc4409e4f8d77b6deb5c309b8bab7259400a4b0b821d7,1.0,19137905.85543848,4.0,1.0,1.0,1.0,1.0,0.5,0.9,7c093cdc4ef88c18806352302a12bb9dd722c6bbfcfa3b0ff15d20be044865bf,6,2,2,8b9aeabd58264ef722cac1750cad99b7464414cddb14cb74c6805a6e83e9f96e,P1,False,False,False,Q[Water+Vaccine]|F[NONE],1227750820.5995016,1227750820.5995016,19137905.85543848,0.0,0.0,19137905.85543848,h09,5,Katrina,1208612914.7440631,0.0,1208612914.7440631,1871172649.3738155,0.0,19137905.85543848,0.0,1.0,1.0,0.0,0.0,0.0,16205572.017211482,0.0,NONE,1,0,0,True,False,False,0.0,0.0,599442.0685273724,0.0,NONE,0,0,1,True,False,False,0.0,9172649.373815447,0.0,0.0,NONE,1,0,0,False,False,False,0.0,1862000000.0,6267b77e885f9e92a08eb92fb1f09018a00c408480e66150ffaaaa7ecfdb8abe,E3B,LA-0573,573,0.48957344288637317,1.007138771482515,0.23161783770325162,0.44442365034591785,0.10204689175903321,0.3349490361938774,Medium,Unfavorable,LA-0169,LA-0374,0.0,510586354.7440631,698026560.0,False,0,0.0,False,0,0
E3B_MEDIUM_UNFAVORABLE,LA-0427,427,f8502b1dc3dc74effda7a6d21fa16d2a2e6767583b8f04eaa3563bc53ea75b1a,M2,A1_FINAL_NO_MEMORY_V1,A1_FINAL_NO_MEMORY_V1_R1_WITNESS_GATED_INFEASIBLE_RETRY,certified,PASS,,,e1b8af4f78556c13c7a9be472460f1fd90b5eb270712a9077b4190beadb24eac,bbddbce60c1633d7a89a8b9159ba215feb20c3abb6137b81ac7ec0b8abfce799,1.0,19137905.85543848,4.0,1.0,1.0,1.0,1.0,0.5,0.9,cfbcc1446b3a824b53648f4448697caebe165fc953fc294861b02c7903b7f2e8,3,2,2,137bed652c58f1f0b2082ba2466f1f7853630fd04c1174ab413a0ef65ade6c50,P4,False,False,False,Q[NONE]|F[Crackers],1216622775.4791455,1216622775.4791455,0.0,5388243.281068017,0.0,5388243.281068017,h09,5,Katrina,1211234532.1980774,13749662.574370459,1197484869.623707,1723277205.4165754,158680138.64781106,19137905.855438475,3.725290298461914e-09,0.9999999999999998,0.0,0.2815482175410965,0.0,0.7184517824589034,0.0,0.0,NONE,1,0,0,False,False,False,0.0,10400000.0,0.0,0.0,NONE,0,0,1,False,False,False,0.0,9557344.06438629,0.0,273347348.1868364,R0,1,0,0,False,True,False,158680138.64781106,1703319861.352189,dd9dbe5ce3764f515158ec5aee25d52aa2d88543bcfdbbb8a248f8358380d3eb,E3B,LA-0427,427,0.21032943299835302,0.9245644471628907,0.23161783770325162,0.44442365034591785,0.10204689175903321,0.3349490361938774,Medium,Unfavorable,LA-0169,LA-0374,26944320.000000004,531999999.99999845,638540549.6237086,False,0,273347348.1868364,False,0,0
E3B_MEDIUM_UNFAVORABLE,LA-0778,778,2d6de0ae702702dd0db8a40e28faeb1b166521aa4fe6a25a2d05f7b2b51d49e3,M2,A1_FINAL_NO_MEMORY_V1,A1_FINAL_NO_MEMORY_V1_R1_WITNESS_GATED_INFEASIBLE_RETRY,certified,PASS,,,8d84033e6d98a207f9e8fd5b261bec46acb59abfb899e39cc803d7efab9a7f8f,ebb8dd706b18b081aca158542b8955226863094fbe1940662a743381906e3a06,1.0,19137905.85543848,4.0,1.0,1.0,1.0,1.0,0.5,0.9,f6581fd3fa3374fcf49ea934f0070e20584701b725105d401e51d18706bea7e2,3,2,2,04362d43b07588b0240d7497bb2716b8fd96fceed03bba660f77c9bf0a862d13,P4,False,False,False,Q[NONE]|F[Crackers],1145042232.4847884,1145042232.4847884,0.0,2287800.949194931,0.0,2287800.949194931,h09,5,Katrina,1142754431.5355935,16850104.906243548,1125904326.62935,1532334655.8157508,349622688.2486356,19137905.85543848,0.0,1.0,0.0,0.11954290957831207,0.0,0.880457090421688,0.0,0.0,NONE,0,0,1,False,False,False,0.0,10400000.0,0.0,0.0,NONE,0,0,1,False,False,False,0.0,9557344.06438629,0.0,602270930.1435053,R0,1,0,0,False,True,False,349622688.2486356,1512377311.7513645,6eaf2c02f3f6251b6db085df42b031bedba8960af61fcb22f0ef9cf6681c1497,E3B,LA-0778,778,0.04053162859090337,0.5142457621081236,0.23161783770325162,0.44442365034591785,0.10204689175903321,0.3349490361938774,Medium,Unfavorable,LA-0169,LA-0374,26944320.000000004,531999999.99999845,566960006.6293515,False,0,602270930.1435053,False,0,0
E3B_MEDIUM_UNFAVORABLE,LA-0009,9,3f9ef457cd3c688cef1bea2783ff0f7374d3b062b769b5658594d9d3df3f4303,M2,A1_FINAL_NO_MEMORY_V1,A1_FINAL_NO_MEMORY_V1_R1_WITNESS_GATED_INFEASIBLE_RETRY,certified,PASS,,,21521ee8a5284c70fddf82e086dc71d731a93f70ece22c59316ebd05f574d46f,4103b0774c5b3bd04d539802892f0bab85eaea3bd903142321debbae96408fe6,1.0,19137905.85543848,4.0,1.0,1.0,1.0,1.0,0.5,0.9,f38a5c48a6893ae7f8d6b25bc3499df6510cf5cdd541d98643c680b59343102a,3,2,2,a9373e75d310ae93111c48495ab3eee798833af618d58f43bdaba85cc49b0ea6,P1,False,False,False,Q[Water+Vaccine]|F[NONE],1231866555.1965904,1231866555.1965904,19137905.85543848,0.0,0.0,19137905.85543848,h09,5,Katrina,1212728649.341152,0.0,1212728649.341152,1871246588.2678418,0.0,19137905.85543848,0.0,1.0,1.0,0.0,0.0,0.0,17745663.72808323,0.0,NONE,1,0,0,True,False,False,0.0,0.0,530246.9102912714,0.0,NONE,0,1,0,True,False,False,0.0,9246588.26784191,0.0,0.0,NONE,1,0,0,False,False,False,0.0,1862000000.0,f529c98350ce9488796560fc9ae43e7ec9c2698357d1012c681eb1b54ba45b6e,E3B,LA-0009,9,0.4846061686839823,1.2384835472657294,0.23161783770325162,0.44442365034591785,0.10204689175903321,0.3349490361938774,Medium,Unfavorable,LA-0169,LA-0374,0.0,514702089.341152,698026560.0,False,0,0.0,False,0,0
E3B_MEDIUM_UNFAVORABLE,LA-0787,787,c07770a6a5daf4bfdff983037c9831ee79d17e09ffdffb14cdf87cb7e253a835,M2,A1_FINAL_NO_MEMORY_V1,A1_FINAL_NO_MEMORY_V1_R1_WITNESS_GATED_INFEASIBLE_RETRY,certified,PASS,,,d2f6b572e8d2bed29f1c80a00128835cee0c6c18d50a4b750b6998e4e78c8f6a,d1c842f813285800475445255739eed37ea3040961a7bebcb7943f5d4ba8aa0f,1.0,19137905.85543848,4.0,1.0,1.0,1.0,1.0,0.5,0.9,2d2339e1a59d1d20125a8c8e5a01d1875d93ab2e94cf527c964b2e259408e01c,3,2,2,82bb8f6e4a260b0d89d7d7928857dc9d08210c138d15bb67c0e2aea7956f77a2,P4,False,False,False,Q[NONE]|F[Crackers],1154579791.212222,1154579791.212222,0.0,2324850.6309487796,0.0,2324850.6309487796,h09,5,Katrina,1152254940.5812733,16813055.224489696,1135441885.3567836,1557776287.0775776,324181056.9868089,19137905.855438475,3.725290298461914e-09,0.9999999999999998,0.0,0.12147884144221138,0.0,0.8785211585577885,0.0,0.0,NONE,1,0,0,False,False,False,0.0,10400000.0,0.0,0.0,NONE,0,0,1,False,False,False,0.0,9557344.06438629,0.0,558444383.8710517,R0,1,0,0,False,True,False,324181056.9868089,1537818943.0131912,b1d6201310fc3cec0414701332d03cb1ae4a98941c44a2de5e2d4e5df087e74d,E3B,LA-0787,787,0.04442043912858402,0.553384162317791,0.23161783770325162,0.44442365034591785,0.10204689175903321,0.3349490361938774,Medium,Unfavorable,LA-0169,LA-0374,26944320.000000004,531999999.99999845,576497565.356785,False,0,558444383.8710517,False,0,0
E3B_MEDIUM_UNFAVORABLE,LA-0565,565,6b3ed578625072eaa3f19b9d6452714e37c3b34b053f93f8cdcd91db8bc5e379,M2,A1_FINAL_NO_MEMORY_V1,A1_FINAL_NO_MEMORY_V1_R1_WITNESS_GATED_INFEASIBLE_RETRY,certified,PASS,,,11e6f49612983a7ced3c5f535882c97f1b508e5bc167726f33622a71266c5097,66a074cf5d5d2ed845ae04eed3709423c4fffccc86f3b07e43a76aa9e169e874,1.0,19137905.85543848,4.0,1.0,1.0,1.0,1.0,0.5,0.9,6b228659637dfda345b1fd4a2990029b15c476b2c23702622310359f025873e8,3,2,2,7311ba9517a97a2156c612f88eb19f541b6022dc560de36a1df9979285e86294,P1,False,False,False,Q[Water+Vaccine]|F[NONE],1238358044.8164442,1238358044.8164442,19137905.855438426,0.0,0.0,19137905.855438426,h09,5,Katrina,1219220138.9610057,0.0,1219220138.9610057,1871363207.4403744,0.0,19137905.855438426,5.21540641784668e-08,0.9999999999999972,0.9999999999999972,0.0,0.0,0.0,20874605.662193775,0.0,NONE,1,0,0,True,False,False,0.0,0.0,389665.91065729165,0.0,NONE,0,0,1,True,False,False,0.0,9363207.440374494,0.0,0.0,NONE,1,0,0,False,False,False,0.0,1862000000.0,ba9efd5e705fcdee2804c3b050548a6486ac0c666562306321d5a74f21b7f9ee,E3B,LA-0565,565,0.39032822510799303,1.4534225270759227,0.23161783770325162,0.44442365034591785,0.10204689175903321,0.3349490361938774,Medium,Unfavorable,LA-0169,LA-0374,0.0,521193578.9610058,698026560.0,False,0,0.0,False,0,0
E3B_MEDIUM_UNFAVORABLE,LA-0119,119,9ded5c68cd0b0e99a38f9cc7db3512579bf1729d3fa5267c87d43e99ff82e3ee,M2,A1_FINAL_NO_MEMORY_V1,A1_FINAL_NO_MEMORY_V1_R1_WITNESS_GATED_INFEASIBLE_RETRY,certified,PASS,,,4f706204d179cb8619c43e2468b1b416cc15fcd75b4c9e4d0af64a40597923ea,d433c5b8445baeda5ef5d0d96c5773a0670a26cce6dad064a2bc023822cdcc26,1.0,19137905.85543848,4.0,1.0,1.0,1.0,1.0,0.5,0.9,51b38037e23ab4d8829e2677eee138ed264f744c0ab70fd185d7df385f4630e0,3,2,2,c7a4aac4a0fdf5d7843039e1c1576d6b86e361034bbe122592f469c8a1789867,P4,False,False,False,Q[NONE]|F[Water+Crackers],1164192552.882877,1164192552.882877,0.0,1463481.312563518,0.0,1463481.312563518,h09,5,Katrina,1162729071.5703137,17674424.542874962,1145054647.0274386,1644893043.561399,237064300.50298733,19137905.85543848,0.0,1.0,0.0,0.0764702953195705,0.0,0.9235297046804296,0.0,17915363.859447412,R0,1,0,0,False,True,False,10400000.0,0.0,0.0,0.0,NONE,0,0,1,False,False,False,0.0,9557344.06438629,0.0,390458982.44789875,R0,1,0,0,False,True,False,226664300.50298733,1635335699.4970126,8a75e4f2600dde3c61d4bff1d4d5dab1b495bec7b456e495a5aabcfe0bc8069c,E3B,LA-0119,119,0.03036419662908949,0.6317019103817926,0.23161783770325162,0.44442365034591785,0.10204689175903321,0.3349490361938774,Medium,Unfavorable,LA-0169,LA-0374,0.0,531999999.99999845,613054647.0274401,False,0,408374346.30734617,False,0,0
E3B_MEDIUM_UNFAVORABLE,LA-0938,938,076847df596d6eff65d44a5956999e1640785296725219e3ae7ee004a30c6793,M2,A1_FINAL_NO_MEMORY_V1,A1_FINAL_NO_MEMORY_V1_R1_WITNESS_GATED_INFEASIBLE_RETRY,certified,PASS,,,02eab2e35a438b0271983fae73ee3c1de2380e840361ef9c0fe4972fa0c8efd4,1340ec89fd1ec9d63c86ca05f04b72d7d77d13212a4801398e299c5421fd6fc3,1.0,19137905.85543848,4.0,1.0,1.0,1.0,1.0,0.5,0.9,34086b6030a1b284588f5846b6774a120ef07c32337d6c14bdf1f0ed23b21704,3,2,2,6396aad459e6195a26d357b070d46cf7a4c3b5390c0ce693de5a3294d524f199,P4,False,False,False,Q[NONE]|F[Crackers],1217277308.6733913,1217277308.6733913,0.0,7379555.0990953045,0.0,7379555.0990953045,h09,5,Katrina,1209897753.574296,11758350.756343171,1198139402.8179529,1725023185.981678,156934158.08270824,19137905.855438475,3.725290298461914e-09,0.9999999999999998,0.0,0.3855988818650309,0.0,0.614401118134969,0.0,0.0,NONE,1,0,0,False,False,False,0.0,10400000.0,0.0,0.0,NONE,0,1,0,False,False,False,0.0,9557344.06438629,0.0,270339667.69497675,R0,1,0,0,False,True,False,156934158.08270824,1705065841.9172916,15539a80a2d277d3dff9484fca21908da5bb4835f27d95fb29a8ba0b9d07340a,E3B,LA-0938,938,0.2912648817176901,0.7994598347383746,0.23161783770325162,0.44442365034591785,0.10204689175903321,0.3349490361938774,Medium,Unfavorable,LA-0169,LA-0374,26944320.000000004,531999999.99999845,639195082.8179543,False,0,270339667.69497675,False,0,0
E3B_MEDIUM_UNFAVORABLE,LA-0240,240,456ab94e95f6c4c22089c52fc66aa76bff495fbe9e7b34fc46077478105cafdc,M2,A1_FINAL_NO_MEMORY_V1,A1_FINAL_NO_MEMORY_V1_R1_WITNESS_GATED_INFEASIBLE_RETRY,certified,PASS,,,deda02d66d02e6195e934f7420c5b34f642c561ff08823628340fa01c369058c,1377d5f61d3d8a2fe7b3f2201368bae0888234bfac0d163657de8c8c68a3dd4c,1.0,19137905.85543848,4.0,1.0,1.0,1.0,1.0,0.5,0.9,465fa76941d5a0c8592eae213bb70c44fc47e9025f474157c8219205fcbe1ad8,3,2,2,1906539866d5f8f39e30b4c5b725769b30c58cb435906d5c8437fe62cf2f01b3,P4,False,False,False,Q[NONE]|F[Water+Crackers],1179653515.3120015,1179653515.3120015,0.0,4603094.465155411,0.0,4603094.465155411,h09,5,Katrina,1175050420.846846,14534811.390283067,1160515609.456563,1686135474.2835617,195821869.78082463,19137905.85543848,0.0,1.0,0.0,0.24052236958033393,0.0,0.759477630419666,0.0,17915363.859447412,R0,1,0,0,False,True,False,10399999.999999993,7.450580596923828e-09,0.0,0.0,NONE,0,0,1,False,False,False,0.0,9557344.06438629,0.0,319413486.98293746,R0,1,0,0,False,True,False,185421869.78082463,1676578130.2191753,c4e03649ecbc9fde3904ab58e247c5f1e2d0df433100f656760cbaa756bbfc81,E3B,LA-0240,240,0.11081323197233287,0.602758617891711,0.23161783770325162,0.44442365034591785,0.10204689175903321,0.3349490361938774,Medium,Unfavorable,LA-0169,LA-0374,1.9302964210510255e-08,531999999.99999845,628515609.4565644,False,0,337328850.8423849,False,0,0
E3B_MEDIUM_UNFAVORABLE,LA-0464,464,68d187af8c67b9ff2c2e8b77cfc61c7c43e85627ac77e90547a7fe6bee08e884,M2,A1_FINAL_NO_MEMORY_V1,A1_FINAL_NO_MEMORY_V1_R1_WITNESS_GATED_INFEASIBLE_RETRY,certified,PASS,,,a6526ebd8f471d90ec7f1426f349d6140035844670fb8795241b7a82f757b344,9490680dce27d436ddc08fc4d4dbe50ba81d2d16421abe5972f123ccd377a897,1.0,19137905.85543848,4.0,1.0,1.0,1.0,1.0,0.5,0.9,be14fb55d0fcfad92dc1fbbac09adcca54ef5288045948e7b5f7aa9f23036b8b,3,2,2,c6f7cb84b20df02eef5fa2cf2cb93e07672de77083aa16375139f3d315c464ae,P4,False,False,False,Q[NONE]|F[Crackers],1209502011.69047,1209502011.69047,0.0,8338949.569117452,0.0,8338949.569117452,h09,5,Katrina,1201163062.1213524,10798956.286321023,1190364105.8350315,1704282423.6499417,177674920.41444463,19137905.855438475,3.725290298461914e-09,0.9999999999999998,0.0,0.43572946967694204,0.0,0.5642705303230579,0.0,0.0,NONE,1,0,0,False,False,False,0.0,10400000.0,0.0,0.0,NONE,0,0,1,False,False,False,0.0,9557344.06438629,0.0,306068350.76184005,R0,1,0,0,False,True,False,177674920.41444463,1684325079.5855553,bf3ef7664eb6cac8acf5f1cfaad81272133d4b3aa9f0e55e3c11d1bf40fb08cc,E3B,LA-0464,464,0.29071045048678223,0.6485199994568074,0.23161783770325162,0.44442365034591785,0.10204689175903321,0.3349490361938774,Medium,Unfavorable,LA-0169,LA-0374,26944320.000000004,531999999.99999845,631419785.8350329,False,0,306068350.76184005,False,0,0
E3B_MEDIUM_UNFAVORABLE,LA-0860,860,ca94af9af335cb451dda82a8bac72ed429bc747d43fec3dadef9d1f81ec9bc59,M2,A1_FINAL_NO_MEMORY_V1,A1_FINAL_NO_MEMORY_V1_R1_WITNESS_GATED_INFEASIBLE_RETRY,certified,PASS,,,10c75a3690383020a1f7601cdb638ce0e0b725e9b587920990ff3597243f0e24,6beaeb4d502e74f89454c12feedfc34c192cd6cbc53e225538e7457005e4e004,1.0,19137905.85543848,4.0,1.0,1.0,1.0,1.0,0.5,0.9,b29d8fa9fbaaa8e05258efe2c98f09bddbb47f2e554a817eaef8820fdc5ef3fa,3,2,2,00b7eac6cc2480677e556e8c9e38951926cf09fb785f2a336f2d3a2e81b65f36,P4,False,False,False,Q[NONE]|F[Water+Vaccine],1223891018.2932427,1223891018.2932427,0.0,2315063.5563028953,0.0,2315063.5563028953,h09,5,Katrina,1221575954.73694,16822842.29913558,1204753112.4378042,1871103308.286106,10854035.778280294,19137905.855438475,3.725290298461914e-09,0.9999999999999998,0.0,0.12096744407617704,0.0,0.8790325559238228,0.0,17915363.859447412,R0,1,0,0,False,True,False,10400000.0,0.0,0.0,782136.1704902743,R0,1,0,0,False,True,False,454035.77828029374,9103308.286105996,0.0,0.0,NONE,1,0,0,False,False,False,0.0,1862000000.0,62c94fcf06c7d67ff81ae4853c25df1cd9dfb559e846265118c0afbee159a4f5,E3B,LA-0860,860,0.10294667286009385,1.288668059514313,0.23161783770325162,0.44442365034591785,0.10204689175903321,0.3349490361938774,Medium,Unfavorable,LA-0169,LA-0374,0.0,506726552.43780416,698026560.0,False,0,18697500.02993769,False,0,0
E3B_MEDIUM_UNFAVORABLE,LA-0789,789,dd409690bb74eddb2067923113a702a5d5efd305aeab1ebf4a34374bda2af1e1,M2,A1_FINAL_NO_MEMORY_V1,A1_FINAL_NO_MEMORY_V1_R1_WITNESS_GATED_INFEASIBLE_RETRY,certified,PASS,,,1f8493e36e4f7cb7698a9e4145119b066743b8d396a6a434701b14fcf84a6068,d73d908834f86bd336233a4582d1ddbed63f626e4416d710b424c00834ff9853,1.0,19137905.85543848,4.0,1.0,1.0,1.0,1.0,0.5,0.9,7d6d1cc63c189906aa6c366b697d6f079413851b864a52659e5a8a597ce09ab6,3,2,2,aef367d210a1a4a7041fac00c634e7a96f40429c97226d7c6ccbd0129c3540bd,P4,False,False,False,Q[NONE]|F[Water+Crackers],1213766330.9034722,1213766330.9034722,0.0,5164626.950489364,0.0,5164626.950489364,h09,5,Katrina,1208601703.952983,13973278.904949114,1194628425.0480337,1777132101.4481764,104825242.61621004,19137905.85543848,0.0,1.0,0.0,0.26986374525516416,0.0,0.7301362547448358,0.0,17915363.859447412,R0,1,0,0,False,True,False,10399999.999999998,3.725290298461914e-09,0.0,0.0,NONE,0,0,1,False,False,False,0.0,9557344.06438629,0.0,162659863.36403874,R0,1,0,0,False,True,False,94425242.61621004,1767574757.38379,51a968ae552e3de6782db45bbc1aa7a81d1deaed7b6d58d67ad364ca64cab5e4,E3B,LA-0789,789,0.19236353731953118,0.8965498016217422,0.23161783770325162,0.44442365034591785,0.10204689175903321,0.3349490361938774,Medium,Unfavorable,LA-0169,LA-0374,9.651482105255128e-09,531999999.99999845,662628425.0480351,False,0,180575227.22348616,False,0,0
E3B_MEDIUM_UNFAVORABLE,LA-0748,748,9a72f3547ad420b3e1d2e7053e1d79f70af5c5fc4cd6b8bcc8ac8d7264672ac3,M2,A1_FINAL_NO_MEMORY_V1,A1_FINAL_NO_MEMORY_V1_R1_WITNESS_GATED_INFEASIBLE_RETRY,certified,PASS,,,66397fbc67790902bf766d3129f85597ca2e3e1720095e3a7d870c6c9bdd404c,d9345652d866a90e9daf2249fc25746c0a63997790b59ab9da5a90938eb6ad39,1.0,19137905.85543848,4.0,1.0,1.0,1.0,1.0,0.5,0.9,210573aa256f527b266db3035b2f62601f1fdf4f7ab698938d7c1040fa3a6408,3,2,2,fe8ba970ec09632836da709be7994a91b5bb448a0628baa031184c4823b65afb,P4,False,False,False,Q[NONE]|F[Vaccine],1220941410.242692,1220941410.242692,0.0,3886271.4524750174,0.0,3886271.4524750174,h09,5,Katrina,1217055138.790217,15251634.40296346,1201803504.3872535,1880966265.8879573,991078.1764290193,19137905.85543848,0.0,1.0,0.0,0.20306670342255045,0.0,0.7969332965774495,0.0,0.0,NONE,1,0,0,False,False,False,0.0,10400000.0,0.0,1707262.1292195672,R0,1,0,0,False,True,False,991078.1764290193,8566265.887957271,0.0,0.0,NONE,1,0,0,False,False,False,0.0,1862000000.0,51016de06185aaae2757d5bce8d5ab55d7e84894b88828f6196a593ed0b88569,E3B,LA-0748,748,0.1635755937846453,1.1058444766359328,0.23161783770325162,0.44442365034591785,0.10204689175903321,0.3349490361938774,Medium,Unfavorable,LA-0169,LA-0374,26944320.000000004,476832624.3872536,698026560.0,False,0,1707262.1292195672,False,0,0
