panel_index,simulation_id,E3B_LOW_UNFAVORABLE_policy_label,E3B_LOW_UNFAVORABLE_T_COST,E3B_LOW_UNFAVORABLE_C_Q,E3B_LOW_UNFAVORABLE_C_F,E3B_LOW_UNFAVORABLE_C_R,E3B_LOW_UNFAVORABLE_first_stage_cost,E3B_LOW_UNFAVORABLE_worst_exercise_cost,E3B_LOW_UNFAVORABLE_worst_shortage_penalty,E3B_LOW_UNFAVORABLE_budget_usage,E3B_LOW_UNFAVORABLE_worst_scenario,E3B_LOW_UNFAVORABLE_Q_Vaccine,E3B_LOW_UNFAVORABLE_F_Vaccine,E3B_LOW_UNFAVORABLE_R_Vaccine,E3B_LOW_UNFAVORABLE_paid_R_Vaccine,E3B_LOW_UNFAVORABLE_R_level_numeric_Vaccine,E3B_LOW_UNFAVORABLE_worst_shortage_Vaccine,E3B_LOW_UNFAVORABLE_shortage_loss_Vaccine,E3B_LOW_UNFAVORABLE_F_total,E3B_LOW_UNFAVORABLE_paid_R_any,E3B_LOW_UNFAVORABLE_R1_item_count,E3B_LOW_UNFAVORABLE_R2_item_count,E3B_LOW_REFERENCE_policy_label,E3B_LOW_REFERENCE_T_COST,E3B_LOW_REFERENCE_C_Q,E3B_LOW_REFERENCE_C_F,E3B_LOW_REFERENCE_C_R,E3B_LOW_REFERENCE_first_stage_cost,E3B_LOW_REFERENCE_worst_exercise_cost,E3B_LOW_REFERENCE_worst_shortage_penalty,E3B_LOW_REFERENCE_budget_usage,E3B_LOW_REFERENCE_worst_scenario,E3B_LOW_REFERENCE_Q_Vaccine,E3B_LOW_REFERENCE_F_Vaccine,E3B_LOW_REFERENCE_R_Vaccine,E3B_LOW_REFERENCE_paid_R_Vaccine,E3B_LOW_REFERENCE_R_level_numeric_Vaccine,E3B_LOW_REFERENCE_worst_shortage_Vaccine,E3B_LOW_REFERENCE_shortage_loss_Vaccine,E3B_LOW_REFERENCE_F_total,E3B_LOW_REFERENCE_paid_R_any,E3B_LOW_REFERENCE_R1_item_count,E3B_LOW_REFERENCE_R2_item_count,E3B_LOW_FAVORABLE_policy_label,E3B_LOW_FAVORABLE_T_COST,E3B_LOW_FAVORABLE_C_Q,E3B_LOW_FAVORABLE_C_F,E3B_LOW_FAVORABLE_C_R,E3B_LOW_FAVORABLE_first_stage_cost,E3B_LOW_FAVORABLE_worst_exercise_cost,E3B_LOW_FAVORABLE_worst_shortage_penalty,E3B_LOW_FAVORABLE_budget_usage,E3B_LOW_FAVORABLE_worst_scenario,E3B_LOW_FAVORABLE_Q_Vaccine,E3B_LOW_FAVORABLE_F_Vaccine,E3B_LOW_FAVORABLE_R_Vaccine,E3B_LOW_FAVORABLE_paid_R_Vaccine,E3B_LOW_FAVORABLE_R_level_numeric_Vaccine,E3B_LOW_FAVORABLE_worst_shortage_Vaccine,E3B_LOW_FAVORABLE_shortage_loss_Vaccine,E3B_LOW_FAVORABLE_F_total,E3B_LOW_FAVORABLE_paid_R_any,E3B_LOW_FAVORABLE_R1_item_count,E3B_LOW_FAVORABLE_R2_item_count,E3B_MEDIUM_UNFAVORABLE_policy_label,E3B_MEDIUM_UNFAVORABLE_T_COST,E3B_MEDIUM_UNFAVORABLE_C_Q,E3B_MEDIUM_UNFAVORABLE_C_F,E3B_MEDIUM_UNFAVORABLE_C_R,E3B_MEDIUM_UNFAVORABLE_first_stage_cost,E3B_MEDIUM_UNFAVORABLE_worst_exercise_cost,E3B_MEDIUM_UNFAVORABLE_worst_shortage_penalty,E3B_MEDIUM_UNFAVORABLE_budget_usage,E3B_MEDIUM_UNFAVORABLE_worst_scenario,E3B_MEDIUM_UNFAVORABLE_Q_Vaccine,E3B_MEDIUM_UNFAVORABLE_F_Vaccine,E3B_MEDIUM_UNFAVORABLE_R_Vaccine,E3B_MEDIUM_UNFAVORABLE_paid_R_Vaccine,E3B_MEDIUM_UNFAVORABLE_R_level_numeric_Vaccine,E3B_MEDIUM_UNFAVORABLE_worst_shortage_Vaccine,E3B_MEDIUM_UNFAVORABLE_shortage_loss_Vaccine,E3B_MEDIUM_UNFAVORABLE_F_total,E3B_MEDIUM_UNFAVORABLE_paid_R_any,E3B_MEDIUM_UNFAVORABLE_R1_item_count,E3B_MEDIUM_UNFAVORABLE_R2_item_count,E3B_MEDIUM_REFERENCE_policy_label,E3B_MEDIUM_REFERENCE_T_COST,E3B_MEDIUM_REFERENCE_C_Q,E3B_MEDIUM_REFERENCE_C_F,E3B_MEDIUM_REFERENCE_C_R,E3B_MEDIUM_REFERENCE_first_stage_cost,E3B_MEDIUM_REFERENCE_worst_exercise_cost,E3B_MEDIUM_REFERENCE_worst_shortage_penalty,E3B_MEDIUM_REFERENCE_budget_usage,E3B_MEDIUM_REFERENCE_worst_scenario,E3B_MEDIUM_REFERENCE_Q_Vaccine,E3B_MEDIUM_REFERENCE_F_Vaccine,E3B_MEDIUM_REFERENCE_R_Vaccine,E3B_MEDIUM_REFERENCE_paid_R_Vaccine,E3B_MEDIUM_REFERENCE_R_level_numeric_Vaccine,E3B_MEDIUM_REFERENCE_worst_shortage_Vaccine,E3B_MEDIUM_REFERENCE_shortage_loss_Vaccine,E3B_MEDIUM_REFERENCE_F_total,E3B_MEDIUM_REFERENCE_paid_R_any,E3B_MEDIUM_REFERENCE_R1_item_count,E3B_MEDIUM_REFERENCE_R2_item_count,E3B_MEDIUM_FAVORABLE_policy_label,E3B_MEDIUM_FAVORABLE_T_COST,E3B_MEDIUM_FAVORABLE_C_Q,E3B_MEDIUM_FAVORABLE_C_F,E3B_MEDIUM_FAVORABLE_C_R,E3B_MEDIUM_FAVORABLE_first_stage_cost,E3B_MEDIUM_FAVORABLE_worst_exercise_cost,E3B_MEDIUM_FAVORABLE_worst_shortage_penalty,E3B_MEDIUM_FAVORABLE_budget_usage,E3B_MEDIUM_FAVORABLE_worst_scenario,E3B_MEDIUM_FAVORABLE_Q_Vaccine,E3B_MEDIUM_FAVORABLE_F_Vaccine,E3B_MEDIUM_FAVORABLE_R_Vaccine,E3B_MEDIUM_FAVORABLE_paid_R_Vaccine,E3B_MEDIUM_FAVORABLE_R_level_numeric_Vaccine,E3B_MEDIUM_FAVORABLE_worst_shortage_Vaccine,E3B_MEDIUM_FAVORABLE_shortage_loss_Vaccine,E3B_MEDIUM_FAVORABLE_F_total,E3B_MEDIUM_FAVORABLE_paid_R_any,E3B_MEDIUM_FAVORABLE_R1_item_count,E3B_MEDIUM_FAVORABLE_R2_item_count,E3B_HIGH_UNFAVORABLE_policy_label,E3B_HIGH_UNFAVORABLE_T_COST,E3B_HIGH_UNFAVORABLE_C_Q,E3B_HIGH_UNFAVORABLE_C_F,E3B_HIGH_UNFAVORABLE_C_R,E3B_HIGH_UNFAVORABLE_first_stage_cost,E3B_HIGH_UNFAVORABLE_worst_exercise_cost,E3B_HIGH_UNFAVORABLE_worst_shortage_penalty,E3B_HIGH_UNFAVORABLE_budget_usage,E3B_HIGH_UNFAVORABLE_worst_scenario,E3B_HIGH_UNFAVORABLE_Q_Vaccine,E3B_HIGH_UNFAVORABLE_F_Vaccine,E3B_HIGH_UNFAVORABLE_R_Vaccine,E3B_HIGH_UNFAVORABLE_paid_R_Vaccine,E3B_HIGH_UNFAVORABLE_R_level_numeric_Vaccine,E3B_HIGH_UNFAVORABLE_worst_shortage_Vaccine,E3B_HIGH_UNFAVORABLE_shortage_loss_Vaccine,E3B_HIGH_UNFAVORABLE_F_total,E3B_HIGH_UNFAVORABLE_paid_R_any,E3B_HIGH_UNFAVORABLE_R1_item_count,E3B_HIGH_UNFAVORABLE_R2_item_count,E3B_HIGH_REFERENCE_policy_label,E3B_HIGH_REFERENCE_T_COST,E3B_HIGH_REFERENCE_C_Q,E3B_HIGH_REFERENCE_C_F,E3B_HIGH_REFERENCE_C_R,E3B_HIGH_REFERENCE_first_stage_cost,E3B_HIGH_REFERENCE_worst_exercise_cost,E3B_HIGH_REFERENCE_worst_shortage_penalty,E3B_HIGH_REFERENCE_budget_usage,E3B_HIGH_REFERENCE_worst_scenario,E3B_HIGH_REFERENCE_Q_Vaccine,E3B_HIGH_REFERENCE_F_Vaccine,E3B_HIGH_REFERENCE_R_Vaccine,E3B_HIGH_REFERENCE_paid_R_Vaccine,E3B_HIGH_REFERENCE_R_level_numeric_Vaccine,E3B_HIGH_REFERENCE_worst_shortage_Vaccine,E3B_HIGH_REFERENCE_shortage_loss_Vaccine,E3B_HIGH_REFERENCE_F_total,E3B_HIGH_REFERENCE_paid_R_any,E3B_HIGH_REFERENCE_R1_item_count,E3B_HIGH_REFERENCE_R2_item_count,E3B_HIGH_FAVORABLE_policy_label,E3B_HIGH_FAVORABLE_T_COST,E3B_HIGH_FAVORABLE_C_Q,E3B_HIGH_FAVORABLE_C_F,E3B_HIGH_FAVORABLE_C_R,E3B_HIGH_FAVORABLE_first_stage_cost,E3B_HIGH_FAVORABLE_worst_exercise_cost,E3B_HIGH_FAVORABLE_worst_shortage_penalty,E3B_HIGH_FAVORABLE_budget_usage,E3B_HIGH_FAVORABLE_worst_scenario,E3B_HIGH_FAVORABLE_Q_Vaccine,E3B_HIGH_FAVORABLE_F_Vaccine,E3B_HIGH_FAVORABLE_R_Vaccine,E3B_HIGH_FAVORABLE_paid_R_Vaccine,E3B_HIGH_FAVORABLE_R_level_numeric_Vaccine,E3B_HIGH_FAVORABLE_worst_shortage_Vaccine,E3B_HIGH_FAVORABLE_shortage_loss_Vaccine,E3B_HIGH_FAVORABLE_F_total,E3B_HIGH_FAVORABLE_paid_R_any,E3B_HIGH_FAVORABLE_R1_item_count,E3B_HIGH_FAVORABLE_R2_item_count,row_sha256
1,LA-0914,P4,1204597997.444679,0.0,5414626.3363216575,0.0,5414626.3363216575,13723279.51911682,1185460091.5892406,1.0,h09,0.0,0.0,NONE,False,0,9557344.06438629,531999999.99999845,181899515.829353,False,0,0,P4,1204597997.444679,0.0,5414626.3363216575,0.0,5414626.3363216575,13723279.51911682,1185460091.5892406,1.0,h09,0.0,0.0,NONE,False,0,9557344.06438629,531999999.99999845,181899515.829353,False,0,0,P4,1204597997.444679,0.0,5414626.3363216575,0.0,5414626.3363216575,13723279.51911682,1185460091.5892406,1.0,h09,0.0,0.0,NONE,False,0,9557344.06438629,531999999.99999845,181899515.829353,False,0,0,P4,1208865847.0229347,0.0,6233648.109253715,0.0,6233648.109253715,12904257.746184763,1189727941.1674962,1.0,h09,0.0,0.0,NONE,False,0,9557344.06438629,531999999.99999845,203093702.82983032,False,0,0,P4,1208865847.0229347,0.0,6233648.109253715,0.0,6233648.109253715,12904257.746184763,1189727941.1674962,1.0,h09,0.0,0.0,NONE,False,0,9557344.06438629,531999999.99999845,203093702.82983032,False,0,0,P4,1208865847.0229347,0.0,6233648.109253715,0.0,6233648.109253715,12904257.746184763,1189727941.1674962,1.0,h09,0.0,0.0,NONE,False,0,9557344.06438629,531999999.99999845,203093702.82983032,False,0,0,P4,1212369344.6019046,0.0,6905986.893921927,0.0,6905986.893921927,12231918.961516552,1193231438.7464662,1.0,h09,0.0,0.0,NONE,False,0,9557344.06438629,531999999.99999845,218550070.84810424,False,0,0,P4,1212369344.6019046,0.0,6905986.893921927,0.0,6905986.893921927,12231918.961516552,1193231438.7464662,1.0,h09,0.0,0.0,NONE,False,0,9557344.06438629,531999999.99999845,218550070.84810424,False,0,0,P4,1212369344.6019046,0.0,6905986.893921927,0.0,6905986.893921927,12231918.961516552,1193231438.7464662,1.0,h09,0.0,0.0,NONE,False,0,9557344.06438629,531999999.99999845,218550070.84810424,False,0,0,55b3833b1925685b7ca7dcb19a244585287dcd90d730fd780ec86f0ac74ecdbe
2,LA-0802,P4,1230888281.7092593,0.0,5758902.288287725,0.0,5758902.288287725,13379003.567150753,1211750375.8538208,1.0,h09,0.0,0.0,NONE,False,0,9557344.06438629,531999999.99999845,83226901.9794075,False,0,0,P4,1230888281.7092593,0.0,5758902.288287725,0.0,5758902.288287725,13379003.567150753,1211750375.8538208,1.0,h09,0.0,0.0,NONE,False,0,9557344.06438629,531999999.99999845,83226901.9794075,False,0,0,P4,1230888281.7092593,0.0,5758902.288287725,0.0,5758902.288287725,13379003.567150753,1211750375.8538208,1.0,h09,0.0,0.0,NONE,False,0,9557344.06438629,531999999.99999845,83226901.9794075,False,0,0,P4,1233747842.0457833,0.0,6604935.933095517,0.0,6604935.933095517,12532969.92234296,1214609936.1903448,1.0,h09,0.0,1286024.8820676615,R0,False,0,8810797.19665685,490444215.1547069,1821377.632155402,False,0,0,P4,1233747842.0457833,0.0,6604935.933095517,0.0,6604935.933095517,12532969.92234296,1214609936.1903448,1.0,h09,0.0,1286024.8820676615,R0,False,0,8810797.19665685,490444215.1547069,1821377.632155402,False,0,0,P4,1233747842.0457833,0.0,6604935.933095517,0.0,6604935.933095517,12532969.92234296,1214609936.1903448,1.0,h09,0.0,1286024.8820676615,R0,False,0,8810797.19665685,490444215.1547069,1821377.632155402,False,0,0,P4,1236079159.5889647,0.0,7294682.903309751,0.0,7294682.903309751,11843222.952128727,1216941253.7335262,1.0,h09,0.0,0.0,NONE,False,0,9557344.06438629,531999999.99999845,91214397.66374777,False,0,0,P4,1236079159.5889647,0.0,7294682.903309751,0.0,7294682.903309751,11843222.952128727,1216941253.7335262,1.0,h09,0.0,0.0,NONE,False,0,9557344.06438629,531999999.99999845,91214397.66374777,False,0,0,P4,1236079159.5889647,0.0,7294682.903309751,0.0,7294682.903309751,11843222.952128727,1216941253.7335262,1.0,h09,0.0,0.0,NONE,False,0,9557344.06438629,531999999.99999845,91214397.66374777,False,0,0,b1531e697cf2cddc68708e11ee2bd743c9919884a6f2d951581047d6d4636ede
3,LA-0642,P1,1221165897.9019191,19137905.85543848,0.0,0.0,19137905.85543848,0.0,1202027992.0464807,1.0,h09,688215.5357769008,0.0,NONE,False,0,9054351.6823527,504001432.04648066,0.0,False,0,0,P1,1221165897.9019191,19137905.85543848,0.0,0.0,19137905.85543848,0.0,1202027992.0464807,1.0,h09,688215.5357769008,0.0,NONE,False,0,9054351.6823527,504001432.04648066,0.0,False,0,0,P1,1221165897.9019191,19137905.85543848,0.0,0.0,19137905.85543848,0.0,1202027992.0464807,1.0,h09,688215.5357769008,0.0,NONE,False,0,9054351.6823527,504001432.04648066,0.0,False,0,0,P1,1221165897.9019191,19137905.85543848,0.0,0.0,19137905.85543848,0.0,1202027992.0464807,1.0,h09,688215.5357769008,0.0,NONE,False,0,9054351.6823527,504001432.04648066,0.0,False,0,0,P1,1221165897.9019191,19137905.85543848,0.0,0.0,19137905.85543848,0.0,1202027992.0464807,1.0,h09,688215.5357769008,0.0,NONE,False,0,9054351.6823527,504001432.04648066,0.0,False,0,0,P1,1221165897.9019191,19137905.85543848,0.0,0.0,19137905.85543848,0.0,1202027992.0464807,1.0,h09,688215.5357769008,0.0,NONE,False,0,9054351.6823527,504001432.04648066,0.0,False,0,0,P1,1221165897.9019191,19137905.85543848,0.0,0.0,19137905.85543848,0.0,1202027992.0464807,1.0,h09,688215.5357769008,0.0,NONE,False,0,9054351.6823527,504001432.04648066,0.0,False,0,0,P1,1221165897.9019191,19137905.85543848,0.0,0.0,19137905.85543848,0.0,1202027992.0464807,1.0,h09,688215.5357769008,0.0,NONE,False,0,9054351.6823527,504001432.04648066,0.0,False,0,0,P1,1221165897.9019191,19137905.85543848,0.0,0.0,19137905.85543848,0.0,1202027992.0464807,1.0,h09,688215.5357769008,0.0,NONE,False,0,9054351.6823527,504001432.04648066,0.0,False,0,0,ebbc236e41452cde73ebe7b9ea95c75ed16dcadaa492726f81468e01f5002c39
4,LA-0765,P4,1224813789.0359783,0.0,233340.61870715834,0.0,233340.61870715834,18904565.23673132,1205675883.1805398,1.0,h09,0.0,0.0,NONE,False,0,9557344.06438629,531999999.99999845,192520223.9224028,False,0,0,P4,1224813789.0359783,0.0,233340.61870715834,0.0,233340.61870715834,18904565.23673132,1205675883.1805398,1.0,h09,0.0,0.0,NONE,False,0,9557344.06438629,531999999.99999845,192520223.9224028,False,0,0,P4,1224813789.0359783,0.0,233340.61870715834,0.0,233340.61870715834,18904565.23673132,1205675883.1805398,1.0,h09,0.0,0.0,NONE,False,0,9557344.06438629,531999999.99999845,192520223.9224028,False,0,0,P4,1224953706.8565462,0.0,284906.7700029312,0.0,284906.7700029312,18852999.085435547,1205815801.0011077,1.0,h09,0.0,0.0,NONE,False,0,9557344.06438629,531999999.99999845,235065439.79301682,False,0,0,P4,1224953706.8565462,0.0,284906.77000293124,0.0,284906.77000293124,18852999.085435547,1205815801.0011077,1.0,h09,0.0,1558176.562314581,R0,False,0,8652811.152009735,481650079.9654699,2093529.3124023215,False,0,0,P4,1224953706.8565462,0.0,284906.77000293124,0.0,284906.77000293124,18852999.085435547,1205815801.0011077,1.0,h09,0.0,1583093.7781978685,R0,False,0,8638346.525601964,480844921.00110775,1583093.7781978685,False,0,0,P4,1225081896.5620434,0.0,332150.57155292196,0.0,332150.57155292196,18805755.283885557,1205943990.706605,1.0,h09,0.0,0.0,NONE,False,0,9557344.06438629,531999999.99999845,274044453.83585036,False,0,0,P4,1225081896.5620434,0.0,332150.57155292196,0.0,332150.57155292196,18805755.283885557,1205943990.706605,1.0,h09,0.0,0.0,NONE,False,0,9557344.06438629,531999999.99999845,274044453.83585036,False,0,0,P4,1225081896.5620434,0.0,332150.57155292196,0.0,332150.57155292196,18805755.283885557,1205943990.706605,1.0,h09,0.0,0.0,NONE,False,0,9557344.06438629,531999999.99999845,274044453.83585036,False,0,0,43bc7d6831445c480dc250dcd206508697ea68e08aae22e658c37aa622bc8524
5,LA-0334,P4,1224526574.2936554,0.0,541328.4823721176,0.0,541328.4823721176,18596577.37306636,1205388668.438217,0.9999999999999998,h09,0.0,0.0,NONE,False,0,9557344.06438629,531999999.99999845,193598197.4078178,False,0,0,P4,1224526574.2936554,0.0,541328.4823721176,0.0,541328.4823721176,18596577.37306636,1205388668.438217,0.9999999999999998,h09,0.0,0.0,NONE,False,0,9557344.06438629,531999999.99999845,193598197.4078178,False,0,0,P4,1224526574.2936554,0.0,541328.4823721176,0.0,541328.4823721176,18596577.37306636,1205388668.438217,0.9999999999999998,h09,0.0,0.0,NONE,False,0,9557344.06438629,531999999.99999845,193598197.4078178,False,0,0,P4,1224851817.1185174,0.0,658586.0247389845,0.0,658586.0247389845,18479319.830699492,1205713911.263079,1.0,h09,0.0,0.0,NONE,False,0,9557344.06438629,531999999.99999845,235533638.77831522,False,0,0,P4,1224851817.1185174,0.0,658586.0247389845,0.0,658586.0247389845,18479319.830699492,1205713911.263079,1.0,h09,0.0,0.0,NONE,False,0,9557344.06438629,531999999.99999845,235533638.77831522,False,0,0,P4,1224851817.1185174,0.0,658586.0247389845,0.0,658586.0247389845,18479319.830699492,1205713911.263079,1.0,h09,0.0,0.0,NONE,False,0,9557344.06438629,531999999.99999845,235533638.77831522,False,0,0,P4,1225147755.9767084,0.0,765278.8110196296,0.0,765278.8110196296,18372627.044418845,1206009850.12127,0.9999999999999998,h09,0.0,0.0,NONE,False,0,9557344.06438629,531999999.99999845,273690749.9833959,False,0,0,P4,1225147755.9767084,0.0,765278.8110196296,0.0,765278.8110196296,18372627.044418845,1206009850.12127,0.9999999999999998,h09,0.0,0.0,NONE,False,0,9557344.06438629,531999999.99999845,273690749.9833959,False,0,0,P4,1225147755.9767084,0.0,765278.8110196296,0.0,765278.8110196296,18372627.044418845,1206009850.12127,0.9999999999999998,h09,0.0,0.0,NONE,False,0,9557344.06438629,531999999.99999845,273690749.9833959,False,0,0,a08df1b8ce8541535eb5d757caf11feeebd6889732c735c495aab03aac7dafcd
6,LA-0396,P4,1199247702.0089693,0.0,5277511.56424482,0.0,5277511.56424482,13860394.291193657,1180109796.1535308,1.0,h09,0.0,0.0,NONE,False,0,9557344.06438629,531999999.99999845,201980228.16391522,False,0,0,P4,1199247702.0089693,0.0,5277511.56424482,0.0,5277511.56424482,13860394.291193657,1180109796.1535308,1.0,h09,0.0,0.0,NONE,False,0,9557344.06438629,531999999.99999845,201980228.16391522,False,0,0,P4,1199247702.0089693,0.0,5277511.56424482,0.0,5277511.56424482,13860394.291193657,1180109796.1535308,1.0,h09,0.0,0.0,NONE,False,0,9557344.06438629,531999999.99999845,201980228.16391522,False,0,0,P4,1203725470.0699959,0.0,6084989.520115406,0.0,6084989.520115406,13052916.335323073,1184587564.2145574,1.0,h09,0.0,0.0,NONE,False,0,9557344.06438629,531999999.99999845,226714523.92504606,False,0,0,P4,1203725470.0699959,0.0,6084989.520115406,0.0,6084989.520115406,13052916.335323073,1184587564.2145574,1.0,h09,0.0,0.0,NONE,False,0,9557344.06438629,531999999.99999845,226714523.92504606,False,0,0,P4,1203725470.0699959,0.0,6084989.520115406,0.0,6084989.520115406,13052916.335323073,1184587564.2145574,1.0,h09,0.0,0.0,NONE,False,0,9557344.06438629,531999999.99999845,226714523.92504606,False,0,0,P4,1207411434.296625,0.0,6749681.129543663,0.0,6749681.129543663,12388224.725894814,1188273528.4411862,1.0,h09,0.0,0.0,NONE,False,0,9557344.06438629,531999999.99999845,245176969.73597157,False,0,0,P4,1207411434.296625,0.0,6749681.129543663,0.0,6749681.129543663,12388224.725894814,1188273528.4411862,1.0,h09,0.0,0.0,NONE,False,0,9557344.06438629,531999999.99999845,245176969.73597157,False,0,0,P4,1207411434.296625,0.0,6749681.129543663,0.0,6749681.129543663,12388224.725894814,1188273528.4411862,1.0,h09,0.0,0.0,NONE,False,0,9557344.06438629,531999999.99999845,245176969.73597157,False,0,0,88bf3eaff8298aaa800832ae5cd4402aae5470e959c1eb3242c034396f5cf887
7,LA-0358,P4,1158843661.7505004,0.0,1444482.8317470897,0.0,1444482.8317470897,17693423.023691386,1139705755.895062,0.9999999999999998,h09,0.0,0.0,NONE,False,0,9557344.06438629,531999999.99999845,440119102.2670382,False,0,0,P4,1158843661.7505004,0.0,1444482.8317470897,0.0,1444482.8317470897,17693423.023691386,1139705755.895062,0.9999999999999998,h09,0.0,0.0,NONE,False,0,9557344.06438629,531999999.99999845,440119102.2670382,False,0,0,P4,1158843661.7505004,0.0,1444482.8317470897,0.0,1444482.8317470897,17693423.023691386,1139705755.895062,0.9999999999999998,h09,0.0,0.0,NONE,False,0,9557344.06438629,531999999.99999845,440119102.2670382,False,0,0,P4,1160796126.9319975,0.0,1739078.4556288058,0.0,1739078.4556288058,17398827.399809673,1141658221.076559,1.0,h09,0.0,0.0,NONE,False,0,9557344.06438629,531999999.99999845,423981444.86905843,False,0,0,P4,1160796126.9319978,0.0,1739078.4556288058,0.0,1739078.4556288058,17398827.399809673,1141658221.0765593,1.0,h09,0.0,3568575.3294039113,R0,False,0,7485759.935983026,416687341.0765592,3568575.3294039113,False,0,0,P4,1160796126.9319975,0.0,1739078.4556288058,0.0,1739078.4556288058,17398827.399809673,1141658221.076559,1.0,h09,0.0,0.0,NONE,False,0,9557344.06438629,531999999.99999845,423981444.86905843,False,0,0,P4,1162537686.3344252,0.0,2001851.7862608768,0.0,2001851.7862608768,17136054.0691776,1143399780.4789867,1.0,h09,0.0,0.0,NONE,False,0,9557344.06438629,531999999.99999845,486175430.0019133,False,0,0,P4,1162537686.3344252,0.0,2001851.7862608766,0.0,2001851.7862608766,17136054.069177598,1143399780.4789867,0.9999999999999998,h09,0.0,4076301.1215421744,R0,False,0,7532684.247256972,419299335.9393121,4752721.809307966,False,0,0,P4,1162537686.3344252,0.0,2001851.7862608768,0.0,2001851.7862608768,17136054.0691776,1143399780.4789867,1.0,h09,0.0,0.0,NONE,False,0,9557344.06438629,531999999.99999845,486175430.0019133,False,0,0,8a7e243292d3b5be1119b765baed373ec7ea12bb8b739399d2ca2eb0d1244958
8,LA-0467,P4,1212826733.7346513,0.0,10698428.830885107,0.0,10698428.830885107,8439477.024553372,1193688827.8792129,1.0,h09,0.0,0.0,NONE,False,0,9557344.06438629,531999999.99999845,237510002.92373902,False,0,0,P4,1212826733.7346513,0.0,10698428.830885107,0.0,10698428.830885107,8439477.024553372,1193688827.8792129,1.0,h09,0.0,0.0,NONE,False,0,9557344.06438629,531999999.99999845,237510002.92373902,False,0,0,P4,1212826733.7346513,0.0,10698428.830885107,0.0,10698428.830885107,8439477.024553372,1193688827.8792129,1.0,h09,0.0,0.0,NONE,False,0,9557344.06438629,531999999.99999845,237510002.92373902,False,0,0,P4,1219878302.5034225,0.0,11638846.383993419,0.0,11638846.383993419,7499059.471445058,1200740396.647984,1.0,h09,0.0,1740162.073477852,R0,False,0,8547167.22923225,475769516.64798397,1740162.073477852,False,0,0,P4,1219878302.5034225,0.0,11638846.383993419,0.0,11638846.383993419,7499059.471445058,1200740396.647984,1.0,h09,0.0,1740162.073477852,R0,False,0,8547167.22923225,475769516.64798397,1740162.073477852,False,0,0,P4,1219878302.5034225,0.0,11638846.383993419,0.0,11638846.383993419,7499059.471445058,1200740396.647984,1.0,h09,0.0,1740162.073477852,R0,False,0,8547167.22923225,475769516.64798397,1740162.073477852,False,0,0,P4,1224508957.2098684,0.0,10109862.690464703,2146541.16352191,12256403.853986613,6881502.001451865,1205371051.35443,1.0,h09,0.0,0.0,NONE,False,0,9557344.06438629,531999999.99999845,224443565.9784835,True,1,0,P4,1225048543.3934448,0.0,8028557.811134598,4299806.812872043,12328364.62400664,6809541.231431835,1205910637.5380063,0.9999999999999998,h09,0.0,1200375.994898833,R2,True,2,8640050.257581312,480939757.5380062,1200375.994898833,True,0,1,P4,1223618123.0105345,0.0,7372381.340321193,4765218.29499667,12137599.635317864,7000306.220120613,1204480217.155096,1.0,h09,0.0,0.0,NONE,False,0,9557344.06438629,531999999.99999845,163670230.58933973,True,0,1,a8a4c6fbfe50125d247d0907941faf5bb2b698851e55d6ddc56667baa20a5f4d
9,LA-0021,P4,1229241166.7502184,0.0,2834347.7455680454,0.0,2834347.7455680454,16303558.109870434,1210103260.89478,1.0,h09,0.0,0.0,NONE,False,0,9557344.06438629,531999999.99999845,89408848.76569119,False,0,0,P4,1229241166.7502184,0.0,2834347.745568045,0.0,2834347.745568045,16303558.109870432,1210103260.89478,1.0,h09,0.0,1184655.5748258138,R0,False,0,8715370.452981818,485132380.89478,1184655.5748258138,False,0,0,P4,1229241166.7502184,0.0,2834347.7455680454,0.0,2834347.7455680454,16303558.109870434,1210103260.89478,1.0,h09,0.0,0.0,NONE,False,0,9557344.06438629,531999999.99999845,89408848.76569119,False,0,0,P4,1230748209.673915,0.0,3358593.7463174337,0.0,3358593.7463174337,15779312.109121047,1211610303.8184764,1.0000000000000002,h09,0.0,0.0,NONE,False,0,9557344.06438629,531999999.99999845,208438809.94896552,False,0,0,P4,1230748209.673915,0.0,3358593.7463174337,0.0,3358593.7463174337,15779312.109121047,1211610303.8184764,1.0000000000000002,h09,0.0,0.0,NONE,False,0,9557344.06438629,531999999.99999845,208438809.94896552,False,0,0,P4,1230748209.673915,0.0,3358593.7463174337,0.0,3358593.7463174337,15779312.109121047,1211610303.8184764,1.0000000000000002,h09,0.0,0.0,NONE,False,0,9557344.06438629,531999999.99999845,208438809.94896552,False,0,0,P4,1232052915.3417597,0.0,3812453.897058777,0.0,3812453.897058777,15325451.9583797,1212915009.4863212,1.0,h09,0.0,0.0,NONE,False,0,9557344.06438629,531999999.99999845,236605976.5815811,False,0,0,P4,1232052915.3417597,0.0,3812453.897058776,0.0,3812453.897058776,15325451.958379703,1212915009.4863212,1.0,h09,0.0,1593468.8218759538,R0,False,0,8765883.326500451,487944129.48632115,1593468.8218759538,False,0,0,P4,1232052915.3417597,0.0,3812453.8970587766,0.0,3812453.8970587766,15325451.9583797,1212915009.4863212,1.0,h09,0.0,0.0,NONE,False,0,9557344.06438629,531999999.99999845,236605976.58158106,False,0,0,1c95f4b36b9f74738ef0b84082734570707b29a8557461811dbe8691b64b35cc
10,LA-0148,P2,1237696231.8679645,13348245.843086302,1996308.597890294,0.0,15344554.440976596,3793351.4144618823,1218558326.012526,1.0,h09,0.0,0.0,NONE,False,0,9557344.06438629,531999999.99999845,43042540.445682146,False,0,0,P2,1237696231.8679645,13348245.843086302,1996308.597890294,0.0,15344554.440976596,3793351.4144618823,1218558326.012526,1.0,h09,0.0,0.0,NONE,False,0,9557344.06438629,531999999.99999845,43042540.445682146,False,0,0,P2,1237696231.8679645,13348245.843086302,1996308.597890294,0.0,15344554.440976596,3793351.4144618823,1218558326.012526,1.0,h09,0.0,0.0,NONE,False,0,9557344.06438629,531999999.99999845,43042540.445682146,False,0,0,P1,1237882994.6648107,19137905.85543848,0.0,0.0,19137905.85543848,0.0,1218745088.8093722,1.0,h09,401613.4858734861,0.0,NONE,False,0,9354673.196489152,520718528.8093721,0.0,False,0,0,P1,1237882994.6648107,19137905.85543848,0.0,0.0,19137905.85543848,0.0,1218745088.8093722,1.0,h09,401613.4858734861,0.0,NONE,False,0,9354673.196489152,520718528.8093721,0.0,False,0,0,P1,1237882994.6648107,19137905.85543848,0.0,0.0,19137905.85543848,0.0,1218745088.8093722,1.0,h09,401613.4858734861,0.0,NONE,False,0,9354673.196489152,520718528.8093721,0.0,False,0,0,P1,1237882994.6648107,19137905.85543848,0.0,0.0,19137905.85543848,0.0,1218745088.8093722,1.0,h09,401613.4858734861,0.0,NONE,False,0,9354673.196489152,520718528.8093721,0.0,False,0,0,P1,1237882994.6648107,19137905.85543848,0.0,0.0,19137905.85543848,0.0,1218745088.8093722,1.0,h09,401613.4858734861,0.0,NONE,False,0,9354673.196489152,520718528.8093721,0.0,False,0,0,P1,1237882994.6648107,19137905.85543848,0.0,0.0,19137905.85543848,0.0,1218745088.8093722,1.0,h09,401613.4858734861,0.0,NONE,False,0,9354673.196489152,520718528.8093721,0.0,False,0,0,fb5e33f1e0e10c9d4f6212294eb6781fe374aa320cf452d2e20834de1b3f2c63
11,LA-0248,P4,1214179666.5232327,0.0,9447724.95724084,0.0,9447724.95724084,9690180.898197636,1195041760.6677942,1.0,h09,0.0,1565359.5779261556,R0,False,0,8444791.618780438,470070880.6677943,1565359.5779261556,False,0,0,P4,1214179666.5232327,0.0,9447724.95724084,0.0,9447724.95724084,9690180.898197636,1195041760.6677942,1.0,h09,0.0,1565359.5779261556,R0,False,0,8444791.618780438,470070880.6677943,1565359.5779261556,False,0,0,P4,1214179666.5232327,0.0,9447724.95724084,0.0,9447724.95724084,9690180.898197636,1195041760.6677942,1.0,h09,0.0,1565359.5779261556,R0,False,0,8444791.618780438,470070880.6677943,1565359.5779261556,False,0,0,P2,1220317742.3382924,9236198.795256818,5387998.933606338,0.0,14624197.728863155,4513708.126575323,1201179836.482854,1.0,h09,0.0,0.0,NONE,False,0,9557344.06438629,531999999.99999845,132555122.24489354,False,0,0,P2,1220317742.3382924,9236198.795256818,5387998.933606338,0.0,14624197.728863155,4513708.126575323,1201179836.482854,1.0,h09,0.0,0.0,NONE,False,0,9557344.06438629,531999999.99999845,132555122.24489354,False,0,0,P2,1220317742.3382924,9236198.795256818,5387998.933606337,0.0,14624197.728863154,4513708.126575322,1201179836.482854,0.9999999999999998,h09,0.0,0.0,NONE,False,0,9557344.06438629,531999999.99999845,132555122.2448935,False,0,0,P1,1221280555.623522,19137905.85543848,0.0,0.0,19137905.85543848,0.0,1202142649.7680836,1.0,h09,686855.3732090498,0.0,NONE,False,0,9056411.500576377,504116089.76808345,0.0,False,0,0,P1,1221280555.623522,19137905.85543848,0.0,0.0,19137905.85543848,0.0,1202142649.7680836,1.0,h09,686855.3732090498,0.0,NONE,False,0,9056411.500576377,504116089.76808345,0.0,False,0,0,P1,1221280555.623522,19137905.85543848,0.0,0.0,19137905.85543848,0.0,1202142649.7680836,1.0,h09,686855.3732090498,0.0,NONE,False,0,9056411.500576377,504116089.76808345,0.0,False,0,0,bc3abf6d02a4f7ba36b709fefb13fc3375bdf68bd30b1121602dd2f9bc51e550
12,LA-0349,P4,1238766527.2870238,0.0,5754862.895783731,0.0,5754862.895783731,13383042.959654745,1219628621.4315853,0.9999999999999998,h09,0.0,0.0,NONE,False,0,9557344.06438629,531999999.99999845,140152849.73430374,False,0,0,P4,1238766527.2870238,0.0,5754862.895783731,0.0,5754862.895783731,13383042.959654745,1219628621.4315853,0.9999999999999998,h09,0.0,0.0,NONE,False,0,9557344.06438629,531999999.99999845,140152849.73430374,False,0,0,P4,1238766527.2870238,0.0,5754862.895783731,0.0,5754862.895783731,13383042.959654745,1219628621.4315853,0.9999999999999998,h09,0.0,0.0,NONE,False,0,9557344.06438629,531999999.99999845,140152849.73430374,False,0,0,P1,1239632077.264095,19137905.85543848,0.0,0.0,19137905.85543848,0.0,1220494171.4086566,1.0,h09,356046.9853006866,0.0,NONE,False,0,9386095.347238012,522467611.4086567,0.0,False,0,0,P1,1239632077.264095,19137905.85543848,0.0,0.0,19137905.85543848,0.0,1220494171.4086566,1.0,h09,356046.9853006866,0.0,NONE,False,0,9386095.347238012,522467611.4086567,0.0,False,0,0,P1,1239632077.264095,19137905.85543848,0.0,0.0,19137905.85543848,0.0,1220494171.4086566,1.0,h09,356046.9853006866,0.0,NONE,False,0,9386095.347238012,522467611.4086567,0.0,False,0,0,P1,1239632077.264095,19137905.85543848,0.0,0.0,19137905.85543848,0.0,1220494171.4086566,1.0,h09,356046.9853006866,0.0,NONE,False,0,9386095.347238012,522467611.4086567,0.0,False,0,0,P1,1239632077.264095,19137905.85543848,0.0,0.0,19137905.85543848,0.0,1220494171.4086566,1.0,h09,356046.9853006866,0.0,NONE,False,0,9386095.347238012,522467611.4086567,0.0,False,0,0,P1,1239632077.264095,19137905.85543848,0.0,0.0,19137905.85543848,0.0,1220494171.4086566,1.0,h09,356046.9853006866,0.0,NONE,False,0,9386095.347238012,522467611.4086567,0.0,False,0,0,6058fc177bd4238d737bb1610d580913baf6dd28d1c910e93d180b75897653f5
13,LA-0460,P1,1223726355.2354798,19137905.85543848,0.0,0.0,19137905.85543848,0.0,1204588449.3800414,1.0,h09,656397.351070871,0.0,NONE,False,0,9100350.12539597,506561889.3800413,0.0,False,0,0,P1,1223726355.2354798,19137905.85543848,0.0,0.0,19137905.85543848,0.0,1204588449.3800414,1.0,h09,656397.351070871,0.0,NONE,False,0,9100350.12539597,506561889.3800413,0.0,False,0,0,P1,1223726355.2354798,19137905.85543848,0.0,0.0,19137905.85543848,0.0,1204588449.3800414,1.0,h09,656397.351070871,0.0,NONE,False,0,9100350.12539597,506561889.3800413,0.0,False,0,0,P1,1223726355.2354798,19137905.85543848,0.0,0.0,19137905.85543848,0.0,1204588449.3800414,1.0,h09,656397.351070871,0.0,NONE,False,0,9100350.12539597,506561889.3800413,0.0,False,0,0,P1,1223726355.2354798,19137905.85543848,0.0,0.0,19137905.85543848,0.0,1204588449.3800414,1.0,h09,656397.351070871,0.0,NONE,False,0,9100350.12539597,506561889.3800413,0.0,False,0,0,P1,1223726355.2354798,19137905.85543848,0.0,0.0,19137905.85543848,0.0,1204588449.3800414,1.0,h09,656397.351070871,0.0,NONE,False,0,9100350.12539597,506561889.3800413,0.0,False,0,0,P1,1223726355.2354798,19137905.85543848,0.0,0.0,19137905.85543848,0.0,1204588449.3800414,1.0,h09,656397.351070871,0.0,NONE,False,0,9100350.12539597,506561889.3800413,0.0,False,0,0,P1,1223726355.2354798,19137905.85543848,0.0,0.0,19137905.85543848,0.0,1204588449.3800414,1.0,h09,656397.351070871,0.0,NONE,False,0,9100350.12539597,506561889.3800413,0.0,False,0,0,P1,1223726355.2354798,19137905.85543848,0.0,0.0,19137905.85543848,0.0,1204588449.3800414,1.0,h09,656397.351070871,0.0,NONE,False,0,9100350.12539597,506561889.3800413,0.0,False,0,0,5a0429b402f5417c2a7b4b1532932d10684366cdc0ad4f096e44a22ab6769bfb
14,LA-0561,P4,1194988732.086255,0.0,4242908.922115422,0.0,4242908.922115422,14894996.933323056,1175850826.2308166,1.0,h09,0.0,0.0,NONE,False,0,9557344.06438629,531999999.99999845,217964980.94761512,False,0,0,P4,1194988732.086255,0.0,4242908.922115422,0.0,4242908.922115422,14894996.933323056,1175850826.2308166,1.0,h09,0.0,0.0,NONE,False,0,9557344.06438629,531999999.99999845,217964980.94761512,False,0,0,P4,1194988732.086255,0.0,4242908.922115422,0.0,4242908.922115422,14894996.933323056,1175850826.2308166,1.0,h09,0.0,0.0,NONE,False,0,9557344.06438629,531999999.99999845,217964980.94761512,False,0,0,P4,1198832050.8049414,0.0,4948606.439174576,0.0,4948606.439174576,14189299.416263903,1179694144.949503,1.0,h09,0.0,0.0,NONE,False,0,9557344.06438629,531999999.99999845,249200536.53889814,False,0,0,P4,1198832050.8049414,0.0,4948606.439174576,0.0,4948606.439174576,14189299.416263903,1179694144.949503,1.0,h09,0.0,0.0,NONE,False,0,9557344.06438629,531999999.99999845,249200536.53889814,False,0,0,P4,1198832050.8049414,0.0,4948606.439174576,0.0,4948606.439174576,14189299.416263903,1179694144.949503,1.0,h09,0.0,0.0,NONE,False,0,9557344.06438629,531999999.99999845,249200536.53889814,False,0,0,P4,1202063031.5122914,0.0,5541868.468617252,0.0,5541868.468617252,13596037.386821225,1182925125.656853,1.0,h09,0.0,0.0,NONE,False,0,9557344.06438629,531999999.99999845,273901043.26315224,False,0,0,P4,1202063031.5122914,0.0,5541868.468617253,0.0,5541868.468617253,13596037.386821225,1182925125.656853,1.0,h09,0.0,0.0,NONE,False,0,9557344.06438629,531999999.99999845,397669318.84005684,False,0,0,P4,1202063031.5122914,0.0,5541868.468617253,0.0,5541868.468617253,13596037.386821225,1182925125.656853,1.0,h09,0.0,0.0,NONE,False,0,9557344.06438629,531999999.99999845,397669318.84005684,False,0,0,e46a8a041aef0dac82ea57cc5a5b285f54552e36956853bc2cfcc2f54bd2e989
15,LA-0563,P4,1142241595.7711835,0.0,335396.99671354017,0.0,335396.99671354017,18802508.858724937,1123103689.915745,1.0,h09,0.0,3383711.7405846585,R0,False,0,7152429.03700318,398132809.915745,3383711.7405846585,False,0,0,P4,1142241595.7711835,0.0,335396.99671354017,0.0,335396.99671354017,18802508.858724937,1123103689.915745,1.0,h09,0.0,3383711.7405846585,R0,False,0,7152429.03700318,398132809.915745,3383711.7405846585,False,0,0,P4,1142241595.7711835,0.0,335396.99671354017,0.0,335396.99671354017,18802508.858724937,1123103689.915745,1.0,h09,0.0,3383711.7405846585,R0,False,0,7152429.03700318,398132809.915745,3383711.7405846585,False,0,0,P4,1142765827.3554294,0.0,409028.6984068195,0.0,409028.6984068195,18728877.15703166,1123627921.4999907,1.0,h09,0.0,0.0,NONE,False,0,9557344.06438629,531999999.99999845,612731361.1183364,False,0,0,P4,1142765827.3554294,0.0,409028.6984068195,0.0,409028.6984068195,18728877.15703166,1123627921.4999907,1.0,h09,0.0,0.0,NONE,False,0,9557344.06438629,531999999.99999845,612731361.1183364,False,0,0,P4,1142765827.3554294,0.0,409028.6984068195,0.0,409028.6984068195,18728877.15703166,1123627921.4999907,1.0,h09,0.0,0.0,NONE,False,0,9557344.06438629,531999999.99999845,612731361.1183364,False,0,0,P4,1143245021.6291618,0.0,476334.6198296884,0.0,476334.6198296884,18661571.23560879,1124107115.7737234,1.0,h09,0.0,0.0,NONE,False,0,9557344.06438629,531999999.99999845,713556679.7460787,False,0,0,P4,1143245021.6291618,0.0,476334.6198296884,0.0,476334.6198296884,18661571.23560879,1124107115.7737234,1.0,h09,0.0,0.0,NONE,False,0,9557344.06438629,531999999.99999845,713556679.7460787,False,0,0,P4,1143245021.6291618,0.0,476334.6198296884,0.0,476334.6198296884,18661571.23560879,1124107115.7737234,1.0,h09,0.0,0.0,NONE,False,0,9557344.06438629,531999999.99999845,713556679.7460787,False,0,0,a713bab1bf46e82f084c44aab4402078542de5bb391470bc646385f71218b0a2
16,LA-0925,P4,1223079043.272583,0.0,7632892.984050157,0.0,7632892.984050157,11505012.87138832,1203941137.4171443,1.0,h09,0.0,0.0,NONE,False,0,9557344.06438629,531999999.99999845,199031066.37342787,False,0,0,P4,1223079043.272583,0.0,7632892.984050157,0.0,7632892.984050157,11505012.87138832,1203941137.4171443,1.0,h09,0.0,0.0,NONE,False,0,9557344.06438629,531999999.99999845,199031066.37342787,False,0,0,P4,1223079043.272583,0.0,7632892.984050157,0.0,7632892.984050157,11505012.87138832,1203941137.4171443,1.0,h09,0.0,0.0,NONE,False,0,9557344.06438629,531999999.99999845,199031066.37342787,False,0,0,P4,1227434030.4281714,0.0,8577724.711292572,0.0,8577724.711292572,10560181.144145906,1208296124.572733,1.0,h09,0.0,672490.7437476622,R0,False,0,9166958.259786092,510269564.57273304,18587854.603195075,False,0,0,P4,1227434030.4281714,0.0,8577724.711292572,0.0,8577724.711292572,10560181.144145906,1208296124.572733,1.0,h09,0.0,672490.7437476622,R0,False,0,9166958.259786092,510269564.57273304,18587854.603195075,False,0,0,P4,1227434030.4281714,0.0,8577724.711292572,0.0,8577724.711292572,10560181.144145906,1208296124.572733,1.0,h09,0.0,672490.7437476622,R0,False,0,9166958.259786092,510269564.57273304,18587854.603195075,False,0,0,P4,1230856678.163628,0.0,9320281.705400776,0.0,9320281.705400776,9817624.150037702,1211718772.3081896,1.0,h09,0.0,1636735.8513250656,R0,False,0,8744393.006398922,486747892.3081896,1636735.8513250656,False,0,0,P4,1230856678.163628,0.0,9320281.705400776,0.0,9320281.705400776,9817624.150037702,1211718772.3081896,1.0,h09,0.0,1636735.8513250656,R0,False,0,8744393.006398922,486747892.3081896,1636735.8513250656,False,0,0,P4,1230856678.163628,0.0,9320281.705400776,0.0,9320281.705400776,9817624.150037702,1211718772.3081896,1.0,h09,0.0,1636735.8513250656,R0,False,0,8744393.006398922,486747892.3081896,1636735.8513250656,False,0,0,3819ed535968a3a2bbf6a6287096219d12c40f4ac6df98f55a00cd7c1533c23a
17,LA-0803,P4,1184291202.1852152,0.0,3688390.4415178364,0.0,3688390.4415178364,15449515.413920641,1165153296.3297768,1.0,h09,0.0,0.0,NONE,False,0,9557344.06438629,531999999.99999845,258114917.19214785,False,0,0,P4,1184291202.1852152,0.0,3688390.441517836,0.0,3688390.441517836,15449515.413920641,1165153296.3297768,1.0,h09,0.0,1639777.6317917502,R0,False,0,8391900.264619445,467126736.3297768,16272561.618497856,False,0,0,P4,1184291202.1852152,0.0,3688390.4415178364,0.0,3688390.4415178364,15449515.413920641,1165153296.3297768,1.0,h09,0.0,0.0,NONE,False,0,9557344.06438629,531999999.99999845,258114917.19214785,False,0,0,P4,1188096377.913716,0.0,4328661.277671609,0.0,4328661.277671609,14809244.577766865,1168958472.0582776,0.9999999999999998,h09,0.0,0.0,NONE,False,0,9557344.06438629,531999999.99999845,298532601.2925182,False,0,0,P4,1188096377.913716,0.0,4328661.27767161,0.0,4328661.27767161,14809244.57776687,1168958472.0582776,1.0,h09,0.0,2698798.554739843,R0,False,0,7990671.727196031,444792751.0226399,3234151.304827584,False,0,0,P4,1188096377.913716,0.0,4328661.277671609,0.0,4328661.277671609,14809244.577766865,1168958472.0582776,0.9999999999999998,h09,0.0,0.0,NONE,False,0,9557344.06438629,531999999.99999845,298532601.2925182,False,0,0,P4,1191332172.5684009,0.0,4873126.263522098,0.0,4873126.263522098,14264779.591916379,1172194266.7129624,1.0,h09,0.0,0.0,NONE,False,0,9557344.06438629,531999999.99999845,331532077.0022352,False,0,0,P4,1191332172.5684009,0.0,4873126.263522098,0.0,4873126.263522098,14264779.591916379,1172194266.7129624,1.0,h09,0.0,0.0,NONE,False,0,9557344.06438629,531999999.99999845,331532077.0022352,False,0,0,P4,1191332172.5684009,0.0,4873126.263522098,0.0,4873126.263522098,14264779.591916379,1172194266.7129624,1.0,h09,0.0,0.0,NONE,False,0,9557344.06438629,531999999.99999845,331532077.0022352,False,0,0,357602a78d7ff3e1e0d374e525a47f3bbb7968a53b8dded5185b9b5d339b4e05
18,LA-0008,P2,1233969388.974518,12162585.145745656,1338221.3876920491,0.0,13500806.533437705,5637099.322000773,1214831483.1190796,1.0,h09,0.0,0.0,NONE,False,0,9557344.06438629,531999999.99999845,57030115.70366052,False,0,0,P2,1233969388.974518,12162585.145745656,1338221.3876920491,0.0,13500806.533437705,5637099.322000773,1214831483.1190796,1.0,h09,0.0,0.0,NONE,False,0,9557344.06438629,531999999.99999845,57030115.70366052,False,0,0,P2,1233969388.974518,12162585.145745656,1338221.3876920491,0.0,13500806.533437705,5637099.322000773,1214831483.1190796,1.0,h09,0.0,0.0,NONE,False,0,9557344.06438629,531999999.99999845,57030115.70366052,False,0,0,P1,1234247683.2378776,19137905.85543843,0.0,0.0,19137905.85543843,0.0,1215109777.3824391,0.9999999999999974,h09,483859.6496734721,0.0,NONE,False,0,9289365.072262846,517083217.3824391,0.0,False,0,0,P1,1234247683.2378776,19137905.85543843,0.0,0.0,19137905.85543843,0.0,1215109777.3824391,0.9999999999999974,h09,483859.6496734721,0.0,NONE,False,0,9289365.072262846,517083217.3824391,0.0,False,0,0,P1,1234247683.2378776,19137905.85543843,0.0,0.0,19137905.85543843,0.0,1215109777.3824391,0.9999999999999974,h09,483859.6496734721,0.0,NONE,False,0,9289365.072262846,517083217.3824391,0.0,False,0,0,P1,1234247683.2378776,19137905.85543843,0.0,0.0,19137905.85543843,0.0,1215109777.3824391,0.9999999999999974,h09,483859.6496734721,0.0,NONE,False,0,9289365.072262846,517083217.3824391,0.0,False,0,0,P1,1234247683.2378776,19137905.85543843,0.0,0.0,19137905.85543843,0.0,1215109777.3824391,0.9999999999999974,h09,483859.6496734721,0.0,NONE,False,0,9289365.072262846,517083217.3824391,0.0,False,0,0,P1,1234247683.2378776,19137905.85543843,0.0,0.0,19137905.85543843,0.0,1215109777.3824391,0.9999999999999974,h09,483859.6496734721,0.0,NONE,False,0,9289365.072262846,517083217.3824391,0.0,False,0,0,2afec76a2790034aa2c3310caf282a29fb84d1651665454eca3b7a5f756f0c7d
19,LA-0461,P4,1213006308.9027605,0.0,10196996.262440816,0.0,10196996.262440816,8940909.592997663,1193868403.047322,1.0,h09,0.0,0.0,NONE,False,0,9557344.06438629,531999999.99999845,236836021.95641425,False,0,0,P4,1213006308.9027605,0.0,10196996.262440816,0.0,10196996.262440816,8940909.592997663,1193868403.047322,1.0,h09,0.0,0.0,NONE,False,0,9557344.06438629,531999999.99999845,236836021.95641425,False,0,0,P4,1213006308.9027605,0.0,10196996.262440816,0.0,10196996.262440816,8940909.592997663,1193868403.047322,1.0,h09,0.0,0.0,NONE,False,0,9557344.06438629,531999999.99999845,236836021.95641425,False,0,0,P4,1219743486.6264126,0.0,11151578.39373027,0.0,11151578.39373027,7986327.461708209,1200605580.7709742,1.0,h09,0.0,0.0,NONE,False,0,9557344.06438629,531999999.99999845,259007201.46718854,False,0,0,P4,1219743486.6264126,0.0,11151578.39373027,0.0,11151578.39373027,7986327.461708209,1200605580.7709742,1.0,h09,0.0,0.0,NONE,False,0,9557344.06438629,531999999.99999845,259007201.46718854,False,0,0,P4,1219743486.6264126,0.0,11151578.39373027,0.0,11151578.39373027,7986327.461708209,1200605580.7709742,1.0,h09,0.0,0.0,NONE,False,0,9557344.06438629,531999999.99999845,259007201.46718854,False,0,0,P4,1224463586.6762428,0.0,9671934.79091164,2148428.567426043,11820363.358337682,7317542.497100796,1205325680.8208044,1.0,h09,0.0,0.0,NONE,False,0,9557344.06438629,531999999.99999845,224640914.00510615,True,1,0,P4,1224789709.8410418,0.0,11866571.334212203,0.0,11866571.334212203,7271334.521226276,1205651803.9856033,1.0,h09,0.0,0.0,NONE,False,0,9557344.06438629,531999999.99999845,275613668.64560515,False,0,0,P4,1223922126.1967137,0.0,7006024.2982040215,4737620.214385655,11743644.512589676,7394261.342848801,1204784220.3412752,1.0,h09,0.0,1095885.0357974598,R2,True,2,8619814.248729434,479813340.3412752,1095885.0357974598,True,0,1,abaa3440348fb218fcfe3ae988915221370f504d5d3261ca417257b7effc82a1
20,LA-0873,P4,1235449747.1234744,0.0,6328349.004595063,0.0,6328349.004595063,12809556.850843415,1216311841.268036,1.0,h09,0.0,0.0,NONE,False,0,9557344.06438629,531999999.99999845,66106824.04958849,False,0,0,P4,1235449747.1234744,0.0,6328349.004595063,0.0,6328349.004595063,12809556.850843415,1216311841.268036,1.0,h09,0.0,0.0,NONE,False,0,9557344.06438629,531999999.99999845,66106824.04958849,False,0,0,P4,1235449747.1234744,0.0,6328349.004595063,0.0,6328349.004595063,12809556.850843415,1216311841.268036,1.0,h09,0.0,0.0,NONE,False,0,9557344.06438629,531999999.99999845,66106824.04958849,False,0,0,P4,1238257536.7497814,0.0,7212938.064373227,0.0,7212938.064373227,11924967.791065251,1219119630.894343,1.0,h09,0.0,0.0,NONE,False,0,9557344.06438629,531999999.99999845,68034377.20449114,False,0,0,P4,1238257536.7497814,0.0,7212938.064373227,0.0,7212938.064373227,11924967.791065251,1219119630.894343,1.0,h09,0.0,0.0,NONE,False,0,9557344.06438629,531999999.99999845,68034377.20449114,False,0,0,P4,1238257536.7497814,0.0,7212938.064373227,0.0,7212938.064373227,11924967.791065251,1219119630.894343,1.0,h09,0.0,0.0,NONE,False,0,9557344.06438629,531999999.99999845,68034377.20449114,False,0,0,P4,1240472152.0724335,0.0,6428172.749852885,1482475.8793291412,7910648.629182026,11227257.226256453,1221334246.216995,1.0,h09,0.0,1043934.9430275356,R1,True,1,8917134.345663175,496363366.216995,1043934.9430275356,True,1,0,P4,1240520955.9528944,0.0,7926024.203735725,0.0,7926024.203735725,11211881.651702754,1221383050.097456,1.0,h09,0.0,0.0,NONE,False,0,9557344.06438629,531999999.99999845,67359334.66736874,False,0,0,P4,1240346135.7887056,0.0,4624335.073825738,3246612.352354795,7870947.426180534,11266958.429257942,1221208229.933267,1.0,h09,0.0,0.0,NONE,False,0,9557344.06438629,531999999.99999845,111510902.42854853,True,0,1,421aabeeb57b635c9a42bf17cf4fda00504bbac542c0e14d9bb4a5dc2a3495f3
21,LA-0954,P4,1214532319.2988071,0.0,10529414.996697336,0.0,10529414.996697336,8608490.858741142,1195394413.4433687,1.0,h09,0.0,0.0,NONE,False,0,9557344.06438629,531999999.99999845,231108604.44259998,False,0,0,P4,1214532319.2988071,0.0,10529414.996697336,0.0,10529414.996697336,8608490.858741142,1195394413.4433687,1.0,h09,0.0,0.0,NONE,False,0,9557344.06438629,531999999.99999845,231108604.44259998,False,0,0,P4,1214532319.2988071,0.0,10529414.996697336,0.0,10529414.996697336,8608490.858741142,1195394413.4433687,1.0,h09,0.0,1556445.7033889387,R0,False,0,8451127.002072591,470423533.44336873,1556445.7033889387,False,0,0,P4,1221297344.1367042,0.0,11475176.547055779,0.0,11475176.547055779,7662729.308382699,1202159438.2812657,1.0,h09,0.0,0.0,NONE,False,0,9557344.06438629,531999999.99999845,251866987.70580763,False,0,0,P4,1221297344.1367042,0.0,11475176.547055779,0.0,11475176.547055779,7662729.308382699,1202159438.2812657,1.0,h09,0.0,0.0,NONE,False,0,9557344.06438629,531999999.99999845,251866987.70580763,False,0,0,P4,1221297344.1367042,0.0,11475176.547055779,0.0,11475176.547055779,7662729.308382699,1202159438.2812657,1.0,h09,0.0,0.0,NONE,False,0,9557344.06438629,531999999.99999845,251866987.70580763,False,0,0,P4,1225689561.6586964,0.0,9991787.462743377,2097428.2863328476,12089215.749076225,7048690.106362252,1206551655.803258,1.0,h09,0.0,0.0,NONE,False,0,9557344.06438629,531999999.99999845,219308295.58204234,True,1,0,P3b,1225920821.8275433,10234393.330726821,3696654.931524495,1957358.0956162857,15888406.357867602,3249499.497570876,1206782915.9721045,1.0,h09,0.0,0.0,NONE,False,0,9557344.06438629,531999999.99999845,81137343.58446793,True,0,1,P4,1224751867.9151957,0.0,7295830.199465149,4662294.42875566,11958124.628220808,7179781.227217671,1205613962.0597572,1.0,h09,0.0,0.0,NONE,False,0,9557344.06438629,531999999.99999845,160135120.15410534,True,0,1,b55b1bd1e31fdb6d599048b356447a5e2edf752ed1ae84f95701fd954d96e821
22,LA-0631,P4,1225553101.0109966,0.0,1887865.8083181279,0.0,1887865.8083181279,17250040.04712035,1206415195.155558,1.0,h09,0.0,1277877.4564085882,R0,False,0,8649114.6010987,481444315.15555805,1277877.4564085882,False,0,0,P4,1225553101.0109966,0.0,1887865.8083181279,0.0,1887865.8083181279,17250040.04712035,1206415195.155558,1.0,h09,0.0,1277877.4564085882,R0,False,0,8649114.6010987,481444315.15555805,1277877.4564085882,False,0,0,P4,1225553101.0109966,0.0,1887865.8083181279,0.0,1887865.8083181279,17250040.04712035,1206415195.155558,1.0,h09,0.0,1277877.4564085882,R0,False,0,8649114.6010987,481444315.15555805,1277877.4564085882,False,0,0,P4,1226647635.0312943,0.0,2261330.350261717,0.0,2261330.350261717,16876575.50517676,1207509729.1758559,1.0,h09,0.0,1530671.8641545712,R0,False,0,8668777.830839608,482538849.17585593,1530671.8641545712,False,0,0,P4,1226647635.0312943,0.0,2261330.350261717,0.0,2261330.350261717,16876575.50517676,1207509729.1758559,1.0,h09,0.0,1530671.8641545712,R0,False,0,8668777.830839608,482538849.17585593,1530671.8641545712,False,0,0,P4,1226647635.0312943,0.0,2261330.350261717,0.0,2261330.350261717,16876575.50517676,1207509729.1758559,1.0,h09,0.0,1530671.8641545712,R0,False,0,8668777.830839608,482538849.17585593,1530671.8641545712,False,0,0,P4,1227614587.4053295,0.0,2591262.923167903,0.0,2591262.923167903,16546642.932270575,1208476681.549891,1.0,h09,0.0,1753999.9180840543,R0,False,0,8686149.064923305,483505801.5498909,1753999.9180840543,False,0,0,P4,1227614587.4053295,0.0,2591262.923167903,0.0,2591262.923167903,16546642.932270575,1208476681.549891,1.0,h09,0.0,1753999.9180840543,R0,False,0,8686149.064923305,483505801.5498909,1753999.9180840543,False,0,0,P4,1227614587.4053295,0.0,2591262.9231679044,0.0,2591262.9231679044,16546642.932270573,1208476681.549891,1.0,h09,0.0,0.0,NONE,False,0,9557344.06438629,531999999.99999845,260442412.07914755,False,0,0,b64d73eeb0224d1abf709564130d9c5b43bb8f799745a34fff3d53c779d5bd36
23,LA-0266,P4,1180098621.055993,0.0,1998938.1088668923,0.0,1998938.1088668923,17138967.746571586,1160960715.2005546,1.0,h09,0.0,0.0,NONE,False,0,9557344.06438629,531999999.99999845,273850499.7607876,False,0,0,P4,1180098621.055993,0.0,1998938.1088668923,0.0,1998938.1088668923,17138967.746571586,1160960715.2005546,1.0,h09,0.0,1745751.963376467,R0,False,0,8316580.827834049,462934155.20055455,16378535.950082574,False,0,0,P4,1180098621.055993,0.0,1998938.1088668923,0.0,1998938.1088668923,17138967.746571586,1160960715.2005546,1.0,h09,0.0,0.0,NONE,False,0,9557344.06438629,531999999.99999845,273850499.7607876,False,0,0,P4,1182296743.4257042,0.0,2391329.3569831424,0.0,2391329.3569831424,16746576.498455336,1163158837.5702658,1.0,h09,0.0,0.0,NONE,False,0,9557344.06438629,531999999.99999845,325182811.9508344,False,0,0,P4,1182296743.4257042,0.0,2391329.356983142,0.0,2391329.356983142,16746576.498455334,1163158837.5702658,1.0,h09,0.0,2069352.2014317894,R0,False,0,8356069.947726823,465132277.5702659,19984716.0608792,False,0,0,P4,1182296743.4257042,0.0,2391329.3569831424,0.0,2391329.3569831424,16746576.498455336,1163158837.5702658,1.0,h09,0.0,0.0,NONE,False,0,9557344.06438629,531999999.99999845,325182811.9508344,False,0,0,P4,1184233999.4710324,0.0,2737152.8325191354,0.0,2737152.8325191354,16400753.02291934,1165096093.615594,0.9999999999999998,h09,0.0,0.0,NONE,False,0,9557344.06438629,531999999.99999845,369653447.8448925,False,0,0,P4,1184233999.4710324,0.0,2737152.8325191354,0.0,2737152.8325191354,16400753.022919342,1165096093.615594,1.0,h09,0.0,2348487.7853291393,R0,False,0,8390872.621723086,467069533.61559385,23287082.657106988,False,0,0,P4,1184233999.4710324,0.0,2737152.8325191354,0.0,2737152.8325191354,16400753.022919342,1165096093.615594,1.0,h09,0.0,0.0,NONE,False,0,9557344.06438629,531999999.99999845,493421723.42179704,False,0,0,c33377be73327ac5b5fe11eddfe092e50744487bede9529a684cf3cef1429bca
24,LA-0537,P1,1226390248.0939023,19137905.85543848,0.0,0.0,19137905.85543848,0.0,1207252342.2384639,1.0,h09,619748.6906769631,0.0,NONE,False,0,9148206.78065651,509225782.23846394,0.0,False,0,0,P1,1226390248.0939023,19137905.85543848,0.0,0.0,19137905.85543848,0.0,1207252342.2384639,1.0,h09,619748.6906769631,0.0,NONE,False,0,9148206.78065651,509225782.23846394,0.0,False,0,0,P1,1226390248.0939023,19137905.85543848,0.0,0.0,19137905.85543848,0.0,1207252342.2384639,1.0,h09,619748.6906769631,0.0,NONE,False,0,9148206.78065651,509225782.23846394,0.0,False,0,0,P1,1226390248.0939023,19137905.85543848,0.0,0.0,19137905.85543848,0.0,1207252342.2384639,1.0,h09,619748.6906769631,0.0,NONE,False,0,9148206.78065651,509225782.23846394,0.0,False,0,0,P1,1226390248.0939023,19137905.85543848,0.0,0.0,19137905.85543848,0.0,1207252342.2384639,1.0,h09,619748.6906769631,0.0,NONE,False,0,9148206.78065651,509225782.23846394,0.0,False,0,0,P1,1226390248.0939023,19137905.85543848,0.0,0.0,19137905.85543848,0.0,1207252342.2384639,1.0,h09,619748.6906769631,0.0,NONE,False,0,9148206.78065651,509225782.23846394,0.0,False,0,0,P1,1226390248.0939023,19137905.85543848,0.0,0.0,19137905.85543848,0.0,1207252342.2384639,1.0,h09,619748.6906769631,0.0,NONE,False,0,9148206.78065651,509225782.23846394,0.0,False,0,0,P1,1226390248.0939023,19137905.85543848,0.0,0.0,19137905.85543848,0.0,1207252342.2384639,1.0,h09,619748.6906769631,0.0,NONE,False,0,9148206.78065651,509225782.23846394,0.0,False,0,0,P1,1226390248.0939023,19137905.85543848,0.0,0.0,19137905.85543848,0.0,1207252342.2384639,1.0,h09,619748.6906769631,0.0,NONE,False,0,9148206.78065651,509225782.23846394,0.0,False,0,0,7ff4f1bb586b0432e720e85a456a7814cdd642734304185403feebd68e8e16cb
25,LA-0751,P4,1189855316.957736,0.0,618795.9783165538,0.0,618795.9783165538,18519109.877121925,1170717411.1022975,1.0,h09,0.0,0.0,NONE,False,0,9557344.06438629,531999999.99999845,323726253.55091393,False,0,0,P4,1189855316.957736,0.0,618795.9783165538,0.0,618795.9783165538,18519109.877121925,1170717411.1022975,1.0,h09,0.0,0.0,NONE,False,0,9557344.06438629,531999999.99999845,323726253.55091393,False,0,0,P4,1189855316.957736,0.0,618795.9783165538,0.0,618795.9783165538,18519109.877121925,1170717411.1022975,1.0,h09,0.0,0.0,NONE,False,0,9557344.06438629,531999999.99999845,323726253.55091393,False,0,0,P4,1190476442.2860458,0.0,752155.1156293771,0.0,752155.1156293771,18385750.739809096,1171338536.4306073,0.9999999999999998,h09,0.0,0.0,NONE,False,0,9557344.06438629,531999999.99999845,287595840.18558097,False,0,0,P4,1190476442.2860458,0.0,752155.1156293771,0.0,752155.1156293771,18385750.739809096,1171338536.4306073,0.9999999999999998,h09,0.0,0.0,NONE,False,0,9557344.06438629,531999999.99999845,287595840.18558097,False,0,0,P4,1190476442.2860458,0.0,752155.1156293771,0.0,752155.1156293771,18385750.739809096,1171338536.4306073,0.9999999999999998,h09,0.0,0.0,NONE,False,0,9557344.06438629,531999999.99999845,287595840.18558097,False,0,0,P4,1191040632.7026567,0.0,873290.0038879107,0.0,873290.0038879107,18264615.851550568,1171902726.8472183,1.0,h09,0.0,0.0,NONE,False,0,9557344.06438629,531999999.99999845,456866093.39512175,False,0,0,P4,1191040632.7026567,0.0,873290.0038879107,0.0,873290.0038879107,18264615.851550568,1171902726.8472183,1.0,h09,0.0,0.0,NONE,False,0,9557344.06438629,531999999.99999845,456866093.39512175,False,0,0,P4,1191040632.7026567,0.0,873290.0038879107,0.0,873290.0038879107,18264615.851550568,1171902726.8472183,1.0,h09,0.0,0.0,NONE,False,0,9557344.06438629,531999999.99999845,456866093.39512175,False,0,0,c18b6a5caedf1d6846035ae84746c982234d2a66ed788f968f5d1717c62c856c
26,LA-0580,P4,1235196950.8522704,0.0,4489755.5946649145,0.0,4489755.5946649145,14648150.260773564,1216059044.996832,1.0,h09,0.0,0.0,NONE,False,0,9557344.06438629,531999999.99999845,67055618.23531036,False,0,0,P4,1235196950.8522704,0.0,4489755.5946649145,0.0,4489755.5946649145,14648150.260773564,1216059044.996832,1.0,h09,0.0,0.0,NONE,False,0,9557344.06438629,531999999.99999845,67055618.23531036,False,0,0,P4,1235196950.8522704,0.0,4489755.5946649145,0.0,4489755.5946649145,14648150.260773564,1216059044.996832,1.0,h09,0.0,0.0,NONE,False,0,9557344.06438629,531999999.99999845,67055618.23531036,False,0,0,P4,1237242409.3884933,0.0,5222115.411535863,0.0,5222115.411535863,13915790.443902615,1218104503.5330546,1.0,h09,0.0,0.0,NONE,False,0,9557344.06438629,531999999.99999845,178596965.4657601,False,0,0,P4,1237242409.3884933,0.0,5222115.411535863,0.0,5222115.411535863,13915790.443902615,1218104503.5330546,1.0,h09,0.0,0.0,NONE,False,0,9557344.06438629,531999999.99999845,72699043.24151045,False,0,0,P4,1237242409.3884933,0.0,5222115.411535863,0.0,5222115.411535863,13915790.443902615,1218104503.5330546,1.0,h09,0.0,0.0,NONE,False,0,9557344.06438629,531999999.99999845,72699043.24151045,False,0,0,P2,1238508776.9285645,13649415.128918309,1673307.8455566054,0.0,15322722.974474914,3815182.880963564,1219370871.073126,1.0,h09,0.0,0.0,NONE,False,0,9557344.06438629,531999999.99999845,57227326.46741049,False,0,0,P2,1238508776.9285645,13649415.128918309,1673307.8455566054,0.0,15322722.974474914,3815182.880963564,1219370871.073126,1.0,h09,0.0,0.0,NONE,False,0,9557344.06438629,531999999.99999845,57227326.46741049,False,0,0,P2,1238508776.9285645,13649415.128918309,1673307.8455566054,0.0,15322722.974474914,3815182.880963564,1219370871.073126,1.0,h09,0.0,0.0,NONE,False,0,9557344.06438629,531999999.99999845,57227326.46741049,False,0,0,993bff6798d199a210428e28d49e3e6dc3c5e66cd2cac8eaf38e7071cc726388
27,LA-0675,P4,1186487285.2106597,0.0,154300.53434857202,0.0,154300.53434857202,18983605.321089905,1167349379.3552213,1.0,h09,0.0,0.0,NONE,False,0,9557344.06438629,531999999.99999845,249872585.15148363,False,0,0,P4,1186487285.2106597,0.0,154300.53434857202,0.0,154300.53434857202,18983605.321089905,1167349379.3552213,1.0,h09,0.0,0.0,NONE,False,0,9557344.06438629,531999999.99999845,249872585.15148363,False,0,0,P4,1186487285.21066,0.0,154300.53434857202,0.0,154300.53434857202,18983605.321089905,1167349379.3552215,1.0,h09,0.0,1584268.0486607465,R0,False,0,8431352.747830221,469322819.35522145,16217052.035366852,False,0,0,P4,1186649089.0338075,0.0,188573.7823524475,0.0,188573.7823524475,18949332.07308603,1167511183.178369,1.0,h09,0.0,2743587.7343458016,R0,False,0,7964671.280230153,443345462.14273125,3278940.484433542,False,0,0,P4,1186649089.0338075,0.0,188573.78235244757,0.0,188573.78235244757,18949332.07308603,1167511183.178369,1.0,h09,0.0,0.0,NONE,False,0,9557344.06438629,531999999.99999845,305183115.8400697,False,0,0,P4,1186649089.0338075,0.0,188573.78235244757,0.0,188573.78235244757,18949332.07308603,1167511183.178369,1.0,h09,0.0,0.0,NONE,False,0,9557344.06438629,531999999.99999845,305183115.8400697,False,0,0,P4,1186797593.1489193,0.0,220029.88930845744,0.0,220029.88930845744,18917875.96613002,1167659687.2934809,0.9999999999999998,h09,0.0,2255764.464917096,R0,False,0,8436927.408980327,469633127.29348093,23194359.336694945,False,0,0,P4,1186797593.1489193,0.0,220029.88930845744,0.0,220029.88930845744,18917875.96613002,1167659687.2934809,0.9999999999999998,h09,0.0,2255764.464917096,R0,False,0,8436927.408980327,469633127.29348093,23194359.336694945,False,0,0,P4,1186797593.1489193,0.0,220029.88930845744,0.0,220029.88930845744,18917875.96613002,1167659687.2934809,0.9999999999999998,h09,0.0,2255764.464917096,R0,False,0,8436927.408980327,469633127.29348093,23194359.336694945,False,0,0,278369cc855b2877dc19bcd9110f38b9819ef3708f8897b74ff5e49739982b41
28,LA-0291,P4,1151230699.9602246,0.0,2893780.040800581,0.0,2893780.040800581,16244125.814637894,1132092794.1047862,0.9999999999999998,h09,0.0,3156497.4593059234,R0,False,0,7313917.686561983,407121914.1047862,3156497.4593059234,False,0,0,P4,1151230699.9602246,0.0,2893780.040800581,0.0,2893780.040800581,16244125.814637894,1132092794.1047862,0.9999999999999998,h09,0.0,3156497.4593059234,R0,False,0,7313917.686561983,407121914.1047862,3156497.4593059234,False,0,0,P4,1151230699.9602246,0.0,2893780.040800581,0.0,2893780.040800581,16244125.814637894,1132092794.1047862,0.9999999999999998,h09,0.0,3156497.4593059234,R0,False,0,7313917.686561983,407121914.1047862,3156497.4593059234,False,0,0,P4,1155327630.7058673,0.0,3426708.2804432013,0.0,3426708.2804432013,15711197.57499528,1136189724.8504288,1.0000000000000002,h09,0.0,3737808.6200391087,R0,False,0,7387518.770667374,411218844.8504287,3737808.6200391087,False,0,0,P4,1155327630.7058673,0.0,3426708.2804432013,0.0,3426708.2804432013,15711197.57499528,1136189724.8504288,1.0000000000000002,h09,0.0,3737808.6200391087,R0,False,0,7387518.770667374,411218844.8504287,3737808.6200391087,False,0,0,P4,1155327630.7058673,0.0,3426708.2804432013,0.0,3426708.2804432013,15711197.57499528,1136189724.8504288,1.0000000000000002,h09,0.0,3737808.6200391087,R0,False,0,7387518.770667374,411218844.8504287,3737808.6200391087,False,0,0,P4,1158870046.7011855,0.0,3887505.3106284617,0.0,3887505.3106284617,15250400.544810016,1139732140.845747,1.0,h09,0.0,3265883.5254890807,R0,False,0,7935210.92350077,441705580.8457469,24204478.397266928,False,0,0,P4,1158870046.7011855,0.0,3887505.3106284617,0.0,3887505.3106284617,15250400.544810016,1139732140.845747,1.0,h09,0.0,3265883.5254890807,R0,False,0,7935210.92350077,441705580.8457469,24204478.397266928,False,0,0,P4,1158870046.7011855,0.0,3887505.3106284617,0.0,3887505.3106284617,15250400.544810016,1139732140.845747,1.0,h09,0.0,3265883.5254890807,R0,False,0,7935210.92350077,441705580.8457469,24204478.397266928,False,0,0,055e6b09dd2c26a2334c62315cf340f70aa968cbcc59e4a7e329157c335eb53a
29,LA-0482,P4,1225401628.6178982,0.0,425957.82935314305,0.0,425957.82935314305,18711948.026085336,1206263722.7624598,1.0,h09,0.0,1281706.1683923018,R0,False,0,8646393.409788366,481292842.76245964,1281706.1683923018,False,0,0,P4,1225401628.6178982,0.0,425957.82935314305,0.0,425957.82935314305,18711948.026085336,1206263722.7624598,1.0,h09,0.0,1281706.1683923018,R0,False,0,8646393.409788366,481292842.76245964,1281706.1683923018,False,0,0,P4,1225401628.6178982,0.0,425957.82935314305,0.0,425957.82935314305,18711948.026085336,1206263722.7624598,1.0,h09,0.0,0.0,NONE,False,0,9557344.06438629,531999999.99999845,190313946.21582663,False,0,0,P4,1225653551.005797,0.0,518922.19347410544,0.0,518922.19347410544,18618983.66196437,1206515645.1503584,1.0,h09,0.0,0.0,NONE,False,0,9557344.06438629,531999999.99999845,231849548.5081309,False,0,0,P4,1225653551.005797,0.0,518922.19347410544,0.0,518922.19347410544,18618983.66196437,1206515645.1503584,1.0,h09,0.0,0.0,NONE,False,0,9557344.06438629,531999999.99999845,231849548.5081309,False,0,0,P4,1225653551.005797,0.0,518922.19347410544,0.0,518922.19347410544,18618983.66196437,1206515645.1503584,1.0,h09,0.0,0.0,NONE,False,0,9557344.06438629,531999999.99999845,231849548.5081309,False,0,0,P4,1225883365.3401833,0.0,603728.246799916,0.0,603728.246799916,18534177.608638562,1206745459.4847448,1.0,h09,0.0,0.0,NONE,False,0,9557344.06438629,531999999.99999845,145971818.80036697,False,0,0,P4,1225883365.3401833,0.0,603728.2467999159,0.0,603728.2467999159,18534177.608638562,1206745459.4847448,1.0,h09,0.0,0.0,NONE,False,0,9557344.06438629,531999999.99999845,269740094.3772715,False,0,0,P4,1225883365.3401833,0.0,603728.2467999159,0.0,603728.2467999159,18534177.608638562,1206745459.4847448,1.0,h09,0.0,0.0,NONE,False,0,9557344.06438629,531999999.99999845,269740094.3772715,False,0,0,6a119981f5acfb296f33df49ecee0fb79c4461a9cd53bbc190d90ba591c5fb85
30,LA-0568,P4,1232589586.8727663,0.0,2976192.0910708867,0.0,2976192.0910708867,16161713.764367592,1213451681.0173278,1.0,h09,0.0,0.0,NONE,False,0,9557344.06438629,531999999.99999845,76841568.68478698,False,0,0,P4,1232589586.8727665,0.0,2976192.091070886,0.0,2976192.091070886,16161713.764367588,1213451681.017328,0.9999999999999998,h09,0.0,0.0,NONE,False,0,9557344.06438629,531999999.99999845,163336123.45383784,False,0,0,P4,1232589586.8727665,0.0,2976192.091070886,0.0,2976192.091070886,16161713.764367588,1213451681.017328,0.9999999999999998,h09,0.0,0.0,NONE,False,0,9557344.06438629,531999999.99999845,163336123.45383784,False,0,0,P4,1234056630.879423,0.0,3521007.8475546553,0.0,3521007.8475546553,15616898.007883823,1214918725.0239844,1.0,h09,0.0,0.0,NONE,False,0,9557344.06438629,531999999.99999845,193236106.70008373,False,0,0,P4,1234056630.879423,0.0,3521007.8475546553,0.0,3521007.8475546553,15616898.007883823,1214918725.0239844,1.0,h09,0.0,0.0,NONE,False,0,9557344.06438629,531999999.99999845,193236106.70008373,False,0,0,P4,1234056630.879423,0.0,3521007.8475546553,0.0,3521007.8475546553,15616898.007883823,1214918725.0239844,1.0,h09,0.0,0.0,NONE,False,0,9557344.06438629,531999999.99999845,193236106.70008373,False,0,0,P4,1235322906.1175213,0.0,3991264.157952366,0.0,3991264.157952366,15146641.697486112,1216185000.2620828,1.0,h09,0.0,0.0,NONE,False,0,9557344.06438629,531999999.99999845,219044199.86735952,False,0,0,P4,1235322906.1175213,0.0,3991264.157952366,0.0,3991264.157952366,15146641.697486112,1216185000.2620828,1.0,h09,0.0,0.0,NONE,False,0,9557344.06438629,531999999.99999845,219044199.86735952,False,0,0,P4,1235322906.1175213,0.0,3991264.157952366,0.0,3991264.157952366,15146641.697486112,1216185000.2620828,1.0,h09,0.0,0.0,NONE,False,0,9557344.06438629,531999999.99999845,219044199.86735952,False,0,0,7b5c65ebd88fa60b47e7a41eaaa3afbe209d8d8658b8cd0d240b46b7b82a3da3
31,LA-0800,P4,1211627481.197755,0.0,9239208.354554776,0.0,9239208.354554776,9898697.500883702,1192489575.3423164,1.0,h09,0.0,0.0,NONE,False,0,9557344.06438629,531999999.99999845,155516479.07892114,False,0,0,P4,1211627481.197755,0.0,9239208.354554776,0.0,9239208.354554776,9898697.500883702,1192489575.3423164,1.0,h09,0.0,0.0,NONE,False,0,9557344.06438629,531999999.99999845,155516479.07892114,False,0,0,P4,1211627481.197755,0.0,9239208.354554776,0.0,9239208.354554776,9898697.500883702,1192489575.3423164,1.0,h09,0.0,0.0,NONE,False,0,9557344.06438629,531999999.99999845,155516479.07892114,False,0,0,P4,1217928418.3552198,0.0,10206482.066290895,0.0,10206482.066290895,8931423.789147584,1198790512.4997814,1.0,h09,0.0,0.0,NONE,False,0,9557344.06438629,531999999.99999845,267347718.76814923,False,0,0,P4,1217928418.3552196,0.0,10206482.066290893,0.0,10206482.066290893,8931423.789147586,1198790512.4997811,1.0,h09,0.0,0.0,NONE,False,0,9557344.06438629,531999999.99999845,161449796.54389957,False,0,0,P4,1217928418.3552196,0.0,10206482.066290893,0.0,10206482.066290893,8931423.789147586,1198790512.4997811,1.0,h09,0.0,0.0,NONE,False,0,9557344.06438629,531999999.99999845,161449796.54389957,False,0,0,P4,1222732148.2144165,0.0,10943915.48214044,0.0,10943915.48214044,8193990.373298039,1203594242.358978,1.0,h09,0.0,0.0,NONE,False,0,9557344.06438629,531999999.99999845,286663986.6252118,False,0,0,P4,1222732148.2144163,0.0,10943915.48214044,0.0,10943915.48214044,8193990.373298039,1203594242.3589778,1.0,h09,0.0,0.0,NONE,False,0,9557344.06438629,531999999.99999845,162895711.04830724,False,0,0,P4,1222732148.2144163,0.0,10943915.48214044,0.0,10943915.48214044,8193990.373298039,1203594242.3589778,1.0,h09,0.0,0.0,NONE,False,0,9557344.06438629,531999999.99999845,162895711.04830724,False,0,0,d58bfdd797fb8ba1dbb0707a80882b4b5649f6ce6db610cc55700d48b3f1bd6f
32,LA-0187,P2,1224377021.864271,9857220.992325677,318250.6395919624,0.0,10175471.631917639,8962434.223520838,1205239116.0088325,1.0,h09,0.0,626543.1073828104,R0,False,0,9112039.307430876,507212556.00883234,626543.1073828104,False,0,0,P2,1224377021.864271,9857220.992325677,318250.6395919624,0.0,10175471.631917639,8962434.223520838,1205239116.0088325,1.0,h09,0.0,626543.1073828104,R0,False,0,9112039.307430876,507212556.00883234,626543.1073828104,False,0,0,P2,1224377021.864271,9857220.992325677,318250.6395919624,0.0,10175471.631917639,8962434.223520838,1205239116.0088325,1.0,h09,0.0,626543.1073828104,R0,False,0,9112039.307430876,507212556.00883234,626543.1073828104,False,0,0,P2,1224566248.053192,9857220.992325677,386669.4435710081,0.0,10243890.435896685,8894015.419541791,1205428342.1977534,1.0,h09,0.0,761239.8674691626,R0,False,0,9115438.743132966,507401782.1977534,761239.8674691626,False,0,0,P2,1224566248.053192,9857220.992325677,386669.4435710081,0.0,10243890.435896685,8894015.419541791,1205428342.1977534,1.0,h09,0.0,761239.8674691626,R0,False,0,9115438.743132966,507401782.1977534,761239.8674691626,False,0,0,P2,1224566248.053192,9857220.992325677,386669.4435710081,0.0,10243890.435896685,8894015.419541791,1205428342.1977534,1.0,h09,0.0,761239.8674691626,R0,False,0,9115438.743132966,507401782.1977534,761239.8674691626,False,0,0,P1,1224675953.2925828,19137905.85543848,0.0,0.0,19137905.85543848,0.0,1205538047.4371443,1.0,h09,643776.696941787,0.0,NONE,False,0,9117409.590348238,507511487.43714434,0.0,False,0,0,P1,1224675953.2925828,19137905.85543848,0.0,0.0,19137905.85543848,0.0,1205538047.4371443,1.0,h09,643776.696941787,0.0,NONE,False,0,9117409.590348238,507511487.43714434,0.0,False,0,0,P1,1224675953.2925828,19137905.85543848,0.0,0.0,19137905.85543848,0.0,1205538047.4371443,1.0,h09,643776.696941787,0.0,NONE,False,0,9117409.590348238,507511487.43714434,0.0,False,0,0,bef47ae2d8d226d15c216d66d17c4ca880c7d9d78b59a42ebc126b291b65b012
33,LA-0814,P4,1222613928.671168,0.0,8290132.648752659,0.0,8290132.648752659,10847773.206685819,1203476022.8157296,1.0,h09,0.0,564259.4546050817,R0,False,0,9156306.344344486,509676636.35159147,31062458.123903994,False,0,0,P4,1222613928.671168,0.0,8290132.648752659,0.0,8290132.648752659,10847773.206685819,1203476022.8157296,1.0,h09,0.0,564259.4546050817,R0,False,0,9156306.344344486,509676636.35159147,31062458.123903994,False,0,0,P4,1222613928.671168,0.0,8290132.648752659,0.0,8290132.648752659,10847773.206685819,1203476022.8157296,1.0,h09,0.0,564259.4546050817,R0,False,0,9156306.344344486,509676636.35159147,31062458.123903994,False,0,0,P4,1227351889.4340355,0.0,9250903.955062028,0.0,9250903.955062028,9887001.90037645,1208213983.578597,1.0,h09,0.0,1508877.3369039712,R0,False,0,8681429.713613773,483243103.57859707,1508877.3369039712,False,0,0,P4,1227351889.4340355,0.0,9250903.955062028,0.0,9250903.955062028,9887001.90037645,1208213983.578597,1.0,h09,0.0,1508877.3369039712,R0,False,0,8681429.713613773,483243103.57859707,1508877.3369039712,False,0,0,P4,1227351889.4340355,0.0,9250903.955062028,0.0,9250903.955062028,9887001.90037645,1208213983.578597,1.0,h09,0.0,1508877.3369039712,R0,False,0,8681429.713613773,483243103.57859707,1508877.3369039712,False,0,0,P1,1228176645.8955712,19137905.85543848,0.0,0.0,19137905.85543848,0.0,1209038740.0401328,1.0,h09,592845.0279208618,0.0,NONE,False,0,9180299.296495631,511012180.0401328,0.0,False,0,0,P1,1228176645.8955712,19137905.85543848,0.0,0.0,19137905.85543848,0.0,1209038740.0401328,1.0,h09,592845.0279208618,0.0,NONE,False,0,9180299.296495631,511012180.0401328,0.0,False,0,0,P1,1228176645.8955712,19137905.85543848,0.0,0.0,19137905.85543848,0.0,1209038740.0401328,1.0,h09,592845.0279208618,0.0,NONE,False,0,9180299.296495631,511012180.0401328,0.0,False,0,0,e255149bd352d30373bd5851563249744cc2bc0d51ff818054910e9a09ae5dd5
34,LA-0420,P4,1238207563.2499053,0.0,6166115.167920221,0.0,6166115.167920221,12971790.687518258,1219069657.3944669,1.0,h09,0.0,0.0,NONE,False,0,9557344.06438629,531999999.99999845,55756197.0661021,False,0,0,P4,1238207563.2499053,0.0,6166115.167920221,0.0,6166115.167920221,12971790.687518258,1219069657.3944669,1.0,h09,0.0,0.0,NONE,False,0,9557344.06438629,531999999.99999845,55756197.0661021,False,0,0,P4,1238207563.2499053,0.0,6166115.167920221,0.0,6166115.167920221,12971790.687518258,1219069657.3944669,1.0,h09,0.0,0.0,NONE,False,0,9557344.06438629,531999999.99999845,55756197.0661021,False,0,0,P2,1240456893.1480699,14423297.070162445,1734419.6834124061,0.0,16157716.753574852,2980189.101863627,1221318987.2926314,1.0,h09,0.0,0.0,NONE,False,0,9557344.06438629,531999999.99999845,40012633.115693204,False,0,0,P2,1240456893.1480699,14423297.070162445,1734419.6834124061,0.0,16157716.753574852,2980189.101863627,1221318987.2926314,1.0,h09,0.0,0.0,NONE,False,0,9557344.06438629,531999999.99999845,40012633.115693204,False,0,0,P2,1240456893.1480699,14423297.070162445,1734419.6834124061,0.0,16157716.753574852,2980189.101863627,1221318987.2926314,1.0,h09,0.0,0.0,NONE,False,0,9557344.06438629,531999999.99999845,40012633.115693204,False,0,0,P1,1240662526.8156593,19137905.85543848,0.0,0.0,19137905.85543848,0.0,1221524620.9602208,1.0,h09,327040.0100774164,0.0,NONE,False,0,9404607.303826904,523498060.9602208,0.0,False,0,0,P1,1240662526.8156593,19137905.85543848,0.0,0.0,19137905.85543848,0.0,1221524620.9602208,1.0,h09,327040.0100774164,0.0,NONE,False,0,9404607.303826904,523498060.9602208,0.0,False,0,0,P1,1240662526.8156593,19137905.85543848,0.0,0.0,19137905.85543848,0.0,1221524620.9602208,1.0,h09,327040.0100774164,0.0,NONE,False,0,9404607.303826904,523498060.9602208,0.0,False,0,0,c95a78598151694d141eeb4ec81f2fd400030d9c2f720fe51cffab71b6daeef9
35,LA-0222,P4,1190004560.8680732,0.0,7292566.576876129,0.0,7292566.576876129,11845339.278562348,1170866655.0126348,1.0,h09,0.0,2176424.834347494,R0,False,0,8010487.478669062,445895775.0126347,2176424.834347494,False,0,0,P4,1190004560.8680732,0.0,7292566.576876128,0.0,7292566.576876128,11845339.27856235,1170866655.0126348,1.0,h09,0.0,0.0,NONE,False,0,9557344.06438629,531999999.99999845,323166111.7667491,False,0,0,P4,1190004560.8680732,0.0,7292566.576876128,0.0,7292566.576876128,11845339.27856235,1170866655.0126348,1.0,h09,0.0,0.0,NONE,False,0,9557344.06438629,531999999.99999845,323166111.7667491,False,0,0,P4,1196785286.824916,0.0,8225389.554210224,0.0,8225389.554210224,10912516.301228255,1177647380.9694774,1.0,h09,0.0,0.0,NONE,False,0,9557344.06438629,531999999.99999845,364503653.40916973,False,0,0,P4,1196785286.824916,0.0,8225389.554210224,0.0,8225389.554210224,10912516.301228255,1177647380.9694774,1.0,h09,0.0,0.0,NONE,False,0,9557344.06438629,531999999.99999845,364503653.40916973,False,0,0,P4,1196785286.824916,0.0,8225389.554210224,0.0,8225389.554210224,10912516.301228255,1177647380.9694774,1.0,h09,0.0,0.0,NONE,False,0,9557344.06438629,531999999.99999845,364503653.40916973,False,0,0,P4,1202149436.0021362,0.0,8963334.37578339,0.0,8963334.37578339,10174571.479655087,1183011530.1466978,1.0,h09,0.0,0.0,NONE,False,0,9557344.06438629,531999999.99999845,397205275.83143127,False,0,0,P4,1202149436.0021362,0.0,8963334.37578339,0.0,8963334.37578339,10174571.479655087,1183011530.1466978,1.0,h09,0.0,0.0,NONE,False,0,9557344.06438629,531999999.99999845,397205275.83143127,False,0,0,P4,1202149436.0021362,0.0,8963334.37578339,0.0,8963334.37578339,10174571.479655087,1183011530.1466978,1.0,h09,0.0,0.0,NONE,False,0,9557344.06438629,531999999.99999845,397205275.83143127,False,0,0,0fe15bfe147b9966570056426793d1e6ab67187683c36adc08fce2cf304c26ee
36,LA-0513,P4,1233053000.6280236,0.0,4416873.802279594,0.0,4416873.802279594,14721032.053158883,1213915094.772585,1.0,h09,0.0,0.0,NONE,False,0,9557344.06438629,531999999.99999845,75102285.60724247,False,0,0,P4,1233053000.6280236,0.0,4416873.802279594,0.0,4416873.802279594,14721032.053158883,1213915094.772585,1.0,h09,0.0,0.0,NONE,False,0,9557344.06438629,531999999.99999845,75102285.60724247,False,0,0,P4,1233053000.6280236,0.0,4416873.802279594,0.0,4416873.802279594,14721032.053158883,1213915094.772585,1.0,h09,0.0,0.0,NONE,False,0,9557344.06438629,531999999.99999845,75102285.60724247,False,0,0,P4,1235172426.0488002,0.0,5141518.107074895,0.0,5141518.107074895,13996387.748363584,1216034520.1933618,1.0,h09,0.0,0.0,NONE,False,0,9557344.06438629,531999999.99999845,82210934.40914382,False,0,0,P4,1235172426.0488002,0.0,5141518.107074895,0.0,5141518.107074895,13996387.748363584,1216034520.1933618,1.0,h09,0.0,0.0,NONE,False,0,9557344.06438629,531999999.99999845,82210934.40914382,False,0,0,P4,1235172426.0488002,0.0,5141518.107074895,0.0,5141518.107074895,13996387.748363584,1216034520.1933618,1.0,h09,0.0,0.0,NONE,False,0,9557344.06438629,531999999.99999845,82210934.40914382,False,0,0,P4,1236947825.1438181,0.0,5748537.740949096,0.0,5748537.740949096,13389368.11448938,1217809919.2883797,1.0,h09,0.0,0.0,NONE,False,0,9557344.06438629,531999999.99999845,86549151.93071648,False,0,0,P4,1236947825.1438181,0.0,5748537.740949096,0.0,5748537.740949096,13389368.11448938,1217809919.2883797,1.0,h09,0.0,0.0,NONE,False,0,9557344.06438629,531999999.99999845,86549151.93071648,False,0,0,P4,1236947825.1438181,0.0,5748537.740949096,0.0,5748537.740949096,13389368.11448938,1217809919.2883797,1.0,h09,0.0,0.0,NONE,False,0,9557344.06438629,531999999.99999845,86549151.93071648,False,0,0,fa9de1a770f0522f1d78696eda34b276c8e3916b739b37e64bebc499d897ab53
37,LA-0061,P4,1223068454.0620375,0.0,5207613.042397502,0.0,5207613.042397502,13930292.813040975,1203930548.206599,1.0,h09,0.0,0.0,NONE,False,0,9557344.06438629,531999999.99999845,112576254.99674954,False,0,0,P4,1223068454.0620375,0.0,5207613.042397502,0.0,5207613.042397502,13930292.813040975,1203930548.206599,1.0,h09,0.0,0.0,NONE,False,0,9557344.06438629,531999999.99999845,112576254.99674954,False,0,0,P4,1223068454.0620375,0.0,5207613.042397502,0.0,5207613.042397502,13930292.813040975,1203930548.206599,1.0,h09,0.0,659619.2945574352,R0,False,0,9088530.975255083,505903988.206599,15292403.281263541,False,0,0,P4,1226119902.717212,0.0,6009032.86450788,0.0,6009032.86450788,13128872.990930598,1206981996.8617735,1.0,h09,0.0,0.0,NONE,False,0,9557344.06438629,531999999.99999845,123808668.58960411,False,0,0,P4,1226119902.717212,0.0,6009032.86450788,0.0,6009032.86450788,13128872.990930598,1206981996.8617735,1.0,h09,0.0,0.0,NONE,False,0,9557344.06438629,531999999.99999845,123808668.58960411,False,0,0,P4,1226119902.717212,0.0,6009032.86450788,0.0,6009032.86450788,13128872.990930598,1206981996.8617735,1.0,h09,0.0,0.0,NONE,False,0,9557344.06438629,531999999.99999845,123808668.58960411,False,0,0,P4,1228635302.2048151,0.0,6669666.955949303,0.0,6669666.955949303,12468238.899489174,1209497396.3493767,1.0,h09,0.0,0.0,NONE,False,0,9557344.06438629,531999999.99999845,131192296.75812449,False,0,0,P4,1228635302.2048151,0.0,6669666.955949303,0.0,6669666.955949303,12468238.899489174,1209497396.3493767,1.0,h09,0.0,0.0,NONE,False,0,9557344.06438629,531999999.99999845,131192296.75812449,False,0,0,P4,1228635302.2048151,0.0,6669666.955949303,0.0,6669666.955949303,12468238.899489174,1209497396.3493767,1.0,h09,0.0,1717081.405521624,R0,False,0,8704486.137348674,484526516.3493766,1717081.405521624,False,0,0,6007b360e9316541a9c904046abbe85782dc877bef5570c5f18cf5fd7e712c32
38,LA-0619,P4,1178019369.9655879,0.0,4535639.131869047,0.0,4535639.131869047,14602266.723569432,1158881464.1101494,1.0,h09,0.0,0.0,NONE,False,0,9557344.06438629,531999999.99999845,281654338.5430497,False,0,0,P4,1178019369.9655879,0.0,4535639.131869047,0.0,4535639.131869047,14602266.723569432,1158881464.1101494,1.0,h09,0.0,0.0,NONE,False,0,9557344.06438629,531999999.99999845,281654338.5430497,False,0,0,P4,1178019369.9655879,0.0,4535639.131869047,0.0,4535639.131869047,14602266.723569432,1158881464.1101494,1.0,h09,0.0,0.0,NONE,False,0,9557344.06438629,531999999.99999845,281654338.5430497,False,0,0,P4,1182971109.7914717,0.0,5272789.261955184,0.0,5272789.261955184,13865116.593483295,1163833203.9360332,1.0,h09,0.0,0.0,NONE,False,0,9557344.06438629,531999999.99999845,322083994.99164015,False,0,0,P4,1182971109.7914717,0.0,5272789.261955184,0.0,5272789.261955184,13865116.593483295,1163833203.9360332,1.0,h09,0.0,0.0,NONE,False,0,9557344.06438629,531999999.99999845,322083994.99164015,False,0,0,P4,1182971109.7914717,0.0,5272789.261955184,0.0,5272789.261955184,13865116.593483295,1163833203.9360332,1.0,h09,0.0,0.0,NONE,False,0,9557344.06438629,531999999.99999845,322083994.99164015,False,0,0,P4,1187109015.4743564,0.0,5888786.430562124,0.0,5888786.430562124,13249119.42487635,1167971109.618918,0.9999999999999998,h09,0.0,0.0,NONE,False,0,9557344.06438629,531999999.99999845,354212918.32583696,False,0,0,P4,1187109015.4743564,0.0,5888786.430562124,0.0,5888786.430562124,13249119.42487635,1167971109.618918,0.9999999999999998,h09,0.0,0.0,NONE,False,0,9557344.06438629,531999999.99999845,354212918.32583696,False,0,0,P4,1187109015.4743564,0.0,5888786.430562124,0.0,5888786.430562124,13249119.42487635,1167971109.618918,0.9999999999999998,h09,0.0,0.0,NONE,False,0,9557344.06438629,531999999.99999845,354212918.32583696,False,0,0,7776c7d7517b186aab6f1b24878002bbe92103b91764a641f7513e78ddb099c9
39,LA-0234,P4,1180288218.6865842,0.0,1784704.838946966,0.0,1784704.838946966,17353201.01649151,1161150312.8311458,0.9999999999999998,h09,0.0,0.0,NONE,False,0,9557344.06438629,531999999.99999845,359633457.28722566,False,0,0,P4,1180288218.6865842,0.0,1784704.838946966,0.0,1784704.838946966,17353201.01649151,1161150312.8311458,0.9999999999999998,h09,0.0,0.0,NONE,False,0,9557344.06438629,531999999.99999845,359633457.28722566,False,0,0,P4,1180288218.6865842,0.0,1784704.838946966,0.0,1784704.838946966,17353201.01649151,1161150312.8311458,0.9999999999999998,h09,0.0,0.0,NONE,False,0,9557344.06438629,531999999.99999845,359633457.28722566,False,0,0,P4,1182251702.7523258,0.0,2140293.7766063684,0.0,2140293.7766063684,16997612.078832105,1163113796.8968873,0.9999999999999998,h09,0.0,0.0,NONE,False,0,9557344.06438629,531999999.99999845,325389780.75830173,False,0,0,P4,1182251702.7523258,0.0,2140293.776606369,0.0,2140293.776606369,16997612.07883211,1163113796.8968873,1.0,h09,0.0,2904590.652739632,R0,False,0,7871207.906310854,438142916.89688736,2904590.652739632,False,0,0,P4,1182251702.7523258,0.0,2140293.7766063684,0.0,2140293.7766063684,16997612.078832105,1163113796.8968873,0.9999999999999998,h09,0.0,0.0,NONE,False,0,9557344.06438629,531999999.99999845,325389780.75830173,False,0,0,P4,1183990191.8694546,0.0,2455135.9029460507,0.0,2455135.9029460507,16682769.952492427,1164852286.0140162,1.0,h09,0.0,0.0,NONE,False,0,9557344.06438629,531999999.99999845,494731113.86163515,False,0,0,P4,1183990191.8694546,0.0,2455135.9029460507,0.0,2455135.9029460507,16682769.952492427,1164852286.0140162,1.0,h09,0.0,0.0,NONE,False,0,9557344.06438629,531999999.99999845,494731113.86163515,False,0,0,P4,1183990191.8694546,0.0,2455135.9029460507,0.0,2455135.9029460507,16682769.952492427,1164852286.0140162,1.0,h09,0.0,0.0,NONE,False,0,9557344.06438629,531999999.99999845,494731113.86163515,False,0,0,9c421e7db590016c85badf38ab48a9180d77dca312237df01ba045e565061669
40,LA-0105,P4,1159026319.6068568,0.0,1395924.2014381513,0.0,1395924.2014381513,17741981.654000327,1139888413.7514184,1.0,h09,0.0,2278388.778788105,R0,False,0,7938018.355695214,441861853.7514184,16911172.765494213,False,0,0,P4,1159026319.6068568,0.0,1395924.2014381513,0.0,1395924.2014381513,17741981.654000327,1139888413.7514184,1.0,h09,0.0,2278388.778788105,R0,False,0,7938018.355695214,441861853.7514184,16911172.765494213,False,0,0,P4,1159026319.6068568,0.0,1395924.2014381513,0.0,1395924.2014381513,17741981.654000327,1139888413.7514184,1.0,h09,0.0,2278388.778788105,R0,False,0,7938018.355695214,441861853.7514184,16911172.765494213,False,0,0,P4,1160911265.5267406,0.0,1681557.7125939387,0.0,1681557.7125939387,17456348.14284454,1141773359.671302,1.0,h09,0.0,0.0,NONE,False,0,9557344.06438629,531999999.99999845,423452365.3535916,False,0,0,P4,1160911265.5267406,0.0,1681557.7125939385,0.0,1681557.7125939385,17456348.14284454,1141773359.671302,1.0,h09,0.0,2731167.561083012,R0,False,0,7971881.281821324,443746799.67130214,20646531.420530424,False,0,0,P4,1160911265.5267406,0.0,1681557.7125939385,0.0,1681557.7125939385,17456348.14284454,1141773359.671302,1.0,h09,0.0,2731167.561083012,R0,False,0,7971881.281821324,443746799.67130214,20646531.420530424,False,0,0,P4,1162594381.4897935,0.0,1936607.1106365216,0.0,1936607.1106365216,17201298.744801957,1143456475.634355,1.0,h09,0.0,3131177.0425918037,R0,False,0,8002118.346406208,445429915.6343552,24069771.91436965,False,0,0,P4,1162594381.4897935,0.0,1936607.1106365216,0.0,1936607.1106365216,17201298.744801957,1143456475.634355,1.0,h09,0.0,3131177.0425918037,R0,False,0,8002118.346406208,445429915.6343552,24069771.91436965,False,0,0,P4,1162594381.4897935,0.0,1936607.1106365216,0.0,1936607.1106365216,17201298.744801957,1143456475.634355,1.0,h09,0.0,3131177.0425918037,R0,False,0,8002118.346406208,445429915.6343552,24069771.91436965,False,0,0,52777e8c68d4dee2c091bf92a1ca45f6d1ae134cf42d74310e279f69dbf11cec
41,LA-0268,P2,1221968788.8022065,9408516.0525382,368262.0689615679,0.0,9776778.121499768,9361127.73393871,1202830882.946768,1.0,h09,0.0,0.0,NONE,False,0,9557344.06438629,531999999.99999845,102070731.27301778,False,0,0,P2,1221968788.8022065,9408516.0525382,368262.0689615679,0.0,9776778.121499768,9361127.73393871,1202830882.946768,1.0,h09,0.0,687415.1289815481,R0,False,0,9068775.56314257,504804322.946768,687415.1289815481,False,0,0,P2,1221968788.8022065,9408516.0525382,368262.0689615679,0.0,9776778.121499768,9361127.73393871,1202830882.946768,1.0,h09,0.0,687415.1289815481,R0,False,0,9068775.56314257,504804322.946768,687415.1289815481,False,0,0,P2,1222197763.5382786,9408516.0525382,447078.3362682626,0.0,9855594.388806462,9282311.466632016,1203059857.6828399,1.0,h09,0.0,0.0,NONE,False,0,9557344.06438629,531999999.99999845,123916136.26650228,False,0,0,P2,1222197763.5382786,9408516.0525382,447078.33626826253,0.0,9855594.388806462,9282311.466632016,1203059857.6828399,1.0,h09,0.0,834537.2442437906,R0,False,0,9072889.078809284,505033297.68284,834537.2442437906,False,0,0,P2,1222197763.5382786,9408516.0525382,447078.33626826253,0.0,9855594.388806462,9282311.466632016,1203059857.6828399,1.0,h09,0.0,834537.2442437906,R0,False,0,9072889.078809284,505033297.68284,834537.2442437906,False,0,0,P1,1222267620.4113657,19137905.85543848,0.0,0.0,19137905.85543848,0.0,1203129714.5559273,1.0,h09,674902.1783365898,0.0,NONE,False,0,9074144.052815594,505103154.5559272,0.0,False,0,0,P1,1222267620.4113657,19137905.85543848,0.0,0.0,19137905.85543848,0.0,1203129714.5559273,1.0,h09,674902.1783365898,0.0,NONE,False,0,9074144.052815594,505103154.5559272,0.0,False,0,0,P1,1222267620.4113657,19137905.85543848,0.0,0.0,19137905.85543848,0.0,1203129714.5559273,1.0,h09,674902.1783365898,0.0,NONE,False,0,9074144.052815594,505103154.5559272,0.0,False,0,0,658d9b59daba8a3bbf874632b6ffbda808d842ea2d38243c3ecb6c8860a96dab
42,LA-0734,P4,1226944144.1625202,0.0,1451300.0920751404,0.0,1451300.0920751404,17686605.76336334,1207806238.3070817,1.0,h09,0.0,0.0,NONE,False,0,9557344.06438629,531999999.99999845,98030026.86021312,False,0,0,P4,1226944144.1625202,0.0,1451300.0920751402,0.0,1451300.0920751402,17686605.763363335,1207806238.3070817,0.9999999999999998,h09,0.0,0.0,NONE,False,0,9557344.06438629,531999999.99999845,184524581.62926397,False,0,0,P4,1226944144.1625202,0.0,1451300.0920751402,0.0,1451300.0920751402,17686605.763363335,1207806238.3070817,0.9999999999999998,h09,0.0,0.0,NONE,False,0,9557344.06438629,531999999.99999845,184524581.62926397,False,0,0,P4,1227766534.542663,0.0,1747148.7738986053,0.0,1747148.7738986053,17390757.081539873,1208628628.6872246,1.0,h09,0.0,0.0,NONE,False,0,9557344.06438629,531999999.99999845,222140064.83438575,False,0,0,P4,1227766534.542663,0.0,1747148.7738986053,0.0,1747148.7738986053,17390757.081539873,1208628628.6872246,1.0,h09,0.0,0.0,NONE,False,0,9557344.06438629,531999999.99999845,222140064.83438575,False,0,0,P4,1227766534.542663,0.0,1747148.7738986053,0.0,1747148.7738986053,17390757.081539873,1208628628.6872246,1.0,h09,0.0,0.0,NONE,False,0,9557344.06438629,531999999.99999845,222140064.83438575,False,0,0,P4,1228499981.0647163,0.0,2011000.579533408,0.0,2011000.579533408,17126905.27590507,1209362075.2092779,1.0,h09,0.0,0.0,NONE,False,0,9557344.06438629,531999999.99999845,255687326.57077312,False,0,0,P4,1228499981.0647163,0.0,2011000.579533408,0.0,2011000.579533408,17126905.27590507,1209362075.2092779,1.0,h09,0.0,0.0,NONE,False,0,9557344.06438629,531999999.99999845,255687326.57077312,False,0,0,P4,1228499981.0647163,0.0,2011000.579533408,0.0,2011000.579533408,17126905.27590507,1209362075.2092779,1.0,h09,0.0,0.0,NONE,False,0,9557344.06438629,531999999.99999845,255687326.57077312,False,0,0,9e9047ed493a5acde98cc5bb4974224856df14ec14daa2d41e314ccaafc66b1b
43,LA-0302,P4,1223073701.6573913,0.0,7807942.161579716,0.0,7807942.161579716,11329963.693858761,1203935795.8019528,1.0,h09,0.0,0.0,NONE,False,0,9557344.06438629,531999999.99999845,112556559.73804541,False,0,0,P4,1223073701.6573913,0.0,7807942.161579716,0.0,7807942.161579716,11329963.693858761,1203935795.8019528,1.0,h09,0.0,0.0,NONE,False,0,9557344.06438629,531999999.99999845,112556559.73804541,False,0,0,P4,1223073701.6573913,0.0,7807942.161579716,0.0,7807942.161579716,11329963.693858761,1203935795.8019528,1.0,h09,0.0,0.0,NONE,False,0,9557344.06438629,531999999.99999845,112556559.73804541,False,0,0,P4,1227520637.4964314,0.0,8757947.660149261,0.0,8757947.660149261,10379958.195289217,1208382731.6409929,1.0,h09,0.0,0.0,NONE,False,0,9557344.06438629,531999999.99999845,117372077.28030911,False,0,0,P4,1227520637.4964314,0.0,8757947.660149261,0.0,8757947.660149261,10379958.195289217,1208382731.6409929,1.0,h09,0.0,0.0,NONE,False,0,9557344.06438629,531999999.99999845,117372077.28030911,False,0,0,P4,1227520637.4964314,0.0,8757947.660149261,0.0,8757947.660149261,10379958.195289217,1208382731.6409929,1.0,h09,0.0,0.0,NONE,False,0,9557344.06438629,531999999.99999845,117372077.28030911,False,0,0,P4,1231003833.1084988,0.0,9502067.90470214,0.0,9502067.90470214,9635837.950736338,1211865927.2530603,1.0,h09,0.0,0.0,NONE,False,0,9557344.06438629,531999999.99999845,242240166.1554316,False,0,0,P4,1231003833.1084988,0.0,9502067.90470214,0.0,9502067.90470214,9635837.950736338,1211865927.2530603,1.0,h09,0.0,0.0,NONE,False,0,9557344.06438629,531999999.99999845,242240166.1554316,False,0,0,P4,1231003833.1084988,0.0,9502067.90470214,0.0,9502067.90470214,9635837.950736338,1211865927.2530603,1.0,h09,0.0,0.0,NONE,False,0,9557344.06438629,531999999.99999845,242240166.1554316,False,0,0,6ed18f4ce983d933cc05d986922036238d08323302a8e8086dc19e4623874e85
44,LA-0017,P4,1177486772.7016494,0.0,4664099.666553059,0.0,4664099.666553059,14473806.188885417,1158348866.846211,0.9999999999999998,h09,0.0,2471734.286622931,R0,False,0,7800601.355395818,434212673.8467528,2925031.8489827253,False,0,0,P4,1177486772.7016494,0.0,4664099.666553059,0.0,4664099.666553059,14473806.188885417,1158348866.846211,0.9999999999999998,h09,0.0,0.0,NONE,False,0,9557344.06438629,531999999.99999845,283653280.95208806,False,0,0,P4,1177486772.7016494,0.0,4664099.666553059,0.0,4664099.666553059,14473806.188885417,1158348866.846211,0.9999999999999998,h09,0.0,0.0,NONE,False,0,9557344.06438629,531999999.99999845,283653280.95208806,False,0,0,P4,1182599096.6182945,0.0,5414386.374135671,0.0,5414386.374135671,13723519.481302805,1163461190.762856,1.0,h09,0.0,0.0,NONE,False,0,9557344.06438629,531999999.99999845,323793452.6226915,False,0,0,P4,1182599096.6182945,0.0,5414386.374135671,0.0,5414386.374135671,13723519.481302805,1163461190.762856,1.0,h09,0.0,0.0,NONE,False,0,9557344.06438629,531999999.99999845,323793452.6226915,False,0,0,P4,1182599096.6182945,0.0,5414386.374135671,0.0,5414386.374135671,13723519.481302805,1163461190.762856,1.0,h09,0.0,0.0,NONE,False,0,9557344.06438629,531999999.99999845,323793452.6226915,False,0,0,P4,1186860010.8745258,0.0,6039719.858618294,0.0,6039719.858618294,13098185.996820182,1167722105.0190873,0.9999999999999998,h09,0.0,0.0,NONE,False,0,9557344.06438629,531999999.99999845,355550219.7076801,False,0,0,P4,1186860010.8745258,0.0,6039719.858618294,0.0,6039719.858618294,13098185.996820182,1167722105.0190873,0.9999999999999998,h09,0.0,0.0,NONE,False,0,9557344.06438629,531999999.99999845,355550219.7076801,False,0,0,P4,1186860010.8745255,0.0,6039719.858618294,0.0,6039719.858618294,13098185.996820183,1167722105.019087,1.0,h09,0.0,0.0,NONE,False,0,9557344.06438629,531999999.99999845,479318495.2845847,False,0,0,3744d2e8d242360c59363ffb73973d0df63a9dd6a8b8c4fbca7a0cdae174763f
45,LA-0923,P4,1152803189.892243,0.0,47345.02331512484,0.0,47345.02331512484,19090560.832123354,1133665284.0368044,1.0,h09,0.0,0.0,NONE,False,0,9557344.06438629,531999999.99999845,376295627.85386986,False,0,0,P4,1152803189.892243,0.0,47345.02331512484,0.0,47345.02331512484,19090560.832123354,1133665284.0368044,1.0,h09,0.0,0.0,NONE,False,0,9557344.06438629,531999999.99999845,376295627.85386986,False,0,0,P4,1152803189.892243,0.0,47345.02331512484,0.0,47345.02331512484,19090560.83212335,1133665284.0368044,0.9999999999999998,h09,0.0,3116750.209501303,R0,False,0,7342167.361971911,408694404.03680444,3116750.209501303,False,0,0,P4,1152871582.6467845,0.0,57933.80503951934,0.0,57933.80503951934,19079972.050398957,1133733676.791346,0.9999999999999998,h09,0.0,0.0,NONE,False,0,9557344.06438629,531999999.99999845,460395942.1979216,False,0,0,P4,1152871582.6467845,0.0,57933.80503951934,0.0,57933.80503951934,19079972.050398957,1133733676.791346,0.9999999999999998,h09,0.0,2979971.2418713565,R0,False,0,7827448.921948584,435707116.79134595,20895335.10131877,False,0,0,P4,1152871582.6467845,0.0,57933.80503951934,0.0,57933.80503951934,19079972.050398957,1133733676.791346,0.9999999999999998,h09,0.0,2979971.2418713565,R0,False,0,7827448.921948584,435707116.79134595,20895335.10131877,False,0,0,P4,1152934504.7711368,0.0,67675.60656321025,0.0,67675.60656321025,19070230.248875268,1133796598.9156983,1.0,h09,0.0,0.0,NONE,False,0,9557344.06438629,531999999.99999845,537750171.9280025,False,0,0,P4,1152934504.7711368,0.0,67675.60656321025,0.0,67675.60656321025,19070230.248875268,1133796598.9156983,1.0,h09,0.0,0.0,NONE,False,0,9557344.06438629,531999999.99999845,537750171.9280025,False,0,0,P4,1152934504.7711368,0.0,67675.60656321025,0.0,67675.60656321025,19070230.248875268,1133796598.9156983,1.0,h09,0.0,3480567.763848043,R0,False,0,7828579.3136623,435770038.9156983,24419162.63562589,False,0,0,99149b48315d2e774634feeb530bcbe112bbc30a4a139c1968ff0172b0f2b647
46,LA-0374,P4,1227576334.2458494,0.0,3866033.4184547756,0.0,3866033.4184547756,15271872.436983703,1208438428.390411,1.0,h09,0.0,0.0,NONE,False,0,9557344.06438629,531999999.99999845,182151847.75752893,False,0,0,P4,1227576334.2458494,0.0,3866033.4184547756,0.0,3866033.4184547756,15271872.436983703,1208438428.390411,1.0,h09,0.0,0.0,NONE,False,0,9557344.06438629,531999999.99999845,182151847.75752893,False,0,0,P4,1227576334.2458494,0.0,3866033.4184547756,0.0,3866033.4184547756,15271872.436983703,1208438428.390411,1.0,h09,0.0,0.0,NONE,False,0,9557344.06438629,531999999.99999845,182151847.75752893,False,0,0,P4,1229680324.9556236,0.0,4528103.366759696,0.0,4528103.366759696,14609802.488678781,1210542419.1001852,1.0,h09,0.0,0.0,NONE,False,0,9557344.06438629,531999999.99999845,213345904.13914055,False,0,0,P4,1229680324.9556236,0.0,4528103.366759696,0.0,4528103.366759696,14609802.488678781,1210542419.1001852,1.0,h09,0.0,0.0,NONE,False,0,9557344.06438629,531999999.99999845,213345904.13914055,False,0,0,P4,1229680324.9556236,0.0,4528103.366759696,0.0,4528103.366759696,14609802.488678781,1210542419.1001852,1.0,h09,0.0,0.0,NONE,False,0,9557344.06438629,531999999.99999845,213345904.13914055,False,0,0,P4,1231462904.9008224,0.0,5089033.89116008,0.0,5089033.89116008,14048871.964278398,1212324999.045384,1.0,h09,0.0,0.0,NONE,False,0,9557344.06438629,531999999.99999845,116006404.629042,False,0,0,P4,1231462904.9008224,0.0,5089033.89116008,0.0,5089033.89116008,14048871.964278398,1212324999.045384,1.0,h09,0.0,0.0,NONE,False,0,9557344.06438629,531999999.99999845,116006404.629042,False,0,0,P4,1231462904.9008224,0.0,5089033.89116008,0.0,5089033.89116008,14048871.964278398,1212324999.045384,1.0,h09,0.0,0.0,NONE,False,0,9557344.06438629,531999999.99999845,116006404.629042,False,0,0,ed5e15dffca9074f776eecaa5b4bc310c4e28d83f3b3b8100d2d1c8d3390246e
47,LA-0930,P4,1239636227.8907912,0.0,5530139.752615,0.0,5530139.752615,13607766.102823477,1220498322.0353527,1.0,h09,0.0,0.0,NONE,False,0,9557344.06438629,531999999.99999845,50394137.3404444,False,0,0,P4,1239636227.8907912,0.0,5530139.752615,0.0,5530139.752615,13607766.102823477,1220498322.0353527,1.0,h09,0.0,0.0,NONE,False,0,9557344.06438629,531999999.99999845,50394137.3404444,False,0,0,P4,1239636227.8907912,0.0,5530139.752615,0.0,5530139.752615,13607766.102823477,1220498322.0353527,1.0,h09,0.0,0.0,NONE,False,0,9557344.06438629,531999999.99999845,50394137.3404444,False,0,0,P4,1241856564.2878087,0.0,6358538.418523923,0.0,6358538.418523923,12779367.436914556,1222718658.4323702,1.0,h09,0.0,0.0,NONE,False,0,9557344.06438629,531999999.99999845,51496293.25251698,False,0,0,P4,1241856564.2878087,0.0,6358538.418523923,0.0,6358538.418523923,12779367.436914556,1222718658.4323702,1.0,h09,0.0,0.0,NONE,False,0,9557344.06438629,531999999.99999845,51496293.25251698,False,0,0,P4,1241856564.2878087,0.0,6358538.418523923,0.0,6358538.418523923,12779367.436914556,1222718658.4323702,1.0,h09,0.0,0.0,NONE,False,0,9557344.06438629,531999999.99999845,51496293.25251698,False,0,0,P2,1243590388.5822074,15848857.992393322,1209381.8345012832,0.0,17058239.826894604,2079666.028543873,1224452482.726769,1.0,h09,0.0,0.0,NONE,False,0,9557344.06438629,531999999.99999845,29936078.470273722,False,0,0,P2,1243590388.5822074,15848857.992393322,1209381.8345012832,0.0,17058239.826894604,2079666.028543873,1224452482.726769,1.0,h09,0.0,0.0,NONE,False,0,9557344.06438629,531999999.99999845,29936078.470273722,False,0,0,P3b,1243588343.9861095,15848857.992393322,702406.3460705568,506212.65777043335,17057476.996234313,2080428.8592041654,1224450438.130671,1.0,h09,0.0,117094.83907076229,R2,True,2,9457169.411660517,526423878.130671,117094.83907076229,True,0,1,df29e9bce0880b0cf64f82b3c1c5afda72c8eeb03756af5d33dbaff4dfcd689e
48,LA-0433,P1,1230239603.001635,19137905.85543848,0.0,0.0,19137905.85543848,0.0,1211101697.1461966,1.0,h09,559114.7812893173,0.0,NONE,False,0,9217360.181557138,513075137.14619654,0.0,False,0,0,P1,1230239603.001635,19137905.85543848,0.0,0.0,19137905.85543848,0.0,1211101697.1461966,1.0,h09,559114.7812893173,0.0,NONE,False,0,9217360.181557138,513075137.14619654,0.0,False,0,0,P1,1230239603.001635,19137905.85543848,0.0,0.0,19137905.85543848,0.0,1211101697.1461966,1.0,h09,559114.7812893173,0.0,NONE,False,0,9217360.181557138,513075137.14619654,0.0,False,0,0,P1,1230239603.001635,19137905.85543848,0.0,0.0,19137905.85543848,0.0,1211101697.1461966,1.0,h09,559114.7812893173,0.0,NONE,False,0,9217360.181557138,513075137.14619654,0.0,False,0,0,P1,1230239603.001635,19137905.85543848,0.0,0.0,19137905.85543848,0.0,1211101697.1461966,1.0,h09,559114.7812893173,0.0,NONE,False,0,9217360.181557138,513075137.14619654,0.0,False,0,0,P1,1230239603.001635,19137905.85543848,0.0,0.0,19137905.85543848,0.0,1211101697.1461966,1.0,h09,559114.7812893173,0.0,NONE,False,0,9217360.181557138,513075137.14619654,0.0,False,0,0,P1,1230239603.001635,19137905.85543848,0.0,0.0,19137905.85543848,0.0,1211101697.1461966,1.0,h09,559114.7812893173,0.0,NONE,False,0,9217360.181557138,513075137.14619654,0.0,False,0,0,P1,1230239603.001635,19137905.85543848,0.0,0.0,19137905.85543848,0.0,1211101697.1461966,1.0,h09,559114.7812893173,0.0,NONE,False,0,9217360.181557138,513075137.14619654,0.0,False,0,0,P1,1230239603.001635,19137905.85543848,0.0,0.0,19137905.85543848,0.0,1211101697.1461966,1.0,h09,559114.7812893173,0.0,NONE,False,0,9217360.181557138,513075137.14619654,0.0,False,0,0,c6a933e7c1f81aaef3c411120217fbecdeea2a5df2705aa327b6692db3af3f17
49,LA-0947,P4,1225746402.8568609,0.0,8830725.354629494,0.0,8830725.354629494,10307180.500808984,1206608497.0014224,1.0,h09,0.0,0.0,NONE,False,0,9557344.06438629,531999999.99999845,102525385.83602509,False,0,0,P4,1225746402.8568609,0.0,8830725.354629494,0.0,8830725.354629494,10307180.500808984,1206608497.0014224,1.0,h09,0.0,0.0,NONE,False,0,9557344.06438629,531999999.99999845,102525385.83602509,False,0,0,P4,1225746402.8568609,0.0,8830725.354629494,0.0,8830725.354629494,10307180.500808984,1206608497.0014224,1.0,h09,0.0,0.0,NONE,False,0,9557344.06438629,531999999.99999845,102525385.83602509,False,0,0,P4,1230470507.980146,0.0,9797562.13461006,0.0,9797562.13461006,9340343.720828418,1211332602.1247072,1.0,h09,0.0,0.0,NONE,False,0,9557344.06438629,531999999.99999845,209714891.85626876,False,0,0,P4,1230470507.980146,0.0,9797562.13461006,0.0,9797562.13461006,9340343.720828418,1211332602.1247072,1.0,h09,0.0,0.0,NONE,False,0,9557344.06438629,531999999.99999845,209714891.85626876,False,0,0,P4,1230470507.980146,0.0,9797562.13461006,0.0,9797562.13461006,9340343.720828418,1211332602.1247072,1.0,h09,0.0,0.0,NONE,False,0,9557344.06438629,531999999.99999845,209714891.85626876,False,0,0,P4,1233530079.2509606,0.0,8652470.380560312,1771264.5335282467,10423734.914088558,8714170.941349918,1214392173.395522,1.0,h09,0.0,0.0,NONE,False,0,9557344.06438629,531999999.99999845,185204427.91976163,True,1,0,P4,1233763836.52361,0.0,6905687.831172024,3565887.916870781,10471575.748042805,8666330.107395673,1214625930.6681716,1.0,h09,0.0,995488.0398574017,R2,True,2,8796619.90996284,489655050.6681716,995488.0398574017,True,0,1,P4,1232723449.612874,0.0,6320033.211402737,3938616.637562995,10258649.84896573,8879256.006472746,1213585543.7574356,1.0,h09,0.0,0.0,NONE,False,0,9557344.06438629,531999999.99999845,135279068.73642936,True,0,1,7470c0bb67964968df2138167c6c1ba908541b16d5bce1fb10f09bdfb6025450
50,LA-0278,P4,1216400690.785559,0.0,9858167.66467906,0.0,9858167.66467906,9279738.190759419,1197262784.9301205,1.0,h09,0.0,0.0,NONE,False,0,9557344.06438629,531999999.99999845,224096238.3386364,False,0,0,P4,1216400690.785559,0.0,9858167.66467906,0.0,9858167.66467906,9279738.190759419,1197262784.9301205,1.0,h09,0.0,0.0,NONE,False,0,9557344.06438629,531999999.99999845,224096238.3386364,False,0,0,P4,1216400690.785559,0.0,9858167.66467906,0.0,9858167.66467906,9279738.190759419,1197262784.9301205,1.0,h09,0.0,0.0,NONE,False,0,9557344.06438629,531999999.99999845,224096238.3386364,False,0,0,P4,1222585584.093517,0.0,10819414.051261324,0.0,10819414.051261324,8318491.804177154,1203447678.2380786,1.0,h09,0.0,0.0,NONE,False,0,9557344.06438629,531999999.99999845,245947327.37230065,False,0,0,P4,1222585584.093517,0.0,10819414.051261323,0.0,10819414.051261323,8318491.804177156,1203447678.2380786,1.0,h09,0.0,0.0,NONE,False,0,9557344.06438629,531999999.99999845,245947327.37230062,False,0,0,P4,1222585584.093517,0.0,10819414.051261323,0.0,10819414.051261323,8318491.804177156,1203447678.2380786,1.0,h09,0.0,0.0,NONE,False,0,9557344.06438629,531999999.99999845,245947327.37230062,False,0,0,P4,1226830605.7916903,0.0,9429207.535147905,2049961.1093061466,11479168.644454053,7658737.210984426,1207692699.9362519,1.0,h09,0.0,0.0,NONE,False,0,9557344.06438629,531999999.99999845,214345100.53139406,True,1,0,P4,1227247063.7934012,0.0,11543893.89182298,0.0,11543893.89182298,7594011.963615497,1208109157.9379628,1.0,h09,0.0,0.0,NONE,False,0,9557344.06438629,531999999.99999845,262416230.37176368,False,0,0,P4,1226188265.8908942,0.0,6847442.139395167,4531895.0483378405,11379337.187733008,7758568.667705469,1207050360.0354557,1.0,h09,0.0,1048297.6141054105,R2,True,2,8660525.295261852,482079480.03545576,1048297.6141054105,True,0,1,b375960bb683bdeeb4aa26d6b7fd62aa14eea0db5d4fc550d647fcd904c2da5c
51,LA-0164,P4,1205116706.1614869,0.0,9863877.678682256,0.0,9863877.678682256,9274028.176756222,1185978800.3060484,1.0,h09,0.0,1773342.6181283325,R0,False,0,8296971.243651021,461842607.30659044,2226640.1804881273,False,0,0,P4,1205116706.1614869,0.0,9863877.67868225,0.0,9863877.67868225,9274028.176756226,1185978800.3060484,1.0,h09,0.0,0.0,NONE,False,0,9557344.06438629,531999999.99999845,179952699.87258703,False,0,0,P4,1205116706.161487,0.0,9863877.678682255,0.0,9863877.678682255,9274028.176756224,1185978800.3060486,1.0,h09,0.0,0.0,NONE,False,0,9557344.06438629,531999999.99999845,266447254.64163798,False,0,0,P4,1212474274.7107446,0.0,10825031.35008324,0.0,10825031.35008324,8312874.505355238,1193336368.8553061,1.0,h09,0.0,1969294.1667436338,R0,False,0,8414154.370065143,468365488.85530615,1969294.1667436338,False,0,0,P4,1212474274.7107446,0.0,10825031.35008324,0.0,10825031.35008324,8312874.505355237,1193336368.8553061,1.0,h09,0.0,0.0,NONE,False,0,9557344.06438629,531999999.99999845,186512423.74677473,False,0,0,P4,1212474274.7107449,0.0,10825031.350083241,0.0,10825031.350083241,8312874.505355237,1193336368.8553064,1.0,h09,0.0,0.0,NONE,False,0,9557344.06438629,531999999.99999845,292410345.97102445,False,0,0,P4,1218019002.2279518,0.0,11549365.098984487,0.0,11549365.098984487,7588540.756453991,1198881096.3725133,1.0,h09,0.0,0.0,NONE,False,0,9557344.06438629,531999999.99999845,311976356.93810344,False,0,0,P4,1218019002.2279518,0.0,11549365.098984484,0.0,11549365.098984484,7588540.756453993,1198881096.3725133,1.0,h09,0.0,0.0,NONE,False,0,9557344.06438629,531999999.99999845,311976356.9381034,False,0,0,P4,1218019002.2279518,0.0,11549365.098984484,0.0,11549365.098984484,7588540.756453993,1198881096.3725133,1.0,h09,0.0,0.0,NONE,False,0,9557344.06438629,531999999.99999845,311976356.9381034,False,0,0,0e81134dbdc894b4357dabb643c795b105ad5af22c956e675b5b622b5243afcb
52,LA-0453,P4,1214316697.1180053,0.0,9755979.656949464,0.0,9755979.656949464,9381926.198489014,1195178791.2625668,1.0,h09,0.0,0.0,NONE,False,0,9557344.06438629,531999999.99999845,231917876.9468313,False,0,0,P4,1214316697.1180053,0.0,9755979.656949464,0.0,9755979.656949464,9381926.198489014,1195178791.2625668,1.0,h09,0.0,0.0,NONE,False,0,9557344.06438629,531999999.99999845,231917876.9468313,False,0,0,P4,1214316697.1180053,0.0,9755979.656949464,0.0,9755979.656949464,9381926.198489014,1195178791.2625668,1.0,h09,0.0,0.0,NONE,False,0,9557344.06438629,531999999.99999845,231917876.9468313,False,0,0,P4,1220657921.6629164,0.0,10718771.203634389,0.0,10718771.203634389,8419134.65180409,1201520015.807478,1.0,h09,0.0,0.0,NONE,False,0,9557344.06438629,531999999.99999845,254805232.117818,False,0,0,P4,1220657921.6629164,0.0,10718771.203634389,0.0,10718771.203634389,8419134.65180409,1201520015.807478,1.0,h09,0.0,0.0,NONE,False,0,9557344.06438629,531999999.99999845,254805232.117818,False,0,0,P4,1220657921.6629164,0.0,10718771.203634389,0.0,10718771.203634389,8419134.65180409,1201520015.807478,1.0,h09,0.0,0.0,NONE,False,0,9557344.06438629,531999999.99999845,254805232.117818,False,0,0,P4,1225265124.2550566,0.0,9303200.474902831,2115084.7860183255,11418285.260921156,7719620.594517323,1206127218.3996181,1.0,h09,0.0,0.0,NONE,False,0,9557344.06438629,531999999.99999845,221154469.2401354,True,1,0,P4,1225446242.8429062,0.0,11445784.593911838,0.0,11445784.593911838,7692121.26152664,1206308336.9874678,1.0,h09,0.0,1832427.3652101492,R0,False,0,8647194.901327029,481337456.98746777,1832427.3652101492,False,0,0,P4,1224907749.9326072,0.0,6715881.809613914,4648143.114960576,11364024.92457449,7773880.930863989,1205769844.0771687,1.0,h09,0.0,0.0,NONE,False,0,9557344.06438629,531999999.99999845,159649067.12387687,True,0,1,8ce1173c55e5245f582aa408b3a5ca65f60520daad0aee92e7d47f0d65fbeab2
53,LA-0258,P4,1204154676.7192168,0.0,6171202.952010693,0.0,6171202.952010693,12966702.903427783,1185016770.8637784,1.0,h09,0.0,1137695.8898264219,R0,False,0,8748746.242881905,486990210.8637784,15770479.876532529,False,0,0,P4,1204154676.719217,0.0,6171202.952010692,0.0,6171202.952010692,12966702.903427783,1185016770.8637786,0.9999999999999998,h09,0.0,0.0,NONE,False,0,9557344.06438629,531999999.99999845,183563385.8094172,False,0,0,P4,1204154676.719217,0.0,6171202.952010692,0.0,6171202.952010692,12966702.903427783,1185016770.8637786,0.9999999999999998,h09,0.0,0.0,NONE,False,0,9557344.06438629,531999999.99999845,183563385.8094172,False,0,0,P4,1209008543.4218323,0.0,7045908.347174467,0.0,7045908.347174467,12091997.508264013,1189870637.5663939,1.0,h09,0.0,2051630.7709649303,R0,False,0,8366357.367971327,465704916.530756,2586983.5210526707,False,0,0,P4,1209008543.4218323,0.0,7045908.347174466,0.0,7045908.347174466,12091997.50826401,1189870637.5663939,1.0,h09,0.0,0.0,NONE,False,0,9557344.06438629,531999999.99999845,202437990.97442508,False,0,0,P4,1209008543.4218323,0.0,7045908.347174466,0.0,7045908.347174466,12091997.50826401,1189870637.5663939,1.0,h09,0.0,0.0,NONE,False,0,9557344.06438629,531999999.99999845,202437990.97442508,False,0,0,P4,1212933505.4100013,0.0,7753217.722813945,0.0,7753217.722813945,11384688.132624533,1193795599.5545628,1.0,h09,0.0,0.0,NONE,False,0,9557344.06438629,531999999.99999845,339288470.55619997,False,0,0,P4,1212933505.4100013,0.0,7753217.722813945,0.0,7753217.722813945,11384688.132624533,1193795599.5545628,1.0,h09,0.0,0.0,NONE,False,0,9557344.06438629,531999999.99999845,339288470.55619997,False,0,0,P4,1212933505.4100013,0.0,7753217.722813945,0.0,7753217.722813945,11384688.132624533,1193795599.5545628,1.0,h09,0.0,0.0,NONE,False,0,9557344.06438629,531999999.99999845,339288470.55619997,False,0,0,b8048c6363f9853cac7606bfdafd550fab23b3569c85f4b11dbed288d22157b7
54,LA-0663,P4,1219198542.8848238,0.0,7712578.094680462,0.0,7712578.094680462,11425327.760758014,1200060637.0293853,1.0,h09,0.0,0.0,NONE,False,0,9557344.06438629,531999999.99999845,213595348.46534005,False,0,0,P4,1219198542.8848238,0.0,7712578.094680462,0.0,7712578.094680462,11425327.760758014,1200060637.0293853,1.0,h09,0.0,0.0,NONE,False,0,9557344.06438629,531999999.99999845,213595348.46534005,False,0,0,P4,1219198542.8848238,0.0,7712578.094680462,0.0,7712578.094680462,11425327.760758014,1200060637.0293853,1.0,h09,0.0,0.0,NONE,False,0,9557344.06438629,531999999.99999845,213595348.46534005,False,0,0,P4,1223916956.625177,0.0,8659849.107426524,0.0,8659849.107426524,10478056.748011954,1204779050.7697384,1.0,h09,0.0,1615178.0379223374,R0,False,0,8619721.377725968,479808170.7697383,1615178.0379223374,False,0,0,P4,1223916956.625177,0.0,8659849.107426524,0.0,8659849.107426524,10478056.748011954,1204779050.7697384,1.0,h09,0.0,1615178.0379223374,R0,False,0,8619721.377725968,479808170.7697383,1615178.0379223374,False,0,0,P4,1223916956.625177,0.0,8659849.107426524,0.0,8659849.107426524,10478056.748011954,1204779050.7697384,1.0,h09,0.0,1615178.0379223374,R0,False,0,8619721.377725968,479808170.7697383,1615178.0379223374,False,0,0,P4,1227619557.3835502,0.0,9403185.017158806,0.0,9403185.017158806,9734720.838279672,1208481651.5281117,1.0,h09,0.0,1753820.1575834034,R0,False,0,8686238.350246327,483510771.5281116,1753820.1575834034,False,0,0,P4,1227619557.3835502,0.0,9403185.017158806,0.0,9403185.017158806,9734720.838279672,1208481651.5281117,1.0,h09,0.0,1753820.1575834034,R0,False,0,8686238.350246327,483510771.5281116,1753820.1575834034,False,0,0,P4,1227619557.3835502,0.0,9403185.017158806,0.0,9403185.017158806,9734720.838279672,1208481651.5281117,1.0,h09,0.0,1753820.1575834034,R0,False,0,8686238.350246327,483510771.5281116,1753820.1575834034,False,0,0,6e7fa8660727dcd9e9a47473d882d37b75e0c7ea931c7fb78ee9955d570fba2a
55,LA-0640,P4,1190126858.3208358,0.0,4224420.854174471,0.0,4224420.854174471,14913485.001264006,1170988952.4653974,1.0,h09,0.0,0.0,NONE,False,0,9557344.06438629,531999999.99999845,236212550.5750275,False,0,0,P4,1190126858.3208358,0.0,4224420.854174471,0.0,4224420.854174471,14913485.001264006,1170988952.4653974,1.0,h09,0.0,0.0,NONE,False,0,9557344.06438629,531999999.99999845,236212550.5750275,False,0,0,P4,1190126858.3208358,0.0,4224420.854174471,0.0,4224420.854174471,14913485.001264006,1170988952.4653974,1.0,h09,0.0,0.0,NONE,False,0,9557344.06438629,531999999.99999845,236212550.5750275,False,0,0,P4,1194183610.5566516,0.0,4928060.739408915,0.0,4928060.739408915,14209845.116029562,1175045704.7012131,1.0,h09,0.0,0.0,NONE,False,0,9557344.06438629,531999999.99999845,376458755.1931369,False,0,0,P4,1194183610.5566516,0.0,4928060.739408915,0.0,4928060.739408915,14209845.116029562,1175045704.7012131,1.0,h09,0.0,0.0,NONE,False,0,9557344.06438629,531999999.99999845,376458755.1931369,False,0,0,P4,1194183610.5566516,0.0,4928060.739408915,0.0,4928060.739408915,14209845.116029562,1175045704.7012131,1.0,h09,0.0,0.0,NONE,False,0,9557344.06438629,531999999.99999845,376458755.1931369,False,0,0,P4,1197595315.8625534,0.0,5519817.837292315,0.0,5519817.837292315,13618088.018146161,1178457410.0071146,1.0,h09,0.0,0.0,NONE,False,0,9557344.06438629,531999999.99999845,421663583.66946125,False,0,0,P4,1197595315.8625534,0.0,5519817.837292315,0.0,5519817.837292315,13618088.018146161,1178457410.0071146,1.0,h09,0.0,0.0,NONE,False,0,9557344.06438629,531999999.99999845,421663583.66946125,False,0,0,P4,1197595315.8625534,0.0,5519817.837292315,0.0,5519817.837292315,13618088.018146161,1178457410.0071146,1.0,h09,0.0,0.0,NONE,False,0,9557344.06438629,531999999.99999845,421663583.66946125,False,0,0,7910ef768fb76c62b7ccd5bbd4c137a3335e6b1077533ec2680462d0bb3649a2
56,LA-0336,P4,1232714491.1692388,0.0,3777761.182327351,0.0,3777761.182327351,15360144.673111126,1213576585.3138003,1.0,h09,0.0,0.0,NONE,False,0,9557344.06438629,531999999.99999845,76372778.26434103,False,0,0,P4,1232714491.1692388,0.0,3777761.182327351,0.0,3777761.182327351,15360144.673111126,1213576585.3138003,1.0,h09,0.0,0.0,NONE,False,0,9557344.06438629,531999999.99999845,76372778.26434103,False,0,0,P4,1232714491.1692388,0.0,3777761.182327351,0.0,3777761.182327351,15360144.673111126,1213576585.3138003,1.0,h09,0.0,0.0,NONE,False,0,9557344.06438629,531999999.99999845,76372778.26434103,False,0,0,P4,1234554598.762903,0.0,4429098.392833026,0.0,4429098.392833026,14708807.462605452,1215416692.9074645,1.0,h09,0.0,0.0,NONE,False,0,9557344.06438629,531999999.99999845,85049945.61815181,False,0,0,P4,1234554598.762903,0.0,4429098.392833026,0.0,4429098.392833026,14708807.462605452,1215416692.9074645,1.0,h09,0.0,0.0,NONE,False,0,9557344.06438629,531999999.99999845,85049945.61815181,False,0,0,P4,1234554598.762903,0.0,4429098.392833026,0.0,4429098.392833026,14708807.462605452,1215416692.9074645,1.0,h09,0.0,0.0,NONE,False,0,9557344.06438629,531999999.99999845,85049945.61815181,False,0,0,P4,1236116462.876642,0.0,4981946.616781678,0.0,4981946.616781678,14155959.2386568,1216978557.0212035,1.0,h09,0.0,0.0,NONE,False,0,9557344.06438629,531999999.99999845,91014057.03473179,False,0,0,P4,1236116462.8766418,0.0,4981946.616781678,0.0,4981946.616781678,14155959.2386568,1216978557.0212033,1.0,h09,0.0,0.0,NONE,False,0,9557344.06438629,531999999.99999845,214782332.61163634,False,0,0,P4,1236116462.876642,0.0,4981946.616781678,0.0,4981946.616781678,14155959.2386568,1216978557.0212035,1.0,h09,0.0,0.0,NONE,False,0,9557344.06438629,531999999.99999845,91014057.03473179,False,0,0,262a72d407e7deadfbf44a668355c804c1f13933ff89fc9455b6ffa284027562
57,LA-0303,P4,1223625780.4730349,0.0,3714392.1714699673,0.0,3714392.1714699673,15423513.683968509,1204487874.6175964,0.9999999999999998,h09,0.0,0.0,NONE,False,0,9557344.06438629,531999999.99999845,196979053.99825966,False,0,0,P4,1223625780.4730349,0.0,3714392.1714699673,0.0,3714392.1714699673,15423513.683968509,1204487874.6175964,0.9999999999999998,h09,0.0,0.0,NONE,False,0,9557344.06438629,531999999.99999845,196979053.99825966,False,0,0,P4,1223625780.4730349,0.0,3714392.1714699673,0.0,3714392.1714699673,15423513.683968509,1204487874.6175964,0.9999999999999998,h09,0.0,0.0,NONE,False,0,9557344.06438629,531999999.99999845,196979053.99825966,False,0,0,P4,1225815515.469823,0.0,4357903.484153836,0.0,4357903.484153836,14780002.371284641,1206677609.6143844,1.0,h09,0.0,0.0,NONE,False,0,9557344.06438629,531999999.99999845,231105296.9360059,False,0,0,P4,1225815515.469823,0.0,4357903.484153836,0.0,4357903.484153836,14780002.371284641,1206677609.6143844,1.0,h09,0.0,0.0,NONE,False,0,9557344.06438629,531999999.99999845,231105296.9360059,False,0,0,P4,1225815515.469823,0.0,4357903.484153836,0.0,4357903.484153836,14780002.371284641,1206677609.6143844,1.0,h09,0.0,0.0,NONE,False,0,9557344.06438629,531999999.99999845,231105296.9360059,False,0,0,P4,1227676587.065232,0.0,4904828.398409275,0.0,4904828.398409275,14233077.457029203,1208538681.2097936,1.0,h09,0.0,0.0,NONE,False,0,9557344.06438629,531999999.99999845,260109437.3834268,False,0,0,P4,1227676587.065232,0.0,4904828.398409275,0.0,4904828.398409275,14233077.457029203,1208538681.2097936,1.0,h09,0.0,0.0,NONE,False,0,9557344.06438629,531999999.99999845,260109437.3834268,False,0,0,P4,1227676587.065232,0.0,4904828.398409275,0.0,4904828.398409275,14233077.457029203,1208538681.2097936,1.0,h09,0.0,0.0,NONE,False,0,9557344.06438629,531999999.99999845,260109437.3834268,False,0,0,d243f48f17eb56b816a5da897f072316fc6f2769e8f5606e29e1a436c2fc99f2
58,LA-0434,P4,1154474549.4225793,0.0,3115246.2865165547,0.0,3115246.2865165547,16022659.568921924,1135336643.5671408,1.0,h09,0.0,3074503.8692145064,R0,False,0,7372193.223037164,410365763.5671407,3074503.8692145064,False,0,0,P4,1154474549.4225793,0.0,3115246.2865165547,0.0,3115246.2865165547,16022659.568921924,1135336643.5671408,1.0,h09,0.0,3074503.8692145064,R0,False,0,7372193.223037164,410365763.5671407,3074503.8692145064,False,0,0,P4,1154474549.4225793,0.0,3115246.2865165547,0.0,3115246.2865165547,16022659.568921924,1135336643.5671408,1.0,h09,0.0,0.0,NONE,False,0,9557344.06438629,531999999.99999845,456517241.1863964,False,0,0,P4,1158759699.4043388,0.0,3679721.399552711,0.0,3679721.399552711,15458184.455885768,1139621793.5489001,1.0,h09,0.0,0.0,NONE,False,0,9557344.06438629,531999999.99999845,539237064.1541642,False,0,0,P4,1158759699.4043388,0.0,3679721.399552711,0.0,3679721.399552711,15458184.455885768,1139621793.5489001,1.0,h09,0.0,0.0,NONE,False,0,9557344.06438629,531999999.99999845,539237064.1541642,False,0,0,P4,1158759699.4043388,0.0,3679721.399552711,0.0,3679721.399552711,15458184.455885768,1139621793.5489001,1.0,h09,0.0,0.0,NONE,False,0,9557344.06438629,531999999.99999845,539237064.1541642,False,0,0,P4,1162447593.4350588,0.0,4165521.058541863,0.0,4165521.058541863,14972384.796896614,1143309687.5796204,1.0,h09,0.0,4111042.734313651,R0,False,0,7515428.420157019,418338807.5796203,4111042.734313651,False,0,0,P4,1162447593.4350588,0.0,4165521.058541863,0.0,4165521.058541863,14972384.796896614,1143309687.5796204,1.0,h09,0.0,4111042.734313651,R0,False,0,7515428.420157019,418338807.5796203,4111042.734313651,False,0,0,P4,1162447593.4350588,0.0,4165521.058541863,0.0,4165521.058541863,14972384.796896614,1143309687.5796204,1.0,h09,0.0,0.0,NONE,False,0,9557344.06438629,531999999.99999845,610427557.5192997,False,0,0,bb3f1f3dbbacd3e328d6a1840a93be4c232d9a6daf1c65b37493edd5e1b064ab
59,LA-0251,P1,1221653928.8668115,19137905.85543848,0.0,0.0,19137905.85543848,0.0,1202516023.011373,1.0,h09,682385.729363933,0.0,NONE,False,0,9063119.125671402,504489463.0113729,0.0,False,0,0,P1,1221653928.8668115,19137905.85543848,0.0,0.0,19137905.85543848,0.0,1202516023.011373,1.0,h09,682385.729363933,0.0,NONE,False,0,9063119.125671402,504489463.0113729,0.0,False,0,0,P1,1221653928.8668115,19137905.85543848,0.0,0.0,19137905.85543848,0.0,1202516023.011373,1.0,h09,682385.729363933,0.0,NONE,False,0,9063119.125671402,504489463.0113729,0.0,False,0,0,P1,1221653928.8668115,19137905.85543848,0.0,0.0,19137905.85543848,0.0,1202516023.011373,1.0,h09,682385.729363933,0.0,NONE,False,0,9063119.125671402,504489463.0113729,0.0,False,0,0,P1,1221653928.8668115,19137905.85543848,0.0,0.0,19137905.85543848,0.0,1202516023.011373,1.0,h09,682385.729363933,0.0,NONE,False,0,9063119.125671402,504489463.0113729,0.0,False,0,0,P1,1221653928.8668115,19137905.85543848,0.0,0.0,19137905.85543848,0.0,1202516023.011373,1.0,h09,682385.729363933,0.0,NONE,False,0,9063119.125671402,504489463.0113729,0.0,False,0,0,P1,1221653928.8668115,19137905.85543848,0.0,0.0,19137905.85543848,0.0,1202516023.011373,1.0,h09,682385.729363933,0.0,NONE,False,0,9063119.125671402,504489463.0113729,0.0,False,0,0,P1,1221653928.8668115,19137905.85543848,0.0,0.0,19137905.85543848,0.0,1202516023.011373,1.0,h09,682385.729363933,0.0,NONE,False,0,9063119.125671402,504489463.0113729,0.0,False,0,0,P1,1221653928.8668115,19137905.85543848,0.0,0.0,19137905.85543848,0.0,1202516023.011373,1.0,h09,682385.729363933,0.0,NONE,False,0,9063119.125671402,504489463.0113729,0.0,False,0,0,df2659a9919a201ddd746b03a831ef3bd3e6baf54a3b4b18cfefe50fae541e38
60,LA-0758,P4,1219664114.4592042,0.0,2650539.1096758144,0.0,2650539.1096758144,16487366.745762665,1200526208.6037657,1.0,h09,0.0,0.0,NONE,False,0,9557344.06438629,531999999.99999845,125353411.89866285,False,0,0,P4,1219664114.4592042,0.0,2650539.1096758144,0.0,2650539.1096758144,16487366.745762665,1200526208.6037657,1.0,h09,0.0,0.0,NONE,False,0,9557344.06438629,531999999.99999845,211847966.66771376,False,0,0,P4,1219664114.4592042,0.0,2650539.1096758144,0.0,2650539.1096758144,16487366.745762665,1200526208.6037657,1.0,h09,0.0,0.0,NONE,False,0,9557344.06438629,531999999.99999845,211847966.66771376,False,0,0,P4,1221364953.9738934,0.0,3147350.6626656493,0.0,3147350.6626656493,15990555.192772828,1202227048.118455,1.0,h09,0.0,0.0,NONE,False,0,9557344.06438629,531999999.99999845,145658387.90224013,False,0,0,P4,1221364953.9738932,0.0,3147350.6626656493,0.0,3147350.6626656493,15990555.192772828,1202227048.1184547,1.0,h09,0.0,0.0,NONE,False,0,9557344.06438629,531999999.99999845,251556310.1264898,False,0,0,P4,1221364953.9738934,0.0,3147350.66266565,0.0,3147350.66266565,15990555.192772828,1202227048.118455,1.0,h09,0.0,1694154.7416681964,R0,False,0,8573874.822478708,477256168.1184548,1694154.7416681964,False,0,0,P2,1222793717.5324004,9663105.608530667,1771961.55182542,0.0,11435067.160356086,7702838.695082393,1203655811.676962,1.0,h09,0.0,0.0,NONE,False,0,9557344.06438629,531999999.99999845,141626452.67041358,False,0,0,P2,1222793717.5324004,9663105.608530667,1771961.55182542,0.0,11435067.160356086,7702838.695082393,1203655811.676962,1.0,h09,0.0,0.0,NONE,False,0,9557344.06438629,531999999.99999845,141626452.67041358,False,0,0,P2,1222793717.5324004,9663105.608530667,1771961.55182542,0.0,11435067.160356086,7702838.695082392,1203655811.676962,1.0,h09,0.0,953810.8036987036,R0,False,0,9083595.352058094,505629251.6769618,953810.8036987036,False,0,0,2cb4ddb130e764ed9e613b59a7b5c5e7b9b57e43de43f0824047e0b3878354cc
61,LA-0129,P4,1226686331.3026288,0.0,6771009.530393996,0.0,6771009.530393996,12366896.325044481,1207548425.4471903,1.0,h09,0.0,0.0,NONE,False,0,9557344.06438629,531999999.99999845,185492204.06018224,False,0,0,P4,1226686331.3026288,0.0,6771009.530393996,0.0,6771009.530393996,12366896.325044481,1207548425.4471903,1.0,h09,0.0,0.0,NONE,False,0,9557344.06438629,531999999.99999845,185492204.06018224,False,0,0,P4,1226686331.3026288,0.0,6771009.530393996,0.0,6771009.530393996,12366896.325044481,1207548425.4471903,1.0,h09,0.0,0.0,NONE,False,0,9557344.06438629,531999999.99999845,185492204.06018224,False,0,0,P4,1230320474.0612175,0.0,7680374.861042586,0.0,7680374.861042586,11457530.994395893,1211182568.205779,1.0,h09,0.0,0.0,NONE,False,0,9557344.06438629,531999999.99999845,210404320.74245015,False,0,0,P4,1230320474.0612175,0.0,7680374.861042586,0.0,7680374.861042586,11457530.994395893,1211182568.205779,1.0,h09,0.0,0.0,NONE,False,0,9557344.06438629,531999999.99999845,210404320.74245015,False,0,0,P4,1230320474.0612175,0.0,7680374.861042586,0.0,7680374.861042586,11457530.994395893,1211182568.205779,1.0,h09,0.0,0.0,NONE,False,0,9557344.06438629,531999999.99999845,210404320.74245015,False,0,0,P4,1233224696.6261632,0.0,8407093.509286996,0.0,8407093.509286996,10730812.346151482,1214086790.7707248,1.0,h09,0.0,0.0,NONE,False,0,9557344.06438629,531999999.99999845,106544545.24805075,False,0,0,P4,1233224696.626163,0.0,8407093.509286996,0.0,8407093.509286996,10730812.346151482,1214086790.7707245,1.0,h09,0.0,576529.8698810216,R0,False,0,9270987.186884245,516060230.7707246,21515124.74165887,False,0,0,P4,1233224696.6261632,0.0,8407093.509286996,0.0,8407093.509286996,10730812.346151482,1214086790.7707248,1.0,h09,0.0,0.0,NONE,False,0,9557344.06438629,531999999.99999845,106544545.24805075,False,0,0,f35eaee8b601ba5dae6c25569db5d17624f4d14735b354b63b7ab51aa0cdde97
62,LA-0534,P4,1211692172.351336,0.0,1183561.010690696,0.0,1183561.010690696,17954344.84474778,1192554266.4958975,1.0,h09,0.0,1628235.0534536964,R0,False,0,8400103.954007931,467583386.4958975,1628235.0534536964,False,0,0,P4,1211692172.351336,0.0,1183561.010690696,0.0,1183561.010690696,17954344.84474778,1192554266.4958975,1.0,h09,0.0,1628235.0534536964,R0,False,0,8400103.954007931,467583386.4958975,1628235.0534536964,False,0,0,P4,1211692172.351336,0.0,1183561.010690696,0.0,1183561.010690696,17954344.84474778,1192554266.4958975,1.0,h09,0.0,1628235.0534536964,R0,False,0,8400103.954007931,467583386.4958975,1628235.0534536964,False,0,0,P4,1212573624.4468515,0.0,1429241.3410607928,0.0,1429241.3410607928,17708664.514377687,1193435718.591413,1.0,h09,0.0,1941302.3793383334,R0,False,0,8430403.807771184,469269997.55577517,2476655.129426074,False,0,0,P4,1212573624.4468515,0.0,1429241.3410607928,0.0,1429241.3410607928,17708664.514377687,1193435718.591413,1.0,h09,0.0,1941302.3793383334,R0,False,0,8430403.807771184,469269997.55577517,2476655.129426074,False,0,0,P4,1212573624.4468515,0.0,1429241.3410607926,0.0,1429241.3410607926,17708664.514377687,1193435718.591413,1.0,h09,0.0,1966219.5952216205,R0,False,0,8415939.181363413,468464838.591413,1966219.5952216205,False,0,0,P4,1213364361.3312356,0.0,1649637.3217155538,0.0,1649637.3217155538,17488268.533722926,1194226455.4757972,1.0,h09,0.0,0.0,NONE,False,0,9557344.06438629,531999999.99999845,336974520.4555439,False,0,0,P4,1213364361.3312356,0.0,1649637.3217155538,0.0,1649637.3217155538,17488268.533722926,1194226455.4757972,1.0,h09,0.0,0.0,NONE,False,0,9557344.06438629,531999999.99999845,336974520.4555439,False,0,0,P4,1213364361.3312356,0.0,1649637.3217155538,0.0,1649637.3217155538,17488268.533722926,1194226455.4757972,1.0,h09,0.0,0.0,NONE,False,0,9557344.06438629,531999999.99999845,336974520.4555439,False,0,0,5d9ff5b834b1c62607b801ddcd58532e0dd46d100f7277850ff3c65c981066d4
63,LA-0988,P4,1187247498.5995808,0.0,1181611.6517317963,0.0,1181611.6517317963,17956294.20370668,1168109592.7441423,1.0,h09,0.0,0.0,NONE,False,0,9557344.06438629,531999999.99999845,247019354.6038929,False,0,0,P4,1187247498.5995808,0.0,1181611.651731796,0.0,1181611.651731796,17956294.20370668,1168109592.7441423,1.0,h09,0.0,1565052.4143606457,R0,False,0,8445009.93001118,470083032.7441423,16197836.401066752,False,0,0,P4,1187247498.5995808,0.0,1181611.651731796,0.0,1181611.651731796,17956294.20370668,1168109592.7441423,1.0,h09,0.0,1565052.4143606457,R0,False,0,8445009.93001118,470083032.7441423,16197836.401066752,False,0,0,P4,1188461466.8486803,0.0,1426919.498466271,0.0,1426919.498466271,17710986.356972206,1169323560.9932418,1.0,h09,0.0,0.0,NONE,False,0,9557344.06438629,531999999.99999845,296854961.5988578,False,0,0,P4,1188461466.8486803,0.0,1426919.498466271,0.0,1426919.498466271,17710986.356972206,1169323560.9932418,1.0,h09,0.0,1878572.8011021519,R0,False,0,8466818.787604945,471297000.99324167,19793936.660549562,False,0,0,P4,1188461466.8486803,0.0,1426919.498466271,0.0,1426919.498466271,17710986.356972206,1169323560.9932418,1.0,h09,0.0,1878572.8011021519,R0,False,0,8466818.787604945,471297000.99324167,19793936.660549562,False,0,0,P4,1189550545.3358953,0.0,1646990.7390623665,0.0,1646990.7390623665,17490915.11637611,1170412639.4804568,0.9999999999999998,h09,0.0,0.0,NONE,False,0,9557344.06438629,531999999.99999845,341100464.7411736,False,0,0,P4,1189550545.3358953,0.0,1646990.7390623665,0.0,1646990.7390623665,17490915.11637611,1170412639.4804568,0.9999999999999998,h09,0.0,0.0,NONE,False,0,9557344.06438629,531999999.99999845,341100464.7411736,False,0,0,P4,1189550545.3358953,0.0,1646990.7390623665,0.0,1646990.7390623665,17490915.116376113,1170412639.4804568,1.0,h09,0.0,3099265.6412147447,R0,False,0,8017968.434549836,446312194.9407821,3775686.328980536,False,0,0,485ab8b956243fa98fc064abe3525eaf4b1eca51dd429ad456b21328c8eead32
64,LA-0056,P4,1211877237.883758,0.0,10621779.584455306,0.0,10621779.584455306,8516126.270983173,1192739332.0283196,1.0,h09,0.0,0.0,NONE,False,0,9557344.06438629,531999999.99999845,241073647.82405412,False,0,0,P4,1211877237.883758,0.0,10621779.584455306,0.0,10621779.584455306,8516126.270983173,1192739332.0283196,1.0,h09,0.0,0.0,NONE,False,0,9557344.06438629,531999999.99999845,241073647.82405412,False,0,0,P4,1211877237.883758,0.0,10621779.584455306,0.0,10621779.584455306,8516126.270983173,1192739332.0283196,1.0,h09,0.0,0.0,NONE,False,0,9557344.06438629,531999999.99999845,241073647.82405412,False,0,0,P4,1218989008.1727152,0.0,11564692.151620727,0.0,11564692.151620727,7573213.703817751,1199851102.3172767,1.0,h09,0.0,0.0,NONE,False,0,9557344.06438629,531999999.99999845,262474145.76682597,False,0,0,P4,1218989008.1727152,0.0,11564692.151620727,0.0,11564692.151620727,7573213.703817751,1199851102.3172767,1.0,h09,0.0,0.0,NONE,False,0,9557344.06438629,531999999.99999845,262474145.76682597,False,0,0,P4,1218989008.1727152,0.0,11564692.151620727,0.0,11564692.151620727,7573213.703817751,1199851102.3172767,1.0,h09,0.0,0.0,NONE,False,0,9557344.06438629,531999999.99999845,262474145.76682597,False,0,0,P4,1223795629.338205,0.0,10025761.566218035,2176215.441127174,12201977.007345209,6935928.848093267,1204657723.4827666,0.9999999999999998,h09,0.0,0.0,NONE,False,0,9557344.06438629,531999999.99999845,227546325.33700114,True,1,0,P2,1224202698.5400608,9921656.740922833,5906698.447943303,0.0,15828355.188866135,3309550.666572343,1205064792.6846223,1.0,h09,0.0,902848.9845326156,R0,False,0,9108907.600686662,507038232.68462235,902848.9845326156,False,0,0,P4,1223058559.217743,0.0,7288235.988668728,4816016.731863546,12104252.720532274,7033653.134906205,1203920653.3623044,1.0,h09,0.0,0.0,NONE,False,0,9557344.06438629,531999999.99999845,165414996.80168918,True,0,1,95d98e3e00499030de3cbb10305736ee5ef3ccb743c5a72432ee726688e2ca6c
65,LA-0241,P1,1228660840.053436,19137905.85543848,0.0,0.0,19137905.85543848,0.0,1209522934.1979976,1.0,h09,585196.9549794181,0.0,NONE,False,0,9188997.811835252,511496374.19799745,0.0,False,0,0,P1,1228660840.053436,19137905.85543848,0.0,0.0,19137905.85543848,0.0,1209522934.1979976,1.0,h09,585196.9549794181,0.0,NONE,False,0,9188997.811835252,511496374.19799745,0.0,False,0,0,P1,1228660840.053436,19137905.85543848,0.0,0.0,19137905.85543848,0.0,1209522934.1979976,1.0,h09,585196.9549794181,0.0,NONE,False,0,9188997.811835252,511496374.19799745,0.0,False,0,0,P1,1228660840.053436,19137905.85543848,0.0,0.0,19137905.85543848,0.0,1209522934.1979976,1.0,h09,585196.9549794181,0.0,NONE,False,0,9188997.811835252,511496374.19799745,0.0,False,0,0,P1,1228660840.053436,19137905.85543848,0.0,0.0,19137905.85543848,0.0,1209522934.1979976,1.0,h09,585196.9549794181,0.0,NONE,False,0,9188997.811835252,511496374.19799745,0.0,False,0,0,P1,1228660840.053436,19137905.85543848,0.0,0.0,19137905.85543848,0.0,1209522934.1979976,1.0,h09,585196.9549794181,0.0,NONE,False,0,9188997.811835252,511496374.19799745,0.0,False,0,0,P1,1228660840.053436,19137905.85543848,0.0,0.0,19137905.85543848,0.0,1209522934.1979976,1.0,h09,585196.9549794181,0.0,NONE,False,0,9188997.811835252,511496374.19799745,0.0,False,0,0,P1,1228660840.053436,19137905.85543848,0.0,0.0,19137905.85543848,0.0,1209522934.1979976,1.0,h09,585196.9549794181,0.0,NONE,False,0,9188997.811835252,511496374.19799745,0.0,False,0,0,P1,1228660840.053436,19137905.85543848,0.0,0.0,19137905.85543848,0.0,1209522934.1979976,1.0,h09,585196.9549794181,0.0,NONE,False,0,9188997.811835252,511496374.19799745,0.0,False,0,0,bfd7a57da5831c4765b5340b1be67e160a5402fc905d8685b90fcff2a624ee5f
66,LA-0773,P4,1227974226.2329547,0.0,5442240.553207497,0.0,5442240.553207497,13695665.302230982,1208836320.3775163,1.0,h09,0.0,0.0,NONE,False,0,9557344.06438629,531999999.99999845,94163926.00915979,False,0,0,P4,1227974226.2329547,0.0,5442240.553207497,0.0,5442240.553207497,13695665.302230982,1208836320.3775163,1.0,h09,0.0,0.0,NONE,False,0,9557344.06438629,531999999.99999845,94163926.00915979,False,0,0,P4,1227974226.2329547,0.0,5442240.553207497,0.0,5442240.553207497,13695665.302230982,1208836320.3775163,1.0,h09,0.0,0.0,NONE,False,0,9557344.06438629,531999999.99999845,94163926.00915979,False,0,0,P1,1229415026.048705,19137905.855438434,0.0,0.0,19137905.855438434,0.0,1210277120.1932666,0.9999999999999977,h09,572961.8413812658,0.0,NONE,False,0,9202546.712296396,512250560.19326663,0.0,False,0,0,P1,1229415026.048705,19137905.855438434,0.0,0.0,19137905.855438434,0.0,1210277120.1932666,0.9999999999999977,h09,572961.8413812658,0.0,NONE,False,0,9202546.712296396,512250560.19326663,0.0,False,0,0,P1,1229415026.048705,19137905.855438434,0.0,0.0,19137905.855438434,0.0,1210277120.1932666,0.9999999999999977,h09,572961.8413812658,0.0,NONE,False,0,9202546.712296396,512250560.19326663,0.0,False,0,0,P1,1229415026.048705,19137905.855438434,0.0,0.0,19137905.855438434,0.0,1210277120.1932666,0.9999999999999977,h09,572961.8413812658,0.0,NONE,False,0,9202546.712296396,512250560.19326663,0.0,False,0,0,P1,1229415026.048705,19137905.855438434,0.0,0.0,19137905.855438434,0.0,1210277120.1932666,0.9999999999999977,h09,572961.8413812658,0.0,NONE,False,0,9202546.712296396,512250560.19326663,0.0,False,0,0,P1,1229415026.048705,19137905.855438434,0.0,0.0,19137905.855438434,0.0,1210277120.1932666,0.9999999999999977,h09,572961.8413812658,0.0,NONE,False,0,9202546.712296396,512250560.19326663,0.0,False,0,0,456733ff4b49a342699e63f7bb410e22500054148b3a3eca9b9f2a2dde3e4943
67,LA-0325,P1,1225195499.2187395,19137905.85543848,0.0,0.0,19137905.85543848,0.0,1206057593.363301,1.0,h09,636668.684144383,0.0,NONE,False,0,9126743.197817279,508031033.36330104,0.0,False,0,0,P1,1225195499.2187395,19137905.85543848,0.0,0.0,19137905.85543848,0.0,1206057593.363301,1.0,h09,636668.684144383,0.0,NONE,False,0,9126743.197817279,508031033.36330104,0.0,False,0,0,P1,1225195499.2187395,19137905.85543848,0.0,0.0,19137905.85543848,0.0,1206057593.363301,1.0,h09,636668.684144383,0.0,NONE,False,0,9126743.197817279,508031033.36330104,0.0,False,0,0,P1,1225195499.2187395,19137905.85543848,0.0,0.0,19137905.85543848,0.0,1206057593.363301,1.0,h09,636668.684144383,0.0,NONE,False,0,9126743.197817279,508031033.36330104,0.0,False,0,0,P1,1225195499.2187395,19137905.85543848,0.0,0.0,19137905.85543848,0.0,1206057593.363301,1.0,h09,636668.684144383,0.0,NONE,False,0,9126743.197817279,508031033.36330104,0.0,False,0,0,P1,1225195499.2187395,19137905.85543848,0.0,0.0,19137905.85543848,0.0,1206057593.363301,1.0,h09,636668.684144383,0.0,NONE,False,0,9126743.197817279,508031033.36330104,0.0,False,0,0,P1,1225195499.2187395,19137905.85543848,0.0,0.0,19137905.85543848,0.0,1206057593.363301,1.0,h09,636668.684144383,0.0,NONE,False,0,9126743.197817279,508031033.36330104,0.0,False,0,0,P1,1225195499.2187395,19137905.85543848,0.0,0.0,19137905.85543848,0.0,1206057593.363301,1.0,h09,636668.684144383,0.0,NONE,False,0,9126743.197817279,508031033.36330104,0.0,False,0,0,P1,1225195499.2187395,19137905.85543848,0.0,0.0,19137905.85543848,0.0,1206057593.363301,1.0,h09,636668.684144383,0.0,NONE,False,0,9126743.197817279,508031033.36330104,0.0,False,0,0,c24f18ae334fdb29c669c443c4fa9af689f086af6a30b35f15bace739d333f16
68,LA-0539,P4,1222244851.996263,0.0,2246367.05815415,0.0,2246367.05815415,16891538.797284327,1203106946.1408246,1.0,h09,0.0,0.0,NONE,False,0,9557344.06438629,531999999.99999845,202161950.49993417,False,0,0,P4,1222244851.996263,0.0,2246367.05815415,0.0,2246367.05815415,16891538.797284327,1203106946.1408246,1.0,h09,0.0,0.0,NONE,False,0,9557344.06438629,531999999.99999845,202161950.49993417,False,0,0,P4,1222244851.996263,0.0,2246367.05815415,0.0,2246367.05815415,16891538.797284327,1203106946.1408246,1.0,h09,0.0,0.0,NONE,False,0,9557344.06438629,531999999.99999845,202161950.49993417,False,0,0,P4,1223626778.9351747,0.0,2679734.44949005,0.0,2679734.44949005,16458171.405948427,1204488873.0797362,1.0,h09,0.0,0.0,NONE,False,0,9557344.06438629,531999999.99999845,241162877.2618872,False,0,0,P4,1223626778.9351747,0.0,2679734.44949005,0.0,2679734.44949005,16458171.405948427,1204488873.0797362,1.0,h09,0.0,0.0,NONE,False,0,9557344.06438629,531999999.99999845,241162877.2618872,False,0,0,P4,1223626778.9351747,0.0,2679734.44949005,0.0,2679734.44949005,16458171.405948427,1204488873.0797362,1.0,h09,0.0,0.0,NONE,False,0,9557344.06438629,531999999.99999845,241162877.2618872,False,0,0,P4,1224838244.1604693,0.0,3059645.651448042,0.0,3059645.651448042,16078260.203990435,1205700338.3050308,1.0,h09,0.0,0.0,NONE,False,0,9557344.06438629,531999999.99999845,275353010.7602443,False,0,0,P4,1224838244.1604693,0.0,3059645.651448042,0.0,3059645.651448042,16078260.203990435,1205700338.3050308,1.0,h09,0.0,0.0,NONE,False,0,9557344.06438629,531999999.99999845,275353010.7602443,False,0,0,P4,1224838244.1604693,0.0,3059645.651448042,0.0,3059645.651448042,16078260.203990435,1205700338.3050308,1.0,h09,0.0,0.0,NONE,False,0,9557344.06438629,531999999.99999845,275353010.7602443,False,0,0,2cf85e71d09fb32d5e9fcc607be939e423b811c7a6efbb0051a430b0748c0e4f
69,LA-0618,P4,1232446616.7713444,0.0,6813048.769602379,0.0,6813048.769602379,12324857.085836098,1213308710.915906,1.0,h09,0.0,1103632.5932907911,R0,False,0,8772956.146089142,488337830.915906,1103632.5932907911,False,0,0,P4,1232446616.7713444,0.0,6813048.769602379,0.0,6813048.769602379,12324857.085836098,1213308710.915906,1.0,h09,0.0,1103632.5932907911,R0,False,0,8772956.146089142,488337830.915906,1103632.5932907911,False,0,0,P4,1232446616.7713444,0.0,6813048.769602379,0.0,6813048.769602379,12324857.085836098,1213308710.915906,1.0,h09,0.0,1103632.5932907911,R0,False,0,8772956.146089142,488337830.915906,1103632.5932907911,False,0,0,P2,1235197406.4670005,12526984.45960644,2668331.861621714,0.0,15195316.321228154,3942589.5342103234,1216059500.611562,1.0,h09,0.0,432237.9175298174,R0,False,0,9306426.785921996,518032940.611562,432237.9175298174,False,0,0,P2,1235197406.4670005,12526984.45960644,2668331.861621714,0.0,15195316.321228154,3942589.5342103234,1216059500.611562,1.0,h09,0.0,432237.9175298174,R0,False,0,9306426.785921996,518032940.611562,432237.9175298174,False,0,0,P2,1235197406.4670005,12526984.45960644,2668331.861621714,0.0,15195316.321228154,3942589.5342103234,1216059500.611562,1.0,h09,0.0,432237.9175298174,R0,False,0,9306426.785921996,518032940.611562,432237.9175298174,False,0,0,P1,1235438202.4444265,19137905.85543848,0.0,0.0,19137905.85543848,0.0,1216300296.588988,1.0,h09,458582.2277907906,0.0,NONE,False,0,9310752.669391135,518273736.5889881,0.0,False,0,0,P1,1235438202.4444265,19137905.85543848,0.0,0.0,19137905.85543848,0.0,1216300296.588988,1.0,h09,458582.2277907906,0.0,NONE,False,0,9310752.669391135,518273736.5889881,0.0,False,0,0,P1,1235438202.4444265,19137905.85543848,0.0,0.0,19137905.85543848,0.0,1216300296.588988,1.0,h09,458582.2277907906,0.0,NONE,False,0,9310752.669391135,518273736.5889881,0.0,False,0,0,8f7aec3e7e9ee0600cde746687f810c0edebdcb401f2affe725ed13838b6cb08
70,LA-0474,P4,1195577633.147295,0.0,604708.6260329256,0.0,604708.6260329256,18533197.229405552,1176439727.2918565,1.0,h09,0.0,0.0,NONE,False,0,9557344.06438629,531999999.99999845,302249274.06992906,False,0,0,P4,1195577633.147295,0.0,604708.6260329256,0.0,604708.6260329256,18533197.229405552,1176439727.2918565,1.0,h09,0.0,0.0,NONE,False,0,9557344.06438629,531999999.99999845,302249274.06992906,False,0,0,P4,1195577633.147295,0.0,604708.6260329256,0.0,604708.6260329256,18533197.229405552,1176439727.2918565,1.0,h09,0.0,0.0,NONE,False,0,9557344.06438629,531999999.99999845,302249274.06992906,False,0,0,P4,1196144441.7979438,0.0,735152.2638121853,0.0,735152.2638121853,18402753.591626287,1177006535.9425054,0.9999999999999996,h09,0.0,2474652.7232972556,R0,False,0,8120790.024836613,452035655.94250524,2474652.7232972556,False,0,0,P4,1196144441.7979438,0.0,735152.2638121853,0.0,735152.2638121853,18402753.591626287,1177006535.9425054,0.9999999999999996,h09,0.0,2474652.7232972556,R0,False,0,8120790.024836613,452035655.94250524,2474652.7232972556,False,0,0,P4,1196144441.7979438,0.0,735152.2638121853,0.0,735152.2638121853,18402753.591626287,1177006535.9425054,0.9999999999999996,h09,0.0,2474652.7232972556,R0,False,0,8120790.024836613,452035655.94250524,2474652.7232972556,False,0,0,P4,1196659455.5510418,0.0,853675.9796791825,0.0,853675.9796791825,18284229.875759296,1177521549.6956034,1.0,h09,0.0,0.0,NONE,False,0,9557344.06438629,531999999.99999845,426689704.8280562,False,0,0,P4,1196659455.5510418,0.0,853675.9796791825,0.0,853675.9796791825,18284229.875759296,1177521549.6956034,1.0,h09,0.0,0.0,NONE,False,0,9557344.06438629,531999999.99999845,426689704.8280562,False,0,0,P4,1196659455.5510418,0.0,853675.9796791824,0.0,853675.9796791824,18284229.875759292,1177521549.6956034,0.9999999999999998,h09,0.0,2873624.5427195616,R0,False,0,8130042.212122794,452550669.69560325,2873624.5427195616,False,0,0,561088a668f41d31cff2531d2565f18ce535ab2055c5d6db9938ca3200a51276
71,LA-0559,P4,1227530677.028661,0.0,1501446.370638216,0.0,1501446.370638216,17636459.484800264,1208392771.1732225,1.0,h09,0.0,0.0,NONE,False,0,9557344.06438629,531999999.99999845,95828653.51527043,False,0,0,P4,1227530677.028661,0.0,1501446.370638216,0.0,1501446.370638216,17636459.48480026,1208392771.1732225,1.0,h09,0.0,1227890.994567878,R0,False,0,8684641.620674448,483421891.1732225,1227890.994567878,False,0,0,P4,1227530677.028661,0.0,1501446.370638216,0.0,1501446.370638216,17636459.48480026,1208392771.1732225,1.0,h09,0.0,1227890.994567878,R0,False,0,8684641.620674448,483421891.1732225,1227890.994567878,False,0,0,P4,1228370847.4943633,0.0,1806473.3207717563,0.0,1806473.3207717563,17331432.53466672,1209232941.6389248,1.0,h09,0.0,0.0,NONE,False,0,9557344.06438629,531999999.99999845,113465231.84107831,False,0,0,P4,1228370847.4943635,0.0,1806473.3207717566,0.0,1806473.3207717566,17331432.53466672,1209232941.638925,1.0,h09,0.0,0.0,NONE,False,0,9557344.06438629,531999999.99999845,219363154.065328,False,0,0,P4,1228370847.4943635,0.0,1806473.3207717566,0.0,1806473.3207717566,17331432.53466672,1209232941.638925,1.0,h09,0.0,0.0,NONE,False,0,9557344.06438629,531999999.99999845,219363154.065328,False,0,0,P4,1229119332.7157836,0.0,2078213.6087607322,0.0,2078213.6087607322,17059692.246677745,1209981426.8603451,1.0,h09,0.0,0.0,NONE,False,0,9557344.06438629,531999999.99999845,252361043.36402848,False,0,0,P4,1229119332.7157836,0.0,2078213.6087607322,0.0,2078213.6087607322,17059692.246677745,1209981426.8603451,1.0,h09,0.0,0.0,NONE,False,0,9557344.06438629,531999999.99999845,252361043.36402848,False,0,0,P4,1229119332.7157834,0.0,2078213.6087607322,0.0,2078213.6087607322,17059692.246677745,1209981426.860345,1.0,h09,0.0,0.0,NONE,False,0,9557344.06438629,531999999.99999845,128592767.78712395,False,0,0,ff9b3652707b9d38d9122d982e6c95e9df61ad458e75946eff15b208b334607e
72,LA-0626,P4,1218580519.7659566,0.0,1802869.8849627706,0.0,1802869.8849627706,17335035.970475707,1199442613.9105182,1.0,h09,0.0,0.0,NONE,False,0,9557344.06438629,531999999.99999845,215914910.92973262,False,0,0,P4,1218580519.7659566,0.0,1802869.8849627706,0.0,1802869.8849627706,17335035.970475707,1199442613.9105182,1.0,h09,0.0,0.0,NONE,False,0,9557344.06438629,531999999.99999845,215914910.92973262,False,0,0,P4,1218580519.7659566,0.0,1802869.8849627706,0.0,1802869.8849627706,17335035.970475707,1199442613.9105182,1.0,h09,0.0,0.0,NONE,False,0,9557344.06438629,531999999.99999845,215914910.92973262,False,0,0,P4,1219771096.3676107,0.0,2161627.2336229524,0.0,2161627.2336229524,16976278.621815525,1200633190.5121722,1.0,h09,0.0,0.0,NONE,False,0,9557344.06438629,531999999.99999845,258880330.46856403,False,0,0,P4,1219771096.3676107,0.0,2161627.2336229524,0.0,2161627.2336229524,16976278.621815525,1200633190.5121722,1.0,h09,0.0,0.0,NONE,False,0,9557344.06438629,531999999.99999845,258880330.46856403,False,0,0,P4,1219771096.3676107,0.0,2161627.2336229524,0.0,2161627.2336229524,16976278.621815525,1200633190.5121722,1.0,h09,0.0,0.0,NONE,False,0,9557344.06438629,531999999.99999845,258880330.46856403,False,0,0,P4,1220824830.8570654,0.0,2479149.8450226756,0.0,2479149.8450226756,16658756.010415802,1201686925.001627,1.0,h09,0.0,0.0,NONE,False,0,9557344.06438629,531999999.99999845,296907404.3746563,False,0,0,P4,1220824830.8570654,0.0,2479149.8450226756,0.0,2479149.8450226756,16658756.010415802,1201686925.001627,1.0,h09,0.0,0.0,NONE,False,0,9557344.06438629,531999999.99999845,296907404.3746563,False,0,0,P4,1220824830.8570654,0.0,2479149.8450226756,0.0,2479149.8450226756,16658756.010415802,1201686925.001627,1.0,h09,0.0,0.0,NONE,False,0,9557344.06438629,531999999.99999845,296907404.3746563,False,0,0,27df1fa7500908f8f906768579982e46749b7369b8de3d3463cdebdf66057830
73,LA-0617,P1,1220909713.443281,19137905.855438404,0.0,0.0,19137905.855438404,0.0,1201771807.5878425,0.9999999999999961,h09,691233.8340023828,0.0,NONE,False,0,9049749.345858047,503745247.58784235,0.0,False,0,0,P1,1220909713.443281,19137905.855438404,0.0,0.0,19137905.855438404,0.0,1201771807.5878425,0.9999999999999961,h09,691233.8340023828,0.0,NONE,False,0,9049749.345858047,503745247.58784235,0.0,False,0,0,P1,1220909713.443281,19137905.855438404,0.0,0.0,19137905.855438404,0.0,1201771807.5878425,0.9999999999999961,h09,691233.8340023828,0.0,NONE,False,0,9049749.345858047,503745247.58784235,0.0,False,0,0,P1,1220909713.443281,19137905.855438404,0.0,0.0,19137905.855438404,0.0,1201771807.5878425,0.9999999999999961,h09,691233.8340023828,0.0,NONE,False,0,9049749.345858047,503745247.58784235,0.0,False,0,0,P1,1220909713.443281,19137905.855438404,0.0,0.0,19137905.855438404,0.0,1201771807.5878425,0.9999999999999961,h09,691233.8340023828,0.0,NONE,False,0,9049749.345858047,503745247.58784235,0.0,False,0,0,P1,1220909713.443281,19137905.855438404,0.0,0.0,19137905.855438404,0.0,1201771807.5878425,0.9999999999999961,h09,691233.8340023828,0.0,NONE,False,0,9049749.345858047,503745247.58784235,0.0,False,0,0,P1,1220909713.443281,19137905.855438404,0.0,0.0,19137905.855438404,0.0,1201771807.5878425,0.9999999999999961,h09,691233.8340023828,0.0,NONE,False,0,9049749.345858047,503745247.58784235,0.0,False,0,0,P1,1220909713.443281,19137905.855438404,0.0,0.0,19137905.855438404,0.0,1201771807.5878425,0.9999999999999961,h09,691233.8340023828,0.0,NONE,False,0,9049749.345858047,503745247.58784235,0.0,False,0,0,P1,1220909713.443281,19137905.855438404,0.0,0.0,19137905.855438404,0.0,1201771807.5878425,0.9999999999999961,h09,691233.8340023828,0.0,NONE,False,0,9049749.345858047,503745247.58784235,0.0,False,0,0,e9b764ab4cad1df7f21962cef20d3d37ed0d9890f6c87e080d2a86ed29524a54
74,LA-0624,P4,1217776291.756979,0.0,9382971.267154267,0.0,9382971.267154267,9754934.588284211,1198638385.9015405,1.0,h09,0.0,1474449.0043774745,R0,False,0,8509404.748159321,473667505.90154046,1474449.0043774745,False,0,0,P4,1217776291.756979,0.0,9382971.267154267,0.0,9382971.267154267,9754934.588284211,1198638385.9015405,1.0,h09,0.0,1474449.0043774745,R0,False,0,8509404.748159321,473667505.90154046,1474449.0043774745,False,0,0,P4,1217776291.756979,0.0,9382971.267154267,0.0,9382971.267154267,9754934.588284211,1198638385.9015405,1.0,h09,0.0,1474449.0043774745,R0,False,0,8509404.748159321,473667505.90154046,1474449.0043774745,False,0,0,P4,1223556289.4438643,0.0,10349559.448020216,0.0,10349559.448020216,8788346.40741826,1204418383.5884259,1.0,h09,0.0,0.0,NONE,False,0,9557344.06438629,531999999.99999845,241486787.29388922,False,0,0,P4,1223556289.4438643,0.0,10349559.448020216,0.0,10349559.448020216,8788346.40741826,1204418383.5884259,1.0,h09,0.0,0.0,NONE,False,0,9557344.06438629,531999999.99999845,241486787.29388922,False,0,0,P4,1223556289.4438643,0.0,10349559.448020216,0.0,10349559.448020216,8788346.40741826,1204418383.5884259,1.0,h09,0.0,0.0,NONE,False,0,9557344.06438629,531999999.99999845,241486787.29388922,False,0,0,P4,1227688722.3861127,0.0,9026361.960200565,2014263.6536870317,11040625.613887597,8097280.241550881,1208550816.5306742,1.0,h09,0.0,1418411.0796499169,R1,True,1,8687480.894845398,483579936.5306743,1418411.0796499169,True,1,0,P4,1227951087.0257518,0.0,11084500.814794272,0.0,11084500.814794272,8053405.040644205,1208813181.1703134,1.0,h09,0.0,0.0,NONE,False,0,9557344.06438629,531999999.99999845,258635210.89617085,False,0,0,P4,1227243444.8221467,0.0,6530058.336314566,4436103.574670324,10966161.91098489,8171743.944453584,1208105538.9667082,0.9999999999999998,h09,0.0,0.0,NONE,False,0,9557344.06438629,531999999.99999845,152366177.16901332,True,0,1,04f2db7b13004dc5462360b96c222ae4b99bc69a7ff85e5561b704c712c01bde
75,LA-0419,P1,1223547655.3658326,19137905.85543848,0.0,0.0,19137905.85543848,0.0,1204409749.510394,1.0,h09,658720.4597920568,0.0,NONE,False,0,9097139.794308605,506383189.51039416,0.0,False,0,0,P1,1223547655.3658326,19137905.85543848,0.0,0.0,19137905.85543848,0.0,1204409749.510394,1.0,h09,658720.4597920568,0.0,NONE,False,0,9097139.794308605,506383189.51039416,0.0,False,0,0,P1,1223547655.3658326,19137905.85543848,0.0,0.0,19137905.85543848,0.0,1204409749.510394,1.0,h09,658720.4597920568,0.0,NONE,False,0,9097139.794308605,506383189.51039416,0.0,False,0,0,P1,1223547655.3658326,19137905.85543848,0.0,0.0,19137905.85543848,0.0,1204409749.510394,1.0,h09,658720.4597920568,0.0,NONE,False,0,9097139.794308605,506383189.51039416,0.0,False,0,0,P1,1223547655.3658326,19137905.85543848,0.0,0.0,19137905.85543848,0.0,1204409749.510394,1.0,h09,658720.4597920568,0.0,NONE,False,0,9097139.794308605,506383189.51039416,0.0,False,0,0,P1,1223547655.3658326,19137905.85543848,0.0,0.0,19137905.85543848,0.0,1204409749.510394,1.0,h09,658720.4597920568,0.0,NONE,False,0,9097139.794308605,506383189.51039416,0.0,False,0,0,P1,1223547655.3658326,19137905.85543848,0.0,0.0,19137905.85543848,0.0,1204409749.510394,1.0,h09,658720.4597920568,0.0,NONE,False,0,9097139.794308605,506383189.51039416,0.0,False,0,0,P1,1223547655.3658326,19137905.85543848,0.0,0.0,19137905.85543848,0.0,1204409749.510394,1.0,h09,658720.4597920568,0.0,NONE,False,0,9097139.794308605,506383189.51039416,0.0,False,0,0,P1,1223547655.3658326,19137905.85543848,0.0,0.0,19137905.85543848,0.0,1204409749.510394,1.0,h09,658720.4597920568,0.0,NONE,False,0,9097139.794308605,506383189.51039416,0.0,False,0,0,d7faec6c79ed694943ec29431769d97bdcdf31e1fc44afb13e2b896f0a1beb2e
76,LA-0449,P4,1235543386.489847,0.0,5509666.048681023,0.0,5509666.048681023,13628239.806757456,1216405480.6344085,1.0,h09,0.0,0.0,NONE,False,0,9557344.06438629,531999999.99999845,65755377.06840472,False,0,0,P4,1235543386.489847,0.0,5509666.048681023,0.0,5509666.048681023,13628239.806757456,1216405480.6344085,1.0,h09,0.0,0.0,NONE,False,0,9557344.06438629,531999999.99999845,65755377.06840472,False,0,0,P4,1235543386.489847,0.0,5509666.048681023,0.0,5509666.048681023,13628239.806757456,1216405480.6344085,1.0,h09,0.0,0.0,NONE,False,0,9557344.06438629,531999999.99999845,65755377.06840472,False,0,0,P4,1238004294.4577868,0.0,6336425.909398507,0.0,6336425.909398507,12801479.946039971,1218866388.6023483,1.0,h09,0.0,0.0,NONE,False,0,9557344.06438629,531999999.99999845,69198064.4063662,False,0,0,P4,1238004294.4577868,0.0,6336425.909398507,0.0,6336425.909398507,12801479.946039971,1218866388.6023483,1.0,h09,0.0,0.0,NONE,False,0,9557344.06438629,531999999.99999845,69198064.4063662,False,0,0,P4,1238004294.4577868,0.0,6336425.909398507,0.0,6336425.909398507,12801479.946039971,1218866388.6023483,1.0,h09,0.0,0.0,NONE,False,0,9557344.06438629,531999999.99999845,69198064.4063662,False,0,0,P4,1240020619.1491766,0.0,7013824.79742368,0.0,7013824.79742368,12124081.058014799,1220882713.2937381,1.0,h09,0.0,0.0,NONE,False,0,9557344.06438629,531999999.99999845,70046438.03595561,False,0,0,P4,1240020619.1491766,0.0,7013824.79742368,0.0,7013824.79742368,12124081.058014799,1220882713.2937381,1.0,h09,0.0,0.0,NONE,False,0,9557344.06438629,531999999.99999845,70046438.03595561,False,0,0,P4,1240020619.1491766,0.0,7013824.79742368,0.0,7013824.79742368,12124081.058014799,1220882713.2937381,1.0,h09,0.0,0.0,NONE,False,0,9557344.06438629,531999999.99999845,70046438.03595561,False,0,0,a856ab68837b98863a2fd939eef0f79646364abadb72279336152e17d0cc48d8
77,LA-0034,P4,1222325239.970822,0.0,8116143.496459223,0.0,8116143.496459223,11021762.358979253,1203187334.1153836,1.0,h09,0.0,0.0,NONE,False,0,9557344.06438629,531999999.99999845,115365683.83260025,False,0,0,P4,1222325239.970822,0.0,8116143.496459225,0.0,8116143.496459225,11021762.358979253,1203187334.1153836,1.0,h09,0.0,1338368.8366345435,R0,False,0,8606121.391131172,479051141.11592555,1791666.398994338,False,0,0,P4,1222325239.970822,0.0,8116143.496459223,0.0,8116143.496459223,11021762.358979253,1203187334.1153836,1.0,h09,0.0,0.0,NONE,False,0,9557344.06438629,531999999.99999845,115365683.83260025,False,0,0,P4,1226997479.8040037,0.0,9073616.944490377,0.0,9073616.944490377,10064288.910948101,1207859573.9485652,1.0,h09,0.0,0.0,NONE,False,0,9557344.06438629,531999999.99999845,225673989.4007386,False,0,0,P4,1226997479.8040037,0.0,9073616.944490377,0.0,9073616.944490377,10064288.910948101,1207859573.9485652,1.0,h09,0.0,0.0,NONE,False,0,9557344.06438629,531999999.99999845,225673989.4007386,False,0,0,P4,1226997479.8040037,0.0,9073616.944490377,0.0,9073616.944490377,10064288.910948101,1207859573.9485652,1.0,h09,0.0,0.0,NONE,False,0,9557344.06438629,531999999.99999845,225673989.4007386,False,0,0,P4,1230635678.0840657,0.0,9819186.17385506,0.0,9819186.17385506,9318719.68158342,1211497772.2286272,1.0,h09,0.0,0.0,NONE,False,0,9557344.06438629,531999999.99999845,120449099.9282397,False,0,0,P4,1230635678.084066,0.0,9819186.17385506,0.0,9819186.17385506,9318719.681583418,1211497772.2286274,1.0,h09,0.0,670172.7891557635,R0,False,0,9224475.64365887,513471212.2286274,21608767.66093361,False,0,0,P4,1230635678.084066,0.0,9819186.173855063,0.0,9819186.173855063,9318719.681583416,1211497772.2286274,1.0,h09,0.0,0.0,NONE,False,0,9557344.06438629,531999999.99999845,244217375.50514427,False,0,0,f1d6ae08dbf57b14b4bd63eba75a0d5e525f19cce721cae364509d2202cebfa6
78,LA-0228,P4,1219029561.1095986,0.0,10016961.962301383,0.0,10016961.962301383,9120943.893137095,1199891655.2541602,1.0,h09,0.0,0.0,NONE,False,0,9557344.06438629,531999999.99999845,214229570.34315085,False,0,0,P4,1219029561.1095986,0.0,10016961.962301383,0.0,10016961.962301383,9120943.893137095,1199891655.2541602,1.0,h09,0.0,0.0,NONE,False,0,9557344.06438629,531999999.99999845,214229570.34315085,False,0,0,P4,1219029561.1095986,0.0,10016961.962301383,0.0,10016961.962301383,9120943.893137095,1199891655.2541602,1.0,h09,0.0,0.0,NONE,False,0,9557344.06438629,531999999.99999845,214229570.34315085,False,0,0,P4,1225027373.1434896,0.0,10975379.09719229,0.0,10975379.09719229,8162526.758246189,1205889467.2880511,1.0,h09,0.0,0.0,NONE,False,0,9557344.06438629,531999999.99999845,234726931.89747387,False,0,0,P4,1225027373.1434896,0.0,10975379.09719229,0.0,10975379.09719229,8162526.758246189,1205889467.2880511,1.0,h09,0.0,0.0,NONE,False,0,9557344.06438629,531999999.99999845,234726931.89747387,False,0,0,P4,1225027373.1434896,0.0,10975379.09719229,0.0,10975379.09719229,8162526.758246189,1205889467.2880511,1.0,h09,0.0,0.0,NONE,False,0,9557344.06438629,531999999.99999845,234726931.89747387,False,0,0,P4,1228828738.3097599,0.0,9615976.941107389,1966839.2499358535,11582816.191043243,7555089.664395233,1209690832.4543214,0.9999999999999998,h09,0.0,1385015.600560905,R1,True,1,8707961.203907756,484719952.4543213,1385015.600560905,True,1,0,P4,1229112867.6191573,0.0,7670670.304832756,3957548.175764154,11628218.48059691,7509687.374841569,1209974961.7637188,1.0,h09,0.0,1104827.7365907624,R2,True,2,8713065.567758672,485004081.7637187,1104827.7365907624,True,0,1,P4,1227826122.8738914,0.0,7039397.024592665,4383206.774329445,11422603.79892211,7715302.056516368,1208688217.018453,1.0,h09,0.0,0.0,NONE,False,0,9557344.06438629,531999999.99999845,150549338.78443813,True,0,1,9f904848a58c6895c7972dcea8e0bce7782018657f1233a3444022253484dec4
79,LA-0181,P4,1225164769.3882058,0.0,3411286.4077489534,0.0,3411286.4077489534,15726619.447689528,1206026863.5327673,1.0000000000000002,h09,0.0,1266595.095650738,R0,False,0,8657133.345309524,481890670.53330934,1719892.6580105326,False,0,0,P4,1225164769.388206,0.0,3411286.407748953,0.0,3411286.407748953,15726619.447689524,1206026863.5327675,1.0,h09,0.0,0.0,NONE,False,0,9557344.06438629,531999999.99999845,191202925.54648003,False,0,0,P4,1225164769.3882058,0.0,3411286.4077489525,0.0,3411286.4077489525,15726619.447689524,1206026863.5327673,1.0,h09,0.0,0.0,NONE,False,0,9557344.06438629,531999999.99999845,104708370.77742913,False,0,0,P4,1227123513.213289,0.0,4015958.376485589,0.0,4015958.376485589,15121947.478952888,1207985607.3578506,1.0,h09,0.0,0.0,NONE,False,0,9557344.06438629,531999999.99999845,119196924.3159551,False,0,0,P4,1227123513.213289,0.0,4015958.376485589,0.0,4015958.376485589,15121947.478952888,1207985607.3578506,1.0,h09,0.0,0.0,NONE,False,0,9557344.06438629,531999999.99999845,119196924.3159551,False,0,0,P4,1227123513.213289,0.0,4015958.376485589,0.0,4015958.376485589,15121947.478952888,1207985607.3578506,1.0,h09,0.0,0.0,NONE,False,0,9557344.06438629,531999999.99999845,119196924.3159551,False,0,0,P4,1228798815.4424403,0.0,4533130.803097808,0.0,4533130.803097808,14604775.05234067,1209660909.5870018,1.0,h09,0.0,0.0,NONE,False,0,9557344.06438629,531999999.99999845,130314134.35158834,False,0,0,P4,1228798815.4424403,0.0,4533130.803097808,0.0,4533130.803097808,14604775.05234067,1209660909.5870018,1.0,h09,0.0,0.0,NONE,False,0,9557344.06438629,531999999.99999845,130314134.35158834,False,0,0,P4,1228798815.4424403,0.0,4533130.803097808,0.0,4533130.803097808,14604775.05234067,1209660909.5870018,1.0,h09,0.0,0.0,NONE,False,0,9557344.06438629,531999999.99999845,130314134.35158834,False,0,0,640e9bf2f0720080b69409ae03bc59b62e452c068469f6da14755a0a8d105b11
80,LA-0446,P4,1211779776.6814802,0.0,11033039.133789983,0.0,11033039.133789983,8104866.721648496,1192641870.8260417,1.0,h09,0.0,0.0,NONE,False,0,9557344.06438629,531999999.99999845,241439438.90797466,False,0,0,P4,1211779776.6814802,0.0,11033039.133789983,0.0,11033039.133789983,8104866.721648496,1192641870.8260417,1.0,h09,0.0,0.0,NONE,False,0,9557344.06438629,531999999.99999845,241439438.90797466,False,0,0,P4,1211779776.6814802,0.0,11033039.133789983,0.0,11033039.133789983,8104866.721648496,1192641870.8260417,1.0,h09,0.0,0.0,NONE,False,0,9557344.06438629,531999999.99999845,154944884.13892376,False,0,0,P4,1219146532.0779707,0.0,11961182.928109646,0.0,11961182.928109646,7176722.92732883,1200008626.2225323,0.9999999999999998,h09,0.0,0.0,NONE,False,0,9557344.06438629,531999999.99999845,261750299.24383214,False,0,0,P4,1219146532.0779707,0.0,11961182.928109646,0.0,11961182.928109646,7176722.92732883,1200008626.2225323,0.9999999999999998,h09,0.0,0.0,NONE,False,0,9557344.06438629,531999999.99999845,261750299.24383214,False,0,0,P4,1219146532.0779707,0.0,11961182.928109646,0.0,11961182.928109646,7176722.92732883,1200008626.2225323,0.9999999999999998,h09,0.0,0.0,NONE,False,0,9557344.06438629,531999999.99999845,261750299.24383214,False,0,0,P4,1223870570.7070272,0.0,10383270.686165413,2173097.8971885666,12556368.58335398,6581537.272084499,1204732664.8515887,1.0,h09,0.0,0.0,NONE,False,0,9557344.06438629,531999999.99999845,227220353.16811547,True,1,0,P4,1224345130.5439837,0.0,8257117.245157244,4359041.536730343,12616158.781887587,6521747.07355089,1205207224.6885452,1.0,h09,0.0,0.0,NONE,False,0,9557344.06438629,531999999.99999845,180693073.82065842,True,0,1,P4,1222838413.0568886,0.0,7590324.074329285,4836002.0865232125,12426326.160852497,6711579.694585981,1203700507.20145,1.0,h09,0.0,0.0,NONE,False,0,9557344.06438629,531999999.99999845,166101430.74932003,True,0,1,150134ccf2a76f28727c59e711b638d93402e4694c39d0b34c1fa577da134677
81,LA-0761,P1,1226774135.3903177,19137905.85543848,0.0,0.0,19137905.85543848,0.0,1207636229.5348792,1.0,h09,614134.769559445,0.0,NONE,False,0,9155103.290005732,509609669.5348791,0.0,False,0,0,P1,1226774135.3903177,19137905.85543848,0.0,0.0,19137905.85543848,0.0,1207636229.5348792,1.0,h09,614134.769559445,0.0,NONE,False,0,9155103.290005732,509609669.5348791,0.0,False,0,0,P1,1226774135.3903177,19137905.85543848,0.0,0.0,19137905.85543848,0.0,1207636229.5348792,1.0,h09,614134.769559445,0.0,NONE,False,0,9155103.290005732,509609669.5348791,0.0,False,0,0,P1,1226774135.3903177,19137905.85543848,0.0,0.0,19137905.85543848,0.0,1207636229.5348792,1.0,h09,614134.769559445,0.0,NONE,False,0,9155103.290005732,509609669.5348791,0.0,False,0,0,P1,1226774135.3903177,19137905.85543848,0.0,0.0,19137905.85543848,0.0,1207636229.5348792,1.0,h09,614134.769559445,0.0,NONE,False,0,9155103.290005732,509609669.5348791,0.0,False,0,0,P1,1226774135.3903177,19137905.85543848,0.0,0.0,19137905.85543848,0.0,1207636229.5348792,1.0,h09,614134.769559445,0.0,NONE,False,0,9155103.290005732,509609669.5348791,0.0,False,0,0,P1,1226774135.3903177,19137905.85543848,0.0,0.0,19137905.85543848,0.0,1207636229.5348792,1.0,h09,614134.769559445,0.0,NONE,False,0,9155103.290005732,509609669.5348791,0.0,False,0,0,P1,1226774135.3903177,19137905.85543848,0.0,0.0,19137905.85543848,0.0,1207636229.5348792,1.0,h09,614134.769559445,0.0,NONE,False,0,9155103.290005732,509609669.5348791,0.0,False,0,0,P1,1226774135.3903177,19137905.85543848,0.0,0.0,19137905.85543848,0.0,1207636229.5348792,1.0,h09,614134.769559445,0.0,NONE,False,0,9155103.290005732,509609669.5348791,0.0,False,0,0,7035e4e3dd32356433906c481122c4b2e72b98b29d06b7f14fa54f1260312234
82,LA-0273,P4,1145719280.7571247,0.0,437316.8794483242,0.0,437316.8794483242,18700588.97599015,1126581374.9016862,0.9999999999999998,h09,0.0,0.0,NONE,False,0,9557344.06438629,531999999.99999845,402882933.7803922,False,0,0,P4,1145719280.7571247,0.0,437316.8794483242,0.0,437316.8794483242,18700588.97599015,1126581374.9016862,0.9999999999999998,h09,0.0,0.0,NONE,False,0,9557344.06438629,531999999.99999845,402882933.7803922,False,0,0,P4,1145719280.7571247,0.0,437316.8794483242,0.0,437316.8794483242,18700588.975990154,1126581374.9016862,1.0,h09,0.0,2614745.9067738047,R0,False,0,7698958.301625577,428554814.90168613,17247529.89347991,False,0,0,P4,1146384266.3529155,0.0,532689.7569852531,0.0,532689.7569852531,18605216.09845322,1127246360.497477,0.9999999999999998,h09,0.0,0.0,NONE,False,0,9557344.06438629,531999999.99999845,490206156.30643153,False,0,0,P4,1146384266.3529158,0.0,532689.7569852531,0.0,532689.7569852531,18605216.098453224,1127246360.4974773,1.0,h09,0.0,3180733.9083164237,R0,False,0,7710904.7229354195,429219800.49747723,21096097.767763834,False,0,0,P4,1146384266.3529158,0.0,532689.7569852531,0.0,532689.7569852531,18605216.098453224,1127246360.4974773,1.0,h09,0.0,3180733.9083164237,R0,False,0,7710904.7229354195,429219800.49747723,21096097.767763834,False,0,0,P4,1146990740.8938935,0.0,619670.9224300936,0.0,619670.9224300936,18518234.933008384,1127852835.038455,1.0,h09,0.0,0.0,NONE,False,0,9557344.06438629,531999999.99999845,569671685.2325435,False,0,0,P4,1146990740.8938935,0.0,619670.9224300936,0.0,619670.9224300936,18518234.933008384,1127852835.038455,1.0,h09,0.0,3695549.3840622986,R0,False,0,7721799.997097854,429826275.03845495,24634144.255840145,False,0,0,P4,1146990740.8938935,0.0,619670.9224300936,0.0,619670.9224300936,18518234.933008384,1127852835.038455,1.0,h09,0.0,3695549.3840622986,R0,False,0,7721799.997097854,429826275.03845495,24634144.255840145,False,0,0,dc97c1cb064364c7f1beb5f192706d46f7ad0ffecb880c2c037ffa7796d0947c
83,LA-0998,P4,1213951306.2691708,0.0,1164524.0123527523,0.0,1164524.0123527523,17973381.843085725,1194813400.4137323,1.0,h09,0.0,0.0,NONE,False,0,9557344.06438629,531999999.99999845,233289260.75419256,False,0,0,P4,1213951306.2691708,0.0,1164524.0123527523,0.0,1164524.0123527523,17973381.843085725,1194813400.4137323,1.0,h09,0.0,0.0,NONE,False,0,9557344.06438629,531999999.99999845,233289260.75419256,False,0,0,P4,1213951306.2691708,0.0,1164524.0123527523,0.0,1164524.0123527523,17973381.843085725,1194813400.4137323,1.0,h09,0.0,0.0,NONE,False,0,9557344.06438629,531999999.99999845,233289260.75419256,False,0,0,P4,1214788348.9734151,0.0,1406562.271344211,0.0,1406562.271344211,17731343.584094267,1195650443.1179767,1.0,h09,0.0,1897680.6214375861,R0,False,0,8455726.557882594,470679563.1179767,1897680.6214375861,False,0,0,P4,1214788348.9734151,0.0,1406562.271344211,0.0,1406562.271344211,17731343.584094267,1195650443.1179767,1.0,h09,0.0,1897680.6214375861,R0,False,0,8455726.557882594,470679563.1179767,1897680.6214375861,False,0,0,P4,1214788348.9734151,0.0,1406562.271344211,0.0,1406562.271344211,17731343.584094267,1195650443.1179767,1.0,h09,0.0,1897680.6214375861,R0,False,0,8455726.557882594,470679563.1179767,1897680.6214375861,False,0,0,P4,1215539560.5465443,0.0,1623781.7039638627,0.0,1623781.7039638627,17514124.151474617,1196401654.6911058,1.0,h09,0.0,0.0,NONE,False,0,9557344.06438629,531999999.99999845,201524143.75121236,False,0,0,P4,1215539560.5465443,0.0,1623781.7039638627,0.0,1623781.7039638627,17514124.151474617,1196401654.6911058,1.0,h09,0.0,0.0,NONE,False,0,9557344.06438629,531999999.99999845,201524143.75121236,False,0,0,P4,1215539560.5465443,0.0,1623781.7039638627,0.0,1623781.7039638627,17514124.151474617,1196401654.6911058,1.0,h09,0.0,0.0,NONE,False,0,9557344.06438629,531999999.99999845,201524143.75121236,False,0,0,5130a4780ddc8f14272884b4eb711d7e0440c1ca982ab89515d12343679cb785
84,LA-0586,P1,1226151204.4200666,19137905.85543848,0.0,0.0,19137905.85543848,0.0,1207013298.5646281,1.0,h09,623200.0161948624,0.0,NONE,False,0,9143912.377203006,508986738.5646282,0.0,False,0,0,P1,1226151204.4200666,19137905.85543848,0.0,0.0,19137905.85543848,0.0,1207013298.5646281,1.0,h09,623200.0161948624,0.0,NONE,False,0,9143912.377203006,508986738.5646282,0.0,False,0,0,P1,1226151204.4200666,19137905.85543848,0.0,0.0,19137905.85543848,0.0,1207013298.5646281,1.0,h09,623200.0161948624,0.0,NONE,False,0,9143912.377203006,508986738.5646282,0.0,False,0,0,P1,1226151204.4200666,19137905.85543848,0.0,0.0,19137905.85543848,0.0,1207013298.5646281,1.0,h09,623200.0161948624,0.0,NONE,False,0,9143912.377203006,508986738.5646282,0.0,False,0,0,P1,1226151204.4200666,19137905.85543848,0.0,0.0,19137905.85543848,0.0,1207013298.5646281,1.0,h09,623200.0161948624,0.0,NONE,False,0,9143912.377203006,508986738.5646282,0.0,False,0,0,P1,1226151204.4200666,19137905.85543848,0.0,0.0,19137905.85543848,0.0,1207013298.5646281,1.0,h09,623200.0161948624,0.0,NONE,False,0,9143912.377203006,508986738.5646282,0.0,False,0,0,P1,1226151204.4200666,19137905.85543848,0.0,0.0,19137905.85543848,0.0,1207013298.5646281,1.0,h09,623200.0161948624,0.0,NONE,False,0,9143912.377203006,508986738.5646282,0.0,False,0,0,P1,1226151204.4200666,19137905.85543848,0.0,0.0,19137905.85543848,0.0,1207013298.5646281,1.0,h09,623200.0161948624,0.0,NONE,False,0,9143912.377203006,508986738.5646282,0.0,False,0,0,P1,1226151204.4200666,19137905.85543848,0.0,0.0,19137905.85543848,0.0,1207013298.5646281,1.0,h09,623200.0161948624,0.0,NONE,False,0,9143912.377203006,508986738.5646282,0.0,False,0,0,e77582328fa7a7fe218e2cd525fa3b9693a604d6b17797775576915c38f52a56
85,LA-0169,P4,1221091309.9225557,0.0,7065275.583876722,0.0,7065275.583876722,12072630.271561755,1201953404.0671172,1.0,h09,0.0,0.0,NONE,False,0,9557344.06438629,531999999.99999845,119996866.2855982,False,0,0,P4,1221091309.9225557,0.0,7065275.583876722,0.0,7065275.583876722,12072630.271561755,1201953404.0671172,1.0,h09,0.0,0.0,NONE,False,0,9557344.06438629,531999999.99999845,119996866.2855982,False,0,0,P4,1221091309.9225557,0.0,7065275.583876722,0.0,7065275.583876722,12072630.271561755,1201953404.0671172,1.0,h09,0.0,0.0,NONE,False,0,9557344.06438629,531999999.99999845,119996866.2855982,False,0,0,P4,1225299238.49534,0.0,7988632.481062306,0.0,7988632.481062306,11149273.374376172,1206161332.6399016,1.0,h09,0.0,0.0,NONE,False,0,9557344.06438629,531999999.99999845,233477668.87710768,False,0,0,P4,1225299238.49534,0.0,7988632.481062306,0.0,7988632.481062306,11149273.374376172,1206161332.6399016,1.0,h09,0.0,0.0,NONE,False,0,9557344.06438629,531999999.99999845,233477668.87710768,False,0,0,P4,1225299238.49534,0.0,7988632.481062306,0.0,7988632.481062306,11149273.374376172,1206161332.6399016,1.0,h09,0.0,0.0,NONE,False,0,9557344.06438629,531999999.99999845,233477668.87710768,False,0,0,P4,1228642777.8326526,0.0,8722314.161898404,0.0,8722314.161898404,10415591.693540074,1209504871.977214,1.0,h09,0.0,0.0,NONE,False,0,9557344.06438629,531999999.99999845,254920423.80988583,False,0,0,P4,1228642777.8326526,0.0,8722314.161898404,0.0,8722314.161898404,10415591.693540074,1209504871.977214,1.0,h09,0.0,0.0,NONE,False,0,9557344.06438629,531999999.99999845,254920423.80988583,False,0,0,P4,1228642777.8326526,0.0,8722314.161898404,0.0,8722314.161898404,10415591.693540074,1209504871.977214,1.0,h09,0.0,0.0,NONE,False,0,9557344.06438629,531999999.99999845,254920423.80988583,False,0,0,db429a3f9f039a781ac09c448465c51dff8e20d17f4d2985b803762309e30b71
86,LA-0099,P2,1229895206.1029162,11021712.839697644,1882442.418293917,0.0,12904155.257991562,6233750.597446916,1210757300.2474778,1.0,h09,0.0,487061.9934275371,R0,False,0,9211173.114535028,512730740.2474778,487061.9934275371,False,0,0,P2,1229895206.1029162,11021712.839697644,1882442.418293917,0.0,12904155.257991562,6233750.597446916,1210757300.2474778,1.0,h09,0.0,487061.9934275371,R0,False,0,9211173.114535028,512730740.2474778,487061.9934275371,False,0,0,P2,1229895206.1029162,11021712.839697644,1882442.4182939176,0.0,12904155.257991562,6233750.597446917,1210757300.2474778,1.0,h09,0.0,0.0,NONE,False,0,9557344.06438629,531999999.99999845,72321326.29681613,False,0,0,P1,1230011318.5369217,19137905.85543848,0.0,0.0,19137905.85543848,0.0,1210873412.6814833,1.0,h09,562998.9605813564,0.0,NONE,False,0,9213259.066568755,512846852.68148315,0.0,False,0,0,P1,1230011318.5369217,19137905.85543848,0.0,0.0,19137905.85543848,0.0,1210873412.6814833,1.0,h09,562998.9605813564,0.0,NONE,False,0,9213259.066568755,512846852.68148315,0.0,False,0,0,P1,1230011318.5369217,19137905.85543848,0.0,0.0,19137905.85543848,0.0,1210873412.6814833,1.0,h09,562998.9605813564,0.0,NONE,False,0,9213259.066568755,512846852.68148315,0.0,False,0,0,P1,1230011318.5369217,19137905.85543848,0.0,0.0,19137905.85543848,0.0,1210873412.6814833,1.0,h09,562998.9605813564,0.0,NONE,False,0,9213259.066568755,512846852.68148315,0.0,False,0,0,P1,1230011318.5369217,19137905.85543848,0.0,0.0,19137905.85543848,0.0,1210873412.6814833,1.0,h09,562998.9605813564,0.0,NONE,False,0,9213259.066568755,512846852.68148315,0.0,False,0,0,P1,1230011318.5369217,19137905.85543848,0.0,0.0,19137905.85543848,0.0,1210873412.6814833,1.0,h09,562998.9605813564,0.0,NONE,False,0,9213259.066568755,512846852.68148315,0.0,False,0,0,1b783aca125506029ee26194fc421c5d95af918accbf386993563129245a2044
87,LA-0456,P4,1210000129.7590406,0.0,1358704.5874904585,0.0,1358704.5874904585,17779201.267948017,1190862223.9036021,0.9999999999999998,h09,0.0,1649906.1154954557,R0,False,0,8384701.6187148625,466726030.9041441,2103203.6778552504,False,0,0,P4,1210000129.7590406,0.0,1358704.587490459,0.0,1358704.587490459,17779201.267948017,1190862223.9036021,0.9999999999999998,h09,0.0,1671004.1918924407,R0,False,0,8369706.523131685,465891343.9036021,1671004.1918924407,False,0,0,P4,1210000129.7590408,0.0,1358704.587490459,0.0,1358704.587490459,17779201.26794802,1190862223.9036024,1.0,h09,0.0,0.0,NONE,False,0,9557344.06438629,531999999.99999845,248118804.25069577,False,0,0,P4,1211036500.2295446,0.0,1637425.1102065812,0.0,1637425.1102065812,17500480.745231897,1191898594.3741062,1.0,h09,0.0,1179944.324961383,R0,False,0,8872377.737390524,493872034.3741061,19095308.184408795,False,0,0,P4,1211036500.2295446,0.0,1637425.1102065812,0.0,1637425.1102065812,17500480.745231897,1191898594.3741062,1.0,h09,0.0,0.0,NONE,False,0,9557344.06438629,531999999.99999845,299017140.39614487,False,0,0,P4,1211036500.2295446,0.0,1637425.1102065812,0.0,1637425.1102065812,17500480.745231897,1191898594.3741062,1.0,h09,0.0,0.0,NONE,False,0,9557344.06438629,531999999.99999845,299017140.39614487,False,0,0,P4,1211962654.2241564,0.0,1886504.115099781,0.0,1886504.115099781,17251401.740338698,1192824748.368718,1.0,h09,0.0,2320118.967270514,R0,False,0,8404963.142582601,467853868.3687179,2320118.967270514,False,0,0,P4,1211962654.2241564,0.0,1886504.115099781,0.0,1886504.115099781,17251401.740338698,1192824748.368718,1.0,h09,0.0,2320118.967270514,R0,False,0,8404963.142582601,467853868.3687179,2320118.967270514,False,0,0,P4,1211962654.2241564,0.0,1886504.1150997807,0.0,1886504.1150997807,17251401.740338698,1192824748.368718,1.0,h09,0.0,0.0,NONE,False,0,9557344.06438629,531999999.99999845,344502513.3219854,False,0,0,16d1167572ecd8392b355468da445f90503d1b9937a2ee474b4df247a2d4e0d0
88,LA-0383,P4,1200315183.4196491,0.0,3437871.7579059154,0.0,3437871.7579059154,15700034.097532563,1181177277.5642107,1.0,h09,0.0,0.0,NONE,False,0,9557344.06438629,531999999.99999845,197973760.22435296,False,0,0,P4,1200315183.4196494,0.0,3437871.7579059154,0.0,3437871.7579059154,15700034.097532561,1181177277.564211,1.0,h09,0.0,1234745.350171907,R0,False,0,8679770.005105827,483150717.5642108,15867529.336878013,False,0,0,P4,1200315183.4196491,0.0,3437871.7579059154,0.0,3437871.7579059154,15700034.097532563,1181177277.5642107,1.0,h09,0.0,0.0,NONE,False,0,9557344.06438629,531999999.99999845,197973760.22435296,False,0,0,P4,1203251199.1693513,0.0,4046043.7658306044,0.0,4046043.7658306044,15091862.089607874,1184113293.3139129,1.0,h09,0.0,0.0,NONE,False,0,9557344.06438629,531999999.99999845,228893871.50934806,False,0,0,P4,1203251199.1693513,0.0,4046043.7658306044,0.0,4046043.7658306044,15091862.089607874,1184113293.3139129,1.0,h09,0.0,0.0,NONE,False,0,9557344.06438629,531999999.99999845,228893871.50934806,False,0,0,P4,1203251199.1693513,0.0,4046043.7658306044,0.0,4046043.7658306044,15091862.089607874,1184113293.3139129,1.0,h09,0.0,0.0,NONE,False,0,9557344.06438629,531999999.99999845,228893871.50934806,False,0,0,P4,1205760961.1493266,0.0,4565920.7395591,0.0,4565920.7395591,14571985.115879377,1186623055.293888,1.0,h09,0.0,0.0,NONE,False,0,9557344.06438629,531999999.99999845,254040982.77861303,False,0,0,P4,1205760961.1493266,0.0,4565920.7395591,0.0,4565920.7395591,14571985.115879377,1186623055.293888,1.0,h09,0.0,0.0,NONE,False,0,9557344.06438629,531999999.99999845,254040982.77861303,False,0,0,P4,1205760961.1493266,0.0,4565920.7395591,0.0,4565920.7395591,14571985.11587938,1186623055.293888,1.0,h09,0.0,0.0,NONE,False,0,9557344.06438629,531999999.99999845,377809258.3555176,False,0,0,f1606198777e83ade77e18e57d34ab9d52e6a2e1da07f302d85210bb038253f8
89,LA-0249,P4,1202918308.0071943,0.0,3339192.307668218,0.0,3339192.307668218,15798713.54777026,1183780402.1517558,1.0,h09,0.0,0.0,NONE,False,0,9557344.06438629,531999999.99999845,188203721.0477064,False,0,0,P4,1202918308.0071943,0.0,3339192.307668218,0.0,3339192.307668218,15798713.54777026,1183780402.1517558,1.0,h09,0.0,0.0,NONE,False,0,9557344.06438629,531999999.99999845,188203721.0477064,False,0,0,P4,1202918308.0071943,0.0,3339192.307668218,0.0,3339192.307668218,15798713.54777026,1183780402.1517558,1.0,h09,0.0,0.0,NONE,False,0,9557344.06438629,531999999.99999845,188203721.0477064,False,0,0,P4,1205675171.933599,0.0,3934282.061744702,0.0,3934282.061744702,15203623.793693775,1186537266.0781605,1.0,h09,0.0,0.0,NONE,False,0,9557344.06438629,531999999.99999845,217755344.6020493,False,0,0,P4,1205675171.933599,0.0,3934282.061744702,0.0,3934282.061744702,15203623.793693775,1186537266.0781605,1.0,h09,0.0,0.0,NONE,False,0,9557344.06438629,531999999.99999845,217755344.6020493,False,0,0,P4,1205675171.933599,0.0,3934282.061744702,0.0,3934282.061744702,15203623.793693775,1186537266.0781605,1.0,h09,0.0,0.0,NONE,False,0,9557344.06438629,531999999.99999845,217755344.6020493,False,0,0,P4,1208036661.77669,0.0,4444027.354763848,0.0,4444027.354763848,14693878.500674628,1188898755.9212515,0.9999999999999998,h09,0.0,0.0,NONE,False,0,9557344.06438629,531999999.99999845,241819129.86624104,False,0,0,P4,1208036661.77669,0.0,4444027.354763848,0.0,4444027.354763848,14693878.500674628,1188898755.9212515,0.9999999999999998,h09,0.0,0.0,NONE,False,0,9557344.06438629,531999999.99999845,241819129.86624104,False,0,0,P4,1208036661.77669,0.0,4444027.354763848,0.0,4444027.354763848,14693878.500674628,1188898755.9212515,0.9999999999999998,h09,0.0,0.0,NONE,False,0,9557344.06438629,531999999.99999845,365587405.4431456,False,0,0,7a586d26a4b7a84f80fbf0e0f0fb7da0fa429f7736425d43ce95be789c60540e
90,LA-0060,P4,1227133207.2041929,0.0,6009299.974224102,0.0,6009299.974224102,13128605.881214377,1207995301.3487544,1.0,h09,0.0,0.0,NONE,False,0,9557344.06438629,531999999.99999845,97320436.03508067,False,0,0,P4,1227133207.2041929,0.0,6009299.974224101,0.0,6009299.974224101,13128605.881214373,1207995301.3487544,0.9999999999999998,h09,0.0,1216839.616773697,R0,False,0,8692496.197709406,483859108.3492964,1670137.1791334916,False,0,0,P4,1227133207.2041929,0.0,6009299.974224101,0.0,6009299.974224101,13128605.881214373,1207995301.3487544,0.9999999999999998,h09,0.0,1216839.616773697,R0,False,0,8692496.197709406,483859108.3492964,1670137.1791334916,False,0,0,P4,1230356020.5874841,0.0,6873221.297935886,0.0,6873221.297935886,12264684.557502592,1211218114.7320457,1.0,h09,0.0,0.0,NONE,False,0,9557344.06438629,531999999.99999845,104343056.77396908,False,0,0,P4,1230356020.5874841,0.0,6873221.297935886,0.0,6873221.297935886,12264684.557502592,1211218114.7320457,1.0,h09,0.0,0.0,NONE,False,0,9557344.06438629,531999999.99999845,104343056.77396908,False,0,0,P4,1230356020.5874841,0.0,6873221.297935886,0.0,6873221.297935886,12264684.557502592,1211218114.7320457,1.0,h09,0.0,0.0,NONE,False,0,9557344.06438629,531999999.99999845,104343056.77396908,False,0,0,P2,1232310168.2479079,11660661.473509222,2959208.3160435003,0.0,14619869.789552722,4518036.065885753,1213172262.3924694,0.9999999999999998,h09,0.0,0.0,NONE,False,0,9557344.06438629,531999999.99999845,90517506.48731394,False,0,0,P2,1232310168.2479076,11660661.473509222,2959208.316043501,0.0,14619869.789552722,4518036.065885754,1213172262.3924692,1.0,h09,0.0,609607.696751298,R0,False,0,9254557.746343583,515145702.3924692,609607.696751298,False,0,0,P2,1232310168.2479076,11660661.473509222,2959208.316043501,0.0,14619869.789552722,4518036.065885754,1213172262.3924692,1.0,h09,0.0,609607.696751298,R0,False,0,9254557.746343583,515145702.3924692,609607.696751298,False,0,0,5c6a57a166851826fc4f6389ffdfa315b3bf267740f3dc9f23188997bcd25fde
91,LA-0999,P4,1192236537.0440016,0.0,7140042.382041698,0.0,7140042.382041698,11997863.473396778,1173098631.188563,1.0,h09,0.0,2120007.99324968,R0,False,0,8050584.779903763,448127751.18856305,2120007.99324968,False,0,0,P4,1192236537.0440013,0.0,7140042.382041698,0.0,7140042.382041698,11997863.47339678,1173098631.1885629,1.0,h09,0.0,0.0,NONE,False,0,9557344.06438629,531999999.99999845,228294510.89529556,False,0,0,P4,1192236537.0440016,0.0,7140042.382041698,0.0,7140042.382041698,11997863.473396778,1173098631.188563,1.0,h09,0.0,2120007.99324968,R0,False,0,8050584.779903763,448127751.18856305,2120007.99324968,False,0,0,P4,1198714020.3913407,0.0,8066641.608292327,0.0,8066641.608292327,11071264.24714615,1179576114.5359023,1.0,h09,0.0,0.0,NONE,False,0,9557344.06438629,531999999.99999845,249742904.40588182,False,0,0,P4,1198714020.3913407,0.0,8066641.608292327,0.0,8066641.608292327,11071264.24714615,1179576114.5359023,1.0,h09,0.0,0.0,NONE,False,0,9557344.06438629,531999999.99999845,249742904.40588182,False,0,0,P4,1198714020.3913407,0.0,8066641.608292327,0.0,8066641.608292327,11071264.24714615,1179576114.5359023,1.0,h09,0.0,0.0,NONE,False,0,9557344.06438629,531999999.99999845,249742904.40588182,False,0,0,P4,1203853439.5157168,0.0,8801831.732089527,0.0,8801831.732089527,10336074.123348951,1184715533.6602783,1.0,h09,0.0,0.0,NONE,False,0,9557344.06438629,531999999.99999845,388053773.1888042,False,0,0,P4,1203853439.5157168,0.0,8801831.732089527,0.0,8801831.732089527,10336074.123348951,1184715533.6602783,1.0,h09,0.0,0.0,NONE,False,0,9557344.06438629,531999999.99999845,264285497.61189967,False,0,0,P4,1203853439.5157168,0.0,8801831.732089527,0.0,8801831.732089527,10336074.123348951,1184715533.6602783,1.0,h09,0.0,0.0,NONE,False,0,9557344.06438629,531999999.99999845,388053773.1888042,False,0,0,04d6d7cd13bcebb1116ea1a4ff7b407422280c9267a2ba441dd89d74886a961e
92,LA-0927,P4,1224409846.7346716,0.0,8300818.80143155,0.0,8300818.80143155,10837087.054006927,1205271940.8792331,1.0,h09,0.0,0.0,NONE,False,0,9557344.06438629,531999999.99999845,194036298.92232886,False,0,0,P4,1224409846.7346716,0.0,8300818.80143155,0.0,8300818.80143155,10837087.054006927,1205271940.8792331,1.0,h09,0.0,0.0,NONE,False,0,9557344.06438629,531999999.99999845,194036298.92232886,False,0,0,P4,1224409846.7346716,0.0,8300818.80143155,0.0,8300818.80143155,10837087.054006927,1205271940.8792331,1.0,h09,0.0,0.0,NONE,False,0,9557344.06438629,531999999.99999845,194036298.92232886,False,0,0,P4,1228994124.6018736,0.0,9261771.176306691,0.0,9261771.176306691,9876134.679131787,1209856218.7464352,1.0,h09,0.0,0.0,NONE,False,0,9557344.06438629,531999999.99999845,216499100.08951467,False,0,0,P4,1228994124.6018736,0.0,9261771.176306691,0.0,9261771.176306691,9876134.679131787,1209856218.7464352,1.0,h09,0.0,0.0,NONE,False,0,9557344.06438629,531999999.99999845,216499100.08951467,False,0,0,P4,1228994124.6018736,0.0,9261771.176306691,0.0,9261771.176306691,9876134.679131787,1209856218.7464352,1.0,h09,0.0,0.0,NONE,False,0,9557344.06438629,531999999.99999845,216499100.08951467,False,0,0,P4,1232344763.7671397,0.0,8143555.881174573,1820573.3887040683,9964129.26987864,9173776.585559838,1213206857.9117012,1.0,h09,0.0,0.0,NONE,False,0,9557344.06438629,531999999.99999845,190360189.88605902,True,1,0,P4,1232551321.6436706,0.0,10007427.753904143,0.0,10007427.753904143,9130478.101534335,1213413415.788232,1.0,h09,0.0,0.0,NONE,False,0,9557344.06438629,531999999.99999845,233929241.1448944,False,0,0,P4,1231991090.5000758,0.0,5884890.769316672,4005101.815186404,9889992.584503077,9247913.270935401,1212853184.6446373,1.0,h09,0.0,0.0,NONE,False,0,9557344.06438629,531999999.99999845,137562625.0561518,True,0,1,0df9a7a7e68e1ac8e40de9ebe9cd8ce18f94bf1d4260fb94bc5eed3a5c2b3a3a
93,LA-0962,P4,1211334859.6351075,0.0,10285053.237758996,0.0,10285053.237758996,8852852.617679482,1192196953.7796688,1.0,h09,0.0,0.0,NONE,False,0,9557344.06438629,531999999.99999845,243109300.1947608,False,0,0,P4,1211334859.6351075,0.0,10285053.237758994,0.0,10285053.237758994,8852852.617679482,1192196953.7796688,1.0,h09,0.0,0.0,NONE,False,0,9557344.06438629,531999999.99999845,156614745.4257099,False,0,0,P4,1211334859.6351075,0.0,10285053.237758996,0.0,10285053.237758996,8852852.617679482,1192196953.7796688,1.0,h09,0.0,0.0,NONE,False,0,9557344.06438629,531999999.99999845,243109300.1947608,False,0,0,P4,1218303785.9964414,0.0,11237517.934286686,0.0,11237517.934286686,7900387.921151793,1199165880.141003,1.0,h09,0.0,0.0,NONE,False,0,9557344.06438629,531999999.99999845,265622846.84155628,False,0,0,P4,1218303785.9964414,0.0,11237517.934286684,0.0,11237517.934286684,7900387.921151793,1199165880.141003,1.0,h09,0.0,0.0,NONE,False,0,9557344.06438629,531999999.99999845,159724924.6173066,False,0,0,P4,1218303785.9964414,0.0,11237517.934286684,0.0,11237517.934286684,7900387.921151793,1199165880.141003,1.0,h09,0.0,0.0,NONE,False,0,9557344.06438629,531999999.99999845,159724924.6173066,False,0,0,P4,1223284306.8897347,0.0,9720734.773290822,2197486.3389631645,11918221.112253986,7219684.743184491,1204146401.0342963,1.0,h09,0.0,1547433.4578093833,R1,True,1,8608355.867963066,479175521.03429615,1547433.4578093833,True,1,0,P4,1223515187.8970892,0.0,11949776.332843516,0.0,11949776.332843516,7188129.522594961,1204377282.0416508,1.0,h09,0.0,0.0,NONE,False,0,9557344.06438629,531999999.99999845,282458602.2652901,False,0,0,P4,1222854715.0009065,0.0,7024985.301526191,4834522.160043577,11859507.461569767,7278398.393868712,1203716809.145468,1.0,h09,0.0,0.0,NONE,False,0,9557344.06438629,531999999.99999845,166050599.93881306,True,0,1,2351bdbce5d11a84cf56b1ff6c92cf9946baeeabfefe922a31daa6731778894b
94,LA-0044,P1,1224325286.7951932,19137905.85543848,0.0,0.0,19137905.85543848,0.0,1205187380.9397547,1.0,h09,648492.1326546412,0.0,NONE,False,0,9111109.890409505,507160820.9397547,0.0,False,0,0,P1,1224325286.7951932,19137905.85543848,0.0,0.0,19137905.85543848,0.0,1205187380.9397547,1.0,h09,648492.1326546412,0.0,NONE,False,0,9111109.890409505,507160820.9397547,0.0,False,0,0,P1,1224325286.7951932,19137905.85543848,0.0,0.0,19137905.85543848,0.0,1205187380.9397547,1.0,h09,648492.1326546412,0.0,NONE,False,0,9111109.890409505,507160820.9397547,0.0,False,0,0,P1,1224325286.7951932,19137905.85543848,0.0,0.0,19137905.85543848,0.0,1205187380.9397547,1.0,h09,648492.1326546412,0.0,NONE,False,0,9111109.890409505,507160820.9397547,0.0,False,0,0,P1,1224325286.7951932,19137905.85543848,0.0,0.0,19137905.85543848,0.0,1205187380.9397547,1.0,h09,648492.1326546412,0.0,NONE,False,0,9111109.890409505,507160820.9397547,0.0,False,0,0,P1,1224325286.7951932,19137905.85543848,0.0,0.0,19137905.85543848,0.0,1205187380.9397547,1.0,h09,648492.1326546412,0.0,NONE,False,0,9111109.890409505,507160820.9397547,0.0,False,0,0,P1,1224325286.7951932,19137905.85543848,0.0,0.0,19137905.85543848,0.0,1205187380.9397547,1.0,h09,648492.1326546412,0.0,NONE,False,0,9111109.890409505,507160820.9397547,0.0,False,0,0,P1,1224325286.7951932,19137905.85543848,0.0,0.0,19137905.85543848,0.0,1205187380.9397547,1.0,h09,648492.1326546412,0.0,NONE,False,0,9111109.890409505,507160820.9397547,0.0,False,0,0,P1,1224325286.7951932,19137905.85543848,0.0,0.0,19137905.85543848,0.0,1205187380.9397547,1.0,h09,648492.1326546412,0.0,NONE,False,0,9111109.890409505,507160820.9397547,0.0,False,0,0,bf212f0da5dc4fccf2d5fbf0cdce29ca26253b07b52421334de84a0a2bd1cca4
95,LA-0048,P4,1228883359.3186624,0.0,3824693.628414628,0.0,3824693.628414628,15313212.227023851,1209745453.463224,1.0,h09,0.0,0.0,NONE,False,0,9557344.06438629,531999999.99999845,90751770.51470152,False,0,0,P4,1228883359.3186624,0.0,3824693.628414628,0.0,3824693.628414628,15313212.227023851,1209745453.463224,1.0,h09,0.0,0.0,NONE,False,0,9557344.06438629,531999999.99999845,90751770.51470152,False,0,0,P4,1228883359.3186624,0.0,3824693.628414628,0.0,3824693.628414628,15313212.227023851,1209745453.463224,1.0,h09,0.0,0.0,NONE,False,0,9557344.06438629,531999999.99999845,90751770.51470152,False,0,0,P4,1230909734.6854599,0.0,4481761.617397638,0.0,4481761.617397638,14656144.238040842,1211771828.8300214,1.0,h09,0.0,0.0,NONE,False,0,9557344.06438629,531999999.99999845,101798655.50419298,False,0,0,P4,1230909734.6854599,0.0,4481761.617397638,0.0,4481761.617397638,14656144.23804084,1211771828.8300214,1.0,h09,0.0,0.0,NONE,False,0,9557344.06438629,531999999.99999845,207696577.72844264,False,0,0,P4,1230909734.6854599,0.0,4481761.617397638,0.0,4481761.617397638,14656144.238040842,1211771828.8300214,1.0,h09,0.0,0.0,NONE,False,0,9557344.06438629,531999999.99999845,101798655.50419298,False,0,0,P4,1232628027.4087422,0.0,5038931.410650459,0.0,5038931.410650459,14098974.444788018,1213490121.5533037,1.0,h09,0.0,0.0,NONE,False,0,9557344.06438629,531999999.99999845,109749010.42460987,False,0,0,P4,1232628027.4087422,0.0,5038931.410650459,0.0,5038931.410650459,14098974.444788018,1213490121.5533037,1.0,h09,0.0,0.0,NONE,False,0,9557344.06438629,531999999.99999845,109749010.42460987,False,0,0,P4,1232628027.4087422,0.0,5038931.410650459,0.0,5038931.410650459,14098974.444788018,1213490121.5533037,1.0,h09,0.0,0.0,NONE,False,0,9557344.06438629,531999999.99999845,109749010.42460987,False,0,0,a56766a00afe63601e53890cc89dc09afbe2721fd8060d447120411521a86af9
96,LA-0976,P4,1205211764.4181764,0.0,907179.2536345989,0.0,907179.2536345989,18230726.60180388,1186073858.562738,1.0,h09,0.0,0.0,NONE,False,0,9557344.06438629,531999999.99999845,179595927.5166411,False,0,0,P4,1205211764.4181764,0.0,907179.2536345989,0.0,907179.2536345989,18230726.60180388,1186073858.562738,1.0,h09,0.0,1792037.9419240481,R0,False,0,8283683.86322826,461102978.5627379,1792037.9419240481,False,0,0,P4,1205211764.4181764,0.0,907179.2536345989,0.0,907179.2536345989,18230726.60180388,1186073858.562738,1.0,h09,0.0,1110976.2727526235,R0,False,0,8767736.751989398,488047298.5627379,15743760.25945873,False,0,0,P4,1205957734.178907,0.0,1099000.7220883735,0.0,1099000.7220883735,18038905.133350104,1186819828.3234684,1.0,h09,0.0,0.0,NONE,False,0,9557344.06438629,531999999.99999845,216456927.71437985,False,0,0,P4,1205957734.178907,0.0,1099000.7220883733,0.0,1099000.7220883733,18038905.133350104,1186819828.3234684,1.0,h09,0.0,1337116.6545332181,R0,False,0,8781138.04835205,488793268.3234685,19252480.51398063,False,0,0,P4,1205957734.178907,0.0,1099000.7220883733,0.0,1099000.7220883733,18038905.133350104,1186819828.3234684,1.0,h09,0.0,1337116.6545332181,R0,False,0,8781138.04835205,488793268.3234685,19252480.51398063,False,0,0,P4,1206631013.306936,0.0,1272130.2479974162,0.0,1272130.2479974162,17865775.60744106,1187493107.4514976,1.0,h09,0.0,0.0,NONE,False,0,9557344.06438629,531999999.99999845,249368290.17197883,False,0,0,P4,1206631013.306936,0.0,1272130.2479974162,0.0,1272130.2479974162,17865775.60744106,1187493107.4514976,1.0,h09,0.0,0.0,NONE,False,0,9557344.06438629,531999999.99999845,249368290.17197883,False,0,0,P4,1206631013.306936,0.0,1272130.2479974162,0.0,1272130.2479974162,17865775.60744106,1187493107.4514976,1.0,h09,0.0,0.0,NONE,False,0,9557344.06438629,531999999.99999845,249368290.17197883,False,0,0,0be09dcb7251fd3b48015e5dbcd04606942aeedca91f629f12555ac59f3a4f48
97,LA-0267,P4,1191942183.1822195,0.0,4698504.976126905,0.0,4698504.976126905,14439400.879311569,1172804277.326781,0.9999999999999998,h09,0.0,2127448.2675795723,R0,False,0,8045296.732659904,447833397.3267809,2127448.2675795723,False,0,0,P4,1191942183.1822195,0.0,4698504.9761269055,0.0,4698504.9761269055,14439400.879311573,1172804277.326781,1.0,h09,0.0,0.0,NONE,False,0,9557344.06438629,531999999.99999845,229399278.9018554,False,0,0,P4,1191942183.1822195,0.0,4698504.9761269055,0.0,4698504.9761269055,14439400.879311573,1172804277.326781,1.0,h09,0.0,0.0,NONE,False,0,9557344.06438629,531999999.99999845,229399278.9018554,False,0,0,P4,1196335678.1108792,0.0,5452241.405081362,0.0,5452241.405081362,13685664.45035711,1177197772.2554407,0.9999999999999996,h09,0.0,2443817.3264024593,R0,False,0,8138690.1986886095,453032051.2198028,2979170.0764902,False,0,0,P4,1196335678.1108792,0.0,5452241.405081364,0.0,5452241.405081364,13685664.450357113,1177197772.2554407,1.0,h09,0.0,0.0,NONE,False,0,9557344.06438629,531999999.99999845,260671752.23636138,False,0,0,P4,1196335678.1108792,0.0,5452241.405081364,0.0,5452241.405081364,13685664.450357113,1177197772.2554407,1.0,h09,0.0,0.0,NONE,False,0,9557344.06438629,531999999.99999845,260671752.23636138,False,0,0,P4,1199994912.1632771,0.0,6080009.970232409,0.0,6080009.970232409,13057895.885206068,1180857006.3078387,1.0,h09,0.0,0.0,NONE,False,0,9557344.06438629,531999999.99999845,408776338.00811213,False,0,0,P4,1199994912.1632771,0.0,6080009.970232409,0.0,6080009.970232409,13057895.885206068,1180857006.3078387,1.0,h09,0.0,0.0,NONE,False,0,9557344.06438629,531999999.99999845,408776338.00811213,False,0,0,P4,1199994912.1632771,0.0,6080009.970232409,0.0,6080009.970232409,13057895.885206068,1180857006.3078387,1.0,h09,0.0,0.0,NONE,False,0,9557344.06438629,531999999.99999845,408776338.00811213,False,0,0,7155f81149228c2735676d2bfb1b36a3656aa2f39003f34d6f4a8e942065524d
98,LA-0650,P4,1173532528.7164357,0.0,161009.57525511575,0.0,161009.57525511575,18976896.280183364,1154394622.8609972,1.0,h09,0.0,1911720.66508104,R0,False,0,8198621.422481268,456368062.8609973,16544504.651787147,False,0,0,P4,1173532528.7164357,0.0,161009.57525511575,0.0,161009.57525511575,18976896.280183364,1154394622.8609972,1.0,h09,0.0,1911720.66508104,R0,False,0,8198621.422481268,456368062.8609973,16544504.651787147,False,0,0,P4,1173532528.7164357,0.0,161009.57525511575,0.0,161009.57525511575,18976896.280183364,1154394622.8609972,1.0,h09,0.0,1911720.66508104,R0,False,0,8198621.422481268,456368062.8609973,16544504.651787147,False,0,0,P4,1173725758.2916796,0.0,196757.5905360349,0.0,196757.5905360349,18941148.264902443,1154587852.4362411,1.0,h09,0.0,0.0,NONE,False,0,9557344.06438629,531999999.99999845,364567804.2021932,False,0,0,P4,1173725758.2916796,0.0,196757.59053603484,0.0,196757.59053603484,18941148.264902443,1154587852.4362411,1.0,h09,0.0,2334598.06761441,R0,False,0,8202092.778748223,456561292.4362411,20249961.927061822,False,0,0,P4,1173725758.2916796,0.0,196757.59053603484,0.0,196757.59053603484,18941148.264902443,1154587852.4362411,1.0,h09,0.0,2334598.06761441,R0,False,0,8202092.778748223,456561292.4362411,20249961.927061822,False,0,0,P4,1173903078.3769348,0.0,229562.305390456,0.0,229562.305390456,18908343.550048023,1154765172.5214963,1.0,h09,0.0,0.0,NONE,False,0,9557344.06438629,531999999.99999845,425136579.73982126,False,0,0,P4,1173903078.3769348,0.0,229562.305390456,0.0,229562.305390456,18908343.550048023,1154765172.5214963,1.0,h09,0.0,0.0,NONE,False,0,9557344.06438629,531999999.99999845,425136579.73982126,False,0,0,P4,1173903078.3769348,0.0,229562.30539045596,0.0,229562.30539045596,18908343.55004802,1154765172.5214963,0.9999999999999998,h09,0.0,2722149.694009271,R0,False,0,8205278.322102187,456738612.5214962,23660744.565787118,False,0,0,2f5c0eebb91edbc8f679cec36b0877b0857dad5f2cbf58e651af268a6c2d1185
99,LA-0867,P4,1235725672.2495499,0.0,6368207.88140337,0.0,6368207.88140337,12769697.974035108,1216587766.3941114,1.0,h09,0.0,0.0,NONE,False,0,9557344.06438629,531999999.99999845,151565777.48611778,False,0,0,P4,1235725672.2495499,0.0,6368207.88140337,0.0,6368207.88140337,12769697.974035107,1216587766.3941114,1.0,h09,0.0,1020749.1136820177,R0,False,0,8831864.156260984,491616886.39411145,1020749.1136820177,False,0,0,P4,1235725672.2495499,0.0,6368207.88140337,0.0,6368207.88140337,12769697.974035108,1216587766.3941114,1.0,h09,0.0,0.0,NONE,False,0,9557344.06438629,531999999.99999845,151565777.48611778,False,0,0,P2,1238365222.958799,13638020.080859048,2085016.097016748,0.0,15723036.177875796,3414869.677562683,1219227317.1033604,1.0,h09,0.0,0.0,NONE,False,0,9557344.06438629,531999999.99999845,49624178.68585237,False,0,0,P2,1238365222.9587986,13638020.080859048,2085016.0970167485,0.0,15723036.177875796,3414869.677562682,1219227317.1033602,1.0,h09,0.0,334203.65237410786,R0,False,0,9363336.395217022,521200757.1033603,334203.65237410786,False,0,0,P2,1238365222.958799,13638020.080859048,2085016.097016748,0.0,15723036.177875796,3414869.677562683,1219227317.1033604,1.0,h09,0.0,0.0,NONE,False,0,9557344.06438629,531999999.99999845,49624178.68585237,False,0,0,P1,1238675341.8834758,19137905.85543848,0.0,0.0,19137905.85543848,0.0,1219537436.0280373,1.0,h09,381512.60922443337,0.0,NONE,False,0,9368907.660750885,521510876.02803725,0.0,False,0,0,P1,1238675341.8834758,19137905.85543848,0.0,0.0,19137905.85543848,0.0,1219537436.0280373,1.0,h09,381512.60922443337,0.0,NONE,False,0,9368907.660750885,521510876.02803725,0.0,False,0,0,P1,1238675341.8834758,19137905.85543848,0.0,0.0,19137905.85543848,0.0,1219537436.0280373,1.0,h09,381512.60922443337,0.0,NONE,False,0,9368907.660750885,521510876.02803725,0.0,False,0,0,d5fc204c9d14352f459cddce037ed690ad127f3b2af31ebddae1297a5ff00661
100,LA-0416,P4,1206246337.5693297,0.0,218520.7327419781,0.0,218520.7327419781,18919385.1226965,1187108431.7138913,1.0,h09,0.0,0.0,NONE,False,0,9557344.06438629,531999999.99999845,262207525.52433062,False,0,0,P4,1206246337.5693297,0.0,218520.7327419781,0.0,218520.7327419781,18919385.1226965,1187108431.7138913,1.0,h09,0.0,0.0,NONE,False,0,9557344.06438629,531999999.99999845,262207525.52433062,False,0,0,P4,1206246337.5693297,0.0,218520.7327419781,0.0,218520.7327419781,18919385.1226965,1187108431.7138913,1.0,h09,0.0,0.0,NONE,False,0,9557344.06438629,531999999.99999845,262207525.52433062,False,0,0,P4,1206424829.8230422,0.0,266858.0551841704,0.0,266858.0551841704,18871047.800254308,1187286923.9676037,1.0,h09,0.0,0.0,NONE,False,0,9557344.06438629,531999999.99999845,320208473.7593177,False,0,0,P4,1206424829.8230422,0.0,266858.0551841704,0.0,266858.0551841704,18871047.800254308,1187286923.9676037,1.0,h09,0.0,0.0,NONE,False,0,9557344.06438629,531999999.99999845,320208473.7593177,False,0,0,P4,1206424829.8230422,0.0,266858.0551841704,0.0,266858.0551841704,18871047.800254308,1187286923.9676037,1.0,h09,0.0,0.0,NONE,False,0,9557344.06438629,531999999.99999845,320208473.7593177,False,0,0,P4,1206588414.9006824,0.0,311158.37903666607,0.0,311158.37903666607,18826747.47640181,1187450509.045244,0.9999999999999998,h09,0.0,0.0,NONE,False,0,9557344.06438629,531999999.99999845,373365344.28384143,False,0,0,P4,1206588414.9006824,0.0,311158.37903666607,0.0,311158.37903666607,18826747.47640181,1187450509.045244,0.9999999999999998,h09,0.0,0.0,NONE,False,0,9557344.06438629,531999999.99999845,373365344.28384143,False,0,0,P4,1206588414.9006824,0.0,311158.37903666607,0.0,311158.37903666607,18826747.47640181,1187450509.045244,0.9999999999999998,h09,0.0,0.0,NONE,False,0,9557344.06438629,531999999.99999845,373365344.28384143,False,0,0,d2908d0efefad938e087de1ae37f3090f827d260b2c2c2a32a78e3db9f40cb0e
101,LA-0205,P4,1212866435.366028,0.0,4661912.070079141,0.0,4661912.070079141,14475993.785359336,1193728529.5105896,1.0,h09,0.0,0.0,NONE,False,0,9557344.06438629,531999999.99999845,237360994.8832546,False,0,0,P4,1212866435.366028,0.0,4661912.070079141,0.0,4661912.070079141,14475993.785359336,1193728529.5105896,1.0,h09,0.0,0.0,NONE,False,0,9557344.06438629,531999999.99999845,237360994.8832546,False,0,0,P4,1212866435.366028,0.0,4661912.070079141,0.0,4661912.070079141,14475993.785359336,1193728529.5105896,1.0,h09,0.0,0.0,NONE,False,0,9557344.06438629,531999999.99999845,237360994.8832546,False,0,0,P4,1216143306.1558352,0.0,5411978.454734105,0.0,5411978.454734105,13725927.400704373,1197005400.3003967,1.0,h09,0.0,0.0,NONE,False,0,9557344.06438629,531999999.99999845,275550583.32119477,False,0,0,P4,1216143306.1558352,0.0,5411978.454734105,0.0,5411978.454734105,13725927.400704373,1197005400.3003967,1.0,h09,0.0,0.0,NONE,False,0,9557344.06438629,531999999.99999845,275550583.32119477,False,0,0,P4,1216143306.1558352,0.0,5411978.454734105,0.0,5411978.454734105,13725927.400704373,1197005400.3003967,1.0,h09,0.0,0.0,NONE,False,0,9557344.06438629,531999999.99999845,275550583.32119477,False,0,0,P4,1218874566.563152,0.0,6037156.177835005,0.0,6037156.177835005,13100749.677603472,1199736660.7077136,1.0,h09,0.0,0.0,NONE,False,0,9557344.06438629,531999999.99999845,307381472.472126,False,0,0,P4,1218874566.563152,0.0,6037156.177835005,0.0,6037156.177835005,13100749.677603472,1199736660.7077136,1.0,h09,0.0,0.0,NONE,False,0,9557344.06438629,531999999.99999845,307381472.472126,False,0,0,P4,1218874566.563152,0.0,6037156.177835005,0.0,6037156.177835005,13100749.677603472,1199736660.7077136,1.0,h09,0.0,0.0,NONE,False,0,9557344.06438629,531999999.99999845,307381472.472126,False,0,0,ef9b5a4a13f0db85f8506767fe0ad9d4136722742a56f1d76ab6bff09cea8adc
102,LA-0120,P4,1201249003.748331,0.0,7266151.205404817,0.0,7266151.205404817,11871754.650033658,1182111097.8928926,0.9999999999999998,h09,0.0,1211141.5170910088,R0,False,0,8696546.024232766,484084537.89289266,15843925.503797114,False,0,0,P4,1201249003.748331,0.0,7266151.205404818,0.0,7266151.205404818,11871754.650033658,1182111097.8928926,1.0,h09,0.0,0.0,NONE,False,0,9557344.06438629,531999999.99999845,194468948.6456741,False,0,0,P4,1201249003.748331,0.0,7266151.205404818,0.0,7266151.205404818,11871754.650033658,1182111097.8928926,1.0,h09,0.0,0.0,NONE,False,0,9557344.06438629,531999999.99999845,194468948.6456741,False,0,0,P4,1207124549.5844738,0.0,8197933.754570045,0.0,8197933.754570045,10939972.100868434,1187986643.7290354,1.0,h09,0.0,0.0,NONE,False,0,9557344.06438629,531999999.99999845,211095231.83130312,False,0,0,P4,1207124549.5844738,0.0,8197933.754570045,0.0,8197933.754570045,10939972.100868434,1187986643.7290354,1.0,h09,0.0,0.0,NONE,False,0,9557344.06438629,531999999.99999845,211095231.83130312,False,0,0,P4,1207124549.5844738,0.0,8197933.754570045,0.0,8197933.754570045,10939972.100868434,1187986643.7290354,1.0,h09,0.0,0.0,NONE,False,0,9557344.06438629,531999999.99999845,211095231.83130312,False,0,0,P4,1211774997.8284152,0.0,8935432.301997852,0.0,8935432.301997852,10202473.553440625,1192637091.9729767,1.0,h09,0.0,1352349.8882876555,R0,False,0,8885644.79687009,494610531.9729767,22290944.760065503,False,0,0,P4,1211774997.8284152,0.0,8935432.301997852,0.0,8935432.301997852,10202473.553440627,1192637091.9729767,1.0,h09,0.0,0.0,NONE,False,0,9557344.06438629,531999999.99999845,221742063.1326722,False,0,0,P4,1211774997.8284152,0.0,8935432.301997852,0.0,8935432.301997852,10202473.553440627,1192637091.9729767,1.0,h09,0.0,0.0,NONE,False,0,9557344.06438629,531999999.99999845,221742063.1326722,False,0,0,2aae7d39c04c256534b7b7de6ae75448e0900b11a58451099e46778ae31fb7bb
103,LA-0327,P4,1221428650.7054138,0.0,1150747.776101833,0.0,1150747.776101833,17987158.079336647,1202290744.8499753,1.0,h09,0.0,0.0,NONE,False,0,9557344.06438629,531999999.99999845,205225314.66843364,False,0,0,P4,1221428650.7054138,0.0,1150747.7761018327,0.0,1150747.7761018327,17987158.079336643,1202290744.8499753,0.9999999999999998,h09,0.0,1382129.6702159813,R0,False,0,8575019.129957877,477319864.8499753,1382129.6702159813,False,0,0,P4,1221428650.7054136,0.0,1150747.7761018327,0.0,1150747.7761018327,17987158.079336643,1202290744.849975,0.9999999999999998,h09,0.0,0.0,NONE,False,0,9557344.06438629,531999999.99999845,118730759.89938273,False,0,0,P4,1222156404.8489265,0.0,1390144.2001659335,0.0,1390144.2001659335,17747761.655272543,1203018498.993488,1.0,h09,0.0,0.0,NONE,False,0,9557344.06438629,531999999.99999845,247919471.8759164,False,0,0,P4,1222156404.8489265,0.0,1390144.2001659335,0.0,1390144.2001659335,17747761.655272543,1203018498.993488,1.0,h09,0.0,1518554.2423930184,R0,False,0,8675812.199067283,482930410.2488813,20791253.24555168,False,0,0,P4,1222156404.8489265,0.0,1390144.2001659335,0.0,1390144.2001659335,17747761.655272543,1203018498.993488,1.0,h09,0.0,0.0,NONE,False,0,9557344.06438629,531999999.99999845,142021549.6516667,False,0,0,P4,1222809731.8985753,0.0,1605057.6579929222,0.0,1605057.6579929222,17532848.197445557,1203671826.0431368,1.0,h09,0.0,0.0,NONE,False,0,9557344.06438629,531999999.99999845,162479040.96227354,False,0,0,P4,1222809731.8985753,0.0,1605057.6579929222,0.0,1605057.6579929222,17532848.197445557,1203671826.0431368,1.0,h09,0.0,0.0,NONE,False,0,9557344.06438629,531999999.99999845,286247316.5391781,False,0,0,P4,1222809731.8985753,0.0,1605057.6579929222,0.0,1605057.6579929222,17532848.197445557,1203671826.0431368,1.0,h09,0.0,0.0,NONE,False,0,9557344.06438629,531999999.99999845,162479040.96227354,False,0,0,741d04232a547ed09632828b1019afec96fb4e15d503b505fec296107f9d13fd
104,LA-0598,P4,1215255828.3178577,0.0,707715.2214845084,0.0,707715.2214845084,18430190.63395397,1196117922.4624193,1.0,h09,0.0,1538157.8319497916,R0,False,0,8464124.792728143,471147042.46241933,1538157.8319497916,False,0,0,P4,1215255828.3178577,0.0,707715.2214845084,0.0,707715.2214845084,18430190.63395397,1196117922.4624193,1.0,h09,0.0,1538157.8319497916,R0,False,0,8464124.792728143,471147042.46241933,1538157.8319497916,False,0,0,P4,1215255828.3178577,0.0,707715.2214845084,0.0,707715.2214845084,18430190.63395397,1196117922.4624193,1.0,h09,0.0,1538157.8319497916,R0,False,0,8464124.792728143,471147042.46241933,1538157.8319497916,False,0,0,P4,1215756492.1780052,0.0,859348.4495054499,0.0,859348.4495054499,18278557.405933026,1196618586.3225665,0.9999999999999998,h09,0.0,1867719.540082906,R0,False,0,8473119.185156772,471647706.32256657,1867719.540082906,False,0,0,P4,1215756492.1780052,0.0,859348.4495054501,0.0,859348.4495054501,18278557.40593303,1196618586.3225665,1.0,h09,0.0,1842802.3241996188,R0,False,0,8487583.811564544,472452865.2869288,2378155.0742873596,False,0,0,P4,1215756492.1780052,0.0,859348.4495054499,0.0,859348.4495054499,18278557.405933026,1196618586.3225665,0.9999999999999998,h09,0.0,1867719.540082906,R0,False,0,8473119.185156772,471647706.32256657,1867719.540082906,False,0,0,P4,1216210366.8460433,0.0,996810.8998835189,0.0,996810.8998835189,18141094.955554955,1197072460.9906049,0.9999999999999998,h09,0.0,1191925.8140224365,R0,False,0,8965325.901670827,499045900.9906049,22130520.685800284,False,0,0,P4,1216210366.8460433,0.0,996810.8998835189,0.0,996810.8998835189,18141094.955554955,1197072460.9906049,0.9999999999999998,h09,0.0,1191925.8140224365,R0,False,0,8965325.901670827,499045900.9906049,22130520.685800284,False,0,0,P4,1216210366.8460433,0.0,996810.8998835189,0.0,996810.8998835189,18141094.95555496,1197072460.9906049,1.0,h09,0.0,2166482.2884727465,R0,False,0,8481273.012909688,472101580.9906049,2166482.2884727465,False,0,0,a0c21228f2bfb1906e55587b91d43ee73c40888cfad67db191aefee801612ccd
105,LA-0855,P2,1223636008.3403392,9677795.718008293,4462151.607803443,0.0,14139947.325811736,4997958.529626741,1204498102.4849007,1.0,h09,0.0,645273.4337554004,R0,False,0,9098727.049527533,506471542.48490065,645273.4337554004,False,0,0,P2,1223636008.340339,9677795.718008293,4462151.607803444,0.0,14139947.325811736,4997958.529626742,1204498102.4849005,1.0,h09,0.0,0.0,NONE,False,0,9557344.06438629,531999999.99999845,95813328.04246855,False,0,0,P2,1223636008.340339,9677795.718008293,4462151.607803444,0.0,14139947.325811736,4997958.529626742,1204498102.4849005,1.0,h09,0.0,0.0,NONE,False,0,9557344.06438629,531999999.99999845,95813328.04246855,False,0,0,P1,1223739720.2537177,19137905.85543844,0.0,0.0,19137905.85543844,0.0,1204601814.3982792,0.999999999999998,h09,656222.9562590279,0.0,NONE,False,0,9100590.227045834,506575254.3982793,0.0,False,0,0,P1,1223739720.2537177,19137905.85543844,0.0,0.0,19137905.85543844,0.0,1204601814.3982792,0.999999999999998,h09,656222.9562590279,0.0,NONE,False,0,9100590.227045834,506575254.3982793,0.0,False,0,0,P1,1223739720.2537177,19137905.85543844,0.0,0.0,19137905.85543844,0.0,1204601814.3982792,0.999999999999998,h09,656222.9562590279,0.0,NONE,False,0,9100590.227045834,506575254.3982793,0.0,False,0,0,P1,1223739720.2537177,19137905.85543844,0.0,0.0,19137905.85543844,0.0,1204601814.3982792,0.999999999999998,h09,656222.9562590279,0.0,NONE,False,0,9100590.227045834,506575254.3982793,0.0,False,0,0,P1,1223739720.2537177,19137905.85543844,0.0,0.0,19137905.85543844,0.0,1204601814.3982792,0.999999999999998,h09,656222.9562590279,0.0,NONE,False,0,9100590.227045834,506575254.3982793,0.0,False,0,0,P1,1223739720.2537177,19137905.85543844,0.0,0.0,19137905.85543844,0.0,1204601814.3982792,0.999999999999998,h09,656222.9562590279,0.0,NONE,False,0,9100590.227045834,506575254.3982793,0.0,False,0,0,7846f033799ee732760e5c78a28e9fd5a3d0d6a76038e152c41722890cff05f7
106,LA-0477,P4,1238589355.6707785,0.0,6265905.329535953,0.0,6265905.329535953,12872000.525902525,1219451449.81534,1.0,h09,0.0,0.0,NONE,False,0,9557344.06438629,531999999.99999845,140817809.69818223,False,0,0,P4,1238589355.6707785,0.0,6265905.329535954,0.0,6265905.329535954,12872000.525902525,1219451449.81534,1.0,h09,0.0,0.0,NONE,False,0,9557344.06438629,531999999.99999845,54323254.92913135,False,0,0,P4,1238589355.6707785,0.0,6265905.329535954,0.0,6265905.329535954,12872000.525902525,1219451449.81534,1.0,h09,0.0,0.0,NONE,False,0,9557344.06438629,531999999.99999845,54323254.92913135,False,0,0,P2,1240598472.2990172,14447647.319013588,1751475.270782444,0.0,16199122.589796033,2938783.265642446,1221460566.4435787,1.0,h09,0.0,0.0,NONE,False,0,9557344.06438629,531999999.99999845,39362055.18610672,False,0,0,P2,1240598472.2990172,14447647.319013588,1751475.2707824444,0.0,16199122.589796033,2938783.2656424465,1221460566.4435787,1.0,h09,0.0,0.0,NONE,False,0,9557344.06438629,531999999.99999845,39362055.18610673,False,0,0,P2,1240598472.2990172,14447647.319013588,1751475.2707824444,0.0,16199122.589796033,2938783.2656424465,1221460566.4435787,1.0,h09,0.0,0.0,NONE,False,0,9557344.06438629,531999999.99999845,39362055.18610673,False,0,0,P1,1240720693.3263164,19137905.85543848,0.0,0.0,19137905.85543848,0.0,1221582787.470878,1.0,h09,325350.8973657665,0.0,NONE,False,0,9405652.261261819,523556227.4708779,0.0,False,0,0,P1,1240720693.3263164,19137905.85543848,0.0,0.0,19137905.85543848,0.0,1221582787.470878,1.0,h09,325350.8973657665,0.0,NONE,False,0,9405652.261261819,523556227.4708779,0.0,False,0,0,P1,1240720693.3263164,19137905.85543848,0.0,0.0,19137905.85543848,0.0,1221582787.470878,1.0,h09,325350.8973657665,0.0,NONE,False,0,9405652.261261819,523556227.4708779,0.0,False,0,0,a7df6741131ce501eb9a941773b5fb2ffc11c07d538339093a918d9d786d1bb8
107,LA-0574,P4,1190495813.8290374,0.0,2661816.2973340484,0.0,2661816.2973340484,16476089.55810443,1171357907.973599,1.0,h09,0.0,0.0,NONE,False,0,9557344.06438629,531999999.99999845,234827787.89911973,False,0,0,P4,1190495813.8290374,0.0,2661816.2973340484,0.0,2661816.2973340484,16476089.55810443,1171357907.973599,1.0,h09,0.0,0.0,NONE,False,0,9557344.06438629,531999999.99999845,234827787.89911973,False,0,0,P4,1190495813.8290374,0.0,2661816.297334049,0.0,2661816.297334049,16476089.558104431,1171357907.973599,1.0,h09,0.0,2164007.6138876798,R0,False,0,8019312.804929559,446387027.973599,2164007.6138876798,False,0,0,P4,1193086221.6894124,0.0,3160336.450172497,0.0,3160336.450172497,15977569.405265983,1173948315.833974,1.0,h09,0.0,0.0,NONE,False,0,9557344.06438629,531999999.99999845,275603503.2520694,False,0,0,P4,1193086221.6894124,0.0,3160336.450172497,0.0,3160336.450172497,15977569.405265983,1173948315.833974,1.0,h09,0.0,0.0,NONE,False,0,9557344.06438629,531999999.99999845,275603503.2520694,False,0,0,P4,1193086221.6894124,0.0,3160336.4501724974,0.0,3160336.4501724974,15977569.405265981,1173948315.833974,1.0,h09,0.0,2569295.314432353,R0,False,0,8065849.307163946,448977435.83397394,2569295.314432353,False,0,0,P4,1195337058.3425205,0.0,3593506.627535785,0.0,3593506.627535785,15544399.227902692,1176199152.487082,1.0,h09,0.0,0.0,NONE,False,0,9557344.06438629,531999999.99999845,310023481.24337775,False,0,0,P4,1195337058.3425205,0.0,3593506.627535785,0.0,3593506.627535785,15544399.227902692,1176199152.487082,1.0,h09,0.0,0.0,NONE,False,0,9557344.06438629,531999999.99999845,310023481.24337775,False,0,0,P4,1195337058.3425205,0.0,3593506.627535785,0.0,3593506.627535785,15544399.227902692,1176199152.487082,1.0,h09,0.0,2921454.688789656,R0,False,0,8106285.435597191,451228272.487082,2921454.688789656,False,0,0,f25a126b592f2f21a58cc729debc7472fcecc4c7c6fe06dacbcef91b82cf6482
108,LA-0492,P1,1227899667.655367,19137905.85543848,0.0,0.0,19137905.85543848,0.0,1208761761.7999284,1.0,h09,597149.5863530028,0.0,NONE,False,0,9175323.401119726,510735201.7999284,0.0,False,0,0,P1,1227899667.655367,19137905.85543848,0.0,0.0,19137905.85543848,0.0,1208761761.7999284,1.0,h09,597149.5863530028,0.0,NONE,False,0,9175323.401119726,510735201.7999284,0.0,False,0,0,P1,1227899667.655367,19137905.85543848,0.0,0.0,19137905.85543848,0.0,1208761761.7999284,1.0,h09,597149.5863530028,0.0,NONE,False,0,9175323.401119726,510735201.7999284,0.0,False,0,0,P1,1227899667.655367,19137905.85543848,0.0,0.0,19137905.85543848,0.0,1208761761.7999284,1.0,h09,597149.5863530028,0.0,NONE,False,0,9175323.401119726,510735201.7999284,0.0,False,0,0,P1,1227899667.655367,19137905.85543848,0.0,0.0,19137905.85543848,0.0,1208761761.7999284,1.0,h09,597149.5863530028,0.0,NONE,False,0,9175323.401119726,510735201.7999284,0.0,False,0,0,P1,1227899667.655367,19137905.85543848,0.0,0.0,19137905.85543848,0.0,1208761761.7999284,1.0,h09,597149.5863530028,0.0,NONE,False,0,9175323.401119726,510735201.7999284,0.0,False,0,0,P1,1227899667.655367,19137905.85543848,0.0,0.0,19137905.85543848,0.0,1208761761.7999284,1.0,h09,597149.5863530028,0.0,NONE,False,0,9175323.401119726,510735201.7999284,0.0,False,0,0,P1,1227899667.655367,19137905.85543848,0.0,0.0,19137905.85543848,0.0,1208761761.7999284,1.0,h09,597149.5863530028,0.0,NONE,False,0,9175323.401119726,510735201.7999284,0.0,False,0,0,P1,1227899667.655367,19137905.85543848,0.0,0.0,19137905.85543848,0.0,1208761761.7999284,1.0,h09,597149.5863530028,0.0,NONE,False,0,9175323.401119726,510735201.7999284,0.0,False,0,0,ffc604f2f02d000ef6c8d1e172b174a22d10e90ee47c25189ff82561fca0a48f
109,LA-0354,P4,1214931719.318112,0.0,10233099.120239187,0.0,10233099.120239187,8904806.735199291,1195793813.4626734,1.0,h09,0.0,0.0,NONE,False,0,9557344.06438629,531999999.99999845,143115022.75242853,False,0,0,P4,1214931719.318112,0.0,10233099.120239187,0.0,10233099.120239187,8904806.735199291,1195793813.4626734,1.0,h09,0.0,0.0,NONE,False,0,9557344.06438629,531999999.99999845,143115022.75242853,False,0,0,P4,1214931719.318112,0.0,10233099.120239187,0.0,10233099.120239187,8904806.735199291,1195793813.4626734,1.0,h09,0.0,0.0,NONE,False,0,9557344.06438629,531999999.99999845,143115022.75242853,False,0,0,P4,1221483977.9351122,0.0,11186832.27493096,0.0,11186832.27493096,7951073.580507517,1202346072.0796738,1.0,h09,0.0,0.0,NONE,False,0,9557344.06438629,531999999.99999845,251009376.75570083,False,0,0,P4,1221483977.9351122,0.0,11186832.27493096,0.0,11186832.27493096,7951073.580507517,1202346072.0796738,1.0,h09,0.0,0.0,NONE,False,0,9557344.06438629,531999999.99999845,251009376.75570083,False,0,0,P4,1221483977.9351122,0.0,11186832.27493096,0.0,11186832.27493096,7951073.580507517,1202346072.0796738,1.0,h09,0.0,0.0,NONE,False,0,9557344.06438629,531999999.99999845,251009376.75570083,False,0,0,P4,1225879681.1764457,0.0,9737142.35095667,2089519.3575330756,11826661.708489744,7311244.146948735,1206741775.3210073,1.0,h09,0.0,1471404.898977735,R1,True,1,8654981.591711111,481770895.3210073,1471404.898977735,True,1,0,P4,1226388452.0776174,0.0,11900717.344103822,0.0,11900717.344103822,7237188.511334656,1207250546.222179,1.0,h09,0.0,0.0,NONE,False,0,9557344.06438629,531999999.99999845,267027481.06659135,False,0,0,P4,1225115835.6886034,0.0,7086225.315363007,4629252.630488476,11715477.945851482,7422427.909586997,1205977929.833165,1.0,h09,0.0,0.0,NONE,False,0,9557344.06438629,531999999.99999845,159000238.51664615,True,0,1,0b7436eb78e426b3acd6229e9c8b93d05a4532ddf51aa7ca691b8fac6a3dca74
110,LA-0003,P1,1220456158.4677374,19137905.85543848,0.0,0.0,19137905.85543848,0.0,1201318252.612299,1.0,h09,696508.1881789276,0.0,NONE,False,0,9041601.261359207,503291692.6122989,0.0,False,0,0,P1,1220456158.4677374,19137905.85543848,0.0,0.0,19137905.85543848,0.0,1201318252.612299,1.0,h09,696508.1881789276,0.0,NONE,False,0,9041601.261359207,503291692.6122989,0.0,False,0,0,P1,1220456158.4677374,19137905.85543848,0.0,0.0,19137905.85543848,0.0,1201318252.612299,1.0,h09,696508.1881789276,0.0,NONE,False,0,9041601.261359207,503291692.6122989,0.0,False,0,0,P1,1220456158.4677374,19137905.85543848,0.0,0.0,19137905.85543848,0.0,1201318252.612299,1.0,h09,696508.1881789276,0.0,NONE,False,0,9041601.261359207,503291692.6122989,0.0,False,0,0,P1,1220456158.4677374,19137905.85543848,0.0,0.0,19137905.85543848,0.0,1201318252.612299,1.0,h09,696508.1881789276,0.0,NONE,False,0,9041601.261359207,503291692.6122989,0.0,False,0,0,P1,1220456158.4677374,19137905.85543848,0.0,0.0,19137905.85543848,0.0,1201318252.612299,1.0,h09,696508.1881789276,0.0,NONE,False,0,9041601.261359207,503291692.6122989,0.0,False,0,0,P1,1220456158.4677374,19137905.85543848,0.0,0.0,19137905.85543848,0.0,1201318252.612299,1.0,h09,696508.1881789276,0.0,NONE,False,0,9041601.261359207,503291692.6122989,0.0,False,0,0,P1,1220456158.4677374,19137905.85543848,0.0,0.0,19137905.85543848,0.0,1201318252.612299,1.0,h09,696508.1881789276,0.0,NONE,False,0,9041601.261359207,503291692.6122989,0.0,False,0,0,P1,1220456158.4677374,19137905.85543848,0.0,0.0,19137905.85543848,0.0,1201318252.612299,1.0,h09,696508.1881789276,0.0,NONE,False,0,9041601.261359207,503291692.6122989,0.0,False,0,0,9eff54a6b78730bfb3d430dc8dcc64a8776e8e2e0267e40dd9531108a7267816
111,LA-0853,P4,1237036493.692569,0.0,5660118.332002746,0.0,5660118.332002746,13477787.523435732,1217898587.8371305,1.0,h09,0.0,0.0,NONE,False,0,9557344.06438629,531999999.99999845,60151451.71833639,False,0,0,P4,1237036493.692569,0.0,5660118.332002746,0.0,5660118.332002746,13477787.523435732,1217898587.8371305,1.0,h09,0.0,0.0,NONE,False,0,9557344.06438629,531999999.99999845,60151451.71833639,False,0,0,P4,1237036493.692569,0.0,5660118.332002746,0.0,5660118.332002746,13477787.523435732,1217898587.8371305,1.0,h09,0.0,0.0,NONE,False,0,9557344.06438629,531999999.99999845,60151451.71833639,False,0,0,P4,1239467521.3022397,0.0,6498688.883486319,0.0,6498688.883486319,12639216.971952159,1220329615.4468012,1.0,h09,0.0,0.0,NONE,False,0,9557344.06438629,531999999.99999845,62474312.46541618,False,0,0,P4,1239467521.3022397,0.0,6498688.883486319,0.0,6498688.883486319,12639216.971952159,1220329615.4468012,1.0,h09,0.0,0.0,NONE,False,0,9557344.06438629,531999999.99999845,62474312.46541618,False,0,0,P4,1239467521.3022397,0.0,6498688.883486319,0.0,6498688.883486319,12639216.971952159,1220329615.4468012,1.0,h09,0.0,0.0,NONE,False,0,9557344.06438629,531999999.99999845,62474312.46541618,False,0,0,P2,1241231301.9686584,14756940.353125611,1644461.1577787844,0.0,16401401.510904396,2736504.344534083,1222093396.11322,1.0,h09,0.0,0.0,NONE,False,0,9557344.06438629,531999999.99999845,42605763.24851418,False,0,0,P2,1241231301.9686584,14756940.353125611,1644461.1577787844,0.0,16401401.510904396,2736504.344534083,1222093396.11322,1.0,h09,0.0,0.0,NONE,False,0,9557344.06438629,531999999.99999845,42605763.24851418,False,0,0,P2,1241231301.9686584,14756940.353125611,1644461.1577787844,0.0,16401401.510904396,2736504.344534083,1222093396.11322,1.0,h09,0.0,0.0,NONE,False,0,9557344.06438629,531999999.99999845,42605763.24851418,False,0,0,e9129b78a481678185247bfb44abb43e7defc713234c5f545f4cb995888fa03b
112,LA-0140,P4,1222730530.969096,0.0,3804258.8446118473,0.0,3804258.8446118473,15333647.01082663,1203592625.1136575,1.0,h09,0.0,0.0,NONE,False,0,9557344.06438629,531999999.99999845,113844546.9073744,False,0,0,P4,1222730530.9690962,0.0,3804258.844611847,0.0,3804258.844611847,15333647.01082663,1203592625.1136577,1.0,h09,0.0,0.0,NONE,False,0,9557344.06438629,531999999.99999845,200339101.67642528,False,0,0,P4,1222730530.9690962,0.0,3804258.844611847,0.0,3804258.844611847,15333647.01082663,1203592625.1136577,1.0,h09,0.0,0.0,NONE,False,0,9557344.06438629,531999999.99999845,200339101.67642528,False,0,0,P4,1225009200.584521,0.0,4458838.42222492,0.0,4458838.42222492,14679067.433213556,1205871294.7290826,1.0,h09,0.0,0.0,NONE,False,0,9557344.06438629,531999999.99999845,234810437.59524,False,0,0,P4,1225009200.584521,0.0,4458838.42222492,0.0,4458838.42222492,14679067.433213556,1205871294.7290826,1.0,h09,0.0,0.0,NONE,False,0,9557344.06438629,531999999.99999845,234810437.59524,False,0,0,P4,1225009200.584521,0.0,4458838.42222492,0.0,4458838.42222492,14679067.433213556,1205871294.7290826,1.0,h09,0.0,0.0,NONE,False,0,9557344.06438629,531999999.99999845,234810437.59524,False,0,0,P4,1226942248.6112132,0.0,5014133.385677492,0.0,5014133.385677492,14123772.469760986,1207804342.7557747,1.0,h09,0.0,0.0,NONE,False,0,9557344.06438629,531999999.99999845,264053267.45711878,False,0,0,P4,1226942248.6112132,0.0,5014133.385677492,0.0,5014133.385677492,14123772.469760986,1207804342.7557747,1.0,h09,0.0,0.0,NONE,False,0,9557344.06438629,531999999.99999845,264053267.45711878,False,0,0,P4,1226942248.6112132,0.0,5014133.385677492,0.0,5014133.385677492,14123772.469760986,1207804342.7557747,1.0,h09,0.0,0.0,NONE,False,0,9557344.06438629,531999999.99999845,264053267.45711878,False,0,0,1aad7e851c5308965bd2b4ecfda02a30d30362da528a9139bd1e08c6b0abfd1b
113,LA-0146,P4,1171651457.3077023,0.0,3477540.8445781847,0.0,3477540.8445781847,15660365.010860294,1152513551.4522638,1.0,h09,0.0,1959267.815406698,R0,False,0,8164828.101686258,454486991.4522639,16592051.802112805,False,0,0,P4,1171651457.3077023,0.0,3477540.8445781847,0.0,3477540.8445781847,15660365.010860296,1152513551.4522638,1.0000000000000002,h09,0.0,0.0,NONE,False,0,9557344.06438629,531999999.99999845,305554368.69860977,False,0,0,P4,1171651457.3077023,0.0,3477540.8445781847,0.0,3477540.8445781847,15660365.010860294,1152513551.4522638,1.0,h09,0.0,1959267.815406698,R0,False,0,8164828.101686258,454486991.4522639,16592051.802112805,False,0,0,P4,1175742681.0964482,0.0,4090901.9056318966,0.0,4090901.9056318966,15047003.94980658,1156604775.2410097,1.0,h09,0.0,0.0,NONE,False,0,9557344.06438629,531999999.99999845,355299734.3367984,False,0,0,P4,1175742681.0964482,0.0,4090901.9056318966,0.0,4090901.9056318966,15047003.94980658,1156604775.2410097,1.0,h09,0.0,0.0,NONE,False,0,9557344.06438629,531999999.99999845,355299734.3367984,False,0,0,P4,1175742681.0964482,0.0,4090901.9056318966,0.0,4090901.9056318966,15047003.94980658,1156604775.2410097,1.0,h09,0.0,0.0,NONE,False,0,9557344.06438629,531999999.99999845,355299734.3367984,False,0,0,P4,1179237039.7715068,0.0,4614780.2499385495,0.0,4614780.2499385495,14523125.605499929,1160099133.9160683,1.0,h09,0.0,0.0,NONE,False,0,9557344.06438629,531999999.99999845,396490064.9826247,False,0,0,P4,1179237039.7715068,0.0,4614780.2499385495,0.0,4614780.2499385495,14523125.605499929,1160099133.9160683,1.0,h09,0.0,0.0,NONE,False,0,9557344.06438629,531999999.99999845,396490064.9826247,False,0,0,P4,1179237039.7715068,0.0,4614780.2499385495,0.0,4614780.2499385495,14523125.605499929,1160099133.9160683,1.0,h09,0.0,0.0,NONE,False,0,9557344.06438629,531999999.99999845,520258340.5595293,False,0,0,c33ff0468c5133552643aaf34484ef0b17067ae0a9c519569c487c8be7623384
114,LA-0506,P4,1194346957.4374847,0.0,4175565.6076484793,0.0,4175565.6076484793,14962340.24779,1175209051.5820463,1.0,h09,0.0,2066663.6729684859,R0,False,0,8088498.339717701,450238171.58204615,2066663.6729684859,False,0,0,P4,1194346957.4374847,0.0,4175565.6076484793,0.0,4175565.6076484793,14962340.24779,1175209051.5820463,1.0,h09,0.0,2066663.6729684859,R0,False,0,8088498.339717701,450238171.58204615,2066663.6729684859,False,0,0,P4,1194346957.4374845,0.0,4175565.6076484774,0.0,4175565.6076484774,14962340.247789998,1175209051.582046,0.9999999999999998,h09,0.0,0.0,NONE,False,0,9557344.06438629,531999999.99999845,220373687.5808151,False,0,0,P4,1198162067.5246692,0.0,4873727.284212658,0.0,4873727.284212658,14264178.571225818,1179024161.6692307,1.0,h09,0.0,2387296.1407426726,R0,False,0,8171501.1611381285,454858440.6335928,2922648.8908304134,False,0,0,P4,1198162067.5246692,0.0,4873727.284212658,0.0,4873727.284212658,14264178.571225818,1179024161.6692307,1.0,h09,0.0,2387296.1407426726,R0,False,0,8171501.1611381285,454858440.6335928,2922648.8908304134,False,0,0,P4,1198162067.524669,0.0,4873727.284212654,0.0,4873727.284212654,14264178.571225822,1179024161.6692305,1.0,h09,0.0,0.0,NONE,False,0,9557344.06438629,531999999.99999845,252279212.54748365,False,0,0,P4,1201373779.4700003,0.0,5461467.649536778,0.0,5461467.649536778,13676438.205901697,1182235873.6145618,0.9999999999999998,h09,0.0,2703110.872384703,R0,False,0,8214734.722883043,457264993.61456174,2703110.872384703,False,0,0,P4,1201373779.4700003,0.0,5461467.649536778,0.0,5461467.649536778,13676438.205901697,1182235873.6145618,0.9999999999999998,h09,0.0,2703110.872384703,R0,False,0,8214734.722883043,457264993.61456174,2703110.872384703,False,0,0,P4,1201373779.4700003,0.0,5461467.649536777,0.0,5461467.649536777,13676438.2059017,1182235873.6145618,1.0,h09,0.0,0.0,NONE,False,0,9557344.06438629,531999999.99999845,401371008.3237892,False,0,0,29cefc2fb02f284d7f0abfc6de30273f2d60a7030c31c9e9bcb9c74848caa934
115,LA-0305,P4,1222581785.1590683,0.0,7766341.7704537995,0.0,7766341.7704537995,11371564.084984675,1203443879.3036299,0.9999999999999998,h09,0.0,0.0,NONE,False,0,9557344.06438629,531999999.99999845,200897373.9920434,False,0,0,P4,1222581785.1590683,0.0,7766341.7704537995,0.0,7766341.7704537995,11371564.084984675,1203443879.3036299,0.9999999999999998,h09,0.0,0.0,NONE,False,0,9557344.06438629,531999999.99999845,200897373.9920434,False,0,0,P4,1222581785.1590683,0.0,7766341.7704537995,0.0,7766341.7704537995,11371564.084984675,1203443879.3036299,0.9999999999999998,h09,0.0,0.0,NONE,False,0,9557344.06438629,531999999.99999845,200897373.9920434,False,0,0,P4,1227048050.1032207,0.0,8715179.130518945,0.0,8715179.130518945,10422726.724919533,1207910144.2477822,1.0,h09,0.0,0.0,NONE,False,0,9557344.06438629,531999999.99999845,225441611.11380124,False,0,0,P4,1227048050.1032207,0.0,8715179.130518945,0.0,8715179.130518945,10422726.724919533,1207910144.2477822,1.0,h09,0.0,0.0,NONE,False,0,9557344.06438629,531999999.99999845,225441611.11380124,False,0,0,P4,1227048050.1032207,0.0,8715179.130518945,0.0,8715179.130518945,10422726.724919533,1207910144.2477822,1.0,h09,0.0,0.0,NONE,False,0,9557344.06438629,531999999.99999845,225441611.11380124,False,0,0,P2,1230285795.4567602,11207675.319986178,3919544.1998657566,0.0,15127219.519851934,4010686.3355865437,1211147889.6013217,1.0,h09,0.0,0.0,NONE,False,0,9557344.06438629,531999999.99999845,101389580.8699087,False,0,0,P2,1230285795.4567602,11207675.319986178,3919544.1998657575,0.0,15127219.519851934,4010686.335586543,1211147889.6013217,1.0,h09,0.0,682827.7895320383,R0,False,0,9218190.025893245,513121329.6013216,682827.7895320383,False,0,0,P2,1230285795.4567602,11207675.319986178,3919544.1998657566,0.0,15127219.519851934,4010686.3355865437,1211147889.6013217,1.0,h09,0.0,0.0,NONE,False,0,9557344.06438629,531999999.99999845,101389580.8699087,False,0,0,5a6dba49236090fb99e0d7143610054550cd0bcca1b66459d4d2f3d0ba206f8f
116,LA-0406,P4,1216843975.6859455,0.0,9714452.055997083,0.0,9714452.055997083,9423453.799441393,1197706069.830507,1.0,h09,0.0,0.0,NONE,False,0,9557344.06438629,531999999.99999845,222432502.81713557,False,0,0,P4,1216843975.6859455,0.0,9714452.055997085,0.0,9714452.055997085,9423453.799441393,1197706069.830507,1.0,h09,0.0,0.0,NONE,False,0,9557344.06438629,531999999.99999845,135937948.04808468,False,0,0,P4,1216843975.6859455,0.0,9714452.055997085,0.0,9714452.055997085,9423453.799441393,1197706069.830507,1.0,h09,0.0,0.0,NONE,False,0,9557344.06438629,531999999.99999845,135937948.04808468,False,0,0,P4,1222902604.2577815,0.0,10677809.675322797,0.0,10677809.675322797,8460096.180115681,1203764698.402343,1.0,h09,0.0,0.0,NONE,False,0,9557344.06438629,531999999.99999845,138592648.83383125,False,0,0,P4,1222902604.2577815,0.0,10677809.675322797,0.0,10677809.675322797,8460096.180115681,1203764698.402343,1.0,h09,0.0,0.0,NONE,False,0,9557344.06438629,531999999.99999845,138592648.83383125,False,0,0,P4,1222902604.2577813,0.0,10677809.675322795,0.0,10677809.675322795,8460096.180115683,1203764698.4023428,1.0,h09,0.0,0.0,NONE,False,0,9557344.06438629,531999999.99999845,244490571.0580809,False,0,0,P4,1227109225.3367975,0.0,9308316.59824306,2038370.599449177,11346687.197692236,7791218.657746243,1207971319.481359,1.0,h09,0.0,1435386.79129668,R1,True,1,8677070.2694984,483000439.48135895,1435386.79129668,True,1,0,P4,1227481044.6014543,0.0,11405808.650240803,0.0,11405808.650240803,7732097.205197675,1208343138.7460158,1.0,h09,0.0,0.0,NONE,False,0,9557344.06438629,531999999.99999845,261159615.60180852,False,0,0,P4,1226524393.8534355,0.0,6752314.938457778,4501380.609583382,11253695.54804116,7884210.307397319,1207386487.997997,1.0,h09,0.0,1041239.1511443589,R2,True,2,8666563.811404087,482415607.9979971,1041239.1511443589,True,0,1,877e648ed33dcaa6d17d4f6d4562d152235838dd4033a872a4851f631b058189
117,LA-0179,P4,1185472151.1739004,0.0,7228772.468857004,0.0,7228772.468857004,11909133.386581473,1166334245.318462,1.0,h09,0.0,2290988.887612973,R0,False,0,7929063.044669118,441363365.3184618,2290988.887612973,False,0,0,P4,1185472151.1739004,0.0,7228772.468857003,0.0,7228772.468857003,11909133.386581475,1166334245.318462,1.0,h09,0.0,0.0,NONE,False,0,9557344.06438629,531999999.99999845,340177137.85768384,False,0,0,P4,1185472151.1739004,0.0,7228772.468857003,0.0,7228772.468857003,11909133.386581475,1166334245.318462,1.0,h09,0.0,0.0,NONE,False,0,9557344.06438629,531999999.99999845,340177137.85768384,False,0,0,P4,1192552243.820681,0.0,8159055.99070366,0.0,8159055.99070366,10978849.864734817,1173414337.9652426,1.0,h09,0.0,0.0,NONE,False,0,9557344.06438629,531999999.99999845,383955135.7434023,False,0,0,P4,1192552243.820681,0.0,8159055.99070366,0.0,8159055.99070366,10978849.864734817,1173414337.9652426,1.0,h09,0.0,0.0,NONE,False,0,9557344.06438629,531999999.99999845,383955135.7434023,False,0,0,P4,1192552243.820681,0.0,8159055.99070366,0.0,8159055.99070366,10978849.864734817,1173414337.9652426,1.0,h09,0.0,0.0,NONE,False,0,9557344.06438629,531999999.99999845,383955135.7434023,False,0,0,P4,1198160137.7180188,0.0,8895901.04983285,0.0,8895901.04983285,10242004.805605626,1179022231.8625803,1.0,h09,0.0,0.0,NONE,False,0,9557344.06438629,531999999.99999845,418630157.5868796,False,0,0,P4,1198160137.7180188,0.0,8895901.04983285,0.0,8895901.04983285,10242004.805605626,1179022231.8625803,1.0,h09,0.0,0.0,NONE,False,0,9557344.06438629,531999999.99999845,418630157.5868796,False,0,0,P4,1198160137.7180188,0.0,8895901.04983285,0.0,8895901.04983285,10242004.805605626,1179022231.8625803,1.0,h09,0.0,0.0,NONE,False,0,9557344.06438629,531999999.99999845,418630157.5868796,False,0,0,5669b9695e9db8e6517747b986bb02edef9299820a4a72bdc4ddff92fb86d2e6
118,LA-0483,P1,1234079173.9398518,19137905.85543848,0.0,0.0,19137905.85543848,0.0,1214941268.0844133,1.0,h09,487319.16390080686,0.0,NONE,False,0,9286337.814106304,516914708.08441335,0.0,False,0,0,P1,1234079173.9398518,19137905.85543848,0.0,0.0,19137905.85543848,0.0,1214941268.0844133,1.0,h09,487319.16390080686,0.0,NONE,False,0,9286337.814106304,516914708.08441335,0.0,False,0,0,P1,1234079173.9398518,19137905.85543848,0.0,0.0,19137905.85543848,0.0,1214941268.0844133,1.0,h09,487319.16390080686,0.0,NONE,False,0,9286337.814106304,516914708.08441335,0.0,False,0,0,P1,1234079173.9398518,19137905.85543848,0.0,0.0,19137905.85543848,0.0,1214941268.0844133,1.0,h09,487319.16390080686,0.0,NONE,False,0,9286337.814106304,516914708.08441335,0.0,False,0,0,P1,1234079173.9398518,19137905.85543848,0.0,0.0,19137905.85543848,0.0,1214941268.0844133,1.0,h09,487319.16390080686,0.0,NONE,False,0,9286337.814106304,516914708.08441335,0.0,False,0,0,P1,1234079173.9398518,19137905.85543848,0.0,0.0,19137905.85543848,0.0,1214941268.0844133,1.0,h09,487319.16390080686,0.0,NONE,False,0,9286337.814106304,516914708.08441335,0.0,False,0,0,P1,1234079173.9398518,19137905.85543848,0.0,0.0,19137905.85543848,0.0,1214941268.0844133,1.0,h09,487319.16390080686,0.0,NONE,False,0,9286337.814106304,516914708.08441335,0.0,False,0,0,P1,1234079173.9398518,19137905.85543848,0.0,0.0,19137905.85543848,0.0,1214941268.0844133,1.0,h09,487319.16390080686,0.0,NONE,False,0,9286337.814106304,516914708.08441335,0.0,False,0,0,P1,1234079173.9398518,19137905.85543848,0.0,0.0,19137905.85543848,0.0,1214941268.0844133,1.0,h09,487319.16390080686,0.0,NONE,False,0,9286337.814106304,516914708.08441335,0.0,False,0,0,d852c4038748d72a1f42785b96ab240861ecfa551f255e67d9cde410105ba1f7
119,LA-0593,P4,1217499912.0389855,0.0,812666.5223620217,0.0,812666.5223620217,18325239.33307646,1198362006.183547,1.0,h09,0.0,1481434.9528839395,R0,False,0,8504439.605194507,473391126.1835471,1481434.9528839395,False,0,0,P4,1217499912.0389855,0.0,812666.5223620217,0.0,812666.5223620217,18325239.33307646,1198362006.183547,1.0,h09,0.0,1481434.9528839395,R0,False,0,8504439.605194507,473391126.1835471,1481434.9528839395,False,0,0,P4,1217499912.0389855,0.0,812666.5223620218,0.0,812666.5223620218,18325239.333076455,1198362006.183547,1.0,h09,0.0,0.0,NONE,False,0,9557344.06438629,531999999.99999845,219970644.51913044,False,0,0,P4,1218052946.513375,0.0,985583.8374833913,0.0,985583.8374833913,18152322.017955087,1198915040.6579366,1.0,h09,0.0,0.0,NONE,False,0,9557344.06438629,531999999.99999845,266775492.7675991,False,0,0,P4,1218052946.513375,0.0,985583.8374833913,0.0,985583.8374833913,18152322.017955087,1198915040.6579366,1.0,h09,0.0,0.0,NONE,False,0,9557344.06438629,531999999.99999845,160877570.54334944,False,0,0,P4,1218052946.513375,0.0,985583.8374833913,0.0,985583.8374833913,18152322.017955087,1198915040.6579366,1.0,h09,0.0,0.0,NONE,False,0,9557344.06438629,531999999.99999845,266775492.7675991,False,0,0,P4,1218553134.0162792,0.0,1141977.4875446316,0.0,1141977.4875446316,17995928.367893845,1199415228.1608407,1.0,h09,0.0,0.0,NONE,False,0,9557344.06438629,531999999.99999845,185339479.01769912,False,0,0,P4,1218553134.0162792,0.0,1141977.4875446316,0.0,1141977.4875446316,17995928.367893845,1199415228.1608407,1.0,h09,0.0,0.0,NONE,False,0,9557344.06438629,531999999.99999845,185339479.01769912,False,0,0,P4,1218553134.0162792,0.0,1141977.4875446316,0.0,1141977.4875446316,17995928.367893845,1199415228.1608407,1.0,h09,0.0,0.0,NONE,False,0,9557344.06438629,531999999.99999845,185339479.01769912,False,0,0,b0e18346f06d99ef4e21bea195d4bcea7d94d32379edffdbabd11c6569b24bf7
120,LA-0658,P4,1198199053.5914195,0.0,8396428.408187775,0.0,8396428.408187775,10741477.447250703,1179061147.735981,1.0,h09,0.0,0.0,NONE,False,0,9557344.06438629,531999999.99999845,205916012.17172307,False,0,0,P4,1198199053.5914195,0.0,8396428.408187773,0.0,8396428.408187773,10741477.447250705,1179061147.735981,1.0,h09,0.0,0.0,NONE,False,0,9557344.06438629,531999999.99999845,292410566.9407739,False,0,0,P4,1198199053.5914195,0.0,8396428.408187775,0.0,8396428.408187775,10741477.447250703,1179061147.735981,1.0,h09,0.0,0.0,NONE,False,0,9557344.06438629,531999999.99999845,205916012.17172307,False,0,0,P4,1205179952.2648215,0.0,9358890.522776803,0.0,9358890.522776803,9779015.332661675,1186042046.409383,1.0,h09,0.0,0.0,NONE,False,0,9557344.06438629,531999999.99999845,325928877.21559906,False,0,0,P4,1205179952.2648215,0.0,9358890.522776801,0.0,9358890.522776801,9779015.332661675,1186042046.409383,1.0,h09,0.0,0.0,NONE,False,0,9557344.06438629,531999999.99999845,322764400.9405925,False,0,0,P4,1205179952.2648215,0.0,9358890.522776801,0.0,9358890.522776801,9779015.332661675,1186042046.409383,1.0,h09,0.0,0.0,NONE,False,0,9557344.06438629,531999999.99999845,322764400.9405925,False,0,0,P4,1210587013.5299366,0.0,10104366.40810416,0.0,10104366.40810416,9033539.447334317,1191449107.674498,1.0,h09,0.0,0.0,NONE,False,0,9557344.06438629,531999999.99999845,351890514.1964706,False,0,0,P4,1210587013.5299366,0.0,10104366.40810416,0.0,10104366.40810416,9033539.447334317,1191449107.674498,1.0,h09,0.0,0.0,NONE,False,0,9557344.06438629,531999999.99999845,351890514.1964706,False,0,0,P4,1210587013.5299366,0.0,10104366.40810416,0.0,10104366.40810416,9033539.447334317,1191449107.674498,1.0,h09,0.0,0.0,NONE,False,0,9557344.06438629,531999999.99999845,351890514.1964706,False,0,0,58ab6d31a35347ac914ce454ffe9de62c8c0898cf4a65c5873524b7b91d0c4f8
121,LA-0287,P4,1208485707.1153042,0.0,5806656.842889817,0.0,5806656.842889817,13331249.01254866,1189347801.2598658,1.0,h09,0.0,1028222.0270311672,R0,False,0,8826552.911394542,491321241.2598658,15661006.013737272,False,0,0,P4,1208485707.1153042,0.0,5806656.842889817,0.0,5806656.842889817,13331249.012548659,1189347801.2598658,1.0,h09,0.0,0.0,NONE,False,0,9557344.06438629,531999999.99999845,167308175.87921277,False,0,0,P4,1208485707.1153042,0.0,5806656.842889817,0.0,5806656.842889817,13331249.01254866,1189347801.2598658,1.0,h09,0.0,1028222.0270311672,R0,False,0,8826552.911394542,491321241.2598658,15661006.013737272,False,0,0,P4,1212795114.8179681,0.0,6656215.725022047,0.0,6656215.725022047,12481690.13041643,1193657208.9625297,1.0,h09,0.0,1959365.1433214867,R0,False,0,8419918.240919258,468686328.9625296,1959365.1433214867,False,0,0,P4,1212795114.8179681,0.0,6656215.725022047,0.0,6656215.725022047,12481690.13041643,1193657208.9625297,1.0,h09,0.0,0.0,NONE,False,0,9557344.06438629,531999999.99999845,185038114.20833474,False,0,0,P4,1212795114.8179681,0.0,6656215.725022047,0.0,6656215.725022047,12481690.13041643,1193657208.9625297,1.0,h09,0.0,1959365.1433214867,R0,False,0,8419918.240919258,468686328.9625296,1959365.1433214867,False,0,0,P4,1216305110.2623565,0.0,7348178.057613743,0.0,7348178.057613743,11789727.797824737,1197167204.406918,1.0,h09,0.0,1188499.013502714,R0,False,0,8967027.96074515,499140644.40691805,22127093.88528056,False,0,0,P4,1216305110.2623565,0.0,7348178.0576137435,0.0,7348178.0576137435,11789727.797824737,1197167204.406918,1.0,h09,0.0,0.0,NONE,False,0,9557344.06438629,531999999.99999845,197412690.81612027,False,0,0,P4,1216305110.2623565,0.0,7348178.057613743,0.0,7348178.057613743,11789727.797824737,1197167204.406918,1.0,h09,0.0,1188499.013502714,R0,False,0,8967027.96074515,499140644.40691805,22127093.88528056,False,0,0,e3095710f8eefbfda0e5f0586a474f23290b0420fc356128ce2297ce4cec21de
122,LA-0015,P1,1221380975.6720865,19137905.85543848,0.0,0.0,19137905.85543848,0.0,1202243069.816648,1.0,h09,685659.346483219,0.0,NONE,False,0,9058215.53996565,504216509.81664795,0.0,False,0,0,P1,1221380975.6720865,19137905.85543848,0.0,0.0,19137905.85543848,0.0,1202243069.816648,1.0,h09,685659.346483219,0.0,NONE,False,0,9058215.53996565,504216509.81664795,0.0,False,0,0,P1,1221380975.6720865,19137905.85543848,0.0,0.0,19137905.85543848,0.0,1202243069.816648,1.0,h09,685659.346483219,0.0,NONE,False,0,9058215.53996565,504216509.81664795,0.0,False,0,0,P1,1221380975.6720865,19137905.85543848,0.0,0.0,19137905.85543848,0.0,1202243069.816648,1.0,h09,685659.346483219,0.0,NONE,False,0,9058215.53996565,504216509.81664795,0.0,False,0,0,P1,1221380975.6720865,19137905.85543848,0.0,0.0,19137905.85543848,0.0,1202243069.816648,1.0,h09,685659.346483219,0.0,NONE,False,0,9058215.53996565,504216509.81664795,0.0,False,0,0,P1,1221380975.6720865,19137905.85543848,0.0,0.0,19137905.85543848,0.0,1202243069.816648,1.0,h09,685659.346483219,0.0,NONE,False,0,9058215.53996565,504216509.81664795,0.0,False,0,0,P1,1221380975.6720865,19137905.85543848,0.0,0.0,19137905.85543848,0.0,1202243069.816648,1.0,h09,685659.346483219,0.0,NONE,False,0,9058215.53996565,504216509.81664795,0.0,False,0,0,P1,1221380975.6720865,19137905.85543848,0.0,0.0,19137905.85543848,0.0,1202243069.816648,1.0,h09,685659.346483219,0.0,NONE,False,0,9058215.53996565,504216509.81664795,0.0,False,0,0,P1,1221380975.6720865,19137905.85543848,0.0,0.0,19137905.85543848,0.0,1202243069.816648,1.0,h09,685659.346483219,0.0,NONE,False,0,9058215.53996565,504216509.81664795,0.0,False,0,0,413aff4a481847bf7d2ff32c7f8e05b3d90a243dd92a888ee3fcd7696b82432d
123,LA-0154,P2,1238298619.746232,13596539.920132289,1545011.140781159,0.0,15141551.060913447,3996354.79452503,1219160713.8907933,1.0,h09,0.0,0.0,NONE,False,0,9557344.06438629,531999999.99999845,40781660.118106835,False,0,0,P2,1238298619.746232,13596539.920132289,1545011.140781159,0.0,15141551.060913447,3996354.79452503,1219160713.8907933,1.0,h09,0.0,0.0,NONE,False,0,9557344.06438629,531999999.99999845,40781660.118106835,False,0,0,P2,1238298619.746232,13596539.920132289,1545011.140781159,0.0,15141551.060913447,3996354.79452503,1219160713.8907933,1.0,h09,0.0,0.0,NONE,False,0,9557344.06438629,531999999.99999845,40781660.118106835,False,0,0,P1,1238563991.4298131,19137905.85543848,0.0,0.0,19137905.85543848,0.0,1219426085.5743747,1.0,h09,384389.97886419186,0.0,NONE,False,0,9366907.257372353,521399525.5743747,0.0,False,0,0,P1,1238563991.4298131,19137905.85543848,0.0,0.0,19137905.85543848,0.0,1219426085.5743747,1.0,h09,384389.97886419186,0.0,NONE,False,0,9366907.257372353,521399525.5743747,0.0,False,0,0,P1,1238563991.4298131,19137905.85543848,0.0,0.0,19137905.85543848,0.0,1219426085.5743747,1.0,h09,384389.97886419186,0.0,NONE,False,0,9366907.257372353,521399525.5743747,0.0,False,0,0,P1,1238563991.4298131,19137905.85543848,0.0,0.0,19137905.85543848,0.0,1219426085.5743747,1.0,h09,384389.97886419186,0.0,NONE,False,0,9366907.257372353,521399525.5743747,0.0,False,0,0,P1,1238563991.4298131,19137905.85543848,0.0,0.0,19137905.85543848,0.0,1219426085.5743747,1.0,h09,384389.97886419186,0.0,NONE,False,0,9366907.257372353,521399525.5743747,0.0,False,0,0,P1,1238563991.4298131,19137905.85543848,0.0,0.0,19137905.85543848,0.0,1219426085.5743747,1.0,h09,384389.97886419186,0.0,NONE,False,0,9366907.257372353,521399525.5743747,0.0,False,0,0,f30ba142538bb76aedb6fa4619524e0231be1ff3e24dd0d570379b3184178ebc
124,LA-0149,P4,1235275822.5017922,0.0,6853719.460543934,0.0,6853719.460543934,12284186.394894544,1216137916.6463537,1.0,h09,0.0,0.0,NONE,False,0,9557344.06438629,531999999.99999845,66759597.403482445,False,0,0,P4,1235275822.5017922,0.0,6853719.460543934,0.0,6853719.460543934,12284186.394894544,1216137916.6463537,1.0,h09,0.0,0.0,NONE,False,0,9557344.06438629,531999999.99999845,66759597.403482445,False,0,0,P4,1235275822.5017922,0.0,6853719.460543934,0.0,6853719.460543934,12284186.394894544,1216137916.6463537,1.0,h09,0.0,0.0,NONE,False,0,9557344.06438629,531999999.99999845,66759597.403482445,False,0,0,P4,1238312310.3973777,0.0,7767216.307984568,0.0,7767216.307984568,11370689.54745391,1219174404.5419393,1.0,h09,0.0,0.0,NONE,False,0,9557344.06438629,531999999.99999845,67782683.88657862,False,0,0,P4,1238312310.3973777,0.0,7767216.307984568,0.0,7767216.307984568,11370689.54745391,1219174404.5419393,1.0,h09,0.0,0.0,NONE,False,0,9557344.06438629,531999999.99999845,67782683.88657862,False,0,0,P4,1238312310.3973777,0.0,7767216.307984568,0.0,7767216.307984568,11370689.54745391,1219174404.5419393,1.0,h09,0.0,0.0,NONE,False,0,9557344.06438629,531999999.99999845,67782683.88657862,False,0,0,P4,1240467812.884543,0.0,6933021.166227413,1482656.388560824,8415677.554788237,10722228.30065024,1221329907.0291042,1.0,h09,0.0,0.0,NONE,False,0,9557344.06438629,531999999.99999845,155027395.99150237,True,1,0,P4,1240735002.3694813,0.0,8496058.824384449,0.0,8496058.824384449,10641847.03105403,1221597096.5140429,1.0,h09,0.0,304887.5687484606,R0,False,0,9405909.322255727,523570536.5140428,21243482.440526307,False,0,0,P4,1240072062.2966285,0.0,5025126.620978051,3271493.349237584,8296619.970215635,10841285.885222843,1220934156.44119,1.0,h09,0.0,0.0,NONE,False,0,9557344.06438629,531999999.99999845,112365486.25766176,True,0,1,75f13de92aa745257a6964c4721ed3d638fd79990eb02205c5bf76f98b5935ab
125,LA-0572,P4,1228744529.3445532,0.0,2242002.7186774514,0.0,2242002.7186774514,16895903.13676102,1209606623.4891148,0.9999999999999996,h09,0.0,1197208.8959144647,R0,False,0,8706448.395535978,484635743.48911464,1197208.8959144647,False,0,0,P4,1228744529.3445532,0.0,2242002.7186774514,0.0,2242002.7186774514,16895903.13676102,1209606623.4891148,0.9999999999999996,h09,0.0,1197208.8959144647,R0,False,0,8706448.395535978,484635743.48911464,1197208.8959144647,False,0,0,P4,1228744529.3445532,0.0,2242002.7186774514,0.0,2242002.7186774514,16895903.13676102,1209606623.4891148,0.9999999999999996,h09,0.0,1197208.8959144647,R0,False,0,8706448.395535978,484635743.48911464,1197208.8959144647,False,0,0,P4,1229957400.870483,0.0,2674661.464513298,0.0,2674661.464513298,16463244.390925178,1210819495.0150445,1.0,h09,0.0,0.0,NONE,False,0,9557344.06438629,531999999.99999845,212072697.78197944,False,0,0,P4,1229957400.870483,0.0,2674661.464513298,0.0,2674661.464513298,16463244.390925178,1210819495.0150445,1.0,h09,0.0,0.0,NONE,False,0,9557344.06438629,531999999.99999845,212072697.78197944,False,0,0,P4,1229957400.870483,0.0,2674661.464513298,0.0,2674661.464513298,16463244.390925178,1210819495.0150445,1.0,h09,0.0,0.0,NONE,False,0,9557344.06438629,531999999.99999845,212072697.78197944,False,0,0,P4,1231020763.262802,0.0,3053986.9158853996,0.0,3053986.9158853996,16083918.939553078,1211882857.4073634,1.0,h09,0.0,1630801.01252562,R0,False,0,8747340.784121934,486911977.40736336,1630801.01252562,False,0,0,P4,1231020763.262802,0.0,3053986.9158853996,0.0,3053986.9158853996,16083918.939553078,1211882857.4073634,1.0,h09,0.0,1630801.01252562,R0,False,0,8747340.784121934,486911977.40736336,1630801.01252562,False,0,0,P4,1231020763.262802,0.0,3053986.9158853996,0.0,3053986.9158853996,16083918.939553078,1211882857.4073634,1.0,h09,0.0,1630801.01252562,R0,False,0,8747340.784121934,486911977.40736336,1630801.01252562,False,0,0,9542531779779b959c1d30bfb6894682ef4675d76372905c9cff00b562484fe2
126,LA-0123,P4,1219847853.3474164,0.0,229238.89274413412,0.0,229238.89274413412,18908666.962694343,1200709947.491978,1.0,h09,0.0,0.0,NONE,False,0,9557344.06438629,531999999.99999845,211158358.43893495,False,0,0,P4,1219847853.3474164,0.0,229238.89274413412,0.0,229238.89274413412,18908666.962694343,1200709947.491978,1.0,h09,0.0,0.0,NONE,False,0,9557344.06438629,531999999.99999845,211158358.43893495,False,0,0,P4,1219847853.3474164,0.0,229238.89274413415,0.0,229238.89274413415,18908666.962694343,1200709947.491978,1.0,h09,0.0,1422086.903772419,R0,False,0,8546620.212201387,475739067.491978,1422086.903772419,False,0,0,P4,1219998626.4014592,0.0,279912.02130341314,0.0,279912.02130341314,18857993.834135063,1200860720.5460207,0.9999999999999998,h09,0.0,1736438.4155717655,R0,False,0,8549328.839932825,475889840.5460208,1736438.4155717655,False,0,0,P4,1219998626.4014592,0.0,279912.02130341314,0.0,279912.02130341314,18857993.834135063,1200860720.5460207,0.9999999999999998,h09,0.0,1736438.4155717655,R0,False,0,8549328.839932825,475889840.5460208,1736438.4155717655,False,0,0,P4,1219998626.4014592,0.0,279912.02130341314,0.0,279912.02130341314,18857993.834135067,1200860720.5460207,1.0,h09,0.0,1736438.4155717657,R0,False,0,8549328.839932825,475889840.5460208,1736438.4155717657,False,0,0,P4,1220136774.1316855,0.0,326341.9204546779,0.0,326341.9204546779,18811563.9349838,1200998868.276247,1.0,h09,0.0,0.0,NONE,False,0,9557344.06438629,531999999.99999845,176834398.72554576,False,0,0,P4,1220136774.1316855,0.0,326341.9204546779,0.0,326341.9204546779,18811563.9349838,1200998868.276247,1.0,h09,0.0,0.0,NONE,False,0,9557344.06438629,531999999.99999845,176834398.72554576,False,0,0,P4,1220136774.1316857,0.0,326341.9204546779,0.0,326341.9204546779,18811563.934983797,1200998868.2762473,0.9999999999999998,h09,0.0,0.0,NONE,False,0,9557344.06438629,531999999.99999845,300602674.30245024,False,0,0,ab169c250f54b52b9bb4e393c8e9944e46970ba86977c1dc890f516603964094
127,LA-0752,P4,1212346003.4511678,0.0,1119087.7479902217,0.0,1119087.7479902217,18018818.107448258,1193208097.5957294,1.0,h09,0.0,0.0,NONE,False,0,9557344.06438629,531999999.99999845,239314278.34163696,False,0,0,P4,1212346003.4511678,0.0,1119087.7479902217,0.0,1119087.7479902217,18018818.107448258,1193208097.5957294,1.0,h09,0.0,0.0,NONE,False,0,9557344.06438629,531999999.99999845,239314278.34163696,False,0,0,P4,1212346003.4511678,0.0,1119087.7479902217,0.0,1119087.7479902217,18018818.107448258,1193208097.5957294,1.0,h09,0.0,0.0,NONE,False,0,9557344.06438629,531999999.99999845,239314278.34163696,False,0,0,P4,1213171595.3452687,0.0,1352392.9710350567,0.0,1352392.9710350567,17785512.884403422,1194033689.4898303,1.0,h09,0.0,0.0,NONE,False,0,9557344.06438629,531999999.99999845,183308128.39939177,False,0,0,P4,1213171595.3452687,0.0,1352392.971035057,0.0,1352392.971035057,17785512.88440342,1194033689.4898303,0.9999999999999998,h09,0.0,0.0,NONE,False,0,9557344.06438629,531999999.99999845,289206050.62364143,False,0,0,P4,1213171595.3452687,0.0,1352392.971035057,0.0,1352392.971035057,17785512.88440342,1194033689.4898303,0.9999999999999998,h09,0.0,0.0,NONE,False,0,9557344.06438629,531999999.99999845,289206050.62364143,False,0,0,P4,1213913269.7097976,0.0,1561983.8164387443,0.0,1561983.8164387443,17575922.038999733,1194775363.8543591,1.0,h09,0.0,0.0,NONE,False,0,9557344.06438629,531999999.99999845,334026559.1180614,False,0,0,P4,1213913269.7097976,0.0,1561983.8164387443,0.0,1561983.8164387443,17575922.038999733,1194775363.8543591,1.0,h09,0.0,0.0,NONE,False,0,9557344.06438629,531999999.99999845,334026559.1180614,False,0,0,P4,1213913269.7097976,0.0,1561983.8164387443,0.0,1561983.8164387443,17575922.038999733,1194775363.8543591,1.0,h09,0.0,0.0,NONE,False,0,9557344.06438629,531999999.99999845,334026559.1180614,False,0,0,c9fdd477f04688e370ebe8c27dcfbf045c7cb313a74baa3b9ead183eb11d7792
128,LA-0405,P4,1217116629.5115876,0.0,5490948.055840428,0.0,5490948.055840428,13646957.799598053,1197978723.6561491,1.0000000000000002,h09,0.0,0.0,NONE,False,0,9557344.06438629,531999999.99999845,134914624.5502646,False,0,0,P4,1217116629.5115876,0.0,5490948.055840428,0.0,5490948.055840428,13646957.799598053,1197978723.6561491,1.0000000000000002,h09,0.0,0.0,NONE,False,0,9557344.06438629,531999999.99999845,134914624.5502646,False,0,0,P4,1217116629.5115876,0.0,5490948.055840428,0.0,5490948.055840428,13646957.799598053,1197978723.6561491,1.0000000000000002,h09,0.0,0.0,NONE,False,0,9557344.06438629,531999999.99999845,134914624.5502646,False,0,0,P4,1220683977.3946478,0.0,6316200.920523722,0.0,6316200.920523722,12821704.934914757,1201546071.5392094,1.0,h09,0.0,0.0,NONE,False,0,9557344.06438629,531999999.99999845,148787579.80696875,False,0,0,P4,1220683977.3946478,0.0,6316200.920523722,0.0,6316200.920523722,12821704.934914757,1201546071.5392094,1.0,h09,0.0,0.0,NONE,False,0,9557344.06438629,531999999.99999845,148787579.80696875,False,0,0,P4,1220683977.3946478,0.0,6316200.920523722,0.0,6316200.920523722,12821704.934914757,1201546071.5392094,1.0,h09,0.0,0.0,NONE,False,0,9557344.06438629,531999999.99999845,148787579.80696875,False,0,0,P4,1223607950.905598,0.0,6992618.695091777,0.0,6992618.695091777,12145287.1603467,1204470045.0501595,1.0,h09,0.0,0.0,NONE,False,0,9557344.06438629,531999999.99999845,281960410.2658381,False,0,0,P4,1223607950.905598,0.0,6992618.695091777,0.0,6992618.695091777,12145287.1603467,1204470045.0501595,1.0,h09,0.0,0.0,NONE,False,0,9557344.06438629,531999999.99999845,281960410.2658381,False,0,0,P4,1223607950.905598,0.0,6992618.695091777,0.0,6992618.695091777,12145287.1603467,1204470045.0501595,1.0,h09,0.0,0.0,NONE,False,0,9557344.06438629,531999999.99999845,281960410.2658381,False,0,0,9760bbc7f6cfd7c6b935fb5a4c83dc7b94e8c8cf94d713dc977eccdf97a6be94
129,LA-0959,P1,1231987238.2950087,19137905.855438434,0.0,0.0,19137905.855438434,0.0,1212849332.4395702,0.9999999999999977,h09,528018.913339185,0.0,NONE,False,0,9248756.331553072,514822772.4395702,0.0,False,0,0,P1,1231987238.2950087,19137905.855438434,0.0,0.0,19137905.855438434,0.0,1212849332.4395702,0.9999999999999977,h09,528018.913339185,0.0,NONE,False,0,9248756.331553072,514822772.4395702,0.0,False,0,0,P1,1231987238.2950087,19137905.855438434,0.0,0.0,19137905.855438434,0.0,1212849332.4395702,0.9999999999999977,h09,528018.913339185,0.0,NONE,False,0,9248756.331553072,514822772.4395702,0.0,False,0,0,P1,1231987238.2950087,19137905.855438434,0.0,0.0,19137905.855438434,0.0,1212849332.4395702,0.9999999999999977,h09,528018.913339185,0.0,NONE,False,0,9248756.331553072,514822772.4395702,0.0,False,0,0,P1,1231987238.2950087,19137905.855438434,0.0,0.0,19137905.855438434,0.0,1212849332.4395702,0.9999999999999977,h09,528018.913339185,0.0,NONE,False,0,9248756.331553072,514822772.4395702,0.0,False,0,0,P1,1231987238.2950087,19137905.855438434,0.0,0.0,19137905.855438434,0.0,1212849332.4395702,0.9999999999999977,h09,528018.913339185,0.0,NONE,False,0,9248756.331553072,514822772.4395702,0.0,False,0,0,P1,1231987238.2950087,19137905.855438434,0.0,0.0,19137905.855438434,0.0,1212849332.4395702,0.9999999999999977,h09,528018.913339185,0.0,NONE,False,0,9248756.331553072,514822772.4395702,0.0,False,0,0,P1,1231987238.2950087,19137905.855438434,0.0,0.0,19137905.855438434,0.0,1212849332.4395702,0.9999999999999977,h09,528018.913339185,0.0,NONE,False,0,9248756.331553072,514822772.4395702,0.0,False,0,0,P1,1231987238.2950087,19137905.855438434,0.0,0.0,19137905.855438434,0.0,1212849332.4395702,0.9999999999999977,h09,528018.913339185,0.0,NONE,False,0,9248756.331553072,514822772.4395702,0.0,False,0,0,241be0766c112e67966bd7e3172e108dc65462c6f9463d5c480c540b6c4db580
130,LA-0150,P4,1216095793.4296305,0.0,3759223.97435875,0.0,3759223.97435875,15378681.881079728,1196957887.574192,1.0,h09,0.0,0.0,NONE,False,0,9557344.06438629,531999999.99999845,138746023.38586974,False,0,0,P4,1216095793.4296305,0.0,3759223.97435875,0.0,3759223.97435875,15378681.88107973,1196957887.574192,1.0,h09,0.0,1516926.3426759962,R0,False,0,8479214.709223054,471987007.5741921,1516926.3426759962,False,0,0,P4,1216095793.4296305,0.0,3759223.97435875,0.0,3759223.97435875,15378681.881079728,1196957887.574192,1.0,h09,0.0,0.0,NONE,False,0,9557344.06438629,531999999.99999845,138746023.38586974,False,0,0,P4,1218628646.185897,0.0,4408282.373477813,0.0,4408282.373477813,14729623.481960665,1199490740.3304586,1.0,h09,0.0,0.0,NONE,False,0,9557344.06438629,531999999.99999845,158232142.18396685,False,0,0,P4,1218628646.185897,0.0,4408282.373477813,0.0,4408282.373477813,14729623.481960665,1199490740.3304586,1.0,h09,0.0,0.0,NONE,False,0,9557344.06438629,531999999.99999845,158232142.18396685,False,0,0,P4,1218628646.185897,0.0,4408282.373477813,0.0,4408282.373477813,14729623.481960665,1199490740.3304586,1.0,h09,0.0,0.0,NONE,False,0,9557344.06438629,531999999.99999845,158232142.18396685,False,0,0,P4,1220779332.5027854,0.0,4959408.37730615,0.0,4959408.37730615,14178497.478132328,1201641426.647347,1.0,h09,0.0,0.0,NONE,False,0,9557344.06438629,531999999.99999845,173383481.7618804,False,0,0,P4,1220779332.5027854,0.0,4959408.37730615,0.0,4959408.37730615,14178497.478132328,1201641426.647347,1.0,h09,0.0,0.0,NONE,False,0,9557344.06438629,531999999.99999845,173383481.7618804,False,0,0,P4,1220779332.5027854,0.0,4959408.37730615,0.0,4959408.37730615,14178497.478132328,1201641426.647347,1.0,h09,0.0,0.0,NONE,False,0,9557344.06438629,531999999.99999845,173383481.7618804,False,0,0,155bf984e6bb0cd496b3bd9656d44febecbe6ca658af7bc23a84dbd239f5a7fc
131,LA-0978,P4,1187144297.5923178,0.0,854066.5072356716,0.0,854066.5072356716,18283839.348202806,1168006391.7368793,1.0,h09,0.0,0.0,NONE,False,0,9557344.06438629,531999999.99999845,247406688.3061878,False,0,0,P4,1187144297.5923178,0.0,854066.5072356716,0.0,854066.5072356716,18283839.348202806,1168006391.7368793,1.0,h09,0.0,0.0,NONE,False,0,9557344.06438629,531999999.99999845,247406688.3061878,False,0,0,P4,1187144297.5923178,0.0,854066.5072356716,0.0,854066.5072356716,18283839.348202806,1168006391.7368793,1.0,h09,0.0,0.0,NONE,False,0,9557344.06438629,531999999.99999845,247406688.3061878,False,0,0,P4,1188026109.8235924,0.0,1035295.146737549,0.0,1035295.146737549,18102610.70870093,1168888203.968154,1.0,h09,0.0,1892045.774093281,R0,False,0,8458997.628056804,470861643.96815395,19807409.633540694,False,0,0,P4,1188026109.8235924,0.0,1035295.146737549,0.0,1035295.146737549,18102610.70870093,1168888203.968154,1.0,h09,0.0,1892045.774093281,R0,False,0,8458997.628056804,470861643.96815395,19807409.633540694,False,0,0,P4,1188026109.8235924,0.0,1035295.146737549,0.0,1035295.146737549,18102610.70870093,1168888203.968154,1.0,h09,0.0,1892045.774093281,R0,False,0,8458997.628056804,470861643.96815395,19807409.633540694,False,0,0,P4,1188822928.2134266,0.0,1199055.9878760043,0.0,1199055.9878760043,17938849.867562473,1169685022.357988,1.0,h09,0.0,0.0,NONE,False,0,9557344.06438629,531999999.99999845,345008197.3051176,False,0,0,P4,1188822928.2134266,0.0,1199055.9878760043,0.0,1199055.9878760043,17938849.867562473,1169685022.357988,1.0,h09,0.0,0.0,NONE,False,0,9557344.06438629,531999999.99999845,345008197.3051176,False,0,0,P4,1188822928.2134266,0.0,1199055.9878760045,0.0,1199055.9878760045,17938849.867562473,1169685022.357988,1.0,h09,0.0,3157066.041858517,R0,False,0,7989259.527845431,444714142.3579881,3157066.041858517,False,0,0,3f5bc1fef68d252b5059f438c2263aaab8a8402d580b81c262acaa6db4d80af9
132,LA-0481,P4,1209167697.9235427,0.0,336233.04196623305,0.0,336233.04196623305,18801672.813472245,1190029792.0681043,1.0,h09,0.0,0.0,NONE,False,0,9557344.06438629,531999999.99999845,251243084.84933335,False,0,0,P4,1209167697.9235427,0.0,336233.04196623305,0.0,336233.04196623305,18801672.813472245,1190029792.0681043,1.0,h09,0.0,0.0,NONE,False,0,9557344.06438629,531999999.99999845,251243084.84933335,False,0,0,P4,1209167697.9235427,0.0,336233.04196623305,0.0,336233.04196623305,18801672.813472245,1190029792.0681043,1.0,h09,0.0,0.0,NONE,False,0,9557344.06438629,531999999.99999845,251243084.84933335,False,0,0,P4,1209430493.9430325,0.0,410044.28298099025,0.0,410044.28298099025,18727861.57245749,1190292588.087594,1.0,h09,0.0,0.0,NONE,False,0,9557344.06438629,531999999.99999845,200499063.5643245,False,0,0,P4,1209430493.9430325,0.0,410044.28298099013,0.0,410044.28298099013,18727861.572457485,1190292588.087594,0.9999999999999998,h09,0.0,0.0,NONE,False,0,9557344.06438629,531999999.99999845,306396985.7885741,False,0,0,P4,1209430493.9430325,0.0,410044.28298099013,0.0,410044.28298099013,18727861.572457485,1190292588.087594,0.9999999999999998,h09,0.0,0.0,NONE,False,0,9557344.06438629,531999999.99999845,306396985.7885741,False,0,0,P4,1209670708.379897,0.0,477513.0586841233,0.0,477513.0586841233,18660392.796754356,1190532802.5244586,1.0,h09,0.0,0.0,NONE,False,0,9557344.06438629,531999999.99999845,356811612.61863226,False,0,0,P4,1209670708.379897,0.0,477513.0586841233,0.0,477513.0586841233,18660392.796754356,1190532802.5244586,1.0,h09,0.0,0.0,NONE,False,0,9557344.06438629,531999999.99999845,356811612.61863226,False,0,0,P4,1209670708.379897,0.0,477513.0586841233,0.0,477513.0586841233,18660392.796754356,1190532802.5244586,1.0,h09,0.0,0.0,NONE,False,0,9557344.06438629,531999999.99999845,356811612.61863226,False,0,0,a5ea82312f2884e3ebfc81ca67e193fee3f364026fad35644b95ddcc1ab18f15
133,LA-0649,P4,1179869414.2391193,0.0,3695686.16763309,0.0,3695686.16763309,15442219.687805388,1160731508.3836808,1.0,h09,0.0,0.0,NONE,False,0,9557344.06438629,531999999.99999845,361205312.8482938,False,0,0,P4,1179869414.2391193,0.0,3695686.16763309,0.0,3695686.16763309,15442219.687805388,1160731508.3836808,1.0,h09,0.0,0.0,NONE,False,0,9557344.06438629,531999999.99999845,361205312.8482938,False,0,0,P4,1179869414.2391193,0.0,3695686.16763309,0.0,3695686.16763309,15442219.687805388,1160731508.3836808,1.0,h09,0.0,0.0,NONE,False,0,9557344.06438629,531999999.99999845,361205312.8482938,False,0,0,P4,1183865402.7785344,0.0,4336867.961105431,0.0,4336867.961105431,14801037.894333046,1164727496.923096,1.0,h09,0.0,0.0,NONE,False,0,9557344.06438629,531999999.99999845,423872503.6753046,False,0,0,P4,1183865402.7785344,0.0,4336867.961105431,0.0,4336867.961105431,14801037.894333046,1164727496.923096,1.0,h09,0.0,0.0,NONE,False,0,9557344.06438629,531999999.99999845,423872503.6753046,False,0,0,P4,1183865402.7785344,0.0,4336867.961105431,0.0,4336867.961105431,14801037.894333046,1164727496.923096,1.0,h09,0.0,0.0,NONE,False,0,9557344.06438629,531999999.99999845,423872503.6753046,False,0,0,P4,1187262942.9391944,0.0,4882024.903403658,0.0,4882024.903403658,14255880.95203482,1168125037.083756,1.0,h09,0.0,0.0,NONE,False,0,9557344.06438629,531999999.99999845,477154512.7427477,False,0,0,P4,1187262942.9391944,0.0,4882024.903403658,0.0,4882024.903403658,14255880.95203482,1168125037.083756,1.0,h09,0.0,0.0,NONE,False,0,9557344.06438629,531999999.99999845,477154512.7427477,False,0,0,P4,1187262942.9391944,0.0,4882024.903403658,0.0,4882024.903403658,14255880.95203482,1168125037.083756,1.0,h09,0.0,0.0,NONE,False,0,9557344.06438629,531999999.99999845,477154512.7427477,False,0,0,ec4a0a94d3e637ae6f7dab280e05d439f69295f0049d97f644e2492597b974e1
134,LA-0068,P4,1229481220.9473617,0.0,1709992.813194111,0.0,1709992.813194111,17427913.042244367,1210343315.0919232,1.0,h09,0.0,0.0,NONE,False,0,9557344.06438629,531999999.99999845,88507878.09304996,False,0,0,P4,1229481220.9473617,0.0,1709992.813194111,0.0,1709992.813194111,17427913.042244367,1210343315.0919232,1.0,h09,0.0,0.0,NONE,False,0,9557344.06438629,531999999.99999845,88507878.09304996,False,0,0,P4,1229481220.9473617,0.0,1709992.813194111,0.0,1709992.813194111,17427913.042244367,1210343315.0919232,1.0,h09,0.0,0.0,NONE,False,0,9557344.06438629,531999999.99999845,88507878.09304996,False,0,0,P4,1230397466.6838334,0.0,2052456.5693871567,0.0,2052456.5693871567,17085449.28605132,1211259560.828395,1.0,h09,0.0,0.0,NONE,False,0,9557344.06438629,531999999.99999845,210050527.8239322,False,0,0,P4,1230397466.6838334,0.0,2052456.5693871567,0.0,2052456.5693871567,17085449.28605132,1211259560.828395,1.0,h09,0.0,0.0,NONE,False,0,9557344.06438629,531999999.99999845,210050527.8239322,False,0,0,P4,1230397466.6838334,0.0,2052456.5693871567,0.0,2052456.5693871567,17085449.28605132,1211259560.828395,1.0,h09,0.0,0.0,NONE,False,0,9557344.06438629,531999999.99999845,210050527.8239322,False,0,0,P4,1231210034.3336067,0.0,2356168.726972679,0.0,2356168.726972679,16781737.128465798,1212072128.4781682,1.0,h09,0.0,0.0,NONE,False,0,9557344.06438629,531999999.99999845,241132744.10996684,False,0,0,P4,1231210034.3336067,0.0,2356168.726972679,0.0,2356168.726972679,16781737.128465798,1212072128.4781682,1.0,h09,0.0,0.0,NONE,False,0,9557344.06438629,531999999.99999845,241132744.10996684,False,0,0,P4,1231210034.3336067,0.0,2356168.726972679,0.0,2356168.726972679,16781737.128465798,1212072128.4781682,1.0,h09,0.0,0.0,NONE,False,0,9557344.06438629,531999999.99999845,241132744.10996684,False,0,0,3b1f04a358f7c026934b1a1f230caaf3d834288db184211b30f74d3a15d536c9
135,LA-0896,P1,1230968019.681043,19137905.85543848,0.0,0.0,19137905.85543848,0.0,1211830113.8256044,1.0,h09,546452.8068478426,0.0,NONE,False,0,9230446.137999505,513803553.82560444,0.0,False,0,0,P1,1230968019.681043,19137905.85543848,0.0,0.0,19137905.85543848,0.0,1211830113.8256044,1.0,h09,546452.8068478426,0.0,NONE,False,0,9230446.137999505,513803553.82560444,0.0,False,0,0,P1,1230968019.681043,19137905.85543848,0.0,0.0,19137905.85543848,0.0,1211830113.8256044,1.0,h09,546452.8068478426,0.0,NONE,False,0,9230446.137999505,513803553.82560444,0.0,False,0,0,P1,1230968019.681043,19137905.85543848,0.0,0.0,19137905.85543848,0.0,1211830113.8256044,1.0,h09,546452.8068478426,0.0,NONE,False,0,9230446.137999505,513803553.82560444,0.0,False,0,0,P1,1230968019.681043,19137905.85543848,0.0,0.0,19137905.85543848,0.0,1211830113.8256044,1.0,h09,546452.8068478426,0.0,NONE,False,0,9230446.137999505,513803553.82560444,0.0,False,0,0,P1,1230968019.681043,19137905.85543848,0.0,0.0,19137905.85543848,0.0,1211830113.8256044,1.0,h09,546452.8068478426,0.0,NONE,False,0,9230446.137999505,513803553.82560444,0.0,False,0,0,P1,1230968019.681043,19137905.85543848,0.0,0.0,19137905.85543848,0.0,1211830113.8256044,1.0,h09,546452.8068478426,0.0,NONE,False,0,9230446.137999505,513803553.82560444,0.0,False,0,0,P1,1230968019.681043,19137905.85543848,0.0,0.0,19137905.85543848,0.0,1211830113.8256044,1.0,h09,546452.8068478426,0.0,NONE,False,0,9230446.137999505,513803553.82560444,0.0,False,0,0,P1,1230968019.681043,19137905.85543848,0.0,0.0,19137905.85543848,0.0,1211830113.8256044,1.0,h09,546452.8068478426,0.0,NONE,False,0,9230446.137999505,513803553.82560444,0.0,False,0,0,3079bc62264a56a36163f4b29c65bd304d627661d23ad49ce042ad434d14dc6d
136,LA-0943,P4,1195889826.443609,0.0,1564042.5406460692,0.0,1564042.5406460692,17573863.31479241,1176751920.5881705,1.0,h09,0.0,2006567.0640190425,R0,False,0,8131210.97277796,452615727.5887124,2459864.626378837,False,0,0,P4,1195889826.443609,0.0,1564042.5406460692,0.0,1564042.5406460692,17573863.31479241,1176751920.5881705,1.0,h09,0.0,2006567.0640190425,R0,False,0,8131210.97277796,452615727.5887124,2459864.626378837,False,0,0,P4,1195889826.443609,0.0,1564042.5406460692,0.0,1564042.5406460692,17573863.31479241,1176751920.5881705,1.0,h09,0.0,2006567.0640190425,R0,False,0,8131210.97277796,452615727.5887124,2459864.626378837,False,0,0,P4,1197334033.7358742,0.0,1880430.3589197868,0.0,1880430.3589197868,17257475.49651869,1178196127.8804357,1.0,h09,0.0,2412921.262721417,R0,False,0,8156625.5900545735,454030406.8447978,2948274.0128091574,False,0,0,P4,1197334033.7358742,0.0,1880430.3589197868,0.0,1880430.3589197868,17257475.49651869,1178196127.8804357,1.0,h09,0.0,2412921.262721417,R0,False,0,8156625.5900545735,454030406.8447978,2948274.0128091574,False,0,0,P4,1197334033.7358742,0.0,1880430.3589197868,0.0,1880430.3589197868,17257475.49651869,1178196127.8804357,1.0,h09,0.0,2412921.262721417,R0,False,0,8156625.5900545735,454030406.8447978,2948274.0128091574,False,0,0,P4,1198618887.2997172,0.0,2161907.968154038,0.0,2161907.968154038,16975997.88728444,1179480981.4442787,1.0,h09,0.0,1828196.8458032513,R0,False,0,8649296.159892906,481454421.4442787,22766791.717581097,False,0,0,P4,1198618887.2997172,0.0,2161907.968154038,0.0,2161907.968154038,16975997.88728444,1179480981.4442787,1.0,h09,0.0,1828196.8458032513,R0,False,0,8649296.159892906,481454421.4442787,22766791.717581097,False,0,0,P4,1198618887.2997172,0.0,2161907.968154038,0.0,2161907.968154038,16975997.88728444,1179480981.4442787,1.0,h09,0.0,1828196.8458032513,R0,False,0,8649296.159892906,481454421.4442787,22766791.717581097,False,0,0,c2b69df962c4b1f3659f2679cb548eddc754c2832512fdf2a45ddf35b97a076a
137,LA-0509,P1,1227295330.4219646,19137905.855438434,0.0,0.0,19137905.855438434,0.0,1208157424.5665262,0.9999999999999977,h09,606368.7958958454,0.0,NONE,False,0,9164466.523543514,510130864.5665262,0.0,False,0,0,P1,1227295330.4219646,19137905.855438434,0.0,0.0,19137905.855438434,0.0,1208157424.5665262,0.9999999999999977,h09,606368.7958958454,0.0,NONE,False,0,9164466.523543514,510130864.5665262,0.0,False,0,0,P1,1227295330.4219646,19137905.855438434,0.0,0.0,19137905.855438434,0.0,1208157424.5665262,0.9999999999999977,h09,606368.7958958454,0.0,NONE,False,0,9164466.523543514,510130864.5665262,0.0,False,0,0,P1,1227295330.4219646,19137905.855438434,0.0,0.0,19137905.855438434,0.0,1208157424.5665262,0.9999999999999977,h09,606368.7958958454,0.0,NONE,False,0,9164466.523543514,510130864.5665262,0.0,False,0,0,P1,1227295330.4219646,19137905.855438434,0.0,0.0,19137905.855438434,0.0,1208157424.5665262,0.9999999999999977,h09,606368.7958958454,0.0,NONE,False,0,9164466.523543514,510130864.5665262,0.0,False,0,0,P1,1227295330.4219646,19137905.855438434,0.0,0.0,19137905.855438434,0.0,1208157424.5665262,0.9999999999999977,h09,606368.7958958454,0.0,NONE,False,0,9164466.523543514,510130864.5665262,0.0,False,0,0,P1,1227295330.4219646,19137905.855438434,0.0,0.0,19137905.855438434,0.0,1208157424.5665262,0.9999999999999977,h09,606368.7958958454,0.0,NONE,False,0,9164466.523543514,510130864.5665262,0.0,False,0,0,P1,1227295330.4219646,19137905.855438434,0.0,0.0,19137905.855438434,0.0,1208157424.5665262,0.9999999999999977,h09,606368.7958958454,0.0,NONE,False,0,9164466.523543514,510130864.5665262,0.0,False,0,0,P1,1227295330.4219646,19137905.855438434,0.0,0.0,19137905.855438434,0.0,1208157424.5665262,0.9999999999999977,h09,606368.7958958454,0.0,NONE,False,0,9164466.523543514,510130864.5665262,0.0,False,0,0,5c480ceb8d00fc8461a15578de4d600ec42d95bce1665ec42ae583c7538b9b0f
138,LA-0848,P1,1222469787.724126,19137905.85543848,0.0,0.0,19137905.85543848,0.0,1203331881.8686876,1.0,h09,672398.7230095684,0.0,NONE,False,0,9077775.974933308,505305321.8686876,0.0,False,0,0,P1,1222469787.724126,19137905.85543848,0.0,0.0,19137905.85543848,0.0,1203331881.8686876,1.0,h09,672398.7230095684,0.0,NONE,False,0,9077775.974933308,505305321.8686876,0.0,False,0,0,P1,1222469787.724126,19137905.85543848,0.0,0.0,19137905.85543848,0.0,1203331881.8686876,1.0,h09,672398.7230095684,0.0,NONE,False,0,9077775.974933308,505305321.8686876,0.0,False,0,0,P1,1222469787.724126,19137905.85543848,0.0,0.0,19137905.85543848,0.0,1203331881.8686876,1.0,h09,672398.7230095684,0.0,NONE,False,0,9077775.974933308,505305321.8686876,0.0,False,0,0,P1,1222469787.724126,19137905.85543848,0.0,0.0,19137905.85543848,0.0,1203331881.8686876,1.0,h09,672398.7230095684,0.0,NONE,False,0,9077775.974933308,505305321.8686876,0.0,False,0,0,P1,1222469787.724126,19137905.85543848,0.0,0.0,19137905.85543848,0.0,1203331881.8686876,1.0,h09,672398.7230095684,0.0,NONE,False,0,9077775.974933308,505305321.8686876,0.0,False,0,0,P1,1222469787.724126,19137905.85543848,0.0,0.0,19137905.85543848,0.0,1203331881.8686876,1.0,h09,672398.7230095684,0.0,NONE,False,0,9077775.974933308,505305321.8686876,0.0,False,0,0,P1,1222469787.724126,19137905.85543848,0.0,0.0,19137905.85543848,0.0,1203331881.8686876,1.0,h09,672398.7230095684,0.0,NONE,False,0,9077775.974933308,505305321.8686876,0.0,False,0,0,P1,1222469787.724126,19137905.85543848,0.0,0.0,19137905.85543848,0.0,1203331881.8686876,1.0,h09,672398.7230095684,0.0,NONE,False,0,9077775.974933308,505305321.8686876,0.0,False,0,0,04c11bc0a51bef90d956baf3bde54aee3da4306ac0bae1b4153cf1b92624b864
139,LA-0495,P4,1219520710.5089517,0.0,8170476.16884889,0.0,8170476.16884889,10967429.68658959,1200382804.6535132,1.0,h09,0.0,0.0,NONE,False,0,9557344.06438629,531999999.99999845,125891635.1626422,False,0,0,P4,1219520710.5089517,0.0,8170476.16884889,0.0,8170476.16884889,10967429.68658959,1200382804.6535132,1.0,h09,0.0,0.0,NONE,False,0,9557344.06438629,531999999.99999845,125891635.1626422,False,0,0,P4,1219520710.5089517,0.0,8170476.16884889,0.0,8170476.16884889,10967429.68658959,1200382804.6535132,1.0,h09,0.0,0.0,NONE,False,0,9557344.06438629,531999999.99999845,125891635.1626422,False,0,0,P4,1224466615.6152813,0.0,9129050.323528718,0.0,9129050.323528718,10008855.53190976,1205328709.7598429,1.0,h09,0.0,764323.187750347,R0,False,0,9113648.85311589,507302149.75984293,18679687.04719776,False,0,0,P4,1224466615.6152813,0.0,9129050.323528718,0.0,9129050.323528718,10008855.53190976,1205328709.7598429,1.0,h09,0.0,764323.187750347,R0,False,0,9113648.85311589,507302149.75984293,18679687.04719776,False,0,0,P4,1224466615.6152813,0.0,9129050.323528718,0.0,9129050.323528718,10008855.53190976,1205328709.7598429,1.0,h09,0.0,764323.187750347,R0,False,0,9113648.85311589,507302149.75984293,18679687.04719776,False,0,0,P4,1228313933.017123,0.0,9874705.354705019,0.0,9874705.354705019,9263200.50073346,1209176027.1616845,1.0,h09,0.0,0.0,NONE,False,0,9557344.06438629,531999999.99999845,256686514.18138352,False,0,0,P4,1228313933.017123,0.0,9874705.354705019,0.0,9874705.354705019,9263200.50073346,1209176027.1616845,1.0,h09,0.0,0.0,NONE,False,0,9557344.06438629,531999999.99999845,256686514.18138352,False,0,0,P4,1228313933.017123,0.0,9874705.354705019,0.0,9874705.354705019,9263200.50073346,1209176027.1616845,1.0,h09,0.0,1697222.077437005,R0,False,0,8714350.075848121,485075582.6220098,2373642.7652027966,False,0,0,a6a02b26a9a5cd6b02d4082b909b436c184bddf6fe83c944c4b6fa9f612de8ed
140,LA-0180,P4,1192342032.5801713,0.0,1449403.6964715614,0.0,1449403.6964715614,17688502.158966914,1173204126.7247329,0.9999999999999998,h09,0.0,0.0,NONE,False,0,9557344.06438629,531999999.99999845,227898565.37418187,False,0,0,P4,1192342032.5801713,0.0,1449403.6964715614,0.0,1449403.6964715614,17688502.158966918,1173204126.7247329,1.0,h09,0.0,2096243.3449758072,R0,False,0,8067475.0956682,449067933.72527474,2549540.9073356017,False,0,0,P4,1192342032.5801713,0.0,1449403.6964715614,0.0,1449403.6964715614,17688502.158966914,1173204126.7247329,0.9999999999999998,h09,0.0,0.0,NONE,False,0,9557344.06438629,531999999.99999845,227898565.37418187,False,0,0,P4,1193741421.5951054,0.0,1744903.9354572813,0.0,1744903.9354572813,17393001.919981197,1174603515.739667,1.0,h09,0.0,0.0,NONE,False,0,9557344.06438629,531999999.99999845,378490681.34302527,False,0,0,P4,1193741421.5951054,0.0,1744903.9354572813,0.0,1744903.9354572813,17393001.919981197,1174603515.739667,1.0,h09,0.0,0.0,NONE,False,0,9557344.06438629,531999999.99999845,378490681.34302527,False,0,0,P4,1193741421.5951054,0.0,1744903.9354572813,0.0,1744903.9354572813,17393001.919981197,1174603515.739667,1.0,h09,0.0,0.0,NONE,False,0,9557344.06438629,531999999.99999845,378490681.34302527,False,0,0,P4,1194989514.318407,0.0,2008455.8813965188,0.0,2008455.8813965188,17129449.97404196,1175851608.4629686,1.0,h09,0.0,0.0,NONE,False,0,9557344.06438629,531999999.99999845,435658272.95699024,False,0,0,P4,1194989514.318407,0.0,2008455.8813965188,0.0,2008455.8813965188,17129449.97404196,1175851608.4629686,1.0,h09,0.0,0.0,NONE,False,0,9557344.06438629,531999999.99999845,435658272.95699024,False,0,0,P4,1194989514.318407,0.0,2008455.8813965188,0.0,2008455.8813965188,17129449.97404196,1175851608.4629686,1.0,h09,0.0,0.0,NONE,False,0,9557344.06438629,531999999.99999845,435658272.95699024,False,0,0,a702355d75a3383ab2d82553ef1abf08509bc544310379a92513299d08cf2ab7
141,LA-0525,P4,1172900008.8987496,0.0,4047467.4477199875,0.0,4047467.4477199875,15090438.40771849,1153762103.043311,1.0,h09,0.0,0.0,NONE,False,0,9557344.06438629,531999999.99999845,300868308.7163249,False,0,0,P4,1172900008.8987496,0.0,4047467.4477199875,0.0,4047467.4477199875,15090438.40771849,1153762103.043311,1.0,h09,0.0,2608770.3051055926,R0,False,0,7703205.357920939,428791223.0433112,2608770.3051055926,False,0,0,P4,1172900008.8987496,0.0,4047467.4477199875,0.0,4047467.4477199875,15090438.40771849,1153762103.043311,1.0,h09,0.0,0.0,NONE,False,0,9557344.06438629,531999999.99999845,300868308.7163249,False,0,0,P4,1177574811.6528192,0.0,4730983.182608724,0.0,4730983.182608724,14406922.672829753,1158436905.7973807,1.0,h09,0.0,0.0,NONE,False,0,9557344.06438629,531999999.99999845,452778735.4408034,False,0,0,P4,1177574811.6528192,0.0,4730983.182608724,0.0,4730983.182608724,14406922.672829753,1158436905.7973807,1.0,h09,0.0,0.0,NONE,False,0,9557344.06438629,531999999.99999845,452778735.4408034,False,0,0,P4,1177574811.6528192,0.0,4730983.182608724,0.0,4730983.182608724,14406922.672829753,1158436905.7973807,1.0,h09,0.0,0.0,NONE,False,0,9557344.06438629,531999999.99999845,452778735.4408034,False,0,0,P4,1181520650.5983014,0.0,5307915.119304052,0.0,5307915.119304052,13829990.736134425,1162382744.742863,1.0,h09,0.0,0.0,NONE,False,0,9557344.06438629,531999999.99999845,384225729.63965887,False,0,0,P4,1181520650.5983014,0.0,5307915.119304053,0.0,5307915.119304053,13829990.736134425,1162382744.742863,1.0,h09,0.0,2446627.6423143013,R0,False,0,8342127.49250616,464356184.74286294,23385222.514092147,False,0,0,P4,1181520650.5983014,0.0,5307915.119304052,0.0,5307915.119304052,13829990.736134425,1162382744.742863,1.0,h09,0.0,0.0,NONE,False,0,9557344.06438629,531999999.99999845,384225729.63965887,False,0,0,7972a998988f40fca4a5d3171699a7b5a449e40b47637a9bc838e01969c9b2d3
142,LA-0523,P4,1225093282.378131,0.0,1411427.1725929473,0.0,1411427.1725929473,17726478.682845533,1205955376.5226924,1.0,h09,0.0,0.0,NONE,False,0,9557344.06438629,531999999.99999845,191471230.37230235,False,0,0,P4,1225093282.378131,0.0,1411427.1725929473,0.0,1411427.1725929473,17726478.682845533,1205955376.5226924,1.0,h09,0.0,0.0,NONE,False,0,9557344.06438629,531999999.99999845,191471230.37230235,False,0,0,P4,1225093282.378131,0.0,1411427.1725929473,0.0,1411427.1725929473,17726478.682845533,1205955376.5226924,1.0,h09,0.0,0.0,NONE,False,0,9557344.06438629,531999999.99999845,191471230.37230235,False,0,0,P4,1225923569.3120217,0.0,1699928.954032932,0.0,1699928.954032932,17437976.901405547,1206785663.4565833,1.0,h09,0.0,0.0,NONE,False,0,9557344.06438629,531999999.99999845,230608772.94591835,False,0,0,P4,1225923569.3120217,0.0,1699928.954032932,0.0,1699928.954032932,17437976.901405547,1206785663.4565833,1.0,h09,0.0,0.0,NONE,False,0,9557344.06438629,531999999.99999845,230608772.94591835,False,0,0,P4,1225923569.3120217,0.0,1699928.954032932,0.0,1699928.954032932,17437976.901405547,1206785663.4565833,1.0,h09,0.0,0.0,NONE,False,0,9557344.06438629,531999999.99999845,230608772.94591835,False,0,0,P4,1226664702.7128077,0.0,1957452.3446630402,0.0,1957452.3446630402,17180453.51077544,1207526796.8573692,1.0,h09,0.0,0.0,NONE,False,0,9557344.06438629,531999999.99999845,265543852.4250877,False,0,0,P4,1226664702.7128077,0.0,1957452.3446630402,0.0,1957452.3446630402,17180453.51077544,1207526796.8573692,1.0,h09,0.0,0.0,NONE,False,0,9557344.06438629,531999999.99999845,265543852.4250877,False,0,0,P4,1226664702.7128077,0.0,1957452.3446630402,0.0,1957452.3446630402,17180453.51077544,1207526796.8573692,1.0,h09,0.0,0.0,NONE,False,0,9557344.06438629,531999999.99999845,265543852.4250877,False,0,0,d107766a675cbf10b199ecd1ae7415e3dcaaae1f8d2bf50a56b70f0b1805a57a
143,LA-0982,P4,1238235325.402406,0.0,5861147.848074243,0.0,5861147.848074243,13276758.007364236,1219097419.5469675,1.0,h09,0.0,0.0,NONE,False,0,9557344.06438629,531999999.99999845,55652000.24092625,False,0,0,P4,1238235325.402406,0.0,5861147.848074243,0.0,5861147.848074243,13276758.007364236,1219097419.5469675,1.0,h09,0.0,0.0,NONE,False,0,9557344.06438629,531999999.99999845,55652000.24092625,False,0,0,P4,1238235325.402406,0.0,5861147.848074243,0.0,5861147.848074243,13276758.007364236,1219097419.5469675,1.0,h09,0.0,0.0,NONE,False,0,9557344.06438629,531999999.99999845,55652000.24092625,False,0,0,P4,1240670076.1340191,0.0,6714663.631559864,0.0,6714663.631559864,12423242.223878615,1221532170.2785807,1.0,h09,0.0,0.0,NONE,False,0,9557344.06438629,531999999.99999845,162846310.65749678,False,0,0,P4,1240670076.1340191,0.0,6714663.631559864,0.0,6714663.631559864,12423242.223878615,1221532170.2785807,1.0,h09,0.0,0.0,NONE,False,0,9557344.06438629,531999999.99999845,162846310.65749678,False,0,0,P4,1240670076.1340191,0.0,6714663.631559864,0.0,6714663.631559864,12423242.223878615,1221532170.2785807,1.0,h09,0.0,0.0,NONE,False,0,9557344.06438629,531999999.99999845,162846310.65749678,False,0,0,P1,1241078963.1313877,19137905.85543848,0.0,0.0,19137905.85543848,0.0,1221941057.2759492,1.0,h09,314819.93355584994,0.0,NONE,False,0,9412088.554109463,523914497.2759492,0.0,False,0,0,P1,1241078963.1313877,19137905.85543848,0.0,0.0,19137905.85543848,0.0,1221941057.2759492,1.0,h09,314819.93355584994,0.0,NONE,False,0,9412088.554109463,523914497.2759492,0.0,False,0,0,P1,1241078963.1313877,19137905.85543848,0.0,0.0,19137905.85543848,0.0,1221941057.2759492,1.0,h09,314819.93355584994,0.0,NONE,False,0,9412088.554109463,523914497.2759492,0.0,False,0,0,779ca5c7630ad89db8f96ae1c634b8edc0b272daaf87acfc3e02f0d5b32cfb89
144,LA-0410,P4,1214398788.5772138,0.0,9407031.124266917,0.0,9407031.124266917,9730874.731171561,1195260882.7217753,1.0,h09,0.0,878759.2411677734,R0,False,0,8932781.020440057,497234322.72177535,15511543.227873879,False,0,0,P4,1214398788.5772138,0.0,9407031.124266917,0.0,9407031.124266917,9730874.731171561,1195260882.7217753,1.0,h09,0.0,878759.2411677734,R0,False,0,8932781.020440057,497234322.72177535,15511543.227873879,False,0,0,P4,1214398788.5772138,0.0,9407031.124266917,0.0,9407031.124266917,9730874.731171561,1195260882.7217753,1.0,h09,0.0,878759.2411677734,R0,False,0,8932781.020440057,497234322.72177535,15511543.227873879,False,0,0,P4,1220527575.3111207,0.0,10373462.149904948,0.0,10373462.149904948,8764443.70553353,1201389669.4556823,1.0,h09,0.0,0.0,NONE,False,0,9557344.06438629,531999999.99999845,255404193.61118144,False,0,0,P4,1220527575.3111207,0.0,10373462.149904948,0.0,10373462.149904948,8764443.70553353,1201389669.4556823,1.0,h09,0.0,0.0,NONE,False,0,9557344.06438629,531999999.99999845,255404193.61118144,False,0,0,P4,1220527575.3111207,0.0,10373462.149904948,0.0,10373462.149904948,8764443.70553353,1201389669.4556823,1.0,h09,0.0,0.0,NONE,False,0,9557344.06438629,531999999.99999845,255404193.61118144,False,0,0,P4,1225185489.8812494,0.0,11107955.508996611,0.0,11107955.508996611,8029950.346441866,1206047584.0258107,1.0,h09,0.0,0.0,NONE,False,0,9557344.06438629,531999999.99999845,273488096.6881588,False,0,0,P4,1225185489.8812494,0.0,11107955.508996611,0.0,11107955.508996611,8029950.346441866,1206047584.0258107,1.0,h09,0.0,0.0,NONE,False,0,9557344.06438629,531999999.99999845,273488096.6881588,False,0,0,P4,1225089744.4984715,0.0,6461236.444352291,4631621.246349208,11092857.6907015,8045048.16473698,1205951838.643033,1.0,h09,0.0,0.0,NONE,False,0,9557344.06438629,531999999.99999845,159081593.006641,True,0,1,9ecf510ceb56f9b7d4836025763ccfd73f4006a4f773c7311c888589dcc496a6
145,LA-0972,P4,1190971861.8321025,0.0,5969451.344438236,0.0,5969451.344438236,13168454.511000242,1171833955.976664,1.0,h09,0.0,0.0,NONE,False,0,9557344.06438629,531999999.99999845,319535640.77070373,False,0,0,P4,1190971861.8321025,0.0,5969451.344438236,0.0,5969451.344438236,13168454.51100024,1171833955.976664,1.0,h09,0.0,0.0,NONE,False,0,9557344.06438629,531999999.99999845,233041086.00165284,False,0,0,P4,1190971861.8321025,0.0,5969451.344438236,0.0,5969451.344438236,13168454.51100024,1171833955.976664,1.0,h09,0.0,1470913.0543863762,R0,False,0,8511917.8639096,473807395.976664,16103697.041092481,False,0,0,P4,1196539533.5547566,0.0,6830624.479984671,0.0,6830624.479984671,12307281.375453807,1177401627.6993182,1.0,h09,0.0,0.0,NONE,False,0,9557344.06438629,531999999.99999845,259735005.18197182,False,0,0,P4,1196539533.5547566,0.0,6830624.479984671,0.0,6830624.479984671,12307281.375453807,1177401627.6993182,1.0,h09,0.0,0.0,NONE,False,0,9557344.06438629,531999999.99999845,259735005.18197182,False,0,0,P4,1196539533.5547566,0.0,6830624.479984671,0.0,6830624.479984671,12307281.375453807,1177401627.6993182,1.0,h09,0.0,0.0,NONE,False,0,9557344.06438629,531999999.99999845,259735005.18197182,False,0,0,P4,1201059726.27812,0.0,7529780.021970781,0.0,7529780.021970781,11608125.833467698,1181921820.4226816,1.0,h09,0.0,0.0,NONE,False,0,9557344.06438629,531999999.99999845,403057658.9630115,False,0,0,P4,1201059726.27812,0.0,7529780.021970781,0.0,7529780.021970781,11608125.833467698,1181921820.4226816,1.0,h09,0.0,0.0,NONE,False,0,9557344.06438629,531999999.99999845,403057658.9630115,False,0,0,P4,1201059726.27812,0.0,7529780.021970781,0.0,7529780.021970781,11608125.833467698,1181921820.4226816,1.0,h09,0.0,0.0,NONE,False,0,9557344.06438629,531999999.99999845,403057658.9630115,False,0,0,1c07511083b22c57582cc353b5062242f886730754cf8ed0ddc4407015e28da7
146,LA-0770,P4,1194892458.1545737,0.0,266142.26665748743,0.0,266142.26665748743,18871763.58878099,1175754552.2991352,1.0,h09,0.0,0.0,NONE,False,0,9557344.06438629,531999999.99999845,218326315.97119325,False,0,0,P4,1194892458.1545737,0.0,266142.26665748743,0.0,266142.26665748743,18871763.58878099,1175754552.2991352,1.0,h09,0.0,2031777.1755271088,R0,False,0,8113293.318835819,451618359.2996771,2485074.7378869033,False,0,0,P4,1194892458.1545737,0.0,266142.26665748743,0.0,266142.26665748743,18871763.58878099,1175754552.2991352,1.0,h09,0.0,2031777.1755271088,R0,False,0,8113293.318835819,451618359.2996771,2485074.7378869033,False,0,0,P4,1195145037.8195992,0.0,324832.7278077854,0.0,324832.7278077854,18813073.127630692,1176007131.9641607,1.0,h09,0.0,0.0,NONE,False,0,9557344.06438629,531999999.99999845,266142927.12617135,False,0,0,P4,1195145037.8195992,0.0,324832.7278077854,0.0,324832.7278077854,18813073.127630692,1176007131.9641607,1.0,h09,0.0,2480664.0144358743,R0,False,0,8117300.426281311,451841410.9285229,3016016.764523615,False,0,0,P4,1195145037.8195992,0.0,324832.7278077854,0.0,324832.7278077854,18813073.127630692,1176007131.9641607,1.0,h09,0.0,2480664.0144358743,R0,False,0,8117300.426281311,451841410.9285229,3016016.764523615,False,0,0,P4,1195376275.987878,0.0,378564.1900395625,0.0,378564.1900395625,18759341.665398914,1176238370.1324396,1.0,h09,0.0,0.0,NONE,False,0,9557344.06438629,531999999.99999845,309812859.38592976,False,0,0,P4,1195376275.987878,0.0,378564.1900395626,0.0,378564.1900395626,18759341.665398914,1176238370.1324396,1.0,h09,0.0,2888553.1969855516,R0,False,0,8122627.292195405,452137925.59276503,3564973.884751343,False,0,0,P4,1195376275.987878,0.0,378564.1900395626,0.0,378564.1900395626,18759341.665398914,1176238370.1324396,1.0,h09,0.0,2888553.1969855516,R0,False,0,8122627.292195405,452137925.59276503,3564973.884751343,False,0,0,32f67bef0bfd3d7973296985144669cad9151f1990d1ab245df29bdcb3ba19c8
147,LA-0285,P4,1228249493.0527942,0.0,1511918.6237144095,0.0,1511918.6237144095,17625987.23172407,1209111587.1973557,1.0,h09,0.0,1209721.7462356351,R0,False,0,8697555.101993313,484140707.1973558,1209721.7462356351,False,0,0,P4,1228249493.0527942,0.0,1511918.6237144095,0.0,1511918.6237144095,17625987.23172407,1209111587.1973557,1.0,h09,0.0,1209721.7462356351,R0,False,0,8697555.101993313,484140707.1973558,1209721.7462356351,False,0,0,P4,1228249493.0527942,0.0,1511918.6237144095,0.0,1511918.6237144095,17625987.23172407,1209111587.1973557,1.0,h09,0.0,1209721.7462356351,R0,False,0,8697555.101993313,484140707.1973558,1209721.7462356351,False,0,0,P4,1229082904.1721165,0.0,1818853.6594768816,0.0,1818853.6594768816,17319052.1959616,1209944998.3166778,1.0,h09,0.0,0.0,NONE,False,0,9557344.06438629,531999999.99999845,110193222.11322385,False,0,0,P4,1229082904.1721165,0.0,1818853.6594768818,0.0,1818853.6594768818,17319052.195961595,1209944998.3166778,1.0,h09,0.0,0.0,NONE,False,0,9557344.06438629,531999999.99999845,216091144.33747354,False,0,0,P4,1229082904.1721165,0.0,1818853.6594768818,0.0,1818853.6594768818,17319052.195961595,1209944998.3166778,1.0,h09,0.0,0.0,NONE,False,0,9557344.06438629,531999999.99999845,216091144.33747354,False,0,0,P4,1229825198.3589997,0.0,2092231.4528794072,0.0,2092231.4528794072,17045674.40255907,1210687292.5035613,1.0,h09,0.0,0.0,NONE,False,0,9557344.06438629,531999999.99999845,248570129.0567805,False,0,0,P4,1229825198.3589997,0.0,2092231.4528794067,0.0,2092231.4528794067,17045674.40255907,1210687292.5035613,1.0,h09,0.0,1674043.726300766,R0,False,0,8725862.541383322,485716412.50356126,1674043.726300766,False,0,0,P4,1229825198.3589997,0.0,2092231.4528794072,0.0,2092231.4528794072,17045674.40255907,1210687292.5035613,1.0,h09,0.0,0.0,NONE,False,0,9557344.06438629,531999999.99999845,248570129.0567805,False,0,0,c25456542abeedeeba926270a1abde38815f9dc309fc1066dfdbdfa2a7ebdae9
148,LA-0575,P4,1189826122.6986885,0.0,6435900.122722833,0.0,6435900.122722833,12702005.732715644,1170688216.84325,1.0,h09,0.0,0.0,NONE,False,0,9557344.06438629,531999999.99999845,323835825.3539662,False,0,0,P4,1189826122.6986885,0.0,6435900.1227228325,0.0,6435900.1227228325,12702005.732715646,1170688216.84325,1.0,h09,0.0,1499873.4811716126,R0,False,0,8491334.737770371,472661656.84325,16132657.46787772,False,0,0,P4,1189826122.6986885,0.0,6435900.1227228325,0.0,6435900.1227228325,12702005.732715646,1170688216.84325,1.0,h09,0.0,1499873.4811716126,R0,False,0,8491334.737770371,472661656.84325,16132657.46787772,False,0,0,P4,1195878701.7479167,0.0,7326923.776470573,0.0,7326923.776470573,11810982.078967903,1176740795.8924782,0.9999999999999998,h09,0.0,0.0,NONE,False,0,9557344.06438629,531999999.99999845,262771628.7654759,False,0,0,P4,1195878701.7479167,0.0,7326923.776470573,0.0,7326923.776470573,11810982.078967903,1176740795.8924782,0.9999999999999998,h09,0.0,0.0,NONE,False,0,9557344.06438629,531999999.99999845,262771628.7654759,False,0,0,P4,1195878701.7479167,0.0,7326923.776470573,0.0,7326923.776470573,11810982.078967903,1176740795.8924782,0.9999999999999998,h09,0.0,0.0,NONE,False,0,9557344.06438629,531999999.99999845,262771628.7654759,False,0,0,P4,1200747494.5392954,0.0,8043677.660563713,0.0,8043677.660563713,11094228.194874763,1181609588.683857,1.0,h09,0.0,0.0,NONE,False,0,9557344.06438629,531999999.99999845,280966251.7494588,False,0,0,P4,1200747494.5392954,0.0,8043677.660563713,0.0,8043677.660563713,11094228.194874765,1181609588.683857,1.0,h09,0.0,1751206.6687680553,R0,False,0,8687536.445168458,483583028.6838571,22689801.540545903,False,0,0,P4,1200747494.5392954,0.0,8043677.660563713,0.0,8043677.660563713,11094228.194874765,1181609588.683857,1.0,h09,0.0,1751206.6687680553,R0,False,0,8687536.445168458,483583028.6838571,22689801.540545903,False,0,0,87924febbdb7c5e4f7bfc4bc3cf23ee22bd74848fcf46325b8a3eb223439d319
149,LA-0115,P4,1208899942.0893795,0.0,1563351.240746431,0.0,1563351.240746431,17574554.614692047,1189762036.233941,1.0,h09,0.0,1677715.154680753,R0,False,0,8364936.821545039,465625843.23448306,2131012.717040547,False,0,0,P4,1208899942.0893795,0.0,1563351.240746431,0.0,1563351.240746431,17574554.614692047,1189762036.233941,1.0,h09,0.0,1698813.2310777374,R0,False,0,8349941.725961862,464791156.2339411,1698813.2310777374,False,0,0,P4,1208899942.0893795,0.0,1563351.2407464308,0.0,1563351.2407464308,17574554.614692044,1189762036.233941,0.9999999999999998,h09,0.0,0.0,NONE,False,0,9557344.06438629,531999999.99999845,165753470.45158282,False,0,0,P4,1210109398.9731386,0.0,1879614.1738170148,0.0,1879614.1738170148,17258291.681621462,1190971493.1177,1.0,h09,0.0,1208635.283112533,R0,False,0,8855722.425943159,492944933.1177,19123999.142559946,False,0,0,P4,1210109398.9731386,0.0,1879614.1738170148,0.0,1879614.1738170148,17258291.681621462,1190971493.1177,1.0,h09,0.0,1208635.283112533,R0,False,0,8855722.425943159,492944933.1177,19123999.142559946,False,0,0,P4,1210109398.9731386,0.0,1879614.1738170148,0.0,1879614.1738170148,17258291.681621462,1190971493.1177,1.0,h09,0.0,0.0,NONE,False,0,9557344.06438629,531999999.99999845,303277312.9701035,False,0,0,P4,1211185420.651486,0.0,2160984.9085752866,0.0,2160984.9085752866,16976920.94686319,1192047514.7960474,0.9999999999999998,h09,0.0,0.0,NONE,False,0,9557344.06438629,531999999.99999845,224908439.87409335,False,0,0,P4,1211185420.651486,0.0,2160984.9085752866,0.0,2160984.9085752866,16976920.94686319,1192047514.7960474,0.9999999999999998,h09,0.0,1373674.4663421246,R0,False,0,8875053.0827114,494020954.7960474,22312269.338119972,False,0,0,P4,1211185420.651486,0.0,2160984.908575287,0.0,2160984.908575287,16976920.94686319,1192047514.7960474,1.0,h09,0.0,0.0,NONE,False,0,9557344.06438629,531999999.99999845,348676715.45099795,False,0,0,7ab19c92fb5b82cbab31b39f1362fd2911f80d18b4949f4ae02c3b786655a266
150,LA-0109,P4,1185618952.416197,0.0,3367525.964596807,0.0,3367525.964596807,15770379.89084167,1166481046.5607586,1.0,h09,0.0,0.0,NONE,False,0,9557344.06438629,531999999.99999845,253131609.11862746,False,0,0,P4,1185618952.4161968,0.0,3367525.9645968075,0.0,3367525.9645968075,15770379.89084167,1166481046.5607584,1.0,h09,0.0,2287278.2465904867,R0,False,0,7931700.319070825,441510166.5607584,2287278.2465904867,False,0,0,P4,1185618952.416197,0.0,3367525.964596807,0.0,3367525.964596807,15770379.89084167,1166481046.5607586,1.0,h09,0.0,0.0,NONE,False,0,9557344.06438629,531999999.99999845,253131609.11862746,False,0,0,P4,1189055254.0246513,0.0,3966397.4590528375,0.0,3966397.4590528375,15171508.39638564,1169917348.1692128,1.0,h09,0.0,0.0,NONE,False,0,9557344.06438629,531999999.99999845,294126418.38487667,False,0,0,P4,1189055254.0246513,0.0,3966397.4590528375,0.0,3966397.4590528375,15171508.39638564,1169917348.1692128,1.0,h09,0.0,0.0,NONE,False,0,9557344.06438629,531999999.99999845,294126418.38487667,False,0,0,P4,1189055254.0246513,0.0,3966397.4590528375,0.0,3966397.4590528375,15171508.39638564,1169917348.1692128,1.0,h09,0.0,0.0,NONE,False,0,9557344.06438629,531999999.99999845,294126418.38487667,False,0,0,P4,1191996994.7920058,0.0,4479077.91914793,0.0,4479077.91914793,14658827.936290547,1172859088.9365673,1.0,h09,0.0,0.0,NONE,False,0,9557344.06438629,531999999.99999845,327961590.03568333,False,0,0,P4,1191996994.7920058,0.0,4479077.91914793,0.0,4479077.91914793,14658827.936290547,1172859088.9365673,1.0,h09,0.0,0.0,NONE,False,0,9557344.06438629,531999999.99999845,327961590.03568333,False,0,0,P4,1191996994.7920058,0.0,4479077.91914793,0.0,4479077.91914793,14658827.936290547,1172859088.9365673,1.0,h09,0.0,0.0,NONE,False,0,9557344.06438629,531999999.99999845,451729865.61258787,False,0,0,b39f6bd72747d8b0d88d9e3f1fa73fe75005172e8b305109cd7dd1fc5f0aed76
151,LA-0890,P1,1236510855.662824,19137905.85543848,0.0,0.0,19137905.85543848,0.0,1217372949.8073854,1.0,h09,434474.2356407252,0.0,NONE,False,0,9330022.812003905,519346389.8073854,0.0,False,0,0,P1,1236510855.662824,19137905.85543848,0.0,0.0,19137905.85543848,0.0,1217372949.8073854,1.0,h09,434474.2356407252,0.0,NONE,False,0,9330022.812003905,519346389.8073854,0.0,False,0,0,P1,1236510855.662824,19137905.85543848,0.0,0.0,19137905.85543848,0.0,1217372949.8073854,1.0,h09,434474.2356407252,0.0,NONE,False,0,9330022.812003905,519346389.8073854,0.0,False,0,0,P1,1236510855.662824,19137905.85543848,0.0,0.0,19137905.85543848,0.0,1217372949.8073854,1.0,h09,434474.2356407252,0.0,NONE,False,0,9330022.812003905,519346389.8073854,0.0,False,0,0,P1,1236510855.662824,19137905.85543848,0.0,0.0,19137905.85543848,0.0,1217372949.8073854,1.0,h09,434474.2356407252,0.0,NONE,False,0,9330022.812003905,519346389.8073854,0.0,False,0,0,P1,1236510855.662824,19137905.85543848,0.0,0.0,19137905.85543848,0.0,1217372949.8073854,1.0,h09,434474.2356407252,0.0,NONE,False,0,9330022.812003905,519346389.8073854,0.0,False,0,0,P1,1236510855.662824,19137905.85543848,0.0,0.0,19137905.85543848,0.0,1217372949.8073854,1.0,h09,434474.2356407252,0.0,NONE,False,0,9330022.812003905,519346389.8073854,0.0,False,0,0,P1,1236510855.662824,19137905.85543848,0.0,0.0,19137905.85543848,0.0,1217372949.8073854,1.0,h09,434474.2356407252,0.0,NONE,False,0,9330022.812003905,519346389.8073854,0.0,False,0,0,P1,1236510855.662824,19137905.85543848,0.0,0.0,19137905.85543848,0.0,1217372949.8073854,1.0,h09,434474.2356407252,0.0,NONE,False,0,9330022.812003905,519346389.8073854,0.0,False,0,0,f92929edef33a08ff80cbaa3bdb8e5ead96296dc4c6d07775a26e1d1ab9af01d
152,LA-0921,P1,1226408538.35541,19137905.85543848,0.0,0.0,19137905.85543848,0.0,1207270632.4999716,1.0,h09,619483.2213771129,0.0,NONE,False,0,9148535.36396902,509244072.49997157,0.0,False,0,0,P1,1226408538.35541,19137905.85543848,0.0,0.0,19137905.85543848,0.0,1207270632.4999716,1.0,h09,619483.2213771129,0.0,NONE,False,0,9148535.36396902,509244072.49997157,0.0,False,0,0,P1,1226408538.35541,19137905.85543848,0.0,0.0,19137905.85543848,0.0,1207270632.4999716,1.0,h09,619483.2213771129,0.0,NONE,False,0,9148535.36396902,509244072.49997157,0.0,False,0,0,P1,1226408538.35541,19137905.85543848,0.0,0.0,19137905.85543848,0.0,1207270632.4999716,1.0,h09,619483.2213771129,0.0,NONE,False,0,9148535.36396902,509244072.49997157,0.0,False,0,0,P1,1226408538.35541,19137905.85543848,0.0,0.0,19137905.85543848,0.0,1207270632.4999716,1.0,h09,619483.2213771129,0.0,NONE,False,0,9148535.36396902,509244072.49997157,0.0,False,0,0,P1,1226408538.35541,19137905.85543848,0.0,0.0,19137905.85543848,0.0,1207270632.4999716,1.0,h09,619483.2213771129,0.0,NONE,False,0,9148535.36396902,509244072.49997157,0.0,False,0,0,P1,1226408538.35541,19137905.85543848,0.0,0.0,19137905.85543848,0.0,1207270632.4999716,1.0,h09,619483.2213771129,0.0,NONE,False,0,9148535.36396902,509244072.49997157,0.0,False,0,0,P1,1226408538.35541,19137905.85543848,0.0,0.0,19137905.85543848,0.0,1207270632.4999716,1.0,h09,619483.2213771129,0.0,NONE,False,0,9148535.36396902,509244072.49997157,0.0,False,0,0,P1,1226408538.35541,19137905.85543848,0.0,0.0,19137905.85543848,0.0,1207270632.4999716,1.0,h09,619483.2213771129,0.0,NONE,False,0,9148535.36396902,509244072.49997157,0.0,False,0,0,3bf27668173a9ad278785d699e8c57330388100c17d653fe497bb4efdb930e52
153,LA-0162,P4,1213265295.7367918,0.0,1840912.6227519205,0.0,1840912.6227519205,17296993.232686557,1194127389.8813534,1.0,h09,0.0,0.0,NONE,False,0,9557344.06438629,531999999.99999845,235863993.36937445,False,0,0,P4,1213265295.7367918,0.0,1840912.6227519205,0.0,1840912.6227519205,17296993.232686557,1194127389.8813534,1.0,h09,0.0,0.0,NONE,False,0,9557344.06438629,531999999.99999845,235863993.36937445,False,0,0,P4,1213265295.7367918,0.0,1840912.6227519207,0.0,1840912.6227519207,17296993.232686557,1194127389.8813534,1.0,h09,0.0,0.0,NONE,False,0,9557344.06438629,531999999.99999845,235863993.36937448,False,0,0,P4,1214592737.6650755,0.0,2206276.704329228,0.0,2206276.704329228,16931629.15110925,1195454831.809637,1.0,h09,0.0,0.0,NONE,False,0,9557344.06438629,531999999.99999845,282675683.5329932,False,0,0,P4,1214592737.6650755,0.0,2206276.704329228,0.0,2206276.704329228,16931629.15110925,1195454831.809637,1.0,h09,0.0,0.0,NONE,False,0,9557344.06438629,531999999.99999845,282675683.5329932,False,0,0,P4,1214592737.6650755,0.0,2206276.704329228,0.0,2206276.704329228,16931629.15110925,1195454831.809637,1.0,h09,0.0,0.0,NONE,False,0,9557344.06438629,531999999.99999845,282675683.5329932,False,0,0,P4,1215766640.133132,0.0,2529380.7045601252,0.0,2529380.7045601252,16608525.150878351,1196628734.2776935,1.0,h09,0.0,0.0,NONE,False,0,9557344.06438629,531999999.99999845,324072868.1827225,False,0,0,P4,1215766640.133132,0.0,2529380.7045601252,0.0,2529380.7045601252,16608525.150878351,1196628734.2776935,1.0,h09,0.0,0.0,NONE,False,0,9557344.06438629,531999999.99999845,324072868.1827225,False,0,0,P4,1215766640.133132,0.0,2529380.7045601252,0.0,2529380.7045601252,16608525.150878351,1196628734.2776935,1.0,h09,0.0,0.0,NONE,False,0,9557344.06438629,531999999.99999845,324072868.1827225,False,0,0,3407dcdfed07b29130a54b929439b95e40e06e95e1d15f27280d3b9cd7ac4124
154,LA-0786,P4,1168890707.9195058,0.0,4437594.924052227,0.0,4437594.924052227,14700310.931386251,1149752802.0640674,1.0,h09,0.0,2029050.2625602772,R0,False,0,8115231.42541081,451726242.06406736,16661834.249266382,False,0,0,P4,1168890707.9195058,0.0,4437594.924052226,0.0,4437594.924052226,14700310.931386251,1149752802.0640674,1.0,h09,0.0,0.0,NONE,False,0,9557344.06438629,531999999.99999845,315916004.7911109,False,0,0,P4,1168890707.9195058,0.0,4437594.924052226,0.0,4437594.924052226,14700310.931386251,1149752802.0640674,1.0,h09,0.0,0.0,NONE,False,0,9557344.06438629,531999999.99999845,315916004.7911109,False,0,0,P4,1174192064.6198545,0.0,5164446.154307247,0.0,5164446.154307247,13973459.70113123,1155054158.7644157,1.0,h09,0.0,3129094.671887938,R0,False,0,7740881.678082386,430888437.72877795,3664447.4219756788,False,0,0,P4,1174192064.6198545,0.0,5164446.154307247,0.0,5164446.154307247,13973459.701131232,1155054158.7644157,1.0,h09,0.0,0.0,NONE,False,0,9557344.06438629,531999999.99999845,362425055.05087173,False,0,0,P4,1174192064.6198545,0.0,5164446.154307247,0.0,5164446.154307247,13973459.701131232,1155054158.7644157,1.0,h09,0.0,0.0,NONE,False,0,9557344.06438629,531999999.99999845,362425055.05087173,False,0,0,P4,1178631018.318324,0.0,5773056.20247958,0.0,5773056.20247958,13364849.652958898,1159493112.4628856,1.0,h09,0.0,0.0,NONE,False,0,9557344.06438629,531999999.99999845,399744757.1743311,False,0,0,P4,1178631018.318324,0.0,5773056.20247958,0.0,5773056.20247958,13364849.652958898,1159493112.4628856,1.0,h09,0.0,0.0,NONE,False,0,9557344.06438629,531999999.99999845,399744757.1743311,False,0,0,P4,1178631018.318324,0.0,5773056.20247958,0.0,5773056.20247958,13364849.652958898,1159493112.4628856,1.0,h09,0.0,0.0,NONE,False,0,9557344.06438629,531999999.99999845,523513032.7512357,False,0,0,391b78b9e59e163238cc1bac68140f87c66e44d6ef63164f722163a1d4901150
155,LA-0862,P4,1217130908.531787,0.0,7655588.929278429,0.0,7655588.929278429,11482316.926160049,1197993002.6763484,1.0,h09,0.0,0.0,NONE,False,0,9557344.06438629,531999999.99999845,221355587.34472567,False,0,0,P4,1217130908.531787,0.0,7655588.929278429,0.0,7655588.929278429,11482316.926160049,1197993002.6763484,1.0,h09,0.0,0.0,NONE,False,0,9557344.06438629,531999999.99999845,221355587.34472567,False,0,0,P4,1217130908.531787,0.0,7655588.929278429,0.0,7655588.929278429,11482316.926160049,1197993002.6763484,1.0,h09,0.0,0.0,NONE,False,0,9557344.06438629,531999999.99999845,221355587.34472567,False,0,0,P4,1221987593.039797,0.0,8601129.753430493,0.0,8601129.753430493,10536776.102007985,1202849687.1843586,1.0,h09,0.0,0.0,NONE,False,0,9557344.06438629,531999999.99999845,142797265.82554203,False,0,0,P4,1221987593.039797,0.0,8601129.753430493,0.0,8601129.753430493,10536776.102007985,1202849687.1843586,1.0,h09,0.0,0.0,NONE,False,0,9557344.06438629,531999999.99999845,142797265.82554203,False,0,0,P4,1221987593.039797,0.0,8601129.753430491,0.0,8601129.753430491,10536776.102007985,1202849687.1843584,1.0,h09,0.0,841041.380587984,R0,False,0,9069113.38000069,504823127.1843584,18756405.240035396,False,0,0,P4,1225802868.174665,0.0,9343920.105457699,0.0,9343920.105457699,9793985.749980778,1206664962.3192265,1.0,h09,0.0,0.0,NONE,False,0,9557344.06438629,531999999.99999845,270172411.5744455,False,0,0,P4,1225802868.174665,0.0,9343920.105457699,0.0,9343920.105457699,9793985.749980778,1206664962.3192265,1.0,h09,0.0,0.0,NONE,False,0,9557344.06438629,531999999.99999845,270172411.5744455,False,0,0,P4,1225802868.174665,0.0,9343920.105457699,0.0,9343920.105457699,9793985.749980778,1206664962.3192265,1.0,h09,0.0,0.0,NONE,False,0,9557344.06438629,531999999.99999845,270172411.5744455,False,0,0,91d48ea321f8a1527a804a13959bbb40920dd4898820fad72514df96fbe68cd3
156,LA-0121,P4,1203125536.30546,0.0,1305856.3461315962,0.0,1305856.3461315962,17832049.50930688,1183987630.4500215,1.0,h09,0.0,0.0,NONE,False,0,9557344.06438629,531999999.99999845,273920507.20658296,False,0,0,P4,1203125536.30546,0.0,1305856.3461315962,0.0,1305856.3461315962,17832049.50930688,1183987630.4500215,1.0,h09,0.0,0.0,NONE,False,0,9557344.06438629,531999999.99999845,273920507.20658296,False,0,0,P4,1203125536.30546,0.0,1305856.3461315962,0.0,1305856.3461315962,17832049.50930688,1183987630.4500215,1.0,h09,0.0,0.0,NONE,False,0,9557344.06438629,531999999.99999845,273920507.20658296,False,0,0,P4,1204225846.5539587,0.0,1574695.9353224367,0.0,1574695.9353224367,17563209.92011604,1185087940.6985202,1.0,h09,0.0,0.0,NONE,False,0,9557344.06438629,531999999.99999845,330313139.4027,False,0,0,P4,1204225846.5539587,0.0,1574695.9353224367,0.0,1574695.9353224367,17563209.92011604,1185087940.6985202,1.0,h09,0.0,0.0,NONE,False,0,9557344.06438629,531999999.99999845,330313139.4027,False,0,0,P4,1204225846.5539587,0.0,1574695.9353224367,0.0,1574695.9353224367,17563209.92011604,1185087940.6985202,1.0,h09,0.0,0.0,NONE,False,0,9557344.06438629,531999999.99999845,330313139.4027,False,0,0,P4,1205210277.129059,0.0,1815222.5611154386,0.0,1815222.5611154386,17322683.29432304,1186072371.2736206,1.0,h09,0.0,0.0,NONE,False,0,9557344.06438629,531999999.99999845,380766755.9349334,False,0,0,P4,1205210277.129059,0.0,1815222.5611154386,0.0,1815222.5611154386,17322683.29432304,1186072371.2736206,1.0,h09,0.0,0.0,NONE,False,0,9557344.06438629,531999999.99999845,380766755.9349334,False,0,0,P4,1205210277.129059,0.0,1815222.5611154386,0.0,1815222.5611154386,17322683.29432304,1186072371.2736206,1.0,h09,0.0,0.0,NONE,False,0,9557344.06438629,531999999.99999845,380766755.9349334,False,0,0,a3bc6e55aeba7d81c6161f7bcf82eb727f7a4a021baae9b326c7f19e0d1ebafb
157,LA-0051,P1,1223002661.7088614,19137905.85543848,0.0,0.0,19137905.85543848,0.0,1203864755.8534229,1.0,h09,665707.1308712112,0.0,NONE,False,0,9087349.020074427,505838195.85342294,0.0,False,0,0,P1,1223002661.7088614,19137905.85543848,0.0,0.0,19137905.85543848,0.0,1203864755.8534229,1.0,h09,665707.1308712112,0.0,NONE,False,0,9087349.020074427,505838195.85342294,0.0,False,0,0,P1,1223002661.7088614,19137905.85543848,0.0,0.0,19137905.85543848,0.0,1203864755.8534229,1.0,h09,665707.1308712112,0.0,NONE,False,0,9087349.020074427,505838195.85342294,0.0,False,0,0,P1,1223002661.7088614,19137905.85543848,0.0,0.0,19137905.85543848,0.0,1203864755.8534229,1.0,h09,665707.1308712112,0.0,NONE,False,0,9087349.020074427,505838195.85342294,0.0,False,0,0,P1,1223002661.7088614,19137905.85543848,0.0,0.0,19137905.85543848,0.0,1203864755.8534229,1.0,h09,665707.1308712112,0.0,NONE,False,0,9087349.020074427,505838195.85342294,0.0,False,0,0,P1,1223002661.7088614,19137905.85543848,0.0,0.0,19137905.85543848,0.0,1203864755.8534229,1.0,h09,665707.1308712112,0.0,NONE,False,0,9087349.020074427,505838195.85342294,0.0,False,0,0,P1,1223002661.7088614,19137905.85543848,0.0,0.0,19137905.85543848,0.0,1203864755.8534229,1.0,h09,665707.1308712112,0.0,NONE,False,0,9087349.020074427,505838195.85342294,0.0,False,0,0,P1,1223002661.7088614,19137905.85543848,0.0,0.0,19137905.85543848,0.0,1203864755.8534229,1.0,h09,665707.1308712112,0.0,NONE,False,0,9087349.020074427,505838195.85342294,0.0,False,0,0,P1,1223002661.7088614,19137905.85543848,0.0,0.0,19137905.85543848,0.0,1203864755.8534229,1.0,h09,665707.1308712112,0.0,NONE,False,0,9087349.020074427,505838195.85342294,0.0,False,0,0,d5ba2e51c2a37d5394534170e2a09cf3580609496aa9516aac3bdb01a55b8279
158,LA-0479,P4,1225840751.7233403,0.0,1218242.766578042,0.0,1218242.766578042,17919663.088860437,1206702845.8679018,1.0,h09,0.0,0.0,NONE,False,0,9557344.06438629,531999999.99999845,102171275.96122839,False,0,0,P4,1225840751.7233405,0.0,1218242.7665780417,0.0,1218242.7665780417,17919663.088860437,1206702845.867902,1.0,h09,0.0,1270606.615122289,R0,False,0,8654282.226715686,481731965.8679019,1270606.615122289,False,0,0,P4,1225840751.7233403,0.0,1218242.766578042,0.0,1218242.766578042,17919663.088860437,1206702845.8679018,1.0,h09,0.0,0.0,NONE,False,0,9557344.06438629,531999999.99999845,102171275.96122839,False,0,0,P4,1226548472.2856166,0.0,1470532.6015798037,0.0,1470532.6015798037,17667373.253858674,1207410566.4301782,1.0,h09,0.0,0.0,NONE,False,0,9557344.06438629,531999999.99999845,227737247.86589113,False,0,0,P4,1226548472.2856166,0.0,1470532.6015798035,0.0,1470532.6015798035,17667373.253858674,1207410566.4301782,1.0,h09,0.0,1533740.6488927358,R0,False,0,8666996.378811767,482439686.4301782,1533740.6488927358,False,0,0,P4,1226548472.2856166,0.0,1470532.6015798037,0.0,1470532.6015798037,17667373.253858674,1207410566.4301782,1.0,h09,0.0,0.0,NONE,False,0,9557344.06438629,531999999.99999845,121839325.64164147,False,0,0,P4,1227182874.7568858,0.0,1696685.8368149083,0.0,1696685.8368149083,17441220.018623568,1208044968.9014473,1.0,h09,0.0,0.0,NONE,False,0,9557344.06438629,531999999.99999845,262760963.30958793,False,0,0,P4,1227182874.7568858,0.0,1696685.836814908,0.0,1696685.836814908,17441220.01862357,1208044968.9014473,1.0,h09,0.0,1769614.6508604898,R0,False,0,8678393.376355404,483074088.90144724,1769614.6508604898,False,0,0,P4,1227182874.7568858,0.0,1696685.8368149083,0.0,1696685.8368149083,17441220.018623568,1208044968.9014473,1.0,h09,0.0,0.0,NONE,False,0,9557344.06438629,531999999.99999845,262760963.30958793,False,0,0,781ca963e16c8a3a237e8a43036927bd89d15db28e9c510febfc30414857e1bd
159,LA-0842,P4,1208093001.0008392,0.0,4680575.374922821,0.0,4680575.374922821,14457330.480515657,1188955095.1454008,1.0,h09,0.0,0.0,NONE,False,0,9557344.06438629,531999999.99999845,255276634.0263769,False,0,0,P4,1208093001.0008392,0.0,4680575.374922821,0.0,4680575.374922821,14457330.480515657,1188955095.1454008,1.0,h09,0.0,0.0,NONE,False,0,9557344.06438629,531999999.99999845,255276634.0263769,False,0,0,P4,1208093001.0008392,0.0,4680575.374922821,0.0,4680575.374922821,14457330.480515657,1188955095.1454008,1.0,h09,0.0,0.0,NONE,False,0,9557344.06438629,531999999.99999845,255276634.0263769,False,0,0,P4,1211630579.7513204,0.0,5432517.666052566,0.0,5432517.666052566,13705388.189385913,1192492673.895882,1.0,h09,0.0,1970486.7383360069,R0,False,0,8413462.073516887,468326952.860244,2505839.4884237475,False,0,0,P4,1211630579.7513201,0.0,5432517.666052565,0.0,5432517.666052565,13705388.189385911,1192492673.8958817,1.0,h09,0.0,0.0,NONE,False,0,9557344.06438629,531999999.99999845,190389331.5840698,False,0,0,P4,1211630579.7513201,0.0,5432517.666052565,0.0,5432517.666052565,13705388.189385911,1192492673.8958817,1.0,h09,0.0,0.0,NONE,False,0,9557344.06438629,531999999.99999845,190389331.5840698,False,0,0,P4,1214578018.3500202,0.0,6059020.675369092,0.0,6059020.675369092,13078885.180069383,1195440112.4945817,0.9999999999999998,h09,0.0,0.0,NONE,False,0,9557344.06438629,531999999.99999845,330456467.33761895,False,0,0,P4,1214578018.3500202,0.0,6059020.675369092,0.0,6059020.675369092,13078885.180069383,1195440112.4945817,0.9999999999999998,h09,0.0,0.0,NONE,False,0,9557344.06438629,531999999.99999845,330456467.33761895,False,0,0,P4,1214578018.3500202,0.0,6059020.675369092,0.0,6059020.675369092,13078885.180069383,1195440112.4945817,0.9999999999999998,h09,0.0,0.0,NONE,False,0,9557344.06438629,531999999.99999845,330456467.33761895,False,0,0,1c0822ab225a199511022043cc38d19736ea9a384677b6b325155d32a73f918f
160,LA-0289,P4,1217024149.4176722,0.0,1583639.7287004753,0.0,1583639.7287004753,17554266.126738,1197886243.5622337,0.9999999999999998,h09,0.0,0.0,NONE,False,0,9557344.06438629,531999999.99999845,221756275.32268742,False,0,0,P4,1217024149.417672,0.0,1583639.7287004753,0.0,1583639.7287004753,17554266.126738004,1197886243.5622334,1.0,h09,0.0,812398.9605527967,R0,False,0,8979945.450600632,499859683.56223357,15445182.947258903,False,0,0,P4,1217024149.4176722,0.0,1583639.7287004753,0.0,1583639.7287004753,17554266.126738,1197886243.5622337,0.9999999999999998,h09,0.0,0.0,NONE,False,0,9557344.06438629,531999999.99999845,221756275.32268742,False,0,0,P4,1218100954.1303513,0.0,1903562.429973396,0.0,1903562.429973396,17234343.42546508,1198963048.2749128,1.0,h09,0.0,0.0,NONE,False,0,9557344.06438629,531999999.99999845,160656968.17465374,False,0,0,P4,1218100954.1303513,0.0,1903562.4299733958,0.0,1903562.4299733958,17234343.42546508,1198963048.2749128,1.0,h09,0.0,0.0,NONE,False,0,9557344.06438629,531999999.99999845,266554890.39890337,False,0,0,P4,1218100954.1303513,0.0,1903562.4299733958,0.0,1903562.4299733958,17234343.42546508,1198963048.2749128,1.0,h09,0.0,0.0,NONE,False,0,9557344.06438629,531999999.99999845,266554890.39890337,False,0,0,P4,1219058536.1034336,0.0,2188063.6100958996,0.0,2188063.6100958996,16949842.24534258,1199920630.2479951,1.0,h09,0.0,0.0,NONE,False,0,9557344.06438629,531999999.99999845,182625172.09325808,False,0,0,P4,1219058536.1034336,0.0,2188063.6100958996,0.0,2188063.6100958996,16949842.24534258,1199920630.2479951,1.0,h09,0.0,0.0,NONE,False,0,9557344.06438629,531999999.99999845,182625172.09325808,False,0,0,P4,1219058536.1034336,0.0,2188063.610095899,0.0,2188063.610095899,16949842.24534258,1199920630.2479951,1.0,h09,0.0,0.0,NONE,False,0,9557344.06438629,531999999.99999845,306393447.6701626,False,0,0,df3cb89d612fdbf2b6ad1dad6fd56efe219f570cc90ab89a88c5021df3f12cdd
161,LA-0648,P4,1225123666.1878333,0.0,3338724.1006253436,0.0,3338724.1006253436,15799181.754813131,1205985760.3323948,0.9999999999999998,h09,0.0,1288732.122529833,R0,False,0,8641399.833508097,481014880.3323947,1288732.122529833,False,0,0,P4,1225123666.1878333,0.0,3338724.1006253436,0.0,3338724.1006253436,15799181.754813131,1205985760.3323948,0.9999999999999998,h09,0.0,1288732.122529833,R0,False,0,8641399.833508097,481014880.3323947,1288732.122529833,False,0,0,P4,1225123666.1878333,0.0,3338724.1006253436,0.0,3338724.1006253436,15799181.754813131,1205985760.3323948,0.9999999999999998,h09,0.0,1288732.122529833,R0,False,0,8641399.833508097,481014880.3323947,1288732.122529833,False,0,0,P4,1227043862.2981942,0.0,3933751.1899067634,0.0,3933751.1899067634,15204154.665531715,1207905956.4427557,1.0,h09,0.0,1518409.8379148105,R0,False,0,8675896.026925044,482935076.4427557,1518409.8379148105,False,0,0,P4,1227043862.2981942,0.0,3933751.1899067634,0.0,3933751.1899067634,15204154.665531715,1207905956.4427557,1.0,h09,0.0,1518409.8379148105,R0,False,0,8675896.026925044,482935076.4427557,1518409.8379148105,False,0,0,P4,1227043862.2981942,0.0,3933751.1899067634,0.0,3933751.1899067634,15204154.665531715,1207905956.4427557,1.0,h09,0.0,1518409.8379148105,R0,False,0,8675896.026925044,482935076.4427557,1518409.8379148105,False,0,0,P2,1228683169.6139371,10872019.46381196,1919177.312521688,0.0,12791196.776333649,6346709.07910483,1209545263.7584987,1.0,h09,0.0,0.0,NONE,False,0,9557344.06438629,531999999.99999845,109996625.70218144,False,0,0,P2,1228683169.6139371,10872019.46381196,1919177.312521688,0.0,12791196.776333649,6346709.07910483,1209545263.7584987,1.0,h09,0.0,0.0,NONE,False,0,9557344.06438629,531999999.99999845,109996625.70218144,False,0,0,P2,1228683169.6139371,10872019.46381196,1919177.312521688,0.0,12791196.776333649,6346709.07910483,1209545263.7584987,1.0,h09,0.0,0.0,NONE,False,0,9557344.06438629,531999999.99999845,109996625.70218144,False,0,0,e03c436e61698f8463c331f10e9ad3bd7db915a1ed3bfc4d27fd515191887b17
162,LA-0006,P4,1225906438.1844957,0.0,7084248.178442694,0.0,7084248.178442694,12053657.676995784,1206768532.3290572,1.0,h09,0.0,1247848.206199698,R0,False,0,8670457.375136517,482632339.3295991,1701145.7685594924,False,0,0,P4,1225906438.1844957,0.0,7084248.178442694,0.0,7084248.178442694,12053657.676995784,1206768532.3290572,1.0,h09,0.0,1247848.206199698,R0,False,0,8670457.375136517,482632339.3295991,1701145.7685594924,False,0,0,P4,1225906438.1844957,0.0,7084248.178442694,0.0,7084248.178442694,12053657.676995784,1206768532.3290572,1.0,h09,0.0,1247848.206199698,R0,False,0,8670457.375136517,482632339.3295991,1701145.7685594924,False,0,0,P4,1229755609.115351,0.0,8008439.792844621,0.0,8008439.792844621,11129466.062593857,1210617703.2599125,1.0,h09,0.0,1409572.3232400396,R0,False,0,8739077.001729568,486451982.2242747,1944925.0733277802,False,0,0,P4,1229755609.115351,0.0,8008439.792844621,0.0,8008439.792844621,11129466.062593857,1210617703.2599125,1.0,h09,0.0,1409572.3232400396,R0,False,0,8739077.001729568,486451982.2242747,1944925.0733277802,False,0,0,P4,1229755609.115351,0.0,8008439.792844621,0.0,8008439.792844621,11129466.062593857,1210617703.2599125,1.0,h09,0.0,1409572.3232400396,R0,False,0,8739077.001729568,486451982.2242747,1944925.0733277802,False,0,0,P4,1232812959.6418693,0.0,8742514.160975521,0.0,8742514.160975521,10395391.694462957,1213675053.7864308,1.0,h09,0.0,0.0,NONE,False,0,9557344.06438629,531999999.99999845,232524090.97187817,False,0,0,P4,1232812959.6418693,0.0,8742514.160975521,0.0,8742514.160975521,10395391.694462957,1213675053.7864308,1.0,h09,0.0,0.0,NONE,False,0,9557344.06438629,531999999.99999845,232524090.97187817,False,0,0,P4,1232812959.6418693,0.0,8742514.160975521,0.0,8742514.160975521,10395391.694462957,1213675053.7864308,1.0,h09,0.0,0.0,NONE,False,0,9557344.06438629,531999999.99999845,232524090.97187817,False,0,0,695dd972501f323f15a81759a750d996ba060b5a7914aa0c35ccff77a6fd50c3
163,LA-0785,P4,1225503581.2472987,0.0,561416.4753247411,0.0,561416.4753247411,18576489.380113736,1206365675.3918602,1.0,h09,0.0,1279129.1492670823,R0,False,0,8648224.981888838,481394795.3918603,1279129.1492670823,False,0,0,P4,1225503581.2472987,0.0,561416.4753247411,0.0,561416.4753247411,18576489.380113736,1206365675.3918602,1.0,h09,0.0,1279129.1492670823,R0,False,0,8648224.981888838,481394795.3918603,1279129.1492670823,False,0,0,P4,1225503581.2472987,0.0,561416.4753247411,0.0,561416.4753247411,18576489.380113736,1206365675.3918602,1.0,h09,0.0,1279129.1492670823,R0,False,0,8648224.981888838,481394795.3918603,1279129.1492670823,False,0,0,P4,1225834427.04342,0.0,682865.5133376152,0.0,682865.5133376152,18455040.342100862,1206696521.1879816,1.0,h09,0.0,1555838.1727827431,R0,False,0,8654168.604268137,481725641.1879816,1555838.1727827431,False,0,0,P4,1225834427.04342,0.0,682865.5133376152,0.0,682865.5133376152,18455040.342100862,1206696521.1879816,1.0,h09,0.0,1555838.1727827431,R0,False,0,8654168.604268137,481725641.1879816,1555838.1727827431,False,0,0,P4,1225834427.04342,0.0,682865.5133376151,0.0,682865.5133376151,18455040.342100862,1206696521.1879816,1.0,h09,0.0,1555838.172782743,R0,False,0,8654168.604268137,481725641.1879816,1555838.172782743,False,0,0,P4,1226135329.5838645,0.0,793322.7852782635,0.0,793322.7852782635,18344583.070160214,1206997423.728426,1.0,h09,0.0,1807503.598536553,R0,False,0,8659574.298081812,482026543.728426,1807503.598536553,False,0,0,P4,1226135329.5838645,0.0,793322.7852782635,0.0,793322.7852782635,18344583.070160214,1206997423.728426,1.0,h09,0.0,1807503.598536553,R0,False,0,8659574.298081812,482026543.728426,1807503.598536553,False,0,0,P4,1226135329.5838645,0.0,793322.7852782635,0.0,793322.7852782635,18344583.070160214,1206997423.728426,1.0,h09,0.0,1807503.598536553,R0,False,0,8659574.298081812,482026543.728426,1807503.598536553,False,0,0,e13c0f62e18ceb386ed171c107e611cc87bfcc72fec2a15c7a0497d6c40132a3
164,LA-0747,P4,1198794728.02516,0.0,8996267.510835776,0.0,8996267.510835776,10141638.344602702,1179656822.1697216,1.0,h09,0.0,0.0,NONE,False,0,9557344.06438629,531999999.99999845,290174883.4924989,False,0,0,P4,1198794728.02516,0.0,8996267.510835776,0.0,8996267.510835776,10141638.344602702,1179656822.1697216,1.0,h09,0.0,0.0,NONE,False,0,9557344.06438629,531999999.99999845,290174883.4924989,False,0,0,P4,1198794728.02516,0.0,8996267.510835776,0.0,8996267.510835776,10141638.344602702,1179656822.1697216,1.0,h09,0.0,0.0,NONE,False,0,9557344.06438629,531999999.99999845,290174883.4924989,False,0,0,P4,1206169943.7192729,0.0,9963708.263296714,0.0,9963708.263296714,9174197.592141764,1187032037.8638344,1.0,h09,0.0,0.0,NONE,False,0,9557344.06438629,531999999.99999845,321379714.52860576,False,0,0,P4,1206169943.7192729,0.0,9963708.263296712,0.0,9963708.263296712,9174197.592141762,1187032037.8638344,0.9999999999999998,h09,0.0,0.0,NONE,False,0,9557344.06438629,531999999.99999845,321379714.5286057,False,0,0,P4,1206169943.7192729,0.0,9963708.263296712,0.0,9963708.263296712,9174197.592141762,1187032037.8638344,0.9999999999999998,h09,0.0,0.0,NONE,False,0,9557344.06438629,531999999.99999845,321379714.5286057,False,0,0,P4,1211818263.1166027,0.0,10704624.135391712,0.0,10704624.135391712,8433281.720046766,1192680357.2611642,1.0,h09,0.0,0.0,NONE,False,0,9557344.06438629,531999999.99999845,221509703.04888964,False,0,0,P4,1211818263.1166027,0.0,10704624.135391712,0.0,10704624.135391712,8433281.720046766,1192680357.2611642,1.0,h09,0.0,0.0,NONE,False,0,9557344.06438629,531999999.99999845,221509703.04888964,False,0,0,P4,1211818263.1166027,0.0,10704624.135391712,0.0,10704624.135391712,8433281.720046766,1192680357.2611642,1.0,h09,0.0,0.0,NONE,False,0,9557344.06438629,531999999.99999845,221509703.04888964,False,0,0,e508dc5900f3143afc3011e105876a132fd95bc4d1a33088d77c23cd7ca07f30
165,LA-0528,P1,1221788872.962194,19137905.85543844,0.0,0.0,19137905.85543844,0.0,1202650967.1067555,0.999999999999998,h09,680754.9348080802,0.0,NONE,False,0,9065543.387229726,504624407.1067555,0.0,False,0,0,P1,1221788872.962194,19137905.85543844,0.0,0.0,19137905.85543844,0.0,1202650967.1067555,0.999999999999998,h09,680754.9348080802,0.0,NONE,False,0,9065543.387229726,504624407.1067555,0.0,False,0,0,P1,1221788872.962194,19137905.85543844,0.0,0.0,19137905.85543844,0.0,1202650967.1067555,0.999999999999998,h09,680754.9348080802,0.0,NONE,False,0,9065543.387229726,504624407.1067555,0.0,False,0,0,P1,1221788872.962194,19137905.85543844,0.0,0.0,19137905.85543844,0.0,1202650967.1067555,0.999999999999998,h09,680754.9348080802,0.0,NONE,False,0,9065543.387229726,504624407.1067555,0.0,False,0,0,P1,1221788872.962194,19137905.85543844,0.0,0.0,19137905.85543844,0.0,1202650967.1067555,0.999999999999998,h09,680754.9348080802,0.0,NONE,False,0,9065543.387229726,504624407.1067555,0.0,False,0,0,P1,1221788872.962194,19137905.85543844,0.0,0.0,19137905.85543844,0.0,1202650967.1067555,0.999999999999998,h09,680754.9348080802,0.0,NONE,False,0,9065543.387229726,504624407.1067555,0.0,False,0,0,P1,1221788872.962194,19137905.85543844,0.0,0.0,19137905.85543844,0.0,1202650967.1067555,0.999999999999998,h09,680754.9348080802,0.0,NONE,False,0,9065543.387229726,504624407.1067555,0.0,False,0,0,P1,1221788872.962194,19137905.85543844,0.0,0.0,19137905.85543844,0.0,1202650967.1067555,0.999999999999998,h09,680754.9348080802,0.0,NONE,False,0,9065543.387229726,504624407.1067555,0.0,False,0,0,P1,1221788872.962194,19137905.85543844,0.0,0.0,19137905.85543844,0.0,1202650967.1067555,0.999999999999998,h09,680754.9348080802,0.0,NONE,False,0,9065543.387229726,504624407.1067555,0.0,False,0,0,936ec1c6fa566ead6908dc237d16eaabc0ae50b6c5fb16b182527e2c806a7482
166,LA-0584,P4,1223339815.6215472,0.0,7452731.1837202385,0.0,7452731.1837202385,11685174.671718238,1204201909.7661088,1.0,h09,0.0,0.0,NONE,False,0,9557344.06438629,531999999.99999845,198052336.39724532,False,0,0,P4,1223339815.6215472,0.0,7452731.1837202385,0.0,7452731.1837202385,11685174.671718238,1204201909.7661088,1.0,h09,0.0,0.0,NONE,False,0,9557344.06438629,531999999.99999845,198052336.39724532,False,0,0,P4,1223339815.6215472,0.0,7452731.1837202385,0.0,7452731.1837202385,11685174.671718238,1204201909.7661088,1.0,h09,0.0,0.0,NONE,False,0,9557344.06438629,531999999.99999845,198052336.39724532,False,0,0,P4,1227579318.2655854,0.0,8391527.766204683,0.0,8391527.766204683,10746378.089233795,1208441412.410147,1.0,h09,0.0,1476921.891870116,R0,False,0,8699980.083617942,484275691.37450916,2012274.6419578565,False,0,0,P4,1227579318.2655854,0.0,8391527.766204683,0.0,8391527.766204683,10746378.089233795,1208441412.410147,1.0,h09,0.0,1476921.891870116,R0,False,0,8699980.083617942,484275691.37450916,2012274.6419578565,False,0,0,P4,1227579318.2655854,0.0,8391527.766204683,0.0,8391527.766204683,10746378.089233795,1208441412.410147,1.0,h09,0.0,1476921.891870116,R0,False,0,8699980.083617942,484275691.37450916,2012274.6419578565,False,0,0,P4,1230922779.427211,0.0,9131904.686742134,0.0,9131904.686742134,10006001.168696344,1211784873.5717726,1.0,h09,0.0,659788.5422055534,R0,False,0,9229633.399895309,513758313.57177246,21598383.4139834,False,0,0,P4,1230922779.427211,0.0,9131904.686742134,0.0,9131904.686742134,10006001.168696344,1211784873.5717726,1.0,h09,0.0,659788.5422055534,R0,False,0,9229633.399895309,513758313.57177246,21598383.4139834,False,0,0,P4,1230922779.427211,0.0,9131904.686742134,0.0,9131904.686742134,10006001.168696344,1211784873.5717726,1.0,h09,0.0,659788.5422055534,R0,False,0,9229633.399895309,513758313.57177246,21598383.4139834,False,0,0,656fe41270634ec3a8403329335e018ea2480473432afbe57ddfdfd5d3e25a1f
167,LA-0488,P4,1193198455.909198,0.0,7875341.671014963,0.0,7875341.671014963,11262564.184423516,1174060550.0537596,1.0,h09,0.0,0.0,NONE,False,0,9557344.06438629,531999999.99999845,311178794.745048,False,0,0,P4,1193198455.909198,0.0,7875341.671014963,0.0,7875341.671014963,11262564.184423516,1174060550.0537596,1.0,h09,0.0,0.0,NONE,False,0,9557344.06438629,531999999.99999845,224684239.9759971,False,0,0,P4,1193198455.909198,0.0,7875341.671014963,0.0,7875341.671014963,11262564.184423516,1174060550.0537596,1.0,h09,0.0,0.0,NONE,False,0,9557344.06438629,531999999.99999845,311178794.745048,False,0,0,P4,1200205338.3854427,0.0,8827158.696379473,0.0,8827158.696379473,10310747.159059003,1181067432.5300043,1.0,h09,0.0,0.0,NONE,False,0,9557344.06438629,531999999.99999845,348787991.54483247,False,0,0,P4,1200205338.3854427,0.0,8827158.696379473,0.0,8827158.696379473,10310747.159059003,1181067432.5300043,1.0,h09,0.0,0.0,NONE,False,0,9557344.06438629,531999999.99999845,242890069.3205828,False,0,0,P4,1200205338.3854427,0.0,8827158.696379473,0.0,8827158.696379473,10310747.159059003,1181067432.5300043,1.0,h09,0.0,0.0,NONE,False,0,9557344.06438629,531999999.99999845,348787991.54483247,False,0,0,P4,1205686613.9542089,0.0,9571736.820067678,0.0,9571736.820067678,9566169.0353708,1186548708.0987704,1.0,h09,0.0,0.0,NONE,False,0,9557344.06438629,531999999.99999845,254440271.01198155,False,0,0,P4,1205686613.9542089,0.0,9571736.820067678,0.0,9571736.820067678,9566169.0353708,1186548708.0987704,1.0,h09,0.0,0.0,NONE,False,0,9557344.06438629,531999999.99999845,378208546.5888861,False,0,0,P4,1205686613.9542089,0.0,9571736.820067678,0.0,9571736.820067678,9566169.0353708,1186548708.0987704,1.0,h09,0.0,0.0,NONE,False,0,9557344.06438629,531999999.99999845,378208546.5888861,False,0,0,b5b39e7b9d8b6479948e88e13ed41fc67d3867925f8fc213b71037b52e396f17
168,LA-0170,P2,1228578787.8344395,10693770.524104862,894990.954887668,0.0,11588761.47899253,7549144.376445949,1209440881.979001,1.0,h09,0.0,0.0,NONE,False,0,9557344.06438629,531999999.99999845,77262103.28359918,False,0,0,P2,1228578787.8344395,10693770.524104862,894990.954887668,0.0,11588761.47899253,7549144.376445949,1209440881.979001,1.0,h09,0.0,0.0,NONE,False,0,9557344.06438629,531999999.99999845,77262103.28359918,False,0,0,P2,1228578787.8344395,10693770.524104862,894990.954887668,0.0,11588761.47899253,7549144.376445949,1209440881.979001,1.0,h09,0.0,0.0,NONE,False,0,9557344.06438629,531999999.99999845,77262103.28359918,False,0,0,P1,1228626321.657972,19137905.85543848,0.0,0.0,19137905.85543848,0.0,1209488415.8025336,1.0,h09,585747.4563910667,0.0,NONE,False,0,9188377.691192396,511461855.80253357,0.0,False,0,0,P1,1228626321.657972,19137905.85543848,0.0,0.0,19137905.85543848,0.0,1209488415.8025336,1.0,h09,585747.4563910667,0.0,NONE,False,0,9188377.691192396,511461855.80253357,0.0,False,0,0,P1,1228626321.657972,19137905.85543848,0.0,0.0,19137905.85543848,0.0,1209488415.8025336,1.0,h09,585747.4563910667,0.0,NONE,False,0,9188377.691192396,511461855.80253357,0.0,False,0,0,P1,1228626321.657972,19137905.85543848,0.0,0.0,19137905.85543848,0.0,1209488415.8025336,1.0,h09,585747.4563910667,0.0,NONE,False,0,9188377.691192396,511461855.80253357,0.0,False,0,0,P1,1228626321.657972,19137905.85543848,0.0,0.0,19137905.85543848,0.0,1209488415.8025336,1.0,h09,585747.4563910667,0.0,NONE,False,0,9188377.691192396,511461855.80253357,0.0,False,0,0,P1,1228626321.657972,19137905.85543848,0.0,0.0,19137905.85543848,0.0,1209488415.8025336,1.0,h09,585747.4563910667,0.0,NONE,False,0,9188377.691192396,511461855.80253357,0.0,False,0,0,ac16a80a8d1864167c7a1c0d9b05cd64b5ba6d2352606385a3243d8ff4bfae51
169,LA-0771,P4,1205032626.9531896,0.0,5557922.271120232,0.0,5557922.271120232,13579983.584318247,1185894721.0977511,1.0,h09,0.0,0.0,NONE,False,0,9557344.06438629,531999999.99999845,180268265.69795585,False,0,0,P4,1205032626.9531896,0.0,5557922.27112023,0.0,5557922.27112023,13579983.584318245,1185894721.0977511,0.9999999999999998,h09,0.0,1115504.2645859672,R0,False,0,8764518.559531314,487868161.0977511,15748288.251292072,False,0,0,P4,1205032626.9531896,0.0,5557922.27112023,0.0,5557922.27112023,13579983.584318245,1185894721.0977511,0.9999999999999998,h09,0.0,1115504.2645859672,R0,False,0,8764518.559531314,487868161.0977511,15748288.251292072,False,0,0,P4,1209379931.4906983,0.0,6388528.836911091,0.0,6388528.836911091,12749377.018527389,1190242025.6352599,1.0,h09,0.0,0.0,NONE,False,0,9557344.06438629,531999999.99999845,200731405.7936308,False,0,0,P4,1209379931.4906983,0.0,6388528.836911091,0.0,6388528.836911091,12749377.018527389,1190242025.6352599,1.0,h09,0.0,0.0,NONE,False,0,9557344.06438629,531999999.99999845,200731405.7936308,False,0,0,P4,1209379931.4906983,0.0,6388528.836911091,0.0,6388528.836911091,12749377.018527389,1190242025.6352599,1.0,h09,0.0,0.0,NONE,False,0,9557344.06438629,531999999.99999845,200731405.7936308,False,0,0,P4,1212938419.7739186,0.0,7068422.252895721,0.0,7068422.252895721,12069483.602542758,1193800513.91848,1.0,h09,0.0,0.0,NONE,False,0,9557344.06438629,531999999.99999845,215493801.95016468,False,0,0,P4,1212938419.7739186,0.0,7068422.252895721,0.0,7068422.252895721,12069483.602542758,1193800513.91848,1.0,h09,0.0,0.0,NONE,False,0,9557344.06438629,531999999.99999845,215493801.95016468,False,0,0,P4,1212938419.7739186,0.0,7068422.252895721,0.0,7068422.252895721,12069483.602542758,1193800513.91848,1.0,h09,0.0,0.0,NONE,False,0,9557344.06438629,531999999.99999845,215493801.95016468,False,0,0,7298653bb7459112923e0bbda8ecdf5e05e364d53bd99e77fdb65af9075a8bfd
170,LA-0365,P4,1226028409.5740767,0.0,2032658.981470259,0.0,2032658.981470259,17105246.873968218,1206890503.7186382,1.0,h09,0.0,1265863.2566313122,R0,False,0,8657653.487328224,481919623.71863824,1265863.2566313122,False,0,0,P4,1226028409.574077,0.0,2032658.981470259,0.0,2032658.981470259,17105246.873968218,1206890503.7186384,1.0,h09,0.0,0.0,NONE,False,0,9557344.06438629,531999999.99999845,101466959.0943864,False,0,0,P4,1226028409.574077,0.0,2032658.981470259,0.0,2032658.981470259,17105246.873968218,1206890503.7186384,1.0,h09,0.0,0.0,NONE,False,0,9557344.06438629,531999999.99999845,101466959.0943864,False,0,0,P4,1227193875.844439,0.0,2430730.8363186135,0.0,2430730.8363186135,16707175.019119864,1208055969.9890003,1.0,h09,0.0,0.0,NONE,False,0,9557344.06438629,531999999.99999845,224771519.45011124,False,0,0,P4,1227193875.844439,0.0,2430730.8363186135,0.0,2430730.8363186135,16707175.019119864,1208055969.9890003,1.0,h09,0.0,0.0,NONE,False,0,9557344.06438629,531999999.99999845,224771519.45011124,False,0,0,P4,1227193875.844439,0.0,2430730.8363186135,0.0,2430730.8363186135,16707175.019119864,1208055969.9890003,1.0,h09,0.0,0.0,NONE,False,0,9557344.06438629,531999999.99999845,118873597.22586155,False,0,0,P4,1228220282.4130232,0.0,2781306.0326802316,0.0,2781306.0326802316,16356599.822758246,1209082376.5575848,1.0,h09,0.0,1732092.3698033642,R0,False,0,8697030.33482295,484111496.55758476,1732092.3698033642,False,0,0,P4,1228220282.4130232,0.0,2781306.032680232,0.0,2781306.032680232,16356599.822758246,1209082376.5575848,1.0,h09,0.0,0.0,NONE,False,0,9557344.06438629,531999999.99999845,133421197.51511016,False,0,0,P4,1228220282.4130232,0.0,2781306.032680232,0.0,2781306.032680232,16356599.822758246,1209082376.5575848,1.0,h09,0.0,0.0,NONE,False,0,9557344.06438629,531999999.99999845,257189473.09201473,False,0,0,fbb7ba69e847993ec0fe78f50244195dd60c4c9ab9d717aff37194aa68d6527a
171,LA-0286,P4,1230570019.6465192,0.0,2569605.3825844866,0.0,2569605.3825844866,16568300.472853992,1211432113.7910807,1.0,h09,0.0,1151066.6487873043,R0,False,0,8739243.205502313,486461233.7910808,1151066.6487873043,False,0,0,P4,1230570019.6465192,0.0,2569605.3825844866,0.0,2569605.3825844866,16568300.472853992,1211432113.7910807,1.0,h09,0.0,1151066.6487873043,R0,False,0,8739243.205502313,486461233.7910808,1151066.6487873043,False,0,0,P4,1230570019.6465194,0.0,2569605.382584487,0.0,2569605.382584487,16568300.472853992,1211432113.791081,1.0,h09,0.0,0.0,NONE,False,0,9557344.06438629,531999999.99999845,84421402.1720943,False,0,0,P4,1231901557.886937,0.0,3054056.927826704,0.0,3054056.927826704,16083848.927611772,1212763652.0314984,0.9999999999999998,h09,0.0,1368078.9653325493,R0,False,0,8763164.200048476,487792772.03149843,1368078.9653325493,False,0,0,P4,1231901557.886937,0.0,3054056.927826704,0.0,3054056.927826704,16083848.927611772,1212763652.0314984,0.9999999999999998,h09,0.0,1368078.9653325493,R0,False,0,8763164.200048476,487792772.03149843,1368078.9653325493,False,0,0,P4,1231901557.886937,0.0,3054056.9278267045,0.0,3054056.9278267045,16083848.927611774,1212763652.0314984,1.0,h09,0.0,0.0,NONE,False,0,9557344.06438629,531999999.99999845,203138997.88271192,False,0,0,P4,1233060818.4589984,0.0,3475828.9494078923,0.0,3475828.9494078923,15662076.906030586,1213922912.60356,1.0,h09,0.0,1557013.6985503812,R0,False,0,8783990.237919658,488952032.60355985,1557013.6985503812,False,0,0,P4,1233060818.4589984,0.0,3475828.9494078923,0.0,3475828.9494078923,15662076.906030586,1213922912.60356,1.0,h09,0.0,1557013.6985503812,R0,False,0,8783990.237919658,488952032.60355985,1557013.6985503812,False,0,0,P4,1233060818.4589984,0.0,3475828.9494078923,0.0,3475828.9494078923,15662076.906030584,1213922912.60356,1.0,h09,0.0,0.0,NONE,False,0,9557344.06438629,531999999.99999845,231192943.11808693,False,0,0,cde5ce676bf94e3be7a397e13787e21e1db02f887177a9c8f5e7008109705c2a
172,LA-0110,P1,1227635687.4859333,19137905.85543848,0.0,0.0,19137905.85543848,0.0,1208497781.6304948,1.0,h09,601205.4554830837,0.0,NONE,False,0,9170581.015207224,510471221.6304949,0.0,False,0,0,P1,1227635687.4859333,19137905.85543848,0.0,0.0,19137905.85543848,0.0,1208497781.6304948,1.0,h09,601205.4554830837,0.0,NONE,False,0,9170581.015207224,510471221.6304949,0.0,False,0,0,P1,1227635687.4859333,19137905.85543848,0.0,0.0,19137905.85543848,0.0,1208497781.6304948,1.0,h09,601205.4554830837,0.0,NONE,False,0,9170581.015207224,510471221.6304949,0.0,False,0,0,P1,1227635687.4859333,19137905.85543848,0.0,0.0,19137905.85543848,0.0,1208497781.6304948,1.0,h09,601205.4554830837,0.0,NONE,False,0,9170581.015207224,510471221.6304949,0.0,False,0,0,P1,1227635687.4859333,19137905.85543848,0.0,0.0,19137905.85543848,0.0,1208497781.6304948,1.0,h09,601205.4554830837,0.0,NONE,False,0,9170581.015207224,510471221.6304949,0.0,False,0,0,P1,1227635687.4859333,19137905.85543848,0.0,0.0,19137905.85543848,0.0,1208497781.6304948,1.0,h09,601205.4554830837,0.0,NONE,False,0,9170581.015207224,510471221.6304949,0.0,False,0,0,P1,1227635687.4859333,19137905.85543848,0.0,0.0,19137905.85543848,0.0,1208497781.6304948,1.0,h09,601205.4554830837,0.0,NONE,False,0,9170581.015207224,510471221.6304949,0.0,False,0,0,P1,1227635687.4859333,19137905.85543848,0.0,0.0,19137905.85543848,0.0,1208497781.6304948,1.0,h09,601205.4554830837,0.0,NONE,False,0,9170581.015207224,510471221.6304949,0.0,False,0,0,P1,1227635687.4859333,19137905.85543848,0.0,0.0,19137905.85543848,0.0,1208497781.6304948,1.0,h09,601205.4554830837,0.0,NONE,False,0,9170581.015207224,510471221.6304949,0.0,False,0,0,dbed2f1336b816fc612d7895010563b2516ab116273a070aff3b2725ab5ce061
173,LA-0292,P4,1225902441.9891312,0.0,1327125.45662111,0.0,1327125.45662111,17810780.398817368,1206764536.1336927,1.0,h09,0.0,0.0,NONE,False,0,9557344.06438629,531999999.99999845,101939740.24585113,False,0,0,P4,1225902441.9891312,0.0,1327125.45662111,0.0,1327125.45662111,17810780.398817368,1206764536.1336927,1.0,h09,0.0,0.0,NONE,False,0,9557344.06438629,531999999.99999845,101939740.24585113,False,0,0,P4,1225902441.9891312,0.0,1327125.45662111,0.0,1327125.45662111,17810780.398817368,1206764536.1336927,1.0,h09,0.0,0.0,NONE,False,0,9557344.06438629,531999999.99999845,101939740.24585113,False,0,0,P4,1226671502.4866319,0.0,1599950.8922048262,0.0,1599950.8922048262,17537954.96323365,1207533596.6311934,0.9999999999999998,h09,0.0,0.0,NONE,False,0,9557344.06438629,531999999.99999845,121273982.9840709,False,0,0,P4,1226671502.4866319,0.0,1599950.8922048262,0.0,1599950.8922048262,17537954.963233653,1207533596.6311934,1.0,h09,0.0,0.0,NONE,False,0,9557344.06438629,531999999.99999845,227171905.20832056,False,0,0,P4,1226671502.4866319,0.0,1599950.8922048262,0.0,1599950.8922048262,17537954.963233653,1207533596.6311934,1.0,h09,0.0,0.0,NONE,False,0,9557344.06438629,531999999.99999845,227171905.20832056,False,0,0,P2,1226997608.3466208,10435726.10200853,838451.7697167118,0.0,11274177.871725243,7863727.983713236,1207859702.4911823,1.0,h09,0.0,0.0,NONE,False,0,9557344.06438629,531999999.99999845,119049082.61862396,False,0,0,P2,1226997608.3466208,10435726.10200853,838451.769716712,0.0,11274177.871725243,7863727.983713236,1207859702.4911823,1.0,h09,0.0,801759.1278397124,R0,False,0,9159117.966570538,509833142.4911824,801759.1278397124,False,0,0,P2,1226997608.3466208,10435726.10200853,838451.7697167118,0.0,11274177.871725243,7863727.983713236,1207859702.4911823,1.0,h09,0.0,0.0,NONE,False,0,9557344.06438629,531999999.99999845,119049082.61862396,False,0,0,9ea6d2c2d632e33731a9a6e020d269e36d6f8463f98c59ff8cab58372cfa2844
174,LA-0437,P4,1165063089.805691,0.0,2556673.834784818,0.0,2556673.834784818,16581232.020653658,1145925183.9502525,0.9999999999999998,h09,0.0,0.0,NONE,False,0,9557344.06438629,531999999.99999845,330281809.29549,False,0,0,P4,1165063089.8056908,0.0,2556673.834784818,0.0,2556673.834784818,16581232.02065366,1145925183.9502523,1.0,h09,0.0,2785763.1509764544,R0,False,0,7577410.731366671,421788990.95079434,3239060.713336249,False,0,0,P4,1165063089.805691,0.0,2556673.834784818,0.0,2556673.834784818,16581232.020653658,1145925183.9502525,0.9999999999999998,h09,0.0,0.0,NONE,False,0,9557344.06438629,531999999.99999845,330281809.29549,False,0,0,P4,1168294163.9069366,0.0,3039134.5807166644,0.0,3039134.5807166644,16098771.274721812,1149156258.0514982,1.0,h09,0.0,0.0,NONE,False,0,9557344.06438629,531999999.99999845,389526814.09551287,False,0,0,P4,1168294163.9069366,0.0,3039134.580716664,0.0,3039134.580716664,16098771.274721814,1149156258.0514982,1.0,h09,0.0,3311616.7225967455,R0,False,0,7634926.29016708,424990537.0158604,3846969.472684486,False,0,0,P4,1168294163.9069366,0.0,3039134.5807166644,0.0,3039134.5807166644,16098771.274721812,1149156258.0514982,1.0,h09,0.0,0.0,NONE,False,0,9557344.06438629,531999999.99999845,389526814.09551287,False,0,0,P4,1171107968.2775023,0.0,3459289.0287393737,0.0,3459289.0287393737,15678616.826699104,1151970062.4220638,1.0,h09,0.0,0.0,NONE,False,0,9557344.06438629,531999999.99999845,440147967.4849322,False,0,0,P4,1171107968.2775023,0.0,3459289.028739373,0.0,3459289.028739373,15678616.826699102,1151970062.4220638,0.9999999999999998,h09,0.0,2823246.7951498143,R0,False,0,8155064.357970391,453943502.4220639,23761841.66692766,False,0,0,P4,1171107968.2775023,0.0,3459289.0287393737,0.0,3459289.0287393737,15678616.826699104,1151970062.4220638,1.0,h09,0.0,0.0,NONE,False,0,9557344.06438629,531999999.99999845,563916243.0618367,False,0,0,823eef5f30742c507e1f1f06f1ce0421a1fe0fb2786759651919bd638965f1aa
175,LA-0514,P4,1143563311.2677698,0.0,1847769.208536217,0.0,1847769.208536217,17290136.64690226,1124425405.4123313,1.0,h09,0.0,0.0,NONE,False,0,9557344.06438629,531999999.99999845,497469266.59012395,False,0,0,P4,1143563311.2677696,0.0,1847769.2085362175,0.0,1847769.2085362175,17290136.64690226,1124425405.412331,1.0,h09,0.0,3350303.2239743047,R0,False,0,7176173.566619919,399454525.41233116,3350303.2239743047,False,0,0,P4,1143563311.2677696,0.0,1847769.2085362175,0.0,1847769.2085362175,17290136.64690226,1124425405.412331,1.0,h09,0.0,3350303.2239743047,R0,False,0,7176173.566619919,399454525.41233116,3350303.2239743047,False,0,0,P4,1146373273.7610826,0.0,2214319.900917026,0.0,2214319.900917026,16923585.95452145,1127235367.9056442,1.0,h09,0.0,0.0,NONE,False,0,9557344.06438629,531999999.99999845,596154591.1774068,False,0,0,P4,1146373273.7610826,0.0,2214319.900917026,0.0,2214319.900917026,16923585.95452145,1127235367.9056442,1.0,h09,0.0,0.0,NONE,False,0,9557344.06438629,531999999.99999845,596154591.1774068,False,0,0,P4,1146373273.7610826,0.0,2214319.900917026,0.0,2214319.900917026,16923585.95452145,1127235367.9056442,1.0,h09,0.0,0.0,NONE,False,0,9557344.06438629,531999999.99999845,596154591.1774068,False,0,0,P4,1148857851.7265518,0.0,2538425.213953805,0.0,2538425.213953805,16599480.641484672,1129719945.8711133,1.0,h09,0.0,0.0,NONE,False,0,9557344.06438629,531999999.99999845,559644200.2050929,False,0,0,P4,1148857851.726552,0.0,2538425.213953805,0.0,2538425.213953805,16599480.641484674,1129719945.8711135,1.0,h09,0.0,0.0,NONE,False,0,9557344.06438629,531999999.99999845,683412475.7819974,False,0,0,P4,1148857851.726552,0.0,2538425.213953805,0.0,2538425.213953805,16599480.641484674,1129719945.8711135,1.0,h09,0.0,0.0,NONE,False,0,9557344.06438629,531999999.99999845,683412475.7819974,False,0,0,23f6895dde66e636fb77f84b68844f84b5d0bfe4b446b4440fcfd7463a42913a
176,LA-0633,P1,1219943975.937116,19137905.85543848,0.0,0.0,19137905.85543848,0.0,1200806070.0816774,1.0,h09,702360.1706518629,0.0,NONE,False,0,9032399.936793573,502779510.0816775,0.0,False,0,0,P1,1219943975.937116,19137905.85543848,0.0,0.0,19137905.85543848,0.0,1200806070.0816774,1.0,h09,702360.1706518629,0.0,NONE,False,0,9032399.936793573,502779510.0816775,0.0,False,0,0,P1,1219943975.937116,19137905.85543848,0.0,0.0,19137905.85543848,0.0,1200806070.0816774,1.0,h09,702360.1706518629,0.0,NONE,False,0,9032399.936793573,502779510.0816775,0.0,False,0,0,P1,1219943975.937116,19137905.85543848,0.0,0.0,19137905.85543848,0.0,1200806070.0816774,1.0,h09,702360.1706518629,0.0,NONE,False,0,9032399.936793573,502779510.0816775,0.0,False,0,0,P1,1219943975.937116,19137905.85543848,0.0,0.0,19137905.85543848,0.0,1200806070.0816774,1.0,h09,702360.1706518629,0.0,NONE,False,0,9032399.936793573,502779510.0816775,0.0,False,0,0,P1,1219943975.937116,19137905.85543848,0.0,0.0,19137905.85543848,0.0,1200806070.0816774,1.0,h09,702360.1706518629,0.0,NONE,False,0,9032399.936793573,502779510.0816775,0.0,False,0,0,P1,1219943975.937116,19137905.85543848,0.0,0.0,19137905.85543848,0.0,1200806070.0816774,1.0,h09,702360.1706518629,0.0,NONE,False,0,9032399.936793573,502779510.0816775,0.0,False,0,0,P1,1219943975.937116,19137905.85543848,0.0,0.0,19137905.85543848,0.0,1200806070.0816774,1.0,h09,702360.1706518629,0.0,NONE,False,0,9032399.936793573,502779510.0816775,0.0,False,0,0,P1,1219943975.937116,19137905.85543848,0.0,0.0,19137905.85543848,0.0,1200806070.0816774,1.0,h09,702360.1706518629,0.0,NONE,False,0,9032399.936793573,502779510.0816775,0.0,False,0,0,9d63e404a840bafff0d640a49f9656c3e5e10d1618e2f0fa05d9098c18c54210
177,LA-0799,P4,1206376037.051234,0.0,6539339.588322721,0.0,6539339.588322721,12598566.267115757,1187238131.1957955,1.0,h09,0.0,0.0,NONE,False,0,9557344.06438629,531999999.99999845,175226183.0596548,False,0,0,P4,1206376037.051234,0.0,6539339.588322721,0.0,6539339.588322721,12598566.267115757,1187238131.1957955,1.0,h09,0.0,0.0,NONE,False,0,9557344.06438629,531999999.99999845,175226183.0596548,False,0,0,P4,1206376037.0512338,0.0,6539339.588322721,0.0,6539339.588322721,12598566.267115755,1187238131.1957953,1.0,h09,0.0,1741510.974286135,R0,False,0,8319595.038019857,463101938.19633734,2194808.5366459293,False,0,0,P4,1211340690.5554192,0.0,7436300.015644633,0.0,7436300.015644633,11701605.839793842,1192202784.6999807,0.9999999999999998,h09,0.0,0.0,NONE,False,0,9557344.06438629,531999999.99999845,191721416.9343273,False,0,0,P4,1211340690.5554192,0.0,7436300.015644633,0.0,7436300.015644633,11701605.839793842,1192202784.6999807,0.9999999999999998,h09,0.0,0.0,NONE,False,0,9557344.06438629,531999999.99999845,191721416.9343273,False,0,0,P4,1211340690.5554192,0.0,7436300.015644633,0.0,7436300.015644633,11701605.839793842,1192202784.6999807,0.9999999999999998,h09,0.0,0.0,NONE,False,0,9557344.06438629,531999999.99999845,191721416.9343273,False,0,0,P4,1215326230.311333,0.0,8156364.656522136,0.0,8156364.656522136,10981541.19891634,1196188324.4558945,1.0,h09,0.0,0.0,NONE,False,0,9557344.06438629,531999999.99999845,202669852.7804085,False,0,0,P4,1215326230.311333,0.0,8156364.656522136,0.0,8156364.656522136,10981541.19891634,1196188324.4558945,1.0,h09,0.0,0.0,NONE,False,0,9557344.06438629,531999999.99999845,202669852.7804085,False,0,0,P4,1215326230.3113327,0.0,8156364.656522136,0.0,8156364.656522136,10981541.19891634,1196188324.4558942,1.0,h09,0.0,1223904.3899969002,R0,False,0,8949442.448546534,498161764.4558943,22162499.26177475,False,0,0,76befad2f56e43545795c5bc9d424261c328440d9b974f6ce38753c28e02bd0f
178,LA-0577,P4,1221121118.6304753,0.0,7569452.353956969,0.0,7569452.353956969,11568453.501481509,1201983212.7750368,1.0,h09,0.0,0.0,NONE,False,0,9557344.06438629,531999999.99999845,206379543.10398355,False,0,0,P4,1221121118.6304753,0.0,7569452.353956969,0.0,7569452.353956969,11568453.501481509,1201983212.7750368,1.0,h09,0.0,0.0,NONE,False,0,9557344.06438629,531999999.99999845,206379543.10398355,False,0,0,P4,1221121118.6304753,0.0,7569452.353956969,0.0,7569452.353956969,11568453.501481509,1201983212.7750368,1.0,h09,0.0,0.0,NONE,False,0,9557344.06438629,531999999.99999845,206379543.10398355,False,0,0,P4,1225602423.3698606,0.0,8512241.312278416,0.0,8512241.312278416,10625664.54316006,1206464517.5144222,1.0,h09,0.0,0.0,NONE,False,0,9557344.06438629,531999999.99999845,232084487.8428387,False,0,0,P4,1225602423.3698606,0.0,8512241.312278416,0.0,8512241.312278416,10625664.54316006,1206464517.5144222,1.0,h09,0.0,0.0,NONE,False,0,9557344.06438629,531999999.99999845,232084487.8428387,False,0,0,P4,1225602423.3698606,0.0,8512241.312278416,0.0,8512241.312278416,10625664.54316006,1206464517.5144222,1.0,h09,0.0,0.0,NONE,False,0,9557344.06438629,531999999.99999845,232084487.8428387,False,0,0,P4,1229128644.4209313,0.0,9254097.192404531,0.0,9254097.192404531,9883808.663033947,1209990738.5654929,1.0,h09,0.0,0.0,NONE,False,0,9557344.06438629,531999999.99999845,252311034.02215314,False,0,0,P4,1229128644.4209313,0.0,9254097.192404531,0.0,9254097.192404531,9883808.663033947,1209990738.5654929,1.0,h09,0.0,0.0,NONE,False,0,9557344.06438629,531999999.99999845,252311034.02215314,False,0,0,P4,1229128644.4209313,0.0,9254097.192404531,0.0,9254097.192404531,9883808.663033947,1209990738.5654929,1.0,h09,0.0,0.0,NONE,False,0,9557344.06438629,531999999.99999845,252311034.02215314,False,0,0,90aea58a1f6ec329f856b234ab0f9a8057d54e3bd4511037291ef4806e10618f
179,LA-0377,P4,1221391710.7539883,0.0,508835.52470150235,0.0,508835.52470150235,18629070.330736976,1202253804.8985498,1.0,h09,0.0,1276214.6766576187,R0,False,0,8650296.393259767,481510098.4344117,17141629.359250426,False,0,0,P4,1221391710.7539883,0.0,508835.52470150235,0.0,508835.52470150235,18629070.330736976,1202253804.8985498,1.0,h09,0.0,1276214.6766576187,R0,False,0,8650296.393259767,481510098.4344117,17141629.359250426,False,0,0,P4,1221391710.7539883,0.0,508835.52470150235,0.0,508835.52470150235,18629070.330736976,1202253804.8985498,1.0,h09,0.0,1276214.6766576187,R0,False,0,8650296.393259767,481510098.4344117,17141629.359250426,False,0,0,P4,1221716133.716945,0.0,619289.1295884714,0.0,619289.1295884714,18518616.72585001,1202578227.8615065,1.0,h09,0.0,1683286.7989900832,R0,False,0,8580183.742841091,477607347.8615065,1683286.7989900832,False,0,0,P4,1221716133.716945,0.0,619289.1295884714,0.0,619289.1295884714,18518616.72585001,1202578227.8615065,1.0,h09,0.0,1683286.7989900832,R0,False,0,8580183.742841091,477607347.8615065,1683286.7989900832,False,0,0,P4,1221716133.716945,0.0,619289.1295884714,0.0,619289.1295884714,18518616.72585001,1202578227.8615065,1.0,h09,0.0,1683286.7989900832,R0,False,0,8580183.742841091,477607347.8615065,1683286.7989900832,False,0,0,P4,1222011540.1157067,0.0,719863.7046818604,0.0,719863.7046818604,18418042.150756616,1202873634.2602682,1.0,h09,0.0,1956658.0669166471,R0,False,0,8585490.69884069,477902754.2602682,1956658.0669166471,False,0,0,P4,1222011540.1157067,0.0,719863.7046818604,0.0,719863.7046818604,18418042.150756616,1202873634.2602682,1.0,h09,0.0,1956658.0669166474,R0,False,0,8585490.69884069,477902754.2602682,1956658.0669166474,False,0,0,P4,1222011540.1157067,0.0,719863.7046818604,0.0,719863.7046818604,18418042.150756616,1202873634.2602682,1.0,h09,0.0,1956658.0669166474,R0,False,0,8585490.69884069,477902754.2602682,1956658.0669166474,False,0,0,42bb4fa25626f3b84f97d59614dd101d7cb48832232074d27c0fec399622b8ce
180,LA-0475,P1,1231658931.2348387,19137905.855438475,0.0,0.0,19137905.855438475,0.0,1212521025.3794003,0.9999999999999998,h09,534051.0512429054,0.0,NONE,False,0,9242858.317393651,514494465.3794002,0.0,False,0,0,P1,1231658931.2348387,19137905.855438475,0.0,0.0,19137905.855438475,0.0,1212521025.3794003,0.9999999999999998,h09,534051.0512429054,0.0,NONE,False,0,9242858.317393651,514494465.3794002,0.0,False,0,0,P1,1231658931.2348387,19137905.855438475,0.0,0.0,19137905.855438475,0.0,1212521025.3794003,0.9999999999999998,h09,534051.0512429054,0.0,NONE,False,0,9242858.317393651,514494465.3794002,0.0,False,0,0,P1,1231658931.2348387,19137905.855438475,0.0,0.0,19137905.855438475,0.0,1212521025.3794003,0.9999999999999998,h09,534051.0512429054,0.0,NONE,False,0,9242858.317393651,514494465.3794002,0.0,False,0,0,P1,1231658931.2348387,19137905.855438475,0.0,0.0,19137905.855438475,0.0,1212521025.3794003,0.9999999999999998,h09,534051.0512429054,0.0,NONE,False,0,9242858.317393651,514494465.3794002,0.0,False,0,0,P1,1231658931.2348387,19137905.855438475,0.0,0.0,19137905.855438475,0.0,1212521025.3794003,0.9999999999999998,h09,534051.0512429054,0.0,NONE,False,0,9242858.317393651,514494465.3794002,0.0,False,0,0,P1,1231658931.2348387,19137905.855438475,0.0,0.0,19137905.855438475,0.0,1212521025.3794003,0.9999999999999998,h09,534051.0512429054,0.0,NONE,False,0,9242858.317393651,514494465.3794002,0.0,False,0,0,P1,1231658931.2348387,19137905.855438475,0.0,0.0,19137905.855438475,0.0,1212521025.3794003,0.9999999999999998,h09,534051.0512429054,0.0,NONE,False,0,9242858.317393651,514494465.3794002,0.0,False,0,0,P1,1231658931.2348387,19137905.855438475,0.0,0.0,19137905.855438475,0.0,1212521025.3794003,0.9999999999999998,h09,534051.0512429054,0.0,NONE,False,0,9242858.317393651,514494465.3794002,0.0,False,0,0,cbd2c46f42f47b66a8cb5823efa558ef35e750326bf6937a626df2a983b0c864
181,LA-0032,P4,1213893515.4652886,0.0,9791619.57239659,0.0,9791619.57239659,9346286.283041887,1194755609.6098502,1.0,h09,0.0,0.0,NONE,False,0,9557344.06438629,531999999.99999845,233506161.02115548,False,0,0,P4,1213893515.4652886,0.0,9791619.572396591,0.0,9791619.572396591,9346286.283041887,1194755609.6098502,1.0,h09,0.0,0.0,NONE,False,0,9557344.06438629,531999999.99999845,147011606.2521046,False,0,0,P4,1213893515.4652886,0.0,9791619.572396591,0.0,9791619.572396591,9346286.283041887,1194755609.6098502,1.0,h09,0.0,0.0,NONE,False,0,9557344.06438629,531999999.99999845,147011606.2521046,False,0,0,P4,1220299090.3376863,0.0,10753896.77844996,0.0,10753896.77844996,8384009.076988516,1201161184.4822478,1.0,h09,0.0,0.0,NONE,False,0,9557344.06438629,531999999.99999845,150556194.91002193,False,0,0,P4,1220299090.3376863,0.0,10753896.77844996,0.0,10753896.77844996,8384009.076988516,1201161184.4822478,1.0,h09,0.0,0.0,NONE,False,0,9557344.06438629,531999999.99999845,150556194.91002193,False,0,0,P4,1220299090.3376863,0.0,10753896.77844996,0.0,10753896.77844996,8384009.076988516,1201161184.4822478,1.0,h09,0.0,0.0,NONE,False,0,9557344.06438629,531999999.99999845,150556194.91002193,False,0,0,P4,1224968084.4017754,0.0,9327854.63173902,2127441.576515717,11455296.208254738,7682609.647183741,1205830178.546337,1.0,h09,0.0,1498109.0970460612,R1,True,1,8638604.817230828,480859298.5463368,1498109.0970460612,True,1,0,P4,1225132822.6025383,0.0,11480043.997285148,0.0,11480043.997285148,7657861.858153328,1205994916.7470999,1.0,h09,0.0,1843763.5475474352,R0,False,0,8641564.327879777,481024036.74709994,1843763.5475474352,False,0,0,P4,1224629286.0921028,0.0,6730977.569579531,4673422.677369354,11404400.246948887,7733505.608489592,1205491380.2366643,1.0,h09,0.0,0.0,NONE,False,0,9557344.06438629,531999999.99999845,160517340.42270696,True,0,1,983b103e89a99ae587d8c8ef02ea2b97a413a9258e95284deaeb9f7707f5b0d2
182,LA-0259,P4,1213086324.38887,0.0,6331655.178081173,0.0,6331655.178081173,12806250.677357305,1193948418.5334315,1.0,h09,0.0,0.0,NONE,False,0,9557344.06438629,531999999.99999845,236535708.0806327,False,0,0,P4,1213086324.38887,0.0,6331655.178081173,0.0,6331655.178081173,12806250.677357307,1193948418.5334315,1.0,h09,0.0,1592995.5850328323,R0,False,0,8425149.801189845,468977538.5334316,1592995.5850328323,False,0,0,P4,1213086324.38887,0.0,6331655.178081173,0.0,6331655.178081173,12806250.677357307,1193948418.5334315,1.0,h09,0.0,1592995.5850328323,R0,False,0,8425149.801189845,468977538.5334316,1592995.5850328323,False,0,0,P4,1217440580.645233,0.0,7216446.026214201,0.0,7216446.026214201,11921459.829224277,1198302674.7897944,1.0,h09,0.0,0.0,NONE,False,0,9557344.06438629,531999999.99999845,269589407.92374915,False,0,0,P4,1217440580.645233,0.0,7216446.026214201,0.0,7216446.026214201,11921459.829224275,1198302674.7897944,1.0,h09,0.0,1790684.9191133904,R0,False,0,8517838.347121239,474136953.75415665,2326037.669201131,False,0,0,P4,1217440580.645233,0.0,7216446.026214201,0.0,7216446.026214201,11921459.829224275,1198302674.7897944,1.0,h09,0.0,1790684.9191133904,R0,False,0,8517838.347121239,474136953.75415665,2326037.669201131,False,0,0,P4,1220950410.9323647,0.0,7929648.358303914,0.0,7929648.358303914,11208257.497134563,1201812505.0769262,1.0,h09,0.0,0.0,NONE,False,0,9557344.06438629,531999999.99999845,172464689.81813496,False,0,0,P4,1220950410.9323647,0.0,7929648.358303914,0.0,7929648.358303914,11208257.497134563,1201812505.0769262,1.0,h09,0.0,1020481.8639244458,R0,False,0,9050480.473500397,503785945.0769261,21959076.735702295,False,0,0,P4,1220950410.9323647,0.0,7929648.358303914,0.0,7929648.358303914,11208257.497134563,1201812505.0769262,1.0,h09,0.0,1020481.8639244458,R0,False,0,9050480.473500397,503785945.0769261,21959076.735702295,False,0,0,38b8c21755c50d65d8594bebfc1d268842f77dcd4161335e90f6cbb8764da23f
183,LA-0750,P1,1220182278.754831,19137905.85543848,0.0,0.0,19137905.85543848,0.0,1201044372.8993926,1.0,h09,699650.9830041869,0.0,NONE,False,0,9036681.03081691,503017812.89939255,0.0,False,0,0,P1,1220182278.754831,19137905.85543848,0.0,0.0,19137905.85543848,0.0,1201044372.8993926,1.0,h09,699650.9830041869,0.0,NONE,False,0,9036681.03081691,503017812.89939255,0.0,False,0,0,P1,1220182278.754831,19137905.85543848,0.0,0.0,19137905.85543848,0.0,1201044372.8993926,1.0,h09,699650.9830041869,0.0,NONE,False,0,9036681.03081691,503017812.89939255,0.0,False,0,0,P1,1220182278.754831,19137905.85543848,0.0,0.0,19137905.85543848,0.0,1201044372.8993926,1.0,h09,699650.9830041869,0.0,NONE,False,0,9036681.03081691,503017812.89939255,0.0,False,0,0,P1,1220182278.754831,19137905.85543848,0.0,0.0,19137905.85543848,0.0,1201044372.8993926,1.0,h09,699650.9830041869,0.0,NONE,False,0,9036681.03081691,503017812.89939255,0.0,False,0,0,P1,1220182278.754831,19137905.85543848,0.0,0.0,19137905.85543848,0.0,1201044372.8993926,1.0,h09,699650.9830041869,0.0,NONE,False,0,9036681.03081691,503017812.89939255,0.0,False,0,0,P1,1220182278.754831,19137905.85543848,0.0,0.0,19137905.85543848,0.0,1201044372.8993926,1.0,h09,699650.9830041869,0.0,NONE,False,0,9036681.03081691,503017812.89939255,0.0,False,0,0,P1,1220182278.754831,19137905.85543848,0.0,0.0,19137905.85543848,0.0,1201044372.8993926,1.0,h09,699650.9830041869,0.0,NONE,False,0,9036681.03081691,503017812.89939255,0.0,False,0,0,P1,1220182278.754831,19137905.85543848,0.0,0.0,19137905.85543848,0.0,1201044372.8993926,1.0,h09,699650.9830041869,0.0,NONE,False,0,9036681.03081691,503017812.89939255,0.0,False,0,0,c40515f9bc3070f6b0bb4a40bd851dbc02ff4947c670f94a7c6a74dfa5c0776e
184,LA-0472,P4,1203730022.5880115,0.0,2845298.087817436,0.0,2845298.087817436,16292607.76762104,1184592116.732573,1.0,h09,0.0,0.0,NONE,False,0,9557344.06438629,531999999.99999845,271651751.1545169,False,0,0,P4,1203730022.5880115,0.0,2845298.087817436,0.0,2845298.087817436,16292607.76762104,1184592116.732573,1.0,h09,0.0,0.0,NONE,False,0,9557344.06438629,531999999.99999845,271651751.1545169,False,0,0,P4,1203730022.5880115,0.0,2845298.087817436,0.0,2845298.087817436,16292607.76762104,1184592116.732573,1.0,h09,0.0,0.0,NONE,False,0,9557344.06438629,531999999.99999845,271651751.1545169,False,0,0,P4,1206066085.7372167,0.0,3371150.6845213408,0.0,3371150.6845213408,15766755.170917137,1186928179.8817782,1.0,h09,0.0,0.0,NONE,False,0,9557344.06438629,531999999.99999845,321856957.8973161,False,0,0,P4,1206066085.7372167,0.0,3371150.6845213408,0.0,3371150.6845213408,15766755.170917137,1186928179.8817782,1.0,h09,0.0,0.0,NONE,False,0,9557344.06438629,531999999.99999845,321856957.8973161,False,0,0,P4,1206066085.7372167,0.0,3371150.6845213408,0.0,3371150.6845213408,15766755.170917137,1186928179.8817782,1.0,h09,0.0,0.0,NONE,False,0,9557344.06438629,531999999.99999845,321856957.8973161,False,0,0,P4,1208088037.804406,0.0,3826296.2336920006,0.0,3826296.2336920006,15311609.621746475,1188950131.9489675,0.9999999999999998,h09,0.0,0.0,NONE,False,0,9557344.06438629,531999999.99999845,365311485.9103147,False,0,0,P4,1208088037.804406,0.0,3826296.2336920006,0.0,3826296.2336920006,15311609.621746475,1188950131.9489675,0.9999999999999998,h09,0.0,0.0,NONE,False,0,9557344.06438629,531999999.99999845,365311485.9103147,False,0,0,P4,1208088037.804406,0.0,3826296.2336920006,0.0,3826296.2336920006,15311609.621746475,1188950131.9489675,0.9999999999999998,h09,0.0,0.0,NONE,False,0,9557344.06438629,531999999.99999845,365311485.9103147,False,0,0,511c3754b6506009397d97ce6295ed5b5a9c3d781d4309cec174cf56f19ba636
185,LA-0647,P1,1221137618.0575635,19137905.85543848,0.0,0.0,19137905.85543848,0.0,1201999712.202125,1.0,h09,688550.1267419092,0.0,NONE,False,0,9053843.636859102,503973152.2021251,0.0,False,0,0,P1,1221137618.0575635,19137905.85543848,0.0,0.0,19137905.85543848,0.0,1201999712.202125,1.0,h09,688550.1267419092,0.0,NONE,False,0,9053843.636859102,503973152.2021251,0.0,False,0,0,P1,1221137618.0575635,19137905.85543848,0.0,0.0,19137905.85543848,0.0,1201999712.202125,1.0,h09,688550.1267419092,0.0,NONE,False,0,9053843.636859102,503973152.2021251,0.0,False,0,0,P1,1221137618.0575635,19137905.85543848,0.0,0.0,19137905.85543848,0.0,1201999712.202125,1.0,h09,688550.1267419092,0.0,NONE,False,0,9053843.636859102,503973152.2021251,0.0,False,0,0,P1,1221137618.0575635,19137905.85543848,0.0,0.0,19137905.85543848,0.0,1201999712.202125,1.0,h09,688550.1267419092,0.0,NONE,False,0,9053843.636859102,503973152.2021251,0.0,False,0,0,P1,1221137618.0575635,19137905.85543848,0.0,0.0,19137905.85543848,0.0,1201999712.202125,1.0,h09,688550.1267419092,0.0,NONE,False,0,9053843.636859102,503973152.2021251,0.0,False,0,0,P1,1221137618.0575635,19137905.85543848,0.0,0.0,19137905.85543848,0.0,1201999712.202125,1.0,h09,688550.1267419092,0.0,NONE,False,0,9053843.636859102,503973152.2021251,0.0,False,0,0,P1,1221137618.0575635,19137905.85543848,0.0,0.0,19137905.85543848,0.0,1201999712.202125,1.0,h09,688550.1267419092,0.0,NONE,False,0,9053843.636859102,503973152.2021251,0.0,False,0,0,P1,1221137618.0575635,19137905.85543848,0.0,0.0,19137905.85543848,0.0,1201999712.202125,1.0,h09,688550.1267419092,0.0,NONE,False,0,9053843.636859102,503973152.2021251,0.0,False,0,0,6b4a5aa1f85e512d3766bd2e0405bc4bad672d370c1e01f277b49a6d15e4995c
186,LA-0478,P1,1221203148.4567153,19137905.85543848,0.0,0.0,19137905.85543848,0.0,1202065242.6012769,1.0,h09,687774.2733697365,0.0,NONE,False,0,9055020.886053408,504038682.6012769,0.0,False,0,0,P1,1221203148.4567153,19137905.85543848,0.0,0.0,19137905.85543848,0.0,1202065242.6012769,1.0,h09,687774.2733697365,0.0,NONE,False,0,9055020.886053408,504038682.6012769,0.0,False,0,0,P1,1221203148.4567153,19137905.85543848,0.0,0.0,19137905.85543848,0.0,1202065242.6012769,1.0,h09,687774.2733697365,0.0,NONE,False,0,9055020.886053408,504038682.6012769,0.0,False,0,0,P1,1221203148.4567153,19137905.85543848,0.0,0.0,19137905.85543848,0.0,1202065242.6012769,1.0,h09,687774.2733697365,0.0,NONE,False,0,9055020.886053408,504038682.6012769,0.0,False,0,0,P1,1221203148.4567153,19137905.85543848,0.0,0.0,19137905.85543848,0.0,1202065242.6012769,1.0,h09,687774.2733697365,0.0,NONE,False,0,9055020.886053408,504038682.6012769,0.0,False,0,0,P1,1221203148.4567153,19137905.85543848,0.0,0.0,19137905.85543848,0.0,1202065242.6012769,1.0,h09,687774.2733697365,0.0,NONE,False,0,9055020.886053408,504038682.6012769,0.0,False,0,0,P1,1221203148.4567153,19137905.85543848,0.0,0.0,19137905.85543848,0.0,1202065242.6012769,1.0,h09,687774.2733697365,0.0,NONE,False,0,9055020.886053408,504038682.6012769,0.0,False,0,0,P1,1221203148.4567153,19137905.85543848,0.0,0.0,19137905.85543848,0.0,1202065242.6012769,1.0,h09,687774.2733697365,0.0,NONE,False,0,9055020.886053408,504038682.6012769,0.0,False,0,0,P1,1221203148.4567153,19137905.85543848,0.0,0.0,19137905.85543848,0.0,1202065242.6012769,1.0,h09,687774.2733697365,0.0,NONE,False,0,9055020.886053408,504038682.6012769,0.0,False,0,0,1b1f0b48fcfe319e24c7f50ae26d366455b209c99de89f2b624b83cbd64f9d47
187,LA-0114,P4,1216281549.8725457,0.0,4938493.9264493035,0.0,4938493.9264493035,14199411.928989176,1197143644.0171072,1.0,h09,0.0,0.0,NONE,False,0,9557344.06438629,531999999.99999845,224543397.64605153,False,0,0,P4,1216281549.8725457,0.0,4938493.9264493035,0.0,4938493.9264493035,14199411.928989176,1197143644.0171072,1.0,h09,0.0,1512231.0453713674,R0,False,0,8482551.81117252,472172764.0171072,1512231.0453713674,False,0,0,P4,1216281549.8725457,0.0,4938493.9264493035,0.0,4938493.9264493035,14199411.928989176,1197143644.0171072,1.0,h09,0.0,0.0,NONE,False,0,9557344.06438629,531999999.99999845,224543397.64605153,False,0,0,P4,1219555316.4020567,0.0,5715490.53590584,0.0,5715490.53590584,13422415.319532637,1200417410.5466182,1.0,h09,0.0,1750157.5088778783,R0,False,0,8541364.805738324,475446530.5466181,1750157.5088778783,False,0,0,P4,1219555316.4020567,0.0,5715490.53590584,0.0,5715490.53590584,13422415.319532637,1200417410.5466182,1.0,h09,0.0,1750157.5088778783,R0,False,0,8541364.805738324,475446530.5466181,1750157.5088778783,False,0,0,P4,1219555316.4020567,0.0,5715490.535905841,0.0,5715490.535905841,13422415.319532637,1200417410.5466182,1.0,h09,0.0,0.0,NONE,False,0,9557344.06438629,531999999.99999845,259871872.53035167,False,0,0,P4,1222268696.1058857,0.0,6359484.788714859,0.0,6359484.788714859,12778421.066723619,1203130790.2504473,1.0,h09,0.0,1947356.92162247,R0,False,0,8590110.488833848,478159910.25044733,1947356.92162247,False,0,0,P4,1222268696.1058857,0.0,6359484.788714859,0.0,6359484.788714859,12778421.066723619,1203130790.2504473,1.0,h09,0.0,1947356.92162247,R0,False,0,8590110.488833848,478159910.25044733,1947356.92162247,False,0,0,P4,1222268696.1058857,0.0,6359484.78871486,0.0,6359484.78871486,12778421.066723619,1203130790.2504473,1.0,h09,0.0,0.0,NONE,False,0,9557344.06438629,531999999.99999845,165384721.8761289,False,0,0,17a6518445a6a76e6add9728327e56d4e07e312c949d3323218175453e0fff03
188,LA-0573,P1,1227750820.5995016,19137905.85543848,0.0,0.0,19137905.85543848,0.0,1208612914.7440631,1.0,h09,599442.0685273724,0.0,NONE,False,0,9172649.373815447,510586354.7440631,0.0,False,0,0,P1,1227750820.5995016,19137905.85543848,0.0,0.0,19137905.85543848,0.0,1208612914.7440631,1.0,h09,599442.0685273724,0.0,NONE,False,0,9172649.373815447,510586354.7440631,0.0,False,0,0,P1,1227750820.5995016,19137905.85543848,0.0,0.0,19137905.85543848,0.0,1208612914.7440631,1.0,h09,599442.0685273724,0.0,NONE,False,0,9172649.373815447,510586354.7440631,0.0,False,0,0,P1,1227750820.5995016,19137905.85543848,0.0,0.0,19137905.85543848,0.0,1208612914.7440631,1.0,h09,599442.0685273724,0.0,NONE,False,0,9172649.373815447,510586354.7440631,0.0,False,0,0,P1,1227750820.5995016,19137905.85543848,0.0,0.0,19137905.85543848,0.0,1208612914.7440631,1.0,h09,599442.0685273724,0.0,NONE,False,0,9172649.373815447,510586354.7440631,0.0,False,0,0,P1,1227750820.5995016,19137905.85543848,0.0,0.0,19137905.85543848,0.0,1208612914.7440631,1.0,h09,599442.0685273724,0.0,NONE,False,0,9172649.373815447,510586354.7440631,0.0,False,0,0,P1,1227750820.5995016,19137905.85543848,0.0,0.0,19137905.85543848,0.0,1208612914.7440631,1.0,h09,599442.0685273724,0.0,NONE,False,0,9172649.373815447,510586354.7440631,0.0,False,0,0,P1,1227750820.5995016,19137905.85543848,0.0,0.0,19137905.85543848,0.0,1208612914.7440631,1.0,h09,599442.0685273724,0.0,NONE,False,0,9172649.373815447,510586354.7440631,0.0,False,0,0,P1,1227750820.5995016,19137905.85543848,0.0,0.0,19137905.85543848,0.0,1208612914.7440631,1.0,h09,599442.0685273724,0.0,NONE,False,0,9172649.373815447,510586354.7440631,0.0,False,0,0,dd6d33868703b3ba4a2a9598260dd67f15110b7cb287f453157f6cffa8446905
189,LA-0427,P4,1213387137.5763328,0.0,4640354.338859661,0.0,4640354.338859661,14497551.516578816,1194249231.7208943,1.0,h09,0.0,0.0,NONE,False,0,9557344.06438629,531999999.99999845,148912142.1837917,False,0,0,P4,1213387137.5763328,0.0,4640354.338859661,0.0,4640354.338859661,14497551.516578816,1194249231.7208943,1.0,h09,0.0,0.0,NONE,False,0,9557344.06438629,531999999.99999845,148912142.1837917,False,0,0,P4,1213387137.5763328,0.0,4640354.338859661,0.0,4640354.338859661,14497551.516578816,1194249231.7208943,1.0,h09,0.0,0.0,NONE,False,0,9557344.06438629,531999999.99999845,148912142.1837917,False,0,0,P4,1216622775.4791455,0.0,5388243.281068017,0.0,5388243.281068017,13749662.574370459,1197484869.623707,0.9999999999999998,h09,0.0,0.0,NONE,False,0,9557344.06438629,531999999.99999845,273347348.1868364,False,0,0,P4,1216622775.4791455,0.0,5388243.281068017,0.0,5388243.281068017,13749662.574370459,1197484869.623707,0.9999999999999998,h09,0.0,0.0,NONE,False,0,9557344.06438629,531999999.99999845,273347348.1868364,False,0,0,P4,1216622775.4791455,0.0,5388243.281068017,0.0,5388243.281068017,13749662.574370459,1197484869.623707,0.9999999999999998,h09,0.0,0.0,NONE,False,0,9557344.06438629,531999999.99999845,273347348.1868364,False,0,0,P4,1219320853.70936,0.0,6011880.082898107,0.0,6011880.082898107,13126025.772540368,1200182947.8539214,0.9999999999999998,h09,0.0,0.0,NONE,False,0,9557344.06438629,531999999.99999845,304984647.60331446,False,0,0,P4,1219320853.70936,0.0,6011880.082898107,0.0,6011880.082898107,13126025.772540368,1200182947.8539214,0.9999999999999998,h09,0.0,0.0,NONE,False,0,9557344.06438629,531999999.99999845,304984647.60331446,False,0,0,P4,1219320853.70936,0.0,6011880.082898107,0.0,6011880.082898107,13126025.772540368,1200182947.8539214,0.9999999999999998,h09,0.0,0.0,NONE,False,0,9557344.06438629,531999999.99999845,304984647.60331446,False,0,0,bf7de65edfbf08f48cdffe57524f23b54483f3db40a8edfa7141466880471e54
190,LA-0778,P4,1142107127.3322363,0.0,1910459.6026845092,0.0,1910459.6026845092,17227446.25275397,1122969221.4767978,1.0,h09,0.0,0.0,NONE,False,0,9557344.06438629,531999999.99999845,502934611.64761215,False,0,0,P4,1142107127.3322363,0.0,1910459.6026845092,0.0,1910459.6026845092,17227446.25275397,1122969221.4767978,1.0,h09,0.0,0.0,NONE,False,0,9557344.06438629,531999999.99999845,502934611.64761215,False,0,0,P4,1142107127.3322363,0.0,1910459.6026845092,0.0,1910459.6026845092,17227446.25275397,1122969221.4767978,1.0,h09,0.0,0.0,NONE,False,0,9557344.06438629,531999999.99999845,502934611.64761215,False,0,0,P4,1145042232.4847884,0.0,2287800.949194931,0.0,2287800.949194931,16850104.906243548,1125904326.62935,1.0,h09,0.0,0.0,NONE,False,0,9557344.06438629,531999999.99999845,602270930.1435053,False,0,0,P4,1145042232.4847884,0.0,2287800.949194931,0.0,2287800.949194931,16850104.906243548,1125904326.62935,1.0,h09,0.0,0.0,NONE,False,0,9557344.06438629,531999999.99999845,602270930.1435053,False,0,0,P4,1145042232.4847884,0.0,2287800.949194931,0.0,2287800.949194931,16850104.906243548,1125904326.62935,1.0,h09,0.0,0.0,NONE,False,0,9557344.06438629,531999999.99999845,602270930.1435053,False,0,0,P4,1147633949.5939412,0.0,2620995.8341861605,0.0,2620995.8341861605,16516910.021252315,1128496043.7385027,0.9999999999999998,h09,0.0,0.0,NONE,False,0,9557344.06438629,531999999.99999845,689985551.1962427,False,0,0,P4,1147633949.5939412,0.0,2620995.8341861605,0.0,2620995.8341861605,16516910.021252315,1128496043.7385027,0.9999999999999998,h09,0.0,0.0,NONE,False,0,9557344.06438629,531999999.99999845,689985551.1962427,False,0,0,P4,1147633949.5939412,0.0,2620995.834186161,0.0,2620995.834186161,16516910.021252315,1128496043.7385027,1.0,h09,0.0,0.0,NONE,False,0,9557344.06438629,531999999.99999845,566217275.6193383,False,0,0,99c0784a3e6d542f09515a71815a1e999eba451841656b930a1cb5ce17aab9ed
191,LA-0009,P1,1231866555.1965904,19137905.85543848,0.0,0.0,19137905.85543848,0.0,1212728649.341152,1.0,h09,530246.9102912714,0.0,NONE,False,0,9246588.26784191,514702089.341152,0.0,False,0,0,P1,1231866555.1965904,19137905.85543848,0.0,0.0,19137905.85543848,0.0,1212728649.341152,1.0,h09,530246.9102912714,0.0,NONE,False,0,9246588.26784191,514702089.341152,0.0,False,0,0,P1,1231866555.1965904,19137905.85543848,0.0,0.0,19137905.85543848,0.0,1212728649.341152,1.0,h09,530246.9102912714,0.0,NONE,False,0,9246588.26784191,514702089.341152,0.0,False,0,0,P1,1231866555.1965904,19137905.85543848,0.0,0.0,19137905.85543848,0.0,1212728649.341152,1.0,h09,530246.9102912714,0.0,NONE,False,0,9246588.26784191,514702089.341152,0.0,False,0,0,P1,1231866555.1965904,19137905.85543848,0.0,0.0,19137905.85543848,0.0,1212728649.341152,1.0,h09,530246.9102912714,0.0,NONE,False,0,9246588.26784191,514702089.341152,0.0,False,0,0,P1,1231866555.1965904,19137905.85543848,0.0,0.0,19137905.85543848,0.0,1212728649.341152,1.0,h09,530246.9102912714,0.0,NONE,False,0,9246588.26784191,514702089.341152,0.0,False,0,0,P1,1231866555.1965904,19137905.85543848,0.0,0.0,19137905.85543848,0.0,1212728649.341152,1.0,h09,530246.9102912714,0.0,NONE,False,0,9246588.26784191,514702089.341152,0.0,False,0,0,P1,1231866555.1965904,19137905.85543848,0.0,0.0,19137905.85543848,0.0,1212728649.341152,1.0,h09,530246.9102912714,0.0,NONE,False,0,9246588.26784191,514702089.341152,0.0,False,0,0,P1,1231866555.1965904,19137905.85543848,0.0,0.0,19137905.85543848,0.0,1212728649.341152,1.0,h09,530246.9102912714,0.0,NONE,False,0,9246588.26784191,514702089.341152,0.0,False,0,0,00e8e115cd7f794624e874264a3c511bf6167b034f2918d9d1d352d908b93bca
192,LA-0787,P4,1151813193.3339746,0.0,1942102.7686177434,0.0,1942102.7686177434,17195803.086820737,1132675287.4785361,1.0,h09,0.0,0.0,NONE,False,0,9557344.06438629,531999999.99999845,466505834.65329474,False,0,0,P4,1151813193.3339746,0.0,1942102.7686177434,0.0,1942102.7686177434,17195803.086820737,1132675287.4785361,1.0,h09,0.0,0.0,NONE,False,0,9557344.06438629,531999999.99999845,466505834.65329474,False,0,0,P4,1151813193.3339746,0.0,1942102.7686177434,0.0,1942102.7686177434,17195803.086820737,1132675287.4785361,1.0,h09,0.0,0.0,NONE,False,0,9557344.06438629,531999999.99999845,466505834.65329474,False,0,0,P4,1154579791.212222,0.0,2324850.6309487796,0.0,2324850.6309487796,16813055.224489696,1135441885.3567836,0.9999999999999998,h09,0.0,0.0,NONE,False,0,9557344.06438629,531999999.99999845,558444383.8710517,False,0,0,P4,1154579791.212222,0.0,2324850.6309487796,0.0,2324850.6309487796,16813055.224489696,1135441885.3567836,0.9999999999999998,h09,0.0,0.0,NONE,False,0,9557344.06438629,531999999.99999845,558444383.8710517,False,0,0,P4,1154579791.212222,0.0,2324850.6309487796,0.0,2324850.6309487796,16813055.224489696,1135441885.3567836,0.9999999999999998,h09,0.0,0.0,NONE,False,0,9557344.06438629,531999999.99999845,558444383.8710517,False,0,0,P4,1157021047.5814965,0.0,2662588.783677225,0.0,2662588.783677225,16475317.071761254,1137883141.7260578,1.0,h09,0.0,0.0,NONE,False,0,9557344.06438629,531999999.99999845,515803029.7829536,False,0,0,P4,1157021047.5814965,0.0,2662588.783677225,0.0,2662588.783677225,16475317.071761254,1137883141.7260578,1.0,h09,0.0,0.0,NONE,False,0,9557344.06438629,531999999.99999845,639571305.3598582,False,0,0,P4,1157021047.5814965,0.0,2662588.783677225,0.0,2662588.783677225,16475317.071761254,1137883141.7260578,1.0,h09,0.0,0.0,NONE,False,0,9557344.06438629,531999999.99999845,639571305.3598582,False,0,0,682f141dfc10b3b11186ea25e8cadf96eaf5a8defb2442b92ff6dfe2ee53dc3b
193,LA-0565,P4,1237882930.345395,0.0,5248325.976677465,0.0,5248325.976677465,13889579.878761012,1218745024.4899566,1.0,h09,0.0,0.0,NONE,False,0,9557344.06438629,531999999.99999845,143469163.05153066,False,0,0,P4,1237882930.345395,0.0,5248325.976677464,0.0,5248325.976677464,13889579.878761014,1218745024.4899566,1.0,h09,0.0,0.0,NONE,False,0,9557344.06438629,531999999.99999845,56974608.28247976,False,0,0,P4,1237882930.345395,0.0,5248325.976677464,0.0,5248325.976677464,13889579.878761014,1218745024.4899566,1.0,h09,0.0,178310.51372142206,R0,False,0,9430612.92802922,524945638.0258185,30676509.183020335,False,0,0,P1,1238358044.8164442,19137905.855438426,0.0,0.0,19137905.855438426,0.0,1219220138.9610057,0.9999999999999972,h09,389665.91065729165,0.0,NONE,False,0,9363207.440374494,521193578.9610058,0.0,False,0,0,P1,1238358044.8164442,19137905.855438426,0.0,0.0,19137905.855438426,0.0,1219220138.9610057,0.9999999999999972,h09,389665.91065729165,0.0,NONE,False,0,9363207.440374494,521193578.9610058,0.0,False,0,0,P1,1238358044.8164442,19137905.855438426,0.0,0.0,19137905.855438426,0.0,1219220138.9610057,0.9999999999999972,h09,389665.91065729165,0.0,NONE,False,0,9363207.440374494,521193578.9610058,0.0,False,0,0,P1,1238358044.8164442,19137905.855438426,0.0,0.0,19137905.855438426,0.0,1219220138.9610057,0.9999999999999972,h09,389665.91065729165,0.0,NONE,False,0,9363207.440374494,521193578.9610058,0.0,False,0,0,P1,1238358044.8164442,19137905.855438426,0.0,0.0,19137905.855438426,0.0,1219220138.9610057,0.9999999999999972,h09,389665.91065729165,0.0,NONE,False,0,9363207.440374494,521193578.9610058,0.0,False,0,0,P1,1238358044.8164442,19137905.855438426,0.0,0.0,19137905.855438426,0.0,1219220138.9610057,0.9999999999999972,h09,389665.91065729165,0.0,NONE,False,0,9363207.440374494,521193578.9610058,0.0,False,0,0,349456bf5bb5084a25428911348f6d6731545ddcd8207ff93cec46553768d92f
194,LA-0119,P4,1162602162.871397,0.0,1212318.2104374894,0.0,1212318.2104374894,17925587.64500099,1143464257.0159585,1.0,h09,0.0,0.0,NONE,False,0,9557344.06438629,531999999.99999845,426012707.44739544,False,0,0,P4,1162602162.871397,0.0,1212318.2104374894,0.0,1212318.2104374894,17925587.64500099,1143464257.0159585,1.0,h09,0.0,0.0,NONE,False,0,9557344.06438629,531999999.99999845,426012707.44739544,False,0,0,P4,1162602162.871397,0.0,1212318.2104374894,0.0,1212318.2104374894,17925587.64500099,1143464257.0159585,1.0,h09,0.0,0.0,NONE,False,0,9557344.06438629,531999999.99999845,426012707.44739544,False,0,0,P4,1164192552.882877,0.0,1463481.312563518,0.0,1463481.312563518,17674424.542874962,1145054647.0274386,1.0,h09,0.0,0.0,NONE,False,0,9557344.06438629,531999999.99999845,408374346.30734617,False,0,0,P4,1164192552.882877,0.0,1463481.312563518,0.0,1463481.312563518,17674424.542874962,1145054647.0274386,1.0,h09,0.0,0.0,NONE,False,0,9557344.06438629,531999999.99999845,408374346.30734617,False,0,0,P4,1164192552.882877,0.0,1463481.312563518,0.0,1463481.312563518,17674424.542874962,1145054647.0274386,1.0,h09,0.0,0.0,NONE,False,0,9557344.06438629,531999999.99999845,408374346.30734617,False,0,0,P4,1165618367.5762482,0.0,1688653.778976749,0.0,1688653.778976749,17449252.07646173,1146480461.7208097,1.0,h09,0.0,0.0,NONE,False,0,9557344.06438629,531999999.99999845,593398632.5781206,False,0,0,P4,1165618367.5762482,0.0,1688653.778976749,0.0,1688653.778976749,17449252.07646173,1146480461.7208097,1.0,h09,0.0,0.0,NONE,False,0,9557344.06438629,531999999.99999845,593398632.5781206,False,0,0,P4,1165618367.5762482,0.0,1688653.778976749,0.0,1688653.778976749,17449252.07646173,1146480461.7208097,1.0,h09,0.0,0.0,NONE,False,0,9557344.06438629,531999999.99999845,593398632.5781206,False,0,0,f0361bda5649e350f919f88a58ee0627879799f445067bf667b5b7723f18837a
195,LA-0938,P4,1212804741.2765326,0.0,6485645.601108081,0.0,6485645.601108081,12652260.254330397,1193666835.4210942,1.0,h09,0.0,0.0,NONE,False,0,9557344.06438629,531999999.99999845,237592544.9497484,False,0,0,P4,1212804741.2765326,0.0,6485645.601108081,0.0,6485645.601108081,12652260.254330397,1193666835.4210942,1.0,h09,0.0,0.0,NONE,False,0,9557344.06438629,531999999.99999845,237592544.9497484,False,0,0,P4,1212804741.2765326,0.0,6485645.601108081,0.0,6485645.601108081,12652260.254330397,1193666835.4210942,1.0,h09,0.0,0.0,NONE,False,0,9557344.06438629,531999999.99999845,237592544.9497484,False,0,0,P4,1217277308.6733913,0.0,7379555.0990953045,0.0,7379555.0990953045,11758350.756343171,1198139402.8179529,0.9999999999999998,h09,0.0,0.0,NONE,False,0,9557344.06438629,531999999.99999845,270339667.69497675,False,0,0,P4,1217277308.6733913,0.0,7379555.0990953045,0.0,7379555.0990953045,11758350.756343171,1198139402.8179529,0.9999999999999998,h09,0.0,0.0,NONE,False,0,9557344.06438629,531999999.99999845,270339667.69497675,False,0,0,P4,1217277308.6733913,0.0,7379555.0990953045,0.0,7379555.0990953045,11758350.756343171,1198139402.8179529,0.9999999999999998,h09,0.0,0.0,NONE,False,0,9557344.06438629,531999999.99999845,270339667.69497675,False,0,0,P4,1220871597.9526026,0.0,8097927.5773853455,0.0,8097927.5773853455,11039978.278053133,1201733692.0971642,1.0,h09,0.0,0.0,NONE,False,0,9557344.06438629,531999999.99999845,172887961.945697,False,0,0,P4,1220871597.9526026,0.0,8097927.577385345,0.0,8097927.577385345,11039978.278053135,1201733692.0971642,1.0,h09,0.0,1023332.4721304758,R0,False,0,9049064.603642642,503707132.0971641,21961927.343908325,False,0,0,P4,1220871597.9526026,0.0,8097927.577385345,0.0,8097927.577385345,11039978.278053135,1201733692.0971642,1.0,h09,0.0,1023332.4721304758,R0,False,0,9049064.603642642,503707132.0971641,21961927.343908325,False,0,0,f7b853f8ea57804aed17c302ce6659e76e9e0f446486820764c239f6d95a1b1b
196,LA-0240,P4,1175206740.7596872,0.0,3933011.5443481617,0.0,3933011.5443481617,15204894.311090317,1156068834.9042487,1.0,h09,0.0,0.0,NONE,False,0,9557344.06438629,531999999.99999845,292210689.807415,False,0,0,P4,1175206740.7596872,0.0,3933011.5443481617,0.0,3933011.5443481617,15204894.311090317,1156068834.9042487,1.0,h09,0.0,0.0,NONE,False,0,9557344.06438629,531999999.99999845,292210689.807415,False,0,0,P4,1175206740.7596872,0.0,3933011.5443481617,0.0,3933011.5443481617,15204894.311090317,1156068834.9042487,1.0,h09,0.0,0.0,NONE,False,0,9557344.06438629,531999999.99999845,292210689.807415,False,0,0,P4,1179653515.3120015,0.0,4603094.465155411,0.0,4603094.465155411,14534811.390283067,1160515609.456563,1.0,h09,0.0,0.0,NONE,False,0,9557344.06438629,531999999.99999845,337328850.8423849,False,0,0,P4,1179653515.3120015,0.0,4603094.465155411,0.0,4603094.465155411,14534811.390283067,1160515609.456563,1.0,h09,0.0,0.0,NONE,False,0,9557344.06438629,531999999.99999845,337328850.8423849,False,0,0,P4,1179653515.3120015,0.0,4603094.465155411,0.0,4603094.465155411,14534811.390283067,1160515609.456563,1.0,h09,0.0,0.0,NONE,False,0,9557344.06438629,531999999.99999845,337328850.8423849,False,0,0,P4,1183415769.9598982,0.0,5170027.318086164,0.0,5170027.318086164,13967878.537352312,1164277864.1044598,1.0,h09,0.0,0.0,NONE,False,0,9557344.06438629,531999999.99999845,374047822.31286824,False,0,0,P4,1183415769.9598982,0.0,5170027.318086164,0.0,5170027.318086164,13967878.537352312,1164277864.1044598,1.0,h09,0.0,0.0,NONE,False,0,9557344.06438629,531999999.99999845,374047822.31286824,False,0,0,P4,1183415769.9598985,0.0,5170027.318086164,0.0,5170027.318086164,13967878.537352314,1164277864.10446,1.0,h09,0.0,0.0,NONE,False,0,9557344.06438629,531999999.99999845,497816097.8897728,False,0,0,8e4435d529feb5e8047f95b652368027b0f8b6e58e17de82faa593223d777b22
197,LA-0464,P4,1203722908.5549917,0.0,7401983.57854718,0.0,7401983.57854718,11735922.276891295,1184585002.6995533,0.9999999999999998,h09,0.0,0.0,NONE,False,0,9557344.06438629,531999999.99999845,271678451.521314,False,0,0,P4,1203722908.5549917,0.0,7401983.57854718,0.0,7401983.57854718,11735922.276891295,1184585002.6995533,0.9999999999999998,h09,0.0,0.0,NONE,False,0,9557344.06438629,531999999.99999845,271678451.521314,False,0,0,P4,1203722908.5549917,0.0,7401983.57854718,0.0,7401983.57854718,11735922.276891295,1184585002.6995533,0.9999999999999998,h09,0.0,0.0,NONE,False,0,9557344.06438629,531999999.99999845,271678451.521314,False,0,0,P4,1209502011.69047,0.0,8338949.569117452,0.0,8338949.569117452,10798956.286321023,1190364105.8350315,0.9999999999999998,h09,0.0,0.0,NONE,False,0,9557344.06438629,531999999.99999845,306068350.76184005,False,0,0,P4,1209502011.69047,0.0,8338949.569117452,0.0,8338949.569117452,10798956.286321023,1190364105.8350315,0.9999999999999998,h09,0.0,0.0,NONE,False,0,9557344.06438629,531999999.99999845,306068350.76184005,False,0,0,P4,1209502011.69047,0.0,8338949.569117452,0.0,8338949.569117452,10798956.286321023,1190364105.8350315,0.9999999999999998,h09,0.0,0.0,NONE,False,0,9557344.06438629,531999999.99999845,306068350.76184005,False,0,0,P4,1214064134.6063204,0.0,9078606.556844732,0.0,9078606.556844732,10059299.298593746,1194926228.750882,1.0,h09,0.0,0.0,NONE,False,0,9557344.06438629,531999999.99999845,333216325.75398505,False,0,0,P4,1214064134.6063204,0.0,9078606.556844732,0.0,9078606.556844732,10059299.298593746,1194926228.750882,1.0,h09,0.0,0.0,NONE,False,0,9557344.06438629,531999999.99999845,333216325.75398505,False,0,0,P4,1214064134.6063204,0.0,9078606.556844732,0.0,9078606.556844732,10059299.298593746,1194926228.750882,1.0,h09,0.0,0.0,NONE,False,0,9557344.06438629,531999999.99999845,333216325.75398505,False,0,0,1242545870524d2d462cce92b6da0686967a94cffd07acb7800755dc75e7cf78
198,LA-0860,P4,1222707402.695575,0.0,1933741.6524385975,0.0,1933741.6524385975,17204164.202999882,1203569496.8401365,1.0,h09,0.0,1349807.1263597799,R0,False,0,8597991.823083797,478598616.8401365,1349807.1263597799,False,0,0,P4,1222707402.695575,0.0,1933741.6524385975,0.0,1933741.6524385975,17204164.202999882,1203569496.8401365,1.0,h09,0.0,1349807.1263597799,R0,False,0,8597991.823083797,478598616.8401365,1349807.1263597799,False,0,0,P4,1222707402.695575,0.0,1933741.6524385973,0.0,1933741.6524385973,17204164.202999882,1203569496.8401365,1.0,h09,0.0,0.0,NONE,False,0,9557344.06438629,531999999.99999845,113931351.87224974,False,0,0,P4,1223891018.2932427,0.0,2315063.5563028953,0.0,2315063.5563028953,16822842.29913558,1204753112.4378042,0.9999999999999998,h09,0.0,782136.1704902743,R0,False,0,9103308.286105996,506726552.43780416,18697500.02993769,False,0,0,P4,1223891018.2932427,0.0,2315063.5563028953,0.0,2315063.5563028953,16822842.299135584,1204753112.4378042,1.0,h09,0.0,0.0,NONE,False,0,9557344.06438629,531999999.99999845,239948656.85346508,False,0,0,P4,1223891018.2932427,0.0,2315063.5563028953,0.0,2315063.5563028953,16822842.299135584,1204753112.4378042,1.0,h09,0.0,0.0,NONE,False,0,9557344.06438629,531999999.99999845,239948656.85346508,False,0,0,P4,1224935633.5772724,0.0,2651604.1440553134,0.0,2651604.1440553134,16486301.711383162,1205797727.721834,0.9999999999999998,h09,0.0,1850895.7312976099,R0,False,0,8638021.840360627,480826847.72183394,1850895.7312976099,False,0,0,P4,1224935633.5772724,0.0,2651604.1440553134,0.0,2651604.1440553134,16486301.711383164,1205797727.721834,1.0,h09,0.0,0.0,NONE,False,0,9557344.06438629,531999999.99999845,274829972.2229784,False,0,0,P4,1224935633.5772724,0.0,2651604.1440553134,0.0,2651604.1440553134,16486301.711383164,1205797727.721834,1.0,h09,0.0,0.0,NONE,False,0,9557344.06438629,531999999.99999845,151061696.64607388,False,0,0,bfd08d24cde9db9b2f4c12bbbc5306d49b38838ffb97f38b6a7a66764f69ff5e
199,LA-0789,P4,1210523371.7579212,0.0,4437758.355836595,0.0,4437758.355836595,14700147.499601884,1191385465.9024827,1.0,h09,0.0,0.0,NONE,False,0,9557344.06438629,531999999.99999845,159660419.22458014,False,0,0,P4,1210523371.757921,0.0,4437758.355836595,0.0,4437758.355836595,14700147.499601886,1191385465.9024825,1.0000000000000002,h09,0.0,976716.7271122128,R0,False,0,8863159.419058684,493358905.9024826,15609500.71381832,False,0,0,P4,1210523371.7579212,0.0,4437758.355836595,0.0,4437758.355836595,14700147.499601884,1191385465.9024827,1.0,h09,0.0,0.0,NONE,False,0,9557344.06438629,531999999.99999845,159660419.22458014,False,0,0,P4,1213766330.9034722,0.0,5164626.950489364,0.0,5164626.950489364,13973278.904949114,1194628425.0480337,1.0,h09,0.0,0.0,NONE,False,0,9557344.06438629,531999999.99999845,180575227.22348616,False,0,0,P4,1213766330.9034722,0.0,5164626.950489364,0.0,5164626.950489364,13973278.904949114,1194628425.0480337,1.0,h09,0.0,0.0,NONE,False,0,9557344.06438629,531999999.99999845,180575227.22348616,False,0,0,P4,1213766330.9034722,0.0,5164626.950489364,0.0,5164626.950489364,13973278.904949114,1194628425.0480337,1.0,h09,0.0,0.0,NONE,False,0,9557344.06438629,531999999.99999845,180575227.22348616,False,0,0,P4,1216481729.6483066,0.0,5773249.501990669,0.0,5773249.501990669,13364656.353447808,1197343823.7928681,1.0,h09,0.0,0.0,NONE,False,0,9557344.06438629,531999999.99999845,196464140.67266202,False,0,0,P4,1216481729.6483066,0.0,5773249.501990669,0.0,5773249.501990669,13364656.353447808,1197343823.7928681,1.0,h09,0.0,0.0,NONE,False,0,9557344.06438629,531999999.99999845,320232416.24956656,False,0,0,P4,1216481729.6483066,0.0,5773249.501990669,0.0,5773249.501990669,13364656.353447808,1197343823.7928681,1.0,h09,0.0,0.0,NONE,False,0,9557344.06438629,531999999.99999845,196464140.67266202,False,0,0,743f439471df0702cec1dfd69d8ac0556eaba179598c73e3383a42689c8930ce
200,LA-0748,P4,1218809455.7394564,0.0,3296868.924514454,0.0,3296868.924514454,15841036.930924023,1199671549.884018,1.0,h09,0.0,0.0,NONE,False,0,9557344.06438629,531999999.99999845,215055669.13979337,False,0,0,P4,1218809455.7394564,0.0,3296868.924514454,0.0,3296868.924514454,15841036.930924023,1199671549.884018,1.0,h09,0.0,0.0,NONE,False,0,9557344.06438629,531999999.99999845,215055669.13979337,False,0,0,P4,1218809455.7394564,0.0,3296868.924514454,0.0,3296868.924514454,15841036.930924023,1199671549.884018,1.0,h09,0.0,0.0,NONE,False,0,9557344.06438629,531999999.99999845,215055669.13979337,False,0,0,P4,1220941410.242692,0.0,3886271.4524750174,0.0,3886271.4524750174,15251634.40296346,1201803504.3872535,1.0,h09,0.0,1707262.1292195672,R0,False,0,8566265.887957271,476832624.3872536,1707262.1292195672,False,0,0,P4,1220941410.242692,0.0,3886271.452475017,0.0,3886271.452475017,15251634.402963458,1201803504.3872535,0.9999999999999998,h09,0.0,0.0,NONE,False,0,9557344.06438629,531999999.99999845,253502558.58108723,False,0,0,P4,1220941410.242692,0.0,3886271.452475017,0.0,3886271.452475017,15251634.402963458,1201803504.3872535,0.9999999999999998,h09,0.0,0.0,NONE,False,0,9557344.06438629,531999999.99999845,253502558.58108723,False,0,0,P4,1222769231.8194463,0.0,4391593.051207446,0.0,4391593.051207446,14746312.80423103,1203631325.9640079,1.0,h09,0.0,0.0,NONE,False,0,9557344.06438629,531999999.99999845,286464825.8214196,False,0,0,P4,1222769231.8194463,0.0,4391593.051207445,0.0,4391593.051207445,14746312.80423103,1203631325.9640079,0.9999999999999998,h09,0.0,1929252.9085932337,R0,False,0,8599102.579117702,478660445.9640078,1929252.9085932337,False,0,0,P4,1222769231.8194463,0.0,4391593.051207446,0.0,4391593.051207446,14746312.80423103,1203631325.9640079,1.0,h09,0.0,0.0,NONE,False,0,9557344.06438629,531999999.99999845,286464825.8214196,False,0,0,09b45edf7d4402aa899f6c0a38b0a4d41e6f13bdefe5b8a17d557ef4fab4a4af
