heldout_scenario,simulation_id,sample_index,input_sha256,training_scenario_count,budget,algorithm_identity,implementation_revision,status,certificate_status,iterations,full_exact_certification_calls,result_sha256,failure_type,failure_message,first_stage_sha256,policy_sha256,policy_label,training_T_COST,training_worst_scenario,training_worst_loss,first_stage_cost,Q_Water,F_Water,R_Water,Q_Vaccine,F_Vaccine,R_Vaccine,Q_Crackers,F_Crackers,R_Crackers,row_sha256,full24_source_first_stage_sha256,full24_policy_sha256
h02,LA-0914,914,ee8287c989d9f42998cac1b0ade9bc594e098eb99d83ed33e878189f5cc95b45,23,19137905.85543848,A1_FINAL_NO_MEMORY_V1,A1_FINAL_NO_MEMORY_V1_R1_WITNESS_GATED_INFEASIBLE_RETRY,certified,PASS,5,2,61270a461c808a74e8893d982fc34d5abeaba339c64e391d74bf9cd7ac304496,,,819fadd42d157d7ef930b97783ea6953c389313907e432e719ee7f0d122a55ff,16afa4e14240c0c6b467dac77a734915f723529d61f9b89b774cbff8402a6e28,P4,1212254701.0327225,h09,1205370714.8156204,6883986.217102072,0.0,0.0,NONE,0.0,2298064.837931671,R0,0.0,0.0,NONE,c2501b8c840b4b5e54bb009273020cc77ba22491f4b0b8e83d8b5c3626328bcd,5781a113e0147f440d32596ad5362f958cee8a07f32c8cd8365aced4e52793e2,fea7e2bd1f76a7b001baeac8e70c6c4513f3a4e6ebd8c2d56c44a8ced852191d
h02,LA-0802,802,08d200d068730669000640f9037f4ea66dcff16c72d21874b825ba042565721f,23,19137905.85543848,A1_FINAL_NO_MEMORY_V1,A1_FINAL_NO_MEMORY_V1_R1_WITNESS_GATED_INFEASIBLE_RETRY,certified,PASS,5,2,d40c34a3fb922ccf6410f61e13790ab2ce5f4a7f3a79b0eeffc8d08cc3a3d008,,,8a85d5b14193610a35023356bad8321d93acd885a0a7bfa4b3fcea5ff8e512c4,237dbda12fd6e36c01e914fc90c4fc37dc587c72d53b3be6da5c7a60816bbde9,P4,1228589997.4005196,h09,1223511068.8220685,5078928.578451205,0.0,0.0,NONE,0.0,1008061.4488046037,R0,0.0,0.0,NONE,bc263d58e68777a12086a5b190c852412fe1682ab92b87a402cf1632ac18065d,14850fcbb4039461ac3473e5167138bad44c78f72304891cf1224949e7c0fb9b,8c68cd363295a80a6c076e957d45b83ecee681984fc17feee92fa4b88a8e79b9
h02,LA-0642,642,df36bdc338b56dbdb6049ba0f8338289089a63b99a8d10e273f60fe82107fd03,23,19137905.85543848,A1_FINAL_NO_MEMORY_V1,A1_FINAL_NO_MEMORY_V1_R1_WITNESS_GATED_INFEASIBLE_RETRY,certified,PASS,5,2,f5371d02481e8cb68fa46b6f81461aedf94a8c528015b74dc5ba2f8db5a7fddf,,,0884d7432a1fe6ade165a4cab55b73f63090ead69bb51042e7a9ab6a557805e3,f8865a610b658129099e27ca534731203a1d8f330a4927c5c35d907e8b661215,P1,1221165897.9019191,h09,1202027992.0464807,19137905.85543848,14229721.617536936,0.0,NONE,688215.5357769008,0.0,NONE,0.0,0.0,NONE,296c5a5c36a7af732daf532a12a12e4eb2d454686ba07a23512fff8985580c43,00fad34c6985a1520333da73f27ab22a1345cd2dbac3cfe4ad0469ff5a7a2175,99cd56c56fdba833c6dd1558a25723eb71028448c6e9f459a688864e2573ae3f
h02,LA-0765,765,029044c21e5aaa3ef1fdc23ba9f93ecbcab421d4ba2aea33a2a93e86bd5dc97c,23,19137905.85543848,A1_FINAL_NO_MEMORY_V1,A1_FINAL_NO_MEMORY_V1_R1_WITNESS_GATED_INFEASIBLE_RETRY,certified,PASS,2,2,3c6bb23c9841100393a86ee0c6a09c8a879d9d6e84038e082d7051fb9efb6c7f,,,e926c0f21c2fe988ade541a1afb4280da5f6c4cc1adc39516bd4c9435e5ce45c,6ce5fc8ffbf2fac058cadd1b54b9ea9c77404426d077678cad1e3ebe9f7e3de2,P4,1224998391.012687,h09,1224697016.0762508,301374.9364361677,0.0,18967474.959288407,R0,0.0,0.0,NONE,0.0,117568242.20780018,R0,134c1c61a88380df1df677c174f0cf14cde2c8f5f7338673f570e1da4475f567,75ea928a548f83ac5dee4837c163a541cd2cd8e00856b314283b074725a9bf0e,9846171180d7fb2337bc339cd1e3d5fe62f34a6d62ed2a15b647a194fbaabd61
h02,LA-0334,334,edaf1d3f884b2a1b1bc5dfef3d1a8ae510e3ba39112540125e89d3ae561834b0,23,19137905.85543848,A1_FINAL_NO_MEMORY_V1,A1_FINAL_NO_MEMORY_V1_R1_WITNESS_GATED_INFEASIBLE_RETRY,certified,PASS,2,2,15ceee70580e83dc30fee1817eebdb3b463acd4bc1664377ee5496d1dcb6a831,,,5ccc66a4844127b8c16f3ae1d21c183554fda97de3fdba7c1d447a13f3230ea5,8942ded1e57df0efe4004f053d40c63726af2c7d57169510e903b9780def83bf,P4,1224359243.616294,h09,1223878241.703765,481001.9125290711,0.0,406888.4396914717,R0,0.0,1139586.1257755752,R0,0.0,0.0,NONE,3e5af9fc5c7b1f016f8ffeecd059a89b16a2394967b77520b97beb7da1ed1558,3ab8080c2cd9b2d8e60d97139b586fb8609b1bc5ea7a6c20729dcfd0f8d4519f,8f1f50a2cc179079aae8afd5fc19dbc298a30b64b36e4ec6ac1c244a28a729fe
h02,LA-0396,396,4a8ce3956cb01a1d091e6fc01863a6d00473bea19495791f759d72580abea560,23,19137905.85543848,A1_FINAL_NO_MEMORY_V1,A1_FINAL_NO_MEMORY_V1_R1_WITNESS_GATED_INFEASIBLE_RETRY,certified,PASS,4,2,72535fb3f40b5e2cabb9bcde0b787b94c4257a79984d7774b3f0708808249a23,,,a2598ba32d237c915e3a82dbaf653efe4879e5fa4694f32a1b2e19598b998ac0,a8bea987a0da6455e57238ca017d5827a37578ff038aed196aba8a06f637da99,P4,1195686432.2114403,h09,1191051126.0533757,4635306.158064613,0.0,12283041.448163489,R0,0.0,0.0,NONE,0.0,168482864.2128283,R0,0a48d8c76c33772085dae8bd56031acecf9a167f1650c5433e1ace5043cc7807,6321601fb1544f6fa904d6dc8c1f4396442dac34e9260793551cab38bec52802,fdcb7e0a151b0e042ddb8b70b2148461491661ff5b5fb2ac41a279daed7535b7
h02,LA-0358,358,65f12d3443be917eb572e0eca29833f1866f1a45141d44db32bfff161cc2c593,23,19137905.85543848,A1_FINAL_NO_MEMORY_V1,A1_FINAL_NO_MEMORY_V1_R1_WITNESS_GATED_INFEASIBLE_RETRY,certified,PASS,5,2,c969d6543a40edcea943bbce86bbd57fd543e56db52f8477b934a1c1b302c97b,,,0d4a0cc36f107dd6c08e92587e201bf2c88b14c84db39ce1d3486bad6f56e567,17de16b0d6951c01a6ead0d5687d9076ca387d051ab479c45587a6f766e4ba63,P4,1168155110.8672476,h09,1165305679.9791734,2849430.888074171,0.0,0.0,NONE,0.0,0.0,NONE,0.0,868192363.9856374,R0,cb2fb3beaf8d3f3240a187f539d1df8d5682a49fec507ee490c3e31e8ae48bda,fb1dc2ff59df43241a9a4691b0c60828a912025060f1637cde4dda39f5e525cd,6faca3c761acad43136dfdbadf66429a8719fbaff656ed04e4b987c3ad6c177d
h02,LA-0467,467,10bba651114fcf8a3e1f592ebce456644653baea223751f04413e110919e8399,23,19137905.85543848,A1_FINAL_NO_MEMORY_V1,A1_FINAL_NO_MEMORY_V1_R1_WITNESS_GATED_INFEASIBLE_RETRY,certified,PASS,5,2,b5b8506168c8bd43f045ea6cd74cf8f98f282b741a85a7d6717c51a5692ec498,,,10af06b9aea2c08d8c6c851bcd256ae01fddacd4517bab35a297199438340d73,d20e4f88c060f532e6f984d82897edbe61eb8f34165b2002ec8e69789bb3aab1,P4,1229783603.3591185,h09,1216823757.4785635,12959845.880554894,0.0,0.0,NONE,0.0,1854856.8679622686,R1,0.0,0.0,NONE,b5519ff557f3e0047f2ce01e8467ade6f015a75786d17d53b8eb3b5309e111e0,459cdf77a9f30bf46b6834568261fc6193863ac4968604741fab07b60e882b8c,89c4834bc02a71a472899068ee9a2b672c63ad69c04a8d167bb105a28c328bba
h02,LA-0021,21,9c0c8e916a30a3fa9f17a2b27ecaaa74ee626fafee16b17aef6e1fa739cc5936,23,19137905.85543848,A1_FINAL_NO_MEMORY_V1,A1_FINAL_NO_MEMORY_V1_R1_WITNESS_GATED_INFEASIBLE_RETRY,certified,PASS,5,2,04cbb0c0ae50788d2bd613023252a97c12fb8b19b4456e00209c72fc1611be35,,,b0882aeb41d119531f06d366aa05481f3be31461d4894958c4ec1a99f08257f0,3ae0cc29da29ef00d60e1a55167dd090c0aac06591eeacff9fd3d6078b2f4167,P4,1233499223.9417398,h09,1229183651.3295689,4315572.612170885,0.0,0.0,NONE,0.0,1803754.3775522949,R0,0.0,0.0,NONE,894082750f231564269c26e36c8a0d57078a8a03b17e60ef73fb2f86cda731d4,fbb66c657174c3eb494e70bcbf150d790ef245ef49a7f4c520736f540e2a0b67,1043c26bc69168369bc901ea703ec25f7f026952832577aa46ccfa6b5ef68654
h02,LA-0148,148,7151e912cd4a11e3ecf51701a50a70afb496f08ac17c31ec24434fead2eac7fd,23,19137905.85543848,A1_FINAL_NO_MEMORY_V1,A1_FINAL_NO_MEMORY_V1_R1_WITNESS_GATED_INFEASIBLE_RETRY,certified,PASS,6,2,7aae654a366e9e76edeebb033e7cbd6fda3a848c8ca05dea894e1a499e42f90d,,,350d398d5b40e81229e73105449f4d95cd4b904f8596e25cd9641f305af0970c,1b1b3722ae4751de993aa9353f0ca3779941448b0cc858f6def33acfc275c85a,P4,1237050663.6348436,h09,1230832025.3260527,6218638.30879087,0.0,0.0,NONE,0.0,0.0,NONE,0.0,134080467.9226798,R0,4c6bf54cda6bcef77b61832e196673e7a6f3228027b3cf2b91127c1f314bfd74,70144a1e05815d4dc6b051fb2e96f5a208050735c21579657d4987fc5d3bfdbc,259b6d6901da74ab80c15b5199bb5a1c25a6ab4cb43397349702a7cba5f85bd5
h02,LA-0248,248,5307af164a6996b7fe150e6061a6fb611ca85e3861ec87d3eff546c5283a391a,23,19137905.85543848,A1_FINAL_NO_MEMORY_V1,A1_FINAL_NO_MEMORY_V1_R1_WITNESS_GATED_INFEASIBLE_RETRY,certified,PASS,5,2,bf972f38da4f4d2a6ea7698c0c6984a9b2646cfac3fbcc3c2ed76d2adef9c5e7,,,a0907458e39c8fb283daec0092b7ee4826659d1f8747011b9c88e2731d38f4c8,8b688f954121def249693295bd3430ebb08f6be9f5f37867645687cbde029673,P1,1221280555.623522,h09,1202142649.7680836,19137905.85543848,14259995.052117981,0.0,NONE,686855.3732090498,0.0,NONE,0.0,0.0,NONE,b7f15edfde6d4071ff12ebd3b1bf82fa86e8da2d4fd36c9a716680e9f389444c,1983b21ce001238a0ecbd7326dd0a98420fd407c476f027a1bef44a1591f0726,c62849d21859bf8c6a8a5581a9853918d0565e2f76d73c64f450d470d3ca310b
h02,LA-0349,349,a13fac328519453bbee1dec8c125b0a9799e9407a66ec9ae666070e54c274bb7,23,19137905.85543848,A1_FINAL_NO_MEMORY_V1,A1_FINAL_NO_MEMORY_V1_R1_WITNESS_GATED_INFEASIBLE_RETRY,certified,PASS,5,2,0cebfbc4bbf8f5246355160012f549087abf5de0b5f5981a3f4292a915549b2b,,,c13b094d9a1320a3e82687eb3c118851eb450387a93747446075eb772c552a97,c526cec696c0b2254a7cdc1651cc9e6265d6e89ae78e4571153958b71d41410d,P1,1239632077.264095,h09,1220494171.4086566,19137905.85543848,21622869.407663703,0.0,NONE,356046.9853006866,0.0,NONE,0.0,0.0,NONE,f0c9b4fa86f690ddfbbaf4211daa811e7a1cfd0c04e923be058b4ee6fcc05294,c2c30ce711a07a5c2b470a4a31c1a74864664be71688b7abfa27ddd049cf2634,8948a75374f6fd975d89262e878fe65efbd066724f34ae092ea3eff353ad6744
h02,LA-0460,460,37dfad7be959263ecce1cd54aabb1f0f5b60556d7a5f449d2dde0296e586db54,23,19137905.85543848,A1_FINAL_NO_MEMORY_V1,A1_FINAL_NO_MEMORY_V1_R1_WITNESS_GATED_INFEASIBLE_RETRY,certified,PASS,5,2,5151f489fbe7c712786a250242269b117118b7d2278f4b002095cf09e8ff9719,,,1a2a34220b9a924c0d8e071e902584b8c17b30e6706d217cf4112ef2bd16db03,5f1275ad1fbcda5c7ed7beeff659c90ec703440282dab6263ffbd2f4880e8e1b,P1,1223726355.2354798,h09,1204588449.3800414,19137905.85543848,14937905.886059597,0.0,NONE,656397.351070871,0.0,NONE,0.0,0.0,NONE,cbd928a68e1b6263a90f609355c6a4c9b188ae83ebd29a249d0f4478d5364602,228489daa290d1e95435524ae0fe637fb0518291c9d99ebad9ff5a7d0e1b36b2,8bb6f96d74daab4f54f8294c104bfefa930f5199cf92dcb0d8a25a20e8a12823
h02,LA-0561,561,73dd93caf509846cc5710ab0f5b4d5b3114929efd58489783f34388ee3b681ab,23,19137905.85543848,A1_FINAL_NO_MEMORY_V1,A1_FINAL_NO_MEMORY_V1_R1_WITNESS_GATED_INFEASIBLE_RETRY,certified,PASS,4,2,762774775d7a33c8352b183888c06168d64e54ac26cc1b40e8d4f5bf61acc682,,,d7043a0cf057a3efcaba90e0331bb07e4d65b3b00f131d887b6d9a3f4976f234,40a6905d787113641792b6f56d351461a78ded81c41ff79360f33ddc61c90a65,P4,1211485977.8549132,h09,1204213899.0331867,7272078.821726525,0.0,0.0,NONE,0.0,0.0,NONE,0.0,521824479.949944,R0,e0123ae6b95f5d049a34b9f1bf279005c1e08e1d550f891abbbb37d9e08cf782,927a9cb85f252cfdaad6ca13255eeb4364edcc2287a5c5730e623ccccb0b7db4,32b4fc6d127953ad6df2c6fbf74b8a3e367f01d72376d9d324e38bc78cfc03b9
h02,LA-0563,563,a93264f0e144faccdd338cf2e8d48a820c54bc1f6a529a554fd7b4af6e8e27f0,23,19137905.85543848,A1_FINAL_NO_MEMORY_V1,A1_FINAL_NO_MEMORY_V1_R1_WITNESS_GATED_INFEASIBLE_RETRY,certified,PASS,4,2,91b2a0a7c998d34472383020106ddb978ebb3d3bc9d1b30b4ffec9f0749fb676,,,d7da170f857e823308af0b90077ccc68a8177aa54870e2b42e5b7873bac1c5d8,c69f7dd39ca658fac5de2ce221b5f584a79dbb0f4afa219f925b39cc1f20065e,P4,1141896801.8584661,h09,1141609833.3870263,286968.47143994115,0.0,12487768.167985333,R0,0.0,0.0,NONE,0.0,343580130.2353977,R0,32cb1d395e680f8ce8d76c1f72a64e4e3d8f56948e253f5b586149a178fdd174,d0ac31351bd43aada63d8fe5d8a1e4affbd940d768164954d7e3f5d638a277f4,2d6bf122be2e26b49e505da0fce8dcd394a81c47d8db2a54b1ef40c48efe56f0
h02,LA-0925,925,4dfda4bc0ee7248e080300b564d60d5217502a1f39ef08a8cf411018fa42116e,23,19137905.85543848,A1_FINAL_NO_MEMORY_V1,A1_FINAL_NO_MEMORY_V1_R1_WITNESS_GATED_INFEASIBLE_RETRY,certified,PASS,5,2,7ca88d0711e29dee3e79ded373a2439fedfcf8f28f9be2ae39e53053f155062a,,,7cff96b475ba8255b25485c381e4a8e7c1dff28d69a40d63d8ba0a43248d45e7,a14987f1c27cb35e0bce44dce59f1f75a88b66c9a4f053665b9952c448ec4efd,P4,1227665391.629992,h09,1219037472.1888132,8627919.44117886,0.0,0.0,NONE,0.0,1515150.0263708746,R0,0.0,0.0,NONE,0a4975482148d39fc632c9a42d90ac818cfbaffa241189c77985d77317bce630,5347f99f745abbd2a395d29a46d94165ed289b7fbe9f33c7d6d5d21d75d260c6,38b9a4ba709d709145e907b23b512ddbfe4e0ea5a876df6581a9a13d1f82a9dc
h02,LA-0803,803,6fab487f0e10f651a0bddc12ba6823cef3f62e8a9cc929292030385a0f8776dd,23,19137905.85543848,A1_FINAL_NO_MEMORY_V1,A1_FINAL_NO_MEMORY_V1_R1_WITNESS_GATED_INFEASIBLE_RETRY,certified,PASS,5,2,16e799b3943025a25bf82acba1ec7125ede26f2762598d467d5b3cabaee4ca4d,,,933a897ccbfac75bd49ad2c75539a096844d7622d55058d7b7b308e85c822478,138c2cba6e52a0e4b26720fe6bba70cd026922e1341a49306d61724a4348be66,P4,1196349260.8235512,h09,1190631943.510422,5717317.313129112,0.0,0.0,NONE,0.0,3597497.3167230138,R0,0.0,0.0,NONE,a4f997a5a28002d8d0e3618097cca5aa5ec46722042d75eacaf8af7ba1029b69,52be84c72c99da32ed8cc9a791ce0cc02fca980005653052cf914565558391f7,91adf603f842ace1563cd3a3dbe8f5ae6c5e579a6b0c8e29ad9526508a808338
h02,LA-0008,8,ac30e053d86741bf9a879366d9c9e2bce5e3aae131aedc9e7814d9d440230770,23,19137905.85543848,A1_FINAL_NO_MEMORY_V1,A1_FINAL_NO_MEMORY_V1_R1_WITNESS_GATED_INFEASIBLE_RETRY,certified,PASS,5,2,09aad4e06ebc68d6c086672679ecae5c1959c24572a228c61ce6a71f0278d2b7,,,2ad91215825dca8e287bbffadc9ef3480ffe47a515b2acb609948c439976a246,a096a2c4c9528d6431a28066d605f596b82eb7b76de9aab0ab7303238adf1d3f,P1,1234247683.2378776,h09,1215109777.3824391,19137905.85543843,18778115.09301475,0.0,NONE,483859.6496734721,0.0,NONE,0.0,0.0,NONE,d2c6a62ebd4748c64e5cbc15c6e2c699be2e9c507444fa51562c24d4b7280e9a,1bece451a05b4595e082d1c62a82f615a4300f5ed6f4706723749f7a4303ee2a,3af60c16b6ade13f8e34f9a443d1297e512b096132cdb17671a5e3173f26da4d
h02,LA-0461,461,184b287513636ebe7bd9ca5488dcb7410b9ca7e7664c6aee5bf73b97632c0a92,23,19137905.85543848,A1_FINAL_NO_MEMORY_V1,A1_FINAL_NO_MEMORY_V1_R1_WITNESS_GATED_INFEASIBLE_RETRY,certified,PASS,5,2,16d3598945acb181763b6e32127e602c441007195f1659da05cd6b43ef5d027b,,,16e3891b6e8b81acae197a05226057d3808a3c2d9d23c53b9045f09a0f704764,0133bcf7906845fa1d146eb5bafce978c2134d1b9e28265bc560546585ef7c93,P4,1219154934.06695,h09,1208086746.9357977,11068187.131152311,0.0,0.0,NONE,0.0,0.0,NONE,0.0,257070351.20397595,R0,31b0385808152912a2c87f8b6270a4ca3a7f712bd77e7c3c0c04aed96caf3d42,4aa54ec57ad3f7cb0dfd4d39be2191786c6888b6226bf7d38b0441101cd1f02b,2cc613eee5cab0f7342e9b44a6eaee4fdb38b3e58379fefe19a8916f7f90ce81
h02,LA-0873,873,62d8f2da72996ab47088a679ce3531db4fe4083b6480d3cf8e951b952bac03ae,23,19137905.85543848,A1_FINAL_NO_MEMORY_V1,A1_FINAL_NO_MEMORY_V1_R1_WITNESS_GATED_INFEASIBLE_RETRY,certified,PASS,5,2,4f844ff13a7169bf08e8648560d714ed195b7c21b8f99e4f112dc5cdb04e5751,,,c7bc55bba34664942d76c80e383e5a1196a736b13c9ad25e903847761461e219,678a3e072e37a4867a892117a8d9070fae3f2a5fb70847d8853ef9dcb8db495b,P4,1240954803.5067713,h09,1232892096.4133434,8062707.093427868,0.0,14409950.081864683,R2,0.0,0.0,NONE,0.0,30343254.619230025,R2,b5fcd844f9f147feb4028fbee3cb58be2c5060f18e1d1dc25c17773622cbe36d,0f039721d61a964f3c864b02d6567b2c27986e7964fccdd473c179bc4ee7b992,08cd71730a6ad04b854195e6537c17045d487649d18deddfac3ac3f7a1b71acd
h02,LA-0954,954,438bf8be3d7ba9f599cb016202b889d00632d54bb6ceb410e293bdec8e8727ce,23,19137905.85543848,A1_FINAL_NO_MEMORY_V1,A1_FINAL_NO_MEMORY_V1_R1_WITNESS_GATED_INFEASIBLE_RETRY,certified,PASS,4,2,4bd824694d3ad19e87df8c416d4fd40ab38c830487d947cfe13c207ac23c32bd,,,aa517ca80321f5ecc061e6fbc91743fea06b812e29b476971132ba93262f772d,25bbd790ceafa23c2e28d4a4d333da63db10da9e351913de79bf52734bd24a61,P4,1213627651.4552743,h09,1203224710.5045357,10402940.950738754,0.0,0.0,NONE,0.0,1430459.633344452,R0,0.0,15931062.008389061,R0,e20f32f17f4db43d38921fb215374f5091a24b9a78efdaa7ff2e6b1c679bf6f9,f2d6e59ec796256dae122a6e3fea2c96a10131be7a330f3e4534e17e43fd5794,3b9c9f5bd1070cebbfa3e32a4d13b4a9c594ad45c8f2b1d71b4dde7a8824fbf8
h02,LA-0631,631,07d3cad6cf5a0d9c3c1ef47e5f6e9390bfdc4304c3135b83808496244f25881a,23,19137905.85543848,A1_FINAL_NO_MEMORY_V1,A1_FINAL_NO_MEMORY_V1_R1_WITNESS_GATED_INFEASIBLE_RETRY,certified,PASS,5,2,8c7b68cdb9c311fbfa13e5a9a1fa4abb9f454474b8212c315a1f9c7e1359954a,,,1661f934bc9efb0a4abf6097501aa68bac376d0e089d81656e236da7a77032a1,e23b844bbb90596f9bcd258e871bce3be009e672ae474db8110af7f3ca01a8fe,P4,1225624361.9278798,h09,1223712181.2739847,1912180.653895025,0.0,14842168.354678974,R0,0.0,0.0,NONE,0.0,89614878.19164844,R0,e354e4bbcb2e205671269d0a7601626455da2ba4853c26710ac896a576f314be,c12455248c4548e98eed24aa30cb4975588a28d258fcec31f3ebdf535c44a1bd,cd2cfd3b32b30e2122a35437373139acccc2562b831e175b9a4e42593c46716d
h02,LA-0266,266,eab26d7ebf4c5345cb3622197d28a1aedea07a1f2294362c05938c5a511198f7,23,19137905.85543848,A1_FINAL_NO_MEMORY_V1,A1_FINAL_NO_MEMORY_V1_R1_WITNESS_GATED_INFEASIBLE_RETRY,certified,PASS,4,2,367a05e3c549f2ee5c85a14bc3337b92212235ebd28a8a414bcf763034fcda98,,,4de0678f917fd3b45f186790f1c965b98fe666e28a0f0eeb36935ff87c6afa71,08e8761301aa92193795eea6383af06bfb8de210c5e5730961135d2203af5ccf,P4,1181826527.8987134,h09,1179519137.6618001,2307390.236913167,0.0,17200295.366992086,R0,0.0,2000727.61821588,R0,0.0,0.0,NONE,d630f969fa2756e3bf15584c6460ba6db986bf1e498042e4ddd0dba3592dde34,4b01d45a8179decc85e6235ecb7907e2067f14c853bd157bb7dc329fff48f6a3,4ac8344542d1314dc644b7807f0f64844e51649e01e6428cec5d41b69da65a0d
h02,LA-0537,537,8cc3f0d9b6151900abab4598bd88273e02d9ec429f1852718dda2b1fe78019b9,23,19137905.85543848,A1_FINAL_NO_MEMORY_V1,A1_FINAL_NO_MEMORY_V1_R1_WITNESS_GATED_INFEASIBLE_RETRY,certified,PASS,5,2,797664b5e30fe8470488872432e5a56c98b7a837d4e8eab7d3e638cbe7e568f3,,,c2c732e3f1dc152482edc7a6b20a3cb37cc61c12ebebef7e1ce2a44275a50dfc,386c1aaeb6ab8b882dba5a0dd661e7ab34cde5d525fbee9e85b560bb6ffff24f,P1,1226390248.0939023,h09,1207252342.2384639,19137905.85543848,15753603.104275709,0.0,NONE,619748.6906769631,0.0,NONE,0.0,0.0,NONE,898dab073e4f5750107e9878b918ec59bf387e93f3dec52a0a6932102fa113a6,eca0177cebf96a0192e42ac74ec7bd1662e2d47ac98f90980aa1f64ff6da6c21,bda36cfe56a776701d083da7be653f29e7ab7a2dd9b9c9244adf0e2c2811e502
h02,LA-0751,751,79eef204de41371d5e89de96ebce35f83affc3181b8f7c142fb847c7e50dc8c9,23,19137905.85543848,A1_FINAL_NO_MEMORY_V1,A1_FINAL_NO_MEMORY_V1_R1_WITNESS_GATED_INFEASIBLE_RETRY,certified,PASS,4,2,2d999df25afd4bd71826b44bd21cec75e496a8b8b5e8c93eedbf9e98bd8921f7,,,ca78d9d02e484d989ae223f253544e12454c4bd679e56e308ec9df8ca44c755c,39df933798f8f15f115508e8cf77662f1cd7864664013f056f16126a45c7b41f,P4,1189529292.777633,h09,1188980496.0433013,548796.7343315277,0.0,0.0,NONE,0.0,0.0,NONE,0.0,287105794.1414695,R0,eda3de3118d303b001d1b6c32c3798bec5381ccd9504435ff792c933e4450879,1020b4ce6bebe5a5b3c1ad20a996d3313c977c7f28b4bdcd8216f3028f9d726c,a7647b74a30a12a894d7aab50c244d38ad056b7d4c1698e0f3771b8e0a2a3b80
h02,LA-0580,580,a98d8839ce3abc6204fb767fc7db0c8ec24dcf5c8ad37f4de32f87180ccd655c,23,19137905.85543848,A1_FINAL_NO_MEMORY_V1,A1_FINAL_NO_MEMORY_V1_R1_WITNESS_GATED_INFEASIBLE_RETRY,certified,PASS,5,2,ac91b962d0957d472e3d0d8a5e060dbadb5720c78304a24dab4a2c3896d22ffd,,,9fe02ed9cce95e77365233ca1d680dd6289678a2023c0fc81b7f6ffd6129328d,0f365c1799ff423412006422ae5e89ca10311732f30f2ea0d6e92f211bd100f1,P4,1235211324.985984,h09,1230716422.8494813,4494902.136502752,0.0,14654706.180366103,R0,0.0,353216.7934376368,R0,0.0,0.0,NONE,2047e34a3e909d63a4d8e99bcbcb7c8328c9080142608da273217168847e01ad,bdb25e999d56a0a3ffa1390b473c9238313b5ad8ad8f41a404a93fe92c9d24c0,01ba9f59234a083694d8de1bd8d52d30e2eb06da68a7c206dc59b751f63b7e09
h02,LA-0675,675,491bf922be7d5f940c1e726f7e4f8777f0e67c2e6ae75e5a5691e8204bcba683,23,19137905.85543848,A1_FINAL_NO_MEMORY_V1,A1_FINAL_NO_MEMORY_V1_R1_WITNESS_GATED_INFEASIBLE_RETRY,certified,PASS,5,2,108a60d9fbddbc4b20404c833dc324c4815b43e3c96e517890abc3c835a446d8,,,4f4ed6ec1854051de2e74d82e8f856eb1da64324870c086dab3cccd4cbb47d86,15d623f1c7705a153ad26c5430eb261d5063ef270a6be49c83bd8e78ac12bf7d,P4,1187020716.894539,h09,1186753424.98558,267291.90895926394,0.0,25499872.57512074,R0,0.0,0.0,NONE,0.0,406452546.82605785,R0,fbb0235e00a5fb8bb4b773c3a4e3afbcdbf5bda83ceaf0317dfc6444360ad317,42d3c222b44133b2f861f7ed0712632f88b189026df71ee4b2e90b940c646779,994ee0905c1ba68fb0a1208e70065221da9c0f1d4d6decd880aecd4f4dc2035b
h02,LA-0291,291,9c295c9cdc825318f593bdb2682c866fda5557c46098cfc294a300c2218d33e5,23,19137905.85543848,A1_FINAL_NO_MEMORY_V1,A1_FINAL_NO_MEMORY_V1_R1_WITNESS_GATED_INFEASIBLE_RETRY,certified,PASS,5,2,02b3b4f60730fc9525fd73343ab5968915643d196ff9a78ff802281147d5048b,,,0928da9eca0b7d610590cebc2c37ccdae98f20a94fcfbeac4824ea82581ad237,290c797ed1f6985a5f4b41e367834aa6ba60eaffa54850c9d43f328e235578cf,P4,1161159235.7410445,h09,1156973953.0060554,4185282.7349890876,0.0,0.0,NONE,0.0,4565251.723767902,R0,0.0,0.0,NONE,8affdf805202767c7b3237c2ef6ceea76cf7dbbd71803bf6ee9a78358dbb083c,520f96a3e902903321b4a4b8154a3534ccda87f3073e9678bcc30b9bbdac6aec,adc788f2425b06ba5fa2463ba714dfe315ea87b15bfbc2767c60bbbeaadf36ee
h02,LA-0482,482,0bd992751094c8330bc67c579f397c5ba346cdd3b763d1659766bf862c8572cc,23,19137905.85543848,A1_FINAL_NO_MEMORY_V1,A1_FINAL_NO_MEMORY_V1_R1_WITNESS_GATED_INFEASIBLE_RETRY,certified,PASS,5,2,554486a6fe01db5ae96fb8ee635f1b7df84a6f9becd6bc8ca0b9a3da1cfae6fd,,,80d62ea9f9cf4a09a7207255ec2429f3232082570908dce0027673b2a0fa48a2,9994c24d1413c20b36c03af5d93b33de98fb799176941732232f939c15ffd042,P4,1225508087.4866183,h09,1225042844.2205155,465243.2661027438,0.0,16015968.462868473,R0,0.0,0.0,NONE,0.0,97179766.73065722,R0,787de33196d3b8f9eff709355ed0390fb4266cc10f09379abe6afb4e80202b9c,dc229d2203e7226e86d1b87d4658d8fb73a3329c2fdf17d19636c8153d22129c,9d67f2768c466af5fd190c3c747160f31a616a5005764f128e87dd58617e1c37
h02,LA-0568,568,892be4e601bc7b28e19d70e67c8042fbb6425f462aefb05dc2f00fdb6d1c8992,23,19137905.85543848,A1_FINAL_NO_MEMORY_V1,A1_FINAL_NO_MEMORY_V1_R1_WITNESS_GATED_INFEASIBLE_RETRY,certified,PASS,5,2,99bbea4e87388bc9822bb0cf3e994f9f404c3a64f44c1b9ae32358b9740413d2,,,6a8c9cb12306ef43297fdec7bbc2df4bf6f56ad5000edd7e6e9f706f08e1e1a0,7e7a9a2e1d350ee2db6dede2a0cec3e144cc21ef26b1d7c00cd17752d60c73a6,P4,1238060229.0029867,h09,1233052405.947129,5007823.055857618,0.0,0.0,NONE,0.0,1850922.0147475835,R0,0.0,0.0,NONE,216673accd67df99aa4fde19a8f3e92334534c7427078c77d6c4954bc18f51bf,27e18c5a8b023536f7f569f1e9a40eec96872270208d04cd3a100ce229936863,90a09963c36437859cb59fee02b9c0880e6e5650ce5413f294a22557737b2dcc
h02,LA-0800,800,ff13f8d0dba72ef747962df03f8dcb74640d3949112a9474ed7f575d1b65b818,23,19137905.85543848,A1_FINAL_NO_MEMORY_V1,A1_FINAL_NO_MEMORY_V1_R1_WITNESS_GATED_INFEASIBLE_RETRY,certified,PASS,4,2,18a6a4942d969a9d97166065fbb0cc9684d1c4109cb21dc2c78000990a200099,,,0fb619980251809a4169dce6f9bd67cd4365eb3d634cc497a286ab6108b6c0b5,23862cb1e803758c127b698a8142874fb1879502ab42d12d1cdb5d5e9fca6ec1,P4,1208818389.6619143,h09,1200010412.4605317,8807977.20138262,0.0,13367466.762139332,R0,0.0,0.0,NONE,0.0,138332685.04887038,R0,df64e641fcce02c5115aaf9ec94cc7eb372904f00cdd705d00e18f3262fe10e0,7cc69b5bde11bbfafb7a4611bbb99caa5b7d446a61238579921bc96d72722a4f,da82ee469ecf6d62135bcb531c2f8bcd50209b5d440ff7d0c721d250ea48aaf9
h02,LA-0187,187,ebee8966197c6778cdfd3c9b74795a537c827852e85459ac6b6a5f4b809fd5f9,23,19137905.85543848,A1_FINAL_NO_MEMORY_V1,A1_FINAL_NO_MEMORY_V1_R1_WITNESS_GATED_INFEASIBLE_RETRY,certified,PASS,5,2,6717ac61f528a2b6ace9b1f7cfbdf5715f5c66661d9cec7a99d55feb65695d1a,,,2968e2fd72ba5b9b14afcf7f941f455c4c2145345e691a8fbaf967a98bc33cc2,f8d29718118a6e091b351d09bbbfabb27d8a24663421c18be58c424099441ce4,P2,1224255052.0053172,h09,1214123681.2027757,10131370.802541578,15218806.534391966,0.0,NONE,0.0,0.0,NONE,0.0,80140447.14419809,R0,df805948627c0a94008b57494db551814e34aa6c3517055807f37f47663e9523,76bd37ac8549b1067c9838a7d10c5001a22d17870956c30f717c70a0b47e98d0,85b05c5e20af7b28bc55384ae4d64618fb4d37c1b827fd1b904fcb10d9d88281
h02,LA-0814,814,40c804a4dfd5fd80fb434378b2ece88893d2f079a5368913575cd0db54d7c969,23,19137905.85543848,A1_FINAL_NO_MEMORY_V1,A1_FINAL_NO_MEMORY_V1_R1_WITNESS_GATED_INFEASIBLE_RETRY,certified,PASS,6,2,5d43aa3c2a44e06771b2c4b3354e3f50233729ac9f398fdb7dd3268dde4786d7,,,dc6564e2021565e75ed6d35b8ad5ebdc5cd118790df1b14498ee746f20642b69,cb32a1add446f7a38c2743b12f5650275c891cd1e17e9ed5635d4449318d8dd1,P1,1228176645.8955712,h09,1209038740.0401328,19137905.85543848,16352403.787141168,0.0,NONE,592845.0279208618,0.0,NONE,0.0,0.0,NONE,cdeabef64b98d7850b0de0bd4ac03336fd6bd172d1f670749540dab7b4aec0b1,0a1dd6a8fba385fa8227ebc3cdf572d163ada6ca9eeca33e3b0b00bcdf1fd471,a6134015abbeeaa9bd683f27963b8b796b3c13620e84ce3b20911f1ba2af025f
h02,LA-0420,420,44dd35ee7eec6c0c01e88ef4a6c5181d8ca1090dd72c4a0bc9649023e3942e24,23,19137905.85543848,A1_FINAL_NO_MEMORY_V1,A1_FINAL_NO_MEMORY_V1_R1_WITNESS_GATED_INFEASIBLE_RETRY,certified,PASS,5,2,18c4f8223eb1c6bea3e1d04d259dc051b335fa81648ab1f9ca004e2c4c27d8de,,,7b8fa4b0b7475bec3e73f8d3961530c6fca8c997677ed9bd603c2b969a635d19,f0ffe4d3fe2eb85ccdaeb6d0db77f725cbff0549317eace05e6ae43bb3524608,P1,1240662526.8156593,h09,1221524620.9602208,19137905.85543848,22268483.974312868,0.0,NONE,327040.0100774164,0.0,NONE,0.0,0.0,NONE,1f5c80bfc8b9c9e26c9e2b01150bcf1754091683de243de33e5d650bb1c90205,f3d012d328229118550f6aaa3f1a823191621b600bb2afc2fc6660923bd5c007,1c456b5f85377d27c289a24e619f36390573d3c04ac34e64654a9ec5ef9ef216
h02,LA-0222,222,b4857d22595373a3c8a611d1ebdf1d18a9f544bc795d256727fccea25734b07a,23,19137905.85543848,A1_FINAL_NO_MEMORY_V1,A1_FINAL_NO_MEMORY_V1_R1_WITNESS_GATED_INFEASIBLE_RETRY,certified,PASS,5,2,ad0b02242e7c163e1e558b7c6b12bd0e568eccacefb944c1adb6cd91374d2231,,,827c3eca0e77949113c662c9c79f7cd39d9b8e0d75e63aed3ffc65758cf6e225,62d8af37660afe353b893e8a832935e5732f508148af395b5c83a684572fbefd,P4,1197951730.928874,h09,1189565873.9160357,8385857.01283825,0.0,0.0,NONE,0.0,2151157.081962004,R1,0.0,0.0,NONE,68eafed609df42dc523fba49c5e359d151a7de334e21474d7827ed53ae8f0b50,723f9a08f6029bc72e898499df4d734c127a0cd40fb2dfe312c243455cd55e25,5d1cce9414335f732f131f9717a101b4d1e4dfdf374b8810f2d1ac5e840ea29b
h02,LA-0513,513,71004c4d3556ea462a974d757473e7bb255c893ad63b556eea83e286aadfae44,23,19137905.85543848,A1_FINAL_NO_MEMORY_V1,A1_FINAL_NO_MEMORY_V1_R1_WITNESS_GATED_INFEASIBLE_RETRY,certified,PASS,5,2,e653344e3555270902688c32e9325b91de3b4bc661be387e40de42149af58bcb,,,f1a0aa0161fb65ecdda9872566a46106dc59507c6a693dce6959eb9fd5c13f1c,9ac3a95fd7a78ff5f78a74ef04cc2dde99f6be6c1aa740b01ea0094fb5213ce3,P4,1232808992.8743656,h09,1228475546.791354,4333446.083011602,0.0,12870027.720875375,R1,0.0,0.0,NONE,0.0,53990454.0361676,R1,8014d0ecdd9292ecb2b3b7cc4827120f568810e47c6e1419a1f61505b2be1c8e,02f65c5a70624eb8e05cd9444ea2ef66fb5286f3a47e936926748058613decb5,162970626f26feda7bf78bfed91d0c2c10d6e0ee6968a69c3dd22ad3115a1824
h02,LA-0061,61,cd7ba256524cb036f33013c1005baf2ca2bf23e5fdc7a9fa10871d5c2a2e0738,23,19137905.85543848,A1_FINAL_NO_MEMORY_V1,A1_FINAL_NO_MEMORY_V1_R1_WITNESS_GATED_INFEASIBLE_RETRY,certified,PASS,5,2,270927cb0db9aa2db47ee89b05ebeca17eee2bb0af6ad30b25de99014f4b053a,,,731b74f1afed287c6a869de26ce002a6bc321485917f9ec603cd9c24b7e4a1a3,34a38a92fa501316b8d40757ca8d84c12b456154629eeff941c2c406a65f0c4d,P4,1226637819.8279154,h09,1220492763.3609707,6145056.466944706,0.0,0.0,NONE,0.0,1582022.3505851713,R0,0.0,0.0,NONE,720fb65eaa7ca633d811c79677a504df9c480ccc1154d32d8428854b59b85f03,7d122bcc9dd9e5b3379db631fa3f077f9f95a1fa37528da846e7355352f61895,cb8f04dd835dd0ca4f8024a3b6edce6de64431383c0ab4007170fba060699cf4
h02,LA-0619,619,9298f5fa007a94c43db3240911aa6dfca9adba39438ecaaf7df189147ae08773,23,19137905.85543848,A1_FINAL_NO_MEMORY_V1,A1_FINAL_NO_MEMORY_V1_R1_WITNESS_GATED_INFEASIBLE_RETRY,certified,PASS,4,2,4bc7510a9d96fd764d8d004fd792a83a954c6c267e875e58880484d1d7ad4914,,,e580e23e43bde0c9eb808c23d677c491347ba86f1b67b3d14861f519971c4795,3c7cb333863bf1f54e10d1e150bf446039cbdc2d8d85c531c943ec0ec6368d7d,P4,1179550996.2991662,h09,1174787348.711534,4763647.587632185,0.0,15612157.58275886,R0,0.0,1877363.8682975003,R0,0.0,0.0,NONE,681c10e4d742d493cf7dc778a8b375099686499a3953954f257c5aa848be434b,c3ca677c1945b74ef266e0850732abd5636aa3f13360b27e38cb8011dd2acc84,03e3096e19940df5fcade567c97caf8f140774bd569a59f8a4708326d7302424
h02,LA-0234,234,8e316c08f7d87d64aec2e3e6f08cf315a53267d5c84dae77db84879e2cf7e9b1,23,19137905.85543848,A1_FINAL_NO_MEMORY_V1,A1_FINAL_NO_MEMORY_V1_R1_WITNESS_GATED_INFEASIBLE_RETRY,certified,PASS,5,2,a619506e3c58e31656ec8db5895464c9ec51b05948d0fda98eeef12ab6f81992,,,b10680e008dceb3390562d4fd5bd92236a3fc7c8eb2d67690d3bb535d26edacd,c11417f0799ee9893edf65f276ba9e540e5eb719a6084e26446c326e2cdcbc6d,P4,1188303790.282302,h09,1185067457.3715084,3236332.9107935824,0.0,28956979.70726505,R0,0.0,0.0,NONE,0.0,452027045.460114,R0,c65a33ab5feff62165744e7fb5d7dbdb0b7aa5d30796cfd11a4722c7f3dbb800,74cb40d6d2ea8aaeee1a8084dc52f1aa9fef0da1e4644a6d63c8a3da7126964f,b9c2eff8753e4cc4280fb9ed8b1ec548cca8299ebd4b390379802eca877e4f81
h02,LA-0105,105,642f0850175685dc6c38e0ad36b478de797b9a46c9c62af62834484e36409f24,23,19137905.85543848,A1_FINAL_NO_MEMORY_V1,A1_FINAL_NO_MEMORY_V1_R1_WITNESS_GATED_INFEASIBLE_RETRY,certified,PASS,4,2,343211b1646271ec8dfe1f94cf88c43f48eb034ff7165a205580fe1137233957,,,17ab37a76e56dd19388b660070b7b4b91da634310bab146ae94c72dbd627e66d,7961b12c5e1a5ea95347c4fac54cb78c6e3b60874c893eed82d40f2fe4630d44,P4,1160345319.1295152,h09,1158749521.5731466,1595797.556368615,0.0,16918554.64198924,R0,0.0,2595745.467201162,R0,0.0,0.0,NONE,62dbe2267f2e4db1eb24c2ab829e0dccd3eccd9a6cf07bac2364080123e82aa1,cf54c71c245c044c059ec68c5b839e8b33ecb70cc8c49b24a39c2684317b0cc2,d8f2916364e5054664989e9ff6652f1d950f44ce13276ff5638ae381c8902d85
h02,LA-0268,268,074b7731a42c2cd981411c89954570f913a3b46b63deacef6774fd61ccbe4819,23,19137905.85543848,A1_FINAL_NO_MEMORY_V1,A1_FINAL_NO_MEMORY_V1_R1_WITNESS_GATED_INFEASIBLE_RETRY,certified,PASS,6,2,4de4c4f0278ea7cb20339dcaaeef9ffcb3febd6ce171ae0599c6c50164acf603,,,89943a21b5acfff40094db81dd880a6a736946743a07d56b66bc750a05a61231,5fe321aae88e63fb9246500b6f0078562ddba0772464970637a93bf4bbdc796b,P1,1222267620.4113657,h09,1203129714.5559273,19137905.85543848,14526039.914371157,0.0,NONE,674902.1783365898,0.0,NONE,0.0,0.0,NONE,a5aabe3579c75c016b878158c2cbfc07454b4949fe01ffed423c23fd86cf7ee5,9aa16d22110d7c9a4b99f753116e9ceb7ff298c3c3db50e64a454d4db3c64acf,ed2868f92bcb734888e8e4a28aee9d23af4dc08d0064d20fec899356bd7c4b4e
h02,LA-0734,734,12e799fc78af354e664a13c6737226bda8439a8efaafbd34bb8017839b6be271,23,19137905.85543848,A1_FINAL_NO_MEMORY_V1,A1_FINAL_NO_MEMORY_V1_R1_WITNESS_GATED_INFEASIBLE_RETRY,certified,PASS,6,2,cf8e533376859bf205eabeff9084e41909d2db635f2f227a978902fe4c3d5256,,,8a16ceb1d2e931cd8077d06325345e0591122664b2a68be8fe255ff139043d8e,c37ac774940691b23bb142508f5f070ee0f6fdb91102f8cfdda27e5366c9816b,P4,1231461100.8695784,h09,1228384859.970919,3076240.898659511,0.0,34154191.84593291,R0,0.0,0.0,NONE,0.0,155086582.58991155,R0,846d2b04f188a1877000d1da6fa49572ebb19590a55ab628bf40db484205bc31,863190ed8ecb5e59dc928db20fd416551148f5e1e08dc59e5dca770eaff6c116,eb5328f0332d369a5f06bb614b9d74fb5075b910d08a2b57ec609c6d8cc7c3b5
h02,LA-0302,302,ee30301ae5d9ebcffe4f347cb88e044583d130a04d060a932d6b5e1d5e66f19f,23,19137905.85543848,A1_FINAL_NO_MEMORY_V1,A1_FINAL_NO_MEMORY_V1_R1_WITNESS_GATED_INFEASIBLE_RETRY,certified,PASS,5,2,44d0d3e72932b86eb6e3522da3736c8ba012cb818ce4f5906d45b0f0bf9e417f,,,4382556060783aeb6cf2d58ca46978ebda4dd6a88a3d32acce6385610007f289,9c798ab72bfd4b72cf3da32b95d8252ada6e6c87f148cfa0b8d6e6ae95ee874d,P4,1231964682.2858036,h09,1222257346.746313,9707335.539490564,0.0,0.0,NONE,0.0,0.0,NONE,0.0,127194018.51963937,R2,31b0965c3fcf663ee5cf72c0780e3a3a21fe6a424e28bdc6802dece3bfc9e70e,038973065a5779403dffc4b49996956f852a96cbaf8db0cf59df765b1342b509,da82ecd89359bcca11a0d6c02fef8fbf6c8317895fe318df0bd67e40141114a6
h02,LA-0017,17,9d8be22567afcabbf94ce470787e9f63ad71892883ca72fe79ea5ccd3e06ce5e,23,19137905.85543848,A1_FINAL_NO_MEMORY_V1,A1_FINAL_NO_MEMORY_V1_R1_WITNESS_GATED_INFEASIBLE_RETRY,certified,PASS,4,2,5bfa8a1678d0b7369a5f6385b6ccef5fd5c3d4bbaed29d9bf60cc14ffbba3a5c,,,1a75da5402d3ec6c57dc76613a777c44caa4b9b90ec02d656010990c4cc997ef,21f016018f331f24f372babb3a9ee296266a93d29999969bcf0204cb3085fe31,P4,1179450447.9848735,h09,1174498158.5464997,4952289.438373802,0.0,15852570.715621822,R0,0.0,0.0,NONE,0.0,283461579.0291942,R0,6035161caf811f9078127598f0e6bd9e6e5879192c7cf0faf5efbccab9c7940a,40a4a4a99e27395dbe584dee192111ced7c7399b07e4a229acbf5ecef0920b16,d8ebe450edc309c2c4bfba6beb23b70c3ebb8146e43a1e78901a341d843032f6
h02,LA-0923,923,86df9f8970c879fac20b8e9ef711983d5c6e554b1ebdb54b3419449ed043fa9f,23,19137905.85543848,A1_FINAL_NO_MEMORY_V1,A1_FINAL_NO_MEMORY_V1_R1_WITNESS_GATED_INFEASIBLE_RETRY,certified,PASS,4,2,8a8d9f9924a8ff53c14c8ea9d8c893281568dc5840b54b924dc1505e1f6f03d5,,,6a3d2e938a32638d0632ce341c4dd9067d1880adac4480c01496596f6bb53c51,e2887da65ec40d43a6358459dc1a59442bcd65c057424ad84e021947b9378a23,P4,1152764579.8615081,h09,1152723212.5647893,41367.29671872924,0.0,12781263.873211432,R0,0.0,2128347.66192606,R0,0.0,0.0,NONE,a0830c14718b42e96e6f282ada8f8875e523070f805bf73f63718990d0b50770,7e1731cf2792fda4b1935cf6e6dc73ae15fe27ec72273460bc424e057c38422d,16c54ae22da11d758234e477f32effe723fa4c826a589f8a102a97f54a64bbab
h02,LA-0374,374,7e1971ddc86b3bd821e7416c29484e656bb42690d3e2c869476c0afddaa070d5,23,19137905.85543848,A1_FINAL_NO_MEMORY_V1,A1_FINAL_NO_MEMORY_V1_R1_WITNESS_GATED_INFEASIBLE_RETRY,certified,PASS,5,2,d5ea2064f38a18bfa57c2a75c1369aebdfb442e45c9f6d48816e4e53d38d5b33,,,b8789c295ba570f9c1fd0f6345be41a527c85cf3f4924947b89756365ed58fcb,ff5974742d38f838a6763559eae89d95879c8005e7e306eb6a05567f3a956b08,P3a,1236266691.2061822,h09,1221187372.1855671,15079319.020615013,19925779.440348398,0.0,NONE,0.0,475415.5846246806,R1,0.0,0.0,NONE,fc0a358a293a0e26d023bc00d29efdee3964159045f18350d25760b487123b11,11aa378d9bb8519251e283229330a74047aed68ec150ec662f76e305fca049cd,ad1c9541aff6b84dc612927e1efc0dfbef2d2c28c70e354089861bd54a085445
h02,LA-0930,930,d733d147cd567bc1b4389530bbaa6a62ee7daa1f91430d98a94b27d7c899856c,23,19137905.85543848,A1_FINAL_NO_MEMORY_V1,A1_FINAL_NO_MEMORY_V1_R1_WITNESS_GATED_INFEASIBLE_RETRY,certified,PASS,5,2,feeea9e1ed74d38be17a102c2d13c8c1a0cc07e71c6ae6e617d787c62805e244,,,47f85c359f5e23a4b18f86325637bf8d0ecd0f7bed38c8874dda7efef016752e,f8a5f521c768a88e7d95edbdff3088ffd75c9c079c76fbda96479133df4035dc,P4,1240627528.9231884,h09,1234727538.7038355,5899990.219352915,0.0,16047573.49593032,R0,0.0,0.0,NONE,0.0,35138711.785304464,R0,fcb2cdad4f62ae27aadcfa39747759f24c499d82ec39693fde029ceea93627ff,b5a239f855835e5fa85787799c7d5f27f4b7b3b295efbaf3366561aa22bc292a,aca8182b4de669c1b800dc82ee70ed2ddfc4a8093a7c3c455744ba35736d75ac
h02,LA-0433,433,2122d3f36328d1fe940c02204634c6c71ee92980e3f03170baef3e1d272ea5e1,23,19137905.85543848,A1_FINAL_NO_MEMORY_V1,A1_FINAL_NO_MEMORY_V1_R1_WITNESS_GATED_INFEASIBLE_RETRY,certified,PASS,6,2,dd5fa5f16d3686718fdba72e23f531cafc160f294c12f6ec0a5476d86fc5a4c9,,,95ac35ed36fa1c69ef2f295d90d2e538aa1a8ffb36d1aa33dd95db7506dcd363,0b21e9bd3adc7d3d764bcaae40448e02d6895b78757e2f74977e57b1bdd37dee,P1,1230239603.001635,h09,1211101697.1461966,19137905.85543848,17103145.23447843,0.0,NONE,559114.7812893173,0.0,NONE,0.0,0.0,NONE,e25ddb2af0277a990ea36aedd8b07848daa02ccdd6044a280e24cf02afb25845,ef2a6d33d0ef2c650c970b82adbc379a3ef2700dfea727b7fdae5605aefb2284,8debc18ab83f51a4ca11be1699ff9fc465a1b7bcc132404b2040a485e23a5a0a
h02,LA-0947,947,b2f5e3ad7b573f22c1e4eff743ff5e7436fe4ea52f35ed6e2577f6a61c3cbf4c,23,19137905.85543848,A1_FINAL_NO_MEMORY_V1,A1_FINAL_NO_MEMORY_V1_R1_WITNESS_GATED_INFEASIBLE_RETRY,certified,PASS,5,2,2103fe402359a70e12593338835a4c17dbd2d1ba13c32b3d04bc56f3a26f9591,,,d119ec989587e13da68be0826a0f8a6a10d5d6c2caf6da84e2d6662203cecf0d,20b5b6cb14e265c0c350958e261d76228419c0f167956bb6941f2c864ef3d5b7,P4,1234118773.556758,h09,1223574556.2884126,10544217.268345375,0.0,0.0,NONE,0.0,1519999.518790039,R0,0.0,0.0,NONE,7386b0cf67d9de13e1c3b9b9216e40dd245767c5db7aa1a480d9b64976b3fa0e,4d7537761709200165691cab52a7d2e4a36570fa396127217eba6b749d5c7e75,742800cd1ab3cfb6e64921bb6687d2c72e579a76e82d321c6448d2ad2b438ca3
h02,LA-0278,278,8a9f5389b2d59254c37d2e9eac512e3b4d1d2b6c3c04e1a747a3d642668d13f6,23,19137905.85543848,A1_FINAL_NO_MEMORY_V1,A1_FINAL_NO_MEMORY_V1_R1_WITNESS_GATED_INFEASIBLE_RETRY,certified,PASS,4,2,ab2f7fa4b4ff10d9e221ae3d1849aaec8260d2fdc4f09e2d040c529a22145141,,,2ab117f3ceb985c24404bef9e582e50c08880117a2d4138a5428c99f01c71131,249f88a050b264cc0139bb9121baf6309d1cd62b9681847a4a6ff2c1082be45d,P4,1215561468.8613775,h09,1205833731.747719,9727737.113658525,0.0,0.0,NONE,0.0,0.0,NONE,0.0,202288951.101019,R1,fe9f0980beadcf4cd896ff40035271bbb9cc21b6c147b8fec764d956d5c71d88,c58177af75216f709f4c1b7bce0f8bbaaf8e31542d4e34aaf5a2899a9fb3943c,8eaef34e811635eca24a5d204f52ec107584d9003a44d3e862c718abc1ede571
h02,LA-0164,164,0d2d3647e67aaad9aeb4df18649d48b7f85ffcbd68339831e75ef9a752b0be74,23,19137905.85543848,A1_FINAL_NO_MEMORY_V1,A1_FINAL_NO_MEMORY_V1_R1_WITNESS_GATED_INFEASIBLE_RETRY,certified,PASS,5,2,ba5ebfd6176a5276138a0bf4c699d6026cc48eb4e83bf0348c3492d141a4b6b1,,,0d5834036f21ffdae6dc18cc9d3503177f23ebab42048ea221c442b07b20c597,977502bb2edccf09ca3654a77a6b588ade811fd38d8290c2acfb90b727cdb152,P4,1215052439.5095685,h09,1203890610.4055429,11161829.104025513,0.0,0.0,NONE,0.0,1919504.4189859552,R1,0.0,0.0,NONE,692e774f471c381b561f1942903cf39c60904779d70d54b5b38193e46248b4a8,5afcf2a1a2cbf014500f293fb68de4487f0d7c7154b974ff117b64048a80acbd,9eb2b5fdef5ed41b09bea992be4ee7471cf7696f95d9ef4e43131b0508ef9eb4
h02,LA-0453,453,1c029e139aaa74c9679fc4cc9c4dda19a408838f57cb622959e73bbc99311ed2,23,19137905.85543848,A1_FINAL_NO_MEMORY_V1,A1_FINAL_NO_MEMORY_V1_R1_WITNESS_GATED_INFEASIBLE_RETRY,certified,PASS,6,2,9c8962cb2152a87ca02e61ef07c6ab198bbcff04a765b7c1c6ff8c9ceec51716,,,dc14f6c62323cd39185defce42a4c00cf6820a9debab1243cb1d2bdacbd3fab5,b0b07b49fd312cb8ec532ed2dee92cf6d5f87e83d630eb747c96c158fc7dfc28,P1,1226948272.298066,h09,1207810366.4426274,19137905.85543848,15935888.4798549,0.0,NONE,611558.7463260585,0.0,NONE,0.0,0.0,NONE,88d177afd91a08d7cddd4be499fed21cb0225a212ce0b9f1cedf6f0449c52967,7be825445fe873094836bd10a2dac71aa2eee0fc103711657a9de528d66f2a0f,ff6b4aef415629113ada013cb3b69433575961f0b4ed6b43be8e161e261a7f4c
h02,LA-0258,258,8076e9721a659a74df944c7f3513bfeefb1089acb1efc0ccefd86e56dfaeff6c,23,19137905.85543848,A1_FINAL_NO_MEMORY_V1,A1_FINAL_NO_MEMORY_V1_R1_WITNESS_GATED_INFEASIBLE_RETRY,certified,PASS,4,2,369521b35a16997ed4b7020d7acf12bae870fd2621f016fd861917406389e30a,,,6ac402d483877652c45f44b3f2d9b5076eef0010d0768518a549c6f3aaba8478,b9ca5283cfcbfa36d1a3b58935b7d60f1a085a23b3b2c0b8e1480aad0ac1cbd2,P4,1204901032.9690244,h09,1198595330.6830974,6305702.285927083,0.0,15108415.30025261,R0,0.0,0.0,NONE,0.0,171529332.1203249,R0,cf6713a182b4c94b0879dd3821c3ff34d3762415fa7148a6fee90d7df64c92df,37370fcb18ea6ecee52f340590c7885e70f275e0a5be0660b751e69c5dfad278,6f9f93a57df5500321340749a9e9fca14fe0103bbde8d83caa88feeb13a6b7cb
h02,LA-0663,663,1c934d645b4f92e9294648171da37858a2e83fadae65ec86d01c14f73ec9ebf0,23,19137905.85543848,A1_FINAL_NO_MEMORY_V1,A1_FINAL_NO_MEMORY_V1_R1_WITNESS_GATED_INFEASIBLE_RETRY,certified,PASS,4,2,b4c9300176097d8824b01ea692883f786953f58efe0eadd7d85baf334376e6c6,,,1b5033362a76a98276237a56e07968a1f1ec0e922d857c2be6828b24539b0c0b,acb96e9f29560066ee8286323103ed737fd2c9224baac0f9941a5412c8871b83,P4,1217419677.268459,h09,1210064225.090809,7355452.177649955,0.0,0.0,NONE,0.0,1371890.5109027664,R0,0.0,0.0,NONE,9f9a7384c6d0356e5045d80dbc2f35c2e294c9e1a78c14864b5b57b16168a2f0,85e66c234add757c2a05335c3a9be9d168b54b19f8d7de2514b93e5f1a994e9f,9f2766fcd9eab9dcdad6251f363bb50b2af5899b305e05dea9342cabf1b3fbc5
h02,LA-0640,640,556736df794676bfcfdd155f45ceac1062e109abce1a2289402e71788afcd5ae,23,19137905.85543848,A1_FINAL_NO_MEMORY_V1,A1_FINAL_NO_MEMORY_V1_R1_WITNESS_GATED_INFEASIBLE_RETRY,certified,PASS,5,2,aff8985236f1b44c3eb2418d23874aea71fdb5d2413ea405f605e0c37da8400a,,,b603cf78d4c8a97e3cebd28f5eaba144fd87ccb768724d76b0052bdccf1665c7,48d07ce04e7855f68319454a42a1e7928e577cc59dc70af6c202d4046218a849,P4,1190542149.7690117,h09,1186245697.001142,4296452.767869761,0.0,14954522.260020705,R0,0.0,1514355.2434946443,R0,0.0,0.0,NONE,4396e9218336b624f997a9357ab444c495c7812b548b010baae1b656728db792,836911b66d22c93e0c5714bd9c76cd6627a30dad885a14086a00f7f4538745a6,148b4895d442a2e3b842f7cf0fe6ca14de2872bf918cede8b7a998e36aa97ad3
h02,LA-0336,336,4bd72dcc8d08a9e2c2f073636634dd75fb19bd87a4052ad7c43219dffdc0c241,23,19137905.85543848,A1_FINAL_NO_MEMORY_V1,A1_FINAL_NO_MEMORY_V1_R1_WITNESS_GATED_INFEASIBLE_RETRY,certified,PASS,6,2,e422866eb9775dbf547eadb901bcc89e0f085f81e6108b9146e451f604f80a29,,,19bc21ac3fdc51a6a0597896470a9492c8bbc4ead19fb8998d757c6f8b5ea107,d4fed2832447f11b77a034e43f5b2fe25bfa6d5a15a1e746df0bc6d6ff1cae05,P4,1235939664.09418,h09,1231020298.397224,4919365.696956167,0.0,20584573.230186466,R0,0.0,470244.02650326624,R0,0.0,0.0,NONE,cce6f7d1c1e96cbbc115b3b7de5edcbe28d88c1ed9c3ba4a53fa617fd3cf4b77,566dc05abcdde00fbf6f5f23d2811938e4469c359d3c870a72ca2bb9c02f54a6,0beb996983742f990837d65098b5811e79dd9223a11d0c9e2398c0bcf248fd9d
h02,LA-0303,303,c16fbaeb493f56ea949022f93f62f201d42df69eddaf0b529a63d6d3052c8179,23,19137905.85543848,A1_FINAL_NO_MEMORY_V1,A1_FINAL_NO_MEMORY_V1_R1_WITNESS_GATED_INFEASIBLE_RETRY,certified,PASS,5,2,35f31b9b26f1434649b2277f482f8ed5340715e5d9cc44607005e6340b2f5dc1,,,e60cc0cc620babf3d1409f7fdde99835e8d84323edfa8beda4fad9efcb252c28,ac38d7f9c1721694d1572e1b5b70e4e1cbff05a89e66ba65d94423f0a7c2092b,P4,1225287708.727059,h09,1221084915.1582043,4202793.56885462,0.0,0.0,NONE,0.0,0.0,NONE,0.0,222879616.13254395,R0,ad10c5052208dca15e3b496ef58e7d6a81b64d7f97a52572f2ab1e6a64f8e866,0e154d867f2e7da7190ce46a8c21bf3ef1df2b06a101aae70f71f3a7ec345d2e,cf005b8e74f2b4b029b28f775dbc0efd65f577d39da28a8ebcf71b7384b15737
h02,LA-0434,434,eaedf29b3f0adcc63ef9891f0af185763f8d102f02654270b1c9ecc613eea483,23,19137905.85543848,A1_FINAL_NO_MEMORY_V1,A1_FINAL_NO_MEMORY_V1_R1_WITNESS_GATED_INFEASIBLE_RETRY,certified,PASS,5,2,51da795626e4f8c80472bafe7735fc167649fe536f35fcc7b4ab2b1a7e6fe418,,,9cbc729205940284c4a188d250197d07e01103ac40b1ac5ed5f504e9f7118eff,3165af21366b4b4aa6dbad214c365e7cdbb01bca3b9edddbbae54c8aa3430831,P4,1159816079.7637694,h09,1155997203.2762182,3818876.487551288,0.0,0.0,NONE,0.0,3768931.7174847214,R0,0.0,0.0,NONE,cc37d5cb2be833ccf5ccfa481bd3b953c760fd51ab09656e9690a88e2acaa92f,72a56fb3c6eef8a405e57ace76dab8988e83bd3cd2fd4889f480a7fc233f0497,e1bec1fcf39c5ddbeac005cb511b02187c44e5cb7259ceef3b84ffcae75c0641
h02,LA-0251,251,347e956fe65cc2b94ea2a0fc4a245738795104572a19188d39eee4a3d1c98ad2,23,19137905.85543848,A1_FINAL_NO_MEMORY_V1,A1_FINAL_NO_MEMORY_V1_R1_WITNESS_GATED_INFEASIBLE_RETRY,certified,PASS,5,2,7eae3abd96b3577c5949bf5c66eb837947087bcd4d1ca0800e3ddfd3b5d31bf2,,,6282c659da0e44e7efcb110d603b3fb1b6429108306940aaad4a45383245d1ed,a3156f9809d7e2ae963da76fa864bdeb93259c2fcac4f0e02b0bce5edfc936b6,P1,1221653928.8668115,h09,1202516023.011373,19137905.85543848,14359476.888880685,0.0,NONE,682385.729363933,0.0,NONE,0.0,0.0,NONE,485120b4e3cd0bf753f02d734d732921bae6f49565d5d039b550b70dab5fd232,c0dbd27a9243a73825ec527f2989786c8a1bfcade14be5878461b14f91ce8eb0,876aaa7f76527f532607e75d87307fed6a8dd93305aff619315a56f937c5c958
h02,LA-0758,758,65dfbf56050f03b54ff46c8be21d44467ac1c89802d9accd48cf2337381696b4,23,19137905.85543848,A1_FINAL_NO_MEMORY_V1,A1_FINAL_NO_MEMORY_V1_R1_WITNESS_GATED_INFEASIBLE_RETRY,certified,PASS,5,2,1800fe26c6489138600bf751965a51aa587a8eeb1585e513a1acb733010ea823,,,401edf45143e665bb42843c7351c48d15700fac9d39938dbe24daeb1d2812518,7d024d23e7566a684b3280e4e60b240930baf935bb9e6f6899c5297b259203ab,P1,1223661528.1057193,h09,1204523622.2502809,19137905.85543848,14919107.007149398,0.0,NONE,657241.970512473,0.0,NONE,0.0,0.0,NONE,c961a1086d8601a0cd8d20b00de076fe48e7d76716201f28c6bfe480613d37fe,23235f820947433926330b565d0bae2b9a1f07c10fbededb4c6c730ef97aa468,9c3c4429983345c20a23e588c8afce3df1ca922b5fff83f1979213f6cc8ee993
h02,LA-0129,129,05d5177207c024ba14c28a7fb0c3c36ecc93815714c381fa57cfedd0ad5998f8,23,19137905.85543848,A1_FINAL_NO_MEMORY_V1,A1_FINAL_NO_MEMORY_V1_R1_WITNESS_GATED_INFEASIBLE_RETRY,certified,PASS,5,2,8a7a9c9270f0e32c9e43e797325640f07ee496c2cf4d2349de25295b316ad093,,,d4aa6e54cd08995f79f5be1bdd078fdb987357b2c0798edcc9c7097c376953f3,7517093debec4dac393ab03a487b9e9499c6eeb85229b6ccf00155da63689415,P4,1229414447.660951,h09,1221960786.237378,7453661.42357301,0.0,17049171.68149506,R0,0.0,0.0,NONE,0.0,86366470.8374487,R0,594183b72a7cc1eac846f7c084de7755c458492222e1cb5efa22ee69844091ca,c8f337cf2f06552f1b32c3fe23d88b772b281156928b1e9ea060ef1a4c07dc64,4d3c4efda949ee6a61340234178e69a81e6e6c0e4b1151f7c9a233ee47330057
h02,LA-0534,534,76613688246fc21bd3cc4da9ace6e6631a784ba3b2caea1552cebedc2b08edfe,23,19137905.85543848,A1_FINAL_NO_MEMORY_V1,A1_FINAL_NO_MEMORY_V1_R1_WITNESS_GATED_INFEASIBLE_RETRY,certified,PASS,5,2,a63b6a5788231a9c309e32559b389f4a3beadf62eabe27859f1ef57df9216778,,,654dc071423e6452ece5e9e5e38eb55ca63c1891ab7e1737df409bac48af0cf4,51fb569a98d92426fb9c64759bca63ba27b6d7f6c8b10409da660475cc869a4b,P4,1211326987.346388,h09,1210245211.5298314,1081775.8165567832,0.0,0.0,NONE,0.0,1488208.2871827201,R0,0.0,0.0,NONE,5de5ad8b60f6182b6896abcf344022d74f3adf94b0b6d84374bde6d808815443,7fc3841e542d64c821ef087f59a21192fed4e44b8b7f0a12078a49dbda554474,5abaf313906bf8ceafd6d8400c4a08c8be9f65501ec5d7677957997e99119a18
h02,LA-0988,988,7e33ca8d07cd3699a84d5f73e5c1d546de9fc417bdeb1e4b64eadbba66a6b13c,23,19137905.85543848,A1_FINAL_NO_MEMORY_V1,A1_FINAL_NO_MEMORY_V1_R1_WITNESS_GATED_INFEASIBLE_RETRY,certified,PASS,4,2,6dc27aac96997984f5ec2fe53034e497607ae6f803fe3a4486b0e60c53dba5fd,,,c4da5f6616f659d12b51c03f8a4758c90b7106993f8416f645a96534d89bfe22,22c28103b68d468698d08af259ebb5843eba015c7aaad6ae58db3fd4da6c7ca1,P4,1188669419.9578784,h09,1187200479.15492,1468940.8029583422,0.0,0.0,NONE,0.0,2792295.269400868,R0,0.0,0.0,NONE,b625e61327c798e4c94d9dd27c0657b548433fd2d4b65a087901e7fa44a3aa42,3da66730aeafcc389f248217a2be9750a905f59f3b0178a157ed63ddc0dd0182,23bdfa0dc86f1ff10002cadb708aa4107ced13a7c7bb6c2081ede2c77de6a161
h02,LA-0056,56,1738ad1dd29775b4c1243f37df4a477fb45779e43f85cfc3b12da636f8161850,23,19137905.85543848,A1_FINAL_NO_MEMORY_V1,A1_FINAL_NO_MEMORY_V1_R1_WITNESS_GATED_INFEASIBLE_RETRY,certified,PASS,5,2,4417f38488bccd0e33ba481e5544368f87a36b7f29bbee50a8f69824507dd96b,,,35a397b8062410cb4a9f9c4776c5652203ac2b85d0299a5bf8e27dc42cc8d921,04e1a4c7418bce0217a74b894184e428c01425d9d38c9c6aee0b31263fc9eac2,P4,1216460540.2040946,h09,1205231084.4460044,11229455.758090187,0.0,0.0,NONE,0.0,0.0,NONE,0.0,218357250.8658436,R1,499e7c58490ae8afb59c44ca78b6d3237057322000751a4dbe11b18e5db0f57a,3281a88c567918f7337279c0bd41fa9a3505e4d793d557ced554928d5dc529b9,d3cb5aa5a59cbe6e8c6e255c4fdac707188d9c18d52fe399db7e2f34f589c88b
h02,LA-0241,241,2cf6628e1d5fa070cdf66ed0f55df7b7bfec99e19ed82e25bc4e19be4c5658ec,23,19137905.85543848,A1_FINAL_NO_MEMORY_V1,A1_FINAL_NO_MEMORY_V1_R1_WITNESS_GATED_INFEASIBLE_RETRY,certified,PASS,6,2,3eae20c1fa3446036cc3966726149c259a512ab9d2544524e28ffa5ffbb702a8,,,b3695648a8834de4177d82b7712dd5d90eb0a996d559639015413f409b6b48f9,dcb8451a51d51aa61e78679b172903422386d0c9c9dff136c9ab769d8cf9ce55,P1,1228660840.053436,h09,1209522934.1979976,19137905.85543848,16522628.612714507,0.0,NONE,585196.9549794181,0.0,NONE,0.0,0.0,NONE,e33314609e3764b2ed14f4f2f82a77c313eb3434b3b088fce18c7d6c064662dd,2b016cf4ea59bd9a9dda8d0ef7a301cf2f7367dcd76fe0ab48e5c7e5928fc3cf,270e151f5309616d70bc6e18c502c060f067ebd55242079813c5874c7298ce12
h02,LA-0773,773,352684c43c955d5fdf1b7efe1809d560e18ff6e9a14fec08d2d438ec511cdc73,23,19137905.85543848,A1_FINAL_NO_MEMORY_V1,A1_FINAL_NO_MEMORY_V1_R1_WITNESS_GATED_INFEASIBLE_RETRY,certified,PASS,5,2,447fa1aaedf2cb772631c366d33c115866e02dc2a606a64425c26ae056ba683c,,,a730ad0a1a3cafd285f64d544d606739baaaf5e4bb376687ba9e892bdf7da145,251632dfe6b1991464c0516d78781101236cc67fd1040523f953f87eef55ee22,P1,1229415026.048705,h09,1210277120.1932666,19137905.855438434,16794948.201460715,0.0,NONE,572961.8413812658,0.0,NONE,0.0,0.0,NONE,7f179e0872a619fc732a9ca226c4d00f8c43d94976156a9db8d36dab28f24f0e,0def15c2144bbba302eef1b333ada59878d832c3b88bf3d1f0914170d89f0a9b,82a111ca12729aa21c7d66e806a862cfc6fe3c5a170c4f59834cfb4747429f3b
h02,LA-0325,325,ee053b011bcec6468ff0b659ca14db2c3cda3815407a3e20302f1b30d5cfd97b,23,19137905.85543848,A1_FINAL_NO_MEMORY_V1,A1_FINAL_NO_MEMORY_V1_R1_WITNESS_GATED_INFEASIBLE_RETRY,certified,PASS,5,2,0339ffb42b3fa81f4a2dd54c9acd259639747168ba5dc18ef846385390f24bb3,,,4e82f3a9ced0154a4224122702b6a3fce6ddc5055ed922d24c676acd5d2a74b7,bbca3ab3646d29424ea8d3f3fc8132ffefd0cb5874a3bf09db89ad3880881bd7,P1,1225195499.2187395,h09,1206057593.363301,19137905.85543848,15377011.123688519,0.0,NONE,636668.684144383,0.0,NONE,0.0,0.0,NONE,b999ea6d03d1bb7fb1b9794f2b589f1df3bbaa9d0e4fa0bbead8212e8e88dcbf,db902618171cf9cfceca248faad0717c901f603478b831b93b591e04d711711a,e128c036f93f83ad5ea3224a0da39add3f4556bfc33bfdfc0710b9c16ebd14bb
h02,LA-0539,539,38b363b234a7c060faae0441c55f6a3fd6b9eab446463cb665ae20148e7cb7b9,23,19137905.85543848,A1_FINAL_NO_MEMORY_V1,A1_FINAL_NO_MEMORY_V1_R1_WITNESS_GATED_INFEASIBLE_RETRY,certified,PASS,5,2,c66f9f82f5816f3a605a5ff69bcfc5dedce3d9d080ba7aac9ad62a74569d8082,,,4924e17518fb2ece9d5182e5c7f997c731caaf05993243eecd24696efe86612a,03f602a9d08702c14c77b1008cebfacbecf52694ad14158ea03a9b498a75bebe,P4,1221453232.7320273,h09,1219455114.6701212,1998118.0619060285,0.0,12827179.13079217,R0,0.0,0.0,NONE,0.0,91171983.03690995,R0,9962030be491fa46477d53f856d32d06811f1336a0ca7e00de58d59168665e61,2b6cb8ee08b2ae3be776ad8cd33e4b5d97f5fa93c874863a29d1a0aba831da0e,9a35d3a6a8475e695ec3721529e28c80ed6b3fd7328743cb4e9de8ef9c9f523c
h02,LA-0618,618,cc51d9aa8025dc8c3cad333a7d884bcd02747b3bb5b1eb75c4d4790786d456cb,23,19137905.85543848,A1_FINAL_NO_MEMORY_V1,A1_FINAL_NO_MEMORY_V1_R1_WITNESS_GATED_INFEASIBLE_RETRY,certified,PASS,5,2,6abd6ef669d625aed1f7eec8e80adf94c8673c6fdf2ab8661c2b3aff401cd4b1,,,e7868e308ef57796243b3da2276d8348efddf65a5a555fbc543c9a1e4062c892,ad701f5d2aa117e95b148695787eac7f5fc675295159c1a1d826964b7d172f9c,P4,1232433596.686941,h09,1225624223.196943,6809373.489997909,0.0,14620530.522613961,R0,0.0,0.0,NONE,0.0,62741662.80590778,R0,7aa9b27b0780ffa0e61427c9dab2c3cc425045d8183ac455d90a8b7b1989ee30,a046743a1d96c5e130fa3bc85154ea5b2a7c4561dea8c404cd686fa760c28507,fdf8e8749ffe6e046a4f9532eec0a1ccaa73d39a444d181f820dc74a3f61948a
h02,LA-0474,474,f4a8ccf4bb978d75a720db4bd933115899e4eb34499800a333dfadd90374446c,23,19137905.85543848,A1_FINAL_NO_MEMORY_V1,A1_FINAL_NO_MEMORY_V1_R1_WITNESS_GATED_INFEASIBLE_RETRY,certified,PASS,5,2,49020c4c9969fc298c30dfb5de0f7b610b6f8bc5f3bcf18bb2aac9839853b63d,,,f134e1b3ea5b12a927d9519bf8fb745cdcbb8be48f4d687411c1d7756728d846,9ce99d8d59a58cabb4f2579b46ba462a67dff602a4c4b537614e19ba9b3d33c4,P4,1197609956.3249547,h09,1196537534.9564757,1072421.3684789164,0.0,0.0,NONE,0.0,3609960.2635604804,R0,0.0,0.0,NONE,541ce3ba1dc4444405dd687e410453f932265a9716f313738810e37e2b0be717,8c9e7cfacc2701c975f86860fcaa4e82f18794712c1d992fd4b7396e2bf82140,02b7ff61880f38b01d95a272bb6d850a5cd0f83d6dbe15736dfeb1c8f183a816
h02,LA-0559,559,38944a37260798b40473266bb6dbfc9ff5d6eb3a9c77f1e4a075d76223cac0af,23,19137905.85543848,A1_FINAL_NO_MEMORY_V1,A1_FINAL_NO_MEMORY_V1_R1_WITNESS_GATED_INFEASIBLE_RETRY,certified,PASS,5,2,d1537e874784bd4ea2530a11be97a64e5f21b95703296eaf79bf1d5fd06ac957,,,eefd30d00cf460af3d7152af6ce38bbc3fd6ee6ecb3da384cbbcb58ce4009ba2,7250744fde5a4aac8d4afac315eabf2620e51dfdb89de9ba5fb0c2ade2fdff98,P4,1229310860.416438,h09,1227163111.9778047,2147748.438633535,0.0,0.0,NONE,0.0,1756440.3351112371,R0,0.0,0.0,NONE,47c334bb41a41f071cc14239a8b67bc71f037b24f1f807a4e22602ae78d885d0,8e0ef33bc929dd973a8dd2ac448f4d94cf94878c2e35754bd19794535986d069,af2dd49cb067f494586c42b44fe528fe629e6c6dd6d03f890c54b74d87ef71af
h02,LA-0626,626,81b33dbcce8673f59fa5904bd23c93aba001f02b0f5c90d8d13e9f9ae0d7a9f6,23,19137905.85543848,A1_FINAL_NO_MEMORY_V1,A1_FINAL_NO_MEMORY_V1_R1_WITNESS_GATED_INFEASIBLE_RETRY,certified,PASS,2,2,ed1b808d1ed74a6e0fba67eee22eef2e0f793e51c9195974b6111d85f0942c7c,,,f14c2ca71fe710d2fc3b8f238973eb09df313683c311ce76b1703fce59bea805,e1b39ddd05be1f1ba63ef1192f57d759da10043cdf44b59b864f77c735c19ec2,P4,1221973070.127017,h09,1219147920.473546,2825149.6534710107,0.0,0.0,NONE,0.0,0.0,NONE,0.0,338344958.1581727,R0,d6a77851ee652fe584ceabf3a70d0f3bd9c58331c1fc25b03f440ce49aa3dba6,94207b12fccaa663bcaf059c5fc80b6ed0f7ed1d14619ba0ef2727d215808b07,78abc3e9ee34c3c89e3900d113b767e53b63d3e6feff088daa1e6177796b8093
h02,LA-0617,617,d59dafe265604f537375b55f1b3ec24bef30d0f3cbae8ad14a4a1043bdd27c49,23,19137905.85543848,A1_FINAL_NO_MEMORY_V1,A1_FINAL_NO_MEMORY_V1_R1_WITNESS_GATED_INFEASIBLE_RETRY,certified,PASS,5,2,fd8c1196ad2fd4f700f71680a84d0dac8cce9537e8401234b0e647e97ee18348,,,b7a3a81707895d339a191f57dc4596575c5984eb09cb243071b2fc2b982cd129,0783663391bca887e09af7f1d7081c381ffd793caf49ba26eaa4fc4406498acd,P1,1220909713.443281,h09,1201771807.5878425,19137905.855438404,14162542.696402738,0.0,NONE,691233.8340023828,0.0,NONE,0.0,0.0,NONE,1c6664cb563b0456d5566e4e15263fe2aafdf655a0eb7c1747d59b0479146a61,b9e54ab598f34b0e405d96ff8afc95dd8498d9f9c550e42d02f459fa19426c3d,f04d0289cbe33f7e3fb00c212697d77985ed0907fd3e814406e5a308ddfc7ae2
h02,LA-0624,624,a5d87dfc044d99c1808dfa2078b88e7d3fa889603a6fa05613e9bbdf178be0d7,23,19137905.85543848,A1_FINAL_NO_MEMORY_V1,A1_FINAL_NO_MEMORY_V1_R1_WITNESS_GATED_INFEASIBLE_RETRY,certified,PASS,5,2,2b81bb908aae22c55d442da54c4e5e24898178a0fb5f60b3e7caded59c2b9989,,,300c415dc2be529d1ecdf75283e0963eb8ad86deb9019a376a3b523da0fd6dad,035bb4bb8e68d577ad7c4171398a3a45a9b2cd06a073f473c35cb8f1a12d3ef8,P4,1222973358.2668705,h09,1212721282.3156376,10252075.95123283,0.0,0.0,NONE,0.0,1456567.5823575114,R1,0.0,0.0,NONE,bc64f537b764f62104767e32c61dd2954d80899cd7d66161cbe07ce1b922ebb5,4e4761d5ebf76e7c8b7113ae1426511fe80e9209c9d744980458f54187651212,94858d839d5324cb595126421e4a68f2c79caf1db5a57b185dee7447feb69780
h02,LA-0419,419,980ed4843284f015912efec4bdfc93012b77d07b8b05807719cf0508fa21d36a,23,19137905.85543848,A1_FINAL_NO_MEMORY_V1,A1_FINAL_NO_MEMORY_V1_R1_WITNESS_GATED_INFEASIBLE_RETRY,certified,PASS,5,2,01ab70600c888a330078be18ed872c315aa92c752cf47a0fa661a1ffba46132a,,,a4e664124a7320e7e13c658faa963250e07f0837f2eae91c063d0cf3b753c1d9,03aa28360ebe60f639d07b2b36c15b4e075bd6cc19950537ecb9a42f1772e26f,P1,1223547655.3658326,h09,1204409749.510394,19137905.85543848,14886199.94916811,0.0,NONE,658720.4597920568,0.0,NONE,0.0,0.0,NONE,d76adda54b6701ae387283195cafb559b44abc5051acaa9d333a997f6d1f90d0,c3273e4113c397da646c66cb8fe83f0be08837a450d88472a23907ef283f6202,f00967d156e0918e700149127cd3fe9ba943cd38849bc27e8d75b5b3625df3bc
h02,LA-0449,449,b99e0b8184bdd18eceee93dc36767e3a4085f25705345953926bcb96a5b5308f,23,19137905.85543848,A1_FINAL_NO_MEMORY_V1,A1_FINAL_NO_MEMORY_V1_R1_WITNESS_GATED_INFEASIBLE_RETRY,certified,PASS,5,2,c13ee218b9669f9f1911fa1ffb5083fe4c46c918a5d8de6e485619d709d2042b,,,314ac7e4fa5e21e61bb837dbc26c767c22cc91bf42f5685d9c8a98303672cd2a,1df21bf77354ddb653f891e753e99a6a28f6fdbf134f1bf484ba82c02a815761,P4,1234153064.020469,h09,1229110486.8780413,5042577.142427584,0.0,0.0,NONE,0.0,938430.7743696186,R0,0.0,0.0,NONE,46c98e185f39b73594ba006d122ad7349e5c777381efb07ea22248776e153cd6,0c51f2436bba99cf6cdf05968d98545daa9d633870daa6f0e0eb6f11798260bd,545802d55daa306ec1df5c17d6665686a5d526afae58cbf906bd91952607215f
h02,LA-0034,34,b6a09f1b58b2fbf1794374e4eee392d33de36403806d9cac077fea29336b5fb6,23,19137905.85543848,A1_FINAL_NO_MEMORY_V1,A1_FINAL_NO_MEMORY_V1_R1_WITNESS_GATED_INFEASIBLE_RETRY,certified,PASS,5,2,9325fd40dc6e3be48061b18159fc4c51ca9fe960a306ac15d154dcd6b39787cb,,,19a34c605e4ace90495b15145d778e09503b44a5d2ef427097784d1c46792f30,e999b7835437e28d8e0e54aa7958be25192362702791b86d1aa6db5891767264,P4,1240279385.2554855,h09,1228483932.0476382,11795453.20784729,0.0,0.0,NONE,0.0,1402204.0578126786,R1,0.0,0.0,NONE,d0584296baeb16b3e1c211d221b0de290a39cdbb73cc1a694426c5aaa5a524e9,03c6a3eabaab4c0645effef95bc13ff83c4789d667c513be09eeb48dfc361611,b81aa5bf43254c599f80efb6464f42163778ca744b66fe3fe366894a010b4774
h02,LA-0228,228,9a7cf482266b21d433ac9d5b4c7a3c408df6990466426254b045b477ff91c73c,23,19137905.85543848,A1_FINAL_NO_MEMORY_V1,A1_FINAL_NO_MEMORY_V1_R1_WITNESS_GATED_INFEASIBLE_RETRY,certified,PASS,4,2,5e70928fdbace9b93d656f3c8a78e44724c883997c1ef54882ce52c961ce68bb,,,a7f87e5e44206979ab662a20bbe6f182dfc4a724b75ef319c47983faea037978,cdaa9104987e7da3a6f8b3cf0cd71990de781bc153ecb790e51996c4635f285e,P4,1215218891.078079,h09,1205810853.075546,9408038.002532888,0.0,12883173.102809303,R0,0.0,0.0,NONE,0.0,112170950.07096146,R0,f79a2a247323763213dea8daf76a4ad2c4a649b1012e2dd44a54daccb197afce,bc82e8dea8e851713827f7425bb9bc6553c9c5c220e22bdd27ca698c91dc3d2c,28957f2461700b946eed61fe0661a6320c8dc41a43d797e69007f8aacd01cbb4
h02,LA-0181,181,060d6c34408ab0d9201a98d0b431f21c8baac34b4d031c8897f92b6e83fd3a42,23,19137905.85543848,A1_FINAL_NO_MEMORY_V1,A1_FINAL_NO_MEMORY_V1_R1_WITNESS_GATED_INFEASIBLE_RETRY,certified,PASS,5,2,405c1676ab066c3910316dce2da9e61bbd041b186e39c8fe8fb107ccfa9e052a,,,8d0fb90c56d9dfa05c30c2fd2604dd5d6407c983798635c99128b6ea93689297,6613e7976f6a9d1b42d9efb43e7022a9f79715053549110b552ded6fa64969c4,P4,1234039742.554662,h09,1227888716.8158557,6151025.73880636,0.0,0.0,NONE,0.0,812623.687718412,R2,0.0,0.0,NONE,564ba22dbe89f2fde6d60d349d6042e4e14b2352858a50ba4dbfd104eef8d33b,6597505aece6b6cdeb1e42fe729f9caa47404ae311bdb8a999fb22dfbe98a605,14d7569bb1379627b4c185c5727043c5d99e9107686790303cf70c28044a7076
h02,LA-0446,446,158f38ab0c9f58e91011abed655b810dbd3885ea73cd7e5251f840705844af14,23,19137905.85543848,A1_FINAL_NO_MEMORY_V1,A1_FINAL_NO_MEMORY_V1_R1_WITNESS_GATED_INFEASIBLE_RETRY,certified,PASS,5,2,1f3ee4ceb9343229f4180e07b4202f790d2151351b10d2137100f4ba1f75852f,,,3c7253e6beb9889b290de4a898fc601607baa2a3061c606b61e0637089e78521,185bc78b02846c91254453f0d8f823429f7e642af042e53f0d305767cbb80880,P4,1214465780.6325448,h09,1203094329.5705013,11371451.062043536,0.0,0.0,NONE,0.0,0.0,NONE,0.0,177424951.71674347,R2,dd22f5820918362019da767d629f4f0fe8cb0bef5e6e99623d582dc996ee9ccd,f65de3db70d36c67a8a165e84d510a6bc53d3f30cf452f4082b2957b75b6a79b,1c379183bd37e1cfeda1212482f60f693779c3b0494ef3c35ef0ed2e3483a3ac
h02,LA-0761,761,0c5c240e662b976646957642eb48b5a8f9a03e99dc1d52d93eebd12c8367a925,23,19137905.85543848,A1_FINAL_NO_MEMORY_V1,A1_FINAL_NO_MEMORY_V1_R1_WITNESS_GATED_INFEASIBLE_RETRY,certified,PASS,5,2,cd6277770d02e3563d90600204875b9fb1fe3fefa6aad2cc92cffd4877cfd3e3,,,6fb40af5dd35f2e78bbcb296b78d192a8197491479a3a84db2f4da1535b2b247,ddbfef69e23d18efe5d3dd12148357cfc6ea22fb63687b5cf03a911f0e936242,P1,1226774135.3903177,h09,1207636229.5348792,19137905.85543848,15878553.369568503,0.0,NONE,614134.769559445,0.0,NONE,0.0,0.0,NONE,21b8898a917fcb25068fd0cf48afda80f04d5a30ce02df091fb317081ab2126c,82d966baa90e08debfe547d8e09901d125f3d0dd64ac1537fafe62372263beda,06af6be4f5c6df854b05568975c53225acfdaf33816b399ad81e58d8d98683ad
h02,LA-0273,273,6e3027e413984f86afddb8861f666c4f7f39e3f7b8fc8923bc2837cef8f6b96c,23,19137905.85543848,A1_FINAL_NO_MEMORY_V1,A1_FINAL_NO_MEMORY_V1_R1_WITNESS_GATED_INFEASIBLE_RETRY,certified,PASS,4,2,1edd35de268a6dfe9ab3a29f1b590f8660cc56175558327eabcecd252ea8eab9,,,0a6b91062e1825d0492c4c55c985ea46535fab4f7a4e3adaf7917a4ca7a62f86,3aaf6ab8f02b0c65c2cf3338401008d2bc6cc9186e106db1e7846729a00f689d,P4,1148391122.304724,h09,1147570607.3254519,820514.9792720361,0.0,0.0,NONE,0.0,6183752.816202169,R0,0.0,0.0,NONE,94abeab976d1452a8eaa17d41d99aa6dce0a3801827e84dbad0b531ea7d62079,dfa672fc80931af3d91486c74b048829aa1a3d9a89a5cfd6b23dc3325ef9085c,a267318894f945d496955cf7f48b908fef7144d4be12bc579b26092fe9683f53
h02,LA-0998,998,234be674a34b047722c7891081688f29aff46904e7c1145ae3fccdd9f4cd33ad,23,19137905.85543848,A1_FINAL_NO_MEMORY_V1,A1_FINAL_NO_MEMORY_V1_R1_WITNESS_GATED_INFEASIBLE_RETRY,certified,PASS,5,2,c399eff9f81b6b2204b7db4cac09a385162e25f93fbf5908b61a021d8b659eda,,,7f6db86b59b6a2c696b6e98d1233760e93b7bded3281820e6fd441c0d49404d9,dd782b314c91939740571a75769eb7275080af0f0e6e76e6414a054466c555c6,P4,1218199164.7695155,h09,1215806335.1155846,2392829.6539309886,0.0,32272526.667296283,R0,0.0,1726237.4125526864,R0,0.0,0.0,NONE,726fbc19f16cc775a349b989dff0e700ce63e7d9f9304b99dd1781f5b7773d52,4ace6aa0120cfdcef985b3d84ca498d7b617cd32519ccc961d2a088f7106595b,37751944e25452000a39958f1f337d44e445221a9c398472db742006fd02f98f
h02,LA-0586,586,5c219e43d6c1365300ac71a4b0b487a33250e26d33d65b33cd3acaba29b55cab,23,19137905.85543848,A1_FINAL_NO_MEMORY_V1,A1_FINAL_NO_MEMORY_V1_R1_WITNESS_GATED_INFEASIBLE_RETRY,certified,PASS,6,2,a37909ddf9c82664b989c884383cc5c3c7629291868994d13f515efb73cc50db,,,c80841cddc3f58f3e948413878262b6ec3f6050c3cb96b480586dfa755cd20d6,d3965e0cc836040ee78b78d9d27d753fcc1e6bd4c1c1f76389f33ba1ab81e51e,P1,1226151204.4200666,h09,1207013298.5646281,19137905.85543848,15676786.200360263,0.0,NONE,623200.0161948624,0.0,NONE,0.0,0.0,NONE,9c47d79b8965282aa08b3b3109137b9a8b1d47e6577233dad45916d8d48fb6e7,68d32fcfafe5bb584b2e32c2c0bdab41d02e8f7d46b2cb2aba81464e4125f62e,f5fa4b7df3bc4673f99eab8502982c7ea4f8c16c00b5e8512fb90dfb9f6b0b30
h02,LA-0169,169,b0f2032de2442051dcc2a77a5d1150a6cc6f7c2c5317099a77f5cb39892e418c,23,19137905.85543848,A1_FINAL_NO_MEMORY_V1,A1_FINAL_NO_MEMORY_V1_R1_WITNESS_GATED_INFEASIBLE_RETRY,certified,PASS,5,2,2b152b233391be88abd2df47b8a19f2b5cb02e8f7e28ac8c9aa4e81d7fe78320,,,1e06c278803bead902216406ebc626e54b10fb4303ccb1c367b94dd865105238,6ef883b982faf233c36423d4adb642a53ce9ebb10d3413ecde1164707513fa61,P4,1222868566.832414,h09,1215413303.0637562,7455263.768657719,0.0,0.0,NONE,0.0,0.0,NONE,0.0,183235869.3832734,R1,82086a1c0e10b143a573571bc574639eead5fe114b046a22083d9c33c5e2e8bf,71c646ac65aee171db2230a86027fec8ca3e72099a33a97e3d92090e525f43d5,eb8447527b6cb991f5017b0a8e7ee2dc34dde5c4c549de89d60eca3c73d0e70f
h02,LA-0099,99,b829dc14128adbea04f3b65d0574792a25510f5aa3afd71e43c7ebb5c51b5754,23,19137905.85543848,A1_FINAL_NO_MEMORY_V1,A1_FINAL_NO_MEMORY_V1_R1_WITNESS_GATED_INFEASIBLE_RETRY,certified,PASS,6,2,a0162838a1f7efb54403e4a904b261038f02533eeac783f9d83cd816ebc91363,,,9d649630bba97d70f3a88a422f3875f67726bca791b405c55a5721a1a9e14386,5caa547aeb4d24cb8d6b5edf6485d6fabbdae4aae7bc803ef180887b4619cd84,P2,1229453603.2908099,h09,1216692309.867116,12761293.423693929,17016694.209815722,0.0,NONE,0.0,0.0,NONE,0.0,66832734.86199032,R0,481b9114da0dc5f17887b83ac2de40f204f654a9f852924371117ab513f93332,b0312b5d9b1361c40c5dac5ab200998c90cadf1f1abd016654adce3a38576f68,77ce3a803364b36d7ac84cd575c10ba54f73ff9efc27ecf1e5bc769b7429233a
h02,LA-0456,456,b066efd1277392e47a13fc2f7059978a970609a31cf8da91e84df2298f8679ae,23,19137905.85543848,A1_FINAL_NO_MEMORY_V1,A1_FINAL_NO_MEMORY_V1_R1_WITNESS_GATED_INFEASIBLE_RETRY,certified,PASS,4,2,a11a3af84b71191794ee7a7cd6a48981f60de419415f9234953f3dea47ad0fd7,,,ea0e9543a727758c0e516a9647ea5523a5dac4b5a4d7edce57e53f4bdeb5a068,c3d08dafe26e67624bd83313b7708cdea6733094bbdbe59d2fd33ffae9d5142d,P4,1210323366.1338835,h09,1208877730.6525464,1445635.4813369696,0.0,0.0,NONE,0.0,1777916.2383813516,R0,0.0,0.0,NONE,b042fd49fdfc40cb65ec8753d452482e07a37ab817b9fdb8886531408291458f,09219eb1567fad60ca15f6458b8719bce2678e9d9ce103e469d3ef7ba54dd18e,acfcb3e3f26543c321fe6ef2475a29a5be25d3eeefdd12f95913c6508ba2c1a8
h02,LA-0383,383,d9bc9e10cb7d887e13c11bb324c909d2b0a56792655b93008f11fe567fdce922,23,19137905.85543848,A1_FINAL_NO_MEMORY_V1,A1_FINAL_NO_MEMORY_V1_R1_WITNESS_GATED_INFEASIBLE_RETRY,certified,PASS,5,2,73a38994ca849855d8fc16724746e79c4e1b53583b979938f106db6d8ccec040,,,0f37d243ca0fa1120f13ddf0bf119ea200fd3d9eebfe4496bcea9c02da980b0c,7817a39a9679076b5140bbb2b885810b25b38681de6bd34c43769541e2364d23,P4,1206887633.3687463,h09,1202088331.5562053,4799301.812541098,0.0,0.0,NONE,0.0,2674484.898765976,R0,0.0,0.0,NONE,3c5c71e5748dbe3ab107cd752a7c8650f4b504c88dc08f7b83942165c374a18f,10aa38b6d0985ae541baa28d1605d2affd615d748649a2d68c0211931c0e9806,bffdbb4f438fe8ab62d986590c12fec8be6e81cf632e1aad0958a49724c4244b
h02,LA-0249,249,146da0e0e6aea1f7a59231966d2e650e4f12af806ffbc15f14ebeb711ae0f5d0,23,19137905.85543848,A1_FINAL_NO_MEMORY_V1,A1_FINAL_NO_MEMORY_V1_R1_WITNESS_GATED_INFEASIBLE_RETRY,certified,PASS,5,2,3035ef3d42099ad0a7679f463b38dd68eed8da189b7a86f5aec3fcd6f76a0559,,,6e58b21f7a7ab1f42f22c3e09d91d383124b904d04f30ce8247b574e419cb620,17bda71a6494689e87cce4406e2b01d569fba4c51aa6c879b965a1ef36dc83d2,P4,1205339150.3899312,h09,1201477401.098437,3861749.2914942335,0.0,0.0,NONE,0.0,2139520.4289458627,R0,0.0,0.0,NONE,272cbf7f03a3a19366c0066d7e8b3c4758c1727d93d8eedfa31d14e5cb4b49bc,b8392fd25d0385d3b93163e0fff233e9adde9fc888b4ca3a58a7dcd56362656d,212525f9bf4ccea66d3136085e8a45895f95bff0d1afa97e3078510c491c8f77
h02,LA-0060,60,3fbff512e96462ac99227b6ccf0461dceeb78c53d1cad8a9a62586e56ff6ae78,23,19137905.85543848,A1_FINAL_NO_MEMORY_V1,A1_FINAL_NO_MEMORY_V1_R1_WITNESS_GATED_INFEASIBLE_RETRY,certified,PASS,5,2,94acc0f1fb4a06bbe46082369b1fef0e026b4e7f95a9f7c42ba6df8a7fd4b1f2,,,f50d3886a06d84024074d6eb95980cea3af85d7a6a3da385dd038f6180464b67,b3cbebb3abfbe80baa875b204610e9a875a3bb4f9f935c688ec4affebc63fb38,P4,1228595212.7699392,h09,1222194001.247196,6401211.522743117,0.0,16066716.876786416,R0,0.0,0.0,NONE,0.0,84765680.32325713,R0,2d6cbab290845a4a1ea1270450922977fa788992ae478a9eb5f50cdbffaac314,13e26545156be9f9b1a4923b52e950f716afb2e0bf78b4c17f49481542b5ac25,c27da63207ec542c659421aa6294a0bc23b52f1706e93ce956e74794f2bbd729
h02,LA-0999,999,763b37c09980bbdc1fc1b17613fcac2648630c41f36f572432a9eab7f3653a72,23,19137905.85543848,A1_FINAL_NO_MEMORY_V1,A1_FINAL_NO_MEMORY_V1_R1_WITNESS_GATED_INFEASIBLE_RETRY,certified,PASS,4,2,89be47bbba5d2b7140b5f56d4a55d09789fc91a792cc371b737979156ca90eea,,,5a21dd9c994230375479c0440febab2cc3ae927efa1f1d2a6d843216dcd876e1,083fe67ccc71b472648eae9854a028f78b71103831597efd16d8a6deaa51050c,P4,1204628469.2130654,h09,1195715770.0530913,8912699.159974065,0.0,0.0,NONE,0.0,0.0,NONE,0.0,392941678.9138684,R0,0ec56f3935c6b3b515af180f395777bbd3ed0589f933a9534dfbf44d528d9e58,75a1c80510bedb7942e015399ba190b85eb6d603dd8515f73bc3209683ef522b,6f9841a45a4aa56c6c6dee76c16642686e19c297868a212476a91317d2197402
h02,LA-0927,927,180dc572142d09eae64ab1ff4cdef1f3b9eae566ddd5fbe1049bd9da1419be57,23,19137905.85543848,A1_FINAL_NO_MEMORY_V1,A1_FINAL_NO_MEMORY_V1_R1_WITNESS_GATED_INFEASIBLE_RETRY,certified,PASS,5,2,afad79bd9ea971ab708bc5be536329f67af513847db9ac12a3d596fc9cf650f7,,,21841843d6047ef09f6424ca306f0a50e6e4d1def6462d792b0ce5696b10d6fb,2a3fed269b601f3d1383e1907d564d06be3f3bdb0b67fccb8e770e8aed8ea98c,P4,1227771228.688384,h09,1218765799.8993268,9005428.789057339,0.0,0.0,NONE,0.0,0.0,NONE,0.0,176314552.13452184,R1,530df6e664bdf9130154d1b1d67e11808e796745ffa3730afef56a86cf842b8e,6b44ce2ee9ed46c08ee6233a14c61ec50a7864b4242441cff7a6c1129ffa94a5,d7d9ee857726ce0b9383598d75bd2a8136b848cd14746ede8a45ad771eb28c74
h02,LA-0962,962,94051f5d79aaa9d30b40f544272cfd0efed889ed6139971b0f730f47cd1b503a,23,19137905.85543848,A1_FINAL_NO_MEMORY_V1,A1_FINAL_NO_MEMORY_V1_R1_WITNESS_GATED_INFEASIBLE_RETRY,certified,PASS,4,2,6dcca283fa87a51f62103d4772081197c8d59ef2b8de488b30bae50bde5dfe9a,,,3ca00f3e5869fd44efafb9e58c210a04379bc0efb1f430eff1dc9b55199ef136,ae1a031edfc966b5e744c5ec96cefe3b79c996d61947bbf6d7c7e43cf97af172,P4,1211776584.7782452,h09,1201431159.6004493,10345425.177795837,0.0,0.0,NONE,0.0,1646877.2606955187,R0,0.0,0.0,NONE,93997f40f9e1e47eb41c831ad800402038cf4a648551e88014730c45a9159ac7,dcbeec1258d90a21f811b6abd1dc24564faeff3ec13ac63b1548e6e7ecdc3299,e38dae3ce5768890b9e3a8831450f432f76141df165bb3517a450f902b6869e0
h02,LA-0044,44,a038cf45cee562876a7617518296aa0442df2ad4ac8f6514371e7f89246f5f5a,23,19137905.85543848,A1_FINAL_NO_MEMORY_V1,A1_FINAL_NO_MEMORY_V1_R1_WITNESS_GATED_INFEASIBLE_RETRY,certified,PASS,6,2,d4a050ac48ebb53e73d2a9cc5121a2c0e318e1f4af034b7d6e49d25d170e62d0,,,283e502627096f203e9362e4e6537359aa2b077dc9ce46876e29fe743a222c82,eb938efebec4d494f5be77ed9cda41bebb5caf81877bdef4c8698bb9df73e30c,P1,1224325286.7951932,h09,1205187380.9397547,19137905.85543848,15113854.054483818,0.0,NONE,648492.1326546412,0.0,NONE,0.0,0.0,NONE,145f1126f4602f792779871d4aedf89d427b37ace875768fcc5614bc320c963b,c719477820841731020aa4499cd6a02ebfd38130cc914b2e8b19bb9f99b57088,00e9cfac453902fdb2e2409689318ea81b9bbbb7216009a7a7f2315f48261e1e
h02,LA-0048,48,094350cdea0997d0c0c41a1c2a14236c8020c9c96601c54849ba12b930a914a4,23,19137905.85543848,A1_FINAL_NO_MEMORY_V1,A1_FINAL_NO_MEMORY_V1_R1_WITNESS_GATED_INFEASIBLE_RETRY,certified,PASS,5,2,13276cf7699aa3df3dbc9496ddccf02df8c34c99eacf1550942c73500ff10e15,,,bb2cb0af23027eecd66735cfea3f09b1fc7c5e885b4d97045d026bae06bf7baf,bee7b2dc7635837d239f9aa16d850919f037ea76e9bf9973f9e446eacb997cd0,P4,1236074330.6642234,h09,1229917908.5918682,6156422.072355193,0.0,27784376.925777834,R0,0.0,0.0,NONE,0.0,93286582.51719168,R0,8c02ed9a1f688d87e407d6239656df8f48a2df4466ed4ce5fbef8e7a1ebd974d,4f9292489bc68e81834da49be0d6b4920c5afa13c7249ea00b5dcc736961e74c,2d91c0263dbcebd36614eb67b89b388cb9dd15e73f5bc14f4b440c1a82675395
h02,LA-0976,976,c649e11efae62a4f0f713e10c1efc11152d19ba019172ea5de07228ead73426d,23,19137905.85543848,A1_FINAL_NO_MEMORY_V1,A1_FINAL_NO_MEMORY_V1_R1_WITNESS_GATED_INFEASIBLE_RETRY,certified,PASS,5,2,f6b14975057415e7d85043b9386e4f60d287603d1d9956dc60d13d45391a5708,,,a119e10ec6807883f02a34ce43ea2bec8fbf57b8863d757584b67b866e190d89,4ebd265f5db7e3d9c8c8ee9f15f5f1dd0d9bda21ab617817a255c51bfb39e031,P4,1207977200.1601307,h09,1206358906.3642437,1618293.7958871096,0.0,27162560.94819488,R0,0.0,0.0,NONE,0.0,286951212.7825148,R0,38d8f7f62c4408687098dfd8101cb46e871c558dc47d55a2cdaca5ce3cdb4c70,d47c69fef4e58703c0551069dae2153a6f3b5da25db1b2ecfad1f33a4884b7c3,145f470906095d041dc9d5b8e59f2a74cf9102bff45ca4c0e9e4394138f1d8ff
h02,LA-0267,267,6eae671f5585cb18e3e7c982f8cc203ebda7a751b2b05ca40208762b7e981b65,23,19137905.85543848,A1_FINAL_NO_MEMORY_V1,A1_FINAL_NO_MEMORY_V1_R1_WITNESS_GATED_INFEASIBLE_RETRY,certified,PASS,4,2,ae552ab9f6990746ac81ee202085bf9c32898cfea0d9fa93245951d145cfe80c,,,b74475b6015745848e38ee79da704902b7f46c1550058105b9749cfa48444779,34cad9c1386b56e0e830191167c8419d6e8e2d0ed2176d0bac3834b60a1f7a95,P4,1195332935.9303405,h09,1190052722.3351448,5280213.595195696,0.0,17134720.413222045,R0,0.0,0.0,NONE,0.0,236585505.9984637,R0,5072fa704ffae5a691d8060c9f918b11994be87ad862c57f46d4e1dbfe86d8b9,29d04fd05b5540945001f6ca11095633a1ee66c28bd6c8e749ee2097749ff99d,380fdd908c93aaa1d64b561fe389806385e5903fc3f384504bc31d2f144998f6
h02,LA-0650,650,896e1ab448726f2971ba9a04b3ebaf173c1cdfc6a202764ddb5b4de5a49689f7,23,19137905.85543848,A1_FINAL_NO_MEMORY_V1,A1_FINAL_NO_MEMORY_V1_R1_WITNESS_GATED_INFEASIBLE_RETRY,certified,PASS,4,2,4957d56d2b71dd18b5a0eb6d6e028e21e47c1428d9649e5b62f63573460f756e,,,57ed2ca6bcbf051132644216f2f84af6db40bd113119f3c8f70f40c5dff0bbf1,ad0d54c17876cdae96b09a78d83a6d657bd8f85c67adf294a610a2e3855a5ce3,P4,1173592870.5655491,h09,1173420697.5783708,172172.98717826992,0.0,0.0,NONE,0.0,2772549.8864522385,R0,0.0,0.0,NONE,c74c43b3f9ed799520ae7aafe7b3ed61e5526dca20d79a1bb493dce94e9b368d,ccc8455ff4e63914ef1e95ace1afcfe5ba8b1686e85774b67722af7afa529c42,3ecb7b08dd0c46707018ee93c2122e51596eaab4f5e7ac7096d2ea07d8ba63db
h02,LA-0867,867,28d7dc1f1b6dced946b0bc1468f120ff95e0d44e9be3e0ae9a3210a423a24db5,23,19137905.85543848,A1_FINAL_NO_MEMORY_V1,A1_FINAL_NO_MEMORY_V1_R1_WITNESS_GATED_INFEASIBLE_RETRY,certified,PASS,5,2,5f01faf044760a16a1a816ad084a631f0e5f6c320ae5ed4825d5af66c60754f7,,,d7c696a30e2954a64840a57ea55df9a97f578d77875b31ec0fded3c2315e094c,167d2d64b3ecd69c53eb3585fa5de14a9608d082676693836dd54ab64b35a39a,P1,1238675341.8834758,h09,1219537436.0280373,19137905.85543848,21056075.468363512,0.0,NONE,381512.60922443337,0.0,NONE,0.0,0.0,NONE,87f95a9e0602d97bfc913a85740cea23015d153c6509741e003e15cd62bfea66,f8f7f932ebc369b4eb1310f0103997b3853ac2acf245f77a7dc96fd472c276e0,4add7396fa95aaff705dbba3a01abe54d6eaa6b68e958a73aec497833d0328d4
h02,LA-0416,416,669e449e72b58dc8c22a12ea129611eccdb1ec6b9fcc545c816093c674e68f3a,23,19137905.85543848,A1_FINAL_NO_MEMORY_V1,A1_FINAL_NO_MEMORY_V1_R1_WITNESS_GATED_INFEASIBLE_RETRY,certified,PASS,5,2,1590f388c9c1d7ebdd57ffeec41f1f60638ff3ca6b683836b616484e848179da,,,1e43e56db75f658a4bb9a6f14466ac6db724022628d180ae5f0e9d34d7a8860a,2c02eab37b5b6c9a1927bef299ce44f1347c7a56496786b9a278ff88c191f76c,P4,1206524278.0228066,h09,1206230488.4924557,293789.5303508626,0.0,0.0,NONE,0.0,2374141.9330024207,R0,0.0,0.0,NONE,61f8a07e9902440f98f5a4b3170e0820406f702a8e6fbc5576f95ad3e5696189,c207aaf3db4fbfa4abfd62f8147cddb46f5fefb6def94ca8d8b518cd89fad240,ae0a1f80a15b87b220180175e568843a5bc4c52fa0e649584dc7ed2bee08c530
h02,LA-0205,205,23884bb8c90f192c69fd9bf16e5ebb5435e6ef34e9ccca458cad5799c9599c75,23,19137905.85543848,A1_FINAL_NO_MEMORY_V1,A1_FINAL_NO_MEMORY_V1_R1_WITNESS_GATED_INFEASIBLE_RETRY,certified,PASS,5,2,ef5a2ca45bb57266fc8651e99fb0cd88f117fc150612ea46f6600df8f9caa6fa,,,de34b3fb8e31466a1137dc807fa7fe7d26c243b91b215fd0c57782123808cdbe,60fc9f7f9d004a45c8e1e4b1ef509c3976efe27bbf9ef2f9f6cfe62072808963,P4,1220218410.0448766,h09,1213873651.9240494,6344758.120827274,0.0,0.0,NONE,0.0,1958806.5876235897,R1,0.0,0.0,NONE,6fe073ae395961277bdcffb0ba506206d98cea1e03e2c4e4cc39686d61bb3c89,74ed17bdd25b75035e22d2309544e69b75135234132f3acece35b0651ca21153,b194210f6c5d955ba2988482091dce61258435815b31dee7dea263bc6c642f73
h02,LA-0120,120,dcb80b654ab21716af1c3fba71c854c2b5e8f2ab0511c85b235a3e410f4810b5,23,19137905.85543848,A1_FINAL_NO_MEMORY_V1,A1_FINAL_NO_MEMORY_V1_R1_WITNESS_GATED_INFEASIBLE_RETRY,certified,PASS,5,2,c69987e655ee6b426ba389f2e25df4a5047781805ffc0310004f245c256a5aff,,,78e1bec3f5a6f9f55c9589ed237c2ac7af4b9689e851fec299923e50aedafe99,bbc92913e4d084b9159abece65733f45aa45621cd1a6474b8ffb551ddc26e10b,P4,1215777307.5997183,h09,1206207162.7952132,9570144.804505052,0.0,23913636.943275176,R0,0.0,0.0,NONE,0.0,204785629.11796468,R0,f09566cf39fbce1c9962031e6dbee72e4c49463632acbcb17335f35dd0eabd69,ce124716f0ecfbf74288038c5af4402c92f90516858666f892c54f402b2fa039,f85d38fec328628100852e0351ea4268e9b4f35a3f0181ea475434b3f7d0b680
h02,LA-0327,327,26b0ad5717f7a58cc774343f1b9c7b20588ccb2ed4387459b73a4ebb14338ef5,23,19137905.85543848,A1_FINAL_NO_MEMORY_V1,A1_FINAL_NO_MEMORY_V1_R1_WITNESS_GATED_INFEASIBLE_RETRY,certified,PASS,4,2,6c6c1d9a82e429f5dfedeb144bc0a30d8ea61072e518b1ca0e54b322531853f1,,,d8dd393e84ec6c908880dd72c2d2bc46b60436aa86dd0d9aab0ab84dc9473ec0,c9f08253e43eedebfc6f042ee5aa3ddbf2cd2d2bde9641849e899c5c64d60315,P4,1221156351.5273213,h09,1220095177.2013907,1061174.325930498,0.0,0.0,NONE,0.0,0.0,NONE,0.0,189250711.12879342,R0,f44cdb19fc824c143c50a28e720718fbb4a4b5f229a233f9a8875a23262175d1,174b89d0c6a3570c3b6d105efd8a43f92ada73c768ad2298140e3dd0ba64779f,5482b69db74747454e287b2929df16d8af9ab4e366873e45ccce827aa3876592
h02,LA-0598,598,242e4b2709d58e8d94223acc7cd58866ffb48aeb717b44660a55306eaf0e733b,23,19137905.85543848,A1_FINAL_NO_MEMORY_V1,A1_FINAL_NO_MEMORY_V1_R1_WITNESS_GATED_INFEASIBLE_RETRY,certified,PASS,5,2,c990cfeca14e86df987334de892683569755277f28d4fb49c697647bf3b69cbe,,,0a00a96f7ad21f05261414f4989321c03f37357a537db6dc2a236d5af35c0eb7,a3f2f906fddcc44e435808b59c09e01ea3a64f384a343d4b324b023e9a734e05,P4,1215678719.9426825,h09,1214842925.9296584,835794.0130240134,0.0,0.0,NONE,0.0,0.0,NONE,0.0,269726589.2650498,R0,b04a53c6a72ea107cd471dc8345cf621e2700ec232f101a1a7770bbd59cf2076,21a9968853cf2067143caf4400a5551c86f2a362a1da49f8948e7d87b33fec21,d6e983c124a931a612c4a72b45dc2597c92a189e742e3f0366642135d6aa5676
h02,LA-0855,855,180156333d55d9a85e6f41be522acb01ef74398f9989bf6602a86b9ce3b9e979,23,19137905.85543848,A1_FINAL_NO_MEMORY_V1,A1_FINAL_NO_MEMORY_V1_R1_WITNESS_GATED_INFEASIBLE_RETRY,certified,PASS,5,2,ed3b2bbd4727668c5d0b7617246e09daae38aa17acaa2b74beefcb91446b5db6,,,c6ce430e3d246fb24caed9828a36121df183d91b9a0144614f021936406f4be3,07ecd34d4c45c7bee81ae8b8bc4f5198894252c12ea7b290cea8bc0010360c0f,P1,1223739720.2537177,h09,1204601814.3982792,19137905.85543844,14941787.429378249,0.0,NONE,656222.9562590279,0.0,NONE,0.0,0.0,NONE,3f9afc4ec5431318ea0658488ccf602c49ea6b3c129ba7d75657712e5ba5b86d,34b58ef07727e901d4e5279cbf8df8293045169c2217aa990e5ac440a0a10ea4,a9d738e5dd00b54cf2c81be1907dc1c0b4a08f68b72c9304a15bbc7f68dd8b58
h02,LA-0477,477,0b1babee6d4db71c3411cbeaa0064089662b8b7c27268b0cfc424e8fc084c64b,23,19137905.85543848,A1_FINAL_NO_MEMORY_V1,A1_FINAL_NO_MEMORY_V1_R1_WITNESS_GATED_INFEASIBLE_RETRY,certified,PASS,5,2,757e608af80fda69bb20a5914ac5fefb4ea832594c44a6f39fba24e82f3e66da,,,3bbfe72fe1672654fab130893d1c47f0c2a6541cc783e460cd1f1ec3d4efd831,05696c0f57084292dfd4a3cd119bd09ad05cc0a708b401e724b096632f7e558d,P1,1240720693.3263164,h09,1221582787.470878,19137905.85543848,22306078.92390549,0.0,NONE,325350.8973657665,0.0,NONE,0.0,0.0,NONE,e7140507a3451fcfe35a244477aacbdf76f86bbfaf6dd97080d4199fe57164fb,b4571690479f38ab8b5eb9ce073bc1a775683e62fd999a23f81077568ee78b25,5ad9fab9edc9752ae224ee2d001d60afe127499531f6e3040ab563fde4d457b9
h02,LA-0574,574,b143113ec1f2e817a46d9ef9824fa874efd91615efe1b48fc0a2871735a443b0,23,19137905.85543848,A1_FINAL_NO_MEMORY_V1,A1_FINAL_NO_MEMORY_V1_R1_WITNESS_GATED_INFEASIBLE_RETRY,certified,PASS,4,2,86c5c9521846d6f41a3178763a248ee6b7d701fa3355902ee7ae2e2b104807bf,,,31d65d73d7c4f251e859a88689cecae0e573a141dcc215d130ae1c0f49db9d63,088a9ad835d36041412670383809d9bf3bb6fcc0fa5a6667f329975ddc7421c2,P4,1190315884.16698,h09,1187688695.0663903,2627189.100589771,0.0,14412138.67546894,R0,0.0,0.0,NONE,0.0,217539848.6871453,R0,e5e71354b9e20dd107a5b27d19166cf94080466978463c3d4628edda07da23fa,cf45f56c8a114076e271ec58323cc117f09547fb4e3c50585549a49c7e4ac4d5,195c6763f7adab3d8d0ae51a83f0b47a8acf1b9d3a5e8465f8912c91d232acf8
h02,LA-0492,492,12ef2746456cf5a77c74b4c82e4b425d99de836f2bc702dc87adcd3961dabb6e,23,19137905.85543848,A1_FINAL_NO_MEMORY_V1,A1_FINAL_NO_MEMORY_V1_R1_WITNESS_GATED_INFEASIBLE_RETRY,certified,PASS,5,2,613dafd91915efcf1d105f3a4f003274d1e5c45cd88d1614882f21fa421d5bc7,,,14fd432d804341f7a9131bdff4f4284bbfa2c0786bd3248ac20792b73d639634,5525fdce7029fd6e0c9cc7b4ff690bf15d6b0a3e0fe19d139ebc7bafb6cfde0c,P1,1227899667.655367,h09,1208761761.7999284,19137905.85543848,16256596.292378554,0.0,NONE,597149.5863530028,0.0,NONE,0.0,0.0,NONE,93cb7d71211ff0e5d403d555b603fe5c96158f8b8f498ba120a6baa219709628,ef48350d46554dfe2dd0ac18ffe0e3bd829a3a7108f3e62a73ef6576ed1c0eeb,f39aa3f538a9ba1c0102842d26805b089e5e4df39caac2ad0c299f5cc7415096
h02,LA-0354,354,c17d41a53215417e5264499caf66e812c1888c03f25a53be7db763b45211baf3,23,19137905.85543848,A1_FINAL_NO_MEMORY_V1,A1_FINAL_NO_MEMORY_V1_R1_WITNESS_GATED_INFEASIBLE_RETRY,certified,PASS,5,2,f7f74a65d0b06ea0ca871123332ed65de9706fdf72e57a4a31578d89eef5e809,,,aef3a7520cffe96ed9f4e27325461ecb5af6c98ae96ea3ecbcd1c787be8fb010,f980e9e36a03b0a6cf126af189b5b6856a409423ac41193a2014122980a8cd9a,P4,1210820771.2177095,h09,1201186053.1641757,9634718.053533688,0.0,0.0,NONE,0.0,1455927.2970725188,R0,0.0,0.0,NONE,7357b5e35a271c02716d19ea2585f60bd6cbbcd54bfa0b0bf733518ec04e2659,ced32d43eb2a95f37c25350395a2d2dfe349b0614690b9c447019bec0f2cb711,6ce834e0d9a1f4fb28acf89c9158921ba5787e7e89a0cb4c5e3660de6832d00d
h02,LA-0003,3,59411aa182359257e699b7fb7a72fa14dc02ccf983236a3bbbfb7a7ce21e6809,23,19137905.85543848,A1_FINAL_NO_MEMORY_V1,A1_FINAL_NO_MEMORY_V1_R1_WITNESS_GATED_INFEASIBLE_RETRY,certified,PASS,6,2,5246c2882b4aa0556bdb00cf9215394109e5cc0f9ac0e2573abdb1a89bd8ebe2,,,225bf4d883e46334fdc6f925df9b03c8f2d6fbe7ddbec9a6f9d381bb99b372ad,03d0b423e8b61a9e3151fd206b24697a979e915956c877920fcc1afc15450579,P1,1220456158.4677374,h09,1201318252.612299,19137905.85543848,14045150.246489204,0.0,NONE,696508.1881789276,0.0,NONE,0.0,0.0,NONE,8e076b4ad94e18ee26a3ea5266c631bddc35a72b7c4ef65643003400479b31b2,ae7e87e6c1255fc48a411ed79ea64360f3b3479a26c75ab628aa74206cbafa44,16c37523096132b555966283e2fcbc1ece371f26a4ccb1bd1cc2918c7c12e559
h02,LA-0853,853,2010dc4b4f88ff2547d1e2cc5b1be6490307c83b91a28df220a8f21c7d098575,23,19137905.85543848,A1_FINAL_NO_MEMORY_V1,A1_FINAL_NO_MEMORY_V1_R1_WITNESS_GATED_INFEASIBLE_RETRY,certified,PASS,5,2,a3ee1948b2d908552f180d45d486039721688f08b26fca2b2177089d201a3296,,,0da57c75c51564334a60227ccf532051ef43b79e041cd84d55dbfbd4730e973c,12e3a030f12e23a3d8ab0e5cf34290e4444fd9cac690d3961c160a8382c0039d,P4,1237313201.5078242,h09,1231557634.2289171,5755567.278906995,0.0,13836399.232464166,R1,0.0,0.0,NONE,0.0,42059311.52405679,R1,df0e0bc75eda4d84e42eb33b50f231967699deed8d7587150c1302671b0413c2,a73552fdab1cd9e5e450a062b2ba765bfd0d2b36a463a63cf28977d60227e336,109afe2d4fc5d7ddcc516856fa8881c4884433e826d63c4228dbf317dda3efe5
h02,LA-0140,140,6a963df29f758b8110288d1c0b1c81706cdf15bf4d34b3231109c25b36aee0ac,23,19137905.85543848,A1_FINAL_NO_MEMORY_V1,A1_FINAL_NO_MEMORY_V1_R1_WITNESS_GATED_INFEASIBLE_RETRY,certified,PASS,5,2,990ac71ad2af944914be4580a607d74a30721cc73f9e9118acc165d0ce5d7928,,,abd2aa9823fec6b33c581b103acd2c7643b87f898fbb4cd1438ed061c7bd457e,ca9cb6ebb19f2d4e6a13b5c93b2b2df9c93cd2815e84033afb056ddc900b344c,P4,1223976332.7735052,h09,1219814200.0127277,4162132.7607773556,0.0,0.0,NONE,0.0,1476146.4683833825,R0,0.0,0.0,NONE,a0c82eae78730435bee9b4245d84859686493ba1501e4e1b8eeeba1d53c6c54f,518d4d2afbc90cb832be0fddae0442bfd1e9874b61dbdc763387fdc3aa330fba,73a01058d5134086cf722d4b3aae980ce6b173b1a6be919096c91961eccb8a0a
h02,LA-0146,146,9fc956653a31aec1282b742c24601978481a47163bd9f378ea475db8dbcb6ec0,23,19137905.85543848,A1_FINAL_NO_MEMORY_V1,A1_FINAL_NO_MEMORY_V1_R1_WITNESS_GATED_INFEASIBLE_RETRY,certified,PASS,5,2,af66b4caae0e2e75060c1f1baa40a69330ff41089d5c661948ae2eeedb53c7c0,,,5a9b134e3e58a935daa1eb3fc9c85b8c771847b6219a7cdec898a49396950792,46d741caed3a84f744e6f506e1111dfea5ffdd61f4af844ffbc6b48b46b4a960,P4,1179471464.5032446,h09,1174821539.023023,4649925.480221828,0.0,0.0,NONE,0.0,3530464.7436887217,R0,0.0,0.0,NONE,2346e5efe6cfaef00ea884f35b2ba80ffd9205e05d4c7de094c4ff14f1779fc3,2686d39b528bda994e6c16551fac325850990e6f37eb4c928bdfe0a0e7d3a6e0,982db11e71b176c8257584bd00c10f58543406839dde537d0ed8dbb75fe5fa22
h02,LA-0506,506,a2a65063932d7c3c78c22cc2a0f80424a23974368a59bf20372a132ed4131cc4,23,19137905.85543848,A1_FINAL_NO_MEMORY_V1,A1_FINAL_NO_MEMORY_V1_R1_WITNESS_GATED_INFEASIBLE_RETRY,certified,PASS,5,2,d4a981f87242fcfee894b03435d3707b6bc0083ed713e7058383591b8080b761,,,64edd88be31f718f910d4ae17349a371ae3254507d6bef0772e9c251657fee61,b20a7ce0bcda2e7330b148c418c8c5fa473f7621551a0126ff1cf29aedc8a3f7,P4,1210507122.6067097,h09,1203374261.4688485,7132861.137861226,0.0,0.0,NONE,0.0,3530354.060524068,R0,0.0,0.0,NONE,2d179c49d8cdf647901a0da42445be2a8475b3929401d3c0bdc7868317774ce2,237c6f94a0c27ace2594694d061643fa50382bb1bc73bf98c8c54979b1aa1425,1fbb7ec23b313c1a70a8f343de02441da4b524eb171bbd844d41e9296d28d9e7
h02,LA-0305,305,f663668923934c0c068ef34648887563acfd965684da967f6917923fff66d889,23,19137905.85543848,A1_FINAL_NO_MEMORY_V1,A1_FINAL_NO_MEMORY_V1_R1_WITNESS_GATED_INFEASIBLE_RETRY,certified,PASS,5,2,66f50561546112cdab717c6402c1b1fcc32bed0b2e5574947145c23eb308e079,,,6c9988d26825123ddb498d17f8bc352ffb7dafd5be235931c11614890e5c1d74,609118205717b41d1b77712a1b9a051dcb4c69c675e1e882f48d3c86c9d94f43,P4,1223944549.2106218,h09,1215888694.5113032,8055854.699318533,0.0,0.0,NONE,0.0,0.0,NONE,0.0,208386406.64921317,R0,918bf0cd5742b6b76cd179e65810f973c7f39cf7930c9b8ad3bac279a3589dd6,30585caae7348b1a89feb4d91da6290d0729dd702792f82b789fc827a8559153,6352a67658d63f84c721fc4aea8772393fa90f40df9a63c33b4ec48fece1a061
h02,LA-0406,406,43303d66b80307395ed570c527452ae2545ccf68ef7c3e344c42aa91a033c37f,23,19137905.85543848,A1_FINAL_NO_MEMORY_V1,A1_FINAL_NO_MEMORY_V1_R1_WITNESS_GATED_INFEASIBLE_RETRY,certified,PASS,5,2,1c406701eac5990ba6f9b7f3f4355426969f220af7795d426ebf3ad7d9bcc693,,,48fcbea26829e7f4d28256b7230b97a7d49531db2cf161deaabff708a875c4bd,3ea2b055d538b609996499274ce84359cc6adba9cdab4a1595a656a7da9ecbb6,P4,1222431960.8075776,h09,1211828986.2122343,10602974.595343279,0.0,0.0,NONE,0.0,1635029.2259593592,R0,0.0,0.0,NONE,d0f983148afb72c4d58628a4d1955fa0356b104568d065622f1fc7e6c2aa393e,d1e16a60baea39e5ced6c7586cd4a300a69a90f0f8c487ec6fd553a2c26fb0c7,2a9d4f46d50d6fa7c878fd46b5c124d3b22a4635cff57424289b98e593110564
h02,LA-0179,179,1fb4960aa84b46eb37d3c5daaa1d2e544bbc4709d0b898d967690d88b8373469,23,19137905.85543848,A1_FINAL_NO_MEMORY_V1,A1_FINAL_NO_MEMORY_V1_R1_WITNESS_GATED_INFEASIBLE_RETRY,certified,PASS,5,2,291b7d8635ddcb4553c04f9e710c7d03e90d023e4cf53b9a7fbcf1d8e4184792,,,dab38fdb03187109ba6f12a7a93826f296961915041fc74ef971fd91c726946b,89bd3322d1bac015f5ac5117087c4a39cb69c4bc60c30470ab882c6f05684823,P4,1186272767.9722195,h09,1178938799.0529842,7333968.919235183,0.0,14978031.870533803,R0,0.0,0.0,NONE,0.0,241614202.51578295,R0,0f4b8fc5dc53672a8cb846a36b0d0e96728e404e8968bfabbc0b2990ad390efa,051afea6415a434138fcbd768d76c57aedb20d152e458482459beea20189fe5b,5c5e57e76d468338dd5c984f1ef3eec660b9541dcaea917efd44d648edea9aff
h02,LA-0483,483,a899e89acb5b24ba40fabe1d24b5fc269af65c395c6365e522c304346135ea77,23,19137905.85543848,A1_FINAL_NO_MEMORY_V1,A1_FINAL_NO_MEMORY_V1_R1_WITNESS_GATED_INFEASIBLE_RETRY,certified,PASS,5,2,0e323abd36da44cf40180df32ffadca11577c31bca9c39a89b1031a5d3249642,,,4b870b8a643a41cfbe2e1001a7e8aca74db90bf9cddc398a9f52229f9b62c67b,3bb02d1b954ac432bd16c57cf354bdfb3890db68115330e0e48cc2b53e4e044d,P1,1234079173.9398518,h09,1214941268.0844133,19137905.85543848,18701115.93120958,0.0,NONE,487319.16390080686,0.0,NONE,0.0,0.0,NONE,47022aff3ee454f957d4902e55b1c12f2e5430df43de3237212f84b115d23782,d87ccbc8196721368df0565953dfeefd1aba0c3cd944fd09b51856825d11303f,91496cafb9878a9a93e11c48a4becfe99804f2206076229c25e636d79f574e45
h02,LA-0593,593,372077df2fc439610902aac2117de1f2841e0d1f7c912dde44a145aa7868f6d8,23,19137905.85543848,A1_FINAL_NO_MEMORY_V1,A1_FINAL_NO_MEMORY_V1_R1_WITNESS_GATED_INFEASIBLE_RETRY,certified,PASS,4,2,5fadb8b46c1e0f8a0be87b07d60a3f3f266f75129e826aa062741d19d934f624,,,d61ba2431b1063d083d1128aa103589ade5e44c6ef29d3f1b56e943800870ea0,8ebc6c121c1126162a32c26f378392945b6ed9a8a40a548e1c97b80a03861e62,P4,1217798269.3319983,h09,1216892315.4207957,905953.9112026877,0.0,0.0,NONE,0.0,1651491.420929603,R0,0.0,0.0,NONE,4079afc514b7ca7e4911c8c2cd51948ba2441ac45aad4e7163edcd2f4de62baf,bfb5a3907f191c46e0ea947e1401b8a8b6e7925a911d6347aa2df02b63a857db,23b098921b35411fa64e2a69e89c9b8e91c0e3314d278eececdaf1a82794a577
h02,LA-0658,658,a06ac5f944e152077f015a26b4594a06abac302d9ee8d12168cc1855c3b7c784,23,19137905.85543848,A1_FINAL_NO_MEMORY_V1,A1_FINAL_NO_MEMORY_V1_R1_WITNESS_GATED_INFEASIBLE_RETRY,certified,PASS,5,2,3a27b8048c0ca70fe711e75896cda98b6ab232d69feb96c9f44e5d3442b48bff,,,a6423f85f07b16b63db2702e72d0c42bee90d5882a59b5616fbd757d0638713b,74c5a654bd9c4151c2834075c9dd482e2535b23403e9aceb373465f5f7f7ffb0,P4,1197577802.7998314,h09,1189267026.7379296,8310776.061901739,0.0,0.0,NONE,0.0,1711108.9069772812,R1,0.0,0.0,NONE,255fe8f9aa7710c6676dcb3290d6af7812dc75dbcf6f739f4292f3f55b356408,cc9754a3952994a68e555414251c721b7c8a3ef1ced252e1db33a55c293eaaa0,373ee01561c79d03a81b6a74a7430bbaec07f5220c00c9d48f18672ea8ca2cc4
h02,LA-0287,287,6976b8c8cd5fa35b0ae0a06c7cc30e9084d607ef478d90c7ef5d00a8c768ad1b,23,19137905.85543848,A1_FINAL_NO_MEMORY_V1,A1_FINAL_NO_MEMORY_V1_R1_WITNESS_GATED_INFEASIBLE_RETRY,certified,PASS,5,2,340ed7389a885c66e5f83fde7012e88d353d20cf16bfc7a860aed2e86b6de429,,,4e4f99dc41b34902290b96ff560c7646232532fa92c73c3ff53d9356b7e70720,ac2b75877661e0672fed9818767e624b845fd7d06982f7c69ca5a80d3594e533,P4,1215479788.5974307,h09,1208294314.883298,7185473.71413267,0.0,0.0,NONE,0.0,0.0,NONE,0.0,189663294.36075905,R2,b3eccba828d7202dd568e3591c1fc076e5b49a737445550f7c0f72d96bc15ccd,f2e55d6c05cd6bd5fa1b9e472179202701793c2cd37f1d932f54cc29b406707b,a3edf6f2871052f60d29024cc0c33e285cd57fe01835e44db211214f03aabe48
h02,LA-0015,15,092ddd62a98a4bd89bf76f067ac2de26c73a2fb505374668c940be8fe91083b9,23,19137905.85543848,A1_FINAL_NO_MEMORY_V1,A1_FINAL_NO_MEMORY_V1_R1_WITNESS_GATED_INFEASIBLE_RETRY,certified,PASS,6,2,213aaa41d643e0f042886673462f72c74da1ef1074a542bb577774db8f5cf5b0,,,42d0adacd3e1241b43e818452d2ed944f91a2edde7b759329451e93396476565,21bea5d6b5bddd59d6dbe288d114da3b4a844e1fa8828d10006484ac1e140561,P1,1221380975.6720865,h09,1202243069.816648,19137905.85543848,14286615.279506551,0.0,NONE,685659.346483219,0.0,NONE,0.0,0.0,NONE,4bb3896cfcdd326eaccaaa8b72cbdb73147deb274de7fa79647e0556d622a49c,d40ea8b8f919f49a8f902431bb528b68e2723a54ab5b7c37bd10b9c73f3e9fa0,bd9153ffa3930308aa2634e280c104273ced2c35c3fe3303f1c981266aba5d49
h02,LA-0154,154,5981ad8affb88f959adca326eb83e0af7dd4423a088a27b5f5768e1cf89564db,23,19137905.85543848,A1_FINAL_NO_MEMORY_V1,A1_FINAL_NO_MEMORY_V1_R1_WITNESS_GATED_INFEASIBLE_RETRY,certified,PASS,5,2,2c2b9d80f0cba7650b19b29bd9dfe30bacd783868b5d01de2d0061306eddf318,,,be1edf4d3a16d5d4cb54e8c151aef50d31468e21919b167c7b96c50463fe6b4f,85a1feb066b2e757bdb66283a82c16eef21f2cf71b9c6cc68995611abe5d3bc0,P4,1237893322.447176,h09,1232810700.3571885,5082622.089987478,0.0,0.0,NONE,0.0,903522.4851846928,R0,0.0,0.0,NONE,bf756ece335281bd97175c04bea709c72a7cf652fbe15493ef2579673f63b04d,6cadc9a38c67e02219a635e5243e89c7d64ad6b7739fbf2d6c5e3c02c5eb8f46,f78949caec997b875d044e783a072716d5961a8d61349eaf09b30cf0ef420463
h02,LA-0149,149,3191c1fb0ab074cb6835832ca5798d4e1f0f4d0b8aa3383dd32f2cfaa08942de,23,19137905.85543848,A1_FINAL_NO_MEMORY_V1,A1_FINAL_NO_MEMORY_V1_R1_WITNESS_GATED_INFEASIBLE_RETRY,certified,PASS,5,2,e079329a12ec70ce2760bc5cd77834ad8b65a3cd9f07e56476944efd0c1ed31f,,,0a2e27ab54e8f9fd9c7aba623c9d62ae2e8cade749199009f70608b017a535f0,03ef3341dc400f4836c2cd4db7da354e25f441ae41c5f31e5aaefc4b09ae4381,P4,1233994653.6521556,h09,1227526360.9561589,6468292.69599672,0.0,12301827.333069101,R1,0.0,0.0,NONE,0.0,47865678.65815833,R1,55f2fa745fda347bb43dfb8dfbd4245734db063277b2a8490db70d0d13d9db31,d0b6334929cb2cfb3770291b0b1f5bb3b45a0eafa13d9a7f21073a3c3ac34827,2e252991ee686f08caa01b5f86c8e5dac4235149c5ee05de9cb7edeac3697ae8
h02,LA-0572,572,1b7fcd7cefb3bdf638af1eaeb65efef59898a8745cf0c2ba44a310272e14f4bc,23,19137905.85543848,A1_FINAL_NO_MEMORY_V1,A1_FINAL_NO_MEMORY_V1_R1_WITNESS_GATED_INFEASIBLE_RETRY,certified,PASS,2,2,d690a4e3405f063e6b1801d45e020ded9b21433f2721d8e57a056f95950db7a6,,,1dbbbaf3ed3f0c7a2676ca79ab494e82ab3b191fc2ae6536729fdcc0012fe57a,8b7b3f9a5acce6e1be08391c51fc32e8352c084b841a3c9fc7267a7cae2c7a4e,P4,1228055937.591531,h09,1226059571.1483257,1996366.4432054062,0.0,0.0,NONE,0.0,1066041.3769348694,R0,0.0,0.0,NONE,a1e659d4161b53d04f1c56436b018383639485ae282624707194437c6c8898ed,538f176d4f05b685cb1e2382afbdb21016ae57afe3d836b07758b2be6a89303b,eb8532b18559cbdb280577f19a2297511ca5fe7486dba4040c5e59a68ebd5017
h02,LA-0123,123,7db26285aeb70f4f87f8b7ef0a039a3debdca506f3de3352f9fba7ef8f08efd7,23,19137905.85543848,A1_FINAL_NO_MEMORY_V1,A1_FINAL_NO_MEMORY_V1_R1_WITNESS_GATED_INFEASIBLE_RETRY,certified,PASS,5,2,7541e50a2723fa7e0c22394d7805e88adb0143df6f93190b527126323a3f6598,,,878493fc897665d3d0856e15372e9475e74462de2b495f3697d2863b1f269c35,b2e2dcf78cc8b6e00784b5abfbe185466c1ed2c410c6e3b4bf7dfedf3c2583a8,P4,1220079012.1860561,h09,1219772083.406201,306928.7798553607,0.0,0.0,NONE,0.0,1904037.2817990116,R0,0.0,0.0,NONE,d3b5eafe4b1451f0d6e3aaa196d44fcf766457333462ac05953167bb74892408,683841bd3daa91823da8bf6e751e17ea024afb84562d5b5c5e75cc0705d7274e,d518ae2994669a80c702a9d6b74f843d74c7f5faa1c164bf67245f1c772f8723
h02,LA-0752,752,a67cbf0b6a8032f4a985a2b133980b10264b5752aa31758648180af2706297d6,23,19137905.85543848,A1_FINAL_NO_MEMORY_V1,A1_FINAL_NO_MEMORY_V1_R1_WITNESS_GATED_INFEASIBLE_RETRY,certified,PASS,5,2,62837a39f077be63d1ca33d707a35ca9b1f6e688c16a334b23c6553cd874eae0,,,d08ccf219547266e716d4b5b4aa215d91260de4e8a2dd402e9bbd792799636b2,de0fd5573cafb7cf0f86ff568b4bc96b1a389121a6d8fbdcf44ccfe044d86638,P4,1212266789.0270295,h09,1211170086.5992248,1096702.4278047539,0.0,0.0,NONE,0.0,1579469.1024224404,R0,0.0,0.0,NONE,d3976b1d6aa0160caa3eb81f45e542daa9bf5b1325b5d917aaddfb1e2bd32f21,db1a7e8fe91e550841b12e817cb9312e75e716fa16871cae017588370e31805e,49998cb05b6202a793efa145d5f41641a138476b14a70043d4c6a9d4c733ebdf
h02,LA-0405,405,42e2c45b27aff00643e23613d2888dd87b6df6e731f7d0751cceaad9e87dc3f1,23,19137905.85543848,A1_FINAL_NO_MEMORY_V1,A1_FINAL_NO_MEMORY_V1_R1_WITNESS_GATED_INFEASIBLE_RETRY,certified,PASS,5,2,9e066502c502aab17fd275b4b7700c6cf1d2a6eb9f01a296d506d460130551cf,,,056e7b9b11d19fde081e13433c62f92500e385231f9f2ad7066670ed3280bee0,cf9dc31f456e079e06d2aaa3b3d8af9b958515555de38d75898e1016e1022bb8,P4,1224606921.0417676,h09,1217383205.4664075,7223715.575360165,0.0,0.0,NONE,0.0,0.0,NONE,0.0,291278832.163684,R0,7756a7d22cb7ca2be489735244f650dc3dd69d8be27231d837ddc1fc042a0901,48435794f16329c1aabcaab2803339e320999326474642f75131791a8af24089,56d9ad2177fb6d6c52c9d5182feaeb22907c9e4f4ce90886c7b7cb49670dde6c
h02,LA-0959,959,5678edd621148dc11ecaf4fa0597c063442d95adf8e16a86e56f0be9c6c2d5b7,23,19137905.85543848,A1_FINAL_NO_MEMORY_V1,A1_FINAL_NO_MEMORY_V1_R1_WITNESS_GATED_INFEASIBLE_RETRY,certified,PASS,5,2,0b00cbfbcda681215ddb39a7af193dfe342e538ddfad51c6e2b92971db2a2ad9,,,350d46a68984db362b57ed25e32ab09ee4793599817760607a3e398a87e3e862,aeac7bc05bafd9c41cc9f8c41c9dc1b33e9b98a0e1118930ff8caf3da6e4a788,P1,1231987238.2950087,h09,1212849332.4395702,19137905.855438434,17795252.741609916,0.0,NONE,528018.913339185,0.0,NONE,0.0,0.0,NONE,a405f60f722f837550672df5574c5eb2f1e121721e1ae34825bf00ddd62f633a,5446fb1b287380f5598f2a7fb73b48b30c994aed503123a4b4ee7c59ebeedc6d,ffe3996cfbfeb67627abc7ed6c5227f2cee2e356fcc348045991ca76e22b8772
h02,LA-0150,150,57e4ffc89d313dbacf36d4c5948ba60e18d918df4f9d44ec547bfd96ad560683,23,19137905.85543848,A1_FINAL_NO_MEMORY_V1,A1_FINAL_NO_MEMORY_V1_R1_WITNESS_GATED_INFEASIBLE_RETRY,certified,PASS,5,2,8a4b9631aba9c44064703f8a662cdeb5c739936e4265ab2d188a98512fb2c7c0,,,55594a5418b6b83ead16be2315e10efc54ab977a20282d4d439ed0e34afb4118,3f2f5276ee89c383a18ab46733d363db01846d842e71fc4bc5c4590db7282329,P4,1220174869.989929,h09,1215370358.6827154,4804511.307213443,0.0,15708570.374125771,R1,0.0,0.0,NONE,0.0,116802788.88495453,R1,684999054c9e26e17511876d19289fdd0b59f8579d0323037e74f1130d3aab2d,c6900833033e27985c4ca175c1de0d55200c4d21cc58a5a0be1d93b2aae0c6ed,f4048d1836a82e3ea12bab513113f126e543229cbefab20ff22a61ae4c915e2f
h02,LA-0978,978,4d8164fe0a8b7af6b958f7b5b0ebcc8dd1c2517306e5e8633b7304becf246e7b,23,19137905.85543848,A1_FINAL_NO_MEMORY_V1,A1_FINAL_NO_MEMORY_V1_R1_WITNESS_GATED_INFEASIBLE_RETRY,certified,PASS,5,2,d07b7300cda468c5519934c1d9357b095cb60596362396522a6aaf14f0378896,,,e51c078356055180077f6080f83b35eea312107e47a46b671af97b92347bc106,b67cc68fa7770562ff5d181833ab9bf7d420b65f51cfb5b18c6a0b54035b71ea,P4,1189326154.9535573,h09,1188023676.610853,1302478.3427043732,0.0,22876503.890879665,R0,0.0,0.0,NONE,0.0,351110137.85193664,R0,3d369202b1e54f8f890ce6c7b593eb42163c775aaba3b05aa30d428fa665b9bf,3b08ea8ba2d1567d73306a289dd6b6569104faf73c7e922e9107a880b82ff130,bb7186a9ff192561ea566ae417e350cb6707b084b832687aba401db6780757e9
h02,LA-0481,481,50fc88ad5a6f285c464f798a4f897fbcaa26f476f9ef8c6d2cf81a1507ee0cf7,23,19137905.85543848,A1_FINAL_NO_MEMORY_V1,A1_FINAL_NO_MEMORY_V1_R1_WITNESS_GATED_INFEASIBLE_RETRY,certified,PASS,4,2,3a9c9bdcdc94dc97c76545216fb16eb2a2c0c059a9a1411ddd0824ca8c343e63,,,c6c569da5ce8b495a08f58cb12d049fd3164dac2aa8c10cb28ee5effa966ede5,9ba99bec8c0b37a1e26745115bcb0dcb63c36a2f7bd387f54e3c41de40b8ea07,P4,1209133619.037305,h09,1208806957.6961982,326661.3411069134,0.0,14208992.162250955,R0,0.0,0.0,NONE,0.0,145892323.6684715,R0,f6cc8ee626965f528d814d244922f267faedc02b68572ce558f24f603bfee41b,e94547f1d17a91738903eb59d8a179a50f0835a5275232e2157a038dbb62744e,f826a5187190b1ad73205cbd735ce98565de4322153826ae2cace452300a976d
h02,LA-0649,649,8bdb499cfb7da607adb470d692cc7569cfddef59031fe66cd17753dbcc98d428,23,19137905.85543848,A1_FINAL_NO_MEMORY_V1,A1_FINAL_NO_MEMORY_V1_R1_WITNESS_GATED_INFEASIBLE_RETRY,certified,PASS,4,2,3d3949b34387042eac970a931ec42eaa9bca37f41ae83f59df27c573348a4b5e,,,81893ce120b9965cd634e704e1bba80ec2bbea7ac5a30bc5cc8d244a36aaacb2,0eb254cdc4fedd5ae23fbbd98c8e1f8ab94a2f4e8028792a47d6f6b1bda3f1d9,P4,1180395423.052388,h09,1176615335.422902,3780087.6294859247,0.0,0.0,NONE,0.0,2382085.0781694707,R0,0.0,15750917.38919114,R0,c989d88f7baf5fdb553b002e794fa4e8b5d40daddc88298a94d9c7f47975e996,3eb9f0de7e9ab033f44b2736125a11365db126e91fd9671cc9f345086bf36cfc,de0ba33d0a40edaeb1c8eac8df829bf02fd3f0daf56b800f95f055741bdb141b
h02,LA-0068,68,60cb9806f6539dee04a0c52f4acd201386b18ff64aaf42e6767f8696c9abba82,23,19137905.85543848,A1_FINAL_NO_MEMORY_V1,A1_FINAL_NO_MEMORY_V1_R1_WITNESS_GATED_INFEASIBLE_RETRY,certified,PASS,5,2,96f2d98d3332c7d541a715019914cde143f3f376e8b828ed63495b79acbdede4,,,3b714e3e16ef561ae27befa436ac6453743b2247d2d21a3b9562df42c40c0289,7cb202636e833096b2b72a6f9be01d55272fc6a84aa120a5ef1de05d837c8e88,P4,1228941262.896655,h09,1227433089.3715308,1508173.5251242912,0.0,0.0,NONE,0.0,1039486.7879655814,R0,0.0,0.0,NONE,5202bb99f1631f19b73a4fef80226d738a296891c14108cedfb4e3d20baf9c4e,86407edb0e18cf29b72fda1c669d6bb066903845c82024cd49d5edfc9f15b0ff,7b90464fc8c45a35ceb152b3c4f3e9cd02a6550ac601f082c546c4579b89d439
h02,LA-0896,896,24ae43a438e5db5f118a72ad93a0741789c35c3f4596402d10f4acd0d8696ba8,23,19137905.85543848,A1_FINAL_NO_MEMORY_V1,A1_FINAL_NO_MEMORY_V1_R1_WITNESS_GATED_INFEASIBLE_RETRY,certified,PASS,5,2,dbc78079414524d97a5ee4e72b6756e920e3ca6a5b441b04c7eb98ea8e8721d5,,,8aab2a61d69fc6318031bbe535665caaf3fd60d7c9f707b9d37d8b9d2a87d21b,c170610692bb82bfce657d3ab81b09d31311179de7006916682d5a89030be85d,P1,1230968019.681043,h09,1211830113.8256044,19137905.85543848,17384965.558005214,0.0,NONE,546452.8068478426,0.0,NONE,0.0,0.0,NONE,ed3c95f8233dc25d518488e9c3560e70b9266c75040aee8941973a35cae13989,eb0223523589f433fc1ba9d98372340b49110ae22a35e0faaa8c5871b1c21c08,d7eece91e405caff1909ebb8939b30f87973a4f00d6620e1bc00e2c2b0f85fbb
h02,LA-0943,943,0bf9483cccf0a0ad6ede20b25ea8ba7c18e4e0c1839f6c6c48ab577def64784f,23,19137905.85543848,A1_FINAL_NO_MEMORY_V1,A1_FINAL_NO_MEMORY_V1_R1_WITNESS_GATED_INFEASIBLE_RETRY,certified,PASS,5,2,b3757666c8c7d6cd83f2c82d90edcb98a6dc46cba17a31f25c837f450ba3e960,,,b38e7a4c8384c28aa6c7647507dca3a718b1303015855599f27307f27db60fac,f95382df1417a49f6ae3dab1a0a8f5012d8c1c5bebd5834ea166865da38e9dae,P4,1202281148.0060956,h09,1199316935.0772574,2964212.928838202,0.0,30133241.22247137,R0,0.0,0.0,NONE,0.0,362358602.4615051,R0,fdc57120bd44f8ef000153ce8b67456417c9e57f4ad5b734d039725b3fd236ea,75b2747cb8c0dc18b91bfd16d76269934c533a8dd720e24151e1461fbe4a1264,1577a2eb201112559be727e3d5d3a4269c4d1ddbd8640696b71d2c9776237b9b
h02,LA-0509,509,afaaed77442620fed7cdc6117bbea079e42aba1c3bc4bffc87431fcfc07ea9bc,23,19137905.85543848,A1_FINAL_NO_MEMORY_V1,A1_FINAL_NO_MEMORY_V1_R1_WITNESS_GATED_INFEASIBLE_RETRY,certified,PASS,6,2,6076c4ec29eaaa12b6abd3c8e28d70febb64c3b5195d9b8c8493f8e42d62e018,,,3b273561fb17f794565bb20b65fcef024587afc1b22a8ebcf297f7d4a53d3267,b047f581b98fa334f96f6d778c68f8ea8ed63b0a3213d195933e92147a9d9f6f,P1,1227295330.4219646,h09,1208157424.5665262,19137905.855438434,16051402.33719921,0.0,NONE,606368.7958958454,0.0,NONE,0.0,0.0,NONE,f6be8efe7adef7338ea6962ef320bf9725d3a59d4a1391a91e879d6515f849fe,0ebe7a4a864786093d07a2c9daea439c517859e2062c7eb4f84a686d623c608e,eab3d96c806364b1404c9172befaf73c7c86b74c7c02f827b6dc191bee9f6d3e
h02,LA-0848,848,18ba8bd3477f961ccfad64773589b0d508a04ad4a7dddfb195e0cb1d64a01127,23,19137905.85543848,A1_FINAL_NO_MEMORY_V1,A1_FINAL_NO_MEMORY_V1_R1_WITNESS_GATED_INFEASIBLE_RETRY,certified,PASS,5,2,c495ef6fd978ede4e88afd0d5d7212e2b4b38642e3b621a0e293617d400dab45,,,dedb2545a05863c2d2b8a27064f456909fc6987a347831e2598959f3fcf3aad0,4daf538f8e7b79641a74ad43509a4af2b339a6136b4e09dcb9abfe36c1985f80,P1,1222469787.724126,h09,1203331881.8686876,19137905.85543848,14581759.86495683,0.0,NONE,672398.7230095684,0.0,NONE,0.0,0.0,NONE,2fdc8bf22d87c210edd057447362ae74509c28f4f79a220bd1c8b945af1485b3,f3e9cc2171e13b279a220d9b1de732b89f8fa53d700ef9f8b5e23e4078615da9,b7b1516cee1d861fe4efcf92a1a6a4e41a700bac1ccd72bd57062b766bacc68e
h02,LA-0495,495,7bc13e8e4617f5526c866da54cb9011a6de5916d88e0fd2c8324951716bfa3c7,23,19137905.85543848,A1_FINAL_NO_MEMORY_V1,A1_FINAL_NO_MEMORY_V1_R1_WITNESS_GATED_INFEASIBLE_RETRY,certified,PASS,5,2,7d6ebc4615e2aaccf7d3e512b7059c67688f9e0d7b7afad5c88b547e8ba5d0f7,,,7b5f26ea759324cb21af3f8ed73eb068b8055fb4503f471fc409ed996193c109,78f5883ae04dae1ddcc4c37ea3210f30216e376b5b8f76573f37797b22fe7524,P4,1233524018.3437495,h09,1222639537.62328,10884480.72046955,0.0,0.0,NONE,0.0,1905480.377139669,R0,0.0,0.0,NONE,7a243af19a7475e63471675e68daca9bfc787971b96616a88c3cd854fad1f3f8,ea1b2695e74b0c9177a160a250634f175ec52a80772140cd2ee1bf0450050cfc,4efe2bd0dbe5ed54ee1525657d9095e01aaea2b9366f8fee5c7415edd7042ce2
h02,LA-0180,180,b145dd9c8cfc5155696db0031bc4064abe43f4293e451bc31c0f9c145adcff92,23,19137905.85543848,A1_FINAL_NO_MEMORY_V1,A1_FINAL_NO_MEMORY_V1_R1_WITNESS_GATED_INFEASIBLE_RETRY,certified,PASS,4,2,26a40abdf84c5c1ff38c9949ffa7abb6129706f6b9b42dc57edb4dfba1bd7db4,,,2eb47a9a438fc926430823d66d9b9a2399678f9c01e8a3127b4bf6ee06647e31,2eb07747e68da186b67b1ee504449fee16a8d8e4de6b0d70206695325331cf91,P4,1193052766.8541737,h09,1191453281.8396542,1599485.014519429,0.0,0.0,NONE,0.0,0.0,NONE,0.0,346947565.789497,R0,f9829ed0e91add57d9882d4645ebbdbb4c83fa8c6f0a7ce0d4738ea54e4d542d,036201ac5d9f6cafbc2a93a645e77757c44a5d00f42d590603c46efc6b1f47b2,81a7460861902e4da72f11d92cee923772073062c9beea277d1d6d36f6b2834b
h02,LA-0525,525,83af71f8ba5ee33ca66c978cd2649cf74ae3bce9b598a5f4db626a4d7733bd9d,23,19137905.85543848,A1_FINAL_NO_MEMORY_V1,A1_FINAL_NO_MEMORY_V1_R1_WITNESS_GATED_INFEASIBLE_RETRY,certified,PASS,4,2,2f05f96e9f3703a4a157d9bae910bae8c3863513f6b410d607c7f2fbb195cd05,,,7720b90c4196022f01a5bf2ff9853cbfd4267f80c13d429e68e5302dc0b104a9,f6b4721259d356c3c46ed9272b6e59c19003797d708e961ea38e998b6b15c2b3,P4,1178808246.750184,h09,1173896919.638352,4911327.11183206,0.0,18834055.359568145,R0,0.0,2288962.009554302,R0,0.0,0.0,NONE,930b2d28e3511954a9e918f483bb0602aa837366b477a9fac65097aa42a4da9f,9798a4e286816627a5c3d7013de8591cc2afd903be78ca41d0d729e3b3546490,8f45089fa6341804fef9268fa488ebcf8b71b9fc7dad552e4cbfbec7bd535a5f
h02,LA-0523,523,d31aa80ffad076f8dd285ed039d40993d844b1d27fe990b838b50f90d2c56fa9,23,19137905.85543848,A1_FINAL_NO_MEMORY_V1,A1_FINAL_NO_MEMORY_V1_R1_WITNESS_GATED_INFEASIBLE_RETRY,certified,PASS,6,2,05a8576798634e0f78d5116f6a10f5f2281830fafdae11e591496fe0fbbe8955,,,949fd8d90733ba5e38bf865b7c915b3120924566272e12208be8b7cfb5eb7ed3,4d3f4d4df1b9a84356ae1b28290133f63a244e8bfca53cc46d0ed6d448962473,P4,1228926930.9048302,h09,1226183416.73409,2743514.1707402277,0.0,30754088.588204082,R0,0.0,0.0,NONE,0.0,159637479.5518769,R0,02d5f4af366d7002e2ba58d155893f6a775ba96a91a43476369e55f0e50dcd52,28e28d16f30cbd61858a88d628768767af9a3bd679f860fb2638187132bec771,751b5c1e822336009b9f1e66eddb94d92acfa4d0ce1f4cc17d58554140870553
h02,LA-0982,982,182c98024aeab95a5710c14bc11bca9d2e1ac8582a207c393ca0f89cd98afbe9,23,19137905.85543848,A1_FINAL_NO_MEMORY_V1,A1_FINAL_NO_MEMORY_V1_R1_WITNESS_GATED_INFEASIBLE_RETRY,certified,PASS,5,2,04b3581d8e904c4cd5479d17554f03624a2d937524a9e0cb9b13475af6d25bd3,,,8fffddb84536d6d1b9cc05a0b30f23c152912832deccadc5fff9f4d781fa281a,0dbfb49abf8c4241a63f4b6acaaf584cd46ee8c99375d93fb962df22cd399fda,P4,1239392091.1770804,h09,1233125432.4758165,6266658.701263944,0.0,0.0,NONE,0.0,1023546.469319104,R0,0.0,0.0,NONE,87f5088f84b4e86a6e4b7961885df22ce9d3c7e2a699dbf824dc36e5b0af9fb7,5081e0c9b892e70fcaec5912f936bdc9b4d5ee9826a73da500f36ed4ec651911,7797e943e7f390d5f2220bbdb1df36fe9749a3ae4272db4005394c95404018cc
h02,LA-0410,410,ace3856344a78e7d1dd524f1b1d0f174b0f2af6971133122152dcc812694be2d,23,19137905.85543848,A1_FINAL_NO_MEMORY_V1,A1_FINAL_NO_MEMORY_V1_R1_WITNESS_GATED_INFEASIBLE_RETRY,certified,PASS,5,2,17b6b983b143bf14b9e47934a8c2ba1351c5cb3b95bff2c18bf1167bd0782beb,,,049e806fd2f512d371b498d3cbbd802604223bf265482e91ba7fe6e2b75ebd4a,86618cbabe35f34b29760ff24948c33df628127575a56051fb0aa384c02c69c2,P4,1216786319.2792413,h09,1207002805.1991656,9783514.080075676,0.0,0.0,NONE,0.0,1164375.0366953053,R2,0.0,0.0,NONE,cb831ddb43a75bbed8df63dd73205baf1780cd1ebab4beb6c8103945bb8011b3,44ee3526ae84e0b09659fa52422688d000b04b0041adddfddeff32f452c22cc3,ed50f645dc8c8a8753d0db44f82979066cc394174c60f736e23b9a38705277c1
h02,LA-0972,972,b2ffc054354e99ad70ebde91ba67512301b5426d3258e58dde6603e25f618e8f,23,19137905.85543848,A1_FINAL_NO_MEMORY_V1,A1_FINAL_NO_MEMORY_V1_R1_WITNESS_GATED_INFEASIBLE_RETRY,certified,PASS,4,2,474aa69d5595887cc8d0115ca0a7b246c6e943aa5df9e06121a8fde6ebd3524c,,,f1f7ca100cee59372051708f10922bf4c85c8bf6ff745fe8362170fd21a3c2ff,ad2d2b89119e9c3b96e11f096e607061bd05d1049dd1b9a8d44d251485f76324,P4,1186510679.3559616,h09,1181231256.2122865,5279423.143675059,0.0,0.0,NONE,0.0,1903221.0004927935,R0,0.0,0.0,NONE,c5f3ea30f6f490d50b69d4ba24b05b60e9b5a45f845e04fc6d843775584b05c8,8dd12e7e307b89567f1b508109a2055b8d9777b0ccd491a2b6d91db48b012bb6,3478a94e0d7f125ccbd33145adc2055b5ba2ed560b9686e1d39ec301d850ec4c
h02,LA-0770,770,f1fd6d3034dacc36645a1be8d00f7901ca6d2a318a9c60c3b379ff82db5a4f4d,23,19137905.85543848,A1_FINAL_NO_MEMORY_V1,A1_FINAL_NO_MEMORY_V1_R1_WITNESS_GATED_INFEASIBLE_RETRY,certified,PASS,5,2,19b3f175b294d9b2d19c25130c1a907e1fb6b32fa573a67c763ce188c10bd2fc,,,35d17bea36ae8022f75c2d511888390fd7e39978c086206f23466add63b199e3,644d55207cb54f109049216ef4cfad982555b9181a14700e577f4c2236de462f,P4,1196396479.2715743,h09,1195780856.4046967,615622.8668775888,0.0,34486238.34184112,R0,0.0,0.0,NONE,0.0,466756890.9615598,R0,190676c8d9af59cb342fed9fc0ccfc0aafde0cbfeffc411837583ad17a925cc1,8b7fb88e5bbb5e2d459d705cc720b13357850254f254f3d7f8074697c77ba0ce,eeb0b6519d64d74a7a46601504333780418a6255ee2a3c9dd3ff0e277248019c
h02,LA-0285,285,99a8425dc45cd2ee0cefe3f09f98b07802b60958c867aa71719c9568623adacd,23,19137905.85543848,A1_FINAL_NO_MEMORY_V1,A1_FINAL_NO_MEMORY_V1_R1_WITNESS_GATED_INFEASIBLE_RETRY,certified,PASS,5,2,18cbbc378ada386bfdd3e63b9f82888bb2d74fd89409be263f2b0b3ba17933b7,,,b33b447aaa10933836177f63669b2c5649534016cf4c496fe0344bb3ec6ba4c1,e43b2b5c3e5b6a7c49e8cc1f3b9ca30c3dff7bb1241856cc9ac23d050d298b2f,P4,1228351538.3093421,h09,1226802037.6762908,1549500.6330513675,0.0,0.0,NONE,0.0,0.0,NONE,0.0,184090327.0052032,R0,d2cd346d87a7cf8079a9db91ec3eecd953a426be42a0cfb55ee85a8a13a1de0f,f4634289b24cbbf3533baa7719f6f823caa3614bf18b3c2dd2645f2839d1c075,9f42e9a57d681fc6922bdd925018f5376c5f4f5b2241666a2d2d98333d0ab907
h02,LA-0575,575,30d07b6a2bff226fdc421bad06d9b3880909b6f6bd889b9fa0ccf06484e40ad5,23,19137905.85543848,A1_FINAL_NO_MEMORY_V1,A1_FINAL_NO_MEMORY_V1_R1_WITNESS_GATED_INFEASIBLE_RETRY,certified,PASS,4,2,e117e2b343a4c34c0f964b11103b454136122e7002e7408dec2faeee1a5999ae,,,eed6d8ee96e77a1dee77d1855a2cefda7a2668086b82489d90e89d5f4c12450d,9ed1e2826c76e1b1f4b69c04e8e3f1884cf4de0876271715a4e85f75c43339ef,P4,1189106348.8280747,h09,1182776409.4105074,6329939.417567196,0.0,0.0,NONE,0.0,1916092.5587494017,R1,0.0,0.0,NONE,8d1815fe07a9b62d023beceb8bb943bd38697c26bad9145943689f5340508849,8ea398b4eb4b661f7ac4da06a12d90d52bcc95159cdf6a6e33e638d4b168fc1c,2d21dade2917e2f237c5599ac74b884c4ef73d81d09828b61dde3b916dc3a984
h02,LA-0115,115,7a292a6564f57df562c61130f79c32c77121485bf0331ddbe8d5b39cd5907cd6,23,19137905.85543848,A1_FINAL_NO_MEMORY_V1,A1_FINAL_NO_MEMORY_V1_R1_WITNESS_GATED_INFEASIBLE_RETRY,certified,PASS,5,2,e0ac451ea8e33a9b64ccd64fc4629314d759e52ac35af8814d44a0ad7ec4fae6,,,d2f8a1488bf8cdac8139f04bd2d7f4e836f59fbea728965964338c2efada0743,19666c16ac1febacd3817214b396574fb4a543130ef6c3937bea48b8e12b0aba,P4,1214283784.0671365,h09,1211312602.8508542,2971181.216282274,0.0,30231648.264673524,R0,0.0,0.0,NONE,0.0,270471295.18776804,R0,bfd795f8f704911bb46b0bc55f62e5f199b2055837fc81b1d11bc966b95a18fd,eb775414b18bc09846f5aacb51d37b247e29ac1e32eb40c5a29c99b682483c6c,ec6e48b8e2d9e123844db387f84884f006c7a374af845a26d8969110d177ac6f
h02,LA-0109,109,273c1bf699eeebe2266ad272bfc4e066be02716036b95620b65ba8472f022347,23,19137905.85543848,A1_FINAL_NO_MEMORY_V1,A1_FINAL_NO_MEMORY_V1_R1_WITNESS_GATED_INFEASIBLE_RETRY,certified,PASS,4,2,03c34a662501f9677c0603f33dcead378e08ed1c47674b1c4f8db1e2e41ef03a,,,ad2582805f08e6702b67a2e3d9f51a9a2310c1f4e2df9616b019ad288b26d9d8,32a168596ee7e666200bb0fc0a97f6152c69ef3c4bad5c49aaaabd572b8921e0,P4,1190407213.724286,h09,1186205199.5417848,4202014.182501288,0.0,19279000.84787247,R0,0.0,0.0,NONE,0.0,290549671.7039486,R0,b703ac0ce8d10d4a845907f55b504912316d64393386a02edd10baf64f0ee5f4,e5c52d430e46b9e2b7f40e28f211256f1d32ae324b6966968bd9d039be7cf0c5,61fbe5e77846316f280b91d0c87b1ccb5dcf584e633d8ee800589218599a8684
h02,LA-0890,890,a923dd4dcfc74d3d775512a114cd0c68d831ada21063a55b288a909c2c62b105,23,19137905.85543848,A1_FINAL_NO_MEMORY_V1,A1_FINAL_NO_MEMORY_V1_R1_WITNESS_GATED_INFEASIBLE_RETRY,certified,PASS,5,2,5b046ff249076b2fe9418fe738a94701405575166a3279698d4699ee44d52fe3,,,c425bff1098a15266b9f5c8be5f6320061c3b6a1c9c5147b119f078491417c4c,697f5c05090585846a56f71f08308206d2215cf93fe0cdd5fa2be50a30bf6ac5,P1,1236510855.662824,h09,1217372949.8073854,19137905.85543848,19877297.011643942,0.0,NONE,434474.2356407252,0.0,NONE,0.0,0.0,NONE,aced84822216dfe8ad782481d3c2ba77efefe0538382c0fc541cd1c05dfbae29,c5928d475a804b38823ff9ecf0ee4331a19bcb5b8704b5738b9084a5cb2268ba,14948261c9b34428a5ef562809427c1dae11b58bc7ecf99896f529fdb7a9f950
h02,LA-0921,921,d8451c7b32c1dc3e8114533677b31fc780f2634a99a80ddf70e4272b8c26355d,23,19137905.85543848,A1_FINAL_NO_MEMORY_V1,A1_FINAL_NO_MEMORY_V1_R1_WITNESS_GATED_INFEASIBLE_RETRY,certified,PASS,6,2,3993e3e9d2febe9e8d04ad29eba613c6ed1278b0a54495955097cb5e5649b803,,,c80a16e0f9c66c50ca56f304b67f1ed0d33e3810ddf3cf0ac8ade64e7d0646f7,f270fedb0c7e7501862cc15a6c03db97bae7c47c0c6af0bb9035a7990f9104fb,P1,1226408538.35541,h09,1207270632.4999716,19137905.85543848,15759511.712314371,0.0,NONE,619483.2213771129,0.0,NONE,0.0,0.0,NONE,53c76a200ef112c5195f212c2c7ad5a030dc113b14e7734c51ce248e86bc31ad,bca8072312a5c7f7204e0fd6dd68857b2eea2b6dc0aa817e3192d9b496955217,f85b3c079a2b4601a0585a6bd38a93bca708919c55efd678a7261adfc17b2a00
h02,LA-0162,162,17d7974661c5e9b889c1fdc7d19b6495fed6dab66ad18cdc4c43ea4157bef527,23,19137905.85543848,A1_FINAL_NO_MEMORY_V1,A1_FINAL_NO_MEMORY_V1_R1_WITNESS_GATED_INFEASIBLE_RETRY,certified,PASS,4,2,85857af07fc822738704362291f9f97cadd93c997fa4546f0fb5cb7f8672d680,,,1cf3b9d5926ea30b34f701a29ff680125ec46bddba1475ecbb952b9171d9d8b8,37287b56ac0139d7afdd71ce3416e26439fec22f6ceaaabcb7b0127b9d091f9d,P4,1213495629.2948854,h09,1211591319.8431528,1904309.451732691,0.0,0.0,NONE,0.0,0.0,NONE,0.0,243986610.95890838,R0,cac442a9dd40da5121a637d6fafed9aa33b62e5523a7fbb0c70965a498a45204,6a5116083b14d7c47574adb2fc84f240e7002a7f11767da8b974742c18748698,f4cc1526befe3c4e13f2be485bdefc0bab78937b8bb2c48e511af49bc8e46da0
h02,LA-0786,786,1174073a28d0c3a2e594e8b47c88e882eba16d3e0d1322847cbf623cbfca3d1b,23,19137905.85543848,A1_FINAL_NO_MEMORY_V1,A1_FINAL_NO_MEMORY_V1_R1_WITNESS_GATED_INFEASIBLE_RETRY,certified,PASS,5,2,15120b4757a547b28e613ab82d4fb6730e7300a45c846d603f6f17702673575c,,,313ebf215bad85f6b03c3e6d8c598c3b1fb3bb3d7cf0bb7f7884646855bfdbb4,9632fe83a7c72488f3a06eb655a5729f2f8a54ee2cc82739ed941d11d40f00dd,P4,1177058567.6564925,h09,1171501104.8884242,5557462.768068279,0.0,19836655.36556331,R0,0.0,0.0,NONE,0.0,366871207.09315467,R0,0b6424027506c59d8245eaf46cdc6ca8ab939f4f40e1e9db5f996d13057d4f43,84b056478ae9bf945667a5941b6aebde154d62dca91bdf570df98118a6c23f33,8d525e44016c4870c23d07a186a8e4883a7afc9cfe763fda40393576e69304bc
h02,LA-0862,862,1c4582bc1dfe30339b657dd77bde26401a840d7b9e14e11ca62b5a7daa755775,23,19137905.85543848,A1_FINAL_NO_MEMORY_V1,A1_FINAL_NO_MEMORY_V1_R1_WITNESS_GATED_INFEASIBLE_RETRY,certified,PASS,5,2,22085d65f54bb27fa3dd5bb6e5bef9f7469b9a41d7d1d71eede5d996ea03470c,,,b2e9e0ceef1543d8612a9a442db26b4843ab09eb7d406fddbec2965369bf3489,02070b5457057c34029769435b3d63ee4e905c4e10dbb1763e827c84cae367bb,P4,1230428497.6722949,h09,1220184020.5056984,10244477.166596336,0.0,25281244.99071838,R0,0.0,0.0,NONE,0.0,121492365.19181545,R0,43132c83f045dcc28d8d2061ee9da090b74b47b7b1b87af121142259174074dc,6348e9df929cf8b8e5880130ae873ce75f96acf66418b5793c8e0fe3304dcca7,8134fd2fca39adf4c8770f1383c769635876c5c1d2a8a8cf35ab06a436f0b359
h02,LA-0121,121,e09b25a104a5b5737a982329f643abe6a52b268e29f7b3b8ee4ba27e2e2804a2,23,19137905.85543848,A1_FINAL_NO_MEMORY_V1,A1_FINAL_NO_MEMORY_V1_R1_WITNESS_GATED_INFEASIBLE_RETRY,certified,PASS,4,2,6654eedaab3725beb3d3304b6790962101ea327c803f029e1bd04570984fe04a,,,2bd101d3ab1ec99308299f34b3005bc4fed9b867ee27c3d864da0056b21ec49d,ab781aaa2c35bc14c8ebb90cd0e74ab18365f9d326ae59746b373f1301c0215e,P4,1202465282.961027,h09,1201320746.7862937,1144536.1747331948,0.0,0.0,NONE,0.0,1616875.3005582804,R0,0.0,0.0,NONE,8bce674892b3ff494baa02b3c7198d9ef3448149068bf81ccc8311d59e572d80,321f5c62389aa2e2f51453216f184240441be4aad1bb161d39750bbe32bcf270,7b08b51b6fdf71dd3d847aaa08ba159fdf725566ad6dcf6e822c6ecbbc92b5c5
h02,LA-0051,51,d77f3bce26b0e3330ae0a4a5c88c1048624bc0c3991e65d6872d2d0ba4466cd8,23,19137905.85543848,A1_FINAL_NO_MEMORY_V1,A1_FINAL_NO_MEMORY_V1_R1_WITNESS_GATED_INFEASIBLE_RETRY,certified,PASS,5,2,d33aa4a935963e6aaffc2d635c25b4005311132a094d10bf9ad0e21b739b853d,,,5abbd68a1d7cdde6c5d5ef81ff4c7af11987b1095892088aca0905bdc5d217ef,5ae7e074fa42fe9b5bc4b40c1885cd1ab8bd08181217d560f344e1840db099f4,P1,1223002661.7088614,h09,1203864755.8534229,19137905.85543848,14730696.088928668,0.0,NONE,665707.1308712112,0.0,NONE,0.0,0.0,NONE,0604a5c261feaa1f459b0f6faf21ec53e58c6d437ad00f4813b15dd9e375fcbb,18882dae46b14288a116487805ade615bd320501616cc9a8eb7244327e75b010,8e83aaa666f04505e1d2550e3d0a428357c3726187c3b8c0ac92764b211d9e03
h02,LA-0479,479,14b6d5511703b10299839ebd90facf85e476c9ebfb75c9f005d549f7e411618a,23,19137905.85543848,A1_FINAL_NO_MEMORY_V1,A1_FINAL_NO_MEMORY_V1_R1_WITNESS_GATED_INFEASIBLE_RETRY,certified,PASS,6,2,15dd5837c61f1d6beb804c0f7b2f0b0a73f204f83bcb48b863e911f5b01acf72,,,ea4cbb6a92c041f9b1a8933d0084585f1680394193fab37416c72bb6b44022ef,0fa7d95de703647fdfeaae6c4788af5dd2b8f5d5292f0f385ea34e40ad483d6e,P4,1228986963.2024364,h09,1226647151.8150616,2339811.3873749413,0.0,29980839.619456746,R0,0.0,0.0,NONE,0.0,155162080.31718072,R0,44c98fc824070d9b46a0f47a766b7e09df326ecd5ad6f79ae4c7f163f885d69b,69a624db60ed82bae1d7b29164bdd39ea1d28092ae232c0c9faf7c40443928a3,df91947d00427b077b97cb78979e6d49fcf24a7e8e03ef57095c1e3690ad0249
h02,LA-0842,842,466c5fdd8cbfea6918620048fa7f1f9789c57c69c8a9622cf593d5e3d2c29739,23,19137905.85543848,A1_FINAL_NO_MEMORY_V1,A1_FINAL_NO_MEMORY_V1_R1_WITNESS_GATED_INFEASIBLE_RETRY,certified,PASS,4,2,cace69bcc4fd9fd010eaaa6dc9b69c9c2a521807564c6f121b8eb6a3fbdf0a42,,,0be8b5d55bbdc7c7767b835f58f8b42e04b0346d038bb2fb3b456b7f9f809771,61b668aa784a09c5284fb67ee860628c86181a63efd39aa30cbef09d10f87c75,P4,1205964331.3658745,h09,1201736222.7302876,4228108.635587054,0.0,0.0,NONE,0.0,1461385.2757751893,R0,0.0,13605715.018613702,R0,67a735828e4f98eb3fb8633099ba3d461b6d487917d2cb890dc51b474ef73af4,7730394e6a061f69f2fa6f21751b725ac838f0686e16207bd45bc26b64a5663e,dddc62ece7ea4c40b84a1f110442b60c27d9d51a0aa18a9f97f95f5022595b55
h02,LA-0289,289,fa2f1df2a5a81adf302bb6baff73cd4c0130b16333573323ae44149beefce25b,23,19137905.85543848,A1_FINAL_NO_MEMORY_V1,A1_FINAL_NO_MEMORY_V1_R1_WITNESS_GATED_INFEASIBLE_RETRY,certified,PASS,5,2,a6e5d68cc504d94cd1963e774aed91ac9ff2250c4c9004f7703f551a1bf070cd,,,0bb00a782b959db894e9cc6f276c878140b598edc1966f6a61b9dd5210d10666,81e43d1c3929b22d48c1fae5192dce787fce148664ea33ce3b0fdadca992318f,P4,1217113987.203449,h09,1215503656.3331108,1610330.8703381014,0.0,14902067.833755491,R0,0.0,0.0,NONE,0.0,122505459.94622238,R0,8e50d82b3bfafcc411e95a0db32184334e5244cde5557a792e35c678241f6553,f345be71ac36fbd319119bba16ef9baab8ab2a358f42b351f3a1ca042e0a258f,01cf32c2f8324a26fc49439d1665988fd32bba13b066fa57eb40996fa2b29b54
h02,LA-0648,648,11c1b64f15bc6da32ddaf8da712da6024392b6c8099fcdbec7dd43ca9c10688b,23,19137905.85543848,A1_FINAL_NO_MEMORY_V1,A1_FINAL_NO_MEMORY_V1_R1_WITNESS_GATED_INFEASIBLE_RETRY,certified,PASS,5,2,3c2bf4245f5d39cc3e2390f2880798750be1aad9f263e5d18e3862f72579eab7,,,0eb82aa8a960c039b8598cd6587fa38c12ff5f189a4cb5938e7e2ad15e832494,31d88f74e6de894ea85014c46e6e245d53e24d2537cd7e25db7893824819d228,P4,1227318467.49491,h09,1223299622.115914,4018845.3789958963,0.0,0.0,NONE,0.0,1174639.4049453284,R1,0.0,0.0,NONE,c7c35326fac50067e190cdb1c6266935608194ab22b86aba0bf4d1ca3ba582e4,bbd34c3a34f0da916c5b7f7c2097c6194fc99a5bd8a8245b0fbd6b7e368e88dd,9bad02394d154ff1bfbc41021ed26caaa4e510c5fd7b84413feb3790bdee321b
h02,LA-0006,6,de42add8841adf6cdadffe7a2c3028d510ddac8675da732fcd463e1eae700250,23,19137905.85543848,A1_FINAL_NO_MEMORY_V1,A1_FINAL_NO_MEMORY_V1_R1_WITNESS_GATED_INFEASIBLE_RETRY,certified,PASS,5,2,e9509eb6042e4d51b3bc9831d4a0e6a00ea66075fe1cefb99fe17e3f5a3455c5,,,4f9c0631e75e886f59c6edd1051644eb954c7bcd5b53904f5eaf409ef3f6b284,ea6b242348df5dc47e06d9ceac772dcf6c91304c089a01b45456e106b071b8cf,P4,1228010902.1554124,h09,1220421369.0754495,7589533.079963017,0.0,0.0,NONE,0.0,0.0,NONE,0.0,138001015.2037785,R2,bde6703d82c85aba0b788d9f7d32892277947be5964703113737c1100ff3a6f3,08bc1fd84ddb1bc731209a12396938a59f923d50a1a9dff3d2fed5934280d737,f5a319696fade7c933b7e16a2da37b5784405effc96ed18b6d185d52fe05daf4
h02,LA-0785,785,8e346a58426a8b8791a228ec082f2a836b5daa0cd6764def52ffff7e66d3e4e4,23,19137905.85543848,A1_FINAL_NO_MEMORY_V1,A1_FINAL_NO_MEMORY_V1_R1_WITNESS_GATED_INFEASIBLE_RETRY,certified,PASS,5,2,a628fd5bd791eb26b996dd99812bdaf3801d5df68eb906c23fcf013a41b9fc66,,,5c47bf63c5dae1118c59e4e74f5321b0567d2f3da3a5d58a009d90df47fc0d12,241b0e30a3c5550db6632070a57555ea9b0dbf9472d2c49abd3cf66788bcc20b,P4,1227241566.9455297,h09,1226042159.3166077,1199407.6289220576,0.0,0.0,NONE,0.0,2732725.75251749,R0,0.0,0.0,NONE,62e009a28d3a6d66112dbaa41e122c2ea6be0488d3795787922e0667b75f4e23,b20ed3049c10d5e9612bf73a043733276b7fa56c75d61b72c30b1a23a98ffdbe,b4513b4a674ff9a7fbb40fe5c1f75669da5602898137017a6430643460c5e484
h02,LA-0747,747,9f8a2564a65cb50a9ca783a1d129e44731a1bd896d0cb67bc8564b22c69e6ab5,23,19137905.85543848,A1_FINAL_NO_MEMORY_V1,A1_FINAL_NO_MEMORY_V1_R1_WITNESS_GATED_INFEASIBLE_RETRY,certified,PASS,4,2,99a0a6791753fe84eb7c56227dd93fe81b10c5b84908ae1ea10052adb043402d,,,66ff2bced345dd073dedbd066667ad518f20274710db835b38a13008ad94a33d,5fd99a0f2bb65b27ebaaea26ad6a03bcb6fdc689d88616b991164f5ed942cbcf,P4,1194349093.6356745,h09,1185935980.307348,8413113.328326488,0.0,0.0,NONE,0.0,0.0,NONE,0.0,271365227.51417464,R0,7745b9e95d1d2bbae87d162a403c50c78ab9e3f3db7c275ffba9313ffb2ad5d2,3ffa9d21357a1913f33fff785e6c2cb3e92bfdcaa5ec3dd8bf4877d6e58d62b9,039506d8428a67dde3f506422f3e4f7e488f89297c8cc7c7db1a641ebae5575a
h02,LA-0528,528,6be2fb705b657f16b0d243c4d71dd16622e5b8779b782f6910b99be278e7ef27,23,19137905.85543848,A1_FINAL_NO_MEMORY_V1,A1_FINAL_NO_MEMORY_V1_R1_WITNESS_GATED_INFEASIBLE_RETRY,certified,PASS,6,2,5484082c56638ba34c5f1be4658db853d3a15ec8580cd99d8b156f01069209e3,,,8285e4459670d572d55402489c67f82b54b0547c186856b54f8beb2b369b035b,b742e84ed852d23c5fe4eaf46a331823b4b2f16912ca89e58fb5131ad72cf881,P1,1221788872.962194,h09,1202650967.1067555,19137905.85543844,14395773.838575201,0.0,NONE,680754.9348080802,0.0,NONE,0.0,0.0,NONE,2428300d78d345c0fd3b3dda862b8df31332c33a291006fbef8ef2de901e95d8,75aabaa63b9225d5ddcecf5ac47aee2b8c1ae496489bf5acd19bdd36335130a2,6c65114376784276ae5a30b51d7723bb1664522947257c702bde9cbf9a1fa447
h02,LA-0584,584,556c45d9728bc708d48ca90ab05bcc9fc0894a145ce274429533fd65d664d455,23,19137905.85543848,A1_FINAL_NO_MEMORY_V1,A1_FINAL_NO_MEMORY_V1_R1_WITNESS_GATED_INFEASIBLE_RETRY,certified,PASS,6,2,c4dfdda57baf17bad91ea5f222c4b27248baa0d126f67b83a6632e0edab3751e,,,f62a469997a928326113e2ecf8188dd75ca00ad8ce7b37b119144a9697f99df4,db46f09edd1454a68b45a72e6f584b1e30cbfe9d2cb14a101dec01c1595df19e,P4,1228304756.3934624,h09,1219752587.4170883,8552168.976374114,0.0,0.0,NONE,0.0,1530589.2064804677,R0,0.0,0.0,NONE,305942f9758550527553e42f91f8b9aaccfd84ce7d51e8e4e5ab756aee26508d,30bf65d3fdbe5b8cfc6e62941517a11cac89b0fb5f256c4e25a9cdcdb8aa0e8b,ecbd8c53ea8f64db77e16183918c6733ef7cc777ee8b8799df52178576646a56
h02,LA-0488,488,a1c8e52d0d582b81669d0fc62ef43207af83301f2a7d6efff05cf8d29b3f7c05,23,19137905.85543848,A1_FINAL_NO_MEMORY_V1,A1_FINAL_NO_MEMORY_V1_R1_WITNESS_GATED_INFEASIBLE_RETRY,certified,PASS,5,2,5fa94ad781e1faafebac12891c934480d33ab765ad7b35252d7752d270d8f869,,,505335c7faf5cd60e9fb019174d77763dc3cb17f01c57604d8b495c0bcbbee7e,7e70ddccc27b160bca5368bdc2b0ab9315f9a2c71ef15b944bb00bbde96b37b6,P4,1211411541.8980565,h09,1201062129.1423051,10349412.755751366,0.0,0.0,NONE,0.0,2222778.2330648643,R1,0.0,0.0,NONE,548a2cac398203361dae175eb0c99501073837064f53c673643fe6c9c448f5e2,f322d52196229afee75d32e2741af3146746b7d670b2ec9f61d59014ec2ef743,2eb6b79a15a28f74d223c79df226df9b95c00e74c9a4c5de9e9858fe04796a03
h02,LA-0170,170,e20bc3fe56ecbfa50edae2fdc3bb38c9a5ba56e6bd20d5bb830aff856918c573,23,19137905.85543848,A1_FINAL_NO_MEMORY_V1,A1_FINAL_NO_MEMORY_V1_R1_WITNESS_GATED_INFEASIBLE_RETRY,certified,PASS,5,2,addc4c580612917c07802398966494cd2796c5f57b1ce28c185069e803251425,,,70b38f1d609df4e5ce24b6f602bec7649cbde4f6d32dc35a8bf6f38a5fc1bc8c,9d0f496e02fb2f1e410a16c25b742e775be0fb225de2ecb9192f63af42ab00c4,P1,1228626321.657972,h09,1209488415.8025336,19137905.85543848,16510375.98286994,0.0,NONE,585747.4563910667,0.0,NONE,0.0,0.0,NONE,227a484fbcd1b299192b899f40827589fbab3ad4be696b9d31df8d704ab3ef9b,c97fe7b098c57df76197f548f82d313d639625926eecdd918a16b217a304a90f,b8dcec8ed16e4a1273fee9386f86f12d057314f5ad1c5dbd7b49972c574ece54
h02,LA-0771,771,1af97d7121e738bd7118f9315c5bc017b1b0c78ae8702859b8f0c2362c18ca0a,23,19137905.85543848,A1_FINAL_NO_MEMORY_V1,A1_FINAL_NO_MEMORY_V1_R1_WITNESS_GATED_INFEASIBLE_RETRY,certified,PASS,5,2,a72696c3f4ffa53ef0ede2694acd7474f962965508841ef24226064ce53f3a1d,,,15272fb5f28094c9cfd5ebd95512db0e67b8eff3434160e9bb46810f9cc228b1,b2b8eb49ed98c8b6ff3af125acb76ec063ef5761ae26483aacb2b8a2d2e3edf4,P4,1221597252.8364685,h09,1212874452.9038432,8722799.932625195,0.0,12922910.379227836,R2,0.0,0.0,NONE,0.0,91375040.84620225,R2,f3293ddd85e124a37a45fd31a3f05e0babe5f7849aeb122ba1938a33195cc12a,3650ac1c004988b83cc297e0ce650cf34b2726dc77b908fca6d589662c63bba8,726ce1b9b8524d3cd284a69dd9314b8344828fd330419c68d43f834b65c17d06
h02,LA-0365,365,03571409f530a57950103a16cc3d0f31cfa9635ee41d994996c4ed270bbb4e53,23,19137905.85543848,A1_FINAL_NO_MEMORY_V1,A1_FINAL_NO_MEMORY_V1_R1_WITNESS_GATED_INFEASIBLE_RETRY,certified,PASS,5,2,73781c332e07da6b8b1241dc2b9c139feca9bf48d416b76a5ef2d258ea2737ea,,,12dd5284056773f96129ab070992bf8af6c24f866f677c95b9dee5a796ee690e,78bbd75f6d2bc9391e3b7f7b31dae9ba3a98eb36fed88a7527a082af6ab0c3b6,P4,1228080038.687993,h09,1225346633.7239008,2733404.9640922383,0.0,0.0,NONE,0.0,1702261.3931212558,R0,0.0,0.0,NONE,2fe4971527d7f4847fd25f39887f0eb2cd1e52d3f9935a51c34396dcdddfa1bb,a71791bdcebac2cd8e4e9c69baaeccbd305745ca5124fd78a76434d44bcc3643,d44c1868778e2d96014e1c8cd656bc61fce0a75b182ec8a198b93892dca4ce52
h02,LA-0286,286,6baaa33555436c6ac3e813258e2307c08f082445ff5442dc255c0053c1af1067,23,19137905.85543848,A1_FINAL_NO_MEMORY_V1,A1_FINAL_NO_MEMORY_V1_R1_WITNESS_GATED_INFEASIBLE_RETRY,certified,PASS,5,2,197c22ccbb938dde84b03cf6e2d93492ba02f8d69d1d9c9800ec47be39eaf537,,,3e1b288987b7ff8e688bcb28da76e60214e33d4ebf9a0fe68a65be05341c8f17,6833bc481f7b4fe33aebf510d706663386a3421e495d08263a78bb12cc39cd81,P4,1234356415.7156703,h09,1230409211.5748076,3947204.140862816,0.0,24516035.523272324,R0,0.0,0.0,NONE,0.0,93115613.21594958,R0,b81b337b8a632c4385c7a1be488423f16797bf801471b183f2a4c50f4b9d07f7,f9619e39675b67e3d7bfba96ea915c8fef641d3de903244f862593bd3df02358,bfb527599c0a9b400918971734613328479a63b07e99c4e328c6b6adbb16cc6f
h02,LA-0110,110,e0c60e18b84e8530fd9ebcb77c830bd52d2e93b2ec786cdc9de3605c81a91c31,23,19137905.85543848,A1_FINAL_NO_MEMORY_V1,A1_FINAL_NO_MEMORY_V1_R1_WITNESS_GATED_INFEASIBLE_RETRY,certified,PASS,6,2,ab8600e14b5ddf348e702ed8ef53073a697827f3ad22e1d5599d97f2ab76c24a,,,f8f6f91f8c7dc09f0f842adcb9e89ba9facfebae10044f322c47624fadad8e17,dcb512f42df366d58c7abda63b5530b362246247dcf129ff27b8bf2541004557,P1,1227635687.4859333,h09,1208497781.6304948,19137905.85543848,16166323.929588297,0.0,NONE,601205.4554830837,0.0,NONE,0.0,0.0,NONE,3a0ee45ffc7296fb8d2247ec7d7a9d0deb60a72c3c90f812fd5e5c4fda393d77,290b9a1a25c41c01c2203fabad1797b411b0ce2624c24290497399005b11f2c5,d1fd024b6d869f6a7b2e7c9fc9ddb327cddfb501a6e02037504277284d95b83a
h02,LA-0292,292,03acbdeb07372f2727b8a1dbbee7a33c46f61c79455f3e6bf5ea11b9b50aa908,23,19137905.85543848,A1_FINAL_NO_MEMORY_V1,A1_FINAL_NO_MEMORY_V1_R1_WITNESS_GATED_INFEASIBLE_RETRY,certified,PASS,6,2,36943b5af2da5fd819e270246831a553f6abb01fd7bb5c1ad3f980987544c0eb,,,3abfeacbef2af64700dcb42a24b60fae1d20dba0b2eba32e453fed7b0274d9ba,1ad6ca3f1ca2513adf3bf48c77efbd98ca1b2884c48aeaaf193338c7e303e8ed,P1,1227475329.853421,h09,1208337423.9979825,19137905.85543848,16111974.83712912,0.0,NONE,603647.3191890918,0.0,NONE,0.0,0.0,NONE,00266e1511686c15a9d8c9ee780840b2993b8f70c6afec54540d0d09561b9c41,932d5261be7453e3c7b2810bcbab67ee4d7725f4ed72b97e6563bcf78dc6cc28,e9dae6acf96a5b67177fb2e0a2b81e22e8de850c0b5f3b8df97c04eee756cc7d
h02,LA-0437,437,add61a82d144be4e264312ecc7aa29cea6b9324261682313f492c4ab4fb974d8,23,19137905.85543848,A1_FINAL_NO_MEMORY_V1,A1_FINAL_NO_MEMORY_V1_R1_WITNESS_GATED_INFEASIBLE_RETRY,certified,PASS,5,2,a034c7a5b19f1b9735c060fd907618f9908d2a3e600b01ecc9c773efc2ec7ded,,,37f1ac92dbff9597e02323899f7c37a756756e81a11b26c2d81c85ce970e4df4,d08206677706f666a6f470b10ec12e2771b72c7109331527508784112c804703,P4,1182197621.075134,h09,1177082436.207049,5115184.868085074,0.0,34617641.201799534,R0,0.0,0.0,NONE,0.0,594609301.9051039,R0,1f3921d88f5c7fb617720a4bdccbe5d8c271666fac1a7ca32979a4545e5ebe06,8bef06d05136cc67ad1fec7ce6d52c110b025e186ee40d7829e21413b9a3e3b7,3028ea46bc661bbfda19bde8867b2e5366312867683a5a015cd4d5bf287869e6
h02,LA-0514,514,b386b7e1efa4629cc5a5e664f03f1ee969ab94cf6e105ab01f57c5f06cd21d73,23,19137905.85543848,A1_FINAL_NO_MEMORY_V1,A1_FINAL_NO_MEMORY_V1_R1_WITNESS_GATED_INFEASIBLE_RETRY,certified,PASS,4,2,1cc75cf872f441805b78ad18ba7ec2e41bd22ee36268de9940ef2f46f9ff044e,,,a30e8a8f063ca75178a1dc2a62921f3836d3110d1349db30e250534d0d0f1afc,4de60128d5873b52820167572e348becefbad371211dc0a6feb7d3640b5758ba,P4,1141915291.4121783,h09,1140282501.1653051,1632790.2468732262,0.0,932821.1294167687,R0,0.0,0.0,NONE,0.0,433144399.0535354,R0,17dec0c10ac34a4c8017fdb675fdce11f0e0646e0725e529ed75aa7f8d68f3f8,4cf7f7b07f7a73df800d626b766858014b91e4a6a0762ab7bbd4b4fc69e60e3d,14fca7868dd5cae86949c384ef8147bd319aa19d5748b137a1357a57dd941dca
h02,LA-0633,633,633a6a723b977918919fa56852b0aba2c042d2f3438fff7b6bd1d9fbb3cf24a0,23,19137905.85543848,A1_FINAL_NO_MEMORY_V1,A1_FINAL_NO_MEMORY_V1_R1_WITNESS_GATED_INFEASIBLE_RETRY,certified,PASS,5,2,b3dd3ac3387a5ecf35e592665dcc3a5df2740d1f20897cecfc0b48fc0432e732,,,abd004d230f7b9ddfb1b9be413f951da22c86409e7cb2f229524451d18d62de7,931d50931512dc9a48fa5ca5c434e4b889280048021fca15c0f858130502db2b,P1,1219943975.937116,h09,1200806070.0816774,19137905.85543848,13914901.397747755,0.0,NONE,702360.1706518629,0.0,NONE,0.0,0.0,NONE,146189e2083e2d2ce28bd995dda6dd0f4faf31e0ff1d0ac038d66dd79b7a7320,1124c2bb5c69f6a1ae9ba1bf5a94152c789e13c457f548461104cbc5b86082f6,6cacbdfcbed9aeaf4a206a37d50642b47ab2eecab66ce12e3e3c83941b479cb7
h02,LA-0799,799,2b823709ce852b2d6e351887370c0475a4e8be187eeb3c861d58db177f62805a,23,19137905.85543848,A1_FINAL_NO_MEMORY_V1,A1_FINAL_NO_MEMORY_V1_R1_WITNESS_GATED_INFEASIBLE_RETRY,certified,PASS,4,2,8639e96bc35c53559359e25f615a9c5be6b82d3134256246ca4bba4808c81950,,,91fa4e3ca9cdd4b668fb7d11b742bb764763294c0b1dcfeed4f1ce53c5074f11,fc49b988cec45eb522f47be74bc4fe54c9d7492e0e823d082c55794315a32367,P4,1213742374.6864603,h09,1205872164.1023028,7870210.584157551,0.0,19690894.939454768,R0,0.0,0.0,NONE,0.0,178901524.31960437,R0,470dc63a429a0f83b5fa3e317a484efd54c6bdf6703268720728dde36ef327ca,64bd5c41a509b5cc85d7ccb19a84a516961c892d70edff618a90b9d4b8ed065b,bb05e6294974ef3a14fe0192d73b15fa12669f3f8583d65e5eff7488419d2750
h02,LA-0577,577,0c33b9f7b2f39324b95707b25eb2e07af1ba08cb92c0be0bab15e3a2ae1e62d9,23,19137905.85543848,A1_FINAL_NO_MEMORY_V1,A1_FINAL_NO_MEMORY_V1_R1_WITNESS_GATED_INFEASIBLE_RETRY,certified,PASS,5,2,3dcb5395424093eb91f5d5fe0e302ab6d2625050441b257f85559544558a0a67,,,06b63ef3a3f731a79fde0a3bcd9672e9da554dd69da443fe719f5d5c089162a1,31c843d19bfbfd28b3ba6fb006473dc2362cc96468f3bfffb328b43124e4bdf0,P4,1220405769.6559544,h09,1212986814.3455477,7418955.31040678,0.0,0.0,NONE,0.0,1362268.774198336,R0,0.0,0.0,NONE,6dee31ee8f8dec51da5794b772671ceb9afd4bcba340eb3bab8113d1762ef2ac,2af0a133c20ea2631b1447544ddbc1ea9dc9c21a968444bde6268ae1e168049f,452053188d42d6975e5530a49b4895a9759ef6f632f0a81128d3155f799fc4c6
h02,LA-0377,377,61cf1e5a0e28513d3cba20e312483f5e64ddbf49159ecda32545e69365c99760,23,19137905.85543848,A1_FINAL_NO_MEMORY_V1,A1_FINAL_NO_MEMORY_V1_R1_WITNESS_GATED_INFEASIBLE_RETRY,certified,PASS,5,2,1bee167f4b58ba506044300940da451886de80b437cb674211aad848cd0a2ecc,,,b8a271360c425f90a7458cc4830b25cda7f6ab89c682a70e563dd6a7df63f9b3,a6d1fc267676ffa1e014387f0ddfa2096b9f9bedd7530cc1616d2c9fae8c6624,P4,1221924536.072384,h09,1221234293.915256,690242.1571281576,0.0,0.0,NONE,0.0,0.0,NONE,0.0,278578939.94275445,R0,e5f9f108f107fa64d0e8db27fde67866447ec33f1be43b18fae1dc149b8fc4c0,4721ac7ddf69f0fb6d6514455ffae82702a0c676f716a73185f294781748a8ae,d67ab5fd42a37d9bcf140b94e2320f757601875d31c3997e6f52f1272a4a58ae
h02,LA-0475,475,25209deb3c0fed6a636ef92ff9c2b74c62eece1f4ee6c11337d9039162861011,23,19137905.85543848,A1_FINAL_NO_MEMORY_V1,A1_FINAL_NO_MEMORY_V1_R1_WITNESS_GATED_INFEASIBLE_RETRY,certified,PASS,5,2,5a8fcce268351a8c07e39fdb0700467dd38d28d0553d73fe9108cb6a2ac1d67e,,,810f3ee4056462f7f04c11c51e82098541cee9dc045d4bb45f4e9eeb5aa53f32,aff136692ace1e6bec1694f7ccf51e8b8e7c07725ceaa53db5fa67afed5fbc06,P1,1231658931.2348387,h09,1212521025.3794003,19137905.855438475,17660994.13419909,0.0,NONE,534051.0512429054,0.0,NONE,0.0,0.0,NONE,431ab87323b82eb68338e865fba02cdedfb4542291755de08fc414f25fc7d0cc,08aeb718f18e9ca366f378653ebf364ea61fa78c895edd925ebf0b9c92b08cf8,119de7c6886cdb4286695f25d1c148f7ba7165d3c6ee6514485d3af906a38cdc
h02,LA-0032,32,f4f35be64e2a6a66797bef3bd06352c0e954577920dbaa334c40d418f72f6054,23,19137905.85543848,A1_FINAL_NO_MEMORY_V1,A1_FINAL_NO_MEMORY_V1_R1_WITNESS_GATED_INFEASIBLE_RETRY,certified,PASS,5,2,f855f6d0305343d07dcf1860910be2603aad48217f943ad0669fb8ceee831f4a,,,acccb06dd069e17e34c3f3217be969f1bb8fec29b2401e02d180d9ae4b1f026d,e1e90f290a11e75ac48c603dd6054bd35ca7eb0e9ecb2e12c438e30cd9f7036e,P4,1212143165.3748329,h09,1202614492.0684955,9528673.306337446,0.0,0.0,NONE,0.0,1530361.7741245576,R0,0.0,0.0,NONE,82f8eb2ff3868bdafa8c27cd9710f2449578de79a7322799692c9c6a79141705,9417c099d371bb555c0c72366663ba03e768c44f4884816955239f94d807d546,9c0eb2178ba15d6b4a9adcfaa988a857f816722ec38b0f5732c504caad5bd4c7
h02,LA-0259,259,b8b746d5fd3251850a6946a5dc62e955b7cda834c4bef659011599f4c9b2b648,23,19137905.85543848,A1_FINAL_NO_MEMORY_V1,A1_FINAL_NO_MEMORY_V1_R1_WITNESS_GATED_INFEASIBLE_RETRY,certified,PASS,4,2,01c2b9ae7ecc263683bf9feb718b65c0c2df9614f69aa274768b7195cf1dd554,,,dbf3fe29b21e903ae23713f319b5385224d6733af3222514e2ebfe34aaa6a1db,d88c07c3a9778a9b34d2359941790039ea98d9dd5873a4266206958509a74f6b,P4,1211532062.8865993,h09,1205516235.779226,6015827.107373331,0.0,0.0,NONE,0.0,1414374.0657295033,R0,0.0,14723997.197392423,R0,dafe0c1aff52395f975917f451121e40d8c028993fe55e43e00234635212b4d6,15ebe6628dc56a1efa3e165d50241a9bd8f51bf5b33671ed1a5a0a433d367f8c,c6c01a10c65b51693e68ede8dd282a4c18d8a4d86f065c6faa736967e8e02e13
h02,LA-0750,750,132017ed4b92d624f4a8a004437fd96fcbfc03e831e148154b313993a3a5d969,23,19137905.85543848,A1_FINAL_NO_MEMORY_V1,A1_FINAL_NO_MEMORY_V1_R1_WITNESS_GATED_INFEASIBLE_RETRY,certified,PASS,5,2,e1b693664088a6b1b2172be3c6fd3585ab95953a636fcb16ae53706a80660517,,,4c64fad97cb17e8af44fe4fd3e9e899a1738c4ae45e746f47516ca23f9e24c75,3c99b098b210cd2026c9a45117947d9cf706fb23254790a3de702990607eadfc,P1,1220182278.754831,h09,1201044372.8993926,19137905.85543848,13975200.377412565,0.0,NONE,699650.9830041869,0.0,NONE,0.0,0.0,NONE,a648d4bf55e10b5932364a1bca1e3c84a1636228b0f7ccf3b3cc8125158f775c,8b81d66089076d45d57e3de7ca1a6d4b185f1ef09565896cc6c85cd6de3fbf13,4bc08f62bb51905754618d92f8dd2a533b3ac6f0ba653cf05dfa426748b67c93
h02,LA-0472,472,a81150ee321fc78d1c30068462a732eee7c8fccc1bd6425dc016cfa3981cc7d8,23,19137905.85543848,A1_FINAL_NO_MEMORY_V1,A1_FINAL_NO_MEMORY_V1_R1_WITNESS_GATED_INFEASIBLE_RETRY,certified,PASS,4,2,56121f572e073020c4afe846df7a6d5e093b515e483a99eb5e03cde32b64832e,,,9db591ab81ad1ffe8fc7f0c8394e9db620ccbf0628c188b88d07ab17d7aa6451,9f02776284f7b6239d29ae9d3d3721c37fe8765311948f10271555d1b192f6bd,P4,1208172170.3365061,h09,1204326935.6976228,3845234.6388833486,0.0,21068289.92455735,R0,0.0,0.0,NONE,0.0,221516415.16720355,R0,397f841c15a34c2fb73c1ddc03ff2da35616101523b8bdf78f974d1aaf208be5,132e4674c02a9b3a23643e59995b92e2e4dc8064dfc47518ff70411a90146c87,c3928d77361e015ebfcdf18cdd94a00771636be313a0ca69cb47a688ff91c3a8
h02,LA-0647,647,9f75b37c7ea35e63988ae11a092a8defc68ea622b5abe84163c8de5e4133e10d,23,19137905.85543848,A1_FINAL_NO_MEMORY_V1,A1_FINAL_NO_MEMORY_V1_R1_WITNESS_GATED_INFEASIBLE_RETRY,certified,PASS,6,2,c1cf2a7d113212dd2ce8e08f850d5585456050eff57df392d9a6187c9aee77df,,,55a8fe7dec8aaf0f96474214badf0c813fd6aa7ed67e41bda02002671da3a752,2cb6159451193ff2278ee888b1b74a464867c95fcade3fa496c2a76264acda80,P1,1221137618.0575635,h09,1201999712.202125,19137905.85543848,14222274.553538851,0.0,NONE,688550.1267419092,0.0,NONE,0.0,0.0,NONE,700873838c0eac6c68d9f341c225b85af55fb72a2cb38bab9d4de81936867542,c7db70d83b3372d654bd5fdb8bf61951e373188be2ddc21186e20be3d4c79dd7,a9e561cbec8015b609963105f25e9685dc55b8c06dfd409dd0cddcae218c87b5
h02,LA-0478,478,788a573526ade631922fb22555f44be7d29186360644d0eef6e38264fda97695,23,19137905.85543848,A1_FINAL_NO_MEMORY_V1,A1_FINAL_NO_MEMORY_V1_R1_WITNESS_GATED_INFEASIBLE_RETRY,certified,PASS,5,2,9523169ea7493779564f59a5485a816bad959610e2c11a606fa5eb576922a4ae,,,66959eec1fc259b49e97d76052d205fc2e29ef0d31c29b687fb12085e9049e9b,ce2eb630f34a5383d80ec2a0ae3f166c8eca014a683cde856afc0aa5cefebe7d,P1,1221203148.4567153,h09,1202065242.6012769,19137905.85543848,14239542.891061224,0.0,NONE,687774.2733697365,0.0,NONE,0.0,0.0,NONE,b5cf9296dfc5050bca9d812bc2330486ca6a60fd11b37c44ee77295e684b5a49,1ea90e9321661886e4c1105b98d45d2c13422e32a6a6d5349bb8fc6be6283189,c0e5dea5d1bb4590f01a42410f000ce5d140e031daeeaa51d4a4ee57c27c6bc6
h02,LA-0114,114,52d06d19e62b5438dab950965a0373907f48a7a4817e2b74ff951a80ce958d18,23,19137905.85543848,A1_FINAL_NO_MEMORY_V1,A1_FINAL_NO_MEMORY_V1_R1_WITNESS_GATED_INFEASIBLE_RETRY,certified,PASS,5,2,914769d942ac0d2edb57397a14e04057000020ccd953c5a4c899a048b67c4ed5,,,bcc7328f2b5dfcb5473b37195b8e3e763f7e18cd4ff774a776a121c181946e4e,5a32694dabf8912b84a13e54f40866256955c4239e14e9e8346eccd9295527c5,P4,1226451400.5175707,h09,1219099191.5632987,7352208.954272105,0.0,0.0,NONE,0.0,2251341.967469314,R0,0.0,0.0,NONE,d283c94f3b02b15b479a27a1669c3e9982ee52fc5164b014cacde4e824dd3ba3,684e8dfc17688b85d087bc046bedda08966f80d347592c28363753bcbce52f1e,def9ebe3962506212d389a15c4cd928e3e490374e38848e2c449713b2373a823
h02,LA-0573,573,cfd088cc5e34aae682fadaa4623778872914e9179cd8d5caa45de271fced25ce,23,19137905.85543848,A1_FINAL_NO_MEMORY_V1,A1_FINAL_NO_MEMORY_V1_R1_WITNESS_GATED_INFEASIBLE_RETRY,certified,PASS,5,2,b8fb3aca26b88479de58adae3cbea0dd2ee05b1d01f199244978bbf045f8d8d1,,,4d23ced82936a49a3631133e2fd9d0a8769c4256bb4315ebcb258affc42ea602,160104f2e52fec8abe81ba7478db3ecfaa10986697bab6e610ebfe92ea7bc6e1,P2,1227480736.66063,h09,1213802461.900796,13678274.759834131,16205572.017211482,0.0,NONE,0.0,0.0,NONE,0.0,69348953.52054326,R0,57edd0bec9665bbf1e6d758a2bafbae647136435366d45f59a66ecdb122e58ae,c69a401b657249c3503ba0d2ffebceced344161f100643ea516e3ba7e8c910e6,c4d72abef4fb0ca0bc185c9d5a5b0996ad4c604ecf1de44efa717412fb5fa4dc
h02,LA-0427,427,f8502b1dc3dc74effda7a6d21fa16d2a2e6767583b8f04eaa3563bc53ea75b1a,23,19137905.85543848,A1_FINAL_NO_MEMORY_V1,A1_FINAL_NO_MEMORY_V1_R1_WITNESS_GATED_INFEASIBLE_RETRY,certified,PASS,5,2,3cdfe9910c604f73078973b6bef2a6c293fff84d59b46854cff474fee3fc4c28,,,5e4527596bbf6e0bc70bf5e0be3ccf50c72c6ae5ff264c1ed24f3bb0f349629d,a5e3ad32f6fb7a22a1e2e9639fb303a2c8305d6d5325be182078bef1090a1a65,P4,1224013630.147467,h09,1216917056.5012794,7096573.646187466,0.0,0.0,NONE,0.0,0.0,NONE,0.0,360011507.6863111,R0,6b9ab211013602e1688f9565dbe8a913cf66642c30b16c4d8628f9e157c98efe,f555508d76c8a353886f56c0876e64766254914359f1eb02d70266079c632644,a87346346a0b2bdad560237392b3f2cf219285903aa02d1648cb251fd563548f
h02,LA-0778,778,2d6de0ae702702dd0db8a40e28faeb1b166521aa4fe6a25a2d05f7b2b51d49e3,23,19137905.85543848,A1_FINAL_NO_MEMORY_V1,A1_FINAL_NO_MEMORY_V1_R1_WITNESS_GATED_INFEASIBLE_RETRY,certified,PASS,5,2,18e043412eaa1f0116827fb547c111cced2f73eeece3d97ea2f78c120659a566,,,348dab8213f009eabe9bc3d9973aeabb1668c67f37304905bda61797efde3d77,e5a82bda0ca7ee06df555fdbebca957fcf2de2e2c3ce17d61dc8a31096439e38,P4,1153647488.5368123,h09,1150253383.4734652,3394105.0633470714,0.0,0.0,NONE,0.0,6017509.813184312,R0,0.0,0.0,NONE,b3e8e806f1bec83a181b37db3b2d4f142e44e2781c94493df36a5e6e657264e1,5d7373ff162f3349b831ea7b1b1aa67f58555d29164ebb83893a2bbd6f36be90,442a33841e856d2210e4dbebfc90ff61dd2ed219e1f1338fd857392bf2e561ef
h02,LA-0009,9,3f9ef457cd3c688cef1bea2783ff0f7374d3b062b769b5658594d9d3df3f4303,23,19137905.85543848,A1_FINAL_NO_MEMORY_V1,A1_FINAL_NO_MEMORY_V1_R1_WITNESS_GATED_INFEASIBLE_RETRY,certified,PASS,5,2,f80bc1f592613bc9ebd0e857c41436b66a1589110b4e9f25f6507db6077caf44,,,153472a853d2ca19cbd0fbc96024cbec05d21e356a199b037fcbaee8d0fd1b88,c1e341d78c93979be7a8067fa47781e840afd422f4cf6d870d0db1a8ea0356a8,P1,1231866555.1965904,h09,1212728649.341152,19137905.85543848,17745663.72808323,0.0,NONE,530246.9102912714,0.0,NONE,0.0,0.0,NONE,3aec8932e8d60ded179ca4de250904c0ce8582506b409e0bf479f81506d0115b,3f9f526dc968af0b2b5a7a7f9a7aaf5fe6d56b7a3711ccbad40ff275ea3864d8,d255653f6088620e78cc6e446f7a7f1bcd8f36e420c047fc0a603ae5f08a697a
h02,LA-0787,787,c07770a6a5daf4bfdff983037c9831ee79d17e09ffdffb14cdf87cb7e253a835,23,19137905.85543848,A1_FINAL_NO_MEMORY_V1,A1_FINAL_NO_MEMORY_V1_R1_WITNESS_GATED_INFEASIBLE_RETRY,certified,PASS,4,2,ef66f1f4bf2d9acbeac34133d91d285f694e1c29644340398c55811fa01366a1,,,562b667a59b306225b2b92d57bb77a5d873a634eb7637ed283b92be648cd61a4,8f7882e54db397525a4910a63c161ef7d80a290df344f98b6c88afa72e71e879,P4,1149772817.1713123,h09,1148112992.3660915,1659824.8052207415,0.0,12303982.903852735,R0,0.0,0.0,NONE,0.0,313667847.0944564,R0,c22215395c72f6d6cdd6d37b89e791cbd8225ebc53125229f5e46c3f2cb76940,6df6e6b38346b2c9b16fef38439910667cf229d121f81a1eddd6b17489dce812,8f643fb2377f7aad55f8c90291cacac5f570ea5f563246b9bc878cc58efca4a7
h02,LA-0565,565,6b3ed578625072eaa3f19b9d6452714e37c3b34b053f93f8cdcd91db8bc5e379,23,19137905.85543848,A1_FINAL_NO_MEMORY_V1,A1_FINAL_NO_MEMORY_V1_R1_WITNESS_GATED_INFEASIBLE_RETRY,certified,PASS,6,2,8af2671c594df79680a7b0a40ad8ba1f66bd1bcdd17e0c374d64b0595e99c187,,,990a5376a48c7f2d54549bdb35823f2ceddea6f41d17a1dcc53a23ec6be73cb4,f4b3b2e64762697cbc55287a3242ad5a3555d188ba25187ff135fa1cb2dde0b1,P1,1238358044.8164442,h09,1219220138.9610057,19137905.855438426,20874605.662193775,0.0,NONE,389665.91065729165,0.0,NONE,0.0,0.0,NONE,785484287e4c3e4ebe24a0032d99f3dd6e871560e6c5684a136f4831b23914f1,23242bfd85248df091636a62d700381e05555c8625221a163974f3a5f793d56e,d45c1b7d4ba6fb1ae296b2faa016d6393a556d14ae91015b782e92ef4a1b1399
h02,LA-0119,119,9ded5c68cd0b0e99a38f9cc7db3512579bf1729d3fa5267c87d43e99ff82e3ee,23,19137905.85543848,A1_FINAL_NO_MEMORY_V1,A1_FINAL_NO_MEMORY_V1_R1_WITNESS_GATED_INFEASIBLE_RETRY,certified,PASS,5,2,4baef9d227f67917dde57f8f02e2368390b5977ee0a516ec914abeb3971128cd,,,513552b1f5dc7951f4b0669751751278d2979e7f2dc9da86eb132d40f6f39168,41f08c7a5078f3228e4edbe462f632050f44fb53cdeafa520a035f367281dbd7,P4,1169690188.1969986,h09,1167358490.2018068,2331697.9951917687,0.0,0.0,NONE,0.0,0.0,NONE,0.0,819366538.6935376,R0,d8a580b898972a4065abae3d95e47acccb4b85b4513267c430dc849e29ddda9a,97ecfc4d355fc3ce1af1152bc5fad2fdeddce5429537f7a6b3219bbf0f096b63,8d39643477a9f4736eda1fe95b0a879e12bab8d21d1cdcc5f1482fc4d7b8e4bf
h02,LA-0938,938,076847df596d6eff65d44a5956999e1640785296725219e3ae7ee004a30c6793,23,19137905.85543848,A1_FINAL_NO_MEMORY_V1,A1_FINAL_NO_MEMORY_V1_R1_WITNESS_GATED_INFEASIBLE_RETRY,certified,PASS,4,2,e583d644582d3213551cea5534717a6e6165d386b57841c4339ac3fd0f3825a7,,,ecee9079cad755351b2815c732cd44631f4460ebe19c20d23632812c6a0ecd0d,cd1d83c871fb2ef5b3aca64fb4d0a4317c80e029262bd5a7772bf43ecebf7dff,P4,1211664872.6840863,h09,1205407046.8721135,6257825.8119729515,0.0,0.0,NONE,0.0,0.0,NONE,0.0,229246685.98371387,R0,32d9d790c3101fd0e9a180ac6bae2b82be0f46317f947f2f7ca97d73e680ab0b,0d2aa1b2847cc8abb647373e854d32b6f5ed9b1bd45461d5783f75ba9b2880cd,54d12be064bdb919d783565655cc3d8b4568fd9912f85c89f3349790a54a46b2
h02,LA-0240,240,456ab94e95f6c4c22089c52fc66aa76bff495fbe9e7b34fc46077478105cafdc,23,19137905.85543848,A1_FINAL_NO_MEMORY_V1,A1_FINAL_NO_MEMORY_V1_R1_WITNESS_GATED_INFEASIBLE_RETRY,certified,PASS,4,2,398fd8d4350a1289f74b5981d8c2ef009912b29efb4f56a1c72967b9798c1c3d,,,10ec325777ee689da2f2e25ba7268858a2ebcef4409269b77f03bb01207d2dcb,0c0e2cf222c42972aab40b1c4ef8add1cf7784d7a87e3062aa86aec5f057efab,P4,1174915473.3193264,h09,1171026352.7649255,3889120.554400987,0.0,14427839.480618743,R0,0.0,0.0,NONE,0.0,274768065.7576226,R0,41b33fbb9b4c47fa3b3c2228e39624ded5494b88f26b4a0c8d6d93e4166974ea,c8ba2ebec636d5cdfa1259fb67b1780f0adc40118ab430ba3227caef76a75b2f,13e61a7de909bd9473fe573a78d1912275a3810a83321a43528f8d8c0417bed9
h02,LA-0464,464,68d187af8c67b9ff2c2e8b77cfc61c7c43e85627ac77e90547a7fe6bee08e884,23,19137905.85543848,A1_FINAL_NO_MEMORY_V1,A1_FINAL_NO_MEMORY_V1_R1_WITNESS_GATED_INFEASIBLE_RETRY,certified,PASS,4,2,83c896f6474b0aa343f1b53e011508cf3bfa081f942fa9301729dce6e6b475e6,,,b1d924729a2ae04093c2637fabb9f04088b07f7a8d83d0b88112f3dea4d2afdc,6802b67e99469f28f91b99a7c367271179cd0ea5a9d8e50fceb2ed213f3984ee,P4,1207897831.8176615,h09,1199818967.9311047,8078863.886556905,0.0,16948405.797349654,R0,0.0,0.0,NONE,0.0,179391677.01945028,R0,41123cead28ea5543ec6f3c4ed9d7850319fc52e0a03e55dac8aecddf3780c8c,5245d028f08f5bda884bdf2be4194a9a57a7049162bd876757766152e80ef587,70c46aba35420ee8907257d226faefcfcda8ecb2968fd381b7a2ed34f5f8b7fc
h02,LA-0860,860,ca94af9af335cb451dda82a8bac72ed429bc747d43fec3dadef9d1f81ec9bc59,23,19137905.85543848,A1_FINAL_NO_MEMORY_V1,A1_FINAL_NO_MEMORY_V1_R1_WITNESS_GATED_INFEASIBLE_RETRY,certified,PASS,6,2,8d655fa0b2af5907367534db32de4be2a6ca6e1740d48736b129538707415547,,,0f2d2e71d8624aa7f64b842c3110aae3a1ab68eea3e24fb06ab008528d8f72b7,a2dbbb0ad7949b350e62cf016b81d8bdba2fec43e0161a17b150301e78182028,P4,1224796868.0243273,h09,1222189969.5642323,2606898.460094956,0.0,0.0,NONE,0.0,1819689.8818903842,R0,0.0,0.0,NONE,e75d43755a939457cadb403b13473ee641b8fc4962cb8fc44ebed37459687618,9bdac43216b3e4b0d63f9712943f5a77c813a2b4c7593cbc784b1402b985e0f3,209735b4536756ce8383a60acdfe1d71071de4260a5635e80559e6c37ee45edc
h02,LA-0789,789,dd409690bb74eddb2067923113a702a5d5efd305aeab1ebf4a34374bda2af1e1,23,19137905.85543848,A1_FINAL_NO_MEMORY_V1,A1_FINAL_NO_MEMORY_V1_R1_WITNESS_GATED_INFEASIBLE_RETRY,certified,PASS,5,2,8e44710c06511cf7d9a840c2b59134d56a3548a039bf7a870595cc2291df60f9,,,61444dd5626d71901cdc08a6e2479ee84cebd98d8b73ce91a3b970f58885ed47,b9b125b52fa4246d6d217f402e6248cb79dd089a4d76cbbdde779dfa59edba23,P4,1212371308.855561,h09,1207519358.5901499,4851950.265411193,0.0,14560135.030566161,R1,0.0,0.0,NONE,0.0,137406363.40013793,R1,9cc4f04eb4529d8fae198126f3125469e248d44a8112ca0f41654aa8ea2dcf67,1b18dcc629964a93c18e90002fa72b59b99f61fa64add4baea8118e760fb0428,3a00c1354fb4ff85ac753793644a208819006dc041e4cd4368e52f1fefd4fb67
h02,LA-0748,748,9a72f3547ad420b3e1d2e7053e1d79f70af5c5fc4cd6b8bcc8ac8d7264672ac3,23,19137905.85543848,A1_FINAL_NO_MEMORY_V1,A1_FINAL_NO_MEMORY_V1_R1_WITNESS_GATED_INFEASIBLE_RETRY,certified,PASS,5,2,ef133387603154c0c078c7ea863ed05eeaf359fac8efff3400dc737701dbb877,,,dbb92ffeafa874fa087fb8ba02251736ad1a18b960204b702c86a359a2078a15,d16858e43e6f39c07d1bcd962a77334e7e2bec668c8c0a81a0dfe38a47ccbaa6,P4,1225236891.5837047,h09,1220163086.5523667,5073805.031337938,0.0,0.0,NONE,0.0,2228952.68304798,R0,0.0,0.0,NONE,aca4d69cf1e56b64db876b46636f4c3dda16b91adbd9ec38a6aaf63af51b7c42,7b99e6065a0f0fd9bcb4a38dce62dcb33696899e3494f33142a1d23fc0914029,8ffaefcb9ad2a5caabaaeba159f57af57cb57a94044817eaf4af370676a84131
