heldout_scenario,simulation_id,sample_index,input_sha256,training_scenario_count,budget,algorithm_identity,implementation_revision,status,certificate_status,iterations,full_exact_certification_calls,result_sha256,failure_type,failure_message,first_stage_sha256,policy_sha256,policy_label,training_T_COST,training_worst_scenario,training_worst_loss,first_stage_cost,Q_Water,F_Water,R_Water,Q_Vaccine,F_Vaccine,R_Vaccine,Q_Crackers,F_Crackers,R_Crackers,row_sha256,full24_source_first_stage_sha256,full24_policy_sha256
h05,LA-0914,914,ee8287c989d9f42998cac1b0ade9bc594e098eb99d83ed33e878189f5cc95b45,23,19137905.85543848,A1_FINAL_NO_MEMORY_V1,A1_FINAL_NO_MEMORY_V1_R1_WITNESS_GATED_INFEASIBLE_RETRY,certified,PASS,3,2,44897e8eb7d89c0a61a252f6f141a652cbfd17d75c438815a9d4fa515cfdfca9,,,90beb37af9b8278a7e007a824fac02514c27d6009f9f93f0314cb37fcfbbd603,4f45ab2d6bcbc82510c8117a97761976b2beefaf203a868fe2b17a9fcd4df6f4,P4,1212254701.0327225,h09,1205370714.8156204,6883986.217102075,0.0,20834416.584864948,R0,0.0,0.0,NONE,0.0,197240916.1613329,R0,dabde22a7e6be41e037ce971c96abf99c04b1cc8bc92de597245d6e5b0e34b94,5781a113e0147f440d32596ad5362f958cee8a07f32c8cd8365aced4e52793e2,fea7e2bd1f76a7b001baeac8e70c6c4513f3a4e6ebd8c2d56c44a8ced852191d
h05,LA-0802,802,08d200d068730669000640f9037f4ea66dcff16c72d21874b825ba042565721f,23,19137905.85543848,A1_FINAL_NO_MEMORY_V1,A1_FINAL_NO_MEMORY_V1_R1_WITNESS_GATED_INFEASIBLE_RETRY,certified,PASS,3,2,6c6358efe270625b99844608cc8cab87093d79725dcecb1dd49d66f598c60d02,,,bcb40126c97064735e510bee518e4f7422680f4d5afb2329723ce5579b3e366c,12b662d1d9f77ad2dfebd7b1b445818e3943809f510bc981424267ea210bf6d5,P4,1228589997.4005196,h09,1223511068.8220685,5078928.578451205,0.0,12280877.45567742,R0,0.0,0.0,NONE,0.0,64808565.87198676,R0,325c80b7309ae280c811379b15070f0794de8a114f256421d88778b2c57dc636,14850fcbb4039461ac3473e5167138bad44c78f72304891cf1224949e7c0fb9b,8c68cd363295a80a6c076e957d45b83ecee681984fc17feee92fa4b88a8e79b9
h05,LA-0642,642,df36bdc338b56dbdb6049ba0f8338289089a63b99a8d10e273f60fe82107fd03,23,19137905.85543848,A1_FINAL_NO_MEMORY_V1,A1_FINAL_NO_MEMORY_V1_R1_WITNESS_GATED_INFEASIBLE_RETRY,certified,PASS,6,2,e0601ab194ad125ddd7abd03f497705d9bec374103dd7e0bc0f789129591eaa8,,,0799478e14703b25fc44874c425db368797b8e97e0bad31dd27950e5db9a2d00,f8865a610b658129099e27ca534731203a1d8f330a4927c5c35d907e8b661215,P1,1221165897.9019191,h09,1202027992.0464807,19137905.85543848,14229721.617536936,0.0,NONE,688215.5357769008,0.0,NONE,0.0,0.0,NONE,e1260246dfade4ef8dd039b08ace954a12185dc159db9d59f26a29aba154c024,00fad34c6985a1520333da73f27ab22a1345cd2dbac3cfe4ad0469ff5a7a2175,99cd56c56fdba833c6dd1558a25723eb71028448c6e9f459a688864e2573ae3f
h05,LA-0765,765,029044c21e5aaa3ef1fdc23ba9f93ecbcab421d4ba2aea33a2a93e86bd5dc97c,23,19137905.85543848,A1_FINAL_NO_MEMORY_V1,A1_FINAL_NO_MEMORY_V1_R1_WITNESS_GATED_INFEASIBLE_RETRY,certified,PASS,3,2,454ea4b4fd3d5f14692728ce11d7a2731e51507aabc0a71f4d97e77544037a7d,,,83ff7d63f0d3abbcf97b571bfb28d882d04f8e78ffe643ae9426ceeebf5b9cc8,fb1b19d496931ae233090aeb2ef8aa8716b7761b63260c8b365e36b2ca79140a,P4,1224998391.0126872,h09,1224697016.076251,301374.93643616757,0.0,0.0,NONE,0.0,0.0,NONE,0.0,248652680.22669795,R0,851ef5cb243df4b57e176c31f0fe07f6debb9134a88e0cb667205dcb47495d8f,75ea928a548f83ac5dee4837c163a541cd2cd8e00856b314283b074725a9bf0e,9846171180d7fb2337bc339cd1e3d5fe62f34a6d62ed2a15b647a194fbaabd61
h05,LA-0334,334,edaf1d3f884b2a1b1bc5dfef3d1a8ae510e3ba39112540125e89d3ae561834b0,23,19137905.85543848,A1_FINAL_NO_MEMORY_V1,A1_FINAL_NO_MEMORY_V1_R1_WITNESS_GATED_INFEASIBLE_RETRY,certified,PASS,3,2,076fb47c1fec3a33971628efaab09b1f52214eff3cc7763e25039f564a28c6bd,,,45a6e9c8a1ca0fe2470aa4cd6087928f87b515b902316e22152fda2de91e7d2c,8942ded1e57df0efe4004f053d40c63726af2c7d57169510e903b9780def83bf,P4,1224359243.616294,h09,1223878241.703765,481001.9125290711,0.0,406888.4396914717,R0,0.0,1139586.1257755752,R0,0.0,0.0,NONE,755f92d849fb6ed57d772eddd4e116151fcc0d652b57c882ac2f4533e5b272ce,3ab8080c2cd9b2d8e60d97139b586fb8609b1bc5ea7a6c20729dcfd0f8d4519f,8f1f50a2cc179079aae8afd5fc19dbc298a30b64b36e4ec6ac1c244a28a729fe
h05,LA-0396,396,4a8ce3956cb01a1d091e6fc01863a6d00473bea19495791f759d72580abea560,23,19137905.85543848,A1_FINAL_NO_MEMORY_V1,A1_FINAL_NO_MEMORY_V1_R1_WITNESS_GATED_INFEASIBLE_RETRY,certified,PASS,3,2,24cbf66bf45ce185cc4096d602c3233e76b339690801f0e688912c143f685ce8,,,fc9ebaf13419b2fae3e3ac5f9f087b4d9fc147c787d763e88fe9ad4bc4eb4107,a8bea987a0da6455e57238ca017d5827a37578ff038aed196aba8a06f637da99,P4,1195686432.2114403,h09,1191051126.0533757,4635306.158064613,0.0,12283041.448163489,R0,0.0,0.0,NONE,0.0,168482864.2128283,R0,33f8b394309596ca3643147912f2a422772efd9469f3e94efbffa381b8efbcd8,6321601fb1544f6fa904d6dc8c1f4396442dac34e9260793551cab38bec52802,fdcb7e0a151b0e042ddb8b70b2148461491661ff5b5fb2ac41a279daed7535b7
h05,LA-0358,358,65f12d3443be917eb572e0eca29833f1866f1a45141d44db32bfff161cc2c593,23,19137905.85543848,A1_FINAL_NO_MEMORY_V1,A1_FINAL_NO_MEMORY_V1_R1_WITNESS_GATED_INFEASIBLE_RETRY,certified,PASS,3,2,a7bf2bc8ec4ded471151998b81126d60c8a2319d370f78ccdcb251f566595a84,,,d4be32cbc2719ec8da580dfa88f4af15f3f093e2bdf90d8d93c66b78437d42eb,17de16b0d6951c01a6ead0d5687d9076ca387d051ab479c45587a6f766e4ba63,P4,1168155110.8672476,h09,1165305679.9791734,2849430.888074171,0.0,0.0,NONE,0.0,0.0,NONE,0.0,868192363.9856374,R0,0b4b8eef3006eaef0b8beb0a257affae0f711b6e70712eb742592a21932f7022,fb1dc2ff59df43241a9a4691b0c60828a912025060f1637cde4dda39f5e525cd,6faca3c761acad43136dfdbadf66429a8719fbaff656ed04e4b987c3ad6c177d
h05,LA-0467,467,10bba651114fcf8a3e1f592ebce456644653baea223751f04413e110919e8399,23,19137905.85543848,A1_FINAL_NO_MEMORY_V1,A1_FINAL_NO_MEMORY_V1_R1_WITNESS_GATED_INFEASIBLE_RETRY,certified,PASS,3,2,c0375db35c1fc75bea2d695ee11dc834b3d27134b914a323ae27e9b798819528,,,51518b2087719716400e0aa272001ad5eb7e72960981cbf6a0228472ff57de46,ff92fa4da627cb4b37efd8f25ae322e1351aeabfb327f2ea869a33f68c40af66,P4,1229783603.3591182,h09,1216823757.4785633,12959845.880554896,0.0,23179337.24593857,R1,0.0,776008.295513691,R1,0.0,0.0,NONE,32cc617ac38b769de21a9e8d42f271f9669d6e7ef075e60f0cfa2942ecdf502f,459cdf77a9f30bf46b6834568261fc6193863ac4968604741fab07b60e882b8c,89c4834bc02a71a472899068ee9a2b672c63ad69c04a8d167bb105a28c328bba
h05,LA-0021,21,9c0c8e916a30a3fa9f17a2b27ecaaa74ee626fafee16b17aef6e1fa739cc5936,23,19137905.85543848,A1_FINAL_NO_MEMORY_V1,A1_FINAL_NO_MEMORY_V1_R1_WITNESS_GATED_INFEASIBLE_RETRY,certified,PASS,3,2,664eb2ef78ef1a1e94b6a20889c54682b1d3534f1225f0c2b76b499c4428373d,,,861ed266c15a2ba8596884e36acf20a2f099a94fd170517f89f0ae318d91d322,d9c3a060025385eb351b5e9c657f43ae69ae6434a40dcdf3975a4c44b86639d2,P4,1233499223.9417398,h09,1229183651.3295689,4315572.612170886,0.0,0.0,NONE,0.0,0.0,NONE,0.0,267830195.45473477,R0,45d5c12cfe5d90aa2355455a0312a6590be024470f1547446164e090e4845f04,fbb66c657174c3eb494e70bcbf150d790ef245ef49a7f4c520736f540e2a0b67,1043c26bc69168369bc901ea703ec25f7f026952832577aa46ccfa6b5ef68654
h05,LA-0148,148,7151e912cd4a11e3ecf51701a50a70afb496f08ac17c31ec24434fead2eac7fd,23,19137905.85543848,A1_FINAL_NO_MEMORY_V1,A1_FINAL_NO_MEMORY_V1_R1_WITNESS_GATED_INFEASIBLE_RETRY,certified,PASS,3,2,30740a605b26bbe917dbbbc6ef602ef94d31e9b25f2113042fa58e216c6908e5,,,1677dabe5aa1897eb4e6ada17a431b589042f546ad719a134381ccc0f745a05e,1b1b3722ae4751de993aa9353f0ca3779941448b0cc858f6def33acfc275c85a,P4,1237050663.6348436,h09,1230832025.3260527,6218638.30879087,0.0,0.0,NONE,0.0,0.0,NONE,0.0,134080467.9226798,R0,11e1df331bfa126d244b7b762ce60cc3f70cda09ed5da409f383a4772b5d45f8,70144a1e05815d4dc6b051fb2e96f5a208050735c21579657d4987fc5d3bfdbc,259b6d6901da74ab80c15b5199bb5a1c25a6ab4cb43397349702a7cba5f85bd5
h05,LA-0248,248,5307af164a6996b7fe150e6061a6fb611ca85e3861ec87d3eff546c5283a391a,23,19137905.85543848,A1_FINAL_NO_MEMORY_V1,A1_FINAL_NO_MEMORY_V1_R1_WITNESS_GATED_INFEASIBLE_RETRY,certified,PASS,6,2,b2fb394717fd237de98ed22e86277245112acd6b0b3c56e17d596320b5568b74,,,a3c05224a75c2fe51daefc2fd0386064ac3288f2108dc4502a40b454238dd51f,8b688f954121def249693295bd3430ebb08f6be9f5f37867645687cbde029673,P1,1221280555.623522,h09,1202142649.7680836,19137905.85543848,14259995.052117981,0.0,NONE,686855.3732090498,0.0,NONE,0.0,0.0,NONE,9ae1fd777db45bd3d47c739e30d720eed6a2bb44919e76346671756d6d007bf9,1983b21ce001238a0ecbd7326dd0a98420fd407c476f027a1bef44a1591f0726,c62849d21859bf8c6a8a5581a9853918d0565e2f76d73c64f450d470d3ca310b
h05,LA-0349,349,a13fac328519453bbee1dec8c125b0a9799e9407a66ec9ae666070e54c274bb7,23,19137905.85543848,A1_FINAL_NO_MEMORY_V1,A1_FINAL_NO_MEMORY_V1_R1_WITNESS_GATED_INFEASIBLE_RETRY,certified,PASS,6,2,1f7f8648e8bb1172d8491df6c4969e45e1a443db641ab4af3f939f89d3875032,,,469bfd593eaa2668961ddb1578f12ddc2fe0ae19b6407f6e00fdc4e9f98c7914,c526cec696c0b2254a7cdc1651cc9e6265d6e89ae78e4571153958b71d41410d,P1,1239632077.264095,h09,1220494171.4086566,19137905.85543848,21622869.407663703,0.0,NONE,356046.9853006866,0.0,NONE,0.0,0.0,NONE,d86da6602f23cefb7ce7665c78a64396892b717868daa33f1f41f85c758f2ebb,c2c30ce711a07a5c2b470a4a31c1a74864664be71688b7abfa27ddd049cf2634,8948a75374f6fd975d89262e878fe65efbd066724f34ae092ea3eff353ad6744
h05,LA-0460,460,37dfad7be959263ecce1cd54aabb1f0f5b60556d7a5f449d2dde0296e586db54,23,19137905.85543848,A1_FINAL_NO_MEMORY_V1,A1_FINAL_NO_MEMORY_V1_R1_WITNESS_GATED_INFEASIBLE_RETRY,certified,PASS,6,2,c9a60f7560330a6a5840c039b8f65acc75db773d769b15f0adc1f3462ead4d0e,,,673537c2c53e6a0bc239dab56d9d42422b6cc25ad6e442fd3e392b22ce029f8b,5f1275ad1fbcda5c7ed7beeff659c90ec703440282dab6263ffbd2f4880e8e1b,P1,1223726355.2354798,h09,1204588449.3800414,19137905.85543848,14937905.886059597,0.0,NONE,656397.351070871,0.0,NONE,0.0,0.0,NONE,9a71b2e0a97f7d6fd3ef39fc8dc5e0b5da66677bc11b40f6f848b7590bff9e48,228489daa290d1e95435524ae0fe637fb0518291c9d99ebad9ff5a7d0e1b36b2,8bb6f96d74daab4f54f8294c104bfefa930f5199cf92dcb0d8a25a20e8a12823
h05,LA-0561,561,73dd93caf509846cc5710ab0f5b4d5b3114929efd58489783f34388ee3b681ab,23,19137905.85543848,A1_FINAL_NO_MEMORY_V1,A1_FINAL_NO_MEMORY_V1_R1_WITNESS_GATED_INFEASIBLE_RETRY,certified,PASS,3,2,ba62bad02d4befa947dce8b3f1340481c3d45adddb5d25581f9919b66f01b38a,,,521785b2e4523045b12ca59b1d21610962f6c5de373fb28f2ec86fa794318eb8,40a6905d787113641792b6f56d351461a78ded81c41ff79360f33ddc61c90a65,P4,1211485977.8549132,h09,1204213899.0331867,7272078.821726525,0.0,0.0,NONE,0.0,0.0,NONE,0.0,521824479.949944,R0,bd14ba77c77571326807f1344729a7667ca6f73866a40ddab475822fe9942bb6,927a9cb85f252cfdaad6ca13255eeb4364edcc2287a5c5730e623ccccb0b7db4,32b4fc6d127953ad6df2c6fbf74b8a3e367f01d72376d9d324e38bc78cfc03b9
h05,LA-0563,563,a93264f0e144faccdd338cf2e8d48a820c54bc1f6a529a554fd7b4af6e8e27f0,23,19137905.85543848,A1_FINAL_NO_MEMORY_V1,A1_FINAL_NO_MEMORY_V1_R1_WITNESS_GATED_INFEASIBLE_RETRY,certified,PASS,3,2,f3d685693197ba47d388c1b798ba1e7780c92c3642746a9788158701b47a4683,,,d707175ea7a5df57bf61ca3d7ac412778e0d96b75b40afb383008d4bd9171fcd,7e1a24f6c9544a2097889e12406f0033112d01eeb0ae1c2f8d9308dec6b8fe23,P4,1141896801.8584664,h09,1141609833.3870265,286968.47143994115,0.0,0.0,NONE,0.0,0.0,NONE,0.0,429883239.9494833,R0,34c35c8286fd1a528c57c2b8f2c69ca39fa4e5ae501807a1ee10a976025acef7,d0ac31351bd43aada63d8fe5d8a1e4affbd940d768164954d7e3f5d638a277f4,2d6bf122be2e26b49e505da0fce8dcd394a81c47d8db2a54b1ef40c48efe56f0
h05,LA-0925,925,4dfda4bc0ee7248e080300b564d60d5217502a1f39ef08a8cf411018fa42116e,23,19137905.85543848,A1_FINAL_NO_MEMORY_V1,A1_FINAL_NO_MEMORY_V1_R1_WITNESS_GATED_INFEASIBLE_RETRY,certified,PASS,3,2,60bb7b87bfb21f9be876bc89be039423cd7812d643cfefa39a1ed126a1afc6d8,,,6fc50489ba21af4af206d2d5869d68a352edd2df4c016e7a618404a9f6c13b48,a14987f1c27cb35e0bce44dce59f1f75a88b66c9a4f053665b9952c448ec4efd,P4,1227665391.629992,h09,1219037472.1888132,8627919.44117886,0.0,0.0,NONE,0.0,1515150.0263708746,R0,0.0,0.0,NONE,da62dfd6cb10393f1f3dc60082797489ee252630d40f14e1db0e83cd4cb652ca,5347f99f745abbd2a395d29a46d94165ed289b7fbe9f33c7d6d5d21d75d260c6,38b9a4ba709d709145e907b23b512ddbfe4e0ea5a876df6581a9a13d1f82a9dc
h05,LA-0803,803,6fab487f0e10f651a0bddc12ba6823cef3f62e8a9cc929292030385a0f8776dd,23,19137905.85543848,A1_FINAL_NO_MEMORY_V1,A1_FINAL_NO_MEMORY_V1_R1_WITNESS_GATED_INFEASIBLE_RETRY,certified,PASS,3,2,52eb0759d6f290284130846681c4a8f60936aeb8745262e853ac770eadc9b472,,,9bcf4d0461d60ff3f2fd8a3c21d81af3e9f280cb58b4fb016a0733144e4be161,f913391d784ec261a4ab256db8c08b0bcd7afb194436c54533840587d7103b97,P4,1196349260.8235512,h09,1190631943.510422,5717317.313129113,0.0,0.0,NONE,0.0,0.0,NONE,0.0,534173843.99826574,R0,09c9980f72d275e53e18f58b336712cc36f34a92a29ad98e1bc342d08577d32e,52be84c72c99da32ed8cc9a791ce0cc02fca980005653052cf914565558391f7,91adf603f842ace1563cd3a3dbe8f5ae6c5e579a6b0c8e29ad9526508a808338
h05,LA-0008,8,ac30e053d86741bf9a879366d9c9e2bce5e3aae131aedc9e7814d9d440230770,23,19137905.85543848,A1_FINAL_NO_MEMORY_V1,A1_FINAL_NO_MEMORY_V1_R1_WITNESS_GATED_INFEASIBLE_RETRY,certified,PASS,3,2,97c59c3d86991940617fe43e04c89ef14d44b926fd57f545cb72d173ab2705ca,,,0febda5bd0ce619f8c0420f220c72e880a31c5b6f77913872e6438ebeadbbb02,a096a2c4c9528d6431a28066d605f596b82eb7b76de9aab0ab7303238adf1d3f,P1,1234247683.2378776,h09,1215109777.3824391,19137905.85543843,18778115.09301475,0.0,NONE,483859.6496734721,0.0,NONE,0.0,0.0,NONE,1466dc3bfb355a6eb1bdb0c31c1d965060210e649baede632f9b62a2885f7119,1bece451a05b4595e082d1c62a82f615a4300f5ed6f4706723749f7a4303ee2a,3af60c16b6ade13f8e34f9a443d1297e512b096132cdb17671a5e3173f26da4d
h05,LA-0461,461,184b287513636ebe7bd9ca5488dcb7410b9ca7e7664c6aee5bf73b97632c0a92,23,19137905.85543848,A1_FINAL_NO_MEMORY_V1,A1_FINAL_NO_MEMORY_V1_R1_WITNESS_GATED_INFEASIBLE_RETRY,certified,PASS,3,2,5cfcb46add4a02982d36454fdd50ff24b3eda9300dfa002ca0dcd0aef9cb12b3,,,9ce4175c6e0e4253bf74f6688f65e71ce66e8e03af8557e692f6d9e93296ca3f,7bd90eb75e11a4a64569e081c7d1119e9407c90ab985ca600c83483ffbeaf9a3,P4,1219154934.06695,h09,1208086746.9357977,11068187.13115231,0.0,0.0,NONE,0.0,0.0,NONE,0.0,257070351.20397592,R0,3a414825e6d2acc86ae1a3e4f3e8729c991ba67ab643e37d8171f17b76c54f52,4aa54ec57ad3f7cb0dfd4d39be2191786c6888b6226bf7d38b0441101cd1f02b,2cc613eee5cab0f7342e9b44a6eaee4fdb38b3e58379fefe19a8916f7f90ce81
h05,LA-0873,873,62d8f2da72996ab47088a679ce3531db4fe4083b6480d3cf8e951b952bac03ae,23,19137905.85543848,A1_FINAL_NO_MEMORY_V1,A1_FINAL_NO_MEMORY_V1_R1_WITNESS_GATED_INFEASIBLE_RETRY,certified,PASS,3,2,131f9be6777dee94d856bae6d0d757068d857f17179af5e9fd12c268aa17a0c2,,,8ecd1226dc6cfc2fb37fa05748865e422b1c8045b3cd4332c92df986874d4814,678a3e072e37a4867a892117a8d9070fae3f2a5fb70847d8853ef9dcb8db495b,P4,1240954803.5067713,h09,1232892096.4133434,8062707.093427868,0.0,14409950.081864683,R2,0.0,0.0,NONE,0.0,30343254.619230025,R2,ed40f5871f8730eac0dc7be7f2e6d2cf19abb70b98fce70e05906897474450f3,0f039721d61a964f3c864b02d6567b2c27986e7964fccdd473c179bc4ee7b992,08cd71730a6ad04b854195e6537c17045d487649d18deddfac3ac3f7a1b71acd
h05,LA-0954,954,438bf8be3d7ba9f599cb016202b889d00632d54bb6ceb410e293bdec8e8727ce,23,19137905.85543848,A1_FINAL_NO_MEMORY_V1,A1_FINAL_NO_MEMORY_V1_R1_WITNESS_GATED_INFEASIBLE_RETRY,certified,PASS,3,2,b7c0b66f3fcae51cdc3400f6d1607a9ba2c11ecf485f691653b54c089d59138e,,,43497387d70611c5507e1d1b17f5d3443f9732316d729f5dcbc34efd37015c54,51008fbd1b560e642b7b3e335280fdaf5ebb4dd3e6fc191e7c3832d2d32fb89a,P4,1213627651.4552743,h09,1203224710.5045357,10402940.950738752,0.0,0.0,NONE,0.0,0.0,NONE,0.0,228332643.9292319,R0,7aac0ab1298c40dcd043f45e210ce1a6756b6da32312fb6e3bc3155105ccfba6,f2d6e59ec796256dae122a6e3fea2c96a10131be7a330f3e4534e17e43fd5794,3b9c9f5bd1070cebbfa3e32a4d13b4a9c594ad45c8f2b1d71b4dde7a8824fbf8
h05,LA-0631,631,07d3cad6cf5a0d9c3c1ef47e5f6e9390bfdc4304c3135b83808496244f25881a,23,19137905.85543848,A1_FINAL_NO_MEMORY_V1,A1_FINAL_NO_MEMORY_V1_R1_WITNESS_GATED_INFEASIBLE_RETRY,certified,PASS,3,2,7ca8472c01002cbb7399ccd3dbcb7f49bb32e8bad4976a5a6427fdc58ea289a6,,,f926464da1685c1b469541178f1b2bcb88087016aace50a7f9e4f345b148fa6c,e74e3cd36779274f8864629e991c8605544f3b23c8f14aca2146f4e4cf619c4e,P4,1225624361.9278798,h09,1223712181.2739847,1912180.6538950251,0.0,0.0,NONE,0.0,0.0,NONE,0.0,192189274.72734597,R0,a60c660b0002dda471b2a0c2b2f1d864edff524c8d2f6f40eeba75376240a7dc,c12455248c4548e98eed24aa30cb4975588a28d258fcec31f3ebdf535c44a1bd,cd2cfd3b32b30e2122a35437373139acccc2562b831e175b9a4e42593c46716d
h05,LA-0266,266,eab26d7ebf4c5345cb3622197d28a1aedea07a1f2294362c05938c5a511198f7,23,19137905.85543848,A1_FINAL_NO_MEMORY_V1,A1_FINAL_NO_MEMORY_V1_R1_WITNESS_GATED_INFEASIBLE_RETRY,certified,PASS,3,2,b9a9a74991c1b84c0bb47b5d50b694c10b5a4f45b8bb940729daa55e24c750cd,,,560d087dab57f1840ac1b3c685ec927c818f76cc94ac1c81c4bed0e5ce6ec224,08e8761301aa92193795eea6383af06bfb8de210c5e5730961135d2203af5ccf,P4,1181826527.8987134,h09,1179519137.6618001,2307390.236913167,0.0,17200295.366992086,R0,0.0,2000727.61821588,R0,0.0,0.0,NONE,8840db7aca38dd3e57aae3bdb12117932a14a1f6bab81f0e97f49e1d45d0db5c,4b01d45a8179decc85e6235ecb7907e2067f14c853bd157bb7dc329fff48f6a3,4ac8344542d1314dc644b7807f0f64844e51649e01e6428cec5d41b69da65a0d
h05,LA-0537,537,8cc3f0d9b6151900abab4598bd88273e02d9ec429f1852718dda2b1fe78019b9,23,19137905.85543848,A1_FINAL_NO_MEMORY_V1,A1_FINAL_NO_MEMORY_V1_R1_WITNESS_GATED_INFEASIBLE_RETRY,certified,PASS,6,2,4c33d43b5cae44b7408d04252e548e1bf2f49530ee9d237d1f00e53beb8d6f4e,,,21997a3477c2af831c7de12c4fe0b9d39cac4733ae8bb6ecd16205e21044fe78,386c1aaeb6ab8b882dba5a0dd661e7ab34cde5d525fbee9e85b560bb6ffff24f,P1,1226390248.0939023,h09,1207252342.2384639,19137905.85543848,15753603.104275709,0.0,NONE,619748.6906769631,0.0,NONE,0.0,0.0,NONE,3098d5fd825048c628dbd40608fe9b287cf8ced145b1f541a450149fcb6cf21b,eca0177cebf96a0192e42ac74ec7bd1662e2d47ac98f90980aa1f64ff6da6c21,bda36cfe56a776701d083da7be653f29e7ab7a2dd9b9c9244adf0e2c2811e502
h05,LA-0751,751,79eef204de41371d5e89de96ebce35f83affc3181b8f7c142fb847c7e50dc8c9,23,19137905.85543848,A1_FINAL_NO_MEMORY_V1,A1_FINAL_NO_MEMORY_V1_R1_WITNESS_GATED_INFEASIBLE_RETRY,certified,PASS,3,2,74f4ff3ffd53bfe48fe113033d423f4a791a50b4bfc7b363b840e2e9d14c9896,,,1778e58d9ab62593b91e4041ce23cee38273c0f2d800975adcd3fcac511a7ea7,39df933798f8f15f115508e8cf77662f1cd7864664013f056f16126a45c7b41f,P4,1189529292.777633,h09,1188980496.0433013,548796.7343315277,0.0,0.0,NONE,0.0,0.0,NONE,0.0,287105794.1414695,R0,beb67924a1ce519d4dbd61a14d03c0ad3a856f4969cd5de6544869beba2745b2,1020b4ce6bebe5a5b3c1ad20a996d3313c977c7f28b4bdcd8216f3028f9d726c,a7647b74a30a12a894d7aab50c244d38ad056b7d4c1698e0f3771b8e0a2a3b80
h05,LA-0580,580,a98d8839ce3abc6204fb767fc7db0c8ec24dcf5c8ad37f4de32f87180ccd655c,23,19137905.85543848,A1_FINAL_NO_MEMORY_V1,A1_FINAL_NO_MEMORY_V1_R1_WITNESS_GATED_INFEASIBLE_RETRY,certified,PASS,3,2,5fff791d130fa092e331fd6fdb0f4ae48539ab422b3cb1323266007d46c14e55,,,d4cd4fcd405ecf4e5fb868ecb021b0c3780fe523391807662fa1785be3d8f618,058f4e0c592f4d62e8c464f4d4358b2fdcf911a55337e489ce7b9f79df5b56f8,P4,1235211324.985984,h09,1230716422.8494813,4494902.136502752,0.0,14654706.180366103,R0,0.0,0.0,NONE,0.0,52447342.055891536,R0,aa8cb6364a117738462e53adf3165b11830aff14425b1067b2344fe25bb09db2,bdb25e999d56a0a3ffa1390b473c9238313b5ad8ad8f41a404a93fe92c9d24c0,01ba9f59234a083694d8de1bd8d52d30e2eb06da68a7c206dc59b751f63b7e09
h05,LA-0675,675,491bf922be7d5f940c1e726f7e4f8777f0e67c2e6ae75e5a5691e8204bcba683,23,19137905.85543848,A1_FINAL_NO_MEMORY_V1,A1_FINAL_NO_MEMORY_V1_R1_WITNESS_GATED_INFEASIBLE_RETRY,certified,PASS,3,2,a82cfd6ed9916ec6079d9fbd62fce57d2b54e803e5eddfe92ba1564f4dd818e1,,,a9eddc1e54f97c38a66f26a875622a16bf99ec948bbe06ccf967010986ea8a97,26c091383c399cb64e80ec89d538fbaf4aad54cc73f2caa1729951c494a10edc,P4,1187020716.894539,h09,1186753424.98558,267291.9089592639,0.0,25499872.57512074,R0,0.0,0.0,NONE,0.0,406452546.8260578,R0,871426a4b9fe746f77dcb0cdd1990d36bf88847a4f8adb5346ca5d3f1959caaf,42d3c222b44133b2f861f7ed0712632f88b189026df71ee4b2e90b940c646779,994ee0905c1ba68fb0a1208e70065221da9c0f1d4d6decd880aecd4f4dc2035b
h05,LA-0291,291,9c295c9cdc825318f593bdb2682c866fda5557c46098cfc294a300c2218d33e5,23,19137905.85543848,A1_FINAL_NO_MEMORY_V1,A1_FINAL_NO_MEMORY_V1_R1_WITNESS_GATED_INFEASIBLE_RETRY,certified,PASS,3,2,bd21dcf3184d0c29f63d7980357753527e8c7aff5d62b50b7c014b48340f4519,,,e6a90522310aea1aa48d0c7be6eba9b280d6fe4278d1697be3323fecd2fd4d3c,31c7f9eb8d9c91727cf9b8f27714b6da0666d4846a1d61ed91f47edd447a0ba2,P4,1161159235.7410443,h09,1156973953.006055,4185282.7349890885,0.0,22991388.706339866,R0,0.0,3495150.943005016,R0,0.0,0.0,NONE,dcf729a9ff6f25cbd1e2b0330c9d6f95a058b267733df5a16d5a1a17075a701c,520f96a3e902903321b4a4b8154a3534ccda87f3073e9678bcc30b9bbdac6aec,adc788f2425b06ba5fa2463ba714dfe315ea87b15bfbc2767c60bbbeaadf36ee
h05,LA-0482,482,0bd992751094c8330bc67c579f397c5ba346cdd3b763d1659766bf862c8572cc,23,19137905.85543848,A1_FINAL_NO_MEMORY_V1,A1_FINAL_NO_MEMORY_V1_R1_WITNESS_GATED_INFEASIBLE_RETRY,certified,PASS,3,2,4eefc649f3efec5e7739d68221caae3feb023381eec170de26959f0c8df20361,,,5f405a2f067c7ba94c0b66772d38f5ebb21638eb54ddaa56e7dfab5446f3a325,9994c24d1413c20b36c03af5d93b33de98fb799176941732232f939c15ffd042,P4,1225508087.4866183,h09,1225042844.2205155,465243.2661027438,0.0,16015968.462868473,R0,0.0,0.0,NONE,0.0,97179766.73065722,R0,7a4caf687362bf380225069f810ece1d1ea5e1e8a0488ab8f431291e668c5204,dc229d2203e7226e86d1b87d4658d8fb73a3329c2fdf17d19636c8153d22129c,9d67f2768c466af5fd190c3c747160f31a616a5005764f128e87dd58617e1c37
h05,LA-0568,568,892be4e601bc7b28e19d70e67c8042fbb6425f462aefb05dc2f00fdb6d1c8992,23,19137905.85543848,A1_FINAL_NO_MEMORY_V1,A1_FINAL_NO_MEMORY_V1_R1_WITNESS_GATED_INFEASIBLE_RETRY,certified,PASS,3,2,eb97efb3f70aafabfbcea982d731ac8c78b64f858510d0420d96f17de9365b93,,,45d04e44cfa725cd79457e1d231eeafd437ac5086f34eb7d5da03732e165fb52,100ee3563e758d3fee4ae3f2378fe2549f8d54d62013ef7b490ceceeedd23bb9,P4,1238060229.0029867,h09,1233052405.947129,5007823.055857617,0.0,0.0,NONE,0.0,0.0,NONE,0.0,274833874.91706544,R0,46c200dd0988dc95700fe4f99e8e409974a6ee08a7e35855fadb45663a3b5f68,27e18c5a8b023536f7f569f1e9a40eec96872270208d04cd3a100ce229936863,90a09963c36437859cb59fee02b9c0880e6e5650ce5413f294a22557737b2dcc
h05,LA-0800,800,ff13f8d0dba72ef747962df03f8dcb74640d3949112a9474ed7f575d1b65b818,23,19137905.85543848,A1_FINAL_NO_MEMORY_V1,A1_FINAL_NO_MEMORY_V1_R1_WITNESS_GATED_INFEASIBLE_RETRY,certified,PASS,3,2,915fb6ccc98998c245bf564444c18b90fae1a726c61426e2935c120afec25178,,,f95973008a2497c76d22b14d1f1eafff6254feee36cd0eaa7678e678b5aa73f1,23862cb1e803758c127b698a8142874fb1879502ab42d12d1cdb5d5e9fca6ec1,P4,1208818389.6619143,h09,1200010412.4605317,8807977.20138262,0.0,13367466.762139332,R0,0.0,0.0,NONE,0.0,138332685.04887038,R0,b8a84f0d9b9f449e539e6d786a779822ecaaf8edd0c3b15b5a1d4742ba25c9de,7cc69b5bde11bbfafb7a4611bbb99caa5b7d446a61238579921bc96d72722a4f,da82ee469ecf6d62135bcb531c2f8bcd50209b5d440ff7d0c721d250ea48aaf9
h05,LA-0187,187,ebee8966197c6778cdfd3c9b74795a537c827852e85459ac6b6a5f4b809fd5f9,23,19137905.85543848,A1_FINAL_NO_MEMORY_V1,A1_FINAL_NO_MEMORY_V1_R1_WITNESS_GATED_INFEASIBLE_RETRY,certified,PASS,3,2,ceb1efcaf3f01dfadd29463fb3b10a9c7f4dbf9fedeabd264f5b9c1c0ec07870,,,aa1d8066895be7b966a95495f7663bf0229158f780d059482119618fd18bab86,f8d29718118a6e091b351d09bbbfabb27d8a24663421c18be58c424099441ce4,P2,1224255052.0053172,h09,1214123681.2027757,10131370.802541578,15218806.534391966,0.0,NONE,0.0,0.0,NONE,0.0,80140447.14419809,R0,e7f338d80956f929602c271c6e9ce6f5b9f5cc2f4f6d7067ff0a15ac985e76ea,76bd37ac8549b1067c9838a7d10c5001a22d17870956c30f717c70a0b47e98d0,85b05c5e20af7b28bc55384ae4d64618fb4d37c1b827fd1b904fcb10d9d88281
h05,LA-0814,814,40c804a4dfd5fd80fb434378b2ece88893d2f079a5368913575cd0db54d7c969,23,19137905.85543848,A1_FINAL_NO_MEMORY_V1,A1_FINAL_NO_MEMORY_V1_R1_WITNESS_GATED_INFEASIBLE_RETRY,certified,PASS,3,2,8f39f27d2005d4abbc0ff41bb7f1c46bbdb3ca2ea1cd5de103300ebc4eb05e54,,,66e1fb21dc4bfd9629d4f70ebbec7667db0741303fb87f73d0138bf6fbdcceb4,cb32a1add446f7a38c2743b12f5650275c891cd1e17e9ed5635d4449318d8dd1,P1,1228176645.8955712,h09,1209038740.0401328,19137905.85543848,16352403.787141168,0.0,NONE,592845.0279208618,0.0,NONE,0.0,0.0,NONE,5df6fa544a8b2f77794e5a92b3460dff48757aa6bc0e5be09e208f3f3e7d1ea9,0a1dd6a8fba385fa8227ebc3cdf572d163ada6ca9eeca33e3b0b00bcdf1fd471,a6134015abbeeaa9bd683f27963b8b796b3c13620e84ce3b20911f1ba2af025f
h05,LA-0420,420,44dd35ee7eec6c0c01e88ef4a6c5181d8ca1090dd72c4a0bc9649023e3942e24,23,19137905.85543848,A1_FINAL_NO_MEMORY_V1,A1_FINAL_NO_MEMORY_V1_R1_WITNESS_GATED_INFEASIBLE_RETRY,certified,PASS,3,2,bb0c088809d021e73c05bd3d7afe928ae32e3489156920eeb175095244da78e1,,,2fdeb12b3219385632c9cfda91647381758814a8897b1086b7a8e98e44b4b667,f0ffe4d3fe2eb85ccdaeb6d0db77f725cbff0549317eace05e6ae43bb3524608,P1,1240662526.8156593,h09,1221524620.9602208,19137905.85543848,22268483.974312868,0.0,NONE,327040.0100774164,0.0,NONE,0.0,0.0,NONE,1c1a5d1e8fc9c8c69caa87a35b65423db6d4b9858f4c0c543b319eb2d8863c3b,f3d012d328229118550f6aaa3f1a823191621b600bb2afc2fc6660923bd5c007,1c456b5f85377d27c289a24e619f36390573d3c04ac34e64654a9ec5ef9ef216
h05,LA-0222,222,b4857d22595373a3c8a611d1ebdf1d18a9f544bc795d256727fccea25734b07a,23,19137905.85543848,A1_FINAL_NO_MEMORY_V1,A1_FINAL_NO_MEMORY_V1_R1_WITNESS_GATED_INFEASIBLE_RETRY,certified,PASS,3,2,ebd06ae0939c746549772b4104b53a17e8936aaf4cc3792abf9daf80ef44295b,,,f674960e0b91f1a04095f3d63e23aecc61f2d728c9839eb0d194a131ed131d3c,62d8af37660afe353b893e8a832935e5732f508148af395b5c83a684572fbefd,P4,1197951730.928874,h09,1189565873.9160357,8385857.01283825,0.0,0.0,NONE,0.0,2151157.081962004,R1,0.0,0.0,NONE,4544be561eba7eb36d7baf5932e140a6dc486de39664d8fc182b7fbf5f866ddf,723f9a08f6029bc72e898499df4d734c127a0cd40fb2dfe312c243455cd55e25,5d1cce9414335f732f131f9717a101b4d1e4dfdf374b8810f2d1ac5e840ea29b
h05,LA-0513,513,71004c4d3556ea462a974d757473e7bb255c893ad63b556eea83e286aadfae44,23,19137905.85543848,A1_FINAL_NO_MEMORY_V1,A1_FINAL_NO_MEMORY_V1_R1_WITNESS_GATED_INFEASIBLE_RETRY,certified,PASS,3,2,13458238f2f26e2784636189ee8bb03db494c7d9b9dbd5968151445c118574c0,,,add238f00de323bb58335d2919b68c7723efc9c9e15a4e250dcf0eff6613050e,6a4c424ffecd2b22b6ae40f294d8d7cfad418dc4fbcad54d8b588914552b6714,P4,1232808992.8743656,h09,1228475546.791354,4333446.083011602,0.0,0.0,NONE,0.0,962625.9203133521,R1,0.0,0.0,NONE,fbb76ecb4b0a6cbaddeb4b53185bbe7a8b2f74f99e945e4af7aec7d2315dd073,02f65c5a70624eb8e05cd9444ea2ef66fb5286f3a47e936926748058613decb5,162970626f26feda7bf78bfed91d0c2c10d6e0ee6968a69c3dd22ad3115a1824
h05,LA-0061,61,cd7ba256524cb036f33013c1005baf2ca2bf23e5fdc7a9fa10871d5c2a2e0738,23,19137905.85543848,A1_FINAL_NO_MEMORY_V1,A1_FINAL_NO_MEMORY_V1_R1_WITNESS_GATED_INFEASIBLE_RETRY,certified,PASS,3,2,7222af2eb49177cf27d1148b45e46d901b0b624ca54d7ae45d3a72a6233e2c9b,,,b2a855486da31e7dc2aeb6d715e1be8a9abcb5111af977555131ef78a236c627,3f6ed966533f4cf89b00d52ee90f2f4cfccc2413d948752dd0b463003eaa5431,P4,1226637819.8279154,h09,1220492763.3609707,6145056.466944706,0.0,18512709.00126394,R0,0.0,0.0,NONE,0.0,106964803.78387314,R0,822cdd72fbb87a9a4c348fc099ed7af3878d718ddc95b3da82f863c298a421c3,7d122bcc9dd9e5b3379db631fa3f077f9f95a1fa37528da846e7355352f61895,cb8f04dd835dd0ca4f8024a3b6edce6de64431383c0ab4007170fba060699cf4
h05,LA-0619,619,9298f5fa007a94c43db3240911aa6dfca9adba39438ecaaf7df189147ae08773,23,19137905.85543848,A1_FINAL_NO_MEMORY_V1,A1_FINAL_NO_MEMORY_V1_R1_WITNESS_GATED_INFEASIBLE_RETRY,certified,PASS,3,2,b238315742837d546231b1ec400019d7dc3b535e5e8ae61a57d01d27d7d29f09,,,f01b7b7de572667c80fb5d2df3081ebcc6cebbe9150f1e9a1c4e7248b1a07504,f8f34c4b99fc30b23d0cbf704f4c8b38c4df6f56ba6041fab98602c88f1c378c,P4,1179550996.2991662,h09,1174787348.711534,4763647.587632186,0.0,15612157.58275886,R0,0.0,1877363.8682975005,R0,0.0,0.0,NONE,5d21c25dbfa454e8669fc2d944e45c1f0376c04e5fe5a4364a4c1e8f97ad20db,c3ca677c1945b74ef266e0850732abd5636aa3f13360b27e38cb8011dd2acc84,03e3096e19940df5fcade567c97caf8f140774bd569a59f8a4708326d7302424
h05,LA-0234,234,8e316c08f7d87d64aec2e3e6f08cf315a53267d5c84dae77db84879e2cf7e9b1,23,19137905.85543848,A1_FINAL_NO_MEMORY_V1,A1_FINAL_NO_MEMORY_V1_R1_WITNESS_GATED_INFEASIBLE_RETRY,certified,PASS,3,2,331d0821b48d46f62df9cc5dc2801fa0cc7b8c5669e545242f6a63d3653f4e18,,,3b608fd9797c5a329edaf161cbffc9c9b6bc52883f7f6666da3f1fd248122068,d8784a29a2dea5fb1adcc8af5f4a704e59648e76e8dc35243c11681acce243e7,P4,1188303790.2823021,h09,1185067457.3715086,3236332.9107935824,0.0,0.0,NONE,0.0,0.0,NONE,0.0,652149065.9082102,R0,02e6a42956b933413bec931ea50bdccd2745748936c2f247d2932de4b4d796c6,74cb40d6d2ea8aaeee1a8084dc52f1aa9fef0da1e4644a6d63c8a3da7126964f,b9c2eff8753e4cc4280fb9ed8b1ec548cca8299ebd4b390379802eca877e4f81
h05,LA-0105,105,642f0850175685dc6c38e0ad36b478de797b9a46c9c62af62834484e36409f24,23,19137905.85543848,A1_FINAL_NO_MEMORY_V1,A1_FINAL_NO_MEMORY_V1_R1_WITNESS_GATED_INFEASIBLE_RETRY,certified,PASS,3,2,7ee93feed7e5997b0d3ab6eea6e86bfb689faa17f0757004a73dbac6274c6754,,,02aff36cd2c92965d3793056ba88f288e2600041e34ca4338cbeffb8dd35bb86,7961b12c5e1a5ea95347c4fac54cb78c6e3b60874c893eed82d40f2fe4630d44,P4,1160345319.1295152,h09,1158749521.5731466,1595797.556368615,0.0,16918554.64198924,R0,0.0,2595745.467201162,R0,0.0,0.0,NONE,5e710075a4e6111d71a6a8c16d19eecbbb44d7dba5c3788484ec39f72de4647c,cf54c71c245c044c059ec68c5b839e8b33ecb70cc8c49b24a39c2684317b0cc2,d8f2916364e5054664989e9ff6652f1d950f44ce13276ff5638ae381c8902d85
h05,LA-0268,268,074b7731a42c2cd981411c89954570f913a3b46b63deacef6774fd61ccbe4819,23,19137905.85543848,A1_FINAL_NO_MEMORY_V1,A1_FINAL_NO_MEMORY_V1_R1_WITNESS_GATED_INFEASIBLE_RETRY,certified,PASS,3,2,281f852293702a23a5298d95e920c5e19cc77c6fc4bb06c36f35842edc0dbf95,,,d7ca26ddfa7b49950f8725061cdab1a8df0a5bc5bc1e7b6710ce84054b056427,5fe321aae88e63fb9246500b6f0078562ddba0772464970637a93bf4bbdc796b,P1,1222267620.4113657,h09,1203129714.5559273,19137905.85543848,14526039.914371157,0.0,NONE,674902.1783365898,0.0,NONE,0.0,0.0,NONE,0c00dd503b90b4cb4cec1bff1a0aa948df77b4d25376b9f8885c02e72b379d2e,9aa16d22110d7c9a4b99f753116e9ceb7ff298c3c3db50e64a454d4db3c64acf,ed2868f92bcb734888e8e4a28aee9d23af4dc08d0064d20fec899356bd7c4b4e
h05,LA-0734,734,12e799fc78af354e664a13c6737226bda8439a8efaafbd34bb8017839b6be271,23,19137905.85543848,A1_FINAL_NO_MEMORY_V1,A1_FINAL_NO_MEMORY_V1_R1_WITNESS_GATED_INFEASIBLE_RETRY,certified,PASS,3,2,58f02bbceb93a15ea79ccacb26cda66497510b2980ab7e1faa8bc2df5590dd36,,,41a7c6429e163b74be2d25ee9fdbce1a908ae88a9c8b34f9f9a1fda5ec9a7ae0,c37ac774940691b23bb142508f5f070ee0f6fdb91102f8cfdda27e5366c9816b,P4,1231461100.8695784,h09,1228384859.970919,3076240.898659511,0.0,34154191.84593291,R0,0.0,0.0,NONE,0.0,155086582.58991155,R0,0897584be17024cde373e9e591403d5f5f1941f9f9c031aeaa08de99f2de4d69,863190ed8ecb5e59dc928db20fd416551148f5e1e08dc59e5dca770eaff6c116,eb5328f0332d369a5f06bb614b9d74fb5075b910d08a2b57ec609c6d8cc7c3b5
h05,LA-0302,302,ee30301ae5d9ebcffe4f347cb88e044583d130a04d060a932d6b5e1d5e66f19f,23,19137905.85543848,A1_FINAL_NO_MEMORY_V1,A1_FINAL_NO_MEMORY_V1_R1_WITNESS_GATED_INFEASIBLE_RETRY,certified,PASS,3,2,4f8fba1f41781962c145428af0291720fe364cb6a83f684098c9f472f1dc2eb1,,,fede6b268e55b0e6461216ab2926fec6b54d5f490266e0426924274c247ffb05,9c798ab72bfd4b72cf3da32b95d8252ada6e6c87f148cfa0b8d6e6ae95ee874d,P4,1231964682.2858036,h09,1222257346.746313,9707335.539490564,0.0,0.0,NONE,0.0,0.0,NONE,0.0,127194018.51963937,R2,3bf19efafb3f2594d0321acb0db0a2281e9b66ac8dd3ed2c735a481069cc3a2e,038973065a5779403dffc4b49996956f852a96cbaf8db0cf59df765b1342b509,da82ecd89359bcca11a0d6c02fef8fbf6c8317895fe318df0bd67e40141114a6
h05,LA-0017,17,9d8be22567afcabbf94ce470787e9f63ad71892883ca72fe79ea5ccd3e06ce5e,23,19137905.85543848,A1_FINAL_NO_MEMORY_V1,A1_FINAL_NO_MEMORY_V1_R1_WITNESS_GATED_INFEASIBLE_RETRY,certified,PASS,3,2,fe1026b7292a8fb57ac4012b2759451e536e313b2f1107bf123035fd9ace4884,,,e71855f3636ba6c0f42e7830d565e1ee15c39413b1f16b5bdda039bfaab6c6df,21f016018f331f24f372babb3a9ee296266a93d29999969bcf0204cb3085fe31,P4,1179450447.9848735,h09,1174498158.5464997,4952289.438373802,0.0,15852570.715621822,R0,0.0,0.0,NONE,0.0,283461579.0291942,R0,c0b7e5bfa1b68dec82721892711eb9dd722a0879b47ef731b03152f17f38a754,40a4a4a99e27395dbe584dee192111ced7c7399b07e4a229acbf5ecef0920b16,d8ebe450edc309c2c4bfba6beb23b70c3ebb8146e43a1e78901a341d843032f6
h05,LA-0923,923,86df9f8970c879fac20b8e9ef711983d5c6e554b1ebdb54b3419449ed043fa9f,23,19137905.85543848,A1_FINAL_NO_MEMORY_V1,A1_FINAL_NO_MEMORY_V1_R1_WITNESS_GATED_INFEASIBLE_RETRY,certified,PASS,3,2,b6d9abb8d9b588db7a4b1b153f634b33c08673a2e5f6e4d4048562c79e92ba8c,,,d9e5b172341630290d2fa99a8d3441cf8ee2fc8460f995c8d62e0d18afdac8ce,e2887da65ec40d43a6358459dc1a59442bcd65c057424ad84e021947b9378a23,P4,1152764579.8615081,h09,1152723212.5647893,41367.29671872924,0.0,12781263.873211432,R0,0.0,2128347.66192606,R0,0.0,0.0,NONE,3ebe070b6fc513c23f4028a5a1ce8dbe2556fa01e5a739a32d39a96591027207,7e1731cf2792fda4b1935cf6e6dc73ae15fe27ec72273460bc424e057c38422d,16c54ae22da11d758234e477f32effe723fa4c826a589f8a102a97f54a64bbab
h05,LA-0374,374,7e1971ddc86b3bd821e7416c29484e656bb42690d3e2c869476c0afddaa070d5,23,19137905.85543848,A1_FINAL_NO_MEMORY_V1,A1_FINAL_NO_MEMORY_V1_R1_WITNESS_GATED_INFEASIBLE_RETRY,certified,PASS,3,2,efa3ccc75f53ff534a5b9546a9059e13743e6555db7331585d00f653768f3e0e,,,841f33722f9e03cf89cc60d29c27e4bdf7ce22121d317d92c26df7f43d42e895,ff5974742d38f838a6763559eae89d95879c8005e7e306eb6a05567f3a956b08,P3a,1236266691.2061822,h09,1221187372.1855671,15079319.020615013,19925779.440348398,0.0,NONE,0.0,475415.5846246806,R1,0.0,0.0,NONE,5f6e626576d55520845c516b68622abc4d3288d8e07ee84ad8f5eb50c80f20cf,11aa378d9bb8519251e283229330a74047aed68ec150ec662f76e305fca049cd,ad1c9541aff6b84dc612927e1efc0dfbef2d2c28c70e354089861bd54a085445
h05,LA-0930,930,d733d147cd567bc1b4389530bbaa6a62ee7daa1f91430d98a94b27d7c899856c,23,19137905.85543848,A1_FINAL_NO_MEMORY_V1,A1_FINAL_NO_MEMORY_V1_R1_WITNESS_GATED_INFEASIBLE_RETRY,certified,PASS,3,2,68ac35dc04ce747cd9a790684dc5b872a168210175f3066893a5fbc1df8fc4de,,,c326674290e8cb06ac0b14c6443a4693c14ecab055a44218bc211299362abb25,f8a5f521c768a88e7d95edbdff3088ffd75c9c079c76fbda96479133df4035dc,P4,1240627528.9231884,h09,1234727538.7038355,5899990.219352915,0.0,16047573.49593032,R0,0.0,0.0,NONE,0.0,35138711.785304464,R0,61dbf4a203f3d4c4419ef051ca7b5624c11bacbde0f43cdea74ce02e6cf6e2a2,b5a239f855835e5fa85787799c7d5f27f4b7b3b295efbaf3366561aa22bc292a,aca8182b4de669c1b800dc82ee70ed2ddfc4a8093a7c3c455744ba35736d75ac
h05,LA-0433,433,2122d3f36328d1fe940c02204634c6c71ee92980e3f03170baef3e1d272ea5e1,23,19137905.85543848,A1_FINAL_NO_MEMORY_V1,A1_FINAL_NO_MEMORY_V1_R1_WITNESS_GATED_INFEASIBLE_RETRY,certified,PASS,3,2,6b601269db4e8ef01468c702a7a2f2fc96b4855245f2c96c7993d8974124e37e,,,82efb9aa3672cc5b3c72d806bf87d0be93185adf389fddc9f3d8a003303f3802,0b21e9bd3adc7d3d764bcaae40448e02d6895b78757e2f74977e57b1bdd37dee,P1,1230239603.001635,h09,1211101697.1461966,19137905.85543848,17103145.23447843,0.0,NONE,559114.7812893173,0.0,NONE,0.0,0.0,NONE,32d5d951d9650315cccbcdb1fc1d48937a22f6d871b622cee3e173fb218381fc,ef2a6d33d0ef2c650c970b82adbc379a3ef2700dfea727b7fdae5605aefb2284,8debc18ab83f51a4ca11be1699ff9fc465a1b7bcc132404b2040a485e23a5a0a
h05,LA-0947,947,b2f5e3ad7b573f22c1e4eff743ff5e7436fe4ea52f35ed6e2577f6a61c3cbf4c,23,19137905.85543848,A1_FINAL_NO_MEMORY_V1,A1_FINAL_NO_MEMORY_V1_R1_WITNESS_GATED_INFEASIBLE_RETRY,certified,PASS,3,2,32c4966044ba29d452523e8a5386e254839c503cece55a1c508f97b1ae7761ad,,,1876bf1c8caae98540957fb61dcb7e9bf79d4a17ef7616505beadfd4bdc47788,20b5b6cb14e265c0c350958e261d76228419c0f167956bb6941f2c864ef3d5b7,P4,1234118773.556758,h09,1223574556.2884126,10544217.268345375,0.0,0.0,NONE,0.0,1519999.518790039,R0,0.0,0.0,NONE,5e4e5365b3cfa743dd8a61fd3efd45c97952faa26e4e3a331df6669afa2d7964,4d7537761709200165691cab52a7d2e4a36570fa396127217eba6b749d5c7e75,742800cd1ab3cfb6e64921bb6687d2c72e579a76e82d321c6448d2ad2b438ca3
h05,LA-0278,278,8a9f5389b2d59254c37d2e9eac512e3b4d1d2b6c3c04e1a747a3d642668d13f6,23,19137905.85543848,A1_FINAL_NO_MEMORY_V1,A1_FINAL_NO_MEMORY_V1_R1_WITNESS_GATED_INFEASIBLE_RETRY,certified,PASS,3,2,c63d33abdb7275dfa79c500619f964fbe8e2f4e73e0fbec8cdb62f5a07b06822,,,6c67d033317bef227b47d5ac872c67c2fc6baf0e5507fefd79a12bd7f113dc1d,249f88a050b264cc0139bb9121baf6309d1cd62b9681847a4a6ff2c1082be45d,P4,1215561468.8613775,h09,1205833731.747719,9727737.113658525,0.0,0.0,NONE,0.0,0.0,NONE,0.0,202288951.101019,R1,dfff69ca47c8e9cc938b56b56b0dd08b8eaaef784600b4e9c96265b4a8e8d40a,c58177af75216f709f4c1b7bce0f8bbaaf8e31542d4e34aaf5a2899a9fb3943c,8eaef34e811635eca24a5d204f52ec107584d9003a44d3e862c718abc1ede571
h05,LA-0164,164,0d2d3647e67aaad9aeb4df18649d48b7f85ffcbd68339831e75ef9a752b0be74,23,19137905.85543848,A1_FINAL_NO_MEMORY_V1,A1_FINAL_NO_MEMORY_V1_R1_WITNESS_GATED_INFEASIBLE_RETRY,certified,PASS,3,2,4f80e763d7864f3cfec80a5e602eb612d939c6e2a856486618a73ea6d88bada0,,,709fb021a7210dd7d4156f4d39966d0fb1603fdf692f38281195ebba46140581,47b754c3943130d02a9ad2efdfed438b1d6e3d42a6d77674d9ed0434bb29c873,P4,1215052439.5095685,h09,1203890610.4055429,11161829.104025513,0.0,0.0,NONE,0.0,0.0,NONE,0.0,285017322.8191267,R1,53a341690fba43a5ea7e2fdc8563f15115041ba2d6b241c8b73d713155b6290f,5afcf2a1a2cbf014500f293fb68de4487f0d7c7154b974ff117b64048a80acbd,9eb2b5fdef5ed41b09bea992be4ee7471cf7696f95d9ef4e43131b0508ef9eb4
h05,LA-0453,453,1c029e139aaa74c9679fc4cc9c4dda19a408838f57cb622959e73bbc99311ed2,23,19137905.85543848,A1_FINAL_NO_MEMORY_V1,A1_FINAL_NO_MEMORY_V1_R1_WITNESS_GATED_INFEASIBLE_RETRY,certified,PASS,3,2,6177c24b304c7db53e94a28645842cfa28fbd001fe739d16e0a54cf87cdee0ce,,,aeb860295d8d6f89c3102cb52cad3e8df2f8e6b6a260fd3d912b72a67112b99f,b0b07b49fd312cb8ec532ed2dee92cf6d5f87e83d630eb747c96c158fc7dfc28,P1,1226948272.298066,h09,1207810366.4426274,19137905.85543848,15935888.4798549,0.0,NONE,611558.7463260585,0.0,NONE,0.0,0.0,NONE,dceaadb44c42991af92b039cf8b1910727a56e20b3fea860d0c26c89298b971a,7be825445fe873094836bd10a2dac71aa2eee0fc103711657a9de528d66f2a0f,ff6b4aef415629113ada013cb3b69433575961f0b4ed6b43be8e161e261a7f4c
h05,LA-0258,258,8076e9721a659a74df944c7f3513bfeefb1089acb1efc0ccefd86e56dfaeff6c,23,19137905.85543848,A1_FINAL_NO_MEMORY_V1,A1_FINAL_NO_MEMORY_V1_R1_WITNESS_GATED_INFEASIBLE_RETRY,certified,PASS,3,2,14519ce0565c475850c37de6549e8bc98c1c761e25b521601e7239e99e1da562,,,b4274143d14a39d016421da37b46d632d2b406e842d92665e7c9ed9f619afaf8,b9ca5283cfcbfa36d1a3b58935b7d60f1a085a23b3b2c0b8e1480aad0ac1cbd2,P4,1204901032.9690244,h09,1198595330.6830974,6305702.285927083,0.0,15108415.30025261,R0,0.0,0.0,NONE,0.0,171529332.1203249,R0,03d9a46b17850c46421dbd57342c57bc44dc6144c881334a2ab5bbdadd63462e,37370fcb18ea6ecee52f340590c7885e70f275e0a5be0660b751e69c5dfad278,6f9f93a57df5500321340749a9e9fca14fe0103bbde8d83caa88feeb13a6b7cb
h05,LA-0663,663,1c934d645b4f92e9294648171da37858a2e83fadae65ec86d01c14f73ec9ebf0,23,19137905.85543848,A1_FINAL_NO_MEMORY_V1,A1_FINAL_NO_MEMORY_V1_R1_WITNESS_GATED_INFEASIBLE_RETRY,certified,PASS,3,2,208f446a4b0a00ca9454b67200c140c2fb918dde9b13c98010ac94d2c28fde75,,,bb743532919ab6802fd5115ee511b5129ed3beee68b177a9404b86ecd09e9cf1,d5a78580070bc1d4bcd0b1370410a23f36d8fef1508674b7229ef0c5fea5e047,P4,1217419677.268459,h09,1210064225.090809,7355452.177649954,0.0,435575.34998157556,R0,0.0,1351617.289130485,R0,0.0,0.0,NONE,6b818bfdb867298dfda757e0c1f714fd31f002d35cd4eb33b3b3b28ddd0efd95,85e66c234add757c2a05335c3a9be9d168b54b19f8d7de2514b93e5f1a994e9f,9f2766fcd9eab9dcdad6251f363bb50b2af5899b305e05dea9342cabf1b3fbc5
h05,LA-0640,640,556736df794676bfcfdd155f45ceac1062e109abce1a2289402e71788afcd5ae,23,19137905.85543848,A1_FINAL_NO_MEMORY_V1,A1_FINAL_NO_MEMORY_V1_R1_WITNESS_GATED_INFEASIBLE_RETRY,certified,PASS,3,2,c1c1273146d400da349bc437ebabf325e68446167888f64964606e331a8c40f3,,,f3174ead5194538217f74ba221ee341da6047ebea07baf92efcc9a938532af53,cd9382a939b0eb416a5bf063dd4eb11fd9a81939ddfbd3a737d8ad798e00704f,P4,1190542149.769012,h09,1186245697.0011423,4296452.767869761,0.0,0.0,NONE,0.0,0.0,NONE,0.0,328209684.55278367,R0,a5152bace1e2473fd7b27313ef57f7cc23c30586fa0678ecd2bdd0fe6703eabb,836911b66d22c93e0c5714bd9c76cd6627a30dad885a14086a00f7f4538745a6,148b4895d442a2e3b842f7cf0fe6ca14de2872bf918cede8b7a998e36aa97ad3
h05,LA-0336,336,4bd72dcc8d08a9e2c2f073636634dd75fb19bd87a4052ad7c43219dffdc0c241,23,19137905.85543848,A1_FINAL_NO_MEMORY_V1,A1_FINAL_NO_MEMORY_V1_R1_WITNESS_GATED_INFEASIBLE_RETRY,certified,PASS,3,2,b4d19d9887e32541d2ca4cb4a38341ab53c849d23a3f217067e2596296abdab0,,,822e74cf757d9659e7c5202e2e65512b6a2a1e06217a3cb89a9ff594fcda684f,7514cc051358481f7bc86381497c16b0132bb9b0aa1ce378f445f311a30b5c5a,P4,1235939664.09418,h09,1231020298.397224,4919365.696956167,0.0,0.0,NONE,0.0,0.0,NONE,0.0,212084335.8302521,R0,65b8864382781a101ecce9750e39e58b75b416dc98eed31cfd1ead6e9399f1ae,566dc05abcdde00fbf6f5f23d2811938e4469c359d3c870a72ca2bb9c02f54a6,0beb996983742f990837d65098b5811e79dd9223a11d0c9e2398c0bcf248fd9d
h05,LA-0303,303,c16fbaeb493f56ea949022f93f62f201d42df69eddaf0b529a63d6d3052c8179,23,19137905.85543848,A1_FINAL_NO_MEMORY_V1,A1_FINAL_NO_MEMORY_V1_R1_WITNESS_GATED_INFEASIBLE_RETRY,certified,PASS,3,2,024518a51a2e8e2c8fc4e77c19b1fb8130392b5cd7c257d016ebf41efcce21b6,,,36af80be32aa55bc533a9c156fc2b4f01623b6b512360c1b56d29fc38219a024,ac38d7f9c1721694d1572e1b5b70e4e1cbff05a89e66ba65d94423f0a7c2092b,P4,1225287708.727059,h09,1221084915.1582043,4202793.56885462,0.0,0.0,NONE,0.0,0.0,NONE,0.0,222879616.13254395,R0,a4f27da01568b0a87442c7733e40b67fb41fa068b73593b54d0afa6c044e085d,0e154d867f2e7da7190ce46a8c21bf3ef1df2b06a101aae70f71f3a7ec345d2e,cf005b8e74f2b4b029b28f775dbc0efd65f577d39da28a8ebcf71b7384b15737
h05,LA-0434,434,eaedf29b3f0adcc63ef9891f0af185763f8d102f02654270b1c9ecc613eea483,23,19137905.85543848,A1_FINAL_NO_MEMORY_V1,A1_FINAL_NO_MEMORY_V1_R1_WITNESS_GATED_INFEASIBLE_RETRY,certified,PASS,3,2,cb1e529ae37f92b522c5c4ef75275e2bc2d7179d42c66ebc03ffe224f65d00cf,,,b30276e8a55e54bb78807696301838b80b140acf842aacd9fce92a9bce55a198,5bf769b316495d718bbe8d8b14fb287db02151b4174ad77ab9d4b6b2c2a4e32d,P4,1159816079.7637694,h09,1155997203.2762182,3818876.487551288,0.0,0.0,NONE,0.0,0.0,NONE,0.0,559629255.0204587,R0,c42ff39cb0f4af47b7c46f18ff74ae4ac7a6ebff8b99399cfa938321b396a45a,72a56fb3c6eef8a405e57ace76dab8988e83bd3cd2fd4889f480a7fc233f0497,e1bec1fcf39c5ddbeac005cb511b02187c44e5cb7259ceef3b84ffcae75c0641
h05,LA-0251,251,347e956fe65cc2b94ea2a0fc4a245738795104572a19188d39eee4a3d1c98ad2,23,19137905.85543848,A1_FINAL_NO_MEMORY_V1,A1_FINAL_NO_MEMORY_V1_R1_WITNESS_GATED_INFEASIBLE_RETRY,certified,PASS,3,2,6fb09f5ad2f1aec53a58f23b9fdd0d7fb0bfb9b72c81b91b42fd3547a3c4cc54,,,636006de6118168ed55e75145ea7d46a6bda72d170a86d31cbeb714e8e8ea629,a3156f9809d7e2ae963da76fa864bdeb93259c2fcac4f0e02b0bce5edfc936b6,P1,1221653928.8668115,h09,1202516023.011373,19137905.85543848,14359476.888880685,0.0,NONE,682385.729363933,0.0,NONE,0.0,0.0,NONE,c6f84ba417cc133b7e00cfb01e30e7c7cf2b9b029f17fd253f60d2ce2ef36d14,c0dbd27a9243a73825ec527f2989786c8a1bfcade14be5878461b14f91ce8eb0,876aaa7f76527f532607e75d87307fed6a8dd93305aff619315a56f937c5c958
h05,LA-0758,758,65dfbf56050f03b54ff46c8be21d44467ac1c89802d9accd48cf2337381696b4,23,19137905.85543848,A1_FINAL_NO_MEMORY_V1,A1_FINAL_NO_MEMORY_V1_R1_WITNESS_GATED_INFEASIBLE_RETRY,certified,PASS,3,2,9d94e911ed7425da664eaaa694a1248c4549e9af223774952d1e378e56b74403,,,45ac6665004ff052d2b933bf50e98dae749efdf0c049c81445c0074e603d2a1b,7d024d23e7566a684b3280e4e60b240930baf935bb9e6f6899c5297b259203ab,P1,1223661528.1057193,h09,1204523622.2502809,19137905.85543848,14919107.007149398,0.0,NONE,657241.970512473,0.0,NONE,0.0,0.0,NONE,9f6f6490fcbada0f16f4028610b63c20de5a54e49936b3da66d2692038db2cf0,23235f820947433926330b565d0bae2b9a1f07c10fbededb4c6c730ef97aa468,9c3c4429983345c20a23e588c8afce3df1ca922b5fff83f1979213f6cc8ee993
h05,LA-0129,129,05d5177207c024ba14c28a7fb0c3c36ecc93815714c381fa57cfedd0ad5998f8,23,19137905.85543848,A1_FINAL_NO_MEMORY_V1,A1_FINAL_NO_MEMORY_V1_R1_WITNESS_GATED_INFEASIBLE_RETRY,certified,PASS,3,2,75bdd74a38f7d7ef2cd4da8a4fe35aeecbfeaa60e7c8ec64f5f21ce887a7859e,,,6c151ae4610fae13072a4187b872d7137d7d274cc9d3ef4bbf02131403390967,d55376f6c06556040121355a0a222e17da2733b37e499904edf1a1573e49a1af,P4,1229414447.660951,h09,1221960786.237378,7453661.423573011,0.0,0.0,NONE,0.0,0.0,NONE,0.0,204193492.79758906,R0,ddda18a7c559f563c012cc14495459bf6caddf9602fa7fb45f68ae33bdfaa41c,c8f337cf2f06552f1b32c3fe23d88b772b281156928b1e9ea060ef1a4c07dc64,4d3c4efda949ee6a61340234178e69a81e6e6c0e4b1151f7c9a233ee47330057
h05,LA-0534,534,76613688246fc21bd3cc4da9ace6e6631a784ba3b2caea1552cebedc2b08edfe,23,19137905.85543848,A1_FINAL_NO_MEMORY_V1,A1_FINAL_NO_MEMORY_V1_R1_WITNESS_GATED_INFEASIBLE_RETRY,certified,PASS,3,2,ac89561940d6b55d1e7e15736f93516f34523f587efe0bc965e92bbd61a53551,,,332618b6e32e6730d36ad7afcb0a810d66efee5c7841885a018dd64b6e6ae910,769cbf38fb258c7e8cd0fe1f14ba530f758b75b1335d41b336fd0185bf2c0b3c,P4,1211326987.3463883,h09,1210245211.5298316,1081775.8165567832,0.0,0.0,NONE,0.0,0.0,NONE,0.0,220976382.0362221,R0,bfb4ae98cec0be748b0da249dfaec958a56a836a0f079762ad189692c5ef0258,7fc3841e542d64c821ef087f59a21192fed4e44b8b7f0a12078a49dbda554474,5abaf313906bf8ceafd6d8400c4a08c8be9f65501ec5d7677957997e99119a18
h05,LA-0988,988,7e33ca8d07cd3699a84d5f73e5c1d546de9fc417bdeb1e4b64eadbba66a6b13c,23,19137905.85543848,A1_FINAL_NO_MEMORY_V1,A1_FINAL_NO_MEMORY_V1_R1_WITNESS_GATED_INFEASIBLE_RETRY,certified,PASS,3,2,2cf174d103040f092f46cd9cde36412fd9527729ae00d224bc8362e0673aae19,,,c0ef8992c79371339ff53d31b77fb69a96cf6d0e71625d91ff036098e0d4c1d6,74b314afa2e3819d7c7d8e942bf7d3c201c2bf4114aca03426d4254b8d3f7c1b,P4,1188669419.957878,h09,1187200479.1549199,1468940.8029583422,0.0,18486814.854118276,R0,0.0,1931853.3334269954,R0,0.0,0.0,NONE,d07045db7590b585deea085f8f5699d3217806c9d2e3ac90368664e65420c890,3da66730aeafcc389f248217a2be9750a905f59f3b0178a157ed63ddc0dd0182,23bdfa0dc86f1ff10002cadb708aa4107ced13a7c7bb6c2081ede2c77de6a161
h05,LA-0056,56,1738ad1dd29775b4c1243f37df4a477fb45779e43f85cfc3b12da636f8161850,23,19137905.85543848,A1_FINAL_NO_MEMORY_V1,A1_FINAL_NO_MEMORY_V1_R1_WITNESS_GATED_INFEASIBLE_RETRY,certified,PASS,3,2,0150cdaa5dce213ab0d5f75daf31dfe137f261601e03cde08ab05e8a11131137,,,c805c0a11ec3f682ae10ec5131c3683fca5cd3b5c8ca18fe14685d9a4ee600e1,f8fe64d348b0efafbcbfbee81fbf9cbc242ba24f96b2effc5b2cd3a6fbdc5bc0,P4,1216460540.2040946,h09,1205231084.4460044,11229455.758090189,0.0,0.0,NONE,0.0,0.0,NONE,0.0,218357250.86584362,R1,f8b7f6e3cacaee99321f8d64b603068262cc4a67033e44e1b448c2ceeaaf3926,3281a88c567918f7337279c0bd41fa9a3505e4d793d557ced554928d5dc529b9,d3cb5aa5a59cbe6e8c6e255c4fdac707188d9c18d52fe399db7e2f34f589c88b
h05,LA-0241,241,2cf6628e1d5fa070cdf66ed0f55df7b7bfec99e19ed82e25bc4e19be4c5658ec,23,19137905.85543848,A1_FINAL_NO_MEMORY_V1,A1_FINAL_NO_MEMORY_V1_R1_WITNESS_GATED_INFEASIBLE_RETRY,certified,PASS,6,2,8e24ae37402bc52dcc0ec0980828f562bc96a7c097f2ef226822dfcab747151a,,,17c428c2e31953fddc293d6377982975dd71ff98ca3a2c7d8247b00b1eed44de,dcb8451a51d51aa61e78679b172903422386d0c9c9dff136c9ab769d8cf9ce55,P1,1228660840.053436,h09,1209522934.1979976,19137905.85543848,16522628.612714507,0.0,NONE,585196.9549794181,0.0,NONE,0.0,0.0,NONE,98047be7a550235368c600689c785a25312265d500a8e9904663c788160b5b11,2b016cf4ea59bd9a9dda8d0ef7a301cf2f7367dcd76fe0ab48e5c7e5928fc3cf,270e151f5309616d70bc6e18c502c060f067ebd55242079813c5874c7298ce12
h05,LA-0773,773,352684c43c955d5fdf1b7efe1809d560e18ff6e9a14fec08d2d438ec511cdc73,23,19137905.85543848,A1_FINAL_NO_MEMORY_V1,A1_FINAL_NO_MEMORY_V1_R1_WITNESS_GATED_INFEASIBLE_RETRY,certified,PASS,3,2,25fcba1569b88d1db7e1f1952ccce016fc8ca7208bd09dde1f50737adb5bddb2,,,81e291417bf6bc2cb8a83d70b3875ae7a8a73503788791149ac89447d5459268,251632dfe6b1991464c0516d78781101236cc67fd1040523f953f87eef55ee22,P1,1229415026.048705,h09,1210277120.1932666,19137905.855438434,16794948.201460715,0.0,NONE,572961.8413812658,0.0,NONE,0.0,0.0,NONE,33ef4d718993e8edb67fbb5941b2640b241a9e96a39175d770a949feecb9724a,0def15c2144bbba302eef1b333ada59878d832c3b88bf3d1f0914170d89f0a9b,82a111ca12729aa21c7d66e806a862cfc6fe3c5a170c4f59834cfb4747429f3b
h05,LA-0325,325,ee053b011bcec6468ff0b659ca14db2c3cda3815407a3e20302f1b30d5cfd97b,23,19137905.85543848,A1_FINAL_NO_MEMORY_V1,A1_FINAL_NO_MEMORY_V1_R1_WITNESS_GATED_INFEASIBLE_RETRY,certified,PASS,6,2,be63b2af6e430e1c18bd3e692b0bb7e4deac99828608636b15f4953cc39c4485,,,0d08e37cb251dc48ac1b4d94fd14ceca7ac94ad58434db510fb989ab1570105b,bbca3ab3646d29424ea8d3f3fc8132ffefd0cb5874a3bf09db89ad3880881bd7,P1,1225195499.2187395,h09,1206057593.363301,19137905.85543848,15377011.123688519,0.0,NONE,636668.684144383,0.0,NONE,0.0,0.0,NONE,4b93139a7b86fc444575418442f2b3aa389c837e93b348d44e85964320c5d2f8,db902618171cf9cfceca248faad0717c901f603478b831b93b591e04d711711a,e128c036f93f83ad5ea3224a0da39add3f4556bfc33bfdfc0710b9c16ebd14bb
h05,LA-0539,539,38b363b234a7c060faae0441c55f6a3fd6b9eab446463cb665ae20148e7cb7b9,23,19137905.85543848,A1_FINAL_NO_MEMORY_V1,A1_FINAL_NO_MEMORY_V1_R1_WITNESS_GATED_INFEASIBLE_RETRY,certified,PASS,3,2,8909a8905e9cd519f6a1b178d870d501c4a19a7a532bae9deee674e89929b00b,,,c2ed0ea11019d1a2f62a0ebedf0addd690723b0d08cbdf13359d309b7d631d69,620a25c8cdcb4a6dc5ada181a8c7b06e83883b2afb8c5c283e32c96727a0322e,P4,1221453232.7320273,h09,1219455114.6701212,1998118.0619060283,0.0,0.0,NONE,0.0,0.0,NONE,0.0,179820765.82621947,R0,fbfbe11d5c2b7f9135934c898a3ee3ca7d8aff06b825aa2d18e4278ab0496491,2b6cb8ee08b2ae3be776ad8cd33e4b5d97f5fa93c874863a29d1a0aba831da0e,9a35d3a6a8475e695ec3721529e28c80ed6b3fd7328743cb4e9de8ef9c9f523c
h05,LA-0618,618,cc51d9aa8025dc8c3cad333a7d884bcd02747b3bb5b1eb75c4d4790786d456cb,23,19137905.85543848,A1_FINAL_NO_MEMORY_V1,A1_FINAL_NO_MEMORY_V1_R1_WITNESS_GATED_INFEASIBLE_RETRY,certified,PASS,3,2,d47e87089a296218d47f012cf5da04180910f862cd1ca38e5d22bcad3f843d1d,,,ec5a70d627a8c834db80485b61d9b84db5706c39979f9cbeab22e3cc43e44b78,ad701f5d2aa117e95b148695787eac7f5fc675295159c1a1d826964b7d172f9c,P4,1232433596.686941,h09,1225624223.196943,6809373.489997909,0.0,14620530.522613961,R0,0.0,0.0,NONE,0.0,62741662.80590778,R0,58be277c03bcea7341029333b6c8991a51b8365dc85ff40770dc38c8d34f6c24,a046743a1d96c5e130fa3bc85154ea5b2a7c4561dea8c404cd686fa760c28507,fdf8e8749ffe6e046a4f9532eec0a1ccaa73d39a444d181f820dc74a3f61948a
h05,LA-0474,474,f4a8ccf4bb978d75a720db4bd933115899e4eb34499800a333dfadd90374446c,23,19137905.85543848,A1_FINAL_NO_MEMORY_V1,A1_FINAL_NO_MEMORY_V1_R1_WITNESS_GATED_INFEASIBLE_RETRY,certified,PASS,3,2,6ea2d2a62cadabf55a3df869f24435a9546a352c5034cf8829d8a3d3844963ef,,,6104a0b49cc051c6cfd65d941d5a7d2c8e2c99e0b04a567b284a83a4b5af8272,3d77e227d83e0082995b2b7bde0f466eef1a106b18eb38d7c6080285207166dc,P4,1197609956.3249547,h09,1196537534.9564757,1072421.3684789164,0.0,0.0,NONE,0.0,3609960.26356048,R0,0.0,0.0,NONE,fd72590bc439c9822ca9b205a63ae43faefa96cfc1dd25c1361d54b2aee0e81a,8c9e7cfacc2701c975f86860fcaa4e82f18794712c1d992fd4b7396e2bf82140,02b7ff61880f38b01d95a272bb6d850a5cd0f83d6dbe15736dfeb1c8f183a816
h05,LA-0559,559,38944a37260798b40473266bb6dbfc9ff5d6eb3a9c77f1e4a075d76223cac0af,23,19137905.85543848,A1_FINAL_NO_MEMORY_V1,A1_FINAL_NO_MEMORY_V1_R1_WITNESS_GATED_INFEASIBLE_RETRY,certified,PASS,3,2,0c834ce9a8534cec1c6992f908d9011d8846d798bb11d636efd8dc020e1f1b71,,,947b091e4d39cd61424cb1da1006f594200e86b236ac15662fbf5088ca8f2247,ac5bfb496465335c95554390f31c1fe223e4159ee6083c95f9564b007747b039,P4,1229310860.416438,h09,1227163111.9778047,2147748.4386335355,0.0,0.0,NONE,0.0,0.0,NONE,0.0,260804777.03166863,R0,58b5a19af9ef71e1f9c87abb45374288b087663c954f40806830e97570e8e6ef,8e0ef33bc929dd973a8dd2ac448f4d94cf94878c2e35754bd19794535986d069,af2dd49cb067f494586c42b44fe528fe629e6c6dd6d03f890c54b74d87ef71af
h05,LA-0626,626,81b33dbcce8673f59fa5904bd23c93aba001f02b0f5c90d8d13e9f9ae0d7a9f6,23,19137905.85543848,A1_FINAL_NO_MEMORY_V1,A1_FINAL_NO_MEMORY_V1_R1_WITNESS_GATED_INFEASIBLE_RETRY,certified,PASS,3,2,8a3f9278bb4d1b2dd875990e0aceaebd7f775bc72af6c8708923e66ab34b9852,,,0b1d69931bde61e3bfbe0aa55e477a595b083fe7d36877f7f63d81102a185b6b,e1b39ddd05be1f1ba63ef1192f57d759da10043cdf44b59b864f77c735c19ec2,P4,1221973070.127017,h09,1219147920.473546,2825149.6534710107,0.0,0.0,NONE,0.0,0.0,NONE,0.0,338344958.1581727,R0,9f5a1cb5a1c19df63ee934b4854fe6872a941662b694f219a8fed178c2266971,94207b12fccaa663bcaf059c5fc80b6ed0f7ed1d14619ba0ef2727d215808b07,78abc3e9ee34c3c89e3900d113b767e53b63d3e6feff088daa1e6177796b8093
h05,LA-0617,617,d59dafe265604f537375b55f1b3ec24bef30d0f3cbae8ad14a4a1043bdd27c49,23,19137905.85543848,A1_FINAL_NO_MEMORY_V1,A1_FINAL_NO_MEMORY_V1_R1_WITNESS_GATED_INFEASIBLE_RETRY,certified,PASS,6,2,20b3abc4cd2e4f0df309aee584384237e45aae433e679aa36da42c054fb288ec,,,473815b4a275562d01426e09a0b3634f55e428c93a49ee6b794110209fc54e72,0783663391bca887e09af7f1d7081c381ffd793caf49ba26eaa4fc4406498acd,P1,1220909713.443281,h09,1201771807.5878425,19137905.855438404,14162542.696402738,0.0,NONE,691233.8340023828,0.0,NONE,0.0,0.0,NONE,f7793422aac23be10173aa2dc05047bae8059d6e5dba36841ed3142279f9bf21,b9e54ab598f34b0e405d96ff8afc95dd8498d9f9c550e42d02f459fa19426c3d,f04d0289cbe33f7e3fb00c212697d77985ed0907fd3e814406e5a308ddfc7ae2
h05,LA-0624,624,a5d87dfc044d99c1808dfa2078b88e7d3fa889603a6fa05613e9bbdf178be0d7,23,19137905.85543848,A1_FINAL_NO_MEMORY_V1,A1_FINAL_NO_MEMORY_V1_R1_WITNESS_GATED_INFEASIBLE_RETRY,certified,PASS,3,2,7618cae5d96852f1b00a7fe8cde38714a6b54f9153e695ed040046a4b4543f8d,,,90e65174a67dc702e0863a367f1b07cfea1b2457c98b847387112572214e2477,035bb4bb8e68d577ad7c4171398a3a45a9b2cd06a073f473c35cb8f1a12d3ef8,P4,1222973358.2668705,h09,1212721282.3156376,10252075.95123283,0.0,0.0,NONE,0.0,1456567.5823575114,R1,0.0,0.0,NONE,49299abedc97bd141476b798a7b0501c06747eefb7939e8b08dd705b3c0cedf6,4e4761d5ebf76e7c8b7113ae1426511fe80e9209c9d744980458f54187651212,94858d839d5324cb595126421e4a68f2c79caf1db5a57b185dee7447feb69780
h05,LA-0419,419,980ed4843284f015912efec4bdfc93012b77d07b8b05807719cf0508fa21d36a,23,19137905.85543848,A1_FINAL_NO_MEMORY_V1,A1_FINAL_NO_MEMORY_V1_R1_WITNESS_GATED_INFEASIBLE_RETRY,certified,PASS,6,2,161f3a70dce5cf3a203819ccc11b0f80b75c4d1ff87e4a2ad2c300d0cbb6e98b,,,22fe34fae3aaa225cd0884f9fca9584f2630ae19e93cf3feb66bfe762064fd22,03aa28360ebe60f639d07b2b36c15b4e075bd6cc19950537ecb9a42f1772e26f,P1,1223547655.3658326,h09,1204409749.510394,19137905.85543848,14886199.94916811,0.0,NONE,658720.4597920568,0.0,NONE,0.0,0.0,NONE,53bc49d891945f19af798bf294af4366261b83c6ea98471e1ed11b3a7b47402f,c3273e4113c397da646c66cb8fe83f0be08837a450d88472a23907ef283f6202,f00967d156e0918e700149127cd3fe9ba943cd38849bc27e8d75b5b3625df3bc
h05,LA-0449,449,b99e0b8184bdd18eceee93dc36767e3a4085f25705345953926bcb96a5b5308f,23,19137905.85543848,A1_FINAL_NO_MEMORY_V1,A1_FINAL_NO_MEMORY_V1_R1_WITNESS_GATED_INFEASIBLE_RETRY,certified,PASS,3,2,345dd35558ea1f462ad188f6e7ccd288eb9740add0f550dabb44a6166b846b30,,,cb6026f5d52096a3cbcb132b8be2c43ab5d176e40dac50a66b9955f0386fb9d5,545802d55daa306ec1df5c17d6665686a5d526afae58cbf906bd91952607215f,P4,1234153064.020469,h09,1229110486.8780413,5042577.142427584,0.0,12948480.129404549,R0,0.0,236124.1922080387,R0,0.0,14794791.053619508,R0,752e3d0f7afcf0f55c232b1a3936eb19aa28f009bcb0075e5cf4fb685f197f17,0c51f2436bba99cf6cdf05968d98545daa9d633870daa6f0e0eb6f11798260bd,545802d55daa306ec1df5c17d6665686a5d526afae58cbf906bd91952607215f
h05,LA-0034,34,b6a09f1b58b2fbf1794374e4eee392d33de36403806d9cac077fea29336b5fb6,23,19137905.85543848,A1_FINAL_NO_MEMORY_V1,A1_FINAL_NO_MEMORY_V1_R1_WITNESS_GATED_INFEASIBLE_RETRY,certified,PASS,3,2,934465049068778395a8190e6e1a707ea2ddd241a181ed2d797b164e1f7355be,,,03667bcfae94102ff739742b287d9131b70c5cec17a313def6bcc77943e298e5,e999b7835437e28d8e0e54aa7958be25192362702791b86d1aa6db5891767264,P4,1240279385.2554855,h09,1228483932.0476382,11795453.20784729,0.0,0.0,NONE,0.0,1402204.0578126786,R1,0.0,0.0,NONE,e9cd9cbc17700b0eea020abb392d658e2084c6dced9cf1ca18755a6567680e20,03c6a3eabaab4c0645effef95bc13ff83c4789d667c513be09eeb48dfc361611,b81aa5bf43254c599f80efb6464f42163778ca744b66fe3fe366894a010b4774
h05,LA-0228,228,9a7cf482266b21d433ac9d5b4c7a3c408df6990466426254b045b477ff91c73c,23,19137905.85543848,A1_FINAL_NO_MEMORY_V1,A1_FINAL_NO_MEMORY_V1_R1_WITNESS_GATED_INFEASIBLE_RETRY,certified,PASS,3,2,9a89888525fbd2382cdfa887f80189286a02f7c2bff4bf0361700f910bf678a3,,,b9f7c102b40dd217bf25fad1465a74c257b1a4680ab2693936ad12ac21fdaac2,c747bdd3e57df5a34e6e9cc2f887cfe0556c3ad03d720c6bcfc2568f712129c4,P4,1215218891.078079,h09,1205810853.075546,9408038.00253289,0.0,0.0,NONE,0.0,0.0,NONE,0.0,201206707.84613845,R0,a0d0e08e3d4feeb5139417edd488cfae1c569623f1624c48f7fb0e99f20816c4,bc82e8dea8e851713827f7425bb9bc6553c9c5c220e22bdd27ca698c91dc3d2c,28957f2461700b946eed61fe0661a6320c8dc41a43d797e69007f8aacd01cbb4
h05,LA-0181,181,060d6c34408ab0d9201a98d0b431f21c8baac34b4d031c8897f92b6e83fd3a42,23,19137905.85543848,A1_FINAL_NO_MEMORY_V1,A1_FINAL_NO_MEMORY_V1_R1_WITNESS_GATED_INFEASIBLE_RETRY,certified,PASS,3,2,bd9f6ed7c95639e3ba1a3289880941054a8f573c5b2f896a67cb005976274f50,,,7739f9a34dfb6cf43ced022c498bdf9a7e43d8e5627134e7ee101a144f04a16c,8a5a832c1e0b1f7e66d25c12f4563e4162bd7affe582ccab65fbcbb859d70d2f,P4,1234039742.554662,h09,1227888716.8158557,6151025.73880636,0.0,0.0,NONE,0.0,812623.687718412,R2,0.0,0.0,NONE,3094d699f45613f094aa18884133cf63a2d72a83a42044d3c83f1e06b638d642,6597505aece6b6cdeb1e42fe729f9caa47404ae311bdb8a999fb22dfbe98a605,14d7569bb1379627b4c185c5727043c5d99e9107686790303cf70c28044a7076
h05,LA-0446,446,158f38ab0c9f58e91011abed655b810dbd3885ea73cd7e5251f840705844af14,23,19137905.85543848,A1_FINAL_NO_MEMORY_V1,A1_FINAL_NO_MEMORY_V1_R1_WITNESS_GATED_INFEASIBLE_RETRY,certified,PASS,3,2,d27e54faac30d7644336c14f4d0d970f343b98510b4fb3b4f70401392d8f5d2b,,,4a885c16d2045315af374d953df518fc2fc487f83c3df5eefb059d7de42544f8,185bc78b02846c91254453f0d8f823429f7e642af042e53f0d305767cbb80880,P4,1214465780.6325448,h09,1203094329.5705013,11371451.062043536,0.0,0.0,NONE,0.0,0.0,NONE,0.0,177424951.71674347,R2,ccee6cc6ccc7ea9f913d260757b5cbcf1a72e8c1d5084ad4bc920eb1ed62fd44,f65de3db70d36c67a8a165e84d510a6bc53d3f30cf452f4082b2957b75b6a79b,1c379183bd37e1cfeda1212482f60f693779c3b0494ef3c35ef0ed2e3483a3ac
h05,LA-0761,761,0c5c240e662b976646957642eb48b5a8f9a03e99dc1d52d93eebd12c8367a925,23,19137905.85543848,A1_FINAL_NO_MEMORY_V1,A1_FINAL_NO_MEMORY_V1_R1_WITNESS_GATED_INFEASIBLE_RETRY,certified,PASS,6,2,27442a40a1d4d814020e1b00484681ea538baaed51cf7afd791f6481205726a3,,,678971243b64337281e5b96384cb3e2be87211b1d5a9e5b45f037edc918a69ca,ddbfef69e23d18efe5d3dd12148357cfc6ea22fb63687b5cf03a911f0e936242,P1,1226774135.3903177,h09,1207636229.5348792,19137905.85543848,15878553.369568503,0.0,NONE,614134.769559445,0.0,NONE,0.0,0.0,NONE,97ab76e981c47687244a4843355a6e6f3275803a818a3b6a957681ec6e45bfc4,82d966baa90e08debfe547d8e09901d125f3d0dd64ac1537fafe62372263beda,06af6be4f5c6df854b05568975c53225acfdaf33816b399ad81e58d8d98683ad
h05,LA-0273,273,6e3027e413984f86afddb8861f666c4f7f39e3f7b8fc8923bc2837cef8f6b96c,23,19137905.85543848,A1_FINAL_NO_MEMORY_V1,A1_FINAL_NO_MEMORY_V1_R1_WITNESS_GATED_INFEASIBLE_RETRY,certified,PASS,3,2,bd9cc680b9c940240c3677b83972a6135fa53766f8dca964a4b8516a40252ef4,,,40ef8fae9c6f6aa7ee85efb21578f0f222967b940938ec02896b15c79d6bc09b,98935921fe84e109ba4b5e3bfc4466af557175625c6538624b9dea2fc78d8e43,P4,1148391122.304724,h09,1147570607.3254519,820514.979272036,0.0,28029084.11250231,R0,0.0,4879179.8225497,R0,0.0,0.0,NONE,7fa9d7f2b8dbb4950b15bc347588d1e0424319a9ad3fab05ceddfd31d75faa35,dfa672fc80931af3d91486c74b048829aa1a3d9a89a5cfd6b23dc3325ef9085c,a267318894f945d496955cf7f48b908fef7144d4be12bc579b26092fe9683f53
h05,LA-0998,998,234be674a34b047722c7891081688f29aff46904e7c1145ae3fccdd9f4cd33ad,23,19137905.85543848,A1_FINAL_NO_MEMORY_V1,A1_FINAL_NO_MEMORY_V1_R1_WITNESS_GATED_INFEASIBLE_RETRY,certified,PASS,3,2,1a5be2d23f38c4e0cff6d50b09d02bef344defefc488e00af7cd5bb69c3514fe,,,e166df50c00a3517030b8e1e5e10a3d11460209c4945721904754ed8134c7d04,7f6009d6e837e41c26dd4934949518bfac0160b39a6417575912ce13bdb05b8f,P4,1218199164.7695155,h09,1215806335.1155846,2392829.6539309886,0.0,0.0,NONE,0.0,3228315.2741801515,R0,0.0,0.0,NONE,fdae8226b2e327261a5fa9e21be473161d91d05730d9a7bac4090a940d62fcce,4ace6aa0120cfdcef985b3d84ca498d7b617cd32519ccc961d2a088f7106595b,37751944e25452000a39958f1f337d44e445221a9c398472db742006fd02f98f
h05,LA-0586,586,5c219e43d6c1365300ac71a4b0b487a33250e26d33d65b33cd3acaba29b55cab,23,19137905.85543848,A1_FINAL_NO_MEMORY_V1,A1_FINAL_NO_MEMORY_V1_R1_WITNESS_GATED_INFEASIBLE_RETRY,certified,PASS,6,2,17d52cf2261e1cc90d73a7b8da0198c41187e98d677b2e253206fb7a6d547fa5,,,d7985b4f82df2d6082362edea76dcb97ea7c40a4ee2ae7753441478e2ea26417,d3965e0cc836040ee78b78d9d27d753fcc1e6bd4c1c1f76389f33ba1ab81e51e,P1,1226151204.4200666,h09,1207013298.5646281,19137905.85543848,15676786.200360263,0.0,NONE,623200.0161948624,0.0,NONE,0.0,0.0,NONE,dd2b68b0312f391b96bef78f27754a23a7ff060c65ad569527b404daf1aa61c1,68d32fcfafe5bb584b2e32c2c0bdab41d02e8f7d46b2cb2aba81464e4125f62e,f5fa4b7df3bc4673f99eab8502982c7ea4f8c16c00b5e8512fb90dfb9f6b0b30
h05,LA-0169,169,b0f2032de2442051dcc2a77a5d1150a6cc6f7c2c5317099a77f5cb39892e418c,23,19137905.85543848,A1_FINAL_NO_MEMORY_V1,A1_FINAL_NO_MEMORY_V1_R1_WITNESS_GATED_INFEASIBLE_RETRY,certified,PASS,3,2,a05ae67e4110e2399f285478a2503aa444cc02adc5ef2de1a805abeb3a922d81,,,f1f16f5c9e10785ca2457ea7c357412816447b22aa7b2d9a7dbc9209bef96e31,6ef883b982faf233c36423d4adb642a53ce9ebb10d3413ecde1164707513fa61,P4,1222868566.832414,h09,1215413303.0637562,7455263.768657719,0.0,0.0,NONE,0.0,0.0,NONE,0.0,183235869.3832734,R1,5284c2248b7d06c160f52f07bc78ce27f484ffd4a0a0230e8e37f338a6d9f526,71c646ac65aee171db2230a86027fec8ca3e72099a33a97e3d92090e525f43d5,eb8447527b6cb991f5017b0a8e7ee2dc34dde5c4c549de89d60eca3c73d0e70f
h05,LA-0099,99,b829dc14128adbea04f3b65d0574792a25510f5aa3afd71e43c7ebb5c51b5754,23,19137905.85543848,A1_FINAL_NO_MEMORY_V1,A1_FINAL_NO_MEMORY_V1_R1_WITNESS_GATED_INFEASIBLE_RETRY,certified,PASS,3,2,0d09627673234f4cbcd1013c34c63a3b38defde18de2168dde938f62ad6d7c6a,,,298e76a9c4f1b973d6239016730f1bab8e5ce6c9d8cb56413cfc4f620cddf6ce,5caa547aeb4d24cb8d6b5edf6485d6fabbdae4aae7bc803ef180887b4619cd84,P2,1229453603.2908099,h09,1216692309.867116,12761293.423693929,17016694.209815722,0.0,NONE,0.0,0.0,NONE,0.0,66832734.86199032,R0,6c6ea3ff3fdf1ff42bd753bddcbdeab7be2acea5fbe6c684874c467af42a3d33,b0312b5d9b1361c40c5dac5ab200998c90cadf1f1abd016654adce3a38576f68,77ce3a803364b36d7ac84cd575c10ba54f73ff9efc27ecf1e5bc769b7429233a
h05,LA-0456,456,b066efd1277392e47a13fc2f7059978a970609a31cf8da91e84df2298f8679ae,23,19137905.85543848,A1_FINAL_NO_MEMORY_V1,A1_FINAL_NO_MEMORY_V1_R1_WITNESS_GATED_INFEASIBLE_RETRY,certified,PASS,3,2,bf94f91266ae812525b77f94481c4f6c15a5bce6c880a3e17ea28bad829bdcd3,,,5028c238ad0504f81510a20ca19745aa5bc5b7ad8970b15319a12e82373cd490,c25f3d126037fdf8e30af201b6fc0f5bd1c0cea6cb116dad56da1aa228390adb,P4,1210323366.1338835,h09,1208877730.6525464,1445635.4813369696,0.0,0.0,NONE,0.0,0.0,NONE,0.0,263993623.27480674,R0,dcdc73a5322ffd725d2aab24490c71ba3178ac43d077d85ac843cd78b1fa6e08,09219eb1567fad60ca15f6458b8719bce2678e9d9ce103e469d3ef7ba54dd18e,acfcb3e3f26543c321fe6ef2475a29a5be25d3eeefdd12f95913c6508ba2c1a8
h05,LA-0383,383,d9bc9e10cb7d887e13c11bb324c909d2b0a56792655b93008f11fe567fdce922,23,19137905.85543848,A1_FINAL_NO_MEMORY_V1,A1_FINAL_NO_MEMORY_V1_R1_WITNESS_GATED_INFEASIBLE_RETRY,certified,PASS,3,2,93110ed1b06714ddb9546b43a3475bc1f4bf277806f3da2fb08b2cc891668c91,,,ff6f489354ec3dcf39d91d525bd535095d79091b5a5503466bf0f726fd1c8d9e,1935c2c10ae3a47082a391d25c12edd21582c0e6897e2fdd66e91458bb09c311,P4,1206887633.3687465,h09,1202088331.5562055,4799301.812541097,0.0,22367068.87116262,R0,0.0,1633442.1775923606,R0,0.0,0.0,NONE,f5a619bcc0c57ff504985cb94c7a1389d559980d4c4cc5ac2e1ce17d63f38045,10aa38b6d0985ae541baa28d1605d2affd615d748649a2d68c0211931c0e9806,bffdbb4f438fe8ab62d986590c12fec8be6e81cf632e1aad0958a49724c4244b
h05,LA-0249,249,146da0e0e6aea1f7a59231966d2e650e4f12af806ffbc15f14ebeb711ae0f5d0,23,19137905.85543848,A1_FINAL_NO_MEMORY_V1,A1_FINAL_NO_MEMORY_V1_R1_WITNESS_GATED_INFEASIBLE_RETRY,certified,PASS,3,2,16a6ead334dfbdac0eb55de9bdc40fe2d6258918ee2ffbf2e5c053e30e610c31,,,6015554c205f5c01c6cd2cbbbd25c0e851335355b10b167b1a662e79ac8778b4,facfc405f3186bad8e155c5467bc6223db5ce1269e386eed95c084cadb8a299a,P4,1205339150.3899312,h09,1201477401.098437,3861749.291494233,0.0,489607.92618313426,R0,0.0,2116732.339423815,R0,0.0,0.0,NONE,457b882010044b058ebaa944e52543afbb7cd7dbe1e3f4e969dacf523ca37aee,b8392fd25d0385d3b93163e0fff233e9adde9fc888b4ca3a58a7dcd56362656d,212525f9bf4ccea66d3136085e8a45895f95bff0d1afa97e3078510c491c8f77
h05,LA-0060,60,3fbff512e96462ac99227b6ccf0461dceeb78c53d1cad8a9a62586e56ff6ae78,23,19137905.85543848,A1_FINAL_NO_MEMORY_V1,A1_FINAL_NO_MEMORY_V1_R1_WITNESS_GATED_INFEASIBLE_RETRY,certified,PASS,3,2,a22884b95e93f9902aa0bbb6c6e74adb2ef7fdff33c70ce7ae1d31ae88da8e96,,,cf36bdf099117de7a8f1a7eff10c77c5adc5b9ed5ac4ffd3a7ca24e7ea151cc8,7aac6f03f2320a397491eb2994fbc97c5caa2e6b3a48b21c0ea6a8fb4c51ae89,P4,1228595212.7699392,h09,1222194001.247196,6401211.522743116,0.0,0.0,NONE,0.0,0.0,NONE,0.0,195802945.80655378,R0,8750447295747c504bd7b7893bbaacc7ecde5c6ef5bc5af10d86ddd9f5294a1e,13e26545156be9f9b1a4923b52e950f716afb2e0bf78b4c17f49481542b5ac25,c27da63207ec542c659421aa6294a0bc23b52f1706e93ce956e74794f2bbd729
h05,LA-0999,999,763b37c09980bbdc1fc1b17613fcac2648630c41f36f572432a9eab7f3653a72,23,19137905.85543848,A1_FINAL_NO_MEMORY_V1,A1_FINAL_NO_MEMORY_V1_R1_WITNESS_GATED_INFEASIBLE_RETRY,certified,PASS,3,2,c2f8ad6ac77366e3e8ef371316ec77b845d193947ee8c1d98eca06cee8f29c8e,,,bf09d5954b0317e9932efec05ccf4fdd923a19e1f2324cf1a6f963332e63db19,083fe67ccc71b472648eae9854a028f78b71103831597efd16d8a6deaa51050c,P4,1204628469.2130654,h09,1195715770.0530913,8912699.159974065,0.0,0.0,NONE,0.0,0.0,NONE,0.0,392941678.9138684,R0,efdc8d1634a8e23679c3b6ebe842a92a42838c952f192aa7a4f2ca55282cf0e0,75a1c80510bedb7942e015399ba190b85eb6d603dd8515f73bc3209683ef522b,6f9841a45a4aa56c6c6dee76c16642686e19c297868a212476a91317d2197402
h05,LA-0927,927,180dc572142d09eae64ab1ff4cdef1f3b9eae566ddd5fbe1049bd9da1419be57,23,19137905.85543848,A1_FINAL_NO_MEMORY_V1,A1_FINAL_NO_MEMORY_V1_R1_WITNESS_GATED_INFEASIBLE_RETRY,certified,PASS,3,2,44f3002e61b85b8b4ea349fd839db0fa8444746a1d7da32540e2eb266174e475,,,67f32e1b39e7a4737c27bd0a4f98f225c363b01c216ff710a3f733eacda649e9,6042ba1d2f7613de1cfa6906dc931784b610a43508776492d3400fb8697b11cd,P4,1227771228.688384,h09,1218765799.8993268,9005428.78905734,0.0,0.0,NONE,0.0,0.0,NONE,0.0,176314552.13452187,R1,5a443a01675b296a5bbb47621fbdd7e477c4d7f260d8d13c48a3c56b5a1e8f0f,6b44ce2ee9ed46c08ee6233a14c61ec50a7864b4242441cff7a6c1129ffa94a5,d7d9ee857726ce0b9383598d75bd2a8136b848cd14746ede8a45ad771eb28c74
h05,LA-0962,962,94051f5d79aaa9d30b40f544272cfd0efed889ed6139971b0f730f47cd1b503a,23,19137905.85543848,A1_FINAL_NO_MEMORY_V1,A1_FINAL_NO_MEMORY_V1_R1_WITNESS_GATED_INFEASIBLE_RETRY,certified,PASS,3,2,eea286fe333c49a5f72995bcdcbb1854a601d8ec684122cc03fc9c08a6d3dbf2,,,bdf6ea891e6f9d2e7c83e52ebb35585c6649fe9905a2049114289d709e4f5bc4,a44605c093fc80254b2c49e10f90aa393427f13678a3ec0ea6e96e5a273c8ab8,P4,1211776584.7782452,h09,1201431159.6004493,10345425.177795837,0.0,0.0,NONE,0.0,0.0,NONE,0.0,244536320.52751648,R0,b4f36db3c93d8b9c9a5c90b542923dc5e08932f40fb043c1f08d3ce7c4023ee9,dcbeec1258d90a21f811b6abd1dc24564faeff3ec13ac63b1548e6e7ecdc3299,e38dae3ce5768890b9e3a8831450f432f76141df165bb3517a450f902b6869e0
h05,LA-0044,44,a038cf45cee562876a7617518296aa0442df2ad4ac8f6514371e7f89246f5f5a,23,19137905.85543848,A1_FINAL_NO_MEMORY_V1,A1_FINAL_NO_MEMORY_V1_R1_WITNESS_GATED_INFEASIBLE_RETRY,certified,PASS,6,2,fef74cfc9a07e969dbb00742bdb8afbfc2d2a74a3d3b9d253d0cd7bf01675f08,,,dd3a8f4ec72bef4cf095313bbe9326eb4d127436cac236c5bb987500771bfa5c,eb938efebec4d494f5be77ed9cda41bebb5caf81877bdef4c8698bb9df73e30c,P1,1224325286.7951932,h09,1205187380.9397547,19137905.85543848,15113854.054483818,0.0,NONE,648492.1326546412,0.0,NONE,0.0,0.0,NONE,96dac567bdddf4bca3a5bfc6b96f67c2c78f562017f6347593fb90bbfd5f5beb,c719477820841731020aa4499cd6a02ebfd38130cc914b2e8b19bb9f99b57088,00e9cfac453902fdb2e2409689318ea81b9bbbb7216009a7a7f2315f48261e1e
h05,LA-0048,48,094350cdea0997d0c0c41a1c2a14236c8020c9c96601c54849ba12b930a914a4,23,19137905.85543848,A1_FINAL_NO_MEMORY_V1,A1_FINAL_NO_MEMORY_V1_R1_WITNESS_GATED_INFEASIBLE_RETRY,certified,PASS,3,2,e95984ec103c33335d407e4a31ee7f6726b63a3a78a66d2bec2094cac017af04,,,855f667e3df9d6811c3eb95ba896f30de6cb634c0101a4ac5aace408d33be713,bee7b2dc7635837d239f9aa16d850919f037ea76e9bf9973f9e446eacb997cd0,P4,1236074330.6642234,h09,1229917908.5918682,6156422.072355193,0.0,27784376.925777834,R0,0.0,0.0,NONE,0.0,93286582.51719168,R0,1a7272e8698e7ad4f127bbf344ac77dc0a191d4fa6e77b3632e428d1b37e16d9,4f9292489bc68e81834da49be0d6b4920c5afa13c7249ea00b5dcc736961e74c,2d91c0263dbcebd36614eb67b89b388cb9dd15e73f5bc14f4b440c1a82675395
h05,LA-0976,976,c649e11efae62a4f0f713e10c1efc11152d19ba019172ea5de07228ead73426d,23,19137905.85543848,A1_FINAL_NO_MEMORY_V1,A1_FINAL_NO_MEMORY_V1_R1_WITNESS_GATED_INFEASIBLE_RETRY,certified,PASS,3,2,78988cc816f346bbc17dce42645f315783eb99bc0b9b339940a4c3a82dd67fe4,,,73da6c52161053a91d1a418007ee7aff0d5838f6fb5e0442e56210b21489e441,4ebd265f5db7e3d9c8c8ee9f15f5f1dd0d9bda21ab617817a255c51bfb39e031,P4,1207977200.1601307,h09,1206358906.3642437,1618293.7958871096,0.0,27162560.94819488,R0,0.0,0.0,NONE,0.0,286951212.7825148,R0,8acbafec09e29aca7739cf5a339daeed0c0e6554992c608b6c3803a647a0cdc2,d47c69fef4e58703c0551069dae2153a6f3b5da25db1b2ecfad1f33a4884b7c3,145f470906095d041dc9d5b8e59f2a74cf9102bff45ca4c0e9e4394138f1d8ff
h05,LA-0267,267,6eae671f5585cb18e3e7c982f8cc203ebda7a751b2b05ca40208762b7e981b65,23,19137905.85543848,A1_FINAL_NO_MEMORY_V1,A1_FINAL_NO_MEMORY_V1_R1_WITNESS_GATED_INFEASIBLE_RETRY,certified,PASS,3,2,a61c76ec92b434fd1af7856d55322854ffd8f362ecb6427398dcb78143c26342,,,6fba19e9c5a0daa7ecf587fd5e5570dde406fdd9084ddfaba82380f0ddbe45a3,34cad9c1386b56e0e830191167c8419d6e8e2d0ed2176d0bac3834b60a1f7a95,P4,1195332935.9303405,h09,1190052722.3351448,5280213.595195696,0.0,17134720.413222045,R0,0.0,0.0,NONE,0.0,236585505.9984637,R0,9b146b3a0495205a15801e80015502c8a3f467e6e56273897a626d393c47240a,29d04fd05b5540945001f6ca11095633a1ee66c28bd6c8e749ee2097749ff99d,380fdd908c93aaa1d64b561fe389806385e5903fc3f384504bc31d2f144998f6
h05,LA-0650,650,896e1ab448726f2971ba9a04b3ebaf173c1cdfc6a202764ddb5b4de5a49689f7,23,19137905.85543848,A1_FINAL_NO_MEMORY_V1,A1_FINAL_NO_MEMORY_V1_R1_WITNESS_GATED_INFEASIBLE_RETRY,certified,PASS,3,2,b417ffcb1c69f5c4e049a1b5fe33bbacc88f987d8b165f9b5e574fbf7864c8f4,,,a12ea02e2bfca8f192990e7a6dd67dee52c235a6776a8502c0d1d57ac354a6cc,9c9d3645470f9d43dafff00ae40d2c9695a154db564769632cf7cd8965144456,P4,1173592870.5655491,h09,1173420697.5783708,172172.9871782699,0.0,15656541.240527626,R0,0.0,2043838.923424806,R0,0.0,0.0,NONE,1be1c6a2b6e9cd56a484d0feba98e9caaed819e4e51d14d4facede39bd4fd03f,ccc8455ff4e63914ef1e95ace1afcfe5ba8b1686e85774b67722af7afa529c42,3ecb7b08dd0c46707018ee93c2122e51596eaab4f5e7ac7096d2ea07d8ba63db
h05,LA-0867,867,28d7dc1f1b6dced946b0bc1468f120ff95e0d44e9be3e0ae9a3210a423a24db5,23,19137905.85543848,A1_FINAL_NO_MEMORY_V1,A1_FINAL_NO_MEMORY_V1_R1_WITNESS_GATED_INFEASIBLE_RETRY,certified,PASS,3,2,12a63adbd402b7b7ca18d7420d55c911ca6c0a0f60a39da15dabf318d4c3354a,,,cda0817439ee450ff12e6752502f0f96812c8ea86d7c61223ef2e75800aed935,167d2d64b3ecd69c53eb3585fa5de14a9608d082676693836dd54ab64b35a39a,P1,1238675341.8834758,h09,1219537436.0280373,19137905.85543848,21056075.468363512,0.0,NONE,381512.60922443337,0.0,NONE,0.0,0.0,NONE,94760a0ca8223793547256f1e5580a55f343802fb2b1016fab719f4b51ccb4e6,f8f7f932ebc369b4eb1310f0103997b3853ac2acf245f77a7dc96fd472c276e0,4add7396fa95aaff705dbba3a01abe54d6eaa6b68e958a73aec497833d0328d4
h05,LA-0416,416,669e449e72b58dc8c22a12ea129611eccdb1ec6b9fcc545c816093c674e68f3a,23,19137905.85543848,A1_FINAL_NO_MEMORY_V1,A1_FINAL_NO_MEMORY_V1_R1_WITNESS_GATED_INFEASIBLE_RETRY,certified,PASS,3,2,3d396f856abfc299066a606b6eade8e19d9d5769e69445a7a5c791696aaeaf0e,,,492f5581a3fa7568f8db7e72c3d3945cef36f1d03093307cc017b693bf17ee0d,2c02eab37b5b6c9a1927bef299ce44f1347c7a56496786b9a278ff88c191f76c,P4,1206524278.0228066,h09,1206230488.4924557,293789.5303508626,0.0,0.0,NONE,0.0,2374141.9330024207,R0,0.0,0.0,NONE,bc5ce0f55c49a61a3060af357ba5b14f62f5a16c6f41de18c03a7b296836b32f,c207aaf3db4fbfa4abfd62f8147cddb46f5fefb6def94ca8d8b518cd89fad240,ae0a1f80a15b87b220180175e568843a5bc4c52fa0e649584dc7ed2bee08c530
h05,LA-0205,205,23884bb8c90f192c69fd9bf16e5ebb5435e6ef34e9ccca458cad5799c9599c75,23,19137905.85543848,A1_FINAL_NO_MEMORY_V1,A1_FINAL_NO_MEMORY_V1_R1_WITNESS_GATED_INFEASIBLE_RETRY,certified,PASS,3,2,24a3cf432e33ea81ebb44321969933952b8d2f346c060ec94659bc3d5f775660,,,6adebf2faf1cdec2540cbb017e548cdba86034919554cf89f8a515605bbc2eb8,60fc9f7f9d004a45c8e1e4b1ef509c3976efe27bbf9ef2f9f6cfe62072808963,P4,1220218410.0448766,h09,1213873651.9240494,6344758.120827274,0.0,0.0,NONE,0.0,1958806.5876235897,R1,0.0,0.0,NONE,a77f34a83526bdbe643abcb04e96524308df5548d434492aa66cf68ed35367b0,74ed17bdd25b75035e22d2309544e69b75135234132f3acece35b0651ca21153,b194210f6c5d955ba2988482091dce61258435815b31dee7dea263bc6c642f73
h05,LA-0120,120,dcb80b654ab21716af1c3fba71c854c2b5e8f2ab0511c85b235a3e410f4810b5,23,19137905.85543848,A1_FINAL_NO_MEMORY_V1,A1_FINAL_NO_MEMORY_V1_R1_WITNESS_GATED_INFEASIBLE_RETRY,certified,PASS,3,2,e9741d4350696d3cc128e87aef12ac33928ed893e600f623b9ca99202cb45be8,,,dae24bb7772d115f5f214c80cb86baae66129530ceca1205d4cd503106d1d63b,bfb5b716424e80c37e75834dbbc8346c9f4368ba8c015ecb1c6c91e1f51d4b5d,P4,1215777307.5997186,h09,1206207162.7952135,9570144.804505052,0.0,0.0,NONE,0.0,0.0,NONE,0.0,370053049.6062205,R0,92f767d6cac7d57873583cf900ad1656164cbe59ebce1e20b517a1fe2de05a1b,ce124716f0ecfbf74288038c5af4402c92f90516858666f892c54f402b2fa039,f85d38fec328628100852e0351ea4268e9b4f35a3f0181ea475434b3f7d0b680
h05,LA-0327,327,26b0ad5717f7a58cc774343f1b9c7b20588ccb2ed4387459b73a4ebb14338ef5,23,19137905.85543848,A1_FINAL_NO_MEMORY_V1,A1_FINAL_NO_MEMORY_V1_R1_WITNESS_GATED_INFEASIBLE_RETRY,certified,PASS,3,2,096198dbcb4b74c755ef2b41089a6ca5d68e1b3113771a35135c771cc9da774d,,,c0eb29fbe89f918444e44f1b595d757243ec39788f173a229cfbfe79cb2ae695,e845a547e6712c00f3b753aceb8d5c6a54e6c34643ad15af5d66c27beed4651b,P4,1221156351.5273213,h09,1220095177.2013907,1061174.3259304978,0.0,13426913.612402048,R0,0.0,0.0,NONE,0.0,96457156.4259252,R0,4e829d2a953ef735970eaeae86ec2c1dc41e5a267b2d9260889e0d488b7d9c3f,174b89d0c6a3570c3b6d105efd8a43f92ada73c768ad2298140e3dd0ba64779f,5482b69db74747454e287b2929df16d8af9ab4e366873e45ccce827aa3876592
h05,LA-0598,598,242e4b2709d58e8d94223acc7cd58866ffb48aeb717b44660a55306eaf0e733b,23,19137905.85543848,A1_FINAL_NO_MEMORY_V1,A1_FINAL_NO_MEMORY_V1_R1_WITNESS_GATED_INFEASIBLE_RETRY,certified,PASS,3,2,67e99a95cec715f56944b36757124b171244789933268b1e06da7a69ebfaa8f9,,,28869aed66b460b1c8146da3470050f32ce7e73b2a377efdac43bb67a079267a,a3f2f906fddcc44e435808b59c09e01ea3a64f384a343d4b324b023e9a734e05,P4,1215678719.9426825,h09,1214842925.9296584,835794.0130240134,0.0,0.0,NONE,0.0,0.0,NONE,0.0,269726589.2650498,R0,3ec4277a2b15ecfec732d8968babbaae3f2d4edbc84ae41c0ea5ea8010cc8088,21a9968853cf2067143caf4400a5551c86f2a362a1da49f8948e7d87b33fec21,d6e983c124a931a612c4a72b45dc2597c92a189e742e3f0366642135d6aa5676
h05,LA-0855,855,180156333d55d9a85e6f41be522acb01ef74398f9989bf6602a86b9ce3b9e979,23,19137905.85543848,A1_FINAL_NO_MEMORY_V1,A1_FINAL_NO_MEMORY_V1_R1_WITNESS_GATED_INFEASIBLE_RETRY,certified,PASS,6,2,169bed86bcaa869f22889abb4bda7e36e4f272935836ddd45cb5973375ca1b8b,,,4c0864049ea6f101b298c7c3d189f1b5e2c7aa9dcd9b218dbd24526930d7772d,07ecd34d4c45c7bee81ae8b8bc4f5198894252c12ea7b290cea8bc0010360c0f,P1,1223739720.2537177,h09,1204601814.3982792,19137905.85543844,14941787.429378249,0.0,NONE,656222.9562590279,0.0,NONE,0.0,0.0,NONE,ef3dab4ce58b58ff1e5038f380d25efa282e52c46d46bf39ef68d27a5192d224,34b58ef07727e901d4e5279cbf8df8293045169c2217aa990e5ac440a0a10ea4,a9d738e5dd00b54cf2c81be1907dc1c0b4a08f68b72c9304a15bbc7f68dd8b58
h05,LA-0477,477,0b1babee6d4db71c3411cbeaa0064089662b8b7c27268b0cfc424e8fc084c64b,23,19137905.85543848,A1_FINAL_NO_MEMORY_V1,A1_FINAL_NO_MEMORY_V1_R1_WITNESS_GATED_INFEASIBLE_RETRY,certified,PASS,3,2,b9c576acd07e0e8f33120beba97c83f927b5f226ca2def4d1ac98c6e9454800c,,,9f5481a113cefa64e5f55780bacfd1e0d2e067c1bde05d4c48d22004f48531d8,05696c0f57084292dfd4a3cd119bd09ad05cc0a708b401e724b096632f7e558d,P1,1240720693.3263164,h09,1221582787.470878,19137905.85543848,22306078.92390549,0.0,NONE,325350.8973657665,0.0,NONE,0.0,0.0,NONE,0b080497098fd8ab6c46302d605bbd46283e101b0c0df7484f71ea1c08534013,b4571690479f38ab8b5eb9ce073bc1a775683e62fd999a23f81077568ee78b25,5ad9fab9edc9752ae224ee2d001d60afe127499531f6e3040ab563fde4d457b9
h05,LA-0574,574,b143113ec1f2e817a46d9ef9824fa874efd91615efe1b48fc0a2871735a443b0,23,19137905.85543848,A1_FINAL_NO_MEMORY_V1,A1_FINAL_NO_MEMORY_V1_R1_WITNESS_GATED_INFEASIBLE_RETRY,certified,PASS,3,2,f3193dc2350fe4c8fe99d2bc74d0c65c2d5f305521909463efbe320057a87e37,,,0cae045e6b7b4fa539240e33b46cd9b1dc939a1f820a6364196ea96ff531ccf7,088a9ad835d36041412670383809d9bf3bb6fcc0fa5a6667f329975ddc7421c2,P4,1190315884.16698,h09,1187688695.0663903,2627189.100589771,0.0,14412138.67546894,R0,0.0,0.0,NONE,0.0,217539848.6871453,R0,dd5e53f6af4b1a3ece38e7d9834f7e47b1945744969c4dc21eca69b2d67a6bd2,cf45f56c8a114076e271ec58323cc117f09547fb4e3c50585549a49c7e4ac4d5,195c6763f7adab3d8d0ae51a83f0b47a8acf1b9d3a5e8465f8912c91d232acf8
h05,LA-0492,492,12ef2746456cf5a77c74b4c82e4b425d99de836f2bc702dc87adcd3961dabb6e,23,19137905.85543848,A1_FINAL_NO_MEMORY_V1,A1_FINAL_NO_MEMORY_V1_R1_WITNESS_GATED_INFEASIBLE_RETRY,certified,PASS,6,2,991200b9c94e708417b6f7464a0fb85140a1678a0fc1bda78fb09ebef9515aa7,,,3793a52d02551210768c1e702febd5ee1eb40b4a8e0537ca63dde7922919913f,5525fdce7029fd6e0c9cc7b4ff690bf15d6b0a3e0fe19d139ebc7bafb6cfde0c,P1,1227899667.655367,h09,1208761761.7999284,19137905.85543848,16256596.292378554,0.0,NONE,597149.5863530028,0.0,NONE,0.0,0.0,NONE,1575c1b6e2e942ed63330abb74947b9966e1afa29dd96032126777f758dbd85d,ef48350d46554dfe2dd0ac18ffe0e3bd829a3a7108f3e62a73ef6576ed1c0eeb,f39aa3f538a9ba1c0102842d26805b089e5e4df39caac2ad0c299f5cc7415096
h05,LA-0354,354,c17d41a53215417e5264499caf66e812c1888c03f25a53be7db763b45211baf3,23,19137905.85543848,A1_FINAL_NO_MEMORY_V1,A1_FINAL_NO_MEMORY_V1_R1_WITNESS_GATED_INFEASIBLE_RETRY,certified,PASS,3,2,10a194c75a02db2dd8c87cb0cf74c7c19688e22210cc5d9819291964ac19d2b2,,,56d1583a1eee9a6492ef4452404befa25bed49d16265fd20be8d9e5ba39b2fff,2807049c32c44a2cada1421a7c31c057f6bce8c9f9be948115d9d3d58bdcd1bd,P4,1210820771.2177095,h09,1201186053.1641757,9634718.053533686,0.0,0.0,NONE,0.0,0.0,NONE,0.0,216183144.11076793,R0,29bd7d20eba40b41f93712c725c028867c76c2f3044864abf305c2afaab19bee,ced32d43eb2a95f37c25350395a2d2dfe349b0614690b9c447019bec0f2cb711,6ce834e0d9a1f4fb28acf89c9158921ba5787e7e89a0cb4c5e3660de6832d00d
h05,LA-0003,3,59411aa182359257e699b7fb7a72fa14dc02ccf983236a3bbbfb7a7ce21e6809,23,19137905.85543848,A1_FINAL_NO_MEMORY_V1,A1_FINAL_NO_MEMORY_V1_R1_WITNESS_GATED_INFEASIBLE_RETRY,certified,PASS,6,2,fc079d17c2893b8c538f4d6b8e034ec7129323eabf86ad48bf9e805bc12afb63,,,4df29cb88e16284753a28c193916cf3d157b7fbcc6274ac94c622fe7e9118cd8,03d0b423e8b61a9e3151fd206b24697a979e915956c877920fcc1afc15450579,P1,1220456158.4677374,h09,1201318252.612299,19137905.85543848,14045150.246489204,0.0,NONE,696508.1881789276,0.0,NONE,0.0,0.0,NONE,c1bc6c119e0181f2bc432dd75dd2d5a0a9cf15b227bb481356756fe889bca94c,ae7e87e6c1255fc48a411ed79ea64360f3b3479a26c75ab628aa74206cbafa44,16c37523096132b555966283e2fcbc1ece371f26a4ccb1bd1cc2918c7c12e559
h05,LA-0853,853,2010dc4b4f88ff2547d1e2cc5b1be6490307c83b91a28df220a8f21c7d098575,23,19137905.85543848,A1_FINAL_NO_MEMORY_V1,A1_FINAL_NO_MEMORY_V1_R1_WITNESS_GATED_INFEASIBLE_RETRY,certified,PASS,3,2,95bba6dd7d1521fa1edb810d8ff2d58a719e9dacbebd1d98ea89c70bcd80171a,,,0ab27ff27b8228e0edbc31e23e93fcb47cd8b04d1d3f50f99eb3214959b43675,12e3a030f12e23a3d8ab0e5cf34290e4444fd9cac690d3961c160a8382c0039d,P4,1237313201.5078242,h09,1231557634.2289171,5755567.278906995,0.0,13836399.232464166,R1,0.0,0.0,NONE,0.0,42059311.52405679,R1,42ab07e33fe12af10ca4eaa56a33126b1fdf260956ed6f80c0188b7643b47c2e,a73552fdab1cd9e5e450a062b2ba765bfd0d2b36a463a63cf28977d60227e336,109afe2d4fc5d7ddcc516856fa8881c4884433e826d63c4228dbf317dda3efe5
h05,LA-0140,140,6a963df29f758b8110288d1c0b1c81706cdf15bf4d34b3231109c25b36aee0ac,23,19137905.85543848,A1_FINAL_NO_MEMORY_V1,A1_FINAL_NO_MEMORY_V1_R1_WITNESS_GATED_INFEASIBLE_RETRY,certified,PASS,3,2,8cd5552a865777aec890248ea78ad9eebb17540e31159cecadee7028447be550,,,ad186c0668f41c5c27b22bbaba94b6a03f3ec63674c500535be3bbaa50f8a455,4962f7fc0a33ed0c221f528fceaba84c795f03509a35efaaa68cf49ff6c9237a,P4,1223976332.773505,h09,1219814200.0127275,4162132.760777356,0.0,0.0,NONE,0.0,0.0,NONE,0.0,219185384.69935077,R0,022b1c4599f2bd7f6491eb54253346b06a7b36760b803a5aa63fb5428d99e068,518d4d2afbc90cb832be0fddae0442bfd1e9874b61dbdc763387fdc3aa330fba,73a01058d5134086cf722d4b3aae980ce6b173b1a6be919096c91961eccb8a0a
h05,LA-0146,146,9fc956653a31aec1282b742c24601978481a47163bd9f378ea475db8dbcb6ec0,23,19137905.85543848,A1_FINAL_NO_MEMORY_V1,A1_FINAL_NO_MEMORY_V1_R1_WITNESS_GATED_INFEASIBLE_RETRY,certified,PASS,3,2,28ffee6cda86bf48d71574c08f895452cfa1ee9d13a732a46d9a3f85b8415b50,,,f6efd4a8490b96d0caee9589c7d7e1dd60a82d99e7d87dfd71338ee700fdc408,7c6241168ac831ac77ceffed7c8b42b9fd44556fa3b33447eb739130e4341468,P4,1179471464.5032446,h09,1174821539.023023,4649925.480221828,0.0,21149239.05305037,R0,0.0,2546104.1418878646,R0,0.0,0.0,NONE,cc53265d249692defca4122ac6724c222c937a915b435847943f16546f1bd8d9,2686d39b528bda994e6c16551fac325850990e6f37eb4c928bdfe0a0e7d3a6e0,982db11e71b176c8257584bd00c10f58543406839dde537d0ed8dbb75fe5fa22
h05,LA-0506,506,a2a65063932d7c3c78c22cc2a0f80424a23974368a59bf20372a132ed4131cc4,23,19137905.85543848,A1_FINAL_NO_MEMORY_V1,A1_FINAL_NO_MEMORY_V1_R1_WITNESS_GATED_INFEASIBLE_RETRY,certified,PASS,3,2,1938d4231a278de8ef2974accd1d41e876fecda26c904ed11a38aa4a805f5022,,,1cb0580aef3e405e4f57382454b2af6b4e213d6da3c6e6c05f237280b7410336,ec58d6f50cc6a948e517867edc297ce09a2ab269a055a4627b8598b295e6275e,P4,1210507122.6067097,h09,1203374261.4688485,7132861.137861224,0.0,31153809.742160402,R0,0.0,0.0,NONE,0.0,308899749.6399448,R0,ca9b3c2ec9076911d56b6cbf2c9ed99a8db19ccd86f261178644e2ff1716c17f,237c6f94a0c27ace2594694d061643fa50382bb1bc73bf98c8c54979b1aa1425,1fbb7ec23b313c1a70a8f343de02441da4b524eb171bbd844d41e9296d28d9e7
h05,LA-0305,305,f663668923934c0c068ef34648887563acfd965684da967f6917923fff66d889,23,19137905.85543848,A1_FINAL_NO_MEMORY_V1,A1_FINAL_NO_MEMORY_V1_R1_WITNESS_GATED_INFEASIBLE_RETRY,certified,PASS,3,2,133fd1c679537659b253ef5449ee5b8b67eb1aed65bcd24eeac719b216e2142f,,,141dc0ff5c2addd0e51bc9ada3cb093e1a27125ee10302cb3d91e4bddf5dcce5,609118205717b41d1b77712a1b9a051dcb4c69c675e1e882f48d3c86c9d94f43,P4,1223944549.2106218,h09,1215888694.5113032,8055854.699318533,0.0,0.0,NONE,0.0,0.0,NONE,0.0,208386406.64921317,R0,afc24df00787fe99ee2e8c366aed4a61a6490e3753ab45a14ae540d15bc79718,30585caae7348b1a89feb4d91da6290d0729dd702792f82b789fc827a8559153,6352a67658d63f84c721fc4aea8772393fa90f40df9a63c33b4ec48fece1a061
h05,LA-0406,406,43303d66b80307395ed570c527452ae2545ccf68ef7c3e344c42aa91a033c37f,23,19137905.85543848,A1_FINAL_NO_MEMORY_V1,A1_FINAL_NO_MEMORY_V1_R1_WITNESS_GATED_INFEASIBLE_RETRY,certified,PASS,3,2,9b4ec9ffdf456ff76a25d82ea1f243f65448fd5baa4e4c6e4d39e18c9fa1040a,,,dd3f3056c1e001df3298a7943f151b9d8f7c52316a368e99c02a8c50ddf8a23e,3ea2b055d538b609996499274ce84359cc6adba9cdab4a1595a656a7da9ecbb6,P4,1222431960.8075776,h09,1211828986.2122343,10602974.595343279,0.0,0.0,NONE,0.0,1635029.2259593592,R0,0.0,0.0,NONE,4d00413df5b948cef21b23cd3211babe5c1666e629a54b438ea9cb6f89f14875,d1e16a60baea39e5ced6c7586cd4a300a69a90f0f8c487ec6fd553a2c26fb0c7,2a9d4f46d50d6fa7c878fd46b5c124d3b22a4635cff57424289b98e593110564
h05,LA-0179,179,1fb4960aa84b46eb37d3c5daaa1d2e544bbc4709d0b898d967690d88b8373469,23,19137905.85543848,A1_FINAL_NO_MEMORY_V1,A1_FINAL_NO_MEMORY_V1_R1_WITNESS_GATED_INFEASIBLE_RETRY,certified,PASS,3,2,33976aa6652bf43d8816ff2840715f04422a775d20129fa01da5da35b031e691,,,c458e2de6f15898af3994280c489a673b5cbf0c845d32c2cc4f340a452f43f5f,1cfd3a57b666f20630b92f4d5857b742ca2ebdd49fa75a678184d3ace2970e11,P4,1186272767.9722197,h09,1178938799.0529845,7333968.919235183,0.0,0.0,NONE,0.0,0.0,NONE,0.0,345127553.3752019,R0,d204c6fc27289f147f038e6dc576368362c2ff62ed185ba3e59bba301545d58e,051afea6415a434138fcbd768d76c57aedb20d152e458482459beea20189fe5b,5c5e57e76d468338dd5c984f1ef3eec660b9541dcaea917efd44d648edea9aff
h05,LA-0483,483,a899e89acb5b24ba40fabe1d24b5fc269af65c395c6365e522c304346135ea77,23,19137905.85543848,A1_FINAL_NO_MEMORY_V1,A1_FINAL_NO_MEMORY_V1_R1_WITNESS_GATED_INFEASIBLE_RETRY,certified,PASS,6,2,435a3d95409bff0724dfbfd74a471817a000d39e415ba377a034c18b93071a89,,,f44fbed17edc87c47cc037f5e8a47f66ca5fa9c3280baf15f0b99a01051bebe4,3bb02d1b954ac432bd16c57cf354bdfb3890db68115330e0e48cc2b53e4e044d,P1,1234079173.9398518,h09,1214941268.0844133,19137905.85543848,18701115.93120958,0.0,NONE,487319.16390080686,0.0,NONE,0.0,0.0,NONE,d6ab470e666c0e50f20be8730d46585540558a04ed586222235cd635480755a8,d87ccbc8196721368df0565953dfeefd1aba0c3cd944fd09b51856825d11303f,91496cafb9878a9a93e11c48a4becfe99804f2206076229c25e636d79f574e45
h05,LA-0593,593,372077df2fc439610902aac2117de1f2841e0d1f7c912dde44a145aa7868f6d8,23,19137905.85543848,A1_FINAL_NO_MEMORY_V1,A1_FINAL_NO_MEMORY_V1_R1_WITNESS_GATED_INFEASIBLE_RETRY,certified,PASS,3,2,c5b866aaed287943ae2679e80cfb70202ba4f371f71a6c03dfb5089133cbd4ad,,,20ae83ceadc769b0eab07024a9044990d7773e1419cb8feb41e366b6303e715a,238bdb8e2f0df38696518b439df1906e719d16725bd3a9148dd6f334f44cd043,P4,1217798269.3319983,h09,1216892315.4207957,905953.9112026877,0.0,16395972.612312675,R0,0.0,888364.6990989821,R0,0.0,0.0,NONE,a2cc8276508e233a56c5f3a9cdeb7987f4caec55655b36bb99da73d0940302c0,bfb5a3907f191c46e0ea947e1401b8a8b6e7925a911d6347aa2df02b63a857db,23b098921b35411fa64e2a69e89c9b8e91c0e3314d278eececdaf1a82794a577
h05,LA-0658,658,a06ac5f944e152077f015a26b4594a06abac302d9ee8d12168cc1855c3b7c784,23,19137905.85543848,A1_FINAL_NO_MEMORY_V1,A1_FINAL_NO_MEMORY_V1_R1_WITNESS_GATED_INFEASIBLE_RETRY,certified,PASS,3,2,cfe80a112cf3b7505694cb167e3223b35e7a4d74a137d3ac592418f8c47a2648,,,6a67d36a66bbd1d830895a3d60d0ccc21c3e558f2a600eda06303457a84b87c0,ac2bf8fb3d51c9dbfa0f4651f79de39e41dfc424c7f45bd77b9b987960b57444,P4,1197577802.7998314,h09,1189267026.7379296,8310776.061901742,0.0,0.0,NONE,0.0,1711108.9069772817,R1,0.0,0.0,NONE,655116d72fae860998e34bc1b18fde857b9ccf266fd09c2e7fed1b75c6ed2167,cc9754a3952994a68e555414251c721b7c8a3ef1ced252e1db33a55c293eaaa0,373ee01561c79d03a81b6a74a7430bbaec07f5220c00c9d48f18672ea8ca2cc4
h05,LA-0287,287,6976b8c8cd5fa35b0ae0a06c7cc30e9084d607ef478d90c7ef5d00a8c768ad1b,23,19137905.85543848,A1_FINAL_NO_MEMORY_V1,A1_FINAL_NO_MEMORY_V1_R1_WITNESS_GATED_INFEASIBLE_RETRY,certified,PASS,3,2,811eae71447c7abd309c1bf1e930a0727a9cffef25d4ecb8baf13321167a12a1,,,2ca2442c1b84a7b85d3e96cca822e8557bcf23464931e0986c9592e560769e07,ac2b75877661e0672fed9818767e624b845fd7d06982f7c69ca5a80d3594e533,P4,1215479788.5974307,h09,1208294314.883298,7185473.71413267,0.0,0.0,NONE,0.0,0.0,NONE,0.0,189663294.36075905,R2,2fecd09f48d5f10685c4b24b28bdd021de2f3df2923c912a6475707720e0c8aa,f2e55d6c05cd6bd5fa1b9e472179202701793c2cd37f1d932f54cc29b406707b,a3edf6f2871052f60d29024cc0c33e285cd57fe01835e44db211214f03aabe48
h05,LA-0015,15,092ddd62a98a4bd89bf76f067ac2de26c73a2fb505374668c940be8fe91083b9,23,19137905.85543848,A1_FINAL_NO_MEMORY_V1,A1_FINAL_NO_MEMORY_V1_R1_WITNESS_GATED_INFEASIBLE_RETRY,certified,PASS,6,2,c2db4c7ab54eccabbb8880549a19516124dcc7098367f19a9f7ac5a86db8a2ab,,,ea8f36f1ca9742687a99f940d1212870d8f6bf7a60887e2a9cae7872a1f7b2d1,21bea5d6b5bddd59d6dbe288d114da3b4a844e1fa8828d10006484ac1e140561,P1,1221380975.6720865,h09,1202243069.816648,19137905.85543848,14286615.279506551,0.0,NONE,685659.346483219,0.0,NONE,0.0,0.0,NONE,c97c713cf8d2b87e9b956699be9cf8075f0dd0ef008b8e3f6d66111ce68429f8,d40ea8b8f919f49a8f902431bb528b68e2723a54ab5b7c37bd10b9c73f3e9fa0,bd9153ffa3930308aa2634e280c104273ced2c35c3fe3303f1c981266aba5d49
h05,LA-0154,154,5981ad8affb88f959adca326eb83e0af7dd4423a088a27b5f5768e1cf89564db,23,19137905.85543848,A1_FINAL_NO_MEMORY_V1,A1_FINAL_NO_MEMORY_V1_R1_WITNESS_GATED_INFEASIBLE_RETRY,certified,PASS,3,2,2cb187c3c30ed3a7f1114eaea799ee0b79d8a3c43f23b597b60bffe7bf59b1e9,,,687f3919edc07b1b986a6a591709a654dd56dd616a3ef35702d4a5227bbd0bc0,85a1feb066b2e757bdb66283a82c16eef21f2cf71b9c6cc68995611abe5d3bc0,P4,1237893322.447176,h09,1232810700.3571885,5082622.089987478,0.0,0.0,NONE,0.0,903522.4851846928,R0,0.0,0.0,NONE,0a636acb0d68fb24e822f4986bd0c7ec1aa774270ae7e3fd1d99f95cc232e373,6cadc9a38c67e02219a635e5243e89c7d64ad6b7739fbf2d6c5e3c02c5eb8f46,f78949caec997b875d044e783a072716d5961a8d61349eaf09b30cf0ef420463
h05,LA-0149,149,3191c1fb0ab074cb6835832ca5798d4e1f0f4d0b8aa3383dd32f2cfaa08942de,23,19137905.85543848,A1_FINAL_NO_MEMORY_V1,A1_FINAL_NO_MEMORY_V1_R1_WITNESS_GATED_INFEASIBLE_RETRY,certified,PASS,3,2,f96d121a96f3d91e1eac94881fa4b57fce691908a9282e5aa6e2ab99929f5a29,,,aa8abbe182c9f5e36011ca7ed8c04d0acf6b8734251f91c6c9a030ee067c5b69,03ef3341dc400f4836c2cd4db7da354e25f441ae41c5f31e5aaefc4b09ae4381,P4,1233994653.6521556,h09,1227526360.9561589,6468292.69599672,0.0,12301827.333069101,R1,0.0,0.0,NONE,0.0,47865678.65815833,R1,59162648564dc83abdd551c0ce3e68a3a81731a53f650c7f85ba3c040ce59b84,d0b6334929cb2cfb3770291b0b1f5bb3b45a0eafa13d9a7f21073a3c3ac34827,2e252991ee686f08caa01b5f86c8e5dac4235149c5ee05de9cb7edeac3697ae8
h05,LA-0572,572,1b7fcd7cefb3bdf638af1eaeb65efef59898a8745cf0c2ba44a310272e14f4bc,23,19137905.85543848,A1_FINAL_NO_MEMORY_V1,A1_FINAL_NO_MEMORY_V1_R1_WITNESS_GATED_INFEASIBLE_RETRY,certified,PASS,3,2,8541ca1e2f8dd4721e3000dd14ce29d98c9c83f6a1e62f65e99678f6ecf6c830,,,d58e7e36505c42f90dfb3f95181dc323f663e5e747f01c950c72e49da9069b82,8b7b3f9a5acce6e1be08391c51fc32e8352c084b841a3c9fc7267a7cae2c7a4e,P4,1228055937.591531,h09,1226059571.1483257,1996366.4432054062,0.0,0.0,NONE,0.0,1066041.3769348694,R0,0.0,0.0,NONE,2d1121fe0871c71cc74c0c7826ad2d77b285774c93f4bcfb1932ba482a1fdbf0,538f176d4f05b685cb1e2382afbdb21016ae57afe3d836b07758b2be6a89303b,eb8532b18559cbdb280577f19a2297511ca5fe7486dba4040c5e59a68ebd5017
h05,LA-0123,123,7db26285aeb70f4f87f8b7ef0a039a3debdca506f3de3352f9fba7ef8f08efd7,23,19137905.85543848,A1_FINAL_NO_MEMORY_V1,A1_FINAL_NO_MEMORY_V1_R1_WITNESS_GATED_INFEASIBLE_RETRY,certified,PASS,3,2,410e7543d2307e25189674109f325a529ec0e438588590eeb16363431bf6bc7f,,,85d3e9519469640f07520d3b556999f035059888f1df931fcd40bcd8c805ca37,b2e2dcf78cc8b6e00784b5abfbe185466c1ed2c410c6e3b4bf7dfedf3c2583a8,P4,1220079012.1860561,h09,1219772083.406201,306928.7798553607,0.0,0.0,NONE,0.0,1904037.2817990116,R0,0.0,0.0,NONE,cdbea713f2072a42f57a81c289b56b314d0f79cf36dca5b95a88c6ce660ca1b5,683841bd3daa91823da8bf6e751e17ea024afb84562d5b5c5e75cc0705d7274e,d518ae2994669a80c702a9d6b74f843d74c7f5faa1c164bf67245f1c772f8723
h05,LA-0752,752,a67cbf0b6a8032f4a985a2b133980b10264b5752aa31758648180af2706297d6,23,19137905.85543848,A1_FINAL_NO_MEMORY_V1,A1_FINAL_NO_MEMORY_V1_R1_WITNESS_GATED_INFEASIBLE_RETRY,certified,PASS,3,2,a03da4bfd176f6914c3475bc24b8892e9578ed5f4735aff540d64cef00de2f14,,,3245c113de56b9b84438f8736ed4aedb226474d13e3b9fb1d55cee0e1ec10a22,d953aa768446a2df6c445758d666c3bdd6701b8331afd972fea23cbd0e878651,P4,1212266789.0270295,h09,1211170086.5992248,1096702.4278047536,0.0,439155.75438580516,R0,0.0,1559029.235929505,R0,0.0,0.0,NONE,d0f2ea8a20c78a2434c5c567b94a4355594f5256d3d93ee3534403f87c08c565,db1a7e8fe91e550841b12e817cb9312e75e716fa16871cae017588370e31805e,49998cb05b6202a793efa145d5f41641a138476b14a70043d4c6a9d4c733ebdf
h05,LA-0405,405,42e2c45b27aff00643e23613d2888dd87b6df6e731f7d0751cceaad9e87dc3f1,23,19137905.85543848,A1_FINAL_NO_MEMORY_V1,A1_FINAL_NO_MEMORY_V1_R1_WITNESS_GATED_INFEASIBLE_RETRY,certified,PASS,3,2,6bc02cd2aed4a0b4b8fc0ecc9079c4134024fb3be8aade6716bbbb6f45d5b49a,,,d9baaa911960f67808ce149bde7d66bca4387f1e38077858ba16470101aae53e,cf9dc31f456e079e06d2aaa3b3d8af9b958515555de38d75898e1016e1022bb8,P4,1224606921.0417676,h09,1217383205.4664075,7223715.575360165,0.0,0.0,NONE,0.0,0.0,NONE,0.0,291278832.163684,R0,72b0a79bdf3698f2b5849ee6e1921c20bdf7befe7f17f8fc14e9cbcf1237fbb5,48435794f16329c1aabcaab2803339e320999326474642f75131791a8af24089,56d9ad2177fb6d6c52c9d5182feaeb22907c9e4f4ce90886c7b7cb49670dde6c
h05,LA-0959,959,5678edd621148dc11ecaf4fa0597c063442d95adf8e16a86e56f0be9c6c2d5b7,23,19137905.85543848,A1_FINAL_NO_MEMORY_V1,A1_FINAL_NO_MEMORY_V1_R1_WITNESS_GATED_INFEASIBLE_RETRY,certified,PASS,6,2,88baf27714c4b62bea236952890f1f6f975cad78727de98aa6a168e22e4fdcfb,,,ee90a24bae482d94b1138fb45c2d99ac3df382b8ccb7d9ff7bcd94cff3f346d2,aeac7bc05bafd9c41cc9f8c41c9dc1b33e9b98a0e1118930ff8caf3da6e4a788,P1,1231987238.2950087,h09,1212849332.4395702,19137905.855438434,17795252.741609916,0.0,NONE,528018.913339185,0.0,NONE,0.0,0.0,NONE,a256165d8c15da5898f414fca2765cb711507eefa50131b21cec54c39bb781a3,5446fb1b287380f5598f2a7fb73b48b30c994aed503123a4b4ee7c59ebeedc6d,ffe3996cfbfeb67627abc7ed6c5227f2cee2e356fcc348045991ca76e22b8772
h05,LA-0150,150,57e4ffc89d313dbacf36d4c5948ba60e18d918df4f9d44ec547bfd96ad560683,23,19137905.85543848,A1_FINAL_NO_MEMORY_V1,A1_FINAL_NO_MEMORY_V1_R1_WITNESS_GATED_INFEASIBLE_RETRY,certified,PASS,3,2,f6ea706d8162e2490919b9b63121cdd6601a09202a8123e4d18274a81194031b,,,386f95f3e223caed2c2794974e11fece78e705d80f8f6a3370ab95f3d37f9098,3d3e1cf789134d88d0b1ea41fa3a2f53556b177fc3c3d65d38879f598cc90019,P4,1220174869.9899292,h09,1215370358.6827157,4804511.307213442,0.0,0.0,NONE,0.0,1517763.6106366196,R1,0.0,0.0,NONE,04b848db12adf5cdbbe4934ae124a76298d621ad7123c336d956d8ca2cf30b82,c6900833033e27985c4ca175c1de0d55200c4d21cc58a5a0be1d93b2aae0c6ed,f4048d1836a82e3ea12bab513113f126e543229cbefab20ff22a61ae4c915e2f
h05,LA-0978,978,4d8164fe0a8b7af6b958f7b5b0ebcc8dd1c2517306e5e8633b7304becf246e7b,23,19137905.85543848,A1_FINAL_NO_MEMORY_V1,A1_FINAL_NO_MEMORY_V1_R1_WITNESS_GATED_INFEASIBLE_RETRY,certified,PASS,3,2,0f29bc8028f42787a79f342617cf6dcebcb15904946d04aa297257fea7884e76,,,f0f2feec00bd2a61c4627ea12945909b0f1169c53c7ca744c4cf71222577c4c7,a38152e8b25695a2026cd7e0d7cf3c910d8f27e5bfb0a792aa765cc127ed0df9,P4,1189326154.9535575,h09,1188023676.6108532,1302478.342704373,0.0,670636.9124735651,R0,0.0,3398159.1090397476,R0,0.0,0.0,NONE,dc71ebb2051423fc36de7a81c4ff84950425d47a030af245003595212cefd99a,3b08ea8ba2d1567d73306a289dd6b6569104faf73c7e922e9107a880b82ff130,bb7186a9ff192561ea566ae417e350cb6707b084b832687aba401db6780757e9
h05,LA-0481,481,50fc88ad5a6f285c464f798a4f897fbcaa26f476f9ef8c6d2cf81a1507ee0cf7,23,19137905.85543848,A1_FINAL_NO_MEMORY_V1,A1_FINAL_NO_MEMORY_V1_R1_WITNESS_GATED_INFEASIBLE_RETRY,certified,PASS,3,2,8818954903237396c6f7dae23c01600d6468b51ad7c1c5c3c99eae8176d0d0a3,,,21b26674e2f28df7e2dac091ce71fa8c1996b35f22a2efa54d71812269cdd966,c0196688274ac7522c6e8d95cc2ed21528ac17b6f6d1f3f9c65f7c9141c618aa,P4,1209133619.0373054,h09,1208806957.6961985,326661.3411069134,0.0,0.0,NONE,0.0,0.0,NONE,0.0,244090832.24177432,R0,ced5b3d5f4f21ef11f0f2da1e963dc068ed6eff4a8bffcdb27e6611858eb31b3,e94547f1d17a91738903eb59d8a179a50f0835a5275232e2157a038dbb62744e,f826a5187190b1ad73205cbd735ce98565de4322153826ae2cace452300a976d
h05,LA-0649,649,8bdb499cfb7da607adb470d692cc7569cfddef59031fe66cd17753dbcc98d428,23,19137905.85543848,A1_FINAL_NO_MEMORY_V1,A1_FINAL_NO_MEMORY_V1_R1_WITNESS_GATED_INFEASIBLE_RETRY,certified,PASS,3,2,829337382e1ee2f1c40c484782348eca4ade80334d586c7d5b4f0f6b809787bf,,,9cb51a956d7fe2baeca215e9bc69a3302cddc0a851f6bfa91977c0755e3cff4a,1d07e61563a3984a140f002177d68855d604781d162545d8097174708bc34a15,P4,1180395423.052388,h09,1176615335.422902,3780087.629485925,0.0,0.0,NONE,0.0,0.0,NONE,0.0,369454459.2992035,R0,3c7e6fc2c130309c2a40e08017042ae670cad2aa3221e6c32c2ff8cb8439fea7,3eb9f0de7e9ab033f44b2736125a11365db126e91fd9671cc9f345086bf36cfc,de0ba33d0a40edaeb1c8eac8df829bf02fd3f0daf56b800f95f055741bdb141b
h05,LA-0068,68,60cb9806f6539dee04a0c52f4acd201386b18ff64aaf42e6767f8696c9abba82,23,19137905.85543848,A1_FINAL_NO_MEMORY_V1,A1_FINAL_NO_MEMORY_V1_R1_WITNESS_GATED_INFEASIBLE_RETRY,certified,PASS,3,2,5b1630431a9f7c725dfe9456c691861ef32abab74b78a0e0ce640e88611d6a13,,,547a8a87c468832be0d2856ee5d8f0b8c4cd3d91d4d49f29b4193a4f74694d97,82b73db2237c40d43ed0e78834cec6774260956010bd6831372e6b13df3ab09f,P4,1228941262.896655,h09,1227433089.3715308,1508173.5251242914,0.0,12758031.054654911,R0,0.0,0.0,NONE,0.0,66177138.574787095,R0,1f46faf9e1231c7e7f48ef4588b07177dff59a12963e1e2efbb065dffecb119a,86407edb0e18cf29b72fda1c669d6bb066903845c82024cd49d5edfc9f15b0ff,7b90464fc8c45a35ceb152b3c4f3e9cd02a6550ac601f082c546c4579b89d439
h05,LA-0896,896,24ae43a438e5db5f118a72ad93a0741789c35c3f4596402d10f4acd0d8696ba8,23,19137905.85543848,A1_FINAL_NO_MEMORY_V1,A1_FINAL_NO_MEMORY_V1_R1_WITNESS_GATED_INFEASIBLE_RETRY,certified,PASS,6,2,8eed2fc3971d4611678f7acf6086d2d2b5a26aa1ee7e843984305ab0add4b356,,,a05d032c03dd39daccbc043966c53e7f9f1da2afa3adc61222ef0dff6b569add,c170610692bb82bfce657d3ab81b09d31311179de7006916682d5a89030be85d,P1,1230968019.681043,h09,1211830113.8256044,19137905.85543848,17384965.558005214,0.0,NONE,546452.8068478426,0.0,NONE,0.0,0.0,NONE,9b2f389f51898c8b353880521d9cdbf0f1d4d61ba12dd558dc838603497c22f4,eb0223523589f433fc1ba9d98372340b49110ae22a35e0faaa8c5871b1c21c08,d7eece91e405caff1909ebb8939b30f87973a4f00d6620e1bc00e2c2b0f85fbb
h05,LA-0943,943,0bf9483cccf0a0ad6ede20b25ea8ba7c18e4e0c1839f6c6c48ab577def64784f,23,19137905.85543848,A1_FINAL_NO_MEMORY_V1,A1_FINAL_NO_MEMORY_V1_R1_WITNESS_GATED_INFEASIBLE_RETRY,certified,PASS,3,2,0aca69f6ff307c7484bdc04a15b7d9e6189d15d24bc3221fd2fc044769580fdb,,,06719ff7c2b2e24b53e40ecc5e392260bc4b0bd68a4209da07f7a69dd076df08,f95382df1417a49f6ae3dab1a0a8f5012d8c1c5bebd5834ea166865da38e9dae,P4,1202281148.0060956,h09,1199316935.0772574,2964212.928838202,0.0,30133241.22247137,R0,0.0,0.0,NONE,0.0,362358602.4615051,R0,fbe590f4aad401423699bb7f64f6491f01b15b1ce9e7c8666e3512b8e30f171f,75b2747cb8c0dc18b91bfd16d76269934c533a8dd720e24151e1461fbe4a1264,1577a2eb201112559be727e3d5d3a4269c4d1ddbd8640696b71d2c9776237b9b
h05,LA-0509,509,afaaed77442620fed7cdc6117bbea079e42aba1c3bc4bffc87431fcfc07ea9bc,23,19137905.85543848,A1_FINAL_NO_MEMORY_V1,A1_FINAL_NO_MEMORY_V1_R1_WITNESS_GATED_INFEASIBLE_RETRY,certified,PASS,6,2,3ab40e2ab8fb8a025135678150c4da8325dac236d4d02e0240d00c28da7ec2b2,,,465034f3315ee20415ed732b7b3bab7f80182757ac7815b4216bc847553c779a,b047f581b98fa334f96f6d778c68f8ea8ed63b0a3213d195933e92147a9d9f6f,P1,1227295330.4219646,h09,1208157424.5665262,19137905.855438434,16051402.33719921,0.0,NONE,606368.7958958454,0.0,NONE,0.0,0.0,NONE,98a746143e06e9b909537e11e26bd934e842357acb5308634e67442b3e34774b,0ebe7a4a864786093d07a2c9daea439c517859e2062c7eb4f84a686d623c608e,eab3d96c806364b1404c9172befaf73c7c86b74c7c02f827b6dc191bee9f6d3e
h05,LA-0848,848,18ba8bd3477f961ccfad64773589b0d508a04ad4a7dddfb195e0cb1d64a01127,23,19137905.85543848,A1_FINAL_NO_MEMORY_V1,A1_FINAL_NO_MEMORY_V1_R1_WITNESS_GATED_INFEASIBLE_RETRY,certified,PASS,6,2,07dfa561ed8cfb93fb4ac3c30bcbb385b8e35bd566457b5651fe5a534e6af7ec,,,81853defcd978f985714e03471e10ef6e05e64b8074570b8d1427efe6d066e83,4daf538f8e7b79641a74ad43509a4af2b339a6136b4e09dcb9abfe36c1985f80,P1,1222469787.724126,h09,1203331881.8686876,19137905.85543848,14581759.86495683,0.0,NONE,672398.7230095684,0.0,NONE,0.0,0.0,NONE,31c56cf59cf70606015f9cce6fbbce4abe9474c0a3f7d13ac8f3ddbe6f9d6adf,f3e9cc2171e13b279a220d9b1de732b89f8fa53d700ef9f8b5e23e4078615da9,b7b1516cee1d861fe4efcf92a1a6a4e41a700bac1ccd72bd57062b766bacc68e
h05,LA-0495,495,7bc13e8e4617f5526c866da54cb9011a6de5916d88e0fd2c8324951716bfa3c7,23,19137905.85543848,A1_FINAL_NO_MEMORY_V1,A1_FINAL_NO_MEMORY_V1_R1_WITNESS_GATED_INFEASIBLE_RETRY,certified,PASS,3,2,bc5be1ac7b84e1383737d7e07398ea13eb556826ed5646c9016ff5e704bc8585,,,31d02bf5516e82f52d25f93bb4aec3c621e9b4dd76057df6e4f5ab3887859077,8d98f144e1fb8aaf5f77564944129506a4cd27168ffb5a466e58618b0eb78a0e,P4,1233524018.3437493,h09,1222639537.6232798,10884480.72046955,0.0,25903470.31279483,R0,0.0,699840.9892697916,R0,0.0,0.0,NONE,8db05f87a708787bf2cbca7b1fd05594bd5efa865fc42b632a3f00a9a816fcd8,ea1b2695e74b0c9177a160a250634f175ec52a80772140cd2ee1bf0450050cfc,4efe2bd0dbe5ed54ee1525657d9095e01aaea2b9366f8fee5c7415edd7042ce2
h05,LA-0180,180,b145dd9c8cfc5155696db0031bc4064abe43f4293e451bc31c0f9c145adcff92,23,19137905.85543848,A1_FINAL_NO_MEMORY_V1,A1_FINAL_NO_MEMORY_V1_R1_WITNESS_GATED_INFEASIBLE_RETRY,certified,PASS,3,2,6a933034f8ad7ec00145cc847bfe76b30451320f1c8744514e6f747c180efece,,,1ed9e74d4add8a67d22a45b2d612b7013413ed139fa75292a49282229294cfc7,47076b26676a013ce2f1c1c9fe073167cdc289cfdbd6477e7af2d8d0a1138aa5,P4,1193052766.8541737,h09,1191453281.8396542,1599485.0145194288,0.0,0.0,NONE,0.0,2336585.647153755,R0,0.0,0.0,NONE,68de61fe6e91c7127659e5a14891c645d40a7a31f82facef0f32764cfed6edec,036201ac5d9f6cafbc2a93a645e77757c44a5d00f42d590603c46efc6b1f47b2,81a7460861902e4da72f11d92cee923772073062c9beea277d1d6d36f6b2834b
h05,LA-0525,525,83af71f8ba5ee33ca66c978cd2649cf74ae3bce9b598a5f4db626a4d7733bd9d,23,19137905.85543848,A1_FINAL_NO_MEMORY_V1,A1_FINAL_NO_MEMORY_V1_R1_WITNESS_GATED_INFEASIBLE_RETRY,certified,PASS,3,2,5fbf14f66ce337302651c474dc7cc9f452f410ff22f1b055618a45583dd1e932,,,3931603d17391eb792b9b22042371591a4d2cfe0878cdafc1f076239fdcf98c3,960947d79da0aa04a1e679a599809e0b617fcbbdd16630888318ba2310cffb6e,P4,1178808246.750184,h09,1173896919.638352,4911327.111832061,0.0,0.0,NONE,0.0,3165565.750312587,R0,0.0,0.0,NONE,0b17a964c8cbd4f87b48eaaf63ba009b655806b66793fd478ce00202f941ea90,9798a4e286816627a5c3d7013de8591cc2afd903be78ca41d0d729e3b3546490,8f45089fa6341804fef9268fa488ebcf8b71b9fc7dad552e4cbfbec7bd535a5f
h05,LA-0523,523,d31aa80ffad076f8dd285ed039d40993d844b1d27fe990b838b50f90d2c56fa9,23,19137905.85543848,A1_FINAL_NO_MEMORY_V1,A1_FINAL_NO_MEMORY_V1_R1_WITNESS_GATED_INFEASIBLE_RETRY,certified,PASS,3,2,1f499dcfc57d6383836338ab4e8ef6974766167e30fbf16c63bd0dd1272f0efa,,,276cf89158cb04d7ed029ebe7aae402251be8d093fa04613ed6daf44d892408b,bbccbf940d5b9d4844094e9d7c7e2758ea8845484ac151cf2b5ac276c12c0128,P4,1228926930.9048302,h09,1226183416.73409,2743514.170740227,0.0,0.0,NONE,0.0,0.0,NONE,0.0,372179340.18546396,R0,e8c8e87bf493ee9d1dc2aed8b16cb9961b10c4e3cc05b9d0bd71b9cfa20a7d67,28e28d16f30cbd61858a88d628768767af9a3bd679f860fb2638187132bec771,751b5c1e822336009b9f1e66eddb94d92acfa4d0ce1f4cc17d58554140870553
h05,LA-0982,982,182c98024aeab95a5710c14bc11bca9d2e1ac8582a207c393ca0f89cd98afbe9,23,19137905.85543848,A1_FINAL_NO_MEMORY_V1,A1_FINAL_NO_MEMORY_V1_R1_WITNESS_GATED_INFEASIBLE_RETRY,certified,PASS,3,2,db7ade7beb80c8b0a00e73a3dbf0f573b0a07bd762d69fef29cbfd986a15fc1f,,,93184049c6746a36c41f6df6fd5caac05a9d6f77797927fedb70e93a38cd1838,515feeff6ca8ba16cfb04719a0328f92c8f5713d651543d432d4b42aedb9727d,P4,1239392091.1770806,h09,1233125432.4758167,6266658.701263944,0.0,0.0,NONE,0.0,0.0,NONE,0.0,151981142.41404876,R0,e7778cf4e154e9ab68abde330bdec35b8cb5df1ee7fa89d5c9857d9a9bf691d1,5081e0c9b892e70fcaec5912f936bdc9b4d5ee9826a73da500f36ed4ec651911,7797e943e7f390d5f2220bbdb1df36fe9749a3ae4272db4005394c95404018cc
h05,LA-0410,410,ace3856344a78e7d1dd524f1b1d0f174b0f2af6971133122152dcc812694be2d,23,19137905.85543848,A1_FINAL_NO_MEMORY_V1,A1_FINAL_NO_MEMORY_V1_R1_WITNESS_GATED_INFEASIBLE_RETRY,certified,PASS,3,2,bdd26aef9e8efcf0f7b05a7f284e090365e37f8ff9702245abacf7b6250971bf,,,96391837c9a9d4c39d07bfcdcb44c59d74c46e8041f577483730ec6b2216647d,1efe693731afb347ce7ac173abe928f9ba31c00a044f8e20709543a1eade87bc,P4,1216786319.2792413,h09,1207002805.1991656,9783514.080075676,0.0,0.0,NONE,0.0,0.0,NONE,0.0,172892050.9032423,R2,64abc8903e5a938b408ed43b9dc8da423712155729f7a2ce11f26f9932bba2f6,44ee3526ae84e0b09659fa52422688d000b04b0041adddfddeff32f452c22cc3,ed50f645dc8c8a8753d0db44f82979066cc394174c60f736e23b9a38705277c1
h05,LA-0972,972,b2ffc054354e99ad70ebde91ba67512301b5426d3258e58dde6603e25f618e8f,23,19137905.85543848,A1_FINAL_NO_MEMORY_V1,A1_FINAL_NO_MEMORY_V1_R1_WITNESS_GATED_INFEASIBLE_RETRY,certified,PASS,3,2,c8fdd4e680283d94163dc2430ad9e7331bb53b5d86cc188667fa6e11f6a063d2,,,85f5d927d46b5b4db4d3c59870e442d39a144583dd62aecfea6e91485f061c26,6d4282ea7c2d4ad232820dd726931cf0a3986bfa438d7f53c415888ff67a5f24,P4,1186510679.3559616,h09,1181231256.2122865,5279423.143675059,0.0,12296970.7538332,R0,0.0,1330876.3643000824,R0,0.0,0.0,NONE,023fba9b912b3c441b272737423788e55e46001e7896877b0caab60a95411b6d,8dd12e7e307b89567f1b508109a2055b8d9777b0ccd491a2b6d91db48b012bb6,3478a94e0d7f125ccbd33145adc2055b5ba2ed560b9686e1d39ec301d850ec4c
h05,LA-0770,770,f1fd6d3034dacc36645a1be8d00f7901ca6d2a318a9c60c3b379ff82db5a4f4d,23,19137905.85543848,A1_FINAL_NO_MEMORY_V1,A1_FINAL_NO_MEMORY_V1_R1_WITNESS_GATED_INFEASIBLE_RETRY,certified,PASS,3,2,1be5da4c5a75bbb0a88f7fc2012baca3b6e7dc788356b34116f94098dfdcde4b,,,c3383ec9e4c19a9c8e79df8703a7422de558566c4702e2e59044f13e8c6bbf77,03f9147adfc6d1e6da165f27abf466fe4a611137962ef1f611ed360b4e065579,P4,1196396479.2715743,h09,1195780856.4046967,615622.8668775888,0.0,0.0,NONE,0.0,0.0,NONE,0.0,705091681.5506603,R0,18cb1ee30548631d738435c6e87e8cb0c6839e702a8bb47a5d5f7c06571c5a9c,8b7fb88e5bbb5e2d459d705cc720b13357850254f254f3d7f8074697c77ba0ce,eeb0b6519d64d74a7a46601504333780418a6255ee2a3c9dd3ff0e277248019c
h05,LA-0285,285,99a8425dc45cd2ee0cefe3f09f98b07802b60958c867aa71719c9568623adacd,23,19137905.85543848,A1_FINAL_NO_MEMORY_V1,A1_FINAL_NO_MEMORY_V1_R1_WITNESS_GATED_INFEASIBLE_RETRY,certified,PASS,3,2,21a109415bc6e700f70e59683b4fe9ed9af4aca221bc533ca27237a0d130954a,,,efc7820957563b521a08c1f9e61186b49f1839df3c8c9d7a2b7abece120d5a28,e43b2b5c3e5b6a7c49e8cc1f3b9ca30c3dff7bb1241856cc9ac23d050d298b2f,P4,1228351538.3093421,h09,1226802037.6762908,1549500.6330513675,0.0,0.0,NONE,0.0,0.0,NONE,0.0,184090327.0052032,R0,9c99de6aba38a265ae130e9d836eb817ce2327dc2f0e125f0c238b156c4049ba,f4634289b24cbbf3533baa7719f6f823caa3614bf18b3c2dd2645f2839d1c075,9f42e9a57d681fc6922bdd925018f5376c5f4f5b2241666a2d2d98333d0ab907
h05,LA-0575,575,30d07b6a2bff226fdc421bad06d9b3880909b6f6bd889b9fa0ccf06484e40ad5,23,19137905.85543848,A1_FINAL_NO_MEMORY_V1,A1_FINAL_NO_MEMORY_V1_R1_WITNESS_GATED_INFEASIBLE_RETRY,certified,PASS,3,2,bec5cda43e57eed077efc0ea32a4bd3890791c85750d22edd75556398a67ea0d,,,4865045c963ae0e45b1240cd36ff0e435c20c8d1060d27b3d46602b1a38369b8,f9bf601d7d104f5257abc1930fa74a26fa8b24afd93e16d2df8139ac856c206c,P4,1189106348.8280747,h09,1182776409.4105074,6329939.417567196,0.0,0.0,NONE,0.0,1916092.5587494017,R1,0.0,0.0,NONE,2643e7f4d3ed84d4ee167446579d4a07f5c952da304ef5bc1b59297d30d97ddf,8ea398b4eb4b661f7ac4da06a12d90d52bcc95159cdf6a6e33e638d4b168fc1c,2d21dade2917e2f237c5599ac74b884c4ef73d81d09828b61dde3b916dc3a984
h05,LA-0115,115,7a292a6564f57df562c61130f79c32c77121485bf0331ddbe8d5b39cd5907cd6,23,19137905.85543848,A1_FINAL_NO_MEMORY_V1,A1_FINAL_NO_MEMORY_V1_R1_WITNESS_GATED_INFEASIBLE_RETRY,certified,PASS,3,2,b87c7dee5f254f875f14bbc3697fadcdc8cf1ee564fa9e78d8ebb6be4a0a36a5,,,5dc19488b221306bb4f95577ef3104c2d670ccb606f35b62bda3875017dc847f,19666c16ac1febacd3817214b396574fb4a543130ef6c3937bea48b8e12b0aba,P4,1214283784.0671365,h09,1211312602.8508542,2971181.216282274,0.0,30231648.264673524,R0,0.0,0.0,NONE,0.0,270471295.18776804,R0,f6378f28922466794aac3217974e0cd65422447e821c96094d7bf8a7389bdac1,eb775414b18bc09846f5aacb51d37b247e29ac1e32eb40c5a29c99b682483c6c,ec6e48b8e2d9e123844db387f84884f006c7a374af845a26d8969110d177ac6f
h05,LA-0109,109,273c1bf699eeebe2266ad272bfc4e066be02716036b95620b65ba8472f022347,23,19137905.85543848,A1_FINAL_NO_MEMORY_V1,A1_FINAL_NO_MEMORY_V1_R1_WITNESS_GATED_INFEASIBLE_RETRY,certified,PASS,3,2,869ed2b25e49624bc765f0b1a56a4bf55316a15da36658811168d30729f707d6,,,aeb1ff19b183ae5781e1fc32c0cb7146ca2672f7e01e8a61df01659d1029b352,979813afb8f30f0af5938697a5c2a95d8a1c029168cb6dcd4a24eba4952d80f9,P4,1190407213.724286,h09,1186205199.5417848,4202014.182501289,0.0,19279000.84787247,R0,0.0,0.0,NONE,0.0,290549671.7039487,R0,e99c2d0a0b2e1238b64751aaec5d3a8e461b96c0b64d1f96856196c5d7bd35a2,e5c52d430e46b9e2b7f40e28f211256f1d32ae324b6966968bd9d039be7cf0c5,61fbe5e77846316f280b91d0c87b1ccb5dcf584e633d8ee800589218599a8684
h05,LA-0890,890,a923dd4dcfc74d3d775512a114cd0c68d831ada21063a55b288a909c2c62b105,23,19137905.85543848,A1_FINAL_NO_MEMORY_V1,A1_FINAL_NO_MEMORY_V1_R1_WITNESS_GATED_INFEASIBLE_RETRY,certified,PASS,3,2,0faeebb2d9b9150443eecdd9eebabea6ce0bb96dd57e27ec457cc8e47fd24e63,,,7f9f2c1fd92dde5c01d06416ee4d5949c0b6d8464f0b96bb1b9c87138d796861,697f5c05090585846a56f71f08308206d2215cf93fe0cdd5fa2be50a30bf6ac5,P1,1236510855.662824,h09,1217372949.8073854,19137905.85543848,19877297.011643942,0.0,NONE,434474.2356407252,0.0,NONE,0.0,0.0,NONE,b17cbe68e53c6eb5c73b8456056a6e8fa74cb96c4e598513ae76ab39c1236608,c5928d475a804b38823ff9ecf0ee4331a19bcb5b8704b5738b9084a5cb2268ba,14948261c9b34428a5ef562809427c1dae11b58bc7ecf99896f529fdb7a9f950
h05,LA-0921,921,d8451c7b32c1dc3e8114533677b31fc780f2634a99a80ddf70e4272b8c26355d,23,19137905.85543848,A1_FINAL_NO_MEMORY_V1,A1_FINAL_NO_MEMORY_V1_R1_WITNESS_GATED_INFEASIBLE_RETRY,certified,PASS,6,2,5a5f7bca26533308d11addcb3fcb8ba2430365e3107550e54483f6cde0620800,,,616a7c4ada4e2ad48a24c73f10e91c8aa45c7b6fe57acf4547f659e1e73b6d7c,f270fedb0c7e7501862cc15a6c03db97bae7c47c0c6af0bb9035a7990f9104fb,P1,1226408538.35541,h09,1207270632.4999716,19137905.85543848,15759511.712314371,0.0,NONE,619483.2213771129,0.0,NONE,0.0,0.0,NONE,d31162df79148427924194327df1027323c2682821716e4cf16eb2ac282ccf0c,bca8072312a5c7f7204e0fd6dd68857b2eea2b6dc0aa817e3192d9b496955217,f85b3c079a2b4601a0585a6bd38a93bca708919c55efd678a7261adfc17b2a00
h05,LA-0162,162,17d7974661c5e9b889c1fdc7d19b6495fed6dab66ad18cdc4c43ea4157bef527,23,19137905.85543848,A1_FINAL_NO_MEMORY_V1,A1_FINAL_NO_MEMORY_V1_R1_WITNESS_GATED_INFEASIBLE_RETRY,certified,PASS,3,2,d55ba789aab1022eceb48a9c1a52d32120978f2496d9eaf576bb819a30122596,,,e7f877107c701c800ca047b277a049ccb8f7b31370b8930aeb8ef9135dc57c0a,37287b56ac0139d7afdd71ce3416e26439fec22f6ceaaabcb7b0127b9d091f9d,P4,1213495629.2948854,h09,1211591319.8431528,1904309.451732691,0.0,0.0,NONE,0.0,0.0,NONE,0.0,243986610.95890838,R0,58c101bfa89c583cd142d72ae20ce89a3c2b981833b36b74fc34d04230815f1e,6a5116083b14d7c47574adb2fc84f240e7002a7f11767da8b974742c18748698,f4cc1526befe3c4e13f2be485bdefc0bab78937b8bb2c48e511af49bc8e46da0
h05,LA-0786,786,1174073a28d0c3a2e594e8b47c88e882eba16d3e0d1322847cbf623cbfca3d1b,23,19137905.85543848,A1_FINAL_NO_MEMORY_V1,A1_FINAL_NO_MEMORY_V1_R1_WITNESS_GATED_INFEASIBLE_RETRY,certified,PASS,3,2,fea865199d2bf9bb3b2a74d24dbe9aaa9d24cc7855455fe2185f14dba794ebcf,,,e39fba0533fe8f23b1132a8dd2ce1c4ca66f9c5c02a45559cbcbd6896645f09d,9632fe83a7c72488f3a06eb655a5729f2f8a54ee2cc82739ed941d11d40f00dd,P4,1177058567.6564925,h09,1171501104.8884242,5557462.768068279,0.0,19836655.36556331,R0,0.0,0.0,NONE,0.0,366871207.09315467,R0,fb72234efe91c722dc89f0370d58e9d5a7eea545522038cee7e3c7c8f0d00f88,84b056478ae9bf945667a5941b6aebde154d62dca91bdf570df98118a6c23f33,8d525e44016c4870c23d07a186a8e4883a7afc9cfe763fda40393576e69304bc
h05,LA-0862,862,1c4582bc1dfe30339b657dd77bde26401a840d7b9e14e11ca62b5a7daa755775,23,19137905.85543848,A1_FINAL_NO_MEMORY_V1,A1_FINAL_NO_MEMORY_V1_R1_WITNESS_GATED_INFEASIBLE_RETRY,certified,PASS,3,2,1a0fb1174db256434a0a64ea87a203a90d330df6be96b33d4488a40f2e4df7ed,,,47f11678c50ccdfbdb47dcaa7e06125f02fd1cd13985fdbe1dfc9ca97115c00e,02070b5457057c34029769435b3d63ee4e905c4e10dbb1763e827c84cae367bb,P4,1230428497.6722949,h09,1220184020.5056984,10244477.166596336,0.0,25281244.99071838,R0,0.0,0.0,NONE,0.0,121492365.19181545,R0,b61d429569c5af3fafadc9e675145a9722ac25732e64789e0f518bbc02647e1e,6348e9df929cf8b8e5880130ae873ce75f96acf66418b5793c8e0fe3304dcca7,8134fd2fca39adf4c8770f1383c769635876c5c1d2a8a8cf35ab06a436f0b359
h05,LA-0121,121,e09b25a104a5b5737a982329f643abe6a52b268e29f7b3b8ee4ba27e2e2804a2,23,19137905.85543848,A1_FINAL_NO_MEMORY_V1,A1_FINAL_NO_MEMORY_V1_R1_WITNESS_GATED_INFEASIBLE_RETRY,certified,PASS,3,2,3159032f7d1d423c5328a4bbb2b966e2da9251928c2eaf65d547dadefba1a098,,,5f5f57afd7d0b72b67f5c37b8717e766d64a00ca24131736a9b3b798920ec448,ab781aaa2c35bc14c8ebb90cd0e74ab18365f9d326ae59746b373f1301c0215e,P4,1202465282.961027,h09,1201320746.7862937,1144536.1747331948,0.0,0.0,NONE,0.0,1616875.3005582804,R0,0.0,0.0,NONE,42446adfd01a1cb5f50ec09af98645894ce089bfb73399671a0802f8ac2dc97f,321f5c62389aa2e2f51453216f184240441be4aad1bb161d39750bbe32bcf270,7b08b51b6fdf71dd3d847aaa08ba159fdf725566ad6dcf6e822c6ecbbc92b5c5
h05,LA-0051,51,d77f3bce26b0e3330ae0a4a5c88c1048624bc0c3991e65d6872d2d0ba4466cd8,23,19137905.85543848,A1_FINAL_NO_MEMORY_V1,A1_FINAL_NO_MEMORY_V1_R1_WITNESS_GATED_INFEASIBLE_RETRY,certified,PASS,6,2,bb5aec71ceb09763e61c81f5842e0809b1e35da56903c3789a53568b42794c0c,,,42dac7e6947d68a0f48aec946c3e1c700da2965f2cbf031aa3408aaed09e1a8b,5ae7e074fa42fe9b5bc4b40c1885cd1ab8bd08181217d560f344e1840db099f4,P1,1223002661.7088614,h09,1203864755.8534229,19137905.85543848,14730696.088928668,0.0,NONE,665707.1308712112,0.0,NONE,0.0,0.0,NONE,d038b1845d9bb5b76c5fc25dc8cc28905ee6567f0601df8df742c0d2bdac7929,18882dae46b14288a116487805ade615bd320501616cc9a8eb7244327e75b010,8e83aaa666f04505e1d2550e3d0a428357c3726187c3b8c0ac92764b211d9e03
h05,LA-0479,479,14b6d5511703b10299839ebd90facf85e476c9ebfb75c9f005d549f7e411618a,23,19137905.85543848,A1_FINAL_NO_MEMORY_V1,A1_FINAL_NO_MEMORY_V1_R1_WITNESS_GATED_INFEASIBLE_RETRY,certified,PASS,3,2,91962909fd12530c18ad248f3c4b01541284554449e8e99a443aad0d048176b7,,,3010889b03727a5e4c5ab108a3fc0c5d57ddac2cfc0b0a4ce94819480231bfc5,0fa7d95de703647fdfeaae6c4788af5dd2b8f5d5292f0f385ea34e40ad483d6e,P4,1228986963.2024364,h09,1226647151.8150616,2339811.3873749413,0.0,29980839.619456746,R0,0.0,0.0,NONE,0.0,155162080.31718072,R0,37936e55653fbf507d6b6052aa06f23bb6b88ecaef8f3d5a7c381e3a4e456c3c,69a624db60ed82bae1d7b29164bdd39ea1d28092ae232c0c9faf7c40443928a3,df91947d00427b077b97cb78979e6d49fcf24a7e8e03ef57095c1e3690ad0249
h05,LA-0842,842,466c5fdd8cbfea6918620048fa7f1f9789c57c69c8a9622cf593d5e3d2c29739,23,19137905.85543848,A1_FINAL_NO_MEMORY_V1,A1_FINAL_NO_MEMORY_V1_R1_WITNESS_GATED_INFEASIBLE_RETRY,certified,PASS,3,2,bc1aadd1d581928d853070e9f1c33aa7db2149f18c1a528dc6fc39739786ae66,,,b7416931fe22f49c46fae760d214689e7bfe9699caa2b7b1d5a50b9851a4528d,94a227c43af23bfa077d73184a724761ef0c2c0defae2454cd79dd41802fd05c,P4,1205964331.3658745,h09,1201736222.7302876,4228108.635587054,0.0,0.0,NONE,0.0,0.0,NONE,0.0,230599286.2700812,R0,9d709ff4c6cde7b1dfd98d4967c2e05d06fb89b818cd3172b0d38d9212108035,7730394e6a061f69f2fa6f21751b725ac838f0686e16207bd45bc26b64a5663e,dddc62ece7ea4c40b84a1f110442b60c27d9d51a0aa18a9f97f95f5022595b55
h05,LA-0289,289,fa2f1df2a5a81adf302bb6baff73cd4c0130b16333573323ae44149beefce25b,23,19137905.85543848,A1_FINAL_NO_MEMORY_V1,A1_FINAL_NO_MEMORY_V1_R1_WITNESS_GATED_INFEASIBLE_RETRY,certified,PASS,3,2,b862b8a95a6e9dc896adb32abcb910536728ef5c97a123df1b45baef53b9752b,,,03eeedcf934d628db825e37423dd320a1abb18752987de2d390e59035eae22f7,81e43d1c3929b22d48c1fae5192dce787fce148664ea33ce3b0fdadca992318f,P4,1217113987.203449,h09,1215503656.3331108,1610330.8703381014,0.0,14902067.833755491,R0,0.0,0.0,NONE,0.0,122505459.94622238,R0,a2ff7192a38a4285beab125f6eda3ce39270d676cc27ebe5e7bbc4dcafd04eb2,f345be71ac36fbd319119bba16ef9baab8ab2a358f42b351f3a1ca042e0a258f,01cf32c2f8324a26fc49439d1665988fd32bba13b066fa57eb40996fa2b29b54
h05,LA-0648,648,11c1b64f15bc6da32ddaf8da712da6024392b6c8099fcdbec7dd43ca9c10688b,23,19137905.85543848,A1_FINAL_NO_MEMORY_V1,A1_FINAL_NO_MEMORY_V1_R1_WITNESS_GATED_INFEASIBLE_RETRY,certified,PASS,3,2,00fabf3572d598d14ba47860a24ac6769eebc91275757d3c2f6db0986b4dc005,,,6ef0ba95935f15ac246d2115437282023fae7fdf0fe0aa0d12a4e118d6cb9ada,1ef0e32be77565bfa8c27a19c3f0c5ba13941cfdd50835c8073e8edcfff5af63,P4,1227318467.49491,h09,1223299622.115914,4018845.3789958963,0.0,0.0,NONE,0.0,0.0,NONE,0.0,174416154.0676397,R1,d0bc51a41de324f13ae51b57bd41c0c459d4171487dc951a29385780f66d8fef,bbd34c3a34f0da916c5b7f7c2097c6194fc99a5bd8a8245b0fbd6b7e368e88dd,9bad02394d154ff1bfbc41021ed26caaa4e510c5fd7b84413feb3790bdee321b
h05,LA-0006,6,de42add8841adf6cdadffe7a2c3028d510ddac8675da732fcd463e1eae700250,23,19137905.85543848,A1_FINAL_NO_MEMORY_V1,A1_FINAL_NO_MEMORY_V1_R1_WITNESS_GATED_INFEASIBLE_RETRY,certified,PASS,3,2,89dda7fca0853a8a2efcaa19e18b5093ad09ecf74b384a2b31ef0935bd496699,,,b1f286ffa55fafa8cd8d8b61c1a43d8f1f1935a5927e57f55e08630a6aad88f3,ea6b242348df5dc47e06d9ceac772dcf6c91304c089a01b45456e106b071b8cf,P4,1228010902.1554124,h09,1220421369.0754495,7589533.079963017,0.0,0.0,NONE,0.0,0.0,NONE,0.0,138001015.2037785,R2,dc15928035b86a773164bb339a7183334ee91a86c95142f305c5cf24ded5ffd1,08bc1fd84ddb1bc731209a12396938a59f923d50a1a9dff3d2fed5934280d737,f5a319696fade7c933b7e16a2da37b5784405effc96ed18b6d185d52fe05daf4
h05,LA-0785,785,8e346a58426a8b8791a228ec082f2a836b5daa0cd6764def52ffff7e66d3e4e4,23,19137905.85543848,A1_FINAL_NO_MEMORY_V1,A1_FINAL_NO_MEMORY_V1_R1_WITNESS_GATED_INFEASIBLE_RETRY,certified,PASS,3,2,41e4119c2d324327e5cc50f0cc418f4e6f659fa44334b1a5c48bf82a08c41557,,,3686f60f751e707e4e83ec5aec47104f91cb790c2e5527d82ab366b2c5795fa4,241b0e30a3c5550db6632070a57555ea9b0dbf9472d2c49abd3cf66788bcc20b,P4,1227241566.9455297,h09,1226042159.3166077,1199407.6289220576,0.0,0.0,NONE,0.0,2732725.75251749,R0,0.0,0.0,NONE,bd37c6393e9c9eb0f53a915b63f38125dacd3728b40035912ca6e21e5d130fd3,b20ed3049c10d5e9612bf73a043733276b7fa56c75d61b72c30b1a23a98ffdbe,b4513b4a674ff9a7fbb40fe5c1f75669da5602898137017a6430643460c5e484
h05,LA-0747,747,9f8a2564a65cb50a9ca783a1d129e44731a1bd896d0cb67bc8564b22c69e6ab5,23,19137905.85543848,A1_FINAL_NO_MEMORY_V1,A1_FINAL_NO_MEMORY_V1_R1_WITNESS_GATED_INFEASIBLE_RETRY,certified,PASS,3,2,5b42eec375fb1555e9a18ccf545279bb22909b02294d7f2a2e7aea397a71ae3e,,,dafa6f533fbb809994c6014de2155e57fbbad7f94d2fde011957a16922e7cf4f,5fd99a0f2bb65b27ebaaea26ad6a03bcb6fdc689d88616b991164f5ed942cbcf,P4,1194349093.6356745,h09,1185935980.307348,8413113.328326488,0.0,0.0,NONE,0.0,0.0,NONE,0.0,271365227.51417464,R0,7d41345decec1fb9e0fb0878cb8eaccb56261e0ecbd90c77e126d478e2a5bcde,3ffa9d21357a1913f33fff785e6c2cb3e92bfdcaa5ec3dd8bf4877d6e58d62b9,039506d8428a67dde3f506422f3e4f7e488f89297c8cc7c7db1a641ebae5575a
h05,LA-0528,528,6be2fb705b657f16b0d243c4d71dd16622e5b8779b782f6910b99be278e7ef27,23,19137905.85543848,A1_FINAL_NO_MEMORY_V1,A1_FINAL_NO_MEMORY_V1_R1_WITNESS_GATED_INFEASIBLE_RETRY,certified,PASS,6,2,68959bc35881e94c4a0917935c91b3ebba7d563a6bfb43b5aae451f2a35ee998,,,851ed4ce9bf627121169e29d1953f2603fb7ebcaf4198f6244db62d7845f86be,b742e84ed852d23c5fe4eaf46a331823b4b2f16912ca89e58fb5131ad72cf881,P1,1221788872.962194,h09,1202650967.1067555,19137905.85543844,14395773.838575201,0.0,NONE,680754.9348080802,0.0,NONE,0.0,0.0,NONE,b3668bee3fa8e64972ccacfb9a0296668827caf37f462704beadd9d35e4eac6f,75aabaa63b9225d5ddcecf5ac47aee2b8c1ae496489bf5acd19bdd36335130a2,6c65114376784276ae5a30b51d7723bb1664522947257c702bde9cbf9a1fa447
h05,LA-0584,584,556c45d9728bc708d48ca90ab05bcc9fc0894a145ce274429533fd65d664d455,23,19137905.85543848,A1_FINAL_NO_MEMORY_V1,A1_FINAL_NO_MEMORY_V1_R1_WITNESS_GATED_INFEASIBLE_RETRY,certified,PASS,3,2,829e697bc8ab458cac6cb0683d2f9e92b6df1bfb318c741fc2f40df41560a938,,,3fdbab342b9fcbb3e0ab186fca91598f5cccb4f90d53e5e331ff1e735ad123ce,ecbd8c53ea8f64db77e16183918c6733ef7cc777ee8b8799df52178576646a56,P4,1228304756.3934624,h09,1219752587.4170883,8552168.976374112,0.0,18535396.971837226,R0,0.0,545673.828099381,R0,0.0,18146668.66082189,R0,e8034e050189d5912bb1c0ca6af24bf785f9e78c51b054940cdc4d0cc383930d,30bf65d3fdbe5b8cfc6e62941517a11cac89b0fb5f256c4e25a9cdcdb8aa0e8b,ecbd8c53ea8f64db77e16183918c6733ef7cc777ee8b8799df52178576646a56
h05,LA-0488,488,a1c8e52d0d582b81669d0fc62ef43207af83301f2a7d6efff05cf8d29b3f7c05,23,19137905.85543848,A1_FINAL_NO_MEMORY_V1,A1_FINAL_NO_MEMORY_V1_R1_WITNESS_GATED_INFEASIBLE_RETRY,certified,PASS,3,2,d7f9cc332816db3c6cb93ab8c62d1a787d59e907032681e54268da80d80bdd48,,,d9a270bbd0e60932c6a849319d15cca9ee18f761e52d24849945d51249fbc881,329a5a0239875e542df8b2d43aaece04b922b538949659290550db4bac2ba63d,P4,1211411541.8980565,h09,1201062129.1423051,10349412.755751366,0.0,0.0,NONE,0.0,2222778.2330648643,R1,0.0,0.0,NONE,2dba2dceb8a8998eaf008c096b2c17d80f8594044bcb28daed27b2cfac658436,f322d52196229afee75d32e2741af3146746b7d670b2ec9f61d59014ec2ef743,2eb6b79a15a28f74d223c79df226df9b95c00e74c9a4c5de9e9858fe04796a03
h05,LA-0170,170,e20bc3fe56ecbfa50edae2fdc3bb38c9a5ba56e6bd20d5bb830aff856918c573,23,19137905.85543848,A1_FINAL_NO_MEMORY_V1,A1_FINAL_NO_MEMORY_V1_R1_WITNESS_GATED_INFEASIBLE_RETRY,certified,PASS,6,2,c27d54b8d53690ef43c0431b9e61e4be1fefe63bf685e7e6fc58f4111fcb1ff1,,,571fb882e63e58a083fd1ec5a644303a9290e0986d6aaa217d5f26b1035f8cb5,9d0f496e02fb2f1e410a16c25b742e775be0fb225de2ecb9192f63af42ab00c4,P1,1228626321.657972,h09,1209488415.8025336,19137905.85543848,16510375.98286994,0.0,NONE,585747.4563910667,0.0,NONE,0.0,0.0,NONE,773b3ed1e7f2303d65e46e106a567f58dd7b7ad6efded707b76734a197d9957e,c97fe7b098c57df76197f548f82d313d639625926eecdd918a16b217a304a90f,b8dcec8ed16e4a1273fee9386f86f12d057314f5ad1c5dbd7b49972c574ece54
h05,LA-0771,771,1af97d7121e738bd7118f9315c5bc017b1b0c78ae8702859b8f0c2362c18ca0a,23,19137905.85543848,A1_FINAL_NO_MEMORY_V1,A1_FINAL_NO_MEMORY_V1_R1_WITNESS_GATED_INFEASIBLE_RETRY,certified,PASS,3,2,a36719d0baee874eee5b255df6041826fddf4efa59d915d23183b5670355c4d3,,,dba28060fa1ea4cb433977a54ae4775f97f6dd7fec12c4c1e0554b880d7fce0c,79c11164ab8dc26236368f49645400d83d01b62d3f212a49f948fd5d504590b7,P4,1221597252.8364685,h09,1212874452.9038432,8722799.932625193,0.0,0.0,NONE,0.0,0.0,NONE,0.0,180685423.39662766,R2,5dd1e38a00cacf10449cbe42cc57dac591a335715f5b1ce6144d9de7b67ee555,3650ac1c004988b83cc297e0ce650cf34b2726dc77b908fca6d589662c63bba8,726ce1b9b8524d3cd284a69dd9314b8344828fd330419c68d43f834b65c17d06
h05,LA-0365,365,03571409f530a57950103a16cc3d0f31cfa9635ee41d994996c4ed270bbb4e53,23,19137905.85543848,A1_FINAL_NO_MEMORY_V1,A1_FINAL_NO_MEMORY_V1_R1_WITNESS_GATED_INFEASIBLE_RETRY,certified,PASS,3,2,bc5fb5fdbfea946efd37492cf3ff5f597b10a9486c6d25d654c786e8a147e94f,,,d5f8daa8b3f345cff8c1f1f6d2447444542c1736797fed6a32e1b40b38b3e547,211f69c47dcae72274c9fac6f06ea090a52275c3247aa7f6c77812a5da17a91d,P4,1228080038.687993,h09,1225346633.7239008,2733404.964092239,0.0,20517892.12210975,R0,0.0,0.0,NONE,0.0,110960636.14153771,R0,b6e8ccc9b7f3a32b6118e433e568da1bf3f005bc3b83fa7d03ac94e499e4b295,a71791bdcebac2cd8e4e9c69baaeccbd305745ca5124fd78a76434d44bcc3643,d44c1868778e2d96014e1c8cd656bc61fce0a75b182ec8a198b93892dca4ce52
h05,LA-0286,286,6baaa33555436c6ac3e813258e2307c08f082445ff5442dc255c0053c1af1067,23,19137905.85543848,A1_FINAL_NO_MEMORY_V1,A1_FINAL_NO_MEMORY_V1_R1_WITNESS_GATED_INFEASIBLE_RETRY,certified,PASS,3,2,104d6638a0d333b409f2f654c946d5f68d6297e09498477c107a55dc5c63d721,,,8910e0489365231a26cc0e3a8edb91f2e646cc1fb611d273172db0e76a8425fe,6833bc481f7b4fe33aebf510d706663386a3421e495d08263a78bb12cc39cd81,P4,1234356415.7156703,h09,1230409211.5748076,3947204.140862816,0.0,24516035.523272324,R0,0.0,0.0,NONE,0.0,93115613.21594958,R0,0089a5696f11dd07907a84dc7de91b02faa318bb8bce54a49e2c1a012427b680,f9619e39675b67e3d7bfba96ea915c8fef641d3de903244f862593bd3df02358,bfb527599c0a9b400918971734613328479a63b07e99c4e328c6b6adbb16cc6f
h05,LA-0110,110,e0c60e18b84e8530fd9ebcb77c830bd52d2e93b2ec786cdc9de3605c81a91c31,23,19137905.85543848,A1_FINAL_NO_MEMORY_V1,A1_FINAL_NO_MEMORY_V1_R1_WITNESS_GATED_INFEASIBLE_RETRY,certified,PASS,6,2,14f07562ac1f6391be036b9a29aca62110dda56861fd2b6b930b3944451c32af,,,4f9ab0d68afa463a94060fa6e7290b4edd532bcd7b9ab25c372b0fcb61a794b9,dcb512f42df366d58c7abda63b5530b362246247dcf129ff27b8bf2541004557,P1,1227635687.4859333,h09,1208497781.6304948,19137905.85543848,16166323.929588297,0.0,NONE,601205.4554830837,0.0,NONE,0.0,0.0,NONE,f8cf2552a11db1db4123fcf7335b1e2fe6bf4b56bd2019241924fbd64b0641ca,290b9a1a25c41c01c2203fabad1797b411b0ce2624c24290497399005b11f2c5,d1fd024b6d869f6a7b2e7c9fc9ddb327cddfb501a6e02037504277284d95b83a
h05,LA-0292,292,03acbdeb07372f2727b8a1dbbee7a33c46f61c79455f3e6bf5ea11b9b50aa908,23,19137905.85543848,A1_FINAL_NO_MEMORY_V1,A1_FINAL_NO_MEMORY_V1_R1_WITNESS_GATED_INFEASIBLE_RETRY,certified,PASS,3,2,aa93df3b13009b5e8a77fc38a727690b91ddabcb523272e4b012eb2438a077c7,,,4021a1668e61c3846d364daa1df297120d82168cbfa37b0b13f04c29303a40dc,1ad6ca3f1ca2513adf3bf48c77efbd98ca1b2884c48aeaaf193338c7e303e8ed,P1,1227475329.853421,h09,1208337423.9979825,19137905.85543848,16111974.83712912,0.0,NONE,603647.3191890918,0.0,NONE,0.0,0.0,NONE,6fc68319a13ec2462143a851d56c340065be478659d27617a499da54e6c85150,932d5261be7453e3c7b2810bcbab67ee4d7725f4ed72b97e6563bcf78dc6cc28,e9dae6acf96a5b67177fb2e0a2b81e22e8de850c0b5f3b8df97c04eee756cc7d
h05,LA-0437,437,add61a82d144be4e264312ecc7aa29cea6b9324261682313f492c4ab4fb974d8,23,19137905.85543848,A1_FINAL_NO_MEMORY_V1,A1_FINAL_NO_MEMORY_V1_R1_WITNESS_GATED_INFEASIBLE_RETRY,certified,PASS,3,2,83ec541d8e46152c83b9635d44e6ffa6cfdb71c81b87410672df4a54a02d76ab,,,f5353760137457ccb3dc56b18905c3833b336a6a05ff34a90f204007ea26a383,1a6f379f77254a05b5d4878930e74e5f647e023bc8f010f5963664474b0e6c0d,P4,1182197621.075134,h09,1177082436.207049,5115184.868085073,0.0,34617641.201799534,R0,0.0,4004511.625075189,R0,0.0,0.0,NONE,282d6c2fd8919eacf3a17f612222e5e450370df310a810633015ab538875c709,8bef06d05136cc67ad1fec7ce6d52c110b025e186ee40d7829e21413b9a3e3b7,3028ea46bc661bbfda19bde8867b2e5366312867683a5a015cd4d5bf287869e6
h05,LA-0514,514,b386b7e1efa4629cc5a5e664f03f1ee969ab94cf6e105ab01f57c5f06cd21d73,23,19137905.85543848,A1_FINAL_NO_MEMORY_V1,A1_FINAL_NO_MEMORY_V1_R1_WITNESS_GATED_INFEASIBLE_RETRY,certified,PASS,3,2,02dea6639867fc8032768fdcec6f81e48b1ac952456f7b7f3366693051211617,,,36409e31c54337292789f22bda08aeffcd888da09bea371bc41d94a5296b685a,a94f940a22d5f223f25b8096c76aead287f31bcb18cae63e472ae0115fb3cee2,P4,1141915291.4121783,h09,1140282501.1653051,1632790.246873226,0.0,12771534.344663842,R0,0.0,0.0,NONE,0.0,351326915.5973304,R0,f196bc4defb101ac7958a35e7cd5011d13cbcac50181b47e9d8d7c9d9cef5d1c,4cf7f7b07f7a73df800d626b766858014b91e4a6a0762ab7bbd4b4fc69e60e3d,14fca7868dd5cae86949c384ef8147bd319aa19d5748b137a1357a57dd941dca
h05,LA-0633,633,633a6a723b977918919fa56852b0aba2c042d2f3438fff7b6bd1d9fbb3cf24a0,23,19137905.85543848,A1_FINAL_NO_MEMORY_V1,A1_FINAL_NO_MEMORY_V1_R1_WITNESS_GATED_INFEASIBLE_RETRY,certified,PASS,6,2,33265ba24ab3f25a9afcba8eaaea0527fae5e0256faa158685f90df92ea116e7,,,cd64f8fb7f5395160fe3c35acdc9f839984544c0773d426c41db1ae8ab401ecd,931d50931512dc9a48fa5ca5c434e4b889280048021fca15c0f858130502db2b,P1,1219943975.937116,h09,1200806070.0816774,19137905.85543848,13914901.397747755,0.0,NONE,702360.1706518629,0.0,NONE,0.0,0.0,NONE,4c3b37e3ac28a776cc799e61871c6886f2a28a06704ce708e58b6afc7b480595,1124c2bb5c69f6a1ae9ba1bf5a94152c789e13c457f548461104cbc5b86082f6,6cacbdfcbed9aeaf4a206a37d50642b47ab2eecab66ce12e3e3c83941b479cb7
h05,LA-0799,799,2b823709ce852b2d6e351887370c0475a4e8be187eeb3c861d58db177f62805a,23,19137905.85543848,A1_FINAL_NO_MEMORY_V1,A1_FINAL_NO_MEMORY_V1_R1_WITNESS_GATED_INFEASIBLE_RETRY,certified,PASS,3,2,a945c00424f65064a561f3b70dfeb46d7781dbed6b0757fb55c28058c795cb07,,,057244f6de17e3c83ab8f7fb2dc86887590b1e782499630d8f590f5e0f63fbd0,fc49b988cec45eb522f47be74bc4fe54c9d7492e0e823d082c55794315a32367,P4,1213742374.6864603,h09,1205872164.1023028,7870210.584157551,0.0,19690894.939454768,R0,0.0,0.0,NONE,0.0,178901524.31960437,R0,4316dd710f2b66cddbee940e31fdc715ef6ee8754aa59bb087551b89f7d6ceb6,64bd5c41a509b5cc85d7ccb19a84a516961c892d70edff618a90b9d4b8ed065b,bb05e6294974ef3a14fe0192d73b15fa12669f3f8583d65e5eff7488419d2750
h05,LA-0577,577,0c33b9f7b2f39324b95707b25eb2e07af1ba08cb92c0be0bab15e3a2ae1e62d9,23,19137905.85543848,A1_FINAL_NO_MEMORY_V1,A1_FINAL_NO_MEMORY_V1_R1_WITNESS_GATED_INFEASIBLE_RETRY,certified,PASS,3,2,26faa6476a178e138ef7748c44058ca435e8375530d6ae81a70a37496aca02e9,,,97bd172e15447eae5371ed016309b1921b7087911ab459074e9f4e384c7024b1,9df61e7e8919ec3b2a68fa7ac523898bcc860699e488a340d66ca2f0e3252fba,P4,1220405769.6559544,h09,1212986814.3455477,7418955.310406781,0.0,423705.97720952804,R0,0.0,1342547.9951354868,R0,0.0,0.0,NONE,af89d142e203120bf6fdb83fc55e9cdea3ae641b89d3844746f1a1843932cfe3,2af0a133c20ea2631b1447544ddbc1ea9dc9c21a968444bde6268ae1e168049f,452053188d42d6975e5530a49b4895a9759ef6f632f0a81128d3155f799fc4c6
h05,LA-0377,377,61cf1e5a0e28513d3cba20e312483f5e64ddbf49159ecda32545e69365c99760,23,19137905.85543848,A1_FINAL_NO_MEMORY_V1,A1_FINAL_NO_MEMORY_V1_R1_WITNESS_GATED_INFEASIBLE_RETRY,certified,PASS,3,2,ea1d1587655766134d2dda4a7a04d26008cfe0adb17be783679d2382d8b87702,,,0888755f0df0a982515761896d847e801432e7a0fb2a98fe1e6d5b124cb726ff,b5daa24ae53cec9c330f95a5df0efc883df1afa776fdfc9150a31cd1e94bc053,P4,1221924536.072384,h09,1221234293.915256,690242.1571281574,0.0,0.0,NONE,0.0,0.0,NONE,0.0,278578939.9427544,R0,a0990232dc36cc8f612711121165b818b320c3ed19c485745825e6b9c9404a17,4721ac7ddf69f0fb6d6514455ffae82702a0c676f716a73185f294781748a8ae,d67ab5fd42a37d9bcf140b94e2320f757601875d31c3997e6f52f1272a4a58ae
h05,LA-0475,475,25209deb3c0fed6a636ef92ff9c2b74c62eece1f4ee6c11337d9039162861011,23,19137905.85543848,A1_FINAL_NO_MEMORY_V1,A1_FINAL_NO_MEMORY_V1_R1_WITNESS_GATED_INFEASIBLE_RETRY,certified,PASS,6,2,1f030acc39d0b0752b56f3e6b26afe8b5dcaee92a0b77aed5d3d7c45cb82923e,,,47787fc259d2ade5e0f85057d1298e3647bc2219a545c9a927ae5dd43d8ea0b1,aff136692ace1e6bec1694f7ccf51e8b8e7c07725ceaa53db5fa67afed5fbc06,P1,1231658931.2348387,h09,1212521025.3794003,19137905.855438475,17660994.13419909,0.0,NONE,534051.0512429054,0.0,NONE,0.0,0.0,NONE,c4c90471d81b53c5ed50749d9d21ac3aeb2fb0913334e28396923552d3c4a493,08aeb718f18e9ca366f378653ebf364ea61fa78c895edd925ebf0b9c92b08cf8,119de7c6886cdb4286695f25d1c148f7ba7165d3c6ee6514485d3af906a38cdc
h05,LA-0032,32,f4f35be64e2a6a66797bef3bd06352c0e954577920dbaa334c40d418f72f6054,23,19137905.85543848,A1_FINAL_NO_MEMORY_V1,A1_FINAL_NO_MEMORY_V1_R1_WITNESS_GATED_INFEASIBLE_RETRY,certified,PASS,3,2,105e5f19575db28b2432a85e80f0e30bc4869744579f08905a06064830bc069c,,,52f68646f654dbf75612fa95a1b509b69a5e228b9214778c099f3230545710b5,ea9ac1f0df6ef72961c6772e1e88e016e7cdf024ee6ef3452cf52e35faa1b7b7,P4,1212143165.3748326,h09,1202614492.0684953,9528673.306337446,0.0,419814.5571520834,R0,0.0,1510822.115554034,R0,0.0,0.0,NONE,0ef460472fbee26fe7b8df2071576cf85d3e39bcb501c2b638d051ee231bda4e,9417c099d371bb555c0c72366663ba03e768c44f4884816955239f94d807d546,9c0eb2178ba15d6b4a9adcfaa988a857f816722ec38b0f5732c504caad5bd4c7
h05,LA-0259,259,b8b746d5fd3251850a6946a5dc62e955b7cda834c4bef659011599f4c9b2b648,23,19137905.85543848,A1_FINAL_NO_MEMORY_V1,A1_FINAL_NO_MEMORY_V1_R1_WITNESS_GATED_INFEASIBLE_RETRY,certified,PASS,3,2,7306b63f01f77f9985ebba5802a4f5ba398897deec87de6312dbe95dd3c8d084,,,a2a8dbb580185395f10a2b0bc17332160b9f6f1d2dfd194e3356ca6e43ea6cc4,c6c01a10c65b51693e68ede8dd282a4c18d8a4d86f065c6faa736967e8e02e13,P4,1211532062.8865993,h09,1205516235.779226,6015827.107373331,0.0,420685.6342112121,R0,0.0,1394793.8641429408,R0,0.0,14723997.197392423,R0,bee10106ac3f75adbfb5b1d0e2388b7bc0c04c8c338e39ee403a31ac25bdd1c6,15ebe6628dc56a1efa3e165d50241a9bd8f51bf5b33671ed1a5a0a433d367f8c,c6c01a10c65b51693e68ede8dd282a4c18d8a4d86f065c6faa736967e8e02e13
h05,LA-0750,750,132017ed4b92d624f4a8a004437fd96fcbfc03e831e148154b313993a3a5d969,23,19137905.85543848,A1_FINAL_NO_MEMORY_V1,A1_FINAL_NO_MEMORY_V1_R1_WITNESS_GATED_INFEASIBLE_RETRY,certified,PASS,6,2,61dde941e2b5a37a169d33eb8577061bdabf9b0173b1fc78f6f36dd84b982e60,,,2dfcae051a25a5ccd8daa25ddebe1ab15cb927a8268386dc17d36bd3208841e9,3c99b098b210cd2026c9a45117947d9cf706fb23254790a3de702990607eadfc,P1,1220182278.754831,h09,1201044372.8993926,19137905.85543848,13975200.377412565,0.0,NONE,699650.9830041869,0.0,NONE,0.0,0.0,NONE,e0486ca7e7a1bf032e8875ecbf576bd6a238abc1ec437c4217297ace69cf23de,8b81d66089076d45d57e3de7ca1a6d4b185f1ef09565896cc6c85cd6de3fbf13,4bc08f62bb51905754618d92f8dd2a533b3ac6f0ba653cf05dfa426748b67c93
h05,LA-0472,472,a81150ee321fc78d1c30068462a732eee7c8fccc1bd6425dc016cfa3981cc7d8,23,19137905.85543848,A1_FINAL_NO_MEMORY_V1,A1_FINAL_NO_MEMORY_V1_R1_WITNESS_GATED_INFEASIBLE_RETRY,certified,PASS,3,2,4037348aa304ebd7d86ea4364ff21497d235250cfea4eea93213c94e59919888,,,1fd5fb85387c936771931d9b497e4adf67f53bb0eb4e01ca9a9b37a10103ba76,9f02776284f7b6239d29ae9d3d3721c37fe8765311948f10271555d1b192f6bd,P4,1208172170.3365061,h09,1204326935.6976228,3845234.6388833486,0.0,21068289.92455735,R0,0.0,0.0,NONE,0.0,221516415.16720355,R0,7bd2b3d7ebd5fefec1f0e7aa83d96a127fc03e5f633771f79a5d758d04133c5d,132e4674c02a9b3a23643e59995b92e2e4dc8064dfc47518ff70411a90146c87,c3928d77361e015ebfcdf18cdd94a00771636be313a0ca69cb47a688ff91c3a8
h05,LA-0647,647,9f75b37c7ea35e63988ae11a092a8defc68ea622b5abe84163c8de5e4133e10d,23,19137905.85543848,A1_FINAL_NO_MEMORY_V1,A1_FINAL_NO_MEMORY_V1_R1_WITNESS_GATED_INFEASIBLE_RETRY,certified,PASS,6,2,25bf59cd2b8bd19c3fe8d85d9b13e74b2c7b7fdf07400d8b17d3729782a62d5b,,,d0b687e78df829c748c5f689800c05e468802268a3ed310abd6c2e7b856a389d,2cb6159451193ff2278ee888b1b74a464867c95fcade3fa496c2a76264acda80,P1,1221137618.0575635,h09,1201999712.202125,19137905.85543848,14222274.553538851,0.0,NONE,688550.1267419092,0.0,NONE,0.0,0.0,NONE,8e15d1abaef81235d39e5181ff15f76a3d5548133420225236331bcb8ce50b21,c7db70d83b3372d654bd5fdb8bf61951e373188be2ddc21186e20be3d4c79dd7,a9e561cbec8015b609963105f25e9685dc55b8c06dfd409dd0cddcae218c87b5
h05,LA-0478,478,788a573526ade631922fb22555f44be7d29186360644d0eef6e38264fda97695,23,19137905.85543848,A1_FINAL_NO_MEMORY_V1,A1_FINAL_NO_MEMORY_V1_R1_WITNESS_GATED_INFEASIBLE_RETRY,certified,PASS,6,2,84612a2f2c9713d2891ce62dfde448f615eaef4351e204e97a077144eb38edd5,,,5b94ae7aaa3705f626a1f512c8e0a4edf052735145bb81eac1314c8c85a0a9c9,ce2eb630f34a5383d80ec2a0ae3f166c8eca014a683cde856afc0aa5cefebe7d,P1,1221203148.4567153,h09,1202065242.6012769,19137905.85543848,14239542.891061224,0.0,NONE,687774.2733697365,0.0,NONE,0.0,0.0,NONE,2772bde43e1748156a41f88ab25bf59cce9c5315a41c5724c156588283648c4b,1ea90e9321661886e4c1105b98d45d2c13422e32a6a6d5349bb8fc6be6283189,c0e5dea5d1bb4590f01a42410f000ce5d140e031daeeaa51d4a4ee57c27c6bc6
h05,LA-0114,114,52d06d19e62b5438dab950965a0373907f48a7a4817e2b74ff951a80ce958d18,23,19137905.85543848,A1_FINAL_NO_MEMORY_V1,A1_FINAL_NO_MEMORY_V1_R1_WITNESS_GATED_INFEASIBLE_RETRY,certified,PASS,3,2,60f9cde1ad9c9cff8efde0ddae42fe8e4a2d391d9d409612a9ae27ab13a42e5d,,,c40dead3cade63870ac19e6a1e24a6c813a4e6a03c86a0209f70d2f865912f10,772cdc11a6b9e397fcec5b9edaa22c532990130f36f94cc5e0ee96203ededbb7,P4,1226451400.5175707,h09,1219099191.5632987,7352208.954272105,0.0,26246135.667742454,R0,0.0,0.0,NONE,0.0,152902824.87522608,R0,a40844f0943e93702f8e103af9447b5800639685cb2af547ca427ebfa17d6624,684e8dfc17688b85d087bc046bedda08966f80d347592c28363753bcbce52f1e,def9ebe3962506212d389a15c4cd928e3e490374e38848e2c449713b2373a823
h05,LA-0573,573,cfd088cc5e34aae682fadaa4623778872914e9179cd8d5caa45de271fced25ce,23,19137905.85543848,A1_FINAL_NO_MEMORY_V1,A1_FINAL_NO_MEMORY_V1_R1_WITNESS_GATED_INFEASIBLE_RETRY,certified,PASS,3,2,fa9780194241676f2eb155ec1315d9fd9956d63d1e422e254e0cf99170789dae,,,28ac589d021fe8703d7db3ddf7aa4e5c22be98ce167021ec703b05845db7e142,160104f2e52fec8abe81ba7478db3ecfaa10986697bab6e610ebfe92ea7bc6e1,P2,1227480736.66063,h09,1213802461.900796,13678274.759834131,16205572.017211482,0.0,NONE,0.0,0.0,NONE,0.0,69348953.52054326,R0,3814295885ce3e195ca08cf8e2202b4177314d6bf3a43d09a00a8ba150a547d3,c69a401b657249c3503ba0d2ffebceced344161f100643ea516e3ba7e8c910e6,c4d72abef4fb0ca0bc185c9d5a5b0996ad4c604ecf1de44efa717412fb5fa4dc
h05,LA-0427,427,f8502b1dc3dc74effda7a6d21fa16d2a2e6767583b8f04eaa3563bc53ea75b1a,23,19137905.85543848,A1_FINAL_NO_MEMORY_V1,A1_FINAL_NO_MEMORY_V1_R1_WITNESS_GATED_INFEASIBLE_RETRY,certified,PASS,3,2,35f8ff5a4465b4ef08f12cc5a3f4be2dcaae77a2259d83e13dce67991b078974,,,af28a03d5019783b6db36c21a42fdd897e8fc5954820e157d50912cb6c155141,a5e3ad32f6fb7a22a1e2e9639fb303a2c8305d6d5325be182078bef1090a1a65,P4,1224013630.147467,h09,1216917056.5012794,7096573.646187466,0.0,0.0,NONE,0.0,0.0,NONE,0.0,360011507.6863111,R0,3d7a33aea2a1fd2be43ae840543c4b2de46cf879c4701192f09921322306d664,f555508d76c8a353886f56c0876e64766254914359f1eb02d70266079c632644,a87346346a0b2bdad560237392b3f2cf219285903aa02d1648cb251fd563548f
h05,LA-0778,778,2d6de0ae702702dd0db8a40e28faeb1b166521aa4fe6a25a2d05f7b2b51d49e3,23,19137905.85543848,A1_FINAL_NO_MEMORY_V1,A1_FINAL_NO_MEMORY_V1_R1_WITNESS_GATED_INFEASIBLE_RETRY,certified,PASS,3,2,00d824a0e43d3b38bcc961749d56800851fee7890bde7aeb108a0c22f224c10a,,,80270b9b7ac47bb43c539ec54f0e69efa4b6fb23e7ba18413bed719f69362a32,ae21be7651d189a32d78615a4cd9bf140e93d038e5de86bd8faf20e827f32a20,P4,1153647488.5368123,h09,1150253383.4734652,3394105.0633470705,0.0,0.0,NONE,0.0,0.0,NONE,0.0,893509032.8667613,R0,75691b4e1e4b59a15dbc4c4cd45a13fd77dc3f9330ea819e7e093830c320c7f5,5d7373ff162f3349b831ea7b1b1aa67f58555d29164ebb83893a2bbd6f36be90,442a33841e856d2210e4dbebfc90ff61dd2ed219e1f1338fd857392bf2e561ef
h05,LA-0009,9,3f9ef457cd3c688cef1bea2783ff0f7374d3b062b769b5658594d9d3df3f4303,23,19137905.85543848,A1_FINAL_NO_MEMORY_V1,A1_FINAL_NO_MEMORY_V1_R1_WITNESS_GATED_INFEASIBLE_RETRY,certified,PASS,3,2,94c987d073112823e269f61389957c0a9eb86af37e3aa6c35f0b7e9ef4bf3876,,,85da8c72e3644ef586279cf1267cb802592a30a74bec878fbe473f89c9355a55,c1e341d78c93979be7a8067fa47781e840afd422f4cf6d870d0db1a8ea0356a8,P1,1231866555.1965904,h09,1212728649.341152,19137905.85543848,17745663.72808323,0.0,NONE,530246.9102912714,0.0,NONE,0.0,0.0,NONE,0492c09692fd31f50e2c6227f5e4bfe314fa8bb8d26341bb44f83c0dd3ca6e72,3f9f526dc968af0b2b5a7a7f9a7aaf5fe6d56b7a3711ccbad40ff275ea3864d8,d255653f6088620e78cc6e446f7a7f1bcd8f36e420c047fc0a603ae5f08a697a
h05,LA-0787,787,c07770a6a5daf4bfdff983037c9831ee79d17e09ffdffb14cdf87cb7e253a835,23,19137905.85543848,A1_FINAL_NO_MEMORY_V1,A1_FINAL_NO_MEMORY_V1_R1_WITNESS_GATED_INFEASIBLE_RETRY,certified,PASS,3,2,ea547c6ecb4a8e69c217f9db5e6cf6d99009591f70511ce9c87b03289858dd7c,,,266fba22af946e9375a5de27168a3670e3ab7cab2d8f9fa4d3b1e958c9b3d0f7,802b19f3da1383a89fff9ad759a960e9fea24b56d3b7fcaf8249639ca15b2dda,P4,1149772817.1713123,h09,1148112992.3660915,1659824.8052207415,0.0,0.0,NONE,0.0,0.0,NONE,0.0,398700814.7302376,R0,f61f9e81a1fab07bff47b715aa0492489d258d2d6ace974252c3071ed7617e5e,6df6e6b38346b2c9b16fef38439910667cf229d121f81a1eddd6b17489dce812,8f643fb2377f7aad55f8c90291cacac5f570ea5f563246b9bc878cc58efca4a7
h05,LA-0565,565,6b3ed578625072eaa3f19b9d6452714e37c3b34b053f93f8cdcd91db8bc5e379,23,19137905.85543848,A1_FINAL_NO_MEMORY_V1,A1_FINAL_NO_MEMORY_V1_R1_WITNESS_GATED_INFEASIBLE_RETRY,certified,PASS,6,2,d4062609276432790061a7a7e35d8bc75991efb6452d7959b289e72a508b347b,,,c133feb7982acf82dc3b6f3338809b231f290f7971dd7e570d000c3927f8d9bf,f4b3b2e64762697cbc55287a3242ad5a3555d188ba25187ff135fa1cb2dde0b1,P1,1238358044.8164442,h09,1219220138.9610057,19137905.855438426,20874605.662193775,0.0,NONE,389665.91065729165,0.0,NONE,0.0,0.0,NONE,c6a4e75235366c1c5c63eca56b766b9cdab0bfa7fe9cbe027e0b776864a3312a,23242bfd85248df091636a62d700381e05555c8625221a163974f3a5f793d56e,d45c1b7d4ba6fb1ae296b2faa016d6393a556d14ae91015b782e92ef4a1b1399
h05,LA-0119,119,9ded5c68cd0b0e99a38f9cc7db3512579bf1729d3fa5267c87d43e99ff82e3ee,23,19137905.85543848,A1_FINAL_NO_MEMORY_V1,A1_FINAL_NO_MEMORY_V1_R1_WITNESS_GATED_INFEASIBLE_RETRY,certified,PASS,3,2,66ca197364aa2a153a61b0c4928cf94858ac43b122c55fdd7b7bf35d01fdcf3d,,,9c24e4d55563a38814252fd735399abb1975df20a2d41cb56465976cc2f5882c,a7e6bf6b09b3c9658e6c871020c705d12f7b48c40669c3b94f747270d02fa145,P4,1169690188.1969986,h09,1167358490.2018068,2331697.995191769,0.0,0.0,NONE,0.0,5518182.811609539,R0,0.0,0.0,NONE,317f14a81c0c798c79dcd85f0af373ec8880ffd710c3db6ed72cf1b73ce53619,97ecfc4d355fc3ce1af1152bc5fad2fdeddce5429537f7a6b3219bbf0f096b63,8d39643477a9f4736eda1fe95b0a879e12bab8d21d1cdcc5f1482fc4d7b8e4bf
h05,LA-0938,938,076847df596d6eff65d44a5956999e1640785296725219e3ae7ee004a30c6793,23,19137905.85543848,A1_FINAL_NO_MEMORY_V1,A1_FINAL_NO_MEMORY_V1_R1_WITNESS_GATED_INFEASIBLE_RETRY,certified,PASS,3,2,3a41f3295c8ba336efa38c9948e2739035fea5e1941bbe2c3cb2e614982047f0,,,7ae58ce8feb69895ba449baf6b4051e81136dfd08a37263a24041aa974b779e1,cd1d83c871fb2ef5b3aca64fb4d0a4317c80e029262bd5a7772bf43ecebf7dff,P4,1211664872.6840863,h09,1205407046.8721135,6257825.8119729515,0.0,0.0,NONE,0.0,0.0,NONE,0.0,229246685.98371387,R0,521d5d9b01b96455259c67679c3dc31065b4700638c7d2bb09a3d6ac6465fb83,0d2aa1b2847cc8abb647373e854d32b6f5ed9b1bd45461d5783f75ba9b2880cd,54d12be064bdb919d783565655cc3d8b4568fd9912f85c89f3349790a54a46b2
h05,LA-0240,240,456ab94e95f6c4c22089c52fc66aa76bff495fbe9e7b34fc46077478105cafdc,23,19137905.85543848,A1_FINAL_NO_MEMORY_V1,A1_FINAL_NO_MEMORY_V1_R1_WITNESS_GATED_INFEASIBLE_RETRY,certified,PASS,3,2,0c2a433e7d2ee8b8ee29e235eee748767abb9ce5a23dc4fb46c595e7d0964d21,,,c6a367b2ed864357f934000cbae58cf50a8f83480af367f67aa7afa9cc938801,0c0e2cf222c42972aab40b1c4ef8add1cf7784d7a87e3062aa86aec5f057efab,P4,1174915473.3193264,h09,1171026352.7649255,3889120.554400987,0.0,14427839.480618743,R0,0.0,0.0,NONE,0.0,274768065.7576226,R0,146008ecf216513f2e9f0dbae37e62699be276717377f57e7fb832b3a8cf3914,c8ba2ebec636d5cdfa1259fb67b1780f0adc40118ab430ba3227caef76a75b2f,13e61a7de909bd9473fe573a78d1912275a3810a83321a43528f8d8c0417bed9
h05,LA-0464,464,68d187af8c67b9ff2c2e8b77cfc61c7c43e85627ac77e90547a7fe6bee08e884,23,19137905.85543848,A1_FINAL_NO_MEMORY_V1,A1_FINAL_NO_MEMORY_V1_R1_WITNESS_GATED_INFEASIBLE_RETRY,certified,PASS,3,2,843d465f1c993b562c9d78dc0dc6a5366e694b70d49e870ff4c9d67038e14a4b,,,b481fa50a7baf321153a24a27444aedd46db1469be4cdc6d7b95d7a971ace993,6802b67e99469f28f91b99a7c367271179cd0ea5a9d8e50fceb2ed213f3984ee,P4,1207897831.8176615,h09,1199818967.9311047,8078863.886556905,0.0,16948405.797349654,R0,0.0,0.0,NONE,0.0,179391677.01945028,R0,bdc91da57ad5da5605073f947d67980088b1ab6b7680a62e0d360bbec20b6d4f,5245d028f08f5bda884bdf2be4194a9a57a7049162bd876757766152e80ef587,70c46aba35420ee8907257d226faefcfcda8ecb2968fd381b7a2ed34f5f8b7fc
h05,LA-0860,860,ca94af9af335cb451dda82a8bac72ed429bc747d43fec3dadef9d1f81ec9bc59,23,19137905.85543848,A1_FINAL_NO_MEMORY_V1,A1_FINAL_NO_MEMORY_V1_R1_WITNESS_GATED_INFEASIBLE_RETRY,certified,PASS,3,2,b95ddd73cf2b9dee8bfeef62116fd33b69599657a5403989f307bf73baa7f5ee,,,d2f7286fb4564056cf35f790ee3f1a570f2a46e1f55ceb79097589b4cee21352,5193a146fcc8dd0e6ddd3715dfe38abbc6d90eefee0ab7788a8f27df2210b947,P4,1224796868.024327,h09,1222189969.564232,2606898.4600949557,0.0,20529902.358297773,R0,0.0,0.0,NONE,0.0,128313984.62352876,R0,cc23ef10ce6b555d51ba338b8f42ba2609f25d711aa1247a761a561eb9ccf017,9bdac43216b3e4b0d63f9712943f5a77c813a2b4c7593cbc784b1402b985e0f3,209735b4536756ce8383a60acdfe1d71071de4260a5635e80559e6c37ee45edc
h05,LA-0789,789,dd409690bb74eddb2067923113a702a5d5efd305aeab1ebf4a34374bda2af1e1,23,19137905.85543848,A1_FINAL_NO_MEMORY_V1,A1_FINAL_NO_MEMORY_V1_R1_WITNESS_GATED_INFEASIBLE_RETRY,certified,PASS,3,2,e6bd19a9338d0e4ebff7763270027406b81eba2506214c0cf7464a447ed16470,,,26c7e307702d52b34171e30cd42e88853de24b514131e3fc9df4f5e1d738b3f6,620bf97d8559d8143ec9b13f54da91fa14c768c4fa9c88f8c0b90e3433a85dad,P4,1212371308.855561,h09,1207519358.5901499,4851950.265411193,0.0,0.0,NONE,0.0,1603070.123394555,R1,0.0,0.0,NONE,82b45cd40c08cd4f9f8468d729134e975e9105be5533ac89cea857d12a7b1ff3,1b18dcc629964a93c18e90002fa72b59b99f61fa64add4baea8118e760fb0428,3a00c1354fb4ff85ac753793644a208819006dc041e4cd4368e52f1fefd4fb67
h05,LA-0748,748,9a72f3547ad420b3e1d2e7053e1d79f70af5c5fc4cd6b8bcc8ac8d7264672ac3,23,19137905.85543848,A1_FINAL_NO_MEMORY_V1,A1_FINAL_NO_MEMORY_V1_R1_WITNESS_GATED_INFEASIBLE_RETRY,certified,PASS,3,2,3a7a1f7a51cdc28d9a531058b9fc28bcef57fb009d03f366e10677b507afaf02,,,ad840cda702d86eb47ae5f4e8857fca31da8239b60f69b231b2dfb08a33df9e9,d16858e43e6f39c07d1bcd962a77334e7e2bec668c8c0a81a0dfe38a47ccbaa6,P4,1225236891.5837047,h09,1220163086.5523667,5073805.031337938,0.0,0.0,NONE,0.0,2228952.68304798,R0,0.0,0.0,NONE,8962222e721ad8dc8bbcd14b6e2ad35967e62d1b36406f841a610a4050502fac,7b99e6065a0f0fd9bcb4a38dce62dcb33696899e3494f33142a1d23fc0914029,8ffaefcb9ad2a5caabaaeba159f57af57cb57a94044817eaf4af370676a84131
