heldout_scenario,simulation_id,sample_index,input_sha256,training_scenario_count,budget,algorithm_identity,implementation_revision,status,certificate_status,iterations,full_exact_certification_calls,result_sha256,failure_type,failure_message,first_stage_sha256,policy_sha256,policy_label,training_T_COST,training_worst_scenario,training_worst_loss,first_stage_cost,Q_Water,F_Water,R_Water,Q_Vaccine,F_Vaccine,R_Vaccine,Q_Crackers,F_Crackers,R_Crackers,row_sha256,full24_source_first_stage_sha256,full24_policy_sha256
h23,LA-0914,914,ee8287c989d9f42998cac1b0ade9bc594e098eb99d83ed33e878189f5cc95b45,23,19137905.85543848,A1_FINAL_NO_MEMORY_V1,A1_FINAL_NO_MEMORY_V1_R1_WITNESS_GATED_INFEASIBLE_RETRY,certified,PASS,3,2,35cd816af1d14df02ab6b1d8dc3cba90dfda2c724f69cec0d5444675cee3518c,,,2affe7adcc636738808a00fa59153e5d32f723cb57aa4163f5e864457931b729,4f45ab2d6bcbc82510c8117a97761976b2beefaf203a868fe2b17a9fcd4df6f4,P4,1212254701.0327225,h09,1205370714.8156204,6883986.217102075,0.0,20834416.584864948,R0,0.0,0.0,NONE,0.0,197240916.1613329,R0,e4632cfd3e70f42d4fda5933112a66cad968ccdeac8139b8bc90835e027ac348,5781a113e0147f440d32596ad5362f958cee8a07f32c8cd8365aced4e52793e2,fea7e2bd1f76a7b001baeac8e70c6c4513f3a4e6ebd8c2d56c44a8ced852191d
h23,LA-0802,802,08d200d068730669000640f9037f4ea66dcff16c72d21874b825ba042565721f,23,19137905.85543848,A1_FINAL_NO_MEMORY_V1,A1_FINAL_NO_MEMORY_V1_R1_WITNESS_GATED_INFEASIBLE_RETRY,certified,PASS,3,2,977254ea5e606fbba93618b8e297d734b8857fda827fa0f72d71888f76be34a9,,,545971b98ee913fb529ed5c473e19a4cd348f31e3899c41651b978378732688c,12b662d1d9f77ad2dfebd7b1b445818e3943809f510bc981424267ea210bf6d5,P4,1228589997.4005196,h09,1223511068.8220685,5078928.578451205,0.0,12280877.45567742,R0,0.0,0.0,NONE,0.0,64808565.87198676,R0,5f39f77458ae3773c13d35cdd82378ccea33a9a62ee89f8e538af639682f9915,14850fcbb4039461ac3473e5167138bad44c78f72304891cf1224949e7c0fb9b,8c68cd363295a80a6c076e957d45b83ecee681984fc17feee92fa4b88a8e79b9
h23,LA-0642,642,df36bdc338b56dbdb6049ba0f8338289089a63b99a8d10e273f60fe82107fd03,23,19137905.85543848,A1_FINAL_NO_MEMORY_V1,A1_FINAL_NO_MEMORY_V1_R1_WITNESS_GATED_INFEASIBLE_RETRY,certified,PASS,6,2,242a58762de7f08ea9b5bffb689df141c471d8083a7c721b03121500a1c9f5a5,,,a060d6970e9f5c52c27aaf6401aee55d99f7ae70f15a44e8a95895949fbca4a6,f8865a610b658129099e27ca534731203a1d8f330a4927c5c35d907e8b661215,P1,1221165897.9019191,h09,1202027992.0464807,19137905.85543848,14229721.617536936,0.0,NONE,688215.5357769008,0.0,NONE,0.0,0.0,NONE,c938682467c4bcd96d2ac323b7f092139422b38ecee8629f8e223250c6c43ee6,00fad34c6985a1520333da73f27ab22a1345cd2dbac3cfe4ad0469ff5a7a2175,99cd56c56fdba833c6dd1558a25723eb71028448c6e9f459a688864e2573ae3f
h23,LA-0765,765,029044c21e5aaa3ef1fdc23ba9f93ecbcab421d4ba2aea33a2a93e86bd5dc97c,23,19137905.85543848,A1_FINAL_NO_MEMORY_V1,A1_FINAL_NO_MEMORY_V1_R1_WITNESS_GATED_INFEASIBLE_RETRY,certified,PASS,3,2,cc846f5daeb732b227910a1884dade6a5457d9349e94e55fcaaf13b991a54a02,,,7551e21042f41fc7a1237edd4e5df2a1c2eacee773b961bf7882ca6582062ec3,fb1b19d496931ae233090aeb2ef8aa8716b7761b63260c8b365e36b2ca79140a,P4,1224998391.0126872,h09,1224697016.076251,301374.93643616757,0.0,0.0,NONE,0.0,0.0,NONE,0.0,248652680.22669795,R0,1c304985e9cd44c3a77560b9aa9c0763f45ac0fa5796c74154990425ae51c6c7,75ea928a548f83ac5dee4837c163a541cd2cd8e00856b314283b074725a9bf0e,9846171180d7fb2337bc339cd1e3d5fe62f34a6d62ed2a15b647a194fbaabd61
h23,LA-0334,334,edaf1d3f884b2a1b1bc5dfef3d1a8ae510e3ba39112540125e89d3ae561834b0,23,19137905.85543848,A1_FINAL_NO_MEMORY_V1,A1_FINAL_NO_MEMORY_V1_R1_WITNESS_GATED_INFEASIBLE_RETRY,certified,PASS,3,2,ef436105e8cd30f1871979bb52bb9135cd10aaa91a69a2e5cabf935d7cd455d1,,,7aea792be95c5d6258232a886d510633d7f8a4baf43e8cd35d924c14482f72c9,8942ded1e57df0efe4004f053d40c63726af2c7d57169510e903b9780def83bf,P4,1224359243.616294,h09,1223878241.703765,481001.9125290711,0.0,406888.4396914717,R0,0.0,1139586.1257755752,R0,0.0,0.0,NONE,3cb52f28e8d1c3667f820bde767651caeb9d97e0f064d5d6fc50af923434b121,3ab8080c2cd9b2d8e60d97139b586fb8609b1bc5ea7a6c20729dcfd0f8d4519f,8f1f50a2cc179079aae8afd5fc19dbc298a30b64b36e4ec6ac1c244a28a729fe
h23,LA-0396,396,4a8ce3956cb01a1d091e6fc01863a6d00473bea19495791f759d72580abea560,23,19137905.85543848,A1_FINAL_NO_MEMORY_V1,A1_FINAL_NO_MEMORY_V1_R1_WITNESS_GATED_INFEASIBLE_RETRY,certified,PASS,3,2,8da2e051211c9f60aa547db473efa735686a7fe3624f757af7d9138dce99c8f0,,,81689c873c6a1427f0d6d0bf920b5d4df360926a95ba880c39e81baf55baea9f,a8bea987a0da6455e57238ca017d5827a37578ff038aed196aba8a06f637da99,P4,1195686432.2114403,h09,1191051126.0533757,4635306.158064613,0.0,12283041.448163489,R0,0.0,0.0,NONE,0.0,168482864.2128283,R0,1b13461ad506607192e7e2ca6adc111fc4ec888d5652292bd47a82b1460d2fcd,6321601fb1544f6fa904d6dc8c1f4396442dac34e9260793551cab38bec52802,fdcb7e0a151b0e042ddb8b70b2148461491661ff5b5fb2ac41a279daed7535b7
h23,LA-0358,358,65f12d3443be917eb572e0eca29833f1866f1a45141d44db32bfff161cc2c593,23,19137905.85543848,A1_FINAL_NO_MEMORY_V1,A1_FINAL_NO_MEMORY_V1_R1_WITNESS_GATED_INFEASIBLE_RETRY,certified,PASS,3,2,deed783a751b66d73d971259274ff09e5142b376fa463b43b82928b403c97e9d,,,dced39edc17f3aae8b01b1f002cd09b3aec60fc2277438bda382b01321d7117d,17de16b0d6951c01a6ead0d5687d9076ca387d051ab479c45587a6f766e4ba63,P4,1168155110.8672476,h09,1165305679.9791734,2849430.888074171,0.0,0.0,NONE,0.0,0.0,NONE,0.0,868192363.9856374,R0,3f8236fb6f9829e79344f477d839e6fcb8fd412626ffa58530deb5e8def9f0f0,fb1dc2ff59df43241a9a4691b0c60828a912025060f1637cde4dda39f5e525cd,6faca3c761acad43136dfdbadf66429a8719fbaff656ed04e4b987c3ad6c177d
h23,LA-0467,467,10bba651114fcf8a3e1f592ebce456644653baea223751f04413e110919e8399,23,19137905.85543848,A1_FINAL_NO_MEMORY_V1,A1_FINAL_NO_MEMORY_V1_R1_WITNESS_GATED_INFEASIBLE_RETRY,certified,PASS,3,2,0d46c8ac0adc210de258210261f99bbde6c308520df2f0bf4f519af2804c6de9,,,7907617cea54580cd55bf0b4383c9ccb0165f2abc139142f4531d85339e5f068,ff92fa4da627cb4b37efd8f25ae322e1351aeabfb327f2ea869a33f68c40af66,P4,1229783603.3591182,h09,1216823757.4785633,12959845.880554896,0.0,23179337.24593857,R1,0.0,776008.295513691,R1,0.0,0.0,NONE,602cca9b327052e01c2b6ca60f3dd15c3bd834a1e3e6df85ec46315fb4430888,459cdf77a9f30bf46b6834568261fc6193863ac4968604741fab07b60e882b8c,89c4834bc02a71a472899068ee9a2b672c63ad69c04a8d167bb105a28c328bba
h23,LA-0021,21,9c0c8e916a30a3fa9f17a2b27ecaaa74ee626fafee16b17aef6e1fa739cc5936,23,19137905.85543848,A1_FINAL_NO_MEMORY_V1,A1_FINAL_NO_MEMORY_V1_R1_WITNESS_GATED_INFEASIBLE_RETRY,certified,PASS,3,2,4d32c312adc348ac298873f14b27df7874169dcb8742093add0f36734cbf8f3b,,,b7f455fbcff9932b3f1e376b0bffc48435f1d21bc94ae3073b7930aadb45be4c,d9c3a060025385eb351b5e9c657f43ae69ae6434a40dcdf3975a4c44b86639d2,P4,1233499223.9417398,h09,1229183651.3295689,4315572.612170886,0.0,0.0,NONE,0.0,0.0,NONE,0.0,267830195.45473477,R0,5dc73503ded3e9c1de9caf5f592c05ed1e25fc4c8a55c5dd2692d752ce8e0ddf,fbb66c657174c3eb494e70bcbf150d790ef245ef49a7f4c520736f540e2a0b67,1043c26bc69168369bc901ea703ec25f7f026952832577aa46ccfa6b5ef68654
h23,LA-0148,148,7151e912cd4a11e3ecf51701a50a70afb496f08ac17c31ec24434fead2eac7fd,23,19137905.85543848,A1_FINAL_NO_MEMORY_V1,A1_FINAL_NO_MEMORY_V1_R1_WITNESS_GATED_INFEASIBLE_RETRY,certified,PASS,3,2,e57db65ba8fb5f563c77874d27502d46829b34a44d14fbfd03b73cceac58fcc4,,,8697d2c879174d643ea4f0dd3de0a8fc7ca4f5b4e03bbd3c96080d3c2f7bd2f0,1b1b3722ae4751de993aa9353f0ca3779941448b0cc858f6def33acfc275c85a,P4,1237050663.6348436,h09,1230832025.3260527,6218638.30879087,0.0,0.0,NONE,0.0,0.0,NONE,0.0,134080467.9226798,R0,23f7bc00364011151a3c549b338754f05be42a1d1842e886c9430f9c8bdbdfa0,70144a1e05815d4dc6b051fb2e96f5a208050735c21579657d4987fc5d3bfdbc,259b6d6901da74ab80c15b5199bb5a1c25a6ab4cb43397349702a7cba5f85bd5
h23,LA-0248,248,5307af164a6996b7fe150e6061a6fb611ca85e3861ec87d3eff546c5283a391a,23,19137905.85543848,A1_FINAL_NO_MEMORY_V1,A1_FINAL_NO_MEMORY_V1_R1_WITNESS_GATED_INFEASIBLE_RETRY,certified,PASS,6,2,9f8d1b12b996c64eabd98dedde3d8ddcada241c1bcd3cd760825d64587d5c5d2,,,6ed4f4fd4789bca109ef5b6d0752fd759ba59a2809de1a9a617d77767f4b21ed,8b688f954121def249693295bd3430ebb08f6be9f5f37867645687cbde029673,P1,1221280555.623522,h09,1202142649.7680836,19137905.85543848,14259995.052117981,0.0,NONE,686855.3732090498,0.0,NONE,0.0,0.0,NONE,14276a60ffb73deb60ab8c39f4bd40186842b9f64c5b6899deaf0a13bfcbfbef,1983b21ce001238a0ecbd7326dd0a98420fd407c476f027a1bef44a1591f0726,c62849d21859bf8c6a8a5581a9853918d0565e2f76d73c64f450d470d3ca310b
h23,LA-0349,349,a13fac328519453bbee1dec8c125b0a9799e9407a66ec9ae666070e54c274bb7,23,19137905.85543848,A1_FINAL_NO_MEMORY_V1,A1_FINAL_NO_MEMORY_V1_R1_WITNESS_GATED_INFEASIBLE_RETRY,certified,PASS,6,2,ed4f7c6308451d3f58299a0dad10e02f380525289053cf8cc8824641a67766ed,,,66b3ce157ec406006a7900ae6f8d7e42cc7b4e466041a7d60dd828dd0ef05e9b,c526cec696c0b2254a7cdc1651cc9e6265d6e89ae78e4571153958b71d41410d,P1,1239632077.264095,h09,1220494171.4086566,19137905.85543848,21622869.407663703,0.0,NONE,356046.9853006866,0.0,NONE,0.0,0.0,NONE,53bef604750eb3f098a732e5ed583d4acf37f1942ee2ebd6f68f0a18427903c8,c2c30ce711a07a5c2b470a4a31c1a74864664be71688b7abfa27ddd049cf2634,8948a75374f6fd975d89262e878fe65efbd066724f34ae092ea3eff353ad6744
h23,LA-0460,460,37dfad7be959263ecce1cd54aabb1f0f5b60556d7a5f449d2dde0296e586db54,23,19137905.85543848,A1_FINAL_NO_MEMORY_V1,A1_FINAL_NO_MEMORY_V1_R1_WITNESS_GATED_INFEASIBLE_RETRY,certified,PASS,6,2,ff30a5d51cd2d8718b0f9cc58362b1d93be2175768fa540354bd8c58b95d88df,,,6375636a60740cee893312f90cd5dca17e5f086aab03dc25c25b3f359568a59b,5f1275ad1fbcda5c7ed7beeff659c90ec703440282dab6263ffbd2f4880e8e1b,P1,1223726355.2354798,h09,1204588449.3800414,19137905.85543848,14937905.886059597,0.0,NONE,656397.351070871,0.0,NONE,0.0,0.0,NONE,548b394f83b1b827732267bc0bf5207122aa1419e5545e65932166dd290b41fb,228489daa290d1e95435524ae0fe637fb0518291c9d99ebad9ff5a7d0e1b36b2,8bb6f96d74daab4f54f8294c104bfefa930f5199cf92dcb0d8a25a20e8a12823
h23,LA-0561,561,73dd93caf509846cc5710ab0f5b4d5b3114929efd58489783f34388ee3b681ab,23,19137905.85543848,A1_FINAL_NO_MEMORY_V1,A1_FINAL_NO_MEMORY_V1_R1_WITNESS_GATED_INFEASIBLE_RETRY,certified,PASS,3,2,f7a85cc2524a584be73b513d516988c68fe6910cb3d180dcee61774b2bb0577e,,,496cf1ec627ee8a487a6a0f9255994ac1db4b86af377aaf20c1e560c596dd766,40a6905d787113641792b6f56d351461a78ded81c41ff79360f33ddc61c90a65,P4,1211485977.8549132,h09,1204213899.0331867,7272078.821726525,0.0,0.0,NONE,0.0,0.0,NONE,0.0,521824479.949944,R0,c7d8610e89d1ad97df229842df8f20682c9d2de7f29ef8fb4e12cad5a58f8d81,927a9cb85f252cfdaad6ca13255eeb4364edcc2287a5c5730e623ccccb0b7db4,32b4fc6d127953ad6df2c6fbf74b8a3e367f01d72376d9d324e38bc78cfc03b9
h23,LA-0563,563,a93264f0e144faccdd338cf2e8d48a820c54bc1f6a529a554fd7b4af6e8e27f0,23,19137905.85543848,A1_FINAL_NO_MEMORY_V1,A1_FINAL_NO_MEMORY_V1_R1_WITNESS_GATED_INFEASIBLE_RETRY,certified,PASS,3,2,60099b741cb726b90af126d9593a6873307e007c0ea16fcf96c8c4ed0d38b146,,,99349e32ac133e97d3c9b6de7a4ff6f84ff4a48f607fc232f68e494a165dbc4a,7e1a24f6c9544a2097889e12406f0033112d01eeb0ae1c2f8d9308dec6b8fe23,P4,1141896801.8584664,h09,1141609833.3870265,286968.47143994115,0.0,0.0,NONE,0.0,0.0,NONE,0.0,429883239.9494833,R0,6e04167ffbfd6006a3ec4e717b5921786f9d03cd85549daecb770502ac437137,d0ac31351bd43aada63d8fe5d8a1e4affbd940d768164954d7e3f5d638a277f4,2d6bf122be2e26b49e505da0fce8dcd394a81c47d8db2a54b1ef40c48efe56f0
h23,LA-0925,925,4dfda4bc0ee7248e080300b564d60d5217502a1f39ef08a8cf411018fa42116e,23,19137905.85543848,A1_FINAL_NO_MEMORY_V1,A1_FINAL_NO_MEMORY_V1_R1_WITNESS_GATED_INFEASIBLE_RETRY,certified,PASS,3,2,07349d3680cd235d4b6fa8bbe5e8f023c1369b5d68025b818c71bb8f04e84264,,,e36a0dbeda62a3ee5231df0052eca67b60373cabc6d4f62b906ba27065bc13f0,a14987f1c27cb35e0bce44dce59f1f75a88b66c9a4f053665b9952c448ec4efd,P4,1227665391.629992,h09,1219037472.1888132,8627919.44117886,0.0,0.0,NONE,0.0,1515150.0263708746,R0,0.0,0.0,NONE,c88639041ad7018e56a8424f3e7f696f00f53193712e6744645397a5b22a5e3c,5347f99f745abbd2a395d29a46d94165ed289b7fbe9f33c7d6d5d21d75d260c6,38b9a4ba709d709145e907b23b512ddbfe4e0ea5a876df6581a9a13d1f82a9dc
h23,LA-0803,803,6fab487f0e10f651a0bddc12ba6823cef3f62e8a9cc929292030385a0f8776dd,23,19137905.85543848,A1_FINAL_NO_MEMORY_V1,A1_FINAL_NO_MEMORY_V1_R1_WITNESS_GATED_INFEASIBLE_RETRY,certified,PASS,3,2,451905bdcdb69a591782e540de6c2feb4ebc51ffa548b15692eca0dd3b5987ba,,,475ddda83e6af4f53efc0448b9dfc548980433ff68206897407c6a136d964aec,f913391d784ec261a4ab256db8c08b0bcd7afb194436c54533840587d7103b97,P4,1196349260.8235512,h09,1190631943.510422,5717317.313129113,0.0,0.0,NONE,0.0,0.0,NONE,0.0,534173843.99826574,R0,d1179dab4e1a61b26138ddbcb85a6a7d55105b51be5b67f4881dafe8c6b58c35,52be84c72c99da32ed8cc9a791ce0cc02fca980005653052cf914565558391f7,91adf603f842ace1563cd3a3dbe8f5ae6c5e579a6b0c8e29ad9526508a808338
h23,LA-0008,8,ac30e053d86741bf9a879366d9c9e2bce5e3aae131aedc9e7814d9d440230770,23,19137905.85543848,A1_FINAL_NO_MEMORY_V1,A1_FINAL_NO_MEMORY_V1_R1_WITNESS_GATED_INFEASIBLE_RETRY,certified,PASS,3,2,0258ac6a81515583491c7ac3372dbe3912d2c60f3cce51ecbb55eb2449ccb652,,,3f01f252f8c306f926c80a33e8976618158ee7c934720aaed7853793c4529052,a096a2c4c9528d6431a28066d605f596b82eb7b76de9aab0ab7303238adf1d3f,P1,1234247683.2378776,h09,1215109777.3824391,19137905.85543843,18778115.09301475,0.0,NONE,483859.6496734721,0.0,NONE,0.0,0.0,NONE,45f7a5408bb6ce1aee91a33a89f93a2ed7ec8581449a959831a5f6f6c47c45dd,1bece451a05b4595e082d1c62a82f615a4300f5ed6f4706723749f7a4303ee2a,3af60c16b6ade13f8e34f9a443d1297e512b096132cdb17671a5e3173f26da4d
h23,LA-0461,461,184b287513636ebe7bd9ca5488dcb7410b9ca7e7664c6aee5bf73b97632c0a92,23,19137905.85543848,A1_FINAL_NO_MEMORY_V1,A1_FINAL_NO_MEMORY_V1_R1_WITNESS_GATED_INFEASIBLE_RETRY,certified,PASS,3,2,0f7da366d3feac5d36eef7da5b10ebb379ccddb89e9d9df492cb718747984f58,,,81dde639ebdb8fa20760eea36a6107ae888de67a2e168ddc7a0cbe80f0bb875e,7bd90eb75e11a4a64569e081c7d1119e9407c90ab985ca600c83483ffbeaf9a3,P4,1219154934.06695,h09,1208086746.9357977,11068187.13115231,0.0,0.0,NONE,0.0,0.0,NONE,0.0,257070351.20397592,R0,e0aebbcaabe8d75783a6e63c3b083e69a81b6183558d16811ebe0a7be8fb3c75,4aa54ec57ad3f7cb0dfd4d39be2191786c6888b6226bf7d38b0441101cd1f02b,2cc613eee5cab0f7342e9b44a6eaee4fdb38b3e58379fefe19a8916f7f90ce81
h23,LA-0873,873,62d8f2da72996ab47088a679ce3531db4fe4083b6480d3cf8e951b952bac03ae,23,19137905.85543848,A1_FINAL_NO_MEMORY_V1,A1_FINAL_NO_MEMORY_V1_R1_WITNESS_GATED_INFEASIBLE_RETRY,certified,PASS,3,2,96c554a364513695e51edad9dea51c39fcb8066e37ed3ec473e4f7de7371ca55,,,38416c6f5fb84aa53e4b9d4e8888ff0e62f8a0b05d686c5d42eb030ef89fc000,678a3e072e37a4867a892117a8d9070fae3f2a5fb70847d8853ef9dcb8db495b,P4,1240954803.5067713,h09,1232892096.4133434,8062707.093427868,0.0,14409950.081864683,R2,0.0,0.0,NONE,0.0,30343254.619230025,R2,27321e9191ded1f320b53bdd3d2d49f6bd88517e73f45a65985ef36bddb15b50,0f039721d61a964f3c864b02d6567b2c27986e7964fccdd473c179bc4ee7b992,08cd71730a6ad04b854195e6537c17045d487649d18deddfac3ac3f7a1b71acd
h23,LA-0954,954,438bf8be3d7ba9f599cb016202b889d00632d54bb6ceb410e293bdec8e8727ce,23,19137905.85543848,A1_FINAL_NO_MEMORY_V1,A1_FINAL_NO_MEMORY_V1_R1_WITNESS_GATED_INFEASIBLE_RETRY,certified,PASS,3,2,c5133a37e5a57c7cb3df175f99aaf35519e1cc33b830bdafeb38a35e5c7f49dc,,,87950043d50ca7cbbc5b8c7a723bbe1d463d3b27379d10e90972f98d0665ff7f,51008fbd1b560e642b7b3e335280fdaf5ebb4dd3e6fc191e7c3832d2d32fb89a,P4,1213627651.4552743,h09,1203224710.5045357,10402940.950738752,0.0,0.0,NONE,0.0,0.0,NONE,0.0,228332643.9292319,R0,154664d9b2eadda9f9162757c0e3f3f73bd3b28a786bb4d9d1bf6fb75edb49af,f2d6e59ec796256dae122a6e3fea2c96a10131be7a330f3e4534e17e43fd5794,3b9c9f5bd1070cebbfa3e32a4d13b4a9c594ad45c8f2b1d71b4dde7a8824fbf8
h23,LA-0631,631,07d3cad6cf5a0d9c3c1ef47e5f6e9390bfdc4304c3135b83808496244f25881a,23,19137905.85543848,A1_FINAL_NO_MEMORY_V1,A1_FINAL_NO_MEMORY_V1_R1_WITNESS_GATED_INFEASIBLE_RETRY,certified,PASS,3,2,8e2583edcf2cb433f4cd611ea722364e953d081407d9dd359e9b6fbfff6f34c5,,,8fed9299169f4dc5e7974a6a9f6eae56251a19debc4f67a4790a11a96a3a62cb,e74e3cd36779274f8864629e991c8605544f3b23c8f14aca2146f4e4cf619c4e,P4,1225624361.9278798,h09,1223712181.2739847,1912180.6538950251,0.0,0.0,NONE,0.0,0.0,NONE,0.0,192189274.72734597,R0,bd5a4506dff033361a0d65bd334b22b847d4583274b7f9ab0acc86ad304f9807,c12455248c4548e98eed24aa30cb4975588a28d258fcec31f3ebdf535c44a1bd,cd2cfd3b32b30e2122a35437373139acccc2562b831e175b9a4e42593c46716d
h23,LA-0266,266,eab26d7ebf4c5345cb3622197d28a1aedea07a1f2294362c05938c5a511198f7,23,19137905.85543848,A1_FINAL_NO_MEMORY_V1,A1_FINAL_NO_MEMORY_V1_R1_WITNESS_GATED_INFEASIBLE_RETRY,certified,PASS,3,2,b002a9fd3e3b181e11d03dd6e78461a70f2e09efd45af18665a5edf0622dcb06,,,3324a9816e5a8dafc88b0e7334d6d427584d7ef05efa98f28d0c4f73602ee22f,08e8761301aa92193795eea6383af06bfb8de210c5e5730961135d2203af5ccf,P4,1181826527.8987134,h09,1179519137.6618001,2307390.236913167,0.0,17200295.366992086,R0,0.0,2000727.61821588,R0,0.0,0.0,NONE,59434bc5e39df713e68932e9b4f90fb63a387a525e9da3a78b9d7f1a58e71492,4b01d45a8179decc85e6235ecb7907e2067f14c853bd157bb7dc329fff48f6a3,4ac8344542d1314dc644b7807f0f64844e51649e01e6428cec5d41b69da65a0d
h23,LA-0537,537,8cc3f0d9b6151900abab4598bd88273e02d9ec429f1852718dda2b1fe78019b9,23,19137905.85543848,A1_FINAL_NO_MEMORY_V1,A1_FINAL_NO_MEMORY_V1_R1_WITNESS_GATED_INFEASIBLE_RETRY,certified,PASS,6,2,dea5aab8d08bd25df0aca95ff97f000eb439fc60047b77e6bb8690208778c889,,,8cf3a8be2e015da25a7ef1a51a2c76160bbd5f37141dbc98a75461d45e9f6af1,386c1aaeb6ab8b882dba5a0dd661e7ab34cde5d525fbee9e85b560bb6ffff24f,P1,1226390248.0939023,h09,1207252342.2384639,19137905.85543848,15753603.104275709,0.0,NONE,619748.6906769631,0.0,NONE,0.0,0.0,NONE,07b533c7e47e0ef52c48d3a91a8a17e5026055be126463a6daa391ae97b99b7b,eca0177cebf96a0192e42ac74ec7bd1662e2d47ac98f90980aa1f64ff6da6c21,bda36cfe56a776701d083da7be653f29e7ab7a2dd9b9c9244adf0e2c2811e502
h23,LA-0751,751,79eef204de41371d5e89de96ebce35f83affc3181b8f7c142fb847c7e50dc8c9,23,19137905.85543848,A1_FINAL_NO_MEMORY_V1,A1_FINAL_NO_MEMORY_V1_R1_WITNESS_GATED_INFEASIBLE_RETRY,certified,PASS,3,2,85c158117cde4a6d6cb35383eea1e32871aa983c078abe93649e1755ef30d6ea,,,aa37f50ad8b39e04a6a4776703cb42b5c21e8272c2cd76594658f510be7d08b3,39df933798f8f15f115508e8cf77662f1cd7864664013f056f16126a45c7b41f,P4,1189529292.777633,h09,1188980496.0433013,548796.7343315277,0.0,0.0,NONE,0.0,0.0,NONE,0.0,287105794.1414695,R0,20f28c61edc62d438758c6a468742e34c0e1b4f1e439adc0a734fc568d5ac15b,1020b4ce6bebe5a5b3c1ad20a996d3313c977c7f28b4bdcd8216f3028f9d726c,a7647b74a30a12a894d7aab50c244d38ad056b7d4c1698e0f3771b8e0a2a3b80
h23,LA-0580,580,a98d8839ce3abc6204fb767fc7db0c8ec24dcf5c8ad37f4de32f87180ccd655c,23,19137905.85543848,A1_FINAL_NO_MEMORY_V1,A1_FINAL_NO_MEMORY_V1_R1_WITNESS_GATED_INFEASIBLE_RETRY,certified,PASS,3,2,78eb49f4f0374388f3c06c4e58be996f82f0c6ff52eef92fba7587e01742555b,,,0d78a18cafd3fd6476b3c91444130a8f5bc39ae901639fb3506e3e89f484d32c,058f4e0c592f4d62e8c464f4d4358b2fdcf911a55337e489ce7b9f79df5b56f8,P4,1235211324.985984,h09,1230716422.8494813,4494902.136502752,0.0,14654706.180366103,R0,0.0,0.0,NONE,0.0,52447342.055891536,R0,2e25c0d227f13a10c0d63c14792cfa21ad5963ab07c4247ba6f724cf93a5d61f,bdb25e999d56a0a3ffa1390b473c9238313b5ad8ad8f41a404a93fe92c9d24c0,01ba9f59234a083694d8de1bd8d52d30e2eb06da68a7c206dc59b751f63b7e09
h23,LA-0675,675,491bf922be7d5f940c1e726f7e4f8777f0e67c2e6ae75e5a5691e8204bcba683,23,19137905.85543848,A1_FINAL_NO_MEMORY_V1,A1_FINAL_NO_MEMORY_V1_R1_WITNESS_GATED_INFEASIBLE_RETRY,certified,PASS,3,2,733d6f4ce61fb326baf9dd257ec31f609a8ee824d2568a7fd0cecf234aa30c3f,,,a7c01d779d6f88d7e56ab0b6f5ec7dd2e4ee734795018ff8d13455247a33646b,26c091383c399cb64e80ec89d538fbaf4aad54cc73f2caa1729951c494a10edc,P4,1187020716.894539,h09,1186753424.98558,267291.9089592639,0.0,25499872.57512074,R0,0.0,0.0,NONE,0.0,406452546.8260578,R0,708c973592d671081cc97c634ef1328bc98735da6218114161fa350acbd1170f,42d3c222b44133b2f861f7ed0712632f88b189026df71ee4b2e90b940c646779,994ee0905c1ba68fb0a1208e70065221da9c0f1d4d6decd880aecd4f4dc2035b
h23,LA-0291,291,9c295c9cdc825318f593bdb2682c866fda5557c46098cfc294a300c2218d33e5,23,19137905.85543848,A1_FINAL_NO_MEMORY_V1,A1_FINAL_NO_MEMORY_V1_R1_WITNESS_GATED_INFEASIBLE_RETRY,certified,PASS,3,2,90d6a397322e5a220c1445694a63437329d8c8ef8cc38f4b8f9be223ecf92e69,,,67b2e584595df89c73d53870657d938f5cc4ebe2710ceb63b28235cf9a80e100,31c7f9eb8d9c91727cf9b8f27714b6da0666d4846a1d61ed91f47edd447a0ba2,P4,1161159235.7410443,h09,1156973953.006055,4185282.7349890885,0.0,22991388.706339866,R0,0.0,3495150.943005016,R0,0.0,0.0,NONE,ea4ebf6444d3a3ccb93afadd8262533c35b2a80b1952e26825612ea4aec5ae8f,520f96a3e902903321b4a4b8154a3534ccda87f3073e9678bcc30b9bbdac6aec,adc788f2425b06ba5fa2463ba714dfe315ea87b15bfbc2767c60bbbeaadf36ee
h23,LA-0482,482,0bd992751094c8330bc67c579f397c5ba346cdd3b763d1659766bf862c8572cc,23,19137905.85543848,A1_FINAL_NO_MEMORY_V1,A1_FINAL_NO_MEMORY_V1_R1_WITNESS_GATED_INFEASIBLE_RETRY,certified,PASS,3,2,554e218f9764190e1849c29413075d655b3d8fa7e712dcc38ec06e4f27b30168,,,8531370bc421b6f8f7ad45672941e46833c7445041179e7049d457892a7986fb,9994c24d1413c20b36c03af5d93b33de98fb799176941732232f939c15ffd042,P4,1225508087.4866183,h09,1225042844.2205155,465243.2661027438,0.0,16015968.462868473,R0,0.0,0.0,NONE,0.0,97179766.73065722,R0,22e8903dbd62266e9ce1682cfc88dd8437b24d0851af33c87a6654dedb1b24f5,dc229d2203e7226e86d1b87d4658d8fb73a3329c2fdf17d19636c8153d22129c,9d67f2768c466af5fd190c3c747160f31a616a5005764f128e87dd58617e1c37
h23,LA-0568,568,892be4e601bc7b28e19d70e67c8042fbb6425f462aefb05dc2f00fdb6d1c8992,23,19137905.85543848,A1_FINAL_NO_MEMORY_V1,A1_FINAL_NO_MEMORY_V1_R1_WITNESS_GATED_INFEASIBLE_RETRY,certified,PASS,3,2,06c3efec668c315a7e9d122ce17bfd4d15800198f02db0afe5a64dc9b46a093c,,,99a0a12d0ea1a8d05650a7408adffbbab97c31333ad1bc6a16607909b6c8684c,100ee3563e758d3fee4ae3f2378fe2549f8d54d62013ef7b490ceceeedd23bb9,P4,1238060229.0029867,h09,1233052405.947129,5007823.055857617,0.0,0.0,NONE,0.0,0.0,NONE,0.0,274833874.91706544,R0,1d45187803e697c59987fe89d8512fb3d8f32eeb8d09c30a7d04046453cc8280,27e18c5a8b023536f7f569f1e9a40eec96872270208d04cd3a100ce229936863,90a09963c36437859cb59fee02b9c0880e6e5650ce5413f294a22557737b2dcc
h23,LA-0800,800,ff13f8d0dba72ef747962df03f8dcb74640d3949112a9474ed7f575d1b65b818,23,19137905.85543848,A1_FINAL_NO_MEMORY_V1,A1_FINAL_NO_MEMORY_V1_R1_WITNESS_GATED_INFEASIBLE_RETRY,certified,PASS,3,2,4bf04f8663f95a562436b20c5cac058ba8a7b588e2a5cc7e9b4c5ea8d6c22a3e,,,4e4cdae0c45e1e0cea369e21c0aa0fb445df014f8108d4ae16b557fd1f8bde49,23862cb1e803758c127b698a8142874fb1879502ab42d12d1cdb5d5e9fca6ec1,P4,1208818389.6619143,h09,1200010412.4605317,8807977.20138262,0.0,13367466.762139332,R0,0.0,0.0,NONE,0.0,138332685.04887038,R0,1b7f56579b8428dd03eac24acb8d5f439c272e534450e9b6ce30b2f3dede47be,7cc69b5bde11bbfafb7a4611bbb99caa5b7d446a61238579921bc96d72722a4f,da82ee469ecf6d62135bcb531c2f8bcd50209b5d440ff7d0c721d250ea48aaf9
h23,LA-0187,187,ebee8966197c6778cdfd3c9b74795a537c827852e85459ac6b6a5f4b809fd5f9,23,19137905.85543848,A1_FINAL_NO_MEMORY_V1,A1_FINAL_NO_MEMORY_V1_R1_WITNESS_GATED_INFEASIBLE_RETRY,certified,PASS,3,2,d2a46688ea3136cb345cf2fac964a7e55f915fde775199d6c9ef27d33458d189,,,598fc04dfac14077da43917db72a49df0803de8b574052757871e9a45b3095e5,f8d29718118a6e091b351d09bbbfabb27d8a24663421c18be58c424099441ce4,P2,1224255052.0053172,h09,1214123681.2027757,10131370.802541578,15218806.534391966,0.0,NONE,0.0,0.0,NONE,0.0,80140447.14419809,R0,8219c254edd93f50d3411803d2493684acef8ef616b2b1b8230140a41ffe757f,76bd37ac8549b1067c9838a7d10c5001a22d17870956c30f717c70a0b47e98d0,85b05c5e20af7b28bc55384ae4d64618fb4d37c1b827fd1b904fcb10d9d88281
h23,LA-0814,814,40c804a4dfd5fd80fb434378b2ece88893d2f079a5368913575cd0db54d7c969,23,19137905.85543848,A1_FINAL_NO_MEMORY_V1,A1_FINAL_NO_MEMORY_V1_R1_WITNESS_GATED_INFEASIBLE_RETRY,certified,PASS,3,2,da09cc6bf5da9d9bea177b602bc6b4abbb5aacd6f84e2c57224d3cf21ecd1c81,,,1abe6bf606e00c5921f48079029db3d367895698b3af6c4ef177c3b16893a035,cb32a1add446f7a38c2743b12f5650275c891cd1e17e9ed5635d4449318d8dd1,P1,1228176645.8955712,h09,1209038740.0401328,19137905.85543848,16352403.787141168,0.0,NONE,592845.0279208618,0.0,NONE,0.0,0.0,NONE,5070bc3e08bdc7724f1da1a97d0866167b17fd0eb38e44dceea9789cdf779894,0a1dd6a8fba385fa8227ebc3cdf572d163ada6ca9eeca33e3b0b00bcdf1fd471,a6134015abbeeaa9bd683f27963b8b796b3c13620e84ce3b20911f1ba2af025f
h23,LA-0420,420,44dd35ee7eec6c0c01e88ef4a6c5181d8ca1090dd72c4a0bc9649023e3942e24,23,19137905.85543848,A1_FINAL_NO_MEMORY_V1,A1_FINAL_NO_MEMORY_V1_R1_WITNESS_GATED_INFEASIBLE_RETRY,certified,PASS,3,2,7c8be724ede737180732ec005e1d8eac003b2eabdfea825bc9e8e6ac7272eb12,,,80a2751379f9f456e0fb933b3e29584d02f0e265a096d7931e9b3459eebd2f70,f0ffe4d3fe2eb85ccdaeb6d0db77f725cbff0549317eace05e6ae43bb3524608,P1,1240662526.8156593,h09,1221524620.9602208,19137905.85543848,22268483.974312868,0.0,NONE,327040.0100774164,0.0,NONE,0.0,0.0,NONE,335e03f7a0b74b6cbdf1786a769db68f44edde1c1324f9a83890787db72b1ce6,f3d012d328229118550f6aaa3f1a823191621b600bb2afc2fc6660923bd5c007,1c456b5f85377d27c289a24e619f36390573d3c04ac34e64654a9ec5ef9ef216
h23,LA-0222,222,b4857d22595373a3c8a611d1ebdf1d18a9f544bc795d256727fccea25734b07a,23,19137905.85543848,A1_FINAL_NO_MEMORY_V1,A1_FINAL_NO_MEMORY_V1_R1_WITNESS_GATED_INFEASIBLE_RETRY,certified,PASS,3,2,385b466023695ebc84360cbf2bf2daab63cc008aa1c409fd281903f18d18f772,,,317a02dc04b4294380660f39fcfb2edee83205b760cf735b540a09948a6f79c7,62d8af37660afe353b893e8a832935e5732f508148af395b5c83a684572fbefd,P4,1197951730.928874,h09,1189565873.9160357,8385857.01283825,0.0,0.0,NONE,0.0,2151157.081962004,R1,0.0,0.0,NONE,b8cbd985493abc27b43be7e8bcaaf6dce39274113c0291b886ff653a86a1ea84,723f9a08f6029bc72e898499df4d734c127a0cd40fb2dfe312c243455cd55e25,5d1cce9414335f732f131f9717a101b4d1e4dfdf374b8810f2d1ac5e840ea29b
h23,LA-0513,513,71004c4d3556ea462a974d757473e7bb255c893ad63b556eea83e286aadfae44,23,19137905.85543848,A1_FINAL_NO_MEMORY_V1,A1_FINAL_NO_MEMORY_V1_R1_WITNESS_GATED_INFEASIBLE_RETRY,certified,PASS,3,2,ccc303565ffe49ab79e9c70db7d58752971cdc0ac01f28aa5845ae318518ba0a,,,d863ad3146abe35cd78b6b10af1924eb25f206a7b2041e8b079722ceb2feb8c4,6a4c424ffecd2b22b6ae40f294d8d7cfad418dc4fbcad54d8b588914552b6714,P4,1232808992.8743656,h09,1228475546.791354,4333446.083011602,0.0,0.0,NONE,0.0,962625.9203133521,R1,0.0,0.0,NONE,cc1af83c2b5869218b27b70f879095573dd137f920cc347b36404bb9e7374be5,02f65c5a70624eb8e05cd9444ea2ef66fb5286f3a47e936926748058613decb5,162970626f26feda7bf78bfed91d0c2c10d6e0ee6968a69c3dd22ad3115a1824
h23,LA-0061,61,cd7ba256524cb036f33013c1005baf2ca2bf23e5fdc7a9fa10871d5c2a2e0738,23,19137905.85543848,A1_FINAL_NO_MEMORY_V1,A1_FINAL_NO_MEMORY_V1_R1_WITNESS_GATED_INFEASIBLE_RETRY,certified,PASS,3,2,2761ecb5a2398fcf06215035c67e433b377a3799550da50611141a2189190e30,,,d64147f385180f311e26aa298c5dcecc85a3f304ce84ab67120fb1b2bd3b4f88,3f6ed966533f4cf89b00d52ee90f2f4cfccc2413d948752dd0b463003eaa5431,P4,1226637819.8279154,h09,1220492763.3609707,6145056.466944706,0.0,18512709.00126394,R0,0.0,0.0,NONE,0.0,106964803.78387314,R0,c3cfde412ad13f5b5bd6ab392c243504d6cb9e2dfdb624b80b74c0a5dd85fc5a,7d122bcc9dd9e5b3379db631fa3f077f9f95a1fa37528da846e7355352f61895,cb8f04dd835dd0ca4f8024a3b6edce6de64431383c0ab4007170fba060699cf4
h23,LA-0619,619,9298f5fa007a94c43db3240911aa6dfca9adba39438ecaaf7df189147ae08773,23,19137905.85543848,A1_FINAL_NO_MEMORY_V1,A1_FINAL_NO_MEMORY_V1_R1_WITNESS_GATED_INFEASIBLE_RETRY,certified,PASS,3,2,f63a4aa65a87ac635a9507eab1a9dba8fe34f6ede94d8918f2eb60b014167df1,,,64db3f25e84b3520b1f320c6b9137b950da13ec9ea7c64015fee84c5a420494b,f8f34c4b99fc30b23d0cbf704f4c8b38c4df6f56ba6041fab98602c88f1c378c,P4,1179550996.2991662,h09,1174787348.711534,4763647.587632186,0.0,15612157.58275886,R0,0.0,1877363.8682975005,R0,0.0,0.0,NONE,800d62a53e00c4fb451ddc4143027d2e95659f32de17ff847234e304e9becb9a,c3ca677c1945b74ef266e0850732abd5636aa3f13360b27e38cb8011dd2acc84,03e3096e19940df5fcade567c97caf8f140774bd569a59f8a4708326d7302424
h23,LA-0234,234,8e316c08f7d87d64aec2e3e6f08cf315a53267d5c84dae77db84879e2cf7e9b1,23,19137905.85543848,A1_FINAL_NO_MEMORY_V1,A1_FINAL_NO_MEMORY_V1_R1_WITNESS_GATED_INFEASIBLE_RETRY,certified,PASS,3,2,6935d98fbb7cd16594ecf25b878625e141c300dbfefba04168833a6f028d7729,,,8945948b46c45c87a07b8628a602b34e6f0a8eb1335a54ec83757f5958ce9154,d8784a29a2dea5fb1adcc8af5f4a704e59648e76e8dc35243c11681acce243e7,P4,1188303790.2823021,h09,1185067457.3715086,3236332.9107935824,0.0,0.0,NONE,0.0,0.0,NONE,0.0,652149065.9082102,R0,ba4febb5f684a69e5a0c1b3fdc07621c7be4f37746bcda555715ec7f7ed560af,74cb40d6d2ea8aaeee1a8084dc52f1aa9fef0da1e4644a6d63c8a3da7126964f,b9c2eff8753e4cc4280fb9ed8b1ec548cca8299ebd4b390379802eca877e4f81
h23,LA-0105,105,642f0850175685dc6c38e0ad36b478de797b9a46c9c62af62834484e36409f24,23,19137905.85543848,A1_FINAL_NO_MEMORY_V1,A1_FINAL_NO_MEMORY_V1_R1_WITNESS_GATED_INFEASIBLE_RETRY,certified,PASS,3,2,a83de3068b77b0ec2ba6a17ecf69357cdc74cfae00c31ba3fd6b3295bc2af330,,,648796a90abe67ffb40b96dd9b593c21fbba497e5bc0972fcb26ea8cdbfe482b,7961b12c5e1a5ea95347c4fac54cb78c6e3b60874c893eed82d40f2fe4630d44,P4,1160345319.1295152,h09,1158749521.5731466,1595797.556368615,0.0,16918554.64198924,R0,0.0,2595745.467201162,R0,0.0,0.0,NONE,ad56cfee5a4aa49c2bcfb7b2249f70e9502a260d93e593493298dd1b16c9aaff,cf54c71c245c044c059ec68c5b839e8b33ecb70cc8c49b24a39c2684317b0cc2,d8f2916364e5054664989e9ff6652f1d950f44ce13276ff5638ae381c8902d85
h23,LA-0268,268,074b7731a42c2cd981411c89954570f913a3b46b63deacef6774fd61ccbe4819,23,19137905.85543848,A1_FINAL_NO_MEMORY_V1,A1_FINAL_NO_MEMORY_V1_R1_WITNESS_GATED_INFEASIBLE_RETRY,certified,PASS,3,2,27b752ec9753fb2290833eb91b12791d9f88e834f942585a767540453ceb9880,,,6aa9ac0f4a65d98da48f75dbe7f659c97c9b6843aef0ed0780f8c0944be64bc3,5fe321aae88e63fb9246500b6f0078562ddba0772464970637a93bf4bbdc796b,P1,1222267620.4113657,h09,1203129714.5559273,19137905.85543848,14526039.914371157,0.0,NONE,674902.1783365898,0.0,NONE,0.0,0.0,NONE,6bb7aa7698c4ce277de321cf3cbc5feb061ca7ff3b9c8252fff4a76abe64ee30,9aa16d22110d7c9a4b99f753116e9ceb7ff298c3c3db50e64a454d4db3c64acf,ed2868f92bcb734888e8e4a28aee9d23af4dc08d0064d20fec899356bd7c4b4e
h23,LA-0734,734,12e799fc78af354e664a13c6737226bda8439a8efaafbd34bb8017839b6be271,23,19137905.85543848,A1_FINAL_NO_MEMORY_V1,A1_FINAL_NO_MEMORY_V1_R1_WITNESS_GATED_INFEASIBLE_RETRY,certified,PASS,3,2,3127566d78d83a4033f2614a43ae3b8a4e50b43755cef6d6cfd29df75b12ef24,,,15a80641c8d7ddd094c21e67e8266ba726d7d32d61a412d0fb05fdc5ff989e99,c37ac774940691b23bb142508f5f070ee0f6fdb91102f8cfdda27e5366c9816b,P4,1231461100.8695784,h09,1228384859.970919,3076240.898659511,0.0,34154191.84593291,R0,0.0,0.0,NONE,0.0,155086582.58991155,R0,e52992d5a74f80284aefad06feedf3107cbf4dce481e79d9e6e7c6a87df5408f,863190ed8ecb5e59dc928db20fd416551148f5e1e08dc59e5dca770eaff6c116,eb5328f0332d369a5f06bb614b9d74fb5075b910d08a2b57ec609c6d8cc7c3b5
h23,LA-0302,302,ee30301ae5d9ebcffe4f347cb88e044583d130a04d060a932d6b5e1d5e66f19f,23,19137905.85543848,A1_FINAL_NO_MEMORY_V1,A1_FINAL_NO_MEMORY_V1_R1_WITNESS_GATED_INFEASIBLE_RETRY,certified,PASS,3,2,d65e550476e731bd71941a61168fedd8f1f8066e0e2a3a7f013069272f80e07c,,,1c8f0485d25eaf0929ab6d5b229abc98f6d64533171a9afd7dda28b0e2566ebd,9c798ab72bfd4b72cf3da32b95d8252ada6e6c87f148cfa0b8d6e6ae95ee874d,P4,1231964682.2858036,h09,1222257346.746313,9707335.539490564,0.0,0.0,NONE,0.0,0.0,NONE,0.0,127194018.51963937,R2,8065036248516a58b03399b1e372d76a763b1f5fd414879dc75895c1ccc2c712,038973065a5779403dffc4b49996956f852a96cbaf8db0cf59df765b1342b509,da82ecd89359bcca11a0d6c02fef8fbf6c8317895fe318df0bd67e40141114a6
h23,LA-0017,17,9d8be22567afcabbf94ce470787e9f63ad71892883ca72fe79ea5ccd3e06ce5e,23,19137905.85543848,A1_FINAL_NO_MEMORY_V1,A1_FINAL_NO_MEMORY_V1_R1_WITNESS_GATED_INFEASIBLE_RETRY,certified,PASS,3,2,b32b1d382de273d01a986c6c9eb1cb098ce3eec54fe866f98c9d26b82968135b,,,144c5f08a9a576d96a6273199b51637d44eff4bbb196b82a13e3bea09768df4e,21f016018f331f24f372babb3a9ee296266a93d29999969bcf0204cb3085fe31,P4,1179450447.9848735,h09,1174498158.5464997,4952289.438373802,0.0,15852570.715621822,R0,0.0,0.0,NONE,0.0,283461579.0291942,R0,89ff5bb5a758267b959fd8e684a7523d6264a35c6fcc7ab9766f74ad79343a77,40a4a4a99e27395dbe584dee192111ced7c7399b07e4a229acbf5ecef0920b16,d8ebe450edc309c2c4bfba6beb23b70c3ebb8146e43a1e78901a341d843032f6
h23,LA-0923,923,86df9f8970c879fac20b8e9ef711983d5c6e554b1ebdb54b3419449ed043fa9f,23,19137905.85543848,A1_FINAL_NO_MEMORY_V1,A1_FINAL_NO_MEMORY_V1_R1_WITNESS_GATED_INFEASIBLE_RETRY,certified,PASS,3,2,b1ad4542a86b5e122a31c435d9c111ecfdde2a8d98b71937ca1eb0cae113fc50,,,581a865861b631b67f97638df015399515cb39a952a62019e86776bac42c4e77,e2887da65ec40d43a6358459dc1a59442bcd65c057424ad84e021947b9378a23,P4,1152764579.8615081,h09,1152723212.5647893,41367.29671872924,0.0,12781263.873211432,R0,0.0,2128347.66192606,R0,0.0,0.0,NONE,d280b9ad1972a4017fca4d50befdbd56eac66af4184bf42709b3970eeb4d83d9,7e1731cf2792fda4b1935cf6e6dc73ae15fe27ec72273460bc424e057c38422d,16c54ae22da11d758234e477f32effe723fa4c826a589f8a102a97f54a64bbab
h23,LA-0374,374,7e1971ddc86b3bd821e7416c29484e656bb42690d3e2c869476c0afddaa070d5,23,19137905.85543848,A1_FINAL_NO_MEMORY_V1,A1_FINAL_NO_MEMORY_V1_R1_WITNESS_GATED_INFEASIBLE_RETRY,certified,PASS,3,2,28f8e9d006a4de7db1ebb96101032da7f2c9607372ec5c517be4252d01ee265a,,,045a04c4dc34f7e3ae882fad1b5d2730b214f56d0a1e63a890330011652de59a,ff5974742d38f838a6763559eae89d95879c8005e7e306eb6a05567f3a956b08,P3a,1236266691.2061822,h09,1221187372.1855671,15079319.020615013,19925779.440348398,0.0,NONE,0.0,475415.5846246806,R1,0.0,0.0,NONE,3bc57bf7f71d1788c2f7ea9a7b6ea12704c14e68cb45b281d834c79b4b9c405a,11aa378d9bb8519251e283229330a74047aed68ec150ec662f76e305fca049cd,ad1c9541aff6b84dc612927e1efc0dfbef2d2c28c70e354089861bd54a085445
h23,LA-0930,930,d733d147cd567bc1b4389530bbaa6a62ee7daa1f91430d98a94b27d7c899856c,23,19137905.85543848,A1_FINAL_NO_MEMORY_V1,A1_FINAL_NO_MEMORY_V1_R1_WITNESS_GATED_INFEASIBLE_RETRY,certified,PASS,3,2,4d8ca63e4e107d99a45ddd14496b4524c4e7434d5296e258400a23b2097146dd,,,5f7e4c79f4866aba832bfb1e0283690072138517a563dd51e6b8b7bb54eb993d,f8a5f521c768a88e7d95edbdff3088ffd75c9c079c76fbda96479133df4035dc,P4,1240627528.9231884,h09,1234727538.7038355,5899990.219352915,0.0,16047573.49593032,R0,0.0,0.0,NONE,0.0,35138711.785304464,R0,9248b33fa380d2d05a179aacf8d9867ee551e0fb95c1c99c383ef1b9c85e4520,b5a239f855835e5fa85787799c7d5f27f4b7b3b295efbaf3366561aa22bc292a,aca8182b4de669c1b800dc82ee70ed2ddfc4a8093a7c3c455744ba35736d75ac
h23,LA-0433,433,2122d3f36328d1fe940c02204634c6c71ee92980e3f03170baef3e1d272ea5e1,23,19137905.85543848,A1_FINAL_NO_MEMORY_V1,A1_FINAL_NO_MEMORY_V1_R1_WITNESS_GATED_INFEASIBLE_RETRY,certified,PASS,3,2,214740eae3c8bbedfff85001fd040ee21b96856850d203f686c86899ca23752a,,,d8543377b122f67373701ad6f1590012b5e3575ab533c7b33f8642fd737a16d7,0b21e9bd3adc7d3d764bcaae40448e02d6895b78757e2f74977e57b1bdd37dee,P1,1230239603.001635,h09,1211101697.1461966,19137905.85543848,17103145.23447843,0.0,NONE,559114.7812893173,0.0,NONE,0.0,0.0,NONE,a2265b0ee3f84cb77e32d232346dec7f42541d4afae436bb28c406508ca58c91,ef2a6d33d0ef2c650c970b82adbc379a3ef2700dfea727b7fdae5605aefb2284,8debc18ab83f51a4ca11be1699ff9fc465a1b7bcc132404b2040a485e23a5a0a
h23,LA-0947,947,b2f5e3ad7b573f22c1e4eff743ff5e7436fe4ea52f35ed6e2577f6a61c3cbf4c,23,19137905.85543848,A1_FINAL_NO_MEMORY_V1,A1_FINAL_NO_MEMORY_V1_R1_WITNESS_GATED_INFEASIBLE_RETRY,certified,PASS,3,2,6a244b1dab804c4f8820ed3b6e725cf610a427b9e6bc11de76e2b4a2ef83f771,,,080521c050697c42c8d76c2ef8b81e327f3972bbc4dac50a5946023d025f1ba6,20b5b6cb14e265c0c350958e261d76228419c0f167956bb6941f2c864ef3d5b7,P4,1234118773.556758,h09,1223574556.2884126,10544217.268345375,0.0,0.0,NONE,0.0,1519999.518790039,R0,0.0,0.0,NONE,50defe99b45b1d620f26f6b3191729bba28c49634f92405b7e299eeec19806b3,4d7537761709200165691cab52a7d2e4a36570fa396127217eba6b749d5c7e75,742800cd1ab3cfb6e64921bb6687d2c72e579a76e82d321c6448d2ad2b438ca3
h23,LA-0278,278,8a9f5389b2d59254c37d2e9eac512e3b4d1d2b6c3c04e1a747a3d642668d13f6,23,19137905.85543848,A1_FINAL_NO_MEMORY_V1,A1_FINAL_NO_MEMORY_V1_R1_WITNESS_GATED_INFEASIBLE_RETRY,certified,PASS,3,2,b55e480f73f155f886964a678cafd8c8b1493d4c5b02395d69149c0cb6dad432,,,626be595e4199dc056ffedac4e2dea3bcfd35bdc68ac8ff811084d562b75d444,249f88a050b264cc0139bb9121baf6309d1cd62b9681847a4a6ff2c1082be45d,P4,1215561468.8613775,h09,1205833731.747719,9727737.113658525,0.0,0.0,NONE,0.0,0.0,NONE,0.0,202288951.101019,R1,3f0ac31b85fd001d5b182a417e9a666eae4013d6663f61a64d812567e37279bc,c58177af75216f709f4c1b7bce0f8bbaaf8e31542d4e34aaf5a2899a9fb3943c,8eaef34e811635eca24a5d204f52ec107584d9003a44d3e862c718abc1ede571
h23,LA-0164,164,0d2d3647e67aaad9aeb4df18649d48b7f85ffcbd68339831e75ef9a752b0be74,23,19137905.85543848,A1_FINAL_NO_MEMORY_V1,A1_FINAL_NO_MEMORY_V1_R1_WITNESS_GATED_INFEASIBLE_RETRY,certified,PASS,3,2,f5eedd2bcfdd38c89529df6a693c583fa6d2ce5cf8b05a0af5e8c2f502d8891e,,,26ba48cc75b23dfabebe8fbb4ab5ae6c2d04ab1c6543345a08a8cb14efb4e577,47b754c3943130d02a9ad2efdfed438b1d6e3d42a6d77674d9ed0434bb29c873,P4,1215052439.5095685,h09,1203890610.4055429,11161829.104025513,0.0,0.0,NONE,0.0,0.0,NONE,0.0,285017322.8191267,R1,a22d335d819b00c2ab2f6d1eeb1ac8bd5b674d01738b30e5960edf9226b130ea,5afcf2a1a2cbf014500f293fb68de4487f0d7c7154b974ff117b64048a80acbd,9eb2b5fdef5ed41b09bea992be4ee7471cf7696f95d9ef4e43131b0508ef9eb4
h23,LA-0453,453,1c029e139aaa74c9679fc4cc9c4dda19a408838f57cb622959e73bbc99311ed2,23,19137905.85543848,A1_FINAL_NO_MEMORY_V1,A1_FINAL_NO_MEMORY_V1_R1_WITNESS_GATED_INFEASIBLE_RETRY,certified,PASS,3,2,39471994519441a6780923d845c46d5d1dfefd2c30c3f977d1d3ddd8a18aca9a,,,6a2948559108f8b0abb95c1d083c36d90cc1f9fa24efe78ad306311fb103d998,b0b07b49fd312cb8ec532ed2dee92cf6d5f87e83d630eb747c96c158fc7dfc28,P1,1226948272.298066,h09,1207810366.4426274,19137905.85543848,15935888.4798549,0.0,NONE,611558.7463260585,0.0,NONE,0.0,0.0,NONE,ee3b696f630cd00fff7294339f61e2002e0975a8a35b2d3527c569c8a85742b7,7be825445fe873094836bd10a2dac71aa2eee0fc103711657a9de528d66f2a0f,ff6b4aef415629113ada013cb3b69433575961f0b4ed6b43be8e161e261a7f4c
h23,LA-0258,258,8076e9721a659a74df944c7f3513bfeefb1089acb1efc0ccefd86e56dfaeff6c,23,19137905.85543848,A1_FINAL_NO_MEMORY_V1,A1_FINAL_NO_MEMORY_V1_R1_WITNESS_GATED_INFEASIBLE_RETRY,certified,PASS,3,2,3943345d1a645a55b2f256fb56ef7e71173c1c3e60a28ce534f0cfbf1d8e1a7d,,,556b0dfd5db299aea4feadcda6d6b266e812590864f5f3e4dcc65e4d53034b39,b9ca5283cfcbfa36d1a3b58935b7d60f1a085a23b3b2c0b8e1480aad0ac1cbd2,P4,1204901032.9690244,h09,1198595330.6830974,6305702.285927083,0.0,15108415.30025261,R0,0.0,0.0,NONE,0.0,171529332.1203249,R0,ea425d5918887fb06e46cbe59892cf5eec5cb218396bff563777b2ed839d78f9,37370fcb18ea6ecee52f340590c7885e70f275e0a5be0660b751e69c5dfad278,6f9f93a57df5500321340749a9e9fca14fe0103bbde8d83caa88feeb13a6b7cb
h23,LA-0663,663,1c934d645b4f92e9294648171da37858a2e83fadae65ec86d01c14f73ec9ebf0,23,19137905.85543848,A1_FINAL_NO_MEMORY_V1,A1_FINAL_NO_MEMORY_V1_R1_WITNESS_GATED_INFEASIBLE_RETRY,certified,PASS,3,2,ba503ebedd536143b67e73d8037795209a53f43f44ca5c4be3a438afd92b52f3,,,dcd0055863797430eed2efda4022b8414f3f5c150a00a33e2e2b73c117066eff,d5a78580070bc1d4bcd0b1370410a23f36d8fef1508674b7229ef0c5fea5e047,P4,1217419677.268459,h09,1210064225.090809,7355452.177649954,0.0,435575.34998157556,R0,0.0,1351617.289130485,R0,0.0,0.0,NONE,b6e3e11a80fe2ac4e6b1b8b7b6e48641ff0ee9e45611f2453f8a756adfa3b66e,85e66c234add757c2a05335c3a9be9d168b54b19f8d7de2514b93e5f1a994e9f,9f2766fcd9eab9dcdad6251f363bb50b2af5899b305e05dea9342cabf1b3fbc5
h23,LA-0640,640,556736df794676bfcfdd155f45ceac1062e109abce1a2289402e71788afcd5ae,23,19137905.85543848,A1_FINAL_NO_MEMORY_V1,A1_FINAL_NO_MEMORY_V1_R1_WITNESS_GATED_INFEASIBLE_RETRY,certified,PASS,3,2,85c719d4e52a19a90668317465f35b14fd9672b4d48500540b1a5040c0edde23,,,2079eedbcdbbe54443f4525b328fb453763e64eab1f85a7b095e23d991471408,cd9382a939b0eb416a5bf063dd4eb11fd9a81939ddfbd3a737d8ad798e00704f,P4,1190542149.769012,h09,1186245697.0011423,4296452.767869761,0.0,0.0,NONE,0.0,0.0,NONE,0.0,328209684.55278367,R0,cd07508ca87a01c60f48716e3550070732fffb18431787fa6d38593c112d1b82,836911b66d22c93e0c5714bd9c76cd6627a30dad885a14086a00f7f4538745a6,148b4895d442a2e3b842f7cf0fe6ca14de2872bf918cede8b7a998e36aa97ad3
h23,LA-0336,336,4bd72dcc8d08a9e2c2f073636634dd75fb19bd87a4052ad7c43219dffdc0c241,23,19137905.85543848,A1_FINAL_NO_MEMORY_V1,A1_FINAL_NO_MEMORY_V1_R1_WITNESS_GATED_INFEASIBLE_RETRY,certified,PASS,3,2,8b1ae0cd1321aa10b31f370bf66ef61d2995ecc567d049588c26e1aafefe2379,,,ae00665b488868f8ac9c6db842b7d7defb593640ea01f9d265dcc56e5e417d73,7514cc051358481f7bc86381497c16b0132bb9b0aa1ce378f445f311a30b5c5a,P4,1235939664.09418,h09,1231020298.397224,4919365.696956167,0.0,0.0,NONE,0.0,0.0,NONE,0.0,212084335.8302521,R0,71cc5d3e9783dd57166037aece7d4651c35adad5e20fa4417cc3b81b035d8899,566dc05abcdde00fbf6f5f23d2811938e4469c359d3c870a72ca2bb9c02f54a6,0beb996983742f990837d65098b5811e79dd9223a11d0c9e2398c0bcf248fd9d
h23,LA-0303,303,c16fbaeb493f56ea949022f93f62f201d42df69eddaf0b529a63d6d3052c8179,23,19137905.85543848,A1_FINAL_NO_MEMORY_V1,A1_FINAL_NO_MEMORY_V1_R1_WITNESS_GATED_INFEASIBLE_RETRY,certified,PASS,3,2,7e9f76abb6f4917f732ebc7a79931b3bf6667ca1bd230a2647524152828efdcf,,,0e47918b52d94fab55bd531e9583c6c88252fb7a3dd8617b1ac71e3036a99a52,ac38d7f9c1721694d1572e1b5b70e4e1cbff05a89e66ba65d94423f0a7c2092b,P4,1225287708.727059,h09,1221084915.1582043,4202793.56885462,0.0,0.0,NONE,0.0,0.0,NONE,0.0,222879616.13254395,R0,32a60bf859abc5343961a0bcfcb3db6cedd81a115dfe6211bc1da295343e552b,0e154d867f2e7da7190ce46a8c21bf3ef1df2b06a101aae70f71f3a7ec345d2e,cf005b8e74f2b4b029b28f775dbc0efd65f577d39da28a8ebcf71b7384b15737
h23,LA-0434,434,eaedf29b3f0adcc63ef9891f0af185763f8d102f02654270b1c9ecc613eea483,23,19137905.85543848,A1_FINAL_NO_MEMORY_V1,A1_FINAL_NO_MEMORY_V1_R1_WITNESS_GATED_INFEASIBLE_RETRY,certified,PASS,3,2,e249a3cf0612e31c9fce8fa62eec36154ff56c6e7c2b35c717adb031e06f67a7,,,22141951d3912f1f5e31bd3cb5c5ed1f6227425af9352d76cdda29b6d65edc2b,5bf769b316495d718bbe8d8b14fb287db02151b4174ad77ab9d4b6b2c2a4e32d,P4,1159816079.7637694,h09,1155997203.2762182,3818876.487551288,0.0,0.0,NONE,0.0,0.0,NONE,0.0,559629255.0204587,R0,b11d747149353f07db60e7c4198f81d8182ae1f90a032b6dba5413958664de6b,72a56fb3c6eef8a405e57ace76dab8988e83bd3cd2fd4889f480a7fc233f0497,e1bec1fcf39c5ddbeac005cb511b02187c44e5cb7259ceef3b84ffcae75c0641
h23,LA-0251,251,347e956fe65cc2b94ea2a0fc4a245738795104572a19188d39eee4a3d1c98ad2,23,19137905.85543848,A1_FINAL_NO_MEMORY_V1,A1_FINAL_NO_MEMORY_V1_R1_WITNESS_GATED_INFEASIBLE_RETRY,certified,PASS,3,2,1e55998ea21d63a88cbf4023d0ec5dad3e9765088ef274ab86d1deb613e3795b,,,953150cd0a352232e0dd975d294a3c6da618584ee0e65631b895fe29a272db60,a3156f9809d7e2ae963da76fa864bdeb93259c2fcac4f0e02b0bce5edfc936b6,P1,1221653928.8668115,h09,1202516023.011373,19137905.85543848,14359476.888880685,0.0,NONE,682385.729363933,0.0,NONE,0.0,0.0,NONE,0c7ec2dc7dcb81e0392e04d4da3fe0a2f2a48972a86203f6fa851f0549edfa5c,c0dbd27a9243a73825ec527f2989786c8a1bfcade14be5878461b14f91ce8eb0,876aaa7f76527f532607e75d87307fed6a8dd93305aff619315a56f937c5c958
h23,LA-0758,758,65dfbf56050f03b54ff46c8be21d44467ac1c89802d9accd48cf2337381696b4,23,19137905.85543848,A1_FINAL_NO_MEMORY_V1,A1_FINAL_NO_MEMORY_V1_R1_WITNESS_GATED_INFEASIBLE_RETRY,certified,PASS,3,2,63293f53d9cc7bb6f56fae0841c24c3b44b25f0bb5ec0a1657feacf14491ee80,,,a47e225f905c6c135b2d10e062720c6e8158276d3d85959e46e2e0810aed8d07,7d024d23e7566a684b3280e4e60b240930baf935bb9e6f6899c5297b259203ab,P1,1223661528.1057193,h09,1204523622.2502809,19137905.85543848,14919107.007149398,0.0,NONE,657241.970512473,0.0,NONE,0.0,0.0,NONE,ce76814273112980c27439a6326269b7e06af779dd0850ef4d6eb4e1c7fa42bf,23235f820947433926330b565d0bae2b9a1f07c10fbededb4c6c730ef97aa468,9c3c4429983345c20a23e588c8afce3df1ca922b5fff83f1979213f6cc8ee993
h23,LA-0129,129,05d5177207c024ba14c28a7fb0c3c36ecc93815714c381fa57cfedd0ad5998f8,23,19137905.85543848,A1_FINAL_NO_MEMORY_V1,A1_FINAL_NO_MEMORY_V1_R1_WITNESS_GATED_INFEASIBLE_RETRY,certified,PASS,3,2,bc7e240b7bfd9e0dbfa91d6966ea3665d240a1406d51e92a41cb2c6c209e0102,,,c4123cf3216d54b690b7da12cb934ac005013243d6a590c0ab3a3a301d91b181,d55376f6c06556040121355a0a222e17da2733b37e499904edf1a1573e49a1af,P4,1229414447.660951,h09,1221960786.237378,7453661.423573011,0.0,0.0,NONE,0.0,0.0,NONE,0.0,204193492.79758906,R0,47fe4def70995f5042351c62f69bee58cfc252139e779f69f6be0fb1e1fe9bd5,c8f337cf2f06552f1b32c3fe23d88b772b281156928b1e9ea060ef1a4c07dc64,4d3c4efda949ee6a61340234178e69a81e6e6c0e4b1151f7c9a233ee47330057
h23,LA-0534,534,76613688246fc21bd3cc4da9ace6e6631a784ba3b2caea1552cebedc2b08edfe,23,19137905.85543848,A1_FINAL_NO_MEMORY_V1,A1_FINAL_NO_MEMORY_V1_R1_WITNESS_GATED_INFEASIBLE_RETRY,certified,PASS,3,2,42a3664eb76b80604fca01b5bee5461f65f8d9f19c9bd7bdec9c7a0a3b09c9d5,,,164afc8475fd5158b49fe87de4fb5e82054621b10479b5725e046b3a252a8949,769cbf38fb258c7e8cd0fe1f14ba530f758b75b1335d41b336fd0185bf2c0b3c,P4,1211326987.3463883,h09,1210245211.5298316,1081775.8165567832,0.0,0.0,NONE,0.0,0.0,NONE,0.0,220976382.0362221,R0,aec0d71571597fefbb85af89d4bb3cb2d9fb4f43469a1277b1951154c5d7f1f4,7fc3841e542d64c821ef087f59a21192fed4e44b8b7f0a12078a49dbda554474,5abaf313906bf8ceafd6d8400c4a08c8be9f65501ec5d7677957997e99119a18
h23,LA-0988,988,7e33ca8d07cd3699a84d5f73e5c1d546de9fc417bdeb1e4b64eadbba66a6b13c,23,19137905.85543848,A1_FINAL_NO_MEMORY_V1,A1_FINAL_NO_MEMORY_V1_R1_WITNESS_GATED_INFEASIBLE_RETRY,certified,PASS,3,2,9f20289ce982d6989da8bd5a0e6803e5b3a06877175fc8dfba9250baa06aece6,,,a18b17c12e7414bbf7b931d4b0c88ed81d24c6f345504db0b92671cfcb0a1a73,74b314afa2e3819d7c7d8e942bf7d3c201c2bf4114aca03426d4254b8d3f7c1b,P4,1188669419.957878,h09,1187200479.1549199,1468940.8029583422,0.0,18486814.854118276,R0,0.0,1931853.3334269954,R0,0.0,0.0,NONE,0ea67ed93fa559d11f132192e9b8a25c9f5be917a9999b73f11512da7127109f,3da66730aeafcc389f248217a2be9750a905f59f3b0178a157ed63ddc0dd0182,23bdfa0dc86f1ff10002cadb708aa4107ced13a7c7bb6c2081ede2c77de6a161
h23,LA-0056,56,1738ad1dd29775b4c1243f37df4a477fb45779e43f85cfc3b12da636f8161850,23,19137905.85543848,A1_FINAL_NO_MEMORY_V1,A1_FINAL_NO_MEMORY_V1_R1_WITNESS_GATED_INFEASIBLE_RETRY,certified,PASS,3,2,27115c948988df1c4a3727668a8797279a8d5e5704f60348a1e4e845b86d5c08,,,af5d466a75bfd20dc7fe2d5b5f118331326c7c47e338e52d472ee5df0eb5a044,f8fe64d348b0efafbcbfbee81fbf9cbc242ba24f96b2effc5b2cd3a6fbdc5bc0,P4,1216460540.2040946,h09,1205231084.4460044,11229455.758090189,0.0,0.0,NONE,0.0,0.0,NONE,0.0,218357250.86584362,R1,d7a91f5e6a6841e32f33c0b4c478c5056c382e63678a573b3b1073db7e6dd227,3281a88c567918f7337279c0bd41fa9a3505e4d793d557ced554928d5dc529b9,d3cb5aa5a59cbe6e8c6e255c4fdac707188d9c18d52fe399db7e2f34f589c88b
h23,LA-0241,241,2cf6628e1d5fa070cdf66ed0f55df7b7bfec99e19ed82e25bc4e19be4c5658ec,23,19137905.85543848,A1_FINAL_NO_MEMORY_V1,A1_FINAL_NO_MEMORY_V1_R1_WITNESS_GATED_INFEASIBLE_RETRY,certified,PASS,7,2,c6ccd7a9c67d2086ef09ba56745da83f620536cb5d42040ef7d0786a278034a8,,,399ea6a38301ec8253b7725dde07345847312e1cd3b38b4a2dd354608baa355d,dcb8451a51d51aa61e78679b172903422386d0c9c9dff136c9ab769d8cf9ce55,P1,1228660840.053436,h09,1209522934.1979976,19137905.85543848,16522628.612714507,0.0,NONE,585196.9549794181,0.0,NONE,0.0,0.0,NONE,6803a48275baca8c8ee21df401c2110f604769fcaa00722dc8be33e74514e12f,2b016cf4ea59bd9a9dda8d0ef7a301cf2f7367dcd76fe0ab48e5c7e5928fc3cf,270e151f5309616d70bc6e18c502c060f067ebd55242079813c5874c7298ce12
h23,LA-0773,773,352684c43c955d5fdf1b7efe1809d560e18ff6e9a14fec08d2d438ec511cdc73,23,19137905.85543848,A1_FINAL_NO_MEMORY_V1,A1_FINAL_NO_MEMORY_V1_R1_WITNESS_GATED_INFEASIBLE_RETRY,certified,PASS,3,2,b5aa69a14422ccb68d065090055c6ecb3ba81284f38e05d1702754f1cec10e2f,,,244682bbc09cb839a3b11f5484c18983e61fa23fcf26727468e1a3e9b3b778f9,251632dfe6b1991464c0516d78781101236cc67fd1040523f953f87eef55ee22,P1,1229415026.048705,h09,1210277120.1932666,19137905.855438434,16794948.201460715,0.0,NONE,572961.8413812658,0.0,NONE,0.0,0.0,NONE,151a56d8654ae2521ea4f555cba68f4e1e34a5f3592fb2897984abbcef1a0ad3,0def15c2144bbba302eef1b333ada59878d832c3b88bf3d1f0914170d89f0a9b,82a111ca12729aa21c7d66e806a862cfc6fe3c5a170c4f59834cfb4747429f3b
h23,LA-0325,325,ee053b011bcec6468ff0b659ca14db2c3cda3815407a3e20302f1b30d5cfd97b,23,19137905.85543848,A1_FINAL_NO_MEMORY_V1,A1_FINAL_NO_MEMORY_V1_R1_WITNESS_GATED_INFEASIBLE_RETRY,certified,PASS,6,2,d1faae6cd488298a603b68db4f2914bc68d87013a9ac4e21cd38fdab5797e94c,,,ecbf90b6220f545a5b176f0989927a549aeb5ce0571e257a0143f56d75341184,bbca3ab3646d29424ea8d3f3fc8132ffefd0cb5874a3bf09db89ad3880881bd7,P1,1225195499.2187395,h09,1206057593.363301,19137905.85543848,15377011.123688519,0.0,NONE,636668.684144383,0.0,NONE,0.0,0.0,NONE,580ba324493b95d872fd05d91664946c77f6d184053feb5f1ba07adc40d71233,db902618171cf9cfceca248faad0717c901f603478b831b93b591e04d711711a,e128c036f93f83ad5ea3224a0da39add3f4556bfc33bfdfc0710b9c16ebd14bb
h23,LA-0539,539,38b363b234a7c060faae0441c55f6a3fd6b9eab446463cb665ae20148e7cb7b9,23,19137905.85543848,A1_FINAL_NO_MEMORY_V1,A1_FINAL_NO_MEMORY_V1_R1_WITNESS_GATED_INFEASIBLE_RETRY,certified,PASS,3,2,9accf7311389ca4a8782ce10cbc1278f124c68beda164563630b565f1b0fa659,,,83edaa8233cd3cf4821c870d52ef437770ab13accd35e26ebab1828376ee58c1,620a25c8cdcb4a6dc5ada181a8c7b06e83883b2afb8c5c283e32c96727a0322e,P4,1221453232.7320273,h09,1219455114.6701212,1998118.0619060283,0.0,0.0,NONE,0.0,0.0,NONE,0.0,179820765.82621947,R0,b45a447bc971559bec82ac324cab53059497c041166d5eef76d55543253412ee,2b6cb8ee08b2ae3be776ad8cd33e4b5d97f5fa93c874863a29d1a0aba831da0e,9a35d3a6a8475e695ec3721529e28c80ed6b3fd7328743cb4e9de8ef9c9f523c
h23,LA-0618,618,cc51d9aa8025dc8c3cad333a7d884bcd02747b3bb5b1eb75c4d4790786d456cb,23,19137905.85543848,A1_FINAL_NO_MEMORY_V1,A1_FINAL_NO_MEMORY_V1_R1_WITNESS_GATED_INFEASIBLE_RETRY,certified,PASS,3,2,a5c1ec2071b14006f7f2b70f05a0ec7f7aedbfe2faa01d6383ea88fc9fa9950f,,,ec97037b1361cea466f5898652672ab7145d3d0941e14f5cc398595b5905b70d,ad701f5d2aa117e95b148695787eac7f5fc675295159c1a1d826964b7d172f9c,P4,1232433596.686941,h09,1225624223.196943,6809373.489997909,0.0,14620530.522613961,R0,0.0,0.0,NONE,0.0,62741662.80590778,R0,790736859edb91054850acf57aa206c4b3d83f6c91c79728157edc080f01abed,a046743a1d96c5e130fa3bc85154ea5b2a7c4561dea8c404cd686fa760c28507,fdf8e8749ffe6e046a4f9532eec0a1ccaa73d39a444d181f820dc74a3f61948a
h23,LA-0474,474,f4a8ccf4bb978d75a720db4bd933115899e4eb34499800a333dfadd90374446c,23,19137905.85543848,A1_FINAL_NO_MEMORY_V1,A1_FINAL_NO_MEMORY_V1_R1_WITNESS_GATED_INFEASIBLE_RETRY,certified,PASS,3,2,956c99373a0284ad8e4ff8ffde4146e1675f1814988dffe895eb641b23018ba0,,,0c6c3fbc6281c81be1c315c684fb369f3df3efd35ec6fd24badd8b6311005f68,3d77e227d83e0082995b2b7bde0f466eef1a106b18eb38d7c6080285207166dc,P4,1197609956.3249547,h09,1196537534.9564757,1072421.3684789164,0.0,0.0,NONE,0.0,3609960.26356048,R0,0.0,0.0,NONE,efa8ff587e03fdf417a31d1ac767f0ed3598bf9624a324714d4fa6a98023882a,8c9e7cfacc2701c975f86860fcaa4e82f18794712c1d992fd4b7396e2bf82140,02b7ff61880f38b01d95a272bb6d850a5cd0f83d6dbe15736dfeb1c8f183a816
h23,LA-0559,559,38944a37260798b40473266bb6dbfc9ff5d6eb3a9c77f1e4a075d76223cac0af,23,19137905.85543848,A1_FINAL_NO_MEMORY_V1,A1_FINAL_NO_MEMORY_V1_R1_WITNESS_GATED_INFEASIBLE_RETRY,certified,PASS,3,2,4462606886e6e5e920c0a5b70099d20c8e86bdb7a2fcc2665a3f42fa32d8da0f,,,06abed1ba60271feaf2d515628c79ce8aa397920210b88e81518a24f9e251ab1,ac5bfb496465335c95554390f31c1fe223e4159ee6083c95f9564b007747b039,P4,1229310860.416438,h09,1227163111.9778047,2147748.4386335355,0.0,0.0,NONE,0.0,0.0,NONE,0.0,260804777.03166863,R0,1b1c6968f297015263242d510e5596d5367cea13ef6ef21166f6e880901b0d37,8e0ef33bc929dd973a8dd2ac448f4d94cf94878c2e35754bd19794535986d069,af2dd49cb067f494586c42b44fe528fe629e6c6dd6d03f890c54b74d87ef71af
h23,LA-0626,626,81b33dbcce8673f59fa5904bd23c93aba001f02b0f5c90d8d13e9f9ae0d7a9f6,23,19137905.85543848,A1_FINAL_NO_MEMORY_V1,A1_FINAL_NO_MEMORY_V1_R1_WITNESS_GATED_INFEASIBLE_RETRY,certified,PASS,3,2,9145c552399cc4351095eaefdb85045ed65b452b50beb52a6c6c059c35bb3730,,,c44d82bf90a959b5fef77193068c437ed5d9c1d9ae8097298d0196626abb8805,e1b39ddd05be1f1ba63ef1192f57d759da10043cdf44b59b864f77c735c19ec2,P4,1221973070.127017,h09,1219147920.473546,2825149.6534710107,0.0,0.0,NONE,0.0,0.0,NONE,0.0,338344958.1581727,R0,6018ad974f35b4883429f6e6e6328be6e6948427946fae2a95afb161c6a8906d,94207b12fccaa663bcaf059c5fc80b6ed0f7ed1d14619ba0ef2727d215808b07,78abc3e9ee34c3c89e3900d113b767e53b63d3e6feff088daa1e6177796b8093
h23,LA-0617,617,d59dafe265604f537375b55f1b3ec24bef30d0f3cbae8ad14a4a1043bdd27c49,23,19137905.85543848,A1_FINAL_NO_MEMORY_V1,A1_FINAL_NO_MEMORY_V1_R1_WITNESS_GATED_INFEASIBLE_RETRY,certified,PASS,6,2,c039b8067281bc4c2c0ceeeb4b7ea3280b9218252c072f31fcf57ad8b0b9e4c5,,,010cc27516d113ed603cb46a6e807e07603a65c37c3faf661121d0cd6c22d7b6,0783663391bca887e09af7f1d7081c381ffd793caf49ba26eaa4fc4406498acd,P1,1220909713.443281,h09,1201771807.5878425,19137905.855438404,14162542.696402738,0.0,NONE,691233.8340023828,0.0,NONE,0.0,0.0,NONE,aed2c2e38c0d20bfe650fbdab10f4c4d0eabe840310bb7d4ef7ec295d02d2324,b9e54ab598f34b0e405d96ff8afc95dd8498d9f9c550e42d02f459fa19426c3d,f04d0289cbe33f7e3fb00c212697d77985ed0907fd3e814406e5a308ddfc7ae2
h23,LA-0624,624,a5d87dfc044d99c1808dfa2078b88e7d3fa889603a6fa05613e9bbdf178be0d7,23,19137905.85543848,A1_FINAL_NO_MEMORY_V1,A1_FINAL_NO_MEMORY_V1_R1_WITNESS_GATED_INFEASIBLE_RETRY,certified,PASS,3,2,86b315b51dbd1370b7e49f3d4362e36a3fb114fb5a90c7fb09796fec427dd8dd,,,c54c8b7a1a8f46b5075b038231d13d99762723e0dd2b5e405d5c1992cd916e9d,035bb4bb8e68d577ad7c4171398a3a45a9b2cd06a073f473c35cb8f1a12d3ef8,P4,1222973358.2668705,h09,1212721282.3156376,10252075.95123283,0.0,0.0,NONE,0.0,1456567.5823575114,R1,0.0,0.0,NONE,d50b665ab81d6bbf77db69fbee16bd70f612113fbf724df9bc1f6f42c0597aca,4e4761d5ebf76e7c8b7113ae1426511fe80e9209c9d744980458f54187651212,94858d839d5324cb595126421e4a68f2c79caf1db5a57b185dee7447feb69780
h23,LA-0419,419,980ed4843284f015912efec4bdfc93012b77d07b8b05807719cf0508fa21d36a,23,19137905.85543848,A1_FINAL_NO_MEMORY_V1,A1_FINAL_NO_MEMORY_V1_R1_WITNESS_GATED_INFEASIBLE_RETRY,certified,PASS,6,2,94c3ffcf212b99919c0cab5d39f2ce7c365b780a41b8430ffe750a98a2bda16b,,,2fcf10541ac5aed238b20ed579e3d34cc67af5e7cdaa8c7827b372628dee2726,03aa28360ebe60f639d07b2b36c15b4e075bd6cc19950537ecb9a42f1772e26f,P1,1223547655.3658326,h09,1204409749.510394,19137905.85543848,14886199.94916811,0.0,NONE,658720.4597920568,0.0,NONE,0.0,0.0,NONE,7b6ecbb7435925bb5fb748f6572f9f9162d9a340965c46def760d4f65333f34d,c3273e4113c397da646c66cb8fe83f0be08837a450d88472a23907ef283f6202,f00967d156e0918e700149127cd3fe9ba943cd38849bc27e8d75b5b3625df3bc
h23,LA-0449,449,b99e0b8184bdd18eceee93dc36767e3a4085f25705345953926bcb96a5b5308f,23,19137905.85543848,A1_FINAL_NO_MEMORY_V1,A1_FINAL_NO_MEMORY_V1_R1_WITNESS_GATED_INFEASIBLE_RETRY,certified,PASS,3,2,56def9adf97dbdb87ddfef80f099dac780b498d3851d3012a543dee8843fbbb7,,,88b9de67d385874867d08357f49356ffec68221185e042703d9bd8a2baa895d3,545802d55daa306ec1df5c17d6665686a5d526afae58cbf906bd91952607215f,P4,1234153064.020469,h09,1229110486.8780413,5042577.142427584,0.0,12948480.129404549,R0,0.0,236124.1922080387,R0,0.0,14794791.053619508,R0,907e5d7da21108ef0f0634c14a01de378a505fec0a28fc7f55af801b53d0e25b,0c51f2436bba99cf6cdf05968d98545daa9d633870daa6f0e0eb6f11798260bd,545802d55daa306ec1df5c17d6665686a5d526afae58cbf906bd91952607215f
h23,LA-0034,34,b6a09f1b58b2fbf1794374e4eee392d33de36403806d9cac077fea29336b5fb6,23,19137905.85543848,A1_FINAL_NO_MEMORY_V1,A1_FINAL_NO_MEMORY_V1_R1_WITNESS_GATED_INFEASIBLE_RETRY,certified,PASS,3,2,d9b2e20859332d5967f525bd9070c233bc40715d17104464bf2241ca98311581,,,1cda7f8ff4b8eacf2809f9983c1c106693f5af4c1e082e10438cbf7ae0e57314,e999b7835437e28d8e0e54aa7958be25192362702791b86d1aa6db5891767264,P4,1240279385.2554855,h09,1228483932.0476382,11795453.20784729,0.0,0.0,NONE,0.0,1402204.0578126786,R1,0.0,0.0,NONE,bb9f9a88c50d575b31c20c6054d3b72efd709e71308c8e06fc92ee472c4da5ef,03c6a3eabaab4c0645effef95bc13ff83c4789d667c513be09eeb48dfc361611,b81aa5bf43254c599f80efb6464f42163778ca744b66fe3fe366894a010b4774
h23,LA-0228,228,9a7cf482266b21d433ac9d5b4c7a3c408df6990466426254b045b477ff91c73c,23,19137905.85543848,A1_FINAL_NO_MEMORY_V1,A1_FINAL_NO_MEMORY_V1_R1_WITNESS_GATED_INFEASIBLE_RETRY,certified,PASS,3,2,110bfb93642b792e3de717c328b3b92df841fd6a9bb88d3079c9ab8984bbf451,,,33e4517ac304da57c77d6e89a1c7a6d538d2882ce66e8af3c2d7a0bea88a5f36,c747bdd3e57df5a34e6e9cc2f887cfe0556c3ad03d720c6bcfc2568f712129c4,P4,1215218891.078079,h09,1205810853.075546,9408038.00253289,0.0,0.0,NONE,0.0,0.0,NONE,0.0,201206707.84613845,R0,c9bb7410f6dcb517ff3f5557bc05258da9113fdfba59f1f71fee23cf8d758d5c,bc82e8dea8e851713827f7425bb9bc6553c9c5c220e22bdd27ca698c91dc3d2c,28957f2461700b946eed61fe0661a6320c8dc41a43d797e69007f8aacd01cbb4
h23,LA-0181,181,060d6c34408ab0d9201a98d0b431f21c8baac34b4d031c8897f92b6e83fd3a42,23,19137905.85543848,A1_FINAL_NO_MEMORY_V1,A1_FINAL_NO_MEMORY_V1_R1_WITNESS_GATED_INFEASIBLE_RETRY,certified,PASS,3,2,4b194cbe55d2513f62ca13e373dc3975b9618aa471a7676fabc9f4b91e5d674d,,,ceb70a59d75370f1115d3b3c53738bb30ce806ccee984d5120b250fe3429f1de,8a5a832c1e0b1f7e66d25c12f4563e4162bd7affe582ccab65fbcbb859d70d2f,P4,1234039742.554662,h09,1227888716.8158557,6151025.73880636,0.0,0.0,NONE,0.0,812623.687718412,R2,0.0,0.0,NONE,7b75d32a939379b194d25d25c4aa66f6addc15fb22036e71093a2dc37b9edae4,6597505aece6b6cdeb1e42fe729f9caa47404ae311bdb8a999fb22dfbe98a605,14d7569bb1379627b4c185c5727043c5d99e9107686790303cf70c28044a7076
h23,LA-0446,446,158f38ab0c9f58e91011abed655b810dbd3885ea73cd7e5251f840705844af14,23,19137905.85543848,A1_FINAL_NO_MEMORY_V1,A1_FINAL_NO_MEMORY_V1_R1_WITNESS_GATED_INFEASIBLE_RETRY,certified,PASS,3,2,6e735ae5f23a721ed327a4cfac4006259dbb241f5b24ab1721931a45f622e1f1,,,6f910b63d293503065727d120d419e13a79cf8497f3a0215f3d002905dfe1a45,185bc78b02846c91254453f0d8f823429f7e642af042e53f0d305767cbb80880,P4,1214465780.6325448,h09,1203094329.5705013,11371451.062043536,0.0,0.0,NONE,0.0,0.0,NONE,0.0,177424951.71674347,R2,f0fca89f9ffb5ce5e0de55e76891dc66cb002b0d6a9a8f3d75dfba71061fb8ba,f65de3db70d36c67a8a165e84d510a6bc53d3f30cf452f4082b2957b75b6a79b,1c379183bd37e1cfeda1212482f60f693779c3b0494ef3c35ef0ed2e3483a3ac
h23,LA-0761,761,0c5c240e662b976646957642eb48b5a8f9a03e99dc1d52d93eebd12c8367a925,23,19137905.85543848,A1_FINAL_NO_MEMORY_V1,A1_FINAL_NO_MEMORY_V1_R1_WITNESS_GATED_INFEASIBLE_RETRY,certified,PASS,6,2,b2f4bf17043d50cf0756b0386bba01fbb58a2852d180447b5d98a0cc35e6bf0c,,,b74f0d679c6b3151d1efd9f0a817c54dc6ada840480941366afe0fa5109ff9ca,ddbfef69e23d18efe5d3dd12148357cfc6ea22fb63687b5cf03a911f0e936242,P1,1226774135.3903177,h09,1207636229.5348792,19137905.85543848,15878553.369568503,0.0,NONE,614134.769559445,0.0,NONE,0.0,0.0,NONE,4c26005aee029eb5b705e29f5395fa5476c543f6fce727568ad2499a9ff628a1,82d966baa90e08debfe547d8e09901d125f3d0dd64ac1537fafe62372263beda,06af6be4f5c6df854b05568975c53225acfdaf33816b399ad81e58d8d98683ad
h23,LA-0273,273,6e3027e413984f86afddb8861f666c4f7f39e3f7b8fc8923bc2837cef8f6b96c,23,19137905.85543848,A1_FINAL_NO_MEMORY_V1,A1_FINAL_NO_MEMORY_V1_R1_WITNESS_GATED_INFEASIBLE_RETRY,certified,PASS,3,2,982a69e6b666650e09fb4d4bb5ad46b4ec9ce0f0575ca7cf0d8f705f553dc6cf,,,a1946bc0acb22b91617d712f14a999c420dbac8e80121b9b5682c9bcac0ec4b4,98935921fe84e109ba4b5e3bfc4466af557175625c6538624b9dea2fc78d8e43,P4,1148391122.304724,h09,1147570607.3254519,820514.979272036,0.0,28029084.11250231,R0,0.0,4879179.8225497,R0,0.0,0.0,NONE,91ce14e4c631cd75fbac47fe34279e891d4d27f50dce0fcc60578fa34460202b,dfa672fc80931af3d91486c74b048829aa1a3d9a89a5cfd6b23dc3325ef9085c,a267318894f945d496955cf7f48b908fef7144d4be12bc579b26092fe9683f53
h23,LA-0998,998,234be674a34b047722c7891081688f29aff46904e7c1145ae3fccdd9f4cd33ad,23,19137905.85543848,A1_FINAL_NO_MEMORY_V1,A1_FINAL_NO_MEMORY_V1_R1_WITNESS_GATED_INFEASIBLE_RETRY,certified,PASS,3,2,f62ec139bce994156e677fd12380b6066f6bd34a67e0147c6ce64eec23ef813d,,,82af37ae449465876f0c7a262f8bf3aee51e15ee8ee313c1fc64b3de1081b62a,7f6009d6e837e41c26dd4934949518bfac0160b39a6417575912ce13bdb05b8f,P4,1218199164.7695155,h09,1215806335.1155846,2392829.6539309886,0.0,0.0,NONE,0.0,3228315.2741801515,R0,0.0,0.0,NONE,55d91ecd72c1015647a925566656e8ac78aa446a2fb698f67259ce2e766807ac,4ace6aa0120cfdcef985b3d84ca498d7b617cd32519ccc961d2a088f7106595b,37751944e25452000a39958f1f337d44e445221a9c398472db742006fd02f98f
h23,LA-0586,586,5c219e43d6c1365300ac71a4b0b487a33250e26d33d65b33cd3acaba29b55cab,23,19137905.85543848,A1_FINAL_NO_MEMORY_V1,A1_FINAL_NO_MEMORY_V1_R1_WITNESS_GATED_INFEASIBLE_RETRY,certified,PASS,7,2,4aca2942b741af2159ecd9a1e1933e3c07eed59fba43efd7024c859da2349aa0,,,24121c837532b503d19d4ffd7aa65e8c2daab7efe5f9c127995b2be2c6e39c04,d3965e0cc836040ee78b78d9d27d753fcc1e6bd4c1c1f76389f33ba1ab81e51e,P1,1226151204.4200666,h09,1207013298.5646281,19137905.85543848,15676786.200360263,0.0,NONE,623200.0161948624,0.0,NONE,0.0,0.0,NONE,424cc0009a683830ce5b6941cca11dba4be5c0391b1f8a950de4639e61316513,68d32fcfafe5bb584b2e32c2c0bdab41d02e8f7d46b2cb2aba81464e4125f62e,f5fa4b7df3bc4673f99eab8502982c7ea4f8c16c00b5e8512fb90dfb9f6b0b30
h23,LA-0169,169,b0f2032de2442051dcc2a77a5d1150a6cc6f7c2c5317099a77f5cb39892e418c,23,19137905.85543848,A1_FINAL_NO_MEMORY_V1,A1_FINAL_NO_MEMORY_V1_R1_WITNESS_GATED_INFEASIBLE_RETRY,certified,PASS,3,2,9b32aad5b688db0ee7aae85f7eb8d663da617946b554e4b8d51d47740c28d0ef,,,2c2b28208b75835632d07e038b134cfe145a0d5f8d03c5758f4d4686e3756e6f,6ef883b982faf233c36423d4adb642a53ce9ebb10d3413ecde1164707513fa61,P4,1222868566.832414,h09,1215413303.0637562,7455263.768657719,0.0,0.0,NONE,0.0,0.0,NONE,0.0,183235869.3832734,R1,e0652d4de3a2a7ddf9dfda618f874ecc9989ed5bfd7b3d74a51db8f520688aa7,71c646ac65aee171db2230a86027fec8ca3e72099a33a97e3d92090e525f43d5,eb8447527b6cb991f5017b0a8e7ee2dc34dde5c4c549de89d60eca3c73d0e70f
h23,LA-0099,99,b829dc14128adbea04f3b65d0574792a25510f5aa3afd71e43c7ebb5c51b5754,23,19137905.85543848,A1_FINAL_NO_MEMORY_V1,A1_FINAL_NO_MEMORY_V1_R1_WITNESS_GATED_INFEASIBLE_RETRY,certified,PASS,3,2,8917ea7b430293fc6fb61b398c6caf38305d5779327c0e1d0d33f2e59a0bb10f,,,46f87cb254fa869cb2310303e30440b860b9d623be67c2ec8b96f9825008e825,5caa547aeb4d24cb8d6b5edf6485d6fabbdae4aae7bc803ef180887b4619cd84,P2,1229453603.2908099,h09,1216692309.867116,12761293.423693929,17016694.209815722,0.0,NONE,0.0,0.0,NONE,0.0,66832734.86199032,R0,401afdb35e3609971b282fba41066d10db3a5e51ffb87acf6754591760de1ced,b0312b5d9b1361c40c5dac5ab200998c90cadf1f1abd016654adce3a38576f68,77ce3a803364b36d7ac84cd575c10ba54f73ff9efc27ecf1e5bc769b7429233a
h23,LA-0456,456,b066efd1277392e47a13fc2f7059978a970609a31cf8da91e84df2298f8679ae,23,19137905.85543848,A1_FINAL_NO_MEMORY_V1,A1_FINAL_NO_MEMORY_V1_R1_WITNESS_GATED_INFEASIBLE_RETRY,certified,PASS,3,2,282d4d61c7d112dadf12c1895d920fcb2c06e948efb5b442a78f78f50b82d439,,,2726b14b453fe402d69194d682663fbd002903b23d3cf4b8e6f846c136a729d7,c25f3d126037fdf8e30af201b6fc0f5bd1c0cea6cb116dad56da1aa228390adb,P4,1210323366.1338835,h09,1208877730.6525464,1445635.4813369696,0.0,0.0,NONE,0.0,0.0,NONE,0.0,263993623.27480674,R0,58ec1eaa9ffc0d9f61cb9b66c31309e57aa0ecf5bbf48eafd369446fbd05dde5,09219eb1567fad60ca15f6458b8719bce2678e9d9ce103e469d3ef7ba54dd18e,acfcb3e3f26543c321fe6ef2475a29a5be25d3eeefdd12f95913c6508ba2c1a8
h23,LA-0383,383,d9bc9e10cb7d887e13c11bb324c909d2b0a56792655b93008f11fe567fdce922,23,19137905.85543848,A1_FINAL_NO_MEMORY_V1,A1_FINAL_NO_MEMORY_V1_R1_WITNESS_GATED_INFEASIBLE_RETRY,certified,PASS,3,2,5386184591bb92fbc58bcc829f26e80defd598f15782d71614cf3be8bdd801cf,,,186f39197569ff3d3960a815475a83ffda0738d06c39e05b339420b442fd4f95,1935c2c10ae3a47082a391d25c12edd21582c0e6897e2fdd66e91458bb09c311,P4,1206887633.3687465,h09,1202088331.5562055,4799301.812541097,0.0,22367068.87116262,R0,0.0,1633442.1775923606,R0,0.0,0.0,NONE,d0df8df9dbc8cec0d16cac0943b4d1455d9bc6f840b9fe178050e92da73241d6,10aa38b6d0985ae541baa28d1605d2affd615d748649a2d68c0211931c0e9806,bffdbb4f438fe8ab62d986590c12fec8be6e81cf632e1aad0958a49724c4244b
h23,LA-0249,249,146da0e0e6aea1f7a59231966d2e650e4f12af806ffbc15f14ebeb711ae0f5d0,23,19137905.85543848,A1_FINAL_NO_MEMORY_V1,A1_FINAL_NO_MEMORY_V1_R1_WITNESS_GATED_INFEASIBLE_RETRY,certified,PASS,3,2,321b6e8323f550609c1573eba78de157fd4ca0b69791dfdd186d029f0592b09f,,,ec1c59220237aa892b3301a3dcb1fa2e023cc77cf0620c6779a00cd8a370ee6a,facfc405f3186bad8e155c5467bc6223db5ce1269e386eed95c084cadb8a299a,P4,1205339150.3899312,h09,1201477401.098437,3861749.291494233,0.0,489607.92618313426,R0,0.0,2116732.339423815,R0,0.0,0.0,NONE,ea1b3b387c0f32a6766e7e008e12485e4b40e145dd4f4d452c4dff433897b43e,b8392fd25d0385d3b93163e0fff233e9adde9fc888b4ca3a58a7dcd56362656d,212525f9bf4ccea66d3136085e8a45895f95bff0d1afa97e3078510c491c8f77
h23,LA-0060,60,3fbff512e96462ac99227b6ccf0461dceeb78c53d1cad8a9a62586e56ff6ae78,23,19137905.85543848,A1_FINAL_NO_MEMORY_V1,A1_FINAL_NO_MEMORY_V1_R1_WITNESS_GATED_INFEASIBLE_RETRY,certified,PASS,3,2,8348c997f538a9f61efb1b21950d2b66691210ffcff9e128dff925f9bc7eac92,,,8271abd2d371115c006edf0c25c92604deb4383c6c760a925a52f5abc7ffa8bd,7aac6f03f2320a397491eb2994fbc97c5caa2e6b3a48b21c0ea6a8fb4c51ae89,P4,1228595212.7699392,h09,1222194001.247196,6401211.522743116,0.0,0.0,NONE,0.0,0.0,NONE,0.0,195802945.80655378,R0,c9afa928017c4bed56996b8a750e9ee24eda026230702b5a26b3572e30a82d37,13e26545156be9f9b1a4923b52e950f716afb2e0bf78b4c17f49481542b5ac25,c27da63207ec542c659421aa6294a0bc23b52f1706e93ce956e74794f2bbd729
h23,LA-0999,999,763b37c09980bbdc1fc1b17613fcac2648630c41f36f572432a9eab7f3653a72,23,19137905.85543848,A1_FINAL_NO_MEMORY_V1,A1_FINAL_NO_MEMORY_V1_R1_WITNESS_GATED_INFEASIBLE_RETRY,certified,PASS,3,2,cd0e593c6058d680984f48b40ae57f5d81eed41a41e5ec3fd50b256f137231fa,,,b25d6999720580ff7880a2c42dad46c08b92e32c33e508f691dc92b86de1f89c,083fe67ccc71b472648eae9854a028f78b71103831597efd16d8a6deaa51050c,P4,1204628469.2130654,h09,1195715770.0530913,8912699.159974065,0.0,0.0,NONE,0.0,0.0,NONE,0.0,392941678.9138684,R0,94a76ae36be0159061c410baf14e5b5b047e256441f0c98f62837072c8d77fb2,75a1c80510bedb7942e015399ba190b85eb6d603dd8515f73bc3209683ef522b,6f9841a45a4aa56c6c6dee76c16642686e19c297868a212476a91317d2197402
h23,LA-0927,927,180dc572142d09eae64ab1ff4cdef1f3b9eae566ddd5fbe1049bd9da1419be57,23,19137905.85543848,A1_FINAL_NO_MEMORY_V1,A1_FINAL_NO_MEMORY_V1_R1_WITNESS_GATED_INFEASIBLE_RETRY,certified,PASS,3,2,b100d80c06fedcdfc3cae4b7e0c8f11d32d1df65373f60291bd27198faa4a01c,,,b561be3cf66f426e4230b7b52a23e1d4f26686dbc7b078ea051ee3c009f02e27,6042ba1d2f7613de1cfa6906dc931784b610a43508776492d3400fb8697b11cd,P4,1227771228.688384,h09,1218765799.8993268,9005428.78905734,0.0,0.0,NONE,0.0,0.0,NONE,0.0,176314552.13452187,R1,88d80aeef802874e3e3776f4bd1ca21a8808c0eb08d59783a3ab8c07f4c32aae,6b44ce2ee9ed46c08ee6233a14c61ec50a7864b4242441cff7a6c1129ffa94a5,d7d9ee857726ce0b9383598d75bd2a8136b848cd14746ede8a45ad771eb28c74
h23,LA-0962,962,94051f5d79aaa9d30b40f544272cfd0efed889ed6139971b0f730f47cd1b503a,23,19137905.85543848,A1_FINAL_NO_MEMORY_V1,A1_FINAL_NO_MEMORY_V1_R1_WITNESS_GATED_INFEASIBLE_RETRY,certified,PASS,3,2,394f6ef765f080ba2c7b91e2b6bce517edfb0c480d2a7d3addce0abff1493cfc,,,2206296c6c5eac8a583954021ff19fe52682b1ea33d64d4b7254555147138d6c,a44605c093fc80254b2c49e10f90aa393427f13678a3ec0ea6e96e5a273c8ab8,P4,1211776584.7782452,h09,1201431159.6004493,10345425.177795837,0.0,0.0,NONE,0.0,0.0,NONE,0.0,244536320.52751648,R0,cfc8d112d04c4906353f981d157e24eb1d02078d242a951fd7d7abd533b3cd39,dcbeec1258d90a21f811b6abd1dc24564faeff3ec13ac63b1548e6e7ecdc3299,e38dae3ce5768890b9e3a8831450f432f76141df165bb3517a450f902b6869e0
h23,LA-0044,44,a038cf45cee562876a7617518296aa0442df2ad4ac8f6514371e7f89246f5f5a,23,19137905.85543848,A1_FINAL_NO_MEMORY_V1,A1_FINAL_NO_MEMORY_V1_R1_WITNESS_GATED_INFEASIBLE_RETRY,certified,PASS,7,2,1ce71e0d0a4d364e7f24cea78a27ad003f16952eb265870bff271b125ae89b17,,,5c810c632738bd6716b601d19b3063b1dbb5cd3578f793915ad86ee892c17c0a,eb938efebec4d494f5be77ed9cda41bebb5caf81877bdef4c8698bb9df73e30c,P1,1224325286.7951932,h09,1205187380.9397547,19137905.85543848,15113854.054483818,0.0,NONE,648492.1326546412,0.0,NONE,0.0,0.0,NONE,7badc72e078132c9af91598dac68fc6dfb00bb2429fca5dfab6abc0c5820c793,c719477820841731020aa4499cd6a02ebfd38130cc914b2e8b19bb9f99b57088,00e9cfac453902fdb2e2409689318ea81b9bbbb7216009a7a7f2315f48261e1e
h23,LA-0048,48,094350cdea0997d0c0c41a1c2a14236c8020c9c96601c54849ba12b930a914a4,23,19137905.85543848,A1_FINAL_NO_MEMORY_V1,A1_FINAL_NO_MEMORY_V1_R1_WITNESS_GATED_INFEASIBLE_RETRY,certified,PASS,3,2,0e6ee15ce5802391809adab4a8eb6858483e213ad4e3a4c571529f4af939b2da,,,f2e279a14359ffc21053d2bb0d33a02d91eda26bb2175fc84bd18390649e3fbc,bee7b2dc7635837d239f9aa16d850919f037ea76e9bf9973f9e446eacb997cd0,P4,1236074330.6642234,h09,1229917908.5918682,6156422.072355193,0.0,27784376.925777834,R0,0.0,0.0,NONE,0.0,93286582.51719168,R0,207cf736171085dc21db1807fabb1aabd5e3b9f3294652ca1067f228b3144661,4f9292489bc68e81834da49be0d6b4920c5afa13c7249ea00b5dcc736961e74c,2d91c0263dbcebd36614eb67b89b388cb9dd15e73f5bc14f4b440c1a82675395
h23,LA-0976,976,c649e11efae62a4f0f713e10c1efc11152d19ba019172ea5de07228ead73426d,23,19137905.85543848,A1_FINAL_NO_MEMORY_V1,A1_FINAL_NO_MEMORY_V1_R1_WITNESS_GATED_INFEASIBLE_RETRY,certified,PASS,3,2,c3ddef71914d2ef0846fdc1fceddc4521216e9067ea9e8d15bdf3e83a8f76ec2,,,101ac6b01e3cf6361721237accf0d6c95107f36a445ada006f898a5962f2f184,4ebd265f5db7e3d9c8c8ee9f15f5f1dd0d9bda21ab617817a255c51bfb39e031,P4,1207977200.1601307,h09,1206358906.3642437,1618293.7958871096,0.0,27162560.94819488,R0,0.0,0.0,NONE,0.0,286951212.7825148,R0,e2d7d4b117b4560836866f2a3e740e20c430dd08a0fd2a6503f34417bc8c26e9,d47c69fef4e58703c0551069dae2153a6f3b5da25db1b2ecfad1f33a4884b7c3,145f470906095d041dc9d5b8e59f2a74cf9102bff45ca4c0e9e4394138f1d8ff
h23,LA-0267,267,6eae671f5585cb18e3e7c982f8cc203ebda7a751b2b05ca40208762b7e981b65,23,19137905.85543848,A1_FINAL_NO_MEMORY_V1,A1_FINAL_NO_MEMORY_V1_R1_WITNESS_GATED_INFEASIBLE_RETRY,certified,PASS,3,2,ecbd7e409193af92fc3f5edd44752b833e640457f7fa3f8243cbcafecd75c210,,,6e790b5b2237a76ae2ae7ee3cd2468e7664eeb35eedbf58ec4e4efb5c3db6365,34cad9c1386b56e0e830191167c8419d6e8e2d0ed2176d0bac3834b60a1f7a95,P4,1195332935.9303405,h09,1190052722.3351448,5280213.595195696,0.0,17134720.413222045,R0,0.0,0.0,NONE,0.0,236585505.9984637,R0,fc01b8ac481d411aa2940239b8ede6aa5b3fc126a765c20baa3f894ef61cb96b,29d04fd05b5540945001f6ca11095633a1ee66c28bd6c8e749ee2097749ff99d,380fdd908c93aaa1d64b561fe389806385e5903fc3f384504bc31d2f144998f6
h23,LA-0650,650,896e1ab448726f2971ba9a04b3ebaf173c1cdfc6a202764ddb5b4de5a49689f7,23,19137905.85543848,A1_FINAL_NO_MEMORY_V1,A1_FINAL_NO_MEMORY_V1_R1_WITNESS_GATED_INFEASIBLE_RETRY,certified,PASS,3,2,0cdf397fd99a0d64f582ae85c09393af73a62709e0e85826df7566bcd92fe844,,,37c5757b13e777242a1a7cbfba52a81212e17e3babc67e933f1185e1245f2a20,9c9d3645470f9d43dafff00ae40d2c9695a154db564769632cf7cd8965144456,P4,1173592870.5655491,h09,1173420697.5783708,172172.9871782699,0.0,15656541.240527626,R0,0.0,2043838.923424806,R0,0.0,0.0,NONE,0befe4c5c6d9e6488348a326ea0502c95b3d7f8eedb3358f1ab435101c51ca8f,ccc8455ff4e63914ef1e95ace1afcfe5ba8b1686e85774b67722af7afa529c42,3ecb7b08dd0c46707018ee93c2122e51596eaab4f5e7ac7096d2ea07d8ba63db
h23,LA-0867,867,28d7dc1f1b6dced946b0bc1468f120ff95e0d44e9be3e0ae9a3210a423a24db5,23,19137905.85543848,A1_FINAL_NO_MEMORY_V1,A1_FINAL_NO_MEMORY_V1_R1_WITNESS_GATED_INFEASIBLE_RETRY,certified,PASS,3,2,6ad5ec0cf561cfe87c5327f0cab7e0279f7b9d6a4abfefe9b2e2312905749860,,,b62ed18ed054449f11f467db909de03f7e73fb08aba7262654a6ffc97af015cc,167d2d64b3ecd69c53eb3585fa5de14a9608d082676693836dd54ab64b35a39a,P1,1238675341.8834758,h09,1219537436.0280373,19137905.85543848,21056075.468363512,0.0,NONE,381512.60922443337,0.0,NONE,0.0,0.0,NONE,53876fb2360b4adf2ac0d6a664fbd114886699520b4b2aa5ff2ca3d554b3d1a7,f8f7f932ebc369b4eb1310f0103997b3853ac2acf245f77a7dc96fd472c276e0,4add7396fa95aaff705dbba3a01abe54d6eaa6b68e958a73aec497833d0328d4
h23,LA-0416,416,669e449e72b58dc8c22a12ea129611eccdb1ec6b9fcc545c816093c674e68f3a,23,19137905.85543848,A1_FINAL_NO_MEMORY_V1,A1_FINAL_NO_MEMORY_V1_R1_WITNESS_GATED_INFEASIBLE_RETRY,certified,PASS,3,2,222efa5644aceebfa112f5e748ffefaf0fba1268357d632c0ee884745df989e8,,,72318a4558fc639db12596ac2b076a9fb46a348229999d29f64e785c7c9b3128,2c02eab37b5b6c9a1927bef299ce44f1347c7a56496786b9a278ff88c191f76c,P4,1206524278.0228066,h09,1206230488.4924557,293789.5303508626,0.0,0.0,NONE,0.0,2374141.9330024207,R0,0.0,0.0,NONE,ab0418b8c0682a47ad828bcca76f33bc468848d0069a7891d2d6df63241f3a26,c207aaf3db4fbfa4abfd62f8147cddb46f5fefb6def94ca8d8b518cd89fad240,ae0a1f80a15b87b220180175e568843a5bc4c52fa0e649584dc7ed2bee08c530
h23,LA-0205,205,23884bb8c90f192c69fd9bf16e5ebb5435e6ef34e9ccca458cad5799c9599c75,23,19137905.85543848,A1_FINAL_NO_MEMORY_V1,A1_FINAL_NO_MEMORY_V1_R1_WITNESS_GATED_INFEASIBLE_RETRY,certified,PASS,3,2,839054069522c999d0ac6a80910beac6d38b08c64203948df471e8bcab110954,,,db41d31006ac70d5fb5164210751c2fe28786625a79fe3c951240b9aa872a3f5,60fc9f7f9d004a45c8e1e4b1ef509c3976efe27bbf9ef2f9f6cfe62072808963,P4,1220218410.0448766,h09,1213873651.9240494,6344758.120827274,0.0,0.0,NONE,0.0,1958806.5876235897,R1,0.0,0.0,NONE,031496618e86f0c476981207c004b73d5f916e3c2ab46f4dc51121c9e3136e99,74ed17bdd25b75035e22d2309544e69b75135234132f3acece35b0651ca21153,b194210f6c5d955ba2988482091dce61258435815b31dee7dea263bc6c642f73
h23,LA-0120,120,dcb80b654ab21716af1c3fba71c854c2b5e8f2ab0511c85b235a3e410f4810b5,23,19137905.85543848,A1_FINAL_NO_MEMORY_V1,A1_FINAL_NO_MEMORY_V1_R1_WITNESS_GATED_INFEASIBLE_RETRY,certified,PASS,3,2,7be66e0331600511729fbff05f62f8af05058e08580de0c6c766354d0f3777ff,,,1f566287e9f9c851852b3690ca1e1e3a07f9af808fb4d96e59f27a17b949207e,bfb5b716424e80c37e75834dbbc8346c9f4368ba8c015ecb1c6c91e1f51d4b5d,P4,1215777307.5997186,h09,1206207162.7952135,9570144.804505052,0.0,0.0,NONE,0.0,0.0,NONE,0.0,370053049.6062205,R0,9ad5482dd676dbf56e3b3ea6b4576ca620303d95c7899d6cd51ef09558bb26ae,ce124716f0ecfbf74288038c5af4402c92f90516858666f892c54f402b2fa039,f85d38fec328628100852e0351ea4268e9b4f35a3f0181ea475434b3f7d0b680
h23,LA-0327,327,26b0ad5717f7a58cc774343f1b9c7b20588ccb2ed4387459b73a4ebb14338ef5,23,19137905.85543848,A1_FINAL_NO_MEMORY_V1,A1_FINAL_NO_MEMORY_V1_R1_WITNESS_GATED_INFEASIBLE_RETRY,certified,PASS,3,2,81c4b60606a0e623caa7bd010b9d435275c77a57f2aaabfd5c6080c423c52905,,,8e4d1dfbd113ba7d07a826f960a2880435cc1840a4c84a372e4399ef4b6f828a,e845a547e6712c00f3b753aceb8d5c6a54e6c34643ad15af5d66c27beed4651b,P4,1221156351.5273213,h09,1220095177.2013907,1061174.3259304978,0.0,13426913.612402048,R0,0.0,0.0,NONE,0.0,96457156.4259252,R0,3c25aabf0a30e3ac4fbc8978a7ab8c5629a028c941a1e657c6bb4f179ead7d1d,174b89d0c6a3570c3b6d105efd8a43f92ada73c768ad2298140e3dd0ba64779f,5482b69db74747454e287b2929df16d8af9ab4e366873e45ccce827aa3876592
h23,LA-0598,598,242e4b2709d58e8d94223acc7cd58866ffb48aeb717b44660a55306eaf0e733b,23,19137905.85543848,A1_FINAL_NO_MEMORY_V1,A1_FINAL_NO_MEMORY_V1_R1_WITNESS_GATED_INFEASIBLE_RETRY,certified,PASS,3,2,ad30f829fe759c2b536feb9b12567bf9e70e30199196a0fb46513e4afe0b1d36,,,5b189d15a604b4be1b19f6459b34af6fa34f77dce23e7ae4a3a73ae5aa1b154c,a3f2f906fddcc44e435808b59c09e01ea3a64f384a343d4b324b023e9a734e05,P4,1215678719.9426825,h09,1214842925.9296584,835794.0130240134,0.0,0.0,NONE,0.0,0.0,NONE,0.0,269726589.2650498,R0,b9ac087984de3d9f87888d75819c077e9c8c9f1c9b61a6606df8f09326aca733,21a9968853cf2067143caf4400a5551c86f2a362a1da49f8948e7d87b33fec21,d6e983c124a931a612c4a72b45dc2597c92a189e742e3f0366642135d6aa5676
h23,LA-0855,855,180156333d55d9a85e6f41be522acb01ef74398f9989bf6602a86b9ce3b9e979,23,19137905.85543848,A1_FINAL_NO_MEMORY_V1,A1_FINAL_NO_MEMORY_V1_R1_WITNESS_GATED_INFEASIBLE_RETRY,certified,PASS,6,2,5d050d9bf47fd0e5eb9821f5535ba57a8fc5cd116aff273a505e2cc92f210924,,,1565ddaaa635ba65cfbfd7527dd3e5c171a0e719573624d330408d665c0b45c6,07ecd34d4c45c7bee81ae8b8bc4f5198894252c12ea7b290cea8bc0010360c0f,P1,1223739720.2537177,h09,1204601814.3982792,19137905.85543844,14941787.429378249,0.0,NONE,656222.9562590279,0.0,NONE,0.0,0.0,NONE,44a6694dfb27413dbe0fc3eb1b36ac51032d0705d5aa837b548e6469709d69b1,34b58ef07727e901d4e5279cbf8df8293045169c2217aa990e5ac440a0a10ea4,a9d738e5dd00b54cf2c81be1907dc1c0b4a08f68b72c9304a15bbc7f68dd8b58
h23,LA-0477,477,0b1babee6d4db71c3411cbeaa0064089662b8b7c27268b0cfc424e8fc084c64b,23,19137905.85543848,A1_FINAL_NO_MEMORY_V1,A1_FINAL_NO_MEMORY_V1_R1_WITNESS_GATED_INFEASIBLE_RETRY,certified,PASS,3,2,0754470ce40fddb6cf7d0090992aed9ba607666c551609b164e0984001dedb54,,,08ce902405e7dbfa3c04f4d159d3f9585a7345b49548ca18b77a367c9b216098,05696c0f57084292dfd4a3cd119bd09ad05cc0a708b401e724b096632f7e558d,P1,1240720693.3263164,h09,1221582787.470878,19137905.85543848,22306078.92390549,0.0,NONE,325350.8973657665,0.0,NONE,0.0,0.0,NONE,f0ff52090a6d1557b6b55bb60af074ce4c4891c268fb4a8e5fcf16fcfd5b6d7f,b4571690479f38ab8b5eb9ce073bc1a775683e62fd999a23f81077568ee78b25,5ad9fab9edc9752ae224ee2d001d60afe127499531f6e3040ab563fde4d457b9
h23,LA-0574,574,b143113ec1f2e817a46d9ef9824fa874efd91615efe1b48fc0a2871735a443b0,23,19137905.85543848,A1_FINAL_NO_MEMORY_V1,A1_FINAL_NO_MEMORY_V1_R1_WITNESS_GATED_INFEASIBLE_RETRY,certified,PASS,3,2,95b473bd49669869582a90e30688d382d9b239df08b2b2667eca71240f7c1002,,,3f40311385828524de6fdf21f30777c94538d59dd35f1460ef91ef9640f64980,088a9ad835d36041412670383809d9bf3bb6fcc0fa5a6667f329975ddc7421c2,P4,1190315884.16698,h09,1187688695.0663903,2627189.100589771,0.0,14412138.67546894,R0,0.0,0.0,NONE,0.0,217539848.6871453,R0,ac713bd367c3fc4df8a3c83104976f5cfc858f892d771c477951788b5abcceeb,cf45f56c8a114076e271ec58323cc117f09547fb4e3c50585549a49c7e4ac4d5,195c6763f7adab3d8d0ae51a83f0b47a8acf1b9d3a5e8465f8912c91d232acf8
h23,LA-0492,492,12ef2746456cf5a77c74b4c82e4b425d99de836f2bc702dc87adcd3961dabb6e,23,19137905.85543848,A1_FINAL_NO_MEMORY_V1,A1_FINAL_NO_MEMORY_V1_R1_WITNESS_GATED_INFEASIBLE_RETRY,certified,PASS,6,2,fe5190d1dfde21f7eb83e922104488941cd7600737a9e55c67e951721bc4bd3c,,,f55e6cffe91033c536366493f8fb17b98b6364139c43e1ff8e01a2267bbc97c2,5525fdce7029fd6e0c9cc7b4ff690bf15d6b0a3e0fe19d139ebc7bafb6cfde0c,P1,1227899667.655367,h09,1208761761.7999284,19137905.85543848,16256596.292378554,0.0,NONE,597149.5863530028,0.0,NONE,0.0,0.0,NONE,8f4e938f1f615a9b64bf80d7b713c0ba5f756c88f5f07f99ac7866828cf94046,ef48350d46554dfe2dd0ac18ffe0e3bd829a3a7108f3e62a73ef6576ed1c0eeb,f39aa3f538a9ba1c0102842d26805b089e5e4df39caac2ad0c299f5cc7415096
h23,LA-0354,354,c17d41a53215417e5264499caf66e812c1888c03f25a53be7db763b45211baf3,23,19137905.85543848,A1_FINAL_NO_MEMORY_V1,A1_FINAL_NO_MEMORY_V1_R1_WITNESS_GATED_INFEASIBLE_RETRY,certified,PASS,3,2,afeddd596cab92717c462d54c6fabe8f37190e1399991bdcdca997501b20eaf4,,,e1a9e81fad6a152c88462fedd4ced926215a5c8f872a74b364b9e675bf0bfbc7,2807049c32c44a2cada1421a7c31c057f6bce8c9f9be948115d9d3d58bdcd1bd,P4,1210820771.2177095,h09,1201186053.1641757,9634718.053533686,0.0,0.0,NONE,0.0,0.0,NONE,0.0,216183144.11076793,R0,75afd712023079bc571adae27b8b4152a0a331b5be206d43e2cedbe29792e23d,ced32d43eb2a95f37c25350395a2d2dfe349b0614690b9c447019bec0f2cb711,6ce834e0d9a1f4fb28acf89c9158921ba5787e7e89a0cb4c5e3660de6832d00d
h23,LA-0003,3,59411aa182359257e699b7fb7a72fa14dc02ccf983236a3bbbfb7a7ce21e6809,23,19137905.85543848,A1_FINAL_NO_MEMORY_V1,A1_FINAL_NO_MEMORY_V1_R1_WITNESS_GATED_INFEASIBLE_RETRY,certified,PASS,7,2,ef4596271bf717fbb0d00655a78a5c0e606f8b345f269483cd7c57f154761b20,,,4d6abda4fc483715524539dbb48fe8ed0321e133bc3d2c06afe1e4bacf189af2,03d0b423e8b61a9e3151fd206b24697a979e915956c877920fcc1afc15450579,P1,1220456158.4677374,h09,1201318252.612299,19137905.85543848,14045150.246489204,0.0,NONE,696508.1881789276,0.0,NONE,0.0,0.0,NONE,a84cd04f9ff4d8f5c8d9cb85a43f4bfdb00a5298c3929710d026c95860a147ab,ae7e87e6c1255fc48a411ed79ea64360f3b3479a26c75ab628aa74206cbafa44,16c37523096132b555966283e2fcbc1ece371f26a4ccb1bd1cc2918c7c12e559
h23,LA-0853,853,2010dc4b4f88ff2547d1e2cc5b1be6490307c83b91a28df220a8f21c7d098575,23,19137905.85543848,A1_FINAL_NO_MEMORY_V1,A1_FINAL_NO_MEMORY_V1_R1_WITNESS_GATED_INFEASIBLE_RETRY,certified,PASS,3,2,76b1a80375cba2d5f7e09c11e8d1960032dd95355376a8168f97d3ecb4cd5364,,,52b9b854ffdb336a830960bc7654e982b64485c866f1e92ba297416a22e90cb7,12e3a030f12e23a3d8ab0e5cf34290e4444fd9cac690d3961c160a8382c0039d,P4,1237313201.5078242,h09,1231557634.2289171,5755567.278906995,0.0,13836399.232464166,R1,0.0,0.0,NONE,0.0,42059311.52405679,R1,1f382e630b90a25945207e7eeb594bb85526d2d00bec4001175ba4f01eeddd85,a73552fdab1cd9e5e450a062b2ba765bfd0d2b36a463a63cf28977d60227e336,109afe2d4fc5d7ddcc516856fa8881c4884433e826d63c4228dbf317dda3efe5
h23,LA-0140,140,6a963df29f758b8110288d1c0b1c81706cdf15bf4d34b3231109c25b36aee0ac,23,19137905.85543848,A1_FINAL_NO_MEMORY_V1,A1_FINAL_NO_MEMORY_V1_R1_WITNESS_GATED_INFEASIBLE_RETRY,certified,PASS,3,2,0f2b97dc27e1857f653013392a2d6691c639fcb8c1998fef746d18b2eede8888,,,357583eea2e81a5e6953cd3761f194e7d284e2fff44fe302714eee44019659a8,4962f7fc0a33ed0c221f528fceaba84c795f03509a35efaaa68cf49ff6c9237a,P4,1223976332.773505,h09,1219814200.0127275,4162132.760777356,0.0,0.0,NONE,0.0,0.0,NONE,0.0,219185384.69935077,R0,a2525070d42599cde95e59bc48c11ae831bf1ec90961f39b4ad6adeecbc27767,518d4d2afbc90cb832be0fddae0442bfd1e9874b61dbdc763387fdc3aa330fba,73a01058d5134086cf722d4b3aae980ce6b173b1a6be919096c91961eccb8a0a
h23,LA-0146,146,9fc956653a31aec1282b742c24601978481a47163bd9f378ea475db8dbcb6ec0,23,19137905.85543848,A1_FINAL_NO_MEMORY_V1,A1_FINAL_NO_MEMORY_V1_R1_WITNESS_GATED_INFEASIBLE_RETRY,certified,PASS,3,2,fa13dc47fcda961769cb9be3037f6852f0564ef75bd31e67d5a28eae85aa6bfb,,,7ca6f15548ee5509898eef664300326f10e5cbc0235f7acaf181f3b397c7b697,7c6241168ac831ac77ceffed7c8b42b9fd44556fa3b33447eb739130e4341468,P4,1179471464.5032446,h09,1174821539.023023,4649925.480221828,0.0,21149239.05305037,R0,0.0,2546104.1418878646,R0,0.0,0.0,NONE,c76952373f180f828408549628d1a52c780e89fd79f64d1776ec45fbe43103d0,2686d39b528bda994e6c16551fac325850990e6f37eb4c928bdfe0a0e7d3a6e0,982db11e71b176c8257584bd00c10f58543406839dde537d0ed8dbb75fe5fa22
h23,LA-0506,506,a2a65063932d7c3c78c22cc2a0f80424a23974368a59bf20372a132ed4131cc4,23,19137905.85543848,A1_FINAL_NO_MEMORY_V1,A1_FINAL_NO_MEMORY_V1_R1_WITNESS_GATED_INFEASIBLE_RETRY,certified,PASS,3,2,eae1dd160129080c8ddaa9575e860af802d6df42ffc58138e40ef70ef3eb4248,,,7ca507202d8e94b566619f54a80f3199d27cb48cb752fec7b0f414b2f8115e99,ec58d6f50cc6a948e517867edc297ce09a2ab269a055a4627b8598b295e6275e,P4,1210507122.6067097,h09,1203374261.4688485,7132861.137861224,0.0,31153809.742160402,R0,0.0,0.0,NONE,0.0,308899749.6399448,R0,c131fe895b30c8609d93147185a4f751e337b1f2f94ce986991aef0f9ae41ae9,237c6f94a0c27ace2594694d061643fa50382bb1bc73bf98c8c54979b1aa1425,1fbb7ec23b313c1a70a8f343de02441da4b524eb171bbd844d41e9296d28d9e7
h23,LA-0305,305,f663668923934c0c068ef34648887563acfd965684da967f6917923fff66d889,23,19137905.85543848,A1_FINAL_NO_MEMORY_V1,A1_FINAL_NO_MEMORY_V1_R1_WITNESS_GATED_INFEASIBLE_RETRY,certified,PASS,3,2,a6a86fb5c81ac756911e55cbfdb74ee20981340adfd0042738cad97f016f3ff0,,,0629bd190f6665c5663facdbfb47db966d36ac55c1aae409d61947f45b0b2654,609118205717b41d1b77712a1b9a051dcb4c69c675e1e882f48d3c86c9d94f43,P4,1223944549.2106218,h09,1215888694.5113032,8055854.699318533,0.0,0.0,NONE,0.0,0.0,NONE,0.0,208386406.64921317,R0,b839adbe56654a1503ae54a3c230c32c0f279a16b1e0f89f0610393f9143b8e1,30585caae7348b1a89feb4d91da6290d0729dd702792f82b789fc827a8559153,6352a67658d63f84c721fc4aea8772393fa90f40df9a63c33b4ec48fece1a061
h23,LA-0406,406,43303d66b80307395ed570c527452ae2545ccf68ef7c3e344c42aa91a033c37f,23,19137905.85543848,A1_FINAL_NO_MEMORY_V1,A1_FINAL_NO_MEMORY_V1_R1_WITNESS_GATED_INFEASIBLE_RETRY,certified,PASS,3,2,b956ccd7700f72b30b3ea95e133e46c7cc614a353907e856680f4670939964ec,,,f523a008f7b14aabcad24089651d2c2980e302637211463643674927caaac0f9,3ea2b055d538b609996499274ce84359cc6adba9cdab4a1595a656a7da9ecbb6,P4,1222431960.8075776,h09,1211828986.2122343,10602974.595343279,0.0,0.0,NONE,0.0,1635029.2259593592,R0,0.0,0.0,NONE,007c938700a4cbae8f554a66f3988023a01f99e647c91736acac3be09bef4911,d1e16a60baea39e5ced6c7586cd4a300a69a90f0f8c487ec6fd553a2c26fb0c7,2a9d4f46d50d6fa7c878fd46b5c124d3b22a4635cff57424289b98e593110564
h23,LA-0179,179,1fb4960aa84b46eb37d3c5daaa1d2e544bbc4709d0b898d967690d88b8373469,23,19137905.85543848,A1_FINAL_NO_MEMORY_V1,A1_FINAL_NO_MEMORY_V1_R1_WITNESS_GATED_INFEASIBLE_RETRY,certified,PASS,3,2,ed4a2558d09dfa5b45cf1d7dde93e2ef288d2a02aab20ce6b21cdf433c035329,,,10d03abd59c86db3435d2e5ac277cbe34971e547e04b15b5f537ef6809f2b601,1cfd3a57b666f20630b92f4d5857b742ca2ebdd49fa75a678184d3ace2970e11,P4,1186272767.9722197,h09,1178938799.0529845,7333968.919235183,0.0,0.0,NONE,0.0,0.0,NONE,0.0,345127553.3752019,R0,8091d7f58450d59cc612b9e587ae321c3e39bdd2e95376d6582ed9c44540a57a,051afea6415a434138fcbd768d76c57aedb20d152e458482459beea20189fe5b,5c5e57e76d468338dd5c984f1ef3eec660b9541dcaea917efd44d648edea9aff
h23,LA-0483,483,a899e89acb5b24ba40fabe1d24b5fc269af65c395c6365e522c304346135ea77,23,19137905.85543848,A1_FINAL_NO_MEMORY_V1,A1_FINAL_NO_MEMORY_V1_R1_WITNESS_GATED_INFEASIBLE_RETRY,certified,PASS,6,2,f36d33bc82f494fd96c2ce61a541a8f0c24079b05e08100542e3cf190b22bac4,,,e0e4b246a19baca6db5b14ee6a0ecda443db39ed990c6e8f91f2a5c0f27ea664,3bb02d1b954ac432bd16c57cf354bdfb3890db68115330e0e48cc2b53e4e044d,P1,1234079173.9398518,h09,1214941268.0844133,19137905.85543848,18701115.93120958,0.0,NONE,487319.16390080686,0.0,NONE,0.0,0.0,NONE,347eae8689c7f927435e0b2cfe4c12925034410077e302fa530677612c93a87e,d87ccbc8196721368df0565953dfeefd1aba0c3cd944fd09b51856825d11303f,91496cafb9878a9a93e11c48a4becfe99804f2206076229c25e636d79f574e45
h23,LA-0593,593,372077df2fc439610902aac2117de1f2841e0d1f7c912dde44a145aa7868f6d8,23,19137905.85543848,A1_FINAL_NO_MEMORY_V1,A1_FINAL_NO_MEMORY_V1_R1_WITNESS_GATED_INFEASIBLE_RETRY,certified,PASS,3,2,b415befe19365cd77a3fb4c140374ae8a3ad101bbfb60c01e28376a6912d9128,,,82f0dadd96a7f6e27e5d9da2b6e829907146f62f21f4063c831a71e5dafb7cb5,238bdb8e2f0df38696518b439df1906e719d16725bd3a9148dd6f334f44cd043,P4,1217798269.3319983,h09,1216892315.4207957,905953.9112026877,0.0,16395972.612312675,R0,0.0,888364.6990989821,R0,0.0,0.0,NONE,6c8cbedfd59752dd01772390cde0181ad94948aa5f6841c040aaa62e48057bc1,bfb5a3907f191c46e0ea947e1401b8a8b6e7925a911d6347aa2df02b63a857db,23b098921b35411fa64e2a69e89c9b8e91c0e3314d278eececdaf1a82794a577
h23,LA-0658,658,a06ac5f944e152077f015a26b4594a06abac302d9ee8d12168cc1855c3b7c784,23,19137905.85543848,A1_FINAL_NO_MEMORY_V1,A1_FINAL_NO_MEMORY_V1_R1_WITNESS_GATED_INFEASIBLE_RETRY,certified,PASS,3,2,cced9111e3cbe4725595edd1a464736a2c651b03403b5b1cd94b1f186924d737,,,03425df4cd27f8811090389508ca38f756ee6ef78bcc32f0cf8b0034c45a992a,ac2bf8fb3d51c9dbfa0f4651f79de39e41dfc424c7f45bd77b9b987960b57444,P4,1197577802.7998314,h09,1189267026.7379296,8310776.061901742,0.0,0.0,NONE,0.0,1711108.9069772817,R1,0.0,0.0,NONE,ea1e2f625c509eccfc16577efe7837575f34a333e6fb65b51ecd8b4034a1c545,cc9754a3952994a68e555414251c721b7c8a3ef1ced252e1db33a55c293eaaa0,373ee01561c79d03a81b6a74a7430bbaec07f5220c00c9d48f18672ea8ca2cc4
h23,LA-0287,287,6976b8c8cd5fa35b0ae0a06c7cc30e9084d607ef478d90c7ef5d00a8c768ad1b,23,19137905.85543848,A1_FINAL_NO_MEMORY_V1,A1_FINAL_NO_MEMORY_V1_R1_WITNESS_GATED_INFEASIBLE_RETRY,certified,PASS,3,2,a6c51bc1c6e81f61e39fad63543b91154bbecac10b78c411ab7016b3f6ef40f9,,,38d36b1a145aba8a6e30ed5adb525ea06501d380a89a981f1fde537371712d62,ac2b75877661e0672fed9818767e624b845fd7d06982f7c69ca5a80d3594e533,P4,1215479788.5974307,h09,1208294314.883298,7185473.71413267,0.0,0.0,NONE,0.0,0.0,NONE,0.0,189663294.36075905,R2,1b9e548ff034541388f86f4dab89d6defae5be603caf3beb161744dea1f4d52a,f2e55d6c05cd6bd5fa1b9e472179202701793c2cd37f1d932f54cc29b406707b,a3edf6f2871052f60d29024cc0c33e285cd57fe01835e44db211214f03aabe48
h23,LA-0015,15,092ddd62a98a4bd89bf76f067ac2de26c73a2fb505374668c940be8fe91083b9,23,19137905.85543848,A1_FINAL_NO_MEMORY_V1,A1_FINAL_NO_MEMORY_V1_R1_WITNESS_GATED_INFEASIBLE_RETRY,certified,PASS,7,2,a04bd5d6124fa213e97c09cb26f96b21c02b8be340a957d77c66ddb5b95b43ad,,,5b7975042e5d237d67bf40067397d4fb9fb55e577b462a565ffea95865f000f7,21bea5d6b5bddd59d6dbe288d114da3b4a844e1fa8828d10006484ac1e140561,P1,1221380975.6720865,h09,1202243069.816648,19137905.85543848,14286615.279506551,0.0,NONE,685659.346483219,0.0,NONE,0.0,0.0,NONE,153a64f32dd28b8239f8802d0c403995651a30cca66d936de1b90bea0aab03ac,d40ea8b8f919f49a8f902431bb528b68e2723a54ab5b7c37bd10b9c73f3e9fa0,bd9153ffa3930308aa2634e280c104273ced2c35c3fe3303f1c981266aba5d49
h23,LA-0154,154,5981ad8affb88f959adca326eb83e0af7dd4423a088a27b5f5768e1cf89564db,23,19137905.85543848,A1_FINAL_NO_MEMORY_V1,A1_FINAL_NO_MEMORY_V1_R1_WITNESS_GATED_INFEASIBLE_RETRY,certified,PASS,3,2,3ea52beb1f44ad2e9fd7f0cd1146e4230991edf1c3f57d4a98633d5475cca7e1,,,70c2852aa3bf9ea30125f7ef12a55ebf1b1bdb44d9fed1cad320143a60e4cec1,85a1feb066b2e757bdb66283a82c16eef21f2cf71b9c6cc68995611abe5d3bc0,P4,1237893322.447176,h09,1232810700.3571885,5082622.089987478,0.0,0.0,NONE,0.0,903522.4851846928,R0,0.0,0.0,NONE,432e3fdc0ca93d325944382291ef7696a3c6cba867bc616c5670df92ac79c28f,6cadc9a38c67e02219a635e5243e89c7d64ad6b7739fbf2d6c5e3c02c5eb8f46,f78949caec997b875d044e783a072716d5961a8d61349eaf09b30cf0ef420463
h23,LA-0149,149,3191c1fb0ab074cb6835832ca5798d4e1f0f4d0b8aa3383dd32f2cfaa08942de,23,19137905.85543848,A1_FINAL_NO_MEMORY_V1,A1_FINAL_NO_MEMORY_V1_R1_WITNESS_GATED_INFEASIBLE_RETRY,certified,PASS,3,2,a9fadc6335d51204fc957266979c744797cef88c1449019e7acf39454b4a223e,,,aaa8db1c6b484081d355cac319c9854a7eb62eaa6b9a939398b2165fff16b7fb,03ef3341dc400f4836c2cd4db7da354e25f441ae41c5f31e5aaefc4b09ae4381,P4,1233994653.6521556,h09,1227526360.9561589,6468292.69599672,0.0,12301827.333069101,R1,0.0,0.0,NONE,0.0,47865678.65815833,R1,d3feed83dea64258d0e646751e55fd9bdc247ff55eda8fb9da574cd4406e5a6f,d0b6334929cb2cfb3770291b0b1f5bb3b45a0eafa13d9a7f21073a3c3ac34827,2e252991ee686f08caa01b5f86c8e5dac4235149c5ee05de9cb7edeac3697ae8
h23,LA-0572,572,1b7fcd7cefb3bdf638af1eaeb65efef59898a8745cf0c2ba44a310272e14f4bc,23,19137905.85543848,A1_FINAL_NO_MEMORY_V1,A1_FINAL_NO_MEMORY_V1_R1_WITNESS_GATED_INFEASIBLE_RETRY,certified,PASS,3,2,4625402afe59a34e412291bc2621b0bf9d5108708fd2351c3e35b6f8312c1992,,,fc951b9d413a1b276f9a97c141f86ea162d2fe63c4575eae7d1e40b65de57412,8b7b3f9a5acce6e1be08391c51fc32e8352c084b841a3c9fc7267a7cae2c7a4e,P4,1228055937.591531,h09,1226059571.1483257,1996366.4432054062,0.0,0.0,NONE,0.0,1066041.3769348694,R0,0.0,0.0,NONE,7b48f8c384ca845260f037cf8379a5cb352ba8640f610aaa1ea7e88813847d60,538f176d4f05b685cb1e2382afbdb21016ae57afe3d836b07758b2be6a89303b,eb8532b18559cbdb280577f19a2297511ca5fe7486dba4040c5e59a68ebd5017
h23,LA-0123,123,7db26285aeb70f4f87f8b7ef0a039a3debdca506f3de3352f9fba7ef8f08efd7,23,19137905.85543848,A1_FINAL_NO_MEMORY_V1,A1_FINAL_NO_MEMORY_V1_R1_WITNESS_GATED_INFEASIBLE_RETRY,certified,PASS,3,2,3934e55c68b93b9bd1edc113381fd8146f3306f96b3bedaf33c90b837801460d,,,11879553fe0da77631f1d82c8beedc235fe97522d0e45fd91bd35f2ddbd1b00f,b2e2dcf78cc8b6e00784b5abfbe185466c1ed2c410c6e3b4bf7dfedf3c2583a8,P4,1220079012.1860561,h09,1219772083.406201,306928.7798553607,0.0,0.0,NONE,0.0,1904037.2817990116,R0,0.0,0.0,NONE,102334c9f6f8e3718fde4ad6a65288e26a1a2e81ce5904de90b5162ae468dd5b,683841bd3daa91823da8bf6e751e17ea024afb84562d5b5c5e75cc0705d7274e,d518ae2994669a80c702a9d6b74f843d74c7f5faa1c164bf67245f1c772f8723
h23,LA-0752,752,a67cbf0b6a8032f4a985a2b133980b10264b5752aa31758648180af2706297d6,23,19137905.85543848,A1_FINAL_NO_MEMORY_V1,A1_FINAL_NO_MEMORY_V1_R1_WITNESS_GATED_INFEASIBLE_RETRY,certified,PASS,3,2,fe26c92cdc8261d8a08f6ed22f73a2b3f1fd6d2ee5882858dfcc7493ec1dc235,,,690ffbbf0ef345597faff7c54bc19f7eefc9607e8a703b3df59aede20fa61103,d953aa768446a2df6c445758d666c3bdd6701b8331afd972fea23cbd0e878651,P4,1212266789.0270295,h09,1211170086.5992248,1096702.4278047536,0.0,439155.75438580516,R0,0.0,1559029.235929505,R0,0.0,0.0,NONE,85b8b0269ac632ad405d3cbcb7b8a4e0603a864bc823adbccfb26e4663f987ce,db1a7e8fe91e550841b12e817cb9312e75e716fa16871cae017588370e31805e,49998cb05b6202a793efa145d5f41641a138476b14a70043d4c6a9d4c733ebdf
h23,LA-0405,405,42e2c45b27aff00643e23613d2888dd87b6df6e731f7d0751cceaad9e87dc3f1,23,19137905.85543848,A1_FINAL_NO_MEMORY_V1,A1_FINAL_NO_MEMORY_V1_R1_WITNESS_GATED_INFEASIBLE_RETRY,certified,PASS,3,2,b245f8150c210b782e84e1e35abb7058516375c535f7d89ffd8e90a0cf063cb3,,,fc77f06467eaaecbaf1c7543a2e8c33e4740cfbc7fac0c78e19d85027b4b4596,cf9dc31f456e079e06d2aaa3b3d8af9b958515555de38d75898e1016e1022bb8,P4,1224606921.0417676,h09,1217383205.4664075,7223715.575360165,0.0,0.0,NONE,0.0,0.0,NONE,0.0,291278832.163684,R0,f408d0b3502fb65c2916ea403219eddf1b715c0d2697ddf286522a2c8b327e65,48435794f16329c1aabcaab2803339e320999326474642f75131791a8af24089,56d9ad2177fb6d6c52c9d5182feaeb22907c9e4f4ce90886c7b7cb49670dde6c
h23,LA-0959,959,5678edd621148dc11ecaf4fa0597c063442d95adf8e16a86e56f0be9c6c2d5b7,23,19137905.85543848,A1_FINAL_NO_MEMORY_V1,A1_FINAL_NO_MEMORY_V1_R1_WITNESS_GATED_INFEASIBLE_RETRY,certified,PASS,6,2,e4c5061bba8e3ef7675fafb7824ff17e894a98109b177b6738773a2a4c4dc524,,,14f459310cfe2e100ec3e3d519f2b66bcd44d3c003a30f0e93fadc19790aee07,aeac7bc05bafd9c41cc9f8c41c9dc1b33e9b98a0e1118930ff8caf3da6e4a788,P1,1231987238.2950087,h09,1212849332.4395702,19137905.855438434,17795252.741609916,0.0,NONE,528018.913339185,0.0,NONE,0.0,0.0,NONE,dacd9de89f8219a0e144f17bd061430798e953c85a89d4c37108cc4763c6f9f1,5446fb1b287380f5598f2a7fb73b48b30c994aed503123a4b4ee7c59ebeedc6d,ffe3996cfbfeb67627abc7ed6c5227f2cee2e356fcc348045991ca76e22b8772
h23,LA-0150,150,57e4ffc89d313dbacf36d4c5948ba60e18d918df4f9d44ec547bfd96ad560683,23,19137905.85543848,A1_FINAL_NO_MEMORY_V1,A1_FINAL_NO_MEMORY_V1_R1_WITNESS_GATED_INFEASIBLE_RETRY,certified,PASS,3,2,36a6ab55ee5f1f5dcedc9202958986742adde6d4f78e27b90db37af6ea8d0d7d,,,fecbcbaa2f07a4f8aa5e91e1ca0909a7982b1c7682b54a1d601121b4f5fd2944,3d3e1cf789134d88d0b1ea41fa3a2f53556b177fc3c3d65d38879f598cc90019,P4,1220174869.9899292,h09,1215370358.6827157,4804511.307213442,0.0,0.0,NONE,0.0,1517763.6106366196,R1,0.0,0.0,NONE,a9a8a144caf042b9aa39d3755cd96e1faf73d669a91b34dedcdfe6ca09c36ec9,c6900833033e27985c4ca175c1de0d55200c4d21cc58a5a0be1d93b2aae0c6ed,f4048d1836a82e3ea12bab513113f126e543229cbefab20ff22a61ae4c915e2f
h23,LA-0978,978,4d8164fe0a8b7af6b958f7b5b0ebcc8dd1c2517306e5e8633b7304becf246e7b,23,19137905.85543848,A1_FINAL_NO_MEMORY_V1,A1_FINAL_NO_MEMORY_V1_R1_WITNESS_GATED_INFEASIBLE_RETRY,certified,PASS,3,2,925c44e60a6321c8fe909b39c6d6b3df149e073f86867f0fb55b8697eb32bdd3,,,6e29377d23b2866d6cf930df05b53f8bbd4e902acbeb2ba900d3b652c3bf00a6,a38152e8b25695a2026cd7e0d7cf3c910d8f27e5bfb0a792aa765cc127ed0df9,P4,1189326154.9535575,h09,1188023676.6108532,1302478.342704373,0.0,670636.9124735651,R0,0.0,3398159.1090397476,R0,0.0,0.0,NONE,83c2a7709ee489f516c1f61455d2e8479e20f2fefb247ed77005212679e33a61,3b08ea8ba2d1567d73306a289dd6b6569104faf73c7e922e9107a880b82ff130,bb7186a9ff192561ea566ae417e350cb6707b084b832687aba401db6780757e9
h23,LA-0481,481,50fc88ad5a6f285c464f798a4f897fbcaa26f476f9ef8c6d2cf81a1507ee0cf7,23,19137905.85543848,A1_FINAL_NO_MEMORY_V1,A1_FINAL_NO_MEMORY_V1_R1_WITNESS_GATED_INFEASIBLE_RETRY,certified,PASS,3,2,959fc5ae3f4dc0ce0d11d62b9ea9077ca4291a21f6ccd4bc2e56e1a7a3b76f82,,,14251c1608f9f743d20bbe2f85687a50b61c71537a20c34c4042b765403abf8d,c0196688274ac7522c6e8d95cc2ed21528ac17b6f6d1f3f9c65f7c9141c618aa,P4,1209133619.0373054,h09,1208806957.6961985,326661.3411069134,0.0,0.0,NONE,0.0,0.0,NONE,0.0,244090832.24177432,R0,857aa162c192d89fbef0071e8374b04b7353c1111805b8ba6cddcbc25d3b93e1,e94547f1d17a91738903eb59d8a179a50f0835a5275232e2157a038dbb62744e,f826a5187190b1ad73205cbd735ce98565de4322153826ae2cace452300a976d
h23,LA-0649,649,8bdb499cfb7da607adb470d692cc7569cfddef59031fe66cd17753dbcc98d428,23,19137905.85543848,A1_FINAL_NO_MEMORY_V1,A1_FINAL_NO_MEMORY_V1_R1_WITNESS_GATED_INFEASIBLE_RETRY,certified,PASS,3,2,d3a67218539a59b0bb60e1abef72c7616e62c65a4e8a968a413ec5de9d0dd577,,,df022a23130c12f6d43fbcc1998a9cf5dd642ad18135d05fe26cd850ecac780d,1d07e61563a3984a140f002177d68855d604781d162545d8097174708bc34a15,P4,1180395423.052388,h09,1176615335.422902,3780087.629485925,0.0,0.0,NONE,0.0,0.0,NONE,0.0,369454459.2992035,R0,cdfd88b21789e740fc174b0d2852f8b3a7533b65d6919594415fbf712e40dd3b,3eb9f0de7e9ab033f44b2736125a11365db126e91fd9671cc9f345086bf36cfc,de0ba33d0a40edaeb1c8eac8df829bf02fd3f0daf56b800f95f055741bdb141b
h23,LA-0068,68,60cb9806f6539dee04a0c52f4acd201386b18ff64aaf42e6767f8696c9abba82,23,19137905.85543848,A1_FINAL_NO_MEMORY_V1,A1_FINAL_NO_MEMORY_V1_R1_WITNESS_GATED_INFEASIBLE_RETRY,certified,PASS,3,2,dc51b1d07ced844ab64a7cea563d83688116ae322b58013a9a213ee0b40c1a4b,,,1f603d8944c45142b139aa29f373e8e41f0965f60bb676f83ae2571d9a0cf9ba,82b73db2237c40d43ed0e78834cec6774260956010bd6831372e6b13df3ab09f,P4,1228941262.896655,h09,1227433089.3715308,1508173.5251242914,0.0,12758031.054654911,R0,0.0,0.0,NONE,0.0,66177138.574787095,R0,382946ccb0c3a7b39901ceab0cfbe7c52f127438313135dc33fdc52735de2562,86407edb0e18cf29b72fda1c669d6bb066903845c82024cd49d5edfc9f15b0ff,7b90464fc8c45a35ceb152b3c4f3e9cd02a6550ac601f082c546c4579b89d439
h23,LA-0896,896,24ae43a438e5db5f118a72ad93a0741789c35c3f4596402d10f4acd0d8696ba8,23,19137905.85543848,A1_FINAL_NO_MEMORY_V1,A1_FINAL_NO_MEMORY_V1_R1_WITNESS_GATED_INFEASIBLE_RETRY,certified,PASS,6,2,5800e05c37741835bec4499f603484ee30da49b573bdbcdbbe2ee9cdf033e329,,,9a8d5ad9db64b0ad3ff96eba8c87c31c400491947b5d848cd14a9f8983c31fb0,c170610692bb82bfce657d3ab81b09d31311179de7006916682d5a89030be85d,P1,1230968019.681043,h09,1211830113.8256044,19137905.85543848,17384965.558005214,0.0,NONE,546452.8068478426,0.0,NONE,0.0,0.0,NONE,5934a0c90384d21d9a0ae0e0f028c32f309a17ecc0c345176b9b31cc2c69f3e1,eb0223523589f433fc1ba9d98372340b49110ae22a35e0faaa8c5871b1c21c08,d7eece91e405caff1909ebb8939b30f87973a4f00d6620e1bc00e2c2b0f85fbb
h23,LA-0943,943,0bf9483cccf0a0ad6ede20b25ea8ba7c18e4e0c1839f6c6c48ab577def64784f,23,19137905.85543848,A1_FINAL_NO_MEMORY_V1,A1_FINAL_NO_MEMORY_V1_R1_WITNESS_GATED_INFEASIBLE_RETRY,certified,PASS,3,2,ec11003b5f4bd106423832717f5dc73b29d9e4e1b4ff8ea79c1060394032d757,,,4d6179996059a7b80f48c74f4ffbcb7b33b52ddd9cca00b91fff8e9e55ae2646,f95382df1417a49f6ae3dab1a0a8f5012d8c1c5bebd5834ea166865da38e9dae,P4,1202281148.0060956,h09,1199316935.0772574,2964212.928838202,0.0,30133241.22247137,R0,0.0,0.0,NONE,0.0,362358602.4615051,R0,67464deb484a7bbb8f44ac7c10dba870fc25c0e6338fe9c25c2cd5d7150efdc2,75b2747cb8c0dc18b91bfd16d76269934c533a8dd720e24151e1461fbe4a1264,1577a2eb201112559be727e3d5d3a4269c4d1ddbd8640696b71d2c9776237b9b
h23,LA-0509,509,afaaed77442620fed7cdc6117bbea079e42aba1c3bc4bffc87431fcfc07ea9bc,23,19137905.85543848,A1_FINAL_NO_MEMORY_V1,A1_FINAL_NO_MEMORY_V1_R1_WITNESS_GATED_INFEASIBLE_RETRY,certified,PASS,7,2,30fc83b54d74b563a3c988e176f1b362d24cdd60755049ecc37a71e95e49974a,,,5d0e77d6824d1d722daa7d64d3ff0291544407cfc49be9da885cacdb909d4ba4,b047f581b98fa334f96f6d778c68f8ea8ed63b0a3213d195933e92147a9d9f6f,P1,1227295330.4219646,h09,1208157424.5665262,19137905.855438434,16051402.33719921,0.0,NONE,606368.7958958454,0.0,NONE,0.0,0.0,NONE,1b5decd043a0950603c80f1d5c76eb3046231b7560b2b1678f23dc52c336bdf3,0ebe7a4a864786093d07a2c9daea439c517859e2062c7eb4f84a686d623c608e,eab3d96c806364b1404c9172befaf73c7c86b74c7c02f827b6dc191bee9f6d3e
h23,LA-0848,848,18ba8bd3477f961ccfad64773589b0d508a04ad4a7dddfb195e0cb1d64a01127,23,19137905.85543848,A1_FINAL_NO_MEMORY_V1,A1_FINAL_NO_MEMORY_V1_R1_WITNESS_GATED_INFEASIBLE_RETRY,certified,PASS,6,2,0127ae902676d30abc153a79e5ad0cb34795d26e14b862b91f835c3872c524d5,,,a3d1f89f6999db8a7266b10d0f5bff18f587ef19d1f51f69be0a06724a71259e,4daf538f8e7b79641a74ad43509a4af2b339a6136b4e09dcb9abfe36c1985f80,P1,1222469787.724126,h09,1203331881.8686876,19137905.85543848,14581759.86495683,0.0,NONE,672398.7230095684,0.0,NONE,0.0,0.0,NONE,8eceb8a9c24a489601af169b0e39f51a684cf85ca443769031246d2ef206bc0d,f3e9cc2171e13b279a220d9b1de732b89f8fa53d700ef9f8b5e23e4078615da9,b7b1516cee1d861fe4efcf92a1a6a4e41a700bac1ccd72bd57062b766bacc68e
h23,LA-0495,495,7bc13e8e4617f5526c866da54cb9011a6de5916d88e0fd2c8324951716bfa3c7,23,19137905.85543848,A1_FINAL_NO_MEMORY_V1,A1_FINAL_NO_MEMORY_V1_R1_WITNESS_GATED_INFEASIBLE_RETRY,certified,PASS,3,2,ef2d188d8db3a57ed0c9befb4423fa238fd0164abe7129babff0ae4ae876b430,,,50e3cdfc5c295be3aee36e459272c1ed45ae594c421db5d675f1cb0afa6e94e6,8d98f144e1fb8aaf5f77564944129506a4cd27168ffb5a466e58618b0eb78a0e,P4,1233524018.3437493,h09,1222639537.6232798,10884480.72046955,0.0,25903470.31279483,R0,0.0,699840.9892697916,R0,0.0,0.0,NONE,ff136853f64544894530bfd13a2b8271ed44fbcf89eb5e099045f95615ebfe97,ea1b2695e74b0c9177a160a250634f175ec52a80772140cd2ee1bf0450050cfc,4efe2bd0dbe5ed54ee1525657d9095e01aaea2b9366f8fee5c7415edd7042ce2
h23,LA-0180,180,b145dd9c8cfc5155696db0031bc4064abe43f4293e451bc31c0f9c145adcff92,23,19137905.85543848,A1_FINAL_NO_MEMORY_V1,A1_FINAL_NO_MEMORY_V1_R1_WITNESS_GATED_INFEASIBLE_RETRY,certified,PASS,3,2,39a65b78f0680b1337367735a63a0b3383605ba1467d7a4af4552431be0ae62c,,,796839bee5c0d383dcc8395b6ced38460abfa981a17cc0be75fcfa89989f87e0,47076b26676a013ce2f1c1c9fe073167cdc289cfdbd6477e7af2d8d0a1138aa5,P4,1193052766.8541737,h09,1191453281.8396542,1599485.0145194288,0.0,0.0,NONE,0.0,2336585.647153755,R0,0.0,0.0,NONE,e217b218d0aba3f2bd968bd86a713477ede4d3c4f17d37b8d7f582fe8b0ec332,036201ac5d9f6cafbc2a93a645e77757c44a5d00f42d590603c46efc6b1f47b2,81a7460861902e4da72f11d92cee923772073062c9beea277d1d6d36f6b2834b
h23,LA-0525,525,83af71f8ba5ee33ca66c978cd2649cf74ae3bce9b598a5f4db626a4d7733bd9d,23,19137905.85543848,A1_FINAL_NO_MEMORY_V1,A1_FINAL_NO_MEMORY_V1_R1_WITNESS_GATED_INFEASIBLE_RETRY,certified,PASS,3,2,2679d854149d93ff1643fcb522ab1a47ebc9d7dff778d0611be0e9d0894d0854,,,246013d80352688752cca4d73a4483db99d822166fc96505689d8aa0b30197d0,960947d79da0aa04a1e679a599809e0b617fcbbdd16630888318ba2310cffb6e,P4,1178808246.750184,h09,1173896919.638352,4911327.111832061,0.0,0.0,NONE,0.0,3165565.750312587,R0,0.0,0.0,NONE,3845e4804e626abb97b8feaf8e5cf80353441a5ffd8e9baba0c14ebb0e9d0c4a,9798a4e286816627a5c3d7013de8591cc2afd903be78ca41d0d729e3b3546490,8f45089fa6341804fef9268fa488ebcf8b71b9fc7dad552e4cbfbec7bd535a5f
h23,LA-0523,523,d31aa80ffad076f8dd285ed039d40993d844b1d27fe990b838b50f90d2c56fa9,23,19137905.85543848,A1_FINAL_NO_MEMORY_V1,A1_FINAL_NO_MEMORY_V1_R1_WITNESS_GATED_INFEASIBLE_RETRY,certified,PASS,3,2,901f101e2472e9aa0324e37c2d27c4dd354cabf8932d33189d97b6762f18097d,,,2f010f86d9e5386e2ca6411e7d9636ec0bc9a637f1e282f63caa005235471e78,bbccbf940d5b9d4844094e9d7c7e2758ea8845484ac151cf2b5ac276c12c0128,P4,1228926930.9048302,h09,1226183416.73409,2743514.170740227,0.0,0.0,NONE,0.0,0.0,NONE,0.0,372179340.18546396,R0,cc8f9a675ae62e7f2c7b8543df32a5af303369f428a52a705d65c9e90a271ea1,28e28d16f30cbd61858a88d628768767af9a3bd679f860fb2638187132bec771,751b5c1e822336009b9f1e66eddb94d92acfa4d0ce1f4cc17d58554140870553
h23,LA-0982,982,182c98024aeab95a5710c14bc11bca9d2e1ac8582a207c393ca0f89cd98afbe9,23,19137905.85543848,A1_FINAL_NO_MEMORY_V1,A1_FINAL_NO_MEMORY_V1_R1_WITNESS_GATED_INFEASIBLE_RETRY,certified,PASS,3,2,be34bc7202e300b32ae5ee03abc044f4900d7c3b037c5803d5c75c08799aa0a8,,,e5d15311a98600029f20d835cd76fc0740d20df8a537bf03dadd4dc7f72d27f0,515feeff6ca8ba16cfb04719a0328f92c8f5713d651543d432d4b42aedb9727d,P4,1239392091.1770806,h09,1233125432.4758167,6266658.701263944,0.0,0.0,NONE,0.0,0.0,NONE,0.0,151981142.41404876,R0,15394e83afa0922aa16d6f305fd746c1a7e491530861f8eb7f642e6a497194b2,5081e0c9b892e70fcaec5912f936bdc9b4d5ee9826a73da500f36ed4ec651911,7797e943e7f390d5f2220bbdb1df36fe9749a3ae4272db4005394c95404018cc
h23,LA-0410,410,ace3856344a78e7d1dd524f1b1d0f174b0f2af6971133122152dcc812694be2d,23,19137905.85543848,A1_FINAL_NO_MEMORY_V1,A1_FINAL_NO_MEMORY_V1_R1_WITNESS_GATED_INFEASIBLE_RETRY,certified,PASS,3,2,4b43e4625bcffe0d94e28bd67515c9bfbe62ef70b7b548e66d84daac0c93c195,,,eeff98551b1e97d131fc7bb4278ea205d19267d7240a6d60274c238e6554f523,1efe693731afb347ce7ac173abe928f9ba31c00a044f8e20709543a1eade87bc,P4,1216786319.2792413,h09,1207002805.1991656,9783514.080075676,0.0,0.0,NONE,0.0,0.0,NONE,0.0,172892050.9032423,R2,9ad1c4b46f8f4a2b88ed2286a212a09386f2e14803d9276e6126e9408cc589d8,44ee3526ae84e0b09659fa52422688d000b04b0041adddfddeff32f452c22cc3,ed50f645dc8c8a8753d0db44f82979066cc394174c60f736e23b9a38705277c1
h23,LA-0972,972,b2ffc054354e99ad70ebde91ba67512301b5426d3258e58dde6603e25f618e8f,23,19137905.85543848,A1_FINAL_NO_MEMORY_V1,A1_FINAL_NO_MEMORY_V1_R1_WITNESS_GATED_INFEASIBLE_RETRY,certified,PASS,3,2,ee8fbe80ae93a9032ae29e602e18aa567de502759895a88844f5bb8a72802d0f,,,3294d31b61022f74f45eb3d6127e0a17ae44368b16a255aed0d45312367ed25b,6d4282ea7c2d4ad232820dd726931cf0a3986bfa438d7f53c415888ff67a5f24,P4,1186510679.3559616,h09,1181231256.2122865,5279423.143675059,0.0,12296970.7538332,R0,0.0,1330876.3643000824,R0,0.0,0.0,NONE,81d5758c23b3812c40a53ac67436c076c1022c0b43336b9acd06c0c19b81ce8f,8dd12e7e307b89567f1b508109a2055b8d9777b0ccd491a2b6d91db48b012bb6,3478a94e0d7f125ccbd33145adc2055b5ba2ed560b9686e1d39ec301d850ec4c
h23,LA-0770,770,f1fd6d3034dacc36645a1be8d00f7901ca6d2a318a9c60c3b379ff82db5a4f4d,23,19137905.85543848,A1_FINAL_NO_MEMORY_V1,A1_FINAL_NO_MEMORY_V1_R1_WITNESS_GATED_INFEASIBLE_RETRY,certified,PASS,3,2,7c0bc4a6e2b98a8419e68f178e2771b147549d48820f82833c0fe85ef910b5ee,,,e215d1b5c3a5af8e977dbed3e05ee4d1b7e5c3acdb778df2b52676ad35e9b12d,03f9147adfc6d1e6da165f27abf466fe4a611137962ef1f611ed360b4e065579,P4,1196396479.2715743,h09,1195780856.4046967,615622.8668775888,0.0,0.0,NONE,0.0,0.0,NONE,0.0,705091681.5506603,R0,edf9fd771be34b76aa484d8b4de8febef4db316227d3ae8176536cb2f2425bad,8b7fb88e5bbb5e2d459d705cc720b13357850254f254f3d7f8074697c77ba0ce,eeb0b6519d64d74a7a46601504333780418a6255ee2a3c9dd3ff0e277248019c
h23,LA-0285,285,99a8425dc45cd2ee0cefe3f09f98b07802b60958c867aa71719c9568623adacd,23,19137905.85543848,A1_FINAL_NO_MEMORY_V1,A1_FINAL_NO_MEMORY_V1_R1_WITNESS_GATED_INFEASIBLE_RETRY,certified,PASS,3,2,316d4ed9ff0750111cf656e024a0c0ee39eeed64a98d8d4f69bac3981c4ecab7,,,27da8f081eb4d0e94d62a5bd5dc4a721ce0f6977bfdd24422c205ae5db73000d,e43b2b5c3e5b6a7c49e8cc1f3b9ca30c3dff7bb1241856cc9ac23d050d298b2f,P4,1228351538.3093421,h09,1226802037.6762908,1549500.6330513675,0.0,0.0,NONE,0.0,0.0,NONE,0.0,184090327.0052032,R0,e7a4c79daafb97287b2ea8600389b0a04bb95a2badbdb8462efef826a7449d7b,f4634289b24cbbf3533baa7719f6f823caa3614bf18b3c2dd2645f2839d1c075,9f42e9a57d681fc6922bdd925018f5376c5f4f5b2241666a2d2d98333d0ab907
h23,LA-0575,575,30d07b6a2bff226fdc421bad06d9b3880909b6f6bd889b9fa0ccf06484e40ad5,23,19137905.85543848,A1_FINAL_NO_MEMORY_V1,A1_FINAL_NO_MEMORY_V1_R1_WITNESS_GATED_INFEASIBLE_RETRY,certified,PASS,3,2,dd49204d03d26ba5b260db109983c57e40a42abde9e34aceb0618251087d9787,,,65539e33be9f06c51780c968a13151865e733982f0862829104c8fefc562d02e,f9bf601d7d104f5257abc1930fa74a26fa8b24afd93e16d2df8139ac856c206c,P4,1189106348.8280747,h09,1182776409.4105074,6329939.417567196,0.0,0.0,NONE,0.0,1916092.5587494017,R1,0.0,0.0,NONE,3d754b837980dbbe52deabfe7a55326afb639c2360afab7bab1aa28cd53f4e6b,8ea398b4eb4b661f7ac4da06a12d90d52bcc95159cdf6a6e33e638d4b168fc1c,2d21dade2917e2f237c5599ac74b884c4ef73d81d09828b61dde3b916dc3a984
h23,LA-0115,115,7a292a6564f57df562c61130f79c32c77121485bf0331ddbe8d5b39cd5907cd6,23,19137905.85543848,A1_FINAL_NO_MEMORY_V1,A1_FINAL_NO_MEMORY_V1_R1_WITNESS_GATED_INFEASIBLE_RETRY,certified,PASS,3,2,ea64765c50941c38a42de6e40e9b73fb3899eab43fe3ebfd1dd21a4231c052d9,,,3f5bf0681ea22c5011a50404292d58bae2e947857d0d63e133a6e0abc6623e13,19666c16ac1febacd3817214b396574fb4a543130ef6c3937bea48b8e12b0aba,P4,1214283784.0671365,h09,1211312602.8508542,2971181.216282274,0.0,30231648.264673524,R0,0.0,0.0,NONE,0.0,270471295.18776804,R0,065f8a5de8c4cbbd1a4eccb2c3ac12eb325a754f9c5f2a3f36fd6be3a4de94d1,eb775414b18bc09846f5aacb51d37b247e29ac1e32eb40c5a29c99b682483c6c,ec6e48b8e2d9e123844db387f84884f006c7a374af845a26d8969110d177ac6f
h23,LA-0109,109,273c1bf699eeebe2266ad272bfc4e066be02716036b95620b65ba8472f022347,23,19137905.85543848,A1_FINAL_NO_MEMORY_V1,A1_FINAL_NO_MEMORY_V1_R1_WITNESS_GATED_INFEASIBLE_RETRY,certified,PASS,3,2,656b14be6f25a92b44cd79cac6f3484fbfa9ec79c13772c06257297716947da5,,,8e58703f5ad6dfd648c0fab4c2411b5a020f9be3bf67114812ce48c00e977e37,979813afb8f30f0af5938697a5c2a95d8a1c029168cb6dcd4a24eba4952d80f9,P4,1190407213.724286,h09,1186205199.5417848,4202014.182501289,0.0,19279000.84787247,R0,0.0,0.0,NONE,0.0,290549671.7039487,R0,2155671f09df3543eb570896a030a9644ffc21ba151183a5908a435c412040ce,e5c52d430e46b9e2b7f40e28f211256f1d32ae324b6966968bd9d039be7cf0c5,61fbe5e77846316f280b91d0c87b1ccb5dcf584e633d8ee800589218599a8684
h23,LA-0890,890,a923dd4dcfc74d3d775512a114cd0c68d831ada21063a55b288a909c2c62b105,23,19137905.85543848,A1_FINAL_NO_MEMORY_V1,A1_FINAL_NO_MEMORY_V1_R1_WITNESS_GATED_INFEASIBLE_RETRY,certified,PASS,3,2,2371518b6beab690879da3ae8b7022172800ee3944ecd58e21217ae6bbbf994c,,,dca03ebd39ae6a9f0b5aeb1110c873f04d90183a88c63fcdb3fcff69d6641895,697f5c05090585846a56f71f08308206d2215cf93fe0cdd5fa2be50a30bf6ac5,P1,1236510855.662824,h09,1217372949.8073854,19137905.85543848,19877297.011643942,0.0,NONE,434474.2356407252,0.0,NONE,0.0,0.0,NONE,50a937db91eb46b01e416d41a127de622dfd6698cb7d5bc5f67b3ef20e511815,c5928d475a804b38823ff9ecf0ee4331a19bcb5b8704b5738b9084a5cb2268ba,14948261c9b34428a5ef562809427c1dae11b58bc7ecf99896f529fdb7a9f950
h23,LA-0921,921,d8451c7b32c1dc3e8114533677b31fc780f2634a99a80ddf70e4272b8c26355d,23,19137905.85543848,A1_FINAL_NO_MEMORY_V1,A1_FINAL_NO_MEMORY_V1_R1_WITNESS_GATED_INFEASIBLE_RETRY,certified,PASS,7,2,22dffd6caa455843d78e2dbf4f069c0ae7df6829a21cea6da57e7574c78fb95e,,,05ef4aad4eed0246a6724aadd0917ca22fd19bb7ad19ea1219a612a7693f9f66,f270fedb0c7e7501862cc15a6c03db97bae7c47c0c6af0bb9035a7990f9104fb,P1,1226408538.35541,h09,1207270632.4999716,19137905.85543848,15759511.712314371,0.0,NONE,619483.2213771129,0.0,NONE,0.0,0.0,NONE,b84c37d9d3d4b0ac0af64841ec8c87f85e510156060360b4cc18bd650c21b661,bca8072312a5c7f7204e0fd6dd68857b2eea2b6dc0aa817e3192d9b496955217,f85b3c079a2b4601a0585a6bd38a93bca708919c55efd678a7261adfc17b2a00
h23,LA-0162,162,17d7974661c5e9b889c1fdc7d19b6495fed6dab66ad18cdc4c43ea4157bef527,23,19137905.85543848,A1_FINAL_NO_MEMORY_V1,A1_FINAL_NO_MEMORY_V1_R1_WITNESS_GATED_INFEASIBLE_RETRY,certified,PASS,3,2,ce564a415c83a34bb9ed6f242b1c1a2d64deb425bd0ace717b2cd0af2fd1cee0,,,d286859a2425667d4dcf9e11e5c464dc9d7b95a16ccf362cebdbf46d8c394797,37287b56ac0139d7afdd71ce3416e26439fec22f6ceaaabcb7b0127b9d091f9d,P4,1213495629.2948854,h09,1211591319.8431528,1904309.451732691,0.0,0.0,NONE,0.0,0.0,NONE,0.0,243986610.95890838,R0,ca3f3301b1e3e0ca9c1d1b31ba320ef026e7ea470af9dc3290ac0e8caaac73e5,6a5116083b14d7c47574adb2fc84f240e7002a7f11767da8b974742c18748698,f4cc1526befe3c4e13f2be485bdefc0bab78937b8bb2c48e511af49bc8e46da0
h23,LA-0786,786,1174073a28d0c3a2e594e8b47c88e882eba16d3e0d1322847cbf623cbfca3d1b,23,19137905.85543848,A1_FINAL_NO_MEMORY_V1,A1_FINAL_NO_MEMORY_V1_R1_WITNESS_GATED_INFEASIBLE_RETRY,certified,PASS,3,2,081e7f2ee89975fff3c1a54c35a01b1b40e7c90ac98dbd0abf5d5cb5d7cf103b,,,707bc2a2b4c6ced56323354da22918b0c3de35ead0550a8f3e57a0d7815c00c2,9632fe83a7c72488f3a06eb655a5729f2f8a54ee2cc82739ed941d11d40f00dd,P4,1177058567.6564925,h09,1171501104.8884242,5557462.768068279,0.0,19836655.36556331,R0,0.0,0.0,NONE,0.0,366871207.09315467,R0,e2235a3cc71a02aa1956373ba55946be18ef7bb7f60924c1dbfe13af7dc4ec90,84b056478ae9bf945667a5941b6aebde154d62dca91bdf570df98118a6c23f33,8d525e44016c4870c23d07a186a8e4883a7afc9cfe763fda40393576e69304bc
h23,LA-0862,862,1c4582bc1dfe30339b657dd77bde26401a840d7b9e14e11ca62b5a7daa755775,23,19137905.85543848,A1_FINAL_NO_MEMORY_V1,A1_FINAL_NO_MEMORY_V1_R1_WITNESS_GATED_INFEASIBLE_RETRY,certified,PASS,3,2,1941c134817ae92dea9b70b0ca1f80433ea0bec98164e2cf38f1da667ae691d1,,,f568529edb4c37ece11c52f1965128993b14531e95c9bba559cd85880e85057b,02070b5457057c34029769435b3d63ee4e905c4e10dbb1763e827c84cae367bb,P4,1230428497.6722949,h09,1220184020.5056984,10244477.166596336,0.0,25281244.99071838,R0,0.0,0.0,NONE,0.0,121492365.19181545,R0,a3f848e699d249dd95190db764f78518e0a4e4707d4d281e1a2be2206ea73418,6348e9df929cf8b8e5880130ae873ce75f96acf66418b5793c8e0fe3304dcca7,8134fd2fca39adf4c8770f1383c769635876c5c1d2a8a8cf35ab06a436f0b359
h23,LA-0121,121,e09b25a104a5b5737a982329f643abe6a52b268e29f7b3b8ee4ba27e2e2804a2,23,19137905.85543848,A1_FINAL_NO_MEMORY_V1,A1_FINAL_NO_MEMORY_V1_R1_WITNESS_GATED_INFEASIBLE_RETRY,certified,PASS,3,2,c7355b2dcc915356fc67e4d16c32f3a312ef24546e0c59195fb682001c816b6d,,,a355e2363ac0772aea60dfdf8407376c3bd65b11a5aa96484540589b46f31c9b,ab781aaa2c35bc14c8ebb90cd0e74ab18365f9d326ae59746b373f1301c0215e,P4,1202465282.961027,h09,1201320746.7862937,1144536.1747331948,0.0,0.0,NONE,0.0,1616875.3005582804,R0,0.0,0.0,NONE,aa8648d7c58c55a3418b50f2db2a4a9fb3d27c6f6cceb416f5614dbfab80d44d,321f5c62389aa2e2f51453216f184240441be4aad1bb161d39750bbe32bcf270,7b08b51b6fdf71dd3d847aaa08ba159fdf725566ad6dcf6e822c6ecbbc92b5c5
h23,LA-0051,51,d77f3bce26b0e3330ae0a4a5c88c1048624bc0c3991e65d6872d2d0ba4466cd8,23,19137905.85543848,A1_FINAL_NO_MEMORY_V1,A1_FINAL_NO_MEMORY_V1_R1_WITNESS_GATED_INFEASIBLE_RETRY,certified,PASS,6,2,65138464c1a8a473e64111c95d7bf526ed7380951841f32799b9d3bec8c7971c,,,56fa9b8cfda30adcebb538de13cb4ac734e179973d153d9d9a0d7c7b8d70ee14,5ae7e074fa42fe9b5bc4b40c1885cd1ab8bd08181217d560f344e1840db099f4,P1,1223002661.7088614,h09,1203864755.8534229,19137905.85543848,14730696.088928668,0.0,NONE,665707.1308712112,0.0,NONE,0.0,0.0,NONE,d1bd94710a40c582cef30240481769475f37239b4bab5a24fa8e5ea1422dbbc7,18882dae46b14288a116487805ade615bd320501616cc9a8eb7244327e75b010,8e83aaa666f04505e1d2550e3d0a428357c3726187c3b8c0ac92764b211d9e03
h23,LA-0479,479,14b6d5511703b10299839ebd90facf85e476c9ebfb75c9f005d549f7e411618a,23,19137905.85543848,A1_FINAL_NO_MEMORY_V1,A1_FINAL_NO_MEMORY_V1_R1_WITNESS_GATED_INFEASIBLE_RETRY,certified,PASS,3,2,cf806779e834cf001b9a88fba54220eb4c99ee93b0a5e40ddc0162e62e3effda,,,a59d17ceb581c99b906533e809465c2151b8bccc215b939ef3db188a8273e651,0fa7d95de703647fdfeaae6c4788af5dd2b8f5d5292f0f385ea34e40ad483d6e,P4,1228986963.2024364,h09,1226647151.8150616,2339811.3873749413,0.0,29980839.619456746,R0,0.0,0.0,NONE,0.0,155162080.31718072,R0,4edf7bd193f11808fa557a1c3364384e79a731fc71f13d3b9e882a491bd4b78e,69a624db60ed82bae1d7b29164bdd39ea1d28092ae232c0c9faf7c40443928a3,df91947d00427b077b97cb78979e6d49fcf24a7e8e03ef57095c1e3690ad0249
h23,LA-0842,842,466c5fdd8cbfea6918620048fa7f1f9789c57c69c8a9622cf593d5e3d2c29739,23,19137905.85543848,A1_FINAL_NO_MEMORY_V1,A1_FINAL_NO_MEMORY_V1_R1_WITNESS_GATED_INFEASIBLE_RETRY,certified,PASS,3,2,f5df139af3586a5650a8ac37a1ea1818cf66a852f33623222aaae4834af5d4ff,,,1ca3c04fb0d817571c2cb4c72b1d289895293c68ecb9f014298b86b26122183f,94a227c43af23bfa077d73184a724761ef0c2c0defae2454cd79dd41802fd05c,P4,1205964331.3658745,h09,1201736222.7302876,4228108.635587054,0.0,0.0,NONE,0.0,0.0,NONE,0.0,230599286.2700812,R0,674b355d47b1741d2c46a088614e5589318b99b0c115765d6facf84bd438d0ef,7730394e6a061f69f2fa6f21751b725ac838f0686e16207bd45bc26b64a5663e,dddc62ece7ea4c40b84a1f110442b60c27d9d51a0aa18a9f97f95f5022595b55
h23,LA-0289,289,fa2f1df2a5a81adf302bb6baff73cd4c0130b16333573323ae44149beefce25b,23,19137905.85543848,A1_FINAL_NO_MEMORY_V1,A1_FINAL_NO_MEMORY_V1_R1_WITNESS_GATED_INFEASIBLE_RETRY,certified,PASS,3,2,da9234ab5c69e3020831baddd826b8442031076e649f9a5641bf1299b38001f9,,,66941db12c0d260c274172841cabb5372785d76a563a3b020749d2085477c376,81e43d1c3929b22d48c1fae5192dce787fce148664ea33ce3b0fdadca992318f,P4,1217113987.203449,h09,1215503656.3331108,1610330.8703381014,0.0,14902067.833755491,R0,0.0,0.0,NONE,0.0,122505459.94622238,R0,035eabc441807f4f1974dd43fc7d2f04cf6233c0eade342afcb79d0fc0fee757,f345be71ac36fbd319119bba16ef9baab8ab2a358f42b351f3a1ca042e0a258f,01cf32c2f8324a26fc49439d1665988fd32bba13b066fa57eb40996fa2b29b54
h23,LA-0648,648,11c1b64f15bc6da32ddaf8da712da6024392b6c8099fcdbec7dd43ca9c10688b,23,19137905.85543848,A1_FINAL_NO_MEMORY_V1,A1_FINAL_NO_MEMORY_V1_R1_WITNESS_GATED_INFEASIBLE_RETRY,certified,PASS,3,2,03c4657e129d3262a110584440b4b2761febcb207d117b5963483c4e67331386,,,c4a08f1a461a6cee8c3c530375f3c2065de4fc74994b203700a5e594764e09de,1ef0e32be77565bfa8c27a19c3f0c5ba13941cfdd50835c8073e8edcfff5af63,P4,1227318467.49491,h09,1223299622.115914,4018845.3789958963,0.0,0.0,NONE,0.0,0.0,NONE,0.0,174416154.0676397,R1,1bf83ebeb19eac9351d5dc520c6b9f95437ad102b0555c44d64853846d12c27e,bbd34c3a34f0da916c5b7f7c2097c6194fc99a5bd8a8245b0fbd6b7e368e88dd,9bad02394d154ff1bfbc41021ed26caaa4e510c5fd7b84413feb3790bdee321b
h23,LA-0006,6,de42add8841adf6cdadffe7a2c3028d510ddac8675da732fcd463e1eae700250,23,19137905.85543848,A1_FINAL_NO_MEMORY_V1,A1_FINAL_NO_MEMORY_V1_R1_WITNESS_GATED_INFEASIBLE_RETRY,certified,PASS,3,2,1a09081478df004eefee85a3a367d50544ccda5f437d6802aa60880a7d88b9df,,,b36362b71c79965cc613dcf496a3b20ff441f86b7b197130f339b5517bd6a0d7,ea6b242348df5dc47e06d9ceac772dcf6c91304c089a01b45456e106b071b8cf,P4,1228010902.1554124,h09,1220421369.0754495,7589533.079963017,0.0,0.0,NONE,0.0,0.0,NONE,0.0,138001015.2037785,R2,7f17ff86e1d0038cbebfd038182caffe821d2646675695332c912efd28b08b1a,08bc1fd84ddb1bc731209a12396938a59f923d50a1a9dff3d2fed5934280d737,f5a319696fade7c933b7e16a2da37b5784405effc96ed18b6d185d52fe05daf4
h23,LA-0785,785,8e346a58426a8b8791a228ec082f2a836b5daa0cd6764def52ffff7e66d3e4e4,23,19137905.85543848,A1_FINAL_NO_MEMORY_V1,A1_FINAL_NO_MEMORY_V1_R1_WITNESS_GATED_INFEASIBLE_RETRY,certified,PASS,3,2,196c9cdae30df3bbae5620d77f00694e60d5c8fe12df60e26e04b9e48ddcfbd1,,,19123973113244615fc16fe30da66860d5b19c3b61929ac34ce0a1a2f6e2feeb,241b0e30a3c5550db6632070a57555ea9b0dbf9472d2c49abd3cf66788bcc20b,P4,1227241566.9455297,h09,1226042159.3166077,1199407.6289220576,0.0,0.0,NONE,0.0,2732725.75251749,R0,0.0,0.0,NONE,641693cf6249d8224cbdfd682bf5a6812ba25e4a732cf81ce9c6233f6495a316,b20ed3049c10d5e9612bf73a043733276b7fa56c75d61b72c30b1a23a98ffdbe,b4513b4a674ff9a7fbb40fe5c1f75669da5602898137017a6430643460c5e484
h23,LA-0747,747,9f8a2564a65cb50a9ca783a1d129e44731a1bd896d0cb67bc8564b22c69e6ab5,23,19137905.85543848,A1_FINAL_NO_MEMORY_V1,A1_FINAL_NO_MEMORY_V1_R1_WITNESS_GATED_INFEASIBLE_RETRY,certified,PASS,3,2,1eb0823fe62a75d2d37faf0ec70a5270d98793ba5ba6f5a06b8ff5e44ecbfd0e,,,b440d22dfe5523bb2073c167a811ffd0c05509e55e21fe245b0fb95c8cad8002,5fd99a0f2bb65b27ebaaea26ad6a03bcb6fdc689d88616b991164f5ed942cbcf,P4,1194349093.6356745,h09,1185935980.307348,8413113.328326488,0.0,0.0,NONE,0.0,0.0,NONE,0.0,271365227.51417464,R0,6f41fd4f318798234cd29dfd4454180dc620d1f1d111419d41ba18ef52eeebdb,3ffa9d21357a1913f33fff785e6c2cb3e92bfdcaa5ec3dd8bf4877d6e58d62b9,039506d8428a67dde3f506422f3e4f7e488f89297c8cc7c7db1a641ebae5575a
h23,LA-0528,528,6be2fb705b657f16b0d243c4d71dd16622e5b8779b782f6910b99be278e7ef27,23,19137905.85543848,A1_FINAL_NO_MEMORY_V1,A1_FINAL_NO_MEMORY_V1_R1_WITNESS_GATED_INFEASIBLE_RETRY,certified,PASS,7,2,da2ec9f39e921b7c8ca904003e1aeb7d721f9567aad05c80c2d9b8fac796708d,,,246721d00160066d3ea431611aa002bae1531ea78a36223ac29be8294a842161,b742e84ed852d23c5fe4eaf46a331823b4b2f16912ca89e58fb5131ad72cf881,P1,1221788872.962194,h09,1202650967.1067555,19137905.85543844,14395773.838575201,0.0,NONE,680754.9348080802,0.0,NONE,0.0,0.0,NONE,aeacac42258349134ef2465961e6ecf476802d0725d6a4d21e2be4df6e04e576,75aabaa63b9225d5ddcecf5ac47aee2b8c1ae496489bf5acd19bdd36335130a2,6c65114376784276ae5a30b51d7723bb1664522947257c702bde9cbf9a1fa447
h23,LA-0584,584,556c45d9728bc708d48ca90ab05bcc9fc0894a145ce274429533fd65d664d455,23,19137905.85543848,A1_FINAL_NO_MEMORY_V1,A1_FINAL_NO_MEMORY_V1_R1_WITNESS_GATED_INFEASIBLE_RETRY,certified,PASS,3,2,ec60c71c1039d7723afd9334b7704784ad4cfb682619fdc629d8ec5e6cdf9a7e,,,48e7835ce457022fafae0761f85069b2ddc39e3513307bd1598fcc2734883546,ecbd8c53ea8f64db77e16183918c6733ef7cc777ee8b8799df52178576646a56,P4,1228304756.3934624,h09,1219752587.4170883,8552168.976374112,0.0,18535396.971837226,R0,0.0,545673.828099381,R0,0.0,18146668.66082189,R0,65770a2b44e6121b8f6f45f69884c49f72a3bdef7aa958b6d7c551cb03d96721,30bf65d3fdbe5b8cfc6e62941517a11cac89b0fb5f256c4e25a9cdcdb8aa0e8b,ecbd8c53ea8f64db77e16183918c6733ef7cc777ee8b8799df52178576646a56
h23,LA-0488,488,a1c8e52d0d582b81669d0fc62ef43207af83301f2a7d6efff05cf8d29b3f7c05,23,19137905.85543848,A1_FINAL_NO_MEMORY_V1,A1_FINAL_NO_MEMORY_V1_R1_WITNESS_GATED_INFEASIBLE_RETRY,certified,PASS,3,2,f932d65e389199e8d9784bea4bbd705595dbdd4778feadafb6417c6951066d62,,,546ed14e317e3c6d1061c9a2f5d75130773a96f5eab3d503ede7ed3c01e75ab9,329a5a0239875e542df8b2d43aaece04b922b538949659290550db4bac2ba63d,P4,1211411541.8980565,h09,1201062129.1423051,10349412.755751366,0.0,0.0,NONE,0.0,2222778.2330648643,R1,0.0,0.0,NONE,6cc6da86c13c31191d3562b92ed46ea49b166ece1664f1797087a5a805df67b4,f322d52196229afee75d32e2741af3146746b7d670b2ec9f61d59014ec2ef743,2eb6b79a15a28f74d223c79df226df9b95c00e74c9a4c5de9e9858fe04796a03
h23,LA-0170,170,e20bc3fe56ecbfa50edae2fdc3bb38c9a5ba56e6bd20d5bb830aff856918c573,23,19137905.85543848,A1_FINAL_NO_MEMORY_V1,A1_FINAL_NO_MEMORY_V1_R1_WITNESS_GATED_INFEASIBLE_RETRY,certified,PASS,6,2,e96fa31556bdef7b82419304dc5444229a4dff8c7e6b5b7f04945c196c490177,,,d5802cfc76d5878cb8fc135b4f085532c645463e2ab481d3c5f4c1420e3ef0a6,9d0f496e02fb2f1e410a16c25b742e775be0fb225de2ecb9192f63af42ab00c4,P1,1228626321.657972,h09,1209488415.8025336,19137905.85543848,16510375.98286994,0.0,NONE,585747.4563910667,0.0,NONE,0.0,0.0,NONE,0dfffdd6068cbda9cc8fb3c691a6c5ff7b666fc9988af08014ea0da3ac24c93c,c97fe7b098c57df76197f548f82d313d639625926eecdd918a16b217a304a90f,b8dcec8ed16e4a1273fee9386f86f12d057314f5ad1c5dbd7b49972c574ece54
h23,LA-0771,771,1af97d7121e738bd7118f9315c5bc017b1b0c78ae8702859b8f0c2362c18ca0a,23,19137905.85543848,A1_FINAL_NO_MEMORY_V1,A1_FINAL_NO_MEMORY_V1_R1_WITNESS_GATED_INFEASIBLE_RETRY,certified,PASS,3,2,5e4955a091b36e52f1294775838d6e400c2954b7918b96f6b06ed6cb541a8de2,,,69b1d005b9462c24d60c09ae481c9bd704d0e029c77608a905cd2e7c0b68ee41,79c11164ab8dc26236368f49645400d83d01b62d3f212a49f948fd5d504590b7,P4,1221597252.8364685,h09,1212874452.9038432,8722799.932625193,0.0,0.0,NONE,0.0,0.0,NONE,0.0,180685423.39662766,R2,ff49acd354a13ddee688cda6fe86766449fa8784d898897f7909ea1d1bd0a0fe,3650ac1c004988b83cc297e0ce650cf34b2726dc77b908fca6d589662c63bba8,726ce1b9b8524d3cd284a69dd9314b8344828fd330419c68d43f834b65c17d06
h23,LA-0365,365,03571409f530a57950103a16cc3d0f31cfa9635ee41d994996c4ed270bbb4e53,23,19137905.85543848,A1_FINAL_NO_MEMORY_V1,A1_FINAL_NO_MEMORY_V1_R1_WITNESS_GATED_INFEASIBLE_RETRY,certified,PASS,3,2,57d8072e17e77710e0dff42dc71c28fe32b0018d70a9a4241ee2a890a4b65d69,,,a544c18564a7229b06533618f19623a7c63e38c8ec469d474b904b46c27673a8,211f69c47dcae72274c9fac6f06ea090a52275c3247aa7f6c77812a5da17a91d,P4,1228080038.687993,h09,1225346633.7239008,2733404.964092239,0.0,20517892.12210975,R0,0.0,0.0,NONE,0.0,110960636.14153771,R0,35d2216eac751d85da3be32da58d3b9ec1d01d468ad3d0357c8f4a4bfb16a341,a71791bdcebac2cd8e4e9c69baaeccbd305745ca5124fd78a76434d44bcc3643,d44c1868778e2d96014e1c8cd656bc61fce0a75b182ec8a198b93892dca4ce52
h23,LA-0286,286,6baaa33555436c6ac3e813258e2307c08f082445ff5442dc255c0053c1af1067,23,19137905.85543848,A1_FINAL_NO_MEMORY_V1,A1_FINAL_NO_MEMORY_V1_R1_WITNESS_GATED_INFEASIBLE_RETRY,certified,PASS,3,2,9be7ec5d3d2a7805a2159c5ce4006120316c2e72a066795fc9f17cd5bb74fded,,,9a5197fe94d69cbfdc813304120866d7e4530a1afd50d25e9f33a4caf7e1526b,6833bc481f7b4fe33aebf510d706663386a3421e495d08263a78bb12cc39cd81,P4,1234356415.7156703,h09,1230409211.5748076,3947204.140862816,0.0,24516035.523272324,R0,0.0,0.0,NONE,0.0,93115613.21594958,R0,d54a9ba9646a498bbb8c8229ea9bfc91628065752384d9d3d2eed39f018d7e8d,f9619e39675b67e3d7bfba96ea915c8fef641d3de903244f862593bd3df02358,bfb527599c0a9b400918971734613328479a63b07e99c4e328c6b6adbb16cc6f
h23,LA-0110,110,e0c60e18b84e8530fd9ebcb77c830bd52d2e93b2ec786cdc9de3605c81a91c31,23,19137905.85543848,A1_FINAL_NO_MEMORY_V1,A1_FINAL_NO_MEMORY_V1_R1_WITNESS_GATED_INFEASIBLE_RETRY,certified,PASS,7,2,bc0de0c39e0d05ca877006a436fe208de23366e098e01e20bfc0c0a8e60b497a,,,f8a3f48c5b317b6a0dcc67a8196bbba03915330f6855296a0afdd72e1e423cb4,dcb512f42df366d58c7abda63b5530b362246247dcf129ff27b8bf2541004557,P1,1227635687.4859333,h09,1208497781.6304948,19137905.85543848,16166323.929588297,0.0,NONE,601205.4554830837,0.0,NONE,0.0,0.0,NONE,d9ca618196a34f3ca16c65635d70d50a8bd55ffcf975ac85b6b2ce09c122f435,290b9a1a25c41c01c2203fabad1797b411b0ce2624c24290497399005b11f2c5,d1fd024b6d869f6a7b2e7c9fc9ddb327cddfb501a6e02037504277284d95b83a
h23,LA-0292,292,03acbdeb07372f2727b8a1dbbee7a33c46f61c79455f3e6bf5ea11b9b50aa908,23,19137905.85543848,A1_FINAL_NO_MEMORY_V1,A1_FINAL_NO_MEMORY_V1_R1_WITNESS_GATED_INFEASIBLE_RETRY,certified,PASS,3,2,605500ff484372d1005774fb9daf32fd80b79b9c6d36ad32de3de6a08f0de341,,,1aaf5ce8009e090dd9602dd9bcbae28a42f8d1e1e02e2eceed7d276d917754ff,1ad6ca3f1ca2513adf3bf48c77efbd98ca1b2884c48aeaaf193338c7e303e8ed,P1,1227475329.853421,h09,1208337423.9979825,19137905.85543848,16111974.83712912,0.0,NONE,603647.3191890918,0.0,NONE,0.0,0.0,NONE,26bc0d3a3eb27967b497cf58a5511731e5ba866aa3c76069aa6b1339b68d014f,932d5261be7453e3c7b2810bcbab67ee4d7725f4ed72b97e6563bcf78dc6cc28,e9dae6acf96a5b67177fb2e0a2b81e22e8de850c0b5f3b8df97c04eee756cc7d
h23,LA-0437,437,add61a82d144be4e264312ecc7aa29cea6b9324261682313f492c4ab4fb974d8,23,19137905.85543848,A1_FINAL_NO_MEMORY_V1,A1_FINAL_NO_MEMORY_V1_R1_WITNESS_GATED_INFEASIBLE_RETRY,certified,PASS,3,2,4038e032a9e94372a12647200dd3b4f38ed569153f74343cfbf2397dcaa978f1,,,9f6484f3cb40ea5411a33d1f7abd66d02ffb3c5719a71801725c7d518d9ed3d8,1a6f379f77254a05b5d4878930e74e5f647e023bc8f010f5963664474b0e6c0d,P4,1182197621.075134,h09,1177082436.207049,5115184.868085073,0.0,34617641.201799534,R0,0.0,4004511.625075189,R0,0.0,0.0,NONE,36969f4b59f180de7a50a104e72e127fae51132f7f754a7a1153c603d494582e,8bef06d05136cc67ad1fec7ce6d52c110b025e186ee40d7829e21413b9a3e3b7,3028ea46bc661bbfda19bde8867b2e5366312867683a5a015cd4d5bf287869e6
h23,LA-0514,514,b386b7e1efa4629cc5a5e664f03f1ee969ab94cf6e105ab01f57c5f06cd21d73,23,19137905.85543848,A1_FINAL_NO_MEMORY_V1,A1_FINAL_NO_MEMORY_V1_R1_WITNESS_GATED_INFEASIBLE_RETRY,certified,PASS,3,2,9a4e8d24c0a9b17f221f2da1f07ea858e69c5df3de4b32a13fd27fe174cb57b8,,,4c83892702cb5af4077b2554e09156d4bf865a206c87319bf1bc83a07105695e,a94f940a22d5f223f25b8096c76aead287f31bcb18cae63e472ae0115fb3cee2,P4,1141915291.4121783,h09,1140282501.1653051,1632790.246873226,0.0,12771534.344663842,R0,0.0,0.0,NONE,0.0,351326915.5973304,R0,1aea66421542a92f9729c9ae12440b5423b55f418580b9179192015e208b0ecf,4cf7f7b07f7a73df800d626b766858014b91e4a6a0762ab7bbd4b4fc69e60e3d,14fca7868dd5cae86949c384ef8147bd319aa19d5748b137a1357a57dd941dca
h23,LA-0633,633,633a6a723b977918919fa56852b0aba2c042d2f3438fff7b6bd1d9fbb3cf24a0,23,19137905.85543848,A1_FINAL_NO_MEMORY_V1,A1_FINAL_NO_MEMORY_V1_R1_WITNESS_GATED_INFEASIBLE_RETRY,certified,PASS,6,2,f80a48bfce64d94939ae6099391a6d6eb90f11598293f415addc31cd345c7703,,,ab42ffb0a4bcb138c4f87c6987d3a6612fc06516999018a0a0f7a6ba029c6f8a,931d50931512dc9a48fa5ca5c434e4b889280048021fca15c0f858130502db2b,P1,1219943975.937116,h09,1200806070.0816774,19137905.85543848,13914901.397747755,0.0,NONE,702360.1706518629,0.0,NONE,0.0,0.0,NONE,9367ba6bbe8619f33871f6217de4493e8941edc2b178e5352fbc00fe8832ece1,1124c2bb5c69f6a1ae9ba1bf5a94152c789e13c457f548461104cbc5b86082f6,6cacbdfcbed9aeaf4a206a37d50642b47ab2eecab66ce12e3e3c83941b479cb7
h23,LA-0799,799,2b823709ce852b2d6e351887370c0475a4e8be187eeb3c861d58db177f62805a,23,19137905.85543848,A1_FINAL_NO_MEMORY_V1,A1_FINAL_NO_MEMORY_V1_R1_WITNESS_GATED_INFEASIBLE_RETRY,certified,PASS,3,2,c4095e448d32c4916d9baf7a0cef6bc5fcb41ed65ae442c43cc1267e3bbdbf9f,,,684eadd3f08eca3f971c34e08bcfbeee784cdbbe707778c55b5279e4f8594821,fc49b988cec45eb522f47be74bc4fe54c9d7492e0e823d082c55794315a32367,P4,1213742374.6864603,h09,1205872164.1023028,7870210.584157551,0.0,19690894.939454768,R0,0.0,0.0,NONE,0.0,178901524.31960437,R0,b6d0d3f5033d02b6fde9aeac7377168817af6f9796baa782ca1e88fa4eb3c4b8,64bd5c41a509b5cc85d7ccb19a84a516961c892d70edff618a90b9d4b8ed065b,bb05e6294974ef3a14fe0192d73b15fa12669f3f8583d65e5eff7488419d2750
h23,LA-0577,577,0c33b9f7b2f39324b95707b25eb2e07af1ba08cb92c0be0bab15e3a2ae1e62d9,23,19137905.85543848,A1_FINAL_NO_MEMORY_V1,A1_FINAL_NO_MEMORY_V1_R1_WITNESS_GATED_INFEASIBLE_RETRY,certified,PASS,3,2,5d790ac666daf118cc09069b0c18ba739403d0a92a46d79251e2368a57ed6d26,,,3e3afbe7033d041e6ffda45f1e5c306020f3878f1d0d61fb88369e525eb4dcd4,9df61e7e8919ec3b2a68fa7ac523898bcc860699e488a340d66ca2f0e3252fba,P4,1220405769.6559544,h09,1212986814.3455477,7418955.310406781,0.0,423705.97720952804,R0,0.0,1342547.9951354868,R0,0.0,0.0,NONE,a421a8f22e50ca5183938ab7e9282b7793c404b513f0d198326e3add46bb9666,2af0a133c20ea2631b1447544ddbc1ea9dc9c21a968444bde6268ae1e168049f,452053188d42d6975e5530a49b4895a9759ef6f632f0a81128d3155f799fc4c6
h23,LA-0377,377,61cf1e5a0e28513d3cba20e312483f5e64ddbf49159ecda32545e69365c99760,23,19137905.85543848,A1_FINAL_NO_MEMORY_V1,A1_FINAL_NO_MEMORY_V1_R1_WITNESS_GATED_INFEASIBLE_RETRY,certified,PASS,3,2,5aabb0a6a46c7037b4bfb1d23ff80899cbd05e09e417625c4d4059be412baeff,,,d4bfb700832b7ef387648fcbc1c87ebbe1543deff12873fd1faac3642102e697,b5daa24ae53cec9c330f95a5df0efc883df1afa776fdfc9150a31cd1e94bc053,P4,1221924536.072384,h09,1221234293.915256,690242.1571281574,0.0,0.0,NONE,0.0,0.0,NONE,0.0,278578939.9427544,R0,3615453db9f7a627b4305f2c7145544f8063af44d64d1ea0d5b2c3e3eb2fa313,4721ac7ddf69f0fb6d6514455ffae82702a0c676f716a73185f294781748a8ae,d67ab5fd42a37d9bcf140b94e2320f757601875d31c3997e6f52f1272a4a58ae
h23,LA-0475,475,25209deb3c0fed6a636ef92ff9c2b74c62eece1f4ee6c11337d9039162861011,23,19137905.85543848,A1_FINAL_NO_MEMORY_V1,A1_FINAL_NO_MEMORY_V1_R1_WITNESS_GATED_INFEASIBLE_RETRY,certified,PASS,6,2,5758bff7a40be4eebd02981e99dbf2dbc2a30ab1d27ff383fa8ff4c7fd6f2f36,,,a812fd589000ba763380a933a15300c3b533a42f2a7409e7afb9a5b06b33bcf2,aff136692ace1e6bec1694f7ccf51e8b8e7c07725ceaa53db5fa67afed5fbc06,P1,1231658931.2348387,h09,1212521025.3794003,19137905.855438475,17660994.13419909,0.0,NONE,534051.0512429054,0.0,NONE,0.0,0.0,NONE,ec76d0d09531dc58adff53851ec635b5ace0b29901b6747fa833d337d68e1b0e,08aeb718f18e9ca366f378653ebf364ea61fa78c895edd925ebf0b9c92b08cf8,119de7c6886cdb4286695f25d1c148f7ba7165d3c6ee6514485d3af906a38cdc
h23,LA-0032,32,f4f35be64e2a6a66797bef3bd06352c0e954577920dbaa334c40d418f72f6054,23,19137905.85543848,A1_FINAL_NO_MEMORY_V1,A1_FINAL_NO_MEMORY_V1_R1_WITNESS_GATED_INFEASIBLE_RETRY,certified,PASS,3,2,1305cb3e2acecbd0a73331aec2cb73b784ce145f5976c4f592741c7290acf285,,,84737c6383ecbb4a07156ba9fdef1861b240e30c71a94d5631291348099386c9,ea9ac1f0df6ef72961c6772e1e88e016e7cdf024ee6ef3452cf52e35faa1b7b7,P4,1212143165.3748326,h09,1202614492.0684953,9528673.306337446,0.0,419814.5571520834,R0,0.0,1510822.115554034,R0,0.0,0.0,NONE,0c44111e9f782721dfd973cb84fc3869b23410afe68e8681faee61c18da8496f,9417c099d371bb555c0c72366663ba03e768c44f4884816955239f94d807d546,9c0eb2178ba15d6b4a9adcfaa988a857f816722ec38b0f5732c504caad5bd4c7
h23,LA-0259,259,b8b746d5fd3251850a6946a5dc62e955b7cda834c4bef659011599f4c9b2b648,23,19137905.85543848,A1_FINAL_NO_MEMORY_V1,A1_FINAL_NO_MEMORY_V1_R1_WITNESS_GATED_INFEASIBLE_RETRY,certified,PASS,3,2,b6dde7cbd083104b5eb605cdbb85078af516524e829334aa47d3a793407bf47b,,,9b603fa10c8a7af6a39a90133b15f5f4000b2f2f30b6620b835fe692d66a8c69,c6c01a10c65b51693e68ede8dd282a4c18d8a4d86f065c6faa736967e8e02e13,P4,1211532062.8865993,h09,1205516235.779226,6015827.107373331,0.0,420685.6342112121,R0,0.0,1394793.8641429408,R0,0.0,14723997.197392423,R0,1650c32a20c6f4d6bf971449170e2fd35d7bdac9aadcc67de46464ac818fc761,15ebe6628dc56a1efa3e165d50241a9bd8f51bf5b33671ed1a5a0a433d367f8c,c6c01a10c65b51693e68ede8dd282a4c18d8a4d86f065c6faa736967e8e02e13
h23,LA-0750,750,132017ed4b92d624f4a8a004437fd96fcbfc03e831e148154b313993a3a5d969,23,19137905.85543848,A1_FINAL_NO_MEMORY_V1,A1_FINAL_NO_MEMORY_V1_R1_WITNESS_GATED_INFEASIBLE_RETRY,certified,PASS,6,2,33b5e119d5285b47c4d8d2449c0da89a17db2c1416a638705dfd53f9f2b4e231,,,a168874b27bc8ea378c12787efb9cfcc2812513ceed1c285a3db76378c1b589b,3c99b098b210cd2026c9a45117947d9cf706fb23254790a3de702990607eadfc,P1,1220182278.754831,h09,1201044372.8993926,19137905.85543848,13975200.377412565,0.0,NONE,699650.9830041869,0.0,NONE,0.0,0.0,NONE,d38627884b1de2517115eab7a40fdb2465fbea7ec98bd3b7fe30705ec9e78cdd,8b81d66089076d45d57e3de7ca1a6d4b185f1ef09565896cc6c85cd6de3fbf13,4bc08f62bb51905754618d92f8dd2a533b3ac6f0ba653cf05dfa426748b67c93
h23,LA-0472,472,a81150ee321fc78d1c30068462a732eee7c8fccc1bd6425dc016cfa3981cc7d8,23,19137905.85543848,A1_FINAL_NO_MEMORY_V1,A1_FINAL_NO_MEMORY_V1_R1_WITNESS_GATED_INFEASIBLE_RETRY,certified,PASS,3,2,cd27b76a4896e27ff1422ba041637e2944f60f1d28e24440704ffd438d3802b4,,,abc6d126d3bfb9521359c13f6c18c9fde40c206c5f1bd46e1bfc74176363b17e,9f02776284f7b6239d29ae9d3d3721c37fe8765311948f10271555d1b192f6bd,P4,1208172170.3365061,h09,1204326935.6976228,3845234.6388833486,0.0,21068289.92455735,R0,0.0,0.0,NONE,0.0,221516415.16720355,R0,802d7c0690fa8cdb9bdc40d6e01e38ab5659fe1a3a8835600c09083736e532a5,132e4674c02a9b3a23643e59995b92e2e4dc8064dfc47518ff70411a90146c87,c3928d77361e015ebfcdf18cdd94a00771636be313a0ca69cb47a688ff91c3a8
h23,LA-0647,647,9f75b37c7ea35e63988ae11a092a8defc68ea622b5abe84163c8de5e4133e10d,23,19137905.85543848,A1_FINAL_NO_MEMORY_V1,A1_FINAL_NO_MEMORY_V1_R1_WITNESS_GATED_INFEASIBLE_RETRY,certified,PASS,7,2,2156bb5c06153b27a501b5d5c57c9878b0c9a3cd349ed34eaca81281ffc37227,,,43620fe683c89edfa9d37cdf64059d743decebfbb3ca13f7faa330bccd3c2dc2,2cb6159451193ff2278ee888b1b74a464867c95fcade3fa496c2a76264acda80,P1,1221137618.0575635,h09,1201999712.202125,19137905.85543848,14222274.553538851,0.0,NONE,688550.1267419092,0.0,NONE,0.0,0.0,NONE,73fc5b6974c6a76c6666b341397175f317502078501307c85ba11e7a610e59a1,c7db70d83b3372d654bd5fdb8bf61951e373188be2ddc21186e20be3d4c79dd7,a9e561cbec8015b609963105f25e9685dc55b8c06dfd409dd0cddcae218c87b5
h23,LA-0478,478,788a573526ade631922fb22555f44be7d29186360644d0eef6e38264fda97695,23,19137905.85543848,A1_FINAL_NO_MEMORY_V1,A1_FINAL_NO_MEMORY_V1_R1_WITNESS_GATED_INFEASIBLE_RETRY,certified,PASS,6,2,a320e47bf573b925b72c81115fddfd59ff2b0d473756663ae5e9c3e4fc3a9f70,,,e1241016be6f878f53db41288d7d3f1128511ddc2a7d33b959d83255009e7d24,ce2eb630f34a5383d80ec2a0ae3f166c8eca014a683cde856afc0aa5cefebe7d,P1,1221203148.4567153,h09,1202065242.6012769,19137905.85543848,14239542.891061224,0.0,NONE,687774.2733697365,0.0,NONE,0.0,0.0,NONE,258e06dfcc1c09dbd1f54a938e9ad5b60a285f49c8fff3984be9d36c656c5ace,1ea90e9321661886e4c1105b98d45d2c13422e32a6a6d5349bb8fc6be6283189,c0e5dea5d1bb4590f01a42410f000ce5d140e031daeeaa51d4a4ee57c27c6bc6
h23,LA-0114,114,52d06d19e62b5438dab950965a0373907f48a7a4817e2b74ff951a80ce958d18,23,19137905.85543848,A1_FINAL_NO_MEMORY_V1,A1_FINAL_NO_MEMORY_V1_R1_WITNESS_GATED_INFEASIBLE_RETRY,certified,PASS,3,2,85c7f176153f2dcf91af0e99cd683df2607c29a6d0a4e7a126e12b48b535c832,,,fc83faffcf6356fe68691e29556b772c4a71eca588b70503d052839431d50c36,772cdc11a6b9e397fcec5b9edaa22c532990130f36f94cc5e0ee96203ededbb7,P4,1226451400.5175707,h09,1219099191.5632987,7352208.954272105,0.0,26246135.667742454,R0,0.0,0.0,NONE,0.0,152902824.87522608,R0,b0b4cb45a4d7977d3e38c0eb4f765bf9be60fe1c8775391a05fbfa6ace7e1376,684e8dfc17688b85d087bc046bedda08966f80d347592c28363753bcbce52f1e,def9ebe3962506212d389a15c4cd928e3e490374e38848e2c449713b2373a823
h23,LA-0573,573,cfd088cc5e34aae682fadaa4623778872914e9179cd8d5caa45de271fced25ce,23,19137905.85543848,A1_FINAL_NO_MEMORY_V1,A1_FINAL_NO_MEMORY_V1_R1_WITNESS_GATED_INFEASIBLE_RETRY,certified,PASS,3,2,ac8a394b3d93fb13002962417efd61f839cfa5cc7eefb2002f3b26915aee2ca3,,,9846e6203cca73e1a057fca253c35694a7ec9089ad4a6328ade9de654c0cf8a9,160104f2e52fec8abe81ba7478db3ecfaa10986697bab6e610ebfe92ea7bc6e1,P2,1227480736.66063,h09,1213802461.900796,13678274.759834131,16205572.017211482,0.0,NONE,0.0,0.0,NONE,0.0,69348953.52054326,R0,6ae11543b7378cf6a4b80184ded239f353908c78f2b655543725668cc9c4c7c8,c69a401b657249c3503ba0d2ffebceced344161f100643ea516e3ba7e8c910e6,c4d72abef4fb0ca0bc185c9d5a5b0996ad4c604ecf1de44efa717412fb5fa4dc
h23,LA-0427,427,f8502b1dc3dc74effda7a6d21fa16d2a2e6767583b8f04eaa3563bc53ea75b1a,23,19137905.85543848,A1_FINAL_NO_MEMORY_V1,A1_FINAL_NO_MEMORY_V1_R1_WITNESS_GATED_INFEASIBLE_RETRY,certified,PASS,3,2,74d2a207415c2d2d4ec4d9e5844ca75c4614d5ba9bad1fbdf962b06f1dacc28a,,,c639f9676159af3560c0a0d1ab30578512e2059d2e540a3e15bdee0d286fb190,a5e3ad32f6fb7a22a1e2e9639fb303a2c8305d6d5325be182078bef1090a1a65,P4,1224013630.147467,h09,1216917056.5012794,7096573.646187466,0.0,0.0,NONE,0.0,0.0,NONE,0.0,360011507.6863111,R0,aa7e0e0780a70f894f3763b1641272f568311d7155c52eb0a932847b1af2bf84,f555508d76c8a353886f56c0876e64766254914359f1eb02d70266079c632644,a87346346a0b2bdad560237392b3f2cf219285903aa02d1648cb251fd563548f
h23,LA-0778,778,2d6de0ae702702dd0db8a40e28faeb1b166521aa4fe6a25a2d05f7b2b51d49e3,23,19137905.85543848,A1_FINAL_NO_MEMORY_V1,A1_FINAL_NO_MEMORY_V1_R1_WITNESS_GATED_INFEASIBLE_RETRY,certified,PASS,3,2,4c7f1b04ab224ef7569160465f1070649c0930dc0cb45edaeb7fe58af7d66947,,,f123bb91b1e4dad6b173f0a9d4224d821b5f9d446554ef6aaefe3f2e2835cdaa,ae21be7651d189a32d78615a4cd9bf140e93d038e5de86bd8faf20e827f32a20,P4,1153647488.5368123,h09,1150253383.4734652,3394105.0633470705,0.0,0.0,NONE,0.0,0.0,NONE,0.0,893509032.8667613,R0,e4be54a445c5b87366040714b814f572b4b16de0ddad5838abe42a791db69ff9,5d7373ff162f3349b831ea7b1b1aa67f58555d29164ebb83893a2bbd6f36be90,442a33841e856d2210e4dbebfc90ff61dd2ed219e1f1338fd857392bf2e561ef
h23,LA-0009,9,3f9ef457cd3c688cef1bea2783ff0f7374d3b062b769b5658594d9d3df3f4303,23,19137905.85543848,A1_FINAL_NO_MEMORY_V1,A1_FINAL_NO_MEMORY_V1_R1_WITNESS_GATED_INFEASIBLE_RETRY,certified,PASS,3,2,4ba8bb84f19b9ac1a9208081d30dd1cb62ea9c4e53a6eb3fc69d4429b6cb0b5b,,,394777b53ae88b8836a187fa9cabecbb48b5f3a2109bb082a5b50c8e4c96f701,c1e341d78c93979be7a8067fa47781e840afd422f4cf6d870d0db1a8ea0356a8,P1,1231866555.1965904,h09,1212728649.341152,19137905.85543848,17745663.72808323,0.0,NONE,530246.9102912714,0.0,NONE,0.0,0.0,NONE,f6bb0915be182986295659840431a1dd72800641d3e1ec729f40829eac590967,3f9f526dc968af0b2b5a7a7f9a7aaf5fe6d56b7a3711ccbad40ff275ea3864d8,d255653f6088620e78cc6e446f7a7f1bcd8f36e420c047fc0a603ae5f08a697a
h23,LA-0787,787,c07770a6a5daf4bfdff983037c9831ee79d17e09ffdffb14cdf87cb7e253a835,23,19137905.85543848,A1_FINAL_NO_MEMORY_V1,A1_FINAL_NO_MEMORY_V1_R1_WITNESS_GATED_INFEASIBLE_RETRY,certified,PASS,3,2,6ae93df4c717b42a379b250da944d9a568c8fc857fcabdab79ec76f86a63d0c3,,,736f2079d35826f3561f145e4aaab4f54f1afaa635574e3dea9ee13d3bda7d51,802b19f3da1383a89fff9ad759a960e9fea24b56d3b7fcaf8249639ca15b2dda,P4,1149772817.1713123,h09,1148112992.3660915,1659824.8052207415,0.0,0.0,NONE,0.0,0.0,NONE,0.0,398700814.7302376,R0,8d6bea9ee36ac26a96f1c7857d7796dff14b199ff7054af472f9f17c3206e413,6df6e6b38346b2c9b16fef38439910667cf229d121f81a1eddd6b17489dce812,8f643fb2377f7aad55f8c90291cacac5f570ea5f563246b9bc878cc58efca4a7
h23,LA-0565,565,6b3ed578625072eaa3f19b9d6452714e37c3b34b053f93f8cdcd91db8bc5e379,23,19137905.85543848,A1_FINAL_NO_MEMORY_V1,A1_FINAL_NO_MEMORY_V1_R1_WITNESS_GATED_INFEASIBLE_RETRY,certified,PASS,7,2,aca1cd075ee416f8dd6dba0f39dc2e98022d62930c87a4405af3b2faf287fc98,,,28bd54ea87294980af7bfe2476c88f5e4bff9453b2747b08b96102c3f9931ac1,f4b3b2e64762697cbc55287a3242ad5a3555d188ba25187ff135fa1cb2dde0b1,P1,1238358044.8164442,h09,1219220138.9610057,19137905.855438426,20874605.662193775,0.0,NONE,389665.91065729165,0.0,NONE,0.0,0.0,NONE,4bd9a3d836eaa1428383b995e820f82c4d7e3365cdfad4a8ea3fcaf6199bd2af,23242bfd85248df091636a62d700381e05555c8625221a163974f3a5f793d56e,d45c1b7d4ba6fb1ae296b2faa016d6393a556d14ae91015b782e92ef4a1b1399
h23,LA-0119,119,9ded5c68cd0b0e99a38f9cc7db3512579bf1729d3fa5267c87d43e99ff82e3ee,23,19137905.85543848,A1_FINAL_NO_MEMORY_V1,A1_FINAL_NO_MEMORY_V1_R1_WITNESS_GATED_INFEASIBLE_RETRY,certified,PASS,3,2,6598cdc912e63794282b190bf5588227e4e6314d27aed523e6c769f24270a7d3,,,d21385624d8b98bf606a61c60203ad7e5b8170d00d70c81046748ad34c6d6a2d,a7e6bf6b09b3c9658e6c871020c705d12f7b48c40669c3b94f747270d02fa145,P4,1169690188.1969986,h09,1167358490.2018068,2331697.995191769,0.0,0.0,NONE,0.0,5518182.811609539,R0,0.0,0.0,NONE,b9c7e7c469e865c8651db69a1ebec841a406cab8fb9b9b4fcffcb794d742b68a,97ecfc4d355fc3ce1af1152bc5fad2fdeddce5429537f7a6b3219bbf0f096b63,8d39643477a9f4736eda1fe95b0a879e12bab8d21d1cdcc5f1482fc4d7b8e4bf
h23,LA-0938,938,076847df596d6eff65d44a5956999e1640785296725219e3ae7ee004a30c6793,23,19137905.85543848,A1_FINAL_NO_MEMORY_V1,A1_FINAL_NO_MEMORY_V1_R1_WITNESS_GATED_INFEASIBLE_RETRY,certified,PASS,3,2,0d1c81861eed8cc746fa2af3c81c416b19c462edc99e5ade5ba2254f009cdfbc,,,6e096d9b1b43ab899de25be05700e94ca43807a9b8c91c804de06c678d15f33e,cd1d83c871fb2ef5b3aca64fb4d0a4317c80e029262bd5a7772bf43ecebf7dff,P4,1211664872.6840863,h09,1205407046.8721135,6257825.8119729515,0.0,0.0,NONE,0.0,0.0,NONE,0.0,229246685.98371387,R0,cf1ec9a4247178e821da4cbd8725e52b8aad3d84603716aff1bd8e70412a0c0b,0d2aa1b2847cc8abb647373e854d32b6f5ed9b1bd45461d5783f75ba9b2880cd,54d12be064bdb919d783565655cc3d8b4568fd9912f85c89f3349790a54a46b2
h23,LA-0240,240,456ab94e95f6c4c22089c52fc66aa76bff495fbe9e7b34fc46077478105cafdc,23,19137905.85543848,A1_FINAL_NO_MEMORY_V1,A1_FINAL_NO_MEMORY_V1_R1_WITNESS_GATED_INFEASIBLE_RETRY,certified,PASS,3,2,a4b135388e62dc06356fede669467271e9f7995a281129bac085b39a93b16962,,,a9244d0b36a45e7bdb52908f5b651fb4c02a4ce6bc86c2aa709d91472e74b2a2,0c0e2cf222c42972aab40b1c4ef8add1cf7784d7a87e3062aa86aec5f057efab,P4,1174915473.3193264,h09,1171026352.7649255,3889120.554400987,0.0,14427839.480618743,R0,0.0,0.0,NONE,0.0,274768065.7576226,R0,467f585e7c1b30c5d69105b2e1239401ef27828b5298fa4f25953fab62f699c9,c8ba2ebec636d5cdfa1259fb67b1780f0adc40118ab430ba3227caef76a75b2f,13e61a7de909bd9473fe573a78d1912275a3810a83321a43528f8d8c0417bed9
h23,LA-0464,464,68d187af8c67b9ff2c2e8b77cfc61c7c43e85627ac77e90547a7fe6bee08e884,23,19137905.85543848,A1_FINAL_NO_MEMORY_V1,A1_FINAL_NO_MEMORY_V1_R1_WITNESS_GATED_INFEASIBLE_RETRY,certified,PASS,3,2,6613745cb386935b290646c134cb4593ef2cc7338fe4ac55ee2c1a34828f8712,,,2b672ba60b5133fc35f740f58fb67d3c7be8c8a403b3290fab3c9c230947f3b2,6802b67e99469f28f91b99a7c367271179cd0ea5a9d8e50fceb2ed213f3984ee,P4,1207897831.8176615,h09,1199818967.9311047,8078863.886556905,0.0,16948405.797349654,R0,0.0,0.0,NONE,0.0,179391677.01945028,R0,563708ca36de037575e33bb2f03da00dad01080dc556b3c16f3c7b5306a8bea2,5245d028f08f5bda884bdf2be4194a9a57a7049162bd876757766152e80ef587,70c46aba35420ee8907257d226faefcfcda8ecb2968fd381b7a2ed34f5f8b7fc
h23,LA-0860,860,ca94af9af335cb451dda82a8bac72ed429bc747d43fec3dadef9d1f81ec9bc59,23,19137905.85543848,A1_FINAL_NO_MEMORY_V1,A1_FINAL_NO_MEMORY_V1_R1_WITNESS_GATED_INFEASIBLE_RETRY,certified,PASS,3,2,0e7df425c6812492a7ddccf80657218ba98086ee2c2170951c1d519305a5ee8a,,,855a29d55143fa485890aeb08666105aa44b61b6de10c0d5b8325244cefd5523,5193a146fcc8dd0e6ddd3715dfe38abbc6d90eefee0ab7788a8f27df2210b947,P4,1224796868.024327,h09,1222189969.564232,2606898.4600949557,0.0,20529902.358297773,R0,0.0,0.0,NONE,0.0,128313984.62352876,R0,ca7e761effee60eabbf609e41e21d5c7a1dacbeb0a47edbf5319c013abe43c0d,9bdac43216b3e4b0d63f9712943f5a77c813a2b4c7593cbc784b1402b985e0f3,209735b4536756ce8383a60acdfe1d71071de4260a5635e80559e6c37ee45edc
h23,LA-0789,789,dd409690bb74eddb2067923113a702a5d5efd305aeab1ebf4a34374bda2af1e1,23,19137905.85543848,A1_FINAL_NO_MEMORY_V1,A1_FINAL_NO_MEMORY_V1_R1_WITNESS_GATED_INFEASIBLE_RETRY,certified,PASS,3,2,b661646385e3fa04193147cbb013b9c675d777b019b413ece39c94c2aa0ed150,,,26a281a34123ed91b66abe799dc99167a5490a3b94c9e9224505160bc2498889,620bf97d8559d8143ec9b13f54da91fa14c768c4fa9c88f8c0b90e3433a85dad,P4,1212371308.855561,h09,1207519358.5901499,4851950.265411193,0.0,0.0,NONE,0.0,1603070.123394555,R1,0.0,0.0,NONE,39e97bca55b0f24d65621d5e4b2ef020d925e6b7d58444b2406910fd8c66c553,1b18dcc629964a93c18e90002fa72b59b99f61fa64add4baea8118e760fb0428,3a00c1354fb4ff85ac753793644a208819006dc041e4cd4368e52f1fefd4fb67
h23,LA-0748,748,9a72f3547ad420b3e1d2e7053e1d79f70af5c5fc4cd6b8bcc8ac8d7264672ac3,23,19137905.85543848,A1_FINAL_NO_MEMORY_V1,A1_FINAL_NO_MEMORY_V1_R1_WITNESS_GATED_INFEASIBLE_RETRY,certified,PASS,3,2,4e1390e28a5a1e6fcdbc18f669039f973b981efc5c56ed3f4d13c0964dc4077d,,,c1d4a7350809e04b67cc7c5aa0eee468fe16f47e969ee9da979729a50ddca1be,d16858e43e6f39c07d1bcd962a77334e7e2bec668c8c0a81a0dfe38a47ccbaa6,P4,1225236891.5837047,h09,1220163086.5523667,5073805.031337938,0.0,0.0,NONE,0.0,2228952.68304798,R0,0.0,0.0,NONE,7e76bb6ff703d753a18dba0dd87d3fc3e479d0488a2838be8a0a3de27ed9a9fb,7b99e6065a0f0fd9bcb4a38dce62dcb33696899e3494f33142a1d23fc0914029,8ffaefcb9ad2a5caabaaeba159f57af57cb57a94044817eaf4af370676a84131
