case_id,simulation_id,sample_index,input_sha256,model_kind,algorithm_identity,implementation_revision,status,certificate_status,failure_type,failure_message,data_sha256,scenario_sha256,budget_ratio,budget,beta,lambda_Water,lambda_Vaccine,lambda_Crackers,gamma_D,h_V_tau,a_C,result_sha256,iterations,full_exact_certification_calls,complete_full_exact_certification_calls,first_stage_sha256,policy_label,mixed_aggregate_QF,same_item_QF_coexistence,cross_item_specialization,portfolio_pattern,T_COST,certified_objective,C_Q,C_F,C_R,first_stage_cost,worst_scenario,worst_category,worst_hurricane,exact_worst_case_loss,worst_exercise_cost,worst_shortage_penalty,worst_total_shortage,worst_total_F_exercise,budget_spend,budget_residual,budget_usage,Q_budget_share,F_reservation_budget_share,R_budget_share,emergency_budget_share,Q_Water,F_Water,R_Water,z_R0_Water,z_R1_Water,z_R2_Water,Q_active_Water,F_active_Water,same_item_QF_Water,worst_exercise_Water,worst_shortage_Water,Q_Vaccine,F_Vaccine,R_Vaccine,z_R0_Vaccine,z_R1_Vaccine,z_R2_Vaccine,Q_active_Vaccine,F_active_Vaccine,same_item_QF_Vaccine,worst_exercise_Vaccine,worst_shortage_Vaccine,Q_Crackers,F_Crackers,R_Crackers,z_R0_Crackers,z_R1_Crackers,z_R2_Crackers,Q_active_Crackers,F_active_Crackers,same_item_QF_Crackers,worst_exercise_Crackers,worst_shortage_Crackers,row_sha256,experiment_part,background_simulation_id,background_sample_index,phi,psi,eta_1,eta_2,c_R1_ratio,c_R2_ratio,m_F,shortage_loss_Water,shortage_loss_Vaccine,shortage_loss_Crackers,paid_R_Vaccine,R_level_numeric_Vaccine,F_total,paid_R_any,R1_item_count,R2_item_count
E3A_H100_MF100,LA-0914,914,ee8287c989d9f42998cac1b0ade9bc594e098eb99d83ed33e878189f5cc95b45,M2,A1_FINAL_NO_MEMORY_V1,A1_FINAL_NO_MEMORY_V1_R1_WITNESS_GATED_INFEASIBLE_RETRY,certified,PASS,,,08876c2190c83d85686e590fd0c5dc95ff5e324581a4e03f252a6dcf8d43a8ff,663f493f16f0700e13d30c199b9ffec8598ea4a3081af7144c9ab504b83bf900,1.0,19137905.85543848,4.0,1.0,1.0,1.0,1.0,1.0,0.9,40f5d66c7de7b73dc3b2e134f75a828cc4bceb755fe1d28fa8084d02b1ff3867,3,2,2,92600a9b406c78eb103d7a5c34cd9bb56dd9d57a7d1a02f4541ffa72e9195029,P4,False,False,False,Q[NONE]|F[Water+Crackers],1214899896.36326,1214899896.36326,0.0,6131016.83835086,0.0,6131016.83835086,h09,5,Katrina,1208768879.5249093,13006889.017087616,1195761990.5078216,1780155910.2931075,101801433.77127889,19137905.85543848,0.0,1.0,0.0,0.32035985988553656,0.0,0.6796401401144634,0.0,20834416.584864948,R0,1,0,0,False,True,False,10399999.999999996,1.862645149230957e-09,0.0,0.0,NONE,0,0,1,False,False,False,0.0,9557344.06438629,0.0,183105341.11968923,R0,1,0,0,False,True,False,91401433.77127889,1770598566.2287211,f02edf23f1edfc31aba5b64843f182abe424cebe8406c4d338247854412a23b9,E3A,LA-0914,914,0.2,0.85,0.41703436585592946,0.5904406859922471,0.1119855930660333,0.24608150148315483,1.0,4.825741052627564e-09,531999999.99999845,663761990.507823,False,0,203939757.70455417,False,0,0
E3A_H100_MF100,LA-0802,802,08d200d068730669000640f9037f4ea66dcff16c72d21874b825ba042565721f,M2,A1_FINAL_NO_MEMORY_V1,A1_FINAL_NO_MEMORY_V1_R1_WITNESS_GATED_INFEASIBLE_RETRY,certified,PASS,,,be9173ffc29928b392fa8b1b70e72af9f5d228f025d649eb9506de334ad19fcd,da223cdfa2b470b81c36af832a8aea97cd5aa8e81eb2840b7c8398688c2572d1,1.0,19137905.85543848,4.0,1.0,1.0,1.0,1.0,1.0,0.9,169965ce2e8d2a5a5d7f97de6f5770667d421cda613b14f9f08fd1dede4b46f7,3,2,2,7c6149acb2d07c61b33c59f2f5080062a6fe7b59651c7cbdb9836fd1b76b8190,P4,False,False,False,Q[NONE]|F[Water+Crackers],1205630340.8090584,1205630340.8090584,0.0,4161236.283083032,0.0,4161236.283083032,h09,5,Katrina,1201469104.5259755,14976669.572355445,1186492434.95362,1755429182.929147,126528161.13523947,19137905.85543848,0.0,1.0,0.0,0.21743425401481534,0.0,0.7825657459851846,0.0,12280877.45567742,R0,1,0,0,False,True,False,10400000.0,0.0,0.0,0.0,NONE,0,0,1,False,False,False,0.0,9557344.06438629,0.0,137130357.31298435,R0,1,0,0,False,True,False,116128161.13523947,1745871838.8647606,107b3a5621fba342ebd63720d311ebc73a0c6a016bbe241c089f92988d5f73e8,E3A,LA-0802,802,0.2,0.85,0.22450693111694414,0.6983941516583669,0.264049851643112,0.35249072367712136,1.0,0.0,531999999.99999845,654492434.9536215,False,0,149411234.76866177,False,0,0
E3A_H100_MF100,LA-0642,642,df36bdc338b56dbdb6049ba0f8338289089a63b99a8d10e273f60fe82107fd03,M2,A1_FINAL_NO_MEMORY_V1,A1_FINAL_NO_MEMORY_V1_R1_WITNESS_GATED_INFEASIBLE_RETRY,certified,PASS,,,2adbaab7a1969f2a5c91315ef349431928abd21c246f6b517b59a12a1ca0c2a4,838f7b2cf72dadf93254870bff0c3d4d70a6ef253054161c13854ebb2bac251a,1.0,19137905.85543848,4.0,1.0,1.0,1.0,1.0,1.0,0.9,256a643609d882fe2e71dac45bed4d2cd1ff6eb90e706fc8c5d77017edf6bf2e,3,2,2,37f4ee265dab20b1b6293e6f0bbf5b76b922e74bb75b1bc84971c9d784040568,P4,False,False,False,Q[NONE]|F[Crackers],1214379143.933571,1214379143.933571,0.0,6020356.947041971,0.0,6020356.947041971,h09,5,Katrina,1208358786.986529,13117548.908396507,1195241238.0781326,1717292272.7832673,164665071.28111908,19137905.85543848,0.0,1.0,0.0,0.31457762372319054,0.0,0.6854223762768094,0.0,0.0,NONE,1,0,0,False,False,False,0.0,10400000.0,0.0,0.0,NONE,0,1,0,False,False,False,0.0,9557344.06438629,0.0,321188484.15716875,R0,1,0,0,False,True,False,164665071.28111908,1697334928.718881,cd80916b6da18c94266c99b49e22b736edf85f16b27e445bce7dc3b2404d84f5,E3A,LA-0642,642,0.2,0.85,0.06699705468517274,0.4844005160083719,0.16895822976115987,0.5937229103707351,1.0,26944320.000000004,531999999.99999845,636296918.0781341,False,0,321188484.15716875,False,0,0
E3A_H100_MF100,LA-0765,765,029044c21e5aaa3ef1fdc23ba9f93ecbcab421d4ba2aea33a2a93e86bd5dc97c,M2,A1_FINAL_NO_MEMORY_V1,A1_FINAL_NO_MEMORY_V1_R1_WITNESS_GATED_INFEASIBLE_RETRY,certified,PASS,,,6693805682ba8d2b3cee622e065b9d44cf7085ad35c9c6fc86e4483f7a5d7a99,3b50a601f0d7492d5e9b297e39ce5dbdbcb31f8499d382c4c3f9f6d074b7a2a1,1.0,19137905.85543848,4.0,1.0,1.0,1.0,1.0,1.0,0.9,ed97c84175e5f99727419ee0af6dacf481ee4bd14a0a57a170cbec2b2a158060,3,2,2,ac4e97785eb06ad7e3eec685ea3ac6c7649fc9da53825a4b21313993862b2cf8,P4,False,False,False,Q[NONE]|F[Water+Crackers],1213090841.5653293,1213090841.5653293,0.0,5746592.693790614,0.0,5746592.693790614,h09,5,Katrina,1207344248.8715386,13391313.161647864,1193952935.7098908,1775330219.944381,106627124.12000532,19137905.85543848,0.0,1.0,0.0,0.3002728060843494,0.0,0.6997271939156505,0.0,18967474.959288407,R0,1,0,0,False,True,False,10400000.0,0.0,0.0,0.0,NONE,0,1,0,False,False,False,0.0,9557344.06438629,0.0,175498612.2260133,R0,1,0,0,False,True,False,96227124.12000532,1765772875.8799946,9535e2eb4e4c414fc7be2000724553f0aabbb73860679b2f23f3aa6d5afe7c71,E3A,LA-0765,765,0.2,0.85,0.1898448484679951,0.4371363058080994,0.28539794189257744,0.5283998480867639,1.0,0.0,531999999.99999845,661952935.7098924,False,0,194466087.18530172,False,0,0
E3A_H100_MF100,LA-0334,334,edaf1d3f884b2a1b1bc5dfef3d1a8ae510e3ba39112540125e89d3ae561834b0,M2,A1_FINAL_NO_MEMORY_V1,A1_FINAL_NO_MEMORY_V1_R1_WITNESS_GATED_INFEASIBLE_RETRY,certified,PASS,,,ccc996fa78b1b4de5e198a8b3e391d662709c88abb2278f021c080e2387ada6d,dfcb4cb0c3a31cc625229332ea177ead411bcdbc9a62105ff67c9ce2e224a241,1.0,19137905.85543848,4.0,1.0,1.0,1.0,1.0,1.0,0.9,7e1db740da9be9af9091dc7ccc1bc6ce42180a075690f9b01f5e5caf152eff56,3,2,2,75e6fdf2938116eddaaf577f938e5f19ddb63e2a0f3b91b0a0b9aec58b3487d9,P4,False,False,False,Q[NONE]|F[Water+Crackers],1206467749.2437654,1206467749.2437654,0.0,4339185.575458296,0.0,4339185.575458296,h09,5,Katrina,1202128563.668307,14798720.279980183,1187329843.388327,1757662986.9056382,124294357.15874803,19137905.85543848,0.0,1.0,0.0,0.22673251756148732,0.0,0.7732674824385127,0.0,12960039.706589645,R0,1,0,0,False,True,False,10399999.999999996,3.725290298461914e-09,0.0,0.0,NONE,0,1,0,False,False,False,0.0,9557344.06438629,0.0,141930326.0705651,R0,1,0,0,False,True,False,113894357.15874803,1748105642.8412519,fbc3e1fa62dccecf022f2de379c2ae668d9c95bc4a3eff84ca2c1fe849f4b828,E3A,LA-0334,334,0.2,0.85,0.2895217928490091,0.7929187165613949,0.17394007451564966,0.24644435350093383,1.0,9.651482105255128e-09,531999999.99999845,655329843.3883284,False,0,154890365.77715474,False,0,0
E3A_H100_MF100,LA-0396,396,4a8ce3956cb01a1d091e6fc01863a6d00473bea19495791f759d72580abea560,M2,A1_FINAL_NO_MEMORY_V1,A1_FINAL_NO_MEMORY_V1_R1_WITNESS_GATED_INFEASIBLE_RETRY,certified,PASS,,,5641b033c01cfb86d9620ccf019ff5bb6213c1804623fa95b8fa17371859b2b0,15cfdb765b791e74408fa2af35f9876e005e17106ccaa9b3f7daa14f2218a0b2,1.0,19137905.85543848,4.0,1.0,1.0,1.0,1.0,1.0,0.9,70ad0cb1002cf1f8ea1fc6cc39db3cdcc9d6dcda7aedb63d1927636fdb38260d,3,2,2,33db4b23094e729246b0e1c5422d72cee87529ddf603161c17f44aaaaaa320de,P4,False,False,False,Q[NONE]|F[Water+Crackers],1205633040.9969664,1205633040.9969664,0.0,4161810.073013425,0.0,4161810.073013425,h09,5,Katrina,1201471230.9239528,14976095.782425053,1186495135.1415277,1755436385.735132,126520958.3292543,19137905.85543848,0.0,1.0,0.0,0.21746423587044403,0.0,0.7825357641295559,0.0,12283041.448163489,R0,1,0,0,False,True,False,10399999.999999996,3.725290298461914e-09,0.0,0.0,NONE,0,0,1,False,False,False,0.0,9557344.06438629,0.0,137146013.86141306,R0,1,0,0,False,True,False,116120958.3292543,1745879041.6707456,d2716e7b453c831e4e8ccf4f09d5981fd0c9907ad0756018f255a51d1fa7785c,E3A,LA-0396,396,0.2,0.85,0.2258018163452346,0.4689931271083667,0.24058119227255972,0.5575706905747949,1.0,9.651482105255128e-09,531999999.99999845,654495135.1415291,False,0,149429055.30957654,False,0,0
E3A_H100_MF100,LA-0358,358,65f12d3443be917eb572e0eca29833f1866f1a45141d44db32bfff161cc2c593,M2,A1_FINAL_NO_MEMORY_V1,A1_FINAL_NO_MEMORY_V1_R1_WITNESS_GATED_INFEASIBLE_RETRY,certified,PASS,,,7980bfb4be1ac244891d7e500998a9df6a97dca63c5974a7733731bd463958e0,dba0f2fd04b4d9003b835f260817787fcc69acbc22a653076f34b70045485ed8,1.0,19137905.85543848,4.0,1.0,1.0,1.0,1.0,1.0,0.9,99907109a64eed1159985eced2406bfb05f0864d40d40f338cdfa091bea38199,3,2,2,da347d7e78935fb83917fbd3825ee070dcc79890d87ff53c7ad09c48f74a6280,P4,False,False,False,Q[NONE]|F[Crackers],1221409673.8373015,1221409673.8373015,0.0,2965571.2994799707,4548773.252104702,7514344.551584673,h09,5,Katrina,1213895329.2857168,11623561.303853802,1202271767.981863,1736046353.832484,145910990.23190233,19137905.855438475,3.725290298461914e-09,0.9999999999999998,0.0,0.15495798348476225,0.23768396011897316,0.6073580563962644,0.0,0.0,NONE,1,0,0,False,False,False,0.0,10400000.0,0.0,0.0,NONE,0,1,0,False,False,False,0.0,9557344.06438629,0.0,158214431.256934,R2,0,0,1,False,True,False,145910990.23190233,1716089009.7680976,f89521347008a6bbffb3974a1dc1389bf02a0d388d28ef9d84f33b1d6131a80d,E3A,LA-0358,358,0.2,0.85,0.18122989396527178,0.8836407375974568,0.169448012860699,0.30677213883897214,1.0,26944320.000000004,531999999.99999845,643327447.9818645,False,0,158214431.256934,True,0,1
E3A_H100_MF100,LA-0467,467,10bba651114fcf8a3e1f592ebce456644653baea223751f04413e110919e8399,M2,A1_FINAL_NO_MEMORY_V1,A1_FINAL_NO_MEMORY_V1_R1_WITNESS_GATED_INFEASIBLE_RETRY,certified,PASS,,,035d5ca98aaa8de123d6f721926f9e7cb2498acaf3ee77365fdd1292a7b88bc1,84d3ed63a907a0ce646917e3248ec6fa8d786775cf8b8b995e5155801c8ef810,1.0,19137905.85543848,4.0,1.0,1.0,1.0,1.0,1.0,0.9,f9dbfcd934814e3035ac715bd6502063e26b089ebef80c3a62a6fce31e9f3350,3,2,2,0fe9d2997463a07fba838f3e38b4ec68fb1a762133269981fa7630639336c763,P4,False,False,False,Q[NONE]|F[Crackers],1219133001.387927,1219133001.387927,0.0,6349331.36069385,681220.2953987733,7030551.656092623,h09,5,Katrina,1212102449.7318344,12107354.199345855,1199995095.5324886,1729973283.9184465,151984060.1459398,19137905.85543848,0.0,1.0,0.0,0.33176730038566576,0.035595341545960675,0.6326373580683735,0.0,0.0,NONE,1,0,0,False,False,False,0.0,10400000.0,0.0,0.0,NONE,0,0,1,False,False,False,0.0,9557344.06438629,0.0,338739402.51247597,R1,0,1,0,False,True,False,151984060.1459398,1710015939.8540602,317a69fec4639970aa64e717c77eacd3af2e985bf71b2b561c7121d2f6cd3304,E3A,LA-0467,467,0.2,0.85,0.16440350159778977,0.6856890866437177,0.021458016811531793,0.5243704835539995,1.0,26944320.000000004,531999999.99999845,641050775.53249,False,0,338739402.51247597,True,1,0
E3A_H100_MF100,LA-0021,21,9c0c8e916a30a3fa9f17a2b27ecaaa74ee626fafee16b17aef6e1fa739cc5936,M2,A1_FINAL_NO_MEMORY_V1,A1_FINAL_NO_MEMORY_V1_R1_WITNESS_GATED_INFEASIBLE_RETRY,certified,PASS,,,4653eca5470261ee98e1c75b2a45909556570e5a4a8b4c892b49a4671d4c538d,cf90ac8884db2cbc00c8e1bf27ef07477342ce2234e2ca26bd75adc27c64b1dd,1.0,19137905.85543848,4.0,1.0,1.0,1.0,1.0,1.0,0.9,e9a10abe2514ef0007360b275503be668da83132a9f8eb4e1f7dfe65ed8e68c5,3,2,2,faa8be2dcbde189bc9c810675d62fc0abb9c16328b7fcfd748ad95090e12ab29,P4,False,False,False,Q[NONE]|F[Crackers],1218171110.1840966,1218171110.1840966,0.0,6826149.775278666,0.0,6826149.775278666,h09,5,Katrina,1211344960.408818,12311756.080159811,1199033204.328658,1727407419.6316605,154549924.4327259,19137905.85543848,0.0,1.0,0.0,0.35668216924261115,0.0,0.6433178307573888,0.0,0.0,NONE,1,0,0,False,False,False,0.0,10400000.0,0.0,0.0,NONE,0,1,0,False,False,False,0.0,9557344.06438629,0.0,364177858.2628396,R0,1,0,0,False,True,False,154549924.4327259,1707450075.567274,88578e3ddf78175c759c68d268326abf9a84b34e35370947a3f883cd5703fa12,E3A,LA-0021,21,0.2,0.85,0.4895801788402024,0.7979024230837806,0.1780116821200538,0.5815412425832497,1.0,26944320.000000004,531999999.99999845,640088884.3286597,False,0,364177858.2628396,False,0,0
E3A_H100_MF100,LA-0148,148,7151e912cd4a11e3ecf51701a50a70afb496f08ac17c31ec24434fead2eac7fd,M2,A1_FINAL_NO_MEMORY_V1,A1_FINAL_NO_MEMORY_V1_R1_WITNESS_GATED_INFEASIBLE_RETRY,certified,PASS,,,ef462176566bbf69aea7bc9f664884970a3f93ef53874de1e00d52ee6c7d089c,02cf3e213965b52416d4cc06db651e7a6598e5563a55e7a199c466e6a67ce357,1.0,19137905.85543848,4.0,1.0,1.0,1.0,1.0,1.0,0.9,b3474949e113964693c4ea513d449fb44755ac352fc166d8e4bbe13dab08c6b2,3,2,2,eada0677464dfb8f48f524d6c8308e1c6f51203eef9568e27043d97ac436c394,P4,False,False,False,Q[NONE]|F[Water+Vaccine],1206980251.154238,1206980251.154238,0.0,4448092.231433711,0.0,4448092.231433711,h09,5,Katrina,1202532158.9228044,14689813.624004766,1187842345.2987995,1880413461.3929732,1543882.6714129976,19137905.85543848,0.0,1.0,0.0,0.23242314310840248,0.0,0.7675768568915975,0.0,407608.04891865497,R0,1,0,0,False,True,False,316735.1944170354,10083264.805582965,0.0,1579222.0051655606,R0,1,0,0,False,True,False,1227147.4769959622,8330196.587390328,0.0,0.0,NONE,1,0,0,False,False,False,0.0,1862000000.0,d60a7d2bbbc7732d8787f354f02671dcab53891d4f344d9d4be26d95593bfb01,E3A,LA-0148,148,0.2,0.85,0.05591599509288373,0.4695359446158535,0.020611356015534925,0.45254055164375706,1.0,26123722.458304346,463692062.8404952,698026560.0,False,0,1986830.0540842155,False,0,0
E3A_H100_MF100,LA-0248,248,5307af164a6996b7fe150e6061a6fb611ca85e3861ec87d3eff546c5283a391a,M2,A1_FINAL_NO_MEMORY_V1,A1_FINAL_NO_MEMORY_V1_R1_WITNESS_GATED_INFEASIBLE_RETRY,certified,PASS,,,1aa226e42dfdcd7e69f4b1af57f6d017beae3dab5375604f0c89381bbb04bf4f,2469159fc62277a817b326254a08306630f6fa4fc45346f59154fe6042acfd25,1.0,19137905.85543848,4.0,1.0,1.0,1.0,1.0,1.0,0.9,4648267f8632c6f0742da86041e21d92a2f3f03e177f6ff4bfaa9b997a4f30fd,3,2,2,20a5ccf2ba1b8f3b843ba724a8c7e725adb18ff81d6581b75bd6467de1b3d4c7,P2,True,False,True,Q[Water]|F[Crackers],1221880385.3769171,1221880385.3769171,9236198.795256818,4103839.9584961813,0.0,13340038.753752999,h09,5,Katrina,1208540346.6231642,5797867.101685479,1202742479.5214787,1798776506.2535672,72780837.81081921,19137905.85543848,0.0,1.0,0.48261282425695173,0.21443516283836145,0.0,0.3029520129046868,14259995.052117981,0.0,NONE,1,0,0,True,False,False,0.0,0.0,0.0,0.0,NONE,0,1,0,False,False,False,0.0,9557344.06438629,0.0,218941525.7413669,R0,1,0,0,False,True,False,72780837.81081921,1789219162.1891809,f488fa5807a685643c40a9e064d331b7da990fd701ad3584b599e50e37544289,E3A,LA-0248,248,0.2,0.85,0.40487742582076147,0.7181815455627028,0.2669362768846812,0.5798413718750142,1.0,0.0,531999999.99999845,670742479.5214801,False,0,218941525.7413669,False,0,0
E3A_H100_MF100,LA-0349,349,a13fac328519453bbee1dec8c125b0a9799e9407a66ec9ae666070e54c274bb7,M2,A1_FINAL_NO_MEMORY_V1,A1_FINAL_NO_MEMORY_V1_R1_WITNESS_GATED_INFEASIBLE_RETRY,certified,PASS,,,c6ed7250caa49d24b2e24a082ae376c6140f7459c1ce1e5e54f90deb6abc08a1,e4c1641dba37414f80a7812dc262635a5f88a48ea8e344a0c6d15f0f027754d3,1.0,19137905.85543848,4.0,1.0,1.0,1.0,1.0,1.0,0.9,3061770138e4139c066605c7c44ff7f78d0b04203f8af18823799098e2e99c55,3,2,2,262e2c05b417cb2c76a1f0720311698b19b04be92e385ce440cbcc6823f5b0a7,P4,False,False,False,Q[NONE]|F[Water+Crackers],1218448748.9447649,1218448748.9447649,0.0,6885148.011920696,0.0,6885148.011920696,h09,5,Katrina,1211563600.9328442,12252757.843517782,1199310843.0893264,1789622546.5007076,92334797.56367882,19137905.85543848,0.0,1.0,0.0,0.3597649640419838,0.0,0.6402350359580161,0.0,24837146.543942723,R0,1,0,0,False,True,False,10400000.0,0.0,0.0,0.0,NONE,0,1,0,False,False,False,0.0,9557344.06438629,0.0,195675632.12859344,R0,1,0,0,False,True,False,81934797.56367882,1780065202.4363213,aec7993bcd3677d903abf173d070dbaf9d321ac9c081a0a60a19d6f42ba41216,E3A,LA-0349,349,0.2,0.85,0.4391998056426251,0.8971181988061399,0.21963675705681554,0.5337038383478575,1.0,0.0,531999999.99999845,667310843.089328,False,0,220512778.67253616,False,0,0
E3A_H100_MF100,LA-0460,460,37dfad7be959263ecce1cd54aabb1f0f5b60556d7a5f449d2dde0296e586db54,M2,A1_FINAL_NO_MEMORY_V1,A1_FINAL_NO_MEMORY_V1_R1_WITNESS_GATED_INFEASIBLE_RETRY,certified,PASS,,,b82d661c6c4ed3f47c9e06a744d2610c6b4fc0afce8d7c713fc6325d3663400e,7a93ca15b91e245db0bbda5708a80775ac16bed02ce896b1d1e28a39103f889c,1.0,19137905.85543848,4.0,1.0,1.0,1.0,1.0,1.0,0.9,3b2b2668865a7d2b49727e8b1ca67ad7bb96e0227aca86ec2d43fbe98d68abc1,3,2,2,880401fc0c3bba19352117c418c2f3c8f251d872ca0f2cd94cce83b0aa6592d2,P4,False,False,False,Q[NONE]|F[Water+Crackers],1206053915.7849922,1206053915.7849922,0.0,4251245.965468956,0.0,4251245.965468956,h09,5,Katrina,1201802669.8195233,14886659.889969522,1186916009.9295537,1756559077.7646508,125398266.29973543,19137905.85543848,0.0,1.0,0.0,0.2221374688318297,0.0,0.7778625311681703,0.0,12622379.570875823,R0,1,0,0,False,True,False,10399999.999999996,3.725290298461914e-09,0.0,0.0,NONE,0,0,1,False,False,False,0.0,9557344.06438629,0.0,139572285.31037673,R0,1,0,0,False,True,False,114998266.29973543,1747001733.7002645,e6420441515937b4f4107e7fc0bdf3ddb1869e2eaf0672a8fdd6e82a1b3cff33,E3A,LA-0460,460,0.2,0.85,0.43151504859737283,0.6458624584238379,0.02089855666356272,0.2748583719285328,1.0,9.651482105255128e-09,531999999.99999845,654916009.9295552,False,0,152194664.88125256,False,0,0
E3A_H100_MF100,LA-0561,561,73dd93caf509846cc5710ab0f5b4d5b3114929efd58489783f34388ee3b681ab,M2,A1_FINAL_NO_MEMORY_V1,A1_FINAL_NO_MEMORY_V1_R1_WITNESS_GATED_INFEASIBLE_RETRY,certified,PASS,,,ddb994d84ca6c1b4bb63fab5a715403d2ea2baad83bc22dd5ec4b0da73f564bf,3eb5bf25b4c392fcb8fb0c03cd82c20fe8c53f684d212d05ef7cc01555f178aa,1.0,19137905.85543848,4.0,1.0,1.0,1.0,1.0,1.0,0.9,7435760f3218bf65240d7c05ed8872e51862a6ea0eb2bf6797f8838041afa333,3,2,2,1ff11772a110f926eef6a4b7ab17de558c633d4d8afd3db65bb2dc3500239aba,P4,False,False,False,Q[NONE]|F[Crackers],1220336355.344075,1220336355.344075,0.0,3326730.9306028965,3959533.441171153,7286264.3717740495,h09,5,Katrina,1213050090.972301,11851641.483664429,1201198449.4886365,1733183254.9922512,148774089.07213515,19137905.85543848,0.0,1.0,0.0,0.17382941246194547,0.2068948123728992,0.6192757751651553,0.0,0.0,NONE,1,0,0,False,False,False,0.0,10400000.0,0.0,0.0,NONE,0,1,0,False,False,False,-1.5746962017744763e-10,9557344.06438629,0.0,177482444.01423904,R2,0,0,1,False,True,False,148774089.07213515,1713225910.9278648,9753a869ac423d8427a1727887521411ab662dafdf3314337a8aa174681ed049,E3A,LA-0561,561,0.2,0.85,0.0635182755807222,0.7584525455141897,0.18126681502026,0.2380435041948869,1.0,26944320.000000004,531999999.99999845,642254129.4886379,False,0,177482444.01423904,True,0,1
E3A_H100_MF100,LA-0563,563,a93264f0e144faccdd338cf2e8d48a820c54bc1f6a529a554fd7b4af6e8e27f0,M2,A1_FINAL_NO_MEMORY_V1,A1_FINAL_NO_MEMORY_V1_R1_WITNESS_GATED_INFEASIBLE_RETRY,certified,PASS,,,a8b38c0eaeb2e0ff4f1839ac4e89e9b1d6f1a0c64c7739101d5978662a1cf43f,c32c1f6f834f6117b1b99126dabbefcd2466ecb321149fedaf142801b4a9ad5f,1.0,19137905.85543848,4.0,1.0,1.0,1.0,1.0,1.0,0.9,6a51097ef0360f3ef05ae8a27b73fd1a3ce1bf187ff81b3bd20f6ba85ad4ae00,3,2,2,e4053006c122f48c95469e7c695729bdb40caace40dfbe4a1b62822b30c8fb83,P4,False,False,False,Q[NONE]|F[Water+Crackers],1205887562.713699,1205887562.713699,0.0,4215895.937819179,0.0,4215895.937819179,h09,5,Katrina,1201671666.7758799,14922009.9176193,1186749656.8582606,1756115327.5744753,125842016.4899111,19137905.85543848,0.0,1.0,0.0,0.22029034783976298,0.0,0.779709652160237,0.0,12487768.167985333,R0,1,0,0,False,True,False,10400000.0,0.0,0.0,0.0,NONE,0,1,0,False,False,False,0.0,9557344.06438629,0.0,138616647.95872593,R0,1,0,0,False,True,False,115442016.4899111,1746557983.510089,b404d91f997f46d5f250febf907d87d57a4a22d25bb98097daeb072de1cb976f,E3A,LA-0563,563,0.2,0.85,0.08757388656339724,0.5872590451247758,0.14345862268456175,0.2308441087681334,1.0,0.0,531999999.99999845,654749656.8582621,False,0,151104416.12671125,False,0,0
E3A_H100_MF100,LA-0925,925,4dfda4bc0ee7248e080300b564d60d5217502a1f39ef08a8cf411018fa42116e,M2,A1_FINAL_NO_MEMORY_V1,A1_FINAL_NO_MEMORY_V1_R1_WITNESS_GATED_INFEASIBLE_RETRY,certified,PASS,,,ec4739311c8651af7da9cbc2f4bd879c2ca821d6d474051014d39f567c16ed44,77c99e40d35c344e62b05025b5418da1eec0553b2c31074f98c7abab17dfa2fb,1.0,19137905.85543848,4.0,1.0,1.0,1.0,1.0,1.0,0.9,0888626781255da1e6708651b7e30eae81dc78db2866f24a905c998278e4ccb0,3,2,2,1ad1b3450cfe5e5a830c452b0579569275cd65f680e548180d90d217a7555f9b,P4,False,False,False,Q[NONE]|F[Crackers],1212219792.5496643,1212219792.5496643,0.0,5561494.777961759,0.0,5561494.777961759,h09,5,Katrina,1206658297.7717025,13576411.077476716,1193081886.6942258,1711532159.1898324,170425184.87455395,19137905.855438475,3.725290298461914e-09,0.9999999999999998,0.0,0.2906010103702821,0.0,0.7093989896297177,0.0,0.0,NONE,1,0,0,False,False,False,0.0,10400000.0,0.0,0.0,NONE,0,0,1,False,False,False,0.0,9557344.06438629,0.0,296708001.3850704,R0,1,0,0,False,True,False,170425184.87455395,1691574815.125446,929eec66612a6005f838808dc5b9015f975355e844f29063b8da969dad3e4bbe,E3A,LA-0925,925,0.2,0.85,0.09913927071465317,0.41533925201332417,0.21900480334413885,0.5180545589554054,1.0,26944320.000000004,531999999.99999845,634137566.6942272,False,0,296708001.3850704,False,0,0
E3A_H100_MF100,LA-0803,803,6fab487f0e10f651a0bddc12ba6823cef3f62e8a9cc929292030385a0f8776dd,M2,A1_FINAL_NO_MEMORY_V1,A1_FINAL_NO_MEMORY_V1_R1_WITNESS_GATED_INFEASIBLE_RETRY,certified,PASS,,,de859d5841a1ca9053a3c7bcbb001f57c3fdeaf3d4ca52a8155926b858c3d90a,271ffde7009436b2b69bb211786bdf3c98f2a92fc35ca51c5846fd6c3f567cba,1.0,19137905.85543848,4.0,1.0,1.0,1.0,1.0,1.0,0.9,fdb11fa1e0d25f1224e29cccc61790ae0c15aea5db3e06afbe417392111f41ec,3,2,2,ffd371b8bc54f1ffff76451cf83d3e9db71e0466ffc19437fa7610c64781e707,P4,False,False,False,Q[NONE]|F[Crackers],1219493504.5091836,1219493504.5091836,0.0,7107158.569359632,0.0,7107158.569359632,h09,5,Katrina,1212386345.939824,12030747.286078846,1200355598.6537452,1730934933.3029337,151022410.76145273,19137905.85543848,0.0,1.0,0.0,0.3713655309543687,0.0,0.6286344690456313,0.0,0.0,NONE,1,0,0,False,False,False,0.0,10400000.0,0.0,0.0,NONE,0,0,1,False,False,False,-1.5746962017744763e-10,9557344.06438629,0.0,379169791.36575073,R0,1,0,0,False,True,False,151022410.76145273,1710977589.2385473,3fb8c9a4c45523a9baed2d0bb83621e1bba57ee4322efeb128c362288a7ce5aa,E3A,LA-0803,803,0.2,0.85,0.06595123566761622,0.8534687460145469,0.02893364728249647,0.4724502887424433,1.0,26944320.000000004,531999999.99999845,641411278.6537466,False,0,379169791.36575073,False,0,0
E3A_H100_MF100,LA-0008,8,ac30e053d86741bf9a879366d9c9e2bce5e3aae131aedc9e7814d9d440230770,M2,A1_FINAL_NO_MEMORY_V1,A1_FINAL_NO_MEMORY_V1_R1_WITNESS_GATED_INFEASIBLE_RETRY,certified,PASS,,,0b0e2ea055019e641a72fd785eee88c720c673d7300729e6139db7740d5a4cd3,d1e8240dca3ebd47a5dac04a043251a71fee898f3c213ace377a680db1ffe87a,1.0,19137905.85543848,4.0,1.0,1.0,1.0,1.0,1.0,0.9,8580b46eae36e955b16fd4e6c5d851d241ace77acfd9e220f8335259dd062907,3,2,2,926a00ca63996cd771e3b0f3606323f4f69feec9a6f7ca3b85b3b937fac62c19,P4,False,False,False,Q[NONE]|F[Vaccine],1212984531.2257493,1212984531.2257493,0.0,4575754.399239973,1148247.3473898913,5724001.746629864,h09,5,Katrina,1207260529.4791193,13413904.108808614,1193846625.3703108,1880823321.0938904,1134022.9704959686,19137905.85543848,0.0,1.0,0.0,0.2390937876799967,0.05999858898164609,0.7009076233383572,0.0,0.0,NONE,1,0,0,False,False,False,0.0,10400000.0,0.0,1644062.3739723961,R1,0,1,0,False,True,False,1134022.9704959686,8423321.09389032,0.0,0.0,NONE,1,0,0,False,False,False,0.0,1862000000.0,f3894382998270c7659df5e71e71a0dc8fbbec96e52a31d21c8b87ddb4aa2254,E3A,LA-0008,8,0.2,0.85,0.40155053831225107,0.8760158066854603,0.05018832949515882,0.17601281812712813,1.0,26944320.000000004,468875745.37031084,698026560.0,True,1,1644062.3739723961,True,1,0
E3A_H100_MF100,LA-0461,461,184b287513636ebe7bd9ca5488dcb7410b9ca7e7664c6aee5bf73b97632c0a92,M2,A1_FINAL_NO_MEMORY_V1,A1_FINAL_NO_MEMORY_V1_R1_WITNESS_GATED_INFEASIBLE_RETRY,certified,PASS,,,b63ba9f7a9ff7ed66b805c02b8c2e90ed78c127920f51ca530d5eb32544a7425,26838961e60054b1b9c52984c25c48f9b2c488d2fe30f36ae0aaf556bc0bb084,1.0,19137905.85543848,4.0,1.0,1.0,1.0,1.0,1.0,0.9,1aa34b5cef30582016403fe307800fd7185f4483af752ba748a91657c99d1b58,3,2,2,77b3c512edf1df772396b4adc65fc9099ebd82bb55fea60ad090e9592010c0a7,P4,False,False,False,Q[NONE]|F[Water+Crackers],1211693959.8080463,1211693959.8080463,0.0,5449755.320367958,0.0,5449755.320367958,h09,5,Katrina,1206244204.4876783,13688150.53507052,1192556053.9526079,1771604009.5376294,110353334.52675706,19137905.85543848,0.0,1.0,0.0,0.2847623643638776,0.0,0.7152376356361224,0.0,17597642.906037983,R0,1,0,0,False,True,False,10399999.999999996,1.862645149230957e-09,0.0,0.0,NONE,0,0,1,False,False,False,0.0,9557344.06438629,0.0,169129143.10284883,R0,1,0,0,False,True,False,99953334.52675706,1762046665.473243,fe38031da94d9bb66dcc6fe671c02e1379cf4345342916bd1ec697130bb0387b,E3A,LA-0461,461,0.2,0.85,0.42028508237716716,0.793993726103855,0.29348421679088105,0.3822695466142053,1.0,4.825741052627564e-09,531999999.99999845,660556053.9526093,False,0,186726786.0088868,False,0,0
E3A_H100_MF100,LA-0873,873,62d8f2da72996ab47088a679ce3531db4fe4083b6480d3cf8e951b952bac03ae,M2,A1_FINAL_NO_MEMORY_V1,A1_FINAL_NO_MEMORY_V1_R1_WITNESS_GATED_INFEASIBLE_RETRY,certified,PASS,,,ef56a93dacb21f375bb5f94291c2228c770fde0956366e69216487b98861066a,823c0a28815d78a6dd6d4843a315fa9063da542b91298ff373644962955635e4,1.0,19137905.85543848,4.0,1.0,1.0,1.0,1.0,1.0,0.9,7a0e50459cf6544f73d4e8987a9be12734369dd2b5854eb3fe7cf3e3e47d0a53,3,2,2,d67d4a5d2dc52496962f41ddd33685a734ad4546aa5653e7144916f2a0ab42f8,P4,False,False,False,Q[NONE]|F[Vaccine],1222629811.2766676,1222629811.2766676,0.0,3704948.8178335456,4068674.9396164347,7773623.757449981,h09,5,Katrina,1214856187.5192177,11364282.097988497,1203491905.4212291,1880996597.8984842,960746.1659020084,19137905.85543848,0.0,1.0,0.0,0.19359217491294634,0.21259770898393393,0.5938101161031197,0.0,0.0,NONE,1,0,0,False,False,False,0.0,10400000.0,0.0,1331183.104999118,R2,0,0,1,False,True,False,960746.1659020084,8596597.89848428,0.0,0.0,NONE,1,0,0,False,False,False,0.0,1862000000.0,a9120e56d15562bc9733f54f58b43bbb7de92494c067eada4d427c3bdbead2f6,E3A,LA-0873,873,0.2,0.85,0.17486233109083713,0.597508146719498,0.06318701127876532,0.2196346097971511,1.0,26944320.000000004,478521025.421229,698026560.0,True,2,1331183.104999118,True,0,1
E3A_H100_MF100,LA-0954,954,438bf8be3d7ba9f599cb016202b889d00632d54bb6ceb410e293bdec8e8727ce,M2,A1_FINAL_NO_MEMORY_V1,A1_FINAL_NO_MEMORY_V1_R1_WITNESS_GATED_INFEASIBLE_RETRY,certified,PASS,,,524453a5322cea4223b1f87a599509e80904a16c9a1cbc6c674f28605ad6dc66,ad9b098236d14d20241785737a2bdcf7ac151534d1c59636d6d8242b84fd0c39,1.0,19137905.85543848,4.0,1.0,1.0,1.0,1.0,1.0,0.9,d5e586dcba20bbf77c9bba1b352a880d68a22409c08556c7682bb0c3303623c8,3,2,2,8e26c3d296665c99a8babcfcfdea5ee6af6c00124439071a3591a11f4625db43,P4,False,False,False,Q[NONE]|F[Vaccine],1208002007.762872,1208002007.762872,0.0,4665215.510768451,0.0,4665215.510768451,h09,5,Katrina,1203336792.2521036,14472690.344670026,1188864101.9074335,1880733810.39644,1223533.6679463356,19137905.85543848,0.0,1.0,0.0,0.24376833839647727,0.0,0.7562316616035226,0.0,0.0,NONE,1,0,0,False,False,False,0.0,10400000.0,0.0,1676205.6304859335,R0,1,0,0,False,True,False,1223533.6679463356,8333810.396439954,0.0,0.0,NONE,1,0,0,False,False,False,0.0,1862000000.0,1d486f8c84eeb32cc6cdb7f9e7895ab81cbbd765e61408e4bfc8a6b9513e6bd1,E3A,LA-0954,954,0.2,0.85,0.12217440185118392,0.8496280730820656,0.07551511280044323,0.21815677702646472,1.0,26944320.000000004,463893221.90743357,698026560.0,False,0,1676205.6304859335,False,0,0
E3A_H100_MF100,LA-0631,631,07d3cad6cf5a0d9c3c1ef47e5f6e9390bfdc4304c3135b83808496244f25881a,M2,A1_FINAL_NO_MEMORY_V1,A1_FINAL_NO_MEMORY_V1_R1_WITNESS_GATED_INFEASIBLE_RETRY,certified,PASS,,,1a21070fbc87652965ec86bb61d4c9d2f51ae3df9d9e21f724dc1a212e97fc94,7d4d3dc074c38006b6ce940719ba062b655fab53a097782e90a45a2e73f63d99,1.0,19137905.85543848,4.0,1.0,1.0,1.0,1.0,1.0,0.9,31d5dea5f809396f03d30f0dc563de01b418a956500181c47279bc80aac8c182,3,2,2,7faae37749d5d9dc5eccd5a59840d916f8db3da7d450702b6ef8bb1c64afc9aa,P4,False,False,False,Q[NONE]|F[Water+Crackers],1208687745.4556606,1208687745.4556606,0.0,4810934.77048602,0.0,4810934.77048602,h09,5,Katrina,1203876810.6851745,14326971.084952459,1189549839.600222,1763584871.807194,118372472.25719236,19137905.85543848,0.0,1.0,0.0,0.2513825079309229,0.0,0.7486174920690771,0.0,14842168.354678974,R0,1,0,0,False,True,False,10400000.0,0.0,0.0,0.0,NONE,0,0,1,False,False,False,0.0,9557344.06438629,0.0,154090924.12616864,R0,1,0,0,False,True,False,107972472.25719236,1754027527.7428076,323d1a8ae1ec78b16b1180af9d2b0dde02d2e9cf670fe2827c5809611d19048f,E3A,LA-0631,631,0.2,0.85,0.2713507134788072,0.8441539397161425,0.024820528118103535,0.5923122379562431,1.0,0.0,531999999.99999845,657549839.6002237,False,0,168933092.4808476,False,0,0
E3A_H100_MF100,LA-0266,266,eab26d7ebf4c5345cb3622197d28a1aedea07a1f2294362c05938c5a511198f7,M2,A1_FINAL_NO_MEMORY_V1,A1_FINAL_NO_MEMORY_V1_R1_WITNESS_GATED_INFEASIBLE_RETRY,certified,PASS,,,a69fd3733c434b56f174cbaa4e5973f4a6c6f9250ad5b9ad4efbea9fd9dc20ea,b6242f1e19c216bfb53987e7a3ffef2332d26a1d6a38938a60b8cf3d9ba71f44,1.0,19137905.85543848,4.0,1.0,1.0,1.0,1.0,1.0,0.9,f42ebbb573e3a1999153af631a630e2fcd5e5c686efdea687373a4e76c884537,3,2,2,b3720575352208274bf6db62190f8e2e099325196cdae0cc1a75c1996189776b,P4,False,False,False,Q[NONE]|F[Water+Crackers],1211277103.9532819,1211277103.9532819,0.0,5361173.451230503,0.0,5361173.451230503,h09,5,Katrina,1205915930.5020514,13776732.404207975,1192139198.0978434,1770492038.094062,111465305.97032432,19137905.85543848,0.0,1.0,0.0,0.2801337561030483,0.0,0.7198662438969516,0.0,17200295.366992086,R0,1,0,0,False,True,False,10399999.999999996,1.862645149230957e-09,0.0,0.0,NONE,0,0,1,False,False,False,0.0,9557344.06438629,0.0,167149337.888943,R0,1,0,0,False,True,False,101065305.97032432,1760934694.0296757,9c70e080529ba0df4294a7664c1672b7c256b508ff954e6c182b16bc70744840,E3A,LA-0266,266,0.2,0.85,0.3925361944113215,0.8938907253205162,0.27372118673023593,0.4233586481146314,1.0,4.825741052627564e-09,531999999.99999845,660139198.0978448,False,0,184349633.25593507,False,0,0
E3A_H100_MF100,LA-0537,537,8cc3f0d9b6151900abab4598bd88273e02d9ec429f1852718dda2b1fe78019b9,M2,A1_FINAL_NO_MEMORY_V1,A1_FINAL_NO_MEMORY_V1_R1_WITNESS_GATED_INFEASIBLE_RETRY,certified,PASS,,,7d0873a518c73631a94636e08b913e91fd9a295a27db4d398ab9ffa745758105,1cc6606d6191a800354fc88f7c280d0bc279cd02c433d1372c3f8b396abe6f47,1.0,19137905.85543848,4.0,1.0,1.0,1.0,1.0,1.0,0.9,27b4b46e53ebba22852a2df4c133f55d23df2e1b152fe3b78ab3deb26c4e87a4,3,2,2,0f775316d0f10433cb62cd8f18f3fc4eaa3f74252b480dd5a454f8b6f775d054,P4,False,False,False,Q[NONE]|F[Vaccine],1215092316.2818146,1215092316.2818146,0.0,3376035.3067231616,2795870.764320572,6171906.0710437335,h09,5,Katrina,1208920410.2107708,12965999.784394743,1195954410.426376,1880861187.3100455,1096156.7543407287,19137905.85543848,0.0,1.0,0.0,0.17640568054961892,0.14609073664797345,0.6775035828024075,0.0,0.0,NONE,1,0,0,False,False,False,0.0,10400000.0,0.0,1213004.9248071145,R2,0,0,1,False,True,False,1096156.7543407287,8461187.31004556,0.0,0.0,NONE,1,0,0,False,False,False,0.0,1862000000.0,266a0f0cc70a8ccb8c69d3864eef1bbf79c8648be53958fcbe3ee20401658a0b,E3A,LA-0537,537,0.2,0.85,0.262460457707116,0.8272068904133203,0.09747714087405816,0.1656304220961654,1.0,26944320.000000004,470983530.4263761,698026560.0,True,2,1213004.9248071145,True,0,1
E3A_H100_MF100,LA-0751,751,79eef204de41371d5e89de96ebce35f83affc3181b8f7c142fb847c7e50dc8c9,M2,A1_FINAL_NO_MEMORY_V1,A1_FINAL_NO_MEMORY_V1_R1_WITNESS_GATED_INFEASIBLE_RETRY,certified,PASS,,,44bff2e69fbc2cd947f4c899770b0c4674c508312abd053d786bf5a3ca2783b9,3649144ce1160955251b813e3aaffa14f15f3a42acc5f8dd87bee2320c9854f4,1.0,19137905.85543848,4.0,1.0,1.0,1.0,1.0,1.0,0.9,93721c990e8f977f94711c0e4947e5fded243ce2a22c453d12a060d6310a55ef,3,2,2,0107448e9d5f6b4184d74417872bbc891632a5092198d122552c76017ec1c1a7,P4,False,False,False,Q[NONE]|F[Water+Vaccine],1206429460.941977,1206429460.941977,0.0,4331049.311328234,0.0,4331049.311328234,h09,5,Katrina,1202098411.6306489,14806856.544110242,1187291555.0865386,1870789612.5877864,11167731.476599956,19137905.85543848,0.0,1.0,0.0,0.22630737887643368,0.0,0.7736926211235662,0.0,12928630.664477833,R0,1,0,0,False,True,False,10400000.0,0.0,0.0,954395.8375437539,R0,1,0,0,False,True,False,767731.4765999563,8789612.587786334,0.0,0.0,NONE,1,0,0,False,False,False,0.0,1862000000.0,08f4cf17245dc08274c0351284caceea7e606bf8d72058648006d7c80840f0c3,E3A,LA-0751,751,0.2,0.85,0.37340390188265665,0.5520823094325802,0.02910353734972749,0.1622268536915274,1.0,0.0,489264995.0865385,698026560.0,False,0,13883026.502021587,False,0,0
E3A_H100_MF100,LA-0580,580,a98d8839ce3abc6204fb767fc7db0c8ec24dcf5c8ad37f4de32f87180ccd655c,M2,A1_FINAL_NO_MEMORY_V1,A1_FINAL_NO_MEMORY_V1_R1_WITNESS_GATED_INFEASIBLE_RETRY,certified,PASS,,,aa4f324acfef7c359d2e6f58f4df78223dddac9b18e50f38a362eb05a28f51f3,872339c48fc49e0f05b22e78e85ef4ed597b32c8cb7e23eb229cb7cf849fc646,1.0,19137905.85543848,4.0,1.0,1.0,1.0,1.0,1.0,0.9,41ad86e4d1e0cbeebae822785c6b502f7579acfed3bc289b3578dc00a00dba46,3,2,2,7db4311ee23c2ac3ddcd74bdfb37666ff390a571f24fff6a99f09411f0d80861,P4,False,False,False,Q[NONE]|F[Water+Crackers],1208472998.0607955,1208472998.0607955,0.0,4765300.949077209,0.0,4765300.949077209,h09,5,Katrina,1203707697.1117184,14372604.906361267,1189335092.205357,1763012028.7777846,118945315.28660175,19137905.85543848,0.0,1.0,0.0,0.24899803484627547,0.0,0.7510019651537244,0.0,14654706.180366103,R0,1,0,0,False,True,False,10400000.0,0.0,0.0,0.0,NONE,0,1,0,False,False,False,-1.5746962017744763e-10,9557344.06438629,0.0,152951894.49811056,R0,1,0,0,False,True,False,108545315.28660175,1753454684.7133982,a116bca33585cf02d9539f77b5b5abd9330222e3611c4ef0c0039c39229721ef,E3A,LA-0580,580,0.2,0.85,0.4684483224446508,0.5338642651517357,0.2785590601569551,0.5443815810904846,1.0,0.0,531999999.99999845,657335092.2053587,False,0,167606600.67847666,False,0,0
E3A_H100_MF100,LA-0675,675,491bf922be7d5f940c1e726f7e4f8777f0e67c2e6ae75e5a5691e8204bcba683,M2,A1_FINAL_NO_MEMORY_V1,A1_FINAL_NO_MEMORY_V1_R1_WITNESS_GATED_INFEASIBLE_RETRY,certified,PASS,,,aa858a162d1b577e5e64e94fbf890386445bd252fd9b2a121f440361f83bb5cf,6fe6ba4a79ddf6336af48539840e000469b2a978f891e4b3c0e386e19903b599,1.0,19137905.85543848,4.0,1.0,1.0,1.0,1.0,1.0,0.9,d04fb904f6c043e05bda7c15aa60e7a716885b27ea230bda36f706e36724351e,3,2,2,0edf91442d920539a0d491a3deab4c75f586e3ea6ba20ac67e6cb0490e2e1015,P4,False,False,False,Q[NONE]|F[Vaccine],1213710242.612738,1213710242.612738,0.0,4634915.433837633,1243299.9825273186,5878215.416364951,h09,5,Katrina,1207832027.196373,13259690.439073525,1194572336.7572994,1880836358.449937,1120985.6144491762,19137905.85543848,0.0,1.0,0.0,0.24218508905040487,0.06496530978461294,0.6928496011649821,0.0,0.0,NONE,1,0,0,False,False,False,0.0,10400000.0,0.0,1665318.8537789711,R1,0,1,0,False,True,False,1120985.6144491762,8436358.449937113,0.0,0.0,NONE,1,0,0,False,False,False,0.0,1862000000.0,06037cb4f828765dd2eca14df41042a034c1394268845b1c0774b70c04b4d141,E3A,LA-0675,675,0.2,0.85,0.4480087620982365,0.6553546622725479,0.053649306024031895,0.17249694763791715,1.0,26944320.000000004,469601456.7572994,698026560.0,True,1,1665318.8537789711,True,1,0
E3A_H100_MF100,LA-0291,291,9c295c9cdc825318f593bdb2682c866fda5557c46098cfc294a300c2218d33e5,M2,A1_FINAL_NO_MEMORY_V1,A1_FINAL_NO_MEMORY_V1_R1_WITNESS_GATED_INFEASIBLE_RETRY,certified,PASS,,,3459a78fbc3158a9109c12eb47f64b4aa16b617fcdb6ed22fa154f2216d2aa67,5b9ba5e860fc78fc1a0854f39fe4e7a0be7dfa50984a99f7fb0dfa455df153a3,1.0,19137905.85543848,4.0,1.0,1.0,1.0,1.0,1.0,0.9,3d0cbee15ce32bbd888585002629f855fa10198008acd9f378aa008ca0f95553,3,2,2,6099d4842397526df56e03ca8544d68bedbace15560c8632d1c916a9893dc463,P4,False,False,False,Q[NONE]|F[Crackers],1216864818.8148272,1216864818.8148272,0.0,6548562.859308886,0.0,6548562.859308886,h09,5,Katrina,1210316255.9555182,12589342.996129591,1197726912.9593887,1723922860.9214878,158034483.14289865,19137905.85543848,0.0,1.0,0.0,0.3421776086043375,0.0,0.6578223913956625,0.0,0.0,NONE,1,0,0,False,False,False,0.0,10400000.0,0.0,0.0,NONE,1,0,0,False,False,False,0.0,9557344.06438629,0.0,349368483.74460554,R0,1,0,0,False,True,False,158034483.14289865,1703965516.8571014,cd4bb8dc79de4eb4ddb50fa8d5de3b6e435ce0738d894af3f3f1f58635800295,E3A,LA-0291,291,0.2,0.85,0.3387362922511368,0.41247962896139034,0.18821847936479444,0.5439089145690615,1.0,26944320.000000004,531999999.99999845,638782592.9593902,False,0,349368483.74460554,False,0,0
E3A_H100_MF100,LA-0482,482,0bd992751094c8330bc67c579f397c5ba346cdd3b763d1659766bf862c8572cc,M2,A1_FINAL_NO_MEMORY_V1,A1_FINAL_NO_MEMORY_V1_R1_WITNESS_GATED_INFEASIBLE_RETRY,certified,PASS,,,c95e3a70a52985a51f52f989c28e61cd56d59857acd03c295b0dc863f21ecd9a,39dacc9fd4068eac1b7f37c13c6e3ef11c6a4ac459ae2e02437b5d008b228a8a,1.0,19137905.85543848,4.0,1.0,1.0,1.0,1.0,1.0,0.9,f4a94dfb1bacef548bc5a42485f22e1f42a48986ba299faa29d08beec7a155a7,3,2,2,29aa40d7a43a806f088397827015bf0671473073fb42f580e0f5330408fad0ef,P4,False,False,False,Q[NONE]|F[Crackers],1210001995.2557666,1210001995.2557666,0.0,5090212.853008517,0.0,5090212.853008517,h09,5,Katrina,1204911782.4027581,14047693.002429962,1190864089.4003282,1705616139.9466143,176341204.11777213,19137905.85543848,0.0,1.0,0.0,0.2659754359467713,0.0,0.7340245640532287,0.0,0.0,NONE,1,0,0,False,False,False,0.0,10400000.0,0.0,0.0,NONE,0,1,0,False,False,False,0.0,9557344.06438629,0.0,271564919.60139334,R0,1,0,0,False,True,False,176341204.11777213,1685658795.882228,cdbe054fa2fde6163466cbac38a093cfb3e609aa79f6fcb152fe8ff3e94ff57d,E3A,LA-0482,482,0.2,0.85,0.052549703864260236,0.48233841085825246,0.26211795807159194,0.4832220446723461,1.0,26944320.000000004,531999999.99999845,631919769.4003296,False,0,271564919.60139334,False,0,0
E3A_H100_MF100,LA-0568,568,892be4e601bc7b28e19d70e67c8042fbb6425f462aefb05dc2f00fdb6d1c8992,M2,A1_FINAL_NO_MEMORY_V1,A1_FINAL_NO_MEMORY_V1_R1_WITNESS_GATED_INFEASIBLE_RETRY,certified,PASS,,,748ad78413f90fce5ea93394b75c68df16dc857a1bc916b2a54f301651f951bf,a47ebcccca161e17e52bae11f2266001b4f2a09f9ce25fb2fc3fb2603f395ae1,1.0,19137905.85543848,4.0,1.0,1.0,1.0,1.0,1.0,0.9,b800f93d3dd5fe97200ae63a80c82ecb1b6fc69b8c04a51e51817c59ecd9edb0,3,2,2,82e057aed340ec44fcdb84b0e5fbcab38c1dbefcfddb6b1a7f83e125efdfd3d6,P4,False,False,False,Q[NONE]|F[Water+Vaccine],1221097797.3698723,1221097797.3698723,0.0,7448070.802255998,0.0,7448070.802255998,h09,5,Katrina,1213649726.5676162,11689835.053182479,1201959891.5144339,1871053128.2608945,10904215.803491747,19137905.85543848,0.0,1.0,0.0,0.38917898638003057,0.0,0.6108210136199694,0.0,28161623.15054149,R0,1,0,0,False,True,False,10400000.0,0.0,0.0,1365339.9465848135,R0,1,0,0,False,True,False,504215.80349174695,9053128.260894543,0.0,0.0,NONE,1,0,0,False,False,False,0.0,1862000000.0,4788feb95552d0051b1700d05910183eec2d73296bbdec712fd18ac4987381e4,E3A,LA-0568,568,0.2,0.85,0.28417328567779104,0.6398827879964215,0.17419723481069302,0.22423921241840816,1.0,0.0,503933331.5144338,698026560.0,False,0,29526963.097126305,False,0,0
E3A_H100_MF100,LA-0800,800,ff13f8d0dba72ef747962df03f8dcb74640d3949112a9474ed7f575d1b65b818,M2,A1_FINAL_NO_MEMORY_V1,A1_FINAL_NO_MEMORY_V1_R1_WITNESS_GATED_INFEASIBLE_RETRY,certified,PASS,,,e000bf2e8d2257ae462e6d2f1f4be0be3be39fe7d65b3326504bf8df2f624513,5850a547ae4aaf5f876b641cb389557f8c0ed8af171a7142f226ff38fd1673a2,1.0,19137905.85543848,4.0,1.0,1.0,1.0,1.0,1.0,0.9,5448b0160c9686b151baf70a1f251fe5f10ef29d91d918fbb70241f6b67b7b65,3,2,2,cc8cbd9779a6786c2f3dcd3d2eca31b179b5f3289967a438e0ff96e4f73c4588,P4,False,False,False,Q[NONE]|F[Crackers],1206960625.5867417,1206960625.5867417,0.0,4443921.7983407155,0.0,4443921.7983407155,h09,5,Katrina,1202516703.788401,14693984.057097763,1187822719.7313032,1697503224.6963344,184454119.36805207,19137905.85543848,0.0,1.0,0.0,0.23220522829972395,0.0,0.7677947717002761,0.0,0.0,NONE,1,0,0,False,False,False,0.0,10400000.0,0.0,0.0,NONE,0,1,0,False,False,False,0.0,9557344.06438629,0.0,237085029.78770354,R0,1,0,0,False,True,False,184454119.36805207,1677545880.631948,7f9b8c0fe0b8f1d82c983ddb7832523270c97b1e9332a6e79af1c6ef697d0f18,E3A,LA-0800,800,0.2,0.85,0.11765877151927667,0.45403579254563464,0.26146636126809164,0.32413834277891074,1.0,26944320.000000004,531999999.99999845,628878399.7313046,False,0,237085029.78770354,False,0,0
E3A_H100_MF100,LA-0187,187,ebee8966197c6778cdfd3c9b74795a537c827852e85459ac6b6a5f4b809fd5f9,M2,A1_FINAL_NO_MEMORY_V1,A1_FINAL_NO_MEMORY_V1_R1_WITNESS_GATED_INFEASIBLE_RETRY,certified,PASS,,,5b304c010c6f238a26a59b5aaa697bbd2638e2b784a1b670cc8d7e5dab0c7aff,a7c8a83bc3960d787a73a8a44352e6f8145af255268c331de05f3fec82ad4118,1.0,19137905.85543848,4.0,1.0,1.0,1.0,1.0,1.0,0.9,d7c82bffaff312979872e33543e1b418f48637969f2f0983b00a3dada402b992,3,2,2,f4eedb6aa00f24a8f3bdd1c4dbdb70ead271bbfcf82072e4e9ad8386bac0a895,P4,False,False,False,Q[NONE]|F[Crackers],1205956358.0640857,1205956358.0640857,0.0,4230514.94977637,0.0,4230514.94977637,h09,5,Katrina,1201725843.1143093,14907390.905662108,1186818452.2086473,1694824320.7199798,187133023.3444065,19137905.85543848,0.0,1.0,0.0,0.22105422514523299,0.0,0.778945774854767,0.0,0.0,NONE,1,0,0,False,False,False,0.0,10400000.0,0.0,0.0,NONE,0,1,0,False,False,False,0.0,9557344.06438629,0.0,225699687.8881973,R0,1,0,0,False,True,False,187133023.3444065,1674866976.6555934,6f537db8ec66031bfda95fa9a79209e7b2c64e5a616d43244a3c45f92a6725ba,E3A,LA-0187,187,0.2,0.85,0.44500228601364344,0.8302393001860804,0.28621804020922553,0.348381098575845,1.0,26944320.000000004,531999999.99999845,627874132.2086488,False,0,225699687.8881973,False,0,0
E3A_H100_MF100,LA-0814,814,40c804a4dfd5fd80fb434378b2ece88893d2f079a5368913575cd0db54d7c969,M2,A1_FINAL_NO_MEMORY_V1,A1_FINAL_NO_MEMORY_V1_R1_WITNESS_GATED_INFEASIBLE_RETRY,certified,PASS,,,ed43638c724fe85db9a9a149673719e49fafa976bd64f5877def1c7785e1e5e0,b712d36ea31108a355f1d0d04c024bb222825461a1bf2e5771331adaffb33f7e,1.0,19137905.85543848,4.0,1.0,1.0,1.0,1.0,1.0,0.9,4e979bf631ea1744f1eb6672f6e018aa0e38cc96a25afe0b9a665bf8bf23183f,3,2,2,15b5a81bd77bc3edf0da608caf03ded7046b1e201eee212bc3ac248dd76e3c8a,P4,False,False,False,Q[NONE]|F[Crackers],1215348203.91952,1215348203.91952,0.0,6226282.194056119,0.0,6226282.194056119,h09,5,Katrina,1209121921.7254639,12911623.661382359,1196210298.0640814,1719877259.9416885,162080084.1226979,19137905.85543848,0.0,1.0,0.0,0.3253376958318967,0.0,0.6746623041681032,0.0,0.0,NONE,1,0,0,False,False,False,0.0,10400000.0,0.0,0.0,NONE,0,1,0,False,False,False,0.0,9557344.06438629,0.0,332174679.58045876,R0,1,0,0,False,True,False,162080084.1226979,1699919915.8773022,29ee5a46a22a5ac18c0316cbfec0706c7a609f1be6f8b1cbfe504d740ce08ff1,E3A,LA-0814,814,0.2,0.85,0.05878757847919924,0.7088646892953177,0.1639006505627557,0.563218442579683,1.0,26944320.000000004,531999999.99999845,637265978.064083,False,0,332174679.58045876,False,0,0
E3A_H100_MF100,LA-0420,420,44dd35ee7eec6c0c01e88ef4a6c5181d8ca1090dd72c4a0bc9649023e3942e24,M2,A1_FINAL_NO_MEMORY_V1,A1_FINAL_NO_MEMORY_V1_R1_WITNESS_GATED_INFEASIBLE_RETRY,certified,PASS,,,b45dc3708c7a375ffde86bb9508cdf8d19f0373040391d3feab2d4ca73cc561c,05df21329d966b72a8dd35eecea17a5686aa910cc1ef71f817e294ebf0a1e4bb,1.0,19137905.85543848,4.0,1.0,1.0,1.0,1.0,1.0,0.9,bac80043f1191fd369002f546ed6e666361f790113017abdbb5888f7c37847fc,3,2,2,f7a40d095dc0e59f2ee2039b3a3b9c1b444907737e1aba3fd4c66c2839eecca3,P4,False,False,False,Q[NONE]|F[Crackers],1216120023.2413096,1216120023.2413096,0.0,6390293.799936438,0.0,6390293.799936438,h09,5,Katrina,1209729729.441373,12747612.05550204,1196982117.3858712,1721936103.6297746,160021240.43461174,19137905.85543848,0.0,1.0,0.0,0.3339076829098565,0.0,0.6660923170901435,0.0,0.0,NONE,1,0,0,False,False,False,0.0,10400000.0,0.0,0.0,NONE,0,1,0,False,False,False,0.0,9557344.06438629,0.0,340924765.2548249,R0,1,0,0,False,True,False,160021240.43461174,1701978759.5653882,5655c547a82b740596a534a913412b68d04b1a2123757eaa773a69b0e747f77f,E3A,LA-0420,420,0.2,0.85,0.3600300854633973,0.46356756336401905,0.2658767570742998,0.4419827035897731,1.0,26944320.000000004,531999999.99999845,638037797.3858727,False,0,340924765.2548249,False,0,0
E3A_H100_MF100,LA-0222,222,b4857d22595373a3c8a611d1ebdf1d18a9f544bc795d256727fccea25734b07a,M2,A1_FINAL_NO_MEMORY_V1,A1_FINAL_NO_MEMORY_V1_R1_WITNESS_GATED_INFEASIBLE_RETRY,certified,PASS,,,1375cedf0aa65ea4f830cbbb9894a102d970beffe4cd45498fe02a943101625a,cee470f70d814c0d6f1de0e6e54fddf475d34eadcee7ea9e1852944fa1e137bf,1.0,19137905.85543848,4.0,1.0,1.0,1.0,1.0,1.0,0.9,d2e531a715c2e4c533f01c45220e53a6141e304967a630e9a65a94b35235fdab,3,2,2,49277d88aa8e8836054f3cd6f223f09db139917aaadc446226afd93118248715,P4,False,False,False,Q[NONE]|F[Vaccine],1213191387.473148,1213191387.473148,0.0,4819690.055860417,948268.6433416817,5767958.699202099,h09,5,Katrina,1207423428.773946,13369947.15623638,1194053481.6177096,1880827037.252402,1130306.811984206,19137905.85543848,0.0,1.0,0.0,0.2518399919127406,0.0495492375448283,0.6986107705424311,0.0,0.0,NONE,1,0,0,False,False,False,0.0,10400000.0,0.0,1731708.1258480945,R1,0,1,0,False,True,False,1130306.811984206,8427037.252402084,0.0,0.0,NONE,1,0,0,False,False,False,0.0,1862000000.0,6db0bcd15f605eef1dddfd0d3e7264084c7c29a92cf50db4924fcf7181afec2b,E3A,LA-0222,222,0.2,0.85,0.4997586661539175,0.6931857731630131,0.03934977695043486,0.20241242061447356,1.0,26944320.000000004,469082601.61770964,698026560.0,True,1,1731708.1258480945,True,1,0
E3A_H100_MF100,LA-0513,513,71004c4d3556ea462a974d757473e7bb255c893ad63b556eea83e286aadfae44,M2,A1_FINAL_NO_MEMORY_V1,A1_FINAL_NO_MEMORY_V1_R1_WITNESS_GATED_INFEASIBLE_RETRY,certified,PASS,,,e5aa7a1e7c7e143554e39ba5cdf5a3c63dc26c9a22d19e2fc9fe63981508491d,c5aa270e3b299d3075f66d3e7a25d095575f83c01e15a23d73a2f7dc63af456e,1.0,19137905.85543848,4.0,1.0,1.0,1.0,1.0,1.0,0.9,20686eb987b941c6fbf6820401bdda77ed5b9a9ffe115fa26d4324dd0dc51819,3,2,2,97a7e8ed1d2f89a562f2828bbaca9009cde73d5fc10c09d4a9135b42f28a85bc,P4,False,False,False,Q[NONE]|F[Vaccine],1208775921.9103281,1208775921.9103281,0.0,4166229.93028597,663442.3368168665,4829672.267102837,h09,5,Katrina,1203946249.6432254,14308233.588335643,1189638016.0548897,1880747713.7118225,1209630.3525637558,19137905.85543848,0.0,1.0,0.0,0.2176951836714172,0.03466640194743847,0.7476384143811444,0.0,0.0,NONE,1,0,0,False,False,False,0.0,10400000.0,0.0,1496920.7855295953,R1,0,1,0,False,True,False,1209630.3525637558,8347713.711822534,0.0,0.0,NONE,1,0,0,False,False,False,0.0,1862000000.0,d03b1be59dd77176f3f44f530f64ff494ce18324f1059a13d948b96b0b697083,E3A,LA-0513,513,0.2,0.85,0.4338377532018387,0.4992421251277078,0.03184857043026081,0.1662946604049092,1.0,26944320.000000004,464667136.05488956,698026560.0,True,1,1496920.7855295953,True,1,0
E3A_H100_MF100,LA-0061,61,cd7ba256524cb036f33013c1005baf2ca2bf23e5fdc7a9fa10871d5c2a2e0738,M2,A1_FINAL_NO_MEMORY_V1,A1_FINAL_NO_MEMORY_V1_R1_WITNESS_GATED_INFEASIBLE_RETRY,certified,PASS,,,900d36aaf428cf0b4a86d492399b010d648a3debe749f7d3ae90b22289e737c7,daa8b3e265002fd5f2669fc635ced95e5886a2081d347fce6d27dbda1657aee8,1.0,19137905.85543848,4.0,1.0,1.0,1.0,1.0,1.0,0.9,d92dd2d92a88dc6c677f780887a05957e27fd411a3be4a269f41a4adc6ba3523,3,2,2,9b44261be81722510140ef14000036c22356742ef8224a73609315ef883fa71f,P4,False,False,False,Q[NONE]|F[Crackers],1212633862.170495,1212633862.170495,0.0,5649484.572388304,0.0,5649484.572388304,h09,5,Katrina,1206984377.5981066,13488421.283050174,1193495956.3150566,1712636698.2978957,169320645.7664906,19137905.85543848,0.0,1.0,0.0,0.29519868135326166,0.0,0.7048013186467383,0.0,0.0,NONE,1,0,0,False,False,False,0.0,10400000.0,0.0,0.0,NONE,0,1,0,False,False,False,0.0,9557344.06438629,0.0,301402292.5943397,R0,1,0,0,False,True,False,169320645.7664906,1692679354.2335093,ab9666a0fb28594ac60b858611befbae0dde13cc1f6ade32126e6fb0551058b9,E3A,LA-0061,61,0.2,0.85,0.25624123373099766,0.6293011032640629,0.2892450389955223,0.5856774135804024,1.0,26944320.000000004,531999999.99999845,634551636.315058,False,0,301402292.5943397,False,0,0
E3A_H100_MF100,LA-0619,619,9298f5fa007a94c43db3240911aa6dfca9adba39438ecaaf7df189147ae08773,M2,A1_FINAL_NO_MEMORY_V1,A1_FINAL_NO_MEMORY_V1_R1_WITNESS_GATED_INFEASIBLE_RETRY,certified,PASS,,,40bda57f896625f5f79712b43e6bde326c3c15f94d2cc23d47a3c3c346384316,911fa6345d610d42b0bdf009772aa2479ce99e1a51430ed90a5d6cc38522f848,1.0,19137905.85543848,4.0,1.0,1.0,1.0,1.0,1.0,0.9,911a976572aac831dca6dbb874a75182de8c193fbdd7769f1d46bf41a1973824,3,2,2,bc65038a81d20caf609914f6d78e41cf204292191f03335d2580e934bf799460,P4,False,False,False,Q[NONE]|F[Crackers],1209555687.30815,1209555687.30815,0.0,4995372.414140014,0.0,4995372.414140014,h09,5,Katrina,1204560314.89401,14142533.441298464,1190417781.4527116,1704425604.4482775,177531739.61610886,19137905.85543848,0.0,1.0,0.0,0.261019802891363,0.0,0.7389801971086369,0.0,0.0,NONE,1,0,0,False,False,False,0.0,10400000.0,0.0,0.0,NONE,0,0,1,False,False,False,0.0,9557344.06438629,0.0,266505143.7334621,R0,1,0,0,False,True,False,177531739.61610886,1684468260.383891,f6aab999d68ad86f8d4fbf96f5f6d647a98ca985d2ec52d379b0744e03002f5a,E3A,LA-0619,619,0.2,0.85,0.41207665902695056,0.889100792432223,0.1193219829661832,0.224295106869719,1.0,26944320.000000004,531999999.99999845,631473461.4527131,False,0,266505143.7334621,False,0,0
E3A_H100_MF100,LA-0234,234,8e316c08f7d87d64aec2e3e6f08cf315a53267d5c84dae77db84879e2cf7e9b1,M2,A1_FINAL_NO_MEMORY_V1,A1_FINAL_NO_MEMORY_V1_R1_WITNESS_GATED_INFEASIBLE_RETRY,certified,PASS,,,b04d9d1c0da5c0eb40ac6712a0ab4f6a946f08bae85e86f8f0ce2e8cd791d0f8,0c63e5162dd9e278c38e84a79eee7f585849abb4282224667332c8e42257f9b5,1.0,19137905.85543848,4.0,1.0,1.0,1.0,1.0,1.0,0.9,ec7b2076cdb7002d7b1bcfe0591d1f5405c2ddf0d036dab0119c33d8dac5d440,3,2,2,e38c606ee3c618d7ab7d35ab934fa5a7206ac840d23c5f623d550ed7965f9542,P4,False,False,False,Q[NONE]|F[Vaccine],1219361755.348866,1219361755.348866,0.0,5195950.565725268,1883211.3070669104,7079161.872792179,h09,5,Katrina,1212282593.4760737,12058743.9826463,1200223849.4934275,1880937887.4944925,1019456.5698938421,19137905.85543848,0.0,1.0,0.0,0.2715004768533083,0.09840216172511645,0.6300973614215752,0.0,0.0,NONE,1,0,0,False,False,False,0.0,10400000.0,0.0,1866898.0187285382,R1,0,1,0,False,True,False,1019456.5698938421,8537887.494492447,0.0,0.0,NONE,1,0,0,False,False,False,0.0,1862000000.0,8655eaad1b4212841de86ec929d03245fd9b7b1eaf75e75799e49d73ffe39526,E3A,LA-0234,234,0.2,0.85,0.2916709133705915,0.45816104598018365,0.07248765296149601,0.30157961310860004,1.0,26944320.000000004,475252969.4934276,698026560.0,True,1,1866898.0187285382,True,1,0
E3A_H100_MF100,LA-0105,105,642f0850175685dc6c38e0ad36b478de797b9a46c9c62af62834484e36409f24,M2,A1_FINAL_NO_MEMORY_V1,A1_FINAL_NO_MEMORY_V1_R1_WITNESS_GATED_INFEASIBLE_RETRY,certified,PASS,,,d631c0612c285505dbea7b8358feb9b32ca13b32867df39c7087dead77c2a082,c5934db3104622e725cfe4b376f77cc21f2a219a863b9df678ec8ec10ac69920,1.0,19137905.85543848,4.0,1.0,1.0,1.0,1.0,1.0,0.9,08a4dd4d28760584573a65bd0c739c3e568d65b645f05fe330309c926a8c3e63,3,2,2,425831e8219e663f846f74424a152ee301378fe6705ea4c3ec0ba22b6f61f302,P4,False,False,False,Q[NONE]|F[Water+Crackers],1210978246.6722276,1210978246.6722276,0.0,5297666.279006486,0.0,5297666.279006486,h09,5,Katrina,1205680580.3932211,13840239.57643199,1191840340.8167892,1769694830.2380702,112262513.82631607,19137905.855438475,3.725290298461914e-09,0.9999999999999998,0.0,0.2768153589542835,0.0,0.7231846410457163,0.0,16918554.64198924,R0,1,0,0,False,True,False,10399999.999999998,1.862645149230957e-09,0.0,0.0,NONE,0,0,1,False,False,False,0.0,9557344.06438629,0.0,165708317.89816472,R0,1,0,0,False,True,False,101862513.82631607,1760137486.173684,3170a947d053535deebb6e24ba0d9adcb0f8aa676fc0d61b397531e5e9d579bc,E3A,LA-0105,105,0.2,0.85,0.0811140064372363,0.41425913446972,0.11987637597890205,0.220845254689699,1.0,4.825741052627564e-09,531999999.99999845,659840340.8167906,False,0,182626872.54015395,False,0,0
E3A_H100_MF100,LA-0268,268,074b7731a42c2cd981411c89954570f913a3b46b63deacef6774fd61ccbe4819,M2,A1_FINAL_NO_MEMORY_V1,A1_FINAL_NO_MEMORY_V1_R1_WITNESS_GATED_INFEASIBLE_RETRY,certified,PASS,,,ec0c9a34a7d0c0666f4fd5501a43cbc5339c84aa24fd3f334faeca81ce341abb,d641cdec4b1ac325ff4b45f418a52f0c525d64beca32f1298a6bbfd67dfeb31d,1.0,19137905.85543848,4.0,1.0,1.0,1.0,1.0,1.0,0.9,534d4ac461038ee54dd72ddda5357120de5b2fd578ff40c298ce8df1a6d21133,3,2,2,a35aace2ca8488385e598899a19d5c1b7448865c6b2599a748e553816c4f3d4a,P2,True,False,True,Q[Water]|F[Crackers],1222146769.3905952,1222146769.3905952,9408516.0525382,3988129.304121414,0.0,13396645.356659614,h09,5,Katrina,1208750124.0339355,5741260.498778863,1203008863.5351567,1799487091.0104978,72070253.05388847,19137905.85543848,0.0,1.0,0.4916168008980226,0.20838901258300918,0.0,0.2999941865189681,14526039.914371157,0.0,NONE,1,0,0,True,False,False,0.0,0.0,0.0,0.0,NONE,0,1,0,False,False,False,0.0,9557344.06438629,0.0,212768315.4140746,R0,1,0,0,False,True,False,72070253.05388847,1789929746.9461114,bb1a94b918fdd819e7b1818a6ee35228e26778824838172ef652ef31adbfa9d9,E3A,LA-0268,268,0.2,0.85,0.42193288900427517,0.5019689408965846,0.25275661245915143,0.38991056433279925,1.0,0.0,531999999.99999845,671008863.5351583,False,0,212768315.4140746,False,0,0
E3A_H100_MF100,LA-0734,734,12e799fc78af354e664a13c6737226bda8439a8efaafbd34bb8017839b6be271,M2,A1_FINAL_NO_MEMORY_V1,A1_FINAL_NO_MEMORY_V1_R1_WITNESS_GATED_INFEASIBLE_RETRY,certified,PASS,,,32ffe6e4893f4138a3cfa7595e625cfa10986b47b41a0a170fa2674fb16cc991,1e8cfb0b931a68a56dd2694dd7a1db43e439579636e1ebfdcbc37893c3018775,1.0,19137905.85543848,4.0,1.0,1.0,1.0,1.0,1.0,0.9,d95ebe1815e49528519d669e1c834e2bb29cac1599f050201917c68d368232c2,3,2,2,ee11eed0296e1fa3af9095977ae0bc3bac1e563621a912b3d2b3dcfc456dd9c5,P4,False,False,False,Q[NONE]|F[Crackers],1218232019.9198885,1218232019.9198885,0.0,4617175.85079452,2221917.2433399246,6839093.094134444,h09,5,Katrina,1211392926.8257542,12298812.761304034,1199094114.06445,1727569897.5867178,154387446.47766858,19137905.85543848,0.0,1.0,0.0,0.24125815466285425,0.11610033303139672,0.6426415123057491,0.0,0.0,NONE,1,0,0,False,False,False,0.0,10400000.0,0.0,0.0,NONE,0,0,1,False,False,False,0.0,9557344.06438629,0.0,246328203.73423603,R1,0,1,0,False,True,False,154387446.47766858,1707612553.5223315,b262b281d9c43f2fcdb96a11cfacc6a75f84f0f3e1d83ab0d56581391efe4c3b,E3A,LA-0734,734,0.2,0.85,0.46334189790789115,0.8455444256988635,0.09624572748112155,0.33328074581058337,1.0,26944320.000000004,531999999.99999845,640149794.0644516,False,0,246328203.73423603,True,1,0
E3A_H100_MF100,LA-0302,302,ee30301ae5d9ebcffe4f347cb88e044583d130a04d060a932d6b5e1d5e66f19f,M2,A1_FINAL_NO_MEMORY_V1,A1_FINAL_NO_MEMORY_V1_R1_WITNESS_GATED_INFEASIBLE_RETRY,certified,PASS,,,688e862c3248d80c8dcefd9406426b594111e3e135e1407042ef4d72add7fd38,d84bda920d9a2c7bebe880f137834eaafb860459bf96f8c4b616345c21a2346f,1.0,19137905.85543848,4.0,1.0,1.0,1.0,1.0,1.0,0.9,180fbcfc442ae2fcfceb4260b18b1c87f4667b735be2687499f81e0ac580cc8f,3,2,2,706d6b66cbf7e29829b952b727cec4e218a68ad63777f74cad25f6541ab39fb4,P4,False,False,False,Q[NONE]|F[Crackers],1224387442.2689433,1224387442.2689433,0.0,4154608.1246774304,3992512.2186311632,8147120.343308594,h09,5,Katrina,1216240321.9256346,10990785.512129884,1205249536.4135048,1743989611.4926472,137967732.57173917,19137905.85543848,0.0,1.0,0.0,0.21708791735417607,0.20861803003888216,0.5742940526069418,0.0,0.0,NONE,1,0,0,False,False,False,0.0,10400000.0,0.0,0.0,NONE,0,0,1,False,False,False,0.0,9557344.06438629,0.0,221650027.99175364,R1,0,1,0,False,True,False,137967732.57173917,1724032267.4282608,2920869ca9fb88534cb33c77ff20671071c58e4655f527de92dae3d077ecc55c,E3A,LA-0302,302,0.2,0.85,0.45305857893512963,0.8924967060637194,0.19219681369785738,0.39578857209256524,1.0,26944320.000000004,531999999.99999845,646305216.4135064,False,0,221650027.99175364,True,1,0
E3A_H100_MF100,LA-0017,17,9d8be22567afcabbf94ce470787e9f63ad71892883ca72fe79ea5ccd3e06ce5e,M2,A1_FINAL_NO_MEMORY_V1,A1_FINAL_NO_MEMORY_V1_R1_WITNESS_GATED_INFEASIBLE_RETRY,certified,PASS,,,6578e8e6161b7dd44958fd66926399fce73030be9ea5cdebf7f8681c1af5ba3f,215e8a5743ccdf211c937d4ac5d60940cfb2bc1cb5cc6a016c50fd7d060a959d,1.0,19137905.85543848,4.0,1.0,1.0,1.0,1.0,1.0,0.9,da934162479f0b1f2204ddb7a84c48b873c627bc7dd3de60d021c8d61850981f,3,2,2,ed0537353e6e28db5337ba8d7c60cc3f44a07d67a5e1852762c0545458a51c00,P4,False,False,False,Q[NONE]|F[Water+Crackers],1209822124.5103018,1209822124.5103018,0.0,5051990.319597261,0.0,5051990.319597261,h09,5,Katrina,1204770134.1907046,14085915.535841217,1190684218.6548634,1766610850.9328907,115346493.13149577,19137905.85543848,0.0,1.0,0.0,0.2639782198615854,0.0,0.7360217801384146,0.0,15852570.715621822,R0,1,0,0,False,True,False,10400000.0,0.0,0.0,0.0,NONE,0,0,1,False,False,False,0.0,9557344.06438629,0.0,159968433.050342,R0,1,0,0,False,True,False,104946493.13149577,1757053506.8685043,ac72307f11ad43cbfc6e8fd716d838e6851ba1a373588f8988e21f801fb8e68b,E3A,LA-0017,17,0.2,0.85,0.20897317433100365,0.7620308952248089,0.21780608551367706,0.5601653373994823,1.0,0.0,531999999.99999845,658684218.6548649,False,0,175821003.76596382,False,0,0
E3A_H100_MF100,LA-0923,923,86df9f8970c879fac20b8e9ef711983d5c6e554b1ebdb54b3419449ed043fa9f,M2,A1_FINAL_NO_MEMORY_V1,A1_FINAL_NO_MEMORY_V1_R1_WITNESS_GATED_INFEASIBLE_RETRY,certified,PASS,,,f7f4fb76bfe603048683c4e68124d3b20a9991e667602d64a169452cdd2c2dcc,41ec494158d9deefba4d8141a4de59083582ecc62e4d1096958666761cdc1f20,1.0,19137905.85543848,4.0,1.0,1.0,1.0,1.0,1.0,0.9,3686726665bb0df349ad24152da39542ece0368a1afe04d5b6637545420815f6,3,2,2,0c9543d6ef8442bc4e9e714fbcc35b85714c291df5327321609fc5df8c87cb31,P4,False,False,False,Q[NONE]|F[Water+Crackers],1206249254.013732,1206249254.013732,0.0,4292755.3390761865,0.0,4292755.3390761865,h09,5,Katrina,1201956498.6746557,14845150.51636229,1187111348.1582935,1757080146.4499366,124877197.61444971,19137905.85543848,0.0,1.0,0.0,0.2243064299460069,0.0,0.7756935700539931,0.0,12781263.873211432,R0,1,0,0,False,True,False,10399999.999999996,3.725290298461914e-09,0.0,0.0,NONE,0,0,1,False,False,False,0.0,9557344.06438629,0.0,140688775.97846654,R0,1,0,0,False,True,False,114477197.61444971,1747522802.3855503,77ce6f1df27c1c10db685666b8ce5f1a7f7a1219314f0327b333bad3ce3898c6,E3A,LA-0923,923,0.2,0.85,0.4163128741028496,0.5525301284469819,0.1895175717346389,0.4584385636289232,1.0,9.651482105255128e-09,531999999.99999845,655111348.158295,False,0,153470039.85167798,False,0,0
E3A_H100_MF100,LA-0374,374,7e1971ddc86b3bd821e7416c29484e656bb42690d3e2c869476c0afddaa070d5,M2,A1_FINAL_NO_MEMORY_V1,A1_FINAL_NO_MEMORY_V1_R1_WITNESS_GATED_INFEASIBLE_RETRY,certified,PASS,,,3ff4421c954e84f1cc894dd002e965f35501fe10246bbd16ac5000f6aa83db09,5010598fecec19ff0af52d8be3b212495da3107114795ba2a1f4004b94653646,1.0,19137905.85543848,4.0,1.0,1.0,1.0,1.0,1.0,0.9,845320f7de088c180bd39010fd1cf7ee51ee062e0bc39c8ea7fe741a946be910,3,2,2,56618d9ff51a2aeb42170fc89d0736ad072238691944724dec1dc684b48b0ad3,P4,False,False,False,Q[NONE]|F[Water+Crackers],1223345811.4264915,1223345811.4264915,0.0,7925773.789287576,0.0,7925773.789287576,h09,5,Katrina,1215420037.637204,11212132.066150904,1204207905.571053,1802685559.9496152,79271784.11477119,19137905.85543848,0.0,1.0,0.0,0.41414007620041066,0.0,0.5858599237995894,0.0,31244655.291219253,R0,1,0,0,False,True,False,10400000.0,0.0,0.0,0.0,NONE,0,0,1,False,False,False,0.0,9557344.06438629,0.0,206911072.4958938,R0,1,0,0,False,True,False,68871784.11477119,1793128215.8852289,452bc7d05a97aa73619dc89e6e6e14cb69cecabbbf1a4d88ef75ee65069538c6,E3A,LA-0374,374,0.2,0.85,0.23161783770325162,0.44442365034591785,0.10204689175903321,0.3349490361938774,1.0,0.0,531999999.99999845,672207905.5710546,False,0,238155727.78711307,False,0,0
E3A_H100_MF100,LA-0930,930,d733d147cd567bc1b4389530bbaa6a62ee7daa1f91430d98a94b27d7c899856c,M2,A1_FINAL_NO_MEMORY_V1,A1_FINAL_NO_MEMORY_V1_R1_WITNESS_GATED_INFEASIBLE_RETRY,certified,PASS,,,a047f5ffe7a1064eb884f20ebae80c19999f556d80ef9a9868cdfd996d0376de,5512873538bca09decf7a7b67a3a68d0452c9d2b691d0effe341be87fe86216a,1.0,19137905.85543848,4.0,1.0,1.0,1.0,1.0,1.0,0.9,428156dc113e1c400f930a4fe4644208f281e7396373772cb91417a516cdedc9,3,2,2,9f6475735c0d18a8462107d2de18e6bb4f704eaebab31dae47eec2c011f1add0,P4,False,False,False,Q[NONE]|F[Water+Vaccine],1210036673.9520407,1210036673.9520407,0.0,5097582.075966756,0.0,5097582.075966756,h09,5,Katrina,1204939091.8760738,14040323.779471722,1190898768.0966022,1880499854.4423373,1457489.622049091,19137905.85543848,0.0,1.0,0.0,0.26636049495029573,0.0,0.7336395050497042,0.0,437780.32565979194,R0,1,0,0,False,True,False,283713.6335917988,10116286.366408201,0.0,1811178.5040891012,R0,1,0,0,False,True,False,1173775.988457292,8383568.075928997,0.0,0.0,NONE,1,0,0,False,False,False,0.0,1862000000.0,b6aee618980a4f45676334a013a732af49d65fc2bc5d1aefede7bbac803f346f,E3A,LA-0930,930,0.2,0.85,0.4196725363503322,0.888891714367328,0.16585617735803654,0.2867295810532289,1.0,26209274.71809037,466662933.3785117,698026560.0,False,0,2248958.829748893,False,0,0
E3A_H100_MF100,LA-0433,433,2122d3f36328d1fe940c02204634c6c71ee92980e3f03170baef3e1d272ea5e1,M2,A1_FINAL_NO_MEMORY_V1,A1_FINAL_NO_MEMORY_V1_R1_WITNESS_GATED_INFEASIBLE_RETRY,certified,PASS,,,6b065b0365d1813342d28abdc433e8fea81889c0ace8968775f9a3f609d20725,cab67d8259bdb2c253545f706b92114276b1ebf3c01d39960744a8ee3c178781,1.0,19137905.85543848,4.0,1.0,1.0,1.0,1.0,1.0,0.9,fa3bdcf306b17e73f499e8f9c8ba1ca857392e81196359b8752c9b07c31d9fae,3,2,2,8c363aaa811a875e57bf786cdad1e6dca19b5d251df2e4bbf625475827787c90,P4,False,False,False,Q[NONE]|F[Water+Crackers],1205738663.8331425,1205738663.8331425,0.0,4184254.9257008894,0.0,4184254.9257008894,h09,5,Katrina,1201554408.9074416,14953650.929737587,1186600757.977704,1755718136.7919405,126239207.27244595,19137905.855438475,3.725290298461914e-09,0.9999999999999998,0.0,0.21863703151783645,0.0,0.7813629684821635,0.0,12367820.312575985,R0,1,0,0,False,True,False,10400000.0,0.0,0.0,0.0,NONE,0,0,1,False,False,False,-1.5746962017744763e-10,9557344.06438629,0.0,137757548.14392853,R0,1,0,0,False,True,False,115839207.27244595,1746160792.727554,bc4b8b7da32c8392c9b87d578c67c990c080ba983e12b290efefebac9e0a5577,E3A,LA-0433,433,0.2,0.85,0.06471260108667316,0.895443897837698,0.24516363760160712,0.450098315475433,1.0,0.0,531999999.99999845,654600757.9777055,False,0,150125368.45650452,False,0,0
E3A_H100_MF100,LA-0947,947,b2f5e3ad7b573f22c1e4eff743ff5e7436fe4ea52f35ed6e2577f6a61c3cbf4c,M2,A1_FINAL_NO_MEMORY_V1,A1_FINAL_NO_MEMORY_V1_R1_WITNESS_GATED_INFEASIBLE_RETRY,certified,PASS,,,61312d9f233506a7ebb7c0d3caac816538cb939e740300eb8f6401b37e6aae9d,1c475fc8ba7361c9e1186182a2b37e4937342a7db0b6deb4a9725b229acb668e,1.0,19137905.85543848,4.0,1.0,1.0,1.0,1.0,1.0,0.9,a10f8f23ab219ed31c74e9eda5c8625faea78d3818be872f6a5051bdda736f2d,3,2,2,887d698157140ace4951c24013ec6a6b08bc2c2772ee9be45e7ed6f75ed93c1d,P4,False,False,False,Q[NONE]|F[Water+Crackers],1215013969.976678,1215013969.976678,0.0,6155257.481202159,0.0,6155257.481202159,h09,5,Katrina,1208858712.4954758,12982648.37423632,1195876064.1212394,1780460203.9695315,101497140.09485477,19137905.85543848,0.0,1.0,0.0,0.32162648973701585,0.0,0.6783735102629842,0.0,20955846.051336884,R0,1,0,0,False,True,False,10399999.999999996,1.862645149230957e-09,0.0,0.0,NONE,1,0,0,False,False,False,0.0,9557344.06438629,0.0,183559388.80238897,R0,1,0,0,False,True,False,91097140.09485477,1770902859.9051452,720107eb17c868b705be1f38eabb641b78c77aec29bbf39190bc5caf7cefcacc,E3A,LA-0947,947,0.2,0.85,0.29675124110183876,0.8234679186622964,0.16616025318333744,0.4403264744947989,1.0,4.825741052627564e-09,531999999.99999845,663876064.1212409,False,0,204515234.85372585,False,0,0
E3A_H100_MF100,LA-0278,278,8a9f5389b2d59254c37d2e9eac512e3b4d1d2b6c3c04e1a747a3d642668d13f6,M2,A1_FINAL_NO_MEMORY_V1,A1_FINAL_NO_MEMORY_V1_R1_WITNESS_GATED_INFEASIBLE_RETRY,certified,PASS,,,ed3ea15da5f36b992997ff5f2238b3f093f09e8dd375cf13db0464389e1aa57e,d916aed0a781b119b44d046c9d2b2f251062d7ccb895cdf1c5596b75d3b6d95f,1.0,19137905.85543848,4.0,1.0,1.0,1.0,1.0,1.0,0.9,fb30c921907166517e07e07b51445d904fc6ae651d04376eff6f148fccbf249d,3,2,2,46c959c9ed881687b663ccec509b4ff18edd3161a46b063e967fa25475b81421,P4,False,False,False,Q[NONE]|F[Water+Crackers],1209550278.753788,1209550278.753788,0.0,4994223.096338073,0.0,4994223.096338073,h09,5,Katrina,1204556055.65745,14143682.759100404,1190412372.8983495,1765885696.866219,116071647.19816732,19137905.85543848,0.0,1.0,0.0,0.26095974836864655,0.0,0.7390402516313533,0.0,15607297.237779887,R0,1,0,0,False,True,False,10400000.0,0.0,0.0,0.0,NONE,0,0,1,False,False,False,-1.5746962017744763e-10,9557344.06438629,0.0,158581616.09880844,R0,1,0,0,False,True,False,105671647.19816732,1756328352.8018327,9f895d1ef538a53ff01eb1994ab2a63f32c48790ad51d87dbb971f26d9dc743f,E3A,LA-0278,278,0.2,0.85,0.39581980008952344,0.4497145181462247,0.04372118386765468,0.15418030187569037,1.0,0.0,531999999.99999845,658412372.8983511,False,0,174188913.33658832,False,0,0
E3A_H100_MF100,LA-0164,164,0d2d3647e67aaad9aeb4df18649d48b7f85ffcbd68339831e75ef9a752b0be74,M2,A1_FINAL_NO_MEMORY_V1,A1_FINAL_NO_MEMORY_V1_R1_WITNESS_GATED_INFEASIBLE_RETRY,certified,PASS,,,5d45bab3e3089477e58ca15b7ced0898041fb960a5ff8dae63734827e301b3f2,dfe2a1544d94ae256d0a2d9a27beae7e185cf96b7b9d22b4e9aa442d141d2dd3,1.0,19137905.85543848,4.0,1.0,1.0,1.0,1.0,1.0,0.9,59ec0ee2e6160cc098d79b6c45ef5f62f618a48412005c8dcd8981b5998c1424,3,2,2,fdf66387c416294d686b23572772b7647a567703ab2495a9d4b1e3076a0f1d22,P4,False,False,False,Q[NONE]|F[Vaccine],1214373143.8526874,1214373143.8526874,0.0,5401802.338981182,617279.5908730332,6019081.929854215,h09,5,Katrina,1208354061.9228332,13118823.925584262,1195235237.997249,1880848267.425935,1109076.6384512337,19137905.85543848,0.0,1.0,0.0,0.28225670978761425,0.03225429132820292,0.6854889988841828,0.0,0.0,NONE,1,0,0,False,False,False,0.0,10400000.0,0.0,1940860.2827612753,R1,0,1,0,False,True,False,1109076.6384512337,8448267.425935056,0.0,0.0,NONE,1,0,0,False,False,False,0.0,1862000000.0,be76202fd0bd8c2ee3fa66c389d48796b526132debf9477a3deb58fd50a51171,E3A,LA-0164,164,0.2,0.85,0.3554509768332218,0.45167492902242845,0.022854578977040334,0.17756855551082118,1.0,26944320.000000004,470264357.99724895,698026560.0,True,1,1940860.2827612753,True,1,0
E3A_H100_MF100,LA-0453,453,1c029e139aaa74c9679fc4cc9c4dda19a408838f57cb622959e73bbc99311ed2,M2,A1_FINAL_NO_MEMORY_V1,A1_FINAL_NO_MEMORY_V1_R1_WITNESS_GATED_INFEASIBLE_RETRY,certified,PASS,,,966eb0ed1415892753c20c043fcabc9a9f1ee4fb5e6f31a59cb074d92143f9de,db364bfc1c14583e0b24ed9048749a8705fb639300ef57384a7d1fc2e164a686,1.0,19137905.85543848,4.0,1.0,1.0,1.0,1.0,1.0,0.9,2003eb07965ad6e4c2fb3f9796cd3d19b233761ebb435528a9c703e7ed1d10c3,3,2,2,7d82f7728038188069331f8b009b12863a4ebedb2835c67f11233d49e0963e89,P4,False,False,False,Q[NONE]|F[Water+Crackers],1217236495.8407357,1217236495.8407357,0.0,6627544.22731447,0.0,6627544.22731447,h09,5,Katrina,1210608951.6134212,12510361.628124006,1198098589.9852972,1786388836.7695155,95568507.29487094,19137905.85543848,0.0,1.0,0.0,0.34630456839827645,0.0,0.6536954316017234,0.0,23415586.499814633,R0,1,0,0,False,True,False,10399999.999999996,1.862645149230957e-09,0.0,0.0,NONE,0,0,1,False,False,False,0.0,9557344.06438629,0.0,191756783.61761,R0,1,0,0,False,True,False,85168507.29487094,1776831492.7051291,0d19d0e28320def350ba5ad46d07a707ce98228a6d51775f0b0119bf28e3a341,E3A,LA-0453,453,0.2,0.85,0.17434036473317066,0.45267398998550945,0.20310179791959368,0.4444528703743713,1.0,4.825741052627564e-09,531999999.99999845,666098589.9852988,False,0,215172370.11742464,False,0,0
E3A_H100_MF100,LA-0258,258,8076e9721a659a74df944c7f3513bfeefb1089acb1efc0ccefd86e56dfaeff6c,M2,A1_FINAL_NO_MEMORY_V1,A1_FINAL_NO_MEMORY_V1_R1_WITNESS_GATED_INFEASIBLE_RETRY,certified,PASS,,,152891a1538023926da333f69d32bc15b6e2e62940f35d5d22bdf9c0fbdcd49f,b406e41707f870d921a750b84197270c0629f3a4dee4aa5c2820b62956e94157,1.0,19137905.85543848,4.0,1.0,1.0,1.0,1.0,1.0,0.9,b29042a50ef5232203888f8eb09767477a1cc9919383d130cf815b58cc5ae6a4,3,2,2,123de7fcd9e3a5f6c394ba73116333bb64ecfd6df09fe76f6bc2940b616c5bec,P4,False,False,False,Q[NONE]|F[Water+Crackers],1208990411.5441568,1208990411.5441568,0.0,4875251.314291468,0.0,4875251.314291468,h09,5,Katrina,1204115160.2298653,14262654.541147009,1189852505.6887183,1764392239.734254,117565104.33013244,19137905.85543848,0.0,1.0,0.0,0.25474319662336786,0.0,0.745256803376632,0.0,15108415.30025261,R0,1,0,0,False,True,False,10400000.0,0.0,0.0,0.0,NONE,0,0,1,False,False,False,-1.5746962017744763e-10,9557344.06438629,0.0,155682202.10716733,R0,1,0,0,False,True,False,107165104.33013244,1754834895.6698675,7e471744092d65118ddeb845dcf292ed162c7df8e6475decef7cb0e871cc5af3,E3A,LA-0258,258,0.2,0.85,0.3719980601351359,0.693532546844245,0.1939909062536775,0.5711620666775863,1.0,0.0,531999999.99999845,657852505.6887199,False,0,170790617.40741995,False,0,0
E3A_H100_MF100,LA-0663,663,1c934d645b4f92e9294648171da37858a2e83fadae65ec86d01c14f73ec9ebf0,M2,A1_FINAL_NO_MEMORY_V1,A1_FINAL_NO_MEMORY_V1_R1_WITNESS_GATED_INFEASIBLE_RETRY,certified,PASS,,,ca30b16448f380de33c4a65599bc93eb8554e0ce62fa414d05485200a7c811c2,4491b7ea4854417e2def1e14ee0af765599b411384f6454f5cbfdddd7153efde,1.0,19137905.85543848,4.0,1.0,1.0,1.0,1.0,1.0,0.9,d26f7fbd37f18dcbf536ed73e18761e623179a91ada8c2b41342c3eeaf0a981f,3,2,2,3f8c1c5d1e137875a1fabd4afc8bd90405acbac3cae3a93d0dcdabf1d51cfe40,P4,False,False,False,Q[NONE]|F[Crackers],1207157980.8638299,1207157980.8638299,0.0,4485859.794721985,0.0,4485859.794721985,h09,5,Katrina,1202672121.0691078,14652046.060716493,1188020075.0083914,1698029673.8989813,183927670.165405,19137905.85543848,0.0,1.0,0.0,0.23439658594867757,0.0,0.7656034140513224,0.0,0.0,NONE,1,0,0,False,False,False,0.0,10400000.0,0.0,0.0,NONE,0,0,1,False,False,False,0.0,9557344.06438629,0.0,239322438.89895356,R0,1,0,0,False,True,False,183927670.165405,1678072329.834595,1ffd0e2969b7cdc3c0b086d147bd840fb5f16ba537d3fd49ccb56448bbbde1d0,E3A,LA-0663,663,0.2,0.85,0.06142102551116934,0.8666976829494529,0.03255892163609804,0.4673553867498408,1.0,26944320.000000004,531999999.99999845,629075755.0083929,False,0,239322438.89895356,False,0,0
E3A_H100_MF100,LA-0640,640,556736df794676bfcfdd155f45ceac1062e109abce1a2289402e71788afcd5ae,M2,A1_FINAL_NO_MEMORY_V1,A1_FINAL_NO_MEMORY_V1_R1_WITNESS_GATED_INFEASIBLE_RETRY,certified,PASS,,,0feb727cd0f6070560b839a359c44d2b33f1d6f6821ec84053a5ff566ddd0c9d,22baae4bd1c3ecea100739fd53c6cf13a1e9d579543d945982461266f8039810,1.0,19137905.85543848,4.0,1.0,1.0,1.0,1.0,1.0,0.9,4f855c4520853ddd13a3bec8c6a77660ada4aad853c6643dc6b5ae8a41504e53,3,2,2,3dae467652d8aa7c8ffaa9269b714ced19e80f4a86fa38269ce8154b6ed618ff,P4,False,False,False,Q[NONE]|F[Crackers],1208815800.1994352,1208815800.1994352,0.0,4838146.403538128,0.0,4838146.403538128,h09,5,Katrina,1203977653.795897,14299759.45190035,1189677894.3439968,1702451940.5859356,179505403.47845083,19137905.85543848,0.0,1.0,0.0,0.2528043789160587,0.0,0.7471956210839412,0.0,0.0,NONE,1,0,0,False,False,False,0.0,10400000.0,0.0,0.0,NONE,0,0,1,False,False,False,0.0,9557344.06438629,0.0,258117072.31850874,R0,1,0,0,False,True,False,179505403.47845083,1682494596.5215492,0cad849e6675c58036ea65a1cb36f8315b1294e4bde599016492755130a88975,E3A,LA-0640,640,0.2,0.85,0.18158491635506535,0.43977751594279524,0.029749519149811332,0.1532069792789713,1.0,26944320.000000004,531999999.99999845,630733574.3439983,False,0,258117072.31850874,False,0,0
E3A_H100_MF100,LA-0336,336,4bd72dcc8d08a9e2c2f073636634dd75fb19bd87a4052ad7c43219dffdc0c241,M2,A1_FINAL_NO_MEMORY_V1,A1_FINAL_NO_MEMORY_V1_R1_WITNESS_GATED_INFEASIBLE_RETRY,certified,PASS,,,5d06832457b83d7fcce549206ffb8aa8ad01638b87e7d4e7243e0396b615565d,c53b66bfd5a6035109eebd9dc8efd91515b089cdaf7c19426bb51e6b22d0063c,1.0,19137905.85543848,4.0,1.0,1.0,1.0,1.0,1.0,0.9,b40b4ea68bbed2309aa3ca99e9c2d81cfdbcdd09a70159c24066408f489717cc,3,2,2,7f196c9262845c1a71c992d37c57e0b3e6ba82e37f889406a846c465637a2027,P4,False,False,False,Q[NONE]|F[Water+Crackers],1214663842.7238767,1214663842.7238767,0.0,6080855.439981939,0.0,6080855.439981939,h09,5,Katrina,1208582987.2838948,13057050.415456537,1195525936.8684382,1779526232.4245012,102431111.63988523,19137905.85543848,0.0,1.0,0.0,0.31773881039622337,0.0,0.6822611896037766,0.0,20584573.230186466,R0,1,0,0,False,True,False,10400000.0,0.0,0.0,0.0,NONE,0,0,1,False,False,False,0.0,9557344.06438629,0.0,182155880.48141187,R0,1,0,0,False,True,False,92031111.63988523,1769968888.3601148,0acc5dedcaafe847f7bbd7c95742d5622f3ba43c2d061a0a4bc6bc21b9566ff6,E3A,LA-0336,336,0.2,0.85,0.22371771634559434,0.41573519565094713,0.08937568693925434,0.15524797702864557,1.0,0.0,531999999.99999845,663525936.8684398,False,0,202740453.71159834,False,0,0
E3A_H100_MF100,LA-0303,303,c16fbaeb493f56ea949022f93f62f201d42df69eddaf0b529a63d6d3052c8179,M2,A1_FINAL_NO_MEMORY_V1,A1_FINAL_NO_MEMORY_V1_R1_WITNESS_GATED_INFEASIBLE_RETRY,certified,PASS,,,a7a799365039f5e1a8160bd12f7f841b8a0fe267770eae0b82391746646543e3,2c79486353a6d412be917da53a50a9a9fca6745803dd5dcec981e970f467be74,1.0,19137905.85543848,4.0,1.0,1.0,1.0,1.0,1.0,0.9,b466cefd4ad3487dcb57a8c74ababba6f80261e289789259b4ceb30a14c5625d,3,2,2,2ec4d01f86bc0d490d0018e5552cb782fce8aae2ad359e7a97a1ddaab2a7a4b6,P4,False,False,False,Q[NONE]|F[Water+Vaccine],1211169194.4334097,1211169194.4334097,0.0,5338242.678257689,0.0,5338242.678257689,h09,5,Katrina,1205830951.755152,13799663.17718079,1192031288.5779712,1870874761.5797997,11082582.484586578,19137905.85543848,0.0,1.0,0.0,0.27893556999292607,0.0,0.721064430007074,0.0,17098267.062717788,R0,1,0,0,False,True,False,10400000.0,0.0,0.0,1122209.3859418028,R0,1,0,0,False,True,False,682582.4845865774,8874761.579799712,0.0,0.0,NONE,1,0,0,False,False,False,0.0,1862000000.0,4453638b02ad955d7a84fdd0bd9765071d1f7270fe6bbcd2cf0fdc21a6234f24,E3A,LA-0303,303,0.2,0.85,0.24950619816055714,0.5005010966678678,0.044732597641942734,0.5902105221365996,1.0,0.0,494004728.57797116,698026560.0,False,0,18220476.44865959,False,0,0
E3A_H100_MF100,LA-0434,434,eaedf29b3f0adcc63ef9891f0af185763f8d102f02654270b1c9ecc613eea483,M2,A1_FINAL_NO_MEMORY_V1,A1_FINAL_NO_MEMORY_V1_R1_WITNESS_GATED_INFEASIBLE_RETRY,certified,PASS,,,2aa281c276f1eed8c9c738cb2d5d4e8f2e4c55bc72d53325f899475eca019974,97ca4381ddaa989d78d4af459a21a54d2fb13dc46220747f86c0a6c348770fb1,1.0,19137905.85543848,4.0,1.0,1.0,1.0,1.0,1.0,0.9,0e76b5fabfc1b750e31d3098bdbb5dfb409d128a9c8393aca30bf24008507891,3,2,2,b3e55fb854bed139eb8dfea9eca9bdcbb5a618ee881b6e4adab2c6d883dd930c,P4,False,False,False,Q[NONE]|F[Water+Vaccine],1212884941.6175115,1212884941.6175115,0.0,5702838.954879317,0.0,5702838.954879317,h09,5,Katrina,1207182102.6626322,13435066.900559159,1193747035.762073,1880510778.2386887,1446565.8256974705,19137905.85543848,0.0,1.0,0.0,0.297986571673866,0.0,0.7020134283261339,0.0,587970.7186693866,R0,1,0,0,False,True,False,325923.3640273913,10074076.635972608,0.0,2021656.0893873544,R0,1,0,0,False,True,False,1120642.4616700793,8436701.602716211,0.0,0.0,NONE,1,0,0,False,False,False,0.0,1862000000.0,06ffb1d3643063d9fecfc87a73cfef1eeadb69093e43d5a4ceea7a7c6738bdeb,E3A,LA-0434,434,0.2,0.85,0.1457573932989501,0.8290714074821268,0.029395997221357214,0.16676406527810841,1.0,26099917.748477835,469620558.0135952,698026560.0,False,0,2609626.808056741,False,0,0
E3A_H100_MF100,LA-0251,251,347e956fe65cc2b94ea2a0fc4a245738795104572a19188d39eee4a3d1c98ad2,M2,A1_FINAL_NO_MEMORY_V1,A1_FINAL_NO_MEMORY_V1_R1_WITNESS_GATED_INFEASIBLE_RETRY,certified,PASS,,,65a8d81fcf489f24aed921c4cf7039ef60df6f626a2ee36c155411d867c286c5,fea1fc4d271c381559b98290e83cfe07699dce307f3eb58bc15e4b1a84f6a1a7,1.0,19137905.85543848,4.0,1.0,1.0,1.0,1.0,1.0,0.9,2e785e39708c3dfa5ca59691946e7fea101dab89b93752dbe75643bc37dc123a,3,2,2,1c81247d988c9b6b80989a2743adf7759a53aedf55f5e343ac3cc4ce0a9999c3,P4,False,False,False,Q[NONE]|F[Vaccine],1206664576.9640026,1206664576.9640026,0.0,4381011.466008692,0.0,4381011.466008692,h09,5,Katrina,1202283565.497994,14756894.389429785,1187526671.1085641,1880709783.5424793,1247560.5219070546,19137905.85543848,0.0,1.0,0.0,0.22891801742058035,0.0,0.7710819825794196,0.0,0.0,NONE,1,0,0,False,False,False,0.0,10400000.0,0.0,1574091.5011528784,R0,1,0,0,False,True,False,1247560.5219070546,8309783.542479235,0.0,0.0,NONE,1,0,0,False,False,False,0.0,1862000000.0,6e205cb25d2b63e05008bd4c8dd2cf2070f2599cc04fcbfbc499433569857649,E3A,LA-0251,251,0.2,0.85,0.3461832402360654,0.8629479510187463,0.2731757867448815,0.5781975306209062,1.0,26944320.000000004,462555791.10856414,698026560.0,False,0,1574091.5011528784,False,0,0
E3A_H100_MF100,LA-0758,758,65dfbf56050f03b54ff46c8be21d44467ac1c89802d9accd48cf2337381696b4,M2,A1_FINAL_NO_MEMORY_V1,A1_FINAL_NO_MEMORY_V1_R1_WITNESS_GATED_INFEASIBLE_RETRY,certified,PASS,,,6332cc6aa4b01c694804a5e057c3f2a2ea883dd2595bf80903642a091ef49ab2,530b9c76a614103ca6f1a2207c710ff6dad40c3f9954ec2c92a328be934fd04c,1.0,19137905.85543848,4.0,1.0,1.0,1.0,1.0,1.0,0.9,1537d0d161a5c21ad15c2f82a17a8c89c486e602deb2757b22935f190fef01c5,3,2,2,25acc5cacaa91df08a4cd6bf6ef81c5cd5d1fabc6fb3fe683babb509f3c98c74,P4,False,False,False,Q[NONE]|F[Vaccine],1219254017.8685887,1219254017.8685887,0.0,3093445.1830609967,3962822.47517221,7056267.658233207,h09,5,Katrina,1212197750.2103555,12081638.197205272,1200116112.0131502,1880935951.9979367,1021392.0664495606,19137905.85543848,0.0,1.0,0.0,0.16163969069697992,0.20706667203329784,0.6312936372697222,0.0,0.0,NONE,1,0,0,False,False,False,0.0,10400000.0,0.0,1111470.6751440775,R2,0,0,1,False,True,False,1021392.0664495606,8535951.99793673,0.0,0.0,NONE,1,0,0,False,False,False,0.0,1862000000.0,1c0d2afbdb085614838f60a4ff79098c0f0e0f531011c6e4003d4946bfd51ce5,E3A,LA-0758,758,0.2,0.85,0.3236318783589073,0.8815347573074677,0.11062646689462403,0.25620770633801604,1.0,26944320.000000004,475145232.0131501,698026560.0,True,2,1111470.6751440775,True,0,1
E3A_H100_MF100,LA-0129,129,05d5177207c024ba14c28a7fb0c3c36ecc93815714c381fa57cfedd0ad5998f8,M2,A1_FINAL_NO_MEMORY_V1,A1_FINAL_NO_MEMORY_V1_R1_WITNESS_GATED_INFEASIBLE_RETRY,certified,PASS,,,d747fdfa614451e58b2f0d2469b7525b7dbbd52c45216f0e36fdd3d8fe0a0354,0220d481b766747c017efd6d4a9d6f14ea5ccd98121ed045f4d5a73e93df5daa,1.0,19137905.85543848,4.0,1.0,1.0,1.0,1.0,1.0,0.9,5b88aa68dfb3da0ae4b6eeb86b9d7a0f0d4fab14104b680c08db6c386cb2a1ce,3,2,2,711959dbfad90b13af2a4048fa75a230b5eae8037cb78c0f62ab5abbde127b11,P4,False,False,False,Q[NONE]|F[Water+Crackers],1211117140.9295044,1211117140.9295044,0.0,5327181.308677834,0.0,5327181.308677834,h09,5,Katrina,1205789959.6208265,13810724.546760643,1191979235.074066,1770065333.485181,111892010.57920519,19137905.85543848,0.0,1.0,0.0,0.27835758775895497,0.0,0.721642412241045,0.0,17049171.68149506,R0,1,0,0,False,True,False,10399999.999999998,1.862645149230957e-09,0.0,0.0,NONE,0,1,0,False,False,False,0.0,9557344.06438629,0.0,166380260.83317137,R0,1,0,0,False,True,False,101492010.57920519,1760507989.4207947,8086a2db5174cd1faf47c13f6b89b33c22f3f38fe213a554ffbf997a1976e0bf,E3A,LA-0129,129,0.2,0.85,0.3115153753216145,0.4229322028991963,0.29602914836593736,0.380166864400149,1.0,4.825741052627564e-09,531999999.99999845,659979235.0740675,False,0,183429432.51466644,False,0,0
E3A_H100_MF100,LA-0534,534,76613688246fc21bd3cc4da9ace6e6631a784ba3b2caea1552cebedc2b08edfe,M2,A1_FINAL_NO_MEMORY_V1,A1_FINAL_NO_MEMORY_V1_R1_WITNESS_GATED_INFEASIBLE_RETRY,certified,PASS,,,e5649348bf87ec927766b08ceea888af538dacb6bea065db4336c6280c08f7bd,7b1d0d02e5ae8983e531a922f050c936b9402af142a6cec304c7e5f7512d34dd,1.0,19137905.85543848,4.0,1.0,1.0,1.0,1.0,1.0,0.9,c9cd325666d7481ceef47d2d2dd8059eda8f770d295a8d860aea6a6f8a9623aa,3,2,2,338c05888de6347fc138d900ff86b63113112b5f28b5631211b2c1b70236bc66,P4,False,False,False,Q[NONE]|F[Crackers],1206878268.5349617,1206878268.5349617,0.0,4426420.924837502,0.0,4426420.924837502,h09,5,Katrina,1202451847.610124,14711484.930600975,1187740362.6795232,1697283535.5910745,184673808.47331193,19137905.85543848,0.0,1.0,0.0,0.23129076703967755,0.0,0.7687092329603223,0.0,0.0,NONE,1,0,0,False,False,False,0.0,10400000.0,0.0,0.0,NONE,0,0,1,False,False,False,0.0,9557344.06438629,0.0,236151351.09034902,R0,1,0,0,False,True,False,184673808.47331193,1677326191.526688,25653d9d90d924788d3955b8baf58e668660e4d623b5ddb39cfe8a4292587f1d,E3A,LA-0534,534,0.2,0.85,0.4749083999949897,0.8253732502599743,0.282025469841667,0.535310486574808,1.0,26944320.000000004,531999999.99999845,628796042.6795248,False,0,236151351.09034902,False,0,0
E3A_H100_MF100,LA-0988,988,7e33ca8d07cd3699a84d5f73e5c1d546de9fc417bdeb1e4b64eadbba66a6b13c,M2,A1_FINAL_NO_MEMORY_V1,A1_FINAL_NO_MEMORY_V1_R1_WITNESS_GATED_INFEASIBLE_RETRY,certified,PASS,,,15e4515ab629f00c876ae84966e851b7c23e83a44fbfd35cb35b34287c7dff6d,c26c5ae5185e8f179dead82be7bbc9049bb84d146122b93f185cf26ab2ee4fc1,1.0,19137905.85543848,4.0,1.0,1.0,1.0,1.0,1.0,0.9,00b1d2d10ac82a2cd19f33b76f62a2c38f871780648189a25e7006fd2c66376c,3,2,2,8ea28fb7246de52c8af7c941401bbd7dd2737946ed73f0b532fdb5d21eb5fbc8,P4,False,False,False,Q[NONE]|F[Water+Crackers],1212607642.4779203,1212607642.4779203,0.0,5643912.8877161965,0.0,5643912.8877161965,h09,5,Katrina,1206963729.590204,13493992.967722282,1193469736.6224818,1774041276.582748,107916067.48163843,19137905.85543848,0.0,1.0,0.0,0.2949075478972715,0.0,0.7050924521027284,0.0,18486814.854118276,R0,1,0,0,False,True,False,10400000.0,0.0,0.0,0.0,NONE,0,0,1,False,False,False,0.0,9557344.06438629,0.0,173342450.46488017,R0,1,0,0,False,True,False,97516067.48163843,1764483932.5183616,05ab15f09d8d7e528e331d3793c61724af1773b2b95466db7af2d07549b31deb,E3A,LA-0988,988,0.2,0.85,0.08385369309656873,0.45324225248976335,0.16240847085723475,0.43078090856347484,1.0,0.0,531999999.99999845,661469736.6224834,False,0,191829265.31899846,False,0,0
E3A_H100_MF100,LA-0056,56,1738ad1dd29775b4c1243f37df4a477fb45779e43f85cfc3b12da636f8161850,M2,A1_FINAL_NO_MEMORY_V1,A1_FINAL_NO_MEMORY_V1_R1_WITNESS_GATED_INFEASIBLE_RETRY,certified,PASS,,,e13c981d42503a2ea19a5ec1b9ec7a05e20d28aee00f1159e12c5a407551d9af,1cafa169f08f1604b1e89c19fe1619b02a54b4f2bc17128c73b1b76b0bb4bf29,1.0,19137905.85543848,4.0,1.0,1.0,1.0,1.0,1.0,0.9,af322f6c06c689957e35b1a071e42442d824b5d264caee85c79675daadde8366,3,2,2,103afad17f124fd78ae7c98c712adb481cd232bc5a7c42eab82d9b21668ed12a,P4,False,False,False,Q[NONE]|F[Crackers],1211028407.3437865,1211028407.3437865,0.0,5308325.421712785,0.0,5308325.421712785,h09,5,Katrina,1205720081.9220736,13829580.433725692,1191890501.488348,1708354115.0000181,173603229.06436813,19137905.85543848,0.0,1.0,0.0,0.2773723239005433,0.0,0.7226276760994567,0.0,0.0,NONE,1,0,0,False,False,False,0.0,10400000.0,0.0,0.0,NONE,0,0,1,False,False,False,-1.5746962017744763e-10,9557344.06438629,0.0,283201313.57836026,R0,1,0,0,False,True,False,173603229.06436813,1688396770.9356318,86bcb79a12088e2b12477fdd1d600e3b480efb16f2896d978bb28ffb04e21604,E3A,LA-0056,56,0.2,0.85,0.29891351734274596,0.5044513249631396,0.07860305666971792,0.559307615847534,1.0,26944320.000000004,531999999.99999845,632946181.4883496,False,0,283201313.57836026,False,0,0
E3A_H100_MF100,LA-0241,241,2cf6628e1d5fa070cdf66ed0f55df7b7bfec99e19ed82e25bc4e19be4c5658ec,M2,A1_FINAL_NO_MEMORY_V1,A1_FINAL_NO_MEMORY_V1_R1_WITNESS_GATED_INFEASIBLE_RETRY,certified,PASS,,,ca5b44a530fc071e939b721ef7729ae7875af3b20feb9d8d2349d643eb448f99,57b10cffdda423a3b7c06a95e0983bd4d2982b3883d7735b70b1465c7f15cb7b,1.0,19137905.85543848,4.0,1.0,1.0,1.0,1.0,1.0,0.9,1d4253ba5a3e45f967ce23d64ed74ccf61f39139fbf4fe8bf2322cb80b87fddc,3,2,2,7504ef4084fc39247e84a2105a7231cfae65f7a524cab58096baf652be97024e,P4,False,False,False,Q[NONE]|F[Crackers],1223325277.777314,1223325277.777314,0.0,7921410.388837327,0.0,7921410.388837327,h09,5,Katrina,1215403867.3884766,11216495.46660115,1204187371.9218755,1741156266.1778011,140801077.8865852,19137905.85543848,0.0,1.0,0.0,0.41391207839943867,0.0,0.5860879216005613,0.0,0.0,NONE,1,0,0,False,False,False,0.0,10400000.0,0.0,0.0,NONE,0,1,0,False,False,False,0.0,9557344.06438629,0.0,422610456.08393764,R0,1,0,0,False,True,False,140801077.8865852,1721198922.1134148,d9bebf3166e1be09762686d8c81cbcfa16b7f3c0a9c1492e9359f78430d3698c,E3A,LA-0241,241,0.2,0.85,0.331593123925107,0.8609459442326661,0.20530648373282326,0.3992027419368528,1.0,26944320.000000004,531999999.99999845,645243051.9218769,False,0,422610456.08393764,False,0,0
E3A_H100_MF100,LA-0773,773,352684c43c955d5fdf1b7efe1809d560e18ff6e9a14fec08d2d438ec511cdc73,M2,A1_FINAL_NO_MEMORY_V1,A1_FINAL_NO_MEMORY_V1_R1_WITNESS_GATED_INFEASIBLE_RETRY,certified,PASS,,,84f3941a4c99fac0d605402f7673390262d3a65eecdadbbadace340ff65d0d28,873c997c25e64648764dc082eee914deea399a9dbeeb2175cb0711c56b29896e,1.0,19137905.85543848,4.0,1.0,1.0,1.0,1.0,1.0,0.9,38543a8c4e19b84d883a8024cf50a60db4a54c426a141d66a8126ad9855ebe31,3,2,2,f06a3f29fa74c8f8d669824ef54467fa64f1447dba827598b739cf5e87cb6148,P4,False,False,False,Q[NONE]|F[Vaccine],1215492680.9412997,1215492680.9412997,0.0,5372188.659240246,884794.9019440763,6256983.561184322,h09,5,Katrina,1209235697.3801153,12880922.294254152,1196354775.0858612,1880868379.8341093,1088964.2302769688,19137905.855438475,3.725290298461914e-09,0.9999999999999998,0.0,0.2807093262878401,0.04623258723433637,0.6730580864778233,0.0,0.0,NONE,1,0,0,False,False,False,0.0,10400000.0,0.0,1930220.1276373402,R1,0,1,0,False,True,False,1088964.2302769688,8468379.834109321,0.0,0.0,NONE,1,0,0,False,False,False,0.0,1862000000.0,216edc170f2b3a752b4b8fded18922db3a0dd1a21401b8e129330a052af52b24,E3A,LA-0773,773,0.2,0.85,0.2913962027405013,0.6911233294280765,0.03293982985583411,0.5679359002950294,1.0,26944320.000000004,471383895.08586127,698026560.0,True,1,1930220.1276373402,True,1,0
E3A_H100_MF100,LA-0325,325,ee053b011bcec6468ff0b659ca14db2c3cda3815407a3e20302f1b30d5cfd97b,M2,A1_FINAL_NO_MEMORY_V1,A1_FINAL_NO_MEMORY_V1_R1_WITNESS_GATED_INFEASIBLE_RETRY,certified,PASS,,,6690f05394cdb7eb6cf3e2cb44575ecf8ffc7118dd09814070711ab11f9bc305,7605a64fe4ecba9cb8f508045c84ccdb59d06ac0f8ca000edf2508a506e8e331,1.0,19137905.85543848,4.0,1.0,1.0,1.0,1.0,1.0,0.9,06b63131593cb318827335c619249d9d8f2b93fb53b6ba19c1505308e38fcee6,3,2,2,c5aa48b6d56c8b476a9729c732cdda5f9b3483cd23017d166e83d58ca0505d1b,P4,False,False,False,Q[NONE]|F[Crackers],1208022136.4831004,1208022136.4831004,0.0,4669492.86381697,0.0,4669492.86381697,h09,5,Katrina,1203352643.6192834,14468412.99162151,1188884230.627662,1700334826.5325456,181622517.5318409,19137905.85543848,0.0,1.0,0.0,0.24399184002099297,0.0,0.756008159979007,0.0,0.0,NONE,1,0,0,False,False,False,0.0,10400000.0,0.0,0.0,NONE,0,1,0,False,False,False,0.0,9557344.06438629,0.0,249119337.59160104,R0,1,0,0,False,True,False,181622517.5318409,1680377482.4681592,861a1ba1f418f27cc3dffd5e608903ddb312d3b002a5904a78da6c7876a93a15,E3A,LA-0325,325,0.2,0.85,0.3283788067954027,0.40422829010693734,0.24837634849232648,0.4604700146805396,1.0,26944320.000000004,531999999.99999845,629939910.6276635,False,0,249119337.59160104,False,0,0
E3A_H100_MF100,LA-0539,539,38b363b234a7c060faae0441c55f6a3fd6b9eab446463cb665ae20148e7cb7b9,M2,A1_FINAL_NO_MEMORY_V1,A1_FINAL_NO_MEMORY_V1_R1_WITNESS_GATED_INFEASIBLE_RETRY,certified,PASS,,,eeaae438479a183c771bed29e66517075958ee345164014b48e5a291fbfabcab,f4c2756d6f900985667d7979ffaac2cabdcca1239db0515ca19e3e7198ca8b6a,1.0,19137905.85543848,4.0,1.0,1.0,1.0,1.0,1.0,0.9,ec89f62b7508c067ce2ab82561813540546fdc990f02e5c437620a2fc9db1cd6,3,2,2,30ef181b415cf52312be7b5dfb69b82458d02f1029fc15e423dacffc2feec7b3,P4,False,False,False,Q[NONE]|F[Crackers],1206305501.2005625,1206305501.2005625,0.0,4304707.866277651,0.0,4304707.866277651,h09,5,Katrina,1202000793.3342848,14833197.989160828,1187167595.345124,1695755667.1147637,186201676.9496225,19137905.85543848,0.0,1.0,0.0,0.22493097723408273,0.0,0.7750690227659173,0.0,0.0,NONE,1,0,0,False,False,False,0.0,10400000.0,0.0,0.0,NONE,1,0,0,False,False,False,0.0,9557344.06438629,0.0,229657910.0660292,R0,1,0,0,False,True,False,186201676.9496225,1675798323.0503774,231b328540e08fc150ba04ff6922c61814743698f3da604430b3122fb880c3f7,E3A,LA-0539,539,0.2,0.85,0.10515221555023604,0.5156308881473872,0.0697163466427636,0.24463250749358492,1.0,26944320.000000004,531999999.99999845,628223275.3451254,False,0,229657910.0660292,False,0,0
E3A_H100_MF100,LA-0618,618,cc51d9aa8025dc8c3cad333a7d884bcd02747b3bb5b1eb75c4d4790786d456cb,M2,A1_FINAL_NO_MEMORY_V1,A1_FINAL_NO_MEMORY_V1_R1_WITNESS_GATED_INFEASIBLE_RETRY,certified,PASS,,,13e41ed64f91789a1b5e54b962b3d1f40b33e309498749d1a280a730bbd5d152,eb9b77ec111652bfd88e8f386e8c1948fc2aaf3ec06eab5c74679f32ee5d37e7,1.0,19137905.85543848,4.0,1.0,1.0,1.0,1.0,1.0,0.9,85b43752c3b009b3d6bccf30488f9aee431fbc340ee4b7d80b8d0817d3956337,3,2,2,fc680698b1c3c702f16a62fce9a30974242e95fbb99e79e90b7024d770b23b0a,P4,False,False,False,Q[NONE]|F[Water+Crackers],1208433700.5992644,1208433700.5992644,0.0,4756950.238501797,0.0,4756950.238501797,h09,5,Katrina,1203676750.3607626,14380955.61693668,1189295794.743826,1762907202.0024662,119050142.06192012,19137905.85543848,0.0,1.0,0.0,0.24856169083672236,0.0,0.7514383091632776,0.0,14620530.522613961,R0,1,0,0,False,True,False,10400000.0,0.0,0.0,0.0,NONE,0,0,1,False,False,False,0.0,9557344.06438629,0.0,152742569.06756213,R0,1,0,0,False,True,False,108650142.06192012,1753349857.9380798,853b13cf8b0998f95670fd519c423c6972f113ce777e23f3b3203fcd4a664f65,E3A,LA-0618,618,0.2,0.85,0.22007863594551658,0.6465488438099265,0.1227166104087636,0.17988732158187953,1.0,0.0,531999999.99999845,657295794.7438273,False,0,167363099.5901761,False,0,0
E3A_H100_MF100,LA-0474,474,f4a8ccf4bb978d75a720db4bd933115899e4eb34499800a333dfadd90374446c,M2,A1_FINAL_NO_MEMORY_V1,A1_FINAL_NO_MEMORY_V1_R1_WITNESS_GATED_INFEASIBLE_RETRY,certified,PASS,,,a07ae08c73023603037431f8c05dc24ffa4f771318424013e28711356addddfd,3afc6842022abf46c9797af7f536576cc1ac18555370c72734e983fa07542300,1.0,19137905.85543848,4.0,1.0,1.0,1.0,1.0,1.0,0.9,eb86d4e08c7bb36e257416c0a008bf3c9ffc470a8d0a993c11bdfa1bcfe804af,3,2,2,4f11534e9b8f1e1ecd21e863a058f3d566c63703af9988fcf2de072383905ff8,P4,False,False,False,Q[NONE]|F[Water+Crackers],1219902202.1582081,1219902202.1582081,0.0,7194006.819777389,0.0,7194006.819777389,h09,5,Katrina,1212708195.3384306,11943899.03566109,1200764296.3027697,1793499662.4136484,88457681.650738,19137905.85543848,0.0,1.0,0.0,0.375903553613367,0.0,0.624096446386633,0.0,26622386.917770926,R0,1,0,0,False,True,False,10400000.0,0.0,0.0,0.0,NONE,0,0,1,False,False,False,0.0,9557344.06438629,0.0,199815557.96251297,R0,1,0,0,False,True,False,78057681.650738,1783942318.349262,c15b2e4c10b7383ee902bf04bf5d295b3d2a3e0127b1cda26f8d2b6355da5580,E3A,LA-0474,474,0.2,0.85,0.2774726366829951,0.5551993014354213,0.1156959506405816,0.5543283486324765,1.0,0.0,531999999.99999845,668764296.3027713,False,0,226437944.8802839,False,0,0
E3A_H100_MF100,LA-0559,559,38944a37260798b40473266bb6dbfc9ff5d6eb3a9c77f1e4a075d76223cac0af,M2,A1_FINAL_NO_MEMORY_V1,A1_FINAL_NO_MEMORY_V1_R1_WITNESS_GATED_INFEASIBLE_RETRY,certified,PASS,,,79510afbbb10850b8e5033a09f52435ecd755e2d2de48581a4b482af61b6a1e8,0192d8728aa31d0864321291e5766b8b56b78d5e8255c67c261600dd8fcfa9a9,1.0,19137905.85543848,4.0,1.0,1.0,1.0,1.0,1.0,0.9,09ccd6e71d5c71146aab5caef65ba414ae6530029e89a0deb9542a7e6cf2ab19,3,2,2,6b049dcf615d6d739336f13beffcade083a2452d810da526df29752252b467c2,P4,False,False,False,Q[NONE]|F[Vaccine],1214493700.8096733,1214493700.8096733,0.0,3392051.6183571895,2652648.664856536,6044700.283213725,h09,5,Katrina,1208449000.5264597,13093205.572224751,1195355794.9542348,1880850433.2235239,1106910.8408623803,19137905.85543848,0.0,1.0,0.0,0.17724257000633428,0.1386070495326804,0.6841503804609852,0.0,0.0,NONE,1,0,0,False,False,False,0.0,10400000.0,0.0,1218759.5639397777,R2,0,0,1,False,True,False,1106910.8408623803,8450433.22352391,0.0,0.0,NONE,1,0,0,False,False,False,0.0,1862000000.0,4363779c9e35a760eda3f7a0150e09b4448d16e4d20600fe16ccc7d97bd43c09,E3A,LA-0559,559,0.2,0.85,0.1918077278442502,0.8239709759662797,0.06039788716985395,0.15640379117469003,1.0,26944320.000000004,470384914.9542349,698026560.0,True,2,1218759.5639397777,True,0,1
E3A_H100_MF100,LA-0626,626,81b33dbcce8673f59fa5904bd23c93aba001f02b0f5c90d8d13e9f9ae0d7a9f6,M2,A1_FINAL_NO_MEMORY_V1,A1_FINAL_NO_MEMORY_V1_R1_WITNESS_GATED_INFEASIBLE_RETRY,certified,PASS,,,9c2c57bdfbc2df15a69b419d313e418ca06f1e9aaf85d9250168c93f6708a0ef,a2cd3878d17d769fee43ef3902aaf0becc9c95b69804b6617fdc3361812f1aee,1.0,19137905.85543848,4.0,1.0,1.0,1.0,1.0,1.0,0.9,580f193843df617116fb94a7adb991f74e06ac3b112d0a54308a197b17ed7285,3,2,2,f81977830ef5a93fa50fd1e2b9ebbc6a13678e307cb66583ca91c62ad6231852,P4,False,False,False,Q[NONE]|F[Crackers],1218053358.9218895,1218053358.9218895,0.0,6801127.632059637,0.0,6801127.632059637,h09,5,Katrina,1211252231.28983,12336778.223378839,1198915453.066451,1727093315.7525332,154864028.31185308,19137905.85543848,0.0,1.0,0.0,0.35537470418305667,0.0,0.6446252958169433,0.0,0.0,NONE,1,0,0,False,False,False,0.0,10400000.0,0.0,0.0,NONE,0,0,1,False,False,False,0.0,9557344.06438629,0.0,362842916.77654916,R0,1,0,0,False,True,False,154864028.31185308,1707135971.6881468,79bdc4245c627f248e2ee41cd8c5141f45be6f6f29cbafa80af160dbe871e0d4,E3A,LA-0626,626,0.2,0.85,0.4804724281625477,0.5602716523936853,0.2907327207737681,0.5043850193691591,1.0,26944320.000000004,531999999.99999845,639971133.0664525,False,0,362842916.77654916,False,0,0
E3A_H100_MF100,LA-0617,617,d59dafe265604f537375b55f1b3ec24bef30d0f3cbae8ad14a4a1043bdd27c49,M2,A1_FINAL_NO_MEMORY_V1,A1_FINAL_NO_MEMORY_V1_R1_WITNESS_GATED_INFEASIBLE_RETRY,certified,PASS,,,ed7de7dbaeaac2e9aef73bcb19c423610fd6c8f34be07d11ebe7dfa33cf48c8a,d74286ed0c191dbe812986ef6c13650bd0b68b12c950aa9e35d94e1f4d9acc97,1.0,19137905.85543848,4.0,1.0,1.0,1.0,1.0,1.0,0.9,0f31274de894e1ab5931eed6d9b5597c37c02a79ec208db8f4317b53a07ecc33,3,2,2,e7df1ba889b06ac729712475ddaa75b5dfc4df4a01cd33b40898605ab3c750cd,P4,False,False,False,Q[NONE]|F[Water+Crackers],1217842637.7427466,1217842637.7427466,0.0,6756349.381491762,0.0,6756349.381491762,h09,5,Katrina,1211086288.361255,12381556.473946717,1198704731.8873081,1788005732.5815372,93951611.482849,19137905.85543848,0.0,1.0,0.0,0.3530349366606268,0.0,0.6469650633393732,0.0,24118990.475092106,R0,1,0,0,False,True,False,10400000.0,0.0,0.0,0.0,NONE,0,0,1,False,False,False,0.0,9557344.06438629,0.0,193767357.839753,R0,1,0,0,False,True,False,83551611.482849,1778448388.5171509,f39a042fd3762c7d252c4d611606bccc1af46bbb6808761416880c7a2360c2c9,E3A,LA-0617,617,0.2,0.85,0.15959141182333664,0.41774312571922356,0.06294763326994045,0.1731550168240797,1.0,0.0,531999999.99999845,666704731.8873096,False,0,217886348.31484511,False,0,0
E3A_H100_MF100,LA-0624,624,a5d87dfc044d99c1808dfa2078b88e7d3fa889603a6fa05613e9bbdf178be0d7,M2,A1_FINAL_NO_MEMORY_V1,A1_FINAL_NO_MEMORY_V1_R1_WITNESS_GATED_INFEASIBLE_RETRY,certified,PASS,,,61e4b025040569d4a5ef114d7b29892f193cac6470bf8b5a4fc448c8d2e9e0f6,dde16f4e162cf860d631f2641ca169f2af00e1770bedbdfe02a62161691959e3,1.0,19137905.85543848,4.0,1.0,1.0,1.0,1.0,1.0,0.9,a4b4ef8a6645ea615f486e9751e39f79525cff21ff2525ab9ea9eec7de6fb70c,3,2,2,73b87efe5d2038c8e0e28af0e1933b255bc80318fbc2803f503d32925b86e955,P4,False,False,False,Q[NONE]|F[Vaccine],1213829575.6268408,1213829575.6268408,0.0,4751535.43658038,1152038.245281427,5903573.681861808,h09,5,Katrina,1207926001.944979,13234332.173576668,1194691669.7714024,1880838502.2594748,1118841.8049115422,19137905.855438475,3.725290298461914e-09,0.9999999999999998,0.0,0.24827875486858045,0.060196672195147655,0.6915245729362718,0.0,0.0,NONE,1,0,0,False,False,False,0.0,10400000.0,0.0,1707220.2632151407,R1,0,1,0,False,True,False,1118841.8049115422,8438502.259474747,0.0,0.0,NONE,1,0,0,False,False,False,0.0,1862000000.0,07022e0883fc5099aaa5a941ca2e933c7797122a10d031e83ebdaf5cb7ca63ea,E3A,LA-0624,624,0.2,0.85,0.3674020962398904,0.4651682518704117,0.04849119871493726,0.3021327554041905,1.0,26944320.000000004,469720789.7714023,698026560.0,True,1,1707220.2632151407,True,1,0
E3A_H100_MF100,LA-0419,419,980ed4843284f015912efec4bdfc93012b77d07b8b05807719cf0508fa21d36a,M2,A1_FINAL_NO_MEMORY_V1,A1_FINAL_NO_MEMORY_V1_R1_WITNESS_GATED_INFEASIBLE_RETRY,certified,PASS,,,0dd46b9a2394a6c6f0fedc67fed300c18324842387ddf9896aca007587f49304,2c521e7af9d75a549ffde8df3f797eedde775caf25f18e2815ef8fedb7b4d239,1.0,19137905.85543848,4.0,1.0,1.0,1.0,1.0,1.0,0.9,222070870c29910a22911761735c7aeb1517dfe5c0f6f12e7292415823f904b0,3,2,2,067af4c3d64348cc5d42fb0d5838142417458da99cbc0417bbb0580a3b7aad80,P2,True,False,True,Q[Water]|F[Crackers],1223450058.749634,1223450058.749634,9641791.707076186,4031802.638379163,0.0,13673594.345455348,h09,5,Katrina,1209776464.4041786,5464311.509983129,1204312152.8941956,1802963641.7975197,68593702.26686662,19137905.85543848,0.0,1.0,0.5038059952801078,0.2106710456637257,0.0,0.2855229590561665,14886199.94916811,0.0,NONE,1,0,0,True,False,False,0.0,0.0,0.0,0.0,NONE,0,1,0,False,False,False,0.0,9557344.06438629,0.0,215098305.50465018,R0,1,0,0,False,True,False,68593702.26686662,1793406297.7331333,a46039c6df1e25a1cd72163b625fe778a7e4d764c1e312223eab2c7ce5d4e0c2,E3A,LA-0419,419,0.2,0.85,0.15113960218363814,0.7177972836280269,0.2926161306958373,0.4640535334574538,1.0,0.0,531999999.99999845,672312152.894197,False,0,215098305.50465018,False,0,0
E3A_H100_MF100,LA-0449,449,b99e0b8184bdd18eceee93dc36767e3a4085f25705345953926bcb96a5b5308f,M2,A1_FINAL_NO_MEMORY_V1,A1_FINAL_NO_MEMORY_V1_R1_WITNESS_GATED_INFEASIBLE_RETRY,certified,PASS,,,641b03cdfb079a705480ee78e2f3a7a1bb212fa808bd6bd65010ed9e19caea81,2e9ab7c9a49165ac92c9eba6f7eeb61d1477fbf3c221508d4503d549db3ae528,1.0,19137905.85543848,4.0,1.0,1.0,1.0,1.0,1.0,0.9,bb0b7b6b650bbc1ae41e5978ad5ee21e85d3101fa21e1cc134305feffe688837,3,2,2,eb3a7e9d7b6d2069b2004d67b01a9fcefdf57beb440c8b5190a244350aec5471,P4,False,False,False,Q[NONE]|F[Water+Crackers],1206453662.7634926,1206453662.7634926,0.0,4336192.198400326,0.0,4336192.198400326,h09,5,Katrina,1202117470.5650923,14801713.657038152,1187315756.908054,1757625410.9339333,124331933.13045305,19137905.85543848,0.0,1.0,0.0,0.22657610666258435,0.0,0.7734238933374157,0.0,12948480.129404549,R0,1,0,0,False,True,False,10400000.0,0.0,0.0,0.0,NONE,0,0,1,False,False,False,0.0,9557344.06438629,0.0,141850516.56195375,R0,1,0,0,False,True,False,113931933.13045305,1748068066.869547,6ac9e65d9988804d03baf704312641ac8cc4f66138482b43d770da2ca2ecb423,E3A,LA-0449,449,0.2,0.85,0.08204924593080992,0.7395481579588267,0.24236761420122535,0.3418863875836448,1.0,0.0,531999999.99999845,655315756.9080557,False,0,154798996.6913583,False,0,0
E3A_H100_MF100,LA-0034,34,b6a09f1b58b2fbf1794374e4eee392d33de36403806d9cac077fea29336b5fb6,M2,A1_FINAL_NO_MEMORY_V1,A1_FINAL_NO_MEMORY_V1_R1_WITNESS_GATED_INFEASIBLE_RETRY,certified,PASS,,,2a8bbbe68417464dd07321421032fa8eb85f33f10f164488169e413127bcc544,3e235adced1dd2128dcae4f06f01e66a73a0f4b858e46631d9dd2c1fc6e4fb22,1.0,19137905.85543848,4.0,1.0,1.0,1.0,1.0,1.0,0.9,3dabed94921b41c0d2944b5840bae1b26396ef7c537208a6c53dbc667574c9cb,3,2,2,0a96754f12b6cbab5b8421c0c2f0499ea848cfe6d4148a1643fd2af1ad53eae8,P4,False,False,False,Q[NONE]|F[Crackers],1224355374.7534256,1224355374.7534256,0.0,8140305.996261048,0.0,8140305.996261048,h09,5,Katrina,1216215068.7571645,10997599.85917743,1205217468.8979871,1743904070.7448936,138053273.31949273,19137905.85543848,0.0,1.0,0.0,0.4253498819437338,0.0,0.5746501180562662,0.0,0.0,NONE,1,0,0,False,False,False,0.0,10400000.0,0.0,0.0,NONE,0,0,1,False,False,False,0.0,9557344.06438629,0.0,434288625.49408066,R0,1,0,0,False,True,False,138053273.31949273,1723946726.6805072,9d3d17e7814a06edd8c0bbf9a92da68e01ff84e0a88695219eca23489effb33f,E3A,LA-0034,34,0.2,0.85,0.20694400191203283,0.43481252354497246,0.17548057288891222,0.5003635811470604,1.0,26944320.000000004,531999999.99999845,646273148.8979886,False,0,434288625.49408066,False,0,0
E3A_H100_MF100,LA-0228,228,9a7cf482266b21d433ac9d5b4c7a3c408df6990466426254b045b477ff91c73c,M2,A1_FINAL_NO_MEMORY_V1,A1_FINAL_NO_MEMORY_V1_R1_WITNESS_GATED_INFEASIBLE_RETRY,certified,PASS,,,36cd64406f94b9bac7266faea50889c33bb18629cd842c8819c6eb89a36d55d2,179ae4fe648eb833aa95872fa2db912c160d2fcdcb6dde7e38e60010845e80c9,1.0,19137905.85543848,4.0,1.0,1.0,1.0,1.0,1.0,0.9,fee118b2b97d1557484d0a9b536627a258611ab3ce13fe8175be20841b58a9bb,3,2,2,2dc93552b96c0c50781aa67806042fdc98c732f1f0cc12101980b65b013891d0,P4,False,False,False,Q[NONE]|F[Water+Vaccine],1206373972.5723383,1206373972.5723383,0.0,4319258.032780024,0.0,4319258.032780024,h09,5,Katrina,1202054714.5395584,14818647.822658455,1187236066.7168999,1880387233.0546181,1570111.009768154,19137905.85543848,0.0,1.0,0.0,0.2256912572047483,0.0,0.7743087427952517,0.0,412286.8640781542,R0,1,0,0,False,True,False,332820.44355034013,10067179.55644966,0.0,1532714.282986253,R0,1,0,0,False,True,False,1237290.5662178139,8320053.498168476,0.0,0.0,NONE,1,0,0,False,False,False,0.0,1862000000.0,2117f2028ed8c952d5afa2cb27ebdb104efe6e1a09c17d958d45a8579c3ba452,E3A,LA-0228,228,0.2,0.85,0.3065467289218916,0.42439124827885955,0.1252086595023071,0.29127391755106524,1.0,26082048.79484978,463127457.92205006,698026560.0,False,0,1945001.1470644074,False,0,0
E3A_H100_MF100,LA-0181,181,060d6c34408ab0d9201a98d0b431f21c8baac34b4d031c8897f92b6e83fd3a42,M2,A1_FINAL_NO_MEMORY_V1,A1_FINAL_NO_MEMORY_V1_R1_WITNESS_GATED_INFEASIBLE_RETRY,certified,PASS,,,43f480e87c6bf644a3fe708a90d4fbdf7ac6d442e4ae9ad83b1d9fcd625ffcfc,b3a939ab44b28aad1cd24252a4a49100e04d95c7a54b35b0a505d8e112e76120,1.0,19137905.85543848,4.0,1.0,1.0,1.0,1.0,1.0,0.9,18398e837c89e44d70a8f2fe68211720141275ae7b91b5de7fe2135e4433febd,3,2,2,e3425191e0f82cb694c22c7fa7bb1bccdd894087b975abb83bffd78ed24beb28,P4,False,False,False,Q[NONE]|F[Crackers],1223139522.149642,1223139522.149642,0.0,2847706.285345044,5034231.032612013,7881937.317957057,h09,5,Katrina,1215257584.8316848,11255968.53748142,1204001616.2942035,1740660759.275134,141296584.78925234,19137905.85543848,0.0,1.0,0.0,0.14879926293167559,0.26305025589732534,0.588150481170999,0.0,0.0,NONE,1,0,0,False,False,False,0.0,10400000.0,0.0,0.0,NONE,0,1,0,False,False,False,0.0,9557344.06438629,0.0,151926284.96292382,R2,0,0,1,False,True,False,141296584.78925234,1720703415.2107477,688a3f08d3adfba3760a7bb7848182e081749cab7f1ab4e49e4593e9aa4917a2,E3A,LA-0181,181,0.2,0.85,0.1615699847391334,0.8992834895917758,0.2816531549227013,0.35356392325425773,1.0,26944320.000000004,531999999.99999845,645057296.2942051,False,0,151926284.96292382,True,0,1
E3A_H100_MF100,LA-0446,446,158f38ab0c9f58e91011abed655b810dbd3885ea73cd7e5251f840705844af14,M2,A1_FINAL_NO_MEMORY_V1,A1_FINAL_NO_MEMORY_V1_R1_WITNESS_GATED_INFEASIBLE_RETRY,certified,PASS,,,fdcea1bf9b52ee04d298a713f1223ffd962173aa8290ce3b7299551e4b74e973,68075bd649580b251ea19550493573d710726d4172c3a8e7d2a0d24538fe56bf,1.0,19137905.85543848,4.0,1.0,1.0,1.0,1.0,1.0,0.9,8403573da670a332f8355fdd5bb61ea2d21b45be1154d2d80da6c1e6ad5c52ba,3,2,2,6ef7a8ca622804779d6f466f5dfcefc57e634a91cdaaa4ddb1acb1d72e2246cb,P4,False,False,False,Q[NONE]|F[Water+Vaccine],1216189548.8597534,1216189548.8597534,0.0,3232655.631028492,3172412.36282722,6405067.993855712,h09,5,Katrina,1209784480.8658977,12732837.861582765,1197051643.004315,1870964951.9079533,10992392.156432947,19137905.85543848,0.0,1.0,0.0,0.16891375971054107,0.16576590912248143,0.6653203311669774,0.0,11221644.416172447,R2,0,0,1,False,True,False,10400000.0,0.0,0.0,639193.6667711674,R2,0,0,1,False,True,False,592392.1564329476,8964951.907953342,0.0,0.0,NONE,1,0,0,False,False,False,0.0,1862000000.0,16ef6d089b7e5d3fb06fff1ccf797e71050f584c3559379c76547e079efa7af6,E3A,LA-0446,446,0.2,0.85,0.3963741740787899,0.8916132579499533,0.13731385522974157,0.19627283106662954,1.0,0.0,499025083.00431484,698026560.0,True,2,11860838.082943615,True,0,2
E3A_H100_MF100,LA-0761,761,0c5c240e662b976646957642eb48b5a8f9a03e99dc1d52d93eebd12c8367a925,M2,A1_FINAL_NO_MEMORY_V1,A1_FINAL_NO_MEMORY_V1_R1_WITNESS_GATED_INFEASIBLE_RETRY,certified,PASS,,,15b1360b79b9d9a03326e343e67f82a67cd5294a7981a9910bef5090e9673daa,b47f819d781d111ec29e9bad439cc5bd7ed2305d31f24142177f9f54c44a5029,1.0,19137905.85543848,4.0,1.0,1.0,1.0,1.0,1.0,0.9,3f47e5fd89d505a60b00d00351182d569647a20cffe50a0d9e511b363d5a3156,3,2,2,6557b5ee0f7533ef595d7f27a3b2713e1446440222550bcd34b5ad61364ec214,P4,False,False,False,Q[NONE]|F[Water+Vaccine],1209786832.6536489,1209786832.6536489,0.0,5044490.8000585195,0.0,5044490.8000585195,h09,5,Katrina,1204742341.8535903,14093415.055379957,1190648926.7982104,1880526087.6445098,1431256.4198765638,19137905.85543848,0.0,1.0,0.0,0.26358635255931157,0.0,0.7364136474406884,0.0,382573.4373704781,R0,1,0,0,False,True,False,251492.35686223963,10148507.64313776,0.0,1794672.404779228,R0,1,0,0,False,True,False,1179764.0630143243,8377580.001371965,0.0,0.0,NONE,1,0,0,False,False,False,0.0,1862000000.0,c2a6b3f4620e0639b1a790525dd46afe3b9c6d74892510b9318388a4e9b62033,E3A,LA-0761,761,0.2,0.85,0.06316969737559418,0.8827230607240418,0.11714664833172939,0.3682689480392845,1.0,26292753.601841312,466329613.19636905,698026560.0,False,0,2177245.842149706,False,0,0
E3A_H100_MF100,LA-0273,273,6e3027e413984f86afddb8861f666c4f7f39e3f7b8fc8923bc2837cef8f6b96c,M2,A1_FINAL_NO_MEMORY_V1,A1_FINAL_NO_MEMORY_V1_R1_WITNESS_GATED_INFEASIBLE_RETRY,certified,PASS,,,725210708fcd1500fe890ab586cabeaa610c2e7b9ae5ad45ff0c0ee32176ee5f,0873eea3985d2fe53528db528e3c2c33e02ab5621c569e643550184d49f6a47e,1.0,19137905.85543848,4.0,1.0,1.0,1.0,1.0,1.0,0.9,2a17e093b65463006fcee410405576a8e6906ba72a79de0a6b1257f0c7d766da,3,2,2,7ca3d5f6ab014817d637ad36da51ab7623a6d2a8e279532825249066dd380616,P4,False,False,False,Q[NONE]|F[Water+Crackers],1220996853.219949,1220996853.219949,0.0,7426620.1703973375,0.0,7426620.1703973375,h09,5,Katrina,1213570233.0495517,11711285.68504114,1201858947.3645105,1796419666.312872,85537677.75151439,19137905.85543848,0.0,1.0,0.0,0.38805814107852826,0.0,0.6119418589214717,0.0,28029084.11250231,R0,1,0,0,False,True,False,10400000.0,0.0,0.0,0.0,NONE,0,0,1,False,False,False,0.0,9557344.06438629,0.0,202503874.0110856,R0,1,0,0,False,True,False,75137677.75151439,1786862322.2484856,8a74b25f43512d06caae821aa17fce031dad270f33630d6597d51e7d0f49bf38,E3A,LA-0273,273,0.2,0.85,0.4026524641908458,0.7715766271377386,0.2636012029494769,0.4440484322535967,1.0,0.0,531999999.99999845,669858947.3645122,False,0,230532958.1235879,False,0,0
E3A_H100_MF100,LA-0998,998,234be674a34b047722c7891081688f29aff46904e7c1145ae3fccdd9f4cd33ad,M2,A1_FINAL_NO_MEMORY_V1,A1_FINAL_NO_MEMORY_V1_R1_WITNESS_GATED_INFEASIBLE_RETRY,certified,PASS,,,698048548e776a0ae3d0605319a21c7c94043e6639a85fe46f0c7900790a552b,026a58a100cf49c8ee6162d29d03d4c5492ffa120fbda002a755e3495ca34754,1.0,19137905.85543848,4.0,1.0,1.0,1.0,1.0,1.0,0.9,4f9addb36a307bd90898a4c808d0156586f34cc7c8b7a7349fdcd03389c4ec85,3,2,2,91153f00684e49ba1e4c2d94de82de9819b0cb77ce320c39b2d4b8817df8ce20,P4,False,False,False,Q[NONE]|F[Water+Crackers],1224055001.4257724,1224055001.4257724,0.0,8076476.664134791,0.0,8076476.664134791,h09,5,Katrina,1215978524.7616377,11061429.191303685,1204917095.570334,1804577338.6502154,77380005.41417095,19137905.85543848,0.0,1.0,0.0,0.4220146511923442,0.0,0.5779853488076557,0.0,32272526.667296283,R0,1,0,0,False,True,False,10400000.0,0.0,0.0,0.0,NONE,0,0,1,False,False,False,0.0,9557344.06438629,0.0,207847501.0485078,R0,1,0,0,False,True,False,66980005.41417094,1795019994.585829,c8343aff8e39b1a964c091d94a76ba02d7cf0d02a6fda93fc3a5fe4a4b1f7101,E3A,LA-0998,998,0.2,0.85,0.06396635594523101,0.6401751087290218,0.039192118176651775,0.36430230070753533,1.0,0.0,531999999.99999845,672917095.5703355,False,0,240120027.7158041,False,0,0
E3A_H100_MF100,LA-0586,586,5c219e43d6c1365300ac71a4b0b487a33250e26d33d65b33cd3acaba29b55cab,M2,A1_FINAL_NO_MEMORY_V1,A1_FINAL_NO_MEMORY_V1_R1_WITNESS_GATED_INFEASIBLE_RETRY,certified,PASS,,,f7af2d544439aad41350929a3ce7cb982e553cc2adcb7c4dc62c21e39d07a520,b9b6ca05a736b97c8ddd60ae958faa555f0ae639d29877c5a2b357943658bc28,1.0,19137905.85543848,4.0,1.0,1.0,1.0,1.0,1.0,0.9,a582d8a00c2fe0cf5326a290315b9415ebd70d7feb75d35fdae7861bd8a46b4a,3,2,2,8cfb65615b6a90eb9f50b335d762b08eab0e84aa02ef623d57ab5075ad695751,P4,False,False,False,Q[NONE]|F[Crackers],1219375965.8143659,1219375965.8143659,0.0,7082181.596710871,0.0,7082181.596710871,h09,5,Katrina,1212293784.217655,12055724.258727606,1200238059.9589274,1730621396.4516273,151335947.612759,19137905.85543848,0.0,1.0,0.0,0.37006042616195156,0.0,0.6299395738380484,0.0,0.0,NONE,1,0,0,False,False,False,0.0,10400000.0,0.0,0.0,NONE,0,1,0,False,False,False,0.0,9557344.06438629,0.0,377837259.747699,R0,1,0,0,False,True,False,151335947.612759,1710664052.387241,827e56cde0d18277b4e6ad011fd47a2a0c2e67d31be0d48bc92cc7720911e12d,E3A,LA-0586,586,0.2,0.85,0.4972894693902393,0.7559851744600286,0.20667837969642028,0.37360507189263414,1.0,26944320.000000004,531999999.99999845,641293739.9589288,False,0,377837259.747699,False,0,0
E3A_H100_MF100,LA-0169,169,b0f2032de2442051dcc2a77a5d1150a6cc6f7c2c5317099a77f5cb39892e418c,M2,A1_FINAL_NO_MEMORY_V1,A1_FINAL_NO_MEMORY_V1_R1_WITNESS_GATED_INFEASIBLE_RETRY,certified,PASS,,,5fab9f4f404dfb3d6b0ea6fd13e18341f029a2f39a8972937366285f0b4e68e7,f5a9075c416dfa5a555e46b39cbd768ff4c206a17a2bdce149fab9e920dd5e11,1.0,19137905.85543848,4.0,1.0,1.0,1.0,1.0,1.0,0.9,28ff9d3d984248d26b78068daaa4951b3c7880708c0be5bad6a148a8cd8b702e,3,2,2,cd62d5794e5fb80a98d26d392de63e5e602d25213ea8882d3ee5feee2c76bc24,P4,False,False,False,Q[NONE]|F[Crackers],1212023442.5426526,1212023442.5426526,0.0,5519770.401471809,0.0,5519770.401471809,h09,5,Katrina,1206503672.1411808,13618135.453966668,1192885536.6872141,1711008391.5654953,170948952.49889117,19137905.85543848,0.0,1.0,0.0,0.2884208148564613,0.0,0.7115791851435386,0.0,0.0,NONE,1,0,0,False,False,False,0.0,10400000.0,0.0,0.0,NONE,1,0,0,False,False,False,0.0,9557344.06438629,0.0,294481988.98163724,R0,1,0,0,False,True,False,170948952.49889117,1691051047.501109,c0c1d533570113f564308d161976da7cb2efee0ef57e68ab995d466b4ba20c4e,E3A,LA-0169,169,0.2,0.85,0.4637882840291249,0.741769416507778,0.06904474971226952,0.5794226257059637,1.0,26944320.000000004,531999999.99999845,633941216.6872157,False,0,294481988.98163724,False,0,0
E3A_H100_MF100,LA-0099,99,b829dc14128adbea04f3b65d0574792a25510f5aa3afd71e43c7ebb5c51b5754,M2,A1_FINAL_NO_MEMORY_V1,A1_FINAL_NO_MEMORY_V1_R1_WITNESS_GATED_INFEASIBLE_RETRY,certified,PASS,,,4a0c8d94e07f1b82b530142ffbe54ca418fde45f012839abef5a8400306f8d11,8376277f851c2a652655e28003f0764d8802f86bb04285fc649554aa0f9f3790,1.0,19137905.85543848,4.0,1.0,1.0,1.0,1.0,1.0,0.9,07c256e8a2904442dc00776fdd345970d1b8312905ee30e1cc6e314decb0e9c0,3,2,2,505ef6db0ab07b8002ba09a8819171ccb71b15c490db70eb0338a0b1a77bbadc,P4,False,False,False,Q[NONE]|F[Crackers],1206782221.0258622,1206782221.0258622,0.0,4406010.829153836,0.0,4406010.829153836,h09,5,Katrina,1202376210.1967084,14731895.026284643,1187644315.1704237,1697027326.9133654,184930017.1510211,19137905.85543848,0.0,1.0,0.0,0.2302242921684018,0.0,0.7697757078315982,0.0,0.0,NONE,1,0,0,False,False,False,0.0,10400000.0,0.0,0.0,NONE,0,1,0,False,False,False,0.0,9557344.06438629,0.0,235062464.21008512,R0,1,0,0,False,True,False,184930017.1510211,1677069982.848979,8dbac52849c1cbe5f735978496081bd200c14216bf7c440239316443de3d931e,E3A,LA-0099,99,0.2,0.85,0.3978396943669255,0.4537991181668661,0.2762187048262792,0.33643634480486373,1.0,26944320.000000004,531999999.99999845,628699995.1704252,False,0,235062464.21008512,False,0,0
E3A_H100_MF100,LA-0456,456,b066efd1277392e47a13fc2f7059978a970609a31cf8da91e84df2298f8679ae,M2,A1_FINAL_NO_MEMORY_V1,A1_FINAL_NO_MEMORY_V1_R1_WITNESS_GATED_INFEASIBLE_RETRY,certified,PASS,,,eeeb17f6098a9019cea7afd28090f0f0792b4c644d7bb970f9db517f53624650,8df0a3ec0033c730496748fc8103abeca5fb570bf01873b086bd19cce5cafef1,1.0,19137905.85543848,4.0,1.0,1.0,1.0,1.0,1.0,0.9,2ac311f0f021fd28a062fdd3a0e26e87672a9fb10bf218a50d0d18fd77acd12d,3,2,2,b9497f13a598a839bc7d72eab9cc06d6482b0ced1bf6e987cf9e61a38630c48e,P4,False,False,False,Q[NONE]|F[Water+Crackers],1209592764.8219411,1209592764.8219411,0.0,5003251.385820642,0.0,5003251.385820642,h09,5,Katrina,1204589513.4361205,14134654.469617836,1190454858.9665027,1765999029.3143444,115958314.75004187,19137905.85543848,0.0,1.0,0.0,0.2614314974487584,0.0,0.7385685025512416,0.0,15645498.21353019,R0,1,0,0,False,True,False,10400000.0,0.0,0.0,0.0,NONE,0,1,0,False,False,False,0.0,9557344.06438629,0.0,158799271.61971515,R0,1,0,0,False,True,False,105558314.75004187,1756441685.249958,c76c5826898873a9141969392c6c81bb45b22ddf93717265edd2b53cda953c1f,E3A,LA-0456,456,0.2,0.85,0.1434798012494813,0.7095898496155966,0.2583196429740997,0.4802786657305189,1.0,0.0,531999999.99999845,658454858.9665042,False,0,174444769.83324534,False,0,0
E3A_H100_MF100,LA-0383,383,d9bc9e10cb7d887e13c11bb324c909d2b0a56792655b93008f11fe567fdce922,M2,A1_FINAL_NO_MEMORY_V1,A1_FINAL_NO_MEMORY_V1_R1_WITNESS_GATED_INFEASIBLE_RETRY,certified,PASS,,,5a013b02bd89601206538138c897f96793bcf70e706411f46ced7fa2e161ecbe,be3824fbe17715ac3cb092fb5c8155775423b091ceddeae3e2e3073ed690e23f,1.0,19137905.85543848,4.0,1.0,1.0,1.0,1.0,1.0,0.9,9f3ccfac543059329c86b33d5aef12b25c9cb569ab1e24e96a323ac55543b277,3,2,2,c2557e96bab2b5a728a9c9b724b1747d2b1855a2ed1ef3705060ee22567d919c,P4,False,False,False,Q[NONE]|F[Crackers],1216309180.9541662,1216309180.9541662,0.0,6430489.813918445,0.0,6430489.813918445,h09,5,Katrina,1209878691.1402478,12707416.041520033,1197171275.0987277,1722440685.663643,159516658.40074357,19137905.85543848,0.0,1.0,0.0,0.33600801793530993,0.0,0.66399198206469,0.0,0.0,NONE,1,0,0,False,False,False,0.0,10400000.0,0.0,0.0,NONE,0,0,1,False,False,False,-1.5746962017744763e-10,9557344.06438629,0.0,343069238.89876467,R0,1,0,0,False,True,False,159516658.40074357,1702483341.5992565,9fe0af7e71538c441aa9f4fe12bb450785ebe6a8b9ff5e001599e2b48fd18d02,E3A,LA-0383,383,0.2,0.85,0.12922936601471202,0.633333784607357,0.07885929304035873,0.19882248742551908,1.0,26944320.000000004,531999999.99999845,638226955.0987293,False,0,343069238.89876467,False,0,0
E3A_H100_MF100,LA-0249,249,146da0e0e6aea1f7a59231966d2e650e4f12af806ffbc15f14ebeb711ae0f5d0,M2,A1_FINAL_NO_MEMORY_V1,A1_FINAL_NO_MEMORY_V1_R1_WITNESS_GATED_INFEASIBLE_RETRY,certified,PASS,,,254b17ee46282d2069c5464d957fa7f9ac1c427e46da20492e954f8c3dabcd52,ee3a2e7ce817799fd6ea5e74d35335d6873f2f59e0b3a4b188c4629115bf3e51,1.0,19137905.85543848,4.0,1.0,1.0,1.0,1.0,1.0,0.9,bc231777b8a39334c1f940dbee250655958ae7f3b641c18a94e4b57fbd1c9b7f,3,2,2,bdfb4bb7120dc560079a1198743d23e000d4770cf521509c22f228fb591de8be,P4,False,False,False,Q[NONE]|F[Water+Crackers],1211593671.49394,1211593671.49394,0.0,5428444.053620379,0.0,5428444.053620379,h09,5,Katrina,1206165227.4403198,13709461.801818099,1192455765.6385016,1771336488.4265904,110620855.63779594,19137905.85543848,0.0,1.0,0.0,0.2836488012128956,0.0,0.7163511987871044,0.0,17501578.883147776,R0,1,0,0,False,True,False,10399999.999999996,1.862645149230957e-09,0.0,0.0,NONE,0,0,1,False,False,False,0.0,9557344.06438629,0.0,168656077.95013955,R0,1,0,0,False,True,False,100220855.63779594,1761779144.362204,036944fb94e87a4f4d644f5be8e00e7ca5f3e2d1ed6bc6716d8248c8d43c4e61,E3A,LA-0249,249,0.2,0.85,0.2832258483923703,0.795528218359151,0.06999731949055023,0.19724107378441888,1.0,4.825741052627564e-09,531999999.99999845,660455765.6385031,False,0,186157656.83328733,False,0,0
E3A_H100_MF100,LA-0060,60,3fbff512e96462ac99227b6ccf0461dceeb78c53d1cad8a9a62586e56ff6ae78,M2,A1_FINAL_NO_MEMORY_V1,A1_FINAL_NO_MEMORY_V1_R1_WITNESS_GATED_INFEASIBLE_RETRY,certified,PASS,,,a8c32787e30199410f9a8760f92c3f8e12faa7073153a06e65a373152b2a09f6,5290e5de09e08a1d550a2322be614a052b5fa705a8bd137b7bcdbef688836034,1.0,19137905.85543848,4.0,1.0,1.0,1.0,1.0,1.0,0.9,d33e254523690a962f638eb11eef988e9bcb823d10417cbb6af48018588d17d0,3,2,2,504aa28ac94448e61e77bd359214644f08cd2a82ae014967d027307964ebc366,P4,False,False,False,Q[NONE]|F[Crackers],1210057661.383706,1210057661.383706,0.0,5102041.905195597,0.0,5102041.905195597,h09,5,Katrina,1204955619.4785104,14035863.95024288,1190919755.5282674,1705764630.47142,176192713.5929663,19137905.85543848,0.0,1.0,0.0,0.2665935313787602,0.0,0.7334064686212397,0.0,0.0,NONE,1,0,0,False,False,False,0.0,10400000.0,0.0,0.0,NONE,0,0,1,False,False,False,0.0,9557344.06438629,0.0,272196004.331818,R0,1,0,0,False,True,False,176192713.5929663,1685807286.4070337,acf30c419090f5f338e068187b4a9a7b488a53b8b069295a4db7c8a435c96f88,E3A,LA-0060,60,0.2,0.85,0.07548062644477785,0.8870749290202757,0.19102212936640758,0.5865654921329011,1.0,26944320.000000004,531999999.99999845,631975435.5282688,False,0,272196004.331818,False,0,0
E3A_H100_MF100,LA-0999,999,763b37c09980bbdc1fc1b17613fcac2648630c41f36f572432a9eab7f3653a72,M2,A1_FINAL_NO_MEMORY_V1,A1_FINAL_NO_MEMORY_V1_R1_WITNESS_GATED_INFEASIBLE_RETRY,certified,PASS,,,d264ef818d4ceec7e9990ac1ee123c72e6a8bcfc70a27936e2984ffaa1245f67,647d54a1f95e0aee764311855c83e5f7f2a83835c84fcf2c1cd6a618e1099ede,1.0,19137905.85543848,4.0,1.0,1.0,1.0,1.0,1.0,0.9,6e86b3614753ea1f6ed26be85c68bdc51182f1e597980703a540b2ee7e1b7963,3,2,2,547951bf1becd0c4c75b07cf42e06253c023d3f30b0446f8c71ab5dc7b8f0983,P4,False,False,False,Q[NONE]|F[Water+Crackers],1215457414.0681202,1215457414.0681202,0.0,6249489.350633692,0.0,6249489.350633692,h09,5,Katrina,1209207924.7174866,12888416.504804786,1196319508.2126818,1781643100.0734649,100314243.99092145,19137905.85543848,0.0,1.0,0.0,0.3265503236268536,0.0,0.6734496763731463,0.0,21432223.981513318,R0,1,0,0,False,True,False,10400000.0,0.0,0.0,0.0,NONE,0,0,1,False,False,False,0.0,9557344.06438629,0.0,185294443.8790256,R0,1,0,0,False,True,False,89914243.99092145,1772085756.0090785,24a43f656836530469d8a886f2d946f95f13375741f4e2016cb8adda3977b1a9,E3A,LA-0999,999,0.2,0.85,0.47127005878954964,0.5223614340096946,0.29635091937059876,0.5644391262035384,1.0,0.0,531999999.99999845,664319508.2126833,False,0,206726667.86053893,False,0,0
E3A_H100_MF100,LA-0927,927,180dc572142d09eae64ab1ff4cdef1f3b9eae566ddd5fbe1049bd9da1419be57,M2,A1_FINAL_NO_MEMORY_V1,A1_FINAL_NO_MEMORY_V1_R1_WITNESS_GATED_INFEASIBLE_RETRY,certified,PASS,,,7704838a98a8f332e5731bcec7b81b2d8a6893befef932d9ee74a6d7ad09d65b,d8ff1d43537fef6c7e3b80efbfb0468334565b132d095a4a505543b883f497fc,1.0,19137905.85543848,4.0,1.0,1.0,1.0,1.0,1.0,0.9,d41a29adccb381204d39f7f8695bbe68dff0b7854b7ac8ef48953a2e6c1d3e20,3,2,2,3a9d2c74d0bc7f2ee47f4500ce6a05214c0aab1333c5e49ad9e808fadde8afc5,P4,False,False,False,Q[NONE]|F[Crackers],1214598019.700905,1214598019.700905,0.0,4205492.58572608,1861375.4618743788,6066868.047600459,h09,5,Katrina,1208531151.6533046,13071037.807838019,1195460113.8454666,1717876128.3299332,164081215.73445332,19137905.85543848,0.0,1.0,0.0,0.2197467485467326,0.09726118813283983,0.6829920633204276,0.0,0.0,NONE,1,0,0,False,False,False,0.0,10400000.0,0.0,0.0,NONE,1,0,0,False,False,False,0.0,9557344.06438629,0.0,224364734.62046948,R1,0,1,0,False,True,False,164081215.73445332,1697918784.2655468,394ca9675a427e196712650bf7762e98f1be6b4655884454081804152257c85d,E3A,LA-0927,927,0.2,0.85,0.47779602363110285,0.5587915286764196,0.08852116245274567,0.16133585697320083,1.0,26944320.000000004,531999999.99999845,636515793.8454682,False,0,224364734.62046948,True,1,0
E3A_H100_MF100,LA-0962,962,94051f5d79aaa9d30b40f544272cfd0efed889ed6139971b0f730f47cd1b503a,M2,A1_FINAL_NO_MEMORY_V1,A1_FINAL_NO_MEMORY_V1_R1_WITNESS_GATED_INFEASIBLE_RETRY,certified,PASS,,,c9dc6474d2130c70cfaee85186cd408018a6750d08f3d4c94a4f9ac6756e70ee,6f3e5214d29b0be78617801c9bfa0c2f5c060dbb24850937ae32ac568505da15,1.0,19137905.85543848,4.0,1.0,1.0,1.0,1.0,1.0,0.9,3e867989f1311021806fdd7c478c1f10d9ad7945201cfdc9ed11136237b64991,3,2,2,23de1cf8b9e3e52f8273cbd9273220ec091043ed00cc5c93e77088b210cd275e,P4,False,False,False,Q[NONE]|F[Water+Crackers],1208662124.0436895,1208662124.0436895,0.0,4805490.220442189,0.0,4805490.220442189,h09,5,Katrina,1203856633.8232472,14332415.634996288,1189524218.188251,1763516526.1713345,118440817.89305177,19137905.85543848,0.0,1.0,0.0,0.2510980175543396,0.0,0.7489019824456603,0.0,14819739.613530943,R0,1,0,0,False,True,False,10400000.0,0.0,0.0,0.0,NONE,0,1,0,False,False,False,-1.5746962017744763e-10,9557344.06438629,0.0,153955460.46230212,R0,1,0,0,False,True,False,108040817.89305177,1753959182.1069481,1cf774f6f7be42f05a11653c0b0bfbf91062ed5d2b41b558363d0a63e171cb3f,E3A,LA-0962,962,0.2,0.85,0.06825144794069102,0.4117575675040098,0.28803105980765226,0.39489701853678016,1.0,0.0,531999999.99999845,657524218.1882527,False,0,168775200.07583305,False,0,0
E3A_H100_MF100,LA-0044,44,a038cf45cee562876a7617518296aa0442df2ad4ac8f6514371e7f89246f5f5a,M2,A1_FINAL_NO_MEMORY_V1,A1_FINAL_NO_MEMORY_V1_R1_WITNESS_GATED_INFEASIBLE_RETRY,certified,PASS,,,7e9ecf02764c9d67ea629043a549125e6ee119e53b8ca06bf59dcb60a9a38f88,8a631e7a6564fb4bb35ddb5d11383c2d115abded53f046b705138aa3cf9cb54b,1.0,19137905.85543848,4.0,1.0,1.0,1.0,1.0,1.0,0.9,cb4243a645db41a248f78acd6c66ac52be2650a5dc6e882b1b44cc4f8de64750,3,2,2,5def40721a92a091eefec763ef95f4dc2992092984c09fa902fab886d7b92336,P4,False,False,False,Q[NONE]|F[Water+Crackers],1217183692.6182663,1217183692.6182663,0.0,6616323.542539757,0.0,6616323.542539757,h09,5,Katrina,1210567369.0757265,12521582.312898722,1198045786.7628279,1786247983.1030908,95709360.96129549,19137905.85543848,0.0,1.0,0.0,0.34571826157560365,0.0,0.6542817384243963,0.0,23354995.660493135,R0,1,0,0,False,True,False,10400000.0,0.0,0.0,0.0,NONE,0,0,1,False,False,False,0.0,9557344.06438629,0.0,191576899.52408642,R0,1,0,0,False,True,False,85309360.96129549,1776690639.0387044,de63716c60854e1e04bdab3a1158003b1f72e51146dd294317dc2b4038c4dfcf,E3A,LA-0044,44,0.2,0.85,0.4923041643560827,0.7714197381512915,0.19545739599422818,0.4895583794674764,1.0,0.0,531999999.99999845,666045786.7628295,False,0,214931895.18457955,False,0,0
E3A_H100_MF100,LA-0048,48,094350cdea0997d0c0c41a1c2a14236c8020c9c96601c54849ba12b930a914a4,M2,A1_FINAL_NO_MEMORY_V1,A1_FINAL_NO_MEMORY_V1_R1_WITNESS_GATED_INFEASIBLE_RETRY,certified,PASS,,,a43dbcd5272eb41de407f4e2dd0f229570c37797960f747c958bd2ecdc85b053,79a18b87b598bd2bac3ebf609641e3bea297ef5c29775c0b9928e55533cca442,1.0,19137905.85543848,4.0,1.0,1.0,1.0,1.0,1.0,0.9,b6e4bc5f59235ba69523ff5482ec59a1ac61940b00a2a4aa2589c2a2a8245777,3,2,2,fc1aca2703d54a3498d7e3bad72608e8eb0d1e4bb0e5807586a72308f1d1e6d9,P4,False,False,False,Q[NONE]|F[Water+Crackers],1220809503.0397277,1220809503.0397277,0.0,7386808.257100264,0.0,7386808.257100264,h09,5,Katrina,1213422694.7826273,11751097.598338217,1201671597.1842892,1795919905.908952,86037438.1554344,19137905.85543848,0.0,1.0,0.0,0.38597787620535984,0.0,0.6140221237946403,0.0,27784376.925777834,R0,1,0,0,False,True,False,10400000.0,0.0,0.0,0.0,NONE,0,1,0,False,False,False,0.0,9557344.06438629,0.0,202071066.48180762,R0,1,0,0,False,True,False,75637438.1554344,1786362561.8445656,b0664793f1a8106f3fc77cf98c1e9d4b0aa2b62213f39a31be3416787fbc828f,E3A,LA-0048,48,0.2,0.85,0.10678966460440423,0.45953980664327226,0.2413096672428475,0.31138977222051445,1.0,0.0,531999999.99999845,669671597.1842908,False,0,229855443.40758544,False,0,0
E3A_H100_MF100,LA-0976,976,c649e11efae62a4f0f713e10c1efc11152d19ba019172ea5de07228ead73426d,M2,A1_FINAL_NO_MEMORY_V1,A1_FINAL_NO_MEMORY_V1_R1_WITNESS_GATED_INFEASIBLE_RETRY,certified,PASS,,,65fd2aa1b53b27d20be50a757b62f8c02de127e105ee6d2ec55185bef8d70d0b,97fa21dd78fdecc530542ba851160e10a13a1bbdd32b14ddffcf255601869b96,1.0,19137905.85543848,4.0,1.0,1.0,1.0,1.0,1.0,0.9,f66af5aa43c830db2f06277da4f5637236ec80f70786d2c7abf375654f5c7caf,3,2,2,5d3a36f586dd6239c189651e32fbf1c5eb034d537043ba05fd7ffc40c3e10449,P4,False,False,False,Q[NONE]|F[Crackers],1220327654.0541139,1220327654.0541139,0.0,7284415.347657342,0.0,7284415.347657342,h09,5,Katrina,1213043238.7064564,11853490.507781135,1201189748.1986754,1733160044.1248777,148797299.93950862,19137905.85543848,0.0,1.0,0.0,0.3806276090331643,0.0,0.6193723909668357,0.0,0.0,NONE,1,0,0,False,False,False,0.0,10400000.0,0.0,0.0,NONE,1,0,0,False,False,False,0.0,9557344.06438629,0.0,388626512.35901314,R0,1,0,0,False,True,False,148797299.93950862,1713202700.0604913,9d548e9958762025f2cc26c90f7994ebb1dfb9dabdbbcd13415426d4444cf9f4,E3A,LA-0976,976,0.2,0.85,0.33806998432936053,0.7934982191409504,0.14146273140263557,0.27795956423865587,1.0,26944320.000000004,531999999.99999845,642245428.198677,False,0,388626512.35901314,False,0,0
E3A_H100_MF100,LA-0267,267,6eae671f5585cb18e3e7c982f8cc203ebda7a751b2b05ca40208762b7e981b65,M2,A1_FINAL_NO_MEMORY_V1,A1_FINAL_NO_MEMORY_V1_R1_WITNESS_GATED_INFEASIBLE_RETRY,certified,PASS,,,03e44916b61d3603361f7cc449c974bfb0f3c786411176e68e355ca288152062,4c4780998842ec4cec15aadc2d48cb9224a110b7f2905f348636db89394aeea3,1.0,19137905.85543848,4.0,1.0,1.0,1.0,1.0,1.0,0.9,8bd1ebb8091b5868673b8c35668c92d74e6898339e1719ee9931d985b8e20223,3,2,2,73f038a1c465e09224b0e26444d497b6fd682a7308d91fa785ae31d1977a6c3c,P4,False,False,False,Q[NONE]|F[Water+Crackers],1211207790.283717,1211207790.283717,0.0,5346444.296447995,0.0,5346444.296447995,h09,5,Katrina,1205861345.987269,13791461.558990486,1192069884.4282784,1770307142.4752915,111650201.58909498,19137905.855438482,-3.725290298461914e-09,1.0000000000000002,0.0,0.27936412357931417,0.0,0.7206358764206859,0.0,17134720.413222045,R0,1,0,0,False,True,False,10400000.0,0.0,0.0,0.0,NONE,0,1,0,False,False,False,0.0,9557344.06438629,0.0,166816720.77033776,R0,1,0,0,False,True,False,101250201.58909498,1760749798.4109051,109ee1d8c3ae9b5a21193b7081c41a2ed6aca85631a5aefd82c529a239ea5a46,E3A,LA-0267,267,0.2,0.85,0.07264264150634009,0.4248037236360594,0.20367951531160627,0.4649479015673238,1.0,0.0,531999999.99999845,660069884.4282801,False,0,183951441.1835598,False,0,0
E3A_H100_MF100,LA-0650,650,896e1ab448726f2971ba9a04b3ebaf173c1cdfc6a202764ddb5b4de5a49689f7,M2,A1_FINAL_NO_MEMORY_V1,A1_FINAL_NO_MEMORY_V1_R1_WITNESS_GATED_INFEASIBLE_RETRY,certified,PASS,,,3a724b79f40305c31bdcc3d3670f84035fe283684d05c1a45d916ce2a7a417f9,124f37c6e6a2bd256a75b71b8219d476403ad8efaf0bae6c04160baa7cba9d17,1.0,19137905.85543848,4.0,1.0,1.0,1.0,1.0,1.0,0.9,cdf632af2597518dc0f91e6ae14e8f78f59d1dc1de9b55255cb612a221eadf10,3,2,2,eec984c833f85963bc7ba54f3f2640183332af3a61f4ab99ea16570c1a5b9229,P4,False,False,False,Q[NONE]|F[Crackers],1209605036.466791,1209605036.466791,0.0,5005859.110351203,0.0,5005859.110351203,h09,5,Katrina,1204599177.3564398,14132046.745087275,1190467130.6113524,1704557244.329415,177400099.7349712,19137905.85543848,0.0,1.0,0.0,0.2615677571080052,0.0,0.7384322428919947,0.0,0.0,NONE,1,0,0,False,False,False,0.0,10400000.0,0.0,0.0,NONE,1,0,0,False,False,False,0.0,9557344.06438629,0.0,267064613.2282972,R0,1,0,0,False,True,False,177400099.7349712,1684599900.2650287,736a40d9a41be0b0dcb0f62a4bae3bf7d80677362bcb62cc37a1ebc6b0960a94,E3A,LA-0650,650,0.2,0.85,0.49587937989273084,0.6047833473491717,0.06842176974218925,0.19543386184627928,1.0,26944320.000000004,531999999.99999845,631522810.611354,False,0,267064613.2282972,False,0,0
E3A_H100_MF100,LA-0867,867,28d7dc1f1b6dced946b0bc1468f120ff95e0d44e9be3e0ae9a3210a423a24db5,M2,A1_FINAL_NO_MEMORY_V1,A1_FINAL_NO_MEMORY_V1_R1_WITNESS_GATED_INFEASIBLE_RETRY,certified,PASS,,,8443e767c82b33994dc83c4efac6eeaaaa802a5fd36dbc144a87feac6008f912,b3bdff28740b1eac33d6fba4f8eb5a7b8d53fc1a378298676b30412222b9808d,1.0,19137905.85543848,4.0,1.0,1.0,1.0,1.0,1.0,0.9,275bb1dfab84ed769941dd6c844ef5e3525703bdbe0b48746798dcfc51846cdf,3,2,2,2440f45ea430f31a4739b83e1508ee2e41e14dcba0765166813881f9d0fbe700,P4,False,False,False,Q[NONE]|F[Water+Crackers],1221401260.0832431,1221401260.0832431,0.0,7512556.628847275,0.0,7512556.628847275,h09,5,Katrina,1213888703.4543958,11625349.226591203,1202263354.2278047,1797498429.819311,84458914.2450755,19137905.85543848,0.0,1.0,0.0,0.39254852049094013,0.0,0.6074514795090599,0.0,28563013.163985185,R0,1,0,0,False,True,False,10400000.0,0.0,0.0,0.0,NONE,0,1,0,False,False,False,0.0,9557344.06438629,0.0,203398629.08582127,R0,1,0,0,False,True,False,74058914.2450755,1787941085.7549245,1b4eb7d0eb96d8a52c66c1fc0aab6fc54534c10e97d7c890438c46d9650e3bfa,E3A,LA-0867,867,0.2,0.85,0.25676937925203397,0.6719648865520937,0.160103370361622,0.5411940761962077,1.0,0.0,531999999.99999845,670263354.2278061,False,0,231961642.24980646,False,0,0
E3A_H100_MF100,LA-0416,416,669e449e72b58dc8c22a12ea129611eccdb1ec6b9fcc545c816093c674e68f3a,M2,A1_FINAL_NO_MEMORY_V1,A1_FINAL_NO_MEMORY_V1_R1_WITNESS_GATED_INFEASIBLE_RETRY,certified,PASS,,,19beca9c0cddf5a0bf2419c1f8d420c9f17068ef04090cd824ecdb7b1ad9d3b5,196e4764770d5eb92c5b568befa76ba1eb3b61c69d5eec01f5fe19d6c632da52,1.0,19137905.85543848,4.0,1.0,1.0,1.0,1.0,1.0,0.9,63c46ca61d986eb3d940056497941dce9ad68145d70f5b17fa05d16c8fb73fb2,3,2,2,24cb6490cbfc3e7bf20186915c2aece56a99ae37120ae7c9dc0e7b0ac6c657cf,P4,False,False,False,Q[NONE]|F[Water+Crackers],1213863500.5925326,1213863500.5925326,0.0,5910782.737071317,0.0,5910782.737071317,h09,5,Katrina,1207952717.8554614,13227123.118367162,1194725594.7370942,1777391303.5636814,104566040.50070502,19137905.85543848,0.0,1.0,0.0,0.30885211693063225,0.0,0.6911478830693677,0.0,19751581.25017916,R0,1,0,0,False,True,False,10399999.999999996,1.862645149230957e-09,0.0,0.0,NONE,0,0,1,False,False,False,0.0,9557344.06438629,0.0,178839249.99589777,R0,1,0,0,False,True,False,94166040.50070502,1767833959.499295,9f8073a3201df48861c645653272ff2880e0d9a0e754b239184c821454a27100,E3A,LA-0416,416,0.2,0.85,0.4425858348603637,0.5809735604229672,0.10571486286479453,0.5834198042175531,1.0,4.825741052627564e-09,531999999.99999845,662725594.7370957,False,0,198590831.24607694,False,0,0
E3A_H100_MF100,LA-0205,205,23884bb8c90f192c69fd9bf16e5ebb5435e6ef34e9ccca458cad5799c9599c75,M2,A1_FINAL_NO_MEMORY_V1,A1_FINAL_NO_MEMORY_V1_R1_WITNESS_GATED_INFEASIBLE_RETRY,certified,PASS,,,921b350ac8ca46b890ae7181a3398a042d2118d03535c3224b64e09863c081fe,c763180599e9d4cc67606fbf7025803b10dfad8ff6a770a6cb94a45968c57c04,1.0,19137905.85543848,4.0,1.0,1.0,1.0,1.0,1.0,0.9,2f65d9fd081dcfc1dcca904b63f9741cc6b64949cc57f54ce0316acd0b96a446,3,2,2,bbe228cea05f6f1bc3417e46af809a634bedda3f7fc4aed154c7a6d634fcf288,P4,False,False,False,Q[NONE]|F[Vaccine],1216555111.6103163,1216555111.6103163,0.0,5809081.945091219,673668.1332591173,6482750.078350336,h09,5,Katrina,1210072361.531966,12655155.77708814,1197417205.7548778,1880887466.329313,1069877.7350733087,19137905.855438475,3.725290298461914e-09,0.9999999999999998,0.0,0.3035380145022729,0.03520072354560564,0.6612612619521213,0.0,0.0,NONE,1,0,0,False,False,False,0.0,10400000.0,0.0,2087195.2950169654,R1,0,1,0,False,True,False,1069877.7350733087,8487466.32931298,0.0,0.0,NONE,1,0,0,False,False,False,0.0,1862000000.0,ffe7fa9a422cb7980eaae2363421abacfd47fdb80c9286c1bfd00ec122340f42,E3A,LA-0205,205,0.2,0.85,0.30303807719514203,0.8454361457436448,0.023193617842777355,0.24531543486680657,1.0,26944320.000000004,472446325.75487775,698026560.0,True,1,2087195.2950169654,True,1,0
E3A_H100_MF100,LA-0120,120,dcb80b654ab21716af1c3fba71c854c2b5e8f2ab0511c85b235a3e410f4810b5,M2,A1_FINAL_NO_MEMORY_V1,A1_FINAL_NO_MEMORY_V1_R1_WITNESS_GATED_INFEASIBLE_RETRY,certified,PASS,,,1fe46b47aad3541f340f672d7be6806b58a577608c5a02516420095633fe1327,8bdaf3a01e7b970e822535518c1c10e878cf0d145b99c409510ee9ecf2adc63e,1.0,19137905.85543848,4.0,1.0,1.0,1.0,1.0,1.0,0.9,cd237676a744ccfc8c3454559964cefe5060ea3d94b64b60034f2a35079fec4b,3,2,2,27991d0fea18f3f130539ef18529ca9b97504247a3d4c4e8b82ec3a93f073392,P4,False,False,False,Q[NONE]|F[Water+Crackers],1217666973.0765026,1217666973.0765026,0.0,6719020.6399149,0.0,6719020.6399149,h09,5,Katrina,1210947952.4365876,12418885.215523578,1198529067.221064,1787537143.5230546,94420200.54133187,19137905.85543848,0.0,1.0,0.0,0.3510844232732776,0.0,0.6489155767267224,0.0,23913636.943275176,R0,1,0,0,False,True,False,10399999.999999996,1.862645149230957e-09,0.0,0.0,NONE,0,0,1,False,False,False,0.0,9557344.06438629,0.0,193195054.96601757,R0,1,0,0,False,True,False,84020200.54133187,1777979799.4586682,f8de4255b91af5aa90ed0c42ca9cb0e7aab9d378b63a3115d884e5dab5edc370,E3A,LA-0120,120,0.2,0.85,0.09730231602074527,0.40479915177405534,0.17697241958362528,0.2919664369873265,1.0,4.825741052627564e-09,531999999.99999845,666529067.2210655,False,0,217108691.90929276,False,0,0
E3A_H100_MF100,LA-0327,327,26b0ad5717f7a58cc774343f1b9c7b20588ccb2ed4387459b73a4ebb14338ef5,M2,A1_FINAL_NO_MEMORY_V1,A1_FINAL_NO_MEMORY_V1_R1_WITNESS_GATED_INFEASIBLE_RETRY,certified,PASS,,,40f83f23f143651f6105861a3aef8129674176a27192ae8a7c85811613a154b0,451c3296693ce823d2d54db30d87c28dc34d70d80e683eab665c4a069080457e,1.0,19137905.85543848,4.0,1.0,1.0,1.0,1.0,1.0,0.9,ed1d1bfd4b3b379fdcfb53410f04eaacc89a98dfdbd3d833741d90b97140ebc5,3,2,2,6822c9ca81d36910c7378c029ee68caca9604ed7d8064d65aaea140d41168e95,P4,False,False,False,Q[NONE]|F[Water+Crackers],1207031957.5403678,1207031957.5403678,0.0,4459079.838486336,0.0,4459079.838486336,h09,5,Katrina,1202572877.7018814,14678826.016952142,1187894051.6849294,1759168023.9751074,122789320.08927898,19137905.85543848,0.0,1.0,0.0,0.23299727107912307,0.0,0.767002728920877,0.0,13426913.612402048,R0,1,0,0,False,True,False,10400000.0,0.0,0.0,0.0,NONE,0,1,0,False,False,False,0.0,9557344.06438629,0.0,145100162.6726299,R0,1,0,0,False,True,False,112389320.08927898,1749610679.910721,53d56895bea6727b519a10290382ebf446a707904580de659c867d21cd4a3428,E3A,LA-0327,327,0.2,0.85,0.14446270055994798,0.4406035593414945,0.22111865191379917,0.3210847507799349,1.0,0.0,531999999.99999845,655894051.684931,False,0,158527076.28503194,False,0,0
E3A_H100_MF100,LA-0598,598,242e4b2709d58e8d94223acc7cd58866ffb48aeb717b44660a55306eaf0e733b,M2,A1_FINAL_NO_MEMORY_V1,A1_FINAL_NO_MEMORY_V1_R1_WITNESS_GATED_INFEASIBLE_RETRY,certified,PASS,,,8a712d4069c54ce6f19ffec4bb4deae6a809c0181e6d540ede1cfb941221d9b3,09b955f181489b43197b53c4787e05fb02018fafc5c2652cc76e0cc844ba77c9,1.0,19137905.85543848,4.0,1.0,1.0,1.0,1.0,1.0,0.9,b77b4e4f0db1458b9f3c3e857a6463de96efa9a98b24292f7f1bea253b207bc8,3,2,2,9d85421817f2143f99bc21eecb539b717169f753f3eb36f8d69c4c2488b80961,P4,False,False,False,Q[NONE]|F[Crackers],1211489263.3420243,1211489263.3420243,0.0,5406257.321338285,0.0,5406257.321338285,h09,5,Katrina,1206083006.0206861,13731648.53410019,1192351357.4865859,1709583457.7183218,172373886.3460645,19137905.855438475,3.725290298461914e-09,0.9999999999999998,0.0,0.28248949295578085,0.0,0.7175105070442189,0.0,0.0,NONE,1,0,0,False,False,False,0.0,10400000.0,0.0,0.0,NONE,0,0,1,False,False,False,0.0,9557344.06438629,0.0,288426020.1311505,R0,1,0,0,False,True,False,172373886.3460645,1689626113.6539354,83f0500e8f1e93f328097ae59dbbce31408dcc59a911a8034279714d2c06cc93,E3A,LA-0598,598,0.2,0.85,0.37937579219793566,0.8947234568149427,0.18016815374436068,0.5033035960085473,1.0,26944320.000000004,531999999.99999845,633407037.4865873,False,0,288426020.1311505,False,0,0
E3A_H100_MF100,LA-0855,855,180156333d55d9a85e6f41be522acb01ef74398f9989bf6602a86b9ce3b9e979,M2,A1_FINAL_NO_MEMORY_V1,A1_FINAL_NO_MEMORY_V1_R1_WITNESS_GATED_INFEASIBLE_RETRY,certified,PASS,,,9316e9fb6506034c906b43b9731c126d354b40a9a28f8fde0ec2612542e890ee,0cbede78e4e5b494ff041ebef4ca71e6c24e4b85be1c648681f58d008c2b0524,1.0,19137905.85543848,4.0,1.0,1.0,1.0,1.0,1.0,0.9,4ffbefce6e5293ae9cdc8492b1675967df1905b1dcf862c158ad83ea1e10ebc8,3,2,2,4aa4badd6ee401d72e2c5b9dac3f22cc4aaa1b19f0366b7c46e9269b698f7ac3,P4,False,False,False,Q[NONE]|F[Water+Crackers],1215388767.8620842,1215388767.8620842,0.0,6234902.03185102,0.0,6234902.03185102,h09,5,Katrina,1209153865.830233,12903003.823587459,1196250862.0066457,1781459984.9271884,100497359.13719791,19137905.85543848,0.0,1.0,0.0,0.325788102363312,0.0,0.674211897636688,0.0,21358024.34655049,R0,1,0,0,False,True,False,10399999.999999996,1.862645149230957e-09,0.0,0.0,NONE,0,1,0,False,False,False,0.0,9557344.06438629,0.0,185028999.03963232,R0,1,0,0,False,True,False,90097359.13719791,1771902640.862802,f615c11e9b925c5fa6415cf8341c120ac91b1b326e8b0fefabb164787f379df7,E3A,LA-0855,855,0.2,0.85,0.07025189975533792,0.8689991808808489,0.24812257862372705,0.3149885971906497,1.0,4.825741052627564e-09,531999999.99999845,664250862.0066472,False,0,206387023.3861828,False,0,0
E3A_H100_MF100,LA-0477,477,0b1babee6d4db71c3411cbeaa0064089662b8b7c27268b0cfc424e8fc084c64b,M2,A1_FINAL_NO_MEMORY_V1,A1_FINAL_NO_MEMORY_V1_R1_WITNESS_GATED_INFEASIBLE_RETRY,certified,PASS,,,c69257aa3968295ce223d1014d03593a5ba31a75e2092d1d0afc93883b9fe084,3424fd463b0e258190a6ac5de6251fdb769cc1d83fabfeb84935eb3c6fd3cb83,1.0,19137905.85543848,4.0,1.0,1.0,1.0,1.0,1.0,0.9,a0ef4925552146c78f0d05e46c1c9bca006c47934134e60a7181e1d3f1c02537,3,2,2,923ecd10ed9f2c5a23673747e06134ef757f7236e348f80283a169f629beb11d,P4,False,False,False,Q[NONE]|F[Crackers],1213858406.0127745,1213858406.0127745,0.0,5909700.138872696,0.0,5909700.138872696,h09,5,Katrina,1207948705.8739018,13228205.71656578,1194720500.157336,1715903193.8225422,166054150.24184406,19137905.85543848,0.0,1.0,0.0,0.3087955486620454,0.0,0.6912044513379545,0.0,0.0,NONE,1,0,0,False,False,False,0.0,10400000.0,0.0,0.0,NONE,0,0,1,False,False,False,0.0,9557344.06438629,0.0,315284898.5740875,R0,1,0,0,False,True,False,166054150.24184406,1695945849.7581558,182a92a7d0f72841d84b308349aef7bdeacf291006ee7b1a486d6ee3df860e03,E3A,LA-0477,477,0.2,0.85,0.1404586118712995,0.6624133305399225,0.16963810292877,0.4897692804361553,1.0,26944320.000000004,531999999.99999845,635776180.1573374,False,0,315284898.5740875,False,0,0
E3A_H100_MF100,LA-0574,574,b143113ec1f2e817a46d9ef9824fa874efd91615efe1b48fc0a2871735a443b0,M2,A1_FINAL_NO_MEMORY_V1,A1_FINAL_NO_MEMORY_V1_R1_WITNESS_GATED_INFEASIBLE_RETRY,certified,PASS,,,5e5854495b95ef45c037a768a3db535d7c6a9f4e19340aab1f8bffd27725722f,fcf25ee3a82cf0597d6b75f8c068027969fe19f7fc689579adfa06b07cc3d90c,1.0,19137905.85543848,4.0,1.0,1.0,1.0,1.0,1.0,0.9,79d84ce78ab3d4b65adba779e034118dbfb7b14093ca9eadbc4f10b666a63aa4,3,2,2,bfb3209eeef00774e2c8ff6b1ac4baae70752267ae5617a63093d6cb14e883e0,P4,False,False,False,Q[NONE]|F[Water+Crackers],1208193086.0040467,1208193086.0040467,0.0,4705819.637018076,0.0,4705819.637018076,h09,5,Katrina,1203487266.3670287,14432086.218420401,1189055180.1486082,1762265357.6917067,119691986.37267959,19137905.85543848,0.0,1.0,0.0,0.24588999823514174,0.0,0.7541100017648582,0.0,14412138.67546894,R0,1,0,0,False,True,False,10400000.0,0.0,0.0,0.0,NONE,0,0,1,False,False,False,0.0,9557344.06438629,0.0,151454929.20389614,R0,1,0,0,False,True,False,109291986.37267959,1752708013.6273203,c4effb1f5614640c026aa7abd20e9ac613a5e38c53d60b80a167ff9d1a7653fc,E3A,LA-0574,574,0.2,0.85,0.22277015809432582,0.445961879697241,0.06791204492174187,0.36781360248741035,1.0,0.0,531999999.99999845,657055180.1486098,False,0,165867067.8793651,False,0,0
E3A_H100_MF100,LA-0492,492,12ef2746456cf5a77c74b4c82e4b425d99de836f2bc702dc87adcd3961dabb6e,M2,A1_FINAL_NO_MEMORY_V1,A1_FINAL_NO_MEMORY_V1_R1_WITNESS_GATED_INFEASIBLE_RETRY,certified,PASS,,,7351045bc0f1db12e5d291e49a0753018c021f83bde6c0200c3e0b8d5bd5a3a5,9c25cecc18015806e241da32bf76bbf6ec3355fe3dde74259b6f3e4f9865571c,1.0,19137905.85543848,4.0,1.0,1.0,1.0,1.0,1.0,0.9,0a1718c68603a1884ce57651b333ccdee86d2ef55506069c6520ccebe6f2ea25,3,2,2,22e63df2294539d231f8302e39f4ec56496facde6831c93c1f295209943353e4,P4,False,False,False,Q[NONE]|F[Water+Crackers],1222768665.0793402,1222768665.0793402,0.0,7803130.19051793,0.0,7803130.19051793,h09,5,Katrina,1214965534.8888223,11334775.66492055,1203630759.2239017,1801146010.3680124,80811333.69637403,19137905.85543848,0.0,1.0,0.0,0.4077316635090715,0.0,0.5922683364909286,0.0,30428335.294566248,R0,1,0,0,False,True,False,10400000.0,0.0,0.0,0.0,NONE,0,1,0,False,False,False,0.0,9557344.06438629,0.0,206009583.67796728,R0,1,0,0,False,True,False,70411333.69637403,1791588666.303626,9599e1a82ab602fdb38d3606f2085e05fd09ba6e611c6b880f1fa8e0560d7e09,E3A,LA-0492,492,0.2,0.85,0.3232414592752794,0.407743910000981,0.29792167284728743,0.3544727663775856,1.0,0.0,531999999.99999845,671630759.2239033,False,0,236437918.97253352,False,0,0
E3A_H100_MF100,LA-0354,354,c17d41a53215417e5264499caf66e812c1888c03f25a53be7db763b45211baf3,M2,A1_FINAL_NO_MEMORY_V1,A1_FINAL_NO_MEMORY_V1_R1_WITNESS_GATED_INFEASIBLE_RETRY,certified,PASS,,,581ee44d8dda699724576a4fe4e7c97bebcd602e51292f872b8084372bd16334,6cc6f11e4970950b2ad75ee66b17b2cdb7488b1247bbc813a836421731133157,1.0,19137905.85543848,4.0,1.0,1.0,1.0,1.0,1.0,0.9,da21baee4878f86b2f61111f31874f2cfdea30a90cb9c8516effbfdc63fac112,3,2,2,97b343c4fb68815744cf1049e59c250ed2394f96383e36a595414cdc2c0547a9,P4,False,False,False,Q[NONE]|F[Vaccine],1206406284.8762095,1206406284.8762095,0.0,4326124.397352651,0.0,4326124.397352651,h09,5,Katrina,1202080160.4788568,14811781.458085826,1187268379.020771,1880705143.342569,1252200.7218171065,19137905.85543848,0.0,1.0,0.0,0.22605004069049084,0.0,0.773949959309509,0.0,0.0,NONE,1,0,0,False,False,False,0.0,10400000.0,0.0,1554370.6515351573,R0,1,0,0,False,True,False,1252200.7218171065,8305143.342569184,0.0,0.0,NONE,1,0,0,False,False,False,0.0,1862000000.0,453a06ccecc0117134884b27799381471c93e171f5b6a7e401f06c8b92399ded,E3A,LA-0354,354,0.2,0.85,0.42415519987069195,0.8681826033000783,0.16600456684124568,0.28506819207855,1.0,26944320.000000004,462297499.020771,698026560.0,False,0,1554370.6515351573,False,0,0
E3A_H100_MF100,LA-0003,3,59411aa182359257e699b7fb7a72fa14dc02ccf983236a3bbbfb7a7ce21e6809,M2,A1_FINAL_NO_MEMORY_V1,A1_FINAL_NO_MEMORY_V1_R1_WITNESS_GATED_INFEASIBLE_RETRY,certified,PASS,,,70c9052d394337c11352688cc1f16fc963e1387181473ec9b717f5a9589c3786,317e375adf5a11bf0fe3533f3a0b6f7d7c2affc0fe9c859db6cc7aa7e4dce291,1.0,19137905.85543848,4.0,1.0,1.0,1.0,1.0,1.0,0.9,980b33435c719bdf2dfe51c878eb919d390c58e9df767e58a81faf97e8ce6a1f,3,2,2,aca6307fc837be362fafdbe954ccd0dd07bda3ee939bb4fa5bafffbdde9e72c8,P1,False,False,False,Q[Water+Vaccine]|F[NONE],1221418491.1101248,1221418491.1101248,19137905.85543848,0.0,0.0,19137905.85543848,h09,5,Katrina,1202280585.2546864,0.0,1202280585.2546864,1871058889.502276,0.0,19137905.85543848,0.0,1.0,1.0,0.0,0.0,0.0,14045150.246489204,0.0,NONE,1,0,0,True,False,False,0.0,0.0,673160.5015277166,0.0,NONE,1,0,0,True,False,False,0.0,9058889.50227591,0.0,0.0,NONE,1,0,0,False,False,False,0.0,1862000000.0,dbb5116fb8fab721ec24758b73ad80dec423138cd1a20faba07b91f752baf154,E3A,LA-0003,3,0.2,0.85,0.20231421566201296,0.5631132543292243,0.09400434498139602,0.22539981000768083,1.0,0.0,504254025.2546863,698026560.0,False,0,0.0,False,0,0
E3A_H100_MF100,LA-0853,853,2010dc4b4f88ff2547d1e2cc5b1be6490307c83b91a28df220a8f21c7d098575,M2,A1_FINAL_NO_MEMORY_V1,A1_FINAL_NO_MEMORY_V1_R1_WITNESS_GATED_INFEASIBLE_RETRY,certified,PASS,,,3b6cb2b15ec9852c5b7195e1c6d413224214e174c83ed9bb1b037dc40e37b7a2,4cc93d720cc56deec6ad670feaf741a8be9026b93ab33bc427a700130e72df67,1.0,19137905.85543848,4.0,1.0,1.0,1.0,1.0,1.0,0.9,2fa59327ca1517225f95b2d1faab2e2cc578efc52a889d244cb9b52b8925c2e5,3,2,2,c4049db2f2c0b5ce1f16e48dd288d1e812f78c047dbaf8d4a92f6c3af15f9423,P4,False,False,False,Q[NONE]|F[Vaccine],1210206631.6289937,1210206631.6289937,0.0,4383887.096906227,749810.9854130482,5133698.0823192755,h09,5,Katrina,1205072933.5466745,14004207.773119202,1191068725.7735553,1880773416.3152766,1183927.7491097173,19137905.85543848,0.0,1.0,0.0,0.22906827580931194,0.039179364298104334,0.7317523598925837,0.0,0.0,NONE,1,0,0,False,False,False,0.0,10400000.0,0.0,1575124.7114494923,R1,0,1,0,False,True,False,1183927.7491097173,8373416.3152765725,0.0,0.0,NONE,1,0,0,False,False,False,0.0,1862000000.0,22170b21adde55511e6402ea11a08562abf8630a0c8a089ef0b1c49265fb9cc3,E3A,LA-0853,853,0.2,0.85,0.4692401014390713,0.6077697175864646,0.03420758650204293,0.4957804755182198,1.0,26944320.000000004,466097845.77355516,698026560.0,True,1,1575124.7114494923,True,1,0
E3A_H100_MF100,LA-0140,140,6a963df29f758b8110288d1c0b1c81706cdf15bf4d34b3231109c25b36aee0ac,M2,A1_FINAL_NO_MEMORY_V1,A1_FINAL_NO_MEMORY_V1_R1_WITNESS_GATED_INFEASIBLE_RETRY,certified,PASS,,,a77d493485ca64be1a13e4814beb7c753a5c66a79f30f8ce07aa21b6bd46f3b4,e7d025a19e180313f2233727477e2725de2e605115702b886887006e10ff3206,1.0,19137905.85543848,4.0,1.0,1.0,1.0,1.0,1.0,0.9,385bd200a76d87287d1704cceeae132ee806c48451fe1c8471f270d94c05ffdf,3,2,2,8b62f22b2889bd86aeb0ea0d69c4b1e4c690ef1168e0385ddc236826061499c5,P4,False,False,False,Q[NONE]|F[Water+Vaccine],1210412132.5252893,1210412132.5252893,0.0,5177367.022782079,0.0,5177367.022782079,h09,5,Katrina,1205234765.5025072,13960538.832656398,1191274226.6698508,1880474146.8309605,1483197.2334258833,19137905.85543848,0.0,1.0,0.0,0.2705294436021489,0.0,0.7294705563978511,0.0,500820.3724989615,R0,1,0,0,False,True,False,317750.5308003025,10082249.469199698,0.0,1836911.0203106361,R0,1,0,0,False,True,False,1165446.7026255808,8391897.36176071,0.0,0.0,NONE,1,0,0,False,False,False,0.0,1862000000.0,9bd82fe3462f84844bcf5a674d731b6e74dd0cbf07ca47c8b37a27f30bcaf3f9,E3A,LA-0140,140,0.2,0.85,0.4857033045083161,0.8743004449123971,0.11486736710981732,0.52273371867231,1.0,26121091.92480258,467126574.74504817,698026560.0,False,0,2337731.392809598,False,0,0
E3A_H100_MF100,LA-0146,146,9fc956653a31aec1282b742c24601978481a47163bd9f378ea475db8dbcb6ec0,M2,A1_FINAL_NO_MEMORY_V1,A1_FINAL_NO_MEMORY_V1_R1_WITNESS_GATED_INFEASIBLE_RETRY,certified,PASS,,,515ba8e08c709e0cebef0696595064605564167ccd8a264c99c57ed0b4e8561a,ca3ec62d46daba8bb10a23780e7356af4b4c878c874120399fbcccc172dbc223,1.0,19137905.85543848,4.0,1.0,1.0,1.0,1.0,1.0,0.9,a6c49bc72525bcebcfdf42e71eaa58b09fe209ec9ef8386cec036ff0f65464e0,3,2,2,3b970d8fc30be38b4c14fc24bc9ddbe234d66a46f5ab8df1da4148c5c497ee60,P4,False,False,False,Q[NONE]|F[Crackers],1215194772.5384693,1215194772.5384693,0.0,6193678.025582883,0.0,6193678.025582883,h09,5,Katrina,1209001094.5128865,12944227.829855593,1196056866.6830308,1719467978.622198,162489365.44218817,19137905.855438475,3.725290298461914e-09,0.9999999999999998,0.0,0.32363405235493964,0.0,0.6763659476450602,0.0,0.0,NONE,1,0,0,False,False,False,0.0,10400000.0,0.0,0.0,NONE,0,0,1,False,False,False,0.0,9557344.06438629,0.0,330435233.97262496,R0,1,0,0,False,True,False,162489365.44218817,1699510634.5578117,370d95fe81f9e62ea3d961e6a525551a2ce495697cac1bb8b7b860271e39b2c8,E3A,LA-0146,146,0.2,0.85,0.24438155585203225,0.7914084747398555,0.10858520078721302,0.5381915558440343,1.0,26944320.000000004,531999999.99999845,637112546.6830324,False,0,330435233.97262496,False,0,0
E3A_H100_MF100,LA-0506,506,a2a65063932d7c3c78c22cc2a0f80424a23974368a59bf20372a132ed4131cc4,M2,A1_FINAL_NO_MEMORY_V1,A1_FINAL_NO_MEMORY_V1_R1_WITNESS_GATED_INFEASIBLE_RETRY,certified,PASS,,,5c3445941c578820d8d855eb659af7eb4ceb0483f1a49e0f157adcd5008ce620,31a8a941d18001003f1a2f30b1555ab1f3dadfb9f1cc745573b03f51accf0b03,1.0,19137905.85543848,4.0,1.0,1.0,1.0,1.0,1.0,0.9,204dd0ebd7fcb668396c0423d7999540b2a3ac61f359341a7af7d8b50e3acd52,3,2,2,c32351a00cfb0c3f89179379bd6d0daee10d97ae15b1c75876137f09ab154bba,P2,True,False,True,Q[Water]|F[Crackers],1222532405.3023615,1222532405.3023615,9489698.047947412,3988894.939962536,0.0,13478592.987909948,h09,5,Katrina,1209053812.3144515,5659312.86752853,1203394499.446923,1800515782.6231906,71041561.44119568,19137905.85543848,0.0,1.0,0.4958587485814544,0.20842901883274753,0.0,0.29571223258579804,14651378.798745424,0.0,NONE,1,0,0,True,False,False,0.0,0.0,0.0,0.0,NONE,0,1,0,False,False,False,0.0,9557344.06438629,0.0,212809162.3966355,R0,1,0,0,False,True,False,71041561.44119568,1790958438.5588043,9ee759c94a0bdbb3ce402fd5b9e35ea047580f98195a81e3d99a4c71c31dea19,E3A,LA-0506,506,0.2,0.85,0.3169704524594032,0.40157335004598926,0.272639557995218,0.5496044603931984,1.0,0.0,531999999.99999845,671394499.4469246,False,0,212809162.3966355,False,0,0
E3A_H100_MF100,LA-0305,305,f663668923934c0c068ef34648887563acfd965684da967f6917923fff66d889,M2,A1_FINAL_NO_MEMORY_V1,A1_FINAL_NO_MEMORY_V1_R1_WITNESS_GATED_INFEASIBLE_RETRY,certified,PASS,,,acb6bacb6ab0f3ce710aa7eb671b93a03050faa8bc6ec574667bd65328be52bf,aea92386603e583eb83085db659c71d7825099b4b561eae4aeb2c265b4b88c1a,1.0,19137905.85543848,4.0,1.0,1.0,1.0,1.0,1.0,0.9,0abb9d2dd1e376d08a2650fe875c50998851f25dacf2a160a5dc76019e291820,3,2,2,30e1be4c637c532b2dcb2e5ee7015adc4e01caeb914c25f710d6d42793f60133,P4,False,False,False,Q[NONE]|F[Water+Crackers],1209514079.9543598,1209514079.9543598,0.0,4986530.851459605,0.0,4986530.851459605,h09,5,Katrina,1204527549.1029003,14151375.003978875,1190376174.0989213,1765789135.8348808,116168208.22950558,19137905.85543848,0.0,1.0,0.0,0.26055781072005674,0.0,0.7394421892799433,0.0,15574787.86143003,R0,1,0,0,False,True,False,10400000.0,0.0,0.0,0.0,NONE,0,0,1,False,False,False,0.0,9557344.06438629,0.0,158395904.39020264,R0,1,0,0,False,True,False,105768208.22950558,1756231791.7704945,fb4977a940977511cfd040c3436967ef8b81fde0eb870f3db2b68c5514b58899,E3A,LA-0305,305,0.2,0.85,0.3889253356343415,0.49136387229993084,0.10843348444065075,0.17913293051344106,1.0,0.0,531999999.99999845,658376174.098923,False,0,173970692.25163266,False,0,0
E3A_H100_MF100,LA-0406,406,43303d66b80307395ed570c527452ae2545ccf68ef7c3e344c42aa91a033c37f,M2,A1_FINAL_NO_MEMORY_V1,A1_FINAL_NO_MEMORY_V1_R1_WITNESS_GATED_INFEASIBLE_RETRY,certified,PASS,,,502d902b27f2b06a1440a45e21578e1c169c516a24e35360b33bccf39b92d1d6,7ba9ce31fb2f26dbbea26ef1b27b03a66f03a45caaefed9b964060da9fec6305,1.0,19137905.85543848,4.0,1.0,1.0,1.0,1.0,1.0,0.9,2378e6636daa85c78a2c513f62f8bbac15b1da85f2dfefb08cddab64502f6978,3,2,2,506c8c6256896a04a296df6fb8f87414522e8816b3e0cc66dd89679de5d38d50,P4,False,False,False,Q[NONE]|F[Water+Crackers],1211731648.9877517,1211731648.9877517,0.0,5457764.271055376,0.0,5457764.271055376,h09,5,Katrina,1206273884.7166963,13680141.584383104,1192593743.1323133,1771704546.1885722,110252797.8758141,19137905.85543848,0.0,1.0,0.0,0.28518085062605875,0.0,0.7148191493739413,0.0,17633821.937635005,R0,1,0,0,False,True,False,10400000.0,0.0,0.0,0.0,NONE,0,1,0,False,False,False,0.0,9557344.06438629,0.0,169306390.1650735,R0,1,0,0,False,True,False,99852797.8758141,1762147202.1241858,c413387c25480fa1c631ccc47427ac0bb3660be286e45d046bc08ed4ff524e89,E3A,LA-0406,406,0.2,0.85,0.3113033102707061,0.8137377607621558,0.26307139399415214,0.31590616521660164,1.0,0.0,531999999.99999845,660593743.1323148,False,0,186940212.10270852,False,0,0
E3A_H100_MF100,LA-0179,179,1fb4960aa84b46eb37d3c5daaa1d2e544bbc4709d0b898d967690d88b8373469,M2,A1_FINAL_NO_MEMORY_V1,A1_FINAL_NO_MEMORY_V1_R1_WITNESS_GATED_INFEASIBLE_RETRY,certified,PASS,,,77e5fab2cf4eed8c4cd665f6928ef84c63c52b88a059131eb45faa2f36546551,21cdc9632f37ba23d75aa223c6e56b160d6d9b517bd3214d250b2e3d74176544,1.0,19137905.85543848,4.0,1.0,1.0,1.0,1.0,1.0,0.9,6e3110a48a08c3d2750c68e7ec600a1831dd2352b07e8419d09823fcd86e72dc,3,2,2,50fa0f7c6ee5e25a718180e328047c01fb09b9c55486c37d4dc0efdf6e84be6c,P4,False,False,False,Q[NONE]|F[Water+Crackers],1208842533.631302,1208842533.631302,0.0,4843827.257809874,0.0,4843827.257809874,h09,5,Katrina,1203998706.3734922,14294078.597628605,1189704627.7758636,1763997772.4037626,117959571.6606237,19137905.85543848,0.0,1.0,0.0,0.2531012167370124,0.0,0.7468987832629875,0.0,14978031.870533803,R0,1,0,0,False,True,False,10400000.0,0.0,0.0,0.0,NONE,0,0,1,False,False,False,0.0,9557344.06438629,0.0,154906797.33786407,R0,1,0,0,False,True,False,107559571.6606237,1754440428.3393762,0871b11f6408d049a8787c4eeee2f8a62df4dc4a9d1e548cb151175afac22289,E3A,LA-0179,179,0.2,0.85,0.1915025567424637,0.6925878324996724,0.23965305066044384,0.3806597887784321,1.0,0.0,531999999.99999845,657704627.7758653,False,0,169884829.20839787,False,0,0
E3A_H100_MF100,LA-0483,483,a899e89acb5b24ba40fabe1d24b5fc269af65c395c6365e522c304346135ea77,M2,A1_FINAL_NO_MEMORY_V1,A1_FINAL_NO_MEMORY_V1_R1_WITNESS_GATED_INFEASIBLE_RETRY,certified,PASS,,,e5bf2fdcdedc9bb993a8501ce87d1cbb6ba4c083ea722779a743f7c707871832,880f87686cf491affcde99aa66ebb6dea77eda9ce4c4e97b7511d0f450b579d2,1.0,19137905.85543848,4.0,1.0,1.0,1.0,1.0,1.0,0.9,598e0153d38a8ef954c9debfd46dcbc5ca0cdec6d5f59494bd64216a3e99d124,3,2,2,2e1f441c40ec681619029790002981073a5823695f88bb199c43736be7db5b7a,P4,False,False,False,Q[NONE]|F[Vaccine],1213845503.557731,1213845503.557731,0.0,5309478.31964021,597480.0475357526,5906958.367175963,h09,5,Katrina,1207938545.1905549,13230947.488262516,1194707597.7022924,1880838788.4036772,1118555.6607090032,19137905.85543848,0.0,1.0,0.0,0.2774325654931257,0.03121971923411698,0.6913477152727573,0.0,0.0,NONE,1,0,0,False,False,False,0.0,10400000.0,0.0,1907688.3873383908,R1,0,1,0,False,True,False,1118555.6607090032,8438788.403677287,0.0,0.0,NONE,1,0,0,False,False,False,0.0,1862000000.0,075a3d3db76ab51eccf2c9867aba015c19db882b7103f205b114ac374fab7533,E3A,LA-0483,483,0.2,0.85,0.17667974129286973,0.7969566343879789,0.022506167708628674,0.35778394417666237,1.0,26944320.000000004,469736717.7022925,698026560.0,True,1,1907688.3873383908,True,1,0
E3A_H100_MF100,LA-0593,593,372077df2fc439610902aac2117de1f2841e0d1f7c912dde44a145aa7868f6d8,M2,A1_FINAL_NO_MEMORY_V1,A1_FINAL_NO_MEMORY_V1_R1_WITNESS_GATED_INFEASIBLE_RETRY,certified,PASS,,,9299e8f299ef4a0c67a8b3a37c31f8c549a7789e0a5fcac69fa6502d96a2d1fd,7b62841f33099712d9ad1709e219d1fc3e732b5840f4405a4705da6b7a9ea2c1,1.0,19137905.85543848,4.0,1.0,1.0,1.0,1.0,1.0,0.9,3554673a2b7e007f6bbe5e6cb9345c87dfc9b64b51d1bc26bd862c0d4c8a59ec,3,2,2,d24ae02f61d29d7b43e187f337460973de7e251a00eadf5e26826c34cf027849,P4,False,False,False,Q[NONE]|F[Water+Vaccine],1210416558.3636982,1210416558.3636982,0.0,5178307.513444036,0.0,5178307.513444036,h09,5,Katrina,1205238250.8502543,13959598.341994442,1191278652.5082598,1880493805.1759698,1463538.8884164605,19137905.85543848,0.0,1.0,0.0,0.2705785864221137,0.0,0.7294214135778863,0.0,468571.58303345577,R0,1,0,0,False,True,False,297215.9431327921,10102784.056867208,0.0,1838749.9103829698,R0,1,0,0,False,True,False,1166322.9452836683,8391021.119102621,0.0,0.0,NONE,1,0,0,False,False,False,0.0,1862000000.0,746c9f95c54a09808c0e413b83342ec299c186f0e2c23be19f5d1d1867355c11,E3A,LA-0593,593,0.2,0.85,0.1937628522066709,0.8331457682346481,0.25910381316135417,0.31322669984569784,1.0,26174292.934531566,467077799.5737283,698026560.0,False,0,2307321.493416426,False,0,0
E3A_H100_MF100,LA-0658,658,a06ac5f944e152077f015a26b4594a06abac302d9ee8d12168cc1855c3b7c784,M2,A1_FINAL_NO_MEMORY_V1,A1_FINAL_NO_MEMORY_V1_R1_WITNESS_GATED_INFEASIBLE_RETRY,certified,PASS,,,73c37cab6b474b53780b2c00113c973b73a91545fbe21c3f6877b68648b3928a,7c0a5f3fd1cb68dcb8420621a5bdd07be609b3ba239e08e576173836c5c8b61e,1.0,19137905.85543848,4.0,1.0,1.0,1.0,1.0,1.0,0.9,808205571e73c8db3b7ce7eeec5c285075f3d8d0670a2a0a91da07c5415a3b4e,3,2,2,3c780a012894eda3d5d7d0943b1ede479b062c84263d5af2ec3e2267b8062dca,P4,False,False,False,Q[NONE]|F[Vaccine],1209209419.5092552,1209209419.5092552,0.0,4056981.5994807584,864808.9073941171,4921790.506874875,h09,5,Katrina,1204287629.0023804,14216115.348563604,1190071513.6538167,1880755501.4669054,1201842.5974809872,19137905.85543848,0.0,1.0,0.0,0.21198670482161835,0.04518827263163496,0.7428250225467468,0.0,0.0,NONE,1,0,0,False,False,False,0.0,10400000.0,0.0,1457668.0078617267,R1,0,1,0,False,True,False,1201842.5974809872,8355501.466905302,0.0,0.0,NONE,1,0,0,False,False,False,0.0,1862000000.0,85704a40904054b40dea905a78a8bba87b66a6f6f7b3ceed6fdda7aa962b7550,E3A,LA-0658,658,0.2,0.85,0.4796451939894961,0.7460417211801509,0.0426331195342272,0.231355092069774,1.0,26944320.000000004,465100633.65381676,698026560.0,True,1,1457668.0078617267,True,1,0
E3A_H100_MF100,LA-0287,287,6976b8c8cd5fa35b0ae0a06c7cc30e9084d607ef478d90c7ef5d00a8c768ad1b,M2,A1_FINAL_NO_MEMORY_V1,A1_FINAL_NO_MEMORY_V1_R1_WITNESS_GATED_INFEASIBLE_RETRY,certified,PASS,,,210506cc08dbdcdf0765bfb1487e556c73ce6ea84f679dc6638b17e223610256,0a88bcafb48616af8507527a10c5d27a8625e9257840928b962000a254ec404a,1.0,19137905.85543848,4.0,1.0,1.0,1.0,1.0,1.0,0.9,68f52215d328a387e83c90be77adc4985fce75104dd9060fdb21e7b204d5d5bc,3,2,2,90a343afdbe28e76dd8aa09c74784e9181f51db92afbdad9a981b391c090c85a,P4,False,False,False,Q[NONE]|F[Vaccine],1215942071.8977947,1215942071.8977947,0.0,3527942.2932390017,2824536.8462004946,6352479.139439496,h09,5,Katrina,1209589592.7583551,12785426.715998981,1196804166.0423563,1880876453.1122873,1080890.9520990634,19137905.85543848,0.0,1.0,0.0,0.1843431731709797,0.1475886059601363,0.668068220868884,0.0,0.0,NONE,1,0,0,False,False,False,0.0,10400000.0,0.0,1267584.8998415498,R2,0,0,1,False,True,False,1080890.9520990634,8476453.112287227,0.0,0.0,NONE,1,0,0,False,False,False,0.0,1862000000.0,1429ae744b15be23a9d57f160930e80f509958f89abcdec07973bd0d5b51054c,E3A,LA-0287,287,0.2,0.85,0.11264299489484778,0.7589961817966931,0.10142702993693535,0.16012375551683353,1.0,26944320.000000004,471833286.0423562,698026560.0,True,2,1267584.8998415498,True,0,1
E3A_H100_MF100,LA-0015,15,092ddd62a98a4bd89bf76f067ac2de26c73a2fb505374668c940be8fe91083b9,M2,A1_FINAL_NO_MEMORY_V1,A1_FINAL_NO_MEMORY_V1_R1_WITNESS_GATED_INFEASIBLE_RETRY,certified,PASS,,,6e6cac1c3c5e54966de62682c1aa9cfe07ec1c9ae982c76c009c3b1a53939acc,1e36d66259d56c17df43518a122e4b1491c64db185c459cbead9c6cc56b99c04,1.0,19137905.85543848,4.0,1.0,1.0,1.0,1.0,1.0,0.9,7dbc5a9435f73c98aca4fccff45b906775a1f01311d61f7fa10be19fe361797b,3,2,2,b4aa4c1f00d85ebf099a405631ca2648130c2823404ddb20c7cef881e0c0bce7,P4,False,False,False,Q[NONE]|F[Water+Crackers],1210619370.8928707,1210619370.8928707,0.0,5221405.1758931475,0.0,5221405.1758931475,h09,5,Katrina,1205397965.7169776,13916500.679545332,1191481465.0374322,1768737521.821092,113219822.24329457,19137905.85543848,0.0,1.0,0.0,0.2728305393146954,0.0,0.7271694606853046,0.0,16583630.762414992,R0,1,0,0,False,True,False,10400000.0,0.0,0.0,0.0,NONE,0,0,1,False,False,False,0.0,9557344.06438629,0.0,163954419.917302,R0,1,0,0,False,True,False,102819822.24329457,1759180177.7567055,2584a16e1c25703a8bcc23807b66baca653ac4f72d7799aed6d47cc69b693f97,E3A,LA-0015,15,0.2,0.85,0.17580958094061283,0.669172328409481,0.08311423434141178,0.5751348914460749,1.0,0.0,531999999.99999845,659481465.0374337,False,0,180538050.679717,False,0,0
E3A_H100_MF100,LA-0154,154,5981ad8affb88f959adca326eb83e0af7dd4423a088a27b5f5768e1cf89564db,M2,A1_FINAL_NO_MEMORY_V1,A1_FINAL_NO_MEMORY_V1_R1_WITNESS_GATED_INFEASIBLE_RETRY,certified,PASS,,,6eb48fdc7e393577200762d86afcec51772b2ae2127ff812ddc29eaa6bf50ed8,a6f69110b720d141f7ddc37efd4acd29c3962d1248814b788856be62c18c4399,1.0,19137905.85543848,4.0,1.0,1.0,1.0,1.0,1.0,0.9,91bf1c9b385bad99a0f74e7f8f0f91ad0a939cc4151efdf93f6d832c123f35c1,3,2,2,7c2beffbbf9eff6b1790c024f9e68db1fb14155199ae65b5fcc4d1209e3e58d5,P4,False,False,False,Q[NONE]|F[Crackers],1207342294.3157527,1207342294.3157527,0.0,4525026.403255594,0.0,4525026.403255594,h09,5,Katrina,1202817267.912497,14612879.452182883,1188204388.4603143,1698521333.7686007,183436010.29578575,19137905.85543848,0.0,1.0,0.0,0.23644313215020352,0.0,0.7635568678497964,0.0,0.0,NONE,1,0,0,False,False,False,0.0,10400000.0,0.0,0.0,NONE,1,0,0,False,False,False,0.0,9557344.06438629,0.0,241411993.34483537,R0,1,0,0,False,True,False,183436010.29578575,1678563989.7042143,6b3f480cd2c3565e03ac2fffae3265787b67cff8902a43a55d7b39d77ec9d430,E3A,LA-0154,154,0.2,0.85,0.49438066634456074,0.8073394420544406,0.17082173026965766,0.2412462821860064,1.0,26944320.000000004,531999999.99999845,629260068.4603158,False,0,241411993.34483537,False,0,0
E3A_H100_MF100,LA-0149,149,3191c1fb0ab074cb6835832ca5798d4e1f0f4d0b8aa3383dd32f2cfaa08942de,M2,A1_FINAL_NO_MEMORY_V1,A1_FINAL_NO_MEMORY_V1_R1_WITNESS_GATED_INFEASIBLE_RETRY,certified,PASS,,,03ca3aba36a3854ddf86a2b5ab7ed6be596f49168bc178fac4a468d1d08228b7,179e0f1263d2ec26e7d66656022109889cab6a1cbbdf69bcef292c6b36f114c8,1.0,19137905.85543848,4.0,1.0,1.0,1.0,1.0,1.0,0.9,c99edc527a3f88b280b3baa883ebc182302f5370131308ca64ddf4c62285a1d2,3,2,2,f155901040720731aa260b658c35584e51f65b44b42cef2be9dba3880a075119,P4,False,False,False,Q[NONE]|F[Water+Crackers],1208250893.3031723,1208250893.3031723,0.0,4718103.688082263,0.0,4718103.688082263,h09,5,Katrina,1203532789.6150901,14419802.167356215,1189112987.4477339,1762419559.8340607,119537784.23032582,19137905.85543848,0.0,1.0,0.0,0.24653186841451122,0.0,0.7534681315854888,0.0,14462069.631255602,R0,1,0,0,False,True,False,10400000.0,0.0,0.0,0.0,NONE,0,0,1,False,False,False,0.0,9557344.06438629,0.0,151765214.89806938,R0,1,0,0,False,True,False,109137784.23032582,1752862215.7696743,a4ad152f8385533c43f75a353c283cc63f86b6b416368fa41e0730794223e676,E3A,LA-0149,149,0.2,0.85,0.4495922475739162,0.799130804655303,0.042200828241679415,0.20757551715183056,1.0,0.0,531999999.99999845,657112987.4477354,False,0,166227284.52932498,False,0,0
E3A_H100_MF100,LA-0572,572,1b7fcd7cefb3bdf638af1eaeb65efef59898a8745cf0c2ba44a310272e14f4bc,M2,A1_FINAL_NO_MEMORY_V1,A1_FINAL_NO_MEMORY_V1_R1_WITNESS_GATED_INFEASIBLE_RETRY,certified,PASS,,,fe0f60acab51f8e3d029632834966bec5c877cae4b792bdf497a70c77fbffc4d,ef6eefa6022e39512b688d53387c4015578fa64a448889566113858ee034c990,1.0,19137905.85543848,4.0,1.0,1.0,1.0,1.0,1.0,0.9,8adc8e87e013849d45666e15c69d9d3a776dd291039262e4ec127b2becdea54d,3,2,2,a5f1e590fc27f32a19fff9faedbe8accaf35cdfb0f2a39755913e1727e2d8267,P4,False,False,False,Q[NONE]|F[Water+Crackers],1206324723.4704683,1206324723.4704683,0.0,4308792.5986326495,0.0,4308792.5986326495,h09,5,Katrina,1202015930.8718357,14829113.25680583,1187186817.6150298,1757281462.7557847,124675881.3086017,19137905.85543848,0.0,1.0,0.0,0.22514441398028961,0.0,0.7748555860197104,0.0,12842887.471518677,R0,1,0,0,False,True,False,10400000.0,0.0,0.0,0.0,NONE,0,0,1,False,False,False,0.0,9557344.06438629,0.0,141118488.8802881,R0,1,0,0,False,True,False,114275881.3086017,1747724118.6913984,68c3b33598f38e8d2024488b039927ce8bfa996150ee86982d87f23b690d787a,E3A,LA-0572,572,0.2,0.85,0.27385260525125815,0.8934530993259839,0.18423850985393733,0.25844044337403216,1.0,0.0,531999999.99999845,655186817.6150314,False,0,153961376.35180676,False,0,0
E3A_H100_MF100,LA-0123,123,7db26285aeb70f4f87f8b7ef0a039a3debdca506f3de3352f9fba7ef8f08efd7,M2,A1_FINAL_NO_MEMORY_V1,A1_FINAL_NO_MEMORY_V1_R1_WITNESS_GATED_INFEASIBLE_RETRY,certified,PASS,,,df340628efc30b605830e7d72c3319fb773b3da021c2006ac0941e474cf5dc60,ca143425c5f552f0f2d66c27ba9835ff89e92d9ec14fd1df57844937130e4612,1.0,19137905.85543848,4.0,1.0,1.0,1.0,1.0,1.0,0.9,f3aac29a3295fa3322f49fc7c9c15da301fcca18aa9cecf640f959ad1dcba69b,3,2,2,eda2350ab2c6d780e77ada6ffc954dd92b591bb3ce30960c1e16b1c620f62dc0,P4,False,False,False,Q[NONE]|F[Vaccine],1211258723.838328,1211258723.838328,0.0,4769304.417791913,587963.2590109166,5357267.67680283,h09,5,Katrina,1205901456.161525,13780638.17863565,1192120817.9828894,1880792317.0807505,1165026.9836359036,19137905.85543848,0.0,1.0,0.0,0.24920722537866416,0.030722444945241133,0.7200703296760947,0.0,0.0,NONE,1,0,0,False,False,False,0.0,10400000.0,0.0,1713604.63415921,R1,0,1,0,False,True,False,1165026.9836359036,8392317.080750385,0.0,0.0,NONE,1,0,0,False,False,False,0.0,1862000000.0,9b9e7dfaf81311743c94754ce7a9bb637eb5d00cd0f5e6d7330287f8421e8921,E3A,LA-0123,123,0.2,0.85,0.32082008064142525,0.7704113235661858,0.024656143013958885,0.25057920313604853,1.0,26944320.000000004,467149937.9828895,698026560.0,True,1,1713604.63415921,True,1,0
E3A_H100_MF100,LA-0752,752,a67cbf0b6a8032f4a985a2b133980b10264b5752aa31758648180af2706297d6,M2,A1_FINAL_NO_MEMORY_V1,A1_FINAL_NO_MEMORY_V1_R1_WITNESS_GATED_INFEASIBLE_RETRY,certified,PASS,,,29e4548e9bc1b483f320b08ae4f92dbaa96aac0ba7353410939231a6b7518e01,7a087560905fa9b7422c33873747bf0a590695266a712cbee3a947fe3ab5f9b8,1.0,19137905.85543848,4.0,1.0,1.0,1.0,1.0,1.0,0.9,413afbe12cff4bd141a43e07c9eee1d3e3663ed6a6fb2b5bf5cc03fbb8e503b4,3,2,2,c744f46506aa9af1e64fb92389ebfb37df558512004d3a855fd718d0239f4efd,P4,False,False,False,Q[NONE]|F[Crackers],1208088814.1867518,1208088814.1867518,0.0,4683661.875842885,0.0,4683661.875842885,h09,5,Katrina,1203405152.310909,14454243.979595594,1188950908.3313134,1700512690.6588027,181444653.40558353,19137905.85543848,0.0,1.0,0.0,0.2447322037856046,0.0,0.7552677962143954,0.0,0.0,NONE,1,0,0,False,False,False,0.0,10400000.0,0.0,0.0,NONE,0,1,0,False,False,False,0.0,9557344.06438629,0.0,249875260.12819487,R0,1,0,0,False,True,False,181444653.40558353,1680555346.5944164,796ce96d6f825539b9028390f1448662425308b4509714f9a2bedffb879bc778,E3A,LA-0752,752,0.2,0.85,0.21610756423409577,0.6117050047167374,0.1280160774518924,0.5724240159648442,1.0,26944320.000000004,531999999.99999845,630006588.3313148,False,0,249875260.12819487,False,0,0
E3A_H100_MF100,LA-0405,405,42e2c45b27aff00643e23613d2888dd87b6df6e731f7d0751cceaad9e87dc3f1,M2,A1_FINAL_NO_MEMORY_V1,A1_FINAL_NO_MEMORY_V1_R1_WITNESS_GATED_INFEASIBLE_RETRY,certified,PASS,,,4868b202c1af65414780f736c7cbebc2212688982fa28abcab44a211afc853fd,fdf8d950f3896900bd2e760ccb4b88716b1f433592a5a9ef501fe6ef1c81134c,1.0,19137905.85543848,4.0,1.0,1.0,1.0,1.0,1.0,0.9,e0c9bb41e9d1f0d8706fa0bcbdbed11dc553cb699d129802c28c81244d061e63,3,2,2,e78ffcbf202d20e5361725d018ffcb3854e60475db658fa6a0a510cfaf8ba31b,P4,False,False,False,Q[NONE]|F[Crackers],1216023120.8611116,1216023120.8611116,0.0,6369702.044144357,0.0,6369702.044144357,h09,5,Katrina,1209653418.8169672,12768203.811294122,1196885215.0056732,1721677614.5660796,160279729.49830687,19137905.85543848,0.0,1.0,0.0,0.33283171587628324,0.0,0.6671682841237168,0.0,0.0,NONE,1,0,0,False,False,False,0.0,10400000.0,0.0,0.0,NONE,0,1,0,False,False,False,0.0,9557344.06438629,0.0,339826186.7341206,R0,1,0,0,False,True,False,160279729.49830687,1701720270.5016932,658e6e041be0f72403a1d61243b5203d1cc8fd754e390381464522c1d254c80d,E3A,LA-0405,405,0.2,0.85,0.48498643786445206,0.5703655984635159,0.27536321087274196,0.32947868563765836,1.0,26944320.000000004,531999999.99999845,637940895.0056747,False,0,339826186.7341206,False,0,0
E3A_H100_MF100,LA-0959,959,5678edd621148dc11ecaf4fa0597c063442d95adf8e16a86e56f0be9c6c2d5b7,M2,A1_FINAL_NO_MEMORY_V1,A1_FINAL_NO_MEMORY_V1_R1_WITNESS_GATED_INFEASIBLE_RETRY,certified,PASS,,,2cca732848a01e2ed9d107c6bc94841bce42e951da798c1234834795cca12737,e9a58860a6f928d1cc5f28a00747eb72c2420a7a20efb57b750bfcb43ef55c6c,1.0,19137905.85543848,4.0,1.0,1.0,1.0,1.0,1.0,0.9,683a5ded7c9e1b73feb9e06087b1e95d4ed8141129d1650fd3f8d6deea8d43bc,3,2,2,276682479391f70a6223842dddc28097f55dfa5edbf194bbf3f632905f3a6bd0,P4,False,False,False,Q[NONE]|F[Crackers],1217034450.7712219,1217034450.7712219,0.0,6584609.650042783,0.0,6584609.650042783,h09,5,Katrina,1210449841.121179,12553296.205395695,1197896544.9157834,1724375357.6041455,157581986.46024072,19137905.85543848,0.0,1.0,0.0,0.3440611370847356,0.0,0.6559388629152644,0.0,0.0,NONE,1,0,0,False,False,False,0.0,10400000.0,0.0,0.0,NONE,0,1,0,False,False,False,-1.5746962017744763e-10,9557344.06438629,0.0,351291594.64590174,R0,1,0,0,False,True,False,157581986.46024072,1704418013.5397592,9681b6296186a360c8e4081414930f5c528553c318058c5f6507444410244ad8,E3A,LA-0959,959,0.2,0.85,0.3392781153058627,0.4186187372909663,0.24958975548551773,0.480375558661976,1.0,26944320.000000004,531999999.99999845,638952224.915785,False,0,351291594.64590174,False,0,0
E3A_H100_MF100,LA-0150,150,57e4ffc89d313dbacf36d4c5948ba60e18d918df4f9d44ec547bfd96ad560683,M2,A1_FINAL_NO_MEMORY_V1,A1_FINAL_NO_MEMORY_V1_R1_WITNESS_GATED_INFEASIBLE_RETRY,certified,PASS,,,4431ae2267d3b1a5be10a7979992ab01c14d823e93db581e89e6459b93089fca,c665154c98d207533ea39259340b4b23fab0c09c938da4e7f01a76403bce88c4,1.0,19137905.85543848,4.0,1.0,1.0,1.0,1.0,1.0,0.9,adf4fd1235f8ee96d8a7e8507327570103aaef9b1935986d436cbfc467448495,3,2,2,11991f72df7a0e8e766345de74583020422eb5a0a5027c2cd4c9511a2f72d07b,P4,False,False,False,Q[NONE]|F[Vaccine],1213703814.2505934,1213703814.2505934,0.0,4712946.5776442485,1163902.811764999,5876849.389409248,h09,5,Katrina,1207826964.8611841,13261056.466029227,1194565908.395155,1880836242.9648454,1121101.0995408779,19137905.855438475,3.725290298461914e-09,0.9999999999999998,0.0,0.2462623974244787,0.06081662333155689,0.6929209792439642,0.0,0.0,NONE,1,0,0,False,False,False,0.0,10400000.0,0.0,1693355.3383315061,R1,0,1,0,False,True,False,1121101.0995408779,8436242.964845411,0.0,0.0,NONE,1,0,0,False,False,False,0.0,1862000000.0,cba0a3a0e3e0f6fc1d986b770c258241d62a846ad7a4ae1a97ce4a251c3249bf,E3A,LA-0150,150,0.2,0.85,0.4646497410890261,0.627538490215532,0.04939172522285505,0.46321447221281675,1.0,26944320.000000004,469595028.395155,698026560.0,True,1,1693355.3383315061,True,1,0
E3A_H100_MF100,LA-0978,978,4d8164fe0a8b7af6b958f7b5b0ebcc8dd1c2517306e5e8633b7304becf246e7b,M2,A1_FINAL_NO_MEMORY_V1,A1_FINAL_NO_MEMORY_V1_R1_WITNESS_GATED_INFEASIBLE_RETRY,certified,PASS,,,416d3f1d3ffc985428c16118586d9e0f602035936693308c3d39e2b0ee578e37,47d2b0387f1e64c1674a5d3eaf5837ee02d99e8b3eee36e68262ae01e0118943,1.0,19137905.85543848,4.0,1.0,1.0,1.0,1.0,1.0,0.9,d16c0f3d6906d8865f4f105b8f4bf0f55d701a07a2c1bbd44b5d7349dec5c487,3,2,2,decfac70f2db69af48b98f8ada48017ba4ca7d7195311871c3b2be9d24a985cd,P4,False,False,False,Q[NONE]|F[Water+Crackers],1216763349.1223748,1216763349.1223748,0.0,6527000.549662749,0.0,6527000.549662749,h09,5,Katrina,1210236348.572712,12610905.305775728,1197625443.2669363,1785126708.306111,96830635.75827533,19137905.85543848,0.0,1.0,0.0,0.34105092787923563,0.0,0.6589490721207644,0.0,22876503.890879665,R0,1,0,0,False,True,False,10399999.999999996,1.862645149230957e-09,0.0,0.0,NONE,0,0,1,False,False,False,0.0,9557344.06438629,0.0,190118343.77071047,R0,1,0,0,False,True,False,86430635.75827533,1775569364.2417247,f664a2cf178080054d68ad66e4038bf866c3414c5a98c48e15584e67b4158be9,E3A,LA-0978,978,0.2,0.85,0.20364360139872928,0.7859693800253731,0.07043592941801652,0.5974318571548565,1.0,4.825741052627564e-09,531999999.99999845,665625443.2669377,False,0,212994847.66159013,False,0,0
E3A_H100_MF100,LA-0481,481,50fc88ad5a6f285c464f798a4f897fbcaa26f476f9ef8c6d2cf81a1507ee0cf7,M2,A1_FINAL_NO_MEMORY_V1,A1_FINAL_NO_MEMORY_V1_R1_WITNESS_GATED_INFEASIBLE_RETRY,certified,PASS,,,192234346482668005b83e77794ae5fc650e310fa74647b92346fe5ffaeaf293,bb3daa5de61fa937f3367b550417fbce39db9566a2963270bc082a50afb576d8,1.0,19137905.85543848,4.0,1.0,1.0,1.0,1.0,1.0,0.9,f9e87005ae7b4f71a23695082f4eb1b49557fe0529ba23d5c7fc821c14547541,3,2,2,54bb8a426ec40c80aeb3fdd2a555aed373aea26af057495623ece08775df7f93,P4,False,False,False,Q[NONE]|F[Crackers],1207956875.1552234,1207956875.1552234,0.0,4655624.831643088,0.0,4655624.831643088,h09,5,Katrina,1203301250.3235803,14482281.02379539,1188818969.299785,1700160740.6173804,181796603.447006,19137905.85543848,0.0,1.0,0.0,0.24326720315222392,0.0,0.7567327968477761,0.0,0.0,NONE,1,0,0,False,False,False,0.0,10400000.0,0.0,0.0,NONE,0,0,1,False,False,False,0.0,9557344.06438629,0.0,248379472.45214936,R0,1,0,0,False,True,False,181796603.447006,1680203396.552994,a03f123e3472d32598e2313cc71dcb58c19940de880c232f310dfcdd86327f03,E3A,LA-0481,481,0.2,0.85,0.08884490990246927,0.8797751009935526,0.09806774433836746,0.5198588751062958,1.0,26944320.000000004,531999999.99999845,629874649.2997863,False,0,248379472.45214936,False,0,0
E3A_H100_MF100,LA-0649,649,8bdb499cfb7da607adb470d692cc7569cfddef59031fe66cd17753dbcc98d428,M2,A1_FINAL_NO_MEMORY_V1,A1_FINAL_NO_MEMORY_V1_R1_WITNESS_GATED_INFEASIBLE_RETRY,certified,PASS,,,38b498a955310951b7bbc6ec124e3056fb4e317462eabf77c3dc6e64fa8eedc1,c8abdf3f219000392c58a738c717fb8c88fcff0fa6c4a9143e69ea9b22db4d6e,1.0,19137905.85543848,4.0,1.0,1.0,1.0,1.0,1.0,0.9,906714de7b28ec836e2886a9119c39ce436aa44a39e4c37e5a6b05d5b48b3134,3,2,2,86ec797b82f7ec7505b66cb022448fdaa9bb86d9e9802f2fab495de799339a09,P4,False,False,False,Q[NONE]|F[Water+Crackers],1208923352.572611,1208923352.572611,0.0,4861001.282838022,0.0,4861001.282838022,h09,5,Katrina,1204062351.289773,14276904.572600454,1189785446.7171726,1764213358.568159,117743985.49622725,19137905.85543848,0.0,1.0,0.0,0.2539985994056218,0.0,0.746001400594378,0.0,15049218.519943202,R0,1,0,0,False,True,False,10400000.0,0.0,0.0,0.0,NONE,0,1,0,False,False,False,0.0,9557344.06438629,0.0,155331066.78214785,R0,1,0,0,False,True,False,107343985.49622725,1754656014.5037727,ce3e6d657e6fd834f619c5bb8698b10aa5b3c3547e1d36cfb483b4f6f844440a,E3A,LA-0649,649,0.2,0.85,0.36556772862160913,0.8422643368262097,0.20818351980933691,0.3083940949293427,1.0,0.0,531999999.99999845,657785446.7171743,False,0,170380285.30209106,False,0,0
E3A_H100_MF100,LA-0068,68,60cb9806f6539dee04a0c52f4acd201386b18ff64aaf42e6767f8696c9abba82,M2,A1_FINAL_NO_MEMORY_V1,A1_FINAL_NO_MEMORY_V1_R1_WITNESS_GATED_INFEASIBLE_RETRY,certified,PASS,,,7d85270b4e0804e4a381bd0c45180d5aa5171986242316c44fff4a1e61a59b5f,420cf18a8fe1b65e0001eafe2b20127e2a6d432ed3e6c5cf9052495dc07608bc,1.0,19137905.85543848,4.0,1.0,1.0,1.0,1.0,1.0,0.9,148204c96b8a84b9eb4c86ca55507f3028c2abcdb0571bae36abebc9691d9c3e,3,2,2,f00bb171d433f93ec184ea5e1c3a37a9aef5aab6cae4e9346ac122b7c430f3df,P4,False,False,False,Q[NONE]|F[Water+Crackers],1206220758.755071,1206220758.755071,0.0,4286700.0966107305,0.0,4286700.0966107305,h09,5,Katrina,1201934058.6584601,14851205.758827746,1187082852.8996325,1757004134.7697697,124953209.29461661,19137905.85543848,0.0,1.0,0.0,0.22399002947297736,0.0,0.7760099705270226,0.0,12758031.054654911,R0,1,0,0,False,True,False,10400000.0,0.0,0.0,0.0,NONE,0,0,1,False,False,False,-1.5746962017744763e-10,9557344.06438629,0.0,140526288.61452907,R0,1,0,0,False,True,False,114553209.29461661,1747446790.7053833,608a4fbf6e80f2764c1f032c97d28bc351b58b364c7d98994820bcc83c14a1d4,E3A,LA-0068,68,0.2,0.85,0.4512457971480525,0.6816696940552613,0.24886952261688308,0.5842956775559685,1.0,0.0,531999999.99999845,655082852.8996341,False,0,153284319.66918397,False,0,0
E3A_H100_MF100,LA-0896,896,24ae43a438e5db5f118a72ad93a0741789c35c3f4596402d10f4acd0d8696ba8,M2,A1_FINAL_NO_MEMORY_V1,A1_FINAL_NO_MEMORY_V1_R1_WITNESS_GATED_INFEASIBLE_RETRY,certified,PASS,,,14fcc355ac75797f012522d0ff2ee788d4f5630dfeae9e779bcb2707882edaf8,fde8286fa85bb44bfd00efbbc6ad27f5b4055aecffc6698752bf792df8478aee,1.0,19137905.85543848,4.0,1.0,1.0,1.0,1.0,1.0,0.9,7b43f92d6c8b0d802fabb6814514f227e163bc194bbacaad8c3f56e38b151877,3,2,2,608e10d29d39f09145962419ea2b82a190ae55d11bb5216be320cbb84a60fa9a,P4,False,False,False,Q[NONE]|F[Crackers],1218887653.5743756,1218887653.5743756,0.0,6978415.245712944,0.0,6978415.245712944,h09,5,Katrina,1211909238.3286626,12159490.609725533,1199749747.7189372,1729318813.651824,152638530.41256225,19137905.85543848,0.0,1.0,0.0,0.364638393480751,0.0,0.635361606519249,0.0,0.0,NONE,1,0,0,False,False,False,0.0,10400000.0,0.0,0.0,NONE,0,1,0,False,False,False,0.0,9557344.06438629,0.0,372301282.84853524,R0,1,0,0,False,True,False,152638530.41256225,1709361469.5874376,335faa6bee86e2107a038de90337f6d975c0ea93b5043461bc765c112d1c520c,E3A,LA-0896,896,0.2,0.85,0.2982777398966263,0.8583544304851711,0.2927661812449276,0.40222336868597297,1.0,26944320.000000004,531999999.99999845,640805427.7189386,False,0,372301282.84853524,False,0,0
E3A_H100_MF100,LA-0943,943,0bf9483cccf0a0ad6ede20b25ea8ba7c18e4e0c1839f6c6c48ab577def64784f,M2,A1_FINAL_NO_MEMORY_V1,A1_FINAL_NO_MEMORY_V1_R1_WITNESS_GATED_INFEASIBLE_RETRY,certified,PASS,,,c9324edf11f1d0582e87a4c36f953de33d074d3d040b07e2431687965c78c69f,8602949e0c0113b0223ea6264ab36779ba460523de6ca8a01babd01778d485fd,1.0,19137905.85543848,4.0,1.0,1.0,1.0,1.0,1.0,0.9,bf80d0e66ce7cf2f229a0da660c43653da8cfa038e56ecd3142d5756a8906e61,3,2,2,f2650961355a2827c20fbecad5e4451e31bcee731bda3a124552c8a2d5ed7f4e,P4,False,False,False,Q[NONE]|F[Vaccine],1217374411.2917378,1217374411.2917378,0.0,3679256.961946597,2977594.2987058028,6656851.2606524,h09,5,Katrina,1210717560.0310855,12481054.594786076,1198236505.4362993,1880902184.9927475,1055159.0716387464,19137905.855438475,3.725290298461914e-09,0.9999999999999998,0.0,0.19224971581209085,0.15558621309967677,0.6521640710882323,0.0,0.0,NONE,1,0,0,False,False,False,0.0,10400000.0,0.0,1321952.055887682,R2,0,0,1,False,True,False,1055159.0716387464,8502184.992747543,0.0,0.0,NONE,1,0,0,False,False,False,0.0,1862000000.0,603ad2ae08bce953784aede4a84cc8b8b96f1e26b707f3cb985ccc6fbfa924f9,E3A,LA-0943,943,0.2,0.85,0.4556413555136424,0.6918188128828076,0.10713671998739269,0.16185845835189708,1.0,26944320.000000004,473265625.43629926,698026560.0,True,2,1321952.055887682,True,0,1
E3A_H100_MF100,LA-0509,509,afaaed77442620fed7cdc6117bbea079e42aba1c3bc4bffc87431fcfc07ea9bc,M2,A1_FINAL_NO_MEMORY_V1,A1_FINAL_NO_MEMORY_V1_R1_WITNESS_GATED_INFEASIBLE_RETRY,certified,PASS,,,ff4c04d816e4b513695279091f273a8f4e122a89e9c76abb5aa48f94bc24b399,2c8b4b54a1c2e6a3b601e67f15e327f66ec79b98fba104570bbd527664d0afcc,1.0,19137905.85543848,4.0,1.0,1.0,1.0,1.0,1.0,0.9,175801dafcd846940f46e66688b6fb6937e99dad473f1de1229e8c959f41bded,3,2,2,6e8bbf9c9a9df9bd6707e8edaf344e60d7d6547c0222fafb70955aaa015d2141,P4,False,False,False,Q[NONE]|F[Crackers],1224481838.7456315,1224481838.7456315,0.0,4681163.321490626,3486016.2731141527,8167179.594604779,h09,5,Katrina,1216314659.1510267,10970726.260833697,1205343932.890193,1744241416.0079267,137715928.05645975,19137905.85543848,0.0,1.0,0.0,0.2446016485215578,0.18215244130922092,0.5732459101692211,0.0,0.0,NONE,1,0,0,False,False,False,0.0,10400000.0,0.0,0.0,NONE,0,0,1,False,False,False,0.0,9557344.06438629,0.0,249741961.24043033,R1,0,1,0,False,True,False,137715928.05645975,1724284071.9435403,ff3ef5244f26946ba16df3d38276aaadef98161de7954c4e6dc41a40e0982ae3,E3A,LA-0509,509,0.2,0.85,0.35212178522687654,0.8461255077177601,0.1489380324378043,0.4141162654754622,1.0,26944320.000000004,531999999.99999845,646399612.8901944,False,0,249741961.24043033,True,1,0
E3A_H100_MF100,LA-0848,848,18ba8bd3477f961ccfad64773589b0d508a04ad4a7dddfb195e0cb1d64a01127,M2,A1_FINAL_NO_MEMORY_V1,A1_FINAL_NO_MEMORY_V1_R1_WITNESS_GATED_INFEASIBLE_RETRY,certified,PASS,,,f20498a2c22627df9721ba6502fbbefdff870d27a939994f770486cb27e72426,4ab73a39d6f6fc7f409e92758dff34d765c8f427f5910c8b9a7b60b9f4d31db6,1.0,19137905.85543848,4.0,1.0,1.0,1.0,1.0,1.0,0.9,2dd66511666ae4376bc0d0f63e7d3b321975eeb7c7da2cfbb5018fd37b3028da,3,2,2,373b7a4d2084818e4ae37a7a07ab4e57cbf2643b7d0e3c5a22dcc5869df56e69,P4,False,False,False,Q[NONE]|F[Vaccine],1218913523.827205,1218913523.827205,0.0,3801497.42224873,3182415.252190427,6983912.674439156,h09,5,Katrina,1211929611.1527658,12153993.18099932,1199775617.9717665,1880929835.045483,1027509.0189032785,19137905.85543848,0.0,1.0,0.0,0.19863706358281863,0.16628858330840154,0.6350743531087798,0.0,0.0,NONE,1,0,0,False,False,False,0.0,10400000.0,0.0,1365872.888131909,R2,0,0,1,False,True,False,1027509.0189032785,8529835.045483012,0.0,0.0,NONE,1,0,0,False,False,False,0.0,1862000000.0,8d2eb5505d512a9503235e6d4870403217ffacd72d65c341ca6359182bf36b46,E3A,LA-0848,848,0.2,0.85,0.16874577726975648,0.6181384690381588,0.05759128590216561,0.16742956254895514,1.0,26944320.000000004,474804737.97176635,698026560.0,True,2,1365872.888131909,True,0,1
E3A_H100_MF100,LA-0495,495,7bc13e8e4617f5526c866da54cb9011a6de5916d88e0fd2c8324951716bfa3c7,M2,A1_FINAL_NO_MEMORY_V1,A1_FINAL_NO_MEMORY_V1_R1_WITNESS_GATED_INFEASIBLE_RETRY,certified,PASS,,,cfd9e3a3a9950e4de6e3c28c1cfc6eb009a7546c552b3dd0497506875a37568d,8b29a06237d58fca20b4ea46a0f2cf60065a914ccc62a7aac1d2df0d397b3033,1.0,19137905.85543848,4.0,1.0,1.0,1.0,1.0,1.0,0.9,3185ac19e629d93d947b263c5a1fd349622f0ed780d2681bbbec96ee5ef92a20,3,2,2,7c3d91f2b6be2d73cf1e2457ea56144553a2b538e4c54494cc13df6163f43f78,P4,False,False,False,Q[NONE]|F[Crackers],1219325799.2191153,1219325799.2191153,0.0,7071521.195220119,0.0,7071521.195220119,h09,5,Katrina,1212254278.023895,12066384.660218356,1200187893.3636768,1730487576.0417614,151469768.02262506,19137905.855438475,3.725290298461914e-09,0.9999999999999998,0.0,0.36950339544128247,0.0,0.6304966045587174,0.0,0.0,NONE,1,0,0,False,False,False,0.0,10400000.0,0.0,0.0,NONE,0,0,1,False,False,False,0.0,9557344.06438629,0.0,377268523.0057682,R0,1,0,0,False,True,False,151469768.02262506,1710530231.977375,68fa62affc48d49add869fb83fa1dce4f2717b0402514ba37007ccf8d17ed36b,E3A,LA-0495,495,0.2,0.85,0.4576597963231251,0.8515347539720828,0.2900376815039513,0.5372080112480957,1.0,26944320.000000004,531999999.99999845,641243573.3636783,False,0,377268523.0057682,False,0,0
E3A_H100_MF100,LA-0180,180,b145dd9c8cfc5155696db0031bc4064abe43f4293e451bc31c0f9c145adcff92,M2,A1_FINAL_NO_MEMORY_V1,A1_FINAL_NO_MEMORY_V1_R1_WITNESS_GATED_INFEASIBLE_RETRY,certified,PASS,,,0eb25dd236b5d9b8576250a66c2ba599f43be9d890f8f7bfb1d61b570ea4b27a,ea13542327529cd4e7d864f5215c9b6d2173d972fefa5d5ad07d6a53e90e7cb8,1.0,19137905.85543848,4.0,1.0,1.0,1.0,1.0,1.0,0.9,a84a2d30aac30aa6524574b23a921216c7df3ba92e7ad13935fdf2396f4d2c1e,3,2,2,2b498063b2077758e7159417b74865cc15c26b5ce9a5b30f5b14012b8980731f,P4,False,False,False,Q[NONE]|F[Water+Crackers],1210297279.7476537,1210297279.7476537,0.0,5152960.807534548,0.0,5152960.807534548,h09,5,Katrina,1205144318.9401193,13984945.047903929,1191159373.8922153,1767878337.1614223,114079006.90296416,19137905.85543848,0.0,1.0,0.0,0.2692541622086732,0.0,0.7307458377913267,0.0,16286146.77518264,R0,1,0,0,False,True,False,10399999.999999996,3.725290298461914e-09,0.0,0.0,NONE,0,0,1,False,False,False,0.0,9557344.06438629,0.0,162358800.37758157,R0,1,0,0,False,True,False,103679006.90296416,1758320993.097036,f6eef1350b9bee7a53cb332df66ab1991056572bfaed5908c5fb3a97e318f2e8,E3A,LA-0180,180,0.2,0.85,0.13997082395991634,0.6512336394172329,0.07982892497612287,0.18450179709751083,1.0,9.651482105255128e-09,531999999.99999845,659159373.8922168,False,0,178644947.1527642,False,0,0
E3A_H100_MF100,LA-0525,525,83af71f8ba5ee33ca66c978cd2649cf74ae3bce9b598a5f4db626a4d7733bd9d,M2,A1_FINAL_NO_MEMORY_V1,A1_FINAL_NO_MEMORY_V1_R1_WITNESS_GATED_INFEASIBLE_RETRY,certified,PASS,,,ab322dc42857c7eacb7798809de637f0b879383480ab1e2ad57d51f42fb7d7c6,309c60e037894031631949bc0df294138fc58803ccf3efb187106825287a6505,1.0,19137905.85543848,4.0,1.0,1.0,1.0,1.0,1.0,0.9,7bf4c74dd4a535892e9d2c803e3c5cfed1ee2d0c44bb774d81e74a1790af152f,3,2,2,30754ef8ba5c1c0c3be25e59e880ef93d58c80321f0f1aa9ba2ff22f605fd82a,P4,False,False,False,Q[NONE]|F[Water+Crackers],1212957456.066738,1212957456.066738,0.0,5718248.275339922,0.0,5718248.275339922,h09,5,Katrina,1207239207.791398,13419657.580098554,1193819550.2112994,1774974411.4227436,106982932.64164291,19137905.85543848,0.0,1.0,0.0,0.2987917444329443,0.0,0.7012082555670556,0.0,18834055.359568145,R0,1,0,0,False,True,False,10399999.999999996,1.862645149230957e-09,0.0,0.0,NONE,0,0,1,False,False,False,0.0,9557344.06438629,0.0,174908490.40020612,R0,1,0,0,False,True,False,96582932.64164291,1765417067.3583572,d4dd5bbf1746ead11d42caae1de9e37109ff478623c2587bfe01cf28ec1e9669,E3A,LA-0525,525,0.2,0.85,0.47462415406653014,0.8178162207732411,0.2098354129074226,0.5102270167174704,1.0,4.825741052627564e-09,531999999.99999845,661819550.211301,False,0,193742545.75977427,False,0,0
E3A_H100_MF100,LA-0523,523,d31aa80ffad076f8dd285ed039d40993d844b1d27fe990b838b50f90d2c56fa9,M2,A1_FINAL_NO_MEMORY_V1,A1_FINAL_NO_MEMORY_V1_R1_WITNESS_GATED_INFEASIBLE_RETRY,certified,PASS,,,7b981e4bbbe9d69167d5b91ae63923907c902b3516a047fa9edc98c0d47cba99,4557c413d3157b196360f951cbc1ec11c39a99f1e87374cebd71fc4c38f1f250,1.0,19137905.85543848,4.0,1.0,1.0,1.0,1.0,1.0,0.9,9f195877efbf58bbaddf6ab07342cccc8e319b4a5c83225f9cabd8f4e02e4bce,3,2,2,7aff169fbae9c93721a3dfa55a4bde5f9950f0d522fd5ae8f97b03ada6702361,P4,False,False,False,Q[NONE]|F[Vaccine],1218123935.9927332,1218123935.9927332,0.0,3796426.8118200297,3019698.4477939317,6816125.259613961,h09,5,Katrina,1211307810.7331192,12321780.595824514,1198986030.1372948,1880915650.1533718,1041693.9110143647,19137905.855438475,3.725290298461914e-09,0.9999999999999998,0.0,0.19837211241903915,0.157786252613204,0.6438416349677567,0.0,0.0,NONE,0,0,1,False,False,False,0.0,10400000.0,0.0,1364051.024655084,R2,0,0,1,False,True,False,1041693.9110143647,8515650.153371925,0.0,0.0,NONE,1,0,0,False,False,False,0.0,1862000000.0,89a882f3481e08b5e443b21de10604d9bfc64645264b299a8532aff5e3b6aa8f,E3A,LA-0523,523,0.2,0.85,0.33065279696243316,0.6429263170682734,0.068443566792645,0.15908108321183573,1.0,26944320.000000004,474015150.1372948,698026560.0,True,2,1364051.024655084,True,0,1
E3A_H100_MF100,LA-0982,982,182c98024aeab95a5710c14bc11bca9d2e1ac8582a207c393ca0f89cd98afbe9,M2,A1_FINAL_NO_MEMORY_V1,A1_FINAL_NO_MEMORY_V1_R1_WITNESS_GATED_INFEASIBLE_RETRY,certified,PASS,,,95fc72b392c9b5ae9bb08f802b66c7779fbaf914fcbc297a8ec31a5c1fa34e33,49bb0f6d5f3e067505a23d3f4a05189f085eb73344c82efbe4e76ac243e051ed,1.0,19137905.85543848,4.0,1.0,1.0,1.0,1.0,1.0,0.9,e5a7ad3b116fed018dc2ddb092f71f4b6b3addfd3f24204c2167007e60b86014,3,2,2,952d7f063df34c47922582579970c79bd63b5f8caa29de624d8ff59e402d4f0f,P4,False,False,False,Q[NONE]|F[Water+Crackers],1210135776.2905004,1210135776.2905004,0.0,5118641.322889494,0.0,5118641.322889494,h09,5,Katrina,1205017134.9676108,14019264.532548986,1190997870.435062,1767447523.4152815,114509820.64910477,19137905.85543848,0.0,1.0,0.0,0.2674608894804921,0.0,0.7325391105195079,0.0,16138075.28536448,R0,1,0,0,False,True,False,10400000.0,0.0,0.0,0.0,NONE,0,1,0,False,False,False,0.0,9557344.06438629,0.0,161551165.72894678,R0,1,0,0,False,True,False,104109820.64910477,1757890179.3508952,37b60b32f95153fdbbbbe44451a3dd2b50b9d261e7b5a1b7d5bf63e931edaff2,E3A,LA-0982,982,0.2,0.85,0.11071205852465381,0.7523430077771142,0.2141597658455918,0.2890306879404218,1.0,0.0,531999999.99999845,658997870.4350636,False,0,177689241.01431125,False,0,0
E3A_H100_MF100,LA-0410,410,ace3856344a78e7d1dd524f1b1d0f174b0f2af6971133122152dcc812694be2d,M2,A1_FINAL_NO_MEMORY_V1,A1_FINAL_NO_MEMORY_V1_R1_WITNESS_GATED_INFEASIBLE_RETRY,certified,PASS,,,34bf87eadd0abe75abc018cbf8be171e28ff168343831b823bbb493ac28ed978,cfd8c5744895a22aff7a1366728bb59caf7497c3ba3660cf3d1759372c0efa1d,1.0,19137905.85543848,4.0,1.0,1.0,1.0,1.0,1.0,0.9,fe70db8d53691bc442c1f70d4678fa939f7b34a567ed8f58b2becafab7dd5e2c,3,2,2,16dd79066fe7a20bcc72e584191dda865838f91e2b4aea01a67643a665984d7a,P4,False,False,False,Q[NONE]|F[Water+Crackers],1213682668.7335281,1213682668.7335281,0.0,5872355.967032859,0.0,5872355.967032859,h09,5,Katrina,1207810312.7664952,13265549.888405621,1194544762.8780897,1776908930.9137547,105048413.15063167,19137905.85543848,0.0,1.0,0.0,0.3068442290076421,0.0,0.693155770992358,0.0,19566330.527294,R0,1,0,0,False,True,False,10400000.0,0.0,0.0,0.0,NONE,0,0,1,False,False,False,0.0,9557344.06438629,0.0,178069436.11434028,R0,1,0,0,False,True,False,94648413.15063167,1767351586.8493683,6f41a92ea1e5551683be7314c0165370e17475f180d882ed36fd3711ce886df6,E3A,LA-0410,410,0.2,0.85,0.0733265658151264,0.8191484738608061,0.11904081454190919,0.17041772823860568,1.0,0.0,531999999.99999845,662544762.8780912,False,0,197635766.6416343,False,0,0
E3A_H100_MF100,LA-0972,972,b2ffc054354e99ad70ebde91ba67512301b5426d3258e58dde6603e25f618e8f,M2,A1_FINAL_NO_MEMORY_V1,A1_FINAL_NO_MEMORY_V1_R1_WITNESS_GATED_INFEASIBLE_RETRY,certified,PASS,,,0c7aeca329e0e83b52f403b72ca22b004e98d6d5f0a3c27e68db3563801355e6,75dddce1a1e2898bf885c4072d33aec43e4d44617c710cfa85afe95f05b3a248,1.0,19137905.85543848,4.0,1.0,1.0,1.0,1.0,1.0,0.9,9243a9134cc671ee2a575e763908f77b804670bce1066189fde58237f0dd988a,3,2,2,b96b42b54d603b97bab4fe61799a9bdd5a65ae0212059ebae169aea8905e8794,P4,False,False,False,Q[NONE]|F[Crackers],1205650416.7638319,1205650416.7638319,0.0,4165502.423472376,0.0,4165502.423472376,h09,5,Katrina,1201484914.3403594,14972403.431966102,1186512510.9083934,1694008216.099157,187949127.96522936,19137905.85543848,0.0,1.0,0.0,0.21765716975186458,0.0,0.7823428302481354,0.0,0.0,NONE,1,0,0,False,False,False,0.0,10400000.0,0.0,0.0,NONE,0,0,1,False,False,False,0.0,9557344.06438629,0.0,222231243.24969995,R0,1,0,0,False,True,False,187949127.96522936,1674050872.0347707,af9e18948507a871188b61e81ddbbb02dc5607e2025ecf373d67a92c72cf2ed0,E3A,LA-0972,972,0.2,0.85,0.2437598697789935,0.6421122391021474,0.277505527048783,0.3439192505307392,1.0,26944320.000000004,531999999.99999845,627568190.9083948,False,0,222231243.24969995,False,0,0
E3A_H100_MF100,LA-0770,770,f1fd6d3034dacc36645a1be8d00f7901ca6d2a318a9c60c3b379ff82db5a4f4d,M2,A1_FINAL_NO_MEMORY_V1,A1_FINAL_NO_MEMORY_V1_R1_WITNESS_GATED_INFEASIBLE_RETRY,certified,PASS,,,bdf64aaab5dd259d1cd075831d01e5a72e087fa20b715f7ccb4941f91cd7f358,e98b7f8b8e6a40540a7afd4a823b42bb2c31452819d98de098e52ba08e5c4b84,1.0,19137905.85543848,4.0,1.0,1.0,1.0,1.0,1.0,0.9,96f43662f3ecc9bf798384a76489899bd9e574fea65253eabc4665216a41f61b,3,2,2,c7a73a5de871c380321a2d9a21693679b0b76f17adc325e80f408ac539a077d0,P4,False,False,False,Q[NONE]|F[Crackers],1224282871.088522,1224282871.088522,0.0,3147440.151999562,4977458.81546945,8124898.967469012,h09,5,Katrina,1216157972.121053,11013006.887969462,1205144965.2330835,1743710665.7488852,138246678.31550127,19137905.855438475,3.725290298461914e-09,0.9999999999999998,0.0,0.1644610531462691,0.26008377578338804,0.5754551710703427,0.0,0.0,NONE,1,0,0,False,False,False,0.0,10400000.0,0.0,0.0,NONE,0,1,0,False,False,False,0.0,9557344.06438629,0.0,167917208.27995956,R2,0,0,1,False,True,False,138246678.31550127,1723753321.6844988,f653f31806725d9cf314649e89b5ed2b5d5c6dcb6fbb5e11fb8ed1efad214b59,E3A,LA-0770,770,0.2,0.85,0.0900957672890059,0.7470079091972062,0.2280560217356198,0.31628616114001606,1.0,26944320.000000004,531999999.99999845,646200645.2330849,False,0,167917208.27995956,True,0,1
E3A_H100_MF100,LA-0285,285,99a8425dc45cd2ee0cefe3f09f98b07802b60958c867aa71719c9568623adacd,M2,A1_FINAL_NO_MEMORY_V1,A1_FINAL_NO_MEMORY_V1_R1_WITNESS_GATED_INFEASIBLE_RETRY,certified,PASS,,,152c1a7983178397d758596b92ee0ed8f897664837d0c40b089f232061f847d9,29b86a1050c89b2bb032f21278ad494f90f1bc31cef9117f4cec701e2abb98f7,1.0,19137905.85543848,4.0,1.0,1.0,1.0,1.0,1.0,0.9,21348179dd218e2c95baa3c8e104697bc408219887e55e613079ec74c99c3989,3,2,2,f688907915d3a3b5f3ad879fff0884b96871db4b224ce337966b41da690fc32a,P4,False,False,False,Q[NONE]|F[Crackers],1208899915.6701367,1208899915.6701367,0.0,4856020.941062151,0.0,4856020.941062151,h09,5,Katrina,1204043894.7290745,14281884.914376326,1189762009.8146982,1702676320.309317,179281023.75506926,19137905.85543848,0.0,1.0,0.0,0.25373836498846614,0.0,0.7462616350115339,0.0,0.0,NONE,1,0,0,False,False,False,0.0,10400000.0,0.0,0.0,NONE,0,0,1,False,False,False,0.0,9557344.06438629,0.0,259070686.14288047,R0,1,0,0,False,True,False,179281023.75506926,1682718976.2449307,b0590e399212d2de8725ce3d85b3bb2d66a8164c0e28f132183367bfd2fd4118,E3A,LA-0285,285,0.2,0.85,0.325000486018357,0.7878108897297369,0.28825332208197585,0.4046149821930537,1.0,26944320.000000004,531999999.99999845,630817689.8146996,False,0,259070686.14288047,False,0,0
E3A_H100_MF100,LA-0575,575,30d07b6a2bff226fdc421bad06d9b3880909b6f6bd889b9fa0ccf06484e40ad5,M2,A1_FINAL_NO_MEMORY_V1,A1_FINAL_NO_MEMORY_V1_R1_WITNESS_GATED_INFEASIBLE_RETRY,certified,PASS,,,c59c8083b5365505edded5e6c22d827f6a823feb7fd7b28a8842d97d4c0ade51,73a00909d767f24f7ada9a5d19a21bf8e44c04baa79b1353e5111538234be0e0,1.0,19137905.85543848,4.0,1.0,1.0,1.0,1.0,1.0,0.9,316f915c01c6a7faf16b8fb501b17df6cfa7f1513ec7ce12d6686f2bc22068c3,3,2,2,281bba8b58ab87fcf28f7b38ad0bc6d01c5e21465ad87d5aebe8a56ab640852c,P4,False,False,False,Q[NONE]|F[Vaccine],1208137999.208021,1208137999.208021,0.0,4166311.892573253,527801.8002892968,4694113.69286255,h09,5,Katrina,1203443885.5151584,14443792.162575925,1189000093.3525825,1880736253.473566,1221090.5908202091,19137905.855438475,3.725290298461914e-09,0.9999999999999998,0.0,0.21769946639116208,0.027578869092373014,0.7547216645164647,0.0,0.0,NONE,1,0,0,False,False,False,0.0,10400000.0,0.0,1496950.234468688,R1,0,1,0,False,True,False,1221090.5908202091,8336253.47356608,0.0,0.0,NONE,1,0,0,False,False,False,0.0,1862000000.0,73e30166fcf77cf53b7e4370f1e9d6b60d5867038cbe3b735ffeda02004de66d,E3A,LA-0575,575,0.2,0.85,0.41833102384373677,0.47156954917766214,0.025336643722239857,0.4904718284138705,1.0,26944320.000000004,464029213.35258234,698026560.0,True,1,1496950.234468688,True,1,0
E3A_H100_MF100,LA-0115,115,7a292a6564f57df562c61130f79c32c77121485bf0331ddbe8d5b39cd5907cd6,M2,A1_FINAL_NO_MEMORY_V1,A1_FINAL_NO_MEMORY_V1_R1_WITNESS_GATED_INFEASIBLE_RETRY,certified,PASS,,,0d0626888a58a2bc13a7a562139e0ec9591d62012e644b5b979533b168bcbae1,5ed15400246135711b69eaea3b125a04cad72a758b74f8b91e7c55aa22542cd3,1.0,19137905.85543848,4.0,1.0,1.0,1.0,1.0,1.0,0.9,bf0425aabd60b701639c3849488d1140c7933dd756f6729b88d02af015bc2d8f,3,2,2,7ae789841682295befaf9b3e272972da73cd77c1d5283dfc734a8958d61d8c6a,P4,False,False,False,Q[NONE]|F[Crackers],1222627712.8073678,1222627712.8073678,0.0,7773177.832723758,0.0,7773177.832723758,h09,5,Katrina,1214854534.974644,11364728.02271472,1203489806.9519293,1739295497.4786277,142661846.58575884,19137905.85543848,0.0,1.0,0.0,0.4061665832949445,0.0,0.5938334167050555,0.0,0.0,NONE,1,0,0,False,False,False,0.0,10400000.0,0.0,0.0,NONE,0,0,1,False,False,False,0.0,9557344.06438629,0.0,414702189.11244977,R0,1,0,0,False,True,False,142661846.58575884,1719338153.4142413,91079213a35226996b407c3a90367d1311754977f2eceafffb63d049706b5432,E3A,LA-0115,115,0.2,0.85,0.34997727261706363,0.7596918365755494,0.1710250071772401,0.594280493514219,1.0,26944320.000000004,531999999.99999845,644545486.9519308,False,0,414702189.11244977,False,0,0
E3A_H100_MF100,LA-0109,109,273c1bf699eeebe2266ad272bfc4e066be02716036b95620b65ba8472f022347,M2,A1_FINAL_NO_MEMORY_V1,A1_FINAL_NO_MEMORY_V1_R1_WITNESS_GATED_INFEASIBLE_RETRY,certified,PASS,,,9f45fa0b17cf9f69d6a0ad69ae1d1726041b7b5a8779f6e3ef4cee20ab9f36d1,9eb571267da78f7d841b4bed2197b3a4e03caa429d085d9fd523724a002aa35c,1.0,19137905.85543848,4.0,1.0,1.0,1.0,1.0,1.0,0.9,13c48884ed81bb5376f7993950662a65e811e2e8a8ca488d5fb68a8e3e7ea577,3,2,2,813e002a36f53b8463e7227726eb866202a4007e744d59f189363a76eb05f938,P4,False,False,False,Q[NONE]|F[Water+Crackers],1213400104.7993042,1213400104.7993042,0.0,5812311.131010308,0.0,5812311.131010308,h09,5,Katrina,1207587793.668294,13325594.72442817,1194262198.9438658,1776155185.8907506,105802158.17363574,19137905.85543848,0.0,1.0,0.0,0.3037067469614814,0.0,0.6962932530385185,0.0,19279000.84787247,R0,1,0,0,False,True,False,10400000.0,0.0,0.0,0.0,NONE,0,1,0,False,False,False,0.0,9557344.06438629,0.0,176851758.49215257,R0,1,0,0,False,True,False,95402158.17363574,1766597841.8263643,0e361416ab451103923e8c372ae65d04225acbb1d0cb71086122c299b7645a95,E3A,LA-0109,109,0.2,0.85,0.457765978723498,0.8372398353802144,0.14850450476402968,0.45149417956384075,1.0,0.0,531999999.99999845,662262198.9438674,False,0,196130759.34002504,False,0,0
E3A_H100_MF100,LA-0890,890,a923dd4dcfc74d3d775512a114cd0c68d831ada21063a55b288a909c2c62b105,M2,A1_FINAL_NO_MEMORY_V1,A1_FINAL_NO_MEMORY_V1_R1_WITNESS_GATED_INFEASIBLE_RETRY,certified,PASS,,,989f674ed949a6fac8ce440dad66dd72e2fad79a0233e9dc62ee3b3cfb2dc94b,ae3d73a64f2f2ae2c0272d328721e5e67efe30d1c71c6686e7c1b146d69b9a74,1.0,19137905.85543848,4.0,1.0,1.0,1.0,1.0,1.0,0.9,eb1d4621332161113c488ba06b4ba801ae449a7d02e82db941136ede5db06c02,3,2,2,dc4922300859db1b5ec3d702a483016690c1485ee9adb299ab756d8a00634790,P4,False,False,False,Q[NONE]|F[Water+Crackers],1219036557.5010657,1219036557.5010657,0.0,7010057.33013457,0.0,7010057.33013457,h09,5,Katrina,1212026500.170931,12127848.525303908,1199898651.6456273,1791190537.7413728,90766806.3230136,19137905.85543848,0.0,1.0,0.0,0.36629176583301565,0.0,0.6337082341669843,0.0,25548186.33704725,R0,1,0,0,False,True,False,10399999.999999996,3.725290298461914e-09,0.0,0.0,NONE,0,1,0,False,False,False,0.0,9557344.06438629,0.0,197425590.69747487,R0,1,0,0,False,True,False,80366806.3230136,1781633193.6769865,23341b9a01687da731e894d3333ac96746cce837e89956f55ac03d5f48b6b6d4,E3A,LA-0890,890,0.2,0.85,0.40821462209023396,0.8013811163535068,0.2759847543916317,0.3456002497977764,1.0,9.651482105255128e-09,531999999.99999845,667898651.6456287,False,0,222973777.03452212,False,0,0
E3A_H100_MF100,LA-0921,921,d8451c7b32c1dc3e8114533677b31fc780f2634a99a80ddf70e4272b8c26355d,M2,A1_FINAL_NO_MEMORY_V1,A1_FINAL_NO_MEMORY_V1_R1_WITNESS_GATED_INFEASIBLE_RETRY,certified,PASS,,,89b0de2826079d937b87ed34235ae1b0be569ac21f88692f6e9d11d2a35b8c0a,cbe21fbd918bef77e3a2e75ed61c79a6fdd08c5d414f995bec43c671fdbfd0b7,1.0,19137905.85543848,4.0,1.0,1.0,1.0,1.0,1.0,0.9,b88ba040d22220ae8700a275a0a68a131c329034c83ac4e4a8de22e29053243e,3,2,2,830da585ee2049b094c90b42f89e9b25850d203994a19b6f0e6c966d0e6e9169,P4,False,False,False,Q[NONE]|F[Crackers],1209028249.9175751,1209028249.9175751,0.0,4883291.968642846,0.0,4883291.968642846,h09,5,Katrina,1204144957.9489322,14254613.886795633,1189890344.0621367,1703018654.5160995,178938689.5482869,19137905.85543848,0.0,1.0,0.0,0.2551633394755751,0.0,0.7448366605244249,0.0,0.0,NONE,1,0,0,False,False,False,0.0,10400000.0,0.0,0.0,NONE,0,0,1,False,False,False,0.0,9557344.06438629,0.0,260525606.52170536,R0,1,0,0,False,True,False,178938689.5482869,1683061310.451713,41d9ccb7cf277fd4c7e3dee56138abd74551dea94227adc05586c19f2ae8e053,E3A,LA-0921,921,0.2,0.85,0.13015126448570347,0.4839670852789202,0.06085802290633649,0.20989493936290232,1.0,26944320.000000004,531999999.99999845,630946024.0621382,False,0,260525606.52170536,False,0,0
E3A_H100_MF100,LA-0162,162,17d7974661c5e9b889c1fdc7d19b6495fed6dab66ad18cdc4c43ea4157bef527,M2,A1_FINAL_NO_MEMORY_V1,A1_FINAL_NO_MEMORY_V1_R1_WITNESS_GATED_INFEASIBLE_RETRY,certified,PASS,,,e878d46197feb9272081e23225584102b6892604ac4123d8d8afd0dfe5f52bbb,46bbd877a4d8f7fa1684523e7b3c675c0098127af72b1dd0e7ed952aee9725c5,1.0,19137905.85543848,4.0,1.0,1.0,1.0,1.0,1.0,0.9,715016afa2e0953ea6f67bb7b99b48a9dd4e3a9ffca23db17c5c77c682082ace,3,2,2,890d90a63ea97c2c80b693d0198797e71b95096137715d3bad98aaf15ef72dbd,P4,False,False,False,Q[NONE]|F[Crackers],1209085306.271578,1209085306.271578,0.0,4895416.443868431,0.0,4895416.443868431,h09,5,Katrina,1204189889.8277097,14242489.411570046,1189947400.4161396,1703170853.4971142,178786490.5672723,19137905.85543848,0.0,1.0,0.0,0.2557968714470024,0.0,0.7442031285529975,0.0,0.0,NONE,1,0,0,False,False,False,0.0,10400000.0,0.0,0.0,NONE,1,0,0,False,False,False,0.0,9557344.06438629,0.0,261172452.19101748,R0,1,0,0,False,True,False,178786490.5672723,1683213509.4327278,f3a2e77a53f85cb0c87c1824a112b5e941c58ce8d9bded53a1355b0f691a8222,E3A,LA-0162,162,0.2,0.85,0.3643222247107223,0.5195423739156745,0.08557240394028715,0.4662229410080587,1.0,26944320.000000004,531999999.99999845,631003080.416141,False,0,261172452.19101748,False,0,0
E3A_H100_MF100,LA-0786,786,1174073a28d0c3a2e594e8b47c88e882eba16d3e0d1322847cbf623cbfca3d1b,M2,A1_FINAL_NO_MEMORY_V1,A1_FINAL_NO_MEMORY_V1_R1_WITNESS_GATED_INFEASIBLE_RETRY,certified,PASS,,,c374002164579a80595abe9bcfd8bd26ad90a30af41aaef2701f7ff4868df4fd,b26745991d602ee624d75ca26c60585976d66278f8ad6be69cbc58faa25ec42c,1.0,19137905.85543848,4.0,1.0,1.0,1.0,1.0,1.0,0.9,cbac24512644df6f97fdee176b5a7a882623b87af6d73ac3f4ecad9e053d4871,3,2,2,c921577a505a3b315f66917592dbd5ab8a0becdfd9a68d31a01c456c7b507e1f,P4,False,False,False,Q[NONE]|F[Crackers],1213946194.8330476,1213946194.8330476,0.0,5928355.263180752,0.0,5928355.263180752,h09,5,Katrina,1208017839.569867,13209550.592257727,1194808288.9776092,1716137372.2803774,165819971.78400904,19137905.85543848,0.0,1.0,0.0,0.30977032220565937,0.0,0.6902296777943407,0.0,0.0,NONE,1,0,0,False,False,False,0.0,10400000.0,0.0,0.0,NONE,0,0,1,False,False,False,0.0,9557344.06438629,0.0,316280157.0198865,R0,1,0,0,False,True,False,165819971.78400904,1696180028.215991,e3bc3eeea8faa2a17c5847affecd5da09d1dc17d36478fe66b26aec71c5259ae,E3A,LA-0786,786,0.2,0.85,0.24916087808492998,0.7617855354317459,0.1477042742028556,0.4283748649277759,1.0,26944320.000000004,531999999.99999845,635863968.9776107,False,0,316280157.0198865,False,0,0
E3A_H100_MF100,LA-0862,862,1c4582bc1dfe30339b657dd77bde26401a840d7b9e14e11ca62b5a7daa755775,M2,A1_FINAL_NO_MEMORY_V1,A1_FINAL_NO_MEMORY_V1_R1_WITNESS_GATED_INFEASIBLE_RETRY,certified,PASS,,,6933f1dca15982cf18c51e1495071595abedeeeaa5fa9774731e6ffc5da51450,7c3196a6f3184f4decf02ff62e2aa7466b147905c532370dfbc70830698ad25c,1.0,19137905.85543848,4.0,1.0,1.0,1.0,1.0,1.0,0.9,6b3b6f957500af2bb6ded763511eabef243550e6b73c88c1db3df132637bf95a,3,2,2,27614e6c2b508e0369c40d1279a0072ec31113a187539465cdccb559183bb048,P4,False,False,False,Q[NONE]|F[Crackers],1218817290.5970695,1218817290.5970695,0.0,6963463.113035413,0.0,6963463.113035413,h09,5,Katrina,1211853827.484034,12174442.742403064,1199679384.741631,1729131118.9833808,152826225.08100554,19137905.85543848,0.0,1.0,0.0,0.3638571098444705,0.0,0.6361428901555295,0.0,0.0,NONE,1,0,0,False,False,False,0.0,10400000.0,0.0,0.0,NONE,0,1,0,False,False,False,0.0,9557344.06438629,0.0,371503580.50765115,R0,1,0,0,False,True,False,152826225.08100554,1709173774.9189944,563112a2152bf2edc358eed6c0c3ce9b565cb0d27276f83a9078eb6bb372a55c,E3A,LA-0862,862,0.2,0.85,0.12384068825698014,0.4200552068328779,0.22048696790309966,0.481051923384309,1.0,26944320.000000004,531999999.99999845,640735064.7416326,False,0,371503580.50765115,False,0,0
E3A_H100_MF100,LA-0121,121,e09b25a104a5b5737a982329f643abe6a52b268e29f7b3b8ee4ba27e2e2804a2,M2,A1_FINAL_NO_MEMORY_V1,A1_FINAL_NO_MEMORY_V1_R1_WITNESS_GATED_INFEASIBLE_RETRY,certified,PASS,,,f644ee994471ae3723735280151605716568e0cb9540375b44a4684da7480b5d,897e3ad114c6cb384bb6da25a0868eef94905b738b7aab727d3a75869ff392a0,1.0,19137905.85543848,4.0,1.0,1.0,1.0,1.0,1.0,0.9,c7e925f3196f35ad7bc979ad27acabc9623de178a9ee4f50500d1d8708b5356c,3,2,2,457845cb343c5f69a624f1ec38e2cd732c658b56c193462f399e0d392a219819,P4,False,False,False,Q[NONE]|F[Vaccine],1206161928.752097,1206161928.752097,0.0,4274198.720978733,0.0,4274198.720978733,h09,5,Katrina,1201887730.0311182,14863707.134459745,1187024022.8966584,1880700753.5013053,1256590.5630809856,19137905.85543848,0.0,1.0,0.0,0.22333680358052974,0.0,0.7766631964194702,0.0,0.0,NONE,1,0,0,False,False,False,0.0,10400000.0,0.0,1535713.8261636724,R0,1,0,0,False,True,False,1256590.5630809856,8300753.5013053045,0.0,0.0,NONE,1,0,0,False,False,False,0.0,1862000000.0,b71f46955a10d576d87888075aba502d7739bbaf4785649aa8d4a2b377bc5567,E3A,LA-0121,121,0.2,0.85,0.39328910461574235,0.5755948019740647,0.0803942116082153,0.37150800478594076,1.0,26944320.000000004,462053142.8966585,698026560.0,False,0,1535713.8261636724,False,0,0
E3A_H100_MF100,LA-0051,51,d77f3bce26b0e3330ae0a4a5c88c1048624bc0c3991e65d6872d2d0ba4466cd8,M2,A1_FINAL_NO_MEMORY_V1,A1_FINAL_NO_MEMORY_V1_R1_WITNESS_GATED_INFEASIBLE_RETRY,certified,PASS,,,52cd956e9e70ea4480d415021c2508556a5e1bc8bb3ecf35bfeee5edc80a3faf,d14d70b589dfbbf8befd17a12bca7893db0c1093526030d6ac1fec0169c417ba,1.0,19137905.85543848,4.0,1.0,1.0,1.0,1.0,1.0,0.9,3c82a11e4c1e4748d1547dcf3db702c74d1b0ff13227c195db67a955ae6a743a,3,2,2,90a7e418b22626baaff242eb1a1a0bb5892fd8677bb34fcb5ea4d3125aa5cc40,P4,False,False,False,Q[NONE]|F[Water+Crackers],1208176602.144547,1208176602.144547,0.0,4702316.816874379,0.0,4702316.816874379,h09,5,Katrina,1203474285.3276727,14435589.038564099,1189038696.2891085,1762221386.6623113,119735957.40207502,19137905.85543848,0.0,1.0,0.0,0.24570696775259282,0.0,0.7542930322474072,0.0,14397916.340691388,R0,1,0,0,False,True,False,10399999.999999996,3.725290298461914e-09,0.0,0.0,NONE,0,0,1,False,False,False,0.0,9557344.06438629,0.0,151366343.04850706,R0,1,0,0,False,True,False,109335957.40207502,1752664042.597925,7326fb1d17200366c57be6830022743dbd9800f3b8c2b36faeef460966aed6df,E3A,LA-0051,51,0.2,0.85,0.4060092478260752,0.8963237491264986,0.11170390834550735,0.5511774725709827,1.0,9.651482105255128e-09,531999999.99999845,657038696.2891101,False,0,165764259.38919845,False,0,0
E3A_H100_MF100,LA-0479,479,14b6d5511703b10299839ebd90facf85e476c9ebfb75c9f005d549f7e411618a,M2,A1_FINAL_NO_MEMORY_V1,A1_FINAL_NO_MEMORY_V1_R1_WITNESS_GATED_INFEASIBLE_RETRY,certified,PASS,,,b767d16961b505d461dedd52aca9cec9eec473dc66f75f7f38415bc4f149d3ff,5655030cac303e227e77fff700bbee3d2811ade82d9a4ad8b4287327a44f7b84,1.0,19137905.85543848,4.0,1.0,1.0,1.0,1.0,1.0,0.9,5e43b8440a0b5b131d9ad7efa57f30abd558ec8b6aa0396a3c5e4ab932a1dec8,3,2,2,53b44830a2a1c417002de9bc3af48232cb8691f8028dd16c2acc1b0cece00afa,P4,False,False,False,Q[NONE]|F[Crackers],1222300852.8261209,1222300852.8261209,0.0,2971012.2970832614,4732707.789625533,7703720.086708794,h09,5,Katrina,1214597132.739412,11434185.768729683,1203162946.9706824,1738423591.8521688,143533752.21221766,19137905.85543848,0.0,1.0,0.0,0.1552422882380822,0.2472949666162468,0.5974627451456709,0.0,0.0,NONE,1,0,0,False,False,False,0.0,10400000.0,0.0,0.0,NONE,0,1,0,False,False,False,0.0,9557344.06438629,0.0,158504710.6851932,R2,0,0,1,False,True,False,143533752.21221766,1718466247.7877824,fc98d3da91f75bc6e7eb9ae79b15be8108c43c7659faba754cd77d579be6b031,E3A,LA-0479,479,0.2,0.85,0.36535171638105945,0.8553828119375736,0.2606482034037278,0.31859227201932383,1.0,26944320.000000004,531999999.99999845,644218626.9706838,False,0,158504710.6851932,True,0,1
E3A_H100_MF100,LA-0842,842,466c5fdd8cbfea6918620048fa7f1f9789c57c69c8a9622cf593d5e3d2c29739,M2,A1_FINAL_NO_MEMORY_V1,A1_FINAL_NO_MEMORY_V1_R1_WITNESS_GATED_INFEASIBLE_RETRY,certified,PASS,,,ecf07d4f272f41110416ce9ee775e91ca1df0ec9e23b8be91ef10bf7f3392c65,6a30f7aea6c94a2b0d396d6927b91d7fd1f254ecf4b540091fd10bc865701366,1.0,19137905.85543848,4.0,1.0,1.0,1.0,1.0,1.0,0.9,d49edd59f6f006c4d19f579e41dd6a0a5bb403cde5d17e110907101785b764b4,3,2,2,7ac82ed14b9f1076ea342b8d10ca0175d2138ee63ffcf68690da0f5af9c402f6,P4,False,False,False,Q[NONE]|F[Water+Crackers],1206293178.2318218,1206293178.2318218,0.0,4302089.235420294,0.0,4302089.235420294,h09,5,Katrina,1201991088.9964015,14835816.620018184,1187155272.3763833,1757197315.192174,124760028.87221241,19137905.85543848,0.0,1.0,0.0,0.2247941476939472,0.0,0.7752058523060528,0.0,12817113.413831338,R0,1,0,0,False,True,False,10400000.0,0.0,0.0,0.0,NONE,0,1,0,False,False,False,0.0,9557344.06438629,0.0,140938986.544632,R0,1,0,0,False,True,False,114360028.87221241,1747639971.1277876,39224b7bc21df9dde84b8456c7146801082e4e3d3d38291ccb6b15bdb079edc4,E3A,LA-0842,842,0.2,0.85,0.10823103510504888,0.423902808864001,0.06100001085747346,0.28033409021738176,1.0,0.0,531999999.99999845,655155272.376385,False,0,153756099.9584633,False,0,0
E3A_H100_MF100,LA-0289,289,fa2f1df2a5a81adf302bb6baff73cd4c0130b16333573323ae44149beefce25b,M2,A1_FINAL_NO_MEMORY_V1,A1_FINAL_NO_MEMORY_V1_R1_WITNESS_GATED_INFEASIBLE_RETRY,certified,PASS,,,d02fea72131dc417c680a31de9a4813731bb9553e7dfe30fcbc9d58249626e99,f5050af7f63a853b3a1a03842de04d75123d3b263beef34ccb528ba400bf72ac,1.0,19137905.85543848,4.0,1.0,1.0,1.0,1.0,1.0,0.9,97a3ae020043402a68d6499ed8f2135bac69b4ecefbe3ebc6af20fabedfde42d,3,2,2,e0b28c5cf23c509d45297ed5af09ff549ce8c0553c9af2509c8e8b1168e727d1,P4,False,False,False,Q[NONE]|F[Water+Crackers],1208756076.1477458,1208756076.1477458,0.0,4825455.042554112,0.0,4825455.042554112,h09,5,Katrina,1203930621.1051917,14312450.812884364,1189618170.2923074,1763767145.3136098,118190198.7507766,19137905.85543848,0.0,1.0,0.0,0.2521412258480124,0.0,0.7478587741519875,0.0,14902067.833755491,R0,1,0,0,False,True,False,10400000.0,0.0,0.0,0.0,NONE,0,1,0,False,False,False,-1.5746962017744763e-10,9557344.06438629,0.0,154451620.53827494,R0,1,0,0,False,True,False,107790198.7507766,1754209801.2492235,ff38786e72b8fd8256dd62aadc85ab44434886801860ad1292613b4c488f9d43,E3A,LA-0289,289,0.2,0.85,0.49117157459713373,0.6504669906724132,0.19823305327510288,0.2993587138130364,1.0,0.0,531999999.99999845,657618170.2923089,False,0,169353688.37203044,False,0,0
E3A_H100_MF100,LA-0648,648,11c1b64f15bc6da32ddaf8da712da6024392b6c8099fcdbec7dd43ca9c10688b,M2,A1_FINAL_NO_MEMORY_V1,A1_FINAL_NO_MEMORY_V1_R1_WITNESS_GATED_INFEASIBLE_RETRY,certified,PASS,,,60ce121ad0adfba995ee6d76d72b143d00c0263b46df45ca22e4c1fc6ff05d9c,1c3db9515d7ba1050621a2de273f2f2d600cfc7206d06f9258dcd6a554542bb5,1.0,19137905.85543848,4.0,1.0,1.0,1.0,1.0,1.0,0.9,ff1c6838fd9b81462407630598c2ba5134e4a99bcb5d27458643d77efa3eceb4,3,2,2,95cbc940d213d6e8a9dc2486a86cc072e544c1a74194a2a75623d580e28da28b,P4,False,False,False,Q[NONE]|F[Vaccine],1212210143.8406675,1212210143.8406675,0.0,4281608.541540775,1277835.8857591916,5559444.427299967,h09,5,Katrina,1206650699.4133675,13578461.42813851,1193072237.985229,1880809409.2768257,1147934.787560532,19137905.85543848,0.0,1.0,0.0,0.22372398390307985,0.0667698908862625,0.7095061252106576,0.0,0.0,NONE,1,0,0,False,False,False,0.0,10400000.0,0.0,1538376.1646812211,R1,0,1,0,False,True,False,1147934.787560532,8409409.276825758,0.0,0.0,NONE,1,0,0,False,False,False,0.0,1862000000.0,7e3f86c5d6c6e9319cd2709d922a9cf488846bf774770e33c6812874ebb6c907,E3A,LA-0648,648,0.2,0.85,0.4399892284980725,0.5439823384549992,0.059689524315987605,0.5190663307079,1.0,26944320.000000004,468101357.985229,698026560.0,True,1,1538376.1646812211,True,1,0
E3A_H100_MF100,LA-0006,6,de42add8841adf6cdadffe7a2c3028d510ddac8675da732fcd463e1eae700250,M2,A1_FINAL_NO_MEMORY_V1,A1_FINAL_NO_MEMORY_V1_R1_WITNESS_GATED_INFEASIBLE_RETRY,certified,PASS,,,c370f3b49e88a1ec833246b98bd10be4d255440af535b52000116e9e2eea9638,66fac1fa9b1c2d908709d7da62a70d5011d1a3de860ce746c14097a05dba78c6,1.0,19137905.85543848,4.0,1.0,1.0,1.0,1.0,1.0,0.9,599fb5a90e5cd9898934431605f396739dcc9028930257f56a6650c428c278e4,3,2,2,dae5bc0a4ac580a7ae2a7dc5f144b81d6fe2b902d87efcbe69edb057e779345a,P4,False,False,False,Q[NONE]|F[Water+Crackers],1211555373.0726306,1211555373.0726306,0.0,5420305.63909214,0.0,5420305.63909214,h09,5,Katrina,1206135067.4335384,13717600.216346338,1192417467.2171922,1771234326.6113179,110723017.45306844,19137905.85543848,0.0,1.0,0.0,0.2832235501645461,0.0,0.716776449835454,0.0,17464972.405478347,R0,1,0,0,False,True,False,10400000.0,0.0,0.0,0.0,NONE,0,0,1,False,False,False,0.0,9557344.06438629,0.0,168474878.02424642,R0,1,0,0,False,True,False,100323017.45306844,1761676982.5469315,35c94543e70699b5f921ea44ed4ae8bec48d87058f563a66dd999046f6edafa7,E3A,LA-0006,6,0.2,0.85,0.14659492939636729,0.8262602402911685,0.07340987471879275,0.18563696459542925,1.0,0.0,531999999.99999845,660417467.2171937,False,0,185939850.42972478,False,0,0
E3A_H100_MF100,LA-0785,785,8e346a58426a8b8791a228ec082f2a836b5daa0cd6764def52ffff7e66d3e4e4,M2,A1_FINAL_NO_MEMORY_V1,A1_FINAL_NO_MEMORY_V1_R1_WITNESS_GATED_INFEASIBLE_RETRY,certified,PASS,,,67c322334b4e1ae0488b8e5ae2ce875e71d4f16387b9345344f15cd6a7d6c27e,af26f9384a451363f5aa99c26662a4ab00e591a53ce1d5004579585f08f50382,1.0,19137905.85543848,4.0,1.0,1.0,1.0,1.0,1.0,0.9,90f18da7113bdbc80c9f6e558929a60a506263e929fb0d2fbac00e3cffb4776b,3,2,2,4b48bb67e0b8670a989041f189415844f2c6f9ca42f8c3ea5a64325f70e9979c,P4,False,False,False,Q[NONE]|F[Water+Crackers],1224123465.9163458,1224123465.9163458,0.0,8091025.36838159,0.0,8091025.36838159,h09,5,Katrina,1216032440.5479643,11046880.487056889,1204985560.0609074,1804759969.0668106,77197374.99757585,19137905.85543848,0.0,1.0,0.0,0.42277485475676213,0.0,0.5772251452432379,0.0,32373240.72632783,R0,1,0,0,False,True,False,10400000.0,0.0,0.0,0.0,NONE,0,1,0,False,False,False,0.0,9557344.06438629,0.0,207927644.2964726,R0,1,0,0,False,True,False,66797374.99757586,1795202625.0024242,db4cd606eabba3dc4da2fbe08d986e51a93c3d19e671481c5aa3d4c6e70bfe37,E3A,LA-0785,785,0.2,0.85,0.16356852022710355,0.47116239223240286,0.19447900650178057,0.29602873614058206,1.0,0.0,531999999.99999845,672985560.0609088,False,0,240300885.02280045,False,0,0
E3A_H100_MF100,LA-0747,747,9f8a2564a65cb50a9ca783a1d129e44731a1bd896d0cb67bc8564b22c69e6ab5,M2,A1_FINAL_NO_MEMORY_V1,A1_FINAL_NO_MEMORY_V1_R1_WITNESS_GATED_INFEASIBLE_RETRY,certified,PASS,,,ba42891260e355143db4bd4fb6445327f6b8acba2e209e976ba985fcb2c33697,430842e9a9bf838034aa131c15fa74821be8da673660d63d4b8ca5378f6ffe95,1.0,19137905.85543848,4.0,1.0,1.0,1.0,1.0,1.0,0.9,c1d3437d66d7ee3bf2990226e7b046cf30a45bdd407464f7cc3e5eb08c0b48aa,3,2,2,2ca538c339a4c7e6bad897c1a8b67af1bb80d9c5cce49824b410b55eaacff272,P4,False,False,False,Q[NONE]|F[Water+Crackers],1206443553.5147057,1206443553.5147057,0.0,4334043.983033105,0.0,4334043.983033105,h09,5,Katrina,1202109509.5316725,14803861.872405373,1187305647.6592672,1757598444.3078477,124358899.75653856,19137905.85543848,0.0,1.0,0.0,0.22646385742364208,0.0,0.7735361425763578,0.0,12940187.209335076,R0,1,0,0,False,True,False,10399999.999999996,3.725290298461914e-09,0.0,0.0,NONE,0,0,1,False,False,False,0.0,9557344.06438629,0.0,141793220.8672556,R0,1,0,0,False,True,False,113958899.75653856,1748041100.2434614,f7c60fbcaff548b3ab99b450d2d7b7e9a815fa3b40260c25670e173d1b5e640b,E3A,LA-0747,747,0.2,0.85,0.40780113580639915,0.4680350507470376,0.10162645343204342,0.4653765660917909,1.0,9.651482105255128e-09,531999999.99999845,655305647.6592687,False,0,154733408.0765907,False,0,0
E3A_H100_MF100,LA-0528,528,6be2fb705b657f16b0d243c4d71dd16622e5b8779b782f6910b99be278e7ef27,M2,A1_FINAL_NO_MEMORY_V1,A1_FINAL_NO_MEMORY_V1_R1_WITNESS_GATED_INFEASIBLE_RETRY,certified,PASS,,,04647dedd160321372113bac086a80408a554e4a0d84f0992ca9e2a42af4a3e6,4c18d8b2b20dc47b592192189b9a8eb6b4e1be5e031e89593f8a6b3e7a6891e4,1.0,19137905.85543848,4.0,1.0,1.0,1.0,1.0,1.0,0.9,bfa676192f5d67f466b6b2c992637ceae166a184c30f670075b16035ea04cf7c,3,2,2,35672cc2d05e10b89b41980df8279cd401b201766a85933216715350b3565ba6,P4,False,False,False,Q[NONE]|F[Water+Crackers],1212196002.9624827,1212196002.9624827,0.0,5556439.490685687,0.0,5556439.490685687,h09,5,Katrina,1206639563.471797,13581466.364752792,1193058097.1070442,1772943219.8300865,109014124.2342998,19137905.85543848,0.0,1.0,0.0,0.2903368598767925,0.0,0.7096631401232076,0.0,18083071.363021977,R0,1,0,0,False,True,False,10400000.0,0.0,0.0,0.0,NONE,0,0,1,False,False,False,0.0,9557344.06438629,0.0,171465985.1856498,R0,1,0,0,False,True,False,98614124.2342998,1763385875.7657,29c9dc90f23f9b79f580ac8371946ec0602d03d4f84df6a976f03dac1298a7b1,E3A,LA-0528,528,0.2,0.85,0.4329158914923782,0.8663053772654388,0.09119596989769954,0.16416107381259912,1.0,0.0,531999999.99999845,661058097.1070457,False,0,189549056.54867178,False,0,0
E3A_H100_MF100,LA-0584,584,556c45d9728bc708d48ca90ab05bcc9fc0894a145ce274429533fd65d664d455,M2,A1_FINAL_NO_MEMORY_V1,A1_FINAL_NO_MEMORY_V1_R1_WITNESS_GATED_INFEASIBLE_RETRY,certified,PASS,,,d1a3117c759f4131f1f6b7dccf7db39d10a6367a7f808a3ce2e7f4b89b7fc922,32aec8c5e24d24e5161522522d708dc3d1a2ef2cff7e218ccc582726ff979623,1.0,19137905.85543848,4.0,1.0,1.0,1.0,1.0,1.0,0.9,378547ae62883852d2e522a9eef0d388303143c22d14d9448192662fc8124885,3,2,2,137729156813c81638166e4419c10c0063e7eb885309ee8f7b61a44b9228af1a,P4,False,False,False,Q[NONE]|F[Water+Crackers],1212656817.5875356,1212656817.5875356,0.0,5654362.598509464,0.0,5654362.598509464,h09,5,Katrina,1207002454.989026,13483543.256929014,1193518911.7320971,1774172452.1845815,107784891.87980485,19137905.85543848,0.0,1.0,0.0,0.29545356953998425,0.0,0.7045464304600157,0.0,18535396.971837226,R0,1,0,0,False,True,False,10400000.0,0.0,0.0,0.0,NONE,0,1,0,False,False,False,0.0,9557344.06438629,0.0,173564195.19727218,R0,1,0,0,False,True,False,97384891.87980485,1764615108.1201952,5962371bb6fead957a35ec7672b8401a89bfd9f952ed148e1a9faecfa874cdaf,E3A,LA-0584,584,0.2,0.85,0.4620679219522788,0.6013787814512718,0.15928899112501468,0.23740695669776274,1.0,0.0,531999999.99999845,661518911.7320987,False,0,192099592.1691094,False,0,0
E3A_H100_MF100,LA-0488,488,a1c8e52d0d582b81669d0fc62ef43207af83301f2a7d6efff05cf8d29b3f7c05,M2,A1_FINAL_NO_MEMORY_V1,A1_FINAL_NO_MEMORY_V1_R1_WITNESS_GATED_INFEASIBLE_RETRY,certified,PASS,,,27b144730708b0bb697750fd684194d1b60e3bc80d76fd484f3d9480e585b217,4d714502bf3dcef3992ef1c76528315f8eb45000df2cb3f03b3b42a6a887db6b,1.0,19137905.85543848,4.0,1.0,1.0,1.0,1.0,1.0,0.9,3e035498680e5ccc213a62e9e255354237da824e15adbf95a4cfe4d003b0e69d,3,2,2,9515be5e9dc5f29fe19c42a172f2b0c5e210940ce08c4fa483e6661aeaa39f5c,P4,False,False,False,Q[NONE]|F[Water+Crackers],1219174953.1806357,1219174953.1806357,0.0,7039466.412043245,0.0,7039466.412043245,h09,5,Katrina,1212135486.7685924,12098439.443395235,1200037047.3251972,1791559711.0223434,90397633.04204306,19137905.85543848,0.0,1.0,0.0,0.3678284586211828,0.0,0.6321715413788173,0.0,25717731.354366615,R0,1,0,0,False,True,False,10400000.0,0.0,0.0,0.0,NONE,0,0,1,False,False,False,0.0,9557344.06438629,0.0,197822849.57312167,R0,1,0,0,False,True,False,79997633.04204306,1782002366.957957,6f8f56a174854bc9e0cb6c0e5a7823169ebaa9204a21eafa8c938c8e4849ed76,E3A,LA-0488,488,0.2,0.85,0.19896524681833772,0.42603554938410737,0.06454458984084352,0.42855451207260753,1.0,0.0,531999999.99999845,668037047.3251989,False,0,223540580.92748827,False,0,0
E3A_H100_MF100,LA-0170,170,e20bc3fe56ecbfa50edae2fdc3bb38c9a5ba56e6bd20d5bb830aff856918c573,M2,A1_FINAL_NO_MEMORY_V1,A1_FINAL_NO_MEMORY_V1_R1_WITNESS_GATED_INFEASIBLE_RETRY,certified,PASS,,,ff8735542231928812a0bd8885c1d5bdf2a52b09ea3b342e51a62bc951116bd7,02eb42d042adec86a86f45f0b96227a16b8cfdfc1f8ebdf435b9da2c53674dc4,1.0,19137905.85543848,4.0,1.0,1.0,1.0,1.0,1.0,0.9,870c00135e4a284e9f7d0776ab213dcbad7cb2b19feccae4b34f288a8712ae85,3,2,2,626ee00ab5a4642d390396bf9fa39c1b3b8b1f5d48efd1a39c7a6932aa257041,P4,False,False,False,Q[NONE]|F[Crackers],1218644723.7056696,1218644723.7056696,0.0,6926792.648612913,0.0,6926792.648612913,h09,5,Katrina,1211717931.0570567,12211113.206825562,1199506817.8502312,1728670793.3020961,153286550.7622902,19137905.855438475,3.725290298461914e-09,0.9999999999999998,0.0,0.361940992966297,0.0,0.6380590070337028,0.0,0.0,NONE,1,0,0,False,False,False,0.0,10400000.0,0.0,0.0,NONE,1,0,0,False,False,False,0.0,9557344.06438629,0.0,369547196.36219126,R0,1,0,0,False,True,False,153286550.7622902,1708713449.2377098,61360a27d7a32a1fd53c76afd4e38ffe8db36906d651a35fdab9b6b66ad480c5,E3A,LA-0170,170,0.2,0.85,0.07146491618461463,0.5856443720962482,0.12391759928330628,0.2654319053447495,1.0,26944320.000000004,531999999.99999845,640562497.8502326,False,0,369547196.36219126,False,0,0
E3A_H100_MF100,LA-0771,771,1af97d7121e738bd7118f9315c5bc017b1b0c78ae8702859b8f0c2362c18ca0a,M2,A1_FINAL_NO_MEMORY_V1,A1_FINAL_NO_MEMORY_V1_R1_WITNESS_GATED_INFEASIBLE_RETRY,certified,PASS,,,4f478494bc9ae2f3028c7c304e2d64560c39ed3065b6d42005158aba5dbbca1e,8aab27d1f4964d9ffd09e8316cbea30b83c1ab49098db673c9e84984e42b683f,1.0,19137905.85543848,4.0,1.0,1.0,1.0,1.0,1.0,0.9,83a5ae5ba6319a712c390475cdfc78161146149e917dec55a2b74e9faa901093,3,2,2,45ca1284594a8e8041a1da0353ea028394b1886f023fbb049c231d09b81cec25,P4,False,False,False,Q[NONE]|F[Vaccine],1223760445.667781,1223760445.667781,0.0,3252369.753588496,4761513.811973121,8013883.565561617,h09,5,Katrina,1215746562.1022196,11124022.289876861,1204622539.8123426,1881016909.6689484,940434.39543791,19137905.85543848,0.0,1.0,0.0,0.1699438683707528,0.2488001481426468,0.5812559834866005,0.0,0.0,NONE,1,0,0,False,False,False,0.0,10400000.0,0.0,1168572.058633406,R2,0,0,1,False,True,False,940434.39543791,8616909.66894838,0.0,0.0,NONE,1,0,0,False,False,False,0.0,1862000000.0,37854637ee66f4a0a719f91be2b4310d55c8f044d98fbcf9df363002812be472,E3A,LA-0771,771,0.2,0.85,0.2307113851276969,0.7158258967390256,0.2398544742018973,0.29280273601853013,1.0,26944320.000000004,479651659.81234264,698026560.0,True,2,1168572.058633406,True,0,1
E3A_H100_MF100,LA-0365,365,03571409f530a57950103a16cc3d0f31cfa9635ee41d994996c4ed270bbb4e53,M2,A1_FINAL_NO_MEMORY_V1,A1_FINAL_NO_MEMORY_V1_R1_WITNESS_GATED_INFEASIBLE_RETRY,certified,PASS,,,9defb33ae71fb8d077d8ecf66eb195966aa7795c7a100bcec535f958b75c3d36,f24d3ff0dfe887a5d1365e6725192357c7d98850a13e764e6b5f51eb3c8c8743,1.0,19137905.85543848,4.0,1.0,1.0,1.0,1.0,1.0,0.9,e40e6cbb23453bf0a6d221810467273a11b4e058b5d0abcc36b1c6ce2a7b9a08,3,2,2,f91fae296e99de40d8ebca05a596539f2ada570b2e563ed40cfff4e4269c10c5,P4,False,False,False,Q[NONE]|F[Crackers],1214600533.8496323,1214600533.8496323,0.0,6067402.304204998,0.0,6067402.304204998,h09,5,Katrina,1208533131.5454273,13070503.55123348,1195462627.9941938,1717882834.8726327,164074509.19175366,19137905.85543848,0.0,1.0,0.0,0.3170358528271684,0.0,0.6829641471728316,0.0,0.0,NONE,1,0,0,False,False,False,0.0,10400000.0,0.0,0.0,NONE,0,0,1,False,False,False,0.0,9557344.06438629,0.0,323698373.0369717,R0,1,0,0,False,True,False,164074509.19175366,1697925490.8082464,6723c01f5ce65218379a6f494b9b270710bc31d166f91ae982a013531baa4e09,E3A,LA-0365,365,0.2,0.85,0.12493359628580208,0.4277530539550541,0.24970464216904,0.5448037038913864,1.0,26944320.000000004,531999999.99999845,636518307.9941953,False,0,323698373.0369717,False,0,0
E3A_H100_MF100,LA-0286,286,6baaa33555436c6ac3e813258e2307c08f082445ff5442dc255c0053c1af1067,M2,A1_FINAL_NO_MEMORY_V1,A1_FINAL_NO_MEMORY_V1_R1_WITNESS_GATED_INFEASIBLE_RETRY,certified,PASS,,,00987477c28c8e34db5ce90904d3827a04a1488fff4b60580321b653ea31d57d,650d48604e1dc7e87a3af405e1b2a3696960bc9cd55e475b30b382fcd4c53600,1.0,19137905.85543848,4.0,1.0,1.0,1.0,1.0,1.0,0.9,65951fc637b35dbe4b816a39dc7169b68414388dd2e1fb524815f002237b908b,3,2,2,941ba52659b72cc63a3c518de3a3feeb20013232014ebc7b1e7b4b503a1dd576,P4,False,False,False,Q[NONE]|F[Crackers],1218179302.7643607,1218179302.7643607,0.0,6827890.698584762,0.0,6827890.698584762,h09,5,Katrina,1211351412.0657759,12310015.156853715,1199041396.9089222,1727429273.505604,154528070.5587823,19137905.85543848,0.0,1.0,0.0,0.3567731365260353,0.0,0.6432268634739646,0.0,0.0,NONE,1,0,0,False,False,False,0.0,10400000.0,0.0,0.0,NONE,0,1,0,False,False,False,0.0,9557344.06438629,0.0,364270737.2271,R0,1,0,0,False,True,False,154528070.5587823,1707471929.4412177,e69f679e674a483a2b6694f84e1bd3c49be90189e44637ba7c7659110601cbd4,E3A,LA-0286,286,0.2,0.85,0.15028467460225814,0.7656889395269539,0.22593669794804394,0.5209379752041162,1.0,26944320.000000004,531999999.99999845,640097076.9089236,False,0,364270737.2271,False,0,0
E3A_H100_MF100,LA-0110,110,e0c60e18b84e8530fd9ebcb77c830bd52d2e93b2ec786cdc9de3605c81a91c31,M2,A1_FINAL_NO_MEMORY_V1,A1_FINAL_NO_MEMORY_V1_R1_WITNESS_GATED_INFEASIBLE_RETRY,certified,PASS,,,71a7ed6d9158731732bc0e869824bdca27de1eb415ba1a16f55f2f914c67fd5e,f2556851bb55c51a3501095663cd40a5941ce6e627d9c49217bffc8a1715d569,1.0,19137905.85543848,4.0,1.0,1.0,1.0,1.0,1.0,0.9,c8f47b617f53d53c37873c27df08a68d9aa847fb8e7d731e5ef39bb18b9506f8,3,2,2,7263a6aa1caa8a1826a74f6449a6406608a00846f92b0a7d9c66d2ad0588632f,P4,False,False,False,Q[NONE]|F[Crackers],1210447842.864981,1210447842.864981,0.0,5184955.469966594,0.0,5184955.469966594,h09,5,Katrina,1205262887.3950143,13952950.385471884,1191309937.0095425,1706805447.4829311,175151896.5814552,19137905.85543848,0.0,1.0,0.0,0.27092595758031535,0.0,0.7290740424196847,0.0,0.0,NONE,1,0,0,False,False,False,0.0,10400000.0,0.0,0.0,NONE,0,1,0,False,False,False,0.0,9557344.06438629,0.0,276619476.63074017,R0,1,0,0,False,True,False,175151896.5814552,1686848103.4185448,2d2f610bbe9cfeba345a2c6e561b1ec78d15a0b9d9b8ecb0416b684151b593f3,E3A,LA-0110,110,0.2,0.85,0.4045745057885384,0.7288319482676358,0.2426207692825226,0.34087502746332976,1.0,26944320.000000004,531999999.99999845,632365617.009544,False,0,276619476.63074017,False,0,0
E3A_H100_MF100,LA-0292,292,03acbdeb07372f2727b8a1dbbee7a33c46f61c79455f3e6bf5ea11b9b50aa908,M2,A1_FINAL_NO_MEMORY_V1,A1_FINAL_NO_MEMORY_V1_R1_WITNESS_GATED_INFEASIBLE_RETRY,certified,PASS,,,230991d505f2aa121f097c7dcb758f2da5c4e0e01efc8c2088a8ee2b6d7b1494,c96585702ceb9e8b68e90df8230fbeebc02068fcfc40ea8c333d1dd7936090d5,1.0,19137905.85543848,4.0,1.0,1.0,1.0,1.0,1.0,0.9,c4652d5daf78451b2a355dffe574bbf90b5df8b9a0ae959beb9053caa8b04516,3,2,2,e5e4f7a25c703a59f3cf54c618a67202f2488fd099b91c2cc50ec78e9457a356,P4,False,False,False,Q[NONE]|F[Water+Crackers],1220385655.660311,1220385655.660311,0.0,7296740.688974252,0.0,7296740.688974252,h09,5,Katrina,1213088914.9713368,11841165.166464226,1201247749.8048725,1794789284.4316351,87168059.6327512,19137905.85543848,0.0,1.0,0.0,0.38127163672407316,0.0,0.6187283632759268,0.0,27236841.46945864,R0,1,0,0,False,True,False,10400000.0,0.0,0.0,0.0,NONE,0,0,1,False,False,False,0.0,9557344.06438629,0.0,201049949.05146074,R0,1,0,0,False,True,False,76768059.6327512,1785231940.3672488,07d153adefb8e9f11cb8c26346c8e049de96aac9a7e1403ad6b1351a4188c4f9,E3A,LA-0292,292,0.2,0.85,0.1560065241045489,0.42912151791605485,0.2941414887300955,0.5892730906427184,1.0,0.0,531999999.99999845,669247749.8048742,False,0,228286790.52091938,False,0,0
E3A_H100_MF100,LA-0437,437,add61a82d144be4e264312ecc7aa29cea6b9324261682313f492c4ab4fb974d8,M2,A1_FINAL_NO_MEMORY_V1,A1_FINAL_NO_MEMORY_V1_R1_WITNESS_GATED_INFEASIBLE_RETRY,certified,PASS,,,f41e55d78a29ceee0d9dd4b869ccfe43c982b3fd2d832f238dd5ef32f8679b5d,be0c8540d6a09994dc600a00d74bfcb190815d6708d7cd29dc2874af7344ff71,1.0,19137905.85543848,4.0,1.0,1.0,1.0,1.0,1.0,0.9,99aa57ea7d87b463337da7e345ee3474a6e9d08b1dd89eb9555763b93b44c3f3,3,2,2,e231b34da3dfcc8835afbc8b10d7c8bf3cea384c31be8b9c2d068fa353f510c0,P4,False,False,False,Q[NONE]|F[Crackers],1222032742.7994103,1222032742.7994103,0.0,4829146.908901817,2817599.797131014,7646746.706032831,h09,5,Katrina,1214385996.0933776,11491159.149405647,1202894836.9439719,1737708402.9204829,144248941.14390358,19137905.85543848,0.0,1.0,0.0,0.2523341344334967,0.14722612904537452,0.6004397365211287,0.0,0.0,NONE,1,0,0,False,False,False,0.0,10400000.0,0.0,0.0,NONE,1,0,0,False,False,False,0.0,9557344.06438629,0.0,257636945.63069874,R1,0,1,0,False,True,False,144248941.14390358,1717751058.8560965,a9a9968679cbd28f76a29aa586376bf8502d8cc15671025e35ede26c15547d09,E3A,LA-0437,437,0.2,0.85,0.3708928774647609,0.4330412403366041,0.11669140948837924,0.17285662582785022,1.0,26944320.000000004,531999999.99999845,643950516.9439734,False,0,257636945.63069874,True,1,0
E3A_H100_MF100,LA-0514,514,b386b7e1efa4629cc5a5e664f03f1ee969ab94cf6e105ab01f57c5f06cd21d73,M2,A1_FINAL_NO_MEMORY_V1,A1_FINAL_NO_MEMORY_V1_R1_WITNESS_GATED_INFEASIBLE_RETRY,certified,PASS,,,062cb38ad60dd05e576573a43263bb2ad745cd67f6810a133e9cfc6b22a1d319,ddce5c5659867ab56ed5ab85160e81c87a9a84bcc06cdae456dc5a0b3e1da8cf,1.0,19137905.85543848,4.0,1.0,1.0,1.0,1.0,1.0,0.9,c40260fe0c64b6968524cfc435479fc07274b307d81b2d8900671e258ff203e6,3,2,2,60de4f4ce73c353b91f0fa9d5b087309fb0b415df4e2cab365ce179f294d7e5a,P4,False,False,False,Q[NONE]|F[Water+Crackers],1206237323.488827,1206237323.488827,0.0,4290220.102533873,0.0,4290220.102533873,h09,5,Katrina,1201947103.3862932,14847685.752904605,1187099417.6333885,1757048321.5328832,124909022.53150317,19137905.85543848,0.0,1.0,0.0,0.22417395795239048,0.0,0.7758260420476095,0.0,12771534.344663842,R0,1,0,0,False,True,False,10400000.0,0.0,0.0,0.0,NONE,0,0,1,False,False,False,0.0,9557344.06438629,0.0,140620760.96490178,R0,1,0,0,False,True,False,114509022.53150317,1747490977.4684968,0f372d03ff87efdb50870e3183cda4541ab2b7c9df2a3a5050642e1175bb04f6,E3A,LA-0514,514,0.2,0.85,0.1640247523741069,0.4196638748324345,0.035916651085401284,0.5089862525069234,1.0,0.0,531999999.99999845,655099417.6333901,False,0,153392295.3095656,False,0,0
E3A_H100_MF100,LA-0633,633,633a6a723b977918919fa56852b0aba2c042d2f3438fff7b6bd1d9fbb3cf24a0,M2,A1_FINAL_NO_MEMORY_V1,A1_FINAL_NO_MEMORY_V1_R1_WITNESS_GATED_INFEASIBLE_RETRY,certified,PASS,,,4cf377addbda5e1025555fd981c6ce81463f8bf0832ee8586ad94cc21d2f1429,a12858c514601a2977bd5c8e4fc5859e284aa1c7518ea6f50d4d5ad2791f7497,1.0,19137905.85543848,4.0,1.0,1.0,1.0,1.0,1.0,0.9,f0c6bdcffd2e82ee3060c886cdebdd2b5e662730e180d8fa9bc8f3a773be7210,3,2,2,e2e1933437c3e329dcc9e1654005e3861a010bb5019a27793a44a9a6ec54c1aa,P4,False,False,False,Q[NONE]|F[Water+Crackers],1217315193.0805595,1217315193.0805595,0.0,6644267.390777037,0.0,6644267.390777037,h09,5,Katrina,1210670925.6897824,12493638.464661442,1198177287.225121,1786598763.2521868,95358580.81219956,19137905.85543848,0.0,1.0,0.0,0.3471783925036351,0.0,0.6528216074963649,0.0,23506092.28072482,R0,1,0,0,False,True,False,10400000.0,0.0,0.0,0.0,NONE,0,1,0,False,False,False,0.0,9557344.06438629,0.0,192023484.6741327,R0,1,0,0,False,True,False,84958580.81219956,1777041419.1878004,18e382ed7d1a52ef186a4ca823bc3560ba0119493ce97de59ba262a2dbfc0c09,E3A,LA-0633,633,0.2,0.85,0.3855257052494378,0.7074841288535569,0.21013501210323554,0.3665911837510255,1.0,0.0,531999999.99999845,666177287.2251226,False,0,215529576.95485753,False,0,0
E3A_H100_MF100,LA-0799,799,2b823709ce852b2d6e351887370c0475a4e8be187eeb3c861d58db177f62805a,M2,A1_FINAL_NO_MEMORY_V1,A1_FINAL_NO_MEMORY_V1_R1_WITNESS_GATED_INFEASIBLE_RETRY,certified,PASS,,,fd4096bc8f68a8f8e87e6073985b2e5e3f03ffab20215ed4e6aea6735ce91b59,5c86b1d715faf5e079d97fb09f58fec0767b73555ab06962c0e8da32553e027c,1.0,19137905.85543848,4.0,1.0,1.0,1.0,1.0,1.0,0.9,59b41b16cd8614c1caf304d62bc6c69910adf2e33b5afe7053bfc9abd1b26922,3,2,2,8ec65f47680a6644f39ce42cfef55837e833f2f07b5e695056a953c65722806f,P4,False,False,False,Q[NONE]|F[Water+Crackers],1213804377.3524187,1213804377.3524187,0.0,5898219.048547126,0.0,5898219.048547126,h09,5,Katrina,1207906158.3038716,13239686.806891352,1194666471.4969802,1777233591.1220632,104723752.94232321,19137905.85543848,0.0,1.0,0.0,0.3081956350449394,0.0,0.6918043649550606,0.0,19690894.939454768,R0,1,0,0,False,True,False,10400000.0,0.0,0.0,0.0,NONE,0,1,0,False,False,False,0.0,9557344.06438629,0.0,178588375.9117667,R0,1,0,0,False,True,False,94323752.94232321,1767676247.0576768,ca71c5ece13683318949e80db6a64bb82c65e14185178a4f705e8a3e48216c72,E3A,LA-0799,799,0.2,0.85,0.129136178600174,0.8078328159382363,0.20234662018188032,0.5389898924185974,1.0,0.0,531999999.99999845,662666471.4969819,False,0,198279270.85122147,False,0,0
E3A_H100_MF100,LA-0577,577,0c33b9f7b2f39324b95707b25eb2e07af1ba08cb92c0be0bab15e3a2ae1e62d9,M2,A1_FINAL_NO_MEMORY_V1,A1_FINAL_NO_MEMORY_V1_R1_WITNESS_GATED_INFEASIBLE_RETRY,certified,PASS,,,6a1a1df940528c81e0461c281d17e2c6d76de51d9508ab28d22cbed948c3256e,924ab70c19871807c0ff6c8ef35776db8536c1e50a11c2e153b6d9f7a9e8817f,1.0,19137905.85543848,4.0,1.0,1.0,1.0,1.0,1.0,0.9,bddcdbd9958cd8f0f9e33ed83f2b021478d13a1b9378d731b7d0a27e74af4b48,3,2,2,7317496720d5d074383c46737fe25cda01f5f1d7fdb874421bc8721d5c8afb7d,P4,False,False,False,Q[NONE]|F[Crackers],1207896941.6440592,1207896941.6440592,0.0,4642888.960520687,0.0,4642888.960520687,h09,5,Katrina,1203254052.6835384,14495016.894917792,1188759035.7886207,1700000866.7613084,181956477.3030779,19137905.85543848,0.0,1.0,0.0,0.24260172432613897,0.0,0.757398275673861,0.0,0.0,NONE,1,0,0,False,False,False,0.0,10400000.0,0.0,0.0,NONE,0,0,1,False,False,False,0.0,9557344.06438629,0.0,247700008.5638437,R0,1,0,0,False,True,False,181956477.3030779,1680043522.696922,250e1c6ad93d49fb65e9b672f8fc6e7125a3fc8534be9ead10bdd451deea6df9,E3A,LA-0577,577,0.2,0.85,0.13534924789390185,0.8145525586483329,0.1134432606298871,0.3907775981971081,1.0,26944320.000000004,531999999.99999845,629814715.7886221,False,0,247700008.5638437,False,0,0
E3A_H100_MF100,LA-0377,377,61cf1e5a0e28513d3cba20e312483f5e64ddbf49159ecda32545e69365c99760,M2,A1_FINAL_NO_MEMORY_V1,A1_FINAL_NO_MEMORY_V1_R1_WITNESS_GATED_INFEASIBLE_RETRY,certified,PASS,,,16cad623b76782a303191d4e4e9c604c85bc83a110288914477fe35f67669b9a,d4fde5ae5534cf3cc0baff1d3d2fe64503b26d1c6602599a52af63af68b9ca38,1.0,19137905.85543848,4.0,1.0,1.0,1.0,1.0,1.0,0.9,9ce48a5b7f4ce7e2fb05369b9e8913e7ff490c8bc305b53b20b6723b3fa6b411,3,2,2,334479f1a92d71c0343d6a053ef5ff538bc657ea9147afe16cca9797913f6bca,P4,False,False,False,Q[NONE]|F[Water+Crackers],1214147553.3233793,1214147553.3233793,0.0,5971143.942376211,0.0,5971143.942376211,h09,5,Katrina,1208176409.3810031,13166761.913062267,1195009647.4679408,1778149019.9818594,103808324.08252703,19137905.85543848,0.0,1.0,0.0,0.312006130006088,0.0,0.687993869993912,0.0,20044758.46040768,R0,1,0,0,False,True,False,10399999.999999996,1.862645149230957e-09,0.0,0.0,NONE,0,0,1,False,False,False,0.0,9557344.06438629,0.0,180033393.69478232,R0,1,0,0,False,True,False,93408324.08252703,1768591675.917473,818563db4b8b15139a53ecde5fb550fb0cac709c8307e854f8dddf7e8986dcee,E3A,LA-0377,377,0.2,0.85,0.21281479657190677,0.8902890749777116,0.13603186573896517,0.3654435812017689,1.0,4.825741052627564e-09,531999999.99999845,663009647.4679422,False,0,200078152.15519,False,0,0
E3A_H100_MF100,LA-0475,475,25209deb3c0fed6a636ef92ff9c2b74c62eece1f4ee6c11337d9039162861011,M2,A1_FINAL_NO_MEMORY_V1,A1_FINAL_NO_MEMORY_V1_R1_WITNESS_GATED_INFEASIBLE_RETRY,certified,PASS,,,33ab6c0d16a4614426599b3d3db2f83e430169e1a0995b46a746e4f47a4a22de,212b45a6e9b2b8be03a85de0306001640173a8ff8eff7a191a6c457d2e073698,1.0,19137905.85543848,4.0,1.0,1.0,1.0,1.0,1.0,0.9,1cd6d49ed8037e872db75bf3547dd62a2aa0d69a1bb8e4f6f00164285b295cc7,3,2,2,10334f7d77dad84493e9e5cc3378caba8575dce522b3d90f4e5aeb48a973e775,P4,False,False,False,Q[NONE]|F[Crackers],1216701650.4888527,1216701650.4888527,0.0,6513889.590039323,0.0,6513889.590039323,h09,5,Katrina,1210187760.8988135,12624016.265399154,1197563744.6334143,1723487606.1040144,158469737.960372,19137905.85543848,0.0,1.0,0.0,0.34036584980839224,0.0,0.6596341501916078,0.0,0.0,NONE,1,0,0,False,False,False,0.0,10400000.0,0.0,0.0,NONE,1,0,0,False,False,False,0.0,9557344.06438629,0.0,347518650.7703437,R0,1,0,0,False,True,False,158469737.960372,1703530262.039628,55f41ad9faf473517b686f6c918b052c7b9eb3d030e9af5fa01c88437aae3d79,E3A,LA-0475,475,0.2,0.85,0.2539899064992335,0.5716121553056536,0.1677742667868982,0.23174985989595148,1.0,26944320.000000004,531999999.99999845,638619424.6334157,False,0,347518650.7703437,False,0,0
E3A_H100_MF100,LA-0032,32,f4f35be64e2a6a66797bef3bd06352c0e954577920dbaa334c40d418f72f6054,M2,A1_FINAL_NO_MEMORY_V1,A1_FINAL_NO_MEMORY_V1_R1_WITNESS_GATED_INFEASIBLE_RETRY,certified,PASS,,,6647104091e3dc391f49959b8eb01fdf893784c19c6e6898f8a128dd85382f7c,72c001b9150e829f44177621506bf97007ce93c5778ccd71e69ecd6a197ade46,1.0,19137905.85543848,4.0,1.0,1.0,1.0,1.0,1.0,0.9,ba09db4fb2b8cd9245c2592169d5ff479c750aceb29038fb58963c8b4256ca59,3,2,2,b7206033f22d2a0180697c7b10f6b620907ed4c600d15c1d99b252426fe6c035,P4,False,False,False,Q[NONE]|F[Water+Crackers],1207535616.9177215,1207535616.9177215,0.0,4566107.456173932,0.0,4566107.456173932,h09,5,Katrina,1202969509.4615476,14571798.399264544,1188397711.062283,1760511545.5749617,121445798.48942466,19137905.85543848,0.0,1.0,0.0,0.2385897125142544,0.0,0.7614102874857455,0.0,13850174.428234879,R0,1,0,0,False,True,False,10400000.0,0.0,0.0,0.0,NONE,0,1,0,False,False,False,-1.5746962017744763e-10,9557344.06438629,0.0,147884969.0962647,R0,1,0,0,False,True,False,111045798.48942466,1750954201.5105753,72a16ffc69b47da1393cf9be4ef0313f686cf9296a4cae247c52ebf5fe4b3179,E3A,LA-0032,32,0.2,0.85,0.06301576373355794,0.8621717204523227,0.13222252250876387,0.4133264680216855,1.0,0.0,531999999.99999845,656397711.0622845,False,0,161735143.52449957,False,0,0
E3A_H100_MF100,LA-0259,259,b8b746d5fd3251850a6946a5dc62e955b7cda834c4bef659011599f4c9b2b648,M2,A1_FINAL_NO_MEMORY_V1,A1_FINAL_NO_MEMORY_V1_R1_WITNESS_GATED_INFEASIBLE_RETRY,certified,PASS,,,2698a59170a1dbf3f91ee81709e55bc4bb4fb7db689728e7b485d75760195e23,fa0416a50d6f20a6c40c184449f5abf14850c511076c8b519793ab3db19d7511,1.0,19137905.85543848,4.0,1.0,1.0,1.0,1.0,1.0,0.9,78c3972a8de2324c97d9f06d38eb2b09fa9dd442e1ad8fe72a93754fcbc8a3e1,3,2,2,a2d70d54ae4db2d8f3a53e6aeb6b071c0de51124fe6490828cd4dd4ddd976dc8,P4,False,False,False,Q[NONE]|F[Crackers],1207200983.0236545,1207200983.0236545,0.0,4494997.7536846865,0.0,4494997.7536846865,h09,5,Katrina,1202705985.2699697,14642908.10175379,1188063077.168216,1698144383.0321026,183812961.03228378,19137905.85543848,0.0,1.0,0.0,0.234874065513669,0.0,0.7651259344863309,0.0,0.0,NONE,1,0,0,False,False,False,0.0,10400000.0,0.0,0.0,NONE,0,0,1,False,False,False,0.0,9557344.06438629,0.0,239809952.71471867,R0,1,0,0,False,True,False,183812961.03228378,1678187038.9677162,707ae120507752e9b9eb2538b9017b971cf4a47834956aec6eeb2e3d34c9b3aa,E3A,LA-0259,259,0.2,0.85,0.27862254141713866,0.881148133569071,0.04661869355291488,0.32415392708699287,1.0,26944320.000000004,531999999.99999845,629118757.1682174,False,0,239809952.71471867,False,0,0
E3A_H100_MF100,LA-0750,750,132017ed4b92d624f4a8a004437fd96fcbfc03e831e148154b313993a3a5d969,M2,A1_FINAL_NO_MEMORY_V1,A1_FINAL_NO_MEMORY_V1_R1_WITNESS_GATED_INFEASIBLE_RETRY,certified,PASS,,,c8baae2c951ae570188a43161f430cf417fa1510a9c6570eda84476e7496989f,e143baae6143840580ae6d5afc624d6a1d038f036c34e357d82077b820488bfd,1.0,19137905.85543848,4.0,1.0,1.0,1.0,1.0,1.0,0.9,09bb694758bccaea13565d3ede23cbab6172a87c5a28e63123592197a5810020,3,2,2,765ee3267fdc9974d8892a6cf664ac1539bdad5aa90f8ed8716ad50acc7039eb,P4,False,False,False,Q[NONE]|F[Crackers],1208612952.5782523,1208612952.5782523,0.0,4795041.284036725,0.0,4795041.284036725,h09,5,Katrina,1203817911.2942157,14342864.571401753,1189475046.7228138,1701910840.4440687,180046503.62031776,19137905.85543848,0.0,1.0,0.0,0.25055203637518697,0.0,0.749447963624813,0.0,0.0,NONE,1,0,0,False,False,False,0.0,10400000.0,0.0,0.0,NONE,0,0,1,False,False,False,0.0,9557344.06438629,0.0,255817396.7155743,R0,1,0,0,False,True,False,180046503.62031776,1681953496.3796823,167670599d5a9df46dbfa9eaf12070786274c04fc975d76ba9e6ecc4974b2577,E3A,LA-0750,750,0.2,0.85,0.07370468221530407,0.6370374637916327,0.2822770162669348,0.3541885539279118,1.0,26944320.000000004,531999999.99999845,630530726.7228153,False,0,255817396.7155743,False,0,0
E3A_H100_MF100,LA-0472,472,a81150ee321fc78d1c30068462a732eee7c8fccc1bd6425dc016cfa3981cc7d8,M2,A1_FINAL_NO_MEMORY_V1,A1_FINAL_NO_MEMORY_V1_R1_WITNESS_GATED_INFEASIBLE_RETRY,certified,PASS,,,8d5125c4385ea1af208bf201473890a80a59ab2020e4fd583386646e18a2e07f,c0afa9d3ce9699a3084715e8868f33d5cc8afbe448f4f193a14b4826a4db28b6,1.0,19137905.85543848,4.0,1.0,1.0,1.0,1.0,1.0,0.9,77a7066a2f2bf7a5bb16c58d1312805442a8b39033f724c2a2ca528ddcdf0987,3,2,2,217b2517847066094a1a1c53db6ab07fd1f1df2920fa91f9f417ca2bbc93f1be,P4,False,False,False,Q[NONE]|F[Vaccine],1212469706.544854,1212469706.544854,0.0,4315611.200482523,1298990.3014570624,5614601.501939585,h09,5,Katrina,1206855105.0429144,13523304.35349889,1193331800.6894155,1880814072.3032734,1143271.761112802,19137905.855438475,3.725290298461914e-09,0.9999999999999998,0.0,0.2255007017529111,0.06787525820584618,0.7066240400412426,0.0,0.0,NONE,1,0,0,False,False,False,0.0,10400000.0,0.0,1550593.2741026597,R1,0,1,0,False,True,False,1143271.761112802,8414072.303273488,0.0,0.0,NONE,1,0,0,False,False,False,0.0,1862000000.0,eb0cd5144411a65d00a8bca403147e376efb83667dec4aa4dd4579b451ccfa8c,E3A,LA-0472,472,0.2,0.85,0.4812311041955627,0.539890540451166,0.06019959820809734,0.1657527300973678,1.0,26944320.000000004,468360920.68941545,698026560.0,True,1,1550593.2741026597,True,1,0
E3A_H100_MF100,LA-0647,647,9f75b37c7ea35e63988ae11a092a8defc68ea622b5abe84163c8de5e4133e10d,M2,A1_FINAL_NO_MEMORY_V1,A1_FINAL_NO_MEMORY_V1_R1_WITNESS_GATED_INFEASIBLE_RETRY,certified,PASS,,,6fc51a97a6eca03c3be63337d95d0da1f8cada5db22f15aae9d4f9133a3c7b56,f74909dee6624bcf06043e4d6c2774dee54e2be4fb9309b920c53e19aa4ffbf6,1.0,19137905.85543848,4.0,1.0,1.0,1.0,1.0,1.0,0.9,acbe5906e68fd11a939c200a008073cf99794750e71d78898e233a8c514421fa,3,2,2,4ad4dd6c7dd5e83df851d2a38d02d902880246fac645b75659e346ae58a701cc,P4,False,False,False,Q[NONE]|F[Crackers],1213289143.557652,1213289143.557652,0.0,5788731.867159166,0.0,5788731.867159166,h09,5,Katrina,1207500411.6904929,13349173.988279313,1194151237.7022135,1714384674.6827576,167572669.3816288,19137905.85543848,0.0,1.0,0.0,0.3024746756978201,0.0,0.69752532430218,0.0,0.0,NONE,1,0,0,False,False,False,0.0,10400000.0,0.0,0.0,NONE,1,0,0,False,False,False,-1.5746962017744763e-10,9557344.06438629,0.0,308831192.23000246,R0,1,0,0,False,True,False,167572669.3816288,1694427330.6183712,b83dc9458516ded05b3de9a322c698f2bc6b50a92346082452603c0e3ae5e4f4,E3A,LA-0647,647,0.2,0.85,0.07573039329113204,0.8967486063219361,0.07180565862141744,0.16496168198077052,1.0,26944320.000000004,531999999.99999845,635206917.702215,False,0,308831192.23000246,False,0,0
E3A_H100_MF100,LA-0478,478,788a573526ade631922fb22555f44be7d29186360644d0eef6e38264fda97695,M2,A1_FINAL_NO_MEMORY_V1,A1_FINAL_NO_MEMORY_V1_R1_WITNESS_GATED_INFEASIBLE_RETRY,certified,PASS,,,dbd4ff48daec7e3a26d8099811434cf68f71cbf0677e06e0b9e62f815a182d89,8a2decd7bca391667d9ca5b19ab9f8ee71690a983574e7ed3b737539b1534c17,1.0,19137905.85543848,4.0,1.0,1.0,1.0,1.0,1.0,0.9,5c0bf3ff658d021ad9ce8f575f0fcf94b73f877fea057241c2df1fe2b4103b26,3,2,2,01b964d4a9ebd618694f5ea214185024ba34ac774b269f52d53ec957aeb075d9,P4,False,False,False,Q[NONE]|F[Vaccine],1217132518.4390202,1217132518.4390202,0.0,6605449.029449925,0.0,6605449.029449925,h09,5,Katrina,1210527069.4095702,12532456.825988555,1197994612.5835817,1880897839.403988,1059504.6603984034,19137905.85543848,0.0,1.0,0.0,0.3451500430269299,0.0,0.6548499569730701,0.0,0.0,NONE,1,0,0,False,False,False,0.0,10400000.0,0.0,2373328.9125646465,R0,1,0,0,False,True,False,1059504.6603984034,8497839.403987886,0.0,0.0,NONE,1,0,0,False,False,False,0.0,1862000000.0,f84ee22d6ec9095b875c390b03671b4f3c23f772c000db7a125dc7d03d93df5e,E3A,LA-0478,478,0.2,0.85,0.45608209282717366,0.8612463361170288,0.12244244697401567,0.3530455947685276,1.0,26944320.000000004,473023732.58358175,698026560.0,False,0,2373328.9125646465,False,0,0
E3A_H100_MF100,LA-0114,114,52d06d19e62b5438dab950965a0373907f48a7a4817e2b74ff951a80ce958d18,M2,A1_FINAL_NO_MEMORY_V1,A1_FINAL_NO_MEMORY_V1_R1_WITNESS_GATED_INFEASIBLE_RETRY,certified,PASS,,,3dd1e6162be515a0c88b9318962cb5c17168a931421334fed13dc4fce62389e7,ef18cc8b668b8fec7d14227c0dec417e6f91984fa07a4be4a4f021e8ba2c6e63,1.0,19137905.85543848,4.0,1.0,1.0,1.0,1.0,1.0,0.9,a8691efbb17f6c64e3096d2ddac4492767fe3ad1e4640fa2563c71e06f48971a,3,2,2,28c6b2504ca3bc5977dccf7eed29508301a4441583f2c6a5e75c3b9d9f5bda9a,P4,False,False,False,Q[NONE]|F[Crackers],1219602004.0398097,1219602004.0398097,0.0,7130214.719617676,0.0,7130214.719617676,h09,5,Katrina,1212471789.320192,12007691.1358208,1200464098.1843712,1731224358.0005064,150732986.0638799,19137905.85543848,0.0,1.0,0.0,0.3725702683186447,0.0,0.6274297316813552,0.0,0.0,NONE,1,0,0,False,False,False,0.0,10400000.0,0.0,0.0,NONE,0,0,1,False,False,False,0.0,9557344.06438629,0.0,380399846.3304351,R0,1,0,0,False,True,False,150732986.0638799,1711267013.93612,c09f3a8100eb32b900b9f1b8fbbd00bbebb55b386b1d2dff8bdbf61e75f5ae05,E3A,LA-0114,114,0.2,0.85,0.3858471593354718,0.6799563964635568,0.16850705322411608,0.24764554768685465,1.0,26944320.000000004,531999999.99999845,641519778.1843727,False,0,380399846.3304351,False,0,0
E3A_H100_MF100,LA-0573,573,cfd088cc5e34aae682fadaa4623778872914e9179cd8d5caa45de271fced25ce,M2,A1_FINAL_NO_MEMORY_V1,A1_FINAL_NO_MEMORY_V1_R1_WITNESS_GATED_INFEASIBLE_RETRY,certified,PASS,,,42916bfc7e412fc559e65480c70a0433e69f0fafcf70781fbe5376a910f40989,6be915c62e39094510a35c58e46618947376dc8c33f4985df74b3a57a9d29549,1.0,19137905.85543848,4.0,1.0,1.0,1.0,1.0,1.0,0.9,76f338536102bca55f4f162c39db8f07a77df900e50d984410a7567f4faefe53,3,2,2,64882e563e4d0c8e1d001bb8f799755ef37208e77b91254d71544e0fafa8a168,P4,False,False,False,Q[NONE]|F[Water+Crackers],1205864303.4447439,1205864303.4447439,0.0,4210953.34316623,0.0,4210953.34316623,h09,5,Katrina,1201653350.1015778,14926952.512272246,1186726397.5893054,1756053283.0029988,125904061.06138745,19137905.85543848,0.0,1.0,0.0,0.22003208579739097,0.0,0.7799679142026089,0.0,12468997.782027157,R0,1,0,0,False,True,False,10400000.0,0.0,0.0,0.0,NONE,0,0,1,False,False,False,0.0,9557344.06438629,0.0,138482680.88361245,R0,1,0,0,False,True,False,115504061.06138745,1746495938.9386125,cd05e60ec99d7fe3c3c954e78e1fc31c69afe4c611b05426d48fb2e51d2b846e,E3A,LA-0573,573,0.2,0.85,0.19545468689992235,0.5064983181607801,0.25264316741152426,0.4566914598578339,1.0,0.0,531999999.99999845,654726397.5893071,False,0,150951678.6656396,False,0,0
E3A_H100_MF100,LA-0427,427,f8502b1dc3dc74effda7a6d21fa16d2a2e6767583b8f04eaa3563bc53ea75b1a,M2,A1_FINAL_NO_MEMORY_V1,A1_FINAL_NO_MEMORY_V1_R1_WITNESS_GATED_INFEASIBLE_RETRY,certified,PASS,,,eb87a1e8cbdfe1c9cc28eede8a67c309b242a71b4f5bfb8be5f6fb164f0bb741,60bf21dec30473d6beebffaef8fcc31ce7104f8acff315ae72caf1c98a7c5e2c,1.0,19137905.85543848,4.0,1.0,1.0,1.0,1.0,1.0,0.9,97c7dc77b12d5b61aa715c2f4393a9dac4d45bd6bf417cd1d43afaa1b0fac956,3,2,2,d189ad0e04a469e0c665f02784bf821a962c362722e470ab4e2bab4aa37703cc,P4,False,False,False,Q[NONE]|F[Water+Crackers],1220155439.4515488,1220155439.4515488,0.0,7247819.74461222,0.0,7247819.74461222,h09,5,Katrina,1212907619.7069366,11890086.110826258,1201017533.5961103,1794175178.0275526,87782166.03683385,19137905.85543848,0.0,1.0,0.0,0.37871540383571195,0.0,0.621284596164288,0.0,26942919.481480382,R0,1,0,0,False,True,False,10399999.999999996,1.862645149230957e-09,0.0,0.0,NONE,0,0,1,False,False,False,0.0,9557344.06438629,0.0,200471295.08009234,R0,1,0,0,False,True,False,77382166.03683385,1784617833.9631662,1bcc61e3af522873e8309523bd95e90b2945215454ac0899d27151d157a47f86,E3A,LA-0427,427,0.2,0.85,0.28308465019645906,0.5314455503222604,0.14314840581258254,0.2574051439800011,1.0,4.825741052627564e-09,531999999.99999845,669017533.5961118,False,0,227414214.56157273,False,0,0
E3A_H100_MF100,LA-0778,778,2d6de0ae702702dd0db8a40e28faeb1b166521aa4fe6a25a2d05f7b2b51d49e3,M2,A1_FINAL_NO_MEMORY_V1,A1_FINAL_NO_MEMORY_V1_R1_WITNESS_GATED_INFEASIBLE_RETRY,certified,PASS,,,0b432cc6a6193a0d92c5707278c6de2ea3b52b555f9d954585fa9a3e53e869ea,e6d2ab251bcc494813568a65e85745b1a689ee2026f0dc64173df23789445e9e,1.0,19137905.85543848,4.0,1.0,1.0,1.0,1.0,1.0,0.9,b8f90b4308dac4dd24b669c3df916e0ef2bbd6626fca9c8d2ebb6315d3bac212,3,2,2,154f6e67e5fa6abe5a1c66675e12df3ac33bf71c6ee9d89e541c53281272c36a,P4,False,False,False,Q[NONE]|F[Vaccine],1221313363.1144438,1221313363.1144438,0.0,7493878.522977418,0.0,7493878.522977418,h09,5,Katrina,1213819484.5914664,11644027.33246106,1202175457.2590053,1880972947.9961736,984396.0682127267,19137905.85543848,0.0,1.0,0.0,0.39157254610738196,0.0,0.608427453892618,0.0,0.0,NONE,1,0,0,False,False,False,0.0,10400000.0,0.0,2692540.4293537717,R0,1,0,0,False,True,False,984396.0682127267,8572947.996173562,0.0,0.0,NONE,1,0,0,False,False,False,0.0,1862000000.0,1ad81bbbfe0576853f72f8162f43f8bde8e17b7c40a717eea7f6def0155423a2,E3A,LA-0778,778,0.2,0.85,0.2186823276724641,0.8447429079932771,0.22562785137122748,0.5730980065229573,1.0,26944320.000000004,477204577.2590052,698026560.0,False,0,2692540.4293537717,False,0,0
E3A_H100_MF100,LA-0009,9,3f9ef457cd3c688cef1bea2783ff0f7374d3b062b769b5658594d9d3df3f4303,M2,A1_FINAL_NO_MEMORY_V1,A1_FINAL_NO_MEMORY_V1_R1_WITNESS_GATED_INFEASIBLE_RETRY,certified,PASS,,,964b5c02d438fd3b5893005da1ba6d1bee0dee34062ee6e19c5d5efecb7f88ac,c624a018749efba578bd3b366f1a2c90f1956874c075c25c9f4d318fe98311a5,1.0,19137905.85543848,4.0,1.0,1.0,1.0,1.0,1.0,0.9,8eb05cac650114052ef63bd2114fd001d25b0f2bad15caac30bf378e9fce08ea,3,2,2,0ce706491f8e0c1d29c21f1983f9aeaee3f9170c530a32d802dae0e8437566ee,P4,False,False,False,Q[NONE]|F[Water+Crackers],1208165769.0922906,1208165769.0922906,0.0,4700014.793269891,0.0,4700014.793269891,h09,5,Katrina,1203465754.2990208,14437891.062168587,1189027863.2368522,1762192489.2757971,119764854.78858913,19137905.85543848,0.0,1.0,0.0,0.24558668167626468,0.0,0.7544133183237354,0.0,14388573.301184494,R0,1,0,0,False,True,False,10400000.0,0.0,0.0,0.0,NONE,0,0,1,False,False,False,0.0,9557344.06438629,0.0,151308099.00952047,R0,1,0,0,False,True,False,109364854.78858913,1752635145.2114108,6dc4b146c74feb20cb51f9b82e5fcdba3a9a05d692056472f968999f727f0e83,E3A,LA-0009,9,0.2,0.85,0.49472324930885264,0.8877259339798702,0.2515172011323056,0.4866416737382142,1.0,0.0,531999999.99999845,657027863.2368536,False,0,165696672.31070498,False,0,0
E3A_H100_MF100,LA-0787,787,c07770a6a5daf4bfdff983037c9831ee79d17e09ffdffb14cdf87cb7e253a835,M2,A1_FINAL_NO_MEMORY_V1,A1_FINAL_NO_MEMORY_V1_R1_WITNESS_GATED_INFEASIBLE_RETRY,certified,PASS,,,d9811ac518b0ed9ba4e0201efdd444a9b582801e6897f0ce47a46ae4ab16362c,43cf440f6a9aefbdfa19e1b8dfd739baa7b014a90edbbd6fee55ee04619f7a88,1.0,19137905.85543848,4.0,1.0,1.0,1.0,1.0,1.0,0.9,7794352417ef5d9bc1e5e59060bd4abcaa1387a797d6a0373a08d998fa292871,3,2,2,7bb374b224e3814f059d8f8511c21938f5a75b95b4b9101bd1b761c4c1813ef6,P4,False,False,False,Q[NONE]|F[Vaccine],1205659160.6545951,1205659160.6545951,0.0,4167360.500259575,0.0,4167360.500259575,h09,5,Katrina,1201491800.1543355,14970545.355178904,1186521254.7991567,1880691721.3063948,1265622.7579915547,19137905.85543848,0.0,1.0,0.0,0.21775425857658942,0.0,0.7822457414234106,0.0,0.0,NONE,1,0,0,False,False,False,0.0,10400000.0,0.0,1497326.9977937534,R0,1,0,0,False,True,False,1265622.7579915547,8291721.306394735,0.0,0.0,NONE,1,0,0,False,False,False,0.0,1862000000.0,4eabb162fe8596819fc89063403ec068b5004bff993e10a9db026d640f851c87,E3A,LA-0787,787,0.2,0.85,0.14827396568360085,0.8415923748392409,0.17745753193672376,0.4392196739587588,1.0,26944320.000000004,461550374.79915655,698026560.0,False,0,1497326.9977937534,False,0,0
E3A_H100_MF100,LA-0565,565,6b3ed578625072eaa3f19b9d6452714e37c3b34b053f93f8cdcd91db8bc5e379,M2,A1_FINAL_NO_MEMORY_V1,A1_FINAL_NO_MEMORY_V1_R1_WITNESS_GATED_INFEASIBLE_RETRY,certified,PASS,,,e1d6d8c2ab0db58d99fbb95f73d10a3e9766c13146a64a14de0c02d520c57296,6e3557c4613ab9a8ce40083353577539caeac90e12c111182984753e19423426,1.0,19137905.85543848,4.0,1.0,1.0,1.0,1.0,1.0,0.9,ea45547c4da1191b634021b8bfd113784d3201966d4b8d73d205d0a57ba76c26,3,2,2,693245aa327d7c74cee32610a23e294d9969fc7019afdd3cf40ed15fb532558c,P4,False,False,False,Q[NONE]|F[Vaccine],1219451990.268378,1219451990.268378,0.0,4694479.580193819,2403857.212994648,7098336.793188467,h09,5,Katrina,1212353653.4751894,12039569.06225001,1200314084.4129395,1880939508.5587263,1017835.5056600114,19137905.85543848,0.0,1.0,0.0,0.2452974539458179,0.12560711872827698,0.6290954273259051,0.0,0.0,NONE,1,0,0,False,False,False,0.0,10400000.0,0.0,1686720.1710957955,R1,0,1,0,False,True,False,1017835.5056600114,8539508.558726277,0.0,0.0,NONE,1,0,0,False,False,False,0.0,1862000000.0,1c784c10fbe80f8488fd0f6986698c1e984c49ca4c863f3ff316b43f9dfaed89,E3A,LA-0565,565,0.2,0.85,0.42712447056551645,0.6316047703174887,0.10241208517070179,0.19105829281195688,1.0,26944320.000000004,475343204.4129395,698026560.0,True,1,1686720.1710957955,True,1,0
E3A_H100_MF100,LA-0119,119,9ded5c68cd0b0e99a38f9cc7db3512579bf1729d3fa5267c87d43e99ff82e3ee,M2,A1_FINAL_NO_MEMORY_V1,A1_FINAL_NO_MEMORY_V1_R1_WITNESS_GATED_INFEASIBLE_RETRY,certified,PASS,,,ff433b31d1de775a0d8ba549eb59625c1f19b3f2c32f369af520da6617d48c28,1cf7a7391208a9dff16016e520fe91beec611ecff1782d26af5e6f4f6bf4f80d,1.0,19137905.85543848,4.0,1.0,1.0,1.0,1.0,1.0,0.9,6f14a94d36eacb840db42caa7cbafd8b1417703f5b59f539832c8b8cc9ea3a02,3,2,2,0d1125e3fea902bd1dac73c98847920f86cf20afa5af120a66816a9a07460f3d,P4,False,False,False,Q[NONE]|F[Vaccine],1216282266.7293153,1216282266.7293153,0.0,4491540.861609311,1933229.6795282725,6424770.541137584,h09,5,Katrina,1209857496.1881776,12713135.314300895,1197144360.8738766,1880882564.689456,1074779.3749303294,19137905.85543848,0.0,1.0,0.0,0.23469343487928881,0.10101573777879676,0.6642908273419144,0.0,0.0,NONE,1,0,0,False,False,False,0.0,10400000.0,0.0,1613804.5636710657,R1,0,1,0,False,True,False,1074779.3749303294,8482564.68945596,0.0,0.0,NONE,1,0,0,False,False,False,0.0,1862000000.0,75e5ec9fc8a374dad0ec8a6a7ac32787c1a3ab972d1623b773b98e81f1bbd2d8,E3A,LA-0119,119,0.2,0.85,0.48892724199432686,0.8286918055030452,0.08608313890906473,0.25988714868824747,1.0,26944320.000000004,472173480.8738766,698026560.0,True,1,1613804.5636710657,True,1,0
E3A_H100_MF100,LA-0938,938,076847df596d6eff65d44a5956999e1640785296725219e3ae7ee004a30c6793,M2,A1_FINAL_NO_MEMORY_V1,A1_FINAL_NO_MEMORY_V1_R1_WITNESS_GATED_INFEASIBLE_RETRY,certified,PASS,,,6ce0bd525fbd1884a3502295bd3d2ea1ec5be0d29c1189d30200c096dc82edf7,3cb44a19e9ff187e7cccfd281034d71ef54872772bd31a9a15a9ce715a19ae4e,1.0,19137905.85543848,4.0,1.0,1.0,1.0,1.0,1.0,0.9,9ad4ac25bada568c4ced03e6d5db2e5670336564c023a496e8e4a418c29d89b3,3,2,2,22b3df4bd20d47b2be58a641b68b2f00016fb38819aeaa88214e5c9ebf4d3c3c,P4,False,False,False,Q[NONE]|F[Water+Vaccine],1207557909.1201599,1207557909.1201599,0.0,4570844.549192131,0.0,4570844.549192131,h09,5,Katrina,1202987064.5709677,14567061.306246348,1188420003.2647214,1880442003.8039143,1515340.2604720364,19137905.85543848,0.0,1.0,0.0,0.23883723661924167,0.0,0.7611627633807583,0.0,396979.79718463187,R0,1,0,0,False,True,False,297683.6430371356,10102316.356962865,0.0,1623821.4236364015,R0,1,0,0,False,True,False,1217656.617434901,8339687.446951388,0.0,0.0,NONE,1,0,0,False,False,False,0.0,1862000000.0,b61e60a001af7c6953b0c89c8bbea0f09434e6770d9a7edc76cfe8e7cf94aca5,E3A,LA-0938,938,0.2,0.85,0.4687048974703481,0.7884640570784911,0.2692043809209192,0.47681531451631665,1.0,26173081.217619393,464220362.0471021,698026560.0,False,0,2020801.2208210335,False,0,0
E3A_H100_MF100,LA-0240,240,456ab94e95f6c4c22089c52fc66aa76bff495fbe9e7b34fc46077478105cafdc,M2,A1_FINAL_NO_MEMORY_V1,A1_FINAL_NO_MEMORY_V1_R1_WITNESS_GATED_INFEASIBLE_RETRY,certified,PASS,,,ead95f0401b85c7723afeaa5337d26d628751a1433b56ee553f54a0c639b93fe,e84ffb7b5bed82e01557835a8f0e2520b83605ccc96cb3ff0db72eebef9c52a7,1.0,19137905.85543848,4.0,1.0,1.0,1.0,1.0,1.0,0.9,7e1d84b6d460e7600b4c146604c3e502e920c39a76d453a888601b3c54157fbf,3,2,2,b54f1bf9dc8f196769defce29ade1be36e6520120124649c6eaa6cb0f1010b17,P4,False,False,False,Q[NONE]|F[Water+Crackers],1208211274.1409357,1208211274.1409357,0.0,4709684.616106986,0.0,4709684.616106986,h09,5,Katrina,1203501589.5248287,14428221.239331491,1189073368.2854972,1762313874.915589,119643469.1487973,19137905.85543848,0.0,1.0,0.0,0.24609195236314846,0.0,0.7539080476368515,0.0,14427839.480618743,R0,1,0,0,False,True,False,10400000.0,0.0,0.0,0.0,NONE,0,1,0,False,False,False,0.0,9557344.06438629,0.0,151552618.96007437,R0,1,0,0,False,True,False,109243469.1487973,1752756530.8512027,a5c5804ebdb9b4cd3295dadf4bcdcf562c029669a4ee89575da4a6ba615d82c3,E3A,LA-0240,240,0.2,0.85,0.30510317825466043,0.8381636457887146,0.04179542899939966,0.4108844445756107,1.0,0.0,531999999.99999845,657073368.2854989,False,0,165980458.4406931,False,0,0
E3A_H100_MF100,LA-0464,464,68d187af8c67b9ff2c2e8b77cfc61c7c43e85627ac77e90547a7fe6bee08e884,M2,A1_FINAL_NO_MEMORY_V1,A1_FINAL_NO_MEMORY_V1_R1_WITNESS_GATED_INFEASIBLE_RETRY,certified,PASS,,,dd1618ba117bdbe4b1466ca717e188b8735440fc76b11c791be76334d6467d9d,609ec8f0f869b12bf4c76933866c041d293d060c32bf8fd73f56ddc4973f6643,1.0,19137905.85543848,4.0,1.0,1.0,1.0,1.0,1.0,0.9,29e6f3de7f543a66738824a75e3e45f20d83ae6623e67e860118b1f514235706,3,2,2,965d72078d4b47da2b03679415b5f97efda1ff9351531d2ba05cc16e78779bad,P4,False,False,False,Q[NONE]|F[Crackers],1211010041.807661,1211010041.807661,0.0,5304422.745286092,0.0,5304422.745286092,h09,5,Katrina,1205705619.062375,13833483.110152386,1191872135.9522226,1708305124.5600758,173652219.50431055,19137905.85543848,0.0,1.0,0.0,0.2771683999991419,0.0,0.7228316000008581,0.0,0.0,NONE,1,0,0,False,False,False,0.0,10400000.0,0.0,0.0,NONE,0,1,0,False,False,False,0.0,9557344.06438629,0.0,282993104.208605,R0,1,0,0,False,True,False,173652219.50431055,1688347780.4956894,3f139cee46fc7f151ea99bf2cb5b07713633807a1eff831ddde0defb1fde938b,E3A,LA-0464,464,0.2,0.85,0.158107931412923,0.5559872731149885,0.12861815847366287,0.5997322921903891,1.0,26944320.000000004,531999999.99999845,632927815.952224,False,0,282993104.208605,False,0,0
E3A_H100_MF100,LA-0860,860,ca94af9af335cb451dda82a8bac72ed429bc747d43fec3dadef9d1f81ec9bc59,M2,A1_FINAL_NO_MEMORY_V1,A1_FINAL_NO_MEMORY_V1_R1_WITNESS_GATED_INFEASIBLE_RETRY,certified,PASS,,,c6e03090aba7c0a0353a090b01a727c8fa463895504ec29e964c0fcf82d368bc,54514125d4d10eec891e94561e413fc41541eabbfb618c0093803cdaaaf217f8,1.0,19137905.85543848,4.0,1.0,1.0,1.0,1.0,1.0,0.9,7ea4d0514ec21115d69e9e66c938761a155fb0c4eeec194f799a50ef8aa9ac23,3,2,2,7dc702827f307e18f70dcb35195a61d05531de69453cf6f981d74e54a203fbec,P4,False,False,False,Q[NONE]|F[Water+Crackers],1214611946.328366,1214611946.328366,0.0,6069827.4559359215,0.0,6069827.4559359215,h09,5,Katrina,1208542118.87243,13068078.399502557,1195474040.4729276,1779387797.7373729,102569546.3270136,19137905.85543848,0.0,1.0,0.0,0.31716257263388303,0.0,0.682837427366117,0.0,20529902.358297773,R0,1,0,0,False,True,False,10400000.0,0.0,0.0,0.0,NONE,0,0,1,False,False,False,0.0,9557344.06438629,0.0,181945364.08674926,R0,1,0,0,False,True,False,92169546.3270136,1769830453.6729865,e779439891b900e6e2eb87fc4ac3d6ba4cdaa4100163d8c32f34257affa31e97,E3A,LA-0860,860,0.2,0.85,0.15310860764100978,0.6850582407235168,0.04409155020849487,0.5694257586588992,1.0,0.0,531999999.99999845,663474040.4729291,False,0,202475266.44504702,False,0,0
E3A_H100_MF100,LA-0789,789,dd409690bb74eddb2067923113a702a5d5efd305aeab1ebf4a34374bda2af1e1,M2,A1_FINAL_NO_MEMORY_V1,A1_FINAL_NO_MEMORY_V1_R1_WITNESS_GATED_INFEASIBLE_RETRY,certified,PASS,,,3e9a7bbb23bf1610603aad348687dca35870967e0e0b5f10e95b08d1f010ff33,03e178e65e6e416400ca312b77acf66b4abf8fcfcab81154f0bb909a32feb47a,1.0,19137905.85543848,4.0,1.0,1.0,1.0,1.0,1.0,0.9,eadd1ce26054c423be5f2be13b2a7542a2f78b9a55da6a73d5220226b10648f1,3,2,2,0b973b891476c43d9764c4ff6efcdd841ad4127c626880ba74121cead3ec9c32,P4,False,False,False,Q[NONE]|F[Vaccine],1210409786.7404246,1210409786.7404246,0.0,4598972.588882819,577895.9546155406,5176868.54349836,h09,5,Katrina,1205232918.1969264,13961037.311940117,1191271880.8849862,1880777065.9831307,1180278.0812556108,19137905.85543848,0.0,1.0,0.0,0.24030699197822183,0.030196404924382993,0.7294966030973951,0.0,0.0,NONE,1,0,0,False,False,False,0.0,10400000.0,0.0,1652404.6381441571,R1,0,1,0,False,True,False,1180278.0812556108,8377065.983130679,0.0,0.0,NONE,1,0,0,False,False,False,0.0,1862000000.0,4a4cfb35cf4f4f3a7a8b70c8a175587c8a06dea5db7c41e16b4e9603910038f0,E3A,LA-0789,789,0.2,0.85,0.4899563150190703,0.8512799611672804,0.025131524202275057,0.19756636592155702,1.0,26944320.000000004,466301000.8849861,698026560.0,True,1,1652404.6381441571,True,1,0
E3A_H100_MF100,LA-0748,748,9a72f3547ad420b3e1d2e7053e1d79f70af5c5fc4cd6b8bcc8ac8d7264672ac3,M2,A1_FINAL_NO_MEMORY_V1,A1_FINAL_NO_MEMORY_V1_R1_WITNESS_GATED_INFEASIBLE_RETRY,certified,PASS,,,0d62fcbd381183aecb42ac94345d9877a5d474380513d42de7cb451caf864e7a,ee7f4e7c62c7642dc7007292ee5eed16a16d0b4d110554c3d696361340f7cca7,1.0,19137905.85543848,4.0,1.0,1.0,1.0,1.0,1.0,0.9,634ea1acc69d6e907bfabc3ac582e9e1ab50a99fde16b80442d07ee6db5d4d98,3,2,2,823892861b671d97139da7234f4840a58763f4548d7cbe31057faddd97a241ad,P4,False,False,False,Q[NONE]|F[Water+Crackers],1218886067.8970878,1218886067.8970878,0.0,6978078.289289307,0.0,6978078.289289307,h09,5,Katrina,1211907989.6077986,12159827.566149171,1199748162.0416493,1790789103.6718633,91168240.39252305,19137905.85543848,0.0,1.0,0.0,0.36462078672554055,0.0,0.6353792132744595,0.0,25364756.096147727,R0,1,0,0,False,True,False,10400000.0,0.0,0.0,0.0,NONE,1,0,0,False,False,False,0.0,9557344.06438629,0.0,196987184.41070905,R0,1,0,0,False,True,False,80768240.39252305,1781231759.607477,75f0eeeb9f3faf429a7503f18720295f9bc50faa8791f589c8d25c3aa0b0cae0,E3A,LA-0748,748,0.2,0.85,0.2523875246965779,0.8362731311106655,0.08360391638913814,0.30031768198513975,1.0,0.0,531999999.99999845,667748162.0416509,False,0,222351940.50685677,False,0,0
