simulation_id,sample_index,input_sha256,model_kind,algorithm_identity,certificate_status,data_sha256,scenario_sha256,first_stage_sha256,policy_label,Q_Water,Q_Vaccine,Q_Crackers,F_Water,F_Vaccine,F_Crackers,R_Water,R_Vaccine,R_Crackers,z_R0_Water,z_R1_Water,z_R2_Water,z_R0_Vaccine,z_R1_Vaccine,z_R2_Vaccine,z_R0_Crackers,z_R1_Crackers,z_R2_Crackers,Q_active_Water,Q_active_Vaccine,Q_active_Crackers,F_active_Water,F_active_Vaccine,F_active_Crackers,same_item_QF_Water,same_item_QF_Vaccine,same_item_QF_Crackers,same_item_QF_coexistence,cross_item_specialization,portfolio_pattern,T_COST,certified_objective,C_Q,C_F,C_R,first_stage_cost,worst_scenario,worst_category,worst_hurricane,exact_worst_case_loss,worst_exercise_cost,worst_shortage_penalty,worst_total_shortage,worst_total_F_exercise,budget_usage,worst_exercise_Water,worst_exercise_Vaccine,worst_exercise_Crackers,worst_shortage_Water,worst_shortage_Vaccine,worst_shortage_Crackers,promoted_row_sha256
LA-0001,1,8eed2552771574a91080a1a09e19cc627254076a2b3b214743b9abc34586428f,M2,A1_FINAL_NO_MEMORY_V1,PASS,a53c7ade6289ad8101b99ec421aa4ab32dc07947ba7e97d34c4dbe8a5666fd91,e9923c8deda5bc80d34c2dd7d6f9010a393422b552344b0644dc26ca6f591a9c,b697716fe3f06388425f65d594918d773b239b8f5fcfc69298b6beac2479260f,P4,0.0,0.0,0.0,13509125.819073599,0.0,414610174.2448552,R0,NONE,R0,1,0,0,0,0,0,1,0,0,False,False,False,True,False,True,False,False,False,False,False,Q[NONE]|F[Water+Crackers],1129507408.2703202,1129507408.2703202,0.0,98638.65331107801,0.0,98638.65331107801,h09,5,Katrina,1129408769.6170092,19039267.2021274,1110369502.4148817,1552369717.1301227,329587626.93426377,1.0,10400000.0,0.0,319187626.93426377,0.0,9557344.06438629,1542812373.0657363,76b2ca3784c82aad4f92a30cdcea70913d69ec2ec5ef2ca2a757ac7b00520f16
LA-0002,2,ba30741249fd5b686feb55d0712b0c2a3c3c0b651171c2a2e35601989f1cea31,M2,A1_FINAL_NO_MEMORY_V1,PASS,587a89a437c68b24a9aa7908dd36c2de029fadfb87bbbae1802ca40f79f1d11d,1ded1b633d42f1ae88a2b71b2f881c5901e506492bdb8af975ef764e80b7fde0,9bafc6783c4ccd85b863cfe20b13ab8c3580811f3423c4e718af256be56b11d7,P4,0.0,0.0,0.0,18499196.389126413,0.0,149223978.31402862,R0,NONE,R0,1,0,0,0,0,0,1,0,0,False,False,False,True,False,True,False,False,False,False,False,Q[NONE]|F[Water+Crackers],1217715138.4542887,1217715138.4542887,0.0,10083587.872734142,0.0,10083587.872734142,h09,5,Katrina,1207631550.5815547,9054317.982704338,1198577232.5988503,1787665625.6447635,94291718.4196229,1.0,10400000.0,0.0,83891718.4196229,0.0,9557344.06438629,1778108281.580377,c4ecaa833463695f49c470d3f17c9731c2826ed2ef29db97cbc6cbed36678705
LA-0003,3,59411aa182359257e699b7fb7a72fa14dc02ccf983236a3bbbfb7a7ce21e6809,M2,A1_FINAL_NO_MEMORY_V1,PASS,47309d5373b9ac94e04d99d7550d8b50e678e8c687df7b00cc464d9da5864fb6,317e375adf5a11bf0fe3533f3a0b6f7d7c2affc0fe9c859db6cc7aa7e4dce291,ae7e87e6c1255fc48a411ed79ea64360f3b3479a26c75ab628aa74206cbafa44,P1,14045150.246489204,696508.1881789276,0.0,0.0,0.0,0.0,NONE,NONE,NONE,0,0,0,0,0,0,0,0,0,True,True,False,False,False,False,False,False,False,False,False,Q[Water+Vaccine]|F[NONE],1220456158.4677374,1220456158.4677374,19137905.85543848,0.0,0.0,19137905.85543848,h09,5,Katrina,1201318252.612299,0.0,1201318252.612299,1871041601.2613592,0.0,1.0,0.0,0.0,0.0,0.0,9041601.261359207,1862000000.0,7b63a3a372e30dfc5b59d286d2e26cdfb7e5784440342a3876adeb13cd14693c
LA-0004,4,3e085f99b3a348286c0d548d80cd6e1da6cc4b923aae5629e1906dad041615e0,M2,A1_FINAL_NO_MEMORY_V1,PASS,400884a8e44a7b4108a77462584fb7d16f69645b39572c79ed1b698cf98d2af6,ada55aa7028a785a0045252d4368255222b8528119142809cb96bfecda114cee,2c4fe98740700a573c350a873403a056caca4c9ebf145ba97429279912ad5f77,P4,0.0,0.0,0.0,0.0,0.0,333528129.92772025,NONE,NONE,R0,0,0,0,0,0,0,1,0,0,False,False,False,False,False,True,False,False,False,False,False,Q[NONE]|F[Crackers],1219546842.7838023,1219546842.7838023,0.0,2483165.939070249,0.0,2483165.939070249,h09,5,Katrina,1217063676.844732,16654739.916368227,1200408936.9283638,1731077214.2318141,150880129.8325723,1.0,0.0,0.0,150880129.8325723,10400000.0,9557344.06438629,1711119870.1674278,d2c75983c6fc037735d6e6600f89b2ead963cb5fabf489295f0e580864c25312
LA-0005,5,f25e7e4de55bb57ace9ac01e69a42d863af1de15ec9409e930cff173c5fdddfd,M2,A1_FINAL_NO_MEMORY_V1,PASS,4800ef41b86c87a98ec98a4a4104e36c13df79110531b460cd7d899344e73b30,0b3b06bb888b501c47d187b866593744e5e2b506461e28b0c686989eb0b18536,86fdfad36047d86fa2aecfba6f5a671a13894d9754c080fd483553dad1d69466,P1,17637799.914796602,535093.150015588,0.0,0.0,0.0,0.0,NONE,NONE,NONE,0,0,0,0,0,0,0,0,0,True,True,False,False,False,False,False,False,False,False,False,Q[Water+Vaccine]|F[NONE],1231601707.3162727,1231601707.3162727,19137905.85543848,0.0,0.0,19137905.85543848,h09,5,Katrina,1212463801.4608343,0.0,1212463801.4608343,1871241830.293562,0.0,1.0,0.0,0.0,0.0,0.0,9241830.293561982,1862000000.0,80424f3bc1554b7e64382a6dd51fb75bf057ec7f1cb63cdb3018f01997d0facf
LA-0006,6,de42add8841adf6cdadffe7a2c3028d510ddac8675da732fcd463e1eae700250,M2,A1_FINAL_NO_MEMORY_V1,PASS,19b6bf8fce85d49430ca7a030f81ed06818b34935bcce087b0a8c6af04793b84,66fac1fa9b1c2d908709d7da62a70d5011d1a3de860ce746c14097a05dba78c6,08bc1fd84ddb1bc731209a12396938a59f923d50a1a9dff3d2fed5934280d737,P4,0.0,0.0,0.0,0.0,0.0,138001015.2037785,NONE,NONE,R2,0,0,0,0,0,0,0,0,1,False,False,False,False,False,True,False,False,False,False,False,Q[NONE]|F[Crackers],1228010902.1554124,1228010902.1554124,0.0,5188605.725132992,2400927.354830025,7589533.079963017,h09,5,Katrina,1220421369.0754495,11548372.775475461,1208872996.299974,1753655264.1987638,128302079.86562265,1.0,0.0,0.0,128302079.86562265,10400000.0,9557344.06438629,1733697920.1343775,1c0dd7b19b8642905c77ef2e65f2e16af64b69a8f7f81e27485366ba95163b52
LA-0007,7,d6f6e8df5bb443f5b329818d8f0da90fcdb1c41f5a2185ec6fb08a0a554268b3,M2,A1_FINAL_NO_MEMORY_V1,PASS,073acfec07dfb715ceee3b887bd0c9376cff02f27c447d94500553a779a05b0f,8d986dbb5e7852f166b07023296fe6b051397c80c4cfe6f71f52ab5d149a420f,888705aaf9586f607e58aa7c7c80fa3e311d03987f28d0844d411db5134c6bef,P4,0.0,0.0,0.0,0.0,0.0,295507077.09389716,NONE,NONE,R0,0,0,0,0,0,0,1,0,0,False,False,False,False,False,True,False,False,False,False,False,Q[NONE]|F[Crackers],1224101753.973965,1224101753.973965,0.0,1537727.6813731613,0.0,1537727.6813731613,h09,5,Katrina,1222564026.2925918,17600178.174065318,1204963848.1185265,1743227532.1739895,138729811.89039683,1.0,0.0,0.0,138729811.89039683,10400000.0,9557344.06438629,1723270188.1096032,0c45765b466c902a5ed23d46db565cd71dae83aca355b914fc30e94b8ca177cb
LA-0008,8,ac30e053d86741bf9a879366d9c9e2bce5e3aae131aedc9e7814d9d440230770,M2,A1_FINAL_NO_MEMORY_V1,PASS,a0d398dd9e4f60d077190a2a7acd25fee767b32285326c2d5d90776db43d9e77,d1e8240dca3ebd47a5dac04a043251a71fee898f3c213ace377a680db1ffe87a,1bece451a05b4595e082d1c62a82f615a4300f5ed6f4706723749f7a4303ee2a,P1,18778115.09301475,483859.6496734721,0.0,0.0,0.0,0.0,NONE,NONE,NONE,0,0,0,0,0,0,0,0,0,True,True,False,False,False,False,False,False,False,False,False,Q[Water+Vaccine]|F[NONE],1234247683.2378776,1234247683.2378776,19137905.85543843,0.0,0.0,19137905.85543843,h09,5,Katrina,1215109777.3824391,0.0,1215109777.3824391,1871289365.0722628,0.0,0.9999999999999974,0.0,0.0,0.0,0.0,9289365.072262846,1862000000.0,01eef20dd8a86e377d58a6fc451200e3fcd429c3d98d2ae93f340cb95ce8473d
LA-0009,9,3f9ef457cd3c688cef1bea2783ff0f7374d3b062b769b5658594d9d3df3f4303,M2,A1_FINAL_NO_MEMORY_V1,PASS,34fa770bcb8cc4de462e78d46320785558276bd46ec8a39b46049d5e4318e052,c624a018749efba578bd3b366f1a2c90f1956874c075c25c9f4d318fe98311a5,3f9f526dc968af0b2b5a7a7f9a7aaf5fe6d56b7a3711ccbad40ff275ea3864d8,P1,17745663.72808323,530246.9102912714,0.0,0.0,0.0,0.0,NONE,NONE,NONE,0,0,0,0,0,0,0,0,0,True,True,False,False,False,False,False,False,False,False,False,Q[Water+Vaccine]|F[NONE],1231866555.1965904,1231866555.1965904,19137905.85543848,0.0,0.0,19137905.85543848,h09,5,Katrina,1212728649.341152,0.0,1212728649.341152,1871246588.2678418,0.0,1.0,0.0,0.0,0.0,0.0,9246588.26784191,1862000000.0,4caf887608a5c82ff97fab0667b3f45c32de501a584b0f9707a858c1594c1e72
LA-0010,10,06698b11d19baa7be4293ecf7d570cadf19ea3073caa2e34a72881399cc82472,M2,A1_FINAL_NO_MEMORY_V1,PASS,fcc2493f1c91b3b49e4aa5072a67f76d726de94cbde488d616ea6974f05a4578,2cf6ef34d145697be4961db0aba478947fe26f91acbc974bb5ea676fdea569eb,6289df582dd6764f04667516fd5ca306d9d38285a309d8c1d00dea31b3bd2ff5,P4,0.0,0.0,0.0,426298.26574119116,1338265.7747305832,0.0,R0,R0,NONE,1,0,0,1,0,0,0,0,0,False,False,False,True,True,False,False,False,False,False,False,Q[NONE]|F[Water+Vaccine],1216833970.5307605,1216833970.5307605,0.0,5384998.5007976815,0.0,5384998.5007976815,h09,5,Katrina,1211448972.0299628,13752907.354640797,1197696064.675322,1880573780.3341582,1383563.7302281326,1.0,334252.99689376773,1049310.7333343648,0.0,10065747.003106233,8508033.331051925,1862000000.0,92331f0e3e40fca56cf822abf4a9ac9d5c53a3f641085ca69407872e6b0ef0d4
LA-0011,11,d7c35ed9597b3fc9d08acf7141e130141104dec6b562dd2d3db68bb24ebfce1d,M2,A1_FINAL_NO_MEMORY_V1,PASS,29db95fee37ec24ee2b48fa3f9c2182eb4db1e625bdf89318e165b5d7bedd660,34e516166442f8c49a0f3a0ae0bc22cd8454582dbe88bbdb584f65196de845a4,08421331dc7ac34cddf604d8e31aa8d424fde79779bb4a83cbb86cb3952185d3,P2,13908895.91550978,0.0,0.0,0.0,0.0,98865787.7174083,NONE,NONE,R0,0,0,0,0,0,0,1,0,0,True,False,False,False,False,True,False,False,False,False,True,Q[Water]|F[Crackers],1219765134.0438602,1219765134.0438602,9008791.884475686,2391759.4779660185,0.0,11400551.362441704,h09,5,Katrina,1208364582.6814184,7737354.492996775,1200627228.1884217,1793134030.439822,78423313.62456433,1.0,0.0,0.0,78423313.62456433,0.0,9557344.06438629,1783576686.3754356,d754ce3bd1de86b2c0f56516c675809057635ecb05e21e3b64a777bf54ee6f7f
LA-0012,12,5c1441ad663de3d58521ae8885de5adade81efac16c906e57da0eb3982b22bde,M2,A1_FINAL_NO_MEMORY_V1,PASS,76d4d229c4c718517d4f0bc2e243ea6a2fe958db15f731191f8d30d55d6375c1,be02d0b36c0dcffa7ec9d16fbeec04557e8cd80c7d58ca4209455f44e882ebeb,de70e0fd605fce1dfe9d01baf3364b35e508c84137f501316848310e845e1cc4,P4,0.0,0.0,0.0,13035524.507019604,1992017.2712678763,0.0,R0,R0,NONE,1,0,0,1,0,0,0,0,0,False,False,False,True,True,False,False,False,False,False,False,Q[NONE]|F[Water+Vaccine],1160699291.0929866,1160699291.0929866,0.0,190920.19598620152,0.0,190920.19598620152,h09,5,Katrina,1160508370.8970003,18946985.659452274,1141561385.237548,1869968073.1754375,11989270.888948876,0.9999999999999998,10400000.0,1589270.8889488766,0.0,0.0,7968073.175437413,1862000000.0,bf95f4b9586e61fab1369a1601b5f328911dbc506471419698e4d63ef412a67b
LA-0013,13,bc772f5c68c2a5c12ac82feed6fbd90db6b85103f3312eab4179164c9d4e88f5,M2,A1_FINAL_NO_MEMORY_V1,PASS,0cce50ca554c50226f3a5a0db1f984e2b39a280de81ece0f3c85ef5a361a73b7,0145fb8d85835260f30f16b881d6374784fbb9ea43f7fc3811ac34251d06d8e9,1cbf0105299dd94a2a7faf1630c266588ae2de2cab80598dd68677907c3bc76e,P4,0.0,0.0,0.0,0.0,1434077.2415854274,0.0,NONE,R0,NONE,0,0,0,1,0,0,0,0,0,False,False,False,False,True,False,False,False,False,False,False,Q[NONE]|F[Vaccine],1216222844.6648905,1216222844.6648905,0.0,2198529.2713841423,0.0,2198529.2713841423,h09,5,Katrina,1214024315.3935063,16939376.584054336,1197084938.809452,1880881497.1760824,1075846.888303867,1.0,0.0,1075846.888303867,0.0,10400000.0,8481497.176082423,1862000000.0,d2d5ea6aef38ed57e9295450ce1689773db839708fac5e6e4abf86f5289741bd
LA-0014,14,9d4bc8f108e222b9004ae3749404dd15c5af542ba54e3695e483c3ab081694fe,M2,A1_FINAL_NO_MEMORY_V1,PASS,c9f5da1634835a1be7e9b4735867eab2213d6abab4f926f4ee765daad128a61d,af34a87928de80fba20b877826da791a6f6efb35baf275e34bd5a71a57388711,5f62d513b2a125ea2812c4aa19b79992fd8264848c915e0d06450e8f72b3ca41,P4,0.0,0.0,0.0,0.0,0.0,497995297.7362803,NONE,NONE,R0,0,0,0,0,0,0,1,0,0,False,False,False,False,False,True,False,False,False,False,False,Q[NONE]|F[Crackers],1200327519.7788906,1200327519.7788906,0.0,7544927.028551883,0.0,7544927.028551883,h09,5,Katrina,1192782592.7503388,11592978.826886592,1181189613.9234521,1679809280.4799159,202148063.58447048,0.9999999999999998,0.0,0.0,202148063.58447048,10400000.0,9557344.06438629,1659851936.4155295,d3b5cc0bab15fc1238b72bea2b8af30e9236e4064646e27e1c6f6e61d8692ed6
LA-0015,15,092ddd62a98a4bd89bf76f067ac2de26c73a2fb505374668c940be8fe91083b9,M2,A1_FINAL_NO_MEMORY_V1,PASS,00ee8fde3a9b19270c1b5e01d2e3152b79b69a7d1410a26f20f439553cd7ff97,1e36d66259d56c17df43518a122e4b1491c64db185c459cbead9c6cc56b99c04,d40ea8b8f919f49a8f902431bb528b68e2723a54ab5b7c37bd10b9c73f3e9fa0,P1,14286615.279506551,685659.346483219,0.0,0.0,0.0,0.0,NONE,NONE,NONE,0,0,0,0,0,0,0,0,0,True,True,False,False,False,False,False,False,False,False,False,Q[Water+Vaccine]|F[NONE],1221380975.6720865,1221380975.6720865,19137905.85543848,0.0,0.0,19137905.85543848,h09,5,Katrina,1202243069.816648,0.0,1202243069.816648,1871058215.5399656,0.0,1.0,0.0,0.0,0.0,0.0,9058215.53996565,1862000000.0,4fabcd32fc638b1f843437e120c48b47a2b62e44ac277423bb40b7ec9f0fc600
LA-0016,16,b2ff17041ea2f1be7864efa886f0891854b8633d52a824c042ee5a29d0f2043b,M2,A1_FINAL_NO_MEMORY_V1,PASS,02a06924717119947023790d88146cc7a421223665c421a334643fbd116a931d,b12a082d39e2a98fbeb68592b33a2df00d0abff13c9f1decb40dcf6decf0a9aa,0ad8987119c4154b1c53f515f54e626111bba77c06e75b64699cfcb827ef4991,P4,0.0,0.0,0.0,0.0,2366186.644519527,0.0,NONE,R0,NONE,0,0,0,1,0,0,0,0,0,False,False,False,False,True,False,False,False,False,False,False,Q[NONE]|F[Vaccine],1189246116.375355,1189246116.375355,0.0,1481770.4415039066,0.0,1481770.4415039066,h09,5,Katrina,1187764345.933851,17656135.41393457,1170108210.5199165,1880396862.074589,1560481.98979739,1.0,0.0,1560481.98979739,0.0,10400000.0,7996862.0745888995,1862000000.0,e672dee1b7c1326441c01e2e453686bc60b9b3dbf737b67880828e62ed7ba1bb
LA-0017,17,9d8be22567afcabbf94ce470787e9f63ad71892883ca72fe79ea5ccd3e06ce5e,M2,A1_FINAL_NO_MEMORY_V1,PASS,82ffe8ce96523b1f4311745b8f601d4b614d9775fa5694839c49801920f90e1b,215e8a5743ccdf211c937d4ac5d60940cfb2bc1cb5cc6a016c50fd7d060a959d,40a4a4a99e27395dbe584dee192111ced7c7399b07e4a229acbf5ecef0920b16,P4,0.0,0.0,0.0,15852570.715621822,0.0,283461579.0291942,R0,NONE,R0,1,0,0,0,0,0,1,0,0,False,False,False,True,False,True,False,False,False,False,False,Q[NONE]|F[Water+Crackers],1179450447.9848735,1179450447.9848735,0.0,4952289.438373802,0.0,4952289.438373802,h09,5,Katrina,1174498158.5464997,14185616.417064674,1160312542.129435,1685593788.071633,196363555.99275327,1.0,10400000.0,0.0,185963555.99275327,0.0,9557344.06438629,1676036444.0072467,44eb522d586eba8cc5c71d64d666357fd78d63312b5361114d40f33ad467eaad
LA-0018,18,88740ccdbf47f9612cd99ce867900cdc74d3705aedf2a3bdefb1d376a8ffba59,M2,A1_FINAL_NO_MEMORY_V1,PASS,03c2d31041514c0768963a9d78c20d950945fec6f84da45cb20afd70baac3fc4,f224365e4fe08d1e9fca00c37554fe14d02a7639055999e2ad7548ec2ff61b99,56c3f2d70c3013c30699b23cef8652069e2c08d60ba578eacf8d8f09523234d4,P4,0.0,0.0,0.0,23950916.57918333,0.0,149669432.71911973,R0,NONE,R0,1,0,0,0,0,0,1,0,0,False,False,False,True,False,True,False,False,False,False,False,Q[NONE]|F[Water+Crackers],1224801139.3738234,1224801139.3738234,0.0,519260.7922850375,0.0,519260.7922850375,h09,5,Katrina,1224281878.5815384,18618645.063153442,1205663233.518385,1806567676.7532108,75389667.31117563,1.0,10400000.0,0.0,64989667.31117563,0.0,9557344.06438629,1797010332.6888244,01af904b01c42dba6bf94506c9f915e91708c279899870f9722d331146f44f82
LA-0019,19,9770a34977e95b015e0cefe0df348623152eb9589c95eaf2349fbd268071b51a,M2,A1_FINAL_NO_MEMORY_V1,PASS,a4808b1bd2186a4f6b469f58eae6bf7d64375589118aee9b959f0d3e51135f23,b777ffb99c86f113f96d82940a24a4bdabda7fc96af4f144cd1c9c016cf75582,b2d20b90cb49e33399845305d310b6f633055f8ad953a2382738ebe521d864cf,P4,0.0,0.0,0.0,539573.0695696151,2744040.697742192,0.0,R0,R0,NONE,1,0,0,1,0,0,0,0,0,False,False,False,True,True,False,False,False,False,False,False,Q[NONE]|F[Water+Vaccine],1214574557.7477093,1214574557.7477093,0.0,1656991.7378825236,0.0,1656991.7378825236,h09,5,Katrina,1212917566.0098267,17480914.117555954,1195436651.8922708,1880646511.4111857,1310832.6532006536,1.0,215399.8760209231,1095432.7771797306,0.0,10184600.123979077,8461911.287206559,1862000000.0,7b6f339a2c55a94a5e1924d7a0fcc3fe23c7b60400be08a45aad5f2919acd14a
LA-0020,20,3c0d1d5974307dcb77a0b9e21ab6afb89052e6f263f5080ada8651af93c00448,M2,A1_FINAL_NO_MEMORY_V1,PASS,65ec22bf2368a974a5f99ed939555b25975ea5210f576bec8c1525e469eab615,4034b5506da211179360d9d42afecff794e47f5a0931df4eec18072524de37c3,3b1e8bd58424a31f69c59e4190fff49d55970d75e280123c4dc12275ac9391fd,P4,0.0,0.0,0.0,0.0,0.0,322630420.1949839,NONE,NONE,R0,0,0,0,0,0,0,1,0,0,False,False,False,False,False,True,False,False,False,False,False,Q[NONE]|F[Crackers],1186267961.9630404,1186267961.9630404,0.0,925334.4345956413,0.0,925334.4345956413,h09,5,Katrina,1185342627.5284448,18212571.420842838,1167130056.107602,1642305124.974553,239652219.0898333,1.0,0.0,0.0,239652219.0898333,10400000.0,9557344.06438629,1622347780.9101667,faf9e5151c26b973f255f987b0972927ef926143a529e2edfef262485cefbf64
LA-0021,21,9c0c8e916a30a3fa9f17a2b27ecaaa74ee626fafee16b17aef6e1fa739cc5936,M2,A1_FINAL_NO_MEMORY_V1,PASS,6c269052b2a1e3080d2395c9cb71d1399b573a717d76119a5af5e0416fca9f57,cf90ac8884db2cbc00c8e1bf27ef07477342ce2234e2ca26bd75adc27c64b1dd,fbb66c657174c3eb494e70bcbf150d790ef245ef49a7f4c520736f540e2a0b67,P4,0.0,0.0,0.0,0.0,0.0,267830195.45473477,NONE,NONE,R0,0,0,0,0,0,0,1,0,0,False,False,False,False,False,True,False,False,False,False,False,Q[NONE]|F[Crackers],1233499223.9417398,1233499223.9417398,0.0,4315572.612170886,0.0,4315572.612170886,h09,5,Katrina,1229183651.3295689,14822333.243267592,1214361318.0863013,1768295473.8293853,113661870.235001,1.0,0.0,0.0,113661870.235001,10400000.0,9557344.06438629,1748338129.764999,9550be40fb6b73a210daf2446b97839816bb6c8b4cd7a41590c2fbfc26eb9c95
LA-0022,22,6bb63a048030f05350d49e0f95e43d5d1d8afce87fc056fd4148eceb507c86a1,M2,A1_FINAL_NO_MEMORY_V1,PASS,69bcd7616137e210542022cf82f093f933a16d710ae123583a4a300f4fb92c1a,12cd86c2bc25929194374d3cbab0d0c06ae240ce940c7018b1362c77f67af791,1f0d44f80a39bd76b081886f47f495eb80ed37ff68572814161ab5c89c5ebb86,P1,16275314.666641105,596308.5839244614,0.0,0.0,0.0,0.0,NONE,NONE,NONE,0,0,0,0,0,0,0,0,0,True,True,False,False,False,False,False,False,False,False,False,Q[Water+Vaccine]|F[NONE],1227954038.5529468,1227954038.5529468,19137905.85543848,0.0,0.0,19137905.85543848,h09,5,Katrina,1208816132.6975083,0.0,1208816132.6975083,1871176300.170622,0.0,1.0,0.0,0.0,0.0,0.0,9176300.170622097,1862000000.0,799f21cc76023a9203382f73ac41fe78aa20e122f8fb1ebf50c8fb4aa950f4b3
LA-0023,23,6e9f2f6ea49a02cd8d73697d95a8c6eec0807082c1aeab51b67a21fc03ab6414,M2,A1_FINAL_NO_MEMORY_V1,PASS,5f706c2c3452230ea04f43e45ebb5843c0d3d27685dac0c3f78c012a018032bf,189eec2a708d48ce444e367550133d42fd57574cdfb176ba7270e14045b90485,8aa1645bad23771fd6e864239c31f3e9b0d58e647c89eaf4c1f0210886c5e09a,P4,0.0,0.0,0.0,0.0,1417919.3868370492,0.0,NONE,R1,NONE,0,0,0,0,1,0,0,0,0,False,False,False,False,True,False,False,False,False,False,False,Q[NONE]|F[Vaccine],1222756587.2336216,1222756587.2336216,0.0,4908145.73832661,682084.1134155421,5590229.851742152,h09,5,Katrina,1217166357.3818793,13547676.003696324,1203618681.378183,1880998875.4199874,958468.6443988131,1.0,0.0,958468.6443988131,0.0,10400000.0,8598875.419987477,1862000000.0,695b3edcc1ec31e741a4c37f45c7b17c1334ea364d4b7cabcb6b8ce46f3bace4
LA-0024,24,6d7ec27518715e008327d137620c14c125fdf032d00924b93febb86e631fc003,M2,A1_FINAL_NO_MEMORY_V1,PASS,7668559b336c3d44cdcdf4df658edc7d84ee8cc8ae570f567e119d781ea99c06,01010f669bf7241e93148a474f58a85c0cdf858b55c5cebf7b082105005da0ca,59c2aebecb7dca3d0262c3190efe344bf97f267f590710492f18287978763830,P4,0.0,0.0,0.0,14160043.55248088,0.0,190161513.3518667,R0,NONE,R0,1,0,0,0,0,0,1,0,0,False,False,False,True,False,True,False,False,False,False,False,Q[NONE]|F[Water+Crackers],1196806393.808849,1196806393.808849,0.0,4558379.772399051,0.0,4558379.772399051,h09,5,Katrina,1192248014.0364501,14579526.083039427,1177668487.9534106,1731891125.4168513,150066218.64753506,1.0,10400000.0,0.0,139666218.64753506,0.0,9557344.06438629,1722333781.352465,634c9504934a4629ef59ec47706de9e87d1332ed7287f48bb372bd838a5f2d94
LA-0025,25,b39feb6eea784bceddaca092dc4e701505742600b01cf7a26c64501d926a458d,M2,A1_FINAL_NO_MEMORY_V1,PASS,0a3fe6dae97e7f9daae724838b68a1d26abd648f058b51c7d0e18993a89e39ac,baacab4f4160486e91719d47246308a9e831757552b65a2236202d384d26628a,45a67b8f7c08d5b17768a0d971fbf8c0c0dffe76a97fcc10533f478897a2da65,P4,0.0,0.0,0.0,19072084.405537892,0.0,420070156.013444,R0,NONE,R0,1,0,0,0,0,0,1,0,0,False,False,False,True,False,True,False,False,False,False,False,Q[NONE]|F[Water+Crackers],1163292920.5081346,1163292920.5081346,0.0,4145933.5491147274,0.0,4145933.5491147274,h09,5,Katrina,1159146986.95902,14991972.306323752,1144155014.6526961,1642493255.9633875,239464088.10099882,1.0,10400000.0,0.0,229064088.10099882,0.0,9557344.06438629,1632935911.8990011,e45c82037dafb0afd297841ba6f9a0b0c7f5f2251a949bb993368e2bfbf80328
LA-0026,26,5bd990e15e3b22f43439e71e7147d7b7a93aff1ba487719ad0800d6c597820ef,M2,A1_FINAL_NO_MEMORY_V1,PASS,ac4ca000719ee4efcd00d730f32cb2b03ffb06df2d92a4ecb2757cc884b007c1,c4dff66f7a8cc4d0736f1a7f869ea509971f38da2066dafe0a5d37b5909cc1b4,218b73c543f410b626367561cbc87dc086f627856ba7a30d85341ddd6f78da4b,P4,0.0,0.0,0.0,25643271.40964224,2069317.6877659294,0.0,R0,R0,NONE,1,0,0,1,0,0,0,0,0,False,False,False,True,True,False,False,False,False,False,False,Q[NONE]|F[Water+Vaccine],1202448913.1285603,1202448913.1285603,0.0,1898530.1475050803,0.0,1898530.1475050803,h09,5,Katrina,1200550382.9810553,17239375.707933396,1183311007.2731218,1870718102.315197,11239241.74918936,1.0,10400000.0,839241.7491893603,0.0,0.0,8718102.31519693,1862000000.0,aa75306423e54414220df8b002dfb1afae862540006530257a7418471f75857c
LA-0027,27,cfaddbaf41730539abdb391ae292a542c1e5974c9fd363235b711ece4c2723a3,M2,A1_FINAL_NO_MEMORY_V1,PASS,1f35aab8dc6dbd8dd365874e8559e5e83751fd4025a038d498c20914f8909c7e,db46befd19207af76720bf86c5e33eaf5825de55ac5e41fb7791bee33756caf8,c843924abe90825ef9aa369a7c2fdfd77565523490c2958cb4374dc445cd5696,P4,0.0,0.0,0.0,0.0,1613006.3295010433,0.0,NONE,R0,NONE,0,0,0,1,0,0,0,0,0,False,False,False,False,True,False,False,False,False,False,False,Q[NONE]|F[Vaccine],1228983571.6778517,1228983571.6778517,0.0,7922102.930385798,0.0,7922102.930385798,h09,5,Katrina,1221061468.7474658,11215802.925052678,1209845665.8224132,1881110742.7749069,846601.2894794726,1.0,0.0,846601.2894794726,0.0,10400000.0,8710742.774906818,1862000000.0,516e54e653fcf3f633142e7a5944e61361f0674311958a571cb60986a8048742
LA-0028,28,aab4e156e74d50b9f94f91a8b11877f4b196c90dbefd3a9eafa7abaf3557a3f5,M2,A1_FINAL_NO_MEMORY_V1,PASS,14a5bc555773983a30bf8698530285084a86edc38fad8c92eab2b35e50d17313,46d772fee3592f7c31cf17f97a664c093b770d383d74c62e576b1e6c9cb01e79,8c3e1ac38ce4fe819053c0b5dfe61b19c6cbd05afdba3751efd48f24f2c5d5d9,P4,0.0,0.0,0.0,409143.3694082499,1428825.7213728344,0.0,R0,R0,NONE,1,0,0,1,0,0,0,0,0,False,False,False,True,True,False,False,False,False,False,False,Q[NONE]|F[Water+Vaccine],1217685362.5509434,1217685362.5509434,0.0,3927924.910591948,0.0,3927924.910591948,h09,5,Katrina,1213757437.6403515,15209980.94484653,1198547456.695505,1880624983.9849443,1332360.0794420382,1.0,296591.65374554583,1035768.4256964924,0.0,10103408.346254455,8521575.638689797,1862000000.0,8a6d8b9ab416cf76f63797152ddaff215d9d71cbb02fa6414d4fbb1a1678ed77
LA-0029,29,3ede3239a767640a2b33456598c460234d288524ff970adee2257294e953bd1e,M2,A1_FINAL_NO_MEMORY_V1,PASS,4c486b2feb80b96a76080b634ac58e6f8cff1270c1ee2cc9d3e968dc201cbb57,eccbe31353e2e3db4f0ee0bfbbcaa82b3653691bdd96af2caa15b11974b90c08,6957aacaf8848a0ce5a8ba35598637991a61abd21d6ba278cf52ca8483994adb,P4,0.0,0.0,0.0,12171692.678130534,0.0,27697191.074666195,R2,NONE,R2,0,0,1,0,0,0,0,0,1,False,False,False,True,False,True,False,False,False,False,False,Q[NONE]|F[Water+Crackers],1240292694.1181536,1240292694.1181536,0.0,4363910.046225605,3530281.6341467253,7894191.680372329,h09,5,Katrina,1232398502.4377813,11243714.175066147,1221154788.262715,1847891713.0963876,34065630.96799865,1.0,10400000.0,0.0,23665630.967998654,0.0,9557344.06438629,1838334369.0320013,b4314ca8d00ff5f2ed8d31212c44d274127d71cf694dd39108588163078160af
LA-0030,30,3d7857406de0967b7bf34da5156d7448d34b2cba7b03a628e6a34b750f8e0bd9,M2,A1_FINAL_NO_MEMORY_V1,PASS,fa4a3f818d53e440ab1a881121feabc80e079140e61294f606c91295b972e2fe,2ea3bd5886c1d78f5622d17d9962835144a46046ebde6d934a60ab440225cc92,9ac2d72760579bcc8fb5b9e2abca97700296b8fe93d60b7404c84381b39c88f5,P4,0.0,0.0,0.0,430204.0078690064,1466671.6646592685,0.0,R0,R0,NONE,1,0,0,1,0,0,0,0,0,False,False,False,True,True,False,False,False,False,False,False,Q[NONE]|F[Water+Vaccine],1218089373.0810654,1218089373.0810654,0.0,9695388.22136238,0.0,9695388.22136238,h09,5,Katrina,1208393984.859703,9442517.634076098,1198951467.225627,1880627453.4011662,1329890.6632201795,1.0,301614.01805650716,1028276.6451636724,0.0,10098385.981943494,8529067.419222618,1862000000.0,35468243168a6867da556e4e4cc2ce41e9794696bb8e0d36b00c8dd4effce01f
LA-0031,31,b2c9f84e097e6d8b1c2a028c778645835d20281cce23904d36809ef099ff2353,M2,A1_FINAL_NO_MEMORY_V1,PASS,79cba856f827c662df81039888d11a9b26f09916d7a098f6bb39f302bcd77374,bd34490503b2f392aa65b6742d5f072588554e8017de0bc73aa9f6ab38d4b55c,68211447b292c0b399096fa24a32bb2f44ac4a7ec4ca01bf5bdf5bca2bdfbe54,P4,0.0,0.0,0.0,0.0,0.0,271553345.334871,NONE,NONE,R0,0,0,0,0,0,0,1,0,0,False,False,False,False,False,True,False,False,False,False,False,Q[NONE]|F[Crackers],1203357369.8189716,1203357369.8189716,0.0,2072771.472116852,0.0,2072771.472116852,h09,5,Katrina,1201284598.3468547,17065134.383321628,1184219463.9635332,1687891466.8864484,194065877.17793807,1.0,0.0,0.0,194065877.17793807,10400000.0,9557344.06438629,1667934122.822062,f6d0867ec049cf9356a6172a2b524cd72c74fdd93a0a4bed8629fbf71b3dd1f8
LA-0032,32,f4f35be64e2a6a66797bef3bd06352c0e954577920dbaa334c40d418f72f6054,M2,A1_FINAL_NO_MEMORY_V1,PASS,d7b11059556356ac40fea5825ce5ccd6e356c123aa644abd8133a7e65684451d,72c001b9150e829f44177621506bf97007ce93c5778ccd71e69ecd6a197ade46,9417c099d371bb555c0c72366663ba03e768c44f4884816955239f94d807d546,P4,0.0,0.0,0.0,419814.5571520834,1510822.115554034,0.0,R0,R0,NONE,1,0,0,1,0,0,0,0,0,False,False,False,True,True,False,False,False,False,False,False,Q[NONE]|F[Water+Vaccine],1212143165.3748326,1212143165.3748326,0.0,9528673.306337446,0.0,9528673.306337446,h09,5,Katrina,1202614492.0684953,9609232.549101029,1193005259.5193942,1880507642.365669,1449701.6987173439,0.9999999999999998,315235.8417581385,1134465.8569592054,0.0,10084764.15824186,8422878.207427084,1862000000.0,ad5bff199670f6d7a695654b38ffd03b625364c9d8386929c8d4f0aed14584b6
LA-0033,33,242bd65776afa513ff3a5e721f1af0cc3162b4bb19d3be12cea27cfa5d59ec75,M2,A1_FINAL_NO_MEMORY_V1,PASS,a352ec7836cbb9de2b0f860543a59f519a98d6bd0aca82cb65370dc474b9539d,9edc58b015b798d1b9c9e1c22de428423e0a6fbd38b1a20f56be4131185d80b2,2041d8d1e164e70bda3f3fd8346a7372f5b7beff0a936d784920017a66f0c804,P4,0.0,0.0,0.0,0.0,1653018.092932052,0.0,NONE,R0,NONE,0,0,0,1,0,0,0,0,0,False,False,False,False,True,False,False,False,False,False,False,Q[NONE]|F[Vaccine],1222697539.4130766,1222697539.4130766,0.0,1289664.475692853,0.0,1289664.475692853,h09,5,Katrina,1221407874.937384,17848241.379745625,1203559633.5576382,1880997814.62988,959529.434506329,1.0,0.0,959529.434506329,0.0,10400000.0,8597814.62987996,1862000000.0,33767f3a64ff30cf2073629117ab5ffff1a60fca2f614a9547d58626b573b4e4
LA-0034,34,b6a09f1b58b2fbf1794374e4eee392d33de36403806d9cac077fea29336b5fb6,M2,A1_FINAL_NO_MEMORY_V1,PASS,2146fd75bd98f9aed2a582793c79aff9467f752ca01a14ca04ac927c6b9f9fe7,3e235adced1dd2128dcae4f06f01e66a73a0f4b858e46631d9dd2c1fc6e4fb22,03c6a3eabaab4c0645effef95bc13ff83c4789d667c513be09eeb48dfc361611,P4,0.0,0.0,0.0,0.0,1402204.0578126786,0.0,NONE,R1,NONE,0,0,0,0,1,0,0,0,0,False,False,False,False,True,False,False,False,False,False,False,Q[NONE]|F[Vaccine],1240279385.2554855,1240279385.2554855,0.0,8371288.212632782,3424164.995214509,11795453.20784729,h09,5,Katrina,1228483932.0476382,7342452.647591187,1221141479.400047,1881313671.3028178,643672.7615685418,1.0,0.0,643672.7615685418,0.0,10400000.0,8913671.302817747,1862000000.0,3ec92ea00a874f8a699d27abd9d7a94bbb0e9b8c77d9eea1bc25a55ba9231fb6
LA-0035,35,61f86ea9a5d637c6ba13dfbab345847baad40c87477b380ef07cefed17bc2ee7,M2,A1_FINAL_NO_MEMORY_V1,PASS,c888a97ee7232a944a33c73ac731a80a71169b44611b15363977ecfeeaca1149,0504e6ed052e392b68bb0b6e0754d97c413f60c51d9487e0d3ab2216c8b0a656,ad8c58e41728cac6bbb25c46ceb7c5ad64682bc7b94930aea01e6f7a1cdd5e59,P4,0.0,0.0,0.0,0.0,0.0,193845582.80638677,NONE,NONE,R0,0,0,0,0,0,0,1,0,0,False,False,False,False,False,True,False,False,False,False,False,Q[NONE]|F[Crackers],1216954715.5455225,1216954715.5455225,0.0,7645864.534062511,0.0,7645864.534062511,h09,5,Katrina,1209308851.0114598,11492041.321375964,1197816809.690084,1724162662.273108,157794681.79127827,0.9999999999999998,0.0,0.0,157794681.79127827,10400000.0,9557344.06438629,1704205318.2087216,6e96b44defc2a154dee680a7581bb4b4395d4b8f30becdda5f936b35daaf8dcc
LA-0036,36,dc589e9611db23a52a37f76fc3061c6adf7b0550514c9a79a8599a2a229640c3,M2,A1_FINAL_NO_MEMORY_V1,PASS,243cd38acf0118f7092a38e1cad0382ebdd22544700a92c3cd5be7429f9bbcbe,8413dab636388149d2fc26d4a89e46872e5be664a2d4384c5486a3588ca2e5b4,06c99b63c19150394146a6ea07ed92cb408566374a8d7efe94e3e75f0c2f4b3a,P4,0.0,0.0,0.0,0.0,1667956.2725802127,0.0,NONE,R0,NONE,0,0,0,1,0,0,0,0,0,False,False,False,False,True,False,False,False,False,False,False,Q[NONE]|F[Vaccine],1220352199.2657697,1220352199.2657697,0.0,8515851.604923373,0.0,8515851.604923373,h09,5,Katrina,1211836347.6608462,10622054.250515105,1201214293.410331,1880955680.752557,1001663.3118293227,1.0,0.0,1001663.3118293227,0.0,10400000.0,8555680.752556967,1862000000.0,f450ba9c1188e89f76bc6310af2827657972c5d34928b2ded20953373f94259c
LA-0037,37,076714fd9cb671dae097942b2788699ab4a59bd70d0226aa5bff62ff1898008c,M2,A1_FINAL_NO_MEMORY_V1,PASS,2c5665272be377e3acba7f320441a17f3270555dfa9a7d0688ea0bcd3fa5c2f4,0e11a635377e008fa823adb261f0f9b0f41bd6dfc34f04416bc33aa2558a1e12,e7cac19b595f12c562136e4ee4292395211e6fe409caa3e8e3d97071b1cf1d28,P2,14147804.105988253,0.0,0.0,0.0,0.0,199750023.04504958,NONE,NONE,R0,0,0,0,0,0,0,1,0,0,True,False,False,False,False,True,False,False,False,False,True,Q[Water]|F[Crackers],1220776667.6759942,1220776667.6759942,9163532.719448593,5305344.457577605,0.0,14468877.177026197,h09,5,Katrina,1206307790.498968,4669028.67841228,1201638761.8205557,1795832316.9105163,75725027.15387017,1.0,0.0,0.0,75725027.15387017,0.0,9557344.06438629,1786274972.84613,0353f843ce0754857aafc3c8fea667d0c681dcc7451319cfacfb3040fcd080dc
LA-0038,38,89f966ec01f9161594e9c468aea3d0124920b3e6697dcb8ee83c1208d6d6accb,M2,A1_FINAL_NO_MEMORY_V1,PASS,8bd2eacbb0a65c828f4762b33c73fc38e21b031485925832bad8681e55b7451b,f06162473517f85409d92c3f51e59510648bf303c48b7a7d4dd7afc84cd5b3c0,de18679f1db0fc91f586885b853cccbc6c1522cdb700658a8c7e3a71f489be38,P4,0.0,0.0,0.0,0.0,0.0,513905117.03311175,NONE,NONE,R0,0,0,0,0,0,0,1,0,0,False,False,False,False,False,True,False,False,False,False,False,Q[NONE]|F[Crackers],1205437121.4968786,1205437121.4968786,0.0,7907329.953894476,0.0,7907329.953894476,h09,5,Katrina,1197529791.5429842,11230575.901544001,1186299215.6414402,1693439246.6503916,188518097.4139947,1.0,0.0,0.0,188518097.4139947,10400000.0,9557344.06438629,1673481902.5860052,770c1c4c3ef70cdb4454c758f68e89e0088ef8251b74ea5dcf1432a4ee09f42b
LA-0039,39,989083481f8c8e1d92827ab6e3b3a1a7daa5639541c84d86e9938502fbe4d1ff,M2,A1_FINAL_NO_MEMORY_V1,PASS,54afe0bd74304c212f6451c8e6ebc161ad636ddb8777b62473d0481519527549,526544647198003917f04003261932128150df74932d4b0fcc07e6850fa68c6c,2429437e17b2f1502b481167c333fcd4d08fe8b8952e83c36d1559731a20b3d0,P4,0.0,0.0,0.0,0.0,0.0,176414737.2898815,NONE,NONE,R2,0,0,0,0,0,0,0,0,1,False,False,False,False,False,True,False,False,False,False,False,Q[NONE]|F[Crackers],1225381018.7940474,1225381018.7940474,0.0,4911836.560904333,3037377.0737544657,7949213.634658799,h09,5,Katrina,1217431805.1593885,11188692.220779676,1206243112.938609,1746639997.0162923,135317347.048094,0.9999999999999998,0.0,0.0,135317347.048094,10400000.0,9557344.06438629,1726682652.951906,031b494abf8d928ee1fa0d5982342aa49da13eb3fb29fc094251a6a7809ff868
LA-0040,40,d96f96c92f75caf4a165983b3537136207ba37cdf9fac7b8c2d861d19fafc5ef,M2,A1_FINAL_NO_MEMORY_V1,PASS,8f6c683df90f36e03a40a0cecfccac8033b18133db06ce855794cbe00eb425d0,a4934d4fc36e380533229a3ecca0e0aaf269b3c4d67787e209a11ac4f1717408,e291839251ffa1404c48416b1cfc7505141084b13725a096739adaa046bf4256,P4,0.0,0.0,0.0,18811557.18444769,386090.1739786281,20444636.53623594,R0,R0,R0,1,0,0,1,0,0,1,0,0,False,False,False,True,True,True,False,False,False,False,False,Q[NONE]|F[Water+Vaccine+Crackers],1233045740.0937648,1233045740.0937648,0.0,6824552.21946298,0.0,6824552.21946298,h09,5,Katrina,1226221187.874302,12313353.635975499,1213907834.2383263,1860041042.906429,21916301.157957118,1.0,10400000.0,213450.58093847657,11302850.577018643,0.0,9343893.483447812,1850697149.4229813,4baa849f689aa1692e5bc4eb8d690d329335f0af14b8497c36e11cda765c5319
LA-0041,41,9cfb0aa8009501c8cf4ad5bb5f9eb0103a867118c526a601262f68d58cce0c0a,M2,A1_FINAL_NO_MEMORY_V1,PASS,89b6c7cbcbd6d9b7affbe09447ff7c794273a8594e2939c51321fd939dbdd8fb,a030777bff99795ca52bd3d4e409c2d6f649373e8e39e6d73840158c5dda6345,8ad1441a0c584620bb68ffc38cfd72a0508c1e18435565ef0c60794d4f7bf51d,P4,0.0,0.0,0.0,0.0,0.0,214484498.20109877,NONE,NONE,R0,0,0,0,0,0,0,1,0,0,False,False,False,False,False,True,False,False,False,False,False,Q[NONE]|F[Crackers],1221881234.2535002,1221881234.2535002,0.0,1691331.4677638737,0.0,1691331.4677638737,h09,5,Katrina,1220189902.7857363,17446574.387674604,1202743328.3980618,1737304250.8027115,144653093.26167497,1.0,0.0,0.0,144653093.26167497,10400000.0,9557344.06438629,1717346906.738325,f8a76889d2dd5718e5f5f323d150e5495d15bb779e85844079af036455bda43b
LA-0042,42,393faeb85edb61ac878ab484b8811ee87e96c23c3f5d345b8e5bbf065782fdb1,M2,A1_FINAL_NO_MEMORY_V1,PASS,46d9c290b1cdcd98e7506c86206cf23fd2c75c626de158e5771dbca1c5487bb3,4cbbbfb127e2c39e978fb076338e65ebb1fe594b7ef55c321d84394635879a10,1e21fcb7ba727b9806814af46ecca682614a82ba13bc3b4d90745a002571d1f6,P4,0.0,0.0,0.0,0.0,1824199.2662123914,0.0,NONE,R0,NONE,0,0,0,1,0,0,0,0,0,False,False,False,False,True,False,False,False,False,False,False,Q[NONE]|F[Vaccine],1199070292.309761,1199070292.309761,0.0,5989511.459093544,0.0,5989511.459093544,h09,5,Katrina,1193080780.8506675,13148394.396344936,1179932386.4543226,1880573352.7316456,1383991.3327406566,1.0,0.0,1383991.3327406566,0.0,10400000.0,8173352.7316456335,1862000000.0,de752f7d454226ffdf894dd119b137fdccd4223963adb2ab6c91c3c256e3ed49
LA-0043,43,bdc5747811a264908bd755c96486e7c3da7a6a1accb92f6f33a43cd1292740ff,M2,A1_FINAL_NO_MEMORY_V1,PASS,a3727480e0c89607a60f3116c2c2cc170fb2b4db2976febbb92e493b72776b68,b4c4b4334a03cf105b745a5f26223649a41911ad5438550f3e425ccef0457344,4b235e1be6575367cb7bbac4bb8dfe21b449e860d4bcf6031f4c695c8ab35e73,P4,0.0,0.0,0.0,17936142.20430848,0.0,42762908.98543834,R0,NONE,R0,1,0,0,0,0,0,1,0,0,False,False,False,True,False,True,False,False,False,False,False,Q[NONE]|F[Water+Crackers],1239869157.2526345,1239869157.2526345,0.0,7036286.646998398,0.0,7036286.646998398,h09,5,Katrina,1232832870.6056361,12101619.20844008,1220731251.397196,1846761919.9211874,35195424.14319888,1.0,10400000.0,0.0,24795424.143198874,0.0,9557344.06438629,1837204575.856801,ff37ed525d01e30ad24c00974269a9a9373ec2aaada0e9fefc302652027102c7
LA-0044,44,a038cf45cee562876a7617518296aa0442df2ad4ac8f6514371e7f89246f5f5a,M2,A1_FINAL_NO_MEMORY_V1,PASS,fe2ced47fc64364d360c5a817ed1c308af5c77482d20d8a922669c558e5ac4f1,8a631e7a6564fb4bb35ddb5d11383c2d115abded53f046b705138aa3cf9cb54b,c719477820841731020aa4499cd6a02ebfd38130cc914b2e8b19bb9f99b57088,P1,15113854.054483818,648492.1326546412,0.0,0.0,0.0,0.0,NONE,NONE,NONE,0,0,0,0,0,0,0,0,0,True,True,False,False,False,False,False,False,False,False,False,Q[Water+Vaccine]|F[NONE],1224325286.7951932,1224325286.7951932,19137905.85543848,0.0,0.0,19137905.85543848,h09,5,Katrina,1205187380.9397547,0.0,1205187380.9397547,1871111109.8904095,0.0,1.0,0.0,0.0,0.0,0.0,9111109.890409505,1862000000.0,92529a80c7f409742910627e63d37672fc25cbb406c4f9f2158d6371fc44b6e1
LA-0045,45,dcfa9d2ea24f4d13a681c78f3478e0d05b21b1da8abdbf8fdf1901b220016805,M2,A1_FINAL_NO_MEMORY_V1,PASS,f234e81c662a43664c29d242f87139f02edd20928ffe8a22d3dadd37fd1fdfd1,b8319b11072c339a3b4ae8f5c6702d9ef4309a0c5774f99be660d3b3944c747b,36daf96ee07ca627c23fabcbfef08f17c160adac03ecd203e6d460f31d98eb68,P4,0.0,0.0,0.0,0.0,2944340.484127957,0.0,NONE,R0,NONE,0,0,0,1,0,0,0,0,0,False,False,False,False,True,False,False,False,False,False,False,Q[NONE]|F[Vaccine],1217601800.0664032,1217601800.0664032,0.0,2125893.663007644,0.0,2125893.663007644,h09,5,Katrina,1215475906.4033954,17012012.192430835,1198463894.2109647,1880906270.0167248,1051074.0476615753,1.0,0.0,1051074.0476615753,0.0,10400000.0,8506270.016724715,1862000000.0,ff3631b9d17a13d9a6178ffc9a6b03ca558ba2b7878a92c03027560ca2107977
LA-0046,46,3cba3e3157cbcca2cddfbd5c637816c67179bbbef11619437f20dd61d190c530,M2,A1_FINAL_NO_MEMORY_V1,PASS,cb96a5e40e08e3203c85633be3163a1feaba562711328458998eb8442dd7832e,cd7797fa7b65c0db04495f6eba07f2372b048f0f93447b27cd71d6e610f82eb2,888005068068ae041c21a9224490497395b73b4ba5ede499b2c72c9bb476a1d9,P1,14573428.152085623,672773.0605807866,0.0,0.0,0.0,0.0,NONE,NONE,NONE,0,0,0,0,0,0,0,0,0,True,True,False,False,False,False,False,False,False,False,False,Q[Water+Vaccine]|F[NONE],1222439656.2749527,1222439656.2749527,19137905.85543848,0.0,0.0,19137905.85543848,h09,5,Katrina,1203301750.4195142,0.0,1203301750.4195142,1871077234.6654842,0.0,1.0,0.0,0.0,0.0,0.0,9077234.665484231,1862000000.0,87bcf28770e219268589cf51a9b8a5480a6b2dec62b9b3ca9acca9819f7d5b51
LA-0047,47,fd2ce38681f35c0793562ad74e3fe7246a6d119841da06d92a85d136281118ab,M2,A1_FINAL_NO_MEMORY_V1,PASS,de373be42fadc43506c9d9165fb044bbf2862f639b7292edeed9471faa19a2bd,7e36d137872d04505aafcc5fbe9059be930ed686fff4627bf72d4e821617abe1,0dd5bb552e090306f1c4bff8da683ffe4bb2323f6a792bb81df0a7b1cbaa2b87,P4,0.0,0.0,0.0,12998265.094838079,0.0,239068322.2207109,R0,NONE,R0,1,0,0,0,0,0,1,0,0,False,False,False,True,False,True,False,False,False,False,False,Q[NONE]|F[Water+Crackers],1177457350.1292937,1177457350.1292937,0.0,5831519.610264963,0.0,5831519.610264963,h09,5,Katrina,1171625830.5190287,13306386.245173516,1158319444.2738552,1680277159.135494,201680184.92889228,1.0,10400000.0,0.0,191280184.92889228,0.0,9557344.06438629,1670719815.0711076,09c5675b8dab9ab28fa7858cf6a463b646145be027af9be1f39ffebdb3ed4f0b
LA-0048,48,094350cdea0997d0c0c41a1c2a14236c8020c9c96601c54849ba12b930a914a4,M2,A1_FINAL_NO_MEMORY_V1,PASS,6b7cb09ef66c225afa3c78d67911595642dc74fd6e077f54476bb6b371a142e9,79a18b87b598bd2bac3ebf609641e3bea297ef5c29775c0b9928e55533cca442,4f9292489bc68e81834da49be0d6b4920c5afa13c7249ea00b5dcc736961e74c,P4,0.0,0.0,0.0,27784376.925777834,0.0,93286582.51719168,R0,NONE,R0,1,0,0,0,0,0,1,0,0,False,False,False,True,False,True,False,False,False,False,False,Q[NONE]|F[Water+Crackers],1236074330.6642234,1236074330.6642234,0.0,6156422.072355193,0.0,6156422.072355193,h09,5,Katrina,1229917908.5918682,12981483.783083286,1216936424.808785,1836639143.0634966,45318201.00088975,1.0,10400000.0,0.0,34918201.00088975,0.0,9557344.06438629,1827081798.9991102,f3e020a6b973b722f539d903cebd4e995ee6084de9a82d0406e3aec2cdc442ad
LA-0049,49,2095319ddb1639bb7caea136d97f9321b89043cb6f9f0bac4ba4a22b99e05087,M2,A1_FINAL_NO_MEMORY_V1,PASS,78a725ebedbbc4fc923750639e6836c6ebd232b3a62c9fb5c0069914015214b3,54c28a1ffe98dec1bcbdbc530df2c0f347ad3cd7da7738956cb6e60a0da1cb1c,0d603e5258ea4ad8c6f206a258fd3d1456dc246c7b66108851c2398d56246abf,P4,0.0,0.0,0.0,0.0,0.0,232081623.07241672,NONE,NONE,R0,0,0,0,0,0,0,1,0,0,False,False,False,False,False,True,False,False,False,False,False,Q[NONE]|F[Crackers],1232196967.5157568,1232196967.5157568,0.0,9883275.86939232,0.0,9883275.86939232,h09,5,Katrina,1222313691.6463645,9254629.986046156,1213059061.6603184,1764821678.4122307,117135665.65215556,1.0,0.0,0.0,117135665.65215556,10400000.0,9557344.06438629,1744864334.3478444,820a4104328d395c69f3067c4e0dd93f8435c4715c955b863fb2cd1c7aa9c301
LA-0050,50,c0506d4ba38d90166b8124e9708158837f721cd06ef88fe92e1fde8a5c6c0e7c,M2,A1_FINAL_NO_MEMORY_V1,PASS,b23299711effaa0dfbb52811a2d35bf1241a1a31e09f5dd07e5915ac9403313f,57b33b8ffb0c7ed89a840a981ae454bf87085f4f2bc6b7e58661cf9b650bb885,3d911c83ce63f52dc4e464106a78e84ae6b1dff289e0455ae3f259500b8f44b5,P4,0.0,0.0,0.0,0.0,0.0,291198643.0893208,NONE,NONE,R0,0,0,0,0,0,0,1,0,0,False,False,False,False,False,True,False,False,False,False,False,Q[NONE]|F[Crackers],1224461335.2104447,1224461335.2104447,0.0,7590050.007749366,0.0,7590050.007749366,h09,5,Katrina,1216871285.2026954,11547855.84768911,1205323429.3550062,1744186722.4121451,137770621.6522413,1.0,0.0,0.0,137770621.6522413,10400000.0,9557344.06438629,1724229378.3477588,a6a6fec04e5d1224f362ace26dee9a8fb364b6ccdd649eae4c2693b9f46cf069
LA-0051,51,d77f3bce26b0e3330ae0a4a5c88c1048624bc0c3991e65d6872d2d0ba4466cd8,M2,A1_FINAL_NO_MEMORY_V1,PASS,51174153148b428c96153d69cb5f4cc63f96e4911c3c50b7bbd0ccbc5cc5be35,d14d70b589dfbbf8befd17a12bca7893db0c1093526030d6ac1fec0169c417ba,18882dae46b14288a116487805ade615bd320501616cc9a8eb7244327e75b010,P1,14730696.088928668,665707.1308712112,0.0,0.0,0.0,0.0,NONE,NONE,NONE,0,0,0,0,0,0,0,0,0,True,True,False,False,False,False,False,False,False,False,False,Q[Water+Vaccine]|F[NONE],1223002661.7088614,1223002661.7088614,19137905.85543848,0.0,0.0,19137905.85543848,h09,5,Katrina,1203864755.8534229,0.0,1203864755.8534229,1871087349.0200744,0.0,1.0,0.0,0.0,0.0,0.0,9087349.020074427,1862000000.0,cd7e0a79e51c7fefaef041a17721aa8848bc36cbc971eb22cc2e6bb4af773e28
LA-0052,52,8393d2ec315cc810dc2bb9cf9dff8524763ca7deae7190abebab5fe855333c96,M2,A1_FINAL_NO_MEMORY_V1,PASS,2258aaae59e8101aa31c8bdeeacc293b0c05de5464490a9cab81f8405bc03b3c,96e215a41460f8f0dc037361e8acc3f8f2d7e958aa1333ed4defcdd4ec2ed89a,1bcde2d26f2d51906f74ac06ecee033ccee3dec786cd7398a8584e402d6db089,P4,0.0,0.0,0.0,13696723.648717353,993125.2262005663,0.0,R0,R0,NONE,1,0,0,1,0,0,0,0,0,False,False,False,True,True,False,False,False,False,False,False,Q[NONE]|F[Water+Vaccine],1207189043.8717558,1207189043.8717558,0.0,2802240.859318931,0.0,2802240.859318931,h09,5,Katrina,1204386803.0124369,16335664.996119548,1188051138.0163174,1870803258.4438114,11154085.620574897,1.0,10400000.0,754085.6205748967,0.0,0.0,8803258.443811392,1862000000.0,3fc2f08b3f3867fed1def06da82b8958c2d8ed184d1e8a929fdf7ef96ac8d10e
LA-0053,53,53e2d715810797ff98b1ca17b5309d98726e650bca30e977506b2277192de74d,M2,A1_FINAL_NO_MEMORY_V1,PASS,2373e60cf7abe764a6049cb931048da91e823801b24498a6214e11c40ffbdf75,32d4f08407b27c38560cdd2c87877684f77adcb5e25bb6ece42a86599b17b6ea,6e12caff6a8fe8eba3fb7d984ada2489d5a83fcb234396c5ca5e39dd152a6934,P1,14008744.148395497,698143.8866899774,0.0,0.0,0.0,0.0,NONE,NONE,NONE,0,0,0,0,0,0,0,0,0,True,True,False,False,False,False,False,False,False,False,False,Q[Water+Vaccine]|F[NONE],1220313956.392968,1220313956.392968,19137905.85543848,0.0,0.0,19137905.85543848,h09,5,Katrina,1201176050.5375295,0.0,1201176050.5375295,1871039046.6106915,0.0,1.0,0.0,0.0,0.0,0.0,9039046.610691458,1862000000.0,0fa44cbfea851cb016fba847f84ae0e49a9245c0bdc400f4f3a1d626299c9472
LA-0054,54,21d638d203a99770e141be90350ad5da2f5b6ae17715b0da72949c5332332f9b,M2,A1_FINAL_NO_MEMORY_V1,PASS,4024acef79304efae716bd7f9af66c8097959ab35c2818536dc488f55e87bbc4,03ba4ac1c949813f76823cbb6dd05088f666899c1b1a1e574b51cc8b34741df9,d5f156ae71c15227c05c6e3948d64d1d3d16f54e688c58ea9d53c89320e72e9b,P1,17334755.235251628,548708.7187545783,0.0,0.0,0.0,0.0,NONE,NONE,NONE,0,0,0,0,0,0,0,0,0,True,True,False,False,False,False,False,False,False,False,False,Q[Water+Vaccine]|F[NONE],1230839975.792267,1230839975.792267,19137905.85543848,0.0,0.0,19137905.85543848,h09,5,Katrina,1211702069.9368286,0.0,1211702069.9368286,1871228145.8381867,0.0,1.0,0.0,0.0,0.0,0.0,9228145.838186773,1862000000.0,ee75446ed6fa021a3c38d9b910d2fce0c2e122d87ce03acee00b405ffc5a06ab
LA-0055,55,06c0ef20aea9653ad5a779277c36240676b88f03edc359c93c68f8260d243087,M2,A1_FINAL_NO_MEMORY_V1,PASS,74f8258ff701fa980dbdfd536144c392d724a0863dd44f3f2da196e5a6b2990c,85892cc62b3e88b9c3f6d58b93441871e7b7b2cc4222a70145947c60813d114d,7c48fe4ae057979436064a7b55496fbc020d0a9a6f04f7acfa16634f95b64918,P4,0.0,0.0,0.0,0.0,0.0,295185581.90629256,NONE,NONE,R0,0,0,0,0,0,0,1,0,0,False,False,False,False,False,True,False,False,False,False,False,Q[NONE]|F[Crackers],1216551758.268655,1216551758.268655,0.0,6779633.017711663,0.0,6779633.017711663,h09,5,Katrina,1209772125.2509434,12358272.837726817,1197413852.4132166,1723087765.567849,158869578.49653754,1.0,0.0,0.0,158869578.49653754,10400000.0,9557344.06438629,1703130421.5034626,a327b52f878868a75fe6c46659423e64131d743a8bac58b4e683c5df8e53161e
LA-0056,56,1738ad1dd29775b4c1243f37df4a477fb45779e43f85cfc3b12da636f8161850,M2,A1_FINAL_NO_MEMORY_V1,PASS,1b392904ba796a3a8ceceaa704d999490891a007b3de57679eb835417929dd33,1cafa169f08f1604b1e89c19fe1619b02a54b4f2bc17128c73b1b76b0bb4bf29,3281a88c567918f7337279c0bd41fa9a3505e4d793d557ced554928d5dc529b9,P4,0.0,0.0,0.0,0.0,0.0,218357250.86584362,NONE,NONE,R1,0,0,0,0,0,0,0,1,0,False,False,False,False,False,True,False,False,False,False,False,Q[NONE]|F[Crackers],1216460540.2040946,1216460540.2040946,0.0,9620888.099131262,1608567.658958927,11229455.758090189,h09,5,Katrina,1205231084.4460044,7908450.09734829,1197322634.3486562,1722844439.531356,159112904.5330302,1.0,0.0,0.0,159112904.5330302,10400000.0,9557344.06438629,1702887095.4669697,06aef2226d0817fd55cebe47c08e127533f6bc5392a3166df96e3d021b60607e
LA-0057,57,67c9f9bb758d93ffbccbac1635454c75bb5203e28d2fb661c0e378c9317ac525,M2,A1_FINAL_NO_MEMORY_V1,PASS,11e3e706bfa439174b85a23549f70c08b7d8779200202c9759f81946a0b97e54,166e33c7dc2c3c547853add30bde38046420b3a219057ef10248706ec9b692d0,9fe9ef947ce1ed4095aa905356ad5e106b03018b2afedb993fb99cc598469842,P4,0.0,0.0,0.0,31745311.59128213,0.0,136533656.40311164,R0,NONE,R0,1,0,0,0,0,0,1,0,0,False,False,False,True,False,True,False,False,False,False,False,Q[NONE]|F[Water+Crackers],1232396293.193521,1232396293.193521,0.0,8308268.417077906,0.0,8308268.417077906,h09,5,Katrina,1224088024.776443,10829637.438360572,1213258387.3380823,1826827903.5449772,55129440.51940906,1.0,10400000.0,0.0,44729440.51940906,0.0,9557344.06438629,1817270559.4805908,b1028184bc19185c289e8977cdf08f02b3d5d13bc274bdc0e30247daf767bbf2
LA-0058,58,ab541dc98200b019e81148b07d3780d58c0cc1c0de650caaaee9e46421e24ae8,M2,A1_FINAL_NO_MEMORY_V1,PASS,96be4d1c4d063a6658d4dcbec2e4eb092e9e85262b656ecd5f3fefee4a49b3de,516ee5c397c50fcca6398f7b7708db4ab4d3d1d96df220e599047f35227fbdc3,308aaa857a6e789a8a9aeae3f21037ec10db50c5ad10bc1f11b3d76e2c6ed754,P1,13981480.884464473,699368.80456235,0.0,0.0,0.0,0.0,NONE,NONE,NONE,0,0,0,0,0,0,0,0,0,True,True,False,False,False,False,False,False,False,False,False,Q[Water+Vaccine]|F[NONE],1220206981.2533357,1220206981.2533357,19137905.85543848,0.0,0.0,19137905.85543848,h09,5,Katrina,1201069075.3978972,0.0,1201069075.3978972,1871037124.8095338,0.0,1.0,0.0,0.0,0.0,0.0,9037124.809533942,1862000000.0,0ac7cd6c31870e9658aa6d93503358199531bf16dee834e0e4852e217b52a0a4
LA-0059,59,42d335dd7883a97e5a3f03b495e345323e1b1d46e7b2a98de20ea6667112457d,M2,A1_FINAL_NO_MEMORY_V1,PASS,725e8d0afc230772ba55123444024d3934ebaf827c8521b77d52abc105fc302e,7f52e863f8cf2da518a9a72d8f5b045bee4d9410320d935f17f6c29b0f179689,936b2fe2501a83d0322da0df42bb4e9219270df67e620529dd41ea91da3400a7,P4,0.0,0.0,0.0,12480877.331626575,634485.7448094947,0.0,R2,R2,NONE,0,0,1,0,0,1,0,0,0,False,False,False,True,True,False,False,False,False,False,False,Q[NONE]|F[Water+Vaccine],1219734855.9786031,1219734855.9786031,0.0,4175282.1267609987,3405252.156327079,7580534.283088078,h09,5,Katrina,1212154321.6955152,11557371.5723504,1200596950.1231647,1871028643.1108646,10928700.953521732,1.0,10400000.0,528700.9535217324,0.0,0.0,9028643.110864557,1862000000.0,d1622249bdd4e774d002f7084c232074b8fb4c0da8307868b92fa244c957326b
LA-0060,60,3fbff512e96462ac99227b6ccf0461dceeb78c53d1cad8a9a62586e56ff6ae78,M2,A1_FINAL_NO_MEMORY_V1,PASS,4a5e69d3fad472d4ac683da010ebcb872433197d2c968f6844a9a5bd6d9d29c3,5290e5de09e08a1d550a2322be614a052b5fa705a8bd137b7bcdbef688836034,13e26545156be9f9b1a4923b52e950f716afb2e0bf78b4c17f49481542b5ac25,P4,0.0,0.0,0.0,0.0,0.0,195802945.80655378,NONE,NONE,R0,0,0,0,0,0,0,1,0,0,False,False,False,False,False,True,False,False,False,False,False,Q[NONE]|F[Crackers],1228595212.7699392,1228595212.7699392,0.0,6401211.522743116,0.0,6401211.522743116,h09,5,Katrina,1222194001.247196,12736694.332695361,1209457306.9145007,1755213924.608833,126743419.45555338,1.0,0.0,0.0,126743419.45555338,10400000.0,9557344.06438629,1735256580.5444467,a3e45bb8c44dca0450167f824243c18c79dcc2f31348358b1b94cf5373a50686
LA-0061,61,cd7ba256524cb036f33013c1005baf2ca2bf23e5fdc7a9fa10871d5c2a2e0738,M2,A1_FINAL_NO_MEMORY_V1,PASS,5d04e968478a7aea2c8db66bbaea3ccebfd3a9263c78fe6e2353d7c42076ed00,daa8b3e265002fd5f2669fc635ced95e5886a2081d347fce6d27dbda1657aee8,7d122bcc9dd9e5b3379db631fa3f077f9f95a1fa37528da846e7355352f61895,P4,0.0,0.0,0.0,18512709.00126394,0.0,106964803.78387314,R0,NONE,R0,1,0,0,0,0,0,1,0,0,False,False,False,True,False,True,False,False,False,False,False,Q[NONE]|F[Water+Crackers],1226637819.8279154,1226637819.8279154,0.0,6145056.466944706,0.0,6145056.466944706,h09,5,Katrina,1220492763.3609707,12992849.38849377,1207499913.972477,1811467059.0998073,70490284.96457921,1.0,10400000.0,0.0,60090284.96457921,0.0,9557344.06438629,1801909715.035421,f2a5a25983f89f1cd708d64c1631d5fdb80552f12138224925c883c888d14833
LA-0062,62,0a8476101aed9a3c938c73fcf4aa585e93a174a4346c5bbb4dd77fc8e931e499,M2,A1_FINAL_NO_MEMORY_V1,PASS,a0aff67e5412dc376fb1af5cbbfd1cd98218f055db4158031ee5240cbb340e6c,bf7ad3025570fa6cd1fd3916f0c218c0312a39580ede1ae7d74fe9f81fcb1ad9,8b681737704032f1f782d96fcf50f2102f118a0aa34337231daa74ed7c99ade9,P4,0.0,0.0,0.0,14171235.120877307,0.0,73921753.79331498,R0,NONE,R0,1,0,0,0,0,0,1,0,0,False,False,False,True,False,True,False,False,False,False,False,Q[NONE]|F[Water+Crackers],1228827312.249072,1228827312.249072,0.0,2619591.143098095,0.0,2619591.143098095,h09,5,Katrina,1226207721.105974,16518314.712340381,1209689406.3936336,1817307574.5211596,64649769.5432268,0.9999999999999998,10400000.0,0.0,54249769.5432268,0.0,9557344.06438629,1807750230.4567733,77b3ed9d5a9d176553e86d46199376ee753e5c01e9e6f73a74f4ab62dd63b994
LA-0063,63,c09e21ecbc8cb0da475b3b11188d3df9b258c4e2729dc9d43f3a17441930e6da,M2,A1_FINAL_NO_MEMORY_V1,PASS,1c6a6139420599df9f5693f680b33911af0ceb850488bc705ccabd3d0e682e65,4e34dc6a7078afa078796a9bb223668851a712660833b450ea2a832b04243368,49f29c3944ab2423f8d9ce8d66430f6512f5a7151b9da4ccc76004882552fcea,P1,16157195.48781577,601615.5894825306,0.0,0.0,0.0,0.0,NONE,NONE,NONE,0,0,0,0,0,0,0,0,0,True,True,False,False,False,False,False,False,False,False,False,Q[Water+Vaccine]|F[NONE],1227608829.293301,1227608829.293301,19137905.855438434,0.0,0.0,19137905.855438434,h09,5,Katrina,1208470923.4378626,0.0,1208470923.4378626,1871170098.5095909,0.0,0.9999999999999977,0.0,0.0,0.0,0.0,9170098.509590805,1862000000.0,12c7231676e2d3eea8ddd61e47fc0ce516bfb6991a51ff14d354d2e6f18ab9df
LA-0064,64,0c0505f8d265afb56b5051fb03264061417d45d1f0a35c46f861c1ae95389ba4,M2,A1_FINAL_NO_MEMORY_V1,PASS,cb43e62f4e375f436e7a5c19fec541e6baae580ac7d8ed05cef5aa5732e13f26,8a2acbb84db4cc8dac9bee4db8a8aa1829bd7317a44c0aee6438f972f628bb06,f896d7cafe3abc6778e8a05d8e7b419ff5c4068edceca26cef259dcb55ab52a7,P4,0.0,0.0,0.0,19903172.059389643,0.0,200502100.58338273,R0,NONE,R0,1,0,0,0,0,0,1,0,0,False,False,False,True,False,True,False,False,False,False,False,Q[NONE]|F[Water+Crackers],1209888919.0571122,1209888919.0571122,0.0,5500767.865417147,0.0,5500767.865417147,h09,5,Katrina,1204388151.191695,13637137.990021331,1190751013.2016737,1766789026.7406437,115168317.32374254,1.0,10400000.0,0.0,104768317.32374254,0.0,9557344.06438629,1757231682.6762574,507d08c6300bc51c485fb6bde8b41c47d0056f23010cd7beb297dc1263283bc3
LA-0065,65,d256eadfc4945b86a5b851692b96cf9234577168b1f35668db33d3fc2eb72510,M2,A1_FINAL_NO_MEMORY_V1,PASS,f31c1f6f632eda0018c1423ada92096b8678a2fbc7242616e1c000d549f65dc6,f8c692d2c177de18a3914e5fcae2561b7b169c2e6ad922172677c41c58809fa6,c9dc7795115b53938ac0abc8359104ed1e13425ae91c8a79240f3fb36e3e78e5,P4,0.0,0.0,0.0,17962244.14754356,0.0,141832001.1205789,R0,NONE,R0,1,0,0,0,0,0,1,0,0,False,False,False,True,False,True,False,False,False,False,False,Q[NONE]|F[Water+Crackers],1218379459.6228788,1218379459.6228788,0.0,1516456.7292841289,0.0,1516456.7292841289,h09,5,Katrina,1216863002.8935947,17621449.12615435,1199241553.7674403,1789437715.829863,92519628.2345234,1.0,10400000.0,0.0,82119628.2345234,0.0,9557344.06438629,1779880371.7654767,e0cfb0a32bf14a02402d4886bb6729ca99d86d1b85d6d4ec0b1b89fd97b7ecba
LA-0066,66,44308e8523479a7c82a4272406e1acb57a90d106661f280302640a9eb1bd5eab,M2,A1_FINAL_NO_MEMORY_V1,PASS,e46470193a667031e9530224fc57a50aa2109c5d7f1832c293daefff8ba09c9c,7901b2435e2bd93e1c46df879e6aff10f82e09f89fee8ad88fabaf4bfe6e9b74,9a78ebbeb65ce2618a0062ba7d572d7aa3f3ca52d1b9e42f8f29387c8849a3a5,P4,0.0,0.0,0.0,0.0,2191241.993310563,0.0,NONE,R0,NONE,0,0,0,1,0,0,0,0,0,False,False,False,False,True,False,False,False,False,False,False,Q[NONE]|F[Vaccine],1200173153.5286977,1200173153.5286977,0.0,3837380.483437185,0.0,3837380.483437185,h09,5,Katrina,1196335773.0452604,15300525.372001294,1181035247.673259,1880593165.5589476,1364178.5054386933,1.0,0.0,1364178.5054386933,0.0,10400000.0,8193165.558947597,1862000000.0,64d290139668bbab3c50589b45fd8a5a09356bc659d9061e77781d70c452149d
LA-0067,67,8545392c59e5fbad14745c8557475b4e270611e74a1ec2ca369eed91fcab4baa,M2,A1_FINAL_NO_MEMORY_V1,PASS,3cea125fa4e4073b1e6b1cfee2955c654509236fc7c5e4d718c59498183bafd8,b08568d8a3c33e6858ca3033444493075bed20cba493e3ec80f22752dc148830,ed85cd745f53e06d1398f92191899c36026573e55bef615f801c01e4206946ae,P4,0.0,0.0,0.0,0.0,0.0,368848377.6659031,NONE,NONE,R0,0,0,0,0,0,0,1,0,0,False,False,False,False,False,True,False,False,False,False,False,Q[NONE]|F[Crackers],1216939912.8327909,1216939912.8327909,0.0,9865278.439619422,0.0,9865278.439619422,h09,5,Katrina,1207074634.3931713,9272627.415819056,1197802006.9773521,1724123175.7367978,157834168.32758868,1.0,0.0,0.0,157834168.32758868,10400000.0,9557344.06438629,1704165831.6724114,9ab728aaeb84538a2154f17830708096be35956c836485ad952a65c75b0c6cc4
LA-0068,68,60cb9806f6539dee04a0c52f4acd201386b18ff64aaf42e6767f8696c9abba82,M2,A1_FINAL_NO_MEMORY_V1,PASS,185a48f00df3e7c3965b9100ae1bb42eca6d12a3def6329f6e910a66c7a23bb1,420cf18a8fe1b65e0001eafe2b20127e2a6d432ed3e6c5cf9052495dc07608bc,86407edb0e18cf29b72fda1c669d6bb066903845c82024cd49d5edfc9f15b0ff,P4,0.0,0.0,0.0,12758031.054654911,0.0,66177138.574787095,R0,NONE,R0,1,0,0,0,0,0,1,0,0,False,False,False,True,False,True,False,False,False,False,False,Q[NONE]|F[Water+Crackers],1228941262.896655,1228941262.896655,0.0,1508173.5251242914,0.0,1508173.5251242914,h09,5,Katrina,1227433089.3715308,17629732.330314185,1209803357.0412166,1817611540.1837263,64345803.88066016,1.0,10400000.0,0.0,53945803.88066016,0.0,9557344.06438629,1808054196.11934,802a01826a31af3dc9cc271524d4e758735aa28810a57b1d41e87951f4b3b31d
LA-0069,69,0f70ab6ebe1757f095619020bd3db7cac560cb722425c0dd13af6aee0c7c9359,M2,A1_FINAL_NO_MEMORY_V1,PASS,412db510e4ff734c292286ea055eaf7bba376b2d542714edeb03c4a79d19d7c5,15e8dce5ed692f77f882b254271459fa8bd60d1db19080281c7a4019fca811dc,8c40276e6113e1d059048670ccb508aac5add2644de650298614267726e68973,P4,0.0,0.0,0.0,0.0,0.0,177179552.2056202,NONE,NONE,R2,0,0,0,0,0,0,0,0,1,False,False,False,False,False,True,False,False,False,False,False,Q[NONE]|F[Crackers],1215557508.7454784,1215557508.7454784,0.0,7936079.626616467,3223039.0252202614,11159118.651836729,h09,5,Katrina,1204398390.0936418,7978787.20360175,1196419602.89004,1720435584.8082018,161521759.25618452,1.0,0.0,0.0,161521759.25618452,10400000.0,9557344.06438629,1700478240.7438154,168d331ec7377e9d02753393e4af4765c5bc8b95f269a66c4eb1333d68fde4c5
LA-0070,70,0da904d3aa0e12971440714cbc0b97c44dfb896ace9791d0a729a0b8cdccca6d,M2,A1_FINAL_NO_MEMORY_V1,PASS,512e45ae2867ebfb4fab82132ca9a27df834c47298d4bc58f822ef7567a4b234,759d618490f2d9cac6b5ef29d137880ef8ecb84c351d0621c6f2698fed195b83,9e3ddaeef38a066f2344776857372a755118da6b1f8efe72aa6d98c1986973e6,P4,0.0,0.0,0.0,0.0,0.0,204691925.05277327,NONE,NONE,R0,0,0,0,0,0,0,1,0,0,False,False,False,False,False,True,False,False,False,False,False,Q[NONE]|F[Crackers],1223984442.7101173,1223984442.7101173,0.0,910431.5008600795,0.0,910431.5008600795,h09,5,Katrina,1223074011.2092574,18227474.354578394,1204846536.8546789,1742914601.9994068,139042742.0649795,0.9999999999999998,0.0,0.0,139042742.0649795,10400000.0,9557344.06438629,1722957257.9350204,69597b3aeeae475ae413ebaa410288746d9cf9895dfa2bda8542de7242e5d6ca
LA-0071,71,41a3ac70d325d533f1e3697acce5d23d974ab1cae2ed698a4a07bfb123138f7f,M2,A1_FINAL_NO_MEMORY_V1,PASS,38d6babed2770f319ca4a550da7afdbfec4eb758b5fd9231d1a0fdc72743f37c,368581e44349c6ba5d7d26f370900c76a0817ce3d132f1a1cca572eb9739d89a,8694d34c92cce35f5701ecb3d0bb1bff805c113611af6a55815317eab4e64b0e,P4,0.0,0.0,0.0,0.0,0.0,314045892.32731414,NONE,NONE,R0,0,0,0,0,0,0,1,0,0,False,False,False,False,False,True,False,False,False,False,False,Q[NONE]|F[Crackers],1211147983.5965352,1211147983.5965352,0.0,10446931.328551961,0.0,10446931.328551961,h09,5,Katrina,1200701052.2679832,8690974.526886517,1192010077.7410967,1708673087.078413,173284256.98597345,1.0,0.0,0.0,173284256.98597345,10400000.0,9557344.06438629,1688715743.0140266,371fbaac3b97affdb1e5120707539dad7ef051335c74b3102806bd3860233c42
LA-0072,72,52a3bb08b988a4f5497ecff308f3c9174f9e7fc47174b5cd5329d2036ce75adf,M2,A1_FINAL_NO_MEMORY_V1,PASS,a90ea3fd2e235ee4dbaa3d0c74db150eef22279a6c9c2f1385401ca8ab8cf5b9,936fcd5c108fd94ecbb0c1731334d191c79f6f030e4cdc3b23a3edfa8f0cc4d8,f0bdccd854abb26745e61b56167b5f7b3f34c225ad334ab93119cecfb832238b,P4,0.0,0.0,0.0,0.0,0.0,336750925.6573032,NONE,NONE,R1,0,0,0,0,0,0,0,1,0,False,False,False,False,False,True,False,False,False,False,False,Q[NONE]|F[Crackers],1216689201.6802607,1216689201.6802607,0.0,5743995.308856316,1793224.0496860119,7537219.358542328,h09,5,Katrina,1209151982.3217182,11600686.496896148,1197551295.8248222,1723454398.6547186,158502945.4096677,0.9999999999999998,0.0,0.0,158502945.4096677,10400000.0,9557344.06438629,1703497054.5903323,bb0a71b757008f8e0e54a69f3596f31ff2dbb080798b98b143a8320f6c873334
LA-0073,73,099bf77c42033cdfe0e5d91256d98dc75616afed8ad0be0c023061af096284ad,M2,A1_FINAL_NO_MEMORY_V1,PASS,6a59484c19567ade32cf933606f4ce87111266f8a93dfb995ce14d0a73a95c7b,49906cca408508f69352cd10d70ba6c1a6c6427fbfe71c078fc5f5d85f4e859a,870825b2e897ccfa58ee17a4e2c4878ce633c137c15a45bd333dc3ea02440d1f,P4,0.0,0.0,0.0,0.0,0.0,184466378.05325732,NONE,NONE,R0,0,0,0,0,0,0,1,0,0,False,False,False,False,False,True,False,False,False,False,False,Q[NONE]|F[Crackers],1230256011.5853055,1230256011.5853055,0.0,2426016.448957305,0.0,2426016.448957305,h09,5,Katrina,1227829995.1363482,16711889.406481173,1211118105.729867,1759644139.1184533,122313204.94593318,1.0,0.0,0.0,122313204.94593318,10400000.0,9557344.06438629,1739686795.054067,22bc6b97f92248f9eb7add6927ab91a509c9d42e93223a681662e32510fe2266
LA-0074,74,819a1660302e57c1b01749c09673c1de0f85225cb0f1e73870f580a6c0ecd321,M2,A1_FINAL_NO_MEMORY_V1,PASS,5a667262137eabc43c119e75a425159d74cd9a864699fed37427715746598a80,a08a5d30c4feb33426431ae15a1b8acb2f4f2fc28be7e2d06b2b00ea05dce210,4318601599d1a4d3e9a44348c81ecd21a284fcbdf4dc1305f1ff06c7e4aecc95,P1,17042822.25688989,561825.0471455947,0.0,0.0,0.0,0.0,NONE,NONE,NONE,0,0,0,0,0,0,0,0,0,True,True,False,False,False,False,False,False,False,False,False,Q[Water+Vaccine]|F[NONE],1230080557.0338588,1230080557.0338588,19137905.85543848,0.0,0.0,19137905.85543848,h09,5,Katrina,1210942651.1784203,0.0,1210942651.1784203,1871214502.9314892,0.0,1.0,0.0,0.0,0.0,1.862645149230957e-09,9214502.931489298,1862000000.0,58261793a2303b345c1ae4912a503d94dd725549de162a6cdbb550604187eab9
LA-0075,75,9d546685b9fd14893cf0a89d22cad2b369bd129b2c8f0fd26a9ed507173a5df6,M2,A1_FINAL_NO_MEMORY_V1,PASS,d1ca4a9f5bb0c2a01cd495f9596dd835771c16f183d739f883fc63935ad21727,5ddcd05bf796656a54f11a4b9c8fc30ff19ff53a83ae56f465462b5537b542f3,37fa268a8d0acec78d04981785c237e5aa6911b2fa07b0b764742eb47971f3ec,P4,0.0,0.0,0.0,0.0,0.0,475871588.4540931,NONE,NONE,R0,0,0,0,0,0,0,1,0,0,False,False,False,False,False,True,False,False,False,False,False,Q[NONE]|F[Crackers],1187784743.7219725,1187784743.7219725,0.0,7587249.1838123,0.0,7587249.1838123,h09,5,Katrina,1180197494.53816,11550656.671626179,1168646837.866534,1646351171.066455,235606172.99793154,1.0,0.0,0.0,235606172.99793154,10400000.0,9557344.06438629,1626393827.0020685,7c11158538f39e549112eef1183f40d89683e245e67b4e4c391b140d9572ed01
LA-0076,76,5969f9a8224a0ba47a7c495ef92a60b0ba6fee8c2bfacc1be2a6d961c497617f,M2,A1_FINAL_NO_MEMORY_V1,PASS,3e44deff4664b4948a70f6072280b1448f1f55caae272e389e5777e742813962,88dd4d2ad040319c4c4fe879fc75ecd7c19853415d3ba48c1a256ca0a10fe4f6,21da6152dd4c6a8f0323ee0c2b6399aceb979e2a23e9532428e5a9363ae9873f,P4,0.0,0.0,0.0,22439557.29477081,0.0,462278791.0930361,R0,NONE,R0,1,0,0,0,0,0,1,0,0,False,False,False,True,False,True,False,False,False,False,False,Q[NONE]|F[Water+Crackers],1168846020.279349,1168846020.279349,0.0,4508125.753139828,0.0,4508125.753139828,h09,5,Katrina,1164337894.5262094,14629780.10229865,1149708114.4239106,1657306262.1819494,224651081.88243693,1.0,10400000.0,0.0,214251081.88243693,0.0,9557344.06438629,1647748918.117563,64fcacd870a8043f60e2e88b6b82e74884e2b464e4ed0c3afabe121f6ba8ff00
LA-0077,77,7d9cc46d7bee503dde23209717fae1de2e732e718ef5ba00780155d3a1f06991,M2,A1_FINAL_NO_MEMORY_V1,PASS,a3fb778a937e8da22cd8dd212a4acb7ae3ae0a9664fe1bc9d520a0ff9ef9e349,f4b477cf54ed96c5ca37e9cf8641705deb39318ed751866938cfce9087385dec,f04e4477beb86c73950f918bab345e053796de9151e038ca2e639e22f684152d,P4,0.0,0.0,0.0,0.0,0.0,150588264.60242915,NONE,NONE,R2,0,0,0,0,0,0,0,0,1,False,False,False,False,False,True,False,False,False,False,False,Q[NONE]|F[Crackers],1224073726.1622624,1224073726.1622624,0.0,5182299.511809821,3017997.5864042924,8200297.098214114,h09,5,Katrina,1215873429.0640483,10937608.757224364,1204935820.306824,1743152767.418061,138804576.6463254,1.0,0.0,0.0,138804576.6463254,10400000.0,9557344.06438629,1723195423.3536747,d3def735f8df6efefc1c31afa7187decf4df4d14211dbc4efe043ae7d7e17bed
LA-0078,78,0e6c07467da95d2598dd4b958a314028b6e8fdcab22f8158aff76a718a31cfc6,M2,A1_FINAL_NO_MEMORY_V1,PASS,19b637401a65e135889219afda12c3218eb82062d2768234c6284967c8ad4128,0a48239dc0556e4b0d2b7575def1cee28f126b7cb6848f3b90d0305fafcd48a9,731317958e400cfdcc45f720cc8c18b4c3152b04317cd16c920464f76cbb8550,P1,14062529.06896357,695727.3708012467,0.0,0.0,0.0,0.0,NONE,NONE,NONE,0,0,0,0,0,0,0,0,0,True,True,False,False,False,False,False,False,False,False,False,Q[Water+Vaccine]|F[NONE],1220523780.4527647,1220523780.4527647,19137905.85543848,0.0,0.0,19137905.85543848,h09,5,Katrina,1201385874.5973263,0.0,1201385874.5973263,1871042816.0857525,0.0,1.0,0.0,0.0,0.0,0.0,9042816.085752483,1862000000.0,0596404706c6af8054316954e0d3f77a41fd5a129ba5f22b991812d77afe624b
LA-0079,79,2db5bba1310fc6d403128044ad0bc9238ffbb7f184f6e79ebb15cf3ce219c71b,M2,A1_FINAL_NO_MEMORY_V1,PASS,2ea67533a720b87f27831206d64ae734db6dc48c9bb2942b1906aff8d4f40e93,4a5ad11c146d43379f6ebace7b8d0e04ff50fde4d768f89feadf53634f7fe926,cd55396c310b05a6c794f32d32e4f40cea6497336c99f038d6d85e34ee53a560,P4,0.0,0.0,0.0,402827.53472533147,1499921.873627749,0.0,R0,R0,NONE,1,0,0,1,0,0,0,0,0,False,False,False,True,True,False,False,False,False,False,False,Q[NONE]|F[Water+Vaccine],1205260724.143529,1205260724.143529,0.0,2714489.5578088523,0.0,2714489.5578088523,h09,5,Katrina,1202546234.58572,16423416.297629625,1186122818.2880905,1880362671.629474,1594672.4349124427,1.0,337605.1322524018,1257067.302660041,0.0,10062394.867747597,8300276.761726249,1862000000.0,8225d53b219936c241cc73454e37eeb8966ff009550854b34e8623ceaaa64126
LA-0080,80,767df1245d20d80741dfd4fbe80031014f35f4df4a9f845ee1a0c50bb9fc1ab8,M2,A1_FINAL_NO_MEMORY_V1,PASS,68776151a76932b25e56dea9904830073cec57a030e57fdf12ea541e5ee530e5,dde24ec2378867c80a11582d44c0b3baa1509fba4e822b7fa01e4c63cde42de7,9dbff8861fde10aecb76b3fe722b20f807872e7d8d7ba6bd90b68339e05213f5,P4,0.0,0.0,0.0,14504733.025962869,0.0,121135995.24627636,R0,NONE,R0,1,0,0,0,0,0,1,0,0,False,False,False,True,False,True,False,False,False,False,False,Q[NONE]|F[Water+Crackers],1216604114.493364,1216604114.493364,0.0,2243911.3290007543,0.0,2243911.3290007543,h09,5,Katrina,1214360203.1643634,16893994.526437722,1197466208.6379256,1784701946.7050376,97255397.35934877,1.0,10400000.0,0.0,86855397.35934877,0.0,9557344.06438629,1775144602.6406512,555a38aadb65b48a6f1ebeb181afc8e48d7f7b6ed18cb76e2c9978076daebbac
LA-0081,81,5ed46d1e32037f41dc7e4d48ec1ad95679d145611efe334d983f328487f47433,M2,A1_FINAL_NO_MEMORY_V1,PASS,91dc4e16b1a1fbeca3b17f13a89572512ca417bedad08cbe3706b2f39f5d672e,dade76c267ba3fb78f39c5428b902054295266d67dec9eeb282213fb28f73e8d,fbdf5f97819a75aa8b6e4cd1257fa998256fda64e33b595c8c4724946d89f153,P4,0.0,0.0,0.0,0.0,0.0,334232158.3374437,NONE,NONE,R1,0,0,0,0,0,0,0,1,0,False,False,False,False,False,True,False,False,False,False,False,Q[NONE]|F[Crackers],1214248021.7988744,1214248021.7988744,0.0,8563852.857997343,1620445.058600662,10184297.916598005,h09,5,Katrina,1204063723.8822763,8953607.938840473,1195110115.943436,1716942501.8307045,165014842.23368192,1.0,0.0,0.0,165014842.23368192,10400000.0,9557344.06438629,1696985157.766318,df4b0070bc03ac46a1290f1403662e893bf5c256620993e43f7616dea8784a92
LA-0082,82,3da360d3c2d49535757fde4ce0a609aae7546beb14c59b767b4bf786fc6fd480,M2,A1_FINAL_NO_MEMORY_V1,PASS,0a73d94288194e3a1467d420b059f07f5d1702a06394c98db004f8908c3f916e,4f1076c317ddffa77497827d137c131008e2157e053cfe57f53bae49fce8cc55,e93a829fb8f52a8d63ff1eb5f4057a08b5fa817e2b3c12fe59e562b254f63d82,P4,0.0,0.0,0.0,442511.7579555412,2107832.368096814,0.0,R0,R0,NONE,1,0,0,1,0,0,0,0,0,False,False,False,True,True,False,False,False,False,False,False,Q[NONE]|F[Water+Vaccine],1188656095.4875,1188656095.4875,0.0,649377.8154706911,0.0,649377.8154706911,h09,5,Katrina,1188006717.6720293,18488528.039967783,1169518189.6320615,1880074828.8450923,1882515.219294016,0.9999999999999998,326636.3588184864,1555878.8604755297,0.0,10073363.641181514,8001465.20391076,1862000000.0,9b480bcc43eaae4e83490a43774711c352b6685ddfaaec31968aa19efb65fa89
LA-0083,83,a5228df1055d490679fdd9d6298c014804b6b251a772e20eabc5cabfe6a6f64a,M2,A1_FINAL_NO_MEMORY_V1,PASS,f3628aca1462f9651267374c6c36a5e40d96b09930e855f072c59a260f8f6a3f,f6700abc0539db80662e604084d8bfc140f6d31b9afdda90a409571bc2beb1f6,bcd5da57725446818aef77d12b0293953f95c2486b98150da4791b406408bcea,P4,0.0,0.0,0.0,0.0,1289851.565147384,0.0,NONE,R0,NONE,0,0,0,1,0,0,0,0,0,False,False,False,False,True,False,False,False,False,False,False,Q[NONE]|F[Vaccine],1218743945.6247818,1218743945.6247818,0.0,135783.68904078758,0.0,135783.68904078758,h09,5,Katrina,1218608161.935741,19002122.16639769,1199606039.7693431,1880926788.584531,1030555.4798551176,1.0,0.0,1030555.4798551176,0.0,10400000.0,8526788.584531171,1862000000.0,45ca44cc68fc7082fdd0052bdc7e5f66589965f61029d8d5b53b8c87831f61b8
LA-0084,84,452c3c78fd656a973d7af41d0ebe4577827d2893ba70adaee7f1600da04f8cce,M2,A1_FINAL_NO_MEMORY_V1,PASS,8cb65bde7c8002b0275ac9666cad4cfa3aa2d15a2f043d481d210faadbcf4469,605314bf54a419b74b4608505840f7ef8a12d71d19a570d95d1423c49dd14f07,608c1d9f7ece070148c0338b26e6076815171c138945d1f6f50e30f7381895e0,P4,0.0,0.0,0.0,0.0,1119166.6114569942,0.0,NONE,R0,NONE,0,0,0,1,0,0,0,0,0,False,False,False,False,True,False,False,False,False,False,False,Q[NONE]|F[Vaccine],1223678172.1310673,1223678172.1310673,0.0,6457773.894728516,0.0,6457773.894728516,h09,5,Katrina,1217220398.2363389,12680131.960709961,1204540266.2756288,1881015431.6304188,941912.4339675519,1.0,0.0,941912.4339675519,0.0,10400000.0,8615431.630418738,1862000000.0,633a66bf7b7fe4c3915083407909c71b7841f334a8795102be08ce05c6612d14
LA-0085,85,92ddeb682e0a88f56f8964b6505371edba64d812ac8567a7874c4b86a25887f9,M2,A1_FINAL_NO_MEMORY_V1,PASS,90127db51430e02278033b623c4483be6fd556d490d14d868fb70c7e450c028f,74bc2a2e73d66ed5cc1c92290073f4388702f2a2d499b7698df37d659ef3fcdc,43738af1dd90859f4c9a1de5704a793d0f606a84abfb9ad34de28e357a5abdf8,P1,16909420.001470003,567818.7098006628,0.0,0.0,0.0,0.0,NONE,NONE,NONE,0,0,0,0,0,0,0,0,0,True,True,False,False,False,False,False,False,False,False,False,Q[Water+Vaccine]|F[NONE],1229724802.587282,1229724802.587282,19137905.85543848,0.0,0.0,19137905.85543848,h09,5,Katrina,1210586896.7318435,0.0,1210586896.7318435,1871208111.8268871,0.0,1.0,0.0,0.0,0.0,0.0,9208111.826887101,1862000000.0,a6e569daf668b31d813bea2a358869c672291eb37b1ee223033225af7dd43a21
LA-0086,86,78b0e42b8034387220c039146144af1d18e990c3c80dfbf66557f8829ab7c942,M2,A1_FINAL_NO_MEMORY_V1,PASS,fcfff5ad643089fca71203a8282e7b684c58ded02f142c0a8e1dc45360debe7a,22659e6c9f2ee379963c249203da543257690cef1d960b06d1416d89d35f7537,5b2c1e5e4945f62cd5ed0f982c8c6e3432abaca6529aaff5a70d1d634c7c6896,P1,17253147.025850445,552375.3140118717,0.0,0.0,0.0,0.0,NONE,NONE,NONE,0,0,0,0,0,0,0,0,0,True,True,False,False,False,False,False,False,False,False,False,Q[Water+Vaccine]|F[NONE],1230630272.5222373,1230630272.5222373,19137905.85543848,0.0,0.0,19137905.85543848,h09,5,Katrina,1211492366.6667988,0.0,1211492366.6667988,1871224378.5331059,0.0,1.0,0.0,0.0,0.0,0.0,9224378.533105755,1862000000.0,49512fabdee2d878b05b3a554cd13f47091746c6045e99bf5bcc6ae434f491d5
LA-0087,87,55ad7ba1be0ec7f17db04c0250b5e74afc2587d0ed02a266c8c1a09988b0a9d9,M2,A1_FINAL_NO_MEMORY_V1,PASS,08946f85ec0279f50ceb7ec93acab39644c0eeee9a133eb4cdcf2dbfa2068261,e4962efec394329a81e8ac9ef5def91fb387adf1ac79872ac1d2e62ebac0859c,409cff4026c9c0129f26dbe80bb46fd35d81bfc8f22ebff509d28b7dc94684b0,P4,0.0,0.0,0.0,0.0,0.0,596065255.50164,NONE,NONE,R0,0,0,0,0,0,0,1,0,0,False,False,False,False,False,True,False,False,False,False,False,Q[NONE]|F[Crackers],1169562345.129831,1169562345.129831,0.0,4298064.308102852,0.0,4298064.308102852,h09,5,Katrina,1165264280.8217282,14839841.547335627,1150424439.2743926,1597742553.3964233,284214790.6679631,1.0,0.0,0.0,284214790.6679631,10400000.0,9557344.06438629,1577785209.332037,d63fe9668f6eb3899e83b13e68db0b4b1dc03c367f46fb68ff7cbd97dad4eba0
LA-0088,88,6d7390404bbf6e027e4d60b1dba12f8ec171920f5a2a619ec2b42e63393c1006,M2,A1_FINAL_NO_MEMORY_V1,PASS,23d7e08a95a74ba7ada95005f01b1c624aa8f5bf563408dd22dc6e45e447a59c,392af87369ec2df4ae5a954d94d64b2d2ad3ecd5d58c93907df19d5147701843,1b572888d697075d26773d9c93d43c3ad7301a59e74df9900f784b7b04e3b86b,P4,0.0,0.0,0.0,13846608.988903996,0.0,119870107.93326476,R0,NONE,R0,1,0,0,0,0,0,1,0,0,False,False,False,True,False,True,False,False,False,False,False,Q[NONE]|F[Water+Crackers],1215412965.8730557,1215412965.8730557,0.0,6085224.741384489,0.0,6085224.741384489,h09,5,Katrina,1209327741.1316712,13052681.11405399,1196275060.0176172,1781524533.6120253,100432810.45236115,1.0,10400000.0,0.0,90032810.45236115,0.0,9557344.06438629,1771967189.547639,1a1a5b215da478501e3e124af2e95ad49097ca6241a851150a3270dbd18c612e
LA-0089,89,1d40bca4e9cab04e8c9d5b356b62d85bc42550f2568eb9649d88c04022d92728,M2,A1_FINAL_NO_MEMORY_V1,PASS,cd2e00ab50cc1eb47abd045aae3cded1caf61a3c0aeb704b792c49a6d9017fad,3244f2dd71b70a86777de02bc02f73f6c8cccf1bdc55221a7b2ecc7e10b3a2ec,3e835c7704fa06106261a4134c031d570927dab84269093b9fed0e0d1ac1a699,P4,0.0,0.0,0.0,0.0,1144783.2622424169,0.0,NONE,R1,NONE,0,0,0,0,1,0,0,0,0,False,False,False,False,True,False,False,False,False,False,False,Q[NONE]|F[Vaccine],1222116437.0981648,1222116437.0981648,0.0,6844659.033208299,522831.9158743906,7367490.94908269,h09,5,Katrina,1214748946.1490822,11770414.906355787,1202978531.2427263,1880987375.166045,969968.898341338,1.0,0.0,969968.898341338,0.0,10400000.0,8587375.166044952,1862000000.0,0632e73b628969a12237b2687dc2a1d8f3a4fb4e1809a12de785e5cbfb09b526
LA-0090,90,ad39719dc60273e05438709eaa87ce655222480fabaa49761b962d3505a2dd08,M2,A1_FINAL_NO_MEMORY_V1,PASS,a9aef599bb37f50ca7287850b7350c126e62dbf03c10b42621a7a27bc5080162,b188269dea9e8d788ea873c36e0fde718949479e0d44ab2e946c9e805b78c600,fbb64a14cc072e89c1ade71e89cf1edaf81873f25d3ec9326c13c04741208e55,P4,0.0,0.0,0.0,20219045.535955172,0.0,350099269.3075209,R0,NONE,R0,1,0,0,0,0,0,1,0,0,False,False,False,True,False,True,False,False,False,False,False,Q[NONE]|F[Water+Crackers],1181656322.408014,1181656322.408014,0.0,3405559.156474407,0.0,3405559.156474407,h09,5,Katrina,1178250763.2515397,15732346.698964069,1162518416.5525756,1691478002.8153925,190479341.24899387,0.9999999999999998,10400000.0,0.0,180079341.24899387,0.0,9557344.06438629,1681920658.7510061,ad5c019da10e0457c0a2eaadd7b3c8e4b0bc93db439422c92e23f40f65b0fa30
LA-0091,91,b27c1077c290d99c969c87b18ee48fb6ce999c0739c08490b5959806588066bd,M2,A1_FINAL_NO_MEMORY_V1,PASS,3a619b8861b22ea301bd9ba3e827e1f67be6842fbc124fd6dc52e38778bcbcff,36b5887257933f63c0cbfc3fb5a1318bcfcffad17f9655ad05efc49631a1a37d,5bc8dc02391281582284ba972d7c0714d240924e5121f5e8ef5d8ff037cf62cc,P4,0.0,0.0,0.0,0.0,0.0,425701103.7915296,NONE,NONE,R0,0,0,0,0,0,0,1,0,0,False,False,False,False,False,True,False,False,False,False,False,Q[NONE]|F[Crackers],1212711220.9320726,1212711220.9320726,0.0,8763347.383101638,0.0,8763347.383101638,h09,5,Katrina,1203947873.548971,10374558.472336838,1193573315.0766342,1712843054.36271,169114289.70167637,1.0,0.0,0.0,169114289.70167637,10400000.0,9557344.06438629,1692885710.2983236,fa7d0ba272392e8b8d510dcefe0de76b9da99e29bd17ba711c12db9081750471
LA-0092,92,ad66cde18674d3c6319f6333c0a0747db37265ec8b615f5104037c0758ed9f3f,M2,A1_FINAL_NO_MEMORY_V1,PASS,e576fec06093bf8fe850f068f95c8889429b1b3a30b5f724e569cefbc2393047,ffa750bcc12fde3ffc245ce0442ac601ee8c31578cf1f1446ed46fa5ab83c171,a643bb28f8bacc8fa634bec1847a45f252945d2a5c77095697dd8a70657360e3,P1,16170910.041168481,600999.4049510026,0.0,0.0,0.0,0.0,NONE,NONE,NONE,0,0,0,0,0,0,0,0,0,True,True,False,False,False,False,False,False,False,False,False,Q[Water+Vaccine]|F[NONE],1227649169.5463824,1227649169.5463824,19137905.85543848,0.0,0.0,19137905.85543848,h09,5,Katrina,1208511263.690944,0.0,1208511263.690944,1871170823.2195125,0.0,1.0,0.0,0.0,0.0,0.0,9170823.219512504,1862000000.0,b71990b6a4bb44de2bbb733608ca3b8160556558b4df7c4c46d5043209bd7f8e
LA-0093,93,cd231b2c22006fa7da74ec6c380af80fd01b240b9e4feb8d86623aa441352f7c,M2,A1_FINAL_NO_MEMORY_V1,PASS,54c976a9b51f2fbde19a14afdcc8d12af89187a37b3a76e7ce2cfaa5303f2079,69187c73e3bda7d36db9bd674cbbf1979afdf77fb2a8cb4828d73844fa8ad8c7,b8cddd74ab0395ed79d61ace4cc2fdfd6e2d98296300386203dd979a4c40a7cb,P4,0.0,0.0,0.0,19995243.339331232,466055.43423064245,17854016.35507532,R0,R0,R0,1,0,0,1,0,0,1,0,0,False,False,False,True,True,True,False,False,False,False,False,Q[NONE]|F[Water+Vaccine+Crackers],1232189904.606097,1232189904.606097,0.0,7048826.772675544,0.0,7048826.772675544,h09,5,Katrina,1225141077.8334215,12089079.082762932,1213051998.7506585,1862028640.493472,19928703.570914105,1.0,10400000.0,242406.47806793806,9286297.092846166,0.0,9314937.586318351,1852713702.9071538,30418894ceae1907d2d524226ec0dd8aa092ba0fc12bc8070b4982dd496ef868
LA-0094,94,5fd2d85ef75ed01c712217a95b9318f91a994babb5b22e9c4df7c689d0ba389e,M2,A1_FINAL_NO_MEMORY_V1,PASS,753965fd02f4dc761caad0578b50d7eadf849ae6d532827e479f63ef4f32d378,b1162f5ae65f59884f93ad1a61995a1599053c47dfea44ab040c2873fae75a4b,79d3d4023fdff14e0b9e4714f243a0eea56530543b45f5bdb40301b80ba55961,P4,0.0,0.0,0.0,0.0,0.0,279813135.96465516,NONE,NONE,R0,0,0,0,0,0,0,1,0,0,False,False,False,False,False,True,False,False,False,False,False,Q[NONE]|F[Crackers],1197772782.2262328,1197772782.2262328,0.0,3723128.2438283674,0.0,3723128.2438283674,h09,5,Katrina,1194049653.9824045,15414777.61161011,1178634876.3707943,1672994466.2656126,208962877.7987737,1.0,0.0,0.0,208962877.7987737,10400000.0,9557344.06438629,1653037122.2012262,edf1b0105f00d429a1009144907215f3bfda2d941a648dea3ab9da9e512d34b7
LA-0095,95,7f3f2c84c8f8b4f7a3f661e79b4732174f31d16f47aba108d9ec70607a7e10a6,M2,A1_FINAL_NO_MEMORY_V1,PASS,b351fcc7960e1b56d1cd8cd3622c650aae0ac419400c38fae9002d4b8995b9a6,f45df8da75b4b1b48e7d8bf3731d49f03730c24d815ec6630bee7bb0153c7de0,2eb4a0d96e2780617a41f03b89a05db22892160801d6bc10d74f763c9b11904f,P4,0.0,0.0,0.0,15877474.295728104,0.0,313470144.8986486,R0,NONE,R0,1,0,0,0,0,0,1,0,0,False,False,False,True,False,True,False,False,False,False,False,Q[NONE]|F[Water+Crackers],1172191117.8530586,1172191117.8530586,0.0,2494368.8160219425,0.0,2494368.8160219425,h09,5,Katrina,1169696749.0370367,16643537.039416537,1153053211.99762,1666229377.7754984,215727966.28888798,1.0,10400000.0,0.0,205327966.28888798,0.0,9557344.06438629,1656672033.711112,1eeea2898dc509e4be9f00bd81ad2e7fde6d5e9846c68d7228152e400d2f80be
LA-0096,96,6d19e469e9ab769200b8c8fd23f473eb61bbc41f39f15015d9caf251c7b42c01,M2,A1_FINAL_NO_MEMORY_V1,PASS,05ca3f1dad416b7f60844d241845b0aa311bb89fbf999ba821823e2dc4fc69da,d7b0e8d909fff0afd7c7ddca144182e83a2981229003d94f118af1e9c92e105c,2430d2de3a22676386a6ed03ef41e0598e47fc5e493a1a5cdb9d1390139ce389,P4,0.0,0.0,0.0,0.0,1739908.5507626282,0.0,NONE,R1,NONE,0,0,0,0,1,0,0,0,0,False,False,False,False,True,False,False,False,False,False,False,Q[NONE]|F[Vaccine],1215220022.5597534,1215220022.5597534,0.0,5554847.284895264,529928.408313948,6084775.693209211,h09,5,Katrina,1209135246.8665442,13053130.162229264,1196082116.704315,1880863481.5447023,1093862.5196838805,0.9999999999999998,0.0,1093862.5196838805,0.0,10400000.0,8463481.544702409,1862000000.0,2d5a42fe7f115f87a4fd6098ace502e53101e95374339d36f98e13d7cc40255f
LA-0097,97,edf70a375e08de6a4bb2a98690a88cad1ad1a880e532f9766c33642307104234,M2,A1_FINAL_NO_MEMORY_V1,PASS,528a5463f5e0ba9ee29cd5830fd94e1b34f449972c7446168ffa87eed045e045,096cba88ac41ebdd21940a3f471a8f03dc1a6b223f64b102bb72c4917afe2cab,645172170f46b8ece9c264b2f03ed3a37c17cd4dbe474b9a372ddd14e5888ffa,P4,0.0,0.0,0.0,0.0,0.0,268985055.95246524,NONE,NONE,R0,0,0,0,0,0,0,1,0,0,False,False,False,False,False,True,False,False,False,False,False,Q[NONE]|F[Crackers],1210993722.3456886,1210993722.3456886,0.0,151264.61818037066,0.0,151264.61818037066,h09,5,Katrina,1210842457.7275083,18986641.237258106,1191855816.49025,1708261592.0644176,173695751.99996886,1.0,0.0,0.0,173695751.99996886,10400000.0,9557344.06438629,1688304248.0000312,e77181d331c28cde747898019abebc35bc47ff7b36071bf364b71e871bdba9ee
LA-0098,98,013e0e1d22a2b4571c505d4b63e9049aa369067fa9f467ef9066da824c3ce638,M2,A1_FINAL_NO_MEMORY_V1,PASS,f74856549e4a0fea4b52f3d766bc34a5bc536175c62e1281eb675e510ec12136,812a8e99359a5154b96f7e6dee03adf063b64badc07bcb186b0cbb35354515bb,3d736526d7873341b33a8098549ff73349c1e6955c6d1370d265bf800d94a938,P1,15057049.251776762,651044.3295687201,0.0,0.0,0.0,0.0,NONE,NONE,NONE,0,0,0,0,0,0,0,0,0,True,True,False,False,False,False,False,False,False,False,False,Q[Water+Vaccine]|F[NONE],1224133452.0137904,1224133452.0137904,19137905.85543848,0.0,0.0,19137905.85543848,h09,5,Katrina,1204995546.158352,0.0,1204995546.158352,1871107663.5915196,0.0,1.0,0.0,0.0,0.0,0.0,9107663.591519687,1862000000.0,769b99edbe8baa880d9a8eb8cfb43e40ad7632c7459bedba79213cf767b0a5f2
LA-0099,99,b829dc14128adbea04f3b65d0574792a25510f5aa3afd71e43c7ebb5c51b5754,M2,A1_FINAL_NO_MEMORY_V1,PASS,6d7ae6b788de9397d11bb5ccfbca0883d890dbf548a4cfbd2d96219f0f434377,8376277f851c2a652655e28003f0764d8802f86bb04285fc649554aa0f9f3790,b0312b5d9b1361c40c5dac5ab200998c90cadf1f1abd016654adce3a38576f68,P2,17016694.209815722,0.0,0.0,0.0,0.0,66832734.86199032,NONE,NONE,R0,0,0,0,0,0,0,1,0,0,True,False,False,False,False,True,False,False,False,False,True,Q[Water]|F[Crackers],1229453603.2908099,1229453603.2908099,11021712.839697644,1739580.5839962848,0.0,12761293.423693929,h09,5,Katrina,1216692309.867116,6376612.43174455,1210315697.4353714,1818978218.5718899,52579125.49249643,1.0,0.0,0.0,52579125.49249643,0.0,9557344.06438629,1809420874.5075035,07b043e045b81a112e802c0d69ed944bc5cb15c31c7f94530f11361c1a436687
LA-0100,100,23acce877ac9c1b6da536ca2f6452dec87e245fbdcc093402afd582bc64c7d24,M2,A1_FINAL_NO_MEMORY_V1,PASS,5192ada0e38cb6254aa71880937199326d1b967584c3241f937c3c4020ccfb84,000934157c4d307d3be60f56dd2c7bf67ef54fb07b3f5ac8b775f47075f702af,c2b76fa0f0370a61326152c69f15b03e06004b459864522682369b1bd5f1e0b6,P4,0.0,0.0,0.0,14788126.64644728,0.0,107577749.6462024,R0,NONE,R0,1,0,0,0,0,0,1,0,0,False,False,False,True,False,True,False,False,False,False,False,Q[NONE]|F[Water+Crackers],1220802593.0762777,1220802593.0762777,0.0,7558685.545940223,0.0,7558685.545940223,h09,5,Katrina,1213243907.5303376,11579220.309498254,1201664687.2208393,1795901473.4413626,86055870.62302372,1.0,10399999.999999996,0.0,75655870.62302372,3.725290298461914e-09,9557344.06438629,1786344129.3769763,23e6fce8a0eddb3a4883a13b3076a1bb312434f682837daa47c604312c0d1814
LA-0101,101,46423fd7bd412f27bd38da1d616236542376e6a3ccb8a53ca95614ae4224bb6d,M2,A1_FINAL_NO_MEMORY_V1,PASS,1a01b70bb313d3f0e819b7a89dca7d83932efb86e6506cd474b2e49b194fe72b,135d04bd4bbfe0f52e682e149fb3c19e4a7891991fe30349ad659fb05f74877c,6b083f7fe3f1f02c79d4f31028d98e57fec4be2a810d18a41e53f22d4d9840f8,P4,0.0,0.0,0.0,0.0,0.0,531425963.5479718,NONE,NONE,R0,0,0,0,0,0,0,1,0,0,False,False,False,False,False,True,False,False,False,False,False,Q[NONE]|F[Crackers],1208975517.8820977,1208975517.8820977,0.0,3782934.046563818,0.0,3782934.046563818,h09,5,Katrina,1205192583.8355339,15354971.80887466,1189837612.0266593,1702877990.7424188,179079353.32196772,1.0,0.0,0.0,179079353.32196772,10400000.0,9557344.06438629,1682920646.6780324,65691cc50c4564b4a3d77bef49bef0c3893ffc0fdd00b0627b8f1430a7c00c9b
LA-0102,102,cdb6afd9b29eb2b550b3cc275aaac1a466442ff6233fcc0e0f86751d09ddf5ad,M2,A1_FINAL_NO_MEMORY_V1,PASS,7f101971c52377331a4a294123f5e962347835504acc43f92c1902a121528193,fcd3966e531c58dba326edce94a5303b59b355feb13317d5b4c7d42e7e50a683,ae8c13082d4a263ff5087900b1ab140ae3f299a064900df0e3c991db5571729e,P4,0.0,0.0,0.0,0.0,1375278.4387094334,0.0,NONE,R1,NONE,0,0,0,0,1,0,0,0,0,False,False,False,False,True,False,False,False,False,False,False,Q[NONE]|F[Vaccine],1226447912.1628826,1226447912.1628826,0.0,8167497.402830344,3616199.653864072,11783697.056694416,h09,5,Katrina,1214664215.106188,7354208.798744062,1207310006.307444,1881065189.8229995,892154.2413867922,1.0,0.0,892154.2413867922,0.0,10400000.0,8665189.822999498,1862000000.0,8be4b42fb953013ed8314545e2e019ef81dd68a83d0b1e1a8954e162c3bc81ef
LA-0103,103,df1d73f9ded0745380418ef8366c146852a901f468bb9dc8b3a8546d58bb60c4,M2,A1_FINAL_NO_MEMORY_V1,PASS,9c38bea9b3aaec54eea44ffb2f2267722b308a42b1af4eaf40714fc235c6e7a6,b07447b488f8783199e48634912b92278d801ba6b4a73ecb6c86de32d878c411,47429d95cccbcd1a7e841f9afc624ba3918bc0cff802ca8afa58f019d93d57fa,P4,0.0,0.0,0.0,0.0,1396337.4783314092,0.0,NONE,R0,NONE,0,0,0,1,0,0,0,0,0,False,False,False,False,True,False,False,False,False,False,False,Q[NONE]|F[Vaccine],1231217863.3259778,1231217863.3259778,0.0,8506754.439916201,0.0,8506754.439916201,h09,5,Katrina,1222711108.8860617,10631151.415522277,1212079957.4705393,1881150881.673443,806462.3909431455,1.0,0.0,806462.3909431455,0.0,10400000.0,8750881.673443144,1862000000.0,36b502092220d2b129e47dd0a802d5c3d8bee7120cb3af57bf09b9982911156d
LA-0104,104,3fc5fe4f89e524f970ecf605df1f8e2b6db356444338757f09655d7ee6e8222b,M2,A1_FINAL_NO_MEMORY_V1,PASS,ad77fcac8ba4d9a907896afc35b56fe60634f29b4b577a876e49385d64345d96,03c726b386c60d42302931fc5ccf3e1da5a76245312dd482d7042e86d1e41cb7,c14cafb4d248a19869e3c97f69dae2e978d07c75730cd6fd2d05bc2b3c2cd4de,P4,0.0,0.0,0.0,13725422.1006682,0.0,110613093.48061906,R0,NONE,R0,1,0,0,0,0,0,1,0,0,False,False,False,True,False,True,False,False,False,False,False,Q[NONE]|F[Water+Crackers],1217744447.1288176,1217744447.1288176,0.0,4617438.617360048,0.0,4617438.617360048,h09,5,Katrina,1213127008.5114574,14520467.23807843,1198606541.273379,1787743807.1282485,94213536.93613794,1.0,10400000.0,0.0,83813536.93613794,0.0,9557344.06438629,1778186463.063862,1da82011dc788a76069a654edb3e86d49420ba76c76903818e5061ef3e60dd6a
LA-0105,105,642f0850175685dc6c38e0ad36b478de797b9a46c9c62af62834484e36409f24,M2,A1_FINAL_NO_MEMORY_V1,PASS,e42c85a4b8c4bbe1efa40befb38ff0197104c000c6cda7b3a26800e8a289e53a,c5934db3104622e725cfe4b376f77cc21f2a219a863b9df678ec8ec10ac69920,cf54c71c245c044c059ec68c5b839e8b33ecb70cc8c49b24a39c2684317b0cc2,P4,0.0,0.0,0.0,16918554.64198924,2595745.467201162,0.0,R0,R0,NONE,1,0,0,1,0,0,0,0,0,False,False,False,True,True,False,False,False,False,False,False,Q[NONE]|F[Water+Vaccine],1160345319.1295152,1160345319.1295152,0.0,1595797.556368615,0.0,1595797.556368615,h09,5,Katrina,1158749521.5731466,17542108.299069863,1141207413.2740767,1869961714.0930238,11995629.971362492,1.0,10399999.999999998,1595629.9713624942,0.0,1.862645149230957e-09,7961714.093023796,1862000000.0,98f78799b4927ac4df51ef22bf640d0dca2f808bbcde1fcf87be3763c7c675a1
LA-0106,106,be0b3155610cedaab7ed585daba4b1c1d721f42c04bef541cb3c937dcf973f8e,M2,A1_FINAL_NO_MEMORY_V1,PASS,b89d2232224eadac9eb4e9d1f4efb483f389f9be2c7bb49ccf3237f6c1de73a5,8a81bf2d9976379397925cd12385ac2b8c3456f123625be24848903ebb94d317,f0e98b0dc5d75a30b4ba2e6cf194a3819ded489de2263ba449b4da496dc59781,P1,19055741.708747093,471386.0953581428,0.0,0.0,0.0,0.0,NONE,NONE,NONE,0,0,0,0,0,0,0,0,0,True,True,False,False,False,False,False,False,False,False,False,Q[Water+Vaccine]|F[NONE],1234843950.0478733,1234843950.0478733,19137905.85543848,0.0,0.0,19137905.85543848,h09,5,Katrina,1215706044.1924348,0.0,1215706044.1924348,1871300076.9652276,0.0,1.0,0.0,0.0,0.0,0.0,9300076.9652277,1862000000.0,39fb6a2f1977119253ad28333b20f986c79d7c8c844e7a2fc408efbf2b3078f4
LA-0107,107,19b75788c0fe39d45cc6915d734ad37ee5e59bdd7bf9d963f1a5fd2948c2ec10,M2,A1_FINAL_NO_MEMORY_V1,PASS,230477aca75534a09cdb93aef6b08e1c4e9ce5ed258cb1acf4478af0a62575aa,0c1f4018f4c3b4141b93ce7b4b103a582059a16b72363b3b78a53096590e6286,86fc6623b4f025bb74177d9ae4a4291c97124573a181010b0ddedf4cb7c73f75,P4,0.0,0.0,0.0,13795907.005669374,509068.6112462935,14770355.4068374,R0,R0,R0,1,0,0,1,0,0,1,0,0,False,False,False,True,True,True,False,False,False,False,False,Q[NONE]|F[Water+Vaccine+Crackers],1223628731.0630054,1223628731.0630054,0.0,5952606.688304845,0.0,5952606.688304845,h09,5,Katrina,1217676124.3747005,13185299.167133633,1204490825.207567,1860038999.5493958,21918344.514990468,1.0,10400000.0,383759.7306785103,11134584.784311958,0.0,9173584.33370778,1850865415.215688,12647fa06c846d6e355aa7b473d0689f9343ae74c02c2dada3ec886bc97036f0
LA-0108,108,d8bd07e86570eac51a1e6fb3791f9e8c45b850b28a4db605a54bf7d514e4e17e,M2,A1_FINAL_NO_MEMORY_V1,PASS,6b4332f7414f9cd938536910bb96dba79a5df0227a1ec22b404ff5f801257505,e379544c51fbe12b3f5077bdee5a5cd0a8a639b77ed5a2712592409e6db15ed7,296f5ccc1acd819a217e85ec60195f4c5227ac9e31acf98cb7006bc9433f5dd2,P4,0.0,0.0,0.0,15789623.475509796,0.0,386435330.32189566,R0,NONE,R0,1,0,0,0,0,0,1,0,0,False,False,False,True,False,True,False,False,False,False,False,Q[NONE]|F[Water+Crackers],1153746388.3249652,1153746388.3249652,0.0,2835666.0689833183,0.0,2835666.0689833183,h09,5,Katrina,1150910722.255982,16302239.78645516,1134608482.4695268,1617027687.8264654,264929656.23792094,1.0,10400000.0,0.0,254529656.23792094,0.0,9557344.06438629,1607470343.762079,d7d6bc608fc5f1a82b88981967838210c1d2c42b60ae5eb6c52db202ba1d330f
LA-0109,109,273c1bf699eeebe2266ad272bfc4e066be02716036b95620b65ba8472f022347,M2,A1_FINAL_NO_MEMORY_V1,PASS,4f3b782f7bf58910e0f7f317ed9a00481edbf85a6f049ea5fa36a9aef36d3577,9eb571267da78f7d841b4bed2197b3a4e03caa429d085d9fd523724a002aa35c,e5c52d430e46b9e2b7f40e28f211256f1d32ae324b6966968bd9d039be7cf0c5,P4,0.0,0.0,0.0,19279000.84787247,0.0,290549671.7039487,R0,NONE,R0,1,0,0,0,0,0,1,0,0,False,False,False,True,False,True,False,False,False,False,False,Q[NONE]|F[Water+Crackers],1190407213.724286,1190407213.724286,0.0,4202014.182501289,0.0,4202014.182501289,h09,5,Katrina,1186205199.5417848,14935891.672937188,1171269307.8688476,1714821182.809716,167136161.25467038,1.0,10399999.999999993,0.0,156736161.25467038,5.587935447692871e-09,9557344.06438629,1705263838.7453296,a164df6a2938a5a70103e1ed5717755c474ba4196f27e4b345062a461bd6c642
LA-0110,110,e0c60e18b84e8530fd9ebcb77c830bd52d2e93b2ec786cdc9de3605c81a91c31,M2,A1_FINAL_NO_MEMORY_V1,PASS,cf0cd302243361c24320a140bcbbfe1ab7f4300feac6ced0e5cec0f6b532af9a,f2556851bb55c51a3501095663cd40a5941ce6e627d9c49217bffc8a1715d569,290b9a1a25c41c01c2203fabad1797b411b0ce2624c24290497399005b11f2c5,P1,16166323.929588297,601205.4554830837,0.0,0.0,0.0,0.0,NONE,NONE,NONE,0,0,0,0,0,0,0,0,0,True,True,False,False,False,False,False,False,False,False,False,Q[Water+Vaccine]|F[NONE],1227635687.4859333,1227635687.4859333,19137905.85543848,0.0,0.0,19137905.85543848,h09,5,Katrina,1208497781.6304948,0.0,1208497781.6304948,1871170581.0152073,0.0,1.0,0.0,0.0,0.0,0.0,9170581.015207224,1862000000.0,30b51a8bd0fb70b360f488dd3fa58d97841c901e6eebfea3b458fd310a5675f9
LA-0111,111,867ea19cb2f7ae70ee54003730d82f5c28994a006ded68209315efa1f209f4df,M2,A1_FINAL_NO_MEMORY_V1,PASS,7983722f76736a7d1796d739ebad23b62a1d59f85481c9f12026abc1b86a0f10,965ffdb56bccaaae3fd56e59af7d9cce40b0c52eafe29effe431d250cee274e9,89e07384975a846b3a54c6f8c05dbe96b9ca568fa8da3ff09fe71cd82075157d,P4,0.0,0.0,0.0,0.0,0.0,569379383.4625983,NONE,NONE,R0,0,0,0,0,0,0,1,0,0,False,False,False,False,False,True,False,False,False,False,False,Q[NONE]|F[Crackers],1204085370.2977197,1204085370.2977197,0.0,3855576.4422743865,0.0,3855576.4422743865,h09,5,Katrina,1200229793.8554454,15282329.413164092,1184947464.4422812,1689833422.9223752,192123921.1420111,1.0,0.0,0.0,192123921.1420111,10400000.0,9557344.06438629,1669876078.8579888,6058a4469898cb33aaf50d3b3f147364e958af485bb4c8edfe3092f7b64a34c5
LA-0112,112,33bfdcc8e1269806bcdaab2adeda0ccd40faedaa6bb03a333c1d170e250b996a,M2,A1_FINAL_NO_MEMORY_V1,PASS,3de246d016dd9663e0f60805d21f4f0d90360c793bd0eb3a525bef1a0c56a9ee,403c0ce4ec3281f4314d6966d564a259766eb817bafa9a2b5a3398838a55db2f,76eaf8d9c38ad875e3a39be3a7fbf8596206c2ec4317d6cb95b7d1e3356390a2,P4,0.0,0.0,0.0,21709832.125369105,0.0,180542533.60990503,R0,NONE,R0,1,0,0,0,0,0,1,0,0,False,False,False,True,False,True,False,False,False,False,False,Q[NONE]|F[Water+Crackers],1216741803.1682322,1216741803.1682322,0.0,5629688.337803598,0.0,5629688.337803598,h09,5,Katrina,1211112114.8304286,13508217.51763488,1197603897.3127937,1785069234.0366313,96888110.02775495,1.0,10400000.0,0.0,86488110.02775495,0.0,9557344.06438629,1775511889.972245,a22173abe744c4e2e2ad568eb54bd3ecf15bdb979b8defa4bc4428c8bc221909
LA-0113,113,a2f8b8d126e69d1c5e3fe4387f4da702b434457c7914bfc33dbe7264e8dee060,M2,A1_FINAL_NO_MEMORY_V1,PASS,9f72d2533d419dc2208c4eb213bec80aa0d925a44f851692f9b58a79e4770f4c,de9d4edd90803b5b0a645ee2f9fa62914dd6a5aebd984056beed83cd941e1ec8,8827161427ec834e158b3b86fe87faf21448681f2d12524de4c9a1d1388ca8a6,P4,0.0,0.0,0.0,15456867.52041945,0.0,178852672.33581483,R0,NONE,R0,1,0,0,0,0,0,1,0,0,False,False,False,True,False,True,False,False,False,False,False,Q[NONE]|F[Water+Crackers],1204051689.0878658,1204051689.0878658,0.0,8181692.501233593,0.0,8181692.501233593,h09,5,Katrina,1195869996.5866323,10956213.354204886,1184913783.2324274,1751218097.4586163,130739246.60577008,1.0,10400000.0,0.0,120339246.60577008,0.0,9557344.06438629,1741660753.39423,a758356e1f65620b0d56a42fad6bcfc7d3e0976d26508ba14cc0c7e2c07d556a
LA-0114,114,52d06d19e62b5438dab950965a0373907f48a7a4817e2b74ff951a80ce958d18,M2,A1_FINAL_NO_MEMORY_V1,PASS,98ff45a1222c1a5e035d13ef7a7a454364e1f306f673355d811658e87b45a66e,ef18cc8b668b8fec7d14227c0dec417e6f91984fa07a4be4a4f021e8ba2c6e63,684e8dfc17688b85d087bc046bedda08966f80d347592c28363753bcbce52f1e,P4,0.0,0.0,0.0,26246135.667742454,0.0,152902824.87522608,R0,NONE,R0,1,0,0,0,0,0,1,0,0,False,False,False,True,False,True,False,False,False,False,False,Q[NONE]|F[Water+Crackers],1226451400.5175707,1226451400.5175707,0.0,7352208.954272105,0.0,7352208.954272105,h09,5,Katrina,1219099191.5632987,11785696.901166372,1207313494.6621323,1810969781.810155,70987562.25423148,1.0,10400000.0,0.0,60587562.254231475,0.0,9557344.06438629,1801412437.7457685,73029e37009c580cfb4b1210ab9fe5893e8eb8599f35ceeb21b2f85b16c38b73
LA-0115,115,7a292a6564f57df562c61130f79c32c77121485bf0331ddbe8d5b39cd5907cd6,M2,A1_FINAL_NO_MEMORY_V1,PASS,ac30c2b2bfd439caeae1aa9e7b3e6edc474d897ac340d546aab10332099f06b7,5ed15400246135711b69eaea3b125a04cad72a758b74f8b91e7c55aa22542cd3,eb775414b18bc09846f5aacb51d37b247e29ac1e32eb40c5a29c99b682483c6c,P4,0.0,0.0,0.0,30231648.264673524,0.0,270471295.18776804,R0,NONE,R0,1,0,0,0,0,0,1,0,0,False,False,False,True,False,True,False,False,False,False,False,Q[NONE]|F[Water+Crackers],1214283784.0671365,1214283784.0671365,0.0,2971181.216282274,0.0,2971181.216282274,h09,5,Katrina,1211312602.8508542,16166724.639156204,1195145878.211698,1778512418.2526588,103444925.81172748,1.0,10400000.0,-1.2796694756385335e-10,93044925.81172748,0.0,9557344.06438629,1768955074.1882725,6d40197f8f0d1d701178bf9e7955ed0da9c6c37cd744432d4661c73d9621ef09
LA-0116,116,eee7d7cadd2df98a957bcce527a651580363520b9b2911b3872414e22cc8b5f2,M2,A1_FINAL_NO_MEMORY_V1,PASS,2a8735546edbccdb0798f3126be67684791c38ecd4bc257585545a6690e29054,5955b877bce9f1e716c74ea464314d3d820806deb483f15e8a3f0e24067b2dfa,e57ea92ba993d2a84d7a49f8f59a349bf9c9bdd097955e791a4c53541d6aadb0,P4,0.0,0.0,0.0,17166592.3313989,0.0,121921099.20285995,R0,NONE,R0,1,0,0,0,0,0,1,0,0,False,False,False,True,False,True,False,False,False,False,False,Q[NONE]|F[Water+Crackers],1221474629.6792777,1221474629.6792777,0.0,4083221.0371552575,0.0,4083221.0371552575,h09,5,Katrina,1217391408.6421225,15054684.818283219,1202336723.8238392,1797694144.7041662,84263199.36022015,1.0,10400000.0,0.0,73863199.36022015,0.0,9557344.06438629,1788136800.6397798,6688652577ca8914176cfb6968f374875924a801de3f3d547e17280bcd89bae5
LA-0117,117,f1b340380ce298d72fdb1b7cd0f34e4b4acdcebfb8e5bd4b05aafbb8b7578d92,M2,A1_FINAL_NO_MEMORY_V1,PASS,b48047822dfa238f37d32d202c36893e0e0135f915c4e859b7681dc545ddcdba,252fd5872bc9ea0893bc22f6471d4449778afb11dd34a5460221389b5d8c25cb,2186fa6a8aa40b29d2da179d9e7429edb499e0d6b54083da42f50c3cfe7274fe,P4,0.0,0.0,0.0,0.0,1696992.6207112132,0.0,NONE,R0,NONE,0,0,0,1,0,0,0,0,0,False,False,False,False,True,False,False,False,False,False,False,Q[NONE]|F[Vaccine],1200061796.2918408,1200061796.2918408,0.0,397494.0647530715,0.0,397494.0647530715,h09,5,Katrina,1199664302.2270877,18740411.790685404,1180923890.4364023,1880591165.0337095,1366179.0306768473,0.9999999999999998,0.0,1366179.0306768473,0.0,10400000.0,8191165.033709442,1862000000.0,caa58b995216b8b7ba5318b210669a320aae433049dd9f8931fae574ebca1fec
LA-0118,118,f5ec08cb544d4e04c772a97a8723c5f56429ced62d75f0800b7dd079ad7beae2,M2,A1_FINAL_NO_MEMORY_V1,PASS,4093dd0f27ef78c67a3b0eaa9f366e8cbfdf697a9695299efe732d5d48fefca4,d498702d76635fea2dbc01bca57ed68a74d12d90ee72c8dbee4bcafcf83d404c,9f0a25e04844f6f97402d50d2899102f13859e6c5bb997e7beaa089aaf88bf87,P4,0.0,0.0,0.0,0.0,1863174.8413687018,0.0,NONE,R1,NONE,0,0,0,0,1,0,0,0,0,False,False,False,False,True,False,False,False,False,False,False,Q[NONE]|F[Vaccine],1202434906.2802196,1202434906.2802196,0.0,8193700.584392848,1725770.4136567449,9919470.998049593,h09,5,Katrina,1192515435.28217,9218434.857388884,1183297000.424781,1880633797.7943516,1323546.2700348045,1.0,0.0,1323546.2700348045,0.0,10400000.0,8233797.794351485,1862000000.0,407ec495a7f363e8e41d3955ea7e64dcae65ceb4bf82e7cda605073077a84a43
LA-0119,119,9ded5c68cd0b0e99a38f9cc7db3512579bf1729d3fa5267c87d43e99ff82e3ee,M2,A1_FINAL_NO_MEMORY_V1,PASS,cbdd752d812f4b70dd3f056f82e17337e94f54312d23b7833200a3acdb6da71b,1cf7a7391208a9dff16016e520fe91beec611ecff1782d26af5e6f4f6bf4f80d,97ecfc4d355fc3ce1af1152bc5fad2fdeddce5429537f7a6b3219bbf0f096b63,P4,0.0,0.0,0.0,0.0,5518182.811609539,0.0,NONE,R0,NONE,0,0,0,1,0,0,0,0,0,False,False,False,False,True,False,False,False,False,False,False,Q[NONE]|F[Vaccine],1169690188.1969986,1169690188.1969986,0.0,2331697.995191769,0.0,2331697.995191769,h09,5,Katrina,1167358490.2018068,16806207.86024671,1150552282.3415601,1880045541.1458313,1911802.9185548704,1.0,0.0,1911802.9185548704,0.0,10400000.0,7645541.145831419,1862000000.0,ea992199dd538e0c866e962d3896e33f2a78164b7dbdbf738d9e3695570fb8c0
LA-0120,120,dcb80b654ab21716af1c3fba71c854c2b5e8f2ab0511c85b235a3e410f4810b5,M2,A1_FINAL_NO_MEMORY_V1,PASS,8bfdd24e79301ef23080a72b6c50e9deee4b7ce2fb921fa8eaeadbd42acad4d9,8bdaf3a01e7b970e822535518c1c10e878cf0d145b99c409510ee9ecf2adc63e,ce124716f0ecfbf74288038c5af4402c92f90516858666f892c54f402b2fa039,P4,0.0,0.0,0.0,0.0,0.0,370053049.6062205,NONE,NONE,R0,0,0,0,0,0,0,1,0,0,False,False,False,False,False,True,False,False,False,False,False,Q[NONE]|F[Crackers],1215777307.5997186,1215777307.5997186,0.0,9570144.804505052,0.0,9570144.804505052,h09,5,Katrina,1206207162.7952135,9567761.050933426,1196639401.74428,1721021902.7079031,160935441.35648322,1.0,0.0,0.0,160935441.35648322,10400000.0,9557344.06438629,1701064558.6435168,d3f0cdaebbfd10b86565f49a82ce0838314b04fc08effc5d383408fdc5d0559d
LA-0121,121,e09b25a104a5b5737a982329f643abe6a52b268e29f7b3b8ee4ba27e2e2804a2,M2,A1_FINAL_NO_MEMORY_V1,PASS,dd78944e1beaa9361e7ebb5ee6b69e653a3e4276286231e56cfec2a917a5ab7b,897e3ad114c6cb384bb6da25a0868eef94905b738b7aab727d3a75869ff392a0,321f5c62389aa2e2f51453216f184240441be4aad1bb161d39750bbe32bcf270,P4,0.0,0.0,0.0,0.0,1616875.3005582804,0.0,NONE,R0,NONE,0,0,0,1,0,0,0,0,0,False,False,False,False,True,False,False,False,False,False,False,Q[NONE]|F[Vaccine],1202465282.961027,1202465282.961027,0.0,1144536.1747331948,0.0,1144536.1747331948,h09,5,Katrina,1201320746.7862937,17993369.680705283,1183327377.1055884,1880634343.5093703,1323000.5550159896,1.0,0.0,1323000.5550159896,0.0,10400000.0,8234343.5093703,1862000000.0,71666e2a0786fc050a65a7859dac7824645d275c1062977897149b7460bfcb10
LA-0122,122,1ad927fbeddd0a52c342a8643f1c602c8bbfb4ba53c30b55c7a156c59776d00d,M2,A1_FINAL_NO_MEMORY_V1,PASS,5747520f5fcdcc54d8e83bd648e612f2a60f7a8583949a9ab6638d5f0470097d,f769bcc9b5d5c6bf4c02abccd14ef2d4f31d75f7b55d11cda77efb36ae10b3ea,2600c6163a4e243519514ce5ec4c4bc34d4e9132a5c944d9e64704d00cfc495c,P4,0.0,0.0,0.0,0.0,0.0,263320564.77577275,NONE,NONE,R0,0,0,0,0,0,0,1,0,0,False,False,False,False,False,True,False,False,False,False,False,Q[NONE]|F[Crackers],1221347103.4974067,1221347103.4974067,0.0,5847904.467493804,0.0,5847904.467493804,h09,5,Katrina,1215499199.029913,13290001.387944672,1202209197.6419683,1735879446.182317,146077897.88206938,1.0,0.0,0.0,146077897.88206938,10400000.0,9557344.06438629,1715922102.1179307,134d79b40468fd0ae685d5a383267b61c6d59c755dd4f637bb910158db0377dc
LA-0123,123,7db26285aeb70f4f87f8b7ef0a039a3debdca506f3de3352f9fba7ef8f08efd7,M2,A1_FINAL_NO_MEMORY_V1,PASS,90130ff6ac68a2a67890ed353775c69052b9ee671e4d54d0a0a2cab440ff4beb,ca143425c5f552f0f2d66c27ba9835ff89e92d9ec14fd1df57844937130e4612,683841bd3daa91823da8bf6e751e17ea024afb84562d5b5c5e75cc0705d7274e,P4,0.0,0.0,0.0,0.0,1904037.2817990116,0.0,NONE,R0,NONE,0,0,0,1,0,0,0,0,0,False,False,False,False,True,False,False,False,False,False,False,Q[NONE]|F[Vaccine],1220079012.1860561,1220079012.1860561,0.0,306928.7798553607,0.0,306928.7798553607,h09,5,Katrina,1219772083.406201,18830977.07558312,1200941106.3306177,1880950772.9651232,1006571.0992630926,1.0,0.0,1006571.0992630926,0.0,10400000.0,8550772.965123197,1862000000.0,2e31171331b7089e85eb7de0c701201fcef940c7e9b62d434e3797fc9c420e23
LA-0124,124,7d1d5106634a8f9d6d47fe2a683ed3cc1824c2e131af21e856866c413fd221e1,M2,A1_FINAL_NO_MEMORY_V1,PASS,13035bcac9580ba961596b028311c6b623a2cb1bbccc953c0325ccc6fd5bc3d0,ab32023c6ae86d85b025ace5eddd34b14efc541dbd91555ace4ad4080da59cde,89869f028bd76595efb8631f92f6eb78ce95cb7bb1f0f946ba45db91126a22ba,P4,0.0,0.0,0.0,28153096.78053862,0.0,409720958.70352507,R0,NONE,R0,1,0,0,0,0,0,1,0,0,False,False,False,True,False,True,False,False,False,False,False,Q[NONE]|F[Water+Crackers],1192424689.778955,1192424689.778955,0.0,625539.2848418904,0.0,625539.2848418904,h09,5,Katrina,1191799150.4941132,18512366.570596587,1173286783.9235165,1720202841.0861483,161754502.9782382,1.0,10400000.0,0.0,151354502.9782382,0.0,9557344.06438629,1710645497.021762,e6e0d35dadeb8029c3a354d127e6ff0611e57394546f43524d4cc14ac41f50f0
LA-0125,125,52eceaf9a4f21c0efd8f533e64a335850220b66dc5611968b88e2f1b1741d654,M2,A1_FINAL_NO_MEMORY_V1,PASS,a1a8673c8bc72935b073a25323200f1046cb990c390c97c204891f0731bfa3f1,2424923b0d7809c273a829206fc331abf73c414389c760bc5552dbbd28c40b19,56446bfb99722af34ada13589202718a61b07cfa7e436b7af33906b634fe8aa6,P4,0.0,0.0,0.0,0.0,0.0,175051168.6147452,NONE,NONE,R1,0,0,0,0,0,0,0,1,0,False,False,False,False,False,True,False,False,False,False,False,Q[NONE]|F[Crackers],1235797742.4830198,1235797742.4830198,0.0,5860880.851671719,851982.026171306,6712862.877843025,h09,5,Katrina,1229084879.6051767,12425042.977595452,1216659836.6275811,1774426818.63647,107530525.42791624,1.0,0.0,0.0,107530525.42791624,10400000.0,9557344.06438629,1754469474.5720837,a73b60c951a8207873a4a42435d4856c0cbba180dbbcd8cc15a6c939f8d089d2
LA-0126,126,cd126e1ba3e7611b4e0b28132534d2a4168599f4657e0c890eead56f18930ac6,M2,A1_FINAL_NO_MEMORY_V1,PASS,e43640822f8fdc3227725aadc63b2488ca624cc5f3fc5b7d2fbb1d97ce4778ca,cdd604054319065f90b20c2c97d0b4f4e0b4fc9e6ab997e3ce07f8596ee124cb,50ec5be3ca9de2153dc3ceb23261b2e7a130503115bfc98d0c4d9658d85d3f6b,P4,0.0,0.0,0.0,13973279.075642237,0.0,114699610.74316604,R0,NONE,R0,1,0,0,0,0,0,1,0,0,False,False,False,True,False,True,False,False,False,False,False,Q[NONE]|F[Water+Crackers],1217161574.1674254,1217161574.1674254,0.0,1552039.4423502702,0.0,1552039.4423502702,h09,5,Katrina,1215609534.725075,17585866.41308821,1198023668.3119867,1786188981.6870608,95768362.37732553,1.0,10400000.0,0.0,85368362.37732553,0.0,9557344.06438629,1776631637.6226745,1aca179edecf7dc4f066c806ca37886e2275a164ff37a44ede46fbcaf8baa4b5
LA-0127,127,c8caf9ce6dd8547a5f94104adfef0dd9a11d31cd29f601d60e9b109d36fa88a1,M2,A1_FINAL_NO_MEMORY_V1,PASS,3734a6cb334326f661bf8e04b96524d0d1bf7f1e6f244238c534dc4a86d7e085,3a37a4be766ed6671d6d43f589e07d56a6a3772b471878d9e68474e77303ed41,c75b36c5e6d8e6e8e07a3b2c3aa922e46efbbf69119740dfcadd0fb89869c3da,P1,16386735.2387326,591302.5417113882,0.0,0.0,0.0,0.0,NONE,NONE,NONE,0,0,0,0,0,0,0,0,0,True,True,False,False,False,False,False,False,False,False,False,Q[Water+Vaccine]|F[NONE],1228275109.4519808,1228275109.4519808,19137905.85543848,0.0,0.0,19137905.85543848,h09,5,Katrina,1209137203.5965424,0.0,1209137203.5965424,1871182068.1876354,0.0,1.0,0.0,0.0,0.0,0.0,9182068.1876355,1862000000.0,8467ac17739f801ac1574feb60eb4745efdf60e84fc9a0239d337c0771eac07d
LA-0128,128,4b9343b6385ee109a2550e921469caa559ff0ee750835bc13009661b165780e4,M2,A1_FINAL_NO_MEMORY_V1,PASS,cad1382a56ad27955381035cff2ee3b4da0d239ef1d11495a91f4746e9741740,b9260345da62ad6e76eacdcf1018570d10ee3c2a8b8be600a7a9ed25f2201b72,b49a6c50f7d619a92c9cfc41584e4ff6730bb47b7a5795370b1687068717396d,P1,16933067.16523982,566756.2605794012,0.0,0.0,0.0,0.0,NONE,NONE,NONE,0,0,0,0,0,0,0,0,0,True,True,False,False,False,False,False,False,False,False,False,Q[Water+Vaccine]|F[NONE],1229788273.1147623,1229788273.1147623,19137905.85543848,0.0,0.0,19137905.85543848,h09,5,Katrina,1210650367.2593238,0.0,1210650367.2593238,1871209252.070626,0.0,1.0,0.0,0.0,0.0,0.0,9209252.070625968,1862000000.0,cbd2d7eaebad4b3863ecc66aea2e0a375e303b81b7a0513b902abc55f69cd624
LA-0129,129,05d5177207c024ba14c28a7fb0c3c36ecc93815714c381fa57cfedd0ad5998f8,M2,A1_FINAL_NO_MEMORY_V1,PASS,509ca87212148d23ed8f966e7e05a6f25f0c930f251a31d600a619de97ed6487,0220d481b766747c017efd6d4a9d6f14ea5ccd98121ed045f4d5a73e93df5daa,c8f337cf2f06552f1b32c3fe23d88b772b281156928b1e9ea060ef1a4c07dc64,P4,0.0,0.0,0.0,0.0,0.0,204193492.79758906,NONE,NONE,R0,0,0,0,0,0,0,1,0,0,False,False,False,False,False,True,False,False,False,False,False,Q[NONE]|F[Crackers],1229414447.660951,1229414447.660951,0.0,7453661.423573011,0.0,7453661.423573011,h09,5,Katrina,1221960786.237378,11684244.431865467,1210276541.8055124,1757399250.289082,124558093.7753044,1.0,0.0,0.0,124558093.7753044,10400000.0,9557344.06438629,1737441906.2246957,2c6782448156fc285d359d355d5417b2c4300877e3415696845c9ecf2d078747
LA-0130,130,a23a1e55059ccabde3c0bed4dd5c181ba6b67c09c1af7c664372b0d5924cf4b5,M2,A1_FINAL_NO_MEMORY_V1,PASS,2013f745417daf0af710c8ea0dc0b51d52a2f4399d5ce16e0030c5ef739918e8,bd209afad61443991ae24eac50760d0f4718fce63e4aba780c7d9c8d89905af5,b9a43f80b937f7f3638c559a6b44c9021404edb5608330d1d101e2e6a4c7fcea,P1,16461069.031321863,587962.7805113281,0.0,0.0,0.0,0.0,NONE,NONE,NONE,0,0,0,0,0,0,0,0,0,True,True,False,False,False,False,False,False,False,False,False,Q[Water+Vaccine]|F[NONE],1228486893.4825904,1228486893.4825904,19137905.85543848,0.0,0.0,19137905.85543848,h09,5,Katrina,1209348987.627152,0.0,1209348987.627152,1871185872.8734398,0.0,1.0,0.0,0.0,0.0,0.0,9185872.873439781,1862000000.0,b7c578e3f7be90975d2fffac4bbc1b2b0b9ffc34777ee0b26fe22c211d19b78a
LA-0131,131,b93d2178146cb9352e1c27cd2b3df3c48d7a3c4be3e8b41ae42304e01d606dd2,M2,A1_FINAL_NO_MEMORY_V1,PASS,4f2fa76879e02faa509bb63e7c619af6a75235227ea6d0316b6c95558bc67c41,bb8750910d61197847ac3dcc30df5306d7b2af257bdbc5bdecfc75a30ae9237d,103e90fd0f9b7a65f98d9ff99408329a112332c408a5cf26921d1231cfce8a68,P4,0.0,0.0,0.0,12392035.795709774,0.0,289654539.3158453,R0,NONE,R0,1,0,0,0,0,0,1,0,0,False,False,False,True,False,True,False,False,False,False,False,Q[NONE]|F[Water+Crackers],1158034062.983481,1158034062.983481,0.0,2439450.761727964,0.0,2439450.761727964,h09,5,Katrina,1155594612.221753,16698455.093710512,1138896157.1280425,1628465146.9027455,253492197.16164082,0.9999999999999998,10400000.0,0.0,243092197.16164082,0.0,9557344.06438629,1618907802.838359,bce1b59827458da149900696e9520b17fe53929eed05f921426608dd350520cb
LA-0132,132,76d75825544741af7272815c5c1c85cde66749cf39e6556274449ad0761d176b,M2,A1_FINAL_NO_MEMORY_V1,PASS,aa1d057eb81b15bee33b6fcbc782aede7667db6826c7ff47f6b1bdec0851d9eb,fe375bbd65c5120647b181dca303850b04fde8a9293f9e38109c61195c899f0d,7bb47161a410c8b53fa8e7eecde2313fba766d00ac029464cd7ff183d8b70c09,P1,19104021.75542917,469216.9092984881,0.0,0.0,0.0,0.0,NONE,NONE,NONE,0,0,0,0,0,0,0,0,0,True,True,False,False,False,False,False,False,False,False,False,Q[Water+Vaccine]|F[NONE],1234945873.5671198,1234945873.5671198,19137905.85543848,0.0,0.0,19137905.85543848,h09,5,Katrina,1215807967.7116814,0.0,1215807967.7116814,1871301908.0143661,0.0,1.0,0.0,0.0,0.0,0.0,9301908.01436622,1862000000.0,352a552882ad9b95181b5a31daff5b447b82d6a3d95bffcbc94503797079c746
LA-0133,133,3f3295e6536aadbf2750fe43fc1d6b54e9284bfb9fcba6c1c52c8ecc317417ea,M2,A1_FINAL_NO_MEMORY_V1,PASS,bda44f912832116db30561a10fdb0dec80d9202eccce5a35f34dd049ea438afd,b915df65673778c07ae2bd0c679319bff728680064e2bc3903651585f577f6ba,a52881d812d4c7199a254e568391ffeaa66127bb3c0967bd36803b4934b23e01,P4,0.0,0.0,0.0,0.0,0.0,160927690.73374337,NONE,NONE,R2,0,0,0,0,0,0,0,0,1,False,False,False,False,False,True,False,False,False,False,False,Q[NONE]|F[Crackers],1232302084.8002093,1232302084.8002093,0.0,7221307.310813385,4919651.59386251,12140958.904675895,h09,5,Katrina,1220161125.8955333,6996946.950762579,1213164178.9447708,1765102080.8995667,116855263.1648196,0.9999999999999998,0.0,0.0,116855263.1648196,10400000.0,9557344.06438629,1745144736.8351803,73ce634e19244cc6e10dcd92da4faa6247d2c1d341f59ef2990b294d4ae1ac5d
LA-0134,134,cba4baccfc14585d8dd0d9ed25dd947aef2d569a788af1d49c7c11869f9ca6b9,M2,A1_FINAL_NO_MEMORY_V1,PASS,35273d2ccb3972bb268c6177543d5e7ea8d89ea60b0b018d08661e6b0f05b498,962eed676862bdd0b8c2443a2b8fb839fe616be544235381d8804afa05ddcf07,dadb178e810a019ca66c7c57c43d45849001a0b3365a2258f65c996202f17ee7,P4,0.0,0.0,0.0,0.0,1574742.476060607,0.0,NONE,R1,NONE,0,0,0,0,1,0,0,0,0,False,False,False,False,True,False,False,False,False,False,False,Q[NONE]|F[Vaccine],1221098301.5695791,1221098301.5695791,0.0,6952073.344752503,2776117.8707764256,9728191.215528928,h09,5,Katrina,1211370110.3540502,9409714.639909549,1201960395.7141407,1880969084.430047,988259.6343392096,1.0,0.0,988259.6343392096,0.0,10400000.0,8569084.43004708,1862000000.0,2bd64321305b205acf53ab4e01ffd0cdeb9e05870fca5e05f8bb152d39922309
LA-0135,135,2d0ff6badf2b9579aae6f32f41972f323d0d47c4a13bbe2a0ef78ba14604d799,M2,A1_FINAL_NO_MEMORY_V1,PASS,92f24e5ffb73a79de9118055f2aca92d1f42f79ef8839bc76d82446be200efc9,2b9e667dc948114fb0d645e63e47e20a3c7a30ab0c6f3215f6994e448e00d99d,58c0f9fae34e65d01e8598037f1a08a9dcc0e71488c1766da7b8db52c73dd666,P1,15168349.095065234,646043.7116096508,0.0,0.0,0.0,0.0,NONE,NONE,NONE,0,0,0,0,0,0,0,0,0,True,True,False,False,False,False,False,False,False,False,False,Q[Water+Vaccine]|F[NONE],1224507970.9296124,1224507970.9296124,19137905.85543848,0.0,0.0,19137905.85543848,h09,5,Katrina,1205370065.074174,0.0,1205370065.074174,1871114391.7985444,0.0,1.0,0.0,0.0,0.0,0.0,9114391.79854437,1862000000.0,d3e84c5eb095782196da474fe14fb5b6c568fe14eca00213587f67639657efa4
LA-0136,136,14e1731a17ead415c1a77c1f3e74fd6840c26712aae79ea5179cfe08ef4713b4,M2,A1_FINAL_NO_MEMORY_V1,PASS,b25436a3064b84a4afb144704bfd26b4ba0a0de26f8426e065f698ef0cbf8e8e,a1772541079445e1262bc29a73b8e2bb4f5a89010e0afa4bdf02a685d16d31e9,9aa6d7318d69c9de850be2b467c6fc05de4d4efacc0bbcead8d1d24ea453d0fe,P4,0.0,0.0,0.0,0.0,1301238.6565453643,0.0,NONE,R1,NONE,0,0,0,0,1,0,0,0,0,False,False,False,False,True,False,False,False,False,False,False,Q[NONE]|F[Vaccine],1226017607.4508903,1226017607.4508903,0.0,4955022.390683292,552507.0505274447,5507529.441210737,h09,5,Katrina,1220510078.0096796,13630376.41422774,1206879701.5954518,1881057459.4279149,899884.6364714459,1.0,0.0,899884.6364714459,0.0,10400000.0,8657459.427914843,1862000000.0,59b5b4afb7f8b1af44f51a567ce9c7c0ee551057b101589a5b873b79fa10c688
LA-0137,137,27228fea8d30706dd9daa787dd8b79b9746191a4e48698afd06c19ab83cbd9ba,M2,A1_FINAL_NO_MEMORY_V1,PASS,a1d26bd28010b1fc452544d89e2c9a344500cc0058698585cabf152ca952a6f0,877dfdd367a5b83e8788759d15b184d41617f7af569c3fa06712285c8d1530b6,3f75e05fbab49fae3fcc62d0404d3993bcd4f728d86d7b027f2e1e7dbae801c8,P4,0.0,0.0,0.0,0.0,0.0,163135611.84714627,NONE,NONE,R2,0,0,0,0,0,0,0,0,1,False,False,False,False,False,True,False,False,False,False,False,Q[NONE]|F[Crackers],1227097267.6209898,1227097267.6209898,0.0,6545214.618247854,4631358.937552633,11176573.555800486,h09,5,Katrina,1215920694.0651894,7961332.299637992,1207959361.7655513,1751218125.555938,130739218.50844845,1.0,0.0,0.0,130739218.50844845,10400000.0,9557344.06438629,1731260781.4915516,4881a6f8a6dfbe648e080c8e87248939431000bebada506723875846f23a85b0
LA-0138,138,0e63223b21ebec1fcb42a54f90493ae49725d226d80e7aa01a8a75182c17063e,M2,A1_FINAL_NO_MEMORY_V1,PASS,cd101cce73e0565055abbee0309648c2b6238d9164b68086e0d9b26aad2f8d76,f6a8e25a8e18a9e8c10922f1e97f72560826a55f6490571e8c89afcdb69579f5,666eda768bc676b0efa92df4e8ab686b2c3628fac59bdd38a50742e23bc60757,P4,0.0,0.0,0.0,18570348.83691644,2983696.3499255953,0.0,R0,R0,NONE,1,0,0,1,0,0,0,0,0,False,False,False,True,True,False,False,False,False,False,False,Q[NONE]|F[Water+Vaccine],1156151752.9096365,1156151752.9096365,0.0,2935336.7935338533,0.0,2935336.7935338533,h09,5,Katrina,1153216416.1161027,16202569.061904624,1137013847.054198,1869886376.9591513,12070967.105234988,1.0,10400000.0,1670967.1052349883,0.0,0.0,7886376.9591513015,1862000000.0,b960e2511a6596dbc04a5b6edd0be23306f2603d1dbe621561c8eff2cc6d8403
LA-0139,139,e8d86725609f7aab00e21e6616ae0b9ef2d81c4d54b03a6855e21b0684080b1f,M2,A1_FINAL_NO_MEMORY_V1,PASS,90549f7925fc8528ac334912e69648a54f24977b253e037b2ebb723a274577a7,aefd8614734c8b982e1b3ba053363e80724752da4d25d0d5530abb3cfa1e184b,d02a4bb34c5ad15aaf68f1da9ff62ed397fe0ee4e1931951446c60e03b92a80d,P4,0.0,0.0,0.0,0.0,1907167.3925799313,0.0,NONE,R0,NONE,0,0,0,1,0,0,0,0,0,False,False,False,False,True,False,False,False,False,False,False,Q[NONE]|F[Vaccine],1231130932.103386,1231130932.103386,0.0,10766563.163629794,0.0,10766563.163629794,h09,5,Katrina,1220364368.9397562,8371342.691808683,1211993026.2479475,1881149319.9599013,808024.1044849651,1.0,0.0,808024.1044849651,0.0,10400000.0,8749319.959901325,1862000000.0,8b722a06df5ce8fa038a2347d932818f2f055f3aea8478d89d44dde68794d42d
LA-0140,140,6a963df29f758b8110288d1c0b1c81706cdf15bf4d34b3231109c25b36aee0ac,M2,A1_FINAL_NO_MEMORY_V1,PASS,9971e8c5171d9a19faa4e2d9cd6d63e47f28d54bd2b7ebd8575fb7a599ee0260,e7d025a19e180313f2233727477e2725de2e605115702b886887006e10ff3206,518d4d2afbc90cb832be0fddae0442bfd1e9874b61dbdc763387fdc3aa330fba,P4,0.0,0.0,0.0,0.0,0.0,219185384.69935077,NONE,NONE,R0,0,0,0,0,0,0,1,0,0,False,False,False,False,False,True,False,False,False,False,False,Q[NONE]|F[Crackers],1223976332.773505,1223976332.773505,0.0,4162132.760777356,0.0,4162132.760777356,h09,5,Katrina,1219814200.0127275,14975773.094661122,1204838426.9180663,1742892968.5790787,139064375.4853076,1.0,0.0,0.0,139064375.4853076,10400000.0,9557344.06438629,1722935624.5146923,025e85285bf7199a28d9ef9cd8f9bb3f080668132b8cca61b4959c6968221f5f
LA-0141,141,c190377fd263d9d2c3b5a497906a09304bdf784fbab8de4fc3061d36f781991d,M2,A1_FINAL_NO_MEMORY_V1,PASS,bcbeff619e7466c6b82dc18da56f6b705fc58b7a632667676336f388424219d3,44626eaa8e784f27a754b856b4d8a09f49856dba8b7f247e6167effd11670da3,9f382f40412e07f57c8ad7e23ed3321c3dcd706364b914b51625e9b4f07c4319,P4,0.0,0.0,0.0,0.0,0.0,158467296.33812925,NONE,NONE,R1,0,0,0,0,0,0,0,1,0,False,False,False,False,False,True,False,False,False,False,False,Q[NONE]|F[Crackers],1229351255.6112618,1229351255.6112618,0.0,6394233.42472314,1689104.5764741737,8083338.001197314,h09,5,Katrina,1221267917.6100645,11054567.854241164,1210213349.7558234,1757230684.215434,124726659.8489524,1.0,0.0,0.0,124726659.8489524,10400000.0,9557344.06438629,1737273340.1510477,fa4826c59a5dd758ddeb509d90c3ff2dafe9a2306540ed6aa58b77e388a5ec16
LA-0142,142,0a02aed634c7110f31eba62b260cc250260ad14398df08c44b842077ff8a3312,M2,A1_FINAL_NO_MEMORY_V1,PASS,ce135740c87e7255d5f991990c91d735dd9bd03a92092f7915ec8771b805843b,27e7bc719eb01d3827ebfab02f9435a56a4527b3526aad82ba0dd1a639bb262d,ebdbb77141f20f751b597e2124dde0e0e74ff647c56c98f6a63d8f0dccbcb0fc,P4,0.0,0.0,0.0,0.0,0.0,269163088.5233014,NONE,NONE,R0,0,0,0,0,0,0,1,0,0,False,False,False,False,False,True,False,False,False,False,False,Q[NONE]|F[Crackers],1202376001.5954041,1202376001.5954041,0.0,210779.70219186333,0.0,210779.70219186333,h09,5,Katrina,1202165221.8932123,18927126.153246615,1183238095.7399657,1685273647.2546532,196683696.80973318,1.0,0.0,0.0,196683696.80973318,10400000.0,9557344.06438629,1665316303.1902668,59d4f02e2ca45d8e8b2f7b03a6aefd442d7f46254b29ee1deab3827d2f4d1b4f
LA-0143,143,3ccf529ea0bd28947c797972a381e51d779f0f26825b72909923b36a2b8f0e4b,M2,A1_FINAL_NO_MEMORY_V1,PASS,bc682868e271414822d81d77ed857169f712d08b140722569fec92f185a7cab7,e7b709f982ad9e147214e0f6f1be8047eb2e1eac42399b2315c9d8875e51cab0,d5e2bd96b704f7a92d5971023352d52a070997a857cf8d4232b8f5b2831f40ef,P4,0.0,0.0,0.0,0.0,0.0,187640551.11906806,NONE,NONE,R0,0,0,0,0,0,0,1,0,0,False,False,False,False,False,True,False,False,False,False,False,Q[NONE]|F[Crackers],1226282798.5340583,1226282798.5340583,0.0,2922955.2598344265,0.0,2922955.2598344265,h09,5,Katrina,1223359843.2742238,16214950.59560405,1207144892.6786199,1749045512.7546911,132911831.30969533,1.0,0.0,0.0,132911831.30969533,10400000.0,9557344.06438629,1729088168.6903048,c5165d94ff8ed44d6937be463427f1a8328d47e84d6ebf8d8c3a9743366cad27
LA-0144,144,9079e5fe82b1645513ec3070f0e833cc0b367949c4c0c614f7d52c80b87709ab,M2,A1_FINAL_NO_MEMORY_V1,PASS,aa51819c0cd385c425bce9602c5619344972ba72d14d9b1a531bef08e532f385,218160ffc14b48fa789b79ad94ae263c20f54a330324d2865a1873f40077742f,249733697681486011cd61584ec05980a8ed1b28574c8241f4a591bbe659748c,P4,0.0,0.0,0.0,15067033.896307342,0.0,132246501.63374291,R0,NONE,R0,1,0,0,0,0,0,1,0,0,False,False,False,True,False,True,False,False,False,False,False,Q[NONE]|F[Water+Crackers],1214944305.717354,1214944305.717354,0.0,3690796.42655701,0.0,3690796.42655701,h09,5,Katrina,1211253509.290797,15447109.428881466,1195806399.8619156,1780274373.1454716,101682970.91891478,1.0,10400000.0,-1.3249752931175915e-10,91282970.91891478,0.0,9557344.06438629,1770717029.0810852,65183c315d40a2df303aafec019ed8291c17bee7025e1a6bdbfb270a1aa729d1
LA-0145,145,48d93c2d7a022271bd3a828c93f4edea50a4971ca346ffa3fdaf294c558926e2,M2,A1_FINAL_NO_MEMORY_V1,PASS,0da6bd3814ee0309c4aa4c80fda79b1e466dd7177b03eacbbfb8ee3841701808,7dbb552bff3f7e06ced15c07c42719de411d8fce1d302d1e580dc03e26e9d0af,d9433becfcea940d2435d357a7c4a746089b0b6b5bc6ec35a45f54a213058e83,P4,0.0,0.0,0.0,12628211.491854278,0.0,111448891.29030718,R0,NONE,R0,1,0,0,0,0,0,1,0,0,False,False,False,True,False,True,False,False,False,False,False,Q[NONE]|F[Water+Crackers],1214756458.9816096,1214756458.9816096,0.0,7025459.952824261,0.0,7025459.952824261,h09,5,Katrina,1207730999.0287852,12112445.902614217,1195618553.126171,1779773288.1696272,102184055.89475928,1.0,10400000.0,0.0,91784055.89475928,0.0,9557344.06438629,1770215944.1052408,d3424d8f79ba55904b080bf0225243ce219b5a80526112c374cc66530ded0ab7
LA-0146,146,9fc956653a31aec1282b742c24601978481a47163bd9f378ea475db8dbcb6ec0,M2,A1_FINAL_NO_MEMORY_V1,PASS,1f21fd5b450282b50ea4ecea33e9c3f36945794bba2fbf3006bf481c87ec5871,ca3ec62d46daba8bb10a23780e7356af4b4c878c874120399fbcccc172dbc223,2686d39b528bda994e6c16551fac325850990e6f37eb4c928bdfe0a0e7d3a6e0,P4,0.0,0.0,0.0,21149239.05305037,2546104.1418878646,0.0,R0,R0,NONE,1,0,0,1,0,0,0,0,0,False,False,False,True,True,False,False,False,False,False,False,Q[NONE]|F[Water+Vaccine],1179471464.5032446,1179471464.5032446,0.0,4649925.480221828,0.0,4649925.480221828,h09,5,Katrina,1174821539.023023,14487980.37521665,1160333558.6478062,1870305314.0027273,11652030.061659105,1.0,10400000.0,1252030.0616591044,0.0,0.0,8305314.002727185,1862000000.0,33988c0c58152681eaf836e7a213c1ef14861c5399a8ebfd3a9cc884589010f2
LA-0147,147,4957ecd7a5b1e3e78350f8920ef8c1313ad193aade70e0a1411a60095c8e4f1f,M2,A1_FINAL_NO_MEMORY_V1,PASS,4295a79c2ec9d186b518242480696d226799c6d8a6b9eeac39a6353fbbfc14d8,df2c47d201b0157c91aad7f2fbb77ffd5b8fe66f5626ea5bef5b45a703c6c2c2,402bf22af221507ce7fc095f3c9e8c17c790fa13b79dbad84949d8971aa015cd,P1,14872765.41656473,659324.0632026569,0.0,0.0,0.0,0.0,NONE,NONE,NONE,0,0,0,0,0,0,0,0,0,True,True,False,False,False,False,False,False,False,False,False,Q[Water+Vaccine]|F[NONE],1223501021.1824198,1223501021.1824198,19137905.85543848,0.0,0.0,19137905.85543848,h09,5,Katrina,1204363115.3269813,0.0,1204363115.3269813,1871096302.0143538,0.0,1.0,0.0,0.0,0.0,0.0,9096302.014353644,1862000000.0,4ac633b57a05625bf50af1e766fb3b49d5c80ecee9b68b7f68a534d51906c789
LA-0148,148,7151e912cd4a11e3ecf51701a50a70afb496f08ac17c31ec24434fead2eac7fd,M2,A1_FINAL_NO_MEMORY_V1,PASS,f8a11c7ce5fa062fe1b95f54af79923c516c6c3a218136508ee4b49b673a363d,02cf3e213965b52416d4cc06db651e7a6598e5563a55e7a199c466e6a67ce357,70144a1e05815d4dc6b051fb2e96f5a208050735c21579657d4987fc5d3bfdbc,P4,0.0,0.0,0.0,0.0,0.0,134080467.9226798,NONE,NONE,R0,0,0,0,0,0,0,1,0,0,False,False,False,False,False,True,False,False,False,False,False,Q[NONE]|F[Crackers],1237050663.6348436,1237050663.6348436,0.0,6218638.30879087,0.0,6218638.30879087,h09,5,Katrina,1230832025.3260527,12919267.546647606,1217912757.779405,1777769011.209624,104188332.8547623,1.0,0.0,0.0,104188332.8547623,10400000.0,9557344.06438629,1757811667.1452377,4f8af6ef45f7e91283a609ff51042921c1ff3660f64138ba252c12f41d8a72c1
LA-0149,149,3191c1fb0ab074cb6835832ca5798d4e1f0f4d0b8aa3383dd32f2cfaa08942de,M2,A1_FINAL_NO_MEMORY_V1,PASS,b90ac486d607e20344d7ee6d2dd125058cc8b491a86cb6d0ed3c56788e445211,179e0f1263d2ec26e7d66656022109889cab6a1cbbdf69bcef292c6b36f114c8,d0b6334929cb2cfb3770291b0b1f5bb3b45a0eafa13d9a7f21073a3c3ac34827,P4,0.0,0.0,0.0,12301827.333069101,0.0,47865678.65815833,R1,NONE,R1,0,1,0,0,0,0,0,1,0,False,False,False,True,False,True,False,False,False,False,False,Q[NONE]|F[Water+Crackers],1233994653.6521556,1233994653.6521556,0.0,5942729.279559389,525563.4164373314,6468292.69599672,h09,5,Katrina,1227526360.9561589,12669613.159441758,1214856747.7967172,1831091562.4721932,50865781.59219319,1.0,10400000.0,0.0,40465781.59219319,0.0,9557344.06438629,1821534218.4078069,13799f73605377c8fe59135dc553ed1f248cfd05a6cc4a441968a1f25e7c39ed
LA-0150,150,57e4ffc89d313dbacf36d4c5948ba60e18d918df4f9d44ec547bfd96ad560683,M2,A1_FINAL_NO_MEMORY_V1,PASS,2d98ef8d4a38b39db12ed8dbc4c37654d893412f8b70be700bd3dd7adca1f3fe,c665154c98d207533ea39259340b4b23fab0c09c938da4e7f01a76403bce88c4,c6900833033e27985c4ca175c1de0d55200c4d21cc58a5a0be1d93b2aae0c6ed,P4,0.0,0.0,0.0,0.0,1517763.6106366196,0.0,NONE,R1,NONE,0,0,0,0,1,0,0,0,0,False,False,False,False,True,False,False,False,False,False,False,Q[NONE]|F[Vaccine],1220174869.9899292,1220174869.9899292,0.0,3761298.8791856947,1043212.4280277477,4804511.307213442,h09,5,Katrina,1215370358.6827157,14333394.548225032,1201036964.1344907,1880952495.0440948,1004849.0202915305,0.9999999999999998,0.0,1004849.0202915305,0.0,10400000.0,8552495.04409476,1862000000.0,69ce255c8d4d99b5a5ff820f3411bbef2a68e7fd0da22067665b82c707680707
LA-0151,151,ae26106cc1d3fb1fef79b55166ed3410fe388b2aba94748bc9fc596a74275a88,M2,A1_FINAL_NO_MEMORY_V1,PASS,27f0475d6f703023b30470c28fc58414fa65a6a0a188df9132eac22c71d6983c,de20dd497d857be87094831ea37fe9e68b6f4a120188a2d9b5324bc984005232,83f286aaa308daf014b83b1ac5b80063c19a532bcccb65f0aa2f5c5d671c1cf9,P4,0.0,0.0,0.0,33524241.3940342,0.0,364740061.43314594,R0,NONE,R0,1,0,0,0,0,0,1,0,0,False,False,False,True,False,True,False,False,False,False,False,Q[NONE]|F[Water+Crackers],1206746472.6403644,1206746472.6403644,0.0,5423098.598350272,0.0,5423098.598350272,h09,5,Katrina,1201323374.0420141,13714807.257088207,1187608566.784926,1758406487.2166681,123550856.84771836,1.0,10400000.0,0.0,113150856.84771836,0.0,9557344.06438629,1748849143.1522818,336207020be05fdd243928037e0bd8014df265283349dda7e3220abda4f6b287
LA-0152,152,5eb7ad53744eea62f3b6cf9739623594810e3eefde14ccb640914b95f60136e0,M2,A1_FINAL_NO_MEMORY_V1,PASS,41e210c534cfd3eb2b8273becbf80b3568bd10b34015910020b406714bf514d7,e9ba276106c6b800a6702350cc68bded2968ea9aa509be16d7c9953a101b655a,e740a72ff4148551a3879aec36cadb8228f643e1e821dc4e9a034f669f3c7c31,P4,0.0,0.0,0.0,0.0,0.0,304099460.11698246,NONE,NONE,R0,0,0,0,0,0,0,1,0,0,False,False,False,False,False,True,False,False,False,False,False,Q[NONE]|F[Crackers],1219893533.8544698,1219893533.8544698,0.0,21438.498271422555,0.0,21438.498271422555,h09,5,Katrina,1219872095.3561983,19116467.357167054,1200755627.9990313,1732002019.691341,149955324.37304547,1.0,0.0,0.0,149955324.37304547,10400000.0,9557344.06438629,1712044675.6269546,8e5789838a688e03be5ac3dbaae9f12cad2db6b24110527bd8605532ebaf4430
LA-0153,153,2d9932a34bbbb835b65b028a931d0a9429b078e57196e5e078562229bedf0996,M2,A1_FINAL_NO_MEMORY_V1,PASS,ab3c68473533289941c1ea867696ad3ef014a0a0ca96f24a099958db2f4a63fe,c51092cae0154ad9fec919ed9aeefb830b8c38e76655695c351b21e29bb1e058,30407284c193162649a19e23a73b7ec4a1dc20ff58f81dd529ac2db27a37ec20,P1,17162969.179732703,556426.9365791902,0.0,0.0,0.0,0.0,NONE,NONE,NONE,0,0,0,0,0,0,0,0,0,True,True,False,False,False,False,False,False,False,False,False,Q[Water+Vaccine]|F[NONE],1230396229.0659122,1230396229.0659122,19137905.85543848,0.0,0.0,19137905.85543848,h09,5,Katrina,1211258323.2104738,0.0,1211258323.2104738,1871220173.9582222,0.0,1.0,0.0,0.0,0.0,0.0,9220173.958222078,1862000000.0,2b119cabc27aa9cf10869e310676aa61d5e00a500fdbc150e01e2dcfb255ad6d
LA-0154,154,5981ad8affb88f959adca326eb83e0af7dd4423a088a27b5f5768e1cf89564db,M2,A1_FINAL_NO_MEMORY_V1,PASS,e53b9fe2209689edf7bde54e9dafb0b49551f3729b45233d4a5b6baa11f2fc54,a6f69110b720d141f7ddc37efd4acd29c3962d1248814b788856be62c18c4399,6cadc9a38c67e02219a635e5243e89c7d64ad6b7739fbf2d6c5e3c02c5eb8f46,P4,0.0,0.0,0.0,0.0,903522.4851846928,0.0,NONE,R0,NONE,0,0,0,1,0,0,0,0,0,False,False,False,False,True,False,False,False,False,False,False,Q[NONE]|F[Vaccine],1237893322.447176,1237893322.447176,0.0,5082622.089987478,0.0,5082622.089987478,h09,5,Katrina,1232810700.3571885,14055283.765451,1218755416.5917375,1881270805.8456407,686538.2187457049,1.0,0.0,686538.2187457049,0.0,10400000.0,8870805.845640585,1862000000.0,badc10c27d4f369c3a534adf92f82db58d1964a377f2ae585b73166eaf97daee
LA-0155,155,3fcc4dd2753474d68cd851d15eacac48c7d042ba2135fbd7e11dc71542591490,M2,A1_FINAL_NO_MEMORY_V1,PASS,d5b2611aa769e4a71f4f0b6396ada70f9ca72e97494dc143e71c61633d86187d,416e343a7653a26cac05db415364c8aeb699e3587e3a48a3146c75de39202f95,652eaffbc56349eb3ed9a5781e76668fe91efd51c3864dc0ce738bf71d0a5dd3,P1,15187338.842243215,645190.5166008287,0.0,0.0,0.0,0.0,NONE,NONE,NONE,0,0,0,0,0,0,0,0,0,True,True,False,False,False,False,False,False,False,False,False,Q[Water+Vaccine]|F[NONE],1224571322.3819919,1224571322.3819919,19137905.85543848,0.0,0.0,19137905.85543848,h09,5,Katrina,1205433416.5265534,0.0,1205433416.5265534,1871115529.9031072,0.0,1.0,0.0,0.0,0.0,0.0,9115529.903107096,1862000000.0,4499800d290589ea1b5750034f7876ae42c9e65b5de50ff6d0af14f172fcf88b
LA-0156,156,ede0f25f8a6b0fd60df144524ba4d02e2a103ff7991cd5634de5358915c8e124,M2,A1_FINAL_NO_MEMORY_V1,PASS,89261a162075b1584b277cb1bb9ef594175ca8431622f6715e31c8ea3d6a9cd2,004c3eabafc380cb4b7d793257d1ba99c71d55d81f0ad0f309732f642b8b4ea6,a8663c207be9b8d1915131c740a973757232fc84618fd7d218a619e3864b6482,P4,0.0,0.0,0.0,18133780.81562015,0.0,176314837.54200315,R0,NONE,R0,1,0,0,0,0,0,1,0,0,False,False,False,True,False,True,False,False,False,False,False,Q[NONE]|F[Water+Crackers],1211256881.525067,1211256881.525067,0.0,2886716.4872721597,0.0,2886716.4872721597,h09,5,Katrina,1208370165.0377948,16251189.368166318,1192118975.6696286,1770438094.3568275,111519249.70755878,1.0,10400000.0,0.0,101119249.70755878,0.0,9557344.06438629,1760880750.2924411,853fc91b07e3897f10dc985a101a9bc50289defb9b67f49cf393eb6e9ca7922b
LA-0157,157,eb13590194231cb222310ab6327794ae2094891636f388dc0ab04527ffa8f25f,M2,A1_FINAL_NO_MEMORY_V1,PASS,72df78594d22358b23a538773e3f6bd7ccbe0ca32a42c13f13bd2a05b282fe0a,ce87417a3cb6bd73abcbfc08827489218b6b23d87e5d5a6141b2f6e7b72c8b2c,c2a47cee9274fb577e273a4d3e70257f145784f522674b9f017fe9c38a8dbbc6,P1,15842008.73895603,615776.6922320101,0.0,0.0,0.0,0.0,NONE,NONE,NONE,0,0,0,0,0,0,0,0,0,True,True,False,False,False,False,False,False,False,False,False,Q[Water+Vaccine]|F[NONE],1226662485.1182342,1226662485.1182342,19137905.85543848,0.0,0.0,19137905.85543848,h09,5,Katrina,1207524579.2627957,0.0,1207524579.2627957,1871153097.5004096,0.0,1.0,0.0,0.0,0.0,0.0,9153097.500409521,1862000000.0,6fce565367ad2acf99bd14fa7dbc947f7d3c69bc51b1dddbe9e7acd20519b2bd
LA-0158,158,c6bd2306267b0f1e89480d80c036f99276c0b35c952949b54d672acc747becdc,M2,A1_FINAL_NO_MEMORY_V1,PASS,0f2bfe810a3e1fb628a8f36f70957ce67736e2112555daa132bd5b7f269221c8,4085c3dc99e2514d3f81c2e19b8c739997c773083686e08d19f44ee173183096,3380243bde74da8d8805bdcd3f1be07da37a1d65fbb6cf3c06ddfc621faa8b23,P4,0.0,0.0,0.0,0.0,0.0,311333703.0144597,NONE,NONE,R0,0,0,0,0,0,0,1,0,0,False,False,False,False,False,True,False,False,False,False,False,Q[NONE]|F[Crackers],1220388424.994921,1220388424.994921,0.0,5239685.072795036,0.0,5239685.072795036,h09,5,Katrina,1215148739.9221258,13898220.78264344,1201250519.1394823,1733322151.8414984,148635192.2228879,0.9999999999999998,0.0,0.0,148635192.2228879,10400000.0,9557344.06438629,1713364807.777112,c2bc07382e90aebfa76d1c16d3e58e4c560140e066d069ce7d88ba51b837618c
LA-0159,159,4c8693058e00d4e117f1a8fa3857c25422ab10524aaec91de6b0b43e4b441543,M2,A1_FINAL_NO_MEMORY_V1,PASS,fae4a28df907ba4f2e8a4d7a1b107df0ffc2d799822ae6d6184268e8737ac92f,d1ac9c4c240008639acb29073c96124dd368b49475257199472784c9c6252884,250f4d2bfde986a91ff3a02b67a0b5bb0589211fa28a06ecde8c61f4ab3dca91,P1,14339999.248392645,683260.8450509545,0.0,0.0,0.0,0.0,NONE,NONE,NONE,0,0,0,0,0,0,0,0,0,True,True,False,False,False,False,False,False,False,False,False,Q[Water+Vaccine]|F[NONE],1221581233.6244404,1221581233.6244404,19137905.85543848,0.0,0.0,19137905.85543848,h09,5,Katrina,1202443327.769002,0.0,1202443327.769002,1871061813.1605527,0.0,1.0,0.0,0.0,0.0,0.0,9061813.160552636,1862000000.0,2c9c6533692c4ca974d08c9b7ab1298e1bafd001e295d057634712b440c7990b
LA-0160,160,186f6b0d3f8d1f7d34c64669776d4c85647be2b2932361e1e13bcb2b6825d911,M2,A1_FINAL_NO_MEMORY_V1,PASS,fe2c554bbf08478d560591585d7b7158902c2e5ddf8ab95b863d5a6328582e61,66bcd93a4ded11b55ac4f9c36bf9bb6912e6a7963f6d986fcd7d0491ace93b9a,191807d3b1189f77c7c32c3428a25dca330faf7a0bb6d5f2bbbcf4085429574e,P4,0.0,0.0,0.0,0.0,1141434.1214346515,13540317.85689309,NONE,R0,R0,0,0,0,1,0,0,1,0,0,False,False,False,False,True,True,False,False,False,False,False,Q[NONE]|F[Vaccine+Crackers],1221521294.9646144,1221521294.9646144,0.0,4708124.2496110285,0.0,4708124.2496110285,h09,5,Katrina,1216813170.7150033,14429781.605827447,1202383389.109176,1870276721.8260007,11680622.238385588,0.9999999999999998,0.0,908111.0212297908,10772511.217155797,10400000.0,8649233.043156499,1851227488.7828443,91e53311660547d6c085e8771932fd867128fbc1adffb251354628769072e457
LA-0161,161,c4e9e4b2097005b797ccdf40c9f33dd8383da789d894125b5e3589586824439b,M2,A1_FINAL_NO_MEMORY_V1,PASS,92c7c1fc87e4ce07127228918345c105f52fc627cfb94f130f6b9f3e2f2e1865,6f94d4fc0fd810a17b4127d1e28e0df7e6e55eb6fefe170a86787dc6b1686d46,f01483318ef00b5ed472114c30e4a4661e447c9f7513b77bebef9286437f99c1,P1,15903668.208773322,613006.378788568,0.0,0.0,0.0,0.0,NONE,NONE,NONE,0,0,0,0,0,0,0,0,0,True,True,False,False,False,False,False,False,False,False,False,Q[Water+Vaccine]|F[NONE],1226850568.1522229,1226850568.1522229,19137905.85543848,0.0,0.0,19137905.85543848,h09,5,Katrina,1207712662.2967844,0.0,1207712662.2967844,1871156476.3994105,0.0,1.0,0.0,0.0,0.0,0.0,9156476.399410471,1862000000.0,1025e99284e9d410f6bf67fdfae9aabea519c35ef3a38907a1af9302d61c12b5
LA-0162,162,17d7974661c5e9b889c1fdc7d19b6495fed6dab66ad18cdc4c43ea4157bef527,M2,A1_FINAL_NO_MEMORY_V1,PASS,2855cd59ecc61c8e1febfa3795a82a28009bfc7366d5285f39ec35fcd0c4b4d4,46bbd877a4d8f7fa1684523e7b3c675c0098127af72b1dd0e7ed952aee9725c5,6a5116083b14d7c47574adb2fc84f240e7002a7f11767da8b974742c18748698,P4,0.0,0.0,0.0,0.0,0.0,243986610.95890838,NONE,NONE,R0,0,0,0,0,0,0,1,0,0,False,False,False,False,False,True,False,False,False,False,False,Q[NONE]|F[Crackers],1213495629.2948854,1213495629.2948854,0.0,1904309.451732691,0.0,1904309.451732691,h09,5,Katrina,1211591319.8431528,17233596.403705787,1194357723.439447,1714935479.5729449,167021864.4914415,1.0,0.0,0.0,167021864.4914415,10400000.0,9557344.06438629,1694978135.5085585,dea623a1e3c93b6ff825a66aa688c481c76925ac3e84bbc94de48ac0a1590483
LA-0163,163,65454389a367164b929229d639a52e01ad167161caec040dc40d00f168009ba1,M2,A1_FINAL_NO_MEMORY_V1,PASS,96edf582735ef40638d6bb5dd6125c3910d9364cfab693b82cbd97c19641bc30,249c0b4c22b8d35773fea7f38ec693284520a4b4131a776502fa0684d16a5f30,83d2a834d6fd394c0ff0370f0ec5251460b73f2a4e0f4f1cb8e0343d1043e261,P1,15503303.27541669,630994.4730820676,0.0,0.0,0.0,0.0,NONE,NONE,NONE,0,0,0,0,0,0,0,0,0,True,True,False,False,False,False,False,False,False,False,False,Q[Water+Vaccine]|F[NONE],1225602633.415799,1225602633.415799,19137905.85543848,0.0,0.0,19137905.85543848,h09,5,Katrina,1206464727.5603604,0.0,1206464727.5603604,1871134057.3361664,0.0,1.0,0.0,0.0,0.0,0.0,9134057.336166292,1862000000.0,7ff3861b0c20bc892b9a5bb0e97bdbe6e224c873fe29a3d97089fb4855ff3ab6
LA-0164,164,0d2d3647e67aaad9aeb4df18649d48b7f85ffcbd68339831e75ef9a752b0be74,M2,A1_FINAL_NO_MEMORY_V1,PASS,8966fa30a6ed99fa7cd2e2300f0ff475d562c4a83e5bdea1caaa879fcaf6be33,dfe2a1544d94ae256d0a2d9a27beae7e185cf96b7b9d22b4e9aa442d141d2dd3,5afcf2a1a2cbf014500f293fb68de4487f0d7c7154b974ff117b64048a80acbd,P4,0.0,0.0,0.0,0.0,0.0,285017322.8191267,NONE,NONE,R1,0,0,0,0,0,0,0,1,0,False,False,False,False,False,True,False,False,False,False,False,Q[NONE]|F[Crackers],1215052439.5095685,1215052439.5095685,0.0,10551341.624347221,610487.4796782928,11161829.104025513,h09,5,Katrina,1203890610.4055429,7976076.751412965,1195914533.65413,1719088302.3820655,162869041.68232086,1.0,0.0,0.0,162869041.68232086,10400000.0,9557344.06438629,1699130958.3176792,cec70441487f123d0a5cd89ac4f8301c4fb906e907cddafac7b0e14e7a2011db
LA-0165,165,b369982bfcd100b32c7e7971b2f27fc53e66b7bb3c1582d5fc65e4f26173c3b3,M2,A1_FINAL_NO_MEMORY_V1,PASS,10c8ab59e2e95899b845a1a8a8d50a672574aac02509c1ebf7aa934c265af4d5,32ff63d5ea93796c36af7d9c03629a927bd2c686fc71d1c67c30694d025235dd,f43e6df4208d8e2b80a310c76017f7cd78d6b415a67452ec780c39d79adad108,P4,0.0,0.0,0.0,13634130.481075583,0.0,68124325.27534829,R0,NONE,R0,1,0,0,0,0,0,1,0,0,False,False,False,True,False,True,False,False,False,False,False,Q[NONE]|F[Water+Crackers],1229683953.3442376,1229683953.3442376,0.0,3215636.560283459,0.0,3215636.560283459,h09,5,Katrina,1226468316.7839541,15922269.295155019,1210546047.488799,1819592682.009331,62364662.05505538,1.0,10400000.0,0.0,51964662.05505538,0.0,9557344.06438629,1810035337.9449446,bbe75c384fd9899eee8b1158520c208169bfd4a98094af2e90cfe2d34ed12bdd
LA-0166,166,a63051c7d24b321f17e1ff40c6e3871ef6554189f0db92c472b05cd3483c1cff,M2,A1_FINAL_NO_MEMORY_V1,PASS,8df497c30ade32887915839b12cc665e50cc449e5c92be6b6886d6a4f24d6dd3,9aa6163e626683181f10c46f36a7ad4db9a29e01c443cf54c64e6c080bf0e244,7b45826ec228da0c01fa856014a2386f4025406576faddeba2fa3a06d5b840c1,P1,15012095.199258564,653064.0812207758,0.0,0.0,0.0,0.0,NONE,NONE,NONE,0,0,0,0,0,0,0,0,0,True,True,False,False,False,False,False,False,False,False,False,Q[Water+Vaccine]|F[NONE],1223980609.1878989,1223980609.1878989,19137905.85543848,0.0,0.0,19137905.85543848,h09,5,Katrina,1204842703.3324604,0.0,1204842703.3324604,1871104917.7804768,0.0,1.0,0.0,0.0,0.0,0.0,9104917.780476797,1862000000.0,df201e8233c9fe812f6c2418d990a5537e4bca35d304ab8a691165cb1412d05a
LA-0167,167,d19f682603b56c129a6d6b3454e4916ba494da2cc20f2c5003ab6156fee18d0d,M2,A1_FINAL_NO_MEMORY_V1,PASS,9276832d035f7562e3f07c3244648afe31259f02e1ad27c88dc17fbab8b3b20a,a60ac2f1149d17f39f0fcc5ad3c8a67063be8182f51ea61f4c1540ba55c3ddd1,0ba8de49253c2441d94a344e96bb986e46da79777c5ea822f66c5da271f5abe1,P4,0.0,0.0,0.0,0.0,0.0,243802289.28661683,NONE,NONE,R0,0,0,0,0,0,0,1,0,0,False,False,False,False,False,True,False,False,False,False,False,Q[NONE]|F[Crackers],1204572970.676932,1204572970.676932,0.0,8093720.434806447,0.0,8093720.434806447,h09,5,Katrina,1196479250.2421257,11044185.42063203,1185435064.8214936,1691134106.8191216,190823237.24526474,1.0,0.0,0.0,190823237.24526474,10400000.0,9557344.06438629,1671176762.7547352,194ee7d496202d224d0a28c5fad8c4d6862d50d6845a6e34e2d2f9ad0a09d645
LA-0168,168,8fdb26ac985bb5ebdfe0d474dd96d132088387252909a47daf8aa7674c54077b,M2,A1_FINAL_NO_MEMORY_V1,PASS,ea24aa034c9250083b140dae9e666d378403527a4f5b53171e714fe4bfe818b3,09735f048a571c3dcb668394393c9f613143254c83a8d33f8ce6c9ca873a829c,d9667b4c1fa07af877ea3f0e35e47210e0711f392f262d57264272181276bb5c,P1,14478886.880339487,677020.7285684373,0.0,0.0,0.0,0.0,NONE,NONE,NONE,0,0,0,0,0,0,0,0,0,True,True,False,False,False,False,False,False,False,False,False,Q[Water+Vaccine]|F[NONE],1222095320.6702127,1222095320.6702127,19137905.85543848,0.0,0.0,19137905.85543848,h09,5,Katrina,1202957414.8147743,0.0,1202957414.8147743,1871071048.6996043,0.0,1.0,0.0,0.0,0.0,0.0,9071048.699604308,1862000000.0,2809b650de806e6f777dfb2694e0bcfa95a13c9dd78d3195d6c1945a167702bc
LA-0169,169,b0f2032de2442051dcc2a77a5d1150a6cc6f7c2c5317099a77f5cb39892e418c,M2,A1_FINAL_NO_MEMORY_V1,PASS,9f82e27c13143c894e0fc16cb74dcc9bf58e8c76f0e810abace1d5c27bbbccd2,f5a9075c416dfa5a555e46b39cbd768ff4c206a17a2bdce149fab9e920dd5e11,71c646ac65aee171db2230a86027fec8ca3e72099a33a97e3d92090e525f43d5,P4,0.0,0.0,0.0,0.0,0.0,183235869.3832734,NONE,NONE,R1,0,0,0,0,0,0,0,1,0,False,False,False,False,False,True,False,False,False,False,False,Q[NONE]|F[Crackers],1222868566.832414,1222868566.832414,0.0,6269567.556036332,1185696.2126213869,7455263.768657719,h09,5,Katrina,1215413303.0637562,11682642.086780759,1203730660.9769754,1739937980.4733088,142019363.5910776,1.0,0.0,0.0,142019363.5910776,10400000.0,9557344.06438629,1719980636.4089224,fbf3f8597125a2679f61781026ae5c0b1476410de54114dc2469fd3a9ebd130f
LA-0170,170,e20bc3fe56ecbfa50edae2fdc3bb38c9a5ba56e6bd20d5bb830aff856918c573,M2,A1_FINAL_NO_MEMORY_V1,PASS,69ccac98b4f5ff0b87d05354cd5f3357c13c6e6f88a7642d6a3b636bf92cd49f,02eb42d042adec86a86f45f0b96227a16b8cfdfc1f8ebdf435b9da2c53674dc4,c97fe7b098c57df76197f548f82d313d639625926eecdd918a16b217a304a90f,P1,16510375.98286994,585747.4563910667,0.0,0.0,0.0,0.0,NONE,NONE,NONE,0,0,0,0,0,0,0,0,0,True,True,False,False,False,False,False,False,False,False,False,Q[Water+Vaccine]|F[NONE],1228626321.657972,1228626321.657972,19137905.85543848,0.0,0.0,19137905.85543848,h09,5,Katrina,1209488415.8025336,0.0,1209488415.8025336,1871188377.6911924,0.0,1.0,0.0,0.0,0.0,0.0,9188377.691192396,1862000000.0,476badefaaa9d824f0942773a48e34e1ce56d07a486423a028a2e2a07ed2abe1
LA-0171,171,3bccbb9d9ce3593b4eb53716980111cf89d90022d8b034df908d48ce2623beca,M2,A1_FINAL_NO_MEMORY_V1,PASS,1e78da3a054018f711cc63d15658835df077ec77b57a7fd2cf0fa9c8972a2b79,2c3233f44d45c8a5349f515e3cd36ebea44e0a7c8a3ce9e8d0f378952a184b92,ce7e8b02cdd631cd6dd2d26fbabe03e7df44986ba69580677a14e6f69c2c98f5,P4,0.0,0.0,0.0,396748.7216049864,1523391.0952568778,0.0,R0,R0,NONE,1,0,0,1,0,0,0,0,0,False,False,False,True,True,False,False,False,False,False,False,Q[NONE]|F[Water+Vaccine],1209180238.1922557,1209180238.1922557,0.0,5981377.580777438,0.0,5981377.580777438,h09,5,Katrina,1203198860.6114783,13156528.274661038,1190042332.3368173,1880459985.9057992,1497358.1585872138,1.0,309391.4984665993,1187966.6601206146,0.0,10090608.5015334,8369377.404265675,1862000000.0,81b40eff5c1fedbce0027a3127926031292699e10508c192edb34355b16a1a9e
LA-0172,172,84a890bda107c2affe9940ec8a32906871be70610d62d2687f2ad7d0de24af36,M2,A1_FINAL_NO_MEMORY_V1,PASS,84209d625d36e933303128331372ea4cf101ec86c9c1f71defe79111df17c052,d0483295886aff7f3db82a8d385750fabc0eece13ba87ed50f9434c3bbd7cf8c,bd577e8e5d4a3d5d7047a1ade2e0500922b9e2f4a1df6e33b0bec20ea791b81b,P4,0.0,0.0,0.0,13758616.47464577,0.0,249432806.34328827,R0,NONE,R0,1,0,0,0,0,0,1,0,0,False,False,False,True,False,True,False,False,False,False,False,Q[NONE]|F[Water+Crackers],1178483183.737531,1178483183.737531,0.0,5049461.073304734,0.0,5049461.073304734,h09,5,Katrina,1173433722.6642263,14088444.782133743,1159345277.8820925,1683013591.0823493,198943752.9820371,1.0,10400000.0,0.0,188543752.9820371,0.0,9557344.06438629,1673456247.017963,01487bc64bf3010f38253e2c25cc1294687fe3be0731cca8522fb6167593816f
LA-0173,173,3fdce90559a3fa35fc5a790f6b3ef13b885ad9fdec179bd496c9207d1c078563,M2,A1_FINAL_NO_MEMORY_V1,PASS,85e6b3941f6d979a7679785dfcd8fb06d23db305a715577400a310e90e0fa311,59cdd6bd22fbb4ee34d24d04fd9c1aa25442713c228f153500131d339d174847,92456db82cd8a809b52473463d675e21470d5a3a52ee16247e3524545e8f61e9,P4,0.0,0.0,0.0,22737307.26966383,0.0,145207655.8680452,R0,NONE,R0,1,0,0,0,0,0,1,0,0,False,False,False,True,False,True,False,False,False,False,False,Q[NONE]|F[Water+Crackers],1224265799.0073102,1224265799.0073102,0.0,10337754.368210062,0.0,10337754.368210062,h09,5,Katrina,1213928044.6391,8800151.487228416,1205127893.1518717,1805139645.4724987,76817698.59188774,1.0,10400000.0,0.0,66417698.591887735,0.0,9557344.06438629,1795582301.4081123,d9096dbbb72ec948a93db7899ebb991fedfc18fb7bc7dabc7d8e95513322550c
LA-0174,174,4f344505002ff21d8109eed718bb5f8b8002bb30f9d928a87bf9a1d0f7b50adb,M2,A1_FINAL_NO_MEMORY_V1,PASS,8cb670d976701030cf8986a079146ac56532c5ce1e1900c1454063279d617323,6401f64cef8c4a4a041e5b4520e8ef4a6ed38588888244f38a17a461ab355a41,aa37a656064b4015dd519093af22ba6852af7e075d687cd76ffd2a427b766b74,P4,0.0,0.0,0.0,0.0,1635708.494920758,0.0,NONE,R0,NONE,0,0,0,1,0,0,0,0,0,False,False,False,False,True,False,False,False,False,False,False,Q[NONE]|F[Vaccine],1229257448.4612556,1229257448.4612556,0.0,7513160.614530262,0.0,7513160.614530262,h09,5,Katrina,1221744287.8467252,11624745.240908215,1210119542.605817,1881115662.9528208,841681.1115654873,1.0,0.0,841681.1115654873,0.0,10400000.0,8715662.952820802,1862000000.0,6e2011c7cb55c881395bf4ea60cd97b23f849961bc92c9fc17c02300c226e55f
LA-0175,175,a912a0bb463baf4b784ea1818052bd1732b8e8372ae51bc27018c35d799c5f16,M2,A1_FINAL_NO_MEMORY_V1,PASS,6e6b39f7362868d4aa1493001a2c99da5783ab54be98752fe4949fcc2d62a289,35fa1d301a4b9ae95d2a998a2e2905d550c3cb4cfbe60c825d4a52f70d4d3640,543945d53d2a2460a5385f950706d40fa5df3d44e4abf1b8f0910cb1b5246ed7,P4,0.0,0.0,0.0,0.0,0.0,316153255.338479,NONE,NONE,R0,0,0,0,0,0,0,1,0,0,False,False,False,False,False,True,False,False,False,False,False,Q[NONE]|F[Crackers],1220911773.4817803,1220911773.4817803,0.0,4506331.9490697635,0.0,4506331.9490697635,h09,5,Katrina,1216405441.5327106,14631573.906368714,1201773867.6263418,1734718194.5401206,147239149.52426577,1.0,0.0,-1.2623513257487533e-10,147239149.52426577,10400000.0,9557344.06438629,1714760850.4757342,2d4f97283f2f4ad85155e9fedf413c1e9e56648cb4ae10de69556087faaf9050
LA-0176,176,8dda0ef35966165b367315cca6b45e7b0a369af9a2f908b0948dd31a0642bd3c,M2,A1_FINAL_NO_MEMORY_V1,PASS,003f5775a88e9ddb6ede1a282dc95ae6c60b1397821559ed1a54b8c89cb8af2f,0c68406f7c6a9652af4345670a37ed8952b8c77334ae7c7362d22a60f1961279,d096e657a704b6fa7b1e2761a42c35f2ee9e7bbcd1ddda03cbf6e205788458ff,P4,0.0,0.0,0.0,21635298.125476886,0.0,269405872.4396983,R0,NONE,R0,1,0,0,0,0,0,1,0,0,False,False,False,True,False,True,False,False,False,False,False,Q[NONE]|F[Water+Crackers],1200616640.0804284,1200616640.0804284,0.0,5393958.610821724,0.0,5393958.610821724,h09,5,Katrina,1195222681.4696066,13743947.244616754,1181478734.22499,1742055034.5919993,139902309.47238702,1.0,10400000.0,0.0,129502309.47238702,0.0,9557344.06438629,1732497690.527613,c489a3ac64327b7f6b8e1125276afafc57e433293ff51e3903a360b1d40db25b
LA-0177,177,349972c31a9c23bfc9f28b230d0d49461f58a66f02fa1d54a1dfe0c2269dad7d,M2,A1_FINAL_NO_MEMORY_V1,PASS,63f55c843a472bb622e53cd0d406d6f26e41e7bb8f732bbd269f131a82f88b34,467337d69fc0a3e251752c1f671cae843046274773e05fa5f77e78d3ad7c2a11,bf503459d231512dd9fc1394f7422d2bf461f1303b52cc67efb05c4bb9fd0e4e,P4,0.0,0.0,0.0,0.0,0.0,190903623.42769462,NONE,NONE,R0,0,0,0,0,0,0,1,0,0,False,False,False,False,False,True,False,False,False,False,False,Q[NONE]|F[Crackers],1220963757.0486314,1220963757.0486314,0.0,1443704.0464488342,0.0,1443704.0464488342,h09,5,Katrina,1219520053.0021825,17694201.808989644,1201825851.193193,1734856861.7585673,147100482.30581912,1.0,0.0,0.0,147100482.30581912,10400000.0,9557344.06438629,1714899517.694181,1c3c2a90969029a00ce234b35eb6fa399b93720ad3e518c0bed6ff28eca4cb21
LA-0178,178,9e6e4cfc9023c6b94b41acc93c5cc1e9da7543d1d1a5d5bdca4165f0287c210b,M2,A1_FINAL_NO_MEMORY_V1,PASS,272ad9f44ce165dbfa8acbc04492320de99b8880933cb4be6fe08a4446c5dbd7,3a158096a687cb797f9ccbe825159a66ff743512e6c045190553707868e9b2a7,3db152fb3735d021005e34ea073374ae2046fbc412abfbcafef360883684d707,P4,0.0,0.0,0.0,0.0,0.0,243642546.19960594,NONE,NONE,R0,0,0,0,0,0,0,1,0,0,False,False,False,False,False,True,False,False,False,False,False,Q[NONE]|F[Crackers],1219100587.3460743,1219100587.3460743,0.0,5821375.885731503,0.0,5821375.885731503,h09,5,Katrina,1213279211.460343,13316529.969706975,1199962681.4906359,1729886818.8046696,152070525.25971672,1.0,0.0,0.0,152070525.25971672,10400000.0,9557344.06438629,1709929474.7402833,f8aedf64af233b80961e5621aa19b7849921ef301192d7099e531b26e00069f6
LA-0179,179,1fb4960aa84b46eb37d3c5daaa1d2e544bbc4709d0b898d967690d88b8373469,M2,A1_FINAL_NO_MEMORY_V1,PASS,bbf48834b0cee83ceb6a1c94237203550a67569850f89be0ab60c05c5d244ff1,21cdc9632f37ba23d75aa223c6e56b160d6d9b517bd3214d250b2e3d74176544,051afea6415a434138fcbd768d76c57aedb20d152e458482459beea20189fe5b,P4,0.0,0.0,0.0,0.0,0.0,345127553.3752019,NONE,NONE,R0,0,0,0,0,0,0,1,0,0,False,False,False,False,False,True,False,False,False,False,False,Q[NONE]|F[Crackers],1186272767.9722197,1186272767.9722197,0.0,7333968.919235183,0.0,7333968.919235183,h09,5,Katrina,1178938799.0529845,11803936.936203295,1167134862.1167812,1642317945.101472,239639398.96291456,1.0,0.0,0.0,239639398.96291456,10400000.0,9557344.06438629,1622360601.0370855,9e2dfa62770f285e68a1d117d3cc6ca20ce97aef42b65479a0c72151614348e2
LA-0180,180,b145dd9c8cfc5155696db0031bc4064abe43f4293e451bc31c0f9c145adcff92,M2,A1_FINAL_NO_MEMORY_V1,PASS,7c79c19f7cb03d1005a1591c988fd29302b040f5be7b0fa21be65ded7f5453b6,ea13542327529cd4e7d864f5215c9b6d2173d972fefa5d5ad07d6a53e90e7cb8,036201ac5d9f6cafbc2a93a645e77757c44a5d00f42d590603c46efc6b1f47b2,P4,0.0,0.0,0.0,0.0,2336585.647153755,0.0,NONE,R0,NONE,0,0,0,1,0,0,0,0,0,False,False,False,False,True,False,False,False,False,False,False,Q[NONE]|F[Vaccine],1193052766.8541737,1193052766.8541737,0.0,1599485.0145194288,0.0,1599485.0145194288,h09,5,Katrina,1191453281.8396542,17538420.840919048,1173914860.9987352,1880465248.2933087,1492095.7710775966,1.0,0.0,1492095.7710775966,0.0,10400000.0,8065248.293308693,1862000000.0,d509f3279647c71ade279ab411160f894530b2467f0ef2b165ed6471b93e0b76
LA-0181,181,060d6c34408ab0d9201a98d0b431f21c8baac34b4d031c8897f92b6e83fd3a42,M2,A1_FINAL_NO_MEMORY_V1,PASS,39700c27029c87c66ec2aade300b44c9d223dc09dea8aab4c0038e498be48c98,b3a939ab44b28aad1cd24252a4a49100e04d95c7a54b35b0a505d8e112e76120,6597505aece6b6cdeb1e42fe729f9caa47404ae311bdb8a999fb22dfbe98a605,P4,0.0,0.0,0.0,0.0,812623.687718412,0.0,NONE,R2,NONE,0,0,0,0,0,1,0,0,0,False,False,False,False,True,False,False,False,False,False,False,Q[NONE]|F[Vaccine],1234039742.554662,1234039742.554662,0.0,2152758.2817888185,3998267.457017542,6151025.73880636,h09,5,Katrina,1227888716.8158557,12986880.116632117,1214901836.6992235,1881201576.5431738,755767.521212544,1.0,0.0,755767.521212544,0.0,10400000.0,8801576.543173745,1862000000.0,3eae4769c2693a09522484c60a0bab4aca3c472d7d519109a1895bbc250b82f2
LA-0182,182,5cfd88baf24039e2769004dece62af8b6dbec8698589dee7c9804a26216af56d,M2,A1_FINAL_NO_MEMORY_V1,PASS,1cac8e96bc16703c1192366b61a72746efc473281c055bb554c57848d4015993,df588daecae49fd12772c2d8c5e1d93325da4b649de3e31b8bf73f81b5dc7fc9,732bf4dd3911a05d2e25b788e451f445fb5b2735940729fc3e609b268963fe47,P4,0.0,0.0,0.0,22450086.121125758,0.0,247044071.0805565,R0,NONE,R0,1,0,0,0,0,0,1,0,0,False,False,False,True,False,True,False,False,False,False,False,Q[NONE]|F[Water+Crackers],1206262021.6947834,1206262021.6947834,0.0,6885611.06457792,0.0,6885611.06457792,h09,5,Katrina,1199376410.6302056,12252294.79086056,1187124115.839345,1757114204.4979823,124843139.56640413,1.0,10400000.0,0.0,114443139.56640413,0.0,9557344.06438629,1747556860.433596,1fa689b7481d6faae7698665a041da95cc501390e94ef0a5a32beee3ef639ee1
LA-0183,183,e441a7404cab0227668f92769d6fde5120e994cce1bc171452796d3e56b752bb,M2,A1_FINAL_NO_MEMORY_V1,PASS,f873c3798e582f4aa5ce0922c2a12708db61ed654d06e1eff2e9616b7bdc2097,7ad170728a741a9681cbdbdb438c771fb411c44726641d0de87c5646106c85b9,57c7ab64ee4caf855b75c4143d531eb1986976d31a5aa9eb92b89c38f7d1cdf6,P4,0.0,0.0,0.0,13087157.488487603,0.0,163069162.859309,R0,NONE,R0,1,0,0,0,0,0,1,0,0,False,False,False,True,False,True,False,False,False,False,False,Q[NONE]|F[Water+Crackers],1200585068.4274375,1200585068.4274375,0.0,2697931.184037779,0.0,2697931.184037779,h09,5,Katrina,1197887137.2433999,16439974.6714007,1181447162.571999,1741970816.5675893,139986527.49679714,1.0,10400000.0,-1.537226734706439e-10,129586527.49679714,0.0,9557344.06438629,1732413472.503203,67e65e4d446d60af76857f2a1e31fc833a471eed9c5a94a535639356f71c2bca
LA-0184,184,628c0e26c3aaf4ef8acf1fe43c689320c1d9f0b37d9812af2f407c30475de9f5,M2,A1_FINAL_NO_MEMORY_V1,PASS,b9f19917f4d31dc1c40bd49ed8e04d0176fd607bf78283925a0667ef43691f8f,982e9a32d48eed6b3802895324002a6ba9b7f53e4e1d50260e03b8d80965b229,3bb1333337ffcec8436e14423b98d9b5aa691607bdb586f38b58f629c7f59264,P4,0.0,0.0,0.0,13483132.49570482,0.0,116799724.01834989,R0,NONE,R0,1,0,0,0,0,0,1,0,0,False,False,False,True,False,True,False,False,False,False,False,Q[NONE]|F[Water+Crackers],1215390922.6701977,1215390922.6701977,0.0,4248940.809275074,0.0,4248940.809275074,h09,5,Katrina,1211141981.8609226,14888965.046163402,1196253016.8147593,1781465732.921516,100491611.14287043,1.0,10400000.0,0.0,90091611.14287043,0.0,9557344.06438629,1771908388.8571296,a9ac5ec4cddd69fe95b9fbc5bb905de43ddca2dad6a06653f681321e267af27b
LA-0185,185,9e103addc9ed57efe655316af9bc38b8c92f6c2ab130474d6efe41f82b2f5ef8,M2,A1_FINAL_NO_MEMORY_V1,PASS,1344081b46ab3e3d8637d4b9d8f5147114490f6e5acf737e3307d0dd3bc7201f,0c15ef151b4a1ac1e9ad371954af18cbe38ae4ecc5c35b416b4922c6b8a80e51,1274828b708c4c7f721b5c124d8c1bc27f5827c6522a07c7f0722c7a2beb17e1,P1,15787047.300761808,618246.0681697458,0.0,0.0,0.0,0.0,NONE,NONE,NONE,0,0,0,0,0,0,0,0,0,True,True,False,False,False,False,False,False,False,False,False,Q[Water+Vaccine]|F[NONE],1226493594.9685056,1226493594.9685056,19137905.85543848,0.0,0.0,19137905.85543848,h09,5,Katrina,1207355689.1130672,0.0,1207355689.1130672,1871150063.4002779,0.0,1.0,0.0,0.0,0.0,0.0,9150063.400277866,1862000000.0,5bc13f4d6d1dd6dad46d7e94a14f0a23ef477ed5c804ccc199b334798becb471
LA-0186,186,ad1879d20a25fa7fb3a6a0748ebcb2db03bb2ffdfd6666f96c0b3d44fc01510f,M2,A1_FINAL_NO_MEMORY_V1,PASS,97f30855014d18ffe4a9525b4589374d4db905a9e8523e00844a51c3cbfd7791,f1db7ee17dae4a3fc055f14b73ec095ced6aa5832fc7c02e756c99a61ffe74b8,b6a344eb1c8138a6c36263905841cf548fcae3c6c4413ace959835e179e6265e,P4,0.0,0.0,0.0,16119467.118262904,0.0,153186225.69401336,R0,NONE,R0,1,0,0,0,0,0,1,0,0,False,False,False,True,False,True,False,False,False,False,False,Q[NONE]|F[Water+Crackers],1212113917.0119002,1212113917.0119002,0.0,8143959.383954534,0.0,8143959.383954534,h09,5,Katrina,1203969957.6279457,10993946.471483946,1192976011.1564617,1772724253.8927667,109233090.17161986,1.0,10400000.0,0.0,98833090.17161986,0.0,9557344.06438629,1763166909.8283803,a54efe00721749577f5400ec30b54797a4f45e8e89e5b80803cd9103482c52e8
LA-0187,187,ebee8966197c6778cdfd3c9b74795a537c827852e85459ac6b6a5f4b809fd5f9,M2,A1_FINAL_NO_MEMORY_V1,PASS,9e1f9e8f9cc9212feda2b054c3fdb1208e855d81dc27c4f7e0f38ab96c867ad0,a7c8a83bc3960d787a73a8a44352e6f8145af255268c331de05f3fec82ad4118,76bd37ac8549b1067c9838a7d10c5001a22d17870956c30f717c70a0b47e98d0,P2,15218806.534391966,0.0,0.0,0.0,0.0,80140447.14419809,NONE,NONE,R0,0,0,0,0,0,0,1,0,0,True,False,False,False,False,True,False,False,False,False,True,Q[Water]|F[Crackers],1224255052.0053172,1224255052.0053172,9857220.992325677,274149.81021590217,0.0,10131370.802541578,h09,5,Katrina,1214123681.2027757,9006535.052896898,1205117146.1498787,1805110977.6268072,66446366.43757912,1.0,0.0,0.0,66446366.43757912,0.0,9557344.06438629,1795553633.5624208,e5e63224794edad1b7344b3721e44063fff41e4f861099a375f62916e6af9c59
LA-0188,188,a12874d824774d3f0b261800d9aaf05f0bd46a255c9b46a67182d2e3a86b5523,M2,A1_FINAL_NO_MEMORY_V1,PASS,6a1197b7bfa41b7864785167c51508b93658f0b9a896666c4df9bdcaa15513df,6d445bd534a060dc63186256237c6246e015d1b18edf1ad6922239f70e3f6675,9d5afb71d9204bde65d177775e8b4838289fb44e18aa304b5d55491c0a7d9ae2,P4,0.0,0.0,0.0,0.0,1096121.2215360845,0.0,NONE,R2,NONE,0,0,0,0,0,1,0,0,0,False,False,False,False,True,False,False,False,False,False,False,Q[NONE]|F[Vaccine],1222834566.6630867,1222834566.6630867,0.0,6499220.29526226,3507063.8463991834,10006284.141661443,h09,5,Katrina,1212828282.5214252,9131621.713777034,1203696660.8076482,1881000276.3151705,957067.749215835,1.0,0.0,957067.749215835,0.0,10400000.0,8600276.315170454,1862000000.0,7722a54eddaae74ada534138994963412e3b1be9cbd3d3fda9ee1dbf7c605d80
LA-0189,189,540e975fa23e1d9c4323a59e0d826910650ed03b00a52c4a1d1c23a2d8f021c3,M2,A1_FINAL_NO_MEMORY_V1,PASS,af7be4c4a694a78b90545569571e1217526949382e0f3620e3ba1f1501c37fe1,6e9039d9a32135357b8db29cdf2ff0cce57f6626d0980e61fc2d811f4ac1c979,9943b6a7455508c3757f376afe5bb3596adceffea4f87cff09c1fb7545d22f28,P2,16869123.505445205,0.0,0.0,0.0,590465.5471533219,0.0,NONE,R0,NONE,0,0,0,1,0,0,0,0,0,True,False,False,False,True,False,False,False,False,False,True,Q[Water]|F[Vaccine],1228922732.0029454,1228922732.0029454,10926131.29447686,2798202.4484218056,0.0,13724333.742898665,h09,5,Katrina,1215198398.2600467,5413572.112539812,1209784826.147507,1871193702.683018,363641.381368416,1.0,0.0,363641.381368416,0.0,0.0,9193702.683017874,1862000000.0,86a1f52f06a960b7d5679295dfb708983dd436d17b9ee4fe269f1c9ce928b148
LA-0190,190,0473e62cfcac9d4e684fa3a0a59959fb0898aac76cebad5adbbecd86af07a745,M2,A1_FINAL_NO_MEMORY_V1,PASS,b7c1927a65f5ddf6c0daa87a7885fd03664101db6ff0efa6db873397b08258e6,d72a9e421feb0b5837037e7147b3b6443e90b35569b29a808d8a2953c5becab3,cc6c3e8256266ffe283721b051db26ef2b2cc3c4461b919e1342c545ff886e4b,P2,16767599.550040584,0.0,0.0,0.0,0.0,97741251.47969577,NONE,NONE,R0,0,0,0,0,0,0,1,0,0,True,False,False,False,False,True,False,False,False,False,True,Q[Water]|F[Crackers],1228869674.6166825,1228869674.6166825,10860374.228561288,2189421.149669046,0.0,13049795.378230333,h09,5,Katrina,1215819879.2384522,6088110.477208144,1209731768.761244,1817420576.9955792,54136767.06880715,1.0,0.0,0.0,54136767.06880715,0.0,9557344.06438629,1807863232.9311929,578273cb971c95dab8dc1b2083d0143707a23ef46244afd0d0eedc67a654204d
LA-0191,191,04a6cfc381e575596828fde088abd01bbb90a6f8e060f1baf34851f7bff52a71,M2,A1_FINAL_NO_MEMORY_V1,PASS,b3ea32430f3fdbdd9a45e65c80bd16f5dd2317461a2d8225d5090fde06b1a40d,8a214aefcf013b3df7f045b85c8fbb40eefd0b76de68b9dccc31be94d6b09196,ff7d7d6587f2555b8204fef5d1044031601eadc9d0d608a90f212c19ba3e99ea,P4,0.0,0.0,0.0,12513734.265659066,0.0,123564319.9780615,R0,NONE,R0,1,0,0,0,0,0,1,0,0,False,False,False,True,False,True,False,False,False,False,False,Q[NONE]|F[Water+Crackers],1210667033.40115,1210667033.40115,0.0,4114294.8257106035,0.0,4114294.8257106035,h09,5,Katrina,1206552738.5754395,15023611.029727874,1191529127.5457115,1768864662.528196,113092681.53619038,1.0,10400000.0,0.0,102692681.53619038,0.0,9557344.06438629,1759307318.4638097,e955929549fa1cded83f7b871f6a2a31a3cb1dcdaaaa4f05ce0eeccdc291fe61
LA-0192,192,5c5bdef810f8771fd56289e99baab5fd72dfdf3cf610e4ddcdfbfdfedccf027a,M2,A1_FINAL_NO_MEMORY_V1,PASS,32ae727e2c2a6c9cab9cbfb5e3a94666efd2b555be33e6c78667e1505a531805,b4024db6202683ba11f2dbc927b6d64267c102fa5c96d7dece4c0a940421ebed,0249d67c3e1dc3fab4de54e1a053d8bc3f83770ef9050e3f2436871beb785d53,P4,0.0,0.0,0.0,25415808.458680045,0.0,65216682.1146598,R0,NONE,R0,1,0,0,0,0,0,1,0,0,False,False,False,True,False,True,False,False,False,False,False,Q[NONE]|F[Water+Crackers],1239160311.541744,1239160311.541744,0.0,7614083.298081253,0.0,7614083.298081253,h09,5,Katrina,1231546228.2436628,11523822.557357226,1220022405.6863055,1844871059.616849,37086284.44753736,1.0,10400000.0,0.0,26686284.447537366,0.0,9557344.06438629,1835313715.5524626,e8adeebc9254b2c446cc1a0bdd02d4ad31e9880583cc10879c6499a16e347881
LA-0193,193,dbb94712d2a7aca8ed8533ed1a7a1b023bb5fd47b8e0863a834f8576151b0edf,M2,A1_FINAL_NO_MEMORY_V1,PASS,c4e6ab5905ad8cec76f6f5d25cc2f761b72bb72f8a7652f575bbc5e26a4a6b21,c55e32a6d90e7a98a8d479ae0a1b2c3a4e945ba363b684b505b1232721e89513,10d4c2829acb8807d979b837c41f00da243ecf60fb8d080d2c70d9fd4571e681,P4,0.0,0.0,0.0,0.0,0.0,221237112.90514356,NONE,NONE,R0,0,0,0,0,0,0,1,0,0,False,False,False,False,False,True,False,False,False,False,False,Q[NONE]|F[Crackers],1225929656.1482756,1225929656.1482756,0.0,2347083.3472061334,0.0,2347083.3472061334,h09,5,Katrina,1223582572.8010695,16790822.508232344,1206791750.2928371,1748103498.2813056,133853845.78308089,1.0,0.0,0.0,133853845.78308089,10400000.0,9557344.06438629,1728146154.2169192,1671a4d51a0cd22d7a8efa2a9687737e6efce1443fd82af6228c8a5b257319eb
LA-0194,194,ee1b34bb796dae0fff09e7d705c3288214fc78f0c947e0371bf56606f70ab6be,M2,A1_FINAL_NO_MEMORY_V1,PASS,3d685e59931e7a8f37620d9fd0d988d24787e02efb6ef767a4bb433f440db861,c2aa8126e949d8b0fd644fc9d9b8167700db416068a44cb84b95e5c3b801f950,49868f1dbb9a26e2d8e6e4adb5dbfed93e049b8059c10ca0e64ce23ecb96510f,P4,0.0,0.0,0.0,17291536.373631336,1188557.1650573357,0.0,R0,R0,NONE,1,0,0,1,0,0,0,0,0,False,False,False,True,True,False,False,False,False,False,False,Q[NONE]|F[Water+Vaccine],1209372605.6121173,1209372605.6121173,0.0,3457587.7491117404,0.0,3457587.7491117404,h09,5,Katrina,1205915017.8630056,15680318.106326737,1190234699.7566788,1870842485.9829814,11114858.081404852,1.0,10400000.0,714858.081404851,0.0,0.0,8842485.982981438,1862000000.0,d7040409c35a0f98761f4ecb01d819b30eeadcc6c6dc19b8d242a05052a2209f
LA-0195,195,f2613aced52600c65bc8cdd53750eff7573085e465ad10361232f8fac93ba787,M2,A1_FINAL_NO_MEMORY_V1,PASS,25421dc4e9c5eade9b2fe5ff3ab43b784fc7f3988276765de5f394567e941bea,79948f4895ba1fa345c8416ee50aec4353facbd4e9340d1c304478e02e821323,5a2c4669a466933e8aa7d1df2714f6d4d82c59171a3cd9a1728965b56bac3461,P4,0.0,0.0,0.0,0.0,0.0,250908286.55634165,NONE,NONE,R0,0,0,0,0,0,0,1,0,0,False,False,False,False,False,True,False,False,False,False,False,Q[NONE]|F[Crackers],1227230531.6421328,1227230531.6421328,0.0,11745593.371730208,0.0,11745593.371730208,h09,5,Katrina,1215484938.2704027,7392312.48370827,1208092625.7866943,1751573610.034019,130383734.03036736,1.0,0.0,0.0,130383734.03036736,10400000.0,9557344.06438629,1731616265.9696326,f9b6966b0b66d0cff77b37d7b15b5f303219b23e048719342fd9e07179113bad
LA-0196,196,ecca1844ab06c3365026ff85aeaba74e3706fb644552a123e50dd69343dc2045,M2,A1_FINAL_NO_MEMORY_V1,PASS,5a9b9954329883ad658816e0a046df0ebcef72a0fe9030079a6579e7acb92c52,506e353d69d52c36f085df6eca3b7d8cefc92f3d276a946760ca18ed2b4ab9eb,bd523919e786053feff379dad9a53a5dbcf4aaeee0a1eb1dac173e100dfd600f,P4,0.0,0.0,0.0,0.0,0.0,349019595.1761549,NONE,NONE,R0,0,0,0,0,0,0,1,0,0,False,False,False,False,False,True,False,False,False,False,False,Q[NONE]|F[Crackers],1179681496.6998324,1179681496.6998324,0.0,1875001.5659783147,0.0,1875001.5659783147,h09,5,Katrina,1177806495.1338542,17262904.289460164,1160543590.844394,1624735595.356521,257221748.70786545,1.0,0.0,0.0,257221748.70786545,10400000.0,9557344.06438629,1604778251.2921345,5c79fba15256a648b4a58f1d32f5d67034bb806f64ba607fa6f7a9ee3169eef5
LA-0197,197,b3c6834eaa541b9262f7238445c6b1ba82033509df39012d82f2863040ec0ecc,M2,A1_FINAL_NO_MEMORY_V1,PASS,095c8fbb69f55277ce5f83821ebe8227f6ab8bc1488a16ac4c3a0f19b08e4892,bb16480a8921089b106035c7b3bb5f9156377d93d546adf4d7768bbcbc133237,8004acef9b7b036ccbb834c09d028730dbaeff03761aa2839aa781c43f7fa3b8,P4,0.0,0.0,0.0,0.0,0.0,432793263.8548299,NONE,NONE,R0,0,0,0,0,0,0,1,0,0,False,False,False,False,False,True,False,False,False,False,False,Q[NONE]|F[Crackers],1219966389.5701478,1219966389.5701478,0.0,4792388.868109674,0.0,4792388.868109674,h09,5,Katrina,1215174000.702038,14345516.987328803,1200828483.7147093,1732196363.7899275,149760980.27445883,1.0,0.0,0.0,149760980.27445883,10400000.0,9557344.06438629,1712239019.725541,c958184a12b4b6e7ee8905faf62e216aa8f305cb1a699b35a32fc4e5a784728a
LA-0198,198,28d04d1396e976e176b3ad1ed972b6a74cc27bae42c442017a1ee4600c2bc65c,M2,A1_FINAL_NO_MEMORY_V1,PASS,9890ebb6087dbc11f0c799673a047646a16e8d38f2199b6e6838c0d2fd0e7141,a42d5ed7db326422c53fcb713037d121fb81cf89ff624da1d76646984613cd35,39a7aaa36adf33c97acaf62e3ffc9c3b9ccd1fed40aa2f20303c12989e0ca773,P1,15098484.439235728,649182.6778680284,0.0,0.0,0.0,0.0,NONE,NONE,NONE,0,0,0,0,0,0,0,0,0,True,True,False,False,False,False,False,False,False,False,False,Q[Water+Vaccine]|F[NONE],1224273524.7048018,1224273524.7048018,19137905.85543848,0.0,0.0,19137905.85543848,h09,5,Katrina,1205135618.8493633,0.0,1205135618.8493633,1871110179.987952,0.0,1.0,0.0,0.0,0.0,0.0,9110179.987952055,1862000000.0,c25c547183825b84e617ff78f6ad151972381cdfae45332e635ddba082e1be84
LA-0199,199,d1c9720b2467c7b41bbb1bad91de73ac79a2817a1a0aec29b42ba803608c2733,M2,A1_FINAL_NO_MEMORY_V1,PASS,1a12529034e7165d06e624668042bce6e66d2a69df378c457499ea188a5b4873,a2f7c21a24fda9a125e053c28c3a0adeabcb70baaa981f8ec413e62f213a9915,d1f99a2aa68cee9f0034747f0390f5a14962d3a15fdf0611e52d42a16abce475,P4,0.0,0.0,0.0,0.0,3594015.7857666784,0.0,NONE,R0,NONE,0,0,0,1,0,0,0,0,0,False,False,False,False,True,False,False,False,False,False,False,Q[NONE]|F[Vaccine],1208978199.7226763,1208978199.7226763,0.0,2105708.3672989737,0.0,2105708.3672989737,h09,5,Katrina,1206872491.3553772,17032197.488139503,1189840293.8672378,1880751347.619058,1205996.4453284098,1.0,0.0,1205996.4453284098,0.0,10400000.0,8351347.61905788,1862000000.0,a31a8cc68281f0b98db908c8280a032509d955e522abd35039d2fc280c0e67ec
LA-0200,200,f2534f7fe860fe08da03ba5287d920a0459e5fbf1e54cb66a0bfbb1664b672a9,M2,A1_FINAL_NO_MEMORY_V1,PASS,366cc4072bdd3d46e1fb126eed9ce7538bc8c2c103c43cb0e69a7815e44c231e,9cc88aa870f72168ef82e889db0b003042f63d241c23409a1e75261ac7a01992,adaee88752f19468c568ae780b2cf2650fca5ea149e978496340525f45ae57f9,P4,0.0,0.0,0.0,20393898.041668374,0.0,203999948.36112782,R0,NONE,R0,1,0,0,0,0,0,1,0,0,False,False,False,True,False,True,False,False,False,False,False,Q[NONE]|F[Water+Crackers],1210165290.462493,1210165290.462493,0.0,8174363.987067105,0.0,8174363.987067105,h09,5,Katrina,1201990926.4754257,10963541.868371371,1191027384.6070542,1767526253.0674164,114431090.99696992,1.0,10400000.0,0.0,104031090.99696992,0.0,9557344.06438629,1757968909.00303,57dc53783988dc82b658adb873b1ce6b8dde877fbb0c79ecf49cd59ae7fee7e2
LA-0201,201,8ecfcdba737c4ffbbf85bddf5eec30ec72a3ee53522bd9225c7d7adbd2912825,M2,A1_FINAL_NO_MEMORY_V1,PASS,7788ab41aa7b091bc57a9538e92f73d08342982de2a34f095f7b82f7304b71b5,31124c186d1ad625d636539bbf0e2c85f0c16078bf6b84d807ddf102d8ef88cc,2e5a4f322f8d3b331f1fa8b6383a6a4331778c0089cf7f9d17e07e5bcb8fc171,P4,0.0,0.0,0.0,0.0,0.0,334799012.4133439,NONE,NONE,R0,0,0,0,0,0,0,1,0,0,False,False,False,False,False,True,False,False,False,False,False,Q[NONE]|F[Crackers],1224344964.3651104,1224344964.3651104,0.0,4365230.030802737,0.0,4365230.030802737,h09,5,Katrina,1219979734.3343077,14772675.82463574,1205207058.509672,1743876300.8230116,138081043.24137473,1.0,0.0,0.0,138081043.24137473,10400000.0,9557344.06438629,1723918956.7586253,5261c43826a430ed66ad97a48aa1aede2cd0dcb3b6640e808a7f0e42dab31a23
LA-0202,202,84052096e398a045e260837ad8a1eaba88a7c1f75a94b2ae2b14a6c0b6895cd7,M2,A1_FINAL_NO_MEMORY_V1,PASS,7afaf68f5ce384481a41d83560eaf59066e97cf42369c3f30d5c9f5e80bc1410,5c9ed3f6232d110b4fee11f020c6bbee75c346f2d21f263665c303257d84a622,e4473ada9cc67f1d826d6b3f6b5794c6bfdadbe337cd0872a53346e1e5a674b3,P4,0.0,0.0,0.0,19490602.02578449,0.0,198229125.40548432,R0,NONE,R0,1,0,0,0,0,0,1,0,0,False,False,False,True,False,True,False,False,False,False,False,Q[NONE]|F[Water+Crackers],1209512217.1403656,1209512217.1403656,0.0,10128884.97238702,0.0,10128884.97238702,h09,5,Katrina,1199383332.1679785,9009020.883051457,1190374311.2849271,1765784166.7407856,116173177.32360086,1.0,10399999.999999998,0.0,105773177.32360086,1.862645149230957e-09,9557344.06438629,1756226822.6763992,f6b076e0612a3bed9f0f2fe641489a4a6cf0d7b268717e46a3697f49a640c32e
LA-0203,203,75f52792602025983e1e240022e273feaa2e8955ea59a2b5528dbaf6a94c34b2,M2,A1_FINAL_NO_MEMORY_V1,PASS,edc73e6f6a7c1ff1f71a28cc360d1c994d102956773246c649ac338c893cc1eb,f10e104aa77b55c9bbcf2de21643dafa55d99a661cc1c58195e0863387e6fe24,fdeda1ca4977ffc31f7fabe655f7ecdfca1b2c0f50c048b59c3a82b0a5296e5c,P4,0.0,0.0,0.0,0.0,0.0,179045989.4005783,NONE,NONE,R0,0,0,0,0,0,0,1,0,0,False,False,False,False,False,True,False,False,False,False,False,Q[NONE]|F[Crackers],1219200052.5521383,1219200052.5521383,0.0,8316447.928828317,0.0,8316447.928828317,h09,5,Katrina,1210883604.62331,10821457.92661016,1200062146.6966999,1730152144.2583184,151805199.8060679,1.0,0.0,0.0,151805199.8060679,10400000.0,9557344.06438629,1710194800.193932,395a59adb8c2808edd57bdfb903a9f4d7afd459fbf2f76fd0ad6f70a9efceb54
LA-0204,204,68bacba53fe9875039b1d3566104bf08443258df24c10e3efe45f99707de2509,M2,A1_FINAL_NO_MEMORY_V1,PASS,873111f68e9d8dbe58bfc9ea0c7e80ff3fd09f3f8b5c87630b7d9cbb63520dba,f72b2261c47afbbd16275c5c71cf20620dbea026328c5b8a5992d5422f85a09b,4c6654748b8b77c39988832bd226329ba8f4719b97d628bf13659157c6150b5f,P4,0.0,0.0,0.0,22246717.03566498,0.0,376518250.8323581,R0,NONE,R0,1,0,0,0,0,0,1,0,0,False,False,False,True,False,True,False,False,False,False,False,Q[NONE]|F[Water+Crackers],1183179391.2434928,1183179391.2434928,0.0,4202774.582882513,0.0,4202774.582882513,h09,5,Katrina,1178976616.6606104,14935131.272555966,1164041485.3880544,1695540819.8114417,186416524.25294477,1.0,10400000.0,0.0,176016524.25294477,0.0,9557344.06438629,1685983475.7470553,2df50dfde6f03ddee4399827ec1b4d9af81f13fdfe045ede6b16a03545f85738
LA-0205,205,23884bb8c90f192c69fd9bf16e5ebb5435e6ef34e9ccca458cad5799c9599c75,M2,A1_FINAL_NO_MEMORY_V1,PASS,d0a3aafa5215b2efd07288f5c83f48c79c857831831b68db775846527acfb23f,c763180599e9d4cc67606fbf7025803b10dfad8ff6a770a6cb94a45968c57c04,74ed17bdd25b75035e22d2309544e69b75135234132f3acece35b0651ca21153,P4,0.0,0.0,0.0,0.0,1958806.5876235897,0.0,NONE,R1,NONE,0,0,0,0,1,0,0,0,0,False,False,False,False,True,False,False,False,False,False,False,Q[NONE]|F[Vaccine],1220218410.0448766,1220218410.0448766,0.0,5712529.0330890715,632229.0877382029,6344758.120827274,h09,5,Katrina,1213873651.9240494,12793147.734611204,1201080504.189438,1880953277.2382407,1004066.826145451,1.0,0.0,1004066.826145451,0.0,10400000.0,8553277.238240838,1862000000.0,bb0e87f2eb9fd2cb873b5734dac577c0948e9ff6357d7244b9dffa42f93e6796
LA-0206,206,9184c594f2b02431e1496a521621bbbbb00b8d592886ccc1a42cce343c9031c1,M2,A1_FINAL_NO_MEMORY_V1,PASS,c1d49dba4c27e4f8ca5a38a9adbeb2bee22c2c635fa3b4deeff876a9292260f0,4b5ec4ec2776a126ff3993dae7988865a49ab880a57a9a98449174f84efc37ba,b69cc716bdf04507f29ec1024698b7a410fafe4592bce6eafd7fbcd21e246826,P1,17727948.762413334,531042.8303290312,0.0,0.0,0.0,0.0,NONE,NONE,NONE,0,0,0,0,0,0,0,0,0,True,True,False,False,False,False,False,False,False,False,False,Q[Water+Vaccine]|F[NONE],1231823279.210701,1231823279.210701,19137905.855438434,0.0,0.0,19137905.855438434,h09,5,Katrina,1212685373.3552625,0.0,1212685373.3552625,1871245810.8176787,0.0,0.9999999999999977,0.0,0.0,0.0,0.0,9245810.817678615,1862000000.0,c5c2f2d2fb9390ee44acbf477d0eb2c58309dded8d5bc6881dddeaa168995893
LA-0207,207,f7596145dc855b8f83857ff3b76d0149c9a793c0608518405bfeeb8bd5d1a283,M2,A1_FINAL_NO_MEMORY_V1,PASS,9057c373b527d6e50c4c9901ce52701f7f62e54175fe781d06c87dd13458353d,e06005d596691b950f9044b472030393017e14979420e4067be89a62ec71c0c3,c14603a04d54b2fa29f9d1123789d12e7222b71a291ac6ad693314b22f4f6c0c,P4,0.0,0.0,0.0,0.0,0.0,226416764.39259818,NONE,NONE,R1,0,0,0,0,0,0,0,1,0,False,False,False,False,False,True,False,False,False,False,False,Q[NONE]|F[Crackers],1237282953.5976288,1237282953.5976288,0.0,7223231.265325602,1324029.8622390777,8547261.12756468,h09,5,Katrina,1228735692.4700642,10590644.727873798,1218145047.7421904,1778388649.394604,103568694.66978244,1.0,0.0,0.0,103568694.66978244,10400000.0,9557344.06438629,1758431305.3302176,1884c755b41967e07a6c4d82137f21e06a0dc8d39c1ecef9779d969dc36121e9
LA-0208,208,86f8dee9613183fc59f97a4e65221bcd624a99be001735564d47f13ecd95937f,M2,A1_FINAL_NO_MEMORY_V1,PASS,52ee7d233a0d4c32800d144ba4d53f129acc3a32bf7e7fa394e73e6d05e62579,dec12963c7a12301e3f98b03d002fe2ada265a57f4a46e74e6882f26ca6dc659,dcb58bff8bfbb91fcf17e1cdb97dc2b270478c73033a7a63c41f26a1d6b1d5ed,P4,0.0,0.0,0.0,12983934.471336452,0.0,59312129.45594894,R0,NONE,R0,1,0,0,0,0,0,1,0,0,False,False,False,True,False,True,False,False,False,False,False,Q[NONE]|F[Water+Crackers],1231354511.2649283,1231354511.2649283,0.0,4083776.044720443,0.0,4083776.044720443,h09,5,Katrina,1227270735.220208,15054129.810718033,1212216605.4094899,1824048929.1302514,57908414.93413485,1.0,10400000.0,0.0,47508414.93413485,0.0,9557344.06438629,1814491585.065865,e3d570b48c9db6842fd3602d6bd4bd96ea5b7e421a46a65dfa460db5ff2b2774
LA-0209,209,e526c4d8714286be126cc93233722f4436728e28184cffcf1aac0e4be1e06064,M2,A1_FINAL_NO_MEMORY_V1,PASS,140bb0c561049afd8fe1c91e8141f1430159c486c07e637712ea62f4aec849d2,0514734ce500a466f089d760501ee101f91cb9b98fe53cbcc0d0febb899981b7,11c380c5926c3a2775d507381c5093736ab2355192c193716153c17d9bb0cd7b,P1,15312136.609108755,639583.4471225538,0.0,0.0,0.0,0.0,NONE,NONE,NONE,0,0,0,0,0,0,0,0,0,True,True,False,False,False,False,False,False,False,False,False,Q[Water+Vaccine]|F[NONE],1224983749.0385365,1224983749.0385365,19137905.85543848,0.0,0.0,19137905.85543848,h09,5,Katrina,1205845843.183098,0.0,1205845843.183098,1871122939.1201332,0.0,1.0,0.0,0.0,0.0,0.0,9122939.120133266,1862000000.0,1f516723d9d72e2df9a31127ca026e030ba0f3e658431b176d86562a3e3d084c
LA-0210,210,83c2596975cd51e628c363b9d0b1e44c3d23dbe6c6d62c564575a741a19cda06,M2,A1_FINAL_NO_MEMORY_V1,PASS,8e9c315fc5180447c4a5d650e710e5f28e399fc2df6265c7ff971fc899cfce16,f48f8cfaf55e84f26d72c8009449073afe4b4739c3dac8db111db81e9e1ba80d,d3af5d4c0d2e9ae0caa8038ea24122b71fa7173c0f53092f4abd6e662ffcaa41,P4,0.0,0.0,0.0,393991.8052000757,2211519.5654862965,0.0,R0,R0,NONE,1,0,0,1,0,0,0,0,0,False,False,False,True,True,False,False,False,False,False,False,Q[NONE]|F[Water+Vaccine],1204571857.0773478,1204571857.0773478,0.0,3495294.4628120675,0.0,3495294.4628120675,h09,5,Katrina,1201076562.6145356,15642611.39262641,1185433951.221909,1880455683.5088973,1501660.5554889934,1.0,227073.25698563352,1274587.2985033598,0.0,10172926.743014367,8282756.76588293,1862000000.0,a5bf83b7c74fb39a1becbfce94a6b27c07a436f1ae5877652cc0af2a6f0382ef
LA-0211,211,92d6db19e1caa7d5151d909586e63316a48805f07be2e71a5fecf25ca6e04c62,M2,A1_FINAL_NO_MEMORY_V1,PASS,06c8a6c1a08b202c5e330de45004b6ba32de68a0660e0d4b310c5899d21aab34,23180f73294022f1796e9f64a9bf262efe8c084a8d660f835c6472c6ab32a9fb,90a5e468ebb0df3a77a0d51c4ce95eeca6ba5362ef2321dfc6b9d54b6d75785f,P4,0.0,0.0,0.0,0.0,0.0,245884131.43743905,NONE,NONE,R1,0,0,0,0,0,0,0,1,0,False,False,False,False,False,True,False,False,False,False,False,Q[NONE]|F[Crackers],1203937479.6045265,1203937479.6045265,0.0,6759139.299459563,1272314.505910944,8031453.805370507,h09,5,Katrina,1195906025.799156,11106452.050067972,1184799573.749088,1689438921.5000715,192518422.56431475,1.0,0.0,0.0,192518422.56431475,10400000.0,9557344.06438629,1669481577.4356852,356a523a9d16229e97958bc8391eb98a9ca2de5e01c9312865c566bfd831905e
LA-0212,212,8896fa619231c76be7c870b5bd6b196c4740fc6e25a8f3c6f1bf214cddd7f732,M2,A1_FINAL_NO_MEMORY_V1,PASS,baacb000e1e1b287c196004617bf355cf23246b547070298e5f878489f96d4fb,93f35f1e84eb3adba5f19c03f444e783a70c8a2dac09ff877804d95afec76b3f,3bc1638ad3fca80e0df11164b3e1704aaddd0357fb70c9c476e7414ddea9daa9,P4,0.0,0.0,0.0,18804852.935954582,0.0,212217573.01268336,R0,NONE,R0,1,0,0,0,0,0,1,0,0,False,False,False,True,False,True,False,False,False,False,False,Q[NONE]|F[Water+Crackers],1205166052.7842877,1205166052.7842877,0.0,2057084.1740157618,0.0,2057084.1740157618,h09,5,Katrina,1203108968.610272,17080821.681422718,1186028146.9288492,1754190685.2104883,127766658.85389817,1.0,10399999.999999998,0.0,117366658.85389817,1.862645149230957e-09,9557344.06438629,1744633341.146102,ea79fbfb9818ffc9492c1d7a5a39cbbfcc3ba6d9e02edb1ef17004023d1a4361
LA-0213,213,ae1e170a5cf218e07ea93f50a6e5e3bc19ad858f758a5e43880d2eb9b8f17537,M2,A1_FINAL_NO_MEMORY_V1,PASS,0d411bfd7d94f9a186e3157fff9099c93b1f70f11730d193cf20558d0f7998fa,8fa15c992caacc80b1243533a4bdd76ec8877524a1037b539a81fe8c31209ef8,98488911a2a5ab095e5215e33c757a1ab749d7604f38741f396f30c7f8750de2,P4,0.0,0.0,0.0,0.0,0.0,188881630.698522,NONE,NONE,R0,0,0,0,0,0,0,1,0,0,False,False,False,False,False,True,False,False,False,False,False,Q[NONE]|F[Crackers],1230521564.5506852,1230521564.5506852,0.0,8688267.895068854,0.0,8688267.895068854,h09,5,Katrina,1221833296.6556163,10449637.960369622,1211383658.6952467,1760352507.0371995,121604837.02718681,1.0,0.0,0.0,121604837.02718681,10400000.0,9557344.06438629,1740395162.9728131,210ddf31bbe6ae6e2418046acdd659ae55d4a69ead914c095067253ee547c945
LA-0214,214,9efce6e2880d1e62f9f9070735f458410132cd0efd7181e5ae450433b6048b6a,M2,A1_FINAL_NO_MEMORY_V1,PASS,95089fc3064864608181091f0e73a99560aec17ddbfbf2cf73a0e7f5577a6653,c9f9772bf2fdec9a29d11282a530be86571c5682524ef68991bc05be6529376e,2782af8a9554655835bb2b6154277db9620df663f04d5e2e9cf5035a80f759cf,P4,0.0,0.0,0.0,0.0,0.0,174915468.74880093,NONE,NONE,R1,0,0,0,0,0,0,0,1,0,False,False,False,False,False,True,False,False,False,False,False,Q[NONE]|F[Crackers],1231717601.5820162,1231717601.5820162,0.0,6923578.911058146,2226653.74132785,9150232.652385995,h09,5,Katrina,1222567368.9296303,9987673.203052483,1212579695.7265778,1763542960.065718,118414383.99866849,1.0,0.0,0.0,118414383.99866849,10400000.0,9557344.06438629,1743585616.0013316,405a11ddc792a153d1df12db68b1830087a898afbe7d1ef2a966a5789cf85fdb
LA-0215,215,3c19dfe670aa6e691fcff3daec1b632b01af2e3c05e95ca411e0df62a87ea30d,M2,A1_FINAL_NO_MEMORY_V1,PASS,b70dc72772d6ae0d6c7de6998b21e11c51747b5d1c535f74c9e9c0097db43638,ac7f23ea723905070d759c2ef700d66d26fd40045a98a0a85082434d7698205e,53239e7b9c641d19d3ecfb02052302e8eb819bb33aa4a4b2d1902b76f62b98cc,P4,0.0,0.0,0.0,33907410.290091015,0.0,128878308.65931286,R0,NONE,R0,1,0,0,0,0,0,1,0,0,False,False,False,True,False,True,False,False,False,False,False,Q[NONE]|F[Water+Crackers],1234345741.5900526,1234345741.5900526,0.0,5614649.6116569955,0.0,5614649.6116569955,h09,5,Katrina,1228731091.9783957,13523256.243781483,1215207835.7346141,1832028096.6641934,49929247.40019289,1.0,10400000.0,0.0,39529247.40019289,0.0,9557344.06438629,1822470752.599807,77089e6ad94948e02f920a286b26bcf3b9d63c914eaa237dc348770d29b28a01
LA-0216,216,dbb498be1c3f008cc6fb508e6ceee41fe53337982ef2d1543830b70fdcd42b01,M2,A1_FINAL_NO_MEMORY_V1,PASS,a1be96fd7a87fb570e47ff395d77346b0adb6f540e44a91ce09e2b8215140eb8,39569a34d675a2a68918da04198bb09d37a2cc2be29dab6f05dd4bbc6390583e,dce27e665aab853b7c2be806ad2e1ba03b435ad6d32db498f092a1c42bbeaa53,P4,0.0,0.0,0.0,19509434.498602815,0.0,70720362.20977506,R0,NONE,R0,1,0,0,0,0,0,1,0,0,False,False,False,True,False,True,False,False,False,False,False,Q[NONE]|F[Water+Crackers],1235031757.209995,1235031757.209995,0.0,5149644.220303088,0.0,5149644.220303088,h09,5,Katrina,1229882112.989692,13988261.635135388,1215893851.3545566,1833858057.2380905,48099286.826295935,1.0,10400000.0,0.0,37699286.826295935,0.0,9557344.06438629,1824300713.1737041,11bd0cb3c81690bd126bd9cb1697b4771b14891499269e1661be0959a1bcf64d
LA-0217,217,f9d410e023a2c1a6046f9072a31a748482f1f7416899506cb757e0779ebbac7d,M2,A1_FINAL_NO_MEMORY_V1,PASS,c93afba1e8a278148f0ceaf14d0e1e4062bfdab39d51337c9dbb1cd551456c48,f06603a4c66a2cd441efeeae8c906502408f481c01deef99e8a168b7577f11a2,c71bd5334c32aef84c686a1bc33f327a255514bc52765afeaee9194a0917da78,P1,14310171.680028029,684600.9751862044,0.0,0.0,0.0,0.0,NONE,NONE,NONE,0,0,0,0,0,0,0,0,0,True,True,False,False,False,False,False,False,False,False,False,Q[Water+Vaccine]|F[NONE],1221469526.39822,1221469526.39822,19137905.85543848,0.0,0.0,19137905.85543848,h09,5,Katrina,1202331620.5427816,0.0,1202331620.5427816,1871059806.3477793,0.0,1.0,0.0,0.0,0.0,0.0,9059806.347779203,1862000000.0,4cbfd85f3ad33760b640ffe4871527c39aa9e83498c2956f6c9a4340b1020358
LA-0218,218,fbdd04d57bbc0f2b162896c7c023e8273c6e35389e763e185b0d0f93d38db844,M2,A1_FINAL_NO_MEMORY_V1,PASS,0e7bf1a95cedf9c3b7ef1322430e1e1d6be88ad9389b9f7f80b44bffdf9d869a,c187123fa22d7641c28faac3ee8f970c3e59d94dea84d00488cbc9f4360fbf53,87e1b69e01527c08c0b0706b68b918dc58296f49cc4fa18262544bfa84f33999,P4,0.0,0.0,0.0,12435736.312866215,714543.8149516083,13773048.743451945,R0,R0,R0,1,0,0,1,0,0,1,0,0,False,False,False,True,True,True,False,False,False,False,False,Q[NONE]|F[Water+Vaccine+Crackers],1211583167.4507778,1211583167.4507778,0.0,6483030.6093707755,0.0,6483030.6093707755,h09,5,Katrina,1205100136.841407,12654875.246067703,1192445261.5953393,1859441377.7221673,22515966.342218943,1.0,10400000.0,597572.6316911551,11518393.710527789,0.0,8959771.432695134,1850481606.289472,f87a3524e07f0efc742da4d07cabfc835b8bc26144e1dd525eb4a1e74dec59ba
LA-0219,219,5bef757b1be3533cf676a85395ee0324314ac146193a8d3071a96ed0904cd65d,M2,A1_FINAL_NO_MEMORY_V1,PASS,07849b0e311ebdec488fe684628c426b50daea52d5df77f556ded4d3ad78c5ee,49d0fdcffe995efa457218c2ab779bb012915075b87d3a6ba3312f6634b7ce6e,da7e2d3eef5675e049e7bed18560defd6f3b15dd80ce252c0cec518de548c595,P4,0.0,0.0,0.0,14892190.585738482,0.0,228605086.94360563,R0,NONE,R0,1,0,0,0,0,0,1,0,0,False,False,False,True,False,True,False,False,False,False,False,Q[NONE]|F[Water+Crackers],1189316014.7628834,1189316014.7628834,0.0,1419089.8162455352,0.0,1419089.8162455352,h09,5,Katrina,1187896924.9466379,17718816.039192945,1170178108.907445,1711910387.4581294,170046956.60625687,1.0,10400000.0,0.0,159646956.60625687,0.0,9557344.06438629,1702353043.393743,aa13ef06304a3f7de239b41cfc3db02ad2e68a1886c0b58f8bf616e6a448bc97
LA-0220,220,244497016d8f27d5db6f7899ca9a66ccf62b69016ea3e49dc7ba93a709ba3973,M2,A1_FINAL_NO_MEMORY_V1,PASS,09aab000650af729bac3ad3c43409774c8d20bce998ac2fa658fa2c12e7f59cc,fc5c49d89e95e73f43b93caf7b90e095aded5de30a489f843aad06edd8d1b2fe,153da043c6445d7e0154bdb11e85544f8bee7c972c60461853c9a624eb011de4,P4,0.0,0.0,0.0,0.0,0.0,231321471.46376982,NONE,NONE,R0,0,0,0,0,0,0,1,0,0,False,False,False,False,False,True,False,False,False,False,False,Q[NONE]|F[Crackers],1222632015.524519,1222632015.524519,0.0,2534462.0516521465,0.0,2534462.0516521465,h09,5,Katrina,1220097553.4728668,16603443.803786332,1203494109.6690805,1739306975.063858,142650369.00052845,1.0,0.0,0.0,142650369.00052845,10400000.0,9557344.06438629,1719349630.9994717,09995002909b304ccdcab6ccb915f21f990f9e19301d977bfeb7c8d5309b8d32
LA-0221,221,2b7f0f9adcc4e5c60f04eb9202d3c271703e808e39e3c28423e9a43b14a88a6e,M2,A1_FINAL_NO_MEMORY_V1,PASS,47035f902ecec2431b17e0bf7bd61498e84d9e46d6ed1a1bf5b87f15198705d1,69fd10ccd4395eaf2fb6b1856da42a326abbded194ee99fbd4b88e337e09ed16,dd147f584101ee811cf7a7c983259e23efe063f670457492e9e7749d80ef6036,P4,0.0,0.0,0.0,0.0,0.0,159683672.6858088,NONE,NONE,R0,0,0,0,0,0,0,1,0,0,False,False,False,False,False,True,False,False,False,False,False,Q[NONE]|F[Crackers],1230319077.674871,1230319077.674871,0.0,4716747.686308239,0.0,4716747.686308239,h09,5,Katrina,1225602329.9885628,14421158.16913024,1211181171.8194325,1759812369.1909175,122144974.87346897,1.0,0.0,0.0,122144974.87346897,10400000.0,9557344.06438629,1739855025.1265311,1d44e16a8aeafe7d94e6dae276553b202cdab102dfeddd8f88c38bb16988749a
LA-0222,222,b4857d22595373a3c8a611d1ebdf1d18a9f544bc795d256727fccea25734b07a,M2,A1_FINAL_NO_MEMORY_V1,PASS,c1d1b6803498431770ecc81375a4d428eb84049b4c2cfae1b67773194e34ddb2,cee470f70d814c0d6f1de0e6e54fddf475d34eadcee7ea9e1852944fa1e137bf,723f9a08f6029bc72e898499df4d734c127a0cd40fb2dfe312c243455cd55e25,P4,0.0,0.0,0.0,0.0,2151157.081962004,0.0,NONE,R1,NONE,0,0,0,0,1,0,0,0,0,False,False,False,False,True,False,False,False,False,False,False,Q[NONE]|F[Vaccine],1197951730.928874,1197951730.928874,0.0,7207901.688104792,1177955.324733458,8385857.01283825,h09,5,Katrina,1189565873.9160357,10752048.842600228,1178813825.0734353,1880553257.8519948,1404086.2123915497,1.0,0.0,1404086.2123915497,0.0,10400000.0,8153257.85199474,1862000000.0,b92655ccf2523eaa0dc09974a1ad58a3e4a0deae98e1dea4df4518d58d4fdd12
LA-0223,223,aa7445b5aef9746dda532765389b063f98842db71739dfc3334e1e0943417b11,M2,A1_FINAL_NO_MEMORY_V1,PASS,ee3c103cc393500d68b60443b0b6672469456b6431078f7fb7e5784cb55cbabe,83323d7564d0e7faaa41f74d28f5434bb445dd93cba9fb42d3c3ce53650d6537,72f1ad280d6a243ff53d44a3706f6710a7b3bf33c4c04c4a4a3d90cc305a6260,P4,0.0,0.0,0.0,0.0,1583999.057885118,0.0,NONE,R1,NONE,0,0,0,0,1,0,0,0,0,False,False,False,False,True,False,False,False,False,False,False,Q[NONE]|F[Vaccine],1218695867.1863906,1218695867.1863906,0.0,3044221.3519405825,904675.9087552935,3948897.260695876,h09,5,Katrina,1214746969.9256947,15189008.594742602,1199557961.3309522,1880925924.858633,1031419.2057532043,1.0,0.0,1031419.2057532043,0.0,10400000.0,8525924.858633086,1862000000.0,5db49744fcfed7a3f795492ae01e8931ce84c0600aaab4f11843cab17f99fb62
LA-0224,224,ec7ba463fcc8875675b20bf2012612b7aee4f014952e4a882082e58cd770069d,M2,A1_FINAL_NO_MEMORY_V1,PASS,4e37cd71e4e23122f523c3600adaf460984fdb396b98f9001db6c70d6805cd67,06b18efaf838b2aab78bea77117898debce74d79e1eaf423dfd63202911e3369,fb9b77f73e7d8ea44897077f4b79bfe63d11fb260d184ef8745a7816c96132bd,P1,15729236.578657832,620843.4602831437,0.0,0.0,0.0,0.0,NONE,NONE,NONE,0,0,0,0,0,0,0,0,0,True,True,False,False,False,False,False,False,False,False,False,Q[Water+Vaccine]|F[NONE],1226314675.6520805,1226314675.6520805,19137905.85543848,0.0,0.0,19137905.85543848,h09,5,Katrina,1207176769.796642,0.0,1207176769.796642,1871146849.126844,0.0,1.0,0.0,0.0,0.0,0.0,9146849.12684396,1862000000.0,f5331f862a783eb12d64cbc54ba3ddda9c63d4a2cb51bc2f4bb0b648cedeb437
LA-0225,225,32db4626f4583c27c0d2c73d99b4e2f234fdf139fc9c44a741e1fbffdc7408b3,M2,A1_FINAL_NO_MEMORY_V1,PASS,212a5b3870378d7fca35f49a0ea66e0fd8eb93f57b3a34c1563876489fa94fb4,f036d788ea48a58204e267eddbc93f1c90b75488eaa9323d10a3845e7544fca3,8ff29189597e3d57a3585048d4c757e90281a488c4f430fab475fdf6c35108ea,P4,0.0,0.0,0.0,0.0,1341411.5462441307,0.0,NONE,R0,NONE,0,0,0,1,0,0,0,0,0,False,False,False,False,True,False,False,False,False,False,False,Q[NONE]|F[Vaccine],1227314690.6329393,1227314690.6329393,0.0,1395050.4877253396,0.0,1395050.4877253396,h09,5,Katrina,1225919640.145214,17742855.36771314,1208176784.7775009,1881080761.4396648,876582.6247214988,1.0,0.0,876582.6247214988,0.0,10400000.0,8680761.43966479,1862000000.0,e02f608d4cf36df6bea67848ab64b0d98f733517e759f7e14fe60ba2d3ac5815
LA-0226,226,5db8c42897c778381794c8f901390f4c88266f301e22be8cb9b2f0e6799a6d25,M2,A1_FINAL_NO_MEMORY_V1,PASS,31c7f348e122431e63a12719fe273b8e0558ae7082a0a210bf5bed2de9d15ed0,d167cdb72d30cae6255f874a530c1ece2477cb03735d3fccec3ad432e11324db,81c16eea3f5ed737e71257fb2483dcae37f94c89f28bb0fe2e00bf30c4dad762,P2,17600165.556433816,0.0,0.0,0.0,598150.9883744641,0.0,NONE,R0,NONE,0,0,0,1,0,0,0,0,0,True,False,False,False,True,False,False,False,False,False,True,Q[Water]|F[Vaccine],1231343639.6377041,1231343639.6377041,11399627.230902184,2435316.412685458,0.0,13834943.643587641,h09,5,Katrina,1217508695.9941165,5302962.211850836,1212205733.7822657,1871237194.1251485,320149.9392377979,1.0,0.0,320149.9392377979,0.0,0.0,9237194.125148492,1862000000.0,7d3b045f3a7a32d41e118149cf606729bb128973420154630faa1eab094cbb46
LA-0227,227,2a72832f6a49efaf3ad9c76999af9764709bbda0604b5532f5feeda06ac1bea8,M2,A1_FINAL_NO_MEMORY_V1,PASS,2c8ca5d5faa22bd35348d2560ae7a90d9b96e4acc61f208650b1cf457c98dfde,781cb534cc42fc7e8b3bdc5b9d8cb648be6c84a455ae8f6bc0786034d7b98fdb,0af1d18146c19f761088cdec0893f50a371540fc4fd3478464c149165b1cc9fe,P4,0.0,0.0,0.0,12569061.820752302,0.0,86001087.13383293,R0,NONE,R0,1,0,0,0,0,0,1,0,0,False,False,False,True,False,True,False,False,False,False,False,Q[NONE]|F[Water+Crackers],1222488098.49828,1222488098.49828,0.0,3858231.0332914544,0.0,3858231.0332914544,h09,5,Katrina,1218629867.4649887,15279674.822147023,1203350192.6428416,1800397593.3250644,81559750.73932199,1.0,10399999.999999996,0.0,71159750.73932199,3.725290298461914e-09,9557344.06438629,1790840249.260678,15511be1b12e86a044e2b92d000f4bec7936f252eb1a9f8bad2e090a0f0b7e6d
LA-0228,228,9a7cf482266b21d433ac9d5b4c7a3c408df6990466426254b045b477ff91c73c,M2,A1_FINAL_NO_MEMORY_V1,PASS,447e1852c69fb1303743fd8d01d92b2aad4eb9bfe0b143290adbd98ceb885e8c,179ae4fe648eb833aa95872fa2db912c160d2fcdcb6dde7e38e60010845e80c9,bc82e8dea8e851713827f7425bb9bc6553c9c5c220e22bdd27ca698c91dc3d2c,P4,0.0,0.0,0.0,0.0,0.0,201206707.84613845,NONE,NONE,R0,0,0,0,0,0,0,1,0,0,False,False,False,False,False,True,False,False,False,False,False,Q[NONE]|F[Crackers],1215218891.078079,1215218891.078079,0.0,9408038.00253289,0.0,9408038.00253289,h09,5,Katrina,1205810853.075546,9729867.852905588,1196080985.2226405,1719532315.3155653,162425028.74882108,1.0,0.0,0.0,162425028.74882108,10400000.0,9557344.06438629,1699574971.251179,4ec55f800ab119ef0ba9e71a1fbf2b6caa3ffd0f0998ba469b30808cad44e86f
LA-0229,229,8fe0b0a129a27ec3b9201d2b52a5a40b1581770750ada369214e69d9d2fa5500,M2,A1_FINAL_NO_MEMORY_V1,PASS,109261eedf2dd2a3098374fc86d6fdd85a01921ac382c15a5db520e1452135a3,a915052e012c06d1fe82be698c7cfb46deebf778ea69bb4d2778b84cfe012c1d,76f8ef5633b2562f4cb5dfab104dce35e5392962a9f1c42d0992d194c22ef067,P4,0.0,0.0,0.0,0.0,0.0,267273072.93511498,NONE,NONE,R0,0,0,0,0,0,0,1,0,0,False,False,False,False,False,True,False,False,False,False,False,Q[NONE]|F[Crackers],1211975904.7857907,1211975904.7857907,0.0,7490307.433105163,0.0,7490307.433105163,h09,5,Katrina,1204485597.3526855,11647598.422333311,1192837998.9303522,1710881583.635326,171075760.4290604,0.9999999999999998,0.0,0.0,171075760.4290604,10400000.0,9557344.06438629,1690924239.5709395,a1df63a3b88fda2a573efbfbf0913cd8fc090d87390aed04d2a101abf65a10d4
LA-0230,230,6722e072a7e54ba3bc9227e09b9f6e8e3d8d965f2aa22fe5f185f73ef262702f,M2,A1_FINAL_NO_MEMORY_V1,PASS,cce006763e54e38f31bb2ec4296a353da1cceebde9e10c0e838f08bc2622ae3b,2349d7e6956df608b31a1183bc8c72cf2ec6bf6ed042b18a8e562d7472847b66,54f336d6fa2f65d0393fceecb8b4136bf6ecb7280fae0b6bef04b9d9d9fa1f0e,P4,0.0,0.0,0.0,0.0,0.0,518056315.54713833,NONE,NONE,R0,0,0,0,0,0,0,1,0,0,False,False,False,False,False,True,False,False,False,False,False,Q[NONE]|F[Crackers],1153281214.955219,1153281214.955219,0.0,998491.4998447846,0.0,998491.4998447846,h09,5,Katrina,1152282723.4553742,18139414.355593693,1134143309.0997806,1554312308.5857856,327645035.47860074,1.0,0.0,0.0,327645035.47860074,10400000.0,9557344.06438629,1534354964.5213993,1c2c93dce4388e41f64ff426ad85f4cab68b3cf079650263f78eee5a55585287
LA-0231,231,c19ae09cb55a3839287aec3371ba5d67a0a8141e47c80fb39f7629bea09a231e,M2,A1_FINAL_NO_MEMORY_V1,PASS,328648b30c3e7fe7e7f059f90fcc0f60dd7b0a5fa93f63aae31c90d45013b89a,b4a8d14342238fdc94c7df2680e599d7735a1a84aa1919c0a823afb74b4bc3ae,44c1d13527e53eed74a2d00f8511dfbaac57b7c55f17fb9ef9216af233fd2970,P4,0.0,0.0,0.0,23065274.498055216,0.0,122137631.4077767,R0,NONE,R0,1,0,0,0,0,0,1,0,0,False,False,False,True,False,True,False,False,False,False,False,Q[NONE]|F[Water+Crackers],1228519390.2996926,1228519390.2996926,0.0,4564897.694355091,0.0,4564897.694355091,h09,5,Katrina,1223954492.6053376,14573008.161083385,1209381484.4442542,1816486186.4786408,65471157.58574558,1.0,10400000.0,0.0,55071157.58574558,0.0,9557344.06438629,1806928842.4142544,9d7481ae6c4fe4298c4fab1ee449b8ad03476e2e3bbefd6954385b7a99ae23bb
LA-0232,232,7c6f707dc90b1b6f1a0ecba913cae8658b14029bd1c1dd9f235ed106786c2bd0,M2,A1_FINAL_NO_MEMORY_V1,PASS,2ff65493727e2132b46d343cdae3a541a706804dc02689a1a6e0fdd805259a44,e50b8f0afdd98051d97518e28d965c3121632b7abc8df194c862eab71128a19f,5f938b087e2df2df29e403b54e9448ed1cbe4643f2af420e0194bf7ef1b8f94a,P4,0.0,0.0,0.0,13657827.478217945,0.0,142904828.73539427,R0,NONE,R0,1,0,0,0,0,0,1,0,0,False,False,False,True,False,True,False,False,False,False,False,Q[NONE]|F[Water+Crackers],1208370973.0594308,1208370973.0594308,0.0,6059505.173059725,0.0,6059505.173059725,h09,5,Katrina,1202311467.8863711,13078400.682378752,1189233067.2039924,1762739875.0182757,119217469.04611064,1.0,10400000.0,0.0,108817469.04611064,0.0,9557344.06438629,1753182530.9538894,33e2cf00811614abe0eff86a9bc111ced59a6bab7443169772d74890efc568ec
LA-0233,233,fadeb3e9ff215d9cb978aa304ce8f4e6030eff3b535dd9b7565b61ce8e62fbf3,M2,A1_FINAL_NO_MEMORY_V1,PASS,67cc111ef5b0510f24d6053f785911ac776a30046ec0f446cbe3009fdd7da68c,f810414002ef5677607745e8e015e1a7f8cbe5bf30a919c41b28f57f0d08fdf4,f8ce1b94742ea759267c160344b3429436b68875415c7a1db0588f41effca831,P4,0.0,0.0,0.0,21098930.911326442,0.0,92041534.51014273,R0,NONE,R0,1,0,0,0,0,0,1,0,0,False,False,False,True,False,True,False,False,False,False,False,Q[NONE]|F[Water+Crackers],1232156631.7494042,1232156631.7494042,0.0,8169220.942456219,0.0,8169220.942456219,h09,5,Katrina,1223987410.806948,10968684.912982259,1213018725.8939657,1826188601.7841024,55768742.280283876,1.0,10400000.0,0.0,45368742.280283876,0.0,9557344.06438629,1816631257.719716,3845858f8a2f338252d71124af330ec12e58d0a8bdfad3cbd498013368e73193
LA-0234,234,8e316c08f7d87d64aec2e3e6f08cf315a53267d5c84dae77db84879e2cf7e9b1,M2,A1_FINAL_NO_MEMORY_V1,PASS,48ed4cfbc10b637617223f30c15ff564d99a8c7a2ce695bfd2ad6aaa455440f9,0c63e5162dd9e278c38e84a79eee7f585849abb4282224667332c8e42257f9b5,74cb40d6d2ea8aaeee1a8084dc52f1aa9fef0da1e4644a6d63c8a3da7126964f,P4,0.0,0.0,0.0,0.0,0.0,652149065.9082102,NONE,NONE,R0,0,0,0,0,0,0,1,0,0,False,False,False,False,False,True,False,False,False,False,False,Q[NONE]|F[Crackers],1188303790.2823021,1188303790.2823021,0.0,3236332.9107935824,0.0,3236332.9107935824,h09,5,Katrina,1185067457.3715086,15901572.944644894,1169165884.4268637,1647735738.288845,234221605.77554137,1.0,0.0,0.0,234221605.77554137,10400000.0,9557344.06438629,1627778394.2244587,046eea14778cae643648f09f380be55fd076f6d3aa03f3b68434d71b2d9dee90
LA-0235,235,45e98c81afa1f2024dacad5dbe95ff337089e8f5882cfa9c9cab69d4c02cbfd7,M2,A1_FINAL_NO_MEMORY_V1,PASS,cfdf7e9a3711b5abc10983c0e72469900c828bd4a8f3363f71dfaa9cedf8f529,302ad8d8dd3b27e3d5e9f0bedf410934765fb25314d256bf3ea496811b1efcc9,e6064ddb6e64ee8b8090b0f2015d4718bc4d9589d8ed66037a2b19e6936e1878,P4,0.0,0.0,0.0,0.0,0.0,593008768.4347476,NONE,NONE,R0,0,0,0,0,0,0,1,0,0,False,False,False,False,False,True,False,False,False,False,False,Q[NONE]|F[Crackers],1191933008.484025,1191933008.484025,0.0,1110046.7922008603,0.0,1110046.7922008603,h09,5,Katrina,1190822961.6918242,18027859.06323762,1172795102.6285865,1657416751.417641,224540592.64674547,1.0,0.0,0.0,224540592.64674547,10400000.0,9557344.06438629,1637459407.3532546,d0614d7a2b703180cb3ca97e189d8e73a69aad8a48d5c20952d7ec133abb8d19
LA-0236,236,7e019841ec52d8a83157a12ba9adb5a0b8cc4a41916aeeb09586b9fec714a77f,M2,A1_FINAL_NO_MEMORY_V1,PASS,7e1428d3cb60bb80b895646dcc3291eccfe04b644f12141943ba3147817b1134,9f6b63efc4c091736a14361d3cb97139570104dfd1eaff6659965b31ec656400,e73b2d7ca10675400c0ba2487ea90b7b5624fb9b84e2ae86efd7463e7f2b2f5b,P4,0.0,0.0,0.0,0.0,0.0,230870902.00079873,NONE,NONE,R0,0,0,0,0,0,0,1,0,0,False,False,False,False,False,True,False,False,False,False,False,Q[NONE]|F[Crackers],1204626473.6383934,1204626473.6383934,0.0,7172083.896343822,0.0,7172083.896343822,h09,5,Katrina,1197454389.7420497,11965821.959094657,1185488567.782955,1691276827.0534933,190680517.01089314,1.0,0.0,0.0,190680517.01089314,10400000.0,9557344.06438629,1671319482.989107,657afeab00d02311bf795e7c61a7de9efee5232c2b0f108dcedc8ad96765475e
LA-0237,237,1b9d17016cb75ff947174012309ba745452f8e70311d2a2fd1630e3fe2239b96,M2,A1_FINAL_NO_MEMORY_V1,PASS,cd0ef9a42d8be8a596d48e579994feebcbb021d4bd3438e3f077a7d7999e4551,7aaaf4a7455ecd96da55d5cf0151fabd56b596e494a278e33589c9ce9f025438,60d7944447b7b836813cc4125a60ca2f984027cf7b87758eda72ac847780f1f3,P4,0.0,0.0,0.0,0.0,0.0,225132408.96082243,NONE,NONE,R0,0,0,0,0,0,0,1,0,0,False,False,False,False,False,True,False,False,False,False,False,Q[NONE]|F[Crackers],1223532563.4714236,1223532563.4714236,0.0,10242883.464512272,0.0,10242883.464512272,h09,5,Katrina,1213289680.0069113,8895022.390926206,1204394657.6159852,1741709204.9691737,140248139.09521273,1.0,0.0,0.0,140248139.09521273,10400000.0,9557344.06438629,1721751860.9047873,1bb516e486358084c00d8322b36478845f3488d6876e1740c30324c3e56f0aca
LA-0238,238,347fe1e04cd1b5e2826a2145f31f5f8e5b51650cfb5055ec15af3f7920b4d0f8,M2,A1_FINAL_NO_MEMORY_V1,PASS,c07d61f0fde55239ae3a208fb038ac7ec5b55af735afcd7a9f7a73412ac41989,83a0d9a7e3a321ccc80ae10f65e8eaef7f5211997eb4cee53072eed13e7c9d6b,7e1814501657559364e3fa6ed5d0c9775f77eb4cebd701485339c3bdf1b12081,P4,0.0,0.0,0.0,0.0,0.0,201942618.92996758,NONE,NONE,R0,0,0,0,0,0,0,1,0,0,False,False,False,False,False,True,False,False,False,False,False,Q[NONE]|F[Crackers],1220360436.7352376,1220360436.7352376,0.0,7549595.437863291,0.0,7549595.437863291,h09,5,Katrina,1212810841.2973742,11588310.417575186,1201222530.8797991,1733247492.5913832,148709851.47300324,1.0,0.0,0.0,148709851.47300324,10400000.0,9557344.06438629,1713290148.5269969,9e19ba28aae50dd3f2a926cb9d982be89ef9e86a55224874c2b29465941ad5e8
LA-0239,239,dd6f81b30c0ccd002fbeea466009b4c503517651964b11433f76f849d243c5e9,M2,A1_FINAL_NO_MEMORY_V1,PASS,a695bbad480f30efdc698fc4b69ed65d437fd3ee6cce225ad9c20b87fd714aa4,662c2febf578e32b6942a7c07b69632f81b18093a226df472d797716f2560b11,4bbb464f401713b327a7413e8fe4279e03006d624ea7c2502a089f5497b86af7,P4,0.0,0.0,0.0,25768223.340685174,0.0,199261445.1509364,R0,NONE,R0,1,0,0,0,0,0,1,0,0,False,False,False,True,False,True,False,False,False,False,False,Q[NONE]|F[Water+Crackers],1219016056.0277982,1219016056.0277982,0.0,5554763.658037748,0.0,5554763.658037748,h09,5,Katrina,1213461292.3697605,13583142.19740073,1199878150.1723597,1791135849.6458025,90821494.41858399,1.0,10399999.999999996,0.0,80421494.41858399,1.862645149230957e-09,9557344.06438629,1781578505.5814161,579bfef99ec3734c10ba3aeaae4b2f80d07a538be6417fc37cf5b057cc8844f1
LA-0240,240,456ab94e95f6c4c22089c52fc66aa76bff495fbe9e7b34fc46077478105cafdc,M2,A1_FINAL_NO_MEMORY_V1,PASS,fe3ede10cf5cd2cde52fa4b399051c59d86a44a8b338a8fe3a3386cd8d517c6a,e84ffb7b5bed82e01557835a8f0e2520b83605ccc96cb3ff0db72eebef9c52a7,c8ba2ebec636d5cdfa1259fb67b1780f0adc40118ab430ba3227caef76a75b2f,P4,0.0,0.0,0.0,14427839.480618743,0.0,274768065.7576226,R0,NONE,R0,1,0,0,0,0,0,1,0,0,False,False,False,True,False,True,False,False,False,False,False,Q[NONE]|F[Water+Crackers],1174915473.3193264,1174915473.3193264,0.0,3889120.554400987,0.0,3889120.554400987,h09,5,Katrina,1171026352.7649255,15248785.30103749,1155777567.463888,1673496651.2130456,208460692.85134065,1.0,10399999.999999993,0.0,198060692.85134065,7.450580596923828e-09,9557344.06438629,1663939307.1486592,bc817c4ec4fde5c233e1b9c99193eb84477e96279177a8184b2da6544c75efe9
LA-0241,241,2cf6628e1d5fa070cdf66ed0f55df7b7bfec99e19ed82e25bc4e19be4c5658ec,M2,A1_FINAL_NO_MEMORY_V1,PASS,2803a972a0f2b345ace59fc915c3719110db5c0d1a6573c5ee39bb86bd0cd269,57b10cffdda423a3b7c06a95e0983bd4d2982b3883d7735b70b1465c7f15cb7b,2b016cf4ea59bd9a9dda8d0ef7a301cf2f7367dcd76fe0ab48e5c7e5928fc3cf,P1,16522628.612714507,585196.9549794181,0.0,0.0,0.0,0.0,NONE,NONE,NONE,0,0,0,0,0,0,0,0,0,True,True,False,False,False,False,False,False,False,False,False,Q[Water+Vaccine]|F[NONE],1228660840.053436,1228660840.053436,19137905.85543848,0.0,0.0,19137905.85543848,h09,5,Katrina,1209522934.1979976,0.0,1209522934.1979976,1871188997.8118353,0.0,1.0,0.0,0.0,0.0,0.0,9188997.811835252,1862000000.0,275f6542eeaf73f74567fe98459f148dc47a35ba5a8f439a078116402f7d2496
LA-0242,242,1d6b1d95ad51ea5a0e204255eadb8d8f584be35a61144cb58e7670d50b244c22,M2,A1_FINAL_NO_MEMORY_V1,PASS,636635a334d57436de9c3974570f80476da4b9f0debe2a50809a4ce6def3ab20,acfea849af645bd715537c5cf178ba0c6c6afd86b938fa99f91368979d306ccb,eb36936fa1dedf8c825f30a0856f21493607997ca4a283b44cecda373e428e45,P1,19194231.836889897,465163.8384215346,0.0,0.0,0.0,0.0,NONE,NONE,NONE,0,0,0,0,0,0,0,0,0,True,True,False,False,False,False,False,False,False,False,False,Q[Water+Vaccine]|F[NONE],1235134941.0863252,1235134941.0863252,19137905.85543843,0.0,0.0,19137905.85543843,h09,5,Katrina,1215997035.2308867,0.0,1215997035.2308867,1871305304.5995777,0.0,0.9999999999999974,0.0,0.0,0.0,0.0,9305304.599577583,1862000000.0,806e3389ed768cdc6d025dfc60b7f8933225b666f76099fbc8e19b11dada3eef
LA-0243,243,bb5534151a5bfe970974910485c7885c830b0148d140d0d1e8e98c7988b70212,M2,A1_FINAL_NO_MEMORY_V1,PASS,d8c710d82c46b9ec8255a6a6f1f1cba5d9484d59ce453d03ed10f463839454e7,db5cadd93453121d5451556e9e4d018aa7175baa1bdc664616bfc62228fcbccf,9f0df4e67959f464f23a46b12e33b342f19e9992f6deb4586c0af928bd5dfeb6,P4,0.0,0.0,0.0,0.0,0.0,257235924.07916543,NONE,NONE,R0,0,0,0,0,0,0,1,0,0,False,False,False,False,False,True,False,False,False,False,False,Q[NONE]|F[Crackers],1219558792.8393934,1219558792.8393934,0.0,11085591.387133392,0.0,11085591.387133392,h09,5,Katrina,1208473201.45226,8052314.468305087,1200420886.983955,1731109091.2473688,150848252.81701759,1.0,0.0,0.0,150848252.81701759,10400000.0,9557344.06438629,1711151747.1829824,fe2fe5b579fe225b76a2e6c5c9bfbe0b6ca43955d08cee4aa3189e14053548c0
LA-0244,244,d869b7279d23184e6902cf86beddffed885605a57341894b099de1ca586febd6,M2,A1_FINAL_NO_MEMORY_V1,PASS,7fae8ed7479446c0d84e4bc3dcc37cd7cc7b9f18fdd8ee005abd544dfadfa1d2,acad7a17717002eb16dbb7ef89cadda2ea890df3b0e5651c1cd0a38046dbb200,9a6922554f434b739e04684bc5d8dc5f9c79ebb17c4fb9cea54113927117a77c,P4,0.0,0.0,0.0,0.0,0.0,281183486.90505666,NONE,NONE,R0,0,0,0,0,0,0,1,0,0,False,False,False,False,False,True,False,False,False,False,False,Q[NONE]|F[Crackers],1216124800.862711,1216124800.862711,0.0,8077560.29482953,0.0,8077560.29482953,h09,5,Katrina,1208047240.5678813,11060345.56060895,1196986895.0072725,1721948848.0317202,160008496.03266612,1.0,0.0,0.0,160008496.03266612,10400000.0,9557344.06438629,1701991503.9673338,6a82baea377ad30df94a01a84bc295e846a5314811124a0ee79b9692842f2de5
LA-0245,245,d2dc66b254479f2e6988759a0683da73e92a52123b92d44bad2554adbeeae137,M2,A1_FINAL_NO_MEMORY_V1,PASS,63240967553a69b3a32ee065c6b6fe6ff014b2efcf1090d7ed593432d215bd56,c3f02e810d7a6b363a6457d8f920f4d183c23808af8ed130b387d33b36a77476,03360492fe095b7d50b6bc49e4efea56a5169275bb5272569adc3370bcc5ce82,P1,15974796.052820886,609810.6584369027,0.0,0.0,0.0,0.0,NONE,NONE,NONE,0,0,0,0,0,0,0,0,0,True,True,False,False,False,False,False,False,False,False,False,Q[Water+Vaccine]|F[NONE],1227065729.5747647,1227065729.5747647,19137905.85543848,0.0,0.0,19137905.85543848,h09,5,Katrina,1207927823.7193263,0.0,1207927823.7193263,1871160341.7598326,0.0,1.0,0.0,0.0,0.0,0.0,9160341.75983268,1862000000.0,f4f7116c3a0228b55ccc7dcb8d58aac27e4f8f5dec0d9df40c6ff32ea5017f1b
LA-0246,246,1f3b2e2a3a67b00cf6c54720eb065550dd89a19e5ebcd6e7abef74b176a99d8b,M2,A1_FINAL_NO_MEMORY_V1,PASS,32877fef6d8b519547184cc5f697a942c2cc1fbb55416e74f7414c341fe208f3,1d727fe50c4387da8623453cc8302b4a680b792be4bd5a9e8b369f3a248d7330,cb6a5d0d587ca1d62db8688f413dbc518e6810e903adb8320218a87187b16b9a,P1,16545335.026940418,584176.7729251643,0.0,0.0,0.0,0.0,NONE,NONE,NONE,0,0,0,0,0,0,0,0,0,True,True,False,False,False,False,False,False,False,False,False,Q[Water+Vaccine]|F[NONE],1228724673.9330823,1228724673.9330823,19137905.85543848,0.0,0.0,19137905.85543848,h09,5,Katrina,1209586768.0776439,0.0,1209586768.0776439,1871190144.5831711,0.0,1.0,0.0,0.0,0.0,0.0,9190144.583171241,1862000000.0,d9906c42c7a37f30d078e6fac4c9a381ab576989d9477065223cadca74fd0d5e
LA-0247,247,cafab4bb9591f96f74fbacb07c81aeae29172a9e9425babce8f3c2a4d7627bce,M2,A1_FINAL_NO_MEMORY_V1,PASS,889f58f3df8df4577a7ac59b7880ee8998c8927e188daecd831608772135bf07,c23d0bf874215b9f5e84c788ad15962ec0dea8ce061a739afbed7bd4a4e49303,a8116aa0c35308da9af8f469f40b31fcc0e1311a7b80a2e5fd69f218dbb897bf,P4,0.0,0.0,0.0,0.0,0.0,243764841.17411003,NONE,NONE,R0,0,0,0,0,0,0,1,0,0,False,False,False,False,False,True,False,False,False,False,False,Q[NONE]|F[Crackers],1226982406.7848396,1226982406.7848396,0.0,8498918.321757281,0.0,8498918.321757281,h09,5,Katrina,1218483488.4630823,10638987.533681197,1207844500.9294012,1750911731.9469159,131045612.11747047,1.0,0.0,0.0,131045612.11747047,10400000.0,9557344.06438629,1730954387.8825295,d7e71ccf83bb3c6a756599ee19cf784ce5fc1589c3f22ad06d5a6a3fcb064d84
LA-0248,248,5307af164a6996b7fe150e6061a6fb611ca85e3861ec87d3eff546c5283a391a,M2,A1_FINAL_NO_MEMORY_V1,PASS,8b1fba1e1ded6f03c454ef3a8e95c19d4e55820c00252d99f5f8f219af053c25,2469159fc62277a817b326254a08306630f6fa4fc45346f59154fe6042acfd25,1983b21ce001238a0ecbd7326dd0a98420fd407c476f027a1bef44a1591f0726,P1,14259995.052117981,686855.3732090498,0.0,0.0,0.0,0.0,NONE,NONE,NONE,0,0,0,0,0,0,0,0,0,True,True,False,False,False,False,False,False,False,False,False,Q[Water+Vaccine]|F[NONE],1221280555.623522,1221280555.623522,19137905.85543848,0.0,0.0,19137905.85543848,h09,5,Katrina,1202142649.7680836,0.0,1202142649.7680836,1871056411.5005765,0.0,1.0,0.0,0.0,0.0,0.0,9056411.500576377,1862000000.0,b1b0f906cac7894b39ea99e5340882a8bdd420fc330fece60e4368c1e28b715d
LA-0249,249,146da0e0e6aea1f7a59231966d2e650e4f12af806ffbc15f14ebeb711ae0f5d0,M2,A1_FINAL_NO_MEMORY_V1,PASS,7f0581a50f3bbea2a01cfec806d14b243e7e9910bbbd390f6dda537e91123516,ee3a2e7ce817799fd6ea5e74d35335d6873f2f59e0b3a4b188c4629115bf3e51,b8392fd25d0385d3b93163e0fff233e9adde9fc888b4ca3a58a7dcd56362656d,P4,0.0,0.0,0.0,489607.92618313426,2116732.339423815,0.0,R0,R0,NONE,1,0,0,1,0,0,0,0,0,False,False,False,True,True,False,False,False,False,False,False,Q[NONE]|F[Water+Vaccine],1205339150.3899312,1205339150.3899312,0.0,3861749.291494233,0.0,3861749.291494233,h09,5,Katrina,1201477401.098437,15276156.563944243,1186201244.5344927,1880408573.0110264,1548771.0533597916,0.9999999999999998,290940.74690641736,1257830.3064533742,0.0,10109059.253093584,8299513.757932915,1862000000.0,1d6d5dbe106369a40f60227eb5c1c9c56a0e556f9568d63bdc900ca77d0a8275
LA-0250,250,19ca0510839167604cd01166b5b065367759e25f27e437fcbafe9de56384a30c,M2,A1_FINAL_NO_MEMORY_V1,PASS,1b3113e6ebacb9679807a0638783995ac3a3992fcfb163f7a71a30ac28b7e1ad,d2b2e14bc3b40ecdba8f194c5772a64868cbb0153abd644ebad3c60f0d8c6ddb,b38789abb3785ac042feefa311f184251452decdbf135506726d75a6396bb2c7,P4,0.0,0.0,0.0,0.0,0.0,403435126.52160215,NONE,NONE,R0,0,0,0,0,0,0,1,0,0,False,False,False,False,False,True,False,False,False,False,False,Q[NONE]|F[Crackers],1222224983.918922,1222224983.918922,0.0,12307529.033638256,0.0,12307529.033638256,h09,5,Katrina,1209917454.8852837,6830376.821800223,1203087078.0634835,1738221210.0041137,143736134.06027257,1.0,0.0,0.0,143736134.06027257,10400000.0,9557344.06438629,1718263865.9397273,eb353095a691cad68930fc9d75f620458792063b1e843a78077d0f2770cc7aab
LA-0251,251,347e956fe65cc2b94ea2a0fc4a245738795104572a19188d39eee4a3d1c98ad2,M2,A1_FINAL_NO_MEMORY_V1,PASS,71a70a531dff05cc1415a9e789197c50852a422d07675f4a66b28c362871edd5,fea1fc4d271c381559b98290e83cfe07699dce307f3eb58bc15e4b1a84f6a1a7,c0dbd27a9243a73825ec527f2989786c8a1bfcade14be5878461b14f91ce8eb0,P1,14359476.888880685,682385.729363933,0.0,0.0,0.0,0.0,NONE,NONE,NONE,0,0,0,0,0,0,0,0,0,True,True,False,False,False,False,False,False,False,False,False,Q[Water+Vaccine]|F[NONE],1221653928.8668115,1221653928.8668115,19137905.85543848,0.0,0.0,19137905.85543848,h09,5,Katrina,1202516023.011373,0.0,1202516023.011373,1871063119.1256714,0.0,1.0,0.0,0.0,0.0,0.0,9063119.125671402,1862000000.0,8f483ec8423b08e5a0e300f9492f8e64a35dda6b5b3fa541b724e2e1c9c7e2cf
LA-0252,252,ebcbb6754023d7b2880c4a4e4a2478d6a78d4c0fd647ff136422e5364d6081e5,M2,A1_FINAL_NO_MEMORY_V1,PASS,1e2314a46667e806c0edc3fe16ea4fee2fff51143a4c6436572a43826e7df5b8,d3935446eb21e80a26e4b282c034d729f1fabaf5abceb87399c5323b62aaed73,1a1ae020855565a531c7ed8dc41b3e4690679cff269048308218b37a0d69cd79,P4,0.0,0.0,0.0,0.0,0.0,322511862.4135191,NONE,NONE,R0,0,0,0,0,0,0,1,0,0,False,False,False,False,False,True,False,False,False,False,False,Q[NONE]|F[Crackers],1203460748.8822446,1203460748.8822446,0.0,7391994.292550103,0.0,7391994.292550103,h09,5,Katrina,1196068754.5896945,11745911.562888376,1184322843.026806,1688167232.633549,193790111.4308374,1.0,0.0,0.0,193790111.4308374,10400000.0,9557344.06438629,1668209888.5691626,02ca22d60310819a8c7f08d686058b7982db5d6258f7b5148a09cd24e0569a4e
LA-0253,253,c28ffb0779ced402f5c1a0497803fa78e2290b15089b4f3801708b6d275028fe,M2,A1_FINAL_NO_MEMORY_V1,PASS,09c408261332b16defe04e3e26b662a28cbf868451a642fd1212c1dc442a6a0d,8e299531c2fb53e5584e2104046c1f2b1313a316ddfad2ddfeb64568b1a7e031,c43a28b217f3886501f2776d897fda08f9b500c83407539d0c1773f3e1dcb91e,P4,0.0,0.0,0.0,0.0,1550512.4879937833,0.0,NONE,R0,NONE,0,0,0,1,0,0,0,0,0,False,False,False,False,True,False,False,False,False,False,False,Q[NONE]|F[Vaccine],1208484257.1443372,1208484257.1443372,0.0,8909052.71012316,0.0,8909052.71012316,h09,5,Katrina,1199575204.434214,10228853.145315317,1189346351.2888987,1880742473.9740028,1214870.0903833671,1.0,0.0,1214870.0903833671,0.0,10400000.0,8342473.974002922,1862000000.0,a3d84bd37a305983b38bf69341040e58ce572c88b209e7a6abcc9372221cd03c
LA-0254,254,5da1dec2c596e9855c012803cd98509c640ded5f12af6f99383775e5def92055,M2,A1_FINAL_NO_MEMORY_V1,PASS,fc193d4387e5e3f02a38d00d861fd511740c5f6a0ecc062485a90b2665a57a1f,d9e07ad287a8c945a6ef24a71fe760d8a7f876b7b85a47184f20591d45d1a10e,46e93666c09d03c31de03d7eff92821bfb4d1d9ce826cc1cc16f5ba60d505519,P4,0.0,0.0,0.0,0.0,0.0,191368492.0228248,NONE,NONE,R0,0,0,0,0,0,0,1,0,0,False,False,False,False,False,True,False,False,False,False,False,Q[NONE]|F[Crackers],1229703883.1588352,1229703883.1588352,0.0,1774722.6289950507,0.0,1774722.6289950507,h09,5,Katrina,1227929160.5298402,17363183.226443425,1210565977.3033967,1758171325.3474588,123786018.71692745,0.9999999999999998,0.0,0.0,123786018.71692745,10400000.0,9557344.06438629,1738213981.2830725,e77985ed0532fbda438491ae8a67c7f4a0a473dd95b9953fb37d761ea1a3f64a
LA-0255,255,af22707d33dcb01199c079b6c32714b728b7af2f1fe334d40e1bf8c1bb0fc457,M2,A1_FINAL_NO_MEMORY_V1,PASS,58476c6bbf24ad6d88b612c9b80c4fcb0341345b7419d4dfb455570d82fde2b9,27b7cda05e9350a76ce14be1ce27d0b4febb8062705412238f89b1fffe9933df,0b6303dad2e91edb7a9081e865317221d860fbdbacde69e20f2401aa0a1cf357,P1,14725232.260278173,665952.6165688336,0.0,0.0,0.0,0.0,NONE,NONE,NONE,0,0,0,0,0,0,0,0,0,True,True,False,False,False,False,False,False,False,False,False,Q[Water+Vaccine]|F[NONE],1222983303.3276093,1222983303.3276093,19137905.85543848,0.0,0.0,19137905.85543848,h09,5,Katrina,1203845397.4721708,0.0,1203845397.4721708,1871087001.2480628,0.0,1.0,0.0,0.0,0.0,0.0,9087001.248062858,1862000000.0,5747e2eddc35c5e1a17e14d2aa0b2c735c9d2c185c2b9126d4a3b1b6327fdb92
LA-0256,256,5128bcece17cb3a18b6cd3de9cea9319781eb35b13a59ecbc186a3a22e80cc55,M2,A1_FINAL_NO_MEMORY_V1,PASS,2c44e3f5b9ca370faf831381258001407bc927b2db26fc3d02b5f43b11fefcb3,110e320160b5bb4c3a9972fe66a48bc18516e9528acd5f80d53a19d24e371811,43288fe6b38284e1f0073560396485b97e63e702555c229df38874d0d61fd7d4,P4,0.0,0.0,0.0,19456946.503895056,0.0,154013329.61404163,R0,NONE,R0,1,0,0,0,0,0,1,0,0,False,False,False,True,False,True,False,False,False,False,False,Q[NONE]|F[Water+Crackers],1218303519.779484,1218303519.779484,0.0,6816706.6182581,0.0,6816706.6182581,h09,5,Katrina,1211486813.161226,12321199.237180378,1199165613.9240456,1789235144.7580676,92722199.30631888,1.0,10400000.0,0.0,82322199.30631888,0.0,9557344.06438629,1779677800.6936812,cd50c1d7377f2d754dc9df360593c3e468947390c21facf35f4c46cb8cfdaac2
LA-0257,257,9dc6ebe22f7c60db98511c7a181c116d231c0ee5cffa2b07eb15f50a1c5333bd,M2,A1_FINAL_NO_MEMORY_V1,PASS,05e47d7b7ef5fb6652919eb13b11dcc11c01d5a94001eec1037fee65cbee0309,475e71225bff24bbe70026764c685bedc5d95788ec23b16b25c0cadc9bd193d1,8e30472d6af5cfd3a70c2a9e612767fd942ea782335c80e55758c32a6af0e4c3,P4,0.0,0.0,0.0,0.0,1684571.1078068384,0.0,NONE,R1,NONE,0,0,0,0,1,0,0,0,0,False,False,False,False,True,False,False,False,False,False,False,Q[NONE]|F[Vaccine],1220156723.30647,1220156723.30647,0.0,4698152.561317527,645316.9942102217,5343469.555527749,h09,5,Katrina,1214813253.7509422,13794436.29991073,1201018817.4510314,1880952169.040152,1005175.0242341034,1.0,0.0,1005175.0242341034,0.0,10400000.0,8552169.040152187,1862000000.0,a118f70755c451b5ce7c2a8405c7362df70ff75b63bc3dfbbffd7157b6087f30
LA-0258,258,8076e9721a659a74df944c7f3513bfeefb1089acb1efc0ccefd86e56dfaeff6c,M2,A1_FINAL_NO_MEMORY_V1,PASS,09e1f3c70bc7809107d2f05dd010b2fd15cfab5c299b2c5ce855584a795de039,b406e41707f870d921a750b84197270c0629f3a4dee4aa5c2820b62956e94157,37370fcb18ea6ecee52f340590c7885e70f275e0a5be0660b751e69c5dfad278,P4,0.0,0.0,0.0,15108415.30025261,0.0,171529332.1203249,R0,NONE,R0,1,0,0,0,0,0,1,0,0,False,False,False,True,False,True,False,False,False,False,False,Q[NONE]|F[Water+Crackers],1204901032.9690244,1204901032.9690244,0.0,6305702.285927083,0.0,6305702.285927083,h09,5,Katrina,1198595330.6830974,12832203.569511393,1185763127.113586,1753483739.480486,128473604.5839005,1.0,10400000.0,0.0,118073604.5839005,0.0,9557344.06438629,1743926395.4160995,53d0142ed3f9d05876b842da7835b8747a8b260320533a1de4ee666906f79026
LA-0259,259,b8b746d5fd3251850a6946a5dc62e955b7cda834c4bef659011599f4c9b2b648,M2,A1_FINAL_NO_MEMORY_V1,PASS,bc983bf3cffd06d1600820e9e0e37470c976cc591658690d424ec5311f45b185,fa0416a50d6f20a6c40c184449f5abf14850c511076c8b519793ab3db19d7511,15ebe6628dc56a1efa3e165d50241a9bd8f51bf5b33671ed1a5a0a433d367f8c,P4,0.0,0.0,0.0,420685.6342112121,1394793.8641429408,14723997.197392423,R0,R0,R0,1,0,0,1,0,0,1,0,0,False,False,False,True,True,True,False,False,False,False,False,Q[NONE]|F[Water+Vaccine+Crackers],1211532062.8865993,1211532062.8865993,0.0,6015827.107373331,0.0,6015827.107373331,h09,5,Katrina,1205516235.779226,13122078.748065148,1192394157.0311608,1869279929.5077593,12677414.5566271,1.0,322453.1392994226,1069101.5418478881,11285859.87547979,10077546.860700577,8488242.522538401,1850714140.1245203,d189f00812d6f8970f44af72400cdd0f780cfc551736e44144212e554db28f9a
LA-0260,260,1af97b5528590fc86937e5ca622e565e8824964a3be9e077849f1bd84899efdb,M2,A1_FINAL_NO_MEMORY_V1,PASS,6dbb2b224fa98d11e69d7caad284c71e7e39dc166aebf8823ec76b432017b527,29545042f590684242a24165e4475aadc42c77233c208b1382327e361fd6f2ad,eb744c9230fa6f4c25304205ccd7fee3cbee136b9867bacc7d1a75cf14d7b89a,P4,0.0,0.0,0.0,0.0,0.0,190384346.3787763,NONE,NONE,R0,0,0,0,0,0,0,1,0,0,False,False,False,False,False,True,False,False,False,False,False,Q[NONE]|F[Crackers],1226334229.76076,1226334229.76076,0.0,2759646.505054026,0.0,2759646.505054026,h09,5,Katrina,1223574583.255706,16378259.350384451,1207196323.9053216,1749182706.594591,132774637.46979554,1.0,0.0,0.0,132774637.46979554,10400000.0,9557344.06438629,1729225362.5302045,c5c16d6c89f23da165adc65a9c8a5bd7f456c5cfdd6244fcea5584f8dcc8f54a
LA-0261,261,bb07020453fe8e94583bdc6e37cedeaac09e9f3c9e1d2be8b1e90ae84e0ca878,M2,A1_FINAL_NO_MEMORY_V1,PASS,8d992a45fafaa0e2a257d9b3d446aa8491d717679107478cbc34da2bafbd5d18,67aaa49a5f799bdfc370ccc016ea58cb4ec1b497b1321fded62acc5c2592b1ad,978f7d1137cadad11ff3951f976c8e26ba705d249a112851b5e42bee80411163,P2,16849265.221445378,0.0,0.0,0.0,0.0,88787671.52936278,NONE,NONE,R0,0,0,0,0,0,0,1,0,0,True,False,False,False,False,True,False,False,False,False,True,Q[Water]|F[Crackers],1229467807.8359265,1229467807.8359265,10913269.083930172,2449303.2800230845,0.0,13362572.363953257,h09,5,Katrina,1216105235.4719732,5775333.491485222,1210329901.980488,1819016109.4839597,52541234.58042674,1.0,0.0,0.0,52541234.58042674,1.862645149230957e-09,9557344.06438629,1809458765.4195733,70a26cd989a53f2de3b67c3030b4dc2f99bdf614162839014860686820facfeb
LA-0262,262,54821f79bc5e458dbcb70e3d353177c5b5a6b2bd8cf3c4ddf416d187cf4dc141,M2,A1_FINAL_NO_MEMORY_V1,PASS,f114945e8a3802cc8af395d7949572d137016df4fc91a84ec7689aa42b826613,daeb4eca80d82c8d1d36d0c32e6db5f06330aff5783d0b4193d57db546146c0b,71f1a72a39f602be469e5f87741239cb16300524edb9bb73e46d2110ad24a15d,P1,14431209.622018488,679162.8318019633,0.0,0.0,0.0,0.0,NONE,NONE,NONE,0,0,0,0,0,0,0,0,0,True,True,False,False,False,False,False,False,False,False,False,Q[Water+Vaccine]|F[NONE],1221919960.582495,1221919960.582495,19137905.85543848,0.0,0.0,19137905.85543848,h09,5,Katrina,1202782054.7270565,0.0,1202782054.7270565,1871067898.3674736,0.0,1.0,0.0,0.0,0.0,0.0,9067898.367473707,1862000000.0,c5ec8c8e400ea0d7d3949ba3bad67a2c177afba929cce0d8fd6ccfcfadd85872
LA-0263,263,48965136489a77f4d7c57cd0a107a4d1c0934b07cceb9d015aa5db8c3e0b22aa,M2,A1_FINAL_NO_MEMORY_V1,PASS,bb647f1fb6fe3e413c9315195ed013cb9625165b54291ea199cd2095424ac679,b5e8f70ff46fbdac5c639d8a5c3f687d5f846424f10846ce87929c1821b50b79,c4036984fca22efb1a373296a74f16d289021c12b0b9ac4e62959df83ef2c018,P4,0.0,0.0,0.0,0.0,0.0,384330516.1946171,NONE,NONE,R0,0,0,0,0,0,0,1,0,0,False,False,False,False,False,True,False,False,False,False,False,Q[NONE]|F[Crackers],1204444647.5754466,1204444647.5754466,0.0,9522966.474599125,0.0,9522966.474599125,h09,5,Katrina,1194921681.1008475,9614939.380839353,1185306741.7200081,1690791802.344395,191165541.71999145,1.0,0.0,0.0,191165541.71999145,10400000.0,9557344.06438629,1670834458.2800086,c637f287777808412e06c118787b88ddaed74e5f959f81586ef135295ffc3b33
LA-0264,264,5aa36faf5fe506bc2db165aef309bafd7c3e93967ba7c755fc8b07dba4087865,M2,A1_FINAL_NO_MEMORY_V1,PASS,8228fa132623843550773bf50cc13695a7eff3b184b8d60ea7272c77114bca9a,7fcafc90589bfb21de8fcab841ea26721de81a390444f4e1ab637be950526910,0c826d550b8d02c10b90880009fe0706717e264edf1a953874fbb490587db239,P4,0.0,0.0,0.0,0.0,0.0,200387478.50951865,NONE,NONE,R0,0,0,0,0,0,0,1,0,0,False,False,False,False,False,True,False,False,False,False,False,Q[NONE]|F[Crackers],1223141602.9290018,1223141602.9290018,0.0,7829804.6088629225,0.0,7829804.6088629225,h09,5,Katrina,1215311798.320139,11308101.246575557,1204003697.0735633,1740666309.7962599,141291034.26812646,1.0,0.0,0.0,141291034.26812646,10400000.0,9557344.06438629,1720708965.7318735,79144f21f3d4bcc0f589b63b8c979cce8ecda9fba74d7ebb42fce2f03007f57e
LA-0265,265,862d03ad8b7eb2495cdfce8f0a74e4edca9fbfdc9da2e9dfecdfdb8c20c43b16,M2,A1_FINAL_NO_MEMORY_V1,PASS,b8927fda2a774470334c02ebe6b78e2edc55a944948fa6598e8dcf5f746fab38,062e0ac66bcd04bab490c2213a2e664d825b0d2b274ff93c1e1946a9e37e6d89,9296a5a44d01f8df66031d9f278d4458b4865d203e9797cd4929699f80b24083,P4,0.0,0.0,0.0,0.0,0.0,222031886.7501203,NONE,NONE,R0,0,0,0,0,0,0,1,0,0,False,False,False,False,False,True,False,False,False,False,False,Q[NONE]|F[Crackers],1233490449.153621,1233490449.153621,0.0,6173772.713014041,0.0,6173772.713014041,h09,5,Katrina,1227316676.4406068,12964133.142424436,1214352543.2981825,1768272066.9041855,113685277.16020086,1.0,0.0,0.0,113685277.16020086,10400000.0,9557344.06438629,1748314722.8397992,6b186fbdd821818dfbd6f1b79dd3e6cd50e8ca7ad380e723fc5c9ea6fa96ed4d
LA-0266,266,eab26d7ebf4c5345cb3622197d28a1aedea07a1f2294362c05938c5a511198f7,M2,A1_FINAL_NO_MEMORY_V1,PASS,3b09f4e115ba1f43410c2c3ee645d5af5dcfd4d385118a971fbdc7aea77958ae,b6242f1e19c216bfb53987e7a3ffef2332d26a1d6a38938a60b8cf3d9ba71f44,4b01d45a8179decc85e6235ecb7907e2067f14c853bd157bb7dc329fff48f6a3,P4,0.0,0.0,0.0,17200295.366992086,2000727.61821588,0.0,R0,R0,NONE,1,0,0,1,0,0,0,0,0,False,False,False,True,True,False,False,False,False,False,False,Q[NONE]|F[Water+Vaccine],1181826527.8987134,1181826527.8987134,0.0,2307390.236913167,0.0,2307390.236913167,h09,5,Katrina,1179519137.6618001,16830515.61852531,1162688622.0432749,1870347622.5575466,11609721.506839676,1.0,10400000.0,1209721.5068396751,0.0,0.0,8347622.557546615,1862000000.0,fb1a9a7f81eb2bf6fb5b33c7a150854d7e89763f0fac3087649d3fe1cbe0714f
LA-0267,267,6eae671f5585cb18e3e7c982f8cc203ebda7a751b2b05ca40208762b7e981b65,M2,A1_FINAL_NO_MEMORY_V1,PASS,bb522a9222a4de33755344cdf5819f0cf224708c7bc3bb7d428ec34fd1dd54a2,4c4780998842ec4cec15aadc2d48cb9224a110b7f2905f348636db89394aeea3,29d04fd05b5540945001f6ca11095633a1ee66c28bd6c8e749ee2097749ff99d,P4,0.0,0.0,0.0,17134720.413222045,0.0,236585505.9984637,R0,NONE,R0,1,0,0,0,0,0,1,0,0,False,False,False,True,False,True,False,False,False,False,False,Q[NONE]|F[Water+Crackers],1195332935.9303405,1195332935.9303405,0.0,5280213.595195696,0.0,5280213.595195696,h09,5,Katrina,1190052722.3351448,13857692.260242783,1176195030.074902,1727960646.6542914,153996697.41009492,1.0,10400000.0,0.0,143596697.41009492,0.0,9557344.06438629,1718403302.589905,25fcecbd6668f2a3df5e3f069cb1deb9f450239c95db9c24e0e2992e5f5c8899
LA-0268,268,074b7731a42c2cd981411c89954570f913a3b46b63deacef6774fd61ccbe4819,M2,A1_FINAL_NO_MEMORY_V1,PASS,14ef94a3e672f0f4eaf6391035822af948c4b2928792a8380a1969d10c741cc7,d641cdec4b1ac325ff4b45f418a52f0c525d64beca32f1298a6bbfd67dfeb31d,9aa16d22110d7c9a4b99f753116e9ceb7ff298c3c3db50e64a454d4db3c64acf,P1,14526039.914371157,674902.1783365898,0.0,0.0,0.0,0.0,NONE,NONE,NONE,0,0,0,0,0,0,0,0,0,True,True,False,False,False,False,False,False,False,False,False,Q[Water+Vaccine]|F[NONE],1222267620.4113657,1222267620.4113657,19137905.85543848,0.0,0.0,19137905.85543848,h09,5,Katrina,1203129714.5559273,0.0,1203129714.5559273,1871074144.0528157,0.0,1.0,0.0,0.0,0.0,0.0,9074144.052815594,1862000000.0,a85b140731a9ba5b9162010039a6b8f9c9f53460eb0dc2a61c3c5a7d0747ce0b
LA-0269,269,5fb884c2bccd04f62a96123efe36e4e4a5b59a4222d7158ec0e4b92a770a7605,M2,A1_FINAL_NO_MEMORY_V1,PASS,af8e10051b4b0b1388ba98243b81128ed0a7f5967f3716feef7eb92fe758dfb9,555910f97b905d7adbd416186bf7335f8132df6fb9a297770fdf02af0f2a2844,6dcc39520b8da1090ab8fe0cd25effecb601317e0fb07bb035b104ef937afc31,P4,0.0,0.0,0.0,0.0,0.0,275045859.4734206,NONE,NONE,R0,0,0,0,0,0,0,1,0,0,False,False,False,False,False,True,False,False,False,False,False,Q[NONE]|F[Crackers],1218034167.1316845,1218034167.1316845,0.0,10671968.376546094,0.0,10671968.376546094,h09,5,Katrina,1207362198.7551384,8465937.478892382,1198896261.276246,1727042121.2630835,154915222.8013028,1.0,0.0,0.0,154915222.8013028,10400000.0,9557344.06438629,1707084777.198697,552506af1447bf8f3f3c58b6d7ad950cab15f0318e3c6a2b560ec1bebfdbb28c
LA-0270,270,f76bdb11a90d1c3be166763110f448844a5fbdf90ca067cb1bd915a885c31dab,M2,A1_FINAL_NO_MEMORY_V1,PASS,2b93068557306c209019f78c21b1ccdf67a6cf8170b7c2b16720012be0d64785,e971df85a97e4a67dc98ce37d603f08bb5bc0d2dfc65f174dcd11291ebb9a5ee,b3435566827409145e16d8e5a686831b714497b861f857ab245fb1fdb6134bf2,P4,0.0,0.0,0.0,11843849.191589188,588538.6053441497,0.0,R2,R2,NONE,0,0,1,0,0,1,0,0,0,False,False,False,True,True,False,False,False,False,False,False,Q[NONE]|F[Water+Vaccine],1220397779.541002,1220397779.541002,0.0,4805488.085513028,4370002.739034798,9175490.824547827,h09,5,Katrina,1211222288.7164543,9962415.030890651,1201259873.6855636,1871040552.4878838,10916791.576502493,1.0,10400000.0,516791.5765024933,0.0,0.0,9040552.487883797,1862000000.0,ddd03215fd3ffc0e0447e70aca829152bb78cfa6a9297799690c0a333b7b83c5
LA-0271,271,79d2cb046ece26ccc5350dfbd1328348ec31f81624fdbfe69cba00e4d822ea2e,M2,A1_FINAL_NO_MEMORY_V1,PASS,538f7c466708bebc0731ebe7412e36dbf88c55b7fc131d01065e7db2f5783bca,48fe7792508bf3120f848785b16edcd4010fd13290b047317dc74432265f9af9,682142dfc3174ab6af32c954ffbb166bbe64ecad8e35a8305d1d20e8d6506256,P4,0.0,0.0,0.0,0.0,0.0,188865473.37527424,NONE,NONE,R1,0,0,0,0,0,0,0,1,0,False,False,False,False,False,True,False,False,False,False,False,Q[NONE]|F[Crackers],1216512218.9720478,1216512218.9720478,0.0,8019251.479114177,497030.3649979078,8516281.844112085,h09,5,Katrina,1207995937.1279356,10621624.011326395,1197374313.1166093,1722982293.692563,158975050.37182343,1.0,0.0,0.0,158975050.37182343,10400000.0,9557344.06438629,1703024949.6281767,31e4598d6714a3d5b6db7586f8e03952ad5a57a517d78955d264142691927f22
LA-0272,272,fc2b4890bd66f8b7351daedf3e3b9c5ba4c9bc6879e49f3580a3e9610ba1c45c,M2,A1_FINAL_NO_MEMORY_V1,PASS,4158d5859b448a079ac371173e5f12ed2d266e9e28ed61390d09b4d563cbd6cf,2144a0e6e90c8552c5f0191b3992f2cf97c4bf67c27eeb6cffd2ec08fc68fe1d,b4937b2b3d03a6a0e63f93cf0b2b6188b4b54922ae1196127165beaaa9dace82,P4,0.0,0.0,0.0,0.0,0.0,171043846.67005062,NONE,NONE,R2,0,0,0,0,0,0,0,0,1,False,False,False,False,False,True,False,False,False,False,False,Q[NONE]|F[Crackers],1223022691.825772,1223022691.825772,0.0,6077757.78614978,3874716.838443089,9952474.624592869,h09,5,Katrina,1213070217.2011793,9185431.23084561,1203884785.9703336,1740349112.0176916,141608232.04669467,1.0,0.0,0.0,141608232.04669467,10400000.0,9557344.06438629,1720391767.9533052,0e8a4f6c468c4c69b933fcf2f2a94925e2c1fa0147beb78bca6ef0ec88f0212e
LA-0273,273,6e3027e413984f86afddb8861f666c4f7f39e3f7b8fc8923bc2837cef8f6b96c,M2,A1_FINAL_NO_MEMORY_V1,PASS,bca5b254b564981f713bd8b5549ddc2ed85a2bc5da7ec863f8cecb7b76ed16da,0873eea3985d2fe53528db528e3c2c33e02ab5621c569e643550184d49f6a47e,dfa672fc80931af3d91486c74b048829aa1a3d9a89a5cfd6b23dc3325ef9085c,P4,0.0,0.0,0.0,28029084.11250231,4879179.8225497,0.0,R0,R0,NONE,1,0,0,1,0,0,0,0,0,False,False,False,True,True,False,False,False,False,False,False,Q[NONE]|F[Water+Vaccine],1148391122.304724,1148391122.304724,0.0,820514.979272036,0.0,820514.979272036,h09,5,Katrina,1147570607.3254519,18317390.876166444,1129253216.4492855,1869746957.7545502,12210386.309836036,1.0000000000000002,10400000.0,1810386.309836035,0.0,0.0,7746957.754550255,1862000000.0,7047608468ea18b4fe83d13c4fc7402b08804c90df2a5fd7fbaabee5a8f40804
LA-0274,274,72e47053d3d43eff3113870b865c528ec5d4a597ac9794f41f912feeaf40401c,M2,A1_FINAL_NO_MEMORY_V1,PASS,9316e108367f9ec5b37a003fbd02df9146fe9e4641c46f8a296e69c41aff5fdf,04a7dc7e311dd2a5f86612ba3ed62a4da2d91f22dd5987bc40de0bad5f648afb,026c4f1931f5394e71b21111bb8d57f71a2d542deac9dd408b84927fe780c52f,P4,0.0,0.0,0.0,0.0,0.0,180172677.9462426,NONE,NONE,R0,0,0,0,0,0,0,1,0,0,False,False,False,False,False,True,False,False,False,False,False,Q[NONE]|F[Crackers],1227596928.6379309,1227596928.6379309,0.0,3893079.9981235377,0.0,3893079.9981235377,h09,5,Katrina,1223703848.6398072,15244825.85731494,1208459022.7824924,1752550981.448333,129406362.61605342,1.0,0.0,0.0,129406362.61605342,10400000.0,9557344.06438629,1732593637.3839467,54a78355fb9d5f8799a142f1b5dd367168dd529cb023b4e6c9ba325bd134f519
LA-0275,275,a884f11b96f7f6cc30c5b0287f3a961347a0c8491c07a8f7b0c9618a06315c03,M2,A1_FINAL_NO_MEMORY_V1,PASS,c240ea9c1ce4c989980a76919acb69e2f81a5667f6fde04467ef0aa1d0ba9606,843ad9fb323e7b04576ae801a96b4ee0ec65f34dba44de003149856d10a0e042,568ea1de4ddeffd83a4c6f044eb7b6cddd6eabdc64b447f7a7fbddc32c2e9772,P4,0.0,0.0,0.0,0.0,0.0,306514271.44714385,NONE,NONE,R0,0,0,0,0,0,0,1,0,0,False,False,False,False,False,True,False,False,False,False,False,Q[NONE]|F[Crackers],1193762848.4255285,1193762848.4255285,0.0,8125303.176015619,0.0,8125303.176015619,h09,5,Katrina,1185637545.249513,11012602.679422857,1174624942.57009,1662297886.5582287,219659457.50615758,1.0,0.0,0.0,219659457.50615758,10400000.0,9557344.06438629,1642340542.4938424,6218ba1ff5f6f021364a1db5e881a9744f048f3506c6b5a8beb885e6771f68c5
LA-0276,276,c51076246a9ff6b4d421612276c636df380dc5d215689c0303c11159f4565041,M2,A1_FINAL_NO_MEMORY_V1,PASS,2e8ad7ca6c1bac16a66db291df3945ba44e62bacb1504fb02e7ea69033feb30e,278bb160129728b2570d165d6d679564b16723de0f2442fa3112741540755642,5b0f4e0c783d5c4bc53c11ad1a848dbd4a2e1f5d5d055b5b34f7c3149ab46a34,P1,18177573.12441784,510841.547083313,0.0,0.0,0.0,0.0,NONE,NONE,NONE,0,0,0,0,0,0,0,0,0,True,True,False,False,False,False,False,False,False,False,False,Q[Water+Vaccine]|F[NONE],1232895570.6462111,1232895570.6462111,19137905.85543848,0.0,0.0,19137905.85543848,h09,5,Katrina,1213757664.7907727,0.0,1213757664.7907727,1871265074.4608862,0.0,1.0,0.0,0.0,0.0,1.862645149230957e-09,9265074.460886257,1862000000.0,f8123d6d6b8984ffc411a5123f9c78fa466cbadfed3847fb0a899149f8bdd38f
LA-0277,277,fa6eb16a7926409595db7724d5f79014deb47ae928eb2c85046e98fd29b980ee,M2,A1_FINAL_NO_MEMORY_V1,PASS,0eeccd9c608f108fd853c4a5b5632cb8f8711dbc469edbd59b2a9b8d4eebe677,c2dbb376d7e0c2195ff855f7384b6396b6a34976901fd0e6ab365668fd14694e,a161858b8bca157b1757bf438de994897a4f229f8c8e8bbe1425833e52a583fe,P4,0.0,0.0,0.0,16999270.309167366,0.0,45856879.673644945,R0,NONE,R0,1,0,0,0,0,0,1,0,0,False,False,False,True,False,True,False,False,False,False,False,Q[NONE]|F[Water+Crackers],1238647273.1707034,1238647273.1707034,0.0,5500255.132623275,0.0,5500255.132623275,h09,5,Katrina,1233147018.0380802,13637650.722815204,1219509367.315265,1843502519.361192,38454824.70319438,1.0,10400000.0,0.0,28054824.70319438,0.0,9557344.06438629,1833945175.2968056,6be039792be496e38ef29cb0e599e5e8e7af1341df79dfdcedaefa8091db8864
LA-0278,278,8a9f5389b2d59254c37d2e9eac512e3b4d1d2b6c3c04e1a747a3d642668d13f6,M2,A1_FINAL_NO_MEMORY_V1,PASS,78a9deda15f5f2bb2194f3ac75d82758dd29315fb944dcd543f9b5e1a46ce917,d916aed0a781b119b44d046c9d2b2f251062d7ccb895cdf1c5596b75d3b6d95f,c58177af75216f709f4c1b7bce0f8bbaaf8e31542d4e34aaf5a2899a9fb3943c,P4,0.0,0.0,0.0,0.0,0.0,202288951.101019,NONE,NONE,R1,0,0,0,0,0,0,0,1,0,False,False,False,False,False,True,False,False,False,False,False,Q[NONE]|F[Crackers],1215561468.8613775,1215561468.8613775,0.0,8898848.15314229,828888.9605162347,9727737.113658525,h09,5,Katrina,1205833731.747719,9410168.741779953,1196423563.005939,1720446148.4976463,161511195.5667401,1.0,0.0,0.0,161511195.5667401,10400000.0,9557344.06438629,1700488804.43326,05ff3795b9db3c5942ec4323323f94a854ecff918d03630fd9703299139ebb6f
LA-0279,279,884524026d868e658e8e6af549f40f34a635fc9067018f62e686a8103b0a5ece,M2,A1_FINAL_NO_MEMORY_V1,PASS,fa75972675daa3436fe190adc1d94d9d0f48b6be593a8638edf8f28fcac94730,bd91c3a8264f1374a6fe3eaa186ee045e7f8d9ea71b087afb621863ad7c3f509,2e7e2698334219f84c3b9266f54520df63c073c27fdf48e2d5d2069939417b26,P4,0.0,0.0,0.0,14875233.602169078,0.0,101452589.56406143,R0,NONE,R0,1,0,0,0,0,0,1,0,0,False,False,False,True,False,True,False,False,False,False,False,Q[NONE]|F[Water+Crackers],1222574060.820696,1222574060.820696,0.0,2707430.123773041,0.0,2707430.123773041,h09,5,Katrina,1219866630.696923,16430475.731665436,1203436154.9652576,1800626899.562837,81330444.50154956,1.0,10400000.0,0.0,70930444.50154956,0.0,9557344.06438629,1791069555.4984505,eb5904df19a73e492611c988d0d50419441f186a585a79c1955c48c4e324f249
LA-0280,280,a5dd025efc27aa6977a88147fa5579486a90dbcbc8f92b32d7ba46e5fb0e70db,M2,A1_FINAL_NO_MEMORY_V1,PASS,b603502297b0d5065ed2b2e9aba9478f9d2d6e4c172f6bb7264e247de23620bd,3353358c22c4e9591cebcde77840b96f47941ad7815a66426b5f45ecc32d40d6,7ccfe97a7e4bcfc6b3436b2a9889e82c5b64ab469588c2deec1211fe55433761,P4,0.0,0.0,0.0,0.0,1782045.1296542827,0.0,NONE,R1,NONE,0,0,0,0,1,0,0,0,0,False,False,False,False,True,False,False,False,False,False,False,Q[NONE]|F[Vaccine],1207997210.349287,1207997210.349287,0.0,2264097.411205298,830899.863277864,3094997.274483162,h09,5,Katrina,1204902213.0748038,16042908.580955315,1188859304.4938486,1880733724.2112288,1223619.853157333,1.0,0.0,1223619.853157333,0.0,10400000.0,8333724.2112289565,1862000000.0,b430a986cd3f56859d24adbc7b54e5e18bee356c1b48081f3d42774c6a9861b2
LA-0281,281,be62759edebfecf2c4d7118c8ad4f87ebda453d6226d0ca6f89bf45e590b70a6,M2,A1_FINAL_NO_MEMORY_V1,PASS,59ccd389694ac0f1278cea67de626ed0edbb27d160b4695142f8a0c3769dc350,da887a15c148528792a99460cf7b0fa0ada5c4ca0051781349a01c19df0e8e8c,25f279b3b88b2262f149f08e2663b9a78e1635eb6bffe40cc2aee4b97f6c70c1,P4,0.0,0.0,0.0,0.0,0.0,196357554.19610196,NONE,NONE,R0,0,0,0,0,0,0,1,0,0,False,False,False,False,False,True,False,False,False,False,False,Q[NONE]|F[Crackers],1233262561.7755358,1233262561.7755358,0.0,6615799.617050888,0.0,6615799.617050888,h09,5,Katrina,1226646762.158485,12522106.23838759,1214124655.9200974,1767664172.7031474,114293171.36123894,1.0,0.0,0.0,114293171.36123894,10400000.0,9557344.06438629,1747706828.638761,78bc9f4e94a5cb5a0e27e4e9f893204ff1e481eada11e79026d8a1aead9e7e03
LA-0282,282,7bf93d4839686e9e22b27fa5856c4544b4422fec44e817cbd0bd0d92188f2ee5,M2,A1_FINAL_NO_MEMORY_V1,PASS,41062a1953d543d87a6b3c913789644f4412ec3ce5387accd925a92025e66f61,e3da0be0764a40dd26bd6126e23e04b4c97d817b94df16a2cd41b3347a8e4357,e3a86598bf858fae3edd622d2599801c01e6fcbe3a15cda3487dfe74644da751,P1,21417268.794022296,365284.46570132056,0.0,0.0,0.0,0.0,NONE,NONE,NONE,0,0,0,0,0,0,0,0,0,True,True,False,False,False,False,False,False,False,False,False,Q[Water+Vaccine]|F[NONE],1239290880.9076436,1239290880.9076436,19137905.85543848,0.0,0.0,19137905.85543848,h09,5,Katrina,1220152975.052205,0.0,1220152975.052205,1871379965.7777414,0.0,1.0,0.0,0.0,0.0,0.0,9379965.77774154,1862000000.0,a9d0c36ed658677e102c2178bd2160dc074eb45de3c81f6d817c0c52f206dc23
LA-0283,283,f79e86775b923cd8f48f3b6f43816a492f6470b6b2a54186816c17f459063653,M2,A1_FINAL_NO_MEMORY_V1,PASS,40fd760b959627c050cd15c0ffcec00672eaa84d09f2d7f802f0bac5c47c8090,981851bd731d0620c1580db191e8f961818ef029cd3c9df9ebdd51250cebd2cd,2bce8c3046c5d70018031da535b70acb396c0455aed1e784c4bdba833c5af166,P4,0.0,0.0,0.0,0.0,0.0,213613289.66852713,NONE,NONE,R1,0,0,0,0,0,0,0,1,0,False,False,False,False,False,True,False,False,False,False,False,Q[NONE]|F[Crackers],1236911716.6143475,1236911716.6143475,0.0,7405505.6872573765,1763187.4669814326,9168693.154238809,h09,5,Katrina,1227743023.4601088,9969212.70119967,1217773810.758909,1777398367.2155561,104558976.84883022,1.0,0.0,0.0,104558976.84883022,10400000.0,9557344.06438629,1757441023.1511698,1752959b332a13a9ec39b3acfa942b3ed2ceacc92bd631c3376db7bff35a81f2
LA-0284,284,c6fae62d6d52ba04be3d2b85b07a208343d56e3898224c33cbaad4f8f0890fd8,M2,A1_FINAL_NO_MEMORY_V1,PASS,be799500bff81db0839b773c4222fb6576af51b47a44f00815de0bc555041842,9488d176f1d576128d747d09269b5016fb818901d26215d954fe110f88164b35,02869409ef72201261d299ca9f7d66f9ab01068e098c157ce7d236e248985054,P4,0.0,0.0,0.0,436921.7767538157,980614.6342172193,0.0,R0,R0,NONE,1,0,0,1,0,0,0,0,0,False,False,False,True,True,False,False,False,False,False,False,Q[NONE]|F[Water+Vaccine],1233722890.470781,1233722890.470781,0.0,6844763.674129896,0.0,6844763.674129896,h09,5,Katrina,1226878126.7966511,12293142.18130858,1214584984.6153426,1880878972.164618,1078371.8997682154,1.0,332382.408523363,745989.4912448524,0.0,10067617.591476638,8811354.573141437,1862000000.0,3364b67e0c04a575544ee563a11fd92114517000111e3e892562a85e14daedcf
LA-0285,285,99a8425dc45cd2ee0cefe3f09f98b07802b60958c867aa71719c9568623adacd,M2,A1_FINAL_NO_MEMORY_V1,PASS,3fa4625ac62b71f9d083696c615def924fcfd53b03e66106b5b2cc762a60a2be,29b86a1050c89b2bb032f21278ad494f90f1bc31cef9117f4cec701e2abb98f7,f4634289b24cbbf3533baa7719f6f823caa3614bf18b3c2dd2645f2839d1c075,P4,0.0,0.0,0.0,0.0,0.0,184090327.0052032,NONE,NONE,R0,0,0,0,0,0,0,1,0,0,False,False,False,False,False,True,False,False,False,False,False,Q[NONE]|F[Crackers],1228351538.3093421,1228351538.3093421,0.0,1549500.6330513675,0.0,1549500.6330513675,h09,5,Katrina,1226802037.6762908,17588405.222387113,1209213632.4539037,1754563918.0451405,127393426.01924585,1.0,0.0,0.0,127393426.01924585,10400000.0,9557344.06438629,1734606573.9807541,1d44abc933640408aaafbe31d839b7be5ca10a0c58da4f2add58762ebffafd14
LA-0286,286,6baaa33555436c6ac3e813258e2307c08f082445ff5442dc255c0053c1af1067,M2,A1_FINAL_NO_MEMORY_V1,PASS,6676018debac2bab04df8e0cf2c3d76a442dfa1dd9589bba6c0211b09edcbf10,650d48604e1dc7e87a3af405e1b2a3696960bc9cd55e475b30b382fcd4c53600,f9619e39675b67e3d7bfba96ea915c8fef641d3de903244f862593bd3df02358,P4,0.0,0.0,0.0,24516035.523272324,0.0,93115613.21594958,R0,NONE,R0,1,0,0,0,0,0,1,0,0,False,False,False,True,False,True,False,False,False,False,False,Q[NONE]|F[Water+Crackers],1234356415.7156703,1234356415.7156703,0.0,3947204.140862816,0.0,3947204.140862816,h09,5,Katrina,1230409211.5748076,15190701.714575663,1215218509.8602319,1832056570.1106775,49900773.95370882,1.0,10400000.0,0.0,39500773.95370882,0.0,9557344.06438629,1822499226.046291,492e65cda4ed61184f3f5f912eb19ee5cb7d8d14a1d33d13752d58832943c326
LA-0287,287,6976b8c8cd5fa35b0ae0a06c7cc30e9084d607ef478d90c7ef5d00a8c768ad1b,M2,A1_FINAL_NO_MEMORY_V1,PASS,3fa905e1c3dcf6d3c9c615309e8906331c6f42dcbe4abf62ddb377d5e7158a21,0a88bcafb48616af8507527a10c5d27a8625e9257840928b962000a254ec404a,f2e55d6c05cd6bd5fa1b9e472179202701793c2cd37f1d932f54cc29b406707b,P4,0.0,0.0,0.0,0.0,0.0,189663294.36075905,NONE,NONE,R2,0,0,0,0,0,0,0,0,1,False,False,False,False,False,True,False,False,False,False,False,Q[NONE]|F[Crackers],1215479788.5974307,1215479788.5974307,0.0,4339234.898032653,2846238.8161000176,7185473.71413267,h09,5,Katrina,1208294314.883298,11952432.141305804,1196341882.741992,1720228264.737651,161729079.32673526,0.9999999999999998,0.0,0.0,161729079.32673526,10400000.0,9557344.06438629,1700270920.6732647,ce387f2954d53123beec21a74cc6147821adaa863385d9f72fb4982fce64a04b
LA-0288,288,450f26fba029230cf0c4fa363512fdfa8719494c3757aa0888f30e8609682010,M2,A1_FINAL_NO_MEMORY_V1,PASS,f36ed76e74c01d3bd1f9ec12c297465047ef06d2baa99a3182ac07870242be6b,cd68f23fa10440b1e5bf3ef86f185276774f8a8f403a2ae3390ff4e0dfd83857,54bf3f92732ef50bbbbd6fa0130e39021ee83e42d5daf3d96c6880dc88994e9d,P4,0.0,0.0,0.0,14737942.706886204,0.0,137077087.28765574,R0,NONE,R0,1,0,0,0,0,0,1,0,0,False,False,False,True,False,True,False,False,False,False,False,Q[NONE]|F[Water+Crackers],1212902310.4891243,1212902310.4891243,0.0,3205562.031918156,0.0,3205562.031918156,h09,5,Katrina,1209696748.4572062,15932343.823520321,1193764404.6336858,1774827309.4764845,107130034.58790193,1.0,10400000.0,-1.3275094380488777e-10,96730034.58790193,0.0,9557344.06438629,1765269965.4120982,dcaa6f4e3f2eeca249b794c1c70bcf6313159c5fab55375686032e50067374fe
LA-0289,289,fa2f1df2a5a81adf302bb6baff73cd4c0130b16333573323ae44149beefce25b,M2,A1_FINAL_NO_MEMORY_V1,PASS,52126747e3dc33aa98514374a263258e6fe5e8e425b589d9c30ee2e89fbb1332,f5050af7f63a853b3a1a03842de04d75123d3b263beef34ccb528ba400bf72ac,f345be71ac36fbd319119bba16ef9baab8ab2a358f42b351f3a1ca042e0a258f,P4,0.0,0.0,0.0,14902067.833755491,0.0,122505459.94622238,R0,NONE,R0,1,0,0,0,0,0,1,0,0,False,False,False,True,False,True,False,False,False,False,False,Q[NONE]|F[Water+Crackers],1217113987.203449,1217113987.203449,0.0,1610330.8703381014,0.0,1610330.8703381014,h09,5,Katrina,1215503656.3331108,17527574.985100377,1197976081.3480105,1786062042.495917,95895301.56846936,1.0,10400000.0,0.0,85495301.56846936,0.0,9557344.06438629,1776504698.4315307,1dc25c32491cbac376baf01ff8a1e7bae5517ce9e33e3d7b28ad58de9e0d3052
LA-0290,290,6e110f55da4ccfd8ca5b014fcb2a6adf3d90454959137e173c5d55811540e697,M2,A1_FINAL_NO_MEMORY_V1,PASS,653604cee47c1d8598b5a922e3cce186099b776c579fc52e46fe749357287b53,b98b4f3afa6e4dbec828524bbac713e562fd7bc23713ef52940cee96bfee3528,d2e97ffb1bb4d6d9df3e109441198df5cbb31b52a4da8b1d329f6616049ecf1b,P4,0.0,0.0,0.0,15474067.12356202,0.0,69381152.79776269,R0,NONE,R0,1,0,0,0,0,0,1,0,0,False,False,False,True,False,True,False,False,False,False,False,Q[NONE]|F[Water+Crackers],1231683611.8515985,1231683611.8515985,0.0,8156785.794216873,0.0,8156785.794216873,h09,5,Katrina,1223526826.0573816,10981120.061221607,1212545705.99616,1824926811.617101,57030532.447285466,1.0,10400000.0,0.0,46630532.447285466,0.0,9557344.06438629,1815369467.5527146,599b66c7a3b54790ade732e0db09b69f55d4402db509bf8934ec9112f8a322cc
LA-0291,291,9c295c9cdc825318f593bdb2682c866fda5557c46098cfc294a300c2218d33e5,M2,A1_FINAL_NO_MEMORY_V1,PASS,f4becd3973be4102aaf855eee47bd4d6fe0430b1c63b9a5b0147196fa329e39a,5b9ba5e860fc78fc1a0854f39fe4e7a0be7dfa50984a99f7fb0dfa455df153a3,520f96a3e902903321b4a4b8154a3534ccda87f3073e9678bcc30b9bbdac6aec,P4,0.0,0.0,0.0,22991388.706339866,3495150.943005016,0.0,R0,R0,NONE,1,0,0,1,0,0,0,0,0,False,False,False,True,True,False,False,False,False,False,False,Q[NONE]|F[Water+Vaccine],1161159235.7410443,1161159235.7410443,0.0,4185282.7349890885,0.0,4185282.7349890885,h09,5,Katrina,1156973953.006055,14952623.12044939,1142021329.8856058,1869976336.0499713,11981008.014414927,1.0,10400000.0,1581008.0144149268,0.0,0.0,7976336.049971363,1862000000.0,4d437b5f100a1f76f5e9d554eb40d4d0d9751761e5bb517c25f67a86fa2aa3be
LA-0292,292,03acbdeb07372f2727b8a1dbbee7a33c46f61c79455f3e6bf5ea11b9b50aa908,M2,A1_FINAL_NO_MEMORY_V1,PASS,7f7973c53b172453bc1ff97d479ad41c3d84c306ceed3819ba15f85f6b987d2f,c96585702ceb9e8b68e90df8230fbeebc02068fcfc40ea8c333d1dd7936090d5,932d5261be7453e3c7b2810bcbab67ee4d7725f4ed72b97e6563bcf78dc6cc28,P1,16111974.83712912,603647.3191890918,0.0,0.0,0.0,0.0,NONE,NONE,NONE,0,0,0,0,0,0,0,0,0,True,True,False,False,False,False,False,False,False,False,False,Q[Water+Vaccine]|F[NONE],1227475329.853421,1227475329.853421,19137905.85543848,0.0,0.0,19137905.85543848,h09,5,Katrina,1208337423.9979825,0.0,1208337423.9979825,1871167700.201171,0.0,1.0,0.0,0.0,0.0,0.0,9167700.201170998,1862000000.0,ca7b6d54a0e2fdcefdb867e9c4250a9293804eeff830b66b8615b49ed4ae90fa
LA-0293,293,4ce04e00eddc3248b8c14149e07b6db89830abccb3fab6d5ccea4d16dce435cf,M2,A1_FINAL_NO_MEMORY_V1,PASS,46d77f53999d3bcc847343d856a5af1352196a53699e46eff072004df695139a,57e911c1ab0c5e953804222d5c5debfdd03e1c9e8fddac609b7e83ab82d0fe18,e377b906ca221ee785a523d4b7fd98ca42ebb9eff6886420832592066dfef306,P4,0.0,0.0,0.0,386757.4094265277,2713253.8042199775,0.0,R0,R0,NONE,1,0,0,1,0,0,0,0,0,False,False,False,True,True,False,False,False,False,False,False,Q[NONE]|F[Water+Vaccine],1155828168.0428019,1155828168.0428019,0.0,1841755.5808673997,0.0,1841755.5808673997,h09,5,Katrina,1153986412.4619346,17296150.27457108,1136690262.1873634,1879504769.1858065,2452574.878579719,1.0,305983.25008905475,2146591.628490664,0.0,10094016.749910945,7410752.4358956255,1862000000.0,ba5bfe0b6c2127c9d88a97fdf45edfbb87ee3d37ee03845aaebddaca45e678f2
LA-0294,294,9e0ed541557993bdfd0dc39f2a95a6fdc8e1e15decb3d9f5e16a74590958c8d8,M2,A1_FINAL_NO_MEMORY_V1,PASS,4339631a929ec5e444bd2a650ca186042687908eb2978bd8378026c8e16aa0e3,997fe178bf587615971937ff49f87d61b00a309405aa17974471ff782f2d8339,2806b7ffc0f7a77ff793009f78bd15bf07316d8e1d0f6f568eaf852f5f99f94c,P4,0.0,0.0,0.0,15893483.87962792,0.0,124873156.14562999,R0,NONE,R0,1,0,0,0,0,0,1,0,0,False,False,False,True,False,True,False,False,False,False,False,Q[NONE]|F[Water+Crackers],1218532448.9259627,1218532448.9259627,0.0,10781700.046542214,0.0,10781700.046542214,h09,5,Katrina,1207750748.8794205,8356205.808896264,1199394543.0705242,1789845817.8974152,92111526.1669712,1.0,10399999.999999996,0.0,81711526.1669712,5.587935447692871e-09,9557344.06438629,1780288473.8330288,ad1ca09e96040f8c803f3b40e400c742a29a9f0b930581b224aa4f5656b39e5c
LA-0295,295,facd52b2013a8debe94566b9aac3a1d115d73bb17c648ae61829714e20c560fa,M2,A1_FINAL_NO_MEMORY_V1,PASS,89079d39beb1aad9bd9a738269f85f166571b71866e8bbcaf7dedf6993205f1d,f1793280e0f5014ccf3f826c608e28f049165a2dd7f1974f10cdefc54abc65e5,bcc6127620f5d85ba282a1e398632656fcdd70e3871ffb7e4b8dab0861268021,P4,0.0,0.0,0.0,21280724.458423994,2508572.4753018296,0.0,R0,R0,NONE,1,0,0,1,0,0,0,0,0,False,False,False,True,True,False,False,False,False,False,False,Q[NONE]|F[Water+Vaccine],1180923055.3341317,1180923055.3341317,0.0,5199382.629012666,0.0,5199382.629012666,h09,5,Katrina,1175723672.7051191,13938523.226425812,1161785149.4786932,1870331391.7339518,11625952.330434484,1.0,10400000.0,1225952.3304344842,0.0,0.0,8331391.733951805,1862000000.0,d7faef501fe93e853b9468670e7e6cd80a59c7e9b01288b926e2e2f68dd0f84b
LA-0296,296,4bd78bae92612d7d93f3c93f9c6b103a5e633eef6f2af03ef7f5ddd15553036f,M2,A1_FINAL_NO_MEMORY_V1,PASS,c95626374b8890b69942ea94aa688e76fe5626731581a6446901586bb14c2553,6aad20e9ad72384edfb05311b546309fb4965a412718537206a8f13ace3ac582,9feda68abbe5bbcd9d335dae2c30c70524b62719c0a64cfc1ee664f8a1a385bc,P1,16965155.35024296,565314.562644708,0.0,0.0,0.0,0.0,NONE,NONE,NONE,0,0,0,0,0,0,0,0,0,True,True,False,False,False,False,False,False,False,False,False,Q[Water+Vaccine]|F[NONE],1229874116.9420161,1229874116.9420161,19137905.85543848,0.0,0.0,19137905.85543848,h09,5,Katrina,1210736211.0865777,0.0,1210736211.0865777,1871210794.249184,0.0,1.0,0.0,0.0,0.0,1.862645149230957e-09,9210794.249183992,1862000000.0,a3c5b0178de7925d5a0b0301f762cedc0b99fedf876406e08f82b8fbe30c848f
LA-0297,297,e2c9c3d87cfcee6be8d7a48d347ef73fc50977ae573fbc9b66fabef2f82bac8a,M2,A1_FINAL_NO_MEMORY_V1,PASS,af05a2860beeb0fc275ca54c9be15cf34865263f1fba86570174a1a709412f92,151e6e9f2ac132101b96decfc33adf7b4e1a9e76fdac261e7e7c16684513ef4d,2f9a675f0fb47b8021dfd329212afb7622c9a331b75e06f631a91f1af47faee0,P4,0.0,0.0,0.0,0.0,0.0,436006386.1845794,NONE,NONE,R0,0,0,0,0,0,0,1,0,0,False,False,False,False,False,True,False,False,False,False,False,Q[NONE]|F[Crackers],1219045918.5269282,1219045918.5269282,0.0,9230630.674223714,0.0,9230630.674223714,h09,5,Katrina,1209815287.8527045,9907275.181214765,1199908012.6714897,1729740988.621288,152216355.44309822,1.0,0.0,0.0,152216355.44309822,10400000.0,9557344.06438629,1709783644.5569017,575ffcc7b933be1be31b3385c7c0cd80ddb8622a1d38791fd12345835f573a93
LA-0298,298,5ffcb8416097009ab57f63954644fb5c0775284c4e0ff34e8b6a48fa18cf6edd,M2,A1_FINAL_NO_MEMORY_V1,PASS,11850764cbf86edb9b478c6ca0423e3778bf2e7b5b806e7ec83c3f63b63050d1,80215ebf98e749e34484404041687eb2719d6b5531458981ad7858f9ad9054d9,339d879dfb080c9d7f4f1ca30a227cf9bca2a6422eb0dca3d9d20fede388cddf,P4,0.0,0.0,0.0,16529292.66601727,0.0,157955681.26586393,R0,NONE,R0,1,0,0,0,0,0,1,0,0,False,False,False,True,False,True,False,False,False,False,False,Q[NONE]|F[Water+Crackers],1211907576.4839551,1211907576.4839551,0.0,8802406.392975073,0.0,8802406.392975073,h09,5,Katrina,1203105170.09098,10335499.462463407,1192769670.6285167,1772173836.3513002,109783507.7130861,1.0,10400000.0,0.0,99383507.7130861,0.0,9557344.06438629,1762616492.2869139,60eb3e01db552d03fbe7448b916f37d82532d5ae4cc722544457dc3183259da8
LA-0299,299,d07bca572e398a462441d1017fdcda497111b49a35d9d6a51c94c6d2acfa21e2,M2,A1_FINAL_NO_MEMORY_V1,PASS,73a7632fbca7c68da402d9578a76467c5e41941040c86651ad4186b9f540eb7e,f1c54a7f0cedaec31bf43e3fb94effd94281d1171480416490124567de18ae18,bd9487a02af869b393ece7e37cfcea55c39b9e2c208362158221dfae7e8b0eba,P4,0.0,0.0,0.0,0.0,1627118.0281273664,0.0,NONE,R0,NONE,0,0,0,1,0,0,0,0,0,False,False,False,False,True,False,False,False,False,False,False,Q[NONE]|F[Vaccine],1224642301.5335283,1224642301.5335283,0.0,3973547.1288824435,0.0,3973547.1288824435,h09,5,Katrina,1220668754.404646,15164358.726556035,1205504395.6780899,1881032752.1500087,924591.9143774917,1.0,0.0,924591.9143774917,0.0,10400000.0,8632752.150008798,1862000000.0,ccbf15082ff064d9e401bbd14c71f481c2edff9d004dd5ecc687d11eec49d3ce
LA-0300,300,9b6ec726adf9f2c41357489a91739705f48bdbd36e70ab42ebb76d80c50b8f22,M2,A1_FINAL_NO_MEMORY_V1,PASS,8e136883c023e779192d3081338e83b22f45afb0a87add7301edf7d037dbfa54,e561cc908dea2491f4d2f0b12b3ba57b280b855e6e8569783eb2331c8befe5f6,ca2163c63b926ec4d2ac17f57d1b8eb59049ab84e1ee4fce4bc92d20b32aedd8,P1,14028468.92993161,697257.6671421874,0.0,0.0,0.0,0.0,NONE,NONE,NONE,0,0,0,0,0,0,0,0,0,True,True,False,False,False,False,False,False,False,False,False,Q[Water+Vaccine]|F[NONE],1220391092.9258854,1220391092.9258854,19137905.85543848,0.0,0.0,19137905.85543848,h09,5,Katrina,1201253187.070447,0.0,1201253187.070447,1871040432.3632948,0.0,1.0,0.0,0.0,0.0,0.0,9040432.363294894,1862000000.0,96c12307e794823e820271437a95c8441ade2238c1d26b160baaada8df321ffe
LA-0301,301,3b4c1d840294790627a2d1193efbde7e703fe0fa9296e55504c3ef51f216c985,M2,A1_FINAL_NO_MEMORY_V1,PASS,a7fd0af981b16ecda163244eed53d95c62d241b64aa1b55d6184f85d8f8a9e4c,d2432ea4f2094df8c973016bbffe96412902be5c4e971971f2210c7b1928861e,2e6ea3055c8b1cd182db3c658501bc483682921b122635b3baf4af351fa2c550,P4,0.0,0.0,0.0,17671929.791878004,0.0,61456963.46221678,R0,NONE,R0,1,0,0,0,0,0,1,0,0,False,False,False,True,False,True,False,False,False,False,False,Q[NONE]|F[Water+Crackers],1235605931.952571,1235605931.952571,0.0,7220686.001020739,0.0,7220686.001020739,h09,5,Katrina,1228385245.9515502,11917219.85441774,1216468026.0971324,1835389680.0042446,46567664.06014176,1.0,10400000.0,0.0,36167664.06014176,0.0,9557344.06438629,1825832335.9398582,4d18cf4cd5050bafc739c70343a99b4796d3b7c6a9c421f34a13fb93e0c290cf
LA-0302,302,ee30301ae5d9ebcffe4f347cb88e044583d130a04d060a932d6b5e1d5e66f19f,M2,A1_FINAL_NO_MEMORY_V1,PASS,dcdb8e4bdbfb3ba68a2eb64ee43b7054cfaf2bcc7e86c97f9ed0d6c6187f2fbf,d84bda920d9a2c7bebe880f137834eaafb860459bf96f8c4b616345c21a2346f,038973065a5779403dffc4b49996956f852a96cbaf8db0cf59df765b1342b509,P4,0.0,0.0,0.0,0.0,0.0,127194018.51963937,NONE,NONE,R2,0,0,0,0,0,0,0,0,1,False,False,False,False,False,True,False,False,False,False,False,Q[NONE]|F[Crackers],1231964682.2858036,1231964682.2858036,0.0,4989289.019353056,4718046.5201375075,9707335.539490564,h09,5,Katrina,1222257346.746313,9430570.315947913,1212826776.430365,1764202052.8521762,117755291.21221007,1.0,0.0,0.0,117755291.21221007,10400000.0,9557344.06438629,1744244708.7877898,8782600a6698613b003510c4735d76e2a07e6aa59631f1846683cc16d376d238
LA-0303,303,c16fbaeb493f56ea949022f93f62f201d42df69eddaf0b529a63d6d3052c8179,M2,A1_FINAL_NO_MEMORY_V1,PASS,16a08f834045dea0acc2ec336a5651b3041d4e5ec7d160e1a93990e5c99efc13,2c79486353a6d412be917da53a50a9a9fca6745803dd5dcec981e970f467be74,0e154d867f2e7da7190ce46a8c21bf3ef1df2b06a101aae70f71f3a7ec345d2e,P4,0.0,0.0,0.0,0.0,0.0,222879616.13254395,NONE,NONE,R0,0,0,0,0,0,0,1,0,0,False,False,False,False,False,True,False,False,False,False,False,Q[NONE]|F[Crackers],1225287708.727059,1225287708.727059,0.0,4202793.56885462,0.0,4202793.56885462,h09,5,Katrina,1221084915.1582043,14935112.286583858,1206149802.8716204,1746391090.5209107,135566253.5434756,1.0,0.0,0.0,135566253.5434756,10400000.0,9557344.06438629,1726433746.4565244,412340c5c911d21ffa07c8ea106f85c7bc92e0370791cc6600916a4ca25fb1f0
LA-0304,304,ccd5a3e45a3a17fa1330e500ecc1b33a94cf04f0f52f25a1edc22eb0cdd179a3,M2,A1_FINAL_NO_MEMORY_V1,PASS,4c9940b932276a25d236797059dcb97457e7242bc2a00c605f5f4a51f99c0c6c,6579eb9fe4e149d7d852b2c4667b7bc1ac093d68b4955ffdb4b3964cb8c42f5a,9c6a0de81ac6ca657c294ed8aa3e2f65c8dfc3e56c3726d987bf63c7044d1504,P4,0.0,0.0,0.0,0.0,2164137.487728794,0.0,NONE,R1,NONE,0,0,0,0,1,0,0,0,0,False,False,False,False,True,False,False,False,False,False,False,Q[NONE]|F[Vaccine],1193155363.5605457,1193155363.5605457,0.0,1765500.2338835218,734883.2862886661,2500383.520172188,h09,5,Katrina,1190654980.0403736,16637522.33526629,1174017457.7051072,1880467091.4362085,1490252.6281778414,1.0,0.0,1490252.6281778414,0.0,10400000.0,8067091.436208448,1862000000.0,6665d05b19cc6c787b96c7fc0dae99ad45f71b4cc48ea2722e2d7e481566e699
LA-0305,305,f663668923934c0c068ef34648887563acfd965684da967f6917923fff66d889,M2,A1_FINAL_NO_MEMORY_V1,PASS,e8f6a1dcdb2a458b17abf94bde190d8348741fa7844a65fb5557c2e5ac0dbfd7,aea92386603e583eb83085db659c71d7825099b4b561eae4aeb2c265b4b88c1a,30585caae7348b1a89feb4d91da6290d0729dd702792f82b789fc827a8559153,P4,0.0,0.0,0.0,0.0,0.0,208386406.64921317,NONE,NONE,R0,0,0,0,0,0,0,1,0,0,False,False,False,False,False,True,False,False,False,False,False,Q[NONE]|F[Crackers],1223944549.2106218,1223944549.2106218,0.0,8055854.699318533,0.0,8055854.699318533,h09,5,Katrina,1215888694.5113032,11082051.156119946,1204806643.3551831,1742808185.2807348,139149158.78365162,1.0,0.0,0.0,139149158.78365162,10400000.0,9557344.06438629,1722850841.2163484,1c807d2cd905a00c3eb6852859b6ceaf8a77ef09444cf94557758227f4ad041c
LA-0306,306,c2643f9f338b34f9d8b143361a225a7209edbf555f9394edcb89adddc186dc34,M2,A1_FINAL_NO_MEMORY_V1,PASS,73308ca55a134f745b651decb602e2ae9df6d1a37839dc41f2594e18fdb2bf65,4e92573844c56c84af6d660bd178d87a1514ce8566a32a879ca1d5ac24aa7267,4791a30257a143c98b973efebaaaae4f6789c95c5feb3fca734a34eee9226168,P1,14824680.122086812,661484.4991927615,0.0,0.0,0.0,0.0,NONE,NONE,NONE,0,0,0,0,0,0,0,0,0,True,True,False,False,False,False,False,False,False,False,False,Q[Water+Vaccine]|F[NONE],1223333414.0052617,1223333414.0052617,19137905.85543848,0.0,0.0,19137905.85543848,h09,5,Katrina,1204195508.1498232,0.0,1204195508.1498232,1871093290.9627376,0.0,1.0,0.0,0.0,0.0,0.0,9093290.962737555,1862000000.0,a611f5848389bd6c8871a4bf296ec5b87bd8d17e4c4b1111fd7361ae9584941b
LA-0307,307,f82e17236737fbf0c426f35a06db33697cf0e90bf6de2998fff660aa75054ced,M2,A1_FINAL_NO_MEMORY_V1,PASS,654a7b4a716abbb775d3cdefae3c28294a2303e966f62a8fda4c6aba8af761bf,2de9b1f7c4e49e94329c17d1f2933812c6647ed351ab4ead0e29596dbe26889c,01321d4c5c81bdf8b3ba2d005005e88b0aa6ae5accb82bb7be1dab5b99dfcb46,P4,0.0,0.0,0.0,0.0,1684176.0222849292,0.0,NONE,R1,NONE,0,0,0,0,1,0,0,0,0,False,False,False,False,True,False,False,False,False,False,False,Q[NONE]|F[Vaccine],1207148863.0414283,1207148863.0414283,0.0,4220273.245444411,872400.8207029555,5092674.066147367,h09,5,Katrina,1202056188.975281,14045231.789291112,1188010957.1859899,1880718483.7091475,1238860.3552387278,1.0,0.0,1238860.3552387278,0.0,10400000.0,8318483.709147561,1862000000.0,5f143de20bbd6f7a80aa460c5b54481ad44c7f2433b2c86b71b993707df58d44
LA-0308,308,600885755cbb533d7636a4202c2db8b488a60f166a9a98443bcdf11f9246f81c,M2,A1_FINAL_NO_MEMORY_V1,PASS,5b1da3aa989dc28bea1e5953d39a0d401ae21736f54d7bb8c3b768cc9cd74fe1,4328fbd4dd4f0e2054dd30d13d9bdd5e294d6bd44606956724024984e9abbe22,24ef857db7ec093460d8aba5ba379409ef6617fb15a0ef83d6aae00e9e77808b,P4,0.0,0.0,0.0,0.0,0.0,396768548.6716461,NONE,NONE,R0,0,0,0,0,0,0,1,0,0,False,False,False,False,False,True,False,False,False,False,False,Q[NONE]|F[Crackers],1230108314.139982,1230108314.139982,0.0,4074890.3040468064,0.0,4074890.3040468064,h09,5,Katrina,1226033423.835935,15063015.55139167,1210970408.2845435,1759250153.1887598,122707190.87562664,1.0,0.0,0.0,122707190.87562664,10400000.0,9557344.06438629,1739292809.1243734,9d6378ef3b92e63b1046864b0431fcb59851a91b671fcaa739a66cb99cb4abe8
LA-0309,309,edfd44d35059942c0924ebc0728653f9cebdd3f8cfd1c30418d1215f86295896,M2,A1_FINAL_NO_MEMORY_V1,PASS,f94484848e03b08d61c355ac448688beafa86a8e6013f52490df3f7937b82da4,2fa5b1e70b9878d061c6400e949080474086fd8d6d14a1a72519bae8a554dcfa,e06b670569af797fc6b183945835d85344a8c25d4d77ac31188fc54a4ab4cd5e,P1,18203567.24003402,509673.6510868787,0.0,0.0,0.0,0.0,NONE,NONE,NONE,0,0,0,0,0,0,0,0,0,True,True,False,False,False,False,False,False,False,False,False,Q[Water+Vaccine]|F[NONE],1232955943.267746,1232955943.267746,19137905.85543848,0.0,0.0,19137905.85543848,h09,5,Katrina,1213818037.4123075,0.0,1213818037.4123075,1871266159.050954,0.0,1.0,0.0,0.0,0.0,0.0,9266159.050954074,1862000000.0,37b906cfe2a78752604bc1b1d3b74c584ec38d952e3c4921d2cb7b8afd88cda1
LA-0310,310,8833ca4e19d3b03159b311cfa63fc1c647b4095e9b3f8e9833bfd331e6212f29,M2,A1_FINAL_NO_MEMORY_V1,PASS,f6b61436b3512a786c102b8f9ace47e49c4e2ca4445b0cd082ba0b601ae39693,e3c87b083b553d9f46bf667e04d554300501a08dd5ede5e65158a2d553567a83,c9f6c2d1477167494bb6e522d45ba8f99c173b682d8574eb2326d4b981f69f0b,P4,0.0,0.0,0.0,0.0,0.0,262139197.63002923,NONE,NONE,R0,0,0,0,0,0,0,1,0,0,False,False,False,False,False,True,False,False,False,False,False,Q[NONE]|F[Crackers],1193190136.730869,1193190136.730869,0.0,542111.9470540745,0.0,542111.9470540745,h09,5,Katrina,1192648024.783815,18595793.908384405,1174052230.8754306,1660770166.5020523,221187177.56233403,1.0,0.0,0.0,221187177.56233403,10400000.0,9557344.06438629,1640812822.437666,1f7cce97d46d21aa37f98282133d1876d38b2078f2ac57406b6c1e7c4c9914d2
LA-0311,311,2ad8e27d064113cd71ac096661d5484eb440cd01ba5469c5108f0c31297668ed,M2,A1_FINAL_NO_MEMORY_V1,PASS,d02b1f36e2811e9e1345ab7e0699b2ab20a7d788cdec41c68906f540cb193991,89d6cf34c8dfa106f35910227ea0ad896bda2cb19e57e4ef92244144276dd0ff,6ad6c5e51671ce7a46095d41f1f273cba2d342e3e3b60b7ad7c05fc28e9ea22c,P4,0.0,0.0,0.0,0.0,0.0,182303745.17672804,NONE,NONE,R0,0,0,0,0,0,0,1,0,0,False,False,False,False,False,True,False,False,False,False,False,Q[NONE]|F[Crackers],1236978775.4104733,1236978775.4104733,0.0,6700929.6899489695,0.0,6700929.6899489695,h09,5,Katrina,1230277845.7205243,12436976.16548951,1217840869.5550349,1777577247.9137154,104380096.15067112,1.0,0.0,0.0,104380096.15067112,10400000.0,9557344.06438629,1757619903.849329,55852c29d777643fb2fa67abd7a4be442c6551c675a23fc8bc66841bd28b5166
LA-0312,312,891e6a4d67e32ec6052911199efcca3b63de6ca3246fabd04a3a20fed806b879,M2,A1_FINAL_NO_MEMORY_V1,PASS,7db4ab2e4311932464a741b4dd75c0f5c860549f4646669d70e2dc62cace9a6c,0f05c96ceff184e3b3fb639f27d19f39bcedbcd432bf85d080d43ab3187c1895,811f936eedbb70142bc6b24105be859e83d22dba09cc0db71a3fa694a895a55a,P4,0.0,0.0,0.0,24582062.452823367,0.0,67018019.27860267,R0,NONE,R0,1,0,0,0,0,0,1,0,0,False,False,False,True,False,True,False,False,False,False,False,Q[NONE]|F[Water+Crackers],1238535307.4111469,1238535307.4111469,0.0,6959609.913994261,0.0,6959609.913994261,h09,5,Katrina,1231575697.4971526,12178295.941444216,1219397401.5557084,1843203848.427676,38753495.636710316,1.0,10400000.0,0.0,28353495.636710316,0.0,9557344.06438629,1833646504.3632896,13d18a73d27f2353040713d3d6862b4cc6389c198b7a030a1507b17fe3ef8dc9
LA-0313,313,70b5516fb27b651f24787b50ef8d3e51bd503b2d2133c121f201a223f54539fc,M2,A1_FINAL_NO_MEMORY_V1,PASS,48c9381bc2bf5ed79a5de47bf336732e05d87198192f07f97078d3d3fbe0c22d,17a3458723136a43a310fe256b0c5e5aa73f59554c1d0d0d8f774d6e1d18ea34,6f77189df26678e009f5a005340b55bdd8d9e6d717bad0a4783bcf7a7b8d0bc8,P1,14210579.525283461,689075.5755349874,0.0,0.0,0.0,0.0,NONE,NONE,NONE,0,0,0,0,0,0,0,0,0,True,True,False,False,False,False,False,False,False,False,False,Q[Water+Vaccine]|F[NONE],1221093146.9630098,1221093146.9630098,19137905.85543848,0.0,0.0,19137905.85543848,h09,5,Katrina,1201955241.1075714,0.0,1201955241.1075714,1871053044.7166493,0.0,1.0,0.0,0.0,0.0,0.0,9053044.716649385,1862000000.0,6fb454c51c7395565b992dfddb09ed05b0ae1f9daf98457e4104f2f3babc0a21
LA-0314,314,eadbad8963a4a1062cbc7ee3cda149ceeaf781652d677f8b4b40a4d8d1edfa53,M2,A1_FINAL_NO_MEMORY_V1,PASS,f063c628421df76004dbd82f503f2ea3549256f5c372ab322ac4ccc215ea2afa,59c8aa7597d5872ac9f3506834b67f34a412a7aa9da8666017781c9eba20081d,c7002e420d719f1f86f69d06044fc513cb068115cb018a2e6f7f991f03418a00,P4,0.0,0.0,0.0,0.0,0.0,264196686.49908918,NONE,NONE,R0,0,0,0,0,0,0,1,0,0,False,False,False,False,False,True,False,False,False,False,False,Q[NONE]|F[Crackers],1214178911.23727,1214178911.23727,0.0,9506888.067758322,0.0,9506888.067758322,h09,5,Katrina,1204672023.1695118,9631017.787680155,1195041005.3818316,1716758148.006536,165199196.05785048,1.0,0.0,0.0,165199196.05785048,10400000.0,9557344.06438629,1696800803.9421496,b6481c603877189b0577d2260b7b7da546135398eb18571e0887b7d6d5fea15e
LA-0315,315,4bf4ebd6394bf482ac222f814def0101e33aff41cc6463d49d32021d2a3fa25f,M2,A1_FINAL_NO_MEMORY_V1,PASS,a1f6b561ef539e779d8354c5691a4e0af3da8a088fd30afb02265b734e70bb7c,115b09466b441268f48dfdce7da6a455460405ad265dfa1e001ced51b6a57b47,99f88981925638e409f5a8868ffd9e2d37c044326d3856c778bc6bc429cda4ab,P4,0.0,0.0,0.0,12676478.166292695,0.0,231624189.37533814,R0,NONE,R0,1,0,0,0,0,0,1,0,0,False,False,False,True,False,True,False,False,False,False,False,Q[NONE]|F[Water+Crackers],1177926598.3871117,1177926598.3871117,0.0,2566723.0393784842,0.0,2566723.0393784842,h09,5,Katrina,1175359875.3477333,16571182.816059994,1158788692.5316732,1681528888.3763654,200428455.68802094,1.0,10400000.0,0.0,190028455.68802094,0.0,9557344.06438629,1671971544.311979,40b94e02641aedf464888be42901289bdbecadb8a89389e4ca7b448d96797103
LA-0316,316,1e7b00c7cecb5e0b010879c58fefa90fc9c1c340d932af1fc0b6a1628a822e89,M2,A1_FINAL_NO_MEMORY_V1,PASS,b29285ff89160c4d334cd9cca2f6c350f89ffcedec53d6c51d49e204f7fd5ee4,bb4b318b27c7971609e9913f311cd0ed38ae148de9ef0b6e6c340a3324224b83,54e0ee650ac246ce38549411e7acf30bf2fb1167f0f983e308a76035fad04cd3,P1,17772473.925855987,529042.3483394498,0.0,0.0,0.0,0.0,NONE,NONE,NONE,0,0,0,0,0,0,0,0,0,True,True,False,False,False,False,False,False,False,False,False,Q[Water+Vaccine]|F[NONE],1231931885.891131,1231931885.891131,19137905.855438434,0.0,0.0,19137905.855438434,h09,5,Katrina,1212793980.0356925,0.0,1212793980.0356925,1871247761.9293563,0.0,0.9999999999999977,0.0,0.0,0.0,0.0,9247761.929356359,1862000000.0,20e269477a06d0a551f71a8b863603863e8c4adc212318069a46a42ef3b68a86
LA-0317,317,73c7f09c65a4bfb94a7264d0b132b7c9576b043aa21579fb4ef97e5a17b53d8f,M2,A1_FINAL_NO_MEMORY_V1,PASS,9a5df5870d2cf078ba9bab66c2b98a57f8beccce42c9687e249bcfe5e806db7d,fb49c54c6ed1a675ffa3a0f5c218ab9deabbe4403a1b536b5973153518d9df2c,85bb3a370c3a35e86100ad8c54247c8102c21a5527e2db3491e66b4be00f5f8c,P1,15613869.061397122,626026.8357638401,0.0,0.0,0.0,0.0,NONE,NONE,NONE,0,0,0,0,0,0,0,0,0,True,True,False,False,False,False,False,False,False,False,False,Q[Water+Vaccine]|F[NONE],1225953662.7195268,1225953662.7195268,19137905.855438437,0.0,0.0,19137905.855438437,h09,5,Katrina,1206815756.8640883,0.0,1206815756.8640883,1871140363.5538964,0.0,0.9999999999999979,0.0,0.0,0.0,0.0,9140363.553896382,1862000000.0,b932dccc73eef34c64ef305cbc340ce5b523eff9f763fcf25aeffb22438e69f9
LA-0318,318,fc30e1b9af57f0faf022641a0e2c8aa3d0b2050fd1f2023b6c908babc8409514,M2,A1_FINAL_NO_MEMORY_V1,PASS,a200be30bfbbe362dc33bb8c98091857a50d66fc9128576aeff827a9591c2db4,9dc989d5492385f8fc39f5b0b3949af233c8024cc5d97cafb566955040b6e27f,65938db7b948e8fd990a90d7d9339162742bd7ce1e3f7dca207c02f1ccc9255c,P1,16820512.908597086,571813.2383837503,0.0,0.0,0.0,0.0,NONE,NONE,NONE,0,0,0,0,0,0,0,0,0,True,True,False,False,False,False,False,False,False,False,False,Q[Water+Vaccine]|F[NONE],1229484573.3543408,1229484573.3543408,19137905.85543848,0.0,0.0,19137905.85543848,h09,5,Katrina,1210346667.4989023,0.0,1210346667.4989023,1871203796.1249444,0.0,1.0,0.0,0.0,0.0,0.0,9203796.124944352,1862000000.0,d5405c9935b71d7bd449e3722142085ba353409bbc08d4daeed750cc4bd79ef3
LA-0319,319,9b9fb544aaad37aaa33540256d8967369380dd29d6cf629eb2b97627f27a5b9e,M2,A1_FINAL_NO_MEMORY_V1,PASS,667c0a68205537e51038c26341abb537f20bca56d850c91bb5fdce7bfbff55ed,b213c30aa152dff7a496e602c7bbd507963f249c29de47b08df0f43ea9692ff0,b712ab835a96cc86267e04963cc8d366fe8d0012003e50d55621ddaebf3564da,P4,0.0,0.0,0.0,20554616.916373804,0.0,103231571.80026993,R0,NONE,R0,1,0,0,0,0,0,1,0,0,False,False,False,True,False,True,False,False,False,False,False,Q[NONE]|F[Water+Crackers],1229583741.064656,1229583741.064656,0.0,4410779.149992798,0.0,4410779.149992798,h09,5,Katrina,1225172961.9146633,14727126.70544568,1210445835.2092175,1819325363.7219276,62631980.34245878,1.0,10400000.0,0.0,52231980.34245878,0.0,9557344.06438629,1809768019.6575413,e689e9bd22bca06b77dc4e5a78534aa6ed156981c0f1590e4a0928b76f21354e
LA-0320,320,1d0c180d869a3469429ef3804fc013ac3594aa2768be7d792e4715987c7a477c,M2,A1_FINAL_NO_MEMORY_V1,PASS,ce2fe0dc1e6fd9566db7206d990984ba271e00d46662c094d38aafcb91b2075e,8e9784b23eb1c1834a7af2ccbd4ffd059315b8eca393a06af87d848fb6a67f63,db0ec9f2200325a72faafab209b91db0398f8042450dbb5d9080c1c0ab66ddc4,P1,17259453.92008871,552091.9500136668,0.0,0.0,0.0,0.0,NONE,NONE,NONE,0,0,0,0,0,0,0,0,0,True,True,False,False,False,False,False,False,False,False,False,Q[Water+Vaccine]|F[NONE],1230646549.6422343,1230646549.6422343,19137905.85543848,0.0,0.0,19137905.85543848,h09,5,Katrina,1211508643.7867959,0.0,1211508643.7867959,1871224670.950467,0.0,1.0,0.0,0.0,0.0,0.0,9224670.950467015,1862000000.0,5f1224dd02043c9fe4735d5278d6f88b44133ddd3e42fb593ca91bc23b14f632
LA-0321,321,930a81ffe7164e44dc88476cfb0a379770e8d79f79b607f6cdbb7bc0e25b5c04,M2,A1_FINAL_NO_MEMORY_V1,PASS,4ebe9fd457a6083494cea3c6d5f5940db9d8c91d02efce5896b0fc0518f071f9,754e012668798f85916749a573eef002935b855440194f9b8f75a4cb267479d1,a646f61b86e6426cf8776c735e80ca18c0e77daf287f3dc25a8575f50e014928,P1,14928259.48388905,656830.7566400848,0.0,0.0,0.0,0.0,NONE,NONE,NONE,0,0,0,0,0,0,0,0,0,True,True,False,False,False,False,False,False,False,False,False,Q[Water+Vaccine]|F[NONE],1223693110.42505,1223693110.42505,19137905.855438404,0.0,0.0,19137905.855438404,h09,5,Katrina,1204555204.5696115,0.0,1204555204.5696115,1871099752.8846223,0.0,0.9999999999999961,0.0,0.0,0.0,0.0,9099752.884622224,1862000000.0,8efdea29ff8eb7899326550f38a696db08515e88c03abc76a52e0f10cd3a443d
LA-0322,322,b3d497f2e51a319dc60654f2085b0be33560e603d3405ee0e498a32092cb1667,M2,A1_FINAL_NO_MEMORY_V1,PASS,7a0f4f9b0d52df572a0c8e293a59dd72580d61a87bde9eb03ba69776778e7481,52ecc28d3fc88fb8987ea0be785261fbdc01919c0f00ad8011de10e266d632ff,95b0f395ccad49566b1d44b704a276347b7b2ed040916d63146493c3397a18fd,P1,15242537.967230016,642710.4615748887,0.0,0.0,0.0,0.0,NONE,NONE,NONE,0,0,0,0,0,0,0,0,0,True,True,False,False,False,False,False,False,False,False,False,Q[Water+Vaccine]|F[NONE],1224754575.1807868,1224754575.1807868,19137905.85543848,0.0,0.0,19137905.85543848,h09,5,Katrina,1205616669.3253484,0.0,1205616669.3253484,1871118822.027259,0.0,1.0,0.0,0.0,0.0,0.0,9118822.027259061,1862000000.0,a1166c14009ff4f2239b0277ab8172edb3d4a73058fb7dca51ac42a6a008fa7c
LA-0323,323,84f7e678f27751b2bbd207e340bb72ce61a883b53fb6018f15243e79f340208a,M2,A1_FINAL_NO_MEMORY_V1,PASS,9c0f6dc6ce5d18b7759fa336ce657a17bd06a59507b7d12cc3be88720a0796a3,9a4b1b64969251cf911b13757995d781fe225e6658d04dc533817931c6a08b5e,6744eff2888475e33ef68557ebefc8637e9c46e4db61da594eb1b20367ed2a55,P4,0.0,0.0,0.0,0.0,0.0,216585329.918131,NONE,NONE,R0,0,0,0,0,0,0,1,0,0,False,False,False,False,False,True,False,False,False,False,False,Q[NONE]|F[Crackers],1225691874.7400048,1225691874.7400048,0.0,970298.8384107399,0.0,970298.8384107399,h09,5,Katrina,1224721575.901594,18167607.01702774,1206553968.884566,1747469211.5541635,134488132.51022285,1.0,0.0,0.0,134488132.51022285,10400000.0,9557344.06438629,1727511867.489777,7f54ce951bc2da3ae56f3d095c4bf28612780f7941ee289a6e00782a1cd0465e
LA-0324,324,e8bffda3ffe3400e77d32a9772b52f84d6fcc8a7b56af8f9de733066f3aa0ceb,M2,A1_FINAL_NO_MEMORY_V1,PASS,a43308865ec44373fd5b3004a1c46db5470ffa4f95f806d6ce7ae4b365086bf2,11ad74853d4ffec5bafce224708f0d5980accc318709765cad8b646b5573c78b,4c8d23be4bbc664684f416c52b54e7b344807f4da90ccc0fcc6a3f7fc6a83385,P4,0.0,0.0,0.0,546379.674453703,2073998.7374111486,0.0,R0,R0,NONE,1,0,0,1,0,0,0,0,0,False,False,False,True,True,False,False,False,False,False,False,Q[NONE]|F[Water+Vaccine],1205711795.9334621,1205711795.9334621,0.0,10020261.606189415,0.0,10020261.606189415,h09,5,Katrina,1195691534.3272727,9117644.249249063,1186573890.0780237,1880378851.7894657,1578492.2749207397,1.0,329134.17825217557,1249358.0966685642,0.0,10070865.821747825,8307985.967717726,1862000000.0,205c589fa648973617813874bbe1d0747c0bbc80d3eefd0c69d15c9591379179
LA-0325,325,ee053b011bcec6468ff0b659ca14db2c3cda3815407a3e20302f1b30d5cfd97b,M2,A1_FINAL_NO_MEMORY_V1,PASS,6f221631c487141874c800640635160e8fb70983ab49e7fdfb6d4c08924fce56,7605a64fe4ecba9cb8f508045c84ccdb59d06ac0f8ca000edf2508a506e8e331,db902618171cf9cfceca248faad0717c901f603478b831b93b591e04d711711a,P1,15377011.123688519,636668.684144383,0.0,0.0,0.0,0.0,NONE,NONE,NONE,0,0,0,0,0,0,0,0,0,True,True,False,False,False,False,False,False,False,False,False,Q[Water+Vaccine]|F[NONE],1225195499.2187395,1225195499.2187395,19137905.85543848,0.0,0.0,19137905.85543848,h09,5,Katrina,1206057593.363301,0.0,1206057593.363301,1871126743.1978173,0.0,1.0,0.0,0.0,0.0,0.0,9126743.197817279,1862000000.0,ee7dd3b761aca0f183c17e774b44e618d216dc699b5c80bf69da01b41bd59e79
LA-0326,326,d68ccbea86551acae8f087744ebb98a961f848783774d959493dfa6aea975c1f,M2,A1_FINAL_NO_MEMORY_V1,PASS,1ecf5e3902e2e10d0431a96397d3e13ccedce9c4c9c7f83f870e58151c60b971,1436954f6719e6180f2011748181bd2ff0bf3b21bf48fec6b4de3ae911ce2239,7f4aa824c1ddf15f311f508b80ff52cc6b71ff1484c84d9f79ae473ea9868820,P4,0.0,0.0,0.0,0.0,0.0,179537992.22431976,NONE,NONE,R2,0,0,0,0,0,0,0,0,1,False,False,False,False,False,True,False,False,False,False,False,Q[NONE]|F[Crackers],1221654627.8012068,1221654627.8012068,0.0,6312682.815659275,3414671.5436814507,9727354.359340725,h09,5,Katrina,1211927273.4418662,9410551.496097753,1202516721.9457684,1736699773.497191,145257570.56719536,1.0,0.0,0.0,145257570.56719536,10400000.0,9557344.06438629,1716742429.4328046,95c1e735aba6b7b8a881ebb1763bd663d2fffd794f2396052f2cd994b7981bc6
LA-0327,327,26b0ad5717f7a58cc774343f1b9c7b20588ccb2ed4387459b73a4ebb14338ef5,M2,A1_FINAL_NO_MEMORY_V1,PASS,38216bb6fb709878500e2b37f6ee7fd2d1851a538b497ebc96c3c19ef4ab298e,451c3296693ce823d2d54db30d87c28dc34d70d80e683eab665c4a069080457e,174b89d0c6a3570c3b6d105efd8a43f92ada73c768ad2298140e3dd0ba64779f,P4,0.0,0.0,0.0,13426913.612402048,0.0,96457156.4259252,R0,NONE,R0,1,0,0,0,0,0,1,0,0,False,False,False,True,False,True,False,False,False,False,False,Q[NONE]|F[Water+Crackers],1221156351.5273213,1221156351.5273213,0.0,1061174.3259304978,0.0,1061174.3259304978,h09,5,Katrina,1220095177.2013907,18076731.52950798,1202018445.6718829,1796845131.2813208,85112212.78306562,1.0,10400000.0,0.0,74712212.78306562,0.0,9557344.06438629,1787287787.2169344,ff378095c5b8fa2ae482d0a9fb1bf8a7e05fced9f8da942df33d6a214ed26076
LA-0328,328,3944eef91acbacb81fbe4abd4a9e73c6b0443e8df0f924a04d1fdce3debe1c65,M2,A1_FINAL_NO_MEMORY_V1,PASS,2ce6e6b3529f0e6e6d5f5ac9b0114700a6132ac345ee50a6daaea21bd3e8895e,bca83be4602af4558f8b2b6c4c60b451972e74ad19f9a3eee17cd203b9199108,dff2e960d6455741000b35e7aadc0cccc1b38110b8723a35e839d897ff68fc51,P4,0.0,0.0,0.0,0.0,0.0,300943061.4623974,NONE,NONE,R0,0,0,0,0,0,0,1,0,0,False,False,False,False,False,True,False,False,False,False,False,Q[NONE]|F[Crackers],1206674258.6738608,1206674258.6738608,0.0,963619.4365619655,0.0,963619.4365619655,h09,5,Katrina,1205710639.2372987,18174286.41887651,1187536352.8184223,1696739335.1506639,185218008.91372254,0.9999999999999998,0.0,0.0,185218008.91372254,10400000.0,9557344.06438629,1676781991.0862775,db2cfcc7b8e59cbb3e95f67eafb701a7a4bcdd45126c0088807e6bd753194252
LA-0329,329,0ce0ad7ed585a5d18815d9c0c940fc6baee2d508621dbd3aafee8ee425123696,M2,A1_FINAL_NO_MEMORY_V1,PASS,26115afd9b348715deb823350f469860589c4615f43b2e05bac965c546f9067b,35c78713bba989c44ca262ce29c01fff84d956395fdbb91c79bbf0c3670f7ad7,cc9f67aacd15ba263152812907dcef18c870f69ab94fcd3fa857529865659b80,P1,16551893.807734612,583882.0918541043,0.0,0.0,0.0,0.0,NONE,NONE,NONE,0,0,0,0,0,0,0,0,0,True,True,False,False,False,False,False,False,False,False,False,Q[Water+Vaccine]|F[NONE],1228743079.841221,1228743079.841221,19137905.85543848,0.0,0.0,19137905.85543848,h09,5,Katrina,1209605173.9857826,0.0,1209605173.9857826,1871190475.2440677,0.0,1.0,0.0,0.0,0.0,0.0,9190475.244067669,1862000000.0,ba4a3bfc9e7036accd42775afdc080e5cd4fb2c1c6dedd922765b4598ce6758b
LA-0330,330,81ef53386cef89bec9abff4fa14183a62dc7971976634c1b90c786d54e939676,M2,A1_FINAL_NO_MEMORY_V1,PASS,68c88eea7aeaa363733ae5c1b378ce45bb5a2b80787aa4d6b922a4acd6263a34,9ef5174142125a8421f6abc2e9e5ec451964b3f8dab4c5af8a0fb83306980c84,613d9c292563954a0740164469ab45f014a39678a92573be1ae4a216436038a7,P4,0.0,0.0,0.0,12253662.47917122,0.0,338689399.2168345,R0,NONE,R0,1,0,0,0,0,0,1,0,0,False,False,False,True,False,True,False,False,False,False,False,Q[NONE]|F[Water+Crackers],1141403543.3704278,1141403543.3704278,0.0,1742406.9965309459,0.0,1742406.9965309459,h09,5,Katrina,1139661136.3738968,17395498.858907532,1122265637.5149894,1584102898.6818402,297854445.3825462,1.0,10400000.0,0.0,287454445.3825462,0.0,9557344.06438629,1574545554.6174538,d849c8b6eab826b3cbc9e0e7f298f4fe9db6c3d33ccdc8f05ffc51532505ff5a
LA-0331,331,b6b342f3550ac49e8948a098b2157d58a6505475b90dc444123283c3751853fc,M2,A1_FINAL_NO_MEMORY_V1,PASS,1051d09f7208e6fce550376dd75bbf1b91cebaaff336057ae0133125da4ea740,4b84f99261148c71079a8902717ffe08e1b9b5ba3ca13b9ec53f05d7bff916b9,37d187d9b3319ea3cfdd237e5f25b197dca3bc0f46ea7cfcfe1e757e1084e5e9,P1,18744792.74031719,485356.79783123155,0.0,0.0,0.0,0.0,NONE,NONE,NONE,0,0,0,0,0,0,0,0,0,True,True,False,False,False,False,False,False,False,False,False,Q[Water+Vaccine]|F[NONE],1234174928.6460853,1234174928.6460853,19137905.85543848,0.0,0.0,19137905.85543848,h09,5,Katrina,1215037022.7906468,0.0,1215037022.7906468,1871288058.0409358,0.0,1.0,0.0,0.0,0.0,0.0,9288058.040935736,1862000000.0,49ec6afd09dec4d1511ffbae4142fc1e9e85a51f2c6899077e5f625bccff43a9
LA-0332,332,e72945f554486e507866170923fae8dc20b6f10350f6e26cbc10eea70765f04b,M2,A1_FINAL_NO_MEMORY_V1,PASS,0e574afeb008a8bfc295fa41c1cf11cda00a918e742e50eb79b36f73fff44e9a,834276233c8d1c5a307e30ba38fd750a90cd85a2f92f8b15545e1515ba0da643,75c8419039d661a5993788ed466387f1689ca0be1a86d7183480e0997cf0a9f7,P1,18406245.835375894,500567.454763146,0.0,0.0,0.0,0.0,NONE,NONE,NONE,0,0,0,0,0,0,0,0,0,True,True,False,False,False,False,False,False,False,False,False,Q[Water+Vaccine]|F[NONE],1233420826.1511803,1233420826.1511803,19137905.85543848,0.0,0.0,19137905.85543848,h09,5,Katrina,1214282920.2957418,0.0,1214282920.2957418,1871274510.640553,0.0,1.0,0.0,0.0,0.0,0.0,9274510.640552994,1862000000.0,f5c527a61b9d9972b7eac96b32daa2b8198535b8013fbc04fca10be38c28712b
LA-0333,333,5c673c01584f28e1d05ed1040050c21bac23574b4c8c80fe200f143ae7f457f2,M2,A1_FINAL_NO_MEMORY_V1,PASS,5dfe84fd0cf3b8805d9e377a655728a681dad9251388b3073cfd5d954c0de3f9,39020f248f5bd6154fc2ad34afb47152c93b49add2ab22db62481a84b1a7e58a,6992f3530a5bcecadebb4f54273a3c8f74b704ed3f08dfd8641c246f396a88c6,P4,0.0,0.0,0.0,15496946.04355694,0.0,141274440.79045692,R0,NONE,R0,1,0,0,0,0,0,1,0,0,False,False,False,True,False,True,False,False,False,False,False,Q[NONE]|F[Water+Crackers],1213622365.6872766,1213622365.6872766,0.0,6543971.3014184665,0.0,6543971.3014184665,h09,5,Katrina,1207078394.385858,12593934.55402001,1194484459.8318381,1776748071.315346,105209272.74904037,1.0,10400000.0,0.0,94809272.74904037,0.0,9557344.06438629,1767190727.2509596,f1b2645a6e7f33f80860617712d557363997c39d853911e158ea7e407b578bfe
LA-0334,334,edaf1d3f884b2a1b1bc5dfef3d1a8ae510e3ba39112540125e89d3ae561834b0,M2,A1_FINAL_NO_MEMORY_V1,PASS,cf54f897e1da8e9f2befdc614681c4949e553aec063c7a3465685e993866b039,dfcb4cb0c3a31cc625229332ea177ead411bcdbc9a62105ff67c9ce2e224a241,3ab8080c2cd9b2d8e60d97139b586fb8609b1bc5ea7a6c20729dcfd0f8d4519f,P4,0.0,0.0,0.0,406888.4396914717,1139586.1257755752,0.0,R0,R0,NONE,1,0,0,1,0,0,0,0,0,False,False,False,True,True,False,False,False,False,False,False,Q[NONE]|F[Water+Vaccine],1224359243.616294,1224359243.616294,0.0,481001.9125290711,0.0,481001.9125290711,h09,5,Katrina,1223878241.703765,18656903.942909405,1205221337.7608554,1880716349.758429,1240994.3059572245,0.9999999999999998,326514.4141988771,914479.8917583473,0.0,10073485.585801123,8642864.172627943,1862000000.0,970f437bdd5effd2dbf23594c12dbe1ea672ec447dfc6c06d1b8555d7ef58608
LA-0335,335,cc1bb69c71a636da651af52730ba7aef77401a4bd6ccfe1248d0ebf3071c249a,M2,A1_FINAL_NO_MEMORY_V1,PASS,7c3aad792a45d3076ca5891400030ea63581869fd92c0802e08fc2570b5c04d8,6f9eeb51d5d237a86dc7585d239892adb3b60ad8fd89fdbd30918d0f960dc2a5,63db7d04048a42714e2b316bf7a94b4831636e2fe9b365e0c8319ccb71565f59,P4,0.0,0.0,0.0,31858893.990842555,0.0,198693784.02082616,R0,NONE,R0,1,0,0,0,0,0,1,0,0,False,False,False,True,False,True,False,False,False,False,False,Q[NONE]|F[Water+Crackers],1224849190.251035,1224849190.251035,0.0,2804273.6568307877,0.0,2804273.6568307877,h09,5,Katrina,1222044916.5942042,16333632.19860769,1205711284.3955965,1806695853.4423153,75261490.62207112,1.0,10400000.0,0.0,64861490.62207111,0.0,9557344.06438629,1797138509.377929,a6b82d9c889025e17d802800ba506d5774efbfc8c2560843a5c7fc1129d2f3cf
LA-0336,336,4bd72dcc8d08a9e2c2f073636634dd75fb19bd87a4052ad7c43219dffdc0c241,M2,A1_FINAL_NO_MEMORY_V1,PASS,aa9a2c0102155ececae5b8b1d4138203a3479e4e1ef96f2170db1c84964b3841,c53b66bfd5a6035109eebd9dc8efd91515b089cdaf7c19426bb51e6b22d0063c,566dc05abcdde00fbf6f5f23d2811938e4469c359d3c870a72ca2bb9c02f54a6,P4,0.0,0.0,0.0,0.0,0.0,212084335.8302521,NONE,NONE,R0,0,0,0,0,0,0,1,0,0,False,False,False,False,False,True,False,False,False,False,False,Q[NONE]|F[Crackers],1235939664.09418,1235939664.09418,0.0,4919365.696956167,0.0,4919365.696956167,h09,5,Katrina,1231020298.397224,14218540.15848231,1216801758.2387416,1774805397.4114394,107151946.65294704,1.0,0.0,0.0,107151946.65294704,10400000.0,9557344.06438629,1754848053.347053,43d951bf1b4962c623091d9f130bbb5d2a6f4bc337f639b2320fe1b9b4cb19a9
LA-0337,337,fdf3c3b07ec9b9796fefeddd997a22e2387248693de1792909eb70c06cb37384,M2,A1_FINAL_NO_MEMORY_V1,PASS,17847fb69ff1a4dc1dd7817e33dedfbdb5f559883e380d1eed43525da505408f,4645341de9393b13a561c5ddba8eb441f35c8cf58020d822c32aa33f801f64e7,54a8ff9851bbdaf2bcb06f7b47b0cbe6733ee6e5067b5e1776bb4d427a171e44,P4,0.0,0.0,0.0,0.0,0.0,213323865.73799074,NONE,NONE,R0,0,0,0,0,0,0,1,0,0,False,False,False,False,False,True,False,False,False,False,False,Q[NONE]|F[Crackers],1225073649.3589787,1225073649.3589787,0.0,3689433.589529292,0.0,3689433.589529292,h09,5,Katrina,1221384215.7694495,15448472.265909186,1205935743.5035403,1745820082.8168983,136137261.24748814,1.0,0.0,0.0,136137261.24748814,10400000.0,9557344.06438629,1725862738.752512,40aeff061e5bfe807a945f5d9901ead38ff2f8b194f0b5f044429820d331500e
LA-0338,338,9c3df1e34c5a50110c09d4d4a0e44b42ccb5952f0ae47eaa9372b81ff08f33e1,M2,A1_FINAL_NO_MEMORY_V1,PASS,53e785f01caada84fcc15c318a2d4f8d3bed90dec9ae006c75ca6545aaca2f8e,b516ff89bb7de707309892a03948cf3e2a0718d31499e0b6cb2df24da6deba47,ca7b49e7aa7e927bc277093d7471c90aa1b813f2c6fafd4f187992b2ee4bef17,P4,0.0,0.0,0.0,0.0,0.0,201331308.11606967,NONE,NONE,R0,0,0,0,0,0,0,1,0,0,False,False,False,False,False,True,False,False,False,False,False,Q[NONE]|F[Crackers],1234047756.9017742,1234047756.9017742,0.0,3893616.0307340133,0.0,3893616.0307340133,h09,5,Katrina,1230154140.87104,15244289.824704465,1214909851.0463357,1769758696.62077,112198647.44361639,1.0,0.0,-9.232693323701913e-11,112198647.44361639,10400000.0,9557344.06438629,1749801352.5563836,58c2fa5b62dce5161b5f88e4da8b84fad0f18a14a4b0e948cad33a85a12c3d83
LA-0339,339,3bac671ad61b504a163f944f484fa94aa1e7765fb1a6931391f02da78e127f61,M2,A1_FINAL_NO_MEMORY_V1,PASS,da381327afa1381ea28e99dd40426f4f35be4ea0368ac8ea893fd41ac95fb81c,d9185309df02a06762eac9ceb95ecfeefe09e7a67840c7859accac091637c5ff,ee5e7e7f4a25613e8ba5d66ce575419643d1ea86917dbaae81c2545b13110a1f,P4,0.0,0.0,0.0,19861528.54371755,2568978.2679691045,0.0,R0,R0,NONE,1,0,0,1,0,0,0,0,0,False,False,False,True,True,False,False,False,False,False,False,Q[NONE]|F[Water+Vaccine],1174286245.7661762,1174286245.7661762,0.0,3437118.058724858,0.0,3437118.058724858,h09,5,Katrina,1170849127.7074513,15700787.796713619,1155148339.9107378,1870212161.8983676,11745182.166018624,1.0,10400000.0,1345182.1660186234,0.0,0.0,8212161.898367666,1862000000.0,1092a26c812c69c6b8dc3e3f72ba407c618385bf5b453cf6f4ef7c36c66422fb
LA-0340,340,2aa46ccf3899a1ff2f7880ddc668bfd9f5a447fba883a8190040cafe3891a2df,M2,A1_FINAL_NO_MEMORY_V1,PASS,ae4b799255bdfa9399262f29763f3e4bcaf87f9694be986f8275b5ce97b0a699,84e0fc21d7d9fab8c5da1233f49709bc81780effe8e79de5d78861d3df2c8007,14c970e0d23e95584ff18e849e866469b6844131afea772e2d11c3473e7ff39e,P4,0.0,0.0,0.0,0.0,0.0,166511455.33742437,NONE,NONE,R0,0,0,0,0,0,0,1,0,0,False,False,False,False,False,True,False,False,False,False,False,Q[NONE]|F[Crackers],1231123541.9674778,1231123541.9674778,0.0,5137377.339456853,0.0,5137377.339456853,h09,5,Katrina,1225986164.628021,14000528.515981626,1211985636.1120393,1761958294.000475,119999050.06391156,1.0,0.0,0.0,119999050.06391156,10400000.0,9557344.06438629,1742000949.9360886,747605ae5aa6d5e01d8ec9475924ebd5edd9672ca55e5233c8a2e3551f099d52
LA-0341,341,f2d3138755398256b3e9efc5771397a5512c34859f76ef7b01bdb392b39d6ad0,M2,A1_FINAL_NO_MEMORY_V1,PASS,ea5701e06b34c9ab1e8b6f26b3a0351be56413f38109e79dbda2197696d4d5cb,9b0c1dc9814c1ffbaa8f1b85a9a43757056d48850d218a0d5c4d466242a6137e,8faa09abeb4e4f271ab90809f2de1e81d85212971d0ad6037b2333777220282c,P1,14275713.837085895,686149.1400636754,0.0,0.0,0.0,0.0,NONE,NONE,NONE,0,0,0,0,0,0,0,0,0,True,True,False,False,False,False,False,False,False,False,False,Q[Water+Vaccine]|F[NONE],1221339897.2103198,1221339897.2103198,19137905.85543848,0.0,0.0,19137905.85543848,h09,5,Katrina,1202201991.3548813,0.0,1202201991.3548813,1871057477.5681748,0.0,1.0,0.0,0.0,0.0,0.0,9057477.568174785,1862000000.0,e194ea4f515c6b3106c008d262ce4996f07dccf76ddad5de87eab33119309a05
LA-0342,342,5975c8e611dac33b7a7dca31507f61ea3c00713614dd3bcbeabe2dc4d6bb8896,M2,A1_FINAL_NO_MEMORY_V1,PASS,bb4951295916c341ea570f425fca4d144f935f4626428e7b66275279aac11d97,030bf60f3276b2f284aac60cd189b63316f1d522c481b0c6bfc521ec3830ccc2,b90ff2ddf55f4e744ae37b27018bd13b258ae1286507fd94ef4526eb0490656b,P4,0.0,0.0,0.0,20684088.73943862,0.0,133308963.98562017,R0,NONE,R0,1,0,0,0,0,0,1,0,0,False,False,False,True,False,True,False,False,False,False,False,Q[NONE]|F[Water+Crackers],1224037006.9422543,1224037006.9422543,0.0,2615540.884134818,0.0,2615540.884134818,h09,5,Katrina,1221421466.0581195,16522364.97130366,1204899101.0868158,1804529338.000626,77428006.0637604,1.0,10400000.0,0.0,67028006.06376039,0.0,9557344.06438629,1794971993.9362397,4a3ae77a3f02152dd40373ae4937a45d2665a45363c1a9a2b41b90cba93485df
LA-0343,343,a53e1f4776b3d613a2264b00f84c5f2dad7ff0d68d08e4ff15fb56ca69f8c3e5,M2,A1_FINAL_NO_MEMORY_V1,PASS,728b407947c179c56bb37c03bff9de327027bdc740814f553b0ecf1b9e811601,0e2f8a046e7f410d3d810b393d98bdce3bbfb776c28c5b531579a9ef9903b236,08a7203bec56bb3d8fbfd03d7b8a1e5dac52f6a2882e327c7c6a2dd5915f3960,P4,0.0,0.0,0.0,0.0,0.0,217080323.31515712,NONE,NONE,R0,0,0,0,0,0,0,1,0,0,False,False,False,False,False,True,False,False,False,False,False,Q[NONE]|F[Crackers],1220931766.2757833,1220931766.2757833,0.0,4673633.17481983,0.0,4673633.17481983,h09,5,Katrina,1216258133.1009634,14464272.680618647,1201793860.4203446,1734771525.72344,147185818.34094647,1.0,0.0,-1.2764898089670266e-10,147185818.34094647,10400000.0,9557344.06438629,1714814181.6590536,82712a362150160dbcbaf947e3440e0be7ffae499f0d4980ea4f7006bde800b4
LA-0344,344,c2d451ce912c81fde73274640c4ee850dbe90495fa615b651882d0c40ff5a306,M2,A1_FINAL_NO_MEMORY_V1,PASS,06bd6deedb58923cf596303a6ec93deec7a737d836d7b71c08d4466014901884,a1716e5d1e26447a0d99fdda411b709b95d4f0fc3f292f59e63c99ea3236b9e7,187aff13eaea7996a1e4e67578edc13cbc5a324c15ebe91823ef1ce9542f294f,P4,0.0,0.0,0.0,0.0,0.0,182863515.2848275,NONE,NONE,R2,0,0,0,0,0,0,0,0,1,False,False,False,False,False,True,False,False,False,False,False,Q[NONE]|F[Crackers],1214667365.2184017,1214667365.2184017,0.0,4336811.847257842,4474434.531751263,8811246.379009105,h09,5,Katrina,1205856118.8393927,10326659.476429373,1195529459.3629632,1718061108.9037077,163896235.1606786,1.0,0.0,0.0,163896235.1606786,10400000.0,9557344.06438629,1698103764.8393214,261da954f16ded39f56a18b84b35dd3b4a35ed4bd2ddcdbae0c3965855b57dd4
LA-0345,345,33acfae446e0a06866be96cd15c23236d9cd234a7c90925b249c7e99987db23e,M2,A1_FINAL_NO_MEMORY_V1,PASS,aeac2f1af7ca12b5cdf13be8505377f0eb2640c00ef50e1bcec8051b48aae684,e69aaceb7e5c67e2d896a3bae6e18422fd5315ee6e82339e8b0de82f7c644439,a8cae4e54db8696ac5e089f6fa7bab1bf43d9607fee1a4a92f3ef2c896a79fcf,P4,0.0,0.0,0.0,0.0,0.0,180769166.96051592,NONE,NONE,R0,0,0,0,0,0,0,1,0,0,False,False,False,False,False,True,False,False,False,False,False,Q[NONE]|F[Crackers],1223977754.6052659,1223977754.6052659,0.0,3400680.7435080614,0.0,3400680.7435080614,h09,5,Katrina,1220577073.8617578,15737225.111930417,1204839848.7498274,1742896761.3441262,139060582.72026002,1.0,0.0,0.0,139060582.72026002,10400000.0,9557344.06438629,1722939417.2797399,3775f4972abee4068cee2f149525c055226d71d9f9fcdfad7871854619bc699b
LA-0346,346,3dd7ad95cf861f6cbd70370bf67711991efcc8b5b2ab195318535f2389bee8a7,M2,A1_FINAL_NO_MEMORY_V1,PASS,f5709ec4a09ec603950c311e9c4d8d3b977c61ac2d3656f4fd9daf8346fcb3b6,a9df2e61d890cd023a20a05cb52582ed750b34c88d0806f605250abb4f490298,c32d02b35bf6bc2725960013b49a06a288075748eca72cb2a21115d90397f6bb,P1,14248827.894733448,687357.1051622935,0.0,0.0,0.0,0.0,NONE,NONE,NONE,0,0,0,0,0,0,0,0,0,True,True,False,False,False,False,False,False,False,False,False,Q[Water+Vaccine]|F[NONE],1221238317.8018615,1221238317.8018615,19137905.85543848,0.0,0.0,19137905.85543848,h09,5,Katrina,1202100411.946423,0.0,1202100411.946423,1871055652.7009633,0.0,1.0,0.0,0.0,0.0,0.0,9055652.700963335,1862000000.0,2f164289153b14aeb657126652c01eac59c755af86f3c93c9cfc774fe3e592f3
LA-0347,347,6cc502db2cac41fe892b2a1a02be586f31c7e73bfabe1919611198aa5fcca6ed,M2,A1_FINAL_NO_MEMORY_V1,PASS,0f3b54268e9f196ade136231eaa15aa3c4af2f8ebd55ea20206810fb785f651b,ce08ea0b0951e06a91b2b99e160cc6b00c4696ad34254fc992d99674fa6e8b12,aec3bce24e06e2c5cf9630d3b3272626a94a6db03a0b19fd4225543c7ef6ba97,P4,0.0,0.0,0.0,0.0,0.0,170649446.83347103,NONE,NONE,R2,0,0,0,0,0,0,0,0,1,False,False,False,False,False,True,False,False,False,False,False,Q[NONE]|F[Crackers],1216508963.603415,1216508963.603415,0.0,4424353.127661646,3434284.9865601948,7858638.114221841,h09,5,Katrina,1208650325.4891932,11279267.741216637,1197371057.7479765,1722973609.9307387,158983734.13364762,1.0,0.0,0.0,158983734.13364762,10400000.0,9557344.06438629,1703016265.8663523,a065bcec4f14969c8f9d1470da81957e28ddb230da59d9d80c5fa54906d95d5a
LA-0348,348,318b797222852e730be8b3eebcbf9febd49a5c4338f21e33e0e0e7a6efd5f024,M2,A1_FINAL_NO_MEMORY_V1,PASS,1501638cc041042c5280558014c2de498f8a6fc771047eaf9219d76b2e3944cf,130b08f539ad9abf7980317473ac992a56be51d6a8f9470bc677b326585ffd39,60f2fed9ff2dc6daa87dc63bb46a73a0caf772e3016b1be89c77ee0b3e433519,P4,0.0,0.0,0.0,16670790.523265542,0.0,334042127.34519756,R0,NONE,R0,1,0,0,0,0,0,1,0,0,False,False,False,True,False,True,False,False,False,False,False,Q[NONE]|F[Water+Crackers],1171042950.8466673,1171042950.8466673,0.0,4402468.110377787,0.0,4402468.110377787,h09,5,Katrina,1166640482.7362895,14735437.74506069,1151905044.9912288,1663166619.008983,218790725.05540344,1.0,10400000.0,0.0,208390725.05540344,0.0,9557344.06438629,1653609274.9445965,de3dbe5a84cb77ba1d7812a99edf2f265e9a8d6ccc92f58014e022a361d8ba22
LA-0349,349,a13fac328519453bbee1dec8c125b0a9799e9407a66ec9ae666070e54c274bb7,M2,A1_FINAL_NO_MEMORY_V1,PASS,aa70de5454fd7016a1ab8eb5347a6c358ed3c66238a06873233512d8be8b57da,e4c1641dba37414f80a7812dc262635a5f88a48ea8e344a0c6d15f0f027754d3,c2c30ce711a07a5c2b470a4a31c1a74864664be71688b7abfa27ddd049cf2634,P1,21622869.407663703,356046.9853006866,0.0,0.0,0.0,0.0,NONE,NONE,NONE,0,0,0,0,0,0,0,0,0,True,True,False,False,False,False,False,False,False,False,False,Q[Water+Vaccine]|F[NONE],1239632077.264095,1239632077.264095,19137905.85543848,0.0,0.0,19137905.85543848,h09,5,Katrina,1220494171.4086566,0.0,1220494171.4086566,1871386095.347238,0.0,1.0,0.0,0.0,0.0,0.0,9386095.347238012,1862000000.0,e6eae4cbf799f613c3ce6c4e4fe95aba7436cd3516ab657820b19dc0c26385c0
LA-0350,350,6f6cc94474cb93bf0b7f910d95037abb1027f5c4c91ee99da7a96a1dab0f8743,M2,A1_FINAL_NO_MEMORY_V1,PASS,9272ee098113548b1e87aca717d9471fb2278602025ad382665dca33cb4aacd9,97b6324da7013b71a758a5896d187168922a632fd4f0be10f819c68c54d51521,1cf2c0d00a255035dfd88dd6c13ff4b5177e7ff9448c8f6e6046b68f19e6a169,P4,0.0,0.0,0.0,0.0,0.0,161498904.8166096,NONE,NONE,R1,0,0,0,0,0,0,0,1,0,False,False,False,False,False,True,False,False,False,False,False,Q[NONE]|F[Crackers],1227421178.8107421,1227421178.8107421,0.0,3753549.080243548,568975.6474366403,4322524.727680189,h09,5,Katrina,1223098654.083062,14815381.12775829,1208283272.9553037,1752082165.2213035,129875178.84308279,1.0,0.0,0.0,129875178.84308279,10400000.0,9557344.06438629,1732124821.156917,27098ead4703ba8c46b3b7742ce3f0d4937ca57bcf14b88675f9069c7090da45
LA-0351,351,f3014d60172507cc6bb29f0401f255d8c1e3a8702a3b2baa99dff2998e300dd3,M2,A1_FINAL_NO_MEMORY_V1,PASS,90d071708668ad13eb7d9444daaf717bb7eef9b66aa5428c61c6e77ec8215d68,db97e58e293b5ddf2d51df385c7af36b7bdadb02d3678263b856f9a3654a032e,c2f9f26fc80d0af4af790daf95cfc2c97cd16815f7871192b6bdfd43b9c08ce1,P4,0.0,0.0,0.0,13134719.801893104,0.0,160413555.89415693,R0,NONE,R0,1,0,0,0,0,0,1,0,0,False,False,False,True,False,True,False,False,False,False,False,Q[NONE]|F[Water+Crackers],1201549238.3285189,1201549238.3285189,0.0,4056568.765544466,0.0,4056568.765544466,h09,5,Katrina,1197492669.5629745,15081337.089894012,1182411332.4730804,1744542759.3254886,137414584.73889792,1.0,10400000.0,0.0,127014584.73889792,0.0,9557344.06438629,1734985415.2611022,73b6873061bf8feef70f89c7e4fcb106c52802e44133f347ec27275fd2e5dd7b
LA-0352,352,ac8b1a8f6840d38fda588e4e7b0ae078e171d0cb71993537b634e75a6af9ed2f,M2,A1_FINAL_NO_MEMORY_V1,PASS,346ce490fa51fd069ecaf0df6f237dec90a0ba325b8dfe3ec61a50c36960b4a1,23006af5b6dee8d8599b6c101c3467557fecd61c78ba6a180e1443eb5d6453c1,8e3c0e3b27ebce129342dd5b4b832a54871448862c2baf30203a43c7eb9a9d46,P1,17295442.32911782,550475.0179570522,0.0,0.0,0.0,0.0,NONE,NONE,NONE,0,0,0,0,0,0,0,0,0,True,True,False,False,False,False,False,False,False,False,False,Q[Water+Vaccine]|F[NONE],1230739203.0323558,1230739203.0323558,19137905.85543848,0.0,0.0,19137905.85543848,h09,5,Katrina,1211601297.1769173,0.0,1211601297.1769173,1871226335.462362,0.0,1.0,0.0,0.0,0.0,0.0,9226335.46236198,1862000000.0,ab4462729766fcd37985369f7ef3f2594589b6e02e679b589131e3d3650e7685
LA-0353,353,021c8d252140c33d3bba0da6f129eb5c541a0a1aa63a39f9d3711612fb02085e,M2,A1_FINAL_NO_MEMORY_V1,PASS,542a63855e68f70c2e9fa6d47d2a7f8cb7d1e43b7a6c44df1f16fa5d13d0bc9f,cbd482d8ce4a23ba675183a5e3b7782036f279f5715c3aad49b900c4371903e7,935d5d05bf2b44438717f5ea78b35d80a459d22658bd3fed52231c121b76f0ed,P1,15291851.438470911,640494.8445297495,0.0,0.0,0.0,0.0,NONE,NONE,NONE,0,0,0,0,0,0,0,0,0,True,True,False,False,False,False,False,False,False,False,False,Q[Water+Vaccine]|F[NONE],1224917169.5904088,1224917169.5904088,19137905.85543848,0.0,0.0,19137905.85543848,h09,5,Katrina,1205779263.7349703,0.0,1205779263.7349703,1871121743.024845,0.0,1.0,0.0,0.0,0.0,0.0,9121743.024844967,1862000000.0,2b7181638c3d60362ed6657e930da3029696505d21199aed6a3f453030a7f984
LA-0354,354,c17d41a53215417e5264499caf66e812c1888c03f25a53be7db763b45211baf3,M2,A1_FINAL_NO_MEMORY_V1,PASS,3dacad649bbde01fbdb5ff876aca727e3d0484f30c439cd73e73566761f41048,6cc6f11e4970950b2ad75ee66b17b2cdb7488b1247bbc813a836421731133157,ced32d43eb2a95f37c25350395a2d2dfe349b0614690b9c447019bec0f2cb711,P4,0.0,0.0,0.0,0.0,0.0,216183144.11076793,NONE,NONE,R0,0,0,0,0,0,0,1,0,0,False,False,False,False,False,True,False,False,False,False,False,Q[NONE]|F[Crackers],1210820771.2177095,1210820771.2177095,0.0,9634718.053533686,0.0,9634718.053533686,h09,5,Katrina,1201186053.1641757,9503187.801904792,1191682865.362271,1707800241.4242685,174157102.6401178,1.0,0.0,0.0,174157102.6401178,10400000.0,9557344.06438629,1687842897.359882,c70ff5716f1b5bb8f62da1780c51550a754bed4402c984f587c61811d72b4285
LA-0355,355,3458675177d843ecf6982085731c917a10e2e388354f60e93bab711b3d5419a4,M2,A1_FINAL_NO_MEMORY_V1,PASS,c23af94bf26b4c04073619c0143e7660fe1b1933eaaf1fb7e5d3512878577897,265aa0d24782f65838c8bfa1a9199bc81b59a26fefb7d2cbfcbfc175459eff0e,38b79e5a3d4b344281b673624c24a9ecf68049b580d2dcc39c07e7f815d15b9a,P1,14845752.598742407,660537.7287203815,0.0,0.0,0.0,0.0,NONE,NONE,NONE,0,0,0,0,0,0,0,0,0,True,True,False,False,False,False,False,False,False,False,False,Q[Water+Vaccine]|F[NONE],1223406998.3492155,1223406998.3492155,19137905.85543848,0.0,0.0,19137905.85543848,h09,5,Katrina,1204269092.493777,0.0,1204269092.493777,1871094612.9005063,0.0,1.0,0.0,0.0,0.0,0.0,9094612.900506198,1862000000.0,e9773c88fe7cbe9c6f0548fad44dcdecde354c6591b2149eceeec6506cb783e7
LA-0356,356,06cb055d8c505b6ed314c54dc47e353a06355a26e06a2ef6d826c99ff2345570,M2,A1_FINAL_NO_MEMORY_V1,PASS,366a795b3dc91b2d60810a295e5e8135db98fb08d2619e5982b1d586dfa82f5d,8a276ce9f29ca347f2a9257af4131dc975cd0bbca0ef4485f04f386de8804337,6f3977f1ec5714c375d03d75975e2c8337b359d5c95ea0800eb5ba9734aa1256,P3a,19797032.255513813,0.0,0.0,0.0,0.0,62146078.141317815,NONE,NONE,R1,0,0,0,0,0,0,0,1,0,True,False,False,False,False,True,False,False,False,False,True,Q[Water]|F[Crackers],1236014845.091615,1236014845.091615,12822537.791896299,2360659.6921519907,1331826.9202503995,16515024.404298687,h09,5,Katrina,1219499820.6873162,2622881.451139789,1216876939.2361765,1836480464.0926037,35076879.97178273,1.0,0.0,0.0,35076879.97178273,0.0,9557344.06438629,1826923120.0282173,ffe70dcab7d4f828ec942bbef4a0d6ba3f1227a4491920450783fd4465890d29
LA-0357,357,0a28eeb76ac37dbaf3e900b6414119d91259b9ec72797db1a3b1a9cc574c42f2,M2,A1_FINAL_NO_MEMORY_V1,PASS,6fdc691384232124fc2d3a429f4e4bd812a00162717925295238c5bd412a38d1,aa27e3a04dd0ec04ec31d9392550e8ff05a9df789a33cd5b146611598d78d2f5,c5a308689835c764bacc8a09658434fc2041dd91354d12c78b5bffacec034090,P4,0.0,0.0,0.0,18341334.34729733,0.0,129791033.4637662,R0,NONE,R0,1,0,0,0,0,0,1,0,0,False,False,False,True,False,True,False,False,False,False,False,Q[NONE]|F[Water+Crackers],1221575248.9687448,1221575248.9687448,0.0,9599967.205337856,0.0,9599967.205337856,h09,5,Katrina,1211975281.763407,9537938.650100622,1202437343.1133063,1797962548.69869,83994795.36569655,1.0,10399999.999999996,0.0,73594795.36569655,3.725290298461914e-09,9557344.06438629,1788405204.6343036,6630d71f322d7a1edb15095a8a088ee80fda3e6a428f8eb1594f270d3c1ef95c
LA-0358,358,65f12d3443be917eb572e0eca29833f1866f1a45141d44db32bfff161cc2c593,M2,A1_FINAL_NO_MEMORY_V1,PASS,09e56434526b13e23ce0f7b309a736b62bbdb80387901be72d4fc7b8bedd03db,dba0f2fd04b4d9003b835f260817787fcc69acbc22a653076f34b70045485ed8,fb1dc2ff59df43241a9a4691b0c60828a912025060f1637cde4dda39f5e525cd,P4,0.0,0.0,0.0,0.0,0.0,868192363.9856374,NONE,NONE,R0,0,0,0,0,0,0,1,0,0,False,False,False,False,False,True,False,False,False,False,False,Q[NONE]|F[Crackers],1168155110.8672476,1168155110.8672476,0.0,2849430.888074171,0.0,2849430.888074171,h09,5,Katrina,1165305679.9791734,16288474.967364307,1149017205.011809,1593988727.471905,287968616.5924814,1.0,0.0,0.0,287968616.5924814,10400000.0,9557344.06438629,1574031383.4075186,6a8a8dc0476e6a7fb3e8cc0ada3eb4b1ef5970dc3908eda390b64edab6976c62
LA-0359,359,21c636b766ade4363144acab6923276c2bf5d40693d9a586c4a2f8dd660e900b,M2,A1_FINAL_NO_MEMORY_V1,PASS,e69c39169e811c6791410e2d784dde4b02c15f104597a3a1014e06b232e7b734,8bde92ae56ac188880c3f5c8a186453d0a09df85d3e4e317e68c3a83417fd15b,883a0a3d886a15559c0b21fe95075f03ef5819b424d67653cda44fad1c50e31e,P4,0.0,0.0,0.0,0.0,0.0,239989611.84330428,NONE,NONE,R0,0,0,0,0,0,0,1,0,0,False,False,False,False,False,True,False,False,False,False,False,Q[NONE]|F[Crackers],1233716222.3189225,1233716222.3189225,0.0,9067484.548289387,0.0,9067484.548289387,h09,5,Katrina,1224648737.7706332,10070421.307149092,1214578316.463484,1768874321.3997617,113083022.66462475,1.0,0.0,0.0,113083022.66462475,10400000.0,9557344.06438629,1748916977.3353753,14a6b71531550621f206a9e697c9c00834b874d05bf138756b3e326c3dcad760
LA-0360,360,0a56397007d7cfb3146d559cf64815a63814bb2efffbfd8165672b8d1d540978,M2,A1_FINAL_NO_MEMORY_V1,PASS,ac60996883fc8195fcaa0340b0fad24ecd8a65a4d39d322ffb93977feba797c5,ef9c01d2349968e17fd6e686cb4c7aaec7510954b5e94577a37b1344e49e5ed6,7dad59247b7443b8929492b98a9f4070360b079b901261b6ac7139f47a1d36d1,P4,0.0,0.0,0.0,15381126.5568214,0.0,53934629.27744435,R0,NONE,R0,1,0,0,0,0,0,1,0,0,False,False,False,True,False,True,False,False,False,False,False,Q[NONE]|F[Water+Crackers],1235493312.2511883,1235493312.2511883,0.0,5446778.4539999245,0.0,5446778.4539999245,h09,5,Katrina,1230046533.7971883,13691127.401438553,1216355406.3957498,1835089264.6676495,46868079.3967369,1.0,10399999.999999998,0.0,36468079.3967369,3.725290298461914e-09,9557344.06438629,1825531920.6032631,ad8c50d3f0c6fe509c52186f0cde229f502bc9eecec33a5b7afdfcf9d3b89274
LA-0361,361,b0d57db8f02142b21b1c200ea874bd8b892e7704696e5db341379a9f846904f0,M2,A1_FINAL_NO_MEMORY_V1,PASS,a4e6979cbdb73792792fb9927fe1a096876323c7b931c657b15111e840344b5d,616042a16644a1ce6c4ec5914b6d588d7b16e6e50df568c69b96a14d2a578464,b9d5e184df286bcc905c59d94d8c1e2812cf045160d660172cf94b4d85343d8e,P4,0.0,0.0,0.0,0.0,0.0,180129498.32894242,NONE,NONE,R0,0,0,0,0,0,0,1,0,0,False,False,False,False,False,True,False,False,False,False,False,Q[NONE]|F[Crackers],1228519239.0378919,1228519239.0378919,0.0,3333767.1659050123,0.0,3333767.1659050123,h09,5,Katrina,1225185471.8719869,15804138.689533466,1209381333.1824534,1755011263.1383696,126946080.92601685,1.0,0.0,0.0,126946080.92601685,10400000.0,9557344.06438629,1735053919.0739832,169c55dad65f5dfa51083fc44ba4c82a8011c29d3ab8eed7035bc252daade2be
LA-0362,362,15eef0707ea29686f6e972f8e38dfed1d1bfaa115a3c5dbbde17a75769203c35,M2,A1_FINAL_NO_MEMORY_V1,PASS,06064ca31394579f6e337e590f7d07c94beb9e657731aa4fed5aa513c5854be8,ca95575369953f3bb6c6c3f66959d078d78fe8fcb9476d78e087a7a609039a41,6f8eef54265eb1f49a9f8f6c5a55e5bee7de2d15e444a25a924346ca2b2ed6b6,P4,0.0,0.0,0.0,20357794.312458284,0.0,123613019.51699373,R0,NONE,R0,1,0,0,0,0,0,1,0,0,False,False,False,True,False,True,False,False,False,False,False,Q[NONE]|F[Water+Crackers],1225491149.4012575,1225491149.4012575,0.0,7695802.557137918,0.0,7695802.557137918,h09,5,Katrina,1217795346.8441195,11442103.29830056,1206353243.545819,1808408292.4900708,73549051.57431549,1.0,10400000.0,0.0,63149051.57431549,0.0,9557344.06438629,1798850948.4256845,8905b54ebea676e83ad84f61e53f471e5489b382658b03ddf5e8f56cf6c4caf3
LA-0363,363,fb61ab34a92b508f1bd1a8101dbe86d067d16b0d105e50f9044685bc512b44e2,M2,A1_FINAL_NO_MEMORY_V1,PASS,b1f16dd63e71cbfa96d524e243afa70ba6dac7d6e0aa950b547335585f1a0d3c,f01ed0e6117fd75a756088fbc08cb03667adb3ac1d37d473de15c87b31f2302e,6bc6381eef97563e8b5c3937a0799893803cefaad40c7fd51b3b4aad233f5ab5,P4,0.0,0.0,0.0,20071533.37893156,0.0,182564793.85913298,R0,NONE,R0,1,0,0,0,0,0,1,0,0,False,False,False,True,False,True,False,False,False,False,False,Q[NONE]|F[Water+Crackers],1213702558.598515,1213702558.598515,0.0,7826742.526048671,0.0,7826742.526048671,h09,5,Katrina,1205875816.0724664,11311163.329389807,1194564652.7430766,1776961987.5318377,104995356.53254871,1.0,10400000.0,0.0,94595356.53254871,0.0,9557344.06438629,1767404643.4674513,26dcd835e5f9d5cf792b03a6c2a73b8dd7bc7e8a01b9df6c5c8a49a434d0a9e1
LA-0364,364,effee79a86334191156eb830e2e1c96a6e6dc1d51a6dac553399a06a3ca0103c,M2,A1_FINAL_NO_MEMORY_V1,PASS,7135f6560e7036c3524992a5565422c839e02cb8426690d15a070080fd62df9a,c0ace3952fbc7200e43cf3ecd46a3aff2bcf2342cb18d430de7d5bbff93c7564,511d3bfbe7eb740fc404f256b0fa931704027dc9899143f83bc86c3e3684fb7a,P4,0.0,0.0,0.0,0.0,0.0,226700462.94007444,NONE,NONE,R0,0,0,0,0,0,0,1,0,0,False,False,False,False,False,True,False,False,False,False,False,Q[NONE]|F[Crackers],1206499669.9569087,1206499669.9569087,0.0,9418478.810215803,0.0,9418478.810215803,h09,5,Katrina,1197081191.146693,9719427.045222675,1187361764.1014702,1696273616.2087307,185683727.8556557,1.0,0.0,0.0,185683727.8556557,10400000.0,9557344.06438629,1676316272.1443443,81c2df20ef287647c63f4606154dc5165fb5b988681963a96a207af81991ace7
LA-0365,365,03571409f530a57950103a16cc3d0f31cfa9635ee41d994996c4ed270bbb4e53,M2,A1_FINAL_NO_MEMORY_V1,PASS,ad37fb5955dc74fca1567be2f9d00792cfda93e11c884c0d7cedbb9c817a9c40,f24d3ff0dfe887a5d1365e6725192357c7d98850a13e764e6b5f51eb3c8c8743,a71791bdcebac2cd8e4e9c69baaeccbd305745ca5124fd78a76434d44bcc3643,P4,0.0,0.0,0.0,20517892.12210975,0.0,110960636.14153771,R0,NONE,R0,1,0,0,0,0,0,1,0,0,False,False,False,True,False,True,False,False,False,False,False,Q[NONE]|F[Water+Crackers],1228080038.687993,1228080038.687993,0.0,2733404.964092239,0.0,2733404.964092239,h09,5,Katrina,1225346633.7239008,16404500.891346239,1208942132.8325546,1815314207.1473894,66643136.91699698,1.0,10400000.0,0.0,56243136.91699698,0.0,9557344.06438629,1805756863.083003,dfe2ecf049b5bae834af8105f2d2bdf7cfd86f32a362b1fdd28997e1062af4f8
LA-0366,366,8b25210d1d676141cef8ecab69833d63fbcfb4a694ecb8073dab9c68775d4f9e,M2,A1_FINAL_NO_MEMORY_V1,PASS,ed425721ba0053efe4e25f5e9fc5f84a1154cf48e7a25e144bcb042d9aaab373,d4fd3aae364f5220e18797efc01b70ab2d5bab61d6856ac5bcc964b16a45c8f3,022ea8115b17a1e1bcbe14537137ba561718797f480e6268eb4ad57a9946a518,P4,0.0,0.0,0.0,0.0,0.0,322164138.06313515,NONE,NONE,R0,0,0,0,0,0,0,1,0,0,False,False,False,False,False,True,False,False,False,False,False,Q[NONE]|F[Crackers],1207543748.90965,1207543748.90965,0.0,10367381.172866564,0.0,10367381.172866564,h09,5,Katrina,1197176367.7367835,8770524.682571914,1188405843.0542116,1699058717.9819415,182898626.08244497,1.0,0.0,0.0,182898626.08244497,10400000.0,9557344.06438629,1679101373.917555,8e5eb1d52622e900ad8ce0d5c38906ba9b621a8fd1f5b645f1035f7fcaa7f29b
LA-0367,367,f1573a599fa38365c2f773c368a487ae4544184c7812970daeffa7a98e94d3a9,M2,A1_FINAL_NO_MEMORY_V1,PASS,6971d403922799638f8cc5483c17d4d8a791c71f528a3d18d77ac9d899997ca3,574ab6abddde5f22c9fd754d22c06949fb61d141ce75ec04ee60e83a9ca12315,b1673c16409e4b88c625db5580aaef73b33da0ebfe817925d09c00d3802d804b,P4,0.0,0.0,0.0,0.0,0.0,306164751.97331196,NONE,NONE,R0,0,0,0,0,0,0,1,0,0,False,False,False,False,False,True,False,False,False,False,False,Q[NONE]|F[Crackers],1200341966.5364485,1200341966.5364485,0.0,8671701.747752175,0.0,8671701.747752175,h09,5,Katrina,1191670264.7886963,10466204.107686304,1181204060.68101,1679847817.4985828,202109526.56580356,1.0,0.0,0.0,202109526.56580356,10400000.0,9557344.06438629,1659890473.4341965,e447f060c4fd92ae9a2888077ce1e735f0a2112e2fa062604ba555dcb31c2c00
LA-0368,368,4fdc3d14138594902a64cb7f35a439db51263b34087e0642dcbfff56920eb672,M2,A1_FINAL_NO_MEMORY_V1,PASS,3bbf4bb91dd0a4a590655a937f7ac873804cfab186f94b79484d060efde13ec0,052629551858f5363c15678ca2639f246a05dca1f25a937826397eec2fa66ee8,901decccbe01cf64bba69751fd15fe653ba0128a554471843a45c101792ac447,P1,14474252.595700348,677228.9434796979,0.0,0.0,0.0,0.0,NONE,NONE,NONE,0,0,0,0,0,0,0,0,0,True,True,False,False,False,False,False,False,False,False,False,Q[Water+Vaccine]|F[NONE],1222078326.1552813,1222078326.1552813,19137905.85543844,0.0,0.0,19137905.85543844,h09,5,Katrina,1202940420.2998428,0.0,1202940420.2998428,1871070743.3942914,0.0,0.999999999999998,0.0,0.0,0.0,0.0,9070743.394291513,1862000000.0,ba50dd9981cae38219c2d49e3684ca192f920dff239859b7604cc3e67ce5ec64
LA-0369,369,d1453ef1a1439de09343783e82c221eff6c8db9afe5fcd7a117848f9fa808383,M2,A1_FINAL_NO_MEMORY_V1,PASS,aea6d8cc149c6ddbf6b7224ded36f081659165794513d15cde2c65a4aa03db7e,a6e2ee31cd068c00270ad465e4c0967ab06af5b38d14259388312f6aa3ec34d7,5789b7e266a1d4c690089c53e0fec2f88a2e20b97496c404a2583949c351199c,P4,0.0,0.0,0.0,0.0,0.0,306392396.25489813,NONE,NONE,R0,0,0,0,0,0,0,1,0,0,False,False,False,False,False,True,False,False,False,False,False,Q[NONE]|F[Crackers],1209149440.7779374,1209149440.7779374,0.0,3294633.274780193,0.0,3294633.274780193,h09,5,Katrina,1205854807.5031571,15843272.580658285,1190011534.922499,1703341933.593037,178615410.47134942,1.0,0.0,0.0,178615410.47134942,10400000.0,9557344.06438629,1683384589.5286505,cdc2d3e573782adfa1bd90bc04a4c0502bc3786a151038ea5d4e5649f0fd2d50
LA-0370,370,e4502392d71252cc2415a30a47a695f90e3cba906159d007ab0f39fc3b4791d7,M2,A1_FINAL_NO_MEMORY_V1,PASS,593f964f96465b84eb97a50010beda263210d3dbc75ce59e520ae71ac9a2f757,029a7de7340e9a038060bad5d3bd529c606f5b3cc440d9244dae2b1112ba8120,c4db83c53c2ae787c5c304dbe408a78b5dbb576bfb24d16552b222ee43272f81,P4,0.0,0.0,0.0,17887119.14524556,0.0,384786455.7344194,R0,NONE,R0,1,0,0,0,0,0,1,0,0,False,False,False,True,False,True,False,False,False,False,False,Q[NONE]|F[Water+Crackers],1165294785.574013,1165294785.574013,0.0,3428387.559698642,0.0,3428387.559698642,h09,5,Katrina,1161866398.0143144,15709518.295739835,1146156879.7185745,1647833271.6107378,234124072.45364857,1.0,10400000.0,0.0,223724072.45364857,0.0,9557344.06438629,1638275927.5463514,2165b89f7177e5854c9f88f32fc6fcac11a1aac71a62c06c252f96c72cd8f394
LA-0371,371,f6f1fb3846596328a42c754a67cbb4512e569e2ce357a40cb0bd6d0fc5fbf719,M2,A1_FINAL_NO_MEMORY_V1,PASS,ef531d26014cadccb0e1299f5eb9830753a8517b46ca5687483279c8811aae59,ba245921f2f35a7e6c5ad59b655e79aa2cde709082ecbdcf85973802a8588587,92755e40e8d0ae9a63e1575f60e38021fb07910e5d3ba044c37076941ad962aa,P4,0.0,0.0,0.0,0.0,0.0,246836800.34686473,NONE,NONE,R0,0,0,0,0,0,0,1,0,0,False,False,False,False,False,True,False,False,False,False,False,Q[NONE]|F[Crackers],1214220541.3928328,1214220541.3928328,0.0,7497136.987648255,0.0,7497136.987648255,h09,5,Katrina,1206723404.4051845,11640768.867790224,1195082635.5373943,1716869197.2904742,165088146.77391216,1.0,0.0,0.0,165088146.77391216,10400000.0,9557344.06438629,1696911853.2260878,012da07ac075997d006741966e4867e3d43969931b10b1b572e2a56b431fdbce
LA-0372,372,647987d84fb67df13afa4c5a1b9153539394d3218a92d476ead95ee7401e455b,M2,A1_FINAL_NO_MEMORY_V1,PASS,dcedf5a498a3cb6c1dbbb0a9c86cd4fdaa4e2ec46a9766b04437ef40b2f6f6d8,4d0900114a98051f436bfe26c344d6ec7e94babef3a3111520c9c65c216387c4,c8048fca1b50c8aad126771d4a919c62244b49038825dda826f2d5337fb7d23c,P4,0.0,0.0,0.0,654492.843926307,5737308.851740733,0.0,R0,R0,NONE,1,0,0,1,0,0,0,0,0,False,False,False,True,True,False,False,False,False,False,False,Q[NONE]|F[Water+Vaccine],1174204684.4057198,1174204684.4057198,0.0,3094998.266074724,0.0,3094998.266074724,h09,5,Katrina,1171109686.139645,16042907.589363752,1155066778.5502813,1879928575.4589784,2028768.6054078662,0.9999999999999998,207737.12912932184,1821031.4762785444,0.0,10192262.870870678,7736312.588107745,1862000000.0,b4f0186b58b9c5a8c8c6275100f586ad7cb37a2e8a14c04c0485bbc85983da39
LA-0373,373,f49b084b7c455b1f02a5df48309a6df8c541e5e9a91b1af54086c1c0db360705,M2,A1_FINAL_NO_MEMORY_V1,PASS,441fd5a53a1ad6a512e4664c3f661dd657b0db191473f73add318be07421e4d4,a14214b59481e6b3e5803dba093fabd89a1fa6e9b24269e8c325d4298a3a65d1,bad4de01f68dd74897e1a5eb2da999e0fa844a37d2aa6938cf5dfd42ef56528f,P4,0.0,0.0,0.0,0.0,1628199.030818099,0.0,NONE,R1,NONE,0,0,0,0,1,0,0,0,0,False,False,False,False,True,False,False,False,False,False,False,Q[NONE]|F[Vaccine],1214814299.8449612,1214814299.8449612,0.0,4862618.41184285,1624130.7750509884,6486749.186893838,h09,5,Katrina,1208327550.6580672,12651156.668544639,1195676393.9895227,1880856192.763537,1101151.300849306,1.0,0.0,1101151.300849306,0.0,10400000.0,8456192.763536984,1862000000.0,8755dd65f2df0d2b668493b5cf1184f030bcfa97094510f15bf0f80f2cbb8356
LA-0374,374,7e1971ddc86b3bd821e7416c29484e656bb42690d3e2c869476c0afddaa070d5,M2,A1_FINAL_NO_MEMORY_V1,PASS,421952b6f321995782270427a89c2bf22298a282f7fc583bf04afb281d6804d3,5010598fecec19ff0af52d8be3b212495da3107114795ba2a1f4004b94653646,11aa378d9bb8519251e283229330a74047aed68ec150ec662f76e305fca049cd,P3a,19925779.440348398,0.0,0.0,0.0,475415.5846246806,0.0,NONE,R1,NONE,0,0,0,0,1,0,0,0,0,True,False,False,False,True,False,False,False,False,False,True,Q[Water]|F[Vaccine],1236266691.2061822,1236266691.2061822,12905927.343513658,1498261.3525820218,675130.3245193326,15079319.020615013,h09,5,Katrina,1221187372.1855671,4058586.834823465,1217128785.3507438,1871325636.4140332,231707.65035309395,1.0,0.0,231707.65035309395,0.0,0.0,9325636.414033195,1862000000.0,9d3a5924ea7ae3e36a43b5e022d9d4a75e0ac81adf21ce242c28b44c64881db4
LA-0375,375,86fa0693fb6b9310a82b2f4f0e0ffaf3e0633f6a406ddd0ab540da479f47008c,M2,A1_FINAL_NO_MEMORY_V1,PASS,469393f402b196979842247fed393770013d67e82b5489326c500dc5ba313451,32e32f2eacfac7d20adaa3a15d82161fe2d046627b2fb2d197d64884ffa3634f,80e56b5239f0dd8ce37c9f392ce7c11c6098aef3f8cd5ac663f4034e9509d1d7,P1,15270703.494376063,641445.0056972184,0.0,0.0,0.0,0.0,NONE,NONE,NONE,0,0,0,0,0,0,0,0,0,True,True,False,False,False,False,False,False,False,False,False,Q[Water+Vaccine]|F[NONE],1224847570.0407217,1224847570.0407217,19137905.85543848,0.0,0.0,19137905.85543848,h09,5,Katrina,1205709664.1852832,0.0,1205709664.1852832,1871120492.6736362,0.0,1.0,0.0,0.0,0.0,0.0,9120492.673636159,1862000000.0,2f50e7596c44afe3d77e4685f0e42dbecdf581e3bae0f8dbecaec0b45f20dfbc
LA-0376,376,accf2f786359cbca37bbc8409f5bc01cfc162de1cb340188b890d1d5f662c772,M2,A1_FINAL_NO_MEMORY_V1,PASS,01889028020f25b8a7bab38a46fbffca9bd411796e7e80d02522d42e9948afe2,53adb5bdc09109efc4a09cf9441fd0bff5d01e2c5e4c7988a39fdacac880fee0,4e0d67d1c176e970cf4b0baf8ce5b69a4ee89cc5d4ce6874bbaf12fb908f283e,P4,0.0,0.0,0.0,0.0,0.0,284693736.6653404,NONE,NONE,R0,0,0,0,0,0,0,1,0,0,False,False,False,False,False,True,False,False,False,False,False,Q[NONE]|F[Crackers],1236036527.7239497,1236036527.7239497,0.0,6970159.781103329,0.0,6970159.781103329,h09,5,Katrina,1229066367.9428463,12167746.074335149,1216898621.8685112,1775063783.1075807,106893560.9568057,1.0,0.0,0.0,106893560.9568057,10400000.0,9557344.06438629,1755106439.0431943,c2a104070cd4ff90dc2e1860b4b320c28ba82276dd2dbde025fd2cc2733f1f7b
LA-0377,377,61cf1e5a0e28513d3cba20e312483f5e64ddbf49159ecda32545e69365c99760,M2,A1_FINAL_NO_MEMORY_V1,PASS,d65dbdd84ecd87213b16ef32ba6fb11c4cb8fe0c2ae9ce3a690b957698b487c8,d4fde5ae5534cf3cc0baff1d3d2fe64503b26d1c6602599a52af63af68b9ca38,4721ac7ddf69f0fb6d6514455ffae82702a0c676f716a73185f294781748a8ae,P4,0.0,0.0,0.0,0.0,0.0,278578939.9427544,NONE,NONE,R0,0,0,0,0,0,0,1,0,0,False,False,False,False,False,True,False,False,False,False,False,Q[NONE]|F[Crackers],1221924536.072384,1221924536.072384,0.0,690242.1571281574,0.0,690242.1571281574,h09,5,Katrina,1221234293.915256,18447663.69831032,1202786630.2169456,1737419759.2824483,144537584.78193808,1.0,0.0,0.0,144537584.78193808,10400000.0,9557344.06438629,1717462415.218062,2aafc71aa7ae79bdebc2f5ee15791221012af678e47ef65e8610963c5763db4d
LA-0378,378,06507cbe40de792b44cc4fdf8b9f80f180483c7d128bc669a76995e8462d3927,M2,A1_FINAL_NO_MEMORY_V1,PASS,5d5d9e369f9eec3ad959411dbfbbfd9eeb305bac3064f9b792e9e73f4568b114,1fb3d3a07c256c32344feba8712f5fab3bdd9287d9adbe74fc82993a8a38a733,462f5bf728d7905afcd1e58e994e9d97fda007222920fd6639a839ab435c19f9,P4,0.0,0.0,0.0,0.0,0.0,251048183.40264463,NONE,NONE,R0,0,0,0,0,0,0,1,0,0,False,False,False,False,False,True,False,False,False,False,False,Q[NONE]|F[Crackers],1209948419.9702868,1209948419.9702868,0.0,10231895.983280974,0.0,10231895.983280974,h09,5,Katrina,1199716523.987006,8906009.872157505,1190810514.1148484,1705473226.786457,176484117.2779294,1.0,0.0,0.0,176484117.2779294,10400000.0,9557344.06438629,1685515882.7220707,7a0ba0dfeff75ae5ea0a47020b213381ca8b9a22bb37846bb5de2ef88a1ec0af
LA-0379,379,073df7cdd66c0e13088d064a7a99c7cde8c02fda86ee80ed124b17b9218b9b79,M2,A1_FINAL_NO_MEMORY_V1,PASS,f83242f1328892f62091b31f7ff707a5a56f19df50a741237a4d51baf849faf1,21ffedfccf0126da9c00026e2bef7fe9c114207b44717c0917296a4e2afe1fa9,7d1cf3540b5ceb89724ef1dd1f6c4a13ddf0dbac1c5b73e9489df72553bfe036,P4,0.0,0.0,0.0,0.0,0.0,175609450.07155526,NONE,NONE,R0,0,0,0,0,0,0,1,0,0,False,False,False,False,False,True,False,False,False,False,False,Q[NONE]|F[Crackers],1230629908.4293323,1230629908.4293323,0.0,8090425.781818406,0.0,8090425.781818406,h09,5,Katrina,1222539482.6475139,11047480.073620072,1211492002.5738938,1760641516.5299625,121315827.53442389,1.0,0.0,0.0,121315827.53442389,10400000.0,9557344.06438629,1740684172.4655762,4a6d2c32a5ddb778d2259aad1ce2c7a40247fa134e1cb92dce76e2f6733904c0
LA-0380,380,161de19718d2bd0a3b0517e0db756832d30637d3b533a27ec6702e218f211680,M2,A1_FINAL_NO_MEMORY_V1,PASS,aab54620a2310d70be59c67dc565fa56cab0ebf16968496ab872a4d282dbf558,97c53aa7cd43998a2c333ede4d414d7520a11641c764b76f4a76490146815927,4a622cd4a70f82c6741440b6493aaae4973542c0dee81648da0d4b3f634d21f3,P4,0.0,0.0,0.0,12638292.589231225,0.0,121918654.07613012,R0,NONE,R0,1,0,0,0,0,0,1,0,0,False,False,False,True,False,True,False,False,False,False,False,Q[NONE]|F[Water+Crackers],1211554116.7469158,1211554116.7469158,0.0,987702.6032104263,0.0,987702.6032104263,h09,5,Katrina,1210566414.1437054,18150203.25222805,1192416210.8914773,1771230975.3370042,110726368.72738217,1.0,10400000.0,0.0,100326368.72738217,0.0,9557344.06438629,1761673631.2726178,5dc4508fc7a426b8c7715a7c8d362d36709e317003755f51a633284a9a44dc61
LA-0381,381,90c1b97959a7a888bf5869290be7bf4c732f55f66260320440fae64c4e714e6d,M2,A1_FINAL_NO_MEMORY_V1,PASS,85c62d850f4098417220a8bd5ed05cbf776d0a6bd309cfc47ba609db728e2eef,25d0f6e67b8b7a56ef8c5039dca515e7a1d5b51582d9317fd49c5509450e24a4,a55c62f4fdc97f9c9ae5e6976b50ac2bf39b1f56c0fc5b79b37a9004d8d23fac,P4,0.0,0.0,0.0,0.0,1339229.3189009218,0.0,NONE,R0,NONE,0,0,0,1,0,0,0,0,0,False,False,False,False,True,False,False,False,False,False,False,Q[NONE]|F[Vaccine],1224996873.6627991,1224996873.6627991,0.0,7777256.745651283,0.0,7777256.745651283,h09,5,Katrina,1217219616.9171479,11360649.109787194,1205858967.8073606,1881039122.0143604,918222.0500258321,1.0,0.0,918222.0500258321,0.0,10400000.0,8639122.014360458,1862000000.0,0bd81073badae3854cbda991e6facfc0e9f54abac2f8a1b73967d1920c7afc8a
LA-0382,382,8443a8f00073657b2344aa0cc16006597979e5d47ae929f4e4d94a7979dcadf6,M2,A1_FINAL_NO_MEMORY_V1,PASS,8c73229253f4425613f90a05a3ae016c68e50d80db36e4f17ebd2ef720007d63,6947e0db49046e7a803f7b8a565513095d0fde94fdcf581f63ec0833db533231,4c7d3f6f319948effd1d6ee24720459416dd1d935d74b4c1d112c540bea832ea,P4,0.0,0.0,0.0,0.0,0.0,277524485.6756644,NONE,NONE,R0,0,0,0,0,0,0,1,0,0,False,False,False,False,False,True,False,False,False,False,False,Q[NONE]|F[Crackers],1200460829.8701575,1200460829.8701575,0.0,385811.1347430962,0.0,385811.1347430962,h09,5,Katrina,1200075018.7354143,18752094.72069538,1181322924.0147188,1680164887.8509855,201792456.21340075,0.9999999999999998,0.0,0.0,201792456.21340075,10400000.0,9557344.06438629,1660207543.7865992,8401e6d6a4aff4559e8797b35710e6ee3c9abec4b0cd87ea9f90c743a6e22f88
LA-0383,383,d9bc9e10cb7d887e13c11bb324c909d2b0a56792655b93008f11fe567fdce922,M2,A1_FINAL_NO_MEMORY_V1,PASS,1a77a50e0286e844ceefb355af1c4073fe94abb4505eee8fba64751b9d334f5b,be3824fbe17715ac3cb092fb5c8155775423b091ceddeae3e2e3073ed690e23f,10aa38b6d0985ae541baa28d1605d2affd615d748649a2d68c0211931c0e9806,P4,0.0,0.0,0.0,22367068.87116262,1633442.1775923606,0.0,R0,R0,NONE,1,0,0,1,0,0,0,0,0,False,False,False,True,True,False,False,False,False,False,False,Q[NONE]|F[Water+Vaccine],1206887633.3687465,1206887633.3687465,0.0,4799301.812541097,0.0,4799301.812541097,h09,5,Katrina,1202088331.5562055,14338604.042897379,1187749727.513308,1870797843.6244845,11159500.439901741,1.0,10400000.0,759500.4399017412,0.0,0.0,8797843.624484548,1862000000.0,9fc34890ac3178314a63d9c1f51eb33bcba3dfd91631c763dfa6852c66628639
LA-0384,384,d4022e764ba0b2670bc8670d25849cda9c42642fe553f03a259ece45d627c82f,M2,A1_FINAL_NO_MEMORY_V1,PASS,612abdd917346df69a9ce3eec6e4d39bd7a74a086bf3afaba57aecb10af29b90,e4ccc6db57911197466bc9f248222ae5b4ba801ce536020b788a4bfa4e1088e8,14ea153a38b62050cbdd2413a58341e7392c03b3f08cb475f960b539155d9ee3,P4,0.0,0.0,0.0,16166252.876448922,196137.50022073358,15549024.9023071,R0,R0,R0,1,0,0,1,0,0,1,0,0,False,False,False,True,True,True,False,False,False,False,False,Q[NONE]|F[Water+Vaccine+Crackers],1238390980.4649274,1238390980.4649274,0.0,5857421.420673837,0.0,5857421.420673837,h09,5,Katrina,1232533559.0442536,13280484.43476464,1219253074.609489,1861428238.0657513,20529105.998635024,1.0,10400000.0,126178.28125571781,10002927.717379306,0.0,9431165.783130571,1851997072.2826207,3842f822fb0e1af14e6dbbf750235ee1ca8105ff62ed035b1c39bb0afae26b70
LA-0385,385,0a1cf623223695cc11492f9307bc6e5450aa8728061bc47308736ecedd079c3e,M2,A1_FINAL_NO_MEMORY_V1,PASS,5749591471bb286aa490167dd2c1ee0c1240079f1b30e517177ac33e8c874383,5d77de1eea239f3786c2ccfb6c0586d57b4cbd453aefd3c62715b5faf7595330,a3a03e91e5920e4719644a9309f0262dc014904c56462f132d9becb58016a722,P1,17060232.494466163,561042.8183110949,0.0,0.0,0.0,0.0,NONE,NONE,NONE,0,0,0,0,0,0,0,0,0,True,True,False,False,False,False,False,False,False,False,False,Q[Water+Vaccine]|F[NONE],1230126575.869739,1230126575.869739,19137905.85543848,0.0,0.0,19137905.85543848,h09,5,Katrina,1210988670.0143006,0.0,1210988670.0143006,1871215329.6567674,0.0,1.0,0.0,0.0,0.0,0.0,9215329.6567674,1862000000.0,73b72d5e8477feaf86dd7892934a07a207ffbf11e576dee2aa3804bd64428135
LA-0386,386,d475b8f6571f108c243fd1184a11c77b8d25ed10fe868b77cd2a6e43c3d9ce42,M2,A1_FINAL_NO_MEMORY_V1,PASS,6663c976b417bf5e3add8cfbff18f4d648c11764243ecef60832cc3da0a356db,36c6d280061750798ed80dcc0e3f12e9fbbc4ddd3029b86fc105a565b219788c,0758f9a4b7fb53fe998b444a36a9703916c91556d3196eff9ab22cb550bb4a42,P1,17445377.17785909,543738.5583614834,0.0,0.0,0.0,0.0,NONE,NONE,NONE,0,0,0,0,0,0,0,0,0,True,True,False,False,False,False,False,False,False,False,False,Q[Water+Vaccine]|F[NONE],1231121101.5210226,1231121101.5210226,19137905.85543848,0.0,0.0,19137905.85543848,h09,5,Katrina,1211983195.665584,0.0,1211983195.665584,1871233196.2429144,0.0,1.0,0.0,0.0,0.0,0.0,9233196.242914343,1862000000.0,a3f062a1f75c5015d2b72b76ebd350bf32d430f35aa23ae149cc8406f8c62779
LA-0387,387,48fcba6c7c2a3d4267839a4393ace4972c243786c86322d2cb41fe8ab394ca26,M2,A1_FINAL_NO_MEMORY_V1,PASS,b45af1a044316623d0164c7adcef813e6fa26bc0c8dc1b91cf7eca03c6003267,49f823c722fec6ab628fe27409a6d3caff10399b436c95b32a7290af17ffa56d,c0f293526308fe0a48ddbcb03ee37d0c71d3d76be73a8947f8f13a43c1c2e0de,P4,0.0,0.0,0.0,514891.4319637584,1366077.01112029,0.0,R0,R0,NONE,1,0,0,1,0,0,0,0,0,False,False,False,True,True,False,False,False,False,False,False,Q[NONE]|F[Water+Vaccine],1226530906.6932118,1226530906.6932118,0.0,7319236.972573199,0.0,7319236.972573199,h09,5,Katrina,1219211669.7206385,11818668.882865278,1207393000.8377733,1880752121.7717295,1205222.2926568743,1.0,329914.4301874995,875307.8624693748,0.0,10070085.5698125,8682036.201916914,1862000000.0,d264398ba7db04803a1d4d1dc4401a9664a99f84a3345841fe1e177fcb604eb3
LA-0388,388,fdca913a94e2deca5c3d878ee4d22190e47159203b4668585127ef840c11fd20,M2,A1_FINAL_NO_MEMORY_V1,PASS,78603509bbca897b64db745a33e3ccb713b7e2510abed9f42588343dd38f0c1d,e2222e2b3654c6df5b3810e27ad2027a875aff8edaea76ebdc53fd9ad0900229,d671e7fca1319567a20ffb724f3e74325ba0d7c1dbb9d55a5c2294f9c2b6484f,P4,0.0,0.0,0.0,0.0,0.0,175175755.13308895,NONE,NONE,R2,0,0,0,0,0,0,0,0,1,False,False,False,False,False,True,False,False,False,False,False,Q[NONE]|F[Crackers],1217778138.9317636,1217778138.9317636,0.0,8080400.884300874,3633288.9166769003,11713689.800977774,h09,5,Katrina,1206064449.130786,7424216.054460705,1198640233.0763252,1726359160.8492956,155598183.21509072,1.0,0.0,0.0,155598183.21509072,10400000.0,9557344.06438629,1706401816.7849092,4c337a8db1b391d39215f22682d060b222f4c71e55dfe9127717b80e9319f759
LA-0389,389,4392a1f4f1d46e70d32e6576d27c39733d64a203469bfd434033f44dbf895eda,M2,A1_FINAL_NO_MEMORY_V1,PASS,0cea38324bfc98e4f191e5a609c874511e8aa3a07f2b2c71483740387d3053ef,7f7d6b59995f7b882b91cb8d7e850ddbfb6806c62389c8235fabf822666bd75b,1c162d89f9b04cfba2e01d26ef52906c027ef80d7d5731cd54c504c95a15760a,P4,0.0,0.0,0.0,16649902.924227282,0.0,251243579.21439612,R0,NONE,R0,1,0,0,0,0,0,1,0,0,False,False,False,True,False,True,False,False,False,False,False,Q[NONE]|F[Water+Crackers],1190333107.4140637,1190333107.4140637,0.0,6447527.906775606,0.0,6447527.906775606,h09,5,Katrina,1183885579.507288,12690377.948662873,1171195201.5586252,1714623502.7248287,167333841.33955753,1.0,10400000.0,0.0,156933841.33955753,0.0,9557344.06438629,1705066158.6604424,ed5752961c6b0f3768937a9e3f8a4612b8968cdca3e6b0b464c55b6eb63f997f
LA-0390,390,15cb98729b9ca7d7e25706a81e0df53b3255da570bee0a4d1c6c6a30a80aea4f,M2,A1_FINAL_NO_MEMORY_V1,PASS,d40c2e0ffc2339eb403d9f34fa9ae117d7c59aca951540989415613d30dce04b,717071ff07869e9a39406a18165495e96fe6b7ca4f6be281626665f154435941,9a90872b97fe939a8c380110e443aff4cd3b8ab34fad9a9be53361e66dea0c0d,P1,14089317.876114871,694523.7699139063,0.0,0.0,0.0,0.0,NONE,NONE,NONE,0,0,0,0,0,0,0,0,0,True,True,False,False,False,False,False,False,False,False,False,Q[Water+Vaccine]|F[NONE],1220627690.4578235,1220627690.4578235,19137905.85543848,0.0,0.0,19137905.85543848,h09,5,Katrina,1201489784.602385,0.0,1201489784.602385,1871044682.8219745,0.0,1.0,0.0,0.0,0.0,0.0,9044682.821974434,1862000000.0,f35ad587f2182f4f24f085d8101d7d6fc54c30c9b68774f238d8b34a4eca935a
LA-0391,391,eb112f3e120f170e1f22478b249072e7daa28f93ad687bb03f3b7b033f4ea641,M2,A1_FINAL_NO_MEMORY_V1,PASS,a6543f15f682b8b5bd6211059d7bdf8ebb1846009b38d32177e46ef18c7091e6,b5067bd613b8d1aca1ec480fee7fced87a4302cc74139d9f3a39a4a25039c177,266ecab148c0c61b8ef864a0d0b35f72fa047b393980742a7d94a3754dbb28f3,P1,16982342.52932108,564542.3556601842,0.0,0.0,0.0,0.0,NONE,NONE,NONE,0,0,0,0,0,0,0,0,0,True,True,False,False,False,False,False,False,False,False,False,Q[Water+Vaccine]|F[NONE],1229919963.4810088,1229919963.4810088,19137905.85543848,0.0,0.0,19137905.85543848,h09,5,Katrina,1210782057.6255703,0.0,1210782057.6255703,1871211617.8791602,0.0,1.0,0.0,0.0,0.0,0.0,9211617.879160143,1862000000.0,a65b0bfbc5635e39b7667c2d1a0480c6670b5579358e0e48b78ea019a40c5f38
LA-0392,392,3b633fb4b0767df770b0e83e4404981c044de1d7945400be03cf9153280d6fc0,M2,A1_FINAL_NO_MEMORY_V1,PASS,8bd82d42cd89f3b6809683a8f2f9dde4b013f95c80a99dc8c86370ad591b29f9,b68234fa712adc64f526cdaf544168a07483675888b1f19039d38d79857d233d,3a470eb7e33e8bf666c968e11957e0b99d1bdc185e43bd674c2f90a09e00e761,P4,0.0,0.0,0.0,0.0,0.0,188360508.05963847,NONE,NONE,R0,0,0,0,0,0,0,1,0,0,False,False,False,False,False,True,False,False,False,False,False,Q[NONE]|F[Crackers],1230267120.2571723,1230267120.2571723,0.0,4551241.977737951,0.0,4551241.977737951,h09,5,Katrina,1225715878.2794344,14586663.877700526,1211129214.4017339,1759673771.7258658,122283572.33852059,1.0,0.0,0.0,122283572.33852059,10400000.0,9557344.06438629,1739716427.6614795,c4877a8e5ea071a85c0108df2cde31ba806c2e3132d3311563afa7ac01dd4f9f
LA-0393,393,60c5e59d75689c8de8158f6026f5ec29425caede4a642cdbd98a4bbda2d34198,M2,A1_FINAL_NO_MEMORY_V1,PASS,7a6afe54bc88e4490c1c2f61f028506abb5b12f9c850fa1ad23ec6c7f992702f,5bd31432c1b51cd635af140f467bde66fec8238e073153c4b3d2824418b64e96,8f6917d8e4ed6b038f5b00f4724225e053769a327d5a15c79ff284b84aac99af,P4,0.0,0.0,0.0,438630.89607584104,1887446.4218271123,0.0,R0,R0,NONE,1,0,0,1,0,0,0,0,0,False,False,False,True,True,False,False,False,False,False,False,Q[NONE]|F[Water+Vaccine],1197982857.8981593,1197982857.8981593,0.0,1298142.8089559486,0.0,1298142.8089559486,h09,5,Katrina,1196684715.0892034,17839763.04648253,1178844952.0427208,1880246154.993527,1711189.0708592418,1.0,322680.759461105,1388508.311398137,0.0,10077319.240538895,8168835.752988152,1862000000.0,0bbad6b5dddf7731823817203bb403845376da704dea0bbac26b7d23c8b1827c
LA-0394,394,dfc05ce7760c04780e33d1a817586f359ee47f2126fa64c95d1d66ec20378754,M2,A1_FINAL_NO_MEMORY_V1,PASS,46f7a44ac4597eb1572d64f5731c3d0f5227fbb93abf1834ab7bb7a36d4d9217,bf903a502de4789e693e945ceab57b6dd472fba4c1ab355467b8b96ede96216e,f46e9c169d20d0735869c3356060d1bdd3dc6bc146785526ce01f86c14971339,P4,0.0,0.0,0.0,0.0,760311.1856794318,0.0,NONE,R2,NONE,0,0,0,0,0,1,0,0,0,False,False,False,False,True,False,False,False,False,False,False,Q[NONE]|F[Vaccine],1241427652.1474178,1241427652.1474178,0.0,4233987.301312998,4076460.2807949465,8310447.582107944,h09,5,Katrina,1233117204.5653098,10827458.273330532,1222289746.2919793,1881334299.839968,623044.224418278,1.0,0.0,623044.224418278,0.0,10400000.0,8934299.83996801,1862000000.0,9f9db185adddb479f4ef8dfe9dccc288fa83ebff9916f30f4c6d0b92025a6af6
LA-0395,395,880bb771a56eb8bc39f31ac9e4116c956a788083f271f4533cc506e299b1f33e,M2,A1_FINAL_NO_MEMORY_V1,PASS,7920e97d06136192fbbd48ace378047b703e4eadb27eff79784ee26fbbd91e28,ff5a9e9b2f2efc485b0740e405d987a74e080c496d8cd768d42e22bbec07b197,c844149cfbbc1f8feccb8ac5fe6f6977e26702ede1de204cfdda64c85a89cb6a,P4,0.0,0.0,0.0,0.0,0.0,320840294.7338527,NONE,NONE,R0,0,0,0,0,0,0,1,0,0,False,False,False,False,False,True,False,False,False,False,False,Q[NONE]|F[Crackers],1223000992.1371422,1223000992.1371422,0.0,7465055.079870113,0.0,7465055.079870113,h09,5,Katrina,1215535937.057272,11672850.775568366,1203863086.2817035,1740291227.6583498,141666116.40603662,1.0,0.0,0.0,141666116.40603662,10400000.0,9557344.06438629,1720333883.5939634,2c71e109bc8f28820626eb1defe9704d3bed1daaaf130900cc279e4e14a3af09
LA-0396,396,4a8ce3956cb01a1d091e6fc01863a6d00473bea19495791f759d72580abea560,M2,A1_FINAL_NO_MEMORY_V1,PASS,c55a628191b3d31ab3e584b0e22f4c6715f2e994ed6b6e87b0a65626a2043bfd,15cfdb765b791e74408fa2af35f9876e005e17106ccaa9b3f7daa14f2218a0b2,6321601fb1544f6fa904d6dc8c1f4396442dac34e9260793551cab38bec52802,P4,0.0,0.0,0.0,12283041.448163489,0.0,168482864.2128283,R0,NONE,R0,1,0,0,0,0,0,1,0,0,False,False,False,True,False,True,False,False,False,False,False,Q[NONE]|F[Water+Crackers],1195686432.2114403,1195686432.2114403,0.0,4635306.158064613,0.0,4635306.158064613,h09,5,Katrina,1191051126.0533757,14502599.697373863,1176548526.3560019,1728903605.1506095,153053738.9137769,1.0,10400000.0,0.0,142653738.9137769,0.0,9557344.06438629,1719346261.0862231,11a0f6fd7689d835497b9f0aff7f0daddb056245adb756aa9ea23c80d3915e62
LA-0397,397,108f19b24100d1eb9d5d81d5c632ef7f2b75f55f7c5a96f56ebcaba286f85ad5,M2,A1_FINAL_NO_MEMORY_V1,PASS,bcb6df74d6c84eb2181142adde4d77d5e951a1baee839052f60f78e8c1bff408,73f490b3dbb97779fdc301928e0176bb671ee7c68489333bc457390fd3ced92d,eb8df2e2abe88734e6cea2bbd796d1e6a6d5759c2208a623163b735da4caea81,P4,0.0,0.0,0.0,0.0,0.0,373453730.0582289,NONE,NONE,R0,0,0,0,0,0,0,1,0,0,False,False,False,False,False,True,False,False,False,False,False,Q[NONE]|F[Crackers],1178648180.999279,1178648180.999279,0.0,3353114.3740839553,0.0,3353114.3740839553,h09,5,Katrina,1175295066.625195,15784791.481354523,1159510275.1438406,1621979204.7767267,259978139.28765956,1.0,0.0,0.0,259978139.28765956,10400000.0,9557344.06438629,1602021860.7123404,69a05c47486bf023be5bf0c646c3876f706e091970366333d9a84c95bda5ddc1
LA-0398,398,c067c0f1a575b9f201e8fd2d3f7f7af4cb50fef6c9f4e831f8b662a8e1bdca04,M2,A1_FINAL_NO_MEMORY_V1,PASS,9ab5bc9a4b95dcfcd0a545b5897e43e9afb6a4ebb46b997b39d287a6eab6df4b,9871fb7d674785af37e6e80f721e0a8b6e638baf12caf8736bc8f981681c2235,16e5fcc5e18b3b28061f6729266bf0a5472740d0f81db7e26025232cfc0d02e1,P4,0.0,0.0,0.0,0.0,2081466.1637059452,0.0,NONE,R0,NONE,0,0,0,1,0,0,0,0,0,False,False,False,False,True,False,False,False,False,False,False,Q[NONE]|F[Vaccine],1182369212.0450184,1182369212.0450184,0.0,3113753.4498843416,0.0,3113753.4498843416,h09,5,Katrina,1179255458.595134,16024152.405554136,1163231306.18958,1880273318.9528165,1684025.1115697469,1.0,0.0,1684025.1115697469,0.0,10400000.0,7873318.952816542,1862000000.0,8c2b99f61323c47c6fa7668a5cfbfe5de01a4af3c78be594a24c2f57e86795d8
LA-0399,399,58750481483bf294e9f583a3f7b32c0c52bfff823f41afb6850800b31208d0e8,M2,A1_FINAL_NO_MEMORY_V1,PASS,d53e1c1b81550f26ef6280fc675d966c14c2f9673b6e51bf722e64bae62e9f10,8f675a481140a55826c04e6bae0d4bf77a4a109545b328ab16de0cec7a98e540,2126d46409a2bb83da5622266a039a9073e59f55b94862954fa41467d5f904fb,P1,15696646.690650336,622307.6993551785,0.0,0.0,0.0,0.0,NONE,NONE,NONE,0,0,0,0,0,0,0,0,0,True,True,False,False,False,False,False,False,False,False,False,Q[Water+Vaccine]|F[NONE],1226213231.8001776,1226213231.8001776,19137905.85543848,0.0,0.0,19137905.85543848,h09,5,Katrina,1207075325.944739,0.0,1207075325.944739,1871145026.694897,0.0,1.0,0.0,0.0,0.0,0.0,9145026.694896864,1862000000.0,2f61af5303b58599c6e5b8bff45552866d79192108f3b2d7eef91022a60cc231
LA-0400,400,cd7136b6403ca2690cbfe2e024339a6ec30a741e53ebe5d101a60d5f8cab8c3b,M2,A1_FINAL_NO_MEMORY_V1,PASS,62e3a03253e3c9d03159eba551ce6b4fe1a3baab23272eb7d661a73e243b85bf,ca4df8f877b34fe76fb544beeeabc36c5a230a1b41f13317ad1994b41814cb6b,4675e527072fbc07845bb0b5f4b1c1b005f8ca75f1d6f5cc105608e70655a399,P1,17741315.14998533,530442.2886232643,0.0,0.0,0.0,0.0,NONE,NONE,NONE,0,0,0,0,0,0,0,0,0,True,True,False,False,False,False,False,False,False,False,False,Q[Water+Vaccine]|F[NONE],1231855940.035068,1231855940.035068,19137905.85543848,0.0,0.0,19137905.85543848,h09,5,Katrina,1212718034.1796296,0.0,1212718034.1796296,1871246397.5671823,0.0,1.0,0.0,0.0,0.0,1.862645149230957e-09,9246397.56718219,1862000000.0,eed6f7b1eb432330d2f8d542896242d0a9d112c6a6e43e4763bf19391f74db05
LA-0401,401,ee271ef9718cdc04e53a56d334f734e132720c54e299672c5b10062c0c5b4cb8,M2,A1_FINAL_NO_MEMORY_V1,PASS,c25000e7b7594485593c664c4323d6e18013de7228e1b4822780a28e053f3b80,d3d665fed9270d0f028d26bab665190d28bb4379aed20aaeac071d3f933b0ea3,98dfc861b101b114dea0e3fefa604b0fca4f4f8b4c2368cc59d2cd86f2fd1151,P1,15523089.084326472,630105.5116204371,0.0,0.0,0.0,0.0,NONE,NONE,NONE,0,0,0,0,0,0,0,0,0,True,True,False,False,False,False,False,False,False,False,False,Q[Water+Vaccine]|F[NONE],1225665817.662002,1225665817.662002,19137905.85543848,0.0,0.0,19137905.85543848,h09,5,Katrina,1206527911.8065636,0.0,1206527911.8065636,1871135192.4368813,0.0,1.0,0.0,0.0,0.0,0.0,9135192.436881352,1862000000.0,332cf64fe11b34b83301dd5d79a74cb02a55bbd41b99bb060f86c435ac83135e
LA-0402,402,a0755f542a5f6ca1b97d3df3067a8ef0be1405e78679a42c2f4b13977c7c960d,M2,A1_FINAL_NO_MEMORY_V1,PASS,5bc1970bf33bb93710d2501280a4f5d3a2bf8c5e3e7c5c29646dbb53cd868554,1af0b27ed59614f5996e310cd95ef5e2cb9d169192fb0b171dd9eb4eed856a48,d7cce45a63616766e0d70742b05bf1efb167d326746e4d32945ba9cceb4daa56,P1,15125646.885049243,647962.2896775836,0.0,0.0,0.0,0.0,NONE,NONE,NONE,0,0,0,0,0,0,0,0,0,True,True,False,False,False,False,False,False,False,False,False,Q[Water+Vaccine]|F[NONE],1224364931.5985618,1224364931.5985618,19137905.85543844,0.0,0.0,19137905.85543844,h09,5,Katrina,1205227025.7431233,0.0,1205227025.7431233,1871111822.1066241,0.0,0.999999999999998,0.0,0.0,0.0,0.0,9111822.10662409,1862000000.0,1b15930e2938e51eda200cc5263c4803525422c9db7d5d789c7ca53160eb5359
LA-0403,403,0972dfd9f4cbb755fbca09ad8d4be0f69ea0c583c844d213231a18cb8e68f16d,M2,A1_FINAL_NO_MEMORY_V1,PASS,716fa01df97c73f755bd10cba9a4b82e44198319b29724d44d0e4394b3582e5b,04ead88e7aa1666d693ed5c209388db9e47315bae0d8043c24d69cb5e2d1fcc3,44a82686c5fcf975fb89c1f9114f91e0a46044de6ba2db78faa80dbb22593bdf,P4,0.0,0.0,0.0,0.0,0.0,434849424.28836906,NONE,NONE,R0,0,0,0,0,0,0,1,0,0,False,False,False,False,False,True,False,False,False,False,False,Q[NONE]|F[Crackers],1172551396.3352573,1172551396.3352573,0.0,1093857.5122700173,0.0,1093857.5122700173,h09,5,Katrina,1171457538.8229873,18044048.34316846,1153413490.4798188,1605715908.0843937,276241435.9799926,1.0,0.0,0.0,276241435.9799926,10400000.0,9557344.06438629,1585758564.0200074,17dfe952c0140ff5598fb930689e15dc92c59630f04110fab9bd802fe919b86e
LA-0404,404,226cdd6c85ebb1b9777a64d0c787f9bae05ef0d471c2a47dd09b6766a5decfc7,M2,A1_FINAL_NO_MEMORY_V1,PASS,40e6204d972475149dba895944d663631cc7c1387a64ba567099bd79583d0c58,13242beb2e95f05ce4d6eff0dad8e7dd8aa0238401609224d09fd657f4cada2a,0167d14f1ac96b06cdd5cabe48cd5c6ec2e9f1034a08d45a70c0f86c43ec80ac,P4,0.0,0.0,0.0,521227.02979270776,1895556.6674792941,0.0,R0,R0,NONE,1,0,0,1,0,0,0,0,0,False,False,False,True,True,False,False,False,False,False,False,Q[NONE]|F[Water+Vaccine],1218155774.0837455,1218155774.0837455,0.0,1799514.9799038507,0.0,1799514.9799038507,h09,5,Katrina,1216356259.1038415,17338390.875534628,1199017868.228307,1880646715.3465486,1310628.717837756,1.0,282662.9104336902,1027965.8074040659,0.0,10117337.089566309,8529378.256982224,1862000000.0,4bac2f3202f5855b68ab2c698e215e4a3d32eb5ba61c6da3b920465284f3026f
LA-0405,405,42e2c45b27aff00643e23613d2888dd87b6df6e731f7d0751cceaad9e87dc3f1,M2,A1_FINAL_NO_MEMORY_V1,PASS,84a1d487de1e6d44bc23d4563e7e47e075e180aff9e08984f45dfa99d8a74c4e,fdf8d950f3896900bd2e760ccb4b88716b1f433592a5a9ef501fe6ef1c81134c,48435794f16329c1aabcaab2803339e320999326474642f75131791a8af24089,P4,0.0,0.0,0.0,0.0,0.0,291278832.163684,NONE,NONE,R0,0,0,0,0,0,0,1,0,0,False,False,False,False,False,True,False,False,False,False,False,Q[NONE]|F[Crackers],1224606921.0417676,1224606921.0417676,0.0,7223715.575360165,0.0,7223715.575360165,h09,5,Katrina,1217383205.4664075,11914190.280078314,1205469015.1863291,1744575075.568683,137382268.4957034,1.0,0.0,0.0,137382268.4957034,10400000.0,9557344.06438629,1724617731.5042965,2e723a7e2c7ef4bd3e8e3006014624ef4618e34d304099a2cb1201c2628609ec
LA-0406,406,43303d66b80307395ed570c527452ae2545ccf68ef7c3e344c42aa91a033c37f,M2,A1_FINAL_NO_MEMORY_V1,PASS,4492fc6a80f018eac0debcc3dc0339036c5610b6403c8e1761e0e31ee6bc43bc,7ba9ce31fb2f26dbbea26ef1b27b03a66f03a45caaefed9b964060da9fec6305,d1e16a60baea39e5ced6c7586cd4a300a69a90f0f8c487ec6fd553a2c26fb0c7,P4,0.0,0.0,0.0,0.0,1635029.2259593592,0.0,NONE,R0,NONE,0,0,0,1,0,0,0,0,0,False,False,False,False,True,False,False,False,False,False,False,Q[NONE]|F[Vaccine],1222431960.8075776,1222431960.8075776,0.0,10602974.595343279,0.0,10602974.595343279,h09,5,Katrina,1211828986.2122343,8534931.2600952,1203294054.9521391,1880993043.5281715,964300.5362147772,1.0,0.0,964300.5362147772,0.0,10400000.0,8593043.528171513,1862000000.0,619e137145a88c8935e4f5a50a15d163073ccc2c485c403839072ee1b4f6d12b
LA-0407,407,0b337d20e02f5fe1e826fbf130a32406296d21b224e0eccd784effafd44599d7,M2,A1_FINAL_NO_MEMORY_V1,PASS,5bfe5a14be0d6bfce4e5dfbaa86b29264c17d0b77d1e312046b0efb0b354adc5,2d770487a0de375524e4ce24666f7c182000ff38481d57c3b309d6e837354f12,821ced41f0fd36f8c9c06c4369ec7de7a65d76658a621bd725e531b82aa34488,P4,0.0,0.0,0.0,31951077.95397928,0.0,238675578.95915964,R0,NONE,R0,1,0,0,0,0,0,1,0,0,False,False,False,True,False,True,False,False,False,False,False,Q[NONE]|F[Water+Crackers],1220040663.1418483,1220040663.1418483,0.0,6679214.617555994,0.0,6679214.617555994,h09,5,Katrina,1213361448.5242922,12458691.237882484,1200902757.2864099,1793869009.8945491,88088334.16983719,1.0,10400000.0,0.0,77688334.16983719,0.0,9557344.06438629,1784311665.8301628,9537603a381b170a8f9ac2fb96a1b4fbe8e516bc22d378add8cb19ad4da0b96e
LA-0408,408,22ef7bf23419ed393d6dc00ca37ae46b74b1de9a6aa519508155f294ab1c260a,M2,A1_FINAL_NO_MEMORY_V1,PASS,e6229170376f261b28622e6fbe7029885655b323af8ef9f0f9433d0ae798e303,216cc565ed59185a88bb46531d2c185466f79b0191d50b2495c113f680b6ac44,3eb4ca0f63eeabcda3ea09b352302b91e7aba90b755fa69509c204b7f377f6a9,P1,14406933.847166311,680253.5240447321,0.0,0.0,0.0,0.0,NONE,NONE,NONE,0,0,0,0,0,0,0,0,0,True,True,False,False,False,False,False,False,False,False,False,Q[Water+Vaccine]|F[NONE],1221830226.7545414,1221830226.7545414,19137905.85543848,0.0,0.0,19137905.85543848,h09,5,Katrina,1202692320.899103,0.0,1202692320.899103,1871066286.305316,0.0,1.0,0.0,0.0,0.0,0.0,9066286.305315875,1862000000.0,82cf63ce0ebfa459a943200269c69da2ee4cb3c7c3102b2a64820e5d148db69d
LA-0409,409,d913442f3337a0a02afd4970b676443ebc901b83c7b357c423a98df6473ae779,M2,A1_FINAL_NO_MEMORY_V1,PASS,8f1f154443d17de634005a28ce52e0969e9992e638bfb6cc93399aee0ca6b90b,b519e6ecf1ac1307272789b76d48c05916fdab75d87094d8d774d3919845bad2,859397518af658bc235ae1b014dc720723bc3a71c649b30e01b86d10cc97b9dc,P4,0.0,0.0,0.0,33114171.322131846,0.0,150715385.9107441,R0,NONE,R0,1,0,0,0,0,0,1,0,0,False,False,False,True,False,True,False,False,False,False,False,Q[NONE]|F[Water+Crackers],1231419739.389715,1231419739.389715,0.0,5219883.690241896,0.0,5219883.690241896,h09,5,Katrina,1226199855.6994731,13918022.16519658,1212281833.5342765,1824222926.4754992,57734417.5888871,1.0,10400000.0,0.0,47334417.5888871,0.0,9557344.06438629,1814665582.4111128,339c40579e8a3bdd84fd1f47fd79d9e2f3ca86be9c77b10bb916bba230de8549
LA-0410,410,ace3856344a78e7d1dd524f1b1d0f174b0f2af6971133122152dcc812694be2d,M2,A1_FINAL_NO_MEMORY_V1,PASS,6904b52cffba419d9900e8e37cd70f720f012726de8c1f0e0b6f013dda502a2e,cfd8c5744895a22aff7a1366728bb59caf7497c3ba3660cf3d1759372c0efa1d,44ee3526ae84e0b09659fa52422688d000b04b0041adddfddeff32f452c22cc3,P4,0.0,0.0,0.0,0.0,0.0,172892050.9032423,NONE,NONE,R2,0,0,0,0,0,0,0,0,1,False,False,False,False,False,True,False,False,False,False,False,Q[NONE]|F[Crackers],1216786319.2792413,1216786319.2792413,0.0,7022160.13255667,2761353.947519005,9783514.080075676,h09,5,Katrina,1207002805.1991656,9354391.775362803,1197648413.4238029,1723713461.8188796,158243882.24550667,1.0,0.0,0.0,158243882.24550667,10400000.0,9557344.06438629,1703756117.7544932,c96965c6def46fa32422f4120e81e8fb882c294b650b5982aed57fddff885d90
LA-0411,411,73a969f2144b9cb69e864808271f70164c7a698b2ae477125dd93e8141e92a84,M2,A1_FINAL_NO_MEMORY_V1,PASS,ae7ae5757333eef57d64bc0b2cf0a05f88d09c1cf9f692957100bf8f51ff37d9,7e716fd875a8fb5568a594a465969920acc12e5a3f13b66fd0804828c19d4b4e,72e13bd84b19860bdb383ebbd260adb885360a5e8d306d234503c6565a14f690,P4,0.0,0.0,0.0,0.0,0.0,220898521.11141917,NONE,NONE,R0,0,0,0,0,0,0,1,0,0,False,False,False,False,False,True,False,False,False,False,False,Q[NONE]|F[Crackers],1206301275.1783254,1206301275.1783254,0.0,8988886.934660867,0.0,8988886.934660867,h09,5,Katrina,1197312388.2436645,10149018.920777611,1187163369.322887,1695744394.1147716,186212949.9496148,1.0,0.0,0.0,186212949.9496148,10400000.0,9557344.06438629,1675787050.0503852,5a3d1233e42728085d62d1e79e5ab2723db4027556a90de1d171a315985d0ca1
LA-0412,412,9ab8fd65493da1befdf9f5030c1af0a210ea1e451d00cea6e6afb5ad755b260f,M2,A1_FINAL_NO_MEMORY_V1,PASS,b73ccf0865fb9ed2f4403de1ba0ae1aec40ab3c7046439dd99709d229b45e646,232c1efe661e46ccbbb02ed95576dae2e0f35d14acc8150405b8ededd3db8117,3e7a1ab7e61a83089ae7739ba0463cde686109ca07f47c6887eef6422e2a3751,P4,0.0,0.0,0.0,24426419.529480077,0.0,126733774.16514707,R0,NONE,R0,1,0,0,0,0,0,1,0,0,False,False,False,True,False,True,False,False,False,False,False,Q[NONE]|F[Water+Crackers],1228936222.6248813,1228936222.6248813,0.0,1927560.3429709608,0.0,1927560.3429709608,h09,5,Katrina,1227008662.2819104,17210345.51246752,1209798316.7694428,1817598095.1565876,64359248.907798655,1.0,10400000.0,0.0,53959248.907798655,0.0,9557344.06438629,1808040751.0922012,6e2a1e5168fd462196b84d677f007585e7926a2c23121dc2d5b8cb03b364392f
LA-0413,413,c9774da1ca73d9ec653c39c7155dd75f3a02530be13a4bc17e0b8f5965e060b4,M2,A1_FINAL_NO_MEMORY_V1,PASS,f692411f6b635db8210e22ae6aec0eadd5b83c6f7802cab8ce1558d6bde8ac24,df41fa16d0aaf30d9b1a86314b307eeedb247eed039e98caa4644e35bb0b46f8,dbe279f3389adb3625149682a76a6639fa973613277f917bd715b7c79db64f09,P1,14458921.653572492,677917.7511389827,0.0,0.0,0.0,0.0,NONE,NONE,NONE,0,0,0,0,0,0,0,0,0,True,True,False,False,False,False,False,False,False,False,False,Q[Water+Vaccine]|F[NONE],1222022027.9975765,1222022027.9975765,19137905.85543848,0.0,0.0,19137905.85543848,h09,5,Katrina,1202884122.142138,0.0,1202884122.142138,1871069732.001691,0.0,1.0,0.0,0.0,0.0,0.0,9069732.001691183,1862000000.0,752d4f9aa54d695b3e9a20bf86b3ebc005067d910ae19679c5a6d731930d00be
LA-0414,414,ed0cc2a869eb8687720ec480d68ba469aaee92002b945ee278882976a98d3be2,M2,A1_FINAL_NO_MEMORY_V1,PASS,acded1feaa75aaaf680f36b26432e5bc5b83751463e0036cfdb7202b92334d80,6773e6a114f0d93ec7a3e0fe24505ce1bc7771a8726db5bbbf14d6faffee77f4,d432af85797e1dd8a0223964c846bd45017fc32fcaa1f119b56d6cf52941bfb5,P4,0.0,0.0,0.0,587020.4875124837,2781271.214502045,0.0,R0,R0,NONE,1,0,0,1,0,0,0,0,0,False,False,False,True,True,False,False,False,False,False,False,Q[NONE]|F[Water+Vaccine],1211496569.3919003,1211496569.3919003,0.0,2540162.4657229423,0.0,2540162.4657229423,h09,5,Katrina,1208956406.9261773,16597743.389715534,1192358663.5364618,1880565274.0502136,1392070.014172715,0.9999999999999998,242607.73432492118,1149462.2798477937,0.0,10157392.26567508,8407881.784538496,1862000000.0,1908d579c6a36e3eb191c3663c16e09a958d897f6c0c8f6cc6714dec5c27571c
LA-0415,415,cec688ca7df4bae05c2b242791368e16e746ca8f07cf180a1af1202c302cf924,M2,A1_FINAL_NO_MEMORY_V1,PASS,fa5a6f4c42af2a5c38db765f2e5ac15ca205ea0e26ca1ffbe467d09d121bcd36,1d974657b086695eeda801b142585d8301bbe8798968ca8fae9d4dae0b2d3116,479c905fc3c43cba9e7b2bac58e76e1b40d7832f428766f3cb6c6a5998b1c612,P1,13954376.60928268,700586.5791902113,0.0,0.0,0.0,0.0,NONE,NONE,NONE,0,0,0,0,0,0,0,0,0,True,True,False,False,False,False,False,False,False,False,False,Q[Water+Vaccine]|F[NONE],1220100215.5966141,1220100215.5966141,19137905.85543848,0.0,0.0,19137905.85543848,h09,5,Katrina,1200962309.7411757,0.0,1200962309.7411757,1871035206.7717228,0.0,1.0,0.0,0.0,0.0,0.0,9035206.771722756,1862000000.0,a8b625665946e093957ffa78541627c148ded4f8915e75255bdb20cc26fd8fe7
LA-0416,416,669e449e72b58dc8c22a12ea129611eccdb1ec6b9fcc545c816093c674e68f3a,M2,A1_FINAL_NO_MEMORY_V1,PASS,994758b1be46d529d6599d542691f0ba47529271ea80814ffd6d295c82d55550,196e4764770d5eb92c5b568befa76ba1eb3b61c69d5eec01f5fe19d6c632da52,c207aaf3db4fbfa4abfd62f8147cddb46f5fefb6def94ca8d8b518cd89fad240,P4,0.0,0.0,0.0,0.0,2374141.9330024207,0.0,NONE,R0,NONE,0,0,0,1,0,0,0,0,0,False,False,False,False,True,False,False,False,False,False,False,Q[NONE]|F[Vaccine],1206524278.0228066,1206524278.0228066,0.0,293789.5303508626,0.0,293789.5303508626,h09,5,Katrina,1206230488.4924557,18844116.325087614,1187386372.1673682,1880707263.0814776,1250080.9829087083,1.0,0.0,1250080.9829087083,0.0,10400000.0,8307263.0814775815,1862000000.0,90822bad320dc30eff2556dd893d8be1cabb7d100e8a7b3d770049f2a90d6e81
LA-0417,417,7b77c5a7809113dfccfc724fb993b09b45d0f9b9534509f0bee71391bb3e1ce5,M2,A1_FINAL_NO_MEMORY_V1,PASS,904627607621fa8401703378f42571bfbb98cde2f9bb9241c6336ef404f0d282,8c8008db0ffaa48ca4f69e47f3762c34b8ddd0cfa97d0b5ed9deffc0a64a77ae,61da3695ef59a8722b7063911ab497ea0e971d897011f800274fa62d8e022dcb,P4,0.0,0.0,0.0,20462901.253031265,0.0,52640012.86153948,R0,NONE,R0,1,0,0,0,0,0,1,0,0,False,False,False,True,False,True,False,False,False,False,False,Q[NONE]|F[Water+Crackers],1239135078.874275,1239135078.874275,0.0,7667328.053793345,0.0,7667328.053793345,h09,5,Katrina,1231467750.8204815,11470577.801645134,1219997173.0188365,1844803750.9648294,37153593.099556856,1.0,10400000.0,0.0,26753593.099556856,0.0,9557344.06438629,1835246406.900443,01d20349496edc9fe65ff8105f61651ac93712177e5aedd06a8f19372a060d99
LA-0418,418,a1a57ef11efc58777d4895f9cb33b07895c7ed86a130788a7a108c4aea542b22,M2,A1_FINAL_NO_MEMORY_V1,PASS,259187a71749dd4df5421c37d77579b10efb53b4bdae688a81182e513d5a4065,3065d03ef9abf418ac41145b8fc55cbaeea3f66ee83e9f8dbeb35e4d6a5aa9e0,1b5cb1bdc8a76846505c5b8c3ef7a12141becd73a8cd6b56f84bd658b7b1d477,P4,0.0,0.0,0.0,414497.5697275878,1354143.8981525751,0.0,R0,R0,NONE,1,0,0,1,0,0,0,0,0,False,False,False,True,True,False,False,False,False,False,False,Q[NONE]|F[Water+Vaccine],1215712795.9105673,1215712795.9105673,0.0,4421067.939360698,0.0,4421067.939360698,h09,5,Katrina,1211291727.9712067,14716837.916077778,1196574890.0551288,1880560123.2640016,1397220.8003846603,0.9999999999999998,327451.6834813451,1069769.116903315,0.0,10072548.316518655,8487574.947482975,1862000000.0,69ef427ea23a026f134a77aff2af903f9b45de713af8410b7ed34967e3b78a61
LA-0419,419,980ed4843284f015912efec4bdfc93012b77d07b8b05807719cf0508fa21d36a,M2,A1_FINAL_NO_MEMORY_V1,PASS,97febddb5d04882117a6d3e4aa7eba758999ea3ae5ec503db4704ca331c1a502,2c521e7af9d75a549ffde8df3f797eedde775caf25f18e2815ef8fedb7b4d239,c3273e4113c397da646c66cb8fe83f0be08837a450d88472a23907ef283f6202,P1,14886199.94916811,658720.4597920568,0.0,0.0,0.0,0.0,NONE,NONE,NONE,0,0,0,0,0,0,0,0,0,True,True,False,False,False,False,False,False,False,False,False,Q[Water+Vaccine]|F[NONE],1223547655.3658326,1223547655.3658326,19137905.85543848,0.0,0.0,19137905.85543848,h09,5,Katrina,1204409749.510394,0.0,1204409749.510394,1871097139.7943087,0.0,1.0,0.0,0.0,0.0,0.0,9097139.794308605,1862000000.0,d7acd9c54eb63da6fbb2df01a56674f309208f391923a2ddd82abc48bb407886
LA-0420,420,44dd35ee7eec6c0c01e88ef4a6c5181d8ca1090dd72c4a0bc9649023e3942e24,M2,A1_FINAL_NO_MEMORY_V1,PASS,467b4bbecfda3032a9344d51929ba3240bafedac208a068b49e39535fc6b0007,05df21329d966b72a8dd35eecea17a5686aa910cc1ef71f817e294ebf0a1e4bb,f3d012d328229118550f6aaa3f1a823191621b600bb2afc2fc6660923bd5c007,P1,22268483.974312868,327040.0100774164,0.0,0.0,0.0,0.0,NONE,NONE,NONE,0,0,0,0,0,0,0,0,0,True,True,False,False,False,False,False,False,False,False,False,Q[Water+Vaccine]|F[NONE],1240662526.8156593,1240662526.8156593,19137905.85543848,0.0,0.0,19137905.85543848,h09,5,Katrina,1221524620.9602208,0.0,1221524620.9602208,1871404607.3038268,0.0,1.0,0.0,0.0,0.0,0.0,9404607.303826904,1862000000.0,9584e1ca3514935e8410a95c4d205a304216cc00e900a01232cb4c9adf457975
LA-0421,421,0b1dc9e549a2abd4a771c0a2747727b70a3a24f194e67688125788161444a05f,M2,A1_FINAL_NO_MEMORY_V1,PASS,9065301fdbf6d2cc272c1329f3c3e9d1bf7780d3910ac15c8aea96fc4f1134c9,3520268e4e1b75865ae80d42e6ef2de931e227ac988f69360afd8ab01005d05d,9ba63d8bbfa4559910e474017ae667455289505ae9b1ba0264a2ceef70eeaba6,P4,0.0,0.0,0.0,0.0,839081.4194696791,0.0,NONE,R2,NONE,0,0,0,0,0,1,0,0,0,False,False,False,False,True,False,False,False,False,False,False,Q[NONE]|F[Vaccine],1236608547.2423298,1236608547.2423298,0.0,5502102.844444483,4110545.6188229816,9612648.463267464,h09,5,Katrina,1226995898.7790623,9525257.392171012,1217470641.3868914,1881247724.9458697,709619.1185165822,1.0,0.0,709619.1185165822,0.0,10400000.0,8847724.945869707,1862000000.0,3524a74143f7cb4ffffc3c60362ba9f8c0a403280c44f73bd1f7c5e82adc8103
LA-0422,422,009903ddc3ca6e1651e7f7f0154966d57cbadba4e2b625012b73dcbe6be1fc13,M2,A1_FINAL_NO_MEMORY_V1,PASS,1acfba5c07086a8a6111dfa08c047ae81dcbf6c1f9993cbab267fa58baa78113,7d31a7ba0bfec88cee9c4f1e21cdc9dd3cdc694cbd998258dbabc85e0bcb862c,c8303e7d9ff0b99c45d05fe326a535c667acd575d5f9e101f052bd174c3b8f03,P4,0.0,0.0,0.0,18560232.68892857,0.0,56339249.64951433,R0,NONE,R0,1,0,0,0,0,0,1,0,0,False,False,False,True,False,True,False,False,False,False,False,Q[NONE]|F[Water+Crackers],1237329874.8817704,1237329874.8817704,0.0,8140829.715250772,0.0,8140829.715250772,h09,5,Katrina,1229189045.1665196,10997076.140187705,1218191969.026332,1839988332.717645,41969011.34674153,1.0,10400000.0,0.0,31569011.346741527,0.0,9557344.06438629,1830430988.6532586,42f4c3a74eab88c582671dfe1394ae4c519998a007c468ce0b75ad31f767428d
LA-0423,423,b253320b04b468a2aba2695c908ca0cf5fa5497e4fa109f2c28407bb458338f7,M2,A1_FINAL_NO_MEMORY_V1,PASS,5869e572f74e9d051da9e21ae113b172a50e37ba3d010ec4b9e644e5bf32c58a,fd4ec54bc2c5f7a191a8bcb7168e85466256f76e94dfd7dd542e0954e45d70fa,647901fba530f5f8c23114f8e045633c31d49a6997e2de7c22708da9fdea28e3,P4,0.0,0.0,0.0,15744855.4454274,0.0,214717360.0394087,R0,NONE,R0,1,0,0,0,0,0,1,0,0,False,False,False,True,False,True,False,False,False,False,False,Q[NONE]|F[Water+Crackers],1195996004.5894756,1195996004.5894756,0.0,8771145.340053892,0.0,8771145.340053892,h09,5,Katrina,1187224859.2494218,10366760.515384587,1176858098.7340372,1729729395.7450275,152227948.3193587,1.0,10399999.999999993,0.0,141827948.3193587,5.587935447692871e-09,9557344.06438629,1720172051.6806412,1f0bf2d945bdd2bc5295268201cce978ee2df7b3017763353f085ef0f5a46b5c
LA-0424,424,1a03172878809a173b00193c10d0c89b66fb89edfa20cda3ab033908ec5d97ed,M2,A1_FINAL_NO_MEMORY_V1,PASS,caff82bb876e3c2590792b3265fb32d044833d320c2d7ba27e22a0da8bd73b58,0c4fb322f35c2ed5a014c0c72e61f1fd5507c8cca8ad793d69b02cc3879e69f9,26b9a29431258658802a03d5527f1d76fed528e09afa277ad66e5e2e6f770e99,P4,0.0,0.0,0.0,19953022.19520897,0.0,273458447.18335944,R0,NONE,R0,1,0,0,0,0,0,1,0,0,False,False,False,True,False,True,False,False,False,False,False,Q[NONE]|F[Water+Crackers],1195731624.5824482,1195731624.5824482,0.0,4058189.6352883475,0.0,4058189.6352883475,h09,5,Katrina,1191673434.94716,15079716.220150128,1176593718.7270098,1729024156.7164657,152933187.3479206,0.9999999999999998,10400000.0,0.0,142533187.3479206,0.0,9557344.06438629,1719466812.6520793,3d5c974daf345ae85ec31d03986a63762b7302171f723b9b5b1f328bc185c589
LA-0425,425,ea0afba4ecab0747a75c88d4f3a6e5c7448f19fb8de97012973b0981aa673bd5,M2,A1_FINAL_NO_MEMORY_V1,PASS,6b158e3e242a57fad3a1e3089197ea5a147250f993758c82987891647bdbed24,e199e31ba7ca8d2b68bb0fccfc5ae7dbfd1ef097e183a55bdb9aaa1692e3f2af,5981ee576aefc44f9a6b4a65be0816598c62a1a3a94a2ded7b5f20a4e0a921dd,P4,0.0,0.0,0.0,0.0,2040959.4373507584,0.0,NONE,R0,NONE,0,0,0,1,0,0,0,0,0,False,False,False,False,True,False,False,False,False,False,False,Q[NONE]|F[Vaccine],1231334509.6640632,1231334509.6640632,0.0,12574890.649954202,0.0,12574890.649954202,h09,5,Katrina,1218759619.014109,6563015.205484278,1212196603.8086245,1881152977.2170277,804366.8473586887,1.0,0.0,804366.8473586887,0.0,10400000.0,8752977.2170276,1862000000.0,023254f85b7643a6536c7c1bd1a7f4886cfe1017b4b63f94ba94e5efb93720cd
LA-0426,426,a1cfe988c469087db9089ef0e3cfb91a724cde4710dbc66612f90bf1d1380d0e,M2,A1_FINAL_NO_MEMORY_V1,PASS,80f91926d9552cdd7c08689725e58a9e98b030db6cdd70822636788aa5d87ed9,3255ce7f337b454b56efb0b9e920fe72abac960667bb9cd06e86ab21d6ff272d,e3eee8a81eb1b3ff57fd14d025f23e3387bb499fb1022f481c2b3a04ce74faf7,P4,0.0,0.0,0.0,18874507.091517314,0.0,202567235.96311554,R0,NONE,R0,1,0,0,0,0,0,1,0,0,False,False,False,True,False,True,False,False,False,False,False,Q[NONE]|F[Water+Crackers],1207321814.679629,1207321814.679629,0.0,3975497.8974756654,0.0,3975497.8974756654,h09,5,Katrina,1203346316.7821534,15162407.957962811,1188183908.8241906,1759941223.770405,122016120.29398142,1.0,10400000.0,0.0,111616120.29398142,0.0,9557344.06438629,1750383879.7060187,34f8254273a6fa8fc5c398c9b1792ca7b110f15dbcd70f16f9d180b4d7881476
LA-0427,427,f8502b1dc3dc74effda7a6d21fa16d2a2e6767583b8f04eaa3563bc53ea75b1a,M2,A1_FINAL_NO_MEMORY_V1,PASS,62b0c1ae2a7fceeb831676255481c223ed876d24be96a57e598e6c2fc5ed1045,60bf21dec30473d6beebffaef8fcc31ce7104f8acff315ae72caf1c98a7c5e2c,f555508d76c8a353886f56c0876e64766254914359f1eb02d70266079c632644,P4,0.0,0.0,0.0,0.0,0.0,360011507.6863111,NONE,NONE,R0,0,0,0,0,0,0,1,0,0,False,False,False,False,False,True,False,False,False,False,False,Q[NONE]|F[Crackers],1224013630.147467,1224013630.147467,0.0,7096573.646187466,0.0,7096573.646187466,h09,5,Katrina,1216917056.5012794,12041332.209251013,1204875724.2920284,1742992460.080258,138964883.98412845,1.0,0.0,0.0,138964883.98412845,10400000.0,9557344.06438629,1723035116.0158715,dc2658699a469d82fb69fe54d797590ddd63707f9678d8f6436aaad00b76b87d
LA-0428,428,26ce3ddd9c3399e71d32afe48e2f6432a6e553d988c137a3d1c2d6b87f052b9a,M2,A1_FINAL_NO_MEMORY_V1,PASS,7c724133289bf4369229270759c5da29cfe2d9e09c3cd2a2b90b16dc9b6d8ccb,2deb97d0483088043ae647d7be2fe5290160395bf6233b66716b6b5eb181e783,e6a3d8f78daf63ee50f7f5d80f413d9322c361d78ca7c8a917e60bcaa7f58835,P1,17861612.91083956,525037.4010188468,0.0,0.0,0.0,0.0,NONE,NONE,NONE,0,0,0,0,0,0,0,0,0,True,True,False,False,False,False,False,False,False,False,False,Q[Water+Vaccine]|F[NONE],1232147688.4134176,1232147688.4134176,19137905.85543848,0.0,0.0,19137905.85543848,h09,5,Katrina,1213009782.557979,0.0,1213009782.557979,1871251638.8070922,0.0,1.0,0.0,0.0,0.0,0.0,9251638.807092179,1862000000.0,d54961c8119b8fc3035c36d13c94338bcc1dd14c088c9f145eb3896cf7dc67f5
LA-0429,429,9ed9067097afa38d710d89f20562fb337d8b96da06be022abc155cc8ce8d63ce,M2,A1_FINAL_NO_MEMORY_V1,PASS,8ea93a4d2d32b53ae291668509297a38e4f9d8d848136ec9d1148895c5cecffa,a5a383c1b0881bb04b9a8d03ac495668b84d81fe84328cf83a330d5413594335,e1bbf4caddf95c78695b5202a5b0e5e76a622a6437cbbb3aff769f9ebd75882e,P4,0.0,0.0,0.0,14564653.076068362,0.0,113689953.1578071,R0,NONE,R0,1,0,0,0,0,0,1,0,0,False,False,False,True,False,True,False,False,False,False,False,Q[NONE]|F[Water+Crackers],1218731270.506471,1218731270.506471,0.0,5764043.925523831,0.0,5764043.925523831,h09,5,Katrina,1212967226.5809472,13373861.929914646,1199593364.6510324,1790376178.4941614,91581165.57022509,1.0,10399999.999999996,0.0,81181165.57022509,1.862645149230957e-09,9557344.06438629,1780818834.429775,d5498f8c4d69242d8792a33a0c1ed4c9420020042d9d4b1a1ee3f7cc011c15d7
LA-0430,430,14738c5d85ad0379549f114ff1b1e4c355eed2029c0e4677e41d07ddaeec0454,M2,A1_FINAL_NO_MEMORY_V1,PASS,14f111c0f73d2b0ccd3b7f56cbbe16d010c02ba30240df1211e6f5179766eb2e,657d40b294110193c1ccccb638c3da438521e0441d6185930c12b0c08b6111ed,f8601aea36d8ad1b86c9d608efe49c8818e9a410d3f4829c70dd2b6e073b122f,P1,14126885.588490834,692835.880949845,0.0,0.0,0.0,0.0,NONE,NONE,NONE,0,0,0,0,0,0,0,0,0,True,True,False,False,False,False,False,False,False,False,False,Q[Water+Vaccine]|F[NONE],1220772746.4739504,1220772746.4739504,19137905.85543848,0.0,0.0,19137905.85543848,h09,5,Katrina,1201634840.618512,0.0,1201634840.618512,1871047288.743506,0.0,1.0,0.0,0.0,0.0,0.0,9047288.74350589,1862000000.0,249c6a061a0e8e716c0db1276b189f0d4e7d9e1990f68c71c919e9396513141c
LA-0431,431,a32ead894adcc12a4e14a7ccb66a1ce67ce13fdd1975eb92268300a3cc22808d,M2,A1_FINAL_NO_MEMORY_V1,PASS,863377e502405a8a391da77073638b82790af2614faf60bba1809c0edffa91d1,1937d0d65096605de810794e968eb7f1a50699c84e363315bf5b4c84a06fc518,527f6096c6161aa0aeea3b8e6e0cfb0061f3e647bc0e49ed20fa9cd463d6fa60,P4,0.0,0.0,0.0,0.0,0.0,146071173.70030338,NONE,NONE,R2,0,0,0,0,0,0,0,0,1,False,False,False,False,False,True,False,False,False,False,False,Q[NONE]|F[Crackers],1231980190.806105,1231980190.806105,0.0,6400341.969545148,6671525.753032632,13071867.72257778,h09,5,Katrina,1218908323.083527,6066038.132860694,1212842284.9506664,1764243422.1444867,117713921.91989978,0.9999999999999998,0.0,0.0,117713921.91989978,10400000.0,9557344.06438629,1744286078.0801003,d2728faa47e2c5b0decbbc845ff2901ee1a7e52d46aeadcdd3534ff90a38d9be
LA-0432,432,4f4d97a7e6abad40bb69e0f9f007c3fa630a0481cfb4b97be8ade7612d310f61,M2,A1_FINAL_NO_MEMORY_V1,PASS,b208e86b9bcb484130bdc3531b62fa0818cdd26ac44107baed8e12f454becd61,5921979916357fdf0e17e8f90b1110eadc67c48e2efd4421fcc52062747085d2,312b04067bdc5d2229ba71c073aa179803d1d033b211ca940df08ca2af800624,P1,14705657.607258765,666832.0909556724,0.0,0.0,0.0,0.0,NONE,NONE,NONE,0,0,0,0,0,0,0,0,0,True,True,False,False,False,False,False,False,False,False,False,Q[Water+Vaccine]|F[NONE],1222913832.11816,1222913832.11816,19137905.85543848,0.0,0.0,19137905.85543848,h09,5,Katrina,1203775926.2627215,0.0,1203775926.2627215,1871085753.2024777,0.0,1.0,0.0,0.0,0.0,0.0,9085753.202477753,1862000000.0,c440fc6f59161ed31745738421edfe48a51a2428ba1c646d68d53a77cef84d89
LA-0433,433,2122d3f36328d1fe940c02204634c6c71ee92980e3f03170baef3e1d272ea5e1,M2,A1_FINAL_NO_MEMORY_V1,PASS,30834982c3df7aa8113c84a2eb8ca65f48c0df2696f558aaa1525d1e86ad2b9c,cab67d8259bdb2c253545f706b92114276b1ebf3c01d39960744a8ee3c178781,ef2a6d33d0ef2c650c970b82adbc379a3ef2700dfea727b7fdae5605aefb2284,P1,17103145.23447843,559114.7812893173,0.0,0.0,0.0,0.0,NONE,NONE,NONE,0,0,0,0,0,0,0,0,0,True,True,False,False,False,False,False,False,False,False,False,Q[Water+Vaccine]|F[NONE],1230239603.001635,1230239603.001635,19137905.85543848,0.0,0.0,19137905.85543848,h09,5,Katrina,1211101697.1461966,0.0,1211101697.1461966,1871217360.1815572,0.0,1.0,0.0,0.0,0.0,0.0,9217360.181557138,1862000000.0,c493534244146a31bd6fdd85130e8fa4e909819eddc569b2f0425378f2ac0bfa
LA-0434,434,eaedf29b3f0adcc63ef9891f0af185763f8d102f02654270b1c9ecc613eea483,M2,A1_FINAL_NO_MEMORY_V1,PASS,b348a428082f40fd881e26ade2c854e9ace316de2de5140148b1416459a911ed,97ca4381ddaa989d78d4af459a21a54d2fb13dc46220747f86c0a6c348770fb1,72a56fb3c6eef8a405e57ace76dab8988e83bd3cd2fd4889f480a7fc233f0497,P4,0.0,0.0,0.0,0.0,0.0,559629255.0204587,NONE,NONE,R0,0,0,0,0,0,0,1,0,0,False,False,False,False,False,True,False,False,False,False,False,Q[NONE]|F[Crackers],1159816079.7637694,1159816079.7637694,0.0,3818876.487551288,0.0,3818876.487551288,h09,5,Katrina,1155997203.2762182,15319029.367887188,1140678173.908331,1571744192.9449148,310213151.1194716,0.9999999999999998,0.0,0.0,310213151.1194716,10400000.0,9557344.06438629,1551786848.8805285,8524d9f15be58b03fdaaa5b2fd0dee8726fa7fe3ffaa43b95fd52cbc1d2b8f8d
LA-0435,435,5d41e2ec244437cebb14d9c76232f1fb4b4214787adc9196bd6d0f10ed5b1a62,M2,A1_FINAL_NO_MEMORY_V1,PASS,8c4e0dbba1557f5a13e5d82d9a425b3375c87f138b0cda0a0aa0e2ee991fe4ca,63d3e6cb8a00112985cb3639ce4a45a53bbdf00124302d486041610a595e6121,e924706fdb6f35e72da5e6e0a7242b5352aa18cd2123003279156defb740cf90,P4,0.0,0.0,0.0,12678312.724691568,0.0,114859407.81836312,R0,NONE,R0,1,0,0,0,0,0,1,0,0,False,False,False,True,False,True,False,False,False,False,False,Q[NONE]|F[Water+Crackers],1213843650.2489145,1213843650.2489145,0.0,2805302.776339224,0.0,2805302.776339224,h09,5,Katrina,1211038347.4725752,16332603.079099253,1194705744.393476,1777338352.3696506,104618991.69473568,1.0,10400000.0,-1.2756902751134423e-10,94218991.69473568,0.0,9557344.06438629,1767781008.3052642,84bb0c043e09f94cc30e18962ffd21cec2267abb6dee0897d8dae8e7d369db64
LA-0436,436,1e77197beadf8e9a715f7bb85ef8f315c51adce8c616488cfab3d9650af78639,M2,A1_FINAL_NO_MEMORY_V1,PASS,233007397134f92c40ae0182323cadd0512805ccabcf38b4b66844fab3852fd1,0686ccc21ee6964040f87147d1dffc1c4173f099a8d4c8fc7ec69a961bbd672e,98b1be24553adb9fe357c3acbc5d7dc14537e0ced2946db91a93f0cd21512596,P4,0.0,0.0,0.0,22641501.762942478,0.0,82874434.7542346,R0,NONE,R0,1,0,0,0,0,0,1,0,0,False,False,False,True,False,True,False,False,False,False,False,Q[NONE]|F[Water+Crackers],1234893907.6729505,1234893907.6729505,0.0,5508912.169805486,0.0,5508912.169805486,h09,5,Katrina,1229384995.503145,13628993.685632993,1215756001.817512,1833490340.8033788,48467003.26100756,1.0,10400000.0,0.0,38067003.26100756,0.0,9557344.06438629,1823932996.7389925,5f0ad6bab0dfd746c930114c0abdfdffbd338fa0df090fd88dc4f3fd0dc4dcd2
LA-0437,437,add61a82d144be4e264312ecc7aa29cea6b9324261682313f492c4ab4fb974d8,M2,A1_FINAL_NO_MEMORY_V1,PASS,811066bd1bfe49bc7d4463f7a64aac37b8c13f1d41d500f5546bf335845307c2,be0c8540d6a09994dc600a00d74bfcb190815d6708d7cd29dc2874af7344ff71,8bef06d05136cc67ad1fec7ce6d52c110b025e186ee40d7829e21413b9a3e3b7,P4,0.0,0.0,0.0,34617641.201799534,4004511.625075189,0.0,R0,R0,NONE,1,0,0,1,0,0,0,0,0,False,False,False,True,True,False,False,False,False,False,False,Q[NONE]|F[Water+Vaccine],1182197621.075134,1182197621.075134,0.0,5115184.868085073,0.0,5115184.868085073,h09,5,Katrina,1177082436.207049,14022720.987353405,1163059715.2196956,1870354289.2213943,11603054.842991931,1.0,10400000.0,1203054.8429919318,0.0,0.0,8354289.221394358,1862000000.0,488b26a61e0ae378f4ec8cf8ade0c770a0e773950c6b819fd265c4735daeb33b
LA-0438,438,4b66646992cf08f6faaaea2bbb380bc848a52ab4c1e39fada80dc6e3fc8093b5,M2,A1_FINAL_NO_MEMORY_V1,PASS,125af17978a4b947176ecfd68a07314b285eaf5245a798d128d6cb5a010f2975,7552a369b51efc2534c184fd1a109567986d084e429e4a121fa6023d0d66998b,29c7c721ec1a3012a340c730fee00790c768730e36f553631e5b2835a1fcaa78,P4,0.0,0.0,0.0,388293.7978185088,1697789.518686544,0.0,R0,R0,NONE,1,0,0,1,0,0,0,0,0,False,False,False,True,True,False,False,False,False,False,False,Q[NONE]|F[Water+Vaccine],1200873343.0358481,1200873343.0358481,0.0,447329.35981991776,0.0,447329.35981991776,h09,5,Katrina,1200426013.6760283,18690576.49561856,1181735437.1804097,1880314117.9016626,1643226.1627236991,1.0,305862.43720490194,1337363.7255187973,0.0,10094137.562795099,8219980.338867492,1862000000.0,38d50657419e4b29b1b534823ad34cc95954f2e40ea9c11e29714cd8d63d0cdd
LA-0439,439,d020cec9fb7bcea1d78e488ac0f1527c18b213e5e100355ec860ed88de64f4d8,M2,A1_FINAL_NO_MEMORY_V1,PASS,2618d37d2ce8d517de80e3307a0b18a4a3a4ce2ad1262f4c055dfcf0b03bca74,49390d6e10594afefac8ecb26e60d656a7c58b779a6373c910a371da57e9309d,106a2b9208211433c2e20cf95cfff022f1a3d8140a5a4e44e52669a33dcfeda4,P4,0.0,0.0,0.0,0.0,0.0,326380109.72436863,NONE,NONE,R0,0,0,0,0,0,0,1,0,0,False,False,False,False,False,True,False,False,False,False,False,Q[NONE]|F[Crackers],1192383219.2038996,1192383219.2038996,0.0,8454807.72892617,0.0,8454807.72892617,h09,5,Katrina,1183928411.4749734,10683098.126512308,1173245313.3484612,1658617697.6400974,223339646.42428896,1.0,0.0,0.0,223339646.42428896,10400000.0,9557344.06438629,1638660353.575711,001df699e1ece3b36d2ebb1fad0102d8bd2d0622808c5f4effd16ce94db4cdd2
LA-0440,440,e53253b54a74d2997e52ece4810ae42a688a5221d40d6409f01d8428ca5a5526,M2,A1_FINAL_NO_MEMORY_V1,PASS,a0b126d023bc1fb304778cfc727ab8307e4d8d6509307cde8d0f7581bfac987f,a71665bbde98b94e72cf1713d7af09e021ccde4df924caeda55627e7fc83289b,f4018d31906adef4b246ef0b19e118c88238bd49b0eb105a4c3c10a6fe07413a,P1,15600391.240053521,626632.3841048705,0.0,0.0,0.0,0.0,NONE,NONE,NONE,0,0,0,0,0,0,0,0,0,True,True,False,False,False,False,False,False,False,False,False,Q[Water+Vaccine]|F[NONE],1225911139.01782,1225911139.01782,19137905.85543848,0.0,0.0,19137905.85543848,h09,5,Katrina,1206773233.1623814,0.0,1206773233.1623814,1871139599.6184676,0.0,1.0,0.0,0.0,0.0,0.0,9139599.618467618,1862000000.0,59ee3da39bc7fa7123c6f0a5d8c5f9295a67143d5f4494cf2e1b5e1c92670243
LA-0441,441,9aae17c473a90f235374ff7ea856c9d4a8615e777d70a4904bd7b1843bddfa86,M2,A1_FINAL_NO_MEMORY_V1,PASS,2de085160a92d08e6551e0da0f832d2e6c7e4a0b6d85bc565706119157e21da0,75c9c80112a3f76efe07f98bda9633438e54defb2f33b6002e2d42d3dac7927d,68dc7e990fc66457c4b67d5d70a66bd34cd32ad557200f312e54b2ac510e2cf4,P4,0.0,0.0,0.0,19614289.34252519,0.0,211667174.89515397,R0,NONE,R0,1,0,0,0,0,0,1,0,0,False,False,False,True,False,True,False,False,False,False,False,Q[NONE]|F[Water+Crackers],1207091168.8296988,1207091168.8296988,0.0,5884180.2892029565,0.0,5884180.2892029565,h09,5,Katrina,1201206988.5404959,13253725.566235522,1187953262.9742603,1759325971.2897968,122631372.77458943,1.0,10400000.0,0.0,112231372.77458943,0.0,9557344.06438629,1749768627.2254105,986181b25cbbc31ba8f93d485d0377155347541f6578be95fe8b37511891e328
LA-0442,442,aeca1c7c7a283b4fae678a82db42413910fc32cd7662248f0b418f498dcaec24,M2,A1_FINAL_NO_MEMORY_V1,PASS,a4fb6f58f5e3a8d1fd369948025f56c94382049f86406d74d8b54c6cf037dca2,0ae3c753ec5dfcfff3f9a74294661c302b8d524155a722161a405ed52033f896,8e2d7d173f7cc50cd090f74f178f8d1b7b98642ecb5af206e215b339a2e60b3d,P4,0.0,0.0,0.0,17970431.764171574,0.0,163075117.1475055,R0,NONE,R0,1,0,0,0,0,0,1,0,0,False,False,False,True,False,True,False,False,False,False,False,Q[NONE]|F[Water+Crackers],1213784712.743624,1213784712.743624,0.0,5745026.693333589,0.0,5745026.693333589,h09,5,Katrina,1208039686.0502903,13392879.16210489,1194646806.8881855,1777181135.3794394,104776208.68494703,1.0,10400000.0,0.0,94376208.68494703,0.0,9557344.06438629,1767623791.315053,2783af29701a0902d26cbe4a52926e57c4e3e76cf1f7f58c4fd3ae9b667c6493
LA-0443,443,4b804916f893620056232fecbbaaeaa814edf0e49c76f1af6bb668d8421f36be,M2,A1_FINAL_NO_MEMORY_V1,PASS,5941f29623312047ea0033ef2b2f33336baf5f22f3373d37344abd7e3a1184d5,634c6c90907406308366f6551bbfbc4a2b537d2fe877c494d4b628f0c23004aa,1e20ccfb100ac2ede1945112bcbf76ac1b7b54c26719118c95a65a13bf685b3d,P4,0.0,0.0,0.0,0.0,1327955.3230376223,0.0,NONE,R1,NONE,0,0,0,0,1,0,0,0,0,False,False,False,False,True,False,False,False,False,False,False,Q[NONE]|F[Vaccine],1225391380.8529265,1225391380.8529265,0.0,5913094.772286491,777049.277130657,6690144.049417147,h09,5,Katrina,1218701236.8035092,12447761.80602133,1206253474.997488,1881046209.309383,911134.7550034234,1.0,0.0,911134.7550034234,0.0,10400000.0,8646209.309382867,1862000000.0,103e5a0fd51507fee7f6cfd5b82ad771c2f8b2275fe70a21f62045c64748b168
LA-0444,444,ad9d182a79a73279b9bd30149944efcc579192ed367999a512805f26873ca455,M2,A1_FINAL_NO_MEMORY_V1,PASS,112e3fc6c4b2a8d0e2b9ec255bcbef73d0553799e828b8175ef5b51b1bd9113d,a2a85abe07e06d0e0ca0a9d822a79b8cf67438fe2057fd060ed0b5579849ef4f,95c4fef8fae4806c026d5c9358ac2b716472f7b8bc30f5438e8095eb3868ce7d,P1,14354316.920570016,682617.5628458156,0.0,0.0,0.0,0.0,NONE,NONE,NONE,0,0,0,0,0,0,0,0,0,True,True,False,False,False,False,False,False,False,False,False,Q[Water+Vaccine]|F[NONE],1221634689.832204,1221634689.832204,19137905.85543848,0.0,0.0,19137905.85543848,h09,5,Katrina,1202496783.9767656,0.0,1202496783.9767656,1871062773.4977143,0.0,1.0,0.0,0.0,0.0,0.0,9062773.497714242,1862000000.0,ea36dc720346007fa337f26d2e98c4d9145bf8eab13b163644a52acb1548fb52
LA-0445,445,cb79a726ee4bf9c0d0f01919b7dabfa940ec2a3484fb4715a6d10afc160b77a6,M2,A1_FINAL_NO_MEMORY_V1,PASS,22b7be4156bf89279e999ebbb7d460e42302132089249d1ee60e4981627161c9,eeaa640c505b11e63153cf0a0485e580839f4670fac976f9dd50ce1187ab636e,78821a98f2e47415695f12dbe62a829b29402b64ece8c9126606d585308d277d,P1,16381374.983770942,591543.3739213401,0.0,0.0,0.0,0.0,NONE,NONE,NONE,0,0,0,0,0,0,0,0,0,True,True,False,False,False,False,False,False,False,False,False,Q[Water+Vaccine]|F[NONE],1228259763.2803953,1228259763.2803953,19137905.85543848,0.0,0.0,19137905.85543848,h09,5,Katrina,1209121857.4249568,0.0,1209121857.4249568,1871181792.4946995,0.0,1.0,0.0,0.0,0.0,0.0,9181792.49469957,1862000000.0,d2829befa72b8818ba546d3c74e72a64b836fbf9d9378bf97eb0c195522d5387
LA-0446,446,158f38ab0c9f58e91011abed655b810dbd3885ea73cd7e5251f840705844af14,M2,A1_FINAL_NO_MEMORY_V1,PASS,442d35b9b028ff15a34c31388a4b2d990d43cf747511f462aa82939cea68d61f,68075bd649580b251ea19550493573d710726d4172c3a8e7d2a0d24538fe56bf,f65de3db70d36c67a8a165e84d510a6bc53d3f30cf452f4082b2957b75b6a79b,P4,0.0,0.0,0.0,0.0,0.0,177424951.71674347,NONE,NONE,R2,0,0,0,0,0,0,0,0,1,False,False,False,False,False,True,False,False,False,False,False,Q[NONE]|F[Crackers],1214465780.6325448,1214465780.6325448,0.0,8107774.125285925,3263676.936757612,11371451.062043536,h09,5,Katrina,1203094329.5705013,7766454.793394941,1195327874.7771063,1717523377.9341788,164433966.13020748,1.0,0.0,0.0,164433966.13020748,10400000.0,9557344.06438629,1697566033.8697925,29ea6ca437b3d86140b3a1b8274a50c74254819416449c71879355c2aca29375
LA-0447,447,371254fb910af829f6e7a6d45923de5b40c44f36af06cf93e77a1399057a5a62,M2,A1_FINAL_NO_MEMORY_V1,PASS,f747585891f4a91599b77e300c049aa51fad87c7b6bd38754e4c20b89f0c73b0,3ce825801141f0aae35d8849f82cfabe008d679f7d40b2df3b285d11aaba7243,1e6f23397e620c0045adc7e8e8c40c4af9ee788f26ad43c3385a6e7b13eaaa6c,P4,0.0,0.0,0.0,19232156.706875805,0.0,110517848.85975525,R0,NONE,R0,1,0,0,0,0,0,1,0,0,False,False,False,True,False,True,False,False,False,False,False,Q[NONE]|F[Water+Crackers],1226760234.710439,1226760234.710439,0.0,4686761.552332183,0.0,4686761.552332183,h09,5,Katrina,1222073473.1581068,14451144.303106293,1207622328.8550005,1811793603.2806742,70163740.78371204,1.0,10400000.0,0.0,59763740.783712044,0.0,9557344.06438629,1802236259.2162879,cdeee859822155ab20004e7e2f0de53a68bf651674e8e51ebb4816ca59c79a43
LA-0448,448,8af6569ede8e229d7b0a6d2058abb5984a20997389b03e906d77a7cfb1ce3879,M2,A1_FINAL_NO_MEMORY_V1,PASS,0256125f81616390648c4ae27e510b8d6aeea92eed5232495c5bc4a0a7aab857,07bf0b84d9575247c14d78174a6ab154ca3f2195c4a46b50b061dcf9136e20cb,3fe5a9f335c6e51efb791e36bb630422350e329be39790283ff611f05d50fb84,P4,0.0,0.0,0.0,17067756.149381123,838547.8863797022,0.0,R0,R0,NONE,1,0,0,1,0,0,0,0,0,False,False,False,True,True,False,False,False,False,False,False,Q[NONE]|F[Water+Vaccine],1220722527.5570054,1220722527.5570054,0.0,7592239.101743167,0.0,7592239.101743167,h09,5,Katrina,1213130288.4552622,11545666.75369531,1201584621.701567,1871046386.5640552,10910957.50033112,1.0,10400000.0,510957.50033112126,0.0,0.0,9046386.564055169,1862000000.0,64ea83bd9db622f13584aed8e771bab120ef4497b55d06d73198fab1e33d7f18
LA-0449,449,b99e0b8184bdd18eceee93dc36767e3a4085f25705345953926bcb96a5b5308f,M2,A1_FINAL_NO_MEMORY_V1,PASS,85e1da034b3549ea35cf6c9a39c09fcbf96b32978b30c797b3539375676fe981,2e9ab7c9a49165ac92c9eba6f7eeb61d1477fbf3c221508d4503d549db3ae528,0c51f2436bba99cf6cdf05968d98545daa9d633870daa6f0e0eb6f11798260bd,P4,0.0,0.0,0.0,12948480.129404549,236124.1922080387,14794791.053619508,R0,R0,R0,1,0,0,1,0,0,1,0,0,False,False,False,True,True,True,False,False,False,False,False,Q[NONE]|F[Water+Vaccine+Crackers],1234153064.020469,1234153064.020469,0.0,5042577.142427584,0.0,5042577.142427584,h09,5,Katrina,1229110486.8780413,14095328.713010894,1215015158.1650305,1859484767.4380674,22472576.626319084,1.0,10400000.0,189650.95319465347,11882925.673124433,0.0,9367693.111191636,1850117074.3268757,0bf0fdaf239dc5b7ae4259a3fb86cec8b620c2b971bfbef7da448cce613f7574
LA-0450,450,20098389e254fdb1275d17d5f3e977311a6695d39acfe5b7031fc1fe9443912b,M2,A1_FINAL_NO_MEMORY_V1,PASS,cf8d101028daacae89b99d50db733b206a32ebd8243d18b521ae10c77f8e1eaf,952a4c6e26f750efc8a983ba42aef379bc6a0049d5d2db9a938d901369b07777,da37b9d99bd2d44c755490224068a425e453f6564a5ac5ba7a4e962465e4954f,P1,15455626.946593983,633136.5345539369,0.0,0.0,0.0,0.0,NONE,NONE,NONE,0,0,0,0,0,0,0,0,0,True,True,False,False,False,False,False,False,False,False,False,Q[Water+Vaccine]|F[NONE],1225449718.6837838,1225449718.6837838,19137905.85543848,0.0,0.0,19137905.85543848,h09,5,Katrina,1206311812.8283453,0.0,1206311812.8283453,1871131310.2333348,0.0,1.0,0.0,0.0,0.0,0.0,9131310.233334744,1862000000.0,c786fe3437c18a3bc6f92667ef01b484c7081a79be68efd36dcd778399cf594d
LA-0451,451,693a8df6d2355f1eb547690276a71a4dbecc5a0ef7592b8a9ef9df863c4d13d1,M2,A1_FINAL_NO_MEMORY_V1,PASS,44e7ec31b48a6f49e1022141f9612085d0d62a38eb664bcf47a79fbbfc52a52f,8ce617af707eb562e4967890e1459c9e082dcc097cfddd620cb652e30c3bff33,6e0e74ec17c555030ff9efe22f820d354d7e2c0e4462ac9029faa9dfaab6782b,P4,0.0,0.0,0.0,0.0,1300747.5728629304,0.0,NONE,R0,NONE,0,0,0,1,0,0,0,0,0,False,False,False,False,True,False,False,False,False,False,False,Q[NONE]|F[Vaccine],1216950088.2571068,1216950088.2571068,0.0,416022.5994715467,0.0,416022.5994715467,h09,5,Katrina,1216534065.6576352,18721883.25596693,1197812182.4016683,1880894562.0580926,1062782.0062936575,1.0,0.0,1062782.0062936575,0.0,10400000.0,8494562.058092631,1862000000.0,9c4b5de50f38501c5ce9874dc2abfd53dc7d6aa9b5eda6a47fb294354a2812c9
LA-0452,452,a1c25c90e535aa3daac09fd10eda257d9d2ddd86d9184850d14ad2b76f46315b,M2,A1_FINAL_NO_MEMORY_V1,PASS,2a5cc564f10ba79d5c39060a178292f1d60625a655cb2478d45d4344ac8ee1b6,1000e6bb3c8411ee82f43501d1d1a95b09e03f7d1edca25ac6d98ca4681c6323,86ad5297473e11fbd784818f9d97ce360c143657511ad21ddd5d7b363b9a645d,P4,0.0,0.0,0.0,0.0,1717827.6250041896,0.0,NONE,R1,NONE,0,0,0,0,1,0,0,0,0,False,False,False,False,True,False,False,False,False,False,False,Q[NONE]|F[Vaccine],1217951236.051198,1217951236.051198,0.0,9223764.816528065,527604.4742063655,9751369.29073443,h09,5,Katrina,1208199866.7604635,9386536.564704048,1198813330.1957595,1880912547.6105878,1044796.4537984849,1.0,0.0,1044796.4537984849,0.0,10400000.0,8512547.610587806,1862000000.0,e05713f018cb495d457839afa3a7df9462759cb41f7eacef4594cc8765d6f1a1
LA-0453,453,1c029e139aaa74c9679fc4cc9c4dda19a408838f57cb622959e73bbc99311ed2,M2,A1_FINAL_NO_MEMORY_V1,PASS,786947f212c0718093c5b7abc96e4e975c98c44d0194bc699185108e1cee1ca1,db364bfc1c14583e0b24ed9048749a8705fb639300ef57384a7d1fc2e164a686,7be825445fe873094836bd10a2dac71aa2eee0fc103711657a9de528d66f2a0f,P1,15935888.4798549,611558.7463260585,0.0,0.0,0.0,0.0,NONE,NONE,NONE,0,0,0,0,0,0,0,0,0,True,True,False,False,False,False,False,False,False,False,False,Q[Water+Vaccine]|F[NONE],1226948272.298066,1226948272.298066,19137905.85543848,0.0,0.0,19137905.85543848,h09,5,Katrina,1207810366.4426274,0.0,1207810366.4426274,1871158231.647791,0.0,1.0,0.0,0.0,0.0,0.0,9158231.647790806,1862000000.0,7e634e5108eca7df8f911b886e5af85414871e492a700b7186e1356f9e4c52d2
LA-0454,454,a9ebdae5e826c8382ac8bf18a00b75154afcd90479aefe7ed7bd33d779ac8250,M2,A1_FINAL_NO_MEMORY_V1,PASS,c68558823989a9b830794bde36305e83428800234effc1991802c29daeac891d,123ce75c98ce2791a31f2494a0517473e0851de2c42d8c5b6f2ecf1c7bca4070,e3029250c8f13059ac86828e746abf7f118d1a26e66387cea2f47b455156bb5d,P4,0.0,0.0,0.0,0.0,921142.1803509908,0.0,NONE,R2,NONE,0,0,0,0,0,1,0,0,0,False,False,False,False,True,False,False,False,False,False,False,Q[NONE]|F[Vaccine],1231559230.8082755,1231559230.8082755,0.0,4720841.526759932,2865920.4547014465,7586761.981461378,h09,5,Katrina,1223972468.8268142,11551143.8739771,1212421324.952837,1881157014.317204,800329.7471824061,1.0,0.0,800329.7471824061,0.0,10400000.0,8757014.317203883,1862000000.0,fe10542d8d3cfc2522bdc724872f6805d5652c0c5cb3babb0f8775f83ffc1717
LA-0455,455,8a338124155aeb609da6f8dedd60c7089de26d28575344d15f10d7741aa0bfdb,M2,A1_FINAL_NO_MEMORY_V1,PASS,b60215b67a81f2ed33f52913902dac47f793e7f215ccbff78bb8116c77eaf814,c5727455e7a4c3faec36e591d1c2fc4384261a1578f21f98099f0468207eea1a,4e717108e975959af4f859979fa73eee1afdc8ba3e1345f251ea3d65f9d99448,P1,16469133.707749864,587600.4406859663,0.0,0.0,0.0,0.0,NONE,NONE,NONE,0,0,0,0,0,0,0,0,0,True,True,False,False,False,False,False,False,False,False,False,Q[Water+Vaccine]|F[NONE],1228509755.5523987,1228509755.5523987,19137905.85543848,0.0,0.0,19137905.85543848,h09,5,Katrina,1209371849.6969602,0.0,1209371849.6969602,1871186283.5889795,0.0,1.0,0.0,0.0,0.0,0.0,9186283.588979596,1862000000.0,51a21505eea708507c8fbe95ca4062fdbeea2564ee9583c125e2eba13087dde8
LA-0456,456,b066efd1277392e47a13fc2f7059978a970609a31cf8da91e84df2298f8679ae,M2,A1_FINAL_NO_MEMORY_V1,PASS,ba8bec53954f1b923da41871028b86e3cf3bd9cff0baf95778fda3daa04dba56,8df0a3ec0033c730496748fc8103abeca5fb570bf01873b086bd19cce5cafef1,09219eb1567fad60ca15f6458b8719bce2678e9d9ce103e469d3ef7ba54dd18e,P4,0.0,0.0,0.0,0.0,0.0,263993623.27480674,NONE,NONE,R0,0,0,0,0,0,0,1,0,0,False,False,False,False,False,True,False,False,False,False,False,Q[NONE]|F[Crackers],1210323366.1338835,1210323366.1338835,0.0,1445635.4813369696,0.0,1445635.4813369696,h09,5,Katrina,1208877730.6525464,17692270.37410151,1191185460.278445,1706473403.2791924,175483940.78519398,1.0,0.0,0.0,175483940.78519398,10400000.0,9557344.06438629,1686516059.214806,f9e7503d0dd6d4a2e3cf1286aed9450eed26e9ea9489d5cff90d23f16874b04d
LA-0457,457,2c54acfdc86319157a6efed952092426e060cff7863ea9e41454c893c9c5bf4b,M2,A1_FINAL_NO_MEMORY_V1,PASS,5dc3d68192446a7045f95b0e902fd8f2950f799893ac558bc263fe191fd8765e,c1ba36f3f7d296f4144f37f417c43093aa532c7b3e45b555a915eceeee723694,33bd94db7bd32df18ec1ffe8a693601497406f42f3b3dbd2ff05386ba07492f0,P4,0.0,0.0,0.0,0.0,0.0,181940480.45646456,NONE,NONE,R1,0,0,0,0,0,0,0,1,0,False,False,False,False,False,True,False,False,False,False,False,Q[NONE]|F[Crackers],1222873465.3894806,1222873465.3894806,0.0,6536104.363965379,1096045.7715664266,7632150.135531805,h09,5,Katrina,1215241315.2539487,11505755.719906673,1203735559.5340421,1739951047.4735937,142006296.59079257,1.0,0.0,0.0,142006296.59079257,10400000.0,9557344.06438629,1719993703.4092073,f5c8c51785547b2270bc03d035a369aee428446ad5ef6ff13e50a9c0808af690
LA-0458,458,b7412cb2955145b22c9732804fddcb674e2ec33c62dc030a26d8f5d42f399cdc,M2,A1_FINAL_NO_MEMORY_V1,PASS,9284c64eea469a26b7dca7972739bb49917a8209af802d2ea7babb664b55081c,94e226778927d03d016a8d5233571ee8b83a919d1c2c1021d752bcc39b82dc0d,4bc9afe61c19cb877ad9b38a3754cfe8ee75e6e729caf5e20fe86b2fa094d5e2,P4,0.0,0.0,0.0,0.0,0.0,282543281.48643583,NONE,NONE,R0,0,0,0,0,0,0,1,0,0,False,False,False,False,False,True,False,False,False,False,False,Q[NONE]|F[Crackers],1235848990.6560667,1235848990.6560667,0.0,4318705.723109702,0.0,4318705.723109702,h09,5,Katrina,1231530284.932957,14819200.132328775,1216711084.8006282,1774563524.1770349,107393819.88735151,1.0,0.0,0.0,107393819.88735151,10400000.0,9557344.06438629,1754606180.1126485,cddd736863178e9cd20d5c61c3210b5271b9286faa4aa12a5660462e8ab1975f
LA-0459,459,a56ac69cf919a90d19e799921f99faeb5cdd064c9a205142dc78b401f948506a,M2,A1_FINAL_NO_MEMORY_V1,PASS,0b0405cc26395e651f227e127bc4586896e6e1fb9512ae081aa1fa54881714ff,ad919e2645c0a055119769020a9124b7b7aa95a7b01547f3f64d7bdff18a7283,e88cb60978922703fd865912bf82d7d5254d64dfcd05afbe7aed7717bfe0ae2e,P4,0.0,0.0,0.0,14609849.947918624,0.0,66453916.49337533,R0,NONE,R0,1,0,0,0,0,0,1,0,0,False,False,False,True,False,True,False,False,False,False,False,Q[NONE]|F[Water+Crackers],1231430721.788251,1231430721.788251,0.0,6723817.201517973,0.0,6723817.201517973,h09,5,Katrina,1224706904.5867329,12414088.653920505,1212292815.9328125,1824252222.2462418,57705121.81814456,1.0,10400000.0,0.0,47305121.81814456,0.0,9557344.06438629,1814694878.1818554,fbfbcd545099fc21bafde5d0e28ea147c700e4c44f21cbc77c146d7ffa7c7cdf
LA-0460,460,37dfad7be959263ecce1cd54aabb1f0f5b60556d7a5f449d2dde0296e586db54,M2,A1_FINAL_NO_MEMORY_V1,PASS,607a5b228a303ade765f8d6c3ec2b82516721c905de206ebc6dd44b883dc3898,7a93ca15b91e245db0bbda5708a80775ac16bed02ce896b1d1e28a39103f889c,228489daa290d1e95435524ae0fe637fb0518291c9d99ebad9ff5a7d0e1b36b2,P1,14937905.886059597,656397.351070871,0.0,0.0,0.0,0.0,NONE,NONE,NONE,0,0,0,0,0,0,0,0,0,True,True,False,False,False,False,False,False,False,False,False,Q[Water+Vaccine]|F[NONE],1223726355.2354798,1223726355.2354798,19137905.85543848,0.0,0.0,19137905.85543848,h09,5,Katrina,1204588449.3800414,0.0,1204588449.3800414,1871100350.125396,0.0,1.0,0.0,0.0,0.0,0.0,9100350.12539597,1862000000.0,e260e2b3b3cc626fe18c969a42f9115aae3781b9428d4dea74b26e5ab6f51886
LA-0461,461,184b287513636ebe7bd9ca5488dcb7410b9ca7e7664c6aee5bf73b97632c0a92,M2,A1_FINAL_NO_MEMORY_V1,PASS,301d4bde803c3e0ee38df875849a6358b5c30ecca636394c6c514a2b71976073,26838961e60054b1b9c52984c25c48f9b2c488d2fe30f36ae0aaf556bc0bb084,4aa54ec57ad3f7cb0dfd4d39be2191786c6888b6226bf7d38b0441101cd1f02b,P4,0.0,0.0,0.0,0.0,0.0,257070351.20397592,NONE,NONE,R0,0,0,0,0,0,0,1,0,0,False,False,False,False,False,True,False,False,False,False,False,Q[NONE]|F[Crackers],1219154934.06695,1219154934.06695,0.0,11068187.13115231,0.0,11068187.13115231,h09,5,Katrina,1208086746.9357977,8069718.724286166,1200017028.2115116,1730031789.7843852,151925554.28000107,0.9999999999999998,0.0,0.0,151925554.28000107,10400000.0,9557344.06438629,1710074445.7199988,a801bc56c72664d43f3ac0fb6ca30b8ef2282979a296ed59e7a442f9ee7b8f94
LA-0462,462,b607caa4229d67fc618afa7c14998e918f1eed96e2dec8ba9a22afdb7ab5233c,M2,A1_FINAL_NO_MEMORY_V1,PASS,07a63297d09b6d06b8a23633fce77f10de12d782a7971ada6a78aa08ea427bba,d5ed68b6216387bfa9f5735f0dff10c15fe6b38b1dad5c352a289f2458085284,e816a8e91cca59a63130c6383119fd67d5a6f7fdd48366dfc30e8c3b7e055091,P4,0.0,0.0,0.0,13240865.241267787,0.0,85625051.66242702,R0,NONE,R0,1,0,0,0,0,0,1,0,0,False,False,False,True,False,True,False,False,False,False,False,Q[NONE]|F[Water+Crackers],1223952303.7092245,1223952303.7092245,0.0,1029617.1044331458,0.0,1029617.1044331458,h09,5,Katrina,1222922686.6047914,18108288.75100533,1204814397.853786,1804303390.409317,77653953.65506925,0.9999999999999998,10400000.0,0.0,67253953.65506925,0.0,9557344.06438629,1794746046.3449306,07785756f243848095aef3ff2707983c21c71dd0264da38db91978046a3a5d82
LA-0463,463,34da6e3300275972bfaef4b391900a38ebc3d7d605998a70c1bf50e69f00dc6f,M2,A1_FINAL_NO_MEMORY_V1,PASS,381356087baa0d9bff75f95a8f01def0c12f537456566e345555f9515c6cd56a,f27c883c951cb9bb7a1bb82aa4aa0e2904f01be92964057c6eeadc1e4eeb120e,eb8a35988b1607d548b6f7fd99c455ae6066f9f206f8c2a88b87a042a1195547,P4,0.0,0.0,0.0,14591701.903891455,1007383.3038938417,0.0,R0,R0,NONE,1,0,0,1,0,0,0,0,0,False,False,False,True,True,False,False,False,False,False,False,Q[NONE]|F[Water+Vaccine],1209197925.9814885,1209197925.9814885,0.0,9702386.26933779,0.0,9702386.26933779,h09,5,Katrina,1199495539.7121506,9435519.586100686,1190060020.12605,1870839347.8752165,11117996.189169811,1.0,10400000.0,717996.1891698119,0.0,0.0,8839347.875216478,1862000000.0,94cb8d3df1f5af2af7dbbfb1ac5a5a509fcf45ff305a3cafb4d5faf31c874c91
LA-0464,464,68d187af8c67b9ff2c2e8b77cfc61c7c43e85627ac77e90547a7fe6bee08e884,M2,A1_FINAL_NO_MEMORY_V1,PASS,3c3b40e976bc92fcf5864cb46922425973cb6f210bc6d6f109b5cb328ad2c732,609ec8f0f869b12bf4c76933866c041d293d060c32bf8fd73f56ddc4973f6643,5245d028f08f5bda884bdf2be4194a9a57a7049162bd876757766152e80ef587,P4,0.0,0.0,0.0,16948405.797349654,0.0,179391677.01945028,R0,NONE,R0,1,0,0,0,0,0,1,0,0,False,False,False,True,False,True,False,False,False,False,False,Q[NONE]|F[Water+Crackers],1207897831.8176615,1207897831.8176615,0.0,8078863.886556905,0.0,8078863.886556905,h09,5,Katrina,1199818967.9311047,11059041.968881572,1188759925.962223,1761477761.163791,120479582.90059538,1.0,10400000.0,0.0,110079582.90059538,0.0,9557344.06438629,1751920417.0994046,bf7f852c6f9bcfebfca58fd459e33eb5578b8d06b10d5626474c6489e4880a8b
LA-0465,465,097d30bb5f13dbe92a1273fad269e279452a1910b12a9a489a383fe6df2be4c6,M2,A1_FINAL_NO_MEMORY_V1,PASS,d67d53a522890ffbd137174005b1d494c4b0df8b43f51c5d6daf782938b491db,f20427dff4ec9dd01031ebde2df3110491afe214550c567763a1265d90d1bc4a,dc2e4696b06e1057b55682933a5a98eb874e7922fc927f9b9a55d5ee06a8f26e,P4,0.0,0.0,0.0,450574.50687146175,2438861.3657447784,0.0,R0,R0,NONE,1,0,0,1,0,0,0,0,0,False,False,False,True,True,False,False,False,False,False,False,Q[NONE]|F[Water+Vaccine],1179302131.9801335,1179302131.9801335,0.0,4651316.32462759,0.0,4651316.32462759,h09,5,Katrina,1174650815.655506,14486589.530810887,1160164226.124695,1879914485.559226,2042858.50516017,1.0,318560.4402209087,1724298.0649392612,0.0,10081439.55977909,7833045.999447028,1862000000.0,ac1b672e38d18bb3f54b14101c98df06d1090940a04466a270ec5a57d3e3fb3c
LA-0466,466,e03c34d71160a0dd46037686247fb970a854c7ab12c525d44059d8af4e8043b2,M2,A1_FINAL_NO_MEMORY_V1,PASS,9e23516189353302e695e7133386c8444b32723eb2f02a7817d4422960f69305,21762fd274a7b97ce0b6fd18c09abeb8a37e366ed46655af20c60968d18f9978,90313f490cd8a8bc3f7fa72e75ca9c74c42fc844e5492ed7133418c1f0bea203,P4,0.0,0.0,0.0,15928750.267149692,0.0,113663334.87741326,R0,NONE,R0,1,0,0,0,0,0,1,0,0,False,False,False,True,False,True,False,False,False,False,False,Q[NONE]|F[Water+Crackers],1221344006.1992958,1221344006.1992958,0.0,2109051.640613881,0.0,2109051.640613881,h09,5,Katrina,1219234954.558682,17028854.2148246,1202206100.3438573,1797345703.9231648,84611640.14122143,1.0,10400000.0,0.0,74211640.14122143,0.0,9557344.06438629,1787788359.8587785,619157775a8b4a4042d4f21902b6f5f7559063ede79720abb4f41b5098533901
LA-0467,467,10bba651114fcf8a3e1f592ebce456644653baea223751f04413e110919e8399,M2,A1_FINAL_NO_MEMORY_V1,PASS,bc923f5e164dad3d72088c6d1b42ab3e60fd93df7bb74dbb69f75245bfa373bb,84d3ed63a907a0ce646917e3248ec6fa8d786775cf8b8b995e5155801c8ef810,459cdf77a9f30bf46b6834568261fc6193863ac4968604741fab07b60e882b8c,P4,0.0,0.0,0.0,23179337.24593857,776008.295513691,0.0,R1,R1,NONE,0,1,0,0,1,0,0,0,0,False,False,False,True,True,False,False,False,False,False,False,Q[NONE]|F[Water+Vaccine],1229783603.3591182,1229783603.3591182,0.0,12405967.512762703,553878.3677921938,12959845.880554896,h09,5,Katrina,1216823757.4785633,6178059.974883583,1210645697.5036798,1871209168.1787813,10748175.885605033,1.0,10400000.0,348175.88560503296,0.0,0.0,9209168.178781256,1862000000.0,0a11065227113cd050bdda677a9a17f8387bbb42ec63073f327f7e7b61f47581
LA-0468,468,f922a46364042f1ae3f71fa284944e885fd8aaf4721f44f6d221a68b57ebd6f3,M2,A1_FINAL_NO_MEMORY_V1,PASS,484ad571eab3659abe1fe6175ba9ca0f564179da6168c90f819c236e29c45ddf,a2b4792fd7df5d896d3f288486625fa30599e81a74485c463145b882eeb76ecb,323152bcedd45bc950286cfa321c3fe14a4ba1927aa1c89412f0c748139ef4f2,P1,19549992.580734976,449179.7766992495,0.0,0.0,0.0,0.0,NONE,NONE,NONE,0,0,0,0,0,0,0,0,0,True,True,False,False,False,False,False,False,False,False,False,Q[Water+Vaccine]|F[NONE],1235863556.043625,1235863556.043625,19137905.855438426,0.0,0.0,19137905.855438426,h09,5,Katrina,1216725650.1881866,0.0,1216725650.1881866,1871318394.118069,0.0,0.9999999999999972,0.0,0.0,0.0,0.0,9318394.118068889,1862000000.0,f72e18c24e55890bc75d6e91de927e91668e79d4939d3b5ab538305c9fc7ec28
LA-0469,469,4779a4dfdd54c71ca2e251c5677b246ba4beef473e66d6f1b034eee38ce6e0f5,M2,A1_FINAL_NO_MEMORY_V1,PASS,5bc6ca75db283068d495ad39b571290de873c03e0d1fedb4af2f67cf92f85b52,961f3511a0460fed2d12ce7e987b7e39472125648dc501bf3d7ffc218532c7ec,c3a74cdb2d92db333c4775f6b667567b5cb9bdcc499877f75ea40a431cb8b6b7,P4,0.0,0.0,0.0,0.0,2312172.6191181825,0.0,NONE,R0,NONE,0,0,0,1,0,0,0,0,0,False,False,False,False,True,False,False,False,False,False,False,Q[NONE]|F[Vaccine],1227491878.105072,1227491878.105072,0.0,1043749.2269979436,0.0,1043749.2269979436,h09,5,Katrina,1226448128.8780742,18094156.628440533,1208353972.2496336,1881083944.600633,873399.4637533209,1.0,0.0,873399.4637533209,0.0,10400000.0,8683944.60063297,1862000000.0,d8bd79b6fad034d5f849a2a424cd01fbb3296ddb93d5771d4eb9129c4fd4d941
LA-0470,470,32bc94e17908f4505d116399543a23c4549fbff545e55fe714b9e227cfa7c908,M2,A1_FINAL_NO_MEMORY_V1,PASS,d90c348175b42542278aae5269edb03100fcd0e5b568ad895c8eda4f31afd106,146f09fa7ffc75ca491e69b273ddda61d1e5a5c2271eb63b02d4983d84c49fd5,29e89b98734d345bdbcd9147f454f04ed77a75ae1041815800685bf40c3a6227,P4,0.0,0.0,0.0,17814750.10075579,0.0,237408904.9421533,R0,NONE,R0,1,0,0,0,0,0,1,0,0,False,False,False,True,False,True,False,False,False,False,False,Q[NONE]|F[Water+Crackers],1197207607.761662,1197207607.761662,0.0,3383743.6069185203,0.0,3383743.6069185203,h09,5,Katrina,1193823864.1547434,15754162.248519957,1178069701.9062235,1732961371.7698524,148995972.2945339,1.0,10400000.0,0.0,138595972.2945339,0.0,9557344.06438629,1723404027.705466,54557aef654cd02db52dea7f766b963bf65b528c433a8f51249b8d9c4a6778ee
LA-0471,471,6bd1c90b1c2922b3cc8ab662b3d170880f119f7799b9fceb74bf28c0976902b2,M2,A1_FINAL_NO_MEMORY_V1,PASS,312edd4ef66cd6d3ed2fd1c2ed57d9eda07153d3d7d4b3f9f51ce64c926f2a20,e190eebb0e04840bad289347564135a279b715758231e8524ec6ad0fcd87b334,2f732fa6253cc9042b6d74ba21b0fd3ca1085fdc68eacec1f6d5a4c2b952f67f,P4,0.0,0.0,0.0,15355437.789200291,0.0,185714564.72722796,R0,NONE,R0,1,0,0,0,0,0,1,0,0,False,False,False,True,False,True,False,False,False,False,False,Q[NONE]|F[Water+Crackers],1202011461.1284308,1202011461.1284308,0.0,8577129.965636507,0.0,8577129.965636507,h09,5,Katrina,1193434331.1627944,10560775.889801972,1182873555.2729924,1745775748.0149677,136181596.04941875,1.0,10400000.0,0.0,125781596.04941875,0.0,9557344.06438629,1736218403.9505813,422cb8972f29a67973e7833ced59eb1733aa5252570d9fc3275c098a4471377e
LA-0472,472,a81150ee321fc78d1c30068462a732eee7c8fccc1bd6425dc016cfa3981cc7d8,M2,A1_FINAL_NO_MEMORY_V1,PASS,e944530f110963fe311072231e0f50a51395de3cf1028d2f04477f5f4b969662,c0afa9d3ce9699a3084715e8868f33d5cc8afbe448f4f193a14b4826a4db28b6,132e4674c02a9b3a23643e59995b92e2e4dc8064dfc47518ff70411a90146c87,P4,0.0,0.0,0.0,21068289.92455735,0.0,221516415.16720355,R0,NONE,R0,1,0,0,0,0,0,1,0,0,False,False,False,True,False,True,False,False,False,False,False,Q[NONE]|F[Water+Crackers],1208172170.3365061,1208172170.3365061,0.0,3845234.6388833486,0.0,3845234.6388833486,h09,5,Katrina,1204326935.6976228,15292671.216555128,1189034264.4810677,1762209564.7245157,119747779.33987063,1.0,10400000.0,0.0,109347779.33987063,0.0,9557344.06438629,1752652220.6601293,94a7949ae007b53db76a6a27b4aa5e8c6dbf1ef5616c18bf96c7a748ed623ba2
LA-0473,473,cf206bcceecb865c4676fcccca90d842fdc002d14efe4c00c58eee8458808cbd,M2,A1_FINAL_NO_MEMORY_V1,PASS,ff1b7402b7928dc76b379be7712474ef9a6cb6544d23b5b3f62ab891cc56e66b,dfcf16aa9fd3425f829efe91850e800da95e44f43f170b8641e42f9d50a86dad,abbeccea8870a725ed25cc2b90e86c7b11a1593c2554aad71a94913902162482,P4,0.0,0.0,0.0,0.0,0.0,329830081.804823,NONE,NONE,R0,0,0,0,0,0,0,1,0,0,False,False,False,False,False,True,False,False,False,False,False,Q[NONE]|F[Crackers],1207310102.2590895,1207310102.2590895,0.0,10454200.789018584,0.0,10454200.789018584,h09,5,Katrina,1196855901.4700708,8683705.066419894,1188172196.403651,1698435460.804817,183521883.25956944,1.0,0.0,0.0,183521883.25956944,10400000.0,9557344.06438629,1678478116.7404306,c463ee5b9806b5684a57f81a650e3d9d3173629c314856431522101164b3e8ce
LA-0474,474,f4a8ccf4bb978d75a720db4bd933115899e4eb34499800a333dfadd90374446c,M2,A1_FINAL_NO_MEMORY_V1,PASS,58b26c1d28c9ff0629445b786c0f2d241751486272847d0cf221c9dbe8d54875,3afc6842022abf46c9797af7f536576cc1ac18555370c72734e983fa07542300,8c9e7cfacc2701c975f86860fcaa4e82f18794712c1d992fd4b7396e2bf82140,P4,0.0,0.0,0.0,0.0,3609960.26356048,0.0,NONE,R0,NONE,0,0,0,1,0,0,0,0,0,False,False,False,False,True,False,False,False,False,False,False,Q[NONE]|F[Vaccine],1197609956.3249547,1197609956.3249547,0.0,1072421.3684789164,0.0,1072421.3684789164,h09,5,Katrina,1196537534.9564757,18065484.48695956,1178472050.4695163,1880547117.8943217,1410226.1700647122,1.0,0.0,1410226.1700647122,0.0,10400000.0,8147117.894321578,1862000000.0,a5ef5f7cf47b07712fcc58809802709c8c270cf2af3633611e07126fca1598d2
LA-0475,475,25209deb3c0fed6a636ef92ff9c2b74c62eece1f4ee6c11337d9039162861011,M2,A1_FINAL_NO_MEMORY_V1,PASS,29fe5d403012b32793d1b1579d4a0efe66b5503584d6f7a965f913c5b1eb35bf,212b45a6e9b2b8be03a85de0306001640173a8ff8eff7a191a6c457d2e073698,08aeb718f18e9ca366f378653ebf364ea61fa78c895edd925ebf0b9c92b08cf8,P1,17660994.13419909,534051.0512429054,0.0,0.0,0.0,0.0,NONE,NONE,NONE,0,0,0,0,0,0,0,0,0,True,True,False,False,False,False,False,False,False,False,False,Q[Water+Vaccine]|F[NONE],1231658931.2348387,1231658931.2348387,19137905.855438475,0.0,0.0,19137905.855438475,h09,5,Katrina,1212521025.3794003,0.0,1212521025.3794003,1871242858.3173935,0.0,0.9999999999999998,0.0,0.0,0.0,0.0,9242858.317393651,1862000000.0,a601e4271abc9706f14c6aafc148a6153238263f33d1440cee450bd1f877563d
LA-0476,476,2c38ba8603b19625d68e15fb19eabb6ac6deee09658303618a7ec46323718de4,M2,A1_FINAL_NO_MEMORY_V1,PASS,ce9457ea1bf77c62ed715048731b65374baec462603113ce73d6a8da11c7fc71,3800dc495f53740ae6df2c796914bbbaa91d4fdf60a595e6c2462d6877399ba0,34157514bd32e9c7a6c599059a3f4e805f2b0778d63ba098102651c9a71a7409,P4,0.0,0.0,0.0,20485404.1913688,0.0,73253221.31928018,R0,NONE,R0,1,0,0,0,0,0,1,0,0,False,False,False,True,False,True,False,False,False,False,False,Q[NONE]|F[Water+Crackers],1235223020.4996593,1235223020.4996593,0.0,4720771.560001238,0.0,4720771.560001238,h09,5,Katrina,1230502248.9396582,14417134.295437241,1216085114.6442208,1834368255.9407797,47589088.12360658,1.0,10400000.0,0.0,37189088.12360658,0.0,9557344.06438629,1824810911.8763933,20d552bed60cb0e9dba9b7aae2dc55bfcb99cade21ed4981995fc4ae7a76fac7
LA-0477,477,0b1babee6d4db71c3411cbeaa0064089662b8b7c27268b0cfc424e8fc084c64b,M2,A1_FINAL_NO_MEMORY_V1,PASS,80e3565c1be469b490853caaa0f6f70ba0b81ee797dac8a5ca3ff2d67e988c46,3424fd463b0e258190a6ac5de6251fdb769cc1d83fabfeb84935eb3c6fd3cb83,b4571690479f38ab8b5eb9ce073bc1a775683e62fd999a23f81077568ee78b25,P1,22306078.92390549,325350.8973657665,0.0,0.0,0.0,0.0,NONE,NONE,NONE,0,0,0,0,0,0,0,0,0,True,True,False,False,False,False,False,False,False,False,False,Q[Water+Vaccine]|F[NONE],1240720693.3263164,1240720693.3263164,19137905.85543848,0.0,0.0,19137905.85543848,h09,5,Katrina,1221582787.470878,0.0,1221582787.470878,1871405652.2612617,0.0,1.0,0.0,0.0,0.0,0.0,9405652.261261819,1862000000.0,c88c062e224ee065f73b48a94e848ec2429e37ec597b88273f720663416c1b6e
LA-0478,478,788a573526ade631922fb22555f44be7d29186360644d0eef6e38264fda97695,M2,A1_FINAL_NO_MEMORY_V1,PASS,1e259d729f621ece2a5441d8bf045c8f18f8134a84b672f7b38c84e4e9cdfb6f,8a2decd7bca391667d9ca5b19ab9f8ee71690a983574e7ed3b737539b1534c17,1ea90e9321661886e4c1105b98d45d2c13422e32a6a6d5349bb8fc6be6283189,P1,14239542.891061224,687774.2733697365,0.0,0.0,0.0,0.0,NONE,NONE,NONE,0,0,0,0,0,0,0,0,0,True,True,False,False,False,False,False,False,False,False,False,Q[Water+Vaccine]|F[NONE],1221203148.4567153,1221203148.4567153,19137905.85543848,0.0,0.0,19137905.85543848,h09,5,Katrina,1202065242.6012769,0.0,1202065242.6012769,1871055020.8860533,0.0,1.0,0.0,0.0,0.0,0.0,9055020.886053408,1862000000.0,48cc04e2f93f5a963635968b786aac5997aece96bb280d3961c09afdee7f7eb5
LA-0479,479,14b6d5511703b10299839ebd90facf85e476c9ebfb75c9f005d549f7e411618a,M2,A1_FINAL_NO_MEMORY_V1,PASS,1fcf97afbc979e635b5816861ac313d9181b3ba2ffb639e8029d33b32dbc29f3,5655030cac303e227e77fff700bbee3d2811ade82d9a4ad8b4287327a44f7b84,69a624db60ed82bae1d7b29164bdd39ea1d28092ae232c0c9faf7c40443928a3,P4,0.0,0.0,0.0,29980839.619456746,0.0,155162080.31718072,R0,NONE,R0,1,0,0,0,0,0,1,0,0,False,False,False,True,False,True,False,False,False,False,False,Q[NONE]|F[Water+Crackers],1228986963.2024364,1228986963.2024364,0.0,2339811.3873749413,0.0,2339811.3873749413,h09,5,Katrina,1226647151.8150616,16798094.468063537,1209849057.346998,1817733446.6758876,64223897.388498805,1.0,10400000.0,0.0,53823897.388498805,0.0,9557344.06438629,1808176102.6115012,04659b7f36bf31d54b685f30f839ccf7f508b659e6a20c561a6a4720b71e6ab3
LA-0480,480,422271c04980bde3cf9c4e479a9febf991188cc92cdd71a3be263016670d14cb,M2,A1_FINAL_NO_MEMORY_V1,PASS,57e208fa951c7430f4fab19f9b1ca6d35f8f4af8fd95ca8e6a2960c2e1351d3e,514568e2ccdb74ccc78b01587001d7eca097f978588ee221146c53fba5ea650d,adb7293b8a918b771a856ced15bd6b7f7a65b29a88dd4e3040767c5484062565,P4,0.0,0.0,0.0,12229587.370537885,532164.695993662,0.0,R2,R2,NONE,0,0,1,0,0,1,0,0,0,False,False,False,True,True,False,False,False,False,False,False,Q[NONE]|F[Water+Vaccine],1223973663.1489446,1223973663.1489446,0.0,2537606.298480681,2737961.3735679383,5275567.672048619,h09,5,Katrina,1218698095.476896,13862338.18338986,1204835757.2935061,1871104792.995356,10852551.069030114,1.0,10400000.0,452551.06903011276,0.0,0.0,9104792.995356176,1862000000.0,afc95b738fe0a78222bf18f2bcbb2c183384efbdd3f34d26a04f905e70f07314
LA-0481,481,50fc88ad5a6f285c464f798a4f897fbcaa26f476f9ef8c6d2cf81a1507ee0cf7,M2,A1_FINAL_NO_MEMORY_V1,PASS,e833cf16de6e9cc817c4513d1ce588bf18c031a83f6e0dc7289d11ac9c8dd8a8,bb3daa5de61fa937f3367b550417fbce39db9566a2963270bc082a50afb576d8,e94547f1d17a91738903eb59d8a179a50f0835a5275232e2157a038dbb62744e,P4,0.0,0.0,0.0,0.0,0.0,244090832.24177432,NONE,NONE,R0,0,0,0,0,0,0,1,0,0,False,False,False,False,False,True,False,False,False,False,False,Q[NONE]|F[Crackers],1209133619.0373054,1209133619.0373054,0.0,326661.3411069134,0.0,326661.3411069134,h09,5,Katrina,1208806957.6961985,18811244.514331564,1189995713.181867,1703299728.7791443,178657615.2852422,1.0,0.0,0.0,178657615.2852422,10400000.0,9557344.06438629,1683342384.714758,8a9737bf254dc6c6f7141cf2bf126ea158dfee1db3d4c6763a66575199ad9467
LA-0482,482,0bd992751094c8330bc67c579f397c5ba346cdd3b763d1659766bf862c8572cc,M2,A1_FINAL_NO_MEMORY_V1,PASS,c4f5800c36b4f0b928c3a5e70acebd8185a9566e5042ed48fdd5a8e578f50f9b,39dacc9fd4068eac1b7f37c13c6e3ef11c6a4ac459ae2e02437b5d008b228a8a,dc229d2203e7226e86d1b87d4658d8fb73a3329c2fdf17d19636c8153d22129c,P4,0.0,0.0,0.0,16015968.462868473,0.0,97179766.73065722,R0,NONE,R0,1,0,0,0,0,0,1,0,0,False,False,False,True,False,True,False,False,False,False,False,Q[NONE]|F[Water+Crackers],1225508087.4866183,1225508087.4866183,0.0,465243.2661027438,0.0,465243.2661027438,h09,5,Katrina,1225042844.2205155,18672662.589335732,1206370181.6311798,1808453475.1761591,73503868.88822728,0.9999999999999998,10400000.0,0.0,63103868.88822728,0.0,9557344.06438629,1798896131.1117728,8c3c239488f6851951b9cbf418dbd2c76150679edbf5003b6289de81eaef4b13
LA-0483,483,a899e89acb5b24ba40fabe1d24b5fc269af65c395c6365e522c304346135ea77,M2,A1_FINAL_NO_MEMORY_V1,PASS,4527821b02fab9ea347bf15ba1f472e838b718216e47bb34d07153fbd44413be,880f87686cf491affcde99aa66ebb6dea77eda9ce4c4e97b7511d0f450b579d2,d87ccbc8196721368df0565953dfeefd1aba0c3cd944fd09b51856825d11303f,P1,18701115.93120958,487319.16390080686,0.0,0.0,0.0,0.0,NONE,NONE,NONE,0,0,0,0,0,0,0,0,0,True,True,False,False,False,False,False,False,False,False,False,Q[Water+Vaccine]|F[NONE],1234079173.9398518,1234079173.9398518,19137905.85543848,0.0,0.0,19137905.85543848,h09,5,Katrina,1214941268.0844133,0.0,1214941268.0844133,1871286337.8141062,0.0,1.0,0.0,0.0,0.0,0.0,9286337.814106304,1862000000.0,8be8fa677765e820e6308a5437b0fb1b6594090b32df446af5e084a772519aca
LA-0484,484,7067f640214d2c650309acea667e0a0350c99c1f26c9e0d86a368a18f04033cf,M2,A1_FINAL_NO_MEMORY_V1,PASS,9965df871c658be1f364c8d82a9ef0b6e0b17d6227d5209b132e7ed36fca673e,c3072bb152fedd8936e8cb8219d3d07abde76cf6b9a0c26d95f5e840d4d686a2,0e5eb2b6e234818b0c8890e97ac2ff563462d089cd2fd2f3cd3c2ed78505cb4d,P1,13934156.704110062,701495.0442693111,0.0,0.0,0.0,0.0,NONE,NONE,NONE,0,0,0,0,0,0,0,0,0,True,True,False,False,False,False,False,False,False,False,False,Q[Water+Vaccine]|F[NONE],1220020297.4552088,1220020297.4552088,19137905.85543848,0.0,0.0,19137905.85543848,h09,5,Katrina,1200882391.5997703,0.0,1200882391.5997703,1871033771.0477107,0.0,1.0,0.0,0.0,0.0,0.0,9033771.047710733,1862000000.0,9d31137cf58a5496ae65ac301b9ea6802509fdd0f2822ce244d690a2fa0a9242
LA-0485,485,f0be7eadaa0a998f0b20b0cb460bb4d469302bbaf5f8f1647e10ea3c9bc51ff0,M2,A1_FINAL_NO_MEMORY_V1,PASS,676fbca4ef9fd78cf40f9de779099cade24df147e8a37b218abf8d0bceb9d6af,12d592e8e4e00e35bdfcd0f7d268881b88c42b291501d051319d7bc074d3cc1f,8e70720240ed68c2ac64fc13a63f6d45557ab496f70f94540b90d0983569c224,P1,19947060.416232094,431339.81852420577,0.0,0.0,0.0,0.0,NONE,NONE,NONE,0,0,0,0,0,0,0,0,0,True,True,False,False,False,False,False,False,False,False,False,Q[Water+Vaccine]|F[NONE],1236646078.1213,1236646078.1213,19137905.85543848,0.0,0.0,19137905.85543848,h09,5,Katrina,1217508172.2658615,0.0,1217508172.2658615,1871332452.0743363,0.0,1.0,0.0,0.0,0.0,0.0,9332452.074336404,1862000000.0,617ef563ba9de839f461b59245ee0009f2cf0e097f73cd14c3fda9add9068e5d
LA-0486,486,b13c168f7862f913e7c469ebd82ce437b7d900a37e3942af20d81098581ef287,M2,A1_FINAL_NO_MEMORY_V1,PASS,efe458859b639acc328411892f72e7b1d82565492e79014bb9e7b4f1268afd66,d69a290cc6ca0011d436fe61265167f0786e721354bc51a5cb54379239e89675,cdd1de912ac3e374782f71661bc0d9e90d0098b5d8e9932827b9dc4831d63658,P1,14769477.392769998,663964.7161585287,0.0,0.0,0.0,0.0,NONE,NONE,NONE,0,0,0,0,0,0,0,0,0,True,True,False,False,False,False,False,False,False,False,False,Q[Water+Vaccine]|F[NONE],1223139652.5079625,1223139652.5079625,19137905.85543848,0.0,0.0,19137905.85543848,h09,5,Katrina,1204001746.652524,0.0,1204001746.652524,1871089810.0505269,0.0,1.0,0.0,0.0,0.0,0.0,9089810.050526803,1862000000.0,7ce093c676fc29ced5b5b116207b1b54fbf39273bb8f2c8026fba35d0ee3087c
LA-0487,487,2ed2fd3ac3bdfd01f945e7b10ec90ba7ed378c9a0b1428d2cbf75c91c3205c2c,M2,A1_FINAL_NO_MEMORY_V1,PASS,46890b44916c19340587bb565139c80030cbc24b9ef14bd33c2b90f58bf95fed,d460a523a082843fd9c654d6c2474cbf5e12c1a400be16219e9704a930698c58,1df30976f3ac0b5eefe219a41d7c0cb7a717c21061faa0d755389d2f950cee52,P4,0.0,0.0,0.0,0.0,1251031.982692822,0.0,NONE,R0,NONE,0,0,0,1,0,0,0,0,0,False,False,False,False,True,False,False,False,False,False,False,Q[NONE]|F[Vaccine],1218631901.2415822,1218631901.2415822,0.0,4944197.207770668,0.0,4944197.207770668,h09,5,Katrina,1213687704.0338116,14193708.647667808,1199493995.3861437,1880924775.7147553,1032568.3496309076,1.0,0.0,1032568.3496309076,0.0,10400000.0,8524775.714755382,1862000000.0,0589c5a9d82b889a92809a8d92527ad83d2681af63ccb2c3858bb7e4a8ae023b
LA-0488,488,a1c8e52d0d582b81669d0fc62ef43207af83301f2a7d6efff05cf8d29b3f7c05,M2,A1_FINAL_NO_MEMORY_V1,PASS,c3653e829e13ad080444402023f78d690f696a0c33185d9bc6ece54406177bcb,4d714502bf3dcef3992ef1c76528315f8eb45000df2cb3f03b3b42a6a887db6b,f322d52196229afee75d32e2741af3146746b7d670b2ec9f61d59014ec2ef743,P4,0.0,0.0,0.0,0.0,2222778.2330648643,0.0,NONE,R1,NONE,0,0,0,0,1,0,0,0,0,False,False,False,False,True,False,False,False,False,False,False,Q[NONE]|F[Vaccine],1211411541.8980565,1211411541.8980565,0.0,8352907.7626930615,1996504.9930583043,10349412.755751366,h09,5,Katrina,1201062129.1423051,8788493.09968711,1192273636.042618,1880795062.4468708,1162281.6175154564,1.0,0.0,1162281.6175154564,0.0,10400000.0,8395062.446870834,1862000000.0,9628e6744415547219b50a7627596aa623b7fe4ecd16919d0df8aca75fd07491
LA-0489,489,1f10563211457a715e5c6de57bad28151ba86aa8dfb1055bbc92223978d2cd9c,M2,A1_FINAL_NO_MEMORY_V1,PASS,a6f3d45a56c6248d07baa3fad7ef4ed2bda29e645cc415d37380fe36466aac14,e9a28f134b438bf4ebe24359d60d390265ec53f892aa6f7d2cf261b2dfd965b4,10eb2e0f06579fdf583e87cdb73c4321db4f01963bee2579477b532fc9b4032a,P4,0.0,0.0,0.0,0.0,0.0,298507725.3649666,NONE,NONE,R0,0,0,0,0,0,0,1,0,0,False,False,False,False,False,True,False,False,False,False,False,Q[NONE]|F[Crackers],1226780519.4288723,1226780519.4288723,0.0,8742032.046268849,0.0,8742032.046268849,h09,5,Katrina,1218038487.3826034,10395873.80916963,1207642613.5734339,1750373193.3319795,131584150.73240678,1.0,0.0,0.0,131584150.73240678,10400000.0,9557344.06438629,1730415849.2675931,4056eac78c3c43261b52fce1dd2470308db5fc2f83509a4e97d4fbd60d53900c
LA-0490,490,ac0e1bb642f6279bc9de90ea6bead1e6aee4fed8a4a783e9a7776da7ea19f949,M2,A1_FINAL_NO_MEMORY_V1,PASS,b113660844864e9cb95c795ee32bd8f68ad162872a12becc9e46dbeb434c91e2,5e4708bb26898dba18a7e224bc0efe4adb349e350f8ba0b0af106f30c451d19d,91cf60f800699758dfa5857a324ef84172b12c6a27902822cb740baae07b8c22,P4,0.0,0.0,0.0,12439132.196109325,625474.69023073,0.0,R0,R0,NONE,1,0,0,1,0,0,0,0,0,False,False,False,True,True,False,False,False,False,False,False,Q[NONE]|F[Water+Vaccine],1220055457.6767082,1220055457.6767082,0.0,7449478.917536151,0.0,7449478.917536151,h09,5,Katrina,1212605978.759172,11688426.937902328,1200917551.8212698,1871034402.698715,10922941.365671327,1.0,10400000.0,522941.3656713277,0.0,0.0,9034402.698714962,1862000000.0,431375c22ef3dfcc915b75e42de89fb0e4e317596e32de5472bfd39d9e6022b8
LA-0491,491,4272b8672a7563862b057ad232e179bf46625614639551f28138b451cfd622b3,M2,A1_FINAL_NO_MEMORY_V1,PASS,e5480e5ebf55e586b0ed6137b255325e4e32105910b5065cee1febb9f80e1aed,2716c39b0e7f416f9180204c2e92e6e8151772b6f9d9d5bb74a6916f68858234,48d25d9971c677d37e452cf372c065c89842eb2aad53d68543d1d527a6dce673,P4,0.0,0.0,0.0,0.0,0.0,402578328.93997514,NONE,NONE,R0,0,0,0,0,0,0,1,0,0,False,False,False,False,False,True,False,False,False,False,False,Q[NONE]|F[Crackers],1213959303.7186337,1213959303.7186337,0.0,8433309.140991874,0.0,8433309.140991874,h09,5,Katrina,1205525994.5776417,10704596.714446602,1194821397.8631952,1716172340.4984367,165785003.56594965,1.0,0.0,0.0,165785003.56594965,10400000.0,9557344.06438629,1696214996.4340503,b6e4768939bf0dab49acbb3ec7c0aa9a72d01fea0e078ee7b08daabafd85775c
LA-0492,492,12ef2746456cf5a77c74b4c82e4b425d99de836f2bc702dc87adcd3961dabb6e,M2,A1_FINAL_NO_MEMORY_V1,PASS,2207d16ba0652f4b6b6550af404bdaf642b9a90f6fc12102dfe30a2baa02c279,9c25cecc18015806e241da32bf76bbf6ec3355fe3dde74259b6f3e4f9865571c,ef48350d46554dfe2dd0ac18ffe0e3bd829a3a7108f3e62a73ef6576ed1c0eeb,P1,16256596.292378554,597149.5863530028,0.0,0.0,0.0,0.0,NONE,NONE,NONE,0,0,0,0,0,0,0,0,0,True,True,False,False,False,False,False,False,False,False,False,Q[Water+Vaccine]|F[NONE],1227899667.655367,1227899667.655367,19137905.85543848,0.0,0.0,19137905.85543848,h09,5,Katrina,1208761761.7999284,0.0,1208761761.7999284,1871175323.4011197,0.0,1.0,0.0,0.0,0.0,0.0,9175323.401119726,1862000000.0,5f30f1aed0f20acb0186e16f46f622a1de4a92245a67b9384f02b9e42a6e6963
LA-0493,493,8cb97839a8b14a062fafce316822d6848d15831f7bae61e0821ebe56eea4422d,M2,A1_FINAL_NO_MEMORY_V1,PASS,4b22985f0566160f83281a3496bd93432c59cd949a0da31ba1b8f431b48332a2,7a5ff28578735d69a4e172a6d23ac5b82aac418a0109ad855dca943914edada4,293acbfc7a48d2df164b06d1cf44d900abb74e2120e49f935af01de4f07a11a5,P4,0.0,0.0,0.0,16548144.18014206,0.0,183130729.7535323,R0,NONE,R0,1,0,0,0,0,0,1,0,0,False,False,False,True,False,True,False,False,False,False,False,Q[NONE]|F[Water+Crackers],1206018763.7685027,1206018763.7685027,0.0,5759427.152840126,0.0,5759427.152840126,h09,5,Katrina,1200259336.6156626,13378478.702598352,1186880857.9130642,1756465309.0480232,125492035.01636314,1.0,10400000.0,0.0,115092035.01636314,0.0,9557344.06438629,1746907964.9836369,be0e67b16bc4cc69be84e7b4fc851b5b87bd2aba9bb3efa8d627b1e4e0e5950f
LA-0494,494,786699722043330c907a2d4917a523708b69479ff57a3034a23d91e55abb203f,M2,A1_FINAL_NO_MEMORY_V1,PASS,3933a28bdab4e5ebd7852afd9ac5e860185152c298ecb8de298f7de07855dc45,f34471e5cfd9a19f4f68bf7d89911b6a924a754648eb3c887228bb08cbbd2bee,0c39dfd4953a83742fb59b086f6dd1db3d1cd5bd014652bdb8da07ee428dae38,P4,0.0,0.0,0.0,13389015.292306503,0.0,138418298.72652087,R0,NONE,R0,1,0,0,0,0,0,1,0,0,False,False,False,True,False,True,False,False,False,False,False,Q[NONE]|F[Water+Crackers],1208858393.5106907,1208858393.5106907,0.0,5809061.593991167,0.0,5809061.593991167,h09,5,Katrina,1203049331.9166994,13328844.26144731,1189720487.6552522,1764040078.9535608,117917265.11082564,1.0,10399999.999999994,0.0,107517265.11082564,5.587935447692871e-09,9557344.06438629,1754482734.8891745,611ea3e85afdc46a169c485327911a5616347f85f98dafe39e4054aa168afd1b
LA-0495,495,7bc13e8e4617f5526c866da54cb9011a6de5916d88e0fd2c8324951716bfa3c7,M2,A1_FINAL_NO_MEMORY_V1,PASS,a4bd340085efaf0aa58ffac3ab509a24fcd44f8efa2e3136394a3e5b73fb8c19,8b29a06237d58fca20b4ea46a0f2cf60065a914ccc62a7aac1d2df0d397b3033,ea1b2695e74b0c9177a160a250634f175ec52a80772140cd2ee1bf0450050cfc,P4,0.0,0.0,0.0,25903470.31279483,699840.9892697916,0.0,R0,R0,NONE,1,0,0,1,0,0,0,0,0,False,False,False,True,True,False,False,False,False,False,False,Q[NONE]|F[Water+Vaccine],1233524018.3437493,1233524018.3437493,0.0,10884480.72046955,0.0,10884480.72046955,h09,5,Katrina,1222639537.6232798,8253425.134968929,1214386112.4883108,1871276364.481322,10680979.583064234,1.0,10400000.0,280979.5830642332,0.0,0.0,9276364.481322056,1862000000.0,ceebbbb8d943a55350dde0a827f992fa23e790f17c84142cc432f5b34ca1028f
LA-0496,496,9d697be546915ba9e9c742825e409d88ae9ad0b34a692676c63c615990de25f8,M2,A1_FINAL_NO_MEMORY_V1,PASS,75f68a4e9f77fb517ebf737d8e7c8a0efdaf7c6e01735bc1aca861524e1d451c,dd933f0cbcf74a922e71da031e43d5d5b72788f58a3cad8442c17fc25cccba8d,8b4aae25c6b0e92239d9bd3d408c56b2ad55c660a5f7530846c9f8b5c9bf441f,P4,0.0,0.0,0.0,12714104.851378487,0.0,200490993.00056395,R0,NONE,R0,1,0,0,0,0,0,1,0,0,False,False,False,True,False,True,False,False,False,False,False,Q[NONE]|F[Water+Crackers],1187684348.3733017,1187684348.3733017,0.0,2518037.119372948,0.0,2518037.119372948,h09,5,Katrina,1185166311.253929,16619868.736065531,1168546442.5178633,1707557884.2848966,174399459.77949,1.0,10400000.0,0.0,163999459.77949,0.0,9557344.06438629,1698000540.2205102,88cbde48ac5741ec8ce486eefc9548cf0c730ac51062d36ab2f4e47c6e034ee3
LA-0497,497,4441a15e56e6f0821af4d5abdcb1b989a83f3d4f9fc015cfbb40167864a8e0d0,M2,A1_FINAL_NO_MEMORY_V1,PASS,b3ba185f50eeb50459628f4e4ab83c29e814c81c87facbc4696981f9c9c79735,ae511a4d81d9f2fb66110fbda1642d54faa9f3465091720addea790e48e0796b,5b4b6b18daebea6b097f5d5fb93c119b2b308fc67685f8c5170641d883f01a27,P4,0.0,0.0,0.0,0.0,0.0,187215173.70072326,NONE,NONE,R0,0,0,0,0,0,0,1,0,0,False,False,False,False,False,True,False,False,False,False,False,Q[NONE]|F[Crackers],1221159529.0695226,1221159529.0695226,0.0,3943505.7349254293,0.0,3943505.7349254293,h09,5,Katrina,1217216023.334597,15194400.120513046,1202021623.2140841,1735379087.593211,146578256.4711754,0.9999999999999998,0.0,0.0,146578256.4711754,10400000.0,9557344.06438629,1715421743.5288246,248ef3a99bdd83aaee4ad469251206c3bedeb9c34640f873cce0dbc1359931ae
LA-0498,498,b2484405400c97dd9fe8d69826f086031e6776213609a9116430f4fde4a18286,M2,A1_FINAL_NO_MEMORY_V1,PASS,e8f04ccb93a3deaa6e7c7b51c7bf514822b9f208affafe37948ab316d8d0a6fc,7b8a6a2f7a304567f754871ad984850db496791a3a15c9286c26c43872f9deb7,2ddb27475e46c1b0eca7b94a89a7c31875fc28176ee3ac59ba71151bd5da7461,P4,0.0,0.0,0.0,0.0,1685514.82579416,0.0,NONE,R1,NONE,0,0,0,0,1,0,0,0,0,False,False,False,False,True,False,False,False,False,False,False,Q[NONE]|F[Vaccine],1225473231.2361238,1225473231.2361238,0.0,3653709.6192568056,1819976.1796526345,5473685.798909441,h09,5,Katrina,1219999545.4372144,13664220.056529038,1206335325.3806853,1881047679.7459881,909664.3183981242,1.0,0.0,909664.3183981242,0.0,10400000.0,8647679.745988166,1862000000.0,baefd207f02b60a6e10f427f4fd5c3291694cb9555908e76eae961713cd95fb5
LA-0499,499,b6f14b3a94a95e16d479eb52ef30dd7c29ae4c7904c3d9817da89fc99bd97371,M2,A1_FINAL_NO_MEMORY_V1,PASS,e266e8226f096006ebcd4281d890fdbb54cf7bcbad8f0b065a09e58ce3f59d15,7c63859bd926a9252b39b6ac3f47d269b9355fd2bb844217a258afb374122b0e,7f8be63f8b64305721ec657457945e76f477265657c6086a74415a47f59d186e,P4,0.0,0.0,0.0,446519.35061439365,1549557.2890203504,0.0,R0,R0,NONE,1,0,0,1,0,0,0,0,0,False,False,False,True,True,False,False,False,False,False,False,Q[NONE]|F[Water+Vaccine],1209050694.7406392,1209050694.7406392,0.0,528141.5017384411,0.0,528141.5017384411,h09,5,Katrina,1208522553.2389007,18609764.353700034,1189912788.8852007,1880426043.9102736,1531300.1541126992,0.9999999999999998,342549.547864676,1188750.6062480232,0.0,10057450.452135324,8368593.458138267,1862000000.0,bfe4647dfcdb1d29cae62d61bf0e0ef9236e89879f64c0945252aff34e5f0f16
LA-0500,500,53a02a0b0b38e323b3424d93284e2247638fd23b056f5d094d29854370fd887c,M2,A1_FINAL_NO_MEMORY_V1,PASS,ab0bd49c24dee992e82a9295e3d7af40b5775714f22376ebc5ed608181d12b92,65ae5f98ec71831fb5d598985974d9cf86b8d76654fde1604bfdbb4161110da0,1e772783f6a8a8476c0b7c7627f717a2a67802f781258b44ee86ea968f04f927,P4,0.0,0.0,0.0,0.0,0.0,177581627.05121726,NONE,NONE,R0,0,0,0,0,0,0,1,0,0,False,False,False,False,False,True,False,False,False,False,False,Q[NONE]|F[Crackers],1233772654.0488791,1233772654.0488791,0.0,7982839.383005401,0.0,7982839.383005401,h09,5,Katrina,1225789814.6658738,11155066.472433073,1214634748.1934407,1769024854.1834705,112932489.88091591,0.9999999999999998,0.0,0.0,112932489.88091591,10400000.0,9557344.06438629,1749067510.1190841,2abf311537e28a7519c160a55f2f8dca97d86a9bd665f9c54d984986d5773896
LA-0501,501,e444e6da16969403af646e5903e2b44be5d624d1728053a03722028b29b3dc1a,M2,A1_FINAL_NO_MEMORY_V1,PASS,a169f2d108daf37c33285a6616ec2ba3f4a30dd124d1720fe1ba15a596f0a20b,ebc02d3ca250e544caeeec1ba59d65491251b5aa7720bfd65a59c8c6c533e371,aba977559fedf03563217db3449cb0b5e8e59cad4b878fc9fee8df0803cb0064,P4,0.0,0.0,0.0,0.0,0.0,213664851.6355809,NONE,NONE,R0,0,0,0,0,0,0,1,0,0,False,False,False,False,False,True,False,False,False,False,False,Q[NONE]|F[Crackers],1215430568.8361983,1215430568.8361983,0.0,5961374.32190367,0.0,5961374.32190367,h09,5,Katrina,1209469194.5142946,13176531.533534808,1196292662.9807599,1720096970.0267248,161860374.03766155,1.0,0.0,0.0,161860374.03766155,10400000.0,9557344.06438629,1700139625.9623384,d55c37fcc1f7acd8b165ded526c47414641749f1c07771ad1f5efd721cf13316
LA-0502,502,04bebad735bf6a99c88427bdd89530b0ef854bb71ef88b677e14ac1792409ea2,M2,A1_FINAL_NO_MEMORY_V1,PASS,c780c333a3d1c04f1525796504731c0ccaa78570b0ddb129ec04080e78356d51,7d2f93f17912ecd02c564159903399ecdf1ef1c9b811112f183bdff56686b3c4,0e9ce83b5971dc4fec807f2a4d597222545e99668e9a0a60e0a1bc12db6dca92,P4,0.0,0.0,0.0,572821.5250094614,2357579.7334949756,0.0,R0,R0,NONE,1,0,0,1,0,0,0,0,0,False,False,False,True,True,False,False,False,False,False,False,Q[NONE]|F[Water+Vaccine],1216663929.8428502,1216663929.8428502,0.0,1788211.0194273319,0.0,1788211.0194273319,h09,5,Katrina,1214875718.823423,17349694.836011145,1197526023.9874117,1880644791.120755,1312552.9436312397,1.0,256571.88640787848,1055981.0572233612,0.0,10143428.113592122,8501363.007162929,1862000000.0,87190963fda7775d4fa92983f80393b95f1c363405daaf34b27b3c89039e07c7
LA-0503,503,c7bb7bd147dc6ccc135fe874223009ecca540856753c781e902e57e283a78b9d,M2,A1_FINAL_NO_MEMORY_V1,PASS,a5071f22acf960ff2321e4cbd378222a81cc8760e016b3596ce0e615a04a2461,81d9023f759b8256f457d0e4034cf7f95f4662d12e0dbf88da84215f49a86525,ff2504d1357871a6d732b021c7f12b0a83fa57e379c7b81241dd758a25deedef,P4,0.0,0.0,0.0,0.0,0.0,187771050.59126538,NONE,NONE,R1,0,0,0,0,0,0,0,1,0,False,False,False,False,False,True,False,False,False,False,False,Q[NONE]|F[Crackers],1216124994.7553477,1216124994.7553477,0.0,8565587.539016325,1078427.0688616398,9644014.607877964,h09,5,Katrina,1206480980.1474698,9493891.247560512,1196987088.8999093,1721949365.244259,160007978.8201272,1.0,0.0,0.0,160007978.8201272,10400000.0,9557344.06438629,1701992021.1798728,8e48e231e28daa7f9ba78f33b4b90b74b24a8ec923bd45988e7af8c3f839a1f1
LA-0504,504,ed71f2f85e64fda188216aa4764e6f849413b10da2384834f54e69fb5e4e1f4b,M2,A1_FINAL_NO_MEMORY_V1,PASS,0479cce2e6d1cbb9b1f4026476ebd83655c1b511a14ac007898beeec70a1a537,36e1003ad3a04be5af44756c452a509d748d12f0f57acb1cbd24ea5c9bb3342f,dd87001dc295e80eabdfe3490d9557c992e4324df159186c271cf9c6dcb0f0fe,P4,0.0,0.0,0.0,0.0,0.0,231659650.62857273,NONE,NONE,R0,0,0,0,0,0,0,1,0,0,False,False,False,False,False,True,False,False,False,False,False,Q[NONE]|F[Crackers],1215571936.937305,1215571936.937305,0.0,5581050.232854403,0.0,5581050.232854403,h09,5,Katrina,1209990886.7044506,13556855.622584075,1196434031.0818665,1720474072.3024042,161483271.76198217,1.0,0.0,0.0,161483271.76198217,10400000.0,9557344.06438629,1700516728.2380178,fc2644cfe5b60ccbd39d3264ca337607f38da31c9495cbc30b050d10e33e90e3
LA-0505,505,15ea7787298e09a0af687db8446dbea2408eeb76e9ec37491355d90a6716791e,M2,A1_FINAL_NO_MEMORY_V1,PASS,b1549949b507684176c9f3512e6206c3da5fe6db7da68f3a4ebe911ca8059765,f456b1a28cb849c389515ae5f95d703ee18196c8e028cdc5c38ac21efddad7ac,c9362544f38b3770945d09dc83ffaa51719c9f9bcb8d7941251357408ebf87dc,P4,0.0,0.0,0.0,0.0,0.0,160858011.75459766,NONE,NONE,R0,0,0,0,0,0,0,1,0,0,False,False,False,False,False,True,False,False,False,False,False,Q[NONE]|F[Crackers],1232465577.3887644,1232465577.3887644,0.0,3872502.1110272612,0.0,3872502.1110272612,h09,5,Katrina,1228593075.2777371,15265403.744411217,1213327671.533326,1765538200.694048,116419143.37033832,1.0,0.0,0.0,116419143.37033832,10400000.0,9557344.06438629,1745580856.6296616,a7464b983e610ef75195ede1220c604f906a137d5dbc541c755b48deca2cdf60
LA-0506,506,a2a65063932d7c3c78c22cc2a0f80424a23974368a59bf20372a132ed4131cc4,M2,A1_FINAL_NO_MEMORY_V1,PASS,ea6f578382bc682453d053b4cec6e5e91d29e4357b56b2b41d33d6ae05f8ecb0,31a8a941d18001003f1a2f30b1555ab1f3dadfb9f1cc745573b03f51accf0b03,237c6f94a0c27ace2594694d061643fa50382bb1bc73bf98c8c54979b1aa1425,P4,0.0,0.0,0.0,31153809.742160402,0.0,308899749.6399448,R0,NONE,R0,1,0,0,0,0,0,1,0,0,False,False,False,True,False,True,False,False,False,False,False,Q[NONE]|F[Water+Crackers],1210507122.6067097,1210507122.6067097,0.0,7132861.137861224,0.0,7132861.137861224,h09,5,Katrina,1203374261.4688485,12005044.717577253,1191369216.7512712,1768438097.242131,113519246.82225548,1.0,10400000.0,0.0,103119246.82225548,0.0,9557344.06438629,1758880753.1777446,f8b5422e77c829dc0953034d9f5517a60a09085af44d6473fdca3b9b7dc03ec2
LA-0507,507,0cf3bb04405329d6d6c09086a06c51e8b4504ef76cc8d32b6363edeb799515d4,M2,A1_FINAL_NO_MEMORY_V1,PASS,4e8db5a8ef1b1b2807328f76d7533fda6d7978ed4cf45308e3aa4d566f299cb2,177fa8e0cc057135fc67e271e6bbc8e0e37bbb8e94d657e8d72f868cb6331769,8600cc50dd2431e219bce365182a1cb84e72625d28d520d212db1a968c74b744,P4,0.0,0.0,0.0,0.0,0.0,456873871.767334,NONE,NONE,R0,0,0,0,0,0,0,1,0,0,False,False,False,False,False,True,False,False,False,False,False,Q[NONE]|F[Crackers],1191385411.9178386,1191385411.9178386,0.0,1095555.6583484276,0.0,1095555.6583484276,h09,5,Katrina,1190289856.2594903,18042350.19709005,1172247506.0624,1655956026.4758291,226001317.58855718,0.9999999999999998,0.0,0.0,226001317.58855718,10400000.0,9557344.06438629,1635998682.4114428,817aee46972fe15e41c30700366e3078664495d77cf1915ea5d79fc19e6c659d
LA-0508,508,6972a5324b14d65002ca17cf12553bd31a0875f31af14cb6b51ec16623fb1977,M2,A1_FINAL_NO_MEMORY_V1,PASS,896718f78083b382dc1b2e088ed39e00d46e32d802ee0f45d8316b5a930c5b42,76216e36b6f18462bec8cbdb7b1ceadfef9ca75a0643bee4b4f86e3765c4369e,e7b34fbb3bef0b32cee221628e364cad480e7946bceef8e9a0e46e11657c61f0,P3a,15834011.49520952,0.0,0.0,0.0,498649.84214348113,0.0,NONE,R1,NONE,0,0,0,0,1,0,0,0,0,True,False,False,False,True,False,False,False,False,False,True,Q[Water]|F[Vaccine],1226034228.2630029,1226034228.2630029,10255689.245447207,2505681.30028542,181958.05823193336,12943328.60396456,h09,5,Katrina,1213090899.6590383,6194577.251473918,1206896322.4075644,1871141810.908443,415533.1559434128,1.0,0.0,415533.1559434128,0.0,0.0,9141810.908442877,1862000000.0,1086f20cbaeaa732e25028be92e61cbfcf5270ab4018f1083b45cf3148945076
LA-0509,509,afaaed77442620fed7cdc6117bbea079e42aba1c3bc4bffc87431fcfc07ea9bc,M2,A1_FINAL_NO_MEMORY_V1,PASS,ab505e8a0f35bdc87bf6f61d60cb9bced7df0d425705f10d2a15a503d2fb6b03,2c8b4b54a1c2e6a3b601e67f15e327f66ec79b98fba104570bbd527664d0afcc,0ebe7a4a864786093d07a2c9daea439c517859e2062c7eb4f84a686d623c608e,P1,16051402.33719921,606368.7958958454,0.0,0.0,0.0,0.0,NONE,NONE,NONE,0,0,0,0,0,0,0,0,0,True,True,False,False,False,False,False,False,False,False,False,Q[Water+Vaccine]|F[NONE],1227295330.4219646,1227295330.4219646,19137905.855438434,0.0,0.0,19137905.855438434,h09,5,Katrina,1208157424.5665262,0.0,1208157424.5665262,1871164466.5235436,0.0,0.9999999999999977,0.0,0.0,0.0,0.0,9164466.523543514,1862000000.0,5ee896974c4eab1ccb730c3426ffaa13c1cc39144b3a69e24793b0923d8d2c8f
LA-0510,510,9c8bd7bfb178c309c2e7609d6e33b2c382aea3042ff0bcb7aa68760819cabc82,M2,A1_FINAL_NO_MEMORY_V1,PASS,91fdb60d960b3b4032520249e9bc7b3fb7ba0fe56a4e8ec1016921d3fc845bea,bf81552d206ce7d4762d6259ea1694e8e8f1aed32d7f93ad2ff0803372d12e58,04ff755c63de97d045af9ffb4787490394eca7f1caea644fa71084184da2f3b0,P1,15554880.24845246,628677.1586095878,0.0,0.0,0.0,0.0,NONE,NONE,NONE,0,0,0,0,0,0,0,0,0,True,True,False,False,False,False,False,False,False,False,False,Q[Water+Vaccine]|F[NONE],1225767003.3293345,1225767003.3293345,19137905.85543848,0.0,0.0,19137905.85543848,h09,5,Katrina,1206629097.473896,0.0,1206629097.473896,1871137010.23056,0.0,1.0,0.0,0.0,0.0,0.0,9137010.230560074,1862000000.0,b62a14d1fa2a6be21a002d6ed97e850f7f19c8e3935645312224de1dbe932655
LA-0511,511,62323a8bbb37db96af200fc550f3ca9759e5437996d609189fcfd5900f185b99,M2,A1_FINAL_NO_MEMORY_V1,PASS,cff604f420c094d7762d99594893af4b04439894731f179b184ac8633a66eaa4,189c1bd5f5f5d62a3d2e89516bca5c88cbce7c2d1ca30e0a0bb225691f367f12,4e540aec5d454282870aa127c16b9f4576a4e726eda70429a8030486e23e3abd,P1,13872814.905333916,704251.0849926262,0.0,0.0,0.0,0.0,NONE,NONE,NONE,0,0,0,0,0,0,0,0,0,True,True,False,False,False,False,False,False,False,False,False,Q[Water+Vaccine]|F[NONE],1219776421.7064767,1219776421.7064767,19137905.85543848,0.0,0.0,19137905.85543848,h09,5,Katrina,1200638515.8510382,0.0,1200638515.8510382,1871029389.836358,0.0,1.0,0.0,0.0,0.0,0.0,9029389.836358115,1862000000.0,ae7d2962625f6d9aa8ebbdadca288c959e59c48d24715bb19fd7d165c9afecc2
LA-0512,512,a5cc02b575cbfc3191e440064eee267a2631cd4654bdf60a0cc929426552141a,M2,A1_FINAL_NO_MEMORY_V1,PASS,d91c6209e39794f560c7eefd5584c20cb9debfad854ad032d7bdc144af833fbf,cb1add752555bdce43f4073ec68a043dbc329bc3101088fa0552dce801572fc9,3e0a80ec59d3282ebaf07f49233a3c409e8348f8becda25e51d4dfc1e06353f9,P4,0.0,0.0,0.0,15717879.972778777,0.0,170872198.7943445,R0,NONE,R0,1,0,0,0,0,0,1,0,0,False,False,False,True,False,True,False,False,False,False,False,Q[NONE]|F[Water+Crackers],1206780357.5693579,1206780357.5693579,0.0,5720245.875216939,0.0,5720245.875216939,h09,5,Katrina,1201060111.694141,13417659.98022154,1187642451.7139194,1758496875.9517128,123460468.11267342,1.0,10400000.0,0.0,113060468.11267342,0.0,9557344.06438629,1748939531.8873265,cffa6678467c511edb9c02d2e0fa071fa9e13992c7e4c3316a2ea0812f140c27
LA-0513,513,71004c4d3556ea462a974d757473e7bb255c893ad63b556eea83e286aadfae44,M2,A1_FINAL_NO_MEMORY_V1,PASS,0a1193c1e7d29925b31a7ccb831333237eaaf9a4b2bb9cbcb323cfa833a3e21a,c5aa270e3b299d3075f66d3e7a25d095575f83c01e15a23d73a2f7dc63af456e,02f65c5a70624eb8e05cd9444ea2ef66fb5286f3a47e936926748058613decb5,P4,0.0,0.0,0.0,0.0,962625.9203133521,0.0,NONE,R1,NONE,0,0,0,0,1,0,0,0,0,False,False,False,False,True,False,False,False,False,False,False,Q[NONE]|F[Vaccine],1232808992.8743656,1232808992.8743656,0.0,3906805.744907652,426640.3381039501,4333446.083011602,h09,5,Katrina,1228475546.791354,14804459.772426875,1213671087.018927,1881179466.208302,777877.8560842079,1.0,0.0,777877.8560842079,0.0,10400000.0,8779466.208302082,1862000000.0,9473c9fd9d9622d7f4f787e44ca8b86c2482950f5b5677889d9653f8b09b02c5
LA-0514,514,b386b7e1efa4629cc5a5e664f03f1ee969ab94cf6e105ab01f57c5f06cd21d73,M2,A1_FINAL_NO_MEMORY_V1,PASS,8cf6112831f4190f6a11db23a4704356478796740d2786c16a34ba3705481c2e,ddce5c5659867ab56ed5ab85160e81c87a9a84bcc06cdae456dc5a0b3e1da8cf,4cf7f7b07f7a73df800d626b766858014b91e4a6a0762ab7bbd4b4fc69e60e3d,P4,0.0,0.0,0.0,12771534.344663842,0.0,351326915.5973304,R0,NONE,R0,1,0,0,0,0,0,1,0,0,False,False,False,True,False,True,False,False,False,False,False,Q[NONE]|F[Water+Crackers],1141915291.4121783,1141915291.4121783,0.0,1632790.246873226,0.0,1632790.246873226,h09,5,Katrina,1140282501.1653051,17505115.608565252,1122777385.5567398,1585467996.9579556,296489347.10643077,1.0,10400000.0,0.0,286089347.10643077,0.0,9557344.06438629,1575910652.8935692,1cf235002f647ccf548f300dfd8329106d128b138bf6e5e868ea3294344bb8de
LA-0515,515,ee72304c9d44b9c69fcab2a252b2354f6d796e7938b23d5faa4812904ffb0e30,M2,A1_FINAL_NO_MEMORY_V1,PASS,69903c49ce7444b4f79ccf7fdfdfd0bb812a26de5574de35edc920fa4c94367e,2f6ccc07ed61ff216aa8ba68b40cb9b3939e031dc183af8481c089a2f683d430,666aad47a393a74bb84f325bb31f636acad7c984e4d4551622c4e9085ff6594a,P4,0.0,0.0,0.0,0.0,0.0,571919697.7200377,NONE,NONE,R0,0,0,0,0,0,0,1,0,0,False,False,False,False,False,True,False,False,False,False,False,Q[NONE]|F[Crackers],1142774950.0241172,1142774950.0241172,0.0,1509210.30437346,0.0,1509210.30437346,h09,5,Katrina,1141265739.7197437,17628695.55106502,1123637044.1686788,1526286633.8869433,355670710.1774429,1.0,0.0,0.0,355670710.1774429,10400000.0,9557344.06438629,1506329289.822557,1d8476ee234a51671dad77448ba66cabf6821c91e423062064d168fd70ccb9ec
LA-0516,516,16166a95aa22d711f37cc694c48a73f8b0d062f90a0661b8cc1ba0090e529811,M2,A1_FINAL_NO_MEMORY_V1,PASS,bb83c44c25d32040e81b96e3b4ee64f9b5a6ed0a779f45b855c23161127347a9,cea93ad83d79c98835341d41314781511a5a41e5718eeeaa11529439368978be,b2727e512ce1b8f22fe19236be5218552d2d92b69f347c62c46e079590f89512,P4,0.0,0.0,0.0,21244524.693306204,0.0,178395943.49833003,R0,NONE,R0,1,0,0,0,0,0,1,0,0,False,False,False,True,False,True,False,False,False,False,False,Q[NONE]|F[Water+Crackers],1216425604.8290403,1216425604.8290403,0.0,4231029.141403989,0.0,4231029.141403989,h09,5,Katrina,1212194575.6876364,14906876.714034488,1197287698.9736018,1784225768.5564997,97731575.5078866,1.0,10400000.0,0.0,87331575.5078866,0.0,9557344.06438629,1774668424.4921134,b1faf3f2469083902ea7371f925f1104feb02e65e73f0828fb420bce60f2fef0
LA-0517,517,01f9dbff879140556e59f9a001cc439461386f2ba28402c50eb02bf9448b3a90,M2,A1_FINAL_NO_MEMORY_V1,PASS,2bcfb5a0e91fea9e501f646a1d35de04fde77c7ae7cb006b4dc2b296a9041c18,2fbc901ec9679f2e9d33a32d9a3b93b1ec051fa52b92edc3278933e95000fe66,9bce39f8eee0c877c43bcf40225875bd92e3285fa997dcd0ab2626180a660943,P1,20093532.167791277,424758.95327136986,0.0,0.0,0.0,0.0,NONE,NONE,NONE,0,0,0,0,0,0,0,0,0,True,True,False,False,False,False,False,False,False,False,False,Q[Water+Vaccine]|F[NONE],1236926929.1871407,1236926929.1871407,19137905.85543848,0.0,0.0,19137905.85543848,h09,5,Katrina,1217789023.3317022,0.0,1217789023.3317022,1871337497.5447633,0.0,1.0,0.0,0.0,0.0,0.0,9337497.544763263,1862000000.0,cf3b55816439b7ee27f1a7fc0e43766862bb5accdb9d3a9619a64ab3cb985143
LA-0518,518,3d59d65dc356f74dfc53fb69587a6d6a28a2e9a786a2484d24980a5a82bdfda1,M2,A1_FINAL_NO_MEMORY_V1,PASS,f0c1d429957cc0d37e7106c1a7f4b7fcd8d06584989410e3235ca820c36d0282,9a9b6027b1dcce6e6d08d11fae079a3484cdf12302ebe2c250da42d44de59f06,c4bc664acb49e647a5612952163d5becd63051bc5230f100f5e3621302c91888,P4,0.0,0.0,0.0,0.0,2206228.146944154,0.0,NONE,R1,NONE,0,0,0,0,1,0,0,0,0,False,False,False,False,True,False,False,False,False,False,False,Q[NONE]|F[Vaccine],1214596625.9425397,1214596625.9425397,0.0,5787517.761786662,1636117.4406239036,7423635.202410566,h09,5,Katrina,1207172990.7401292,11714270.653027913,1195458720.0871012,1880852282.2665834,1105061.7978028373,1.0,0.0,1105061.7978028373,0.0,10400000.0,8452282.266583452,1862000000.0,f8e69bba4dc60ed5640615fed45d3eeb065ad777f74a085ccf1363e1e5c7701f
LA-0519,519,d60cb59c6410052cfdcd80b0a9f4d9f0f84325e7a06df379176097622df03c68,M2,A1_FINAL_NO_MEMORY_V1,PASS,81ec82ef16af71b8db9d45e88bd7454a77550278c8af3fb9842e77a93f9ad713,dfbb79e07dc9173c471e26f41fa529567dfac996bdefc837e15a6e098922f9db,d7536bf508bda31a6f3499f17b7cc3cfcc89bb93c9fdbc85c27aba9a5036414d,P1,18894114.252796,478647.8949710396,0.0,0.0,0.0,0.0,NONE,NONE,NONE,0,0,0,0,0,0,0,0,0,True,True,False,False,False,False,False,False,False,False,False,Q[Water+Vaccine]|F[NONE],1234498949.2231374,1234498949.2231374,19137905.85543848,0.0,0.0,19137905.85543848,h09,5,Katrina,1215361043.367699,0.0,1215361043.367699,1871293879.0487156,0.0,1.0,0.0,0.0,0.0,0.0,9293879.048715487,1862000000.0,ae77c54c96236eb32367e65ce956896dbb85ad52b69a717eec5126d9ce601e11
LA-0520,520,9bd6a5466e8ed0b36a788d7cff4c0815f32f8ff00e553d955c6198104c061c33,M2,A1_FINAL_NO_MEMORY_V1,PASS,408948a5a8b35e10d13d81a1f4449b34f25fa4b4765d3fcc58e4840dc08ded8a,2310812755a48268a89086e065239dc505f576e727410c5f26631249b0c0ee72,2124d4d648a9d71adb4de790ba944f7cff1bd26e9bb321a3cc2323593ae56e3e,P1,15689469.394873211,622630.1698376178,0.0,0.0,0.0,0.0,NONE,NONE,NONE,0,0,0,0,0,0,0,0,0,True,True,False,False,False,False,False,False,False,False,False,Q[Water+Vaccine]|F[NONE],1226190834.1170857,1226190834.1170857,19137905.85543848,0.0,0.0,19137905.85543848,h09,5,Katrina,1207052928.2616472,0.0,1207052928.2616472,1871144624.322033,0.0,1.0,0.0,0.0,0.0,0.0,9144624.322033042,1862000000.0,f1d532f6d72456f8185d69c4c95939ded3c17db87c2c84f3b3af42ba92852cc5
LA-0521,521,88b0f3f39bdd4dbd741e3fa928b2231bed3c9f0d076f312a491384c053092abe,M2,A1_FINAL_NO_MEMORY_V1,PASS,520f02cef86ae9babcc66e78b77d78baff33cc044734c1bff963b551c0f4a7c1,32360c4dff1784963121465ef889ca364505c0294deff86dadf898825d853db6,f729a614e6942cf9c1a16e6a013e1121f4073747802640bd70e6653c674f6adb,P4,0.0,0.0,0.0,0.0,1623892.324090186,0.0,NONE,R1,NONE,0,0,0,0,1,0,0,0,0,False,False,False,False,True,False,False,False,False,False,False,Q[NONE]|F[Vaccine],1230496080.970525,1230496080.970525,0.0,4686890.375730226,1675278.3857191738,6362168.761449399,h09,5,Katrina,1224133912.2090757,12775737.093989078,1211358175.1150866,1881137914.9021826,819429.1622037934,1.0,0.0,819429.1622037934,0.0,10400000.0,8737914.902182497,1862000000.0,204bd90a22287e3907738d8e0896975777beae9d7989c1dbdc7fffd8106a51bf
LA-0522,522,fa73e43a6ff65b24cdbe40b85b809e8fcb8a82f0412c33b7b3461e885dff43b4,M2,A1_FINAL_NO_MEMORY_V1,PASS,2fb760269b1c14d0b6681ec9d55eca1b4b99728fb2d3ea137bea6afa8446aba7,ac23279aa7e1c2e8301307ac373c3fefa75efd7f856bc1829bc0062ce95b8786,6aa64e45791b2c57e7c0a4d7b4513281c717ccbcb40ca8e43025b588edc96df9,P4,0.0,0.0,0.0,0.0,0.0,287552292.42930263,NONE,NONE,R0,0,0,0,0,0,0,1,0,0,False,False,False,False,False,True,False,False,False,False,False,Q[NONE]|F[Crackers],1216178423.6630857,1216178423.6630857,0.0,10126954.51974153,0.0,10126954.51974153,h09,5,Katrina,1206051469.1433442,9010951.335696949,1197040517.8076472,1722091887.9388225,159865456.1255639,1.0,0.0,0.0,159865456.1255639,10400000.0,9557344.06438629,1702134543.8744361,9ea3fbc79d11d1faae415391c21295fd17e2ee9acc029c5ca4a0b16511adc552
LA-0523,523,d31aa80ffad076f8dd285ed039d40993d844b1d27fe990b838b50f90d2c56fa9,M2,A1_FINAL_NO_MEMORY_V1,PASS,dbba9e585c7caf108b3b7ca414adf674c797fd2858a85777bce46ed1e26e61df,4557c413d3157b196360f951cbc1ec11c39a99f1e87374cebd71fc4c38f1f250,28e28d16f30cbd61858a88d628768767af9a3bd679f860fb2638187132bec771,P4,0.0,0.0,0.0,0.0,0.0,372179340.18546396,NONE,NONE,R0,0,0,0,0,0,0,1,0,0,False,False,False,False,False,True,False,False,False,False,False,Q[NONE]|F[Crackers],1228926930.9048302,1228926930.9048302,0.0,2743514.170740227,0.0,2743514.170740227,h09,5,Katrina,1226183416.73409,16394391.68469825,1209789025.0493917,1756098789.4586277,125858554.60575874,1.0,0.0,0.0,125858554.60575874,10400000.0,9557344.06438629,1736141445.3942413,de91b18937e5bb05826b50ee1c787efc35c48614c874f7b5783a3d50f66f5b6e
LA-0524,524,3c3d93c2bc8f6e7d3b518ca19430267ac14815825171d4d23d0a904ab234aa1c,M2,A1_FINAL_NO_MEMORY_V1,PASS,9e0d1defb88b2b99b20a3bf7b9eab02316a03fdd0f2aaec944faa7fc76a3d177,0153fb9e72bd889698e6a948963ae751a79d769e99e670400f893c0e72c2ef55,06d1a567023cb746aaa4bcfb403cc3bb703e13d68a40a369917cc551e7818242,P4,0.0,0.0,0.0,14059704.215764001,0.0,209563305.43749657,R0,NONE,R0,1,0,0,0,0,0,1,0,0,False,False,False,True,False,True,False,False,False,False,False,Q[NONE]|F[Water+Crackers],1191052620.5660477,1191052620.5660477,0.0,2738689.268938575,0.0,2738689.268938575,h09,5,Katrina,1188313931.2971091,16399216.586499901,1171914714.7106092,1716542818.6445475,165414525.41983885,1.0,10400000.0,0.0,155014525.41983885,0.0,9557344.06438629,1706985474.580161,7120b3726372483bcf6e83a3fc0500a3f362e1a7b1d3dfbe9a1da22f8cf0e509
LA-0525,525,83af71f8ba5ee33ca66c978cd2649cf74ae3bce9b598a5f4db626a4d7733bd9d,M2,A1_FINAL_NO_MEMORY_V1,PASS,8a9701ed5c23484175d99d2d24f7383ba4229c44b3c269dca4c922b543b4cd9a,309c60e037894031631949bc0df294138fc58803ccf3efb187106825287a6505,9798a4e286816627a5c3d7013de8591cc2afd903be78ca41d0d729e3b3546490,P4,0.0,0.0,0.0,0.0,3165565.750312587,0.0,NONE,R0,NONE,0,0,0,1,0,0,0,0,0,False,False,False,False,True,False,False,False,False,False,False,Q[NONE]|F[Vaccine],1178808246.750184,1178808246.750184,0.0,4911327.111832061,0.0,4911327.111832061,h09,5,Katrina,1173896919.638352,14226578.743606418,1159670340.8947456,1880209346.4518313,1747997.6125548452,1.0,0.0,1747997.6125548452,0.0,10400000.0,7809346.451831444,1862000000.0,85397e4fba16f8d1e8da9357105d72e71155991c16951e12a765005f08f10b2d
LA-0526,526,29243bf437f140fdbfe523bc861322ac1c7619b38c771048583e252d065b0011,M2,A1_FINAL_NO_MEMORY_V1,PASS,45aa49db2b85554c78cd007c42fced3f7807e427ac25533ad3410b9bd1d73e00,13a452dc2c541177a6f39de4ac5cb9c824acd0308b85d224bea3b0e801346bc5,e4641b6a8a4f20b702188d10f5f7ce5b8916b7f065f6dc8f470fcf565729cd9f,P4,0.0,0.0,0.0,0.0,1075544.3018919674,0.0,NONE,R2,NONE,0,0,0,0,0,1,0,0,0,False,False,False,False,True,False,False,False,False,False,False,Q[NONE]|F[Vaccine],1220458087.76437,1220458087.76437,0.0,5445793.3204137655,3946990.831542112,9392784.151955876,h09,5,Katrina,1211065303.6124141,9745121.703482602,1201320181.9089315,1880957583.0322816,999761.0321045375,1.0,0.0,999761.0321045375,0.0,10400000.0,8557583.032281753,1862000000.0,2d4cb96fed46abb58eef970771d20c224881b6f8d296ebb588dd01cd94edac3c
LA-0527,527,59a4486b0eeb705c15e29f7b2ada095461350d05bb79bd6d20a01371d67cf833,M2,A1_FINAL_NO_MEMORY_V1,PASS,96463c3d764114826f4985e4ddaf60b1ffcee94ae9f48bf0ec8410a4e6103144,5343064652907c27f21151dc6fad0625ad4da7c2c410ae06d5ce259a5e70fca2,cb94f5cbbd062d8176fb222cf0ed6018ca454eafe39bec451be310e4e1915621,P4,0.0,0.0,0.0,0.0,0.0,216212047.1430248,NONE,NONE,R1,0,0,0,0,0,0,0,1,0,False,False,False,False,False,True,False,False,False,False,False,Q[NONE]|F[Crackers],1229422634.3147156,1229422634.3147156,0.0,7637478.068656449,890102.9615263585,8527581.030182809,h09,5,Katrina,1220895053.2845328,10610324.82525567,1210284728.4592772,1757421088.353969,124536255.71041737,1.0,0.0,0.0,124536255.71041737,10400000.0,9557344.06438629,1737463744.2895827,de1897c13a8cc916ade7e3ae722d4a401e1022d0f1d735de8a69585129b5caf7
LA-0528,528,6be2fb705b657f16b0d243c4d71dd16622e5b8779b782f6910b99be278e7ef27,M2,A1_FINAL_NO_MEMORY_V1,PASS,73192ad2330cc8692cc177062320816e19685c46b4e58dc5d36f57bf84311541,4c18d8b2b20dc47b592192189b9a8eb6b4e1be5e031e89593f8a6b3e7a6891e4,75aabaa63b9225d5ddcecf5ac47aee2b8c1ae496489bf5acd19bdd36335130a2,P1,14395773.838575201,680754.9348080802,0.0,0.0,0.0,0.0,NONE,NONE,NONE,0,0,0,0,0,0,0,0,0,True,True,False,False,False,False,False,False,False,False,False,Q[Water+Vaccine]|F[NONE],1221788872.962194,1221788872.962194,19137905.85543844,0.0,0.0,19137905.85543844,h09,5,Katrina,1202650967.1067555,0.0,1202650967.1067555,1871065543.3872297,0.0,0.999999999999998,0.0,0.0,0.0,0.0,9065543.387229726,1862000000.0,7578a36d2f953470850366ac1dc8d9fde0c2629cbc2d397e51356455974e9a24
LA-0529,529,dc86ebb90df2923f220cd9907884ebf15719f985892970696dab4758aaa4c2ed,M2,A1_FINAL_NO_MEMORY_V1,PASS,21c180be9f3a67a0974ecf236597ebd65c3c606f90c01c0c3a6ef5870088ab63,040bd079890b4fd5a8ac49a82de8ebfbc7ac47de7698bbeffda490c6f2c82713,3e06bbfa81a1fec8041d85d7dbf98340a57324f73165a830aaa3a1f0f7d986f8,P4,0.0,0.0,0.0,0.0,1355034.8911823675,13693000.226398338,NONE,R0,R0,0,0,0,1,0,0,1,0,0,False,False,False,False,True,True,False,False,False,False,False,Q[NONE]|F[Vaccine+Crackers],1221884529.2100956,1221884529.2100956,0.0,2091799.9097930363,0.0,2091799.9097930363,h09,5,Katrina,1219792729.3003025,17046105.945645437,1202746623.3546572,1871828625.2116346,10128718.852751624,0.9999999999999998,0.0,912063.7572423237,9216655.0955093,10400000.0,8645280.307143966,1852783344.9044907,ba2f10af82ab7aa9a4e46795cb39099761e9adc97432e9992b2024a9c886a0c1
LA-0530,530,caea929a1b1cec4e2cdb37bf6e7d252442a92cb1665b7ab64349eeb4f9ea1bd8,M2,A1_FINAL_NO_MEMORY_V1,PASS,0c627754c4c5f014675201000d1dded2ec51338499fc3c2bdbbcda3cd9a44a6c,03f693895f76dc4e2ee88a82f281d53aa53b6e90c3b00a6677d38039e47588f2,dca7ce9105c9fa9029423a34a55c4ae95e76630ea224ffb92d4f82bfb3fd657a,P4,0.0,0.0,0.0,0.0,981214.2491007929,0.0,NONE,R0,NONE,0,0,0,1,0,0,0,0,0,False,False,False,False,True,False,False,False,False,False,False,Q[NONE]|F[Vaccine],1229702898.5431273,1229702898.5431273,0.0,3853478.8064091215,0.0,3853478.8064091215,h09,5,Katrina,1225849419.7367182,15284427.049029356,1210564992.6876888,1881123665.4334524,833678.63093399,1.0,0.0,833678.63093399,0.0,10400000.0,8723665.433452299,1862000000.0,a6f2909721ff63f73f727c2df16ce36423acc8103c031dd1c73f75f1375b83ca
LA-0531,531,473e5acbfdcf84b5f69ef19f52c6a51a7575b57b7da58d61a4f2e44ff0f89498,M2,A1_FINAL_NO_MEMORY_V1,PASS,9a07e7c38747dc5c28b43d05b8be838b258648b94c4addd8d111dd2dd74c7303,c86fe526b39145772436ba9cbc49161272ea6aad3851c14561b39427d7cfa018,655c126dca9d277b65e1211df5bde7cf736367a46fdd3e2751b36fa4c57f19a6,P4,0.0,0.0,0.0,0.0,0.0,187141551.671161,NONE,NONE,R0,0,0,0,0,0,0,1,0,0,False,False,False,False,False,True,False,False,False,False,False,Q[NONE]|F[Crackers],1222391219.0918128,1222391219.0918128,0.0,3730926.9973134813,0.0,3730926.9973134813,h09,5,Katrina,1218660292.0944993,15406978.858124994,1203253313.2363744,1738664645.6979117,143292698.36647457,0.9999999999999998,0.0,0.0,143292698.36647457,10400000.0,9557344.06438629,1718707301.6335254,653367502970478d25bb8c9a8fd5f946231785932a5dd38363fe34d8c851f855
LA-0532,532,f40a0936f32d675b802a80ed0adbf53e95be1c900369f26453f2a739eaffd919,M2,A1_FINAL_NO_MEMORY_V1,PASS,70f2611cc1a67beb6c5f5a9ad2dc1ba0c8cb1e01352eedfb072033934ed5fc52,ff599bbdcbbc90f1f3d5ac20e8fba736a9c763c9e573de14880ba42fbce7e5e3,796feeacce62d477f01c1080894e297f170c7b151bf2c9e15cdce9dd9d2996ca,P4,0.0,0.0,0.0,0.0,0.0,269744701.33456844,NONE,NONE,R0,0,0,0,0,0,0,1,0,0,False,False,False,False,False,True,False,False,False,False,False,Q[NONE]|F[Crackers],1228246586.442299,1228246586.442299,0.0,8457266.64285672,0.0,8457266.64285672,h09,5,Katrina,1219789319.799442,10680639.212581757,1209108680.5868602,1754283956.812097,127673387.25228925,1.0,0.0,0.0,127673387.25228925,10400000.0,9557344.06438629,1734326612.7477107,ab1519a938e265c3d8c8d166a0b7b263f2446a5f32437775875d22884272e193
LA-0533,533,6ca967e577c08c83aa85910faabff8682b506254c8a58ca858dc31caee4fca12,M2,A1_FINAL_NO_MEMORY_V1,PASS,57284e8fced60b49cee88e1bf5371751b08eb668990fa04a5236d1dfbf2e2920,bc0731f333db6e66d8263ceff1d1c1a73717286789a534bcb12aee6a0e9aad25,8acd6cc79aead06de5777178cacdd69a6f3cd74dccf584cd2ab660eed78c827d,P4,0.0,0.0,0.0,0.0,1291301.523841354,0.0,NONE,R0,NONE,0,0,0,1,0,0,0,0,0,False,False,False,False,True,False,False,False,False,False,False,Q[NONE]|F[Vaccine],1216676542.3493161,1216676542.3493161,0.0,2078581.959340477,0.0,2078581.959340477,h09,5,Katrina,1214597960.3899755,17059323.896098003,1197538636.4938776,1880889647.8243368,1067696.2400495994,1.0,0.0,1067696.2400495994,0.0,10400000.0,8489647.82433669,1862000000.0,00d6afdea3ab44bc8ff19a4db5f53189f595c74765786106e7426f3ffba00c8b
LA-0534,534,76613688246fc21bd3cc4da9ace6e6631a784ba3b2caea1552cebedc2b08edfe,M2,A1_FINAL_NO_MEMORY_V1,PASS,d0928d86ce9ba96555d8255d09fd763982e0c3d064a1884c58d40c42f0258ccc,7b1d0d02e5ae8983e531a922f050c936b9402af142a6cec304c7e5f7512d34dd,7fc3841e542d64c821ef087f59a21192fed4e44b8b7f0a12078a49dbda554474,P4,0.0,0.0,0.0,0.0,0.0,220976382.0362221,NONE,NONE,R0,0,0,0,0,0,0,1,0,0,False,False,False,False,False,True,False,False,False,False,False,Q[NONE]|F[Crackers],1211326987.3463883,1211326987.3463883,0.0,1081775.8165567832,0.0,1081775.8165567832,h09,5,Katrina,1210245211.5298316,18056130.038881697,1192189081.4909499,1709150583.2101164,172806760.85426998,1.0,0.0,0.0,172806760.85426998,10400000.0,9557344.06438629,1689193239.14573,0aff0651ab936fd3a585e79f963c167ea2cec28ea10d21d334f73442a5555a39
LA-0535,535,356e2e799ef138457c0ccda7b657de651f2ba16d9571fa79c0f713a04c306599,M2,A1_FINAL_NO_MEMORY_V1,PASS,8055a5fd554cec45fdac1e144b887e4594333be7220903ccd1be6b9968ac3ea9,4b8a47c5359b037bfe421539493276a09ffffc8a5f3794ffac8c064292181c82,e63ea068204133cfcb788c761697a2140d7afbaccad67327d7327174fdb5b8f9,P4,0.0,0.0,0.0,0.0,1556903.7921503466,0.0,NONE,R0,NONE,0,0,0,1,0,0,0,0,0,False,False,False,False,True,False,False,False,False,False,False,Q[NONE]|F[Vaccine],1221524298.0855188,1221524298.0855188,0.0,2334537.3993829796,0.0,2334537.3993829796,h09,5,Katrina,1219189760.6861358,16803368.456055496,1202386392.2300804,1880976737.4286807,980606.6357056292,0.9999999999999998,0.0,980606.6357056292,0.0,10400000.0,8576737.42868066,1862000000.0,f3933c3de697a6ad04bb5585851a05bae04a85ee7c4a4ce88cd7bfe86cd520ca
LA-0536,536,88e5f0191710c9ddf4690630ac0c81e710bcf8811d1e5c7537b630c417ca0d6f,M2,A1_FINAL_NO_MEMORY_V1,PASS,58823c797416a6a341c181f26d894d9b2d52c6438278c3927a7515a23d9d253c,a2e67e8ca5e92b918d4c9486ee80e3c9c8fca864689f5c2c855015d65a09b7ae,f943a09e3b137d14d7d1a4ac8e28d01193a96101e9cd14b362e04b7008cbe2e7,P4,0.0,0.0,0.0,28042777.590996318,0.0,249109761.5153936,R0,NONE,R0,1,0,0,0,0,0,1,0,0,False,False,False,True,False,True,False,False,False,False,False,Q[NONE]|F[Water+Crackers],1214531049.897401,1214531049.897401,0.0,8378477.487930104,0.0,8378477.487930104,h09,5,Katrina,1206152572.409471,10759428.367508374,1195393144.0419626,1779172004.8677478,102785339.1966387,1.0,10400000.0,0.0,92385339.1966387,0.0,9557344.06438629,1769614660.8033614,0ff64b7f4ce00b709d70b5070e238502377bfe011bc67ee97c262067ba4991f7
LA-0537,537,8cc3f0d9b6151900abab4598bd88273e02d9ec429f1852718dda2b1fe78019b9,M2,A1_FINAL_NO_MEMORY_V1,PASS,aa15e074843c276daa7eb31a491457356d328165761f37a7c2f72ef78134a5a9,1cc6606d6191a800354fc88f7c280d0bc279cd02c433d1372c3f8b396abe6f47,eca0177cebf96a0192e42ac74ec7bd1662e2d47ac98f90980aa1f64ff6da6c21,P1,15753603.104275709,619748.6906769631,0.0,0.0,0.0,0.0,NONE,NONE,NONE,0,0,0,0,0,0,0,0,0,True,True,False,False,False,False,False,False,False,False,False,Q[Water+Vaccine]|F[NONE],1226390248.0939023,1226390248.0939023,19137905.85543848,0.0,0.0,19137905.85543848,h09,5,Katrina,1207252342.2384639,0.0,1207252342.2384639,1871148206.7806566,0.0,1.0,0.0,0.0,0.0,0.0,9148206.78065651,1862000000.0,9d316cfd57c408295134758410d163319450c2811cdcbcdf5b067c19f4c1f1cb
LA-0538,538,bb258092ace55c12f6803dbf9c2e9f9ca7929da87dfb0a40296ec047254940f3,M2,A1_FINAL_NO_MEMORY_V1,PASS,81e6458dc769054f7367500ee5e879dabd16dc496d0cf4629dedd20bf4a08a22,0404ec60f7b2e6c2986199568be09fc3f5170a297bcb9fd7de2febcc5ee80ec3,bc84d6c460441e9389ed6c25ab098346a365218cf305a724294bc45a2718fb30,P4,0.0,0.0,0.0,15345551.25442807,0.0,90291536.88751869,R0,NONE,R0,1,0,0,0,0,0,1,0,0,False,False,False,True,False,True,False,False,False,False,False,Q[NONE]|F[Water+Crackers],1226224637.6155288,1226224637.6155288,0.0,3979901.5411695954,0.0,3979901.5411695954,h09,5,Katrina,1222244736.0743592,15158004.314268883,1207086731.7600904,1810364887.171759,71592456.89262742,1.0,10400000.0,0.0,61192456.892627425,0.0,9557344.06438629,1800807543.1073725,58d81ce9465db055f6d3e155cd03dc4a877fda012da4a10f36dd94822e975d48
LA-0539,539,38b363b234a7c060faae0441c55f6a3fd6b9eab446463cb665ae20148e7cb7b9,M2,A1_FINAL_NO_MEMORY_V1,PASS,3024cfabefa3bc36d5db062bfc1c241cf656b48804dcd17a4f32537a29f280a5,f4c2756d6f900985667d7979ffaac2cabdcca1239db0515ca19e3e7198ca8b6a,2b6cb8ee08b2ae3be776ad8cd33e4b5d97f5fa93c874863a29d1a0aba831da0e,P4,0.0,0.0,0.0,0.0,0.0,179820765.82621947,NONE,NONE,R0,0,0,0,0,0,0,1,0,0,False,False,False,False,False,True,False,False,False,False,False,Q[NONE]|F[Crackers],1221453232.7320273,1221453232.7320273,0.0,1998118.0619060283,0.0,1998118.0619060283,h09,5,Katrina,1219455114.6701212,17139787.79353245,1202315326.8765888,1736162548.0672412,145794795.99714518,1.0,0.0,0.0,145794795.99714518,10400000.0,9557344.06438629,1716205204.0028548,7fe010c1ea9d4e924e41c060025912efa90142e2f782b4f327c9dbf6cadf10ef
LA-0540,540,d39404d9be341d8913169521cd3183913ef2c5028e15ab06c6acb7af66a6d5d1,M2,A1_FINAL_NO_MEMORY_V1,PASS,3988a521ffd3d957c1b951b9e8e19585f21ea9412d463ccfd1904639eaf64e06,105d44c268c84215bfc13569a80e6d780e85dca0cff7b4dee0c7c453b0107a08,52113b77fcf94295aa1f74f00dcdb7690e6bca70b76e65de30f29f6073008901,P4,0.0,0.0,0.0,14316893.672690282,1266782.7904492635,0.0,R0,R0,NONE,1,0,0,1,0,0,0,0,0,False,False,False,True,True,False,False,False,False,False,False,Q[NONE]|F[Water+Vaccine],1197941926.3758304,1197941926.3758304,0.0,435359.5082504981,0.0,435359.5082504981,h09,5,Katrina,1197506566.86758,18702546.34718798,1178804020.520392,1870637134.6026227,11320209.461763553,1.0,10400000.0,920209.4617635529,0.0,0.0,8637134.602622736,1862000000.0,f48d46f5daa79539653219d220fe52e14c61d66aa47adbac87f2e12698ed20ca
LA-0541,541,04d1b35d27b3ba8780541d7818178d4a2540ba3ca7eba219c7d74b1f4a8ae6fe,M2,A1_FINAL_NO_MEMORY_V1,PASS,4a4cb2e9cb20418d5f9a408d7bb46dc188f87158bddda638e01f0a9a008ec38c,f8fb73fc9bc18f031e6c0f191467fb918736fef68598ebc839f531e774ef8aa6,40147b5dc12bf1a910148d5aac25de969bc3a4a6234979a36cfc4c0ffa70ca3a,P4,0.0,0.0,0.0,16336353.584162405,0.0,98178661.21302205,R0,NONE,R0,1,0,0,0,0,0,1,0,0,False,False,False,True,False,True,False,False,False,False,False,Q[NONE]|F[Water+Crackers],1225733640.2559788,1225733640.2559788,0.0,2422610.5894086985,0.0,2422610.5894086985,h09,5,Katrina,1223311029.6665702,16715295.266029779,1206595734.4005404,1809055141.7610943,72902202.30329208,1.0,10400000.0,0.0,62502202.30329208,0.0,9557344.06438629,1799497797.696708,dc50072158de7d3d8411cf4d0b87008bb981a706be4fd69fa6a4f899213a9c1b
LA-0542,542,1161156c87dae282dae299a2132a74d24ca7475441323130948534e24801c96d,M2,A1_FINAL_NO_MEMORY_V1,PASS,8aa6decabf52847ccedbe7595c85750828262e427a150cb0e247819bbb536695,f2da10c5fc79d085cebcfe519fb0fbf917593f835a0f113532020cf08d44b5db,8b3fec97eee04b54c68c651385b34f81429c41c3bb50aa6e4c9a7cd2728eeadd,P1,15027115.977500651,652389.2089907953,0.0,0.0,0.0,0.0,NONE,NONE,NONE,0,0,0,0,0,0,0,0,0,True,True,False,False,False,False,False,False,False,False,False,Q[Water+Vaccine]|F[NONE],1224031781.2451756,1224031781.2451756,19137905.85543848,0.0,0.0,19137905.85543848,h09,5,Katrina,1204893875.3897371,0.0,1204893875.3897371,1871105837.0830293,0.0,1.0,0.0,0.0,0.0,0.0,9105837.083029196,1862000000.0,61a72829126bbbba37d6e76d255ba9d6e5f60b3b9082a2d697bc93cccd07eb66
LA-0543,543,49ae5ffd9b1cc91bfadb4a63a8ac1bc24b994d461a180f23699e0c05d21d97a4,M2,A1_FINAL_NO_MEMORY_V1,PASS,00883a130afbef468348a01e4257765d6c72f60e32f76edeb978e42fb0c71c61,5da85c2cbde69eb2978385ee0e658109257aa1e4f89f0912ee512734e4e83608,d698f43e9cc45e23df37ff5d9de72339ab3d1b9bb46d731844e175c384506af0,P4,0.0,0.0,0.0,0.0,0.0,312703500.7056756,NONE,NONE,R0,0,0,0,0,0,0,1,0,0,False,False,False,False,False,True,False,False,False,False,False,Q[NONE]|F[Crackers],1220502332.7591116,1220502332.7591116,0.0,6385013.347701833,0.0,6385013.347701833,h09,5,Katrina,1214117319.4114099,12752892.507736644,1201364426.9036732,1733626003.111747,148331340.95263943,1.0,0.0,0.0,148331340.95263943,10400000.0,9557344.06438629,1713668659.0473607,3a39d89c945f1492e8a2266d6d8fa5b640fa4c9e41c004b593caa662e4af6553
LA-0544,544,bf58ef60c709440bbba27f7294b4dfd1d5b7f3b597edd87f84a2868b0309de03,M2,A1_FINAL_NO_MEMORY_V1,PASS,2d224b8a15bee0307d12f9bed0cbfc2a7798bbcea2065cfd6caa15d08531c1de,86766ccde0b0ac2b4ba709b5f1dbc55e0a66b07b0481b1d251dc2fb37f72a8fb,a42a0d1661310bcc65736000e4fcfad5a78494da2d7e4e8cdc785dc8c6f1a1ac,P4,0.0,0.0,0.0,0.0,1293014.1874779249,0.0,NONE,R1,NONE,0,0,0,0,1,0,0,0,0,False,False,False,False,True,False,False,False,False,False,False,Q[NONE]|F[Vaccine],1216888101.6315682,1216888101.6315682,0.0,8352438.415366889,1011317.4042718201,9363755.819638709,h09,5,Katrina,1207524345.8119295,9774150.035799768,1197750195.7761297,1880893448.4725518,1063895.5918343759,1.0,0.0,1063895.5918343759,0.0,10400000.0,8493448.472551914,1862000000.0,49910c6b7b6f96f874b67633a09127f7983dde7da8b47c6d6c3c05d46dd99c7a
LA-0545,545,9e4fbefe12a971359fbd81cd4bf78d092843a092459723b486a5514c0ceac702,M2,A1_FINAL_NO_MEMORY_V1,PASS,4fd8d0a8f3437246e69b1ac41c646443ee54587a9b96a333d801493375b19aa3,c327176b05186ff937b1d7ad5e43abf00d404a56b71d0cebaae90a150ef95413,baaf40bc9e6523d6517c5840f9ef33955f193627072056184ecaf4c1b6ada34c,P4,0.0,0.0,0.0,16791979.042255174,828948.8656324585,0.0,R0,R0,NONE,1,0,0,1,0,0,0,0,0,False,False,False,True,True,False,False,False,False,False,False,Q[NONE]|F[Water+Vaccine],1220586348.933024,1220586348.933024,0.0,6881028.823189656,0.0,6881028.823189656,h09,5,Katrina,1213705320.1098342,12256877.032248821,1201448443.0775855,1871043940.124274,10913403.940112336,1.0,10400000.0,513403.9401123354,0.0,0.0,9043940.124273954,1862000000.0,7c24d06cb1e60b57af9e80a58ba0eccc7f6d690a185a4304687aa3b6d40fb22a
LA-0546,546,af81dbea29f68ba003ff59d5a30ff9905f9ae3c4cc7f920b8352938ecd0e6490,M2,A1_FINAL_NO_MEMORY_V1,PASS,bdbb03440b7b75ca9388776351f689252b7571bf5efba33db1ff45ac8cfaa787,f0e24d2903d6f3d1714b7869f47ac4e4c361a366514f9bd7ff86dcb4b0d0a509,3fbe3e844c15ac59fcdc825a4891832c59a0a00a51cfa7526d47f2cff6d00d86,P4,0.0,0.0,0.0,0.0,0.0,149355567.23196644,NONE,NONE,R0,0,0,0,0,0,0,1,0,0,False,False,False,False,False,True,False,False,False,False,False,Q[NONE]|F[Crackers],1230628951.9814641,1230628951.9814641,0.0,6834229.415072027,0.0,6834229.415072027,h09,5,Katrina,1223794722.5663922,12303676.44036645,1211491046.1260257,1760638965.1858847,121318378.87850168,1.0,0.0,0.0,121318378.87850168,10400000.0,9557344.06438629,1740681621.1214983,50a84303379d938a72bc7519fec8ed39989fb6e2822e8bbfb575f4f61cd5ef02
LA-0547,547,86baa67558c8129b76e7f735ff26155cf25cfea4be5c34b2d241bb95b8f253af,M2,A1_FINAL_NO_MEMORY_V1,PASS,e8766f531f838e82d481283d73a023c7e7963a23be357478af119b252af6d6c6,7b253bbaa420dff4714ef252e50740cea60754bdbc3cbc067bf03a66de96b04a,82aa867bddc96acf1b00ba901e2f443e11f7e1afd4d57da4359ae57f0741035b,P4,0.0,0.0,0.0,0.0,0.0,385861282.9835397,NONE,NONE,R0,0,0,0,0,0,0,1,0,0,False,False,False,False,False,True,False,False,False,False,False,Q[NONE]|F[Crackers],1231090457.0838327,1231090457.0838327,0.0,3484160.2823229753,0.0,3484160.2823229753,h09,5,Katrina,1227606296.8015099,15653745.573115502,1211952551.2283943,1761870039.402617,120087304.6617693,1.0,0.0,0.0,120087304.6617693,10400000.0,9557344.06438629,1741912695.3382306,040ab3dd02a295bfaebb28d5d44535eebb699dbe5028681c0073a362e251200d
LA-0548,548,81e95ae6d6860441be87a1bfea512cd27d07b2def54215479eaa35fc63c9e114,M2,A1_FINAL_NO_MEMORY_V1,PASS,56db41ee2254d54c465c92eb267d3211f2e9b9a632f70d540c388abd758b5b80,98f80295d5db73d981e6fed0162935428910318a59acb9efe354014379aa793f,cbb9e30312bda28c3a42f4e9351bc3626798e5c7c549c497977070a963277540,P4,0.0,0.0,0.0,0.0,0.0,245539478.96300733,NONE,NONE,R0,0,0,0,0,0,0,1,0,0,False,False,False,False,False,True,False,False,False,False,False,Q[NONE]|F[Crackers],1202335619.5497198,1202335619.5497198,0.0,5378050.672296977,0.0,5378050.672296977,h09,5,Katrina,1196957568.8774228,13759855.183141502,1183197713.6942813,1685165927.3291185,196791416.73526782,1.0,0.0,0.0,196791416.73526782,10400000.0,9557344.06438629,1665208583.2647321,4154d38670379d11a31925c63c6a342107f2e455fe12cbbabf1fae44d041b254
LA-0549,549,9d9d2add973e40e786e1954d21bd7c9b75e57b0da7abe54e042abd240cd7f6fe,M2,A1_FINAL_NO_MEMORY_V1,PASS,ba93fd6e8151b2c4d61c5ab58fbec2a2967df605cd061b4d7a5dd4f6657b6758,7d36e79cafa7e32d70638b72554dabb643f9ed0c436d66950633e760bdd0c5cf,d84d6b8a281faddfa78ae243858d230d2100f3fce71b4dec23e5c2a6b3e729f8,P2,18375225.886363447,0.0,0.0,0.0,0.0,92211203.674794,NONE,NONE,R0,0,0,0,0,0,0,1,0,0,True,False,False,False,False,True,False,False,False,False,True,Q[Water]|F[Crackers],1233076122.6625445,1233076122.6625445,11901633.806597605,2679564.2807359393,0.0,14581198.087333545,h09,5,Katrina,1218494924.575211,4556707.768104933,1213938216.807106,1828641362.435886,42915981.62850034,1.0,0.0,0.0,42915981.62850034,0.0,9557344.06438629,1819084018.3714995,9d4fc9cf0ee0a1ad916c39a2151294537ee3cd27cad5383c7f311497cfea13aa
LA-0550,550,6e404a09dfbe7b1ffe1354cc5eeced564af5fc43b47d3098a0f3f3b089ddba66,M2,A1_FINAL_NO_MEMORY_V1,PASS,1ba52bee13c5a9d8328bcfc6d562b497fdba36c3afedfc07c67944681d394865,bee425b5e18ca0c09b764132d92ea75e546443f5a721ad997d3ebf601dddf85f,b44dd1ad685b514944a3c12d1956506ce6d5f1fa991bcb42fc6384b571a04e2c,P2,14068730.17819185,0.0,0.0,0.0,0.0,103434819.15333809,NONE,NONE,R0,0,0,0,0,0,0,1,0,0,True,False,False,False,False,True,False,False,False,False,True,Q[Water]|F[Crackers],1219730713.2062037,1219730713.2062037,9112316.536414862,4609312.457845441,0.0,13721628.994260304,h09,5,Katrina,1206009084.2119434,5416276.861178174,1200592807.3507652,1793042212.1575546,78515131.90683183,1.0,0.0,0.0,78515131.90683183,0.0,9557344.06438629,1783484868.0931683,1c8171280748fac1c1a2e2b54f729b68d6e69e3d3f7adc419540f3936b1c06f7
LA-0551,551,5ca97503917f9093c7238ab30aee0d41be12643096ecf92a5499c1417a0299ab,M2,A1_FINAL_NO_MEMORY_V1,PASS,6e7729f0fee264983d26ab850463f1fd94a9b535198b6708e0157f59a4ed4af7,81947c446a2c46afa5c03835308e3c82ea3cfcbedd8cc8950356aabdcf07b7a1,e79ada4c8b053909a4ee145e2adb5fc9aba1daf86442f0c878870922dc8feae8,P1,14566411.066467902,673088.3329416771,0.0,0.0,0.0,0.0,NONE,NONE,NONE,0,0,0,0,0,0,0,0,0,True,True,False,False,False,False,False,False,False,False,False,Q[Water+Vaccine]|F[NONE],1222414252.4050152,1222414252.4050152,19137905.85543848,0.0,0.0,19137905.85543848,h09,5,Katrina,1203276346.5495768,0.0,1203276346.5495768,1871076778.286677,0.0,1.0,0.0,0.0,0.0,0.0,9076778.286676787,1862000000.0,47541e7d3dc8fa78ba3259d8425875451d5e8f5c65052e783d0b6ac17fef9415
LA-0552,552,198ec1ddcb3db0a71ccca302703ea0be69a7ec5c7587fffba5c006c6d15c23ec,M2,A1_FINAL_NO_MEMORY_V1,PASS,0609fe58174c5bc5946b78d5eca04213c0467d6864fb7e97279602250b98c8d4,5baf082adc871baff03c4d7413f65ee6109fbee2ee0ac628c495f0fa094bf29a,c64b626ef9b1708d33704f01d64eae5abb3e52eadda24d4432e17279035251fe,P4,0.0,0.0,0.0,18410610.383740384,0.0,320931413.3002764,R0,NONE,R0,1,0,0,0,0,0,1,0,0,False,False,False,True,False,True,False,False,False,False,False,Q[NONE]|F[Water+Crackers],1181201917.9883482,1181201917.9883482,0.0,5460653.61703109,0.0,5460653.61703109,h09,5,Katrina,1175741264.3713171,13677252.238407388,1162064012.1329098,1690265869.8137226,191691474.25066385,1.0,10400000.0,0.0,181291474.25066385,0.0,9557344.06438629,1680708525.7493362,7ec86af2e031d401ea7cf8cc12e79f67af4e11a05b694332f52e98a45a01ddce
LA-0553,553,bd83e8236c9549d262a50a6d63dd7be5a1e957a5b3de52cfb664b9e46694de98,M2,A1_FINAL_NO_MEMORY_V1,PASS,8cf6e9880cb7463b6bb1aec84dabf5fb4f2b8b27fd9ae3a6aa343e5a6e34e505,42301d95fa24664660ca406a15827b875d4174e0b1fdd0f8dea83016acd4c4b1,f8ec9facdf0707182ab646d0154ab55096aafc952363a29c88bc96b553c65d29,P4,0.0,0.0,0.0,16411632.753417315,0.0,91159007.01989217,R0,NONE,R0,1,0,0,0,0,0,1,0,0,False,False,False,True,False,True,False,False,False,False,False,Q[NONE]|F[Water+Crackers],1227508707.024079,1227508707.024079,0.0,2325011.684229005,0.0,2325011.684229005,h09,5,Katrina,1225183695.3398502,16812894.171209473,1208370801.1686406,1813790168.351204,68167175.71318246,1.0,10400000.0,0.0,57767175.713182464,0.0,9557344.06438629,1804232824.2868176,35ddef5ee8ea2144903dced38d7136985fa448bc1387a524a74da77eeb9439a1
LA-0554,554,6c16c5fd59fca7d715b490b54d5aba30bb669d8f1722185bcb0cfdd576e6a780,M2,A1_FINAL_NO_MEMORY_V1,PASS,963362a67c0a6789ea0b83e72929ffb2bff6175af0ac57b6006748175f7df76c,020e32ab6442988e21d32c95afeab03962981f14890d12fac174bcf1846f416d,59587f8289b04e8cfa6ca260317710c72fc7bc358a9e2a2df49d4de80ab6330a,P4,0.0,0.0,0.0,16558785.68152495,823252.4732846154,0.0,R0,R0,NONE,1,0,0,1,0,0,0,0,0,False,False,False,True,True,False,False,False,False,False,False,Q[NONE]|F[Water+Vaccine],1220383039.7192166,1220383039.7192166,0.0,4741107.333274353,0.0,4741107.333274353,h09,5,Katrina,1215641932.3859422,14396798.522164123,1201245133.863778,1871040287.6879811,10917056.376405224,1.0,10400000.0,517056.37640522415,0.0,0.0,9040287.687981065,1862000000.0,386344ac3cf54287e40c0bb99c325129650e3100be762edb09a0aa0cf0ab1be1
LA-0555,555,5845f9219dca1f2f1c816dd7c599103b020a9cb0f99d5c6a1bad95d782c8a812,M2,A1_FINAL_NO_MEMORY_V1,PASS,ed85aaa106adcc41082e75e86a30f6f153d670368e3502d46150d66b7825d906,aa8cb82453ba8c5d244d214c0322c3dfc5fa738bc52216c25f10ac24a79ee601,d5f95600f5ec899eb193703f99ad9c4c3233ab0fbba79fac4e78e8b1443f131c,P4,0.0,0.0,0.0,22294457.47247085,1600094.151228411,0.0,R0,R0,NONE,1,0,0,1,0,0,0,0,0,False,False,False,True,True,False,False,False,False,False,False,Q[NONE]|F[Water+Vaccine],1207615867.248937,1207615867.248937,0.0,1643146.0648639062,0.0,1643146.0648639062,h09,5,Katrina,1205972721.184073,17494759.790574573,1188477961.3934984,1870810926.2969513,11146417.767434966,1.0,10400000.0,746417.7674349655,0.0,0.0,8810926.296951324,1862000000.0,cea79b2a9e90167c1af7443e5a20e4a026a8cd466c91e50fb710f6d4e4ca315a
LA-0556,556,2985d972c1e5dddf81bdae702bddaf1b506ca25a3c8185378f0c085f43122eef,M2,A1_FINAL_NO_MEMORY_V1,PASS,97f4705c13b96b21ce561eb27cad6b720024067a570f5068e5ef26552df33a0a,7079aab09f12e81b41b7392d78348b77c04f822851c29c9f20c4636d0324af6b,b942ab7d864d541e55f78e7b7e84707d28fd48e5980e2bf5c6fc72f832c64d00,P4,0.0,0.0,0.0,14538148.920126932,893354.2462471534,0.0,R0,R0,NONE,1,0,0,1,0,0,0,0,0,False,False,False,True,True,False,False,False,False,False,False,Q[NONE]|F[Water+Vaccine],1213591314.2267396,1213591314.2267396,0.0,1683924.9194981402,0.0,1683924.9194981402,h09,5,Katrina,1211907389.3072414,17453980.935940333,1194453408.3713012,1870918274.7982771,11039069.266109105,0.9999999999999998,10400000.0,639069.266109105,0.0,0.0,8918274.798277184,1862000000.0,13c43b3e13ecc239e20b42d4cb0ecf28b72d3fafcea3ced4a484d56c9c9e30ea
LA-0557,557,d71eeae9cc9159840968944719cfe7c3e5f7d0dde14a196afa443e35bc867766,M2,A1_FINAL_NO_MEMORY_V1,PASS,8aca6813582e2caa159ecc8a152c8e4d49d8d47b79e457e4643211b60aa94742,597ba82ac76d6aedb8bfcdc4d60c97d61559d1f7d2e4db041d31c77566a182fe,089d1435c7ccdd9aa486e973d607c1ff4e0ecd8aa80257079fb9726fe73f5a54,P4,0.0,0.0,0.0,0.0,1344175.0078232596,0.0,NONE,R2,NONE,0,0,0,0,0,1,0,0,0,False,False,False,False,True,False,False,False,False,False,False,Q[NONE]|F[Vaccine],1218050053.1077156,1218050053.1077156,0.0,3232073.339149343,2809301.678825174,6041375.017974516,h09,5,Katrina,1212008678.089741,13096530.83746396,1198912147.2522771,1880914322.8523333,1043021.212053056,1.0,0.0,1043021.212053056,0.0,10400000.0,8514322.852333233,1862000000.0,8cff49abc02368ec84a6b8ddbe643b33947112699663a5a9e316d1f444318395
LA-0558,558,e9a3132902176fce699c64e46a10c17a7b03f29f6a830eb35e2c532b20bf7082,M2,A1_FINAL_NO_MEMORY_V1,PASS,e3778a8e1ad0695a2393266eacd3a0384d6a67b7bb3621396ea19beba7e49009,7f4262961414dcefde8b21f5f448b73d0c7dbe634575ccfefcfa5d67e1e34c22,ac7c2190e8f9657e05abc9bd7f12de46f8aafb8653b84b67ba29fe633f1477fe,P4,0.0,0.0,0.0,0.0,0.0,246124100.0243889,NONE,NONE,R0,0,0,0,0,0,0,1,0,0,False,False,False,False,False,True,False,False,False,False,False,Q[NONE]|F[Crackers],1206653159.4803255,1206653159.4803255,0.0,7647364.824289993,0.0,7647364.824289993,h09,5,Katrina,1199005794.6560354,11490541.031148486,1187515253.624887,1696683052.6241615,185274291.44022486,1.0,0.0,0.0,185274291.44022486,10400000.0,9557344.06438629,1676725708.559775,8220293f63179fba6d6a00639b7de7e97cb6bc70397baf7953f7e6ca46506651
LA-0559,559,38944a37260798b40473266bb6dbfc9ff5d6eb3a9c77f1e4a075d76223cac0af,M2,A1_FINAL_NO_MEMORY_V1,PASS,685f94efe853e080e109dd410f28090c2ac345d5acaabc95d1d3b69c44887196,0192d8728aa31d0864321291e5766b8b56b78d5e8255c67c261600dd8fcfa9a9,8e0ef33bc929dd973a8dd2ac448f4d94cf94878c2e35754bd19794535986d069,P4,0.0,0.0,0.0,0.0,0.0,260804777.03166863,NONE,NONE,R0,0,0,0,0,0,0,1,0,0,False,False,False,False,False,True,False,False,False,False,False,Q[NONE]|F[Crackers],1229310860.416438,1229310860.416438,0.0,2147748.4386335355,0.0,2147748.4386335355,h09,5,Katrina,1227163111.9778047,16990157.416804943,1210172954.5609996,1757122929.2143042,124834414.85008216,1.0,0.0,0.0,124834414.85008216,10400000.0,9557344.06438629,1737165585.1499178,223bebef3f666086cb54c5141427b80ab0f60ca0c2a0ffdb0e727a65d63b577a
LA-0560,560,3ea1b4ad1a127e4b381d0969551389ac6d5385709173428545ce3edd3d5ac5dc,M2,A1_FINAL_NO_MEMORY_V1,PASS,c264b89e65e4ea7a7cc2dd29c6d31d5cdea810a3fb40c4d7f9088a51b0bfdec4,0cff822919dc63c63af28d74d71938ae2dbf6e87be34b20cdb2a5d707cf4fa82,eb273206fa4d91fe371e8d235dc2c4ee485c578444249eb960666a24c4e29fb0,P2,14662249.191621544,0.0,0.0,0.0,0.0,184127435.21498755,NONE,NONE,R0,0,0,0,0,0,0,1,0,0,True,False,False,False,False,True,False,False,False,False,True,Q[Water]|F[Crackers],1222409561.6630247,1222409561.6630247,9496738.801413275,2233105.9595548296,0.0,11729844.760968104,h09,5,Katrina,1210679716.9020565,7408061.094470373,1203271655.8075862,1800188094.7248316,71369249.33955471,1.0,0.0,0.0,71369249.33955471,0.0,9557344.06438629,1790630750.6604452,1ffc59a0008f2b9fb81bc1837ba09cca796a2cf2e18e0ed334b3d9e4b4a5959e
LA-0561,561,73dd93caf509846cc5710ab0f5b4d5b3114929efd58489783f34388ee3b681ab,M2,A1_FINAL_NO_MEMORY_V1,PASS,6a3aca9b7135a2acb2556fc73d26de45a430476fb7762257cf5c70401b859b2c,3eb5bf25b4c392fcb8fb0c03cd82c20fe8c53f684d212d05ef7cc01555f178aa,927a9cb85f252cfdaad6ca13255eeb4364edcc2287a5c5730e623ccccb0b7db4,P4,0.0,0.0,0.0,0.0,0.0,521824479.949944,NONE,NONE,R0,0,0,0,0,0,0,1,0,0,False,False,False,False,False,True,False,False,False,False,False,Q[NONE]|F[Crackers],1211485977.8549132,1211485977.8549132,0.0,7272078.821726525,0.0,7272078.821726525,h09,5,Katrina,1204213899.0331867,11865827.033711953,1192348071.9994748,1709574693.614846,172382650.44954044,1.0,0.0,0.0,172382650.44954044,10400000.0,9557344.06438629,1689617349.5504596,112bd53409893ef18e3bf934373cbf4d6ea54bb28eb1b89175bae309a0643bd0
LA-0562,562,055a0eafcb42f58b1e284da1eed39982c07944c7f55121d4443bf8d41206cb72,M2,A1_FINAL_NO_MEMORY_V1,PASS,4d73e2c56d5c57a0deb09c942ab07ce7832db18741a82de8938ac8682ae85f39,93efacc00f0f3318b2e90c333486c51750e97335a4d299f0cd1d72f5911f4e7d,6f106efd3be3cd3400bd44bb7cba27e94ddae160e84b497efd58f23df5669fa3,P4,0.0,0.0,0.0,12810338.681322306,595456.6623810478,0.0,R0,R0,NONE,1,0,0,1,0,0,0,0,0,False,False,False,True,True,False,False,False,False,False,False,Q[NONE]|F[Water+Vaccine],1222255482.0272188,1222255482.0272188,0.0,4455025.566124188,0.0,4455025.566124188,h09,5,Katrina,1217800456.4610946,14682880.28931429,1203117576.1717803,1871073925.9875643,10883418.076821968,1.0,10400000.0,483418.0768219682,0.0,0.0,9073925.987564322,1862000000.0,f801a098824cbb10c69311735de46d8d64443c29496c7cc3059e6f7f1089d0bd
LA-0563,563,a93264f0e144faccdd338cf2e8d48a820c54bc1f6a529a554fd7b4af6e8e27f0,M2,A1_FINAL_NO_MEMORY_V1,PASS,aa7a129ceb43f0b0f2a8941f260b93bd5879e42c668acd3e8b5ad779b136dfe4,c32c1f6f834f6117b1b99126dabbefcd2466ecb321149fedaf142801b4a9ad5f,d0ac31351bd43aada63d8fe5d8a1e4affbd940d768164954d7e3f5d638a277f4,P4,0.0,0.0,0.0,0.0,0.0,429883239.9494833,NONE,NONE,R0,0,0,0,0,0,0,1,0,0,False,False,False,False,False,True,False,False,False,False,False,Q[NONE]|F[Crackers],1141896801.8584664,1141896801.8584664,0.0,286968.47143994115,0.0,286968.47143994115,h09,5,Katrina,1141609833.3870265,18850937.383998536,1122758896.003028,1523944155.8522367,358013188.21214974,1.0,0.0,0.0,358013188.21214974,10400000.0,9557344.06438629,1503986811.7878504,7cd8c13392e719d284bfe8eaee670b691bdd1602ee0700720a41cf9d24d21483
LA-0564,564,91bc40d7af94675a40a15d0d92bd7a506707936187c923afdc8f35273468bd2b,M2,A1_FINAL_NO_MEMORY_V1,PASS,a1aa629f1c276cd4d0b5752cf2fa42d29b705d72b4b0a5d4df0996232a88d2bf,e73daf552a98fb0b68821ceecfe987975a6d03d1a8a382971f56f4563ec7c8f8,41ef779ec62aa6f665604637137b0ede63ee6cdb190578d1acb29d4a20bf447b,P4,0.0,0.0,0.0,19211615.141000062,0.0,236714655.20088002,R0,NONE,R0,1,0,0,0,0,0,1,0,0,False,False,False,True,False,True,False,False,False,False,False,Q[NONE]|F[Water+Crackers],1201126248.942369,1201126248.942369,0.0,2755898.989231584,0.0,2755898.989231584,h09,5,Katrina,1198370349.9531374,16382006.866206894,1181988343.0869305,1743414426.5626047,138542917.50178176,1.0,10400000.0,0.0,128142917.50178175,0.0,9557344.06438629,1733857082.4982183,93166606233f406454ef9c1da61884e3ebeb54c240604de60a6ca8fe052886ee
LA-0565,565,6b3ed578625072eaa3f19b9d6452714e37c3b34b053f93f8cdcd91db8bc5e379,M2,A1_FINAL_NO_MEMORY_V1,PASS,792c7ecc77a78511ff9cd9495cb7a4b05261c25ff9db8a4c6f6802a95090df0b,6e3557c4613ab9a8ce40083353577539caeac90e12c111182984753e19423426,23242bfd85248df091636a62d700381e05555c8625221a163974f3a5f793d56e,P1,20874605.662193775,389665.91065729165,0.0,0.0,0.0,0.0,NONE,NONE,NONE,0,0,0,0,0,0,0,0,0,True,True,False,False,False,False,False,False,False,False,False,Q[Water+Vaccine]|F[NONE],1238358044.8164442,1238358044.8164442,19137905.855438426,0.0,0.0,19137905.855438426,h09,5,Katrina,1219220138.9610057,0.0,1219220138.9610057,1871363207.4403744,0.0,0.9999999999999972,0.0,0.0,0.0,0.0,9363207.440374494,1862000000.0,2b4c1fea215b49e0be2eea186b75ba713bc3b5000b90f0becb01045bf866218d
LA-0566,566,869aedf18e460bb0cd22682bc86b8ae68880a23650fafea937ccf1518708bbb8,M2,A1_FINAL_NO_MEMORY_V1,PASS,ae89a6ac82d9c6c4e544d32aec26097aaa554bdf2a60982c7abd03c7a67f489c,c0de1444c508d5bd3606be1064478ce4dc08c5b3251d6ad4cd4c0d9ac9de80eb,312d7ccb828375c257b0263b8a742a80514169fa7229830a5fc876e43c1763f6,P4,0.0,0.0,0.0,0.0,849969.9732036759,0.0,NONE,R2,NONE,0,0,0,0,0,1,0,0,0,False,False,False,False,True,False,False,False,False,False,False,Q[NONE]|F[Vaccine],1233193774.4151359,1233193774.4151359,0.0,4040552.425285917,2074420.426029604,6114972.851315521,h09,5,Katrina,1227078801.5638204,13022933.004122958,1214055868.5596974,1881186378.7826908,770965.28169555,1.0,0.0,770965.28169555,0.0,10400000.0,8786378.78269074,1862000000.0,b03d6a0fb8b41ef79f0b2a94773562c9a469599243da2385f5589d5bd10d5d56
LA-0567,567,e771b93b2a8f26af6360191770da8ac089e1cca8b7d62fc9f6d57035ce571fb2,M2,A1_FINAL_NO_MEMORY_V1,PASS,b175602a3c3056550f1be1feacb05d3d55ecfde2fe7bea79e44db1afdc93e2fa,8b5ac11806f20afba7ed39f0ee8929afe39816c885f81bc93e46f50d7105a7c0,e8cc016eda4255785c7f8ab9dfdc244743d25ceaeb2fc4c21584458495949b95,P4,0.0,0.0,0.0,0.0,0.0,193701090.41437367,NONE,NONE,R0,0,0,0,0,0,0,1,0,0,False,False,False,False,False,True,False,False,False,False,False,Q[NONE]|F[Crackers],1222314710.23531,1222314710.23531,0.0,3995377.6824325803,0.0,3995377.6824325803,h09,5,Katrina,1218319332.5528774,15142528.173005898,1203176804.3798716,1738460556.7721143,143496787.292272,1.0,0.0,0.0,143496787.292272,10400000.0,9557344.06438629,1718503212.707728,2239ef7a26b729f41a1b29f380ca71a12a507c063e849e15af4049fdb68c356f
LA-0568,568,892be4e601bc7b28e19d70e67c8042fbb6425f462aefb05dc2f00fdb6d1c8992,M2,A1_FINAL_NO_MEMORY_V1,PASS,438d062e387b7de6e0357d8ed903e605dd51583626da3f1e2dabbc2373196522,a47ebcccca161e17e52bae11f2266001b4f2a09f9ce25fb2fc3fb2603f395ae1,27e18c5a8b023536f7f569f1e9a40eec96872270208d04cd3a100ce229936863,P4,0.0,0.0,0.0,0.0,0.0,274833874.91706544,NONE,NONE,R0,0,0,0,0,0,0,1,0,0,False,False,False,False,False,True,False,False,False,False,False,Q[NONE]|F[Crackers],1238060229.0029867,1238060229.0029867,0.0,5007823.055857617,0.0,5007823.055857617,h09,5,Katrina,1233052405.947129,14130082.799580859,1218922323.1475482,1780462047.2962198,101495296.76816663,1.0,0.0,0.0,101495296.76816663,10400000.0,9557344.06438629,1760504703.2318335,483fcb582791e8fb8e8d17e1c7f13251f99150abaa4cfef5e0bb59342adfb135
LA-0569,569,8074e066047b180b133d579a648346cc2d7af24311bb52f2b44388139b7c2c45,M2,A1_FINAL_NO_MEMORY_V1,PASS,a981f31724c41fe37193a58355c397bae2a8f82b0533e36c811b5d81e9467f38,df447eb4586fc62389704720e4f4c2a8c864c1890124786cc9f3efd7203aff69,d45bc5673cb67af2dd02f0ff5639ace0a30cf06bd18c62f32e1b2ee64f463329,P1,14020130.9002513,697632.2885228687,0.0,0.0,0.0,0.0,NONE,NONE,NONE,0,0,0,0,0,0,0,0,0,True,True,False,False,False,False,False,False,False,False,False,Q[Water+Vaccine]|F[NONE],1220358512.3704045,1220358512.3704045,19137905.85543844,0.0,0.0,19137905.85543844,h09,5,Katrina,1201220606.514966,0.0,1201220606.514966,1871039847.0558164,0.0,0.999999999999998,0.0,0.0,0.0,0.0,9039847.055816434,1862000000.0,e0bf5176ce9b6529806bd8326fd6712c1250f0155cd16673e0baf6d3c3dcec22
LA-0570,570,6e163098c5a5a66c816a8c3d42de8464b16b5f73e1461b91a75fd28512602a3c,M2,A1_FINAL_NO_MEMORY_V1,PASS,dc32370373237c7adee5eff91d5fa6788f21cc9a92383730500ef3cc95d570e5,d87f74cdff459b0356fab1c208a610ff4936c82436a0b4a4cdabbac60b37de67,1cd49f0fcf7b4fb6f95515ad5469bb5bb1bfbf6e9a35b62e63a1fd211ee25d17,P1,16954281.14954765,565803.1322750014,0.0,0.0,0.0,0.0,NONE,NONE,NONE,0,0,0,0,0,0,0,0,0,True,True,False,False,False,False,False,False,False,False,False,Q[Water+Vaccine]|F[NONE],1229845062.1672258,1229845062.1672258,19137905.855438434,0.0,0.0,19137905.855438434,h09,5,Katrina,1210707156.3117874,0.0,1210707156.3117874,1871210272.2821174,0.0,0.9999999999999977,0.0,0.0,0.0,0.0,9210272.282117479,1862000000.0,b01e1f5e09078fb639466dee6c6209585501b24df9ae31666675a1b478a1b28a
LA-0571,571,b7c7753adf378d2f2f322a2f495e49944018add5544f41d7879e9662a5b2eb30,M2,A1_FINAL_NO_MEMORY_V1,PASS,ff9a3d6554e57e6ecaec9ede90effbb382d53a3eb94d836a838a92e89df38d4a,27b7e74b4328229344aed271207a6e9cf9d63485dc7c7c3f754476a8d979c1aa,d54b56b2c7be5e5a8091afc6109656cf0ecf3f2e75c53a6a37e8e6f3d9890b2d,P4,0.0,0.0,0.0,0.0,0.0,235564645.16280818,NONE,NONE,R0,0,0,0,0,0,0,1,0,0,False,False,False,False,False,True,False,False,False,False,False,Q[NONE]|F[Crackers],1202918383.2862666,1202918383.2862666,0.0,2916967.1843705056,0.0,2916967.1843705056,h09,5,Katrina,1200001416.101896,16220938.671067972,1183780477.430828,1686720461.410816,195236882.65357032,1.0,0.0,0.0,195236882.65357032,10400000.0,9557344.06438629,1666763117.3464296,806bc8edd228a65668f8bac785588c288fca0d019455ccfcc3c3ba25e99683eb
LA-0572,572,1b7fcd7cefb3bdf638af1eaeb65efef59898a8745cf0c2ba44a310272e14f4bc,M2,A1_FINAL_NO_MEMORY_V1,PASS,2c8240360b19647fd06df1cf59fc3f9a60af5bb5558e7fffa3858479c936d3aa,ef6eefa6022e39512b688d53387c4015578fa64a448889566113858ee034c990,538f176d4f05b685cb1e2382afbdb21016ae57afe3d836b07758b2be6a89303b,P4,0.0,0.0,0.0,0.0,1066041.3769348694,0.0,NONE,R0,NONE,0,0,0,1,0,0,0,0,0,False,False,False,False,True,False,False,False,False,False,False,Q[NONE]|F[Vaccine],1228055937.591531,1228055937.591531,0.0,1996366.4432054062,0.0,1996366.4432054062,h09,5,Katrina,1226059571.1483257,17141539.412233073,1208918031.7360926,1881094077.891206,863266.1731802607,1.0,0.0,863266.1731802607,0.0,10400000.0,8694077.89120603,1862000000.0,1400e77800eeb49b835803074141e60dd94805888617b772ca7853b88ba75eb3
LA-0573,573,cfd088cc5e34aae682fadaa4623778872914e9179cd8d5caa45de271fced25ce,M2,A1_FINAL_NO_MEMORY_V1,PASS,0b1ccde4de804016aaa10d04e331d1cd632815db566fd2fa464e2c8d186554c7,6be915c62e39094510a35c58e46618947376dc8c33f4985df74b3a57a9d29549,c69a401b657249c3503ba0d2ffebceced344161f100643ea516e3ba7e8c910e6,P2,16205572.017211482,0.0,0.0,0.0,0.0,69348953.52054326,NONE,NONE,R0,0,0,0,0,0,0,1,0,0,True,False,False,False,False,True,False,False,False,False,True,Q[Water]|F[Crackers],1227480736.66063,1227480736.66063,10496348.995547878,3181925.764286253,0.0,13678274.759834131,h09,5,Katrina,1213802461.900796,5459631.095604348,1208342830.8051915,1813715556.8396559,57841787.22473038,1.0,0.0,0.0,57841787.22473038,0.0,9557344.06438629,1804158212.7752695,25d1876792812d7f8c85a5eeef6807c65cc9c73d0375624d7ea39774bac97c20
LA-0574,574,b143113ec1f2e817a46d9ef9824fa874efd91615efe1b48fc0a2871735a443b0,M2,A1_FINAL_NO_MEMORY_V1,PASS,d33efe587e015a274584608e70cdb4f6212d0adba37d166fddc9c33488bdad97,fcf25ee3a82cf0597d6b75f8c068027969fe19f7fc689579adfa06b07cc3d90c,cf45f56c8a114076e271ec58323cc117f09547fb4e3c50585549a49c7e4ac4d5,P4,0.0,0.0,0.0,14412138.67546894,0.0,217539848.6871453,R0,NONE,R0,1,0,0,0,0,0,1,0,0,False,False,False,True,False,True,False,False,False,False,False,Q[NONE]|F[Water+Crackers],1190315884.16698,1190315884.16698,0.0,2627189.100589771,0.0,2627189.100589771,h09,5,Katrina,1187688695.0663903,16510716.754848707,1171177978.3115416,1714577559.3640635,167379784.7003229,1.0,10400000.0,-1.7387660188964484e-10,156979784.7003229,0.0,9557344.06438629,1705020215.2996771,57a376bf8067e939f65e2a34e2150405cbf1bbf3344814d48471b1a8d5890fef
LA-0575,575,30d07b6a2bff226fdc421bad06d9b3880909b6f6bd889b9fa0ccf06484e40ad5,M2,A1_FINAL_NO_MEMORY_V1,PASS,b407ff3d4aae1b3a91cf696309c0a473ba5c01b2528b64df6d49859475920a92,73a00909d767f24f7ada9a5d19a21bf8e44c04baa79b1353e5111538234be0e0,8ea398b4eb4b661f7ac4da06a12d90d52bcc95159cdf6a6e33e638d4b168fc1c,P4,0.0,0.0,0.0,0.0,1916092.5587494017,0.0,NONE,R1,NONE,0,0,0,0,1,0,0,0,0,False,False,False,False,True,False,False,False,False,False,False,Q[NONE]|F[Vaccine],1189106348.8280747,1189106348.8280747,0.0,5654354.432347026,675584.9852201705,6329939.417567196,h09,5,Katrina,1182776409.4105074,12807966.437871281,1169968442.9726362,1880394351.160043,1562992.9043432428,1.0,0.0,1562992.9043432428,0.0,10400000.0,7994351.160043047,1862000000.0,8111cb3f74aa10795431e8595ebcdeeb3ffb217652619aa6943fde26e5d0411d
LA-0576,576,7e81548d9f6415a31ce50d10c97fd3272e227aeea06b27c6c6ff4c38e03ece7f,M2,A1_FINAL_NO_MEMORY_V1,PASS,3b2bc27aee894bb265875ce672164b8c2fd34a072f0c5aebb5506f37dc40fd23,025b56b8ff19d9425787aaf145795115529f219887a53f234ef3de1a4b9a8de2,72ccd1c0d581aec8e051a7bc7ab74c346ef6770c522607f26904060a4d7cf6b6,P4,0.0,0.0,0.0,0.0,1385747.9867826828,0.0,NONE,R1,NONE,0,0,0,0,1,0,0,0,0,False,False,False,False,True,False,False,False,False,False,False,Q[NONE]|F[Vaccine],1229053586.6197658,1229053586.6197658,0.0,5957600.102750785,2738426.7369369427,8696026.839687727,h09,5,Katrina,1220357559.780078,10441879.01575075,1209915680.7643273,1881112000.588609,845343.4757773628,1.0,0.0,845343.4757773628,0.0,10400000.0,8712000.588608926,1862000000.0,7740c9a6abd09f751d4798eb6c87674b1527c33889a16c93382c65fb5166d174
LA-0577,577,0c33b9f7b2f39324b95707b25eb2e07af1ba08cb92c0be0bab15e3a2ae1e62d9,M2,A1_FINAL_NO_MEMORY_V1,PASS,c0862707a137ad37931541175c5772051d6379d232f91dc0461030a0c3441f13,924ab70c19871807c0ff6c8ef35776db8536c1e50a11c2e153b6d9f7a9e8817f,2af0a133c20ea2631b1447544ddbc1ea9dc9c21a968444bde6268ae1e168049f,P4,0.0,0.0,0.0,423705.97720952804,1342547.9951354868,0.0,R0,R0,NONE,1,0,0,1,0,0,0,0,0,False,False,False,True,True,False,False,False,False,False,False,Q[NONE]|F[Water+Vaccine],1220405769.6559544,1220405769.6559544,0.0,7418955.310406781,0.0,7418955.310406781,h09,5,Katrina,1212986814.3455477,11718950.545031697,1201267863.800516,1880659882.0550234,1297462.0093629593,1.0,311247.6558733454,986214.353489614,0.0,10088752.344126655,8571129.710896676,1862000000.0,2d51869b21b6c195d043b52fb4cce36ab066d844eee83d1c11610c103d6ca046
LA-0578,578,e9f3200c256a531b1f03827d8bcbf4bc90a74541acc6d1e7b0fb2fec51ec7dcb,M2,A1_FINAL_NO_MEMORY_V1,PASS,957a66fc01fb7cf5f2ca76eba15ccf39a12dcd6c1a87215d0ba8e12c35874ecc,bc36a36fc112c5c7c6a5a094f90d3505f767ca5abb8ca083979c09d3d7236a60,c5ee4cd3cb0b259b5d320e6895eb16724006e271f7f9327fbd947c275b3726a8,P4,0.0,0.0,0.0,15210271.861654732,1983060.3562420246,0.0,R0,R0,NONE,1,0,0,1,0,0,0,0,0,False,False,False,True,True,False,False,False,False,False,False,Q[NONE]|F[Water+Vaccine],1173688842.8154151,1173688842.8154151,0.0,2167293.034198698,0.0,2167293.034198698,h09,5,Katrina,1171521549.7812164,16970612.82123978,1154550936.9599767,1870201429.5947106,11755914.469675586,1.0,10400000.0,1355914.4696755854,0.0,0.0,8201429.594710704,1862000000.0,70c7f1c6e3e613e4b2f5810632261acf4b4a01f95343eaf91c258e5d42b97971
LA-0579,579,7bd0787ca643d66e5a9bdbf9be666a17fd0de37d798ce473c9e4f24ef111841e,M2,A1_FINAL_NO_MEMORY_V1,PASS,06b3640150f9b62bb2c6bd3281ff644d0a914f73eec66d63beabf9d97a039752,f43f4c177345dac6e5e25abb513aa41c382bfd6561e2a37ffcbe47d837b67f91,59f8ad33e683c54cff201ef5c0028ce2ff8df292e884272892e8012e287cbf93,P2,17692430.100078017,0.0,0.0,0.0,684072.9391456291,0.0,NONE,R0,NONE,0,0,0,1,0,0,0,0,0,True,False,False,False,True,False,False,False,False,False,True,Q[Water]|F[Vaccine],1231572629.7786252,1231572629.7786252,11459386.975820532,3107285.5351266544,0.0,14566672.510947186,h09,5,Katrina,1217005957.267678,4571233.344491288,1212434723.9231868,1871241307.9175622,316036.1468240105,0.9999999999999998,0.0,316036.1468240105,0.0,0.0,9241307.91756228,1862000000.0,bf926ec1e100b29368eaf99ce09153004bc21939f32e184cc0d3b85d7bf75480
LA-0580,580,a98d8839ce3abc6204fb767fc7db0c8ec24dcf5c8ad37f4de32f87180ccd655c,M2,A1_FINAL_NO_MEMORY_V1,PASS,53b11b8df648f496d82e4b38c2592eddb3f413419e59dbbb910f81ecb6e3d2d6,872339c48fc49e0f05b22e78e85ef4ed597b32c8cb7e23eb229cb7cf849fc646,bdb25e999d56a0a3ffa1390b473c9238313b5ad8ad8f41a404a93fe92c9d24c0,P4,0.0,0.0,0.0,14654706.180366103,0.0,52447342.055891536,R0,NONE,R0,1,0,0,0,0,0,1,0,0,False,False,False,True,False,True,False,False,False,False,False,Q[NONE]|F[Water+Crackers],1235211324.985984,1235211324.985984,0.0,4494902.136502752,0.0,4494902.136502752,h09,5,Katrina,1230716422.8494813,14643003.718935726,1216073419.1305456,1834337057.920946,47620286.14344048,1.0,10400000.0,0.0,37220286.14344048,0.0,9557344.06438629,1824779713.8565595,09b361c17152f8933fbe3be81d8b5bd4203859e55ed9f59e86b6ceb90549fc55
LA-0581,581,065a2372c1e7accb6a913f8f95adb7ffbd0b0f68a3bfc7ff243e4410098be0c2,M2,A1_FINAL_NO_MEMORY_V1,PASS,89d9a4a2106041b3396c61d3470d6ee969ac6186ca4d0bfe44e00ecaec632ef3,954074fafa38ab782a5b21706938e08c1c479ec36f0bc0bdd7ff5915707f9778,2f9b3d32110c7cb28bca8cd58316e637d29fb3e1975b90258c9f25e4150cc9fb,P1,14042382.295010917,696632.550149827,0.0,0.0,0.0,0.0,NONE,NONE,NONE,0,0,0,0,0,0,0,0,0,True,True,False,False,False,False,False,False,False,False,False,Q[Water+Vaccine]|F[NONE],1220445372.7591538,1220445372.7591538,19137905.85543848,0.0,0.0,19137905.85543848,h09,5,Katrina,1201307466.9037154,0.0,1201307466.9037154,1871041407.496833,0.0,1.0,0.0,0.0,0.0,0.0,9041407.496833058,1862000000.0,b25c95f09a2c77eeeccbbe3cce30df269cf38599bc70cdcef534dcc1edda32de
LA-0582,582,42ff058f221c0afb80b3d8c532a9b0506125c4ec20ad64cbef7eabea12af7dcb,M2,A1_FINAL_NO_MEMORY_V1,PASS,022a27e2965e119d64de36aaccb9813c6cb54f0919aa47eb891673420057e0f2,f12358b6c960b930bbe2727dba0fcfd13687f74153126feb89917e1efa290dd6,90ba55a5a24be3309a6327b175238bb0b2d3347218c4b47c203b5529eb278f2d,P4,0.0,0.0,0.0,0.0,1025727.5354484799,0.0,NONE,R2,NONE,0,0,0,0,0,1,0,0,0,False,False,False,False,True,False,False,False,False,False,False,Q[NONE]|F[Vaccine],1226523611.4233286,1226523611.4233286,0.0,4392677.205036379,5484975.333545062,9877652.538581442,h09,5,Katrina,1216645958.8847473,9260253.316857036,1207385705.5678902,1881066549.7551,890794.3092862214,1.0,0.0,890794.3092862214,0.0,10400000.0,8666549.755100068,1862000000.0,abbbff92bdd4b7b8412e09f8de840ad58538d370c1fc7fb16944eac225b8e586
LA-0583,583,739612d085fc35eeeef843ecc30468e996e1874ffb5807ac0a6d49de50dc4809,M2,A1_FINAL_NO_MEMORY_V1,PASS,f5f203b572631c6b3f85503375211bfe3f6e229f090203a1ef6e6e5d8c56487e,89987b8008abbcac4271f41bd2e63a441e7a7d4a5ba76fb360236407b00898d6,256140e30f4d47dfca5470e6a942b3810ac6173ea320081b1daa0bbe014857a5,P4,0.0,0.0,0.0,15899205.933488755,0.0,110079346.04739986,R0,NONE,R0,1,0,0,0,0,0,1,0,0,False,False,False,True,False,True,False,False,False,False,False,Q[NONE]|F[Water+Crackers],1222171163.6517704,1222171163.6517704,0.0,5341540.844449468,0.0,5341540.844449468,h09,5,Katrina,1216829622.8073208,13796365.01098901,1203033257.796332,1799552163.1967309,82405180.86765546,1.0,10399999.999999996,0.0,72005180.86765546,3.725290298461914e-09,9557344.06438629,1789994819.1323445,c692f53c7f2a8fbed8dcb1bca024b7f81ec335207fc0a88a160638bb6f37d341
LA-0584,584,556c45d9728bc708d48ca90ab05bcc9fc0894a145ce274429533fd65d664d455,M2,A1_FINAL_NO_MEMORY_V1,PASS,a579a5f7826a41ffe458ce5aaec2018b5d81ba27ac2eca0c9d7bf72cbe18195e,32aec8c5e24d24e5161522522d708dc3d1a2ef2cff7e218ccc582726ff979623,30bf65d3fdbe5b8cfc6e62941517a11cac89b0fb5f256c4e25a9cdcdb8aa0e8b,P4,0.0,0.0,0.0,18535396.971837226,545673.828099381,18146668.66082189,R0,R0,R0,1,0,0,1,0,0,1,0,0,False,False,False,True,True,True,False,False,False,False,False,Q[NONE]|F[Water+Vaccine+Crackers],1228304756.3934624,1228304756.3934624,0.0,8552168.976374112,0.0,8552168.976374112,h09,5,Katrina,1219752587.4170883,10585736.879064366,1209166850.538024,1861069283.7233992,20888060.34098725,1.0,10400000.0,306171.3661086513,10181888.9748786,0.0,9251172.698277637,1851818111.0251215,eb84a69396f3308b0e94bc924ba8cff912cd5c9874b90611da140111701f7f8e
LA-0585,585,b6c742b80223b0a3e065faaa17dbfd23df287c46854306a5c8b136d01169e583,M2,A1_FINAL_NO_MEMORY_V1,PASS,0596c47637e297c409f74bd50d90ecce7cfe76c32e9878766b02afa448e571cd,06dda6d4a2ba42435b80318594eb177ae7e3216ab6818b79357761dbc12d2f2e,7abe7ba4f7ec23f2acad7d8ae1a316e7e25ed8826fb6bb8768b6de0e8a46b233,P4,0.0,0.0,0.0,0.0,0.0,195609138.74125826,NONE,NONE,R0,0,0,0,0,0,0,1,0,0,False,False,False,False,False,True,False,False,False,False,False,Q[NONE]|F[Crackers],1224313895.2435381,1224313895.2435381,0.0,598563.3772084855,0.0,598563.3772084855,h09,5,Katrina,1223715331.8663297,18539342.478229992,1205175989.3880997,1743793423.3113484,138163920.7530379,1.0,0.0,0.0,138163920.7530379,10400000.0,9557344.06438629,1723836079.246962,84fe803db104ff4e0c320a0665fa7a2c635d9c73d557253cc23ab873dbb0cecf
LA-0586,586,5c219e43d6c1365300ac71a4b0b487a33250e26d33d65b33cd3acaba29b55cab,M2,A1_FINAL_NO_MEMORY_V1,PASS,d7b259971163124ecc0d6f80712032a4b0366d9e666bb71a9e2d485bd04b5df9,b9b6ca05a736b97c8ddd60ae958faa555f0ae639d29877c5a2b357943658bc28,68d32fcfafe5bb584b2e32c2c0bdab41d02e8f7d46b2cb2aba81464e4125f62e,P1,15676786.200360263,623200.0161948624,0.0,0.0,0.0,0.0,NONE,NONE,NONE,0,0,0,0,0,0,0,0,0,True,True,False,False,False,False,False,False,False,False,False,Q[Water+Vaccine]|F[NONE],1226151204.4200666,1226151204.4200666,19137905.85543848,0.0,0.0,19137905.85543848,h09,5,Katrina,1207013298.5646281,0.0,1207013298.5646281,1871143912.377203,0.0,1.0,0.0,0.0,0.0,0.0,9143912.377203006,1862000000.0,4e18a0ff648ac01d965b8c1a0f5045b204b7d00bd0c2746e6b1d0f6fbb7d9b1e
LA-0587,587,b4696fa3c107613293f8f281621074f39d6fa5a34d3ddd33bf4ec7b0ea9870ea,M2,A1_FINAL_NO_MEMORY_V1,PASS,d3a9c8ee50f4848d6e0a3891d053ca76fb64010d2be15c2e6cb5ef62f878523d,48bc17bbc5e8f9a926d0bedb045fb5ea8dfee5440435d4ec6f8a9bcca5df7d66,254e3af0334c6cba5b65abaa2e4872851c2a1b617f7aff4c1951b4be61bbea70,P1,14996935.823196502,653745.1805462058,0.0,0.0,0.0,0.0,NONE,NONE,NONE,0,0,0,0,0,0,0,0,0,True,True,False,False,False,False,False,False,False,False,False,Q[Water+Vaccine]|F[NONE],1223928861.0323615,1223928861.0323615,19137905.85543848,0.0,0.0,19137905.85543848,h09,5,Katrina,1204790955.176923,0.0,1204790955.176923,1871103988.1283581,0.0,1.0,0.0,0.0,0.0,0.0,9103988.12835806,1862000000.0,7fb8cf7e8c33b11e01bfc34a5d08a088534da3291e03aa8d5eac652646c032dc
LA-0588,588,dcc5008a3ff00e5624cbd06d105feb2e21d9d494faca2dace1c7035891aaa832,M2,A1_FINAL_NO_MEMORY_V1,PASS,cda177186c8629b1401a4280c2ade0c9040ccc3da0fcb093fb2ce6c9a5f6baa7,a15834368baa3d59fd679e20b4dc15e86ef40dbc0f1487a27ed9339eecbd36a4,d53b77b5ce0cd2db11efc16da0cb6037d1f6ee284893dc4b7c191cac6825ac3d,P1,14323526.342270575,684000.9602906371,0.0,0.0,0.0,0.0,NONE,NONE,NONE,0,0,0,0,0,0,0,0,0,True,True,False,False,False,False,False,False,False,False,False,Q[Water+Vaccine]|F[NONE],1221519598.4634552,1221519598.4634552,19137905.85543848,0.0,0.0,19137905.85543848,h09,5,Katrina,1202381692.6080167,0.0,1202381692.6080167,1871060705.8890488,0.0,1.0,0.0,0.0,0.0,0.0,9060705.889048876,1862000000.0,fcf4ca3ccca64fe9a101d55e227aedeea9421a39afc710566e603cc7d82ee22a
LA-0589,589,3715661f1cf57d73e747b7ce3f6adc64b317459abd80e4dd0177916aa2c41e8d,M2,A1_FINAL_NO_MEMORY_V1,PASS,4ca3ce8327eb5346df61fd38fe7e6808edfdae5a29440181e96d4c728a8f3f44,476e088dcc173cd668ddc003642931f4470051fc368c7724196d296a01e701b1,084271ee3d5898625e3872c7f3fc43f597ed6fc9f0481510eed953b2da322c34,P4,0.0,0.0,0.0,14292851.783789879,0.0,91032225.67455325,R0,NONE,R0,1,0,0,0,0,0,1,0,0,False,False,False,True,False,True,False,False,False,False,False,Q[NONE]|F[Water+Crackers],1224333027.2256992,1224333027.2256992,0.0,4559873.890373042,0.0,4559873.890373042,h09,5,Katrina,1219773153.3353262,14578031.965065436,1205195121.3702607,1805318978.1079798,76638365.95640665,1.0,10400000.0,0.0,66238365.95640666,0.0,9557344.06438629,1795761634.0435934,e8c19d78d0629d68b08ae88c93a6d225f6a5c715da5b9ff14d49c0351a2beaf7
LA-0590,590,2ef976504d2279ddc50761b79bb51400d5855406a739a1823873da3144d79722,M2,A1_FINAL_NO_MEMORY_V1,PASS,df2cef1f1d73211fbaf60e03d5a942b41237a01523aade2ceddc1e1d6267b8e9,30a41eac97d0d2d8ab30d6d0e8115f5213f12da2c551597564f828d1c2e46ee1,d8c077734aabb6c78db5e259eabc9a52b1af5b4dd6700ecb5ebdd50f936f207b,P4,0.0,0.0,0.0,0.0,0.0,296347302.31088114,NONE,NONE,R0,0,0,0,0,0,0,1,0,0,False,False,False,False,False,True,False,False,False,False,False,Q[NONE]|F[Crackers],1199649248.0437794,1199649248.0437794,0.0,1859351.7701941445,0.0,1859351.7701941445,h09,5,Katrina,1197789896.2735853,17278554.08524433,1180511342.188341,1677999976.8757994,203957367.18858695,0.9999999999999998,0.0,0.0,203957367.18858695,10400000.0,9557344.06438629,1658042632.811413,43e2091947eef75b6d015e743878fa98688d71bfdce3167e677dd482b86a1d23
LA-0591,591,7ed35c1b5f3a3cb38aea16cd11617ddd3d277a5ab83f8e2a152dd97abece5de2,M2,A1_FINAL_NO_MEMORY_V1,PASS,aaae7efdc5f212f872d2cf4a60596beede427b316762621933183dad12247466,42978b11e3edcbe5b6f53eb36afa988b97d557b55d4d0abe8c71cca0df563d35,8500706a9b0ce8591ef42c0fbc6a5109855f1f1a371a2b0dc073c90448f079f6,P3b,24390091.18916618,0.0,0.0,0.0,129772.10644172931,0.0,NONE,R2,NONE,0,0,0,0,0,1,0,0,0,True,False,False,False,True,False,False,False,False,False,True,Q[Water]|F[Vaccine],1243661166.3035135,1243661166.3035135,15797462.063222937,865412.6648756071,720109.2920379383,17382984.020136483,h09,5,Katrina,1226278182.283377,1754921.835301995,1224523260.448075,1871458477.6596737,98866.40471262058,1.0,0.0,98866.40471262058,0.0,0.0,9458477.659673668,1862000000.0,82d08e4224ff182dcbdd36b76317c68560f99c38408a05cb3b6fa9dcb812cb43
LA-0592,592,b04472ba7f98667d930fb45886a490d30b84b6afe4d021d08d7461daa687c381,M2,A1_FINAL_NO_MEMORY_V1,PASS,42cc43d3ac5fbc43c730e23e5b724b36a9ac89c9fa34f0151d07ae58f499d570,2f9968981d42b8d2f0a36668fd92552742ffdb3d5b2b0fe703819565e1c0c7ae,fedaf84aa9fdbaec44253cc3d0f61326bcd42071713aa4233562bbc6b2c04718,P4,0.0,0.0,0.0,0.0,1325302.3925726365,0.0,NONE,R1,NONE,0,0,0,0,1,0,0,0,0,False,False,False,False,True,False,False,False,False,False,False,Q[NONE]|F[Vaccine],1219275607.7951427,1219275607.7951427,0.0,6671841.665314963,995899.266568384,7667740.931883347,h09,5,Katrina,1211607866.8632593,11470164.92355513,1200137701.9397042,1880936339.859509,1021004.2048773745,1.0,0.0,1021004.2048773745,0.0,10400000.0,8536339.859508915,1862000000.0,60e1c749a918618cfe2dd3ea2f9eca279201d98cecb02eb8382652f10e96e8a6
LA-0593,593,372077df2fc439610902aac2117de1f2841e0d1f7c912dde44a145aa7868f6d8,M2,A1_FINAL_NO_MEMORY_V1,PASS,c3648f2b0afb8df3ad9218a45e1af596279135dd785ad0d0449d933c94e7e15f,7b62841f33099712d9ad1709e219d1fc3e732b5840f4405a4705da6b7a9ea2c1,bfb5a3907f191c46e0ea947e1401b8a8b6e7925a911d6347aa2df02b63a857db,P4,0.0,0.0,0.0,16395972.612312675,888364.6990989821,0.0,R0,R0,NONE,1,0,0,1,0,0,0,0,0,False,False,False,True,True,False,False,False,False,False,False,Q[NONE]|F[Water+Vaccine],1217798269.3319983,1217798269.3319983,0.0,905953.9112026877,0.0,905953.9112026877,h09,5,Katrina,1216892315.4207957,18231951.94423579,1198660363.4765599,1870993852.4625711,10963491.601815151,1.0,10400000.0,563491.6018151509,0.0,0.0,8993852.462571139,1862000000.0,96e49587bbe7c8ce0498e77b1271139d95973ba66efb726ebb8f910cb7c9fa45
LA-0594,594,28c0c9eeea06bec6801e484cc8c6140c3fd9f75ef97f37e18600af5a877f6952,M2,A1_FINAL_NO_MEMORY_V1,PASS,cff268a47e2f7fd0d4b5c20258ab47afb22daae8342820123b5d2f51ad22d721,df2942f99c02b80d1d0305e1f7b11b15f85b06e1273aec4a57d9b02fe3c5d0f0,9d108c58797a9be4d8d9ddb40033b244c8e7d4a8904f97e32870ef8086eec2d7,P2,17363996.465192825,0.0,0.0,0.0,0.0,64627781.03779767,NONE,NONE,R0,0,0,0,0,0,0,1,0,0,True,False,False,False,False,True,False,False,False,False,True,Q[Water]|F[Crackers],1230387114.371735,1230387114.371735,11246660.510505393,1017024.9921938397,0.0,12263685.502699234,h09,5,Katrina,1218123428.869036,6874220.352739246,1211249208.5162966,1821468378.3054721,50088965.75891414,1.0,0.0,0.0,50088965.75891414,0.0,9557344.06438629,1811911034.2410858,96ba7cf09d10153d8c07e12246851df1ba642ffbe8c748ad4ef1bc2c4dcbb9f5
LA-0595,595,34ad64d8b9570debc6a350edcfbc2dc758c597e27f15f3f5bd4fc1e9324afedf,M2,A1_FINAL_NO_MEMORY_V1,PASS,a3a773508a9be1d85b136cccc3cfc0a4e52010849e04d936aaaa50de335f0196,eae3f85739a644188ad1dc8426fe59f6d425d3c304171c38f2fa21b18b633027,c5ca3b71d24428641e4f65289e1c225d65c4aa4de7409f77a50c0a4bfa099dba,P1,15401665.684471777,635560.973335604,0.0,0.0,0.0,0.0,NONE,NONE,NONE,0,0,0,0,0,0,0,0,0,True,True,False,False,False,False,False,False,False,False,False,Q[Water+Vaccine]|F[NONE],1225275503.833856,1225275503.833856,19137905.855438437,0.0,0.0,19137905.855438437,h09,5,Katrina,1206137597.9784176,0.0,1206137597.9784176,1871128180.4753237,0.0,0.9999999999999979,0.0,0.0,0.0,0.0,9128180.475323685,1862000000.0,102bf44275169bb2559ab9de30361afe7025b869b23c838d0bbe17523ad10ca0
LA-0596,596,2c5a81b844c7c97bed0f391e82d62d0b6ab179d5fcd1973a01072447f068ddaf,M2,A1_FINAL_NO_MEMORY_V1,PASS,f5f5b5a5c983c3d37f4c742e3ae4cc993e6ababa6931bdf3303b8dea5d383e98,47bb93da041d1cdef2cba842523d5c128db05634b32c236586b77ec06c804076,34660ffd14c558ca2d344e599908e6235d60619a4290c86047f6b3cea6721bd6,P2,15450012.578808704,0.0,0.0,0.0,0.0,179245465.50410601,NONE,NONE,R0,0,0,0,0,0,0,1,0,0,True,False,False,False,False,True,False,False,False,False,True,Q[Water]|F[Crackers],1224792506.2034156,1224792506.2034156,10006973.147294398,390852.4957150204,0.0,10397825.643009419,h09,5,Katrina,1214394680.5604062,8740080.212429058,1205654600.3479772,1806544647.5961263,65012696.46826007,1.0,0.0,0.0,65012696.46826007,0.0,9557344.06438629,1796987303.53174,6a73cfe40786b2b013f0a9f98457f3b6161c09b2460d725434e31db72c3906b3
LA-0597,597,8248560c6f86aa5d3dbb17b97329c32ba259e57b901253a31f08800ddebf8804,M2,A1_FINAL_NO_MEMORY_V1,PASS,60536cd38f4a0b47ab5539d0d30107f1ae992a77acf6a2e7ce172295a1f04921,1d6961063ec2e221f3bb9c1e2f385ee036bcf68b6bf55663411b3ae26d1bea90,9795f4641106d6438531ac57e29aa5ec35e7c64210809f256609bba4497c6017,P4,0.0,0.0,0.0,0.0,0.0,256922124.64995933,NONE,NONE,R0,0,0,0,0,0,0,1,0,0,False,False,False,False,False,True,False,False,False,False,False,Q[NONE]|F[Crackers],1223248394.64774,1223248394.64774,0.0,3479665.1860646172,0.0,3479665.1860646172,h09,5,Katrina,1219768729.4616752,15658240.66937386,1204110488.7923014,1740951178.8709989,141006165.19338748,1.0,0.0,-1.1296479624399874e-10,141006165.19338748,10400000.0,9557344.06438629,1720993834.8066125,ecc9a67b3daf2f77f9e57ccb41ab2b6fa7fd3fcb628cc9b89d4697e9bd40bef5
LA-0598,598,242e4b2709d58e8d94223acc7cd58866ffb48aeb717b44660a55306eaf0e733b,M2,A1_FINAL_NO_MEMORY_V1,PASS,193b57b85b154aa95f357eedbbef6cb09d6896f949af3978e2185b2364bd82d7,09b955f181489b43197b53c4787e05fb02018fafc5c2652cc76e0cc844ba77c9,21a9968853cf2067143caf4400a5551c86f2a362a1da49f8948e7d87b33fec21,P4,0.0,0.0,0.0,0.0,0.0,269726589.2650498,NONE,NONE,R0,0,0,0,0,0,0,1,0,0,False,False,False,False,False,True,False,False,False,False,False,Q[NONE]|F[Crackers],1215678719.9426825,1215678719.9426825,0.0,835794.0130240134,0.0,835794.0130240134,h09,5,Katrina,1214842925.9296584,18302111.842414465,1196540814.087244,1720758918.1340766,161198425.93030986,1.0,0.0,0.0,161198425.93030986,10400000.0,9557344.06438629,1700801574.0696902,af2ea2dbe59d9c682c18755d4b85a46e448098fda1833de27110a33d1712f5ce
LA-0599,599,75c0b35c7ab77970b27737bf02625310162af1a4b94f50487a9b3f915b6e8f38,M2,A1_FINAL_NO_MEMORY_V1,PASS,ae73d567891fe9a70ae4804005b1b815595ba4eba993064bef821222b8664e9d,b89d5917a10a3d7bc1fddbb00354f54253e190ba31862528523598de1e62de09,f95e5367d045b5768c228679ca94345d42b81e553465e50bf9bb802f10f299c5,P4,0.0,0.0,0.0,0.0,0.0,241240504.5506979,NONE,NONE,R0,0,0,0,0,0,0,1,0,0,False,False,False,False,False,True,False,False,False,False,False,Q[NONE]|F[Crackers],1204567385.6931658,1204567385.6931658,0.0,8588733.453333642,0.0,8588733.453333642,h09,5,Katrina,1195978652.2398322,10549172.402104836,1185429479.8377273,1691119208.7616997,190838135.30268663,1.0,0.0,0.0,190838135.30268663,10400000.0,9557344.06438629,1671161864.6973133,c03bd051a6ef336bcf59f432f894c7c984871620e818c0ed422ed6074bfd4c32
LA-0600,600,32247ebd0adf41ed54de7488fdd56421e883bf4141c3cc51b4593283f7fdfbaf,M2,A1_FINAL_NO_MEMORY_V1,PASS,56e53a86a19ceedc36eff76af1d9b6ca41ac1f11815ff28f292e2d7c37109093,9cd0bb5022c8bf78a8cd162a52716128412576d6b779d37fc1f884e00ac8a8b1,a98b294fa15fb0ba258233f1b8877fa22277bd8062b919c1ca5abd31fb21368c,P4,0.0,0.0,0.0,482630.10445216234,2344928.753903032,0.0,R0,R0,NONE,1,0,0,1,0,0,0,0,0,False,False,False,True,True,False,False,False,False,False,False,Q[NONE]|F[Water+Vaccine],1186525477.963261,1186525477.963261,0.0,3262991.5565929306,0.0,3262991.5565929306,h09,5,Katrina,1183262486.406668,15874914.298845546,1167387572.1078224,1880035163.6458855,1922180.4185008684,1.0,328092.9531902386,1594087.4653106297,0.0,10071907.04680976,7963256.59907566,1862000000.0,9d1d7d669c4f4cd6806aea255bd51e4c65ee02d123d689ad8a8ac4b4ed3cf188
LA-0601,601,5dc2452a582b104cfc980de7b4572140337bc86a3279c156a0839b62c8fd369d,M2,A1_FINAL_NO_MEMORY_V1,PASS,0f20d3897a10e98b3f970c49a293e8f8a1de0ba8f6e1d73d809583128c1d2217,ce4b0b48f37d3c767ab3093890d94f568aad5c48f06467e6f9f7b4cc295a2b28,bdc73a7732d94d2f8b2fd3aace53beaf8005051ba82c3637e954f2ee14f86a76,P1,16480386.866021853,587094.8447777554,0.0,0.0,0.0,0.0,NONE,NONE,NONE,0,0,0,0,0,0,0,0,0,True,True,False,False,False,False,False,False,False,False,False,Q[Water+Vaccine]|F[NONE],1228541619.0657356,1228541619.0657356,19137905.85543848,0.0,0.0,19137905.85543848,h09,5,Katrina,1209403713.210297,0.0,1209403713.210297,1871186856.0148444,0.0,1.0,0.0,0.0,0.0,0.0,9186856.014844373,1862000000.0,41e1a091f736db972c3ba4d9384c1e056f24f9dc549f6d5194001621fad6f8d4
LA-0602,602,be3b93a2dd22051f3ec5265b175cd27a4d24bf454dc5e4c44e360edd083a02df,M2,A1_FINAL_NO_MEMORY_V1,PASS,c363cccf7eff77ac2ba78ff1b45f2639bb5f59def622a5bca211387f6c502daf,d1a2a41746162a09fdc54b8c85377a62012e6c5da271b3d2bbc2a17602925be0,4811c76d1c3412d4a1f3d78fe3e904f666bfe3ac38759ce556945a47aecfcfd3,P4,0.0,0.0,0.0,0.0,0.0,174487646.63119817,NONE,NONE,R0,0,0,0,0,0,0,1,0,0,False,False,False,False,False,True,False,False,False,False,False,Q[NONE]|F[Crackers],1222388145.8093543,1222388145.8093543,0.0,2770728.018460048,0.0,2770728.018460048,h09,5,Katrina,1219617417.7908943,16367177.83697843,1203250239.9539158,1738656447.654648,143300896.4097384,1.0,0.0,-1.0983053306139744e-10,143300896.4097384,10400000.0,9557344.06438629,1718699103.5902617,0e0d488e1320608484adccff3f0a3209591a605f30c7a4b3344029b7ba8e0567
LA-0603,603,16c165a354e167aabb184bf13b90adae8dd62102f9dd358de4c48835c4a13fa9,M2,A1_FINAL_NO_MEMORY_V1,PASS,d2171fe335b502f50612da95bcae6fa0c62555417c00b25cd653ae0e61268963,51501736355afd5f60dfb289e8851f84dfc8279bab172d7722c091428e135611,ad268487df4c1996d96e8004bca2ee0210fc35da2f743df33a823045e6faa259,P4,0.0,0.0,0.0,13642200.353713732,0.0,66531895.06631241,R0,NONE,R0,1,0,0,0,0,0,1,0,0,False,False,False,True,False,True,False,False,False,False,False,Q[NONE]|F[Water+Crackers],1230150571.305577,1230150571.305577,0.0,4147862.0826731706,0.0,4147862.0826731706,h09,5,Katrina,1226002709.222904,14990043.772765309,1211012665.4501386,1820837394.881021,61119949.18336533,1.0,10400000.0,0.0,50719949.18336533,0.0,9557344.06438629,1811280050.8166347,dc6ec8eb87527f10e63affb9ee57966a26bf6b273f2b269703943509de3679e7
LA-0604,604,168794ef76dd626f292c5fb78698926badc549c31cf8b72d36a8ddbfae359c7e,M2,A1_FINAL_NO_MEMORY_V1,PASS,d040ab4e5b645b691641aca52e8eba1663c45b34294f5a895a859c81901bf7c0,52c99fe965cdbcedef6004f55c23ee822e3dbd9b4074c77f162bcba5f2022266,8309cc670d5f8e52068a14517e503c39c7573e2d70e4525a99543e9f5d29d648,P4,0.0,0.0,0.0,0.0,0.0,211100376.59843698,NONE,NONE,R0,0,0,0,0,0,0,1,0,0,False,False,False,False,False,True,False,False,False,False,False,Q[NONE]|F[Crackers],1227207672.6364827,1227207672.6364827,0.0,3149549.5755590615,0.0,3149549.5755590615,h09,5,Katrina,1224058123.0609236,15988356.279879415,1208069766.7810442,1751512633.1730232,130444710.89136313,1.0,0.0,0.0,130444710.89136313,10400000.0,9557344.06438629,1731555289.1086369,d38ce8f9bfd8e92adaf203aee0efb18fd87145a09fad9613584fda6dc136f7ab
LA-0605,605,35bc2e127af5ee8d7fa65789fff7b88eb7732b16601d08fe56f7590f31d9359c,M2,A1_FINAL_NO_MEMORY_V1,PASS,1953b251a5eb034acee51246697a223558fc641014fffc6f5d801c8180d358e1,6172352ba608ed7695856bc9eb2a74a8ed10d056bc826f7a4b3796508f8590aa,20ebf35f8b821b945dbdb1593a5e1e05ad9824c85ed58275267a7d72535a3899,P4,0.0,0.0,0.0,15532250.336799564,0.0,134600304.9238776,R0,NONE,R0,1,0,0,0,0,0,1,0,0,False,False,False,True,False,True,False,False,False,False,False,Q[NONE]|F[Water+Crackers],1215378427.3456619,1215378427.3456619,0.0,9222136.65947488,0.0,9222136.65947488,h09,5,Katrina,1206156290.686187,9915769.195963599,1196240521.4902234,1781432401.389997,100524942.67438945,1.0,10400000.0,0.0,90124942.67438945,0.0,9557344.06438629,1771875057.3256106,09bd10bcc4affdf5a6a51d3dfd28576aaa62b8c5f27c8a6eaaec4e212268386f
LA-0606,606,bd7b30a8ebc2c06b6f0ad0d29f0fe3184fc13d763f2d6be49f3d8d2f61be50f7,M2,A1_FINAL_NO_MEMORY_V1,PASS,85205aef78cc829c72ced63120c37ad9628b80ad79a4d9d254d5e50ebfe6b7ae,32011aeb6529c285411462d0d45abf6a819a80914ab5d70bed082770e4fd21d6,c3affe13494c311df2c2f5aa2ddf5689dc3684f0129bf9fd22ea5e308e80f2de,P1,14211913.303100716,689015.6499042829,0.0,0.0,0.0,0.0,NONE,NONE,NONE,0,0,0,0,0,0,0,0,0,True,True,False,False,False,False,False,False,False,False,False,Q[Water+Vaccine]|F[NONE],1221098222.4362485,1221098222.4362485,19137905.85543848,0.0,0.0,19137905.85543848,h09,5,Katrina,1201960316.58081,0.0,1201960316.58081,1871053135.8971832,0.0,1.0,0.0,0.0,0.0,0.0,9053135.897183277,1862000000.0,0f41a33ca57cdd8cc5fe7609cf16450a3ff828703b31ec1e33219a03319bb73f
LA-0607,607,a5dd6d57f2ad3b74589329aeff95f67299f08ffb11b3cf53f16cd23946da86a0,M2,A1_FINAL_NO_MEMORY_V1,PASS,97e50459f398418318e5179ab39cafa005d6f0b2f94c3b41a754b04c5f629124,7431b1406f4e22456ba3ba3e18db51fdbd4c6a20e9f0e51ae5c6f48a85099f20,bd12463cd5995d41f594e13611e9b00869bfc1f66f72fa76099e5eed33077a79,P1,16745060.712978661,575203.2485878327,0.0,0.0,0.0,0.0,NONE,NONE,NONE,0,0,0,0,0,0,0,0,0,True,True,False,False,False,False,False,False,False,False,False,Q[Water+Vaccine]|F[NONE],1229278698.4967318,1229278698.4967318,19137905.855438475,0.0,0.0,19137905.855438475,h09,5,Katrina,1210140792.6412933,0.0,1210140792.6412933,1871200097.597034,0.0,0.9999999999999998,0.0,0.0,0.0,0.0,9200097.597033868,1862000000.0,1d12563682d8c30d850d7bc4cc167b7cb721b24fe227e0e8cf77487a15a2bcb0
LA-0608,608,e3c04bc7945a0e7475b2f43fb0a410091ff7b96c3a5b919ab6606a9bb8a991c5,M2,A1_FINAL_NO_MEMORY_V1,PASS,7489ed4c4d8c6127a98eca319b78203e2f1a43360f25a82edd6c8cd66da17577,40ff99ec19d8ad520259863509912077622cfdb085bf2b3c42a46c1dfd1e7d57,6681371f3546669d1e140cb4fdcffb88e377a7cbc9a78bfb8b9299faec7ab1fa,P1,15889000.757665109,613665.3762970855,0.0,0.0,0.0,0.0,NONE,NONE,NONE,0,0,0,0,0,0,0,0,0,True,True,False,False,False,False,False,False,False,False,False,Q[Water+Vaccine]|F[NONE],1226805959.5980117,1226805959.5980117,19137905.85543848,0.0,0.0,19137905.85543848,h09,5,Katrina,1207668053.7425733,0.0,1207668053.7425733,1871155675.0097473,0.0,1.0,0.0,0.0,0.0,0.0,9155675.009747291,1862000000.0,8bd5aa376ea1d7ef5cc2dba71e07020fd3ea1f7d3539361d4906274ccc58a609
LA-0609,609,1df79adcd69fa452f4b1aef2cd540518db42a5f2f34a54b0740a4057366b57a1,M2,A1_FINAL_NO_MEMORY_V1,PASS,63deaeeb6d2ea9bcbd163c7eedda44a80ac37ea81aa0e01a0d660fa3b839a58b,818c58c3f4d63674d1899ecaf63c28b3ff3987369ae4d3f31f9be86cc04955d7,723feb16360e007fcacdf212110bb8249d48a2de79eb0a560c4f8258d1493b8e,P4,0.0,0.0,0.0,13374142.84247842,1750484.3850613155,0.0,R0,R0,NONE,1,0,0,1,0,0,0,0,0,False,False,False,True,True,False,False,False,False,False,False,Q[NONE]|F[Water+Vaccine],1173393986.568649,1173393986.568649,0.0,1987461.0524807605,0.0,1987461.0524807605,h09,5,Katrina,1171406525.5161684,17150444.802957717,1154256080.7132106,1870196132.5221546,11761211.542231742,1.0,10400000.0,1361211.5422317432,0.0,0.0,8196132.522154546,1862000000.0,6ab3efeecda2600b201a6ea68d61be55aa4d8b71d8066468fed4e5944d04a875
LA-0610,610,a7f7ceb25853f2b787b8e566376cece273db6419960152c6d53dbe20e69b48ed,M2,A1_FINAL_NO_MEMORY_V1,PASS,94a3f6d26af7482ac82fe07b4e407a008b68f93de111c0bb80f4f0cb042c1715,8df8ad3c04095f74c19f2a15ca53025363362b779cefb40e916314554b3d1b93,ce0271de17470c4290fbc7e339e5994b30c0b11d17e58201d9107501508074b4,P4,0.0,0.0,0.0,14030454.468682501,0.0,76807642.09315339,R0,NONE,R0,1,0,0,0,0,0,1,0,0,False,False,False,True,False,True,False,False,False,False,False,Q[NONE]|F[Water+Crackers],1227821326.2661684,1227821326.2661684,0.0,5196928.437499186,0.0,5196928.437499186,h09,5,Katrina,1222624397.828669,13940977.417939294,1208683420.41073,1814624086.5172553,67333257.54713094,1.0,10400000.0,0.0,56933257.54713095,0.0,9557344.06438629,1805066742.452869,e46dbae5651f8fe5ed2eda2b4c4b8fb840821ee73ce986ccef9f6713127f878f
LA-0611,611,7f0f205a2367c6b286612b5c83bd466e403a76a853ea3c65e54c168aca01ade9,M2,A1_FINAL_NO_MEMORY_V1,PASS,5bea0732a46168f529a0dbd8161b98db86b173f1a6d4791c08bc35008d832a7a,c762af0f54c224a43be23b0a1c229155a8e4984f5d53ccdf93d78c29233afe13,c3f739c41ebf09eb6ada03b54e03b36fb92e82465a3e00f12fc31369690a441a,P4,0.0,0.0,0.0,18234394.390998296,0.0,92349441.95625512,R0,NONE,R0,1,0,0,0,0,0,1,0,0,False,False,False,True,False,True,False,False,False,False,False,Q[NONE]|F[Water+Crackers],1229418947.3695815,1229418947.3695815,0.0,9512739.024476381,0.0,9512739.024476381,h09,5,Katrina,1219906208.3451052,9625166.830962095,1210281041.514143,1818885773.1994288,63071570.86495766,1.0,10400000.0,0.0,52671570.86495766,0.0,9557344.06438629,1809328429.1350424,0925b90d6e0d7e933dac641f121ec9852c3d9956f6a5debe5836cae5971609e7
LA-0612,612,b84ae81cdd7f7acbc672454ccda876cfadfaf23bc60bf592546c5b2f4eb2f576,M2,A1_FINAL_NO_MEMORY_V1,PASS,aad619937481b8733f7d71a50ac676a803d7fa642b21e090b63ce7e16b700cfb,63577a11dd6cee7d54c098f978a2ff6de8b39049bdac29a0f7f58eae8bde6066,9838478b11804a720a45b7cc7b1f55fbd7c43713b5759198beefc0f73536fe08,P4,0.0,0.0,0.0,0.0,0.0,212133426.40577632,NONE,NONE,R0,0,0,0,0,0,0,1,0,0,False,False,False,False,False,True,False,False,False,False,False,Q[NONE]|F[Crackers],1221064286.170459,1221064286.170459,0.0,1768230.3250275934,0.0,1768230.3250275934,h09,5,Katrina,1219296055.8454313,17369675.530410882,1201926380.3150206,1735125025.2290845,146832318.835302,0.9999999999999998,0.0,0.0,146832318.835302,10400000.0,9557344.06438629,1715167681.1646981,94b8a8cfcc7d8adceb5e5262e5b5b079225c2f8ce3121f78d056c6fd15485534
LA-0613,613,d0b071186c66596d06ccec74980b67d1ae45e073b9da77574ee178dcec30e567,M2,A1_FINAL_NO_MEMORY_V1,PASS,e97fc960eb0354cb1396292a2d7579cf95f761a1fc5062dae4a6b931f5bd4add,ee59eb9887dd7e0cb3d992abf430ce2deb6afd51ff1083cb123c637c633bb377,f86a9915be873c925693c0b1adad6f0fefca67624a913405f5b3acd62c7f8013,P1,16490430.706660578,586643.5825981146,0.0,0.0,0.0,0.0,NONE,NONE,NONE,0,0,0,0,0,0,0,0,0,True,True,False,False,False,False,False,False,False,False,False,Q[Water+Vaccine]|F[NONE],1228570021.6464727,1228570021.6464727,19137905.85543848,0.0,0.0,19137905.85543848,h09,5,Katrina,1209432115.7910342,0.0,1209432115.7910342,1871187366.2652888,0.0,1.0,0.0,0.0,0.0,0.0,9187366.265288772,1862000000.0,92cac04874335513b212d2ba39c4fe3f74b2370289465ecdbfb0102f403c3cf3
LA-0614,614,6083468c53584df609bc794d6b1cb1da104e8eecf42e278d7660590b146ab9c3,M2,A1_FINAL_NO_MEMORY_V1,PASS,5635d0fc0045ada6fed0e6340a83e91083d547b37ba62c0dc54f0513866e77ad,b3c0288070c9aaf5b47ca3059670904a7d1d9c9b42d042758ea10f9814d3ace3,e35a3fa4237aa1abfa50d52bbece4970564dfdd1597046392b9e73496d7b0a45,P4,0.0,0.0,0.0,29298411.02922887,1660067.2931911787,0.0,R0,R0,NONE,1,0,0,1,0,0,0,0,0,False,False,False,True,True,False,False,False,False,False,False,Q[NONE]|F[Water+Vaccine],1216363292.7322094,1216363292.7322094,0.0,116151.77141580314,0.0,116151.77141580314,h09,5,Katrina,1216247140.9607937,19021754.084022675,1197225386.876771,1870968073.204886,10989270.85950035,1.0,10400000.0,589270.859500351,0.0,0.0,8968073.20488594,1862000000.0,e048ae391716df605ea10919d33000c7afabe10d469cde091b6c793ebc857acb
LA-0615,615,57b9187e54af61cd814095dcbfe1528ca3d6853aaa8602ec6f9b4c8e8f6327cf,M2,A1_FINAL_NO_MEMORY_V1,PASS,29001743dfce6d7ae8a5bb890644a704b4ccdd69b5e18c3ecb6c23704ce667ca,baea7a5cfd343f62ce448589fc18ffd8f9ea95a68ebd8bb19fb921683169b165,37e1750929917da30b253a43f312b4a72e257d7c4592d473055b17e5cb43c9c2,P3b,18501207.300945394,0.0,0.0,0.0,319421.1759160883,0.0,NONE,R2,NONE,0,0,0,0,0,1,0,0,0,True,False,False,False,True,False,False,False,False,False,True,Q[Water]|F[Vaccine],1233247088.324703,1233247088.324703,11983231.968822332,1976684.596156116,952377.2373527914,14912293.80233124,h09,5,Katrina,1218334794.5223718,4225612.053107238,1214109182.4692645,1871271389.452236,285954.612150294,1.0,0.0,285954.612150294,0.0,0.0,9271389.452235995,1862000000.0,9dae3bddb091a5370bf96ddbc8dd3da67f1a5e41740fd3e02d684c464b8c28ec
LA-0616,616,f3a11ade9061f064469e9b94ea58e3da7d6e0ada37a46a81f06d8696b0d7c214,M2,A1_FINAL_NO_MEMORY_V1,PASS,37333046fb82ed2b1bd67867a222d59b8ff02e2c6743d18d0053df623dfbe26f,e25886657fbd82962abd744a415073ccd6c5a2b7b8b1763416a8c47488f007f3,6d537a651d87b4c9ad8bdbe6938cc79083c80fd68fb8489d94c4c180e9aa6ef5,P1,15078942.382866219,650060.6877119859,0.0,0.0,0.0,0.0,NONE,NONE,NONE,0,0,0,0,0,0,0,0,0,True,True,False,False,False,False,False,False,False,False,False,Q[Water+Vaccine]|F[NONE],1224207558.2089214,1224207558.2089214,19137905.85543844,0.0,0.0,19137905.85543844,h09,5,Katrina,1205069652.353483,0.0,1205069652.353483,1871108994.9043095,0.0,0.999999999999998,0.0,0.0,0.0,0.0,9108994.904309481,1862000000.0,ce72f7298e3c58bc4bfdf2ec3c5a59791f1e86eed7f5bdb60cf1fbaabcedc0ea
LA-0617,617,d59dafe265604f537375b55f1b3ec24bef30d0f3cbae8ad14a4a1043bdd27c49,M2,A1_FINAL_NO_MEMORY_V1,PASS,5cc2a369c91063472cc5dbc5b145537a2b60cdaa69d29bced1bac6ce1bb1d586,d74286ed0c191dbe812986ef6c13650bd0b68b12c950aa9e35d94e1f4d9acc97,b9e54ab598f34b0e405d96ff8afc95dd8498d9f9c550e42d02f459fa19426c3d,P1,14162542.696402738,691233.8340023828,0.0,0.0,0.0,0.0,NONE,NONE,NONE,0,0,0,0,0,0,0,0,0,True,True,False,False,False,False,False,False,False,False,False,Q[Water+Vaccine]|F[NONE],1220909713.443281,1220909713.443281,19137905.855438404,0.0,0.0,19137905.855438404,h09,5,Katrina,1201771807.5878425,0.0,1201771807.5878425,1871049749.345858,0.0,0.9999999999999961,0.0,0.0,0.0,0.0,9049749.345858047,1862000000.0,492fccaed31f3f8945488f91a7da569914f5dd636af44298619105cf54696ba1
LA-0618,618,cc51d9aa8025dc8c3cad333a7d884bcd02747b3bb5b1eb75c4d4790786d456cb,M2,A1_FINAL_NO_MEMORY_V1,PASS,071f7571ea02022edd0fa46864ca705df9b78f7144948b54d4eeaae078a73c25,eb9b77ec111652bfd88e8f386e8c1948fc2aaf3ec06eab5c74679f32ee5d37e7,a046743a1d96c5e130fa3bc85154ea5b2a7c4561dea8c404cd686fa760c28507,P4,0.0,0.0,0.0,14620530.522613961,0.0,62741662.80590778,R0,NONE,R0,1,0,0,0,0,0,1,0,0,False,False,False,True,False,True,False,False,False,False,False,Q[NONE]|F[Water+Crackers],1232433596.686941,1232433596.686941,0.0,6809373.489997909,0.0,6809373.489997909,h09,5,Katrina,1225624223.196943,12328532.36544057,1213295690.8315024,1826927411.3699346,55029932.694451906,1.0,10400000.0,0.0,44629932.694451906,0.0,9557344.06438629,1817370067.3055482,5c175abb5ecb46c912071b833179fdca5197e831f9769f23a7c93f98a7dcc6a7
LA-0619,619,9298f5fa007a94c43db3240911aa6dfca9adba39438ecaaf7df189147ae08773,M2,A1_FINAL_NO_MEMORY_V1,PASS,c4532799082f8788f1e22d2b659ef325e9a1a04f5b52c37ced0816b19d548708,911fa6345d610d42b0bdf009772aa2479ce99e1a51430ed90a5d6cc38522f848,c3ca677c1945b74ef266e0850732abd5636aa3f13360b27e38cb8011dd2acc84,P4,0.0,0.0,0.0,15612157.58275886,1877363.8682975005,0.0,R0,R0,NONE,1,0,0,1,0,0,0,0,0,False,False,False,True,True,False,False,False,False,False,False,Q[NONE]|F[Water+Vaccine],1179550996.2991662,1179550996.2991662,0.0,4763647.587632186,0.0,4763647.587632186,h09,5,Katrina,1174787348.711534,14374258.267806292,1160413090.4437277,1870306742.7860687,11650601.278317597,1.0,10400000.0,1250601.2783175977,0.0,0.0,8306742.786068692,1862000000.0,c59c4bc0c5cb482c55be6cd9866de0847de137444a789cdffb8669076f31fa69
LA-0620,620,113d206617ee4dbb85bf187766801f5ac4031380e8edf58481b89c6578f97fb4,M2,A1_FINAL_NO_MEMORY_V1,PASS,6e9643c9aa0f2929486f420408fa7bc897ec770fb13219d4cd94bbeab01b4ea5,8ac5dd07d920f81054fd4e9486974b2845cbf99665400147eb8603cf2620b3dd,228a6a6265a90de10af1a0be01047919d58038ea30dfe4db51e37b280c81bdeb,P4,0.0,0.0,0.0,13305692.039303295,0.0,130798691.69588158,R0,NONE,R0,1,0,0,0,0,0,1,0,0,False,False,False,True,False,True,False,False,False,False,False,Q[NONE]|F[Water+Crackers],1210838638.1314547,1210838638.1314547,0.0,3273704.3935306566,0.0,3273704.3935306566,h09,5,Katrina,1207564933.737924,15864201.46190782,1191700732.2760162,1769322421.625253,112634922.4391335,1.0,10400000.0,0.0,102234922.4391335,0.0,9557344.06438629,1759765077.5608666,0e18cbc302c0fdf4b214bdf90a8b3423683b50c69fa4807077f748b0747ef135
LA-0621,621,30f4e2b5bdd3e36658139015d040a4b63ff5870c69b61c5fb4b414b7a24e1a81,M2,A1_FINAL_NO_MEMORY_V1,PASS,9ab69830640288edffe07c4e0c93f7c905ab296355b0f9595d716a22cbd22806,2b274f579f2b06fa69f8823b63832e68dbfd53166474b7944b2b3f03a2819e40,fd8b8caa094dacdd6a7a646761347c7784671e1fb5acf6d1417dba49333e2ec6,P4,0.0,0.0,0.0,20088429.645522833,0.0,96592135.51766519,R0,NONE,R0,1,0,0,0,0,0,1,0,0,False,False,False,True,False,True,False,False,False,False,False,Q[NONE]|F[Water+Crackers],1230417914.324083,1230417914.324083,0.0,6316546.004375848,0.0,6316546.004375848,h09,5,Katrina,1224101368.3197072,12821359.85106263,1211280008.4686446,1821550537.8027725,60406806.26161373,1.0,10400000.0,0.0,50006806.26161373,0.0,9557344.06438629,1811993193.7383862,2fba5e534853eec552693fd2c73a37d193808233b40e13cbafda2a2cec76d6aa
LA-0622,622,b9d0fecb7db75e22ae34b15233cd4e6f0ff155368d8bbb9d347e9e7a27d7434a,M2,A1_FINAL_NO_MEMORY_V1,PASS,1b044ff9c758a5b3022d5734b73060467f50267507c22d7d72bcec1668f4ace4,fbea6facb0cc4a3a3daf585554082176d5e0b101fdddbddd3982f3141e5bd90a,03bb558208ca180be6156a3fe13b02e05295f6e0a562676c8ec770fb110a2bcf,P4,0.0,0.0,0.0,13529659.305349628,0.0,79001612.67585886,R0,NONE,R0,1,0,0,0,0,0,1,0,0,False,False,False,True,False,True,False,False,False,False,False,Q[NONE]|F[Water+Crackers],1226399096.1981652,1226399096.1981652,0.0,6169081.727235137,0.0,6169081.727235137,h09,5,Katrina,1220230014.47093,12968824.12820334,1207261190.3427267,1810830258.9777675,71127085.0866189,1.0,10399999.999999996,0.0,60727085.08661891,1.862645149230957e-09,9557344.06438629,1801272914.913381,d595f40a2623160c6a96aa134511c27995bb96d8411794f0b86438a5a29fb8f3
LA-0623,623,3adc26c37f58953be33f2785efbc13949f524d834304a91819216205b5595ee1,M2,A1_FINAL_NO_MEMORY_V1,PASS,c1a8e990593745901aea4a014afadb590f35e54e630408a45976e6888471ca70,c08627e55df49790a1158e08a6acb8c3baa7eeec9e4badcb12417ddf4f9cff0b,b99587e786172f9349210dd31dbccc63d8ba79bbd8e10d189fa322059af29ac8,P4,0.0,0.0,0.0,400873.4039151023,1104943.3631940198,0.0,R0,R0,NONE,1,0,0,1,0,0,0,0,0,False,False,False,True,True,False,False,False,False,False,False,Q[NONE]|F[Water+Vaccine],1226689124.8406093,1226689124.8406093,0.0,1275302.225496627,0.0,1275302.225496627,h09,5,Katrina,1225413822.6151128,17862603.629941847,1207551218.9851708,1880767513.2974415,1189830.766944794,0.9999999999999998,316752.6886712583,873078.0782735358,0.0,10083247.311328743,8684265.986112753,1862000000.0,d516734d37219f5cf3c6b6f300791750f27e0d6e504bbc10ba2d4df6e90989b8
LA-0624,624,a5d87dfc044d99c1808dfa2078b88e7d3fa889603a6fa05613e9bbdf178be0d7,M2,A1_FINAL_NO_MEMORY_V1,PASS,fb02176bbc87af075f86db0ac7a375846b607b5171a7ede38659c6cc78ccab71,dde16f4e162cf860d631f2641ca169f2af00e1770bedbdfe02a62161691959e3,4e4761d5ebf76e7c8b7113ae1426511fe80e9209c9d744980458f54187651212,P4,0.0,0.0,0.0,0.0,1456567.5823575114,0.0,NONE,R1,NONE,0,0,0,0,1,0,0,0,0,False,False,False,False,True,False,False,False,False,False,False,Q[NONE]|F[Vaccine],1222973358.2668705,1222973358.2668705,0.0,9269179.017621694,982896.9336111357,10252075.95123283,h09,5,Katrina,1212721282.3156376,8885829.904205648,1203835452.411432,1881002769.6969573,954574.3674289739,1.0,0.0,954574.3674289739,0.0,10400000.0,8602769.696957316,1862000000.0,6229f7a4c5deb0f1537dcd05934e31e5bb223261c26b731845d3943d0013685a
LA-0625,625,bed5aca9dd4d16db43ddbe6455bb416e59c283dff8e1e58459181d2870ba59f6,M2,A1_FINAL_NO_MEMORY_V1,PASS,e648b4c06bcb084998d50297646c7bcc85436336e9f9a50dc87c059784033381,319feab06a7ec6b3805e1af3b86ecc2695c171057b90c56470de6028c0e11395,86b607894bd567ed60f38f5e6b6c9cf3105d7f99477300554e9ceeca26e1ecb6,P4,0.0,0.0,0.0,0.0,0.0,366791016.6951169,NONE,NONE,R0,0,0,0,0,0,0,1,0,0,False,False,False,False,False,True,False,False,False,False,False,Q[NONE]|F[Crackers],1210954090.312456,1210954090.312456,0.0,473960.0533496066,0.0,473960.0533496066,h09,5,Katrina,1210480130.2591064,18663945.80208887,1191816184.4570174,1708155872.812303,173801471.2520834,1.0,0.0,0.0,173801471.2520834,10400000.0,9557344.06438629,1688198528.7479167,57ad05c9c6f16086bde44fe4716b8e1a3fefb8d868649575a24c9609f7b2dfd5
LA-0626,626,81b33dbcce8673f59fa5904bd23c93aba001f02b0f5c90d8d13e9f9ae0d7a9f6,M2,A1_FINAL_NO_MEMORY_V1,PASS,3cc6483b3c1b243e85b8fbaf5c1d595e961dc2928497264353c91417c6b465b4,a2cd3878d17d769fee43ef3902aaf0becc9c95b69804b6617fdc3361812f1aee,94207b12fccaa663bcaf059c5fc80b6ed0f7ed1d14619ba0ef2727d215808b07,P4,0.0,0.0,0.0,0.0,0.0,338344958.1581727,NONE,NONE,R0,0,0,0,0,0,0,1,0,0,False,False,False,False,False,True,False,False,False,False,False,Q[NONE]|F[Crackers],1221973070.127017,1221973070.127017,0.0,2825149.6534710107,0.0,2825149.6534710107,h09,5,Katrina,1219147920.473546,16312756.201967467,1202835164.2715786,1737549224.8571203,144408119.207266,1.0,0.0,0.0,144408119.207266,10400000.0,9557344.06438629,1717591880.792734,ccaf57fbe8d8002a7fca970d7bf13f29f8a92ca78984665950f0abdb4da039ec
LA-0627,627,1f0372d36502fa93f7f7778b59ddfd8636a7835370ee0bc252b1f05e2ea4ad8f,M2,A1_FINAL_NO_MEMORY_V1,PASS,328eeceab78bc54d4767261dae8072dd1627bcaa4537fc9912eb5840f05ea334,339576b01a68d473cc3f3349000e69430f29c1bee7845151a96bb57338fa404c,3f0e3902c7bc7210e45a9b591a00255e00594f1e521f1588645dc22b4274a1a0,P4,0.0,0.0,0.0,15996667.711535204,0.0,193515320.54941085,R0,NONE,R0,1,0,0,0,0,0,1,0,0,False,False,False,True,False,True,False,False,False,False,False,Q[NONE]|F[Water+Crackers],1202000377.8948796,1202000377.8948796,0.0,5255130.972285461,0.0,5255130.972285461,h09,5,Katrina,1196745246.922594,13882774.883153014,1182862472.039441,1745746183.2647772,136211160.79960924,0.9999999999999998,10400000.0,0.0,125811160.79960924,0.0,9557344.06438629,1736188839.2003908,1dce644c02078d2f884713a7face58245d8e180f028e77e673fb2c0d6f0b2836
LA-0628,628,b5a2a0c146bec94cfa63cfaffc80633f1df8ee53e7f03719d210910befc3532a,M2,A1_FINAL_NO_MEMORY_V1,PASS,644d38b41d91c2bfa8c1461ef707eb187fba9077d42dac235f7d19cfc3bc051f,3116ce4fb565995a4242d6ddd397b8ed329543b7be5360edf26984237404c358,d1d96dc55c86f1f4299de21afa0f945945446150479f95565f171216169880d2,P4,0.0,0.0,0.0,16337605.163717832,0.0,75466713.49734782,R0,NONE,R0,1,0,0,0,0,0,1,0,0,False,False,False,True,False,True,False,False,False,False,False,Q[NONE]|F[Water+Crackers],1231155339.2280765,1231155339.2280765,0.0,4792939.43286492,0.0,4792939.43286492,h09,5,Katrina,1226362399.7952116,14344966.422573555,1212017433.372638,1823517633.6841035,58439710.3802828,0.9999999999999998,10400000.0,0.0,48039710.3802828,0.0,9557344.06438629,1813960289.6197171,ce7e503ca1e8936c0a78edb7ce46c53e4698d5228ab2e0802862403acf207b0e
LA-0629,629,2a0d5e5f26afafe18293160257030cf153fdd99cb38b0d8b7e3947944055a70e,M2,A1_FINAL_NO_MEMORY_V1,PASS,30088e355f792506f46c3df108fbf7b3341a336ff82bc70b87ab6ee50d2d2c42,11237ea8a33e00bd869e820d7935303c49fd22235d28ce65e8fc34f7b2b3ce6d,e562727977446383b644d99dac5ca95f072b04e1e69f62c0a3c777eb359077a1,P4,0.0,0.0,0.0,25535266.302590895,0.0,198066336.61875194,R0,NONE,R0,1,0,0,0,0,0,1,0,0,False,False,False,True,False,True,False,False,False,False,False,Q[NONE]|F[Water+Crackers],1218923483.9571326,1218923483.9571326,0.0,1614935.9579082374,0.0,1614935.9579082374,h09,5,Katrina,1217308547.9992244,17522969.897530243,1199785578.101694,1790888911.770574,91068432.29381229,1.0,10400000.0,0.0,80668432.29381229,0.0,9557344.06438629,1781331567.7061877,01dfc1f11cd08da1eaab27fad8e9bed2621a8060159d06188b0192ed03ec0bcb
LA-0630,630,2ba9baed29f4b4da99898ac12ebab6c15de57cd95ad01cedebfb430fb8299700,M2,A1_FINAL_NO_MEMORY_V1,PASS,4c88d21881957bf658325ab4fed04997c95919152083c1ff2098c872ad5f4a97,c4dde96c4f3c7cd8e0682290c81ae2c9fe324ac0d6ed4213dba0a60b158b29ad,bc37c950bde92cb652de613ee4d380b877a8a3911803b0cc78c32a7e6e3f2a9a,P4,0.0,0.0,0.0,0.0,2673277.48709085,0.0,NONE,R0,NONE,0,0,0,1,0,0,0,0,0,False,False,False,False,True,False,False,False,False,False,False,Q[NONE]|F[Vaccine],1213952665.337001,1213952665.337001,0.0,5303485.108689167,0.0,5303485.108689167,h09,5,Katrina,1208649180.228312,13834420.746749314,1194814759.4815626,1880840713.5578034,1116630.5065829945,1.0,0.0,1116630.5065829945,0.0,10400000.0,8440713.557803296,1862000000.0,16c5ef2bcabe4a4f6f4aa2a72a547d3d7ccaaafca3222e33040ac08be1dbbd3d
LA-0631,631,07d3cad6cf5a0d9c3c1ef47e5f6e9390bfdc4304c3135b83808496244f25881a,M2,A1_FINAL_NO_MEMORY_V1,PASS,f7517b4902df2ebcd8222e5d9eaa61556c5ed397d3a33f57b289582766af728a,7d4d3dc074c38006b6ce940719ba062b655fab53a097782e90a45a2e73f63d99,c12455248c4548e98eed24aa30cb4975588a28d258fcec31f3ebdf535c44a1bd,P4,0.0,0.0,0.0,0.0,0.0,192189274.72734597,NONE,NONE,R0,0,0,0,0,0,0,1,0,0,False,False,False,False,False,True,False,False,False,False,False,Q[NONE]|F[Crackers],1225624361.9278798,1225624361.9278798,0.0,1912180.6538950251,0.0,1912180.6538950251,h09,5,Katrina,1223712181.2739847,17225725.201543454,1206486456.072441,1747289119.7591224,134668224.30526394,1.0,0.0,0.0,134668224.30526394,10400000.0,9557344.06438629,1727331775.694736,eb2bfc76d41e6bfaea25940faaa22fa10bf38ec44df2ec3d11e270dcc09e49e5
LA-0632,632,09fa919dce5aca4e4a9326da31ac6f126fe2a5563c26fb6e5b4f3863fa371daa,M2,A1_FINAL_NO_MEMORY_V1,PASS,88f310d8dbbc4abbe8f095503033663b669059f62667103625f3b5246989360e,4e226d9511bad6d4be1975df8dca614e6c44d421e9799c448224627f42380e02,696733998ad5e32ae24c669a5c892dde282e13b27317a467bbe3bbea0ad94f48,P4,0.0,0.0,0.0,0.0,1164295.9112328484,0.0,NONE,R1,NONE,0,0,0,0,1,0,0,0,0,False,False,False,False,True,False,False,False,False,False,False,Q[NONE]|F[Vaccine],1235609927.7465334,1235609927.7465334,0.0,3919419.0697357124,1741218.7490653605,5660637.818801073,h09,5,Katrina,1229949289.9277322,13477268.036637405,1216472021.891095,1881229784.8140826,727559.2503036718,1.0,0.0,727559.2503036718,0.0,10400000.0,8829784.814082617,1862000000.0,48bcb5b61410b365a003fbe06bcd2fe0d7833f929516e3cb1983972af8370469
LA-0633,633,633a6a723b977918919fa56852b0aba2c042d2f3438fff7b6bd1d9fbb3cf24a0,M2,A1_FINAL_NO_MEMORY_V1,PASS,2dfb7da67c37e9630bc861782d3c25927b31a03fe0d1b7ce79bcf5b6736015a6,a12858c514601a2977bd5c8e4fc5859e284aa1c7518ea6f50d4d5ad2791f7497,1124c2bb5c69f6a1ae9ba1bf5a94152c789e13c457f548461104cbc5b86082f6,P1,13914901.397747755,702360.1706518629,0.0,0.0,0.0,0.0,NONE,NONE,NONE,0,0,0,0,0,0,0,0,0,True,True,False,False,False,False,False,False,False,False,False,Q[Water+Vaccine]|F[NONE],1219943975.937116,1219943975.937116,19137905.85543848,0.0,0.0,19137905.85543848,h09,5,Katrina,1200806070.0816774,0.0,1200806070.0816774,1871032399.9367936,0.0,1.0,0.0,0.0,0.0,0.0,9032399.936793573,1862000000.0,048652cf7fd8b7d2dc2ee4b28d0437c270f9f646c906e5efc5653933de12bfa5
LA-0634,634,6ba89c16ac37b206f82ca95c1de169efebaaca3744abaf7346380d1b8b390378,M2,A1_FINAL_NO_MEMORY_V1,PASS,69ff7b80f187317fef70129646406d0e2bd7faf6c9584406a9249fa453d8e9dc,c5209d04daf6e54f7e5abe53d6c137a7ff8b11f480061cd61ec990fdeebf018b,8565a9df12fcdd573f2f2d0da8a1f940b7801489cc69c44da83023a96c0da672,P4,0.0,0.0,0.0,0.0,0.0,202745305.22504094,NONE,NONE,R0,0,0,0,0,0,0,1,0,0,False,False,False,False,False,True,False,False,False,False,False,Q[NONE]|F[Crackers],1213450744.94648,1213450744.94648,0.0,3000814.284644216,0.0,3000814.284644216,h09,5,Katrina,1210449930.661836,16137091.570794262,1194312839.0910416,1714815749.6636262,167141594.40076008,1.0,0.0,-1.2992934911402637e-10,167141594.40076008,10400000.0,9557344.06438629,1694858405.5992398,4d706e7ddb483b2007cafbfa3b6c07d47ff59572872cb1ca97e0dc36e66ec765
LA-0635,635,a4962a555538274a67cfa945b5acb20d72f60a5bbc9c7c8c916af1f972f6fc8e,M2,A1_FINAL_NO_MEMORY_V1,PASS,579ec8c24fb87ee8bc55fc55065d02f3287ad9920344607b853e07af3eacaff8,5460030d8d4b14b371b5bc588fdb714b7a747fff896261f9c4a3434942247d94,41daebe1533610ec50c0f6fd9e22762012e636005e2895840b9cfcb498094045,P2,14599172.771076124,0.0,0.0,0.0,0.0,166079425.51394922,NONE,NONE,R0,0,0,0,0,0,0,1,0,0,True,False,False,False,False,True,False,False,False,False,True,Q[Water]|F[Crackers],1222012514.283299,1222012514.283299,9455884.203826007,3414529.6675893418,0.0,12870413.871415349,h09,5,Katrina,1209142100.4118836,6267491.98402313,1202874608.4278605,1799128962.7900107,72428381.27437574,1.0,0.0,0.0,72428381.27437574,0.0,9557344.06438629,1789571618.7256243,71391c78d9d033fb1dc3c5c10b395703df094f1cd8dbe66057e3e45d22a5cf92
LA-0636,636,7797de0ff3db60fd6af5b341d4ad5965b4e9d3f131a27235078f0afb56b9ec7d,M2,A1_FINAL_NO_MEMORY_V1,PASS,f2341d4e25c1b58974ed738eb9e96aae7cf6808f6cac24c3a4906113f59b363e,debbfc9750434a696a3431396c0cb0291ded1aad772390849a3127262623f6af,e1e1d0f99ae11e609381468f5a07febbb1f645157537e87565d8f9323f7cf328,P4,0.0,0.0,0.0,13188309.327106668,686787.1296084357,0.0,R0,R0,NONE,1,0,0,1,0,0,0,0,0,False,False,False,True,True,False,False,False,False,False,False,Q[NONE]|F[Water+Vaccine],1219017696.813474,1219017696.813474,0.0,5101224.810311049,0.0,5101224.810311049,h09,5,Katrina,1213916472.0031629,14036681.045127429,1199879790.9580355,1871015759.3949058,10941584.669480506,1.0,10400000.0,541584.6694805054,0.0,0.0,9015759.394905783,1862000000.0,22641784963f230f5ca98fb76c169908c059c6fe1b0f208a03fd429bca3d0793
LA-0637,637,e71b6dc65ca73efe64c962e7f9ab0724f8378067927874baf7145d46126176ab,M2,A1_FINAL_NO_MEMORY_V1,PASS,2ae6aeb5eef05bece18690ff4883aac0de08c713e13ea3e68a8db8a099ce93f6,55e99c5163030f3cdfc3a13fd72689b96450ff2e718dbec29f7f60f7b1e2332a,82e52120bdeef64b0474047d76c4e6b74f2e37f847363cc8bf98d0a273897c93,P4,0.0,0.0,0.0,0.0,0.0,265032896.79715973,NONE,NONE,R0,0,0,0,0,0,0,1,0,0,False,False,False,False,False,True,False,False,False,False,False,Q[NONE]|F[Crackers],1219147526.488505,1219147526.488505,0.0,7498774.84582004,0.0,7498774.84582004,h09,5,Katrina,1211648751.642685,11639131.009618437,1200009620.6330664,1730012029.9187074,151945314.14567888,1.0,0.0,0.0,151945314.14567888,10400000.0,9557344.06438629,1710054685.854321,75c9477846fbb5b99e507c1b7aad201be8a4c50a891ddf76c8b0e940c004ce9f
LA-0638,638,12552ffda333a1c4f0a9c3027dfc500335d8cb4d9f60d2b64a346e70ebeed018,M2,A1_FINAL_NO_MEMORY_V1,PASS,453a149f541fda07bf2a9910a2e052a6cf671f04ea391dd5c5a9d66f38bb5463,891e78c9fcddc1a802be9a55f1749ee3495c5ad3197e7fbca22050906d42efb8,876721f16971069636d07517693f2f7c690f9d4902ff1840b6f6bd537cdcbe41,P4,0.0,0.0,0.0,13000928.923560519,0.0,115230180.23579976,R0,NONE,R0,1,0,0,0,0,0,1,0,0,False,False,False,True,False,True,False,False,False,False,False,Q[NONE]|F[Water+Crackers],1214608943.0696352,1214608943.0696352,0.0,6275830.657794919,0.0,6275830.657794919,h09,5,Katrina,1208333112.4118402,12862075.19764356,1195471037.2141967,1779379786.4838226,102577557.58056383,1.0,10400000.0,0.0,92177557.58056383,0.0,9557344.06438629,1769822442.4194362,341ef966c4465e6fbb501bd4238b135374e4b641414e5f27806c1f2bf1f7a30d
LA-0639,639,4a72df578edeb421326e6855903210ae8cc935dd231e6acc2d3b66d5a4861908,M2,A1_FINAL_NO_MEMORY_V1,PASS,27c849492f0c87464f17d1503d868488b169ca006567783bb1f1e05cc9168c6f,496cfec3ef38143f40e3d9367135f4a41246f92b0678515765c1cd69e7f2ed8a,aafd7a21cde18dae7cb707bb5035df3491400234f102ac267d2ceaa415b9b44d,P4,0.0,0.0,0.0,19261059.02147461,0.0,178875987.29912722,R0,NONE,R0,1,0,0,0,0,0,1,0,0,False,False,False,True,False,True,False,False,False,False,False,Q[NONE]|F[Water+Crackers],1212957053.144801,1212957053.144801,0.0,10549067.587328479,0.0,10549067.587328479,h09,5,Katrina,1202407985.5574725,8588838.26811,1193819147.2893624,1774973336.6203086,106984007.44407766,1.0,10400000.0,0.0,96584007.44407766,0.0,9557344.06438629,1765415992.5559223,dd509cc25466310e0c59cabca5e56b5819ebcd86ca479d36d9e67d29673c221a
LA-0640,640,556736df794676bfcfdd155f45ceac1062e109abce1a2289402e71788afcd5ae,M2,A1_FINAL_NO_MEMORY_V1,PASS,41f7001c422a8dd488ba9cf15ed7c8bb6a2de4420ba58e055910d2877af63470,22baae4bd1c3ecea100739fd53c6cf13a1e9d579543d945982461266f8039810,836911b66d22c93e0c5714bd9c76cd6627a30dad885a14086a00f7f4538745a6,P4,0.0,0.0,0.0,0.0,0.0,328209684.55278367,NONE,NONE,R0,0,0,0,0,0,0,1,0,0,False,False,False,False,False,True,False,False,False,False,False,Q[NONE]|F[Crackers],1190542149.769012,1190542149.769012,0.0,4296452.767869761,0.0,4296452.767869761,h09,5,Katrina,1186245697.0011423,14841453.087568715,1171404243.9135735,1653706607.5982504,228250736.46613598,1.0,0.0,0.0,228250736.46613598,10400000.0,9557344.06438629,1633749263.533864,1d99b98de58ca6db82e85c5f666f1fe06f590b4414ff2a03dbe6cb53a5082bb8
LA-0641,641,4512c598ef900c7549d2933d16da725602014ce1f53d09c6ef3d34b215f54e33,M2,A1_FINAL_NO_MEMORY_V1,PASS,d8e29b4364d814961505d5d64f9498f66a2242fb67a2e71685506a1cee535c5e,c0c7c0f6742b15d7287f0baf02d7e10062507f8a6281205437f857d2aa1540f5,01258a3c7a26ab906460a51490a19ef99464b36a002fbc739ef44401b61e0566,P2,14783242.44160605,0.0,0.0,0.0,0.0,121432980.04827687,NONE,NONE,R0,0,0,0,0,0,0,1,0,0,True,False,False,False,False,True,False,False,False,False,True,Q[Water]|F[Crackers],1223152144.5755742,1223152144.5755742,9575106.12942824,583293.6090812266,0.0,10158399.738509467,h09,5,Katrina,1212993744.8370647,8979506.116929011,1204014238.7201357,1802168949.6985557,69388394.36583056,1.0,0.0,0.0,69388394.36583056,0.0,9557344.06438629,1792611605.6341693,e9e9cc57fa42eeffe78883972cd8fd7b9b0070d2dadb00be038d6e1fce183d37
LA-0642,642,df36bdc338b56dbdb6049ba0f8338289089a63b99a8d10e273f60fe82107fd03,M2,A1_FINAL_NO_MEMORY_V1,PASS,644eac83d95436a807448759e4d1efb3c4501b9868e5cfb308864cc6e9e58a5a,838f7b2cf72dadf93254870bff0c3d4d70a6ef253054161c13854ebb2bac251a,00fad34c6985a1520333da73f27ab22a1345cd2dbac3cfe4ad0469ff5a7a2175,P1,14229721.617536936,688215.5357769008,0.0,0.0,0.0,0.0,NONE,NONE,NONE,0,0,0,0,0,0,0,0,0,True,True,False,False,False,False,False,False,False,False,False,Q[Water+Vaccine]|F[NONE],1221165897.9019191,1221165897.9019191,19137905.85543848,0.0,0.0,19137905.85543848,h09,5,Katrina,1202027992.0464807,0.0,1202027992.0464807,1871054351.6823528,0.0,1.0,0.0,0.0,0.0,0.0,9054351.6823527,1862000000.0,1162e984653e0cadb84374ba6ecf4f7985cfb92c3e6828b78068cfb42e89369c
LA-0643,643,476f3dd0902c8ebb208b2a74f433d48c8c604c57c41e863f53fd6f283fa2058d,M2,A1_FINAL_NO_MEMORY_V1,PASS,774999fafce0abb6bb84d1401b4ee02fdb0ad7af65fe9f32e39b76508bd02561,e5822c66c9d8b493bdd13708175cc94d9d39b9bf9bf21099c97756db0ba7e4a8,7583db7f4ad9a8a11bc8f465ae9315941d04ec6fe199b6358139d9e0c577f740,P4,0.0,0.0,0.0,0.0,2238724.346670035,0.0,NONE,R0,NONE,0,0,0,1,0,0,0,0,0,False,False,False,False,True,False,False,False,False,False,False,Q[NONE]|F[Vaccine],1194156298.869964,1194156298.869964,0.0,4725282.602151018,0.0,4725282.602151018,h09,5,Katrina,1189431016.267813,14412623.25328746,1175018393.0145254,1880485073.1714308,1472270.8929554645,1.0,0.0,1472270.8929554645,0.0,10400000.0,8085073.171430825,1862000000.0,d43c74e8fb7b1c27048b0eddb05564e17e7460003f7980f318448c4aa4b697b1
LA-0644,644,103819d6efae8e8d55afb623531c8fcc5caedfe82e8359c199034866e7596adb,M2,A1_FINAL_NO_MEMORY_V1,PASS,51866023ee7c477029d0dfea8c89f2cb5dc0af6895e15bb607f5e5f080eb22cb,923e1e2b57610fc7740e2fd24a768713c9758a7184ac2a373f934d0a1a48a9a3,c1dcafdee0c3c3194c5c324a70056b60973cdac19c0c22abd11883991f218f6c,P4,0.0,0.0,0.0,15953766.69534709,0.0,245943216.9039082,R0,NONE,R0,1,0,0,0,0,0,1,0,0,False,False,False,True,False,True,False,False,False,False,False,Q[NONE]|F[Water+Crackers],1189061317.357584,1189061317.357584,0.0,8225749.53243106,0.0,8225749.53243106,h09,5,Katrina,1180835567.8251529,10912156.32300742,1169923411.5021455,1711230976.9659739,170726367.09841254,1.0,10400000.0,0.0,160326367.09841254,0.0,9557344.06438629,1701673632.9015875,8e0ae209e8c2f2cb35221dcf78ba28f385e0a679aacf38baa66f16825b5a1d17
LA-0645,645,491eaa63b3f4abf29305ce1314ef34b5062b2ed3d78ba7986c583a977115529f,M2,A1_FINAL_NO_MEMORY_V1,PASS,0f4db6a8b698f92a7c3ed406c13c180df90c92005073f11afd2282e43cf33bbd,7ce3c0e70150c12389e9b6ddbfb4ec4e88c7a2b3586e190a13c484f25f7f94ce,d4656ae386e7fc525d515d7229233ce88e1951be5056212496122fd70db10767,P4,0.0,0.0,0.0,12971176.144869573,885731.2305274339,13829501.580876011,R0,R0,R0,1,0,0,1,0,0,1,0,0,False,False,False,True,True,True,False,False,False,False,False,Q[NONE]|F[Water+Vaccine+Crackers],1205477404.6309388,1205477404.6309388,0.0,7639044.1677242145,0.0,7639044.1677242145,h09,5,Katrina,1197838360.4632146,11498861.687714264,1186339498.7755003,1859758998.2914684,22198345.77291793,1.0,10400000.0,710159.5641447466,11088186.208773185,0.0,8847184.500241542,1850911813.7912269,97ddc62b789729ea1d2fbd1e0a4a3ba482eaacaaf298c6b845cbf5469293d3e7
LA-0646,646,22a0bacd90599d7c88030899afc42006c5478242a84e990047e8e3cd7ed3a54e,M2,A1_FINAL_NO_MEMORY_V1,PASS,8d96c671d29d6df787dd720e6538300304f23396a4b4b511c27b7fbaa104fc7d,6e5490b82cee806964808b97afa9ddfd6b0bc4b9362c1563f0c71f80640d4e10,862afd7ae642eb01ad6c528dcd30624fd2deb78635f9bb8a0e962399e74a4ec7,P4,0.0,0.0,0.0,0.0,0.0,255190639.58896714,NONE,NONE,R0,0,0,0,0,0,0,1,0,0,False,False,False,False,False,True,False,False,False,False,False,Q[NONE]|F[Crackers],1217994669.9729517,1217994669.9729517,0.0,2202007.293225724,0.0,2202007.293225724,h09,5,Katrina,1215792662.679726,16935898.562212754,1198856764.1175132,1726936761.7914314,155020582.27295488,1.0,0.0,0.0,155020582.27295488,10400000.0,9557344.06438629,1706979417.727045,3227255ed4341bded0026bff57b117e8235049c477faaccd48c4d1a7b683f2ef
LA-0647,647,9f75b37c7ea35e63988ae11a092a8defc68ea622b5abe84163c8de5e4133e10d,M2,A1_FINAL_NO_MEMORY_V1,PASS,9c093aac2cd9001bc9ce72ffcf243992aa9582b0e86a9417b2096fb80bc3352f,f74909dee6624bcf06043e4d6c2774dee54e2be4fb9309b920c53e19aa4ffbf6,c7db70d83b3372d654bd5fdb8bf61951e373188be2ddc21186e20be3d4c79dd7,P1,14222274.553538851,688550.1267419092,0.0,0.0,0.0,0.0,NONE,NONE,NONE,0,0,0,0,0,0,0,0,0,True,True,False,False,False,False,False,False,False,False,False,Q[Water+Vaccine]|F[NONE],1221137618.0575635,1221137618.0575635,19137905.85543848,0.0,0.0,19137905.85543848,h09,5,Katrina,1201999712.202125,0.0,1201999712.202125,1871053843.6368592,0.0,1.0,0.0,0.0,0.0,0.0,9053843.636859102,1862000000.0,e92be6cb83115843707c551468c74d9a86ae0685ddeaf954ff91a4036418a1ac
LA-0648,648,11c1b64f15bc6da32ddaf8da712da6024392b6c8099fcdbec7dd43ca9c10688b,M2,A1_FINAL_NO_MEMORY_V1,PASS,3c47ec6549db5fcbdc49f5769e107f00ef020e0952d6eafba143761c9f65695c,1c3db9515d7ba1050621a2de273f2f2d600cfc7206d06f9258dcd6a554542bb5,bbd34c3a34f0da916c5b7f7c2097c6194fc99a5bd8a8245b0fbd6b7e368e88dd,P4,0.0,0.0,0.0,0.0,0.0,174416154.0676397,NONE,NONE,R1,0,0,0,0,0,0,0,1,0,False,False,False,False,False,True,False,False,False,False,False,Q[NONE]|F[Crackers],1227318467.49491,1227318467.49491,0.0,3043143.584515093,975701.7944808035,4018845.3789958963,h09,5,Katrina,1223299622.115914,15119060.476442583,1208180561.6394715,1751808180.7040389,130149163.36034743,1.0,0.0,0.0,130149163.36034743,10400000.0,9557344.06438629,1731850836.6396525,11cec3208d752bae95905225a7f5d25a17286598983c22ddb58f0719c5977539
LA-0649,649,8bdb499cfb7da607adb470d692cc7569cfddef59031fe66cd17753dbcc98d428,M2,A1_FINAL_NO_MEMORY_V1,PASS,e39aa2c4c4313f366d7a326c8bf53c5dfb169cf4eb572b1b8f382415698f9736,c8abdf3f219000392c58a738c717fb8c88fcff0fa6c4a9143e69ea9b22db4d6e,3eb9f0de7e9ab033f44b2736125a11365db126e91fd9671cc9f345086bf36cfc,P4,0.0,0.0,0.0,0.0,0.0,369454459.2992035,NONE,NONE,R0,0,0,0,0,0,0,1,0,0,False,False,False,False,False,True,False,False,False,False,False,Q[NONE]|F[Crackers],1180395423.052388,1180395423.052388,0.0,3780087.629485925,0.0,3780087.629485925,h09,5,Katrina,1176615335.422902,15357818.225952553,1161257517.1969495,1626640008.3755019,255317335.68888453,1.0,0.0,0.0,255317335.68888453,10400000.0,9557344.06438629,1606682664.3111155,45c034ec83e9f273a59a0e227e3c64cf284e7e5bd52e7105182cc4376d661224
LA-0650,650,896e1ab448726f2971ba9a04b3ebaf173c1cdfc6a202764ddb5b4de5a49689f7,M2,A1_FINAL_NO_MEMORY_V1,PASS,33de02b6ab1b16a868762daab24d7a3b8a82a752b567b95ccb81e705f700ffa2,124f37c6e6a2bd256a75b71b8219d476403ad8efaf0bae6c04160baa7cba9d17,ccc8455ff4e63914ef1e95ace1afcfe5ba8b1686e85774b67722af7afa529c42,P4,0.0,0.0,0.0,15656541.240527626,2043838.923424806,0.0,R0,R0,NONE,1,0,0,1,0,0,0,0,0,False,False,False,True,True,False,False,False,False,False,False,Q[NONE]|F[Water+Vaccine],1173592870.5655491,1173592870.5655491,0.0,172172.9871782699,0.0,172172.9871782699,h09,5,Katrina,1173420697.5783708,18965732.868260205,1154454964.7101107,1870199705.4597247,11757638.60466168,0.9999999999999998,10400000.0,1357638.6046616805,0.0,0.0,8199705.459724609,1862000000.0,c4711d871a64d1afb7dfe149dd10c2412fb3d3cff111867f22d24e995c1b14c3
LA-0651,651,c486e6a3009e360e307e99848a7b8540e0c6bd938c9884e3af76cf8be54c6799,M2,A1_FINAL_NO_MEMORY_V1,PASS,2d39026784d063f623f20608af5ad41fd280c38a0020bf885e1717b4258b91a9,2cb4931766de971a9957586fffe2a2e6abd0a8f25c3cd11464c957d24b52a94d,e2393a62c4bad719f95ab4323aa9f175f97c42a18fe43d7b8f3d909c8093f846,P4,0.0,0.0,0.0,0.0,0.0,135743770.0551011,NONE,NONE,R2,0,0,0,0,0,0,0,0,1,False,False,False,False,False,True,False,False,False,False,False,Q[NONE]|F[Crackers],1228746933.3691587,1228746933.3691587,0.0,4692748.285290682,5512401.830279849,10205150.11557053,h09,5,Katrina,1218541783.2535882,8932755.739867946,1209609027.5137203,1755618642.3831067,126338701.68127963,1.0,0.0,0.0,126338701.68127963,10400000.0,9557344.06438629,1735661298.3187203,a88261b7ce54317579e2e0a256423595f0c13230b60bffd6a35bebf9eb2a35d9
LA-0652,652,618cb1f836844a095ccc3291336c875b65e64fd8ef9b62a3c3e1ed575c4e7c36,M2,A1_FINAL_NO_MEMORY_V1,PASS,ea1c17358dc6d27b395d2a833fbd702c4cdf056efd2d906bc70c306e1b5d308c,0de1d403a6c4d8a84dd4bea3abf1acfd40740fb022493c6818cd9c0928fe45e9,086f5f147f9b3dec10645592d014285d5ca72eab6b051a422b8827960e84e49f,P4,0.0,0.0,0.0,14011948.15646643,0.0,64645510.049733475,R0,NONE,R0,1,0,0,0,0,0,1,0,0,False,False,False,True,False,True,False,False,False,False,False,Q[NONE]|F[Water+Crackers],1231177187.513909,1231177187.513909,0.0,3308871.985677693,0.0,3308871.985677693,h09,5,Katrina,1227868315.5282314,15829033.869760785,1212039281.6584706,1823575914.4294958,58381429.634890534,1.0,10400000.0,0.0,47981429.634890534,0.0,9557344.06438629,1814018570.3651094,f30f7678d8d877b08c81343e0c0b7684fb9addca85180e03647a2551306bf93e
LA-0653,653,195798ab08b968fb6c4ee37bb25c36d5da051d533e0131a34d45e6918a9dcc43,M2,A1_FINAL_NO_MEMORY_V1,PASS,c0ceddd524baf7df7cf62d306b71d0f20d0ce2a3c56de01f68aa4ffc43e2efca,f67c36bf8678d316d629cc373261e160a3ad39177d226705040accaf5ac88f7c,a09e4288112e6b59a1faa1cd6b4f418fd4d2f710d3d323932ced8700f7f41a6b,P4,0.0,0.0,0.0,0.0,0.0,304494421.3113062,NONE,NONE,R0,0,0,0,0,0,0,1,0,0,False,False,False,False,False,True,False,False,False,False,False,Q[NONE]|F[Crackers],1204080203.9180856,1204080203.9180856,0.0,10018807.359378671,0.0,10018807.359378671,h09,5,Katrina,1194061396.558707,9119098.496059805,1184942298.062647,1689819641.499962,192137702.56442422,1.0,0.0,0.0,192137702.56442422,10400000.0,9557344.06438629,1669862297.4355757,5f861fb8b7a9b265343b72e31452e0f0d368b00d1114ed141d3b9cb36cead78d
LA-0654,654,4ef1d9df69d5d7130d3d42e294c1182123f2593437574be71ff64cfbe18e8424,M2,A1_FINAL_NO_MEMORY_V1,PASS,9983a7d9874e31341b91cffbd8b9c9f17799aba0f1073c32c0ed9965dc57739e,6daf25212f4c17aafd559619767cccade067337e2fb03da9a5af7bd4f2a25ce9,3e2e0871114d2fb1ccc45c9b925e87f36cba837fe98aa2e63099aa0b3ac73d49,P4,0.0,0.0,0.0,12750001.762909615,0.0,52401783.99467093,R0,NONE,R0,1,0,0,0,0,0,1,0,0,False,False,False,True,False,True,False,False,False,False,False,Q[NONE]|F[Water+Crackers],1233140816.294296,1233140816.294296,0.0,4798686.507158037,0.0,4798686.507158037,h09,5,Katrina,1228342129.787138,14339219.348280441,1214002910.4388576,1828813934.0101268,53143410.05425954,1.0,10400000.0,0.0,42743410.05425954,0.0,9557344.06438629,1819256589.9457405,995bcc0a1568ad300090a77a37cf269e8eae58e71f7e5baa1c64c6cbee809b23
LA-0655,655,45489cb4e0a7fca0bb86ea1f9af348ada1ccef4291e4db2c2a29812789df4bca,M2,A1_FINAL_NO_MEMORY_V1,PASS,d8c1331b66744e2e184b44d3cc8652ba3655aa764b8bd46ca19e8b60df8bbeb5,2018ed779c79734026b57facb6c8560ded17ba137e1189e244f5b773607f59be,27ae3be3ae7c3f2ee31d88f8b2a8493e392452713f00df1975df16c747e5d398,P4,0.0,0.0,0.0,16599910.523438178,0.0,76684294.66120398,R0,NONE,R0,1,0,0,0,0,0,1,0,0,False,False,False,True,False,True,False,False,False,False,False,Q[NONE]|F[Water+Crackers],1231153944.247093,1231153944.247093,0.0,3138997.221503364,0.0,3138997.221503364,h09,5,Katrina,1228014947.0255897,15998908.633935116,1212016038.3916545,1823513912.5440495,58443431.52033687,1.0,10400000.0,0.0,48043431.52033687,0.0,9557344.06438629,1813956568.4796631,693f47aed9cf6ceec1da697208e82aabc084ff352095bd78ddb892ed203bea1f
LA-0656,656,e0d4ce5e0d8d85d543955719abd8351ccac93a90d05264c33c1df52a3cad0e0c,M2,A1_FINAL_NO_MEMORY_V1,PASS,5c2de2f23dc5a866bdc11a1947f4570cded4edacd7bc0236f26252e9f1e68924,14903d138e0cfe5097c6ef8da99cc0d97024fc5d970aab3fe02cca659ad5e28e,50c9060a2206b970749269838f9d158161d7dd5ef3ccbe3ab593b8bb89b16238,P4,0.0,0.0,0.0,0.0,1811449.3483419488,0.0,NONE,R1,NONE,0,0,0,0,1,0,0,0,0,False,False,False,False,True,False,False,False,False,False,False,Q[NONE]|F[Vaccine],1222364399.6860554,1222364399.6860554,0.0,8675861.837021727,684119.5403633537,9359981.37738508,h09,5,Katrina,1213004418.3086703,9777924.478053398,1203226493.830617,1880991829.797187,965514.2671992935,1.0,0.0,965514.2671992935,0.0,10400000.0,8591829.797186997,1862000000.0,caf386d78b3f613293fbefe8dff1ce9b475b17aa9d2e12a5641f660e1ef9196c
LA-0657,657,f9ef6ee3c5c9a319a187f6339c5aee9e0c4c0419506a224a9a90dd598c9e874c,M2,A1_FINAL_NO_MEMORY_V1,PASS,2317278c07fce82db068b2914c3c5fb1f0166958e21633bdfbf67e9c65920cdd,e50b77d59e759461c98cefca3c8aef3c1551409ca94567dbe57cc516dbfda50c,bbb547d69904a913d73b7f5097c7b2f604d9e48106acf50be1629192d7e549c9,P4,0.0,0.0,0.0,24275465.522900835,0.0,212794400.47736812,R0,NONE,R0,1,0,0,0,0,0,1,0,0,False,False,False,True,False,True,False,False,False,False,False,Q[NONE]|F[Water+Crackers],1214988701.2890565,1214988701.2890565,0.0,5255763.228888918,0.0,5255763.228888918,h09,5,Katrina,1209732938.0601676,13882142.62654956,1195850795.433618,1780392799.2330263,101564544.83136006,1.0,10400000.0,0.0,91164544.83136006,0.0,9557344.06438629,1770835455.16864,9992098c8c4921dfa2e00e260d08c6bc36419f4a1ea38c494b4fede52e6cc87f
LA-0658,658,a06ac5f944e152077f015a26b4594a06abac302d9ee8d12168cc1855c3b7c784,M2,A1_FINAL_NO_MEMORY_V1,PASS,e20e60f3746772e9c582224b8911b775d1226352b9d5b803d2c6cf17f6a5e4b2,7c0a5f3fd1cb68dcb8420621a5bdd07be609b3ba239e08e576173836c5c8b61e,cc9754a3952994a68e555414251c721b7c8a3ef1ced252e1db33a55c293eaaa0,P4,0.0,0.0,0.0,0.0,1711108.9069772817,0.0,NONE,R1,NONE,0,0,0,0,1,0,0,0,0,False,False,False,False,True,False,False,False,False,False,False,Q[NONE]|F[Vaccine],1197577802.7998314,1197577802.7998314,0.0,7295605.1064479835,1015170.9554537579,8310776.061901742,h09,5,Katrina,1189267026.7379296,10827129.793536738,1178439896.944393,1880546540.2584147,1410803.8059716444,1.0,0.0,1410803.8059716444,0.0,10400000.0,8146540.258414645,1862000000.0,03c86d95e7adc082a83488c3ce54e4cd8b3cfb716bbfe4d1f5e312d05e48c9fb
LA-0659,659,ff2742c89e2584765813c265a87b00bcf2298dc47b57a0723381f98b2e85b160,M2,A1_FINAL_NO_MEMORY_V1,PASS,1744d4cb13075850562ef28baa51a26dca5b6f8f555f168d8e31230f6f58b752,d55bb1ec4a901f41b533254f55096ac62c7444fd09f7a30e8b0dae6435990b45,77c805ced4885899ca5873d735cd78d5ee2e9f6771bb9f64286a067a06f26dbb,P4,0.0,0.0,0.0,0.0,0.0,335214422.3414589,NONE,NONE,R0,0,0,0,0,0,0,1,0,0,False,False,False,False,False,True,False,False,False,False,False,Q[NONE]|F[Crackers],1221788283.2369628,1221788283.2369628,0.0,5064321.646607061,0.0,5064321.646607061,h09,5,Katrina,1216723961.5903556,14073584.208831416,1202650377.3815243,1737056302.0816877,144901041.9826987,1.0,0.0,0.0,144901041.9826987,10400000.0,9557344.06438629,1717098958.0173013,de5b8ccdd132839fad5782a3097984c058ef457865d0f1884573d2deabf6a2e9
LA-0660,660,14a609fa2b4cae99483035bbbc217a5848bba0547b137dfdc5f0bc4a8c2c9097,M2,A1_FINAL_NO_MEMORY_V1,PASS,58203a54328489455bdc6fa53080516b34b5cd8199fe6667260dbb7008055272,7d5cd27c8ccb8cb77953a1598a95deeaec1d06cd1210dba50ba77b9a2723219f,0af8c4d1820a4fad449a4d55f2677a05e0b713986f3a5c2c4f6b5d6def270919,P4,0.0,0.0,0.0,477830.3163157262,2501735.829207628,0.0,R0,R0,NONE,1,0,0,1,0,0,0,0,0,False,False,False,True,True,False,False,False,False,False,False,Q[NONE]|F[Water+Vaccine],1181746087.2291002,1181746087.2291002,0.0,2473729.260722154,0.0,2473729.260722154,h09,5,Katrina,1179272357.968378,16664176.594716324,1162608181.3736618,1879956128.8555224,2001215.208863857,1.0,320933.0652732655,1680282.1435905914,0.0,10079066.934726734,7877061.920795698,1862000000.0,47df7fddd95e16979df1eda70bc819bcc5b53948e910577945d417cfbef1211e
LA-0661,661,49ff78a183a4c1d8000619d9ba5e880a1c0353490469ac3a78684199f5d38ab8,M2,A1_FINAL_NO_MEMORY_V1,PASS,41bd2e8aeaea2d60b5ed5fcb50303477c48e25c0ce2955596269e24213686842,4034f938c198c4a5a9be4402cbd50d7d137e81c2079477f56ca085c488b9228c,7be9afaf11e89cee30d50444d7f91c62fa1deffeecbce0e3b0052667114811a7,P4,0.0,0.0,0.0,0.0,0.0,510886805.67903525,NONE,NONE,R0,0,0,0,0,0,0,1,0,0,False,False,False,False,False,True,False,False,False,False,False,Q[NONE]|F[Crackers],1213911635.514469,1213911635.514469,0.0,1701761.5208502465,0.0,1701761.5208502465,h09,5,Katrina,1212209873.9936187,17436144.33458823,1194773729.6590304,1716045184.5974422,165912159.46694413,0.9999999999999998,0.0,0.0,165912159.46694413,10400000.0,9557344.06438629,1696087840.5330558,990fe6d8a923de68daba2c985f1037d604dc9ccb13c5d56711f2597633f0b0a5
LA-0662,662,7528e40a00262a4e0a2dbbc3afdb22346360eeda109b1066d365a1c10db747f1,M2,A1_FINAL_NO_MEMORY_V1,PASS,01e51ec61736abbf34fdc07e6276313a36a01d12628245ffc139f72a954add8a,962d3009f1104016d3bc2eaa3b7c25f4caa006eafca039b90bca9a0cb478a5a7,c5226e24de919eb824deccf1ef1b7c4090a18772ea94c9169e3942c3c1080a9a,P4,0.0,0.0,0.0,0.0,0.0,430440731.8526531,NONE,NONE,R0,0,0,0,0,0,0,1,0,0,False,False,False,False,False,True,False,False,False,False,False,Q[NONE]|F[Crackers],1171464987.398077,1171464987.398077,0.0,2279874.5195441535,0.0,2279874.5195441535,h09,5,Katrina,1169185112.878533,16858031.335894324,1152327081.5426385,1602817890.2195296,279139453.8448568,1.0,0.0,0.0,279139453.8448568,10400000.0,9557344.06438629,1582860546.1551433,f15a6ea1ddd737b7602cdf8a0f6fbd46012b69815a508dff0041b9a66fe6fb22
LA-0663,663,1c934d645b4f92e9294648171da37858a2e83fadae65ec86d01c14f73ec9ebf0,M2,A1_FINAL_NO_MEMORY_V1,PASS,8a77ba6dede0cfed9f2b0e44dd8da0b9b4a8e9da7929c84ec6f774f1bb31bd4a,4491b7ea4854417e2def1e14ee0af765599b411384f6454f5cbfdddd7153efde,85e66c234add757c2a05335c3a9be9d168b54b19f8d7de2514b93e5f1a994e9f,P4,0.0,0.0,0.0,435575.34998157556,1351617.289130485,0.0,R0,R0,NONE,1,0,0,1,0,0,0,0,0,False,False,False,True,True,False,False,False,False,False,False,Q[NONE]|F[Water+Vaccine],1217419677.268459,1217419677.268459,0.0,7355452.177649954,0.0,7355452.177649954,h09,5,Katrina,1210064225.090809,11782453.677788522,1198281771.4130206,1880583823.9725764,1373520.0918098283,1.0,334754.9008449553,1038765.1909648731,0.0,10065245.099155044,8518578.873421416,1862000000.0,b4f06979b93c2b95c17b0bef4c5daec88ebf419468f167d428890093c2eb3ce2
LA-0664,664,5497f1c9a446434f8dd9be045670011511bc6bb3d13d795ab51e1e389b7e6bc4,M2,A1_FINAL_NO_MEMORY_V1,PASS,a2ca8eb9a085148665d2f1dd4f5c76e4d1c0750b9330976c2b9913c76a4f7acf,dc5a4c02406cf240f472b5f5e289b40063329565cf5a713e70a3418fbd4d6822,78be3285d9edb0d836c7cf67e289375d8b1e24cef0e05ec8a3b7aee2e926a6bf,P4,0.0,0.0,0.0,12863809.4747983,340818.4626164846,13402545.266035087,R0,R0,R0,1,0,0,1,0,0,1,0,0,False,False,False,True,True,True,False,False,False,False,False,Q[NONE]|F[Water+Vaccine+Crackers],1229764698.0617654,1229764698.0617654,0.0,6076667.214618966,0.0,6076667.214618966,h09,5,Katrina,1223688030.8471465,13061238.640819512,1210626792.206327,1860446251.1134224,21511092.950964082,1.0,10400000.0,275541.39527295943,10835551.555691121,0.0,9281802.66911333,1851164448.444309,68602aaed9ffbc1d35b79dbd7c9874623378c96164412fa577f223ca45d1f82f
LA-0665,665,cfc4590f21baaefd8421013da22da811289c9a85a408dbc4caa38817492f1bbd,M2,A1_FINAL_NO_MEMORY_V1,PASS,da240f65eabdb75a4881a1d73fc23f232e4b5e47de2c4db0391cbddc3966b58c,fb8f04c9985b1ac7133c8280fa605bce09e27d87a4db742edae91a7c42e4e1bb,211cf56089efda8b2ce78a698dcf5f351c5465d4858b4dc8704dcff0994a9603,P4,0.0,0.0,0.0,16802515.079632297,0.0,159239575.29818538,R0,NONE,R0,1,0,0,0,0,0,1,0,0,False,False,False,True,False,True,False,False,False,False,False,Q[NONE]|F[Water+Crackers],1212215496.624901,1212215496.624901,0.0,5079806.335908791,0.0,5079806.335908791,h09,5,Katrina,1207135690.2889922,14058099.519529687,1193077590.7694626,1772995219.5697854,108962124.49460092,1.0,10400000.0,0.0,98562124.49460092,0.0,9557344.06438629,1763437875.505399,cd03ac2a408f8a9323b04d0b2b1a83553dbc69df2a73146ce96a5f3e7b792fbd
LA-0666,666,8f0afc448251b9df2ad2a2757a0b6fcc90ee3b5d73cc8dd1149a9974aa13aea2,M2,A1_FINAL_NO_MEMORY_V1,PASS,c7f1b5aa9694a13529cbab0f3f845f480dfd320643e4c00ed8cceb2f31c27452,71a256339bee36e7c2d650d5132d4f92e7d4e03e3ecf42f5a73a8fd0f74fb03c,ed3c55ae5d43095f7d773b4ec3b3a1c3f37b1b6698fd7d76fc87cfe6ee5e0fd7,P4,0.0,0.0,0.0,23258650.954127364,0.0,163990790.4663206,R0,NONE,R0,1,0,0,0,0,0,1,0,0,False,False,False,True,False,True,False,False,False,False,False,Q[NONE]|F[Water+Crackers],1221675364.1197798,1221675364.1197798,0.0,59909.44005527173,0.0,59909.44005527173,h09,5,Katrina,1221615454.6797245,19077996.415383205,1202537458.2643414,1798229607.8937259,83727736.17066057,1.0,10400000.0,0.0,73327736.17066057,0.0,9557344.06438629,1788672263.8293395,be7a3b46aca55df75cd49ac932f5ab54a6780f420e4cb7fa5902f2c0586e4b3a
LA-0667,667,1547ef812fe1610f17432bfb8261cbaaad6687ef6302d7e94639761d2c20548a,M2,A1_FINAL_NO_MEMORY_V1,PASS,addedadad033694663a5106956d028e951b24539e6ce04fc5bf4b1127ee30a4f,60d6b54b3e3bca91ec9ab8dce29a0d7f7d0f5accc6349467603192a1b50b4d78,75b472616d1c5ec23b15a769454f0f4e6291ec6969a1920a8217469db5084ab1,P4,0.0,0.0,0.0,0.0,0.0,257985848.10136274,NONE,NONE,R0,0,0,0,0,0,0,1,0,0,False,False,False,False,False,True,False,False,False,False,False,Q[NONE]|F[Crackers],1221349958.1493835,1221349958.1493835,0.0,11202082.617841598,0.0,11202082.617841598,h09,5,Katrina,1210147875.531542,7935823.237596882,1202212052.293945,1735887061.0243378,146070283.04004848,1.0,0.0,0.0,146070283.04004848,10400000.0,9557344.06438629,1715929716.9599514,b2c57489db7125f28378af810ed43ee5971e821cd4067daef34fa3ac43f69ae3
LA-0668,668,974dcd92b4eb18d8265b15eb2b40eae35ea219e715c05573ec794f1112f888eb,M2,A1_FINAL_NO_MEMORY_V1,PASS,4874ad69a8c990ef46232e38c1ef93e85c774051e84f58d1cf46f1eec245d74b,4d661f9211e60dc5aebb47f9bb0b16dd414f3285c0a8c71c79c6452e20c1e0d0,f8b652a4d0bca25587ffd93fe2f8046c7b2d56d3cff71ed63242a2dae0e049f3,P4,0.0,0.0,0.0,21546946.84438812,0.0,234206170.3337806,R0,NONE,R0,1,0,0,0,0,0,1,0,0,False,False,False,True,False,True,False,False,False,False,False,Q[NONE]|F[Water+Crackers],1206786685.7645657,1206786685.7645657,0.0,8525046.98457081,0.0,8525046.98457081,h09,5,Katrina,1198261638.779995,10612858.87086767,1187648779.9091272,1758513756.5407226,123443587.52366371,1.0,10400000.0,0.0,113043587.52366371,0.0,9557344.06438629,1748956412.4763362,37aabfa16772d667f5b2792098b04cb52cc16fcdf5379f61246dec97c5636555
LA-0669,669,32b87869f4d2e2a986d6690691b45a79a8f924708158b97f739bd8aa425e9e22,M2,A1_FINAL_NO_MEMORY_V1,PASS,9b92579be4192bd75debc3a60914f0a6071808f5963f5e1134617044c0e03358,68da3114e33f51ac84b5becd4b51dea684fbe629c7346c07ba409f1d3939dfbd,e1f1cc36a046d63b4c04de395f9a4866a790cc01de534735fa4bb0dff2410279,P4,0.0,0.0,0.0,0.0,0.0,329906042.40388906,NONE,NONE,R0,0,0,0,0,0,0,1,0,0,False,False,False,False,False,True,False,False,False,False,False,Q[NONE]|F[Crackers],1223932685.6895993,1223932685.6895993,0.0,967852.0923606321,0.0,967852.0923606321,h09,5,Katrina,1222964833.5972385,18170053.763077844,1204794779.8341608,1742776539.0978966,139180804.96648967,0.9999999999999998,0.0,0.0,139180804.96648967,10400000.0,9557344.06438629,1722819195.0335102,99a8f43cb2e99a5bb1936ebb5b804f5ffacaed3c593f49b034443746bf56898c
LA-0670,670,fd5fad55404a6c0f5d1cf6d6e6baaed87f72a25a7d664b80cf4f01cad207ee7d,M2,A1_FINAL_NO_MEMORY_V1,PASS,5d1c2781d96bcc7f3bd2e4653f86386f5bed858cc706ffeb8a88ba2fd71fed47,f6aa61c310b898db7f35e6eac63cc2a8d0de63e38de8306cbe9c70f0d675494a,c659e2d15a52b02992342601c96ff75d4d7b29946656b7c6898f0a07ecea35cf,P4,0.0,0.0,0.0,23954270.022893514,1940093.2583342565,0.0,R0,R0,NONE,1,0,0,1,0,0,0,0,0,False,False,False,True,True,False,False,False,False,False,False,Q[NONE]|F[Water+Vaccine],1202278008.8396919,1202278008.8396919,0.0,1718075.9279467964,0.0,1718075.9279467964,h09,5,Katrina,1200559932.911745,17419829.92749168,1183140102.9842534,1870715032.0311916,11242312.033194616,0.9999999999999998,10400000.0,842312.0331946156,0.0,0.0,8715032.031191673,1862000000.0,7c936db36132daa31a45d47fa60a658e07f9306828490bcc72a449c3951de3f5
LA-0671,671,942fb721765250f53d531bb6e5b970d0a0c78a7989fe46d19ff34f0287782c4d,M2,A1_FINAL_NO_MEMORY_V1,PASS,4c26cb983992a226ee48bdfa0841ed7374e5f8c7b4e3e9977528c13169ed0783,3be5c3d6eb74e5b6437c56af735d9f606d539d852688a560d8f983854bef64df,0f482173af21bb6a7e8ec7c48f7a676fc37d13d8c7c10df0e30378e4c571132e,P4,0.0,0.0,0.0,14471176.05212061,0.0,77064578.89147916,R0,NONE,R0,1,0,0,0,0,0,1,0,0,False,False,False,True,False,True,False,False,False,False,False,Q[NONE]|F[Water+Crackers],1228402111.7799861,1228402111.7799861,0.0,4912238.977865394,0.0,4912238.977865394,h09,5,Katrina,1223489872.8021207,14225666.877573082,1209264205.9245477,1816173343.6497183,65784000.41466813,1.0,10400000.0,0.0,55384000.41466813,0.0,9557344.06438629,1806615999.585332,225167e992310982747cdbdeafd23559931502bd7d39ff6c2d19b0e452f86e6a
LA-0672,672,cfc7d8a4a29a1874a559261f9b9bed31e89a00e1e8046d9b72386c1834491f78,M2,A1_FINAL_NO_MEMORY_V1,PASS,750a25e58798ff0eb208929160abbf913fba170cc198364ceff8a2b3772de5d9,7ac867329707bdcd231cefc3f4c01495e506fe9602ed45d473208ba0cc6c8de9,c33b92d80cef03d059e1945acb3142cc6558fbcba20d898204d7a0c719825655,P4,0.0,0.0,0.0,15122137.569202153,0.0,101532567.77160034,R0,NONE,R0,1,0,0,0,0,0,1,0,0,False,False,False,True,False,True,False,False,False,False,False,Q[NONE]|F[Water+Crackers],1222987591.068181,1222987591.068181,0.0,3227393.665391287,0.0,3227393.665391287,h09,5,Katrina,1219760197.4027898,15910512.19004719,1203849685.2127426,1801729999.8815656,80227344.18282077,1.0,10400000.0,0.0,69827344.18282077,0.0,9557344.06438629,1792172655.8171792,becfa8d6f7728bb0b273adc25289607921cc02fc77a5c01aefc0e8db4bf216cf
LA-0673,673,361657be0bfa39e1f3c152fc51d9730941b0e6dd46c81836f5a882f6d679be41,M2,A1_FINAL_NO_MEMORY_V1,PASS,28553ec6cfc21b896d76615acf8a07856fc1828ebf86cd328ad2a937815e6b97,69282d42d09fec5ccd01739e5e8cc74ac31c360330cd708cd11c8df95167b5c0,78ecd99a04ece9116ebc8d865a667fd1bd7c415c867dbe37c2d512b30e5cd00e,P4,0.0,0.0,0.0,14713011.86885666,0.0,108810137.79316844,R0,NONE,R0,1,0,0,0,0,0,1,0,0,False,False,False,True,False,True,False,False,False,False,False,Q[NONE]|F[Water+Crackers],1220331229.9332016,1220331229.9332016,0.0,5179024.361829334,0.0,5179024.361829334,h09,5,Katrina,1215152205.5713723,13958881.493609143,1201193324.077763,1794644102.7011895,87313241.36319682,1.0,10400000.0,0.0,76913241.36319682,0.0,9557344.06438629,1785086758.6368032,831ef319859abdad66ab12753cb8ef0ae874c80a237f183753607e544bc756c2
LA-0674,674,e13f757dca3cc428340e0cdc24653f8976b21bb382584561268fd881cac6d579,M2,A1_FINAL_NO_MEMORY_V1,PASS,b8979039a5fd762fa146e34b120132a1af36232931d0b6ba054da57830b30e14,223269b5573280f17bff0e4d1b9dd95f5dc43021969b07bdaf4822d12825b318,7ba6f4be44a87d39c297c98dbcaa60724006652175f8a8b5bf7242ed6911086b,P4,0.0,0.0,0.0,0.0,0.0,307086635.7808601,NONE,NONE,R0,0,0,0,0,0,0,1,0,0,False,False,False,False,False,True,False,False,False,False,False,Q[NONE]|F[Crackers],1210257294.504754,1210257294.504754,0.0,4133111.1614449644,0.0,4133111.1614449644,h09,5,Katrina,1206124183.3433092,15004794.69399351,1191119388.6493156,1706297155.8690097,175660188.19537672,0.9999999999999998,0.0,0.0,175660188.19537672,10400000.0,9557344.06438629,1686339811.8046234,c0f81890805b235665784bb9ef8279f91cc071e8f383e289c90a17aeb12160e2
LA-0675,675,491bf922be7d5f940c1e726f7e4f8777f0e67c2e6ae75e5a5691e8204bcba683,M2,A1_FINAL_NO_MEMORY_V1,PASS,ad8a99af1222e501408bb85d2cbc2bdb65bfa4f2247c77430a73395538ef8d2e,6fe6ba4a79ddf6336af48539840e000469b2a978f891e4b3c0e386e19903b599,42d3c222b44133b2f861f7ed0712632f88b189026df71ee4b2e90b940c646779,P4,0.0,0.0,0.0,25499872.57512074,0.0,406452546.8260578,R0,NONE,R0,1,0,0,0,0,0,1,0,0,False,False,False,True,False,True,False,False,False,False,False,Q[NONE]|F[Water+Crackers],1187020716.894539,1187020716.894539,0.0,267291.9089592639,0.0,267291.9089592639,h09,5,Katrina,1186753424.98558,18870613.946479212,1167882811.0391006,1705787633.861394,176169710.2029925,0.9999999999999998,10400000.0,0.0,165769710.2029925,0.0,9557344.06438629,1696230289.7970076,e11e39b2a490d03dc91a9f7aa94abe05e2f6b89c1f758d3ffc75d485ba43c496
LA-0676,676,174e84dd87ff71d445a4dc616aa42de3b542ef93cbe874f43a77d0bfc354e58c,M2,A1_FINAL_NO_MEMORY_V1,PASS,f51b2af7b6aac780f6b45759886f54ee93b141ce3df746c10ca14f0d53666828,3b39eda5a40bb0b9ee8fcc4641d39c433d4596db34def6dd6739d8d51c057037,8b06705cbb8c711b62bffbf804a6b8a3f3441b3acb3e9f7609503a8a9932ec1c,P4,0.0,0.0,0.0,17986873.454705287,0.0,256828881.90418667,R0,NONE,R0,1,0,0,0,0,0,1,0,0,False,False,False,True,False,True,False,False,False,False,False,Q[NONE]|F[Water+Crackers],1193495418.1188624,1193495418.1188624,0.0,3891370.2984919995,0.0,3891370.2984919995,h09,5,Katrina,1189604047.8203704,15246535.556946479,1174357512.263424,1723059030.639892,158898313.42449424,1.0,10400000.0,0.0,148498313.42449424,0.0,9557344.06438629,1713501686.5755057,c5b85a75338d8cb417840e9724218eb1ce7be54860e534e8bfeafdd9a7a6cc59
LA-0677,677,77aa08c41895bb34047cc2e14bc832245753e486bd4d89a0df03cfe2e3b3c117,M2,A1_FINAL_NO_MEMORY_V1,PASS,e007d5b85d27507e12238668b1801a415219adac83934b22b85ee2220db40f23,aa9d0ad3acf88067601d19968132add64c46db13670b4a8341856be80fe02321,21c569f1027cc6b891dade6c6aa5b3796699ed18011308bbb1fd79e34cec3a92,P4,0.0,0.0,0.0,0.0,0.0,245543984.4505347,NONE,NONE,R0,0,0,0,0,0,0,1,0,0,False,False,False,False,False,True,False,False,False,False,False,Q[NONE]|F[Crackers],1219773615.5153618,1219773615.5153618,0.0,7320584.581677569,0.0,7320584.581677569,h09,5,Katrina,1212453030.933684,11817321.27376091,1200635709.6599233,1731682135.0906477,150275208.97373855,1.0,0.0,0.0,150275208.97373855,10400000.0,9557344.06438629,1711724791.0262613,0618038321a8689bed2ddb97df6e8d79dd859736fe7dfb64f44fa2c215d72b51
LA-0678,678,0120535af37455acde02d53e74dcc35fa5a28b4edbb1d1c5646c9f2ca123d935,M2,A1_FINAL_NO_MEMORY_V1,PASS,9b538338e2124176fa719ca648ec508e3072176dbc591fd2a5b0139777fb7ee0,65728eef01da1c82a599990b58681eabc656df84bf877e71e03f36cd015d669f,84cd2d0bb5cd41386bdf58cf3facfb13ce70141e20a15b1b8971bd91021d965b,P4,0.0,0.0,0.0,12559350.095739795,0.0,123835835.94673201,R0,NONE,R0,1,0,0,0,0,0,1,0,0,False,False,False,True,False,True,False,False,False,False,False,Q[NONE]|F[Water+Crackers],1210722571.2200797,1210722571.2200797,0.0,5043600.816497755,0.0,5043600.816497755,h09,5,Katrina,1205678970.4035819,14094305.038940724,1191584665.3646412,1769012810.786118,112944533.27826841,1.0,10400000.0,0.0,102544533.27826841,0.0,9557344.06438629,1759455466.7217317,eba18201b07e26d780a6f00b68dd78ac6bd3df6448ff196d3aa1414c1a7c6138
LA-0679,679,a9e843a279dff96d9d8afcc63acdec3d42ca21ca57b5e13b52584b83cbd84baf,M2,A1_FINAL_NO_MEMORY_V1,PASS,2c91a83ab1ce2d72f76ac5962b81a1fcf82d895a43c1e6a08aebb4a508938de5,bb3f7e99fb1a7b77fd7552893bdd2d44096979bded1bf7df0bc375f995bfd3a9,fdcb7e96a49a2af6b7af840dd2261dd868f61264ef04c32978e14786496f1afe,P1,20444920.948773786,408971.32054090576,0.0,0.0,0.0,0.0,NONE,NONE,NONE,0,0,0,0,0,0,0,0,0,True,True,False,False,False,False,False,False,False,False,False,Q[Water+Vaccine]|F[NONE],1237584289.6202862,1237584289.6202862,19137905.85543848,0.0,0.0,19137905.85543848,h09,5,Katrina,1218446383.7648478,0.0,1218446383.7648478,1871349306.9805412,0.0,1.0,0.0,0.0,0.0,0.0,9349306.980541242,1862000000.0,6a72bf42479e024469f14630388eacbbae23b4df837cebd005dd89230750a146
LA-0680,680,9a021a83f7ebdb5b85dea2e41da98f21e3de2adecdb2b5c554be3c4a632b6234,M2,A1_FINAL_NO_MEMORY_V1,PASS,25bf238ccc892be70448a034107e054b4160aa28c0149a829889af3bac5c74a5,cf84fb66170a6bb7ae350fde3089dfe9375336b29eaa68fcf3fecb1458376480,5799d9f227b98aee5e3e3f2517b0fcf9dd1c4ef6043346921f86ee3324462dde,P4,0.0,0.0,0.0,22928739.42309237,0.0,208196619.13455576,R0,NONE,R0,1,0,0,0,0,0,1,0,0,False,False,False,True,False,True,False,False,False,False,False,Q[NONE]|F[Water+Crackers],1213763174.4775698,1213763174.4775698,0.0,1867889.5972329415,0.0,1867889.5972329415,h09,5,Katrina,1211895284.8803368,17270016.258205537,1194625268.622131,1777123681.6180906,104833662.44629581,1.0,10400000.0,0.0,94433662.44629581,0.0,9557344.06438629,1767566337.5537043,4c3d9ec487d0a4bf0bb92eaf2fa9e80f8120c9c4fd323a25e09063bbb7b1d58f
LA-0681,681,22ba5bbc43b5e79ba5df2d801818aab56045cec53724e0f58c19cb74d764467e,M2,A1_FINAL_NO_MEMORY_V1,PASS,e164e51f013094512f2797e64e04a8b9a72eed34e4cc9ee8d81c0eae2d1e2596,29abd4321d063f8f0ce5e42287cb9bca0e2e2d2921f9a3f85fd489bad6d17339,b5ce2d5c16747203fdbd65b4f354a3107929aeeba37ea62cc80fe8e314db7485,P4,0.0,0.0,0.0,13986885.488010004,0.0,232642195.85604346,R0,NONE,R0,1,0,0,0,0,0,1,0,0,False,False,False,True,False,True,False,False,False,False,False,Q[NONE]|F[Water+Crackers],1184316989.470815,1184316989.470815,0.0,6682469.211086239,0.0,6682469.211086239,h09,5,Katrina,1177634520.2597287,12455436.644352239,1165179083.6153765,1698575386.145527,183381957.91885942,1.0,10399999.999999993,0.0,172981957.91885942,7.450580596923828e-09,9557344.06438629,1689018042.0811405,0f47a269a4aaa48c2e6e1781b2d6243d6850ed987d79893f6926d6beaf939a23
LA-0682,682,4a696f2d5d01b31984773805a1ec40f57483cd0a8f75718f9a7b2e1b2583bdb7,M2,A1_FINAL_NO_MEMORY_V1,PASS,3b462c26b7b3c430829814e8eacef4ead2d80704156bd521ee60235dde3d7066,4a6aac30f3530f40c7f8a8c7d89cbe573b828e6bf8f9d550d27e998e2d4e7d13,aa0d10de4cfd261e07940a25dbcd4bcd99bd9f39dc1e14cc9886600ef7a2fca2,P4,0.0,0.0,0.0,0.0,1950753.823572526,0.0,NONE,R1,NONE,0,0,0,0,1,0,0,0,0,False,False,False,False,True,False,False,False,False,False,False,Q[NONE]|F[Vaccine],1208436809.3941512,1208436809.3941512,0.0,5585646.233520369,1421958.0309496752,7007604.2644700445,h09,5,Katrina,1201429205.129681,12130301.590968432,1189298903.5387127,1880741621.5783758,1215722.4860104525,1.0,0.0,1215722.4860104525,0.0,10400000.0,8341621.578375837,1862000000.0,d322e499fb8a99f9d1aea79ffddca92aee64b8877e40ea7a326f2b995a65b4a7
LA-0683,683,2329c344b92b8bfb76e4b197e79e37f5fd62bc6a9b6fc822cbba7df24cad0806,M2,A1_FINAL_NO_MEMORY_V1,PASS,c1cbdeb7230a0e2eb24d9d7fcba0653a9b31788df0eeba91867d043d84749a77,9ba47be4ed154ddf6db1ae9469fc5062e8a57d692a980e2f38ff4edcb2d949e2,757d8bcfb6b50bce70f1e7b04e552053d94edbdc777d45b2bddc16e15162c696,P1,14613987.90213083,670950.7416223877,0.0,0.0,0.0,0.0,NONE,NONE,NONE,0,0,0,0,0,0,0,0,0,True,True,False,False,False,False,False,False,False,False,False,Q[Water+Vaccine]|F[NONE],1222586016.2049675,1222586016.2049675,19137905.85543848,0.0,0.0,19137905.85543848,h09,5,Katrina,1203448110.349529,0.0,1203448110.349529,1871079864.0117407,0.0,1.0,0.0,0.0,0.0,0.0,9079864.011740604,1862000000.0,57d854ef72d4f6bf26bf633af12577ef2fb891dca090b0c3df8afd4a2c67f298
LA-0684,684,e9900854b8ba64d964d9f3d200cdc85617cafe9943d2c2fd590546dfdb352533,M2,A1_FINAL_NO_MEMORY_V1,PASS,e0d0bb3ab0a5a88eb35b1f8eaf8d307fbe381ff675beb7483c4f50d2c65942e7,be473a0475ccc68823da3205aac217b78933ec04b5fbb4184913d7d2c7de0ade,6a06596c3ab062e4a4b9d87b3cd7d88cc029d042f62d4a69952c92debec3b297,P4,0.0,0.0,0.0,0.0,0.0,333770799.8679867,NONE,NONE,R0,0,0,0,0,0,0,1,0,0,False,False,False,False,False,True,False,False,False,False,False,Q[NONE]|F[Crackers],1203022693.2677894,1203022693.2677894,0.0,3080399.9089143365,0.0,3080399.9089143365,h09,5,Katrina,1199942293.358875,16057505.946524141,1183884787.412351,1686998710.4012203,194958633.66316602,1.0,0.0,0.0,194958633.66316602,10400000.0,9557344.06438629,1667041366.336834,d7c0e3f1a5f2927fef73abc6f985748d73d3de5407d843e3cf2b862b45cfa35f
LA-0685,685,4529a36125c58c8ddf3806d07e1c40bf8bc3ca0e4703af998b7b5a7ed1ab262f,M2,A1_FINAL_NO_MEMORY_V1,PASS,b7ace408b3970a0c441d75579b13ec300abfa30aff655da31d7c4f9721938c0b,47e9643ccd24dab00b0018c84b1f9d6fbbe81591489d30e7c358cc4d92e3cd15,27318a3ae5fc7dc4a329d2c8096e7a62c02019ce119a540eb37244deaf85dddc,P4,0.0,0.0,0.0,0.0,0.0,246720220.60899633,NONE,NONE,R0,0,0,0,0,0,0,1,0,0,False,False,False,False,False,True,False,False,False,False,False,Q[NONE]|F[Crackers],1220098704.3032608,1220098704.3032608,0.0,5607973.115430009,0.0,5607973.115430009,h09,5,Katrina,1214490731.1878307,13529932.74000847,1200960798.4478223,1732549316.0229435,149408028.04144293,1.0,0.0,0.0,149408028.04144293,10400000.0,9557344.06438629,1712591971.9585571,a96ea2e27bcc6d9bd032ced11ad740820c8298b6f2669e94752e4552429ec74b
LA-0686,686,3463f3b48e18027751475cd4d05e305f0c067696ed1b1e3d4520b5691fa63bae,M2,A1_FINAL_NO_MEMORY_V1,PASS,14129bfdf5c76831e98b8effe0a491a71a019f93953105bf73da580fa1d6a39a,8f6033c56d75bfcdf602619fbfad44818cebf626f2dc710a3640c0ffcf2b1150,38e4665b9020f6fb9b5c713dc24d744e53a527860bbb2bdff2b3bb5034b964fc,P4,0.0,0.0,0.0,0.0,0.0,147436621.73266795,NONE,NONE,R0,0,0,0,0,0,0,1,0,0,False,False,False,False,False,True,False,False,False,False,False,Q[NONE]|F[Crackers],1232602094.590452,1232602094.590452,0.0,4540077.4405844575,0.0,4540077.4405844575,h09,5,Katrina,1228062017.1498675,14597828.41485402,1213464188.7350135,1765902363.0971835,116054980.96720293,1.0,0.0,0.0,116054980.96720293,10400000.0,9557344.06438629,1745945019.032797,d85f33a775962084ffc2ce3faef6b2e2fc9a5ba817e774fce1ea9bdb5a3e7e97
LA-0687,687,401ade7d922211d6db6d15e388dd43ba9973bf14f4aff2e84c0ca5ad53a11d9c,M2,A1_FINAL_NO_MEMORY_V1,PASS,25e8dca92b8f7882aba03bc8370a849a0f438d92ca915cfad145b8fa26b53c3d,94ced18fc3b9f7f9fb9eef05df3e39debee5b9a18a90e695b7966ac99c837de8,9e2ea3cc5ee05f8254584f6a06b47ebd26df6a82a955e54a9acff426e2acdc78,P1,20192839.264782853,420297.16035229067,0.0,0.0,0.0,0.0,NONE,NONE,NONE,0,0,0,0,0,0,0,0,0,True,True,False,False,False,False,False,False,False,False,False,Q[Water+Vaccine]|F[NONE],1237115027.1112585,1237115027.1112585,19137905.85543848,0.0,0.0,19137905.85543848,h09,5,Katrina,1217977121.25582,0.0,1217977121.25582,1871340876.7112644,0.0,1.0,0.0,0.0,0.0,0.0,9340876.711264374,1862000000.0,470f32735b99f901cb8630e1155ad424a509b850e67b7efea40a01900b7c7a0a
LA-0688,688,791fb3e04be9fc9f181aa44c1a3402c7c1ddd2562ffacd5b68e4a6cac71b3c21,M2,A1_FINAL_NO_MEMORY_V1,PASS,5dbdcf57bdb43eac3955370c973288aee69f3acff5c9988145f3ba841c45fddd,f504a005886c96fb37a073371e28413831146800eeca1aaeec0a4246d8c21ae9,b87c88a17b487f09acdf27e52509ce0db623379c31eb09fc82128fc4fc4dab18,P4,0.0,0.0,0.0,0.0,2048613.530632271,0.0,NONE,R0,NONE,0,0,0,1,0,0,0,0,0,False,False,False,False,True,False,False,False,False,False,False,Q[NONE]|F[Vaccine],1223635538.285554,1223635538.285554,0.0,1060312.6329802892,0.0,1060312.6329802892,h09,5,Katrina,1222575225.6525736,18077593.222458187,1204497632.4301155,1881014665.716264,942678.3481223577,1.0,0.0,942678.3481223577,0.0,10400000.0,8614665.716263931,1862000000.0,6c3c47539d9935d31f088f576fc87cf03a329f9d1c5ede4cd470b8056bcabbde
LA-0689,689,2d7a15fc5385848581519e563138f1e253c4e77999e9c4ce44eec70ab4d90260,M2,A1_FINAL_NO_MEMORY_V1,PASS,077481a6a7fe3bbd9aa42606f2b57ad108e7992094b2ff975f6dabfeeedcab2e,ac6b48437d60e7130cb08bd0ce374ac37cbba127974f7a81328fad0ae0117f25,38c1683e165d0d237dcda5dd0935c3923c1d68c428a71c8b7a454628c075e2de,P4,0.0,0.0,0.0,29621972.36153728,0.0,195791186.55614117,R0,NONE,R0,1,0,0,0,0,0,1,0,0,False,False,False,True,False,True,False,False,False,False,False,Q[NONE]|F[Water+Crackers],1223395037.984412,1223395037.984412,0.0,1042326.6500198634,0.0,1042326.6500198634,h09,5,Katrina,1222352711.334392,18095579.205418613,1204257132.1289735,1802816872.7908456,79140471.27354063,0.9999999999999998,10400000.0,0.0,68740471.27354063,0.0,9557344.06438629,1793259528.7264593,19a0c8e5e76c683b0d43f29e12857174e3382646ca0484baf5d6b537cb0963e6
LA-0690,690,fc64964f497cf1822f5edcec1a81f065ca1e8adc2680b86f65b3f22a3f27bb28,M2,A1_FINAL_NO_MEMORY_V1,PASS,cd5f5ed313dbcf2eeee23569416c0a486a4e4cc2a9a396f7c39914e7b2008dc4,e0a701a8bb0befb25386ceaa333475e0f14177b46ded0ac2d9cefa7a87ae56bd,41d8fa8eb308e76b453b645a7a1b9fd11491b63996c7229c246872e457b09a92,P4,0.0,0.0,0.0,26696760.22759013,0.0,161237430.82259983,R0,NONE,R0,1,0,0,0,0,0,1,0,0,False,False,False,True,False,True,False,False,False,False,False,Q[NONE]|F[Water+Crackers],1225617610.3368106,1225617610.3368106,0.0,9218163.544536706,0.0,9218163.544536706,h09,5,Katrina,1216399446.792274,9919742.310901772,1206479704.481372,1808745629.5994208,73211714.46496549,1.0,10400000.0,0.0,62811714.46496549,0.0,9557344.06438629,1799188285.5350344,041e80f57916c214278d0ed3c91f0bc12a405371629150108501f4322c50581f
LA-0691,691,1b2669551e3ea85e1b55a667645fdb4775525679381bd71196b4ecb4510da91b,M2,A1_FINAL_NO_MEMORY_V1,PASS,e780ac982eebfbe7e2489b881c771b7efaf44cb02f30f59b567dddd6042acd48,051e8d41d7d5e32483d636d132f1f996a00712b4f3a847ecb1014fed185e7529,0fba937c81db0d5262d663e72ebe5b08a784f360751094b568626ab1b4c55341,P4,0.0,0.0,0.0,0.0,0.0,416784099.54530704,NONE,NONE,R0,0,0,0,0,0,0,1,0,0,False,False,False,False,False,True,False,False,False,False,False,Q[NONE]|F[Crackers],1224422676.2555041,1224422676.2555041,0.0,10569144.870171044,0.0,10569144.870171044,h09,5,Katrina,1213853531.385333,8568760.985267432,1205284770.4000657,1744083598.866102,137873745.1982844,1.0,0.0,0.0,137873745.1982844,10400000.0,9557344.06438629,1724126254.8017156,6fa422b2545d04108b1ae344624e9befc29093a18c4c888fe337a409e10b3668
LA-0692,692,75f338892ce9f8534d6d4304abf64e6971a1c5e259f48e31316e0ffee45b48a5,M2,A1_FINAL_NO_MEMORY_V1,PASS,d902dee342deceed75334e36f468afeede8aa9ac24c7b7dc6ef0d028d3ec7f84,602708328d639c9f3e2c6172dc876781a9143bceef6656554991e114a86b3ba4,9a22fb4e2ee43fc08d4324266b04af7c110c0a60162aade30bdf9d9fc85ffecf,P4,0.0,0.0,0.0,0.0,1296361.665303425,0.0,NONE,R1,NONE,0,0,0,0,1,0,0,0,0,False,False,False,False,True,False,False,False,False,False,False,Q[NONE]|F[Vaccine],1223665269.5325713,1223665269.5325713,0.0,5696380.865806939,1145745.6696325338,6842126.535439473,h09,5,Katrina,1216823142.9971318,12295779.319999006,1204527363.6771328,1881015199.8361082,942144.2282779806,1.0,0.0,942144.2282779806,0.0,10400000.0,8615199.836108308,1862000000.0,52453da365330feb64f9d3687787d407ad2522aed22bbebcc0bbea98d11d93a0
LA-0693,693,37f6ade176555409553877b62a6c9a72c709e3b30c205f228a9481ce108f5930,M2,A1_FINAL_NO_MEMORY_V1,PASS,7c8617c7dd53cbc14e666572870d892087d56e2ccf79a2757760715b515629be,510ba3070799cc79374436ffe227d716825ccba8d460ebf64d047e8e71f06665,88d57cb148ef8f7cd71e6dda45c6ca8a952db9cbb46d027b4629c34a5a47ba36,P1,18314141.27792613,504705.64301649015,0.0,0.0,0.0,0.0,NONE,NONE,NONE,0,0,0,0,0,0,0,0,0,True,True,False,False,False,False,False,False,False,False,False,Q[Water+Vaccine]|F[NONE],1233210841.8956826,1233210841.8956826,19137905.85543848,0.0,0.0,19137905.85543848,h09,5,Katrina,1214072936.040244,0.0,1214072936.040244,1871270738.287587,0.0,1.0,0.0,0.0,0.0,0.0,9270738.287587024,1862000000.0,d9826fa1e0efa1f2cebe3a201c5b92bcf41f6c3b868e7971dceb16ceca542732
LA-0694,694,f8f56a91dcf1a720d5133bf653ff16aee2e68ff05f2496223ddf91985d71cba4,M2,A1_FINAL_NO_MEMORY_V1,PASS,d4610154384c0bdff1083dda6a40518c7a3271896d1cf419317d75b4524ff036,b76398e2b77eeac91256e88132e296eb6a0f1e11cfcda785cd1312263e772527,39afc978f8c184e88d303f8b73f764bef7c60a60609d9e4a49cfd49b8ef51a07,P1,15712199.185223317,621608.9375117463,0.0,0.0,0.0,0.0,NONE,NONE,NONE,0,0,0,0,0,0,0,0,0,True,True,False,False,False,False,False,False,False,False,False,Q[Water+Vaccine]|F[NONE],1226261695.1679301,1226261695.1679301,19137905.85543848,0.0,0.0,19137905.85543848,h09,5,Katrina,1207123789.3124917,0.0,1207123789.3124917,1871145897.336025,0.0,1.0,0.0,0.0,0.0,0.0,9145897.336024929,1862000000.0,2c695b070635606045e86b5a10fc16d792073247bf5e6d6b0291b33253b057e5
LA-0695,695,34260d440e449966f1f72b0d54c554a8f1d4d359d480e4acfe4ba4847ab475c3,M2,A1_FINAL_NO_MEMORY_V1,PASS,3a78a9e275fd8f7bd1f760b2ff0fd1e9e2febf57b4655f0f51a53c53cd2f2be3,acc9c462954d79c1bcfef36e2d17135a2aa96f5230341edf7523458bcdf34808,70f7b6abad129128960ae0d337a313a7458caedc1e5b56deac20c151460a1faa,P3a,16529057.930087222,0.0,0.0,0.0,0.0,86675765.60610251,NONE,NONE,R1,0,0,0,0,0,0,0,1,0,True,False,False,False,False,True,False,False,False,False,True,Q[Water]|F[Crackers],1228228229.2660387,1228228229.2660387,10705870.821317494,3629004.306181789,707017.6052122952,15041892.732711578,h09,5,Katrina,1213186336.533327,4096013.1227269,1209090323.4106002,1815709508.5186164,55847835.545769885,1.0,0.0,0.0,55847835.545769885,0.0,9557344.06438629,1806152164.45423,2db8c4702d703ab4e0259063224588292670f57c44a2f28121cbaac4fd92827c
LA-0696,696,e21ea052107519dc7aa0ad1bccef5eb368be040899d494f1b0cb44c4e764dc09,M2,A1_FINAL_NO_MEMORY_V1,PASS,547592b8731a007a0af1cb4c5a1f9d68994d977fda55158ab957f95f7fb61f09,c295cdf8eaa946a2507b88bb3334257760a02fc081295ed03506345194d2e13e,6ed43366005fc66c0b705dbcc2f0bf144d1fb56766ca72491e9845c9ba02c202,P4,0.0,0.0,0.0,17783367.652438518,0.0,135931186.4961512,R0,NONE,R0,1,0,0,0,0,0,1,0,0,False,False,False,True,False,True,False,False,False,False,False,Q[NONE]|F[Water+Crackers],1219363474.5262399,1219363474.5262399,0.0,4273135.3641436305,0.0,4273135.3641436305,h09,5,Katrina,1215090339.1620963,14864770.491294846,1200225568.6708014,1792062595.5336645,89894748.53072181,1.0,10400000.0,0.0,79494748.53072181,0.0,9557344.06438629,1782505251.469278,bbd6df6c2ad5931564a57c9da4100c24392d9473f4131338d5c3357b786a6742
LA-0697,697,e2a6316000586d37724efeafcf7780b7377df24127f7ccffd7a0d3e78b9f85e0,M2,A1_FINAL_NO_MEMORY_V1,PASS,5386fe7ab362ccb8f7d5d22cbce9df70255b6b98f587c54bc5d63afcf3a410db,9ef5374d3354d636693622aa649f828df45830de49f3ac7170b830b020efd774,43e1bbab44cf066629577030f83a94a9064dd6a341f412230e3a03ec350426ed,P4,0.0,0.0,0.0,0.0,0.0,166194942.26165763,NONE,NONE,R0,0,0,0,0,0,0,1,0,0,False,False,False,False,False,True,False,False,False,False,False,Q[NONE]|F[Crackers],1235553363.593301,1235553363.593301,0.0,5065861.261025555,0.0,5065861.261025555,h09,5,Katrina,1230487502.3322754,14072044.594412923,1216415457.7378623,1773774932.993814,108182411.0705724,1.0,0.0,0.0,108182411.0705724,10400000.0,9557344.06438629,1753817588.9294276,4b93c7208866b6d224cd392130a6248fdfb374ec1871be68a4bf201c51508125
LA-0698,698,43569d31b9f79d3637d1c1e4f64d207d034c7653575cce9d766e52e5ff7f70d5,M2,A1_FINAL_NO_MEMORY_V1,PASS,bd0e61e0f43f4010dc4770814c7134d3705ecbf13f11a667bcd76de46453d13a,0cd2fdfe46e467e6ed3900fa6c2c47dc904de7eaae1ff0a53d397d8020c917f8,a497cde800bbe5c44bd554f7b283de4336c379df1d52ea2b62d34406d3f953e5,P1,16228175.217811218,598426.5237834456,0.0,0.0,0.0,0.0,NONE,NONE,NONE,0,0,0,0,0,0,0,0,0,True,True,False,False,False,False,False,False,False,False,False,Q[Water+Vaccine]|F[NONE],1227816873.7104776,1227816873.7104776,19137905.85543848,0.0,0.0,19137905.85543848,h09,5,Katrina,1208678967.8550391,0.0,1208678967.8550391,1871173836.0134923,0.0,1.0,0.0,0.0,0.0,0.0,9173836.013492366,1862000000.0,a472105d282f2298b754b5cece880c9916b6ed3a2425e3d93201cd71ddc09120
LA-0699,699,1ccdc16f8745b665e2160f0ed767deabcfbfadf0ead9060e4f990fb73ab4977e,M2,A1_FINAL_NO_MEMORY_V1,PASS,ba96e50b4dcc3b96eb2d3e3bd08d128dc9a9e71081edc951d3b2ef529d78b731,2a000936c6b40704c21c90ca5ae37703aec25c9e11ba913c0abe7b75ccb3ccbd,dd4e93ef515cd62f768f3be829bfd90d897574fb7e36a0dfd38701c800a05437,P4,0.0,0.0,0.0,19970329.606430598,0.0,289827668.67402035,R0,NONE,R0,1,0,0,0,0,0,1,0,0,False,False,False,True,False,True,False,False,False,False,False,Q[NONE]|F[Water+Crackers],1192582214.8276765,1192582214.8276765,0.0,5934961.362066704,0.0,5934961.362066704,h09,5,Katrina,1186647253.4656098,13202944.493371774,1173444308.972238,1720623042.3471422,161334301.71724427,1.0,10399999.999999996,0.0,150934301.71724427,3.725290298461914e-09,9557344.06438629,1711065698.2827559,abd1581e32fb1a529b811dd309431de30bd3b500dfd9b1f4ab1d331cbf7b48a3
LA-0700,700,34760519ea33f8b449aca642ef11b1e39fcb24d222b2f211fb1c46dee6a61d0d,M2,A1_FINAL_NO_MEMORY_V1,PASS,c08d20f2740bb9a8ffe48611e27377e12c875679609d9632ed091ff2ed2818cf,efb8bc35305f2e68f0ab1443cff20389aff4343988e7c2c396f7c0ffb049f21c,d97256d8a04cbda2143152d27a703e7be9396d5a6dfaa43c22736a7f33540214,P4,0.0,0.0,0.0,15322649.505376136,0.0,76868555.39924878,R0,NONE,R0,1,0,0,0,0,0,1,0,0,False,False,False,True,False,True,False,False,False,False,False,Q[NONE]|F[Water+Crackers],1229605744.3696535,1229605744.3696535,0.0,3481933.9071900174,0.0,3481933.9071900174,h09,5,Katrina,1226123810.4624634,15655971.94824846,1210467838.514215,1819384057.9840844,62573286.080302015,1.0,10400000.0,0.0,52173286.080302015,0.0,9557344.06438629,1809826713.919698,a991d62fd683da6276b32134d444cec6d970e3448e94113354d2926e893bd0b7
LA-0701,701,9990e0b579368f892514eb33244a4e189d4598ec1e922323ea210b2f155eb8bd,M2,A1_FINAL_NO_MEMORY_V1,PASS,622a54d38f4960948a406a617e3ff526ef610e6d6c441f7eb8dc976931dd71e0,58932d385cfd0f992e45f788798e740f237fb8fe0fd301173f9a7fd38d0dd0a5,2cb2be8605fa16518a4864207fc8b38d530d24af67f7ed53417ab553bf67e295,P4,0.0,0.0,0.0,12745724.501575299,0.0,202206662.88036558,R0,NONE,R0,1,0,0,0,0,0,1,0,0,False,False,False,True,False,True,False,False,False,False,False,Q[NONE]|F[Water+Crackers],1187312067.3338215,1187312067.3338215,0.0,3554016.9116646517,0.0,3554016.9116646517,h09,5,Katrina,1183758050.4221568,15583888.943773827,1168174161.478383,1706564817.0647726,175392526.99961382,1.0,10400000.0,0.0,164992526.99961382,0.0,9557344.06438629,1697007473.0003862,2b36497f48d66a1016a0ec931efeb441fa6748496910bdd30198f5187fcf7c18
LA-0702,702,728cba086e16608759b8286d59c0052b3c586c2d5ac5246894348f6f09e56d5b,M2,A1_FINAL_NO_MEMORY_V1,PASS,58614e7a53a756fa36caff090667beebc6252ff582798d1dcfc883519f961511,ce8f88c03515700cc0af231c3cc24a272ea5c02a9c4b2583a9f30998d167ec59,6fabf38800a6c970b3aede87b357c94beceaaa14da2c669629b9fc573ae85c23,P4,0.0,0.0,0.0,0.0,0.0,223808905.4935675,NONE,NONE,R1,0,0,0,0,0,0,0,1,0,False,False,False,False,False,True,False,False,False,False,False,Q[NONE]|F[Crackers],1222282241.5311024,1222282241.5311024,0.0,8033319.565428032,794453.5426102773,8827773.108038308,h09,5,Katrina,1213454468.423064,10310132.747400168,1203144335.6756637,1738373945.845397,143583398.21898925,1.0,0.0,0.0,143583398.21898925,10400000.0,9557344.06438629,1718416601.7810106,2e0f505ca58545802cffbee50ef4990611d32eeeca5721d60cff6f12337674b8
LA-0703,703,5553a3eb42acd0ec4628a24ea119b2f2fbf8b81df3a57396b9af9aad79c2b1b4,M2,A1_FINAL_NO_MEMORY_V1,PASS,8c4b6b24bd804a58821f98ba1e0f409ff0bd7e917ab33e791a89575187ab64c2,a8721f97bf2a803ec1694d4e2fd2246ed23726515de4080f771db2c1009af643,02eabb8b1cb7c8fd669e99739ebcbd636951533476d3692f432d1a5e09da46f5,P4,0.0,0.0,0.0,0.0,1767937.145768394,0.0,NONE,R0,NONE,0,0,0,1,0,0,0,0,0,False,False,False,False,True,False,False,False,False,False,False,Q[NONE]|F[Vaccine],1215383096.7157984,1215383096.7157984,0.0,3756052.4826994324,0.0,3756052.4826994324,h09,5,Katrina,1211627044.233099,15381853.37273904,1196245190.86036,1880866411.1609004,1090932.9034858881,0.9999999999999996,0.0,1090932.9034858881,0.0,10400000.0,8466411.160900401,1862000000.0,3bb4a46d73629929a2cfe090e4d90a4e7ce974d345a9701f35f6c720363bdcac
LA-0704,704,fd4c77d0d0fc6b3edb42c4c8ea17724ef8c59f58bcd3488bc5c258affec8a3b6,M2,A1_FINAL_NO_MEMORY_V1,PASS,04756c4bc0f7eb6ae845a566c27a65b5d6582c81a7cf6aa8fc5864b0cb2cdb4d,9235fbad73042a4e7cd6812c362f8721fe56d98f1b37ce8c2067c90fa5198159,0ba4f64aaf1a7a9fd927f796b43a2e2a69515e0ec8705ecc0b2ba84b141734d5,P1,17279363.36505799,551197.4336771931,0.0,0.0,0.0,0.0,NONE,NONE,NONE,0,0,0,0,0,0,0,0,0,True,True,False,False,False,False,False,False,False,False,False,Q[Water+Vaccine]|F[NONE],1230697854.8860412,1230697854.8860412,19137905.85543848,0.0,0.0,19137905.85543848,h09,5,Katrina,1211559949.0306027,0.0,1211559949.0306027,1871225592.6457064,0.0,1.0,0.0,0.0,0.0,0.0,9225592.645706428,1862000000.0,7c1eeb80ef7dbdfe32bf6f6cccb58fa364a9ce4e191d3e878290f6960f31edb2
LA-0705,705,d9218239b3e94d56e76af1d3f93433ee8747a2f690d48d0f7537e2c9cce61118,M2,A1_FINAL_NO_MEMORY_V1,PASS,4e28e99f83ecd461a3de15e404ed8984381cefaf7e3755832a599610138f743e,2d0649d7b109a86a8264448ccf54e7bfec82b3e6a2d9eff7be0d35e341795972,f71e9b03383ce81d5b9396ffe58d6ac760545186cf9de1ca9f4ee4f868cedb09,P4,0.0,0.0,0.0,0.0,2116029.6225825055,0.0,NONE,R0,NONE,0,0,0,1,0,0,0,0,0,False,False,False,False,True,False,False,False,False,False,False,Q[NONE]|F[Vaccine],1206728819.550862,1206728819.550862,0.0,2150192.7882718765,0.0,2150192.7882718765,h09,5,Katrina,1204578626.7625902,16987713.0671666,1187590913.6954236,1880710937.6562128,1246406.408173591,1.0,0.0,1246406.408173591,0.0,10400000.0,8310937.656212699,1862000000.0,3b141524d15337f5d69d4edc518d97c4f4bcd4873dd77c39ac8ed27582b68ead
LA-0706,706,23553cc77e0e5e2b52da417bd4de1f3bddfb047c09a979f7ce47bc0acdfc69ee,M2,A1_FINAL_NO_MEMORY_V1,PASS,8a31e7de61a14012c62d7fb18c82066320ee86085f0a5295fb89e9ba60700dea,16d51fc0390dcef1d9d40faa07b4b341e220225de4aa825a2a98ad2a11adb3ec,8accd738e8cc93e75607edd19db7312f0ceefaf21e3d2b80f3cb60e81493799f,P1,14968603.03798749,655018.1512024126,0.0,0.0,0.0,0.0,NONE,NONE,NONE,0,0,0,0,0,0,0,0,0,True,True,False,False,False,False,False,False,False,False,False,Q[Water+Vaccine]|F[NONE],1223831863.0153186,1223831863.0153186,19137905.85543848,0.0,0.0,19137905.85543848,h09,5,Katrina,1204693957.1598802,0.0,1204693957.1598802,1871102245.5655339,0.0,1.0,0.0,0.0,0.0,0.0,9102245.565533923,1862000000.0,a288b565418b227b59f36fa42366b8e86e6ed7ef32964c1bfaf5660fd0417f33
LA-0707,707,c24e65a7388d1119f6cc562136274cfd0c8cd69579945a23b9d48775c0288b36,M2,A1_FINAL_NO_MEMORY_V1,PASS,36eb97fe60e8bc36e34ddc8ee1ea422782d42edc44c8fa1ef59108e6ecdf73f6,0910baa10c56bb89e9a493153529e77f2fe0d8aceddc48c13024769316e0316d,65b3fe2b64f4d810f3addcfd61d40f79d02c0e7a76f3932d078fecc97c15dac1,P4,0.0,0.0,0.0,0.0,0.0,309848666.17588365,NONE,NONE,R0,0,0,0,0,0,0,1,0,0,False,False,False,False,False,True,False,False,False,False,False,Q[NONE]|F[Crackers],1230147966.7912638,1230147966.7912638,0.0,10883349.10786942,0.0,10883349.10786942,h09,5,Katrina,1219264617.6833944,8254556.747569058,1211010060.9358253,1759355927.439938,122601416.62444842,1.0,0.0,0.0,122601416.62444842,10400000.0,9557344.06438629,1739398583.3755517,ab5aaab96517dfa11d1ebf17f2c068977c68727ba1e1c5f10b3de777c4670f26
LA-0708,708,d3c6eda58e8661e64cd46e674356cf54fd4a8c92cf4d85e0a552622c1ddb4e89,M2,A1_FINAL_NO_MEMORY_V1,PASS,64c5edf406eabf3e411be43f2904178613d80b84a5687dfb3258bf9b8603ace0,ad9ae470b78779f515df0c93759781f3d75688a7d225d88dbcc09523fa3ac618,2d5356f48b3138d76cb9f3fdf2e09f1b4a631fdfcf7ebfccfc8c7c4692dbeb66,P1,15299467.392389352,640152.6654680837,0.0,0.0,0.0,0.0,NONE,NONE,NONE,0,0,0,0,0,0,0,0,0,True,True,False,False,False,False,False,False,False,False,False,Q[Water+Vaccine]|F[NONE],1224942187.171491,1224942187.171491,19137905.85543848,0.0,0.0,19137905.85543848,h09,5,Katrina,1205804281.3160524,0.0,1205804281.3160524,1871122192.4639993,0.0,1.0,0.0,0.0,0.0,0.0,9122192.463999216,1862000000.0,a61a5681d751feb1e79fe3cf9ff6524fdd47b767263696cbffece374e2cce55c
LA-0709,709,df237b9f2da4e18df46ce1b7786ab2abe94cf23b181c22fdd6aafc509423dd83,M2,A1_FINAL_NO_MEMORY_V1,PASS,46d9ba6a0786f838e525a3161ac8e465e980e4cf9ebf543fcbcd43dd47c7e6f5,d2f3d85dbdef7c623acb2d9f0a0c0406861bc12d6bd247e042b62d8fd349a9f6,c888c41f3ad52b9729acb8f5a07f3a301719b52e982f18a263ec80e131a954c5,P1,14378765.705764396,681519.0973789454,0.0,0.0,0.0,0.0,NONE,NONE,NONE,0,0,0,0,0,0,0,0,0,True,True,False,False,False,False,False,False,False,False,False,Q[Water+Vaccine]|F[NONE],1221725725.2811017,1221725725.2811017,19137905.85543848,0.0,0.0,19137905.85543848,h09,5,Katrina,1202587819.4256632,0.0,1202587819.4256632,1871064408.9434044,0.0,1.0,0.0,0.0,0.0,0.0,9064408.943404414,1862000000.0,ddd58e2aedf3f19c11b9a18330dbeade74ce05c6f64ea72076380a2460cd631e
LA-0710,710,2b6d15a768bc1d4bd4cc6fc62dfa66a3a7f0a1e78bb62905036631e5b50898fc,M2,A1_FINAL_NO_MEMORY_V1,PASS,d2d20f180a165aea27beb302e3fe67d9759ff801b2adef2b7dc7180c651db75a,bf8ef2a9960941111c68896165940dcddcaa9a7715d273b2bbaafa9474c8c3aa,fc5ea92b3a2a37678aead82af144b9cce13bbb9e6bc926188a9d09255f6cbc5a,P4,0.0,0.0,0.0,0.0,2315069.8263040762,0.0,NONE,R0,NONE,0,0,0,1,0,0,0,0,0,False,False,False,False,True,False,False,False,False,False,False,Q[NONE]|F[Vaccine],1218084436.809666,1218084436.809666,0.0,486068.9102099763,0.0,486068.9102099763,h09,5,Katrina,1217598367.899456,18651836.945228502,1198946530.9542274,1880914940.5532162,1042403.5111700745,1.0,0.0,1042403.5111700745,0.0,10400000.0,8514940.553216215,1862000000.0,f3dd4ce7d7093abca03480d433187701fdb3a1113ef874f552ca38ca1d515d51
LA-0711,711,a9992fcbcf8745c23b081c03625a6d81732df00f7800122a612e590631b94360,M2,A1_FINAL_NO_MEMORY_V1,PASS,96898e67fdd82ad2ab55e2ea74b20dae36279a2d7652c398870e5895373e1902,fb5b61dd1d42a39a3c3831993982af3ba9fca32aaebb82367631a55fd202d39d,7ec9f4c08368f6f4c77c8510691ca7f2258bc37b82e0cb08fe48f001c1356d6d,P4,0.0,0.0,0.0,20453048.153791837,0.0,131770984.12213562,R0,NONE,R0,1,0,0,0,0,0,1,0,0,False,False,False,True,False,True,False,False,False,False,False,Q[NONE]|F[Water+Crackers],1224046332.6546946,1224046332.6546946,0.0,4821451.568939137,0.0,4821451.568939137,h09,5,Katrina,1219224881.0857553,14316454.28649934,1204908426.799256,1804554214.5276213,77403129.53676519,1.0,10399999.999999994,0.0,67003129.53676519,5.587935447692871e-09,9557344.06438629,1794996870.463235,d594d1412e9f3b198c90af8ef4539efe9a0fea2881c24df65b8d5f0953a2320e
LA-0712,712,077468298f55d0ed9177bd4456c6135b89242df0eec9becb775a7b7fe8159615,M2,A1_FINAL_NO_MEMORY_V1,PASS,f60c2001aad80f7bb15d5576ae73262d62c25e2a60e57a17595718bf61a821bc,ad27dc9a0963852e23a4da3738f9f72e4d91ea7e8debd431fe3747365e7c40d0,41a3a13387c69469dc122087743c288a6bbfc7ba011b77fd4f635701cf31f0d4,P4,0.0,0.0,0.0,0.0,0.0,159523392.612822,NONE,NONE,R1,0,0,0,0,0,0,0,1,0,False,False,False,False,False,True,False,False,False,False,False,Q[NONE]|F[Crackers],1231675909.1206977,1231675909.1206977,0.0,5874401.2554113045,424690.77442741103,6299092.029838716,h09,5,Katrina,1225376817.090859,12838813.825599762,1212538003.2652593,1763431744.5799131,118525599.48447311,1.0,0.0,0.0,118525599.48447311,10400000.0,9557344.06438629,1743474400.5155268,1e0ed046d1ec0c3d62466fb2712d71f9f31124c7d3139a786be1da4a26e723f4
LA-0713,713,aeb82a21e02a366b466a844febacd1278646031c164a26e9001c9c67626e6773,M2,A1_FINAL_NO_MEMORY_V1,PASS,7fb5c4f8a058ef322e68a5ce4abc8491d12ac77ed83ff946b47f5b3c9b904a52,16e1ec51cd16ad6d72466ed59e6cf872edc4969a715aa2f3bce11c338ad81cb2,3ed45412d7df5eb0f2883c987df1d11e357a77bb826bf01c1c33559bae6a5403,P1,14901351.269717628,658039.722394726,0.0,0.0,0.0,0.0,NONE,NONE,NONE,0,0,0,0,0,0,0,0,0,True,True,False,False,False,False,False,False,False,False,False,Q[Water+Vaccine]|F[NONE],1223600148.0011964,1223600148.0011964,19137905.85543848,0.0,0.0,19137905.85543848,h09,5,Katrina,1204462242.145758,0.0,1204462242.145758,1871098082.8209572,0.0,1.0,0.0,0.0,0.0,0.0,9098082.820957134,1862000000.0,4cda3e00af87d6cfd880729cb5f6c44cfa41d5360e050c48c437ff029b7d3d34
LA-0714,714,8d752d13d5edd4cc693df1dc1ccb96a5acf809c87278fa5135563e5d8f41aa2c,M2,A1_FINAL_NO_MEMORY_V1,PASS,d1b8342c2abcb82210f10b3e16ddbce5557c180f3f9218abd6a40f99d7037ed6,121e12d96e4da67697d5138e4b84ee07717f71b8a2eab9ae550e57a52ba096a1,76ea086dfc794cf6c33d119a9cd29d61598bdeb9d816b52cec446ed688dd696e,P4,0.0,0.0,0.0,27568055.53719193,2338565.8064633626,0.0,R0,R0,NONE,1,0,0,1,0,0,0,0,0,False,False,False,True,True,False,False,False,False,False,False,Q[NONE]|F[Water+Vaccine],1200056583.0196764,1200056583.0196764,0.0,5032425.578484766,0.0,5032425.578484766,h09,5,Katrina,1195024157.4411917,14105480.276953712,1180918677.164238,1870675124.2663882,11282219.797997994,1.0,10400000.0,882219.7979979949,0.0,0.0,8675124.266388295,1862000000.0,981411348123ddf20b46daee5c996bba096e6e46df39add4fff16b9f9f964df2
LA-0715,715,d04229981299fb90f591da35b8335a5a3bf625916cb076b444213022ff17344f,M2,A1_FINAL_NO_MEMORY_V1,PASS,d717db677ab5d2b7654557ecbb2583c66e81b9eaaeb6789b6067517427cafd6f,b5cd82fc24c6bd924caaa9fe9984690f30ac939ec30d83dcb8a2542c585df190,6649249980ab2515217fd96b8f779e8378ec633ec25f050ef32fcd5d20809e56,P1,14630672.615784645,670201.1100301584,0.0,0.0,0.0,0.0,NONE,NONE,NONE,0,0,0,0,0,0,0,0,0,True,True,False,False,False,False,False,False,False,False,False,Q[Water+Vaccine]|F[NONE],1222645987.4565635,1222645987.4565635,19137905.85543848,0.0,0.0,19137905.85543848,h09,5,Katrina,1203508081.601125,0.0,1203508081.601125,1871080941.3912246,0.0,1.0,0.0,0.0,0.0,0.0,9080941.391224578,1862000000.0,6faf245719bdeb7bbe59a4bc296c737c0dece95120a59b25a1a36caa76fd3547
LA-0716,716,30d0fb73898ee1e897ae6fddc62c450ff390cc8be0160490f95bcd97624fdfa6,M2,A1_FINAL_NO_MEMORY_V1,PASS,c6251fec8fe45db2d183cbe9c247bd63ba10a1b5875b860916efa9652f78c64a,ef14105ee848a03f9668d0f633c08ce4ad21e9f893f798a428b7927f191ca3ee,fff0276e1643760b59c2fdaf9647d01bafa5bad3993cc73289a44dd594b05d1c,P4,0.0,0.0,0.0,0.0,0.0,218693629.32905778,NONE,NONE,R0,0,0,0,0,0,0,1,0,0,False,False,False,False,False,True,False,False,False,False,False,Q[NONE]|F[Crackers],1214345183.7561243,1214345183.7561243,0.0,9503436.486776313,0.0,9503436.486776313,h09,5,Katrina,1204841747.269348,9634469.368662165,1195207277.9006858,1717201683.3214478,164755660.74293837,1.0,0.0,0.0,164755660.74293837,10400000.0,9557344.06438629,1697244339.2570615,f1efd274e0273fb13cf65d496ef4c723cea5cf562ee3b1390707d71b5533d8da
LA-0717,717,2d5d06a8dbc0affafad8231aec32fe434393de4a4052472462416c2a083b6d66,M2,A1_FINAL_NO_MEMORY_V1,PASS,f445350c22b9ae02039967d87bbb8184f324a510309bfd9189af5a51d48a2944,cbcfd1790aac330c120beaa8cdecc6196a0a31cef79273c7d6e1179248d2a7d4,2f461317a23bb2198ec04080f9f6c23e4afdb528bddf67a74863df56d78c6aa4,P4,0.0,0.0,0.0,0.0,1341456.4879336744,0.0,NONE,R1,NONE,0,0,0,0,1,0,0,0,0,False,False,False,False,True,False,False,False,False,False,False,Q[NONE]|F[Vaccine],1229230781.8223581,1229230781.8223581,0.0,7938046.854604317,630115.3142623581,8568162.168866675,h09,5,Katrina,1220662619.6534915,10569743.686571803,1210092875.9669197,1881115183.8884542,842160.1759320014,1.0,0.0,842160.1759320014,0.0,10400000.0,8715183.888454288,1862000000.0,52d66716fdebd321a0b62cd6ad9348ee201e95385eae82b4e09718dda89a330d
LA-0718,718,e5a0a9e3756ac75f7bc4803ff404f00170cd3d4602e958dfe083a970fc7af97b,M2,A1_FINAL_NO_MEMORY_V1,PASS,24bfc6303e923f330745113ddc9f1a5e610bed1ab9b0f61789847a2c50f44a09,53c986a1aab14e0d8dc056c5ee5dbcff5a0fd3fcc82e8efb2e776d84910e0efc,cbc489863af090cf1ee6d95d63b9b66adfaf529c2c973af629c39174e562f41e,P4,0.0,0.0,0.0,16773746.08761573,0.0,105488856.37397964,R0,NONE,R0,1,0,0,0,0,0,1,0,0,False,False,False,True,False,True,False,False,False,False,False,Q[NONE]|F[Water+Crackers],1224645501.062628,1224645501.062628,0.0,65343.30148006551,0.0,65343.30148006551,h09,5,Katrina,1224580157.761148,19072562.55395841,1205507595.2071896,1806152508.4028177,75804835.66156873,0.9999999999999998,10400000.0,0.0,65404835.66156873,0.0,9557344.06438629,1796595164.3384314,a6a137e92002b5957802995074a3347bf8d4e40c54669b40243de0b35f6b0f62
LA-0719,719,ece9bc8bbf86c6cfcafa30ccc274f02ec4c067565eed8fe081c857dada9d9ca1,M2,A1_FINAL_NO_MEMORY_V1,PASS,66b00b81d48076e85893f37b12e7684f14c9de6e1cb8ab924e5bd572a9071ec1,e8e04e1a58c0792e3bb6e985a009305789cb31c1abbceb9d0bf0fe89b0d0e398,f8a52066ded71335717c01019635e274be1e9d55aa850b3e13db477a7980761a,P4,0.0,0.0,0.0,12793368.949624768,1059439.6234362335,0.0,R0,R0,NONE,1,0,0,1,0,0,0,0,0,False,False,False,True,True,False,False,False,False,False,False,Q[NONE]|F[Water+Vaccine],1201224354.5927882,1201224354.5927882,0.0,2154246.3657567236,0.0,2154246.3657567236,h09,5,Katrina,1199070108.2270315,16983659.489681754,1182086448.7373497,1870696103.2038183,11261240.86056785,1.0,10400000.0,861240.8605678485,0.0,0.0,8696103.20381844,1862000000.0,e05d6989de305ae178a7f58bcbf78773c714fd79db5ab7685538684af1d4437d
LA-0720,720,5452cc9a725f1a04dd451f6365760d021e9e0b12561e3c7029b08de2ce799da0,M2,A1_FINAL_NO_MEMORY_V1,PASS,e285a8b1fbdea5e648805e9a37fc88dcb9c534b9b30049fe3d4bf0528c886d7d,c8228f0300d621c83dd360e4f4c755055f471ddeaef4e2cc025b8df40e54f91f,c6f0e1bc8acde4b3775ff9abc0189ca07ece04f558a6adbfeee6fee3456fade5,P1,15001635.725609167,653534.0174779008,0.0,0.0,0.0,0.0,NONE,NONE,NONE,0,0,0,0,0,0,0,0,0,True,True,False,False,False,False,False,False,False,False,False,Q[Water+Vaccine]|F[NONE],1223944915.8391275,1223944915.8391275,19137905.85543848,0.0,0.0,19137905.85543848,h09,5,Katrina,1204807009.983689,0.0,1204807009.983689,1871104276.551877,0.0,1.0,0.0,0.0,0.0,0.0,9104276.551877137,1862000000.0,5825aa7bb4a78c5681fe69cf1ad1ab85028ed26d747322f9920471602fe5cd8d
LA-0721,721,f63a5332db1b0a4a94ddc208ca8869696a1838b622519e38858ba101befa8f2a,M2,A1_FINAL_NO_MEMORY_V1,PASS,f7e5535e4c82191302f8871631bb614575d7ec113b7c0da45d658ea5f6a82c3b,2e64d472023fa1b0f04c131968f721b2f4fd8cb7640f7dc0c4992a180b9cee39,81d56d1d6c5ab589d72fff03b0fa9264d84f7502f27863568edcfc65bc88adae,P4,0.0,0.0,0.0,0.0,0.0,173995506.81710243,NONE,NONE,R1,0,0,0,0,0,0,0,1,0,False,False,False,False,False,True,False,False,False,False,False,Q[NONE]|F[Crackers],1221388844.0038078,1221388844.0038078,0.0,7451807.903469905,674500.5612506468,8126308.464720552,h09,5,Katrina,1213262535.5390873,11011597.390717927,1202250938.1483693,1735990789.8293536,145966554.23503274,1.0,0.0,0.0,145966554.23503274,10400000.0,9557344.06438629,1716033445.7649672,15bfb35717adc0833ecfce9f6146e73ad8fa8e1b6b30c33ccd41ed748fe2b748
LA-0722,722,bc028472f9a9c3bbdd659f7715f51cb273e07bec6665594bfe3ea271b330ac01,M2,A1_FINAL_NO_MEMORY_V1,PASS,a0fae497c81cf34d74ced0a50b79453f67207ca134e5ef9b6d3ed6218d5a652d,41ee02661191150deefecc1d8976d68eccec6cdd4c52a145e36abe72f0cc24f8,c19576c7f16c91de13c879572a425d4478fc6ec521edd39cb085a9f6af7fd1da,P4,0.0,0.0,0.0,0.0,0.0,167741179.98837018,NONE,NONE,R0,0,0,0,0,0,0,1,0,0,False,False,False,False,False,True,False,False,False,False,False,Q[NONE]|F[Crackers],1225972540.180416,1225972540.180416,0.0,6564289.3639867995,0.0,6564289.3639867995,h09,5,Katrina,1219408250.8164294,12573616.491451679,1206834634.3249776,1748217892.306435,133739451.75795123,1.0,0.0,0.0,133739451.75795123,10400000.0,9557344.06438629,1728260548.2420487,9bb3eca03804d1cc6647c45327c8a667f46efb591435d968885be583587625ff
LA-0723,723,f673f3852e308dbde1d1a7ffa45d0773f2a9a2594756108e5c3af3bb435d9d5e,M2,A1_FINAL_NO_MEMORY_V1,PASS,8a9b67b36117d414c63cb098450b802d217432a45baff83a204f8ffced81e57d,2f1df7ef4abf98996caebcacee31d1ac624cb20004f277070a5cbe0019e72326,23986db091ad0881961f3a69e7c88c551cd205b08bdfc2c50c21cef1ca9d0389,P4,0.0,0.0,0.0,0.0,0.0,276872874.79901016,NONE,NONE,R0,0,0,0,0,0,0,1,0,0,False,False,False,False,False,True,False,False,False,False,False,Q[NONE]|F[Crackers],1220378453.7577782,1220378453.7577782,0.0,8274088.476807695,0.0,8274088.476807695,h09,5,Katrina,1212104365.2809706,10863817.378630782,1201240547.9023397,1733295553.3642724,148661790.70011392,1.0,0.0,0.0,148661790.70011392,10400000.0,9557344.06438629,1713338209.299886,820754f2e539b9f6ce20258f85d8bfb7c76464c79ef446881a0a58ceafd2a2f6
LA-0724,724,1ebff7e28a3aad4ec0ba013bd5cff3fb767cea0c4000fbbb6682bd75d3a93a78,M2,A1_FINAL_NO_MEMORY_V1,PASS,102e46dca94782fef4cac51cf9368d2123e2608f9b51fb3f680d176cda72312d,b0ff5463e79a5b5120fe1249c7d5a212911e66e9670ec5219bc8f3c80f25415a,3f95a74ed3105f92dc1abf6dbc1b6ad2e3b26189f812dea053fbd236d57ae6db,P4,0.0,0.0,0.0,15670284.686658483,0.0,141080773.06433216,R0,NONE,R0,1,0,0,0,0,0,1,0,0,False,False,False,True,False,True,False,False,False,False,False,Q[NONE]|F[Water+Crackers],1214063703.0330226,1214063703.0330226,0.0,7972487.464781231,0.0,7972487.464781231,h09,5,Katrina,1206091215.5682414,11165418.390657246,1194925797.1775842,1777925347.6324232,104031996.43196319,1.0,10400000.0,0.0,93631996.43196319,0.0,9557344.06438629,1768368003.5680368,7cdb233eb72ff5fc5be9b306dc2ef3ea187ea7586c17376fa0f05d1247f2968a
LA-0725,725,9c45622b4317f688cc178b9c6db92120dc46609f22e3ff9f0e37f0967f3b323a,M2,A1_FINAL_NO_MEMORY_V1,PASS,44edbf8c6934642b663d938d04202cb3cfc49e4a7870c44d33c579878f7435bf,3532088ed631483d125a897ead566bd1cb6c7cccd4f085b7289fe169606301ee,06cca8849a092c9a84584afc5310703c3fb53e70d53d46a91355c41d31d13c0e,P4,0.0,0.0,0.0,12343894.280320037,0.0,172691704.73608917,R0,NONE,R0,1,0,0,0,0,0,1,0,0,False,False,False,True,False,True,False,False,False,False,False,Q[NONE]|F[Water+Crackers],1194620728.365992,1194620728.365992,0.0,6424367.451150475,0.0,6424367.451150475,h09,5,Katrina,1188196360.9148417,12713538.404288003,1175482822.5105536,1726060818.537698,155896525.52668843,1.0,10399999.999999994,0.0,145496525.52668843,5.587935447692871e-09,9557344.06438629,1716503474.4733117,09bed7560996b8d1ac0ca5eda3acbcf8e274f82d1fc177f22c28ec180b76f5e7
LA-0726,726,5569a7405a50eb8d9ce7555de2983e6a581c3159ebfd2ba1263d8b453e7d281e,M2,A1_FINAL_NO_MEMORY_V1,PASS,5072813804a8c733144299ee66d6d66a2607888a7a29896826ff2445a18f88b0,29acbffd1222575beee8bbb5d1dd72d7b2d9d35e2df79b63cf01793177da533f,4043b199b5b1f70b9efab5ab9d173e9d11a19aace8c6e1b69cb8aed1c1b9f0e3,P4,0.0,0.0,0.0,14047873.530389741,0.0,202134194.76757574,R0,NONE,R0,1,0,0,0,0,0,1,0,0,False,False,False,True,False,True,False,False,False,False,False,Q[NONE]|F[Water+Crackers],1193065505.7947814,1193065505.7947814,0.0,6763087.817011204,0.0,6763087.817011204,h09,5,Katrina,1186302417.9777703,12374818.038427275,1173927599.939343,1721912230.7997267,160045113.2646597,1.0,10400000.0,0.0,149645113.2646597,0.0,9557344.06438629,1712354886.7353404,65383e1957ff0244268b8d1c9fb3ae5b55f653a566ea3368577fa84d5760e275
LA-0727,727,f884143be498d32e8540429c629a64fce753672568861eb16315b4b20cba3fa4,M2,A1_FINAL_NO_MEMORY_V1,PASS,5391006d11287b93920537e00974d0a66ce67c99d120f84747de88eab1ef1c40,28397fc9a8f727b293cabc32c17db44c95541296f742e493a90231cf28bfe687,0471f86f03cdd128888e1032fb6b667049bcc62d3b7d0a0484d83f34fdf949a1,P4,0.0,0.0,0.0,0.0,1598501.3418074597,0.0,NONE,R1,NONE,0,0,0,0,1,0,0,0,0,False,False,False,False,True,False,False,False,False,False,False,Q[NONE]|F[Vaccine],1202359432.939799,1202359432.939799,0.0,7550257.963573416,1819291.769068859,9369549.732642274,h09,5,Katrina,1192989883.207157,9768356.122796204,1183221527.0843606,1880632441.920889,1324902.1434973741,1.0,0.0,1324902.1434973741,0.0,10400000.0,8232441.920888916,1862000000.0,ec15028f07a7a486d74bc2cd2b60d04b378ab454247ff51141358837097c90d9
LA-0728,728,4f4224e8a98f7c66319d068600875aeae16b05fd995d72f810aeb83eafec23b3,M2,A1_FINAL_NO_MEMORY_V1,PASS,b2a4e0a2e164779e5f2ce59ad464726c01c0122fcdc8871f094db27a46b9bed7,cbc4dcd80b35599ae67e85892415cd18154f0f9b1d23867231c92df74db2e608,b87f39bea418593855682f4afa35c2e622d291fae3e0fd71d8c9455ce231bc52,P1,15849176.600043053,615454.6456430738,0.0,0.0,0.0,0.0,NONE,NONE,NONE,0,0,0,0,0,0,0,0,0,True,True,False,False,False,False,False,False,False,False,False,Q[Water+Vaccine]|F[NONE],1226684424.7845447,1226684424.7845447,19137905.855438437,0.0,0.0,19137905.855438437,h09,5,Katrina,1207546518.9291062,0.0,1207546518.9291062,1871153491.645033,0.0,0.9999999999999979,0.0,0.0,0.0,0.0,9153491.645032808,1862000000.0,419e837b79bbc1210964cf4fbc5cdb5b1475ebe384849e9eea1345eac8a7f3b8
LA-0729,729,7f2517d77452ef41ed3e76bef173a7599ab23cda67c2eb876ec5347f0c123e72,M2,A1_FINAL_NO_MEMORY_V1,PASS,524ebef61b30b061841babf74e2e4c32c858d548eaa6f8fe4ed76edc93581947,64ba719e63e0279960aaf0a2a815eae6a8da72e56bd8910ae9cb32bc072da2e8,530f58c8bfefd2b38f5799ef4e0deb332298afbdab5c35fcbf0c8855f5d3c9bb,P4,0.0,0.0,0.0,17472836.724848382,0.0,86105845.6369832,R0,NONE,R0,1,0,0,0,0,0,1,0,0,False,False,False,True,False,True,False,False,False,False,False,Q[NONE]|F[Water+Crackers],1229951481.542966,1229951481.542966,0.0,8235367.9706352735,0.0,8235367.9706352735,h09,5,Katrina,1221716113.5723307,10902537.884803204,1210813575.6875274,1820306318.9030788,61651025.16130767,1.0,10399999.999999998,0.0,51251025.16130767,1.862645149230957e-09,9557344.06438629,1810748974.8386924,56c6c47779808f7f5c52a5b89c5458389373234930777f4e30de9de87840fcd4
LA-0730,730,ac7ea81a01e19b8e69aa53df155dce744d37233040b5c9aac80351f76719a7b7,M2,A1_FINAL_NO_MEMORY_V1,PASS,683f055c23e1b80472af6967f4c5eadd4c3c4561aa8b1c3c5d7df7424d17c976,4d01e2d8c5f2596050b222e881ecea3135d227e8565caca2ff1924acbe2c5ee5,7bb3726e8382dc638c63d0d767f6ecdb45d142850201726c4c3bc144c29ce1fd,P4,0.0,0.0,0.0,0.0,0.0,256589969.74644712,NONE,NONE,R0,0,0,0,0,0,0,1,0,0,False,False,False,False,False,True,False,False,False,False,False,Q[NONE]|F[Crackers],1211045342.3244224,1211045342.3244224,0.0,291371.62348760385,0.0,291371.62348760385,h09,5,Katrina,1210753970.7009346,18846534.23195087,1191907436.468984,1708399289.4041893,173558054.66019696,0.9999999999999998,0.0,0.0,173558054.66019696,10400000.0,9557344.06438629,1688441945.339803,21f03c7784bb19a271e054c7079b18c827b95d6b38cf66d9663b949a5dbc38e9
LA-0731,731,51654db73a8951e31cd4c85be0f23694c5855501babb9abd3a0a54c941af64a0,M2,A1_FINAL_NO_MEMORY_V1,PASS,0bbb49b122bbe74ce7a071f26f33993109f21339ba8d0e4bcce61fea7a167125,80653904e2d9b733990ce822c271b8be8de3d1f89c880fa5b75178847cbf7448,74d4d94ba1dce9fcaebcb192df1e402742ce87cf91ce8bb80a7a308284839bac,P1,16369271.498240475,592087.1743915179,0.0,0.0,0.0,0.0,NONE,NONE,NONE,0,0,0,0,0,0,0,0,0,True,True,False,False,False,False,False,False,False,False,False,Q[Water+Vaccine]|F[NONE],1228225074.570964,1228225074.570964,19137905.85543848,0.0,0.0,19137905.85543848,h09,5,Katrina,1209087168.7155256,0.0,1209087168.7155256,1871181169.3143778,0.0,1.0,0.0,0.0,0.0,0.0,9181169.314377796,1862000000.0,6c06784014e624495aea2c9b5237ac86d260c764ef7e06b7ded0046f8180be14
LA-0732,732,086e2d645bef16addd208458cd6e52cb4a67c07c954ae44077b275ebfce7818d,M2,A1_FINAL_NO_MEMORY_V1,PASS,0a624d0e261210a77ab7a3512bb364101078df80ca2a824d04078df02262f71e,51ba7594af849733a0560078673ebf76be8fc28da07823254c2dd597531324a5,6b3b495bf1e8ef6a7e29c438172af47a8c8064bc24ff79e8c0fb2a4df95c0efe,P1,16645725.605005931,579666.3000191549,0.0,0.0,0.0,0.0,NONE,NONE,NONE,0,0,0,0,0,0,0,0,0,True,True,False,False,False,False,False,False,False,False,False,Q[Water+Vaccine]|F[NONE],1229004811.9493644,1229004811.9493644,19137905.85543848,0.0,0.0,19137905.85543848,h09,5,Katrina,1209866906.093926,0.0,1209866906.093926,1871195177.243711,0.0,1.0,0.0,0.0,0.0,0.0,9195177.243710943,1862000000.0,1dea32294af2f1cedf12f11925a22f16c6a8be8e9a268ba4a6e060dc4379e459
LA-0733,733,edc601c6c2ffbe79d7fe0cb8db5da19e33b5e06b749f30e40ab25036d4081173,M2,A1_FINAL_NO_MEMORY_V1,PASS,9356f1c1ee30a850a76a54cc27dee0fc5a7f1c692e66ed715a35f06eec55524b,4169d87e109aee3110d5b4d70defe9be7b820cfaf4189e8a3dfcc180325b062c,93f2333401c8951d36995eac384f7487a960eb4f3d0898e8a5b31e643d8541d7,P4,0.0,0.0,0.0,0.0,0.0,323589233.3889181,NONE,NONE,R0,0,0,0,0,0,0,1,0,0,False,False,False,False,False,True,False,False,False,False,False,Q[NONE]|F[Crackers],1209322176.5183637,1209322176.5183637,0.0,888843.6782743147,0.0,888843.6782743147,h09,5,Katrina,1208433332.8400893,18249062.177164163,1190184270.6629252,1703802709.682522,178154634.3818643,1.0,0.0,0.0,178154634.3818643,10400000.0,9557344.06438629,1683845365.6181357,214ca8b0211638aeace9ae909e3ef7acb5d088813fc002a2aac13541fb9964b7
LA-0734,734,12e799fc78af354e664a13c6737226bda8439a8efaafbd34bb8017839b6be271,M2,A1_FINAL_NO_MEMORY_V1,PASS,f672a9aacfb99cb8570776eceb7754f32b724d1150c99aae35c03d34757296b0,1e8cfb0b931a68a56dd2694dd7a1db43e439579636e1ebfdcbc37893c3018775,863190ed8ecb5e59dc928db20fd416551148f5e1e08dc59e5dca770eaff6c116,P4,0.0,0.0,0.0,34154191.84593291,0.0,155086582.58991155,R0,NONE,R0,1,0,0,0,0,0,1,0,0,False,False,False,True,False,True,False,False,False,False,False,Q[NONE]|F[Water+Crackers],1231461100.8695784,1231461100.8695784,0.0,3076240.898659511,0.0,3076240.898659511,h09,5,Katrina,1228384859.970919,16061664.95677897,1212323195.01414,1824333259.0615628,57624085.00282359,1.0000000000000002,10400000.0,0.0,47224085.00282359,0.0,9557344.06438629,1814775914.9971764,c4f2377d49c5e8b4aac0a40690b3ed117775088589b34ec4c2b1d203dd4d77c9
LA-0735,735,af998b706f3003bea4d34c41b9da8c751ff69adf5c3306ff105b466b3b972034,M2,A1_FINAL_NO_MEMORY_V1,PASS,893d28bb220c960a190c2df799dc849811ec142773d22038ab694208914570cb,345d596f171953e8bbcef46a36f65ae830d0a397a5fe3670a2726635da9d8652,76e5d3215da231ab37330125ccbc68ddcd5081031d32689a47630c64000e6c55,P4,0.0,0.0,0.0,16620757.433990415,0.0,65827517.71150372,R0,NONE,R0,1,0,0,0,0,0,1,0,0,False,False,False,True,False,True,False,False,False,False,False,Q[NONE]|F[Water+Crackers],1233723222.1364288,1233723222.1364288,0.0,4002475.1232538363,0.0,4002475.1232538363,h09,5,Katrina,1229720747.013175,15135430.732184641,1214585316.2809904,1830367513.4012194,51589830.66316696,1.0,10400000.0,0.0,41189830.66316696,0.0,9557344.06438629,1820810169.336833,b208074a35ace5c0e7d39014aa84f91064fb290bd23e3e5abbd96129e385f945
LA-0736,736,5fdc55b208a6dc260ce19154b9261de4a4557f37e57199cf004ea3b9339ce9e0,M2,A1_FINAL_NO_MEMORY_V1,PASS,36df4c68bf23713cfeb41da831a6c5c8f917c10825a52fb9cf881a2d953df4bc,e7479f6943476da4421c2b2c06f1d8062aba7a5268b8beeb5ea09f52cc60264b,c992b4322b3560c01a91148211fe0f23e9426b8d6885f0058f0ece1cedff5802,P4,0.0,0.0,0.0,0.0,0.0,276755206.45779717,NONE,NONE,R0,0,0,0,0,0,0,1,0,0,False,False,False,False,False,True,False,False,False,False,False,Q[NONE]|F[Crackers],1234126554.6603944,1234126554.6603944,0.0,6020514.150458379,0.0,6020514.150458379,h09,5,Katrina,1228106040.509936,13117391.7049801,1214988648.804956,1769968891.239369,111988452.82501753,1.0,0.0,0.0,111988452.82501753,10400000.0,9557344.06438629,1750011547.1749825,f8b7349ba5cf9caa799819d81aef52fc153599a7f042d2310d45c1f80bdbb027
LA-0737,737,c7ed8530e676f1740e5d25e8c53f84f84cec83b699932dd32bc91be5f2cfd576,M2,A1_FINAL_NO_MEMORY_V1,PASS,804eeed088e6b155357da6406d32b8f4f33040fcda16c44b2273888bda6c34a1,2ac580254c9de9bfaf1d52c81c0e6b1738053c20faed0377b0b785f9b8cb9ece,8e373faf313ba8d2919fa482182f62e1e7215a8437b5c01cdb8c09bcfbdc6ed2,P4,0.0,0.0,0.0,19041557.517160606,0.0,108251498.36080118,R0,NONE,R0,1,0,0,0,0,0,1,0,0,False,False,False,True,False,True,False,False,False,False,False,Q[NONE]|F[Water+Crackers],1227000010.801967,1227000010.801967,0.0,2685914.7187528964,0.0,2685914.7187528964,h09,5,Katrina,1224314096.083214,16451991.13668558,1207862104.9465284,1812433210.8658428,69524133.19854358,1.0,10400000.0,0.0,59124133.19854357,0.0,9557344.06438629,1802875866.8014565,e5a1638ab8a8903a655b2b654cd633504e0745839184d578d085a35471ebd46a
LA-0738,738,e2f39a862f7eac6d3a1344994c06c5b247aa5f818f77aedd580d9581284b1c9d,M2,A1_FINAL_NO_MEMORY_V1,PASS,e611055534c4015b545866f2878216f1d8b5d5dd3aadcab450ac64e467ab1804,cfa579fc4bcc7f28f1ca6c088c2c4aaade2180fe4397df6fab93c3557af5bc34,a76b4295972b02f1486c7e2afb69b6f585bce319aaf13ace339df84b991f47ec,P4,0.0,0.0,0.0,0.0,0.0,196610107.96226993,NONE,NONE,R0,0,0,0,0,0,0,1,0,0,False,False,False,False,False,True,False,False,False,False,False,Q[NONE]|F[Crackers],1222709004.557952,1222709004.557952,0.0,8707908.085738147,0.0,8707908.085738147,h09,5,Katrina,1214001096.4722137,10429997.769700332,1203571098.7025135,1739512344.871351,142444999.1930354,1.0,0.0,0.0,142444999.1930354,10400000.0,9557344.06438629,1719555000.8069646,6b510de06eb1ca92721bc6e60c16553a0cb3373d6477087203f18f3db2db654c
LA-0739,739,bbd650364570c550bb4f12e609906b97dbaef08ae036657ddaafe7706d0eee2e,M2,A1_FINAL_NO_MEMORY_V1,PASS,245b3b9a0ea75e1405bcddddd1ce910ed2644a4dd4bf741b578acf05836b057c,84c349815873f6c2b88fc62043dce635f16a9a3e944a913bf41f82f0b6526520,29a88253c72a25f1503a0d7a87ccf557b33299b5a75fe00e6920fa05327f854a,P4,0.0,0.0,0.0,558530.7966516452,2126331.563670427,0.0,R0,R0,NONE,1,0,0,1,0,0,0,0,0,False,False,False,True,True,False,False,False,False,False,False,Q[NONE]|F[Water+Vaccine],1204543378.3307054,1204543378.3307054,0.0,5361068.874941199,0.0,5361068.874941199,h09,5,Katrina,1199182309.4557643,13776836.980497278,1185405472.475267,1880353572.9194841,1603771.1449022251,1.0,333631.8421558517,1270139.3027463735,0.0,10066368.157844149,8287204.761639915,1862000000.0,718d496271cec5497b5283becb550ecaf28404b6e365491b0c1652532f681305
LA-0740,740,5326ec912917902faffe5be81915dfb8bf5f115b0f007b4049f2e7d02f369edd,M2,A1_FINAL_NO_MEMORY_V1,PASS,5c7c81896d8726a63c979de0ce48f370c6d01b305c60386395904009dbd3f667,cad19b7505c2cbd0ad037e1ed86983ea5f7d0d6dbbf4160055ecb0ad06a161c4,301fb019c3691f8435bdac7576951c6a8e9b4e96feb0999ab5a94888985010d5,P2,14716274.303565132,0.0,0.0,0.0,0.0,160139148.48530266,NONE,NONE,R0,0,0,0,0,0,0,1,0,0,True,False,False,False,False,True,False,False,False,False,True,Q[Water]|F[Crackers],1222051795.0282571,1222051795.0282571,9531730.866419137,5966163.850757444,0.0,15497894.71717658,h09,5,Katrina,1206553900.3110805,3640011.1382618966,1202913889.1728187,1799233744.973531,72323599.09085533,1.0,0.0,0.0,72323599.09085533,0.0,9557344.06438629,1789676400.9091446,c6e2fa6e77f56075314ff939c082affaa91035d7041a8b0e11eb125f1520400f
LA-0741,741,cd706f6f95bfd3e423e08f8f37f52685b7c010f94728021798d0f88dbc03a9a8,M2,A1_FINAL_NO_MEMORY_V1,PASS,6ae8366b7bf38791fee61ffb1ac5eff6643eeddd698a2fb8099ef29a97f767ca,e1895ed2c6b825604116ee283e1b8b1870337170351b0b4e41bbe6ab9adbf9f8,30465b9be0c8a879e4bc0b39fb018865b10d872a0ddcd16c9a451651b2ecbd92,P4,0.0,0.0,0.0,566881.8505568323,4134920.8685434177,0.0,R0,R0,NONE,1,0,0,1,0,0,0,0,0,False,False,False,True,True,False,False,False,False,False,False,Q[NONE]|F[Water+Vaccine],1201549017.5401177,1201549017.5401177,0.0,391362.0747069286,0.0,391362.0747069286,h09,5,Katrina,1201157655.4654107,18746543.78073155,1182411111.6846793,1880443905.0181031,1513439.0462832032,1.0,182470.67742267324,1330968.36886053,0.0,10217529.322577327,8226375.69552576,1862000000.0,632c934159be03f21d9e44dc63722eb99148c8440d98ce62b0a669501a801f25
LA-0742,742,fa7c40aaf4394633133e11289327791db3f58eb169515367acc9a0fe975e0019,M2,A1_FINAL_NO_MEMORY_V1,PASS,a1accdc51e338f41ebda098a355e31ff9b3adcaed79e65367ce0d0f8256de04d,9d6feb28b45f1adf0b293baefb656c9f0f40c25fcd9b51c4e2f5da0bee0be0ae,f00e669d4a12d10dd23425faa48e79e48b9c87e5aa5b7b37859e4e028f88f7e7,P4,0.0,0.0,0.0,504160.48570106836,1833780.1698642755,0.0,R0,R0,NONE,1,0,0,1,0,0,0,0,0,False,False,False,True,True,False,False,False,False,False,False,Q[NONE]|F[Water+Vaccine],1205758033.2783785,1205758033.2783785,0.0,1643962.6082734566,0.0,1643962.6082734566,h09,5,Katrina,1204114070.670105,17493943.24716502,1186620127.42294,1880366386.908653,1590957.1557333488,1.0,343078.7391693473,1247878.4165640015,0.0,10056921.260830652,8309465.647822288,1862000000.0,0815740eb2709f34e2632cbf22451dbf61f390af40382ae222bc50a29e069dc4
LA-0743,743,2d62edb0a62651780d47594384dd24fe739c45b2b273b5f8659f272781220a03,M2,A1_FINAL_NO_MEMORY_V1,PASS,45be4254b017929a492e95847148a02d0f00b04ee5acfd8cb3a73fcacec28c2d,ffa289bed2ebc4fcf066c9a8f4ef1a7e7167d4cb9b8dd6107d8893b7057d0bd9,05a82597a5677d65fb08f804874154561f6c3125165aa97356a553046a88918b,P4,0.0,0.0,0.0,0.0,0.0,197586576.45635995,NONE,NONE,R0,0,0,0,0,0,0,1,0,0,False,False,False,False,False,True,False,False,False,False,False,Q[NONE]|F[Crackers],1227476177.9987156,1227476177.9987156,0.0,3231045.911451646,0.0,3231045.911451646,h09,5,Katrina,1224245132.087264,15906859.943986833,1208338272.1432772,1752228876.67023,129728467.39415646,1.0,0.0,0.0,129728467.39415646,10400000.0,9557344.06438629,1732271532.6058435,6f00fc2e5bfb1123add69f74c7dbd904f7b3db419f0ac29bf3b95f341423498d
LA-0744,744,60c71465235da1498e0ae4b1a35a1896c33be7d1b1a9983ddde874a98a503486,M2,A1_FINAL_NO_MEMORY_V1,PASS,f59f62abd0020f0355f80b709218178bfc511af525c0b346146873bdd8779c5c,46c2db68fd60c28f18829430cf011ab36f7f88dc822f04771bc4cc3dcf8587a3,0884330aac2d1dcb918c75cfc5857aab26c795969d5fb977c572ebc6e068bffe,P4,0.0,0.0,0.0,0.0,1390313.4786965535,0.0,NONE,R1,NONE,0,0,0,0,1,0,0,0,0,False,False,False,False,True,False,False,False,False,False,False,Q[NONE]|F[Vaccine],1213254825.730576,1213254825.730576,0.0,7478388.938708819,516500.5533056181,7994889.492014438,h09,5,Katrina,1205259936.2385616,11143016.36342404,1194116919.8751376,1880828176.9164116,1129167.1479746485,1.0,0.0,1129167.1479746485,0.0,10400000.0,8428176.916411642,1862000000.0,118d581f447795f72b557ca92cccb32a0d058477f24fedf33374fd73a7e9e9a4
LA-0745,745,a9f88ec9725e08a9930cac7d250f3cf5d8a6e956c012a20c79dc97a41680ed8f,M2,A1_FINAL_NO_MEMORY_V1,PASS,300c11a0d1948a8c4874f76f17848bc9dd2a54d3eeebe7cc8c659fc13f4d24b8,7100a5c5608b57f23d97100af953f15c02a3a1abea3c2fe263bc1610fe5ccc60,1d898936725c70be67a9d55b9710afb2a8c7430d39e168f579df6d0426d42238,P1,22701445.0518465,307587.3956269074,0.0,0.0,0.0,0.0,NONE,NONE,NONE,0,0,0,0,0,0,0,0,0,True,True,False,False,False,False,False,False,False,False,False,Q[Water+Vaccine]|F[NONE],1241320733.2026844,1241320733.2026844,19137905.85543848,0.0,0.0,19137905.85543848,h09,5,Katrina,1222182827.347246,0.0,1222182827.347246,1871416431.9371092,0.0,1.0,0.0,0.0,0.0,0.0,9416431.937109191,1862000000.0,2bbac24c989e9bc53e79325c9b4fb91c43ae6749c2622caf2ef798c29a0a9a1d
LA-0746,746,8dec8f2e8b5070bfbb36f3cedb0041bf993bda0e9e3745c2dbde1b08bba5abe1,M2,A1_FINAL_NO_MEMORY_V1,PASS,1518a9bdddf1abfeb93b554677628342b634c7a23711c7ab55317a4a4afe37e5,da40bb16d3643f3b220011ad8c8f69f2d7da5f39f4e51bfc1845a8c3f6bb5665,e2a843f8560b28eb98d045c1b748cba9d7c2a3064238e0ad1ceb809725fb433b,P1,13897630.214086164,703136.1518989226,0.0,0.0,0.0,0.0,NONE,NONE,NONE,0,0,0,0,0,0,0,0,0,True,True,False,False,False,False,False,False,False,False,False,Q[Water+Vaccine]|F[NONE],1219875338.887289,1219875338.887289,19137905.85543848,0.0,0.0,19137905.85543848,h09,5,Katrina,1200737433.0318506,0.0,1200737433.0318506,1871031166.8768296,0.0,1.0,0.0,0.0,0.0,0.0,9031166.87682974,1862000000.0,601da2169adeeb3b116acecf10aafb63745d8fd6640b7f01a66da4a9974fa7ad
LA-0747,747,9f8a2564a65cb50a9ca783a1d129e44731a1bd896d0cb67bc8564b22c69e6ab5,M2,A1_FINAL_NO_MEMORY_V1,PASS,38b2e721f5f7659305ca7baf048d4ab5bfe4a6497e4defb5e0189a3d4c1f94cd,430842e9a9bf838034aa131c15fa74821be8da673660d63d4b8ca5378f6ffe95,3ffa9d21357a1913f33fff785e6c2cb3e92bfdcaa5ec3dd8bf4877d6e58d62b9,P4,0.0,0.0,0.0,0.0,0.0,271365227.51417464,NONE,NONE,R0,0,0,0,0,0,0,1,0,0,False,False,False,False,False,True,False,False,False,False,False,Q[NONE]|F[Crackers],1194349093.6356745,1194349093.6356745,0.0,8413113.328326488,0.0,8413113.328326488,h09,5,Katrina,1185935980.307348,10724792.527111989,1175211187.780236,1663861707.5413322,218095636.5230541,1.0,0.0,0.0,218095636.5230541,10400000.0,9557344.06438629,1643904363.4769459,58178e217ea3771103195839f755e91907ab0bc294aa756ef131d54a3ca75dd6
LA-0748,748,9a72f3547ad420b3e1d2e7053e1d79f70af5c5fc4cd6b8bcc8ac8d7264672ac3,M2,A1_FINAL_NO_MEMORY_V1,PASS,5874d775d3abda8454a296bf7fa7636c0bfe01a9a0d3b64df80c7a35d00a29c2,ee7f4e7c62c7642dc7007292ee5eed16a16d0b4d110554c3d696361340f7cca7,7b99e6065a0f0fd9bcb4a38dce62dcb33696899e3494f33142a1d23fc0914029,P4,0.0,0.0,0.0,0.0,2228952.68304798,0.0,NONE,R0,NONE,0,0,0,1,0,0,0,0,0,False,False,False,False,True,False,False,False,False,False,False,Q[NONE]|F[Vaccine],1225236891.5837047,1225236891.5837047,0.0,5073805.031337938,0.0,5073805.031337938,h09,5,Katrina,1220163086.5523667,14064100.824100537,1206098985.7282662,1881043433.9200969,913910.1442895256,0.9999999999999998,0.0,913910.1442895256,0.0,10400000.0,8643433.920096764,1862000000.0,48ac5845ce13cb0e3b96a683914bea06119077a80ca0c72942c6b9677bb4027c
LA-0749,749,f2010991b5388ab110f6e2d314dc0d1c1f49a55d4280c4578fc52dac5241209a,M2,A1_FINAL_NO_MEMORY_V1,PASS,8299f44dc4e851c519710ad7ea7ecbe52e157f67e5bbca095baf9f8b223fc05a,c06c88e7bd9692bf48c26a676a8dc3f08cb91e570d59b67680aca42c3380ab32,0c6b9754b2c0ffc48cf498b829b15e22622e7ce2afa17e6545c0553386daeb72,P4,0.0,0.0,0.0,0.0,0.0,110625900.4698088,NONE,NONE,R2,0,0,0,0,0,0,0,0,1,False,False,False,False,False,True,False,False,False,False,False,Q[NONE]|F[Crackers],1239342259.9259334,1239342259.9259334,0.0,3708611.869056722,4572100.007424298,8280711.87648102,h09,5,Katrina,1231061548.0494523,10857193.978957457,1220204354.070495,1783881890.7739906,98075453.29039584,1.0,0.0,0.0,98075453.29039584,10400000.0,9557344.06438629,1763924546.7096043,fe92e16f4e317afbb10f87a9199e4599874c11fbcdd518dbc0ac8507a62e8419
LA-0750,750,132017ed4b92d624f4a8a004437fd96fcbfc03e831e148154b313993a3a5d969,M2,A1_FINAL_NO_MEMORY_V1,PASS,8274660844729281dc951d77a14e419d03bda5e72eabb131f20d5cc22074807f,e143baae6143840580ae6d5afc624d6a1d038f036c34e357d82077b820488bfd,8b81d66089076d45d57e3de7ca1a6d4b185f1ef09565896cc6c85cd6de3fbf13,P1,13975200.377412565,699650.9830041869,0.0,0.0,0.0,0.0,NONE,NONE,NONE,0,0,0,0,0,0,0,0,0,True,True,False,False,False,False,False,False,False,False,False,Q[Water+Vaccine]|F[NONE],1220182278.754831,1220182278.754831,19137905.85543848,0.0,0.0,19137905.85543848,h09,5,Katrina,1201044372.8993926,0.0,1201044372.8993926,1871036681.0308168,0.0,1.0,0.0,0.0,0.0,0.0,9036681.03081691,1862000000.0,743dcf985bae23638fd3e619d05887d2533c64c1e2c19834ee2b3655c28c624e
LA-0751,751,79eef204de41371d5e89de96ebce35f83affc3181b8f7c142fb847c7e50dc8c9,M2,A1_FINAL_NO_MEMORY_V1,PASS,4ccb5e8d09ec3c85de1265d9d6607585d51e8df21a13a4ad27a9e46a63f7cbd9,3649144ce1160955251b813e3aaffa14f15f3a42acc5f8dd87bee2320c9854f4,1020b4ce6bebe5a5b3c1ad20a996d3313c977c7f28b4bdcd8216f3028f9d726c,P4,0.0,0.0,0.0,0.0,0.0,287105794.1414695,NONE,NONE,R0,0,0,0,0,0,0,1,0,0,False,False,False,False,False,True,False,False,False,False,False,Q[NONE]|F[Crackers],1189529292.777633,1189529292.777633,0.0,548796.7343315277,0.0,548796.7343315277,h09,5,Katrina,1188980496.0433013,18589109.12110695,1170391386.9221945,1651004791.0399413,230952553.02444503,1.0,0.0,0.0,230952553.02444503,10400000.0,9557344.06438629,1631047446.975555,050b2f6f7c9ac4385ae4bd855bc8a5e9a180e662213177bbad5648de4705b97b
LA-0752,752,a67cbf0b6a8032f4a985a2b133980b10264b5752aa31758648180af2706297d6,M2,A1_FINAL_NO_MEMORY_V1,PASS,54a2124c4236ac7677d2fcedcf9da3493a7f66976405469ea9f92c6ae062ff89,7a087560905fa9b7422c33873747bf0a590695266a712cbee3a947fe3ab5f9b8,db1a7e8fe91e550841b12e817cb9312e75e716fa16871cae017588370e31805e,P4,0.0,0.0,0.0,439155.75438580516,1559029.235929505,0.0,R0,R0,NONE,1,0,0,1,0,0,0,0,0,False,False,False,True,True,False,False,False,False,False,False,Q[NONE]|F[Water+Vaccine],1212266789.0270295,1212266789.0270295,0.0,1096702.4278047536,0.0,1096702.4278047536,h09,5,Katrina,1211170086.5992248,18041203.427633725,1193128883.171591,1880506380.1601486,1450963.9042376368,1.0,318888.9672579833,1132074.9369796535,0.0,10081111.032742016,8425269.127406636,1862000000.0,d90754124c327167e3b1215255f71431c5e8928024f3336a97582c79b65210df
LA-0753,753,e3a0ddb2a5a294640f2c1eed3892746b8c7cad96d03ca1f213ce0c89afeae26e,M2,A1_FINAL_NO_MEMORY_V1,PASS,990c5033048a3bf7082712fa63440e1f85f3ce789220cee181fbe8c645f5cbe3,bb1596a302d0db2b3fb415748cdf6679022b57b6c6d1d84e43561066fe7a5478,1bbc6b44a9035bfa27a806bf6022165b2a90e40b97ba3ed16c1baa6cffc1f383,P2,18299789.785942607,0.0,0.0,0.0,0.0,102454484.98855801,NONE,NONE,R0,0,0,0,0,0,0,1,0,0,True,False,False,False,False,True,False,False,False,False,True,Q[Water]|F[Crackers],1232794627.1525764,1232794627.1525764,11852773.844355028,2530979.8723463328,0.0,14383753.71670136,h09,5,Katrina,1218410873.4358752,4754152.138737119,1213656721.297138,1827890467.456244,43666876.60814229,1.0,0.0,0.0,43666876.60814229,0.0,9557344.06438629,1818333123.3918576,0dae3b62c25c160a9adbb6b92281483f3a1eb95396aa4f76241a535a5cba2267
LA-0754,754,dd028bee899037b6148ef60600826693ede965eec9bacce3301563a598af3800,M2,A1_FINAL_NO_MEMORY_V1,PASS,e9b137898c697a22781b67b151bb5be3bb7acb92402c5f6dc298bf8bfb2adeec,e32b181dac08e9fd8064b42f28edf5585d95e99868f32743dab3738b88936c13,0f4bc000efa29f2761a4b6cec6e8e02d4b8b488d7683e906bdb1c065a35aaf81,P4,0.0,0.0,0.0,0.0,1235577.900840662,0.0,NONE,R1,NONE,0,0,0,0,1,0,0,0,0,False,False,False,False,True,False,False,False,False,False,False,Q[NONE]|F[Vaccine],1220690879.1843116,1220690879.1843116,0.0,2280901.5327174785,410045.4020635143,2690946.9347809926,h09,5,Katrina,1217999932.2495306,16446958.920657486,1201552973.3288732,1880961765.1144164,995578.9499699144,1.0,0.0,995578.9499699144,0.0,10400000.0,8561765.114416376,1862000000.0,452d9eddd1e3f9067209baa252eaa70847a747cf522457de707c4dc7000eb152
LA-0755,755,bd132e4f46c1c341735e47d7bab25fef16b2934de4240fb4a33fd24a8b133a87,M2,A1_FINAL_NO_MEMORY_V1,PASS,3a6343c94fd2e2d7785acef7a495cf924d49bd21882de975c989aacf4467dcb4,2157ed15b089964afe8bde657316a6aede2193c14f7e3dda397deaab7cf89649,551c92f5fbea4811530bb000211380b51b47625cf5547533f0bcf6129b9edc01,P2,14036125.738390908,0.0,0.0,0.0,0.0,98687146.0032226,NONE,NONE,R0,0,0,0,0,0,0,1,0,0,True,False,False,False,False,True,False,False,False,False,True,Q[Water]|F[Crackers],1219424939.9637687,1219424939.9637687,9091198.640755791,2062631.2063716974,0.0,11153829.847127488,h09,5,Katrina,1208271110.1166413,7984076.00831099,1200287034.1083302,1792226555.834371,79330788.23001519,1.0,0.0,0.0,79330788.23001519,0.0,9557344.06438629,1782669211.7699847,0cce65bd176bd43a6a36126711c21614ba15bd3bace9524ea0ed4cb69915d7d0
LA-0756,756,6e9cfad82c5ef04e1b092705c53caf3323a3ddf130511ee10eb5a399ce4e820e,M2,A1_FINAL_NO_MEMORY_V1,PASS,4e2e306c05c0da9fac281ee88694bfd7db87c195b820d0372f3863f6225a3716,6228987cd794dd726d43e134c6c65351c6839ec669b5ee1ef43e3a84da2cf038,bedbac4c72a82b357a99b87c695cf57a6da2d80bd9ef65c19947e6ae420120f2,P4,0.0,0.0,0.0,0.0,1231948.9385207251,0.0,NONE,R1,NONE,0,0,0,0,1,0,0,0,0,False,False,False,False,True,False,False,False,False,False,False,Q[NONE]|F[Vaccine],1224394609.8036323,1224394609.8036323,0.0,3568583.553933379,682253.2486187535,4250836.802552132,h09,5,Katrina,1220143773.00108,14887069.052886343,1205256703.9481938,1881028302.3848124,929041.6795739572,0.9999999999999998,0.0,929041.6795739572,0.0,10400000.0,8628302.384812333,1862000000.0,3976765e18c02743545b4f20346ac74cc37c6d2ad8f1fbf6822e3c2139006f4e
LA-0757,757,91f7bfce04026e24772e42d9fd32e4f354724fc41ad5e0e9c7b6df2e9130b6cf,M2,A1_FINAL_NO_MEMORY_V1,PASS,e7ce77e403777ceb9ffb9322e4818b9aa17663408367443d4aff24af24433d61,b0c4d3d3c1a410d221412f1c500bf66eca64e39f3cec20020ebf7ade3eaf4d13,41143041b45ebd45e55913d81004b92a1bce83885c81d4cf443fd2833bdcb991,P4,0.0,0.0,0.0,0.0,0.0,206271269.88410786,NONE,NONE,R0,0,0,0,0,0,0,1,0,0,False,False,False,False,False,True,False,False,False,False,False,Q[NONE]|F[Crackers],1222425635.9953496,1222425635.9953496,0.0,4203306.4385373285,0.0,4203306.4385373285,h09,5,Katrina,1218222329.5568123,14934599.416901147,1203287730.1399112,1738756453.4858353,143200890.578551,0.9999999999999998,0.0,0.0,143200890.578551,10400000.0,9557344.06438629,1718799109.421449,cffa44bf6dcf0f522c47d30a1e76eb30f97c74a53875d89b4e396a4c4bb1c998
LA-0758,758,65dfbf56050f03b54ff46c8be21d44467ac1c89802d9accd48cf2337381696b4,M2,A1_FINAL_NO_MEMORY_V1,PASS,768c2e24a14eaae319be7df643142260b942b7a2aa5bda5731f709c84063d8ac,530b9c76a614103ca6f1a2207c710ff6dad40c3f9954ec2c92a328be934fd04c,23235f820947433926330b565d0bae2b9a1f07c10fbededb4c6c730ef97aa468,P1,14919107.007149398,657241.970512473,0.0,0.0,0.0,0.0,NONE,NONE,NONE,0,0,0,0,0,0,0,0,0,True,True,False,False,False,False,False,False,False,False,False,Q[Water+Vaccine]|F[NONE],1223661528.1057193,1223661528.1057193,19137905.85543848,0.0,0.0,19137905.85543848,h09,5,Katrina,1204523622.2502809,0.0,1204523622.2502809,1871099185.5103889,0.0,1.0,0.0,0.0,0.0,0.0,9099185.510388777,1862000000.0,7095cd8bbd5221481e81481a073da9b41b110064e36905235221e804a538a14c
LA-0759,759,a0ec5bef98c22d899b17b78065cfc59bbff5eb9515f01d3847aa5a9079dde680,M2,A1_FINAL_NO_MEMORY_V1,PASS,b43861be21d717c3e3e308ad3862d7a30eea3442b59da919ecc8ddbdccb937c9,b5ee351f465f8b5ace8753476cde2839718eccde80b79eba60f8fdff1c32bd85,8c7edd5272d74abc8f9ea874a4d165ad648c256fc098c49593e1e0e769faff98,P4,0.0,0.0,0.0,15704553.727282401,0.0,154111217.92997858,R0,NONE,R0,1,0,0,0,0,0,1,0,0,False,False,False,True,False,True,False,False,False,False,False,Q[NONE]|F[Water+Crackers],1210905408.669804,1210905408.669804,0.0,450791.29039574845,0.0,450791.29039574845,h09,5,Katrina,1210454617.3794084,18687114.56504273,1191767502.8143656,1769500533.3899498,112456810.67443657,1.0,10400000.0,0.0,102056810.67443657,0.0,9557344.06438629,1759943189.3255634,70817e6e2a8ed3a77ee7dede8bfc59727dbc71660392e287f87e6d17e55fd79b
LA-0760,760,078e6ac1a137ff83f5bd292590d3836baae7bbc05ba55d2eaa287c54428deb4f,M2,A1_FINAL_NO_MEMORY_V1,PASS,4e409b08e00cc52a3aa248e3a8934042488a0f884537cc9c142a78e2c03295ab,31a4f24caa8a965b6001a586189cc0726331fd396883122d5362aa07b0330c55,622cbd0a335b8cc5888adc5ec3a28cea7b445fa738643c323e6c193c8f3ac3af,P4,0.0,0.0,0.0,19107773.731406443,0.0,257587917.37621513,R0,NONE,R0,1,0,0,0,0,0,1,0,0,False,False,False,True,False,True,False,False,False,False,False,Q[NONE]|F[Water+Crackers],1196606202.2835963,1196606202.2835963,0.0,131809.52530925474,0.0,131809.52530925474,h09,5,Katrina,1196474392.758287,19006096.330129225,1177468296.4281578,1731357110.464726,150600233.59966037,1.0,10400000.0,0.0,140200233.59966037,0.0,9557344.06438629,1721799766.4003396,c90e7b1ff4f99036615bb2d2e47ad4e10b127427c41c63d0792997a830a4cbb2
LA-0761,761,0c5c240e662b976646957642eb48b5a8f9a03e99dc1d52d93eebd12c8367a925,M2,A1_FINAL_NO_MEMORY_V1,PASS,ef19109ee58f92e860f726865108985665a9208364a25f0fb378c98248ad69f7,b47f819d781d111ec29e9bad439cc5bd7ed2305d31f24142177f9f54c44a5029,82d966baa90e08debfe547d8e09901d125f3d0dd64ac1537fafe62372263beda,P1,15878553.369568503,614134.769559445,0.0,0.0,0.0,0.0,NONE,NONE,NONE,0,0,0,0,0,0,0,0,0,True,True,False,False,False,False,False,False,False,False,False,Q[Water+Vaccine]|F[NONE],1226774135.3903177,1226774135.3903177,19137905.85543848,0.0,0.0,19137905.85543848,h09,5,Katrina,1207636229.5348792,0.0,1207636229.5348792,1871155103.2900057,0.0,1.0,0.0,0.0,0.0,0.0,9155103.290005732,1862000000.0,8ee67d9a3b411855f178a31aa2b31ac7ab3f8a32ac5199dfb0e923757e925cde
LA-0762,762,095407ae67c8b46e1a66896562c4127ec2ed6eecb14adc1e518a55ecd1007a5a,M2,A1_FINAL_NO_MEMORY_V1,PASS,d46b8cf99b4ecad4b2a9bdcc4e4fadf4c4b3bf4a5132c9dd6cced5169724d7cd,768904455065a166b94ca4e6e53a51efbf85a6f118112d1443b3b073a6260aa3,dd51c6ad7f64ad7f24e467a8e887771185a24de01c8e3469c23a1f20a5dc9aa6,P4,0.0,0.0,0.0,0.0,0.0,495397012.32460743,NONE,NONE,R0,0,0,0,0,0,0,1,0,0,False,False,False,False,False,True,False,False,False,False,False,Q[NONE]|F[Crackers],1143291233.3428607,1143291233.3428607,0.0,475948.05495732743,0.0,475948.05495732743,h09,5,Katrina,1142815285.2879033,18661957.80048115,1124153327.4874222,1527663830.1063833,354293513.9580029,1.0,0.0,0.0,354293513.9580029,10400000.0,9557344.06438629,1507706486.041997,5b57ee30eecbfef20390af1fde527dd545d182222d221ef2af67118a1f344b8b
LA-0763,763,ec3cc554ef237c5df62019db5bcf6828caeffba0c7e99a0a467705e22c76ae79,M2,A1_FINAL_NO_MEMORY_V1,PASS,95e7737fb6e79b4b01f13bf74835b7b7653f87ee507762854d4725c9ea966139,4a9dbcf8adf764ce83aecc29c2ea8875ddb6c32f589d5bc0ea78e60785198702,99064a67909a13d2dc2917ed13f73d4894cc94394acec9d355c384708503e484,P4,0.0,0.0,0.0,12378844.504936604,0.0,63252178.39328564,R0,NONE,R0,1,0,0,0,0,0,1,0,0,False,False,False,True,False,True,False,False,False,False,False,Q[NONE]|F[Water+Crackers],1229243013.823558,1229243013.823558,0.0,5772665.524638984,0.0,5772665.524638984,h09,5,Katrina,1223470348.2989192,13365240.330799494,1210105107.9681196,1818416466.8986835,63540877.16570276,1.0,10400000.0,0.0,53140877.16570276,0.0,9557344.06438629,1808859122.8342972,7ae884674dda0be5d7b2677b06d2eb21d5213173174bcf67616c76eba0dd67c6
LA-0764,764,51a894b34e0b73014eca57a5ba2d8ecc7c518f94bed46bb7aceb0828bd80e457,M2,A1_FINAL_NO_MEMORY_V1,PASS,cbbc7d68737a271d3512aff873cd5ea58acb8a7bfef78a4296644ac192351b2f,3f7c15c2ba528b9c448b1afbcd32c77ac17b32b0f37dd64353ee22248ac3c184,449031f288b46f05c048a1d239e4f433bd341c7514037d6faf2d30305c29d948,P4,0.0,0.0,0.0,12283878.775805445,0.0,52110713.00959485,R1,NONE,R1,0,1,0,0,0,0,0,1,0,False,False,False,True,False,True,False,False,False,False,False,Q[NONE]|F[Water+Crackers],1232625166.6425738,1232625166.6425738,0.0,6211838.855752991,933956.8910030623,7145795.746756053,h09,5,Katrina,1225479370.8958178,11992110.108682426,1213487260.7871354,1827438428.110313,54518915.95407339,1.0,10400000.0,0.0,44118915.95407339,0.0,9557344.06438629,1817881084.0459266,66d72b068ff2a72d2c0f3e4428e72ca0dba3eaa3f40d5886818e51e36d65bf69
LA-0765,765,029044c21e5aaa3ef1fdc23ba9f93ecbcab421d4ba2aea33a2a93e86bd5dc97c,M2,A1_FINAL_NO_MEMORY_V1,PASS,299964671f133b06ea390bfac0069b9d5d981f496fbc27bf068dc65844181704,3b50a601f0d7492d5e9b297e39ce5dbdbcb31f8499d382c4c3f9f6d074b7a2a1,75ea928a548f83ac5dee4837c163a541cd2cd8e00856b314283b074725a9bf0e,P4,0.0,0.0,0.0,0.0,0.0,248652680.22669795,NONE,NONE,R0,0,0,0,0,0,0,1,0,0,False,False,False,False,False,True,False,False,False,False,False,Q[NONE]|F[Crackers],1224998391.0126872,1224998391.0126872,0.0,301374.93643616757,0.0,301374.93643616757,h09,5,Katrina,1224697016.076251,18836530.91900231,1205860485.1572487,1745619329.652442,136338014.41194448,1.0,0.0,0.0,136338014.41194448,10400000.0,9557344.06438629,1725661985.5880556,3b863ba60603a1767201c50961acee2942164fbbb6c630655d4cda9c681734c1
LA-0766,766,f1c87a316e018fbff01d24a14b9a777642776df81fc0ce089fcda8d3483ceaa6,M2,A1_FINAL_NO_MEMORY_V1,PASS,e7abc2a1ca2c682af1aada607879969570eab5f245691e6d74e5512b93d51b7f,d62eea5d4858aea4b2f99ba6a057ea95fee4aa7b962a5f4e96a1adbf631d3051,d7c82913c1e887f44452af6908b4d70c7b7361c438e2c78ba258116529509e46,P4,0.0,0.0,0.0,0.0,0.0,471037571.0001496,NONE,NONE,R0,0,0,0,0,0,0,1,0,0,False,False,False,False,False,True,False,False,False,False,False,Q[NONE]|F[Crackers],1187557012.9590697,1187557012.9590697,0.0,1531724.9362277223,0.0,1531724.9362277223,h09,5,Katrina,1186025288.022842,17606180.91921075,1168419107.1036313,1645743694.639591,236213649.42479542,0.9999999999999998,0.0,0.0,236213649.42479542,10400000.0,9557344.06438629,1625786350.5752046,a75657023e4da900c5548bdb611bd0ac1f2aaee037a09f3ee253fc3b0e69c51a
LA-0767,767,343e1d3b41b6f4bea29e9581979ad80a9e77f192046e329a1eb6f6a25a05080f,M2,A1_FINAL_NO_MEMORY_V1,PASS,835622e50d60274f65ce5156c5434e7d0a74fd306287d63895fdb722415128ff,912c2d8bb0cc033f3a87ca3d0d175d470d2bebb5dd0307819b1dbfe3e70e8ae7,b3d2cfe18bbcfffcab8ad42641c04821f3fd460ba720b6ea0c7579a4684d7f33,P4,0.0,0.0,0.0,0.0,1136297.3003976734,0.0,NONE,R2,NONE,0,0,0,0,0,1,0,0,0,False,False,False,False,True,False,False,False,False,False,False,Q[NONE]|F[Vaccine],1217598876.5234692,1217598876.5234692,0.0,4592692.802842128,5223693.513061484,9816386.315903611,h09,5,Katrina,1207782490.2075655,9321519.539534865,1198460970.6680307,1880906217.4954734,1051126.5689129014,1.0,0.0,1051126.5689129014,0.0,10400000.0,8506217.495473389,1862000000.0,8847bdf91f28ba42c9e954432899e32350c6398fc72771d756d6554d1bc994e5
LA-0768,768,dec10e7255c10ecb967c468565df9aa53a115c9f4ec82ec5c96c548f8cf778cd,M2,A1_FINAL_NO_MEMORY_V1,PASS,397e833d06cc7906c2216fd5a9f091e7e3538bf21afe72fd61bf2056a8a39c7f,0a6dd450f4529255c8fc7c7e0dd0bff965e3505cf641c01956a7322663f390e2,651fc92bfac9db41e2fd673891a88a417abfa6c0257e8797e8df9235123dd3b9,P4,0.0,0.0,0.0,22763710.763375554,0.0,206411373.56042504,R0,NONE,R0,1,0,0,0,0,0,1,0,0,False,False,False,True,False,True,False,False,False,False,False,Q[NONE]|F[Water+Crackers],1213812287.8271427,1213812287.8271427,0.0,4922081.748296145,0.0,4922081.748296145,h09,5,Katrina,1208890206.0788465,14215824.107142333,1194674381.971704,1777254692.473759,104702651.59062743,1.0,10399999.999999998,0.0,94302651.59062743,1.862645149230957e-09,9557344.06438629,1767697348.4093726,afd82a04e65427497c035b0864f4fb7df8586a5910f75ae53b88dfc680802784
LA-0769,769,cd9a068bd11fcd88b9b2cf7c8f2bec5dbf1dd17bc4a7f2ed77f1dbc288c441dc,M2,A1_FINAL_NO_MEMORY_V1,PASS,665c0d54a56ec2c828c6f000d1487226cce185e834d82820cd1539ddfadf7434,0d26fca31f8f97ce43c2e97433d6be0a6c562184aec693ea518ec0e5c1467fb6,387113c7fd274c548230d41ae77f0cd90e5792a3fba8248a3450c8ace675d2f1,P4,0.0,0.0,0.0,14189899.914506467,0.0,83366148.45085455,R0,NONE,R0,1,0,0,0,0,0,1,0,0,False,False,False,True,False,True,False,False,False,False,False,Q[NONE]|F[Water+Crackers],1226259164.1998,1226259164.1998,0.0,5702631.647781061,0.0,5702631.647781061,h09,5,Katrina,1220556532.552019,13435274.20765742,1207121258.3443615,1810456987.5352654,71500356.5291209,1.0,10400000.0,0.0,61100356.52912091,0.0,9557344.06438629,1800899643.470879,80e0d75f77abbde07997b1e2a35849632e93b65fa3f75e3cf3f9f1556d1e8cbd
LA-0770,770,f1fd6d3034dacc36645a1be8d00f7901ca6d2a318a9c60c3b379ff82db5a4f4d,M2,A1_FINAL_NO_MEMORY_V1,PASS,7484d792dc2b693cefb5845ab6753bf3f4889ee7e6142053a1fcd8428481b543,e98b7f8b8e6a40540a7afd4a823b42bb2c31452819d98de098e52ba08e5c4b84,8b7fb88e5bbb5e2d459d705cc720b13357850254f254f3d7f8074697c77ba0ce,P4,0.0,0.0,0.0,0.0,0.0,705091681.5506603,NONE,NONE,R0,0,0,0,0,0,0,1,0,0,False,False,False,False,False,True,False,False,False,False,False,Q[NONE]|F[Crackers],1196396479.2715743,1196396479.2715743,0.0,615622.8668775888,0.0,615622.8668775888,h09,5,Katrina,1195780856.4046967,18522282.98856089,1177258573.4161358,1669323150.2320595,212634193.83232686,1.0,0.0,0.0,212634193.83232686,10400000.0,9557344.06438629,1649365806.167673,f7eaa5d7764fa84fae5ea46dcb76ff347f1494c00a42af84fbeed766c8a845ee
LA-0771,771,1af97d7121e738bd7118f9315c5bc017b1b0c78ae8702859b8f0c2362c18ca0a,M2,A1_FINAL_NO_MEMORY_V1,PASS,e91f67dd4b4ebf0fe5b56ce9a63948420d595b36bf180997cf3244eb5a085da8,8aab27d1f4964d9ffd09e8316cbea30b83c1ab49098db673c9e84984e42b683f,3650ac1c004988b83cc297e0ce650cf34b2726dc77b908fca6d589662c63bba8,P4,0.0,0.0,0.0,0.0,0.0,180685423.39662766,NONE,NONE,R2,0,0,0,0,0,0,0,0,1,False,False,False,False,False,True,False,False,False,False,False,Q[NONE]|F[Crackers],1221597252.8364685,1221597252.8364685,0.0,3764525.8698526523,4958274.062772541,8722799.932625193,h09,5,Katrina,1212874452.9038432,10415105.922813283,1202459346.98103,1736546724.61558,145410619.4488063,1.0,0.0,0.0,145410619.4488063,10400000.0,9557344.06438629,1716589380.5511937,f541ae4afbdc2f2ae1ae53ea2cf01311bc425fa36d4c36d594d697b815cdc9ad
LA-0772,772,5e6d76642ba7b031db28d75aad1f8bc892fc1603aac81b65f343648b8672e307,M2,A1_FINAL_NO_MEMORY_V1,PASS,896121e2b8c04228230219044b9309b498b9653e1b4573596436f9879f599c7d,b588c36a6d1d04ebae0ed2088a17495008462958888a22f43b1ec84d6cd45ac5,d30a0c36b1b3b04ab083a4f10bfe185fe6554f5c37f4a7596635a93eb746aa9b,P1,19485399.10340721,452081.912885792,0.0,0.0,0.0,0.0,NONE,NONE,NONE,0,0,0,0,0,0,0,0,0,True,True,False,False,False,False,False,False,False,False,False,Q[Water+Vaccine]|F[NONE],1235733242.3203473,1235733242.3203473,19137905.85543843,0.0,0.0,19137905.85543843,h09,5,Katrina,1216595336.4649088,0.0,1216595336.4649088,1871316053.0408328,0.0,0.9999999999999974,0.0,0.0,0.0,0.0,9316053.040832654,1862000000.0,c82c2a4efdef9fb520d455370c8a8bab876107d597297419c01d7b1c55ecfa7e
LA-0773,773,352684c43c955d5fdf1b7efe1809d560e18ff6e9a14fec08d2d438ec511cdc73,M2,A1_FINAL_NO_MEMORY_V1,PASS,3a1f9dd49e7de63ac95bf378e29943807dcfe754335af92441ab28805b975d90,873c997c25e64648764dc082eee914deea399a9dbeeb2175cb0711c56b29896e,0def15c2144bbba302eef1b333ada59878d832c3b88bf3d1f0914170d89f0a9b,P1,16794948.201460715,572961.8413812658,0.0,0.0,0.0,0.0,NONE,NONE,NONE,0,0,0,0,0,0,0,0,0,True,True,False,False,False,False,False,False,False,False,False,Q[Water+Vaccine]|F[NONE],1229415026.048705,1229415026.048705,19137905.855438434,0.0,0.0,19137905.855438434,h09,5,Katrina,1210277120.1932666,0.0,1210277120.1932666,1871202546.7122965,0.0,0.9999999999999977,0.0,0.0,0.0,0.0,9202546.712296396,1862000000.0,0508a3fbf441e64431b06570fc0eb16ca7c0ed7ed56228d45172abcb5f23c1b4
LA-0774,774,0c98ebc644844d7ca0172872306d87c11039cd5d0dd7f629de88cecc21bb4875,M2,A1_FINAL_NO_MEMORY_V1,PASS,e7b2bc638e0b6b503eb46f6ccea8bdf05d34986732dd273d00f5451d7962e5ad,9ab9f2d49eae8e4257629d6b677db573d3972dbac0611d634d3021d52dd7efb8,cfb662b2e038cf347fb953995605ec7a4c4660542c042a8dfe1c763ee2c9fc04,P4,0.0,0.0,0.0,13959075.888381762,0.0,75064613.43632872,R0,NONE,R0,1,0,0,0,0,0,1,0,0,False,False,False,True,False,True,False,False,False,False,False,Q[NONE]|F[Water+Crackers],1228199015.5559871,1228199015.5559871,0.0,4889014.511005849,0.0,4889014.511005849,h09,5,Katrina,1223310001.0449812,14248891.34443263,1209061109.7005486,1815631580.3548002,66325763.70958607,1.0,10400000.0,0.0,55925763.70958607,0.0,9557344.06438629,1806074236.2904139,bb644a8a0833391a54c34250846037c662732e281ac2534c33943a260b78a3d9
LA-0775,775,a5407d055a6ce8b5d8bb311a59e4e375579876ceccb3e5820a86f856113f2909,M2,A1_FINAL_NO_MEMORY_V1,PASS,9560798f677178920d0a7047bf452aec26d6c30dafdb6e4d21b8e249c6ed5fe7,5433fe9dd63b313a56aecf83519175822fb7bf0ffe29fd1aadd34597c065ff57,30b3052a65f363a34909e1e421f267e8a7ee40fec6cbbb9ba6bfce819d1f0979,P4,0.0,0.0,0.0,18440236.094556972,0.0,50517295.09120874,R0,NONE,R0,1,0,0,0,0,0,1,0,0,False,False,False,True,False,True,False,False,False,False,False,Q[NONE]|F[Water+Crackers],1238483778.0235941,1238483778.0235941,0.0,5386345.705568482,0.0,5386345.705568482,h09,5,Katrina,1233097432.3180256,13751560.149869997,1219345872.1681557,1843066392.7417161,38890951.32267032,1.0,10400000.0,0.0,28490951.32267032,0.0,9557344.06438629,1833509048.6773298,683fefe11e34f3dd0ee6dbbd73d20b13dce93599d9fcefc7a0fffec133504423
LA-0776,776,cd519f7252a6e964455647d5bf4fb8e7cfff18e4952277c9a70b98850ef2c3da,M2,A1_FINAL_NO_MEMORY_V1,PASS,659a30dd1462f5f15b3f3e9bf4587d07e2b21c8534de0004e99adaf411a209ea,61b23d401204a6c81a683b91b8a03c65b10277c961150286cb0d666f7559faf8,23d6d486f777913a67a95bf62490f9a4c29fc91dc0de4176b4633b7469d7fac6,P1,14367878.229520587,682008.2634696165,0.0,0.0,0.0,0.0,NONE,NONE,NONE,0,0,0,0,0,0,0,0,0,True,True,False,False,False,False,False,False,False,False,False,Q[Water+Vaccine]|F[NONE],1221685223.8503346,1221685223.8503346,19137905.85543848,0.0,0.0,19137905.85543848,h09,5,Katrina,1202547317.9948962,0.0,1202547317.9948962,1871063681.3379364,0.0,1.0,0.0,0.0,0.0,0.0,9063681.33793648,1862000000.0,23fd93bb75832aac6a610ec94f25fdab1c10883dced8d3656e5fa4584dec9784
LA-0777,777,d4767bae67168a136de3ac42ad173e8423bac7f7786554993496edbc61a2162c,M2,A1_FINAL_NO_MEMORY_V1,PASS,4b6cfc56e97f4ce2ed72011d4f1132ed8afd3694cfac70eae27d50a6e9078b28,fd833b8283c5210dfe19b3288613b34b8bf32c8bade99bb06e088f7914964a61,29f54cb951fb9cdc52544059fef6e02492e2406479f1d910ce809ea04faf0a66,P4,0.0,0.0,0.0,0.0,0.0,362772349.35732985,NONE,NONE,R0,0,0,0,0,0,0,1,0,0,False,False,False,False,False,True,False,False,False,False,False,Q[NONE]|F[Crackers],1181870813.5558805,1181870813.5558805,0.0,7063033.782560749,0.0,7063033.782560749,h09,5,Katrina,1174807779.7733197,12074872.072877727,1162732907.700442,1630575642.4543872,251381701.60999906,1.0,0.0,0.0,251381701.60999906,10400000.0,9557344.06438629,1610618298.3900008,ba0e41425301e8d2e5cbf78bad6db80ac6123d930d026c1497fe24fe5d348fa9
LA-0778,778,2d6de0ae702702dd0db8a40e28faeb1b166521aa4fe6a25a2d05f7b2b51d49e3,M2,A1_FINAL_NO_MEMORY_V1,PASS,df245b9796c0fb82be47e5c8ef1add0bf7af4e00f1fddb184e8ccbf01e4d348e,e6d2ab251bcc494813568a65e85745b1a689ee2026f0dc64173df23789445e9e,5d7373ff162f3349b831ea7b1b1aa67f58555d29164ebb83893a2bbd6f36be90,P4,0.0,0.0,0.0,0.0,0.0,893509032.8667613,NONE,NONE,R0,0,0,0,0,0,0,1,0,0,False,False,False,False,False,True,False,False,False,False,False,Q[NONE]|F[Crackers],1153647488.5368123,1153647488.5368123,0.0,3394105.0633470705,0.0,3394105.0633470705,h09,5,Katrina,1150253383.4734652,15743800.792091405,1134509582.6813738,1555289350.7902064,326667993.27418005,0.9999999999999998,0.0,0.0,326667993.27418005,10400000.0,9557344.06438629,1535332006.72582,efdb16c639afc18b9cc15010ba131e1f8769320873839a14247fb73be4afd7e6
LA-0779,779,66b61dcd77aad2821e8b510d711ff8b12dd4f5269ae28317b27f8b5038b24b0c,M2,A1_FINAL_NO_MEMORY_V1,PASS,2aa4914533470db8e44159cd76042b2d829b37b7871be4f0ee1d44d1742f0f65,0775316bcfa511c85f669b4aed9d31d290bc5b9dd8062f3e9875e6c2116d7cef,3bf4eb7d0c71828da0af74cef385b12e769fec0d70a6906d04c1f93ad0031423,P1,14831967.322627027,661157.0907722636,0.0,0.0,0.0,0.0,NONE,NONE,NONE,0,0,0,0,0,0,0,0,0,True,True,False,False,False,False,False,False,False,False,False,Q[Water+Vaccine]|F[NONE],1223358884.3029568,1223358884.3029568,19137905.85543848,0.0,0.0,19137905.85543848,h09,5,Katrina,1204220978.4475183,0.0,1204220978.4475183,1871093748.5349152,0.0,1.0,0.0,0.0,0.0,0.0,9093748.534915175,1862000000.0,cc98dd04c7da0e9ae7c6607ec6e40a1a95ee539ad66a84b6bbf09c312b9704b4
LA-0780,780,24f5fb75be874fab46788adbdc7db9da108568504bf700ec7d7f099bed33c73b,M2,A1_FINAL_NO_MEMORY_V1,PASS,f5ddabbec33824ba1e27f58fb665a54eb29b91da3985847c670ab8c1899ecb26,a071f1d109cfb3c039b169eb9fc6392c1bc8459e49bf86c28aaef06ec226babd,6cad5a68fdb47307ce65f27e9f889617a1d35bf934d0db58ea02430d587441f2,P4,0.0,0.0,0.0,21831482.384331148,0.0,147749590.21787423,R0,NONE,R0,1,0,0,0,0,0,1,0,0,False,False,False,True,False,True,False,False,False,False,False,Q[NONE]|F[Water+Crackers],1222778762.8500125,1222778762.8500125,0.0,5349362.708111007,0.0,5349362.708111007,h09,5,Katrina,1217429400.1419015,13788543.147327472,1203640856.994574,1801172946.3759942,80784397.68839219,1.0,10400000.0,0.0,70384397.68839219,0.0,9557344.06438629,1791615602.3116078,35f142eaa92b5e7c4343261526b8715f32c550246e4ce6baa07552fcb81a9ffc
LA-0781,781,13faee16c05c65d8aa84f2b60df048492c10af908ca2b4d83c8afa9c908bc6b1,M2,A1_FINAL_NO_MEMORY_V1,PASS,ede04566faff49c68b608526478ec761b778977fe440aef705bbecb24d4fe757,f16d413a417bb6196233d044b175290be38824dd7ffbbff45c44bfd037c402e4,d70580663955061bfb9924859b5ce55d6adef63dcf3c9da961f70741f1a91173,P4,0.0,0.0,0.0,17716539.210644074,0.0,215818378.54267508,R0,NONE,R0,1,0,0,0,0,0,1,0,0,False,False,False,True,False,True,False,False,False,False,False,Q[NONE]|F[Water+Crackers],1201670859.7410731,1201670859.7410731,0.0,6279601.352242912,0.0,6279601.352242912,h09,5,Katrina,1195391258.3888302,12858304.503195565,1182532953.8856347,1744867186.9091265,137090157.15525985,1.0,10400000.0,0.0,126690157.15525985,0.0,9557344.06438629,1735309842.8447402,b8de9e3d016515c4b01c769e954c5316d88684dc41c01287778e57dfb3f7d712
LA-0782,782,63422a84780b8954d79149930efcb05d402e38e8a8b4744140c869847cc9a317,M2,A1_FINAL_NO_MEMORY_V1,PASS,ed9500d92c79dd003e8c221f063dc93228d30b62fd62bb4e28a27c5363e5d76d,56057166d24bc52e07227e5ecb21323019edceb53003dec978af67a484ee6b62,b3eea5c4dce5fb8d2096f3c27e3809fd2d6bb273efefef50894b7a5e8b3c9728,P4,0.0,0.0,0.0,0.0,0.0,289563103.9730588,NONE,NONE,R0,0,0,0,0,0,0,1,0,0,False,False,False,False,False,True,False,False,False,False,False,Q[NONE]|F[Crackers],1185229912.847266,1185229912.847266,0.0,7593599.326293939,0.0,7593599.326293939,h09,5,Katrina,1177636313.520972,11544306.52914454,1166092006.9918275,1639536107.9136953,242421236.15069103,1.0,0.0,0.0,242421236.15069103,10400000.0,9557344.06438629,1619578763.849309,f2a55b34611b2c8284a9f57cb435aaa9d26f504da82d7716b103d1279ae55cd8
LA-0783,783,b532f42ac1d1247a545abed2992d2ff15b916300c3984eab4343263b0474c9e5,M2,A1_FINAL_NO_MEMORY_V1,PASS,7c5adb5b73d812c4e1b779d08188845107d9cdabef78b2c646f6d134c0c9e14b,5a346dceaedfefd9e9ad58cfbb9da4904aae7cf9f7f3a6e26f5b017863e2f33c,412ced0dc086cd428635c237d93efb470604131947c7c49785af71079f177f22,P4,0.0,0.0,0.0,14691248.165260145,0.0,89848727.9023652,R0,NONE,R0,1,0,0,0,0,0,1,0,0,False,False,False,True,False,True,False,False,False,False,False,Q[NONE]|F[Water+Crackers],1225320480.3978133,1225320480.3978133,0.0,6836621.992484818,0.0,6836621.992484818,h09,5,Katrina,1218483858.4053285,12301283.86295366,1206182574.5423748,1807953029.4633844,74004314.60100187,1.0,10399999.999999996,0.0,63604314.60100188,3.725290298461914e-09,9557344.06438629,1798395685.398998,c02b40a0ffdc6f5b06bef3363ed9ecd6506db4ca27d8013bbe09d1a285265b35
LA-0784,784,bd5fc92cb2e539865d8839cd2eb55629984c3aaa0568c074e4f9b0c7130eecbb,M2,A1_FINAL_NO_MEMORY_V1,PASS,ddd3d802eb93325dd0283864d9913caa25922cab7700b8ce242375177a73494a,9b393dfbe4923a509d37c3283784e1ba96847e42944348ce0503e70e53f1d533,7394e2fbdf8d231c665116ce0fb3abfb83d16f956f588bd177f101d06a7233a2,P1,21810902.123368423,347598.817295557,0.0,0.0,0.0,0.0,NONE,NONE,NONE,0,0,0,0,0,0,0,0,0,True,True,False,False,False,False,False,False,False,False,False,Q[Water+Vaccine]|F[NONE],1239938487.913416,1239938487.913416,19137905.85543848,0.0,0.0,19137905.85543848,h09,5,Katrina,1220800582.0579774,0.0,1220800582.0579774,1871391599.9938555,0.0,1.0,0.0,0.0,0.0,0.0,9391599.993855588,1862000000.0,201f57a6d431358ade9e728c5431472bc7560c664440002f1ce6b8eea35be12b
LA-0785,785,8e346a58426a8b8791a228ec082f2a836b5daa0cd6764def52ffff7e66d3e4e4,M2,A1_FINAL_NO_MEMORY_V1,PASS,1634b52db99e461a6ac811882f8b69180cfba3dd9c2eb6933abc0a9a45249815,af26f9384a451363f5aa99c26662a4ab00e591a53ce1d5004579585f08f50382,b20ed3049c10d5e9612bf73a043733276b7fa56c75d61b72c30b1a23a98ffdbe,P4,0.0,0.0,0.0,0.0,2732725.75251749,0.0,NONE,R0,NONE,0,0,0,1,0,0,0,0,0,False,False,False,False,True,False,False,False,False,False,False,Q[NONE]|F[Vaccine],1227241566.9455297,1227241566.9455297,0.0,1199407.6289220576,0.0,1199407.6289220576,h09,5,Katrina,1226042159.3166077,17938498.22651642,1208103661.0900912,1881079447.7775598,877896.2868264465,0.9999999999999998,0.0,877896.2868264465,0.0,10400000.0,8679447.777559843,1862000000.0,d44bec00799329403c85a24baa3e50a4ec664c7fdc1448d85506fbdb0ff5d31e
LA-0786,786,1174073a28d0c3a2e594e8b47c88e882eba16d3e0d1322847cbf623cbfca3d1b,M2,A1_FINAL_NO_MEMORY_V1,PASS,5d0bb1e570d689bb0cd47aa116254124e8a473ba2008e660ee31f43cf86615e4,b26745991d602ee624d75ca26c60585976d66278f8ad6be69cbc58faa25ec42c,84b056478ae9bf945667a5941b6aebde154d62dca91bdf570df98118a6c23f33,P4,0.0,0.0,0.0,19836655.36556331,0.0,366871207.09315467,R0,NONE,R0,1,0,0,0,0,0,1,0,0,False,False,False,True,False,True,False,False,False,False,False,Q[NONE]|F[Water+Crackers],1177058567.6564925,1177058567.6564925,0.0,5557462.768068279,0.0,5557462.768068279,h09,5,Katrina,1171501104.8884242,13580443.087370198,1157920661.801054,1679213398.8047185,202743945.25966796,1.0,10400000.0,0.0,192343945.25966796,0.0,9557344.06438629,1669656054.7403321,c5df5aac1caae61ffa3846efc4e0df2fa64a8f4aa703da1378bcec611d5cafe8
LA-0787,787,c07770a6a5daf4bfdff983037c9831ee79d17e09ffdffb14cdf87cb7e253a835,M2,A1_FINAL_NO_MEMORY_V1,PASS,7435a54e57383c66302f118d3fe1811138784226777041c88ce12c9ad255eeaa,43cf440f6a9aefbdfa19e1b8dfd739baa7b014a90edbbd6fee55ee04619f7a88,6df6e6b38346b2c9b16fef38439910667cf229d121f81a1eddd6b17489dce812,P4,0.0,0.0,0.0,0.0,0.0,398700814.7302376,NONE,NONE,R0,0,0,0,0,0,0,1,0,0,False,False,False,False,False,True,False,False,False,False,False,Q[NONE]|F[Crackers],1149772817.1713123,1149772817.1713123,0.0,1659824.8052207415,0.0,1659824.8052207415,h09,5,Katrina,1148112992.3660915,17478081.050217737,1130634911.3158739,1544953586.3709257,337003757.69346076,1.0,0.0,0.0,337003757.69346076,10400000.0,9557344.06438629,1524996242.3065393,5cf22fce5be8b198248577211155bc9b57a8124cb702bd568346c41904c907d6
LA-0788,788,685234e4e9ac8d72f11ea72e8bc1159e58cbd33dc1a32ceadd2cc6f2cf231abc,M2,A1_FINAL_NO_MEMORY_V1,PASS,9663edd3ea432c2433feda92917fb424a96ded49c041cd22f7943dfbb9546414,837907be800a6d2d24f422f0046caa1a716a94f4b0c421bf5fa66007e8165708,b0259c2d88989a35a44677ea1266b5eef5768b0d17cea18db0023524d1b17717,P4,0.0,0.0,0.0,0.0,0.0,242773518.06267154,NONE,NONE,R0,0,0,0,0,0,0,1,0,0,False,False,False,False,False,True,False,False,False,False,False,Q[NONE]|F[Crackers],1213733765.6940775,1213733765.6940775,0.0,6716216.206156864,0.0,6716216.206156864,h09,5,Katrina,1207017549.4879205,12421689.649281612,1194595859.838639,1715570713.2455657,166386630.81882074,0.9999999999999998,0.0,0.0,166386630.81882074,10400000.0,9557344.06438629,1695613369.1811793,22647144e1d72872833674317926c35556e178367b00db6114bb25ff49dfd23c
LA-0789,789,dd409690bb74eddb2067923113a702a5d5efd305aeab1ebf4a34374bda2af1e1,M2,A1_FINAL_NO_MEMORY_V1,PASS,37e583aba58d82236a097469b53e40ea0cf6660c3c5452608a2064a69b6cf079,03e178e65e6e416400ca312b77acf66b4abf8fcfcab81154f0bb909a32feb47a,1b18dcc629964a93c18e90002fa72b59b99f61fa64add4baea8118e760fb0428,P4,0.0,0.0,0.0,0.0,1603070.123394555,0.0,NONE,R1,NONE,0,0,0,0,1,0,0,0,0,False,False,False,False,True,False,False,False,False,False,False,Q[NONE]|F[Vaccine],1212371308.855561,1212371308.855561,0.0,4291308.084985451,560642.1804257416,4851950.265411193,h09,5,Katrina,1207519358.5901499,14285955.590027286,1193233403.0001225,1880812304.5954318,1145039.4689543683,1.0,0.0,1145039.4689543683,0.0,10400000.0,8412304.595431922,1862000000.0,578d55bd77bc6f3ae62eb6569d3d9a449d315db7677f3d964a244883438b87d5
LA-0790,790,ffbebd5001c4d0038f37afa4b34f69df28a27732cd8e4b86163c2c654f09c93e,M2,A1_FINAL_NO_MEMORY_V1,PASS,699bd800b24cc4a5ed27a1fd067d73113a0aa5ba9276096b77a287d103acaa9f,8f13a59d90eeb70af0b2ba27fc026b4eb350a6d3889e54b229f30bbadb4aaaa2,16a7fd7fbb29462114bf7993094ae2cc23d193fe6205a0b2534a8c0bf0e4ee98,P4,0.0,0.0,0.0,0.0,1342144.7599287543,0.0,NONE,R2,NONE,0,0,0,0,0,1,0,0,0,False,False,False,False,True,False,False,False,False,False,False,Q[NONE]|F[Vaccine],1216500862.9756906,1216500862.9756906,0.0,7869157.529268373,3593223.5877753966,11462381.117043769,h09,5,Katrina,1205038481.8586469,7675524.738394708,1197362957.1202521,1880886491.7562563,1070852.3081299637,1.0,0.0,1070852.3081299637,0.0,10400000.0,8486491.756256325,1862000000.0,85b1ebe9148817448186ab2e0c062f89237c692a3300384db01f92d23e8ed6fb
LA-0791,791,974c0523ed42b48d695bec3664fbe5aa70e6485628d8c74806de9399eec7942c,M2,A1_FINAL_NO_MEMORY_V1,PASS,6f681e928bbcc13240b7fa4c6ba09c2c60c76537d4c733c546eed98973aa43cd,f502420e963247067d257f3dc5e005c1c4b67247fac4b7521599307df2d0de1f,ee57866620bd10b34c93a5d8874e69d52739b4cc7539c978872543ad7ac7e9a7,P4,0.0,0.0,0.0,0.0,0.0,211802815.97359008,NONE,NONE,R0,0,0,0,0,0,0,1,0,0,False,False,False,False,False,True,False,False,False,False,False,Q[NONE]|F[Crackers],1211976443.4665885,1211976443.4665885,0.0,7993058.559154082,0.0,7993058.559154082,h09,5,Katrina,1203983384.9074345,11144847.296284396,1192838537.61115,1710883020.5772748,171074323.48711157,1.0,0.0,0.0,171074323.48711157,10400000.0,9557344.06438629,1690925676.5128884,6c4f31d69b5c1af3e91e77c56104b09d7c4178492a43ba4bcedd22de4fc13da4
LA-0792,792,eca1094e8a93d953c7b9ca4d4c4f09c9bf1da2081e20536c4902dbcef0ff14d3,M2,A1_FINAL_NO_MEMORY_V1,PASS,b9e211889d1f8b865b910c650a2e58e466f28d9d673b48b6ad8750b61c77b156,e95ed2f6e874e52efd6441346f8a69c486393d564ac50130e1113cd5d552bbbe,81b3b2def161dd09ed5f9e4386b12b2602991640a6ca5c40d81248f3d453dd8b,P4,0.0,0.0,0.0,0.0,0.0,186434292.49489686,NONE,NONE,R0,0,0,0,0,0,0,1,0,0,False,False,False,False,False,True,False,False,False,False,False,Q[NONE]|F[Crackers],1239552632.3658717,1239552632.3658717,0.0,5897054.954713495,0.0,5897054.954713495,h09,5,Katrina,1233655577.411158,13240850.900724983,1220414726.5104332,1784443063.522439,97514280.5419473,1.0,0.0,0.0,97514280.5419473,10400000.0,9557344.06438629,1764485719.4580526,8f984744df571f4ca190d862b709a9c2a3c78546325daabbb5a83ad62f61c8dc
LA-0793,793,5baae0039e1476b3799f9656e10b5353f1dae7e8f21eb6a57a77d9b280a0a6ba,M2,A1_FINAL_NO_MEMORY_V1,PASS,e43d2a189b275bb2c83d1884c4a8790ded186c9d437cbecc05714e74b4c72451,bd0c608052ce5ad1fb02865952150ce8531b1b3d3f3f4987af7a1b8bb05aefdd,6210c06ba58dae2262c375adefe2f6fced153ce2eb277657bcb4f7d71ee66f62,P4,0.0,0.0,0.0,0.0,2195192.510790941,0.0,NONE,R0,NONE,0,0,0,1,0,0,0,0,0,False,False,False,False,True,False,False,False,False,False,False,Q[NONE]|F[Vaccine],1210657317.9439275,1210657317.9439275,0.0,4093444.3720499678,0.0,4093444.3720499678,h09,5,Katrina,1206563873.5718775,15044461.48338851,1191519412.088489,1880781512.8644814,1175831.1999049555,1.0,0.0,1175831.1999049555,0.0,10400000.0,8381512.864481334,1862000000.0,0f862232e5b41f3a40dfec502448397da8516928767ec2fb49c0aa78b1ae1635
LA-0794,794,d0d85f9cd66da153740509f79b919ee666f8bfe331d90a70e9bb78669a2f49b6,M2,A1_FINAL_NO_MEMORY_V1,PASS,7e7cad169c35898677f4787bc2634b4f059c48cf4d53d80a04d0e6b6c4d67a32,05fcdf5058840f3550f92e88682d7fe87e00b7d6aae4788e8fe649deefe6da8b,7729d1f212aeb6cc6a707c901d469c70ece026b249d1dc0496a702342851d95b,P4,0.0,0.0,0.0,0.0,0.0,214146763.36272946,NONE,NONE,R0,0,0,0,0,0,0,1,0,0,False,False,False,False,False,True,False,False,False,False,False,Q[NONE]|F[Crackers],1236234805.4347498,1236234805.4347498,0.0,4885423.545170229,0.0,4885423.545170229,h09,5,Katrina,1231349381.8895795,14252482.31026825,1217096899.5793114,1775592692.920855,106364651.14353138,1.0,0.0,0.0,106364651.14353138,10400000.0,9557344.06438629,1755635348.8564687,fad76ee8b2436a8ab531fa5f57f91257f7971315a80c84d6f14f57cdbbc2bb77
LA-0795,795,1bd621fc53d7a860dcafa58d8063124d573a69bf2582be6d9cb20a37923fb75a,M2,A1_FINAL_NO_MEMORY_V1,PASS,2eb315c8f81de05a120aa85ea41fcb87537f2daa1ac5b272bbaf15e9c3f47ee3,fbee60ac2c94cf1129f3fd5a25ae9ca481f6f6e0dfbfe41a115bbfd3e2d7b904,2fb41103e5980421101dbf966ad190ea19fb546d6a5191000e25307e13b1a7f4,P4,0.0,0.0,0.0,0.0,0.0,631157212.2196549,NONE,NONE,R0,0,0,0,0,0,0,1,0,0,False,False,False,False,False,True,False,False,False,False,False,Q[NONE]|F[Crackers],1189018854.6260755,1189018854.6260755,0.0,1702119.4526201414,0.0,1702119.4526201414,h09,5,Katrina,1187316735.1734555,17435786.402818337,1169880948.770637,1649643186.9224703,232314157.14191613,1.0,0.0,0.0,232314157.14191613,10400000.0,9557344.06438629,1629685842.858084,c1ab1320729a04dbeae93bbaafbc4b2924b844e9e8259f0ab18429bea14ba2c8
LA-0796,796,779e6284d44a3658415e422f28cf8b3c5c70805e76037da02a6cd105161b0ad3,M2,A1_FINAL_NO_MEMORY_V1,PASS,de77ae8d232826c8c80fc66e8ffc6fc533822199adade8b100214199738b0696,1b23f692fce7cde989377e350964f2b581d989454edefd1c647912626e58706a,8d48fe0ca66a1baa3ec1ad233868f21d7c17bfa237e753f6e8b19281b8c4b46e,P4,0.0,0.0,0.0,0.0,0.0,201542251.53129143,NONE,NONE,R0,0,0,0,0,0,0,1,0,0,False,False,False,False,False,True,False,False,False,False,False,Q[NONE]|F[Crackers],1224018700.2211683,1224018700.2211683,0.0,5854590.837551169,0.0,5854590.837551169,h09,5,Katrina,1218164109.3836172,13283315.017887307,1204880794.3657298,1743005984.6046429,138951359.45974356,1.0,0.0,0.0,138951359.45974356,10400000.0,9557344.06438629,1723048640.5402565,60066926c9c11dbab1f2b193d266330e66a9da10bc45561e483294cdfe69d108
LA-0797,797,8f7c6ae29d642bf5d4f78f54c33031c0ad82475f94c87de3039e65618b18f23a,M2,A1_FINAL_NO_MEMORY_V1,PASS,ef63d1e234ea679cafd82500bc3fbaab18fe79bb6afede73859438053539e725,43294dff886fd366034050ad7b229c41e50e988ca5e3f20fe88ec573aee7cf0c,de1cabe39f4b60fef2ca73eb68f3e6a0aeb71e96a1b5a1d66fe79274b16ea0fd,P4,0.0,0.0,0.0,24958424.52686314,0.0,56046356.79498054,R0,NONE,R0,1,0,0,0,0,0,1,0,0,False,False,False,True,False,True,False,False,False,False,False,Q[NONE]|F[Water+Crackers],1240409472.309592,1240409472.309592,0.0,8667647.60161476,0.0,8667647.60161476,h09,5,Katrina,1231741824.7079773,10470258.253823718,1221271566.4541535,1848203221.289512,33754122.774874374,1.0,10400000.0,0.0,23354122.774874374,0.0,9557344.06438629,1838645877.2251256,85a51df31796ff4736913691a7ec843f465f56dceb356a655a683834299f906a
LA-0798,798,b3066e2f289fd9405550c5f50b21b7917edd3dcb6b1ec139f1e93ba778d96dfe,M2,A1_FINAL_NO_MEMORY_V1,PASS,7fbf0637c998e912727e5b56cdafe30b4ee3669fd1cc8f89123cc36d0322afeb,ae0be66302a93a553be3dade9e574282e96120356bd6e746478301d49bd93aa7,e29a34b939f29bb77309535e85feb7f4cc936a2f4981093e19ba1f4d12b6da56,P4,0.0,0.0,0.0,0.0,0.0,333909633.12908524,NONE,NONE,R0,0,0,0,0,0,0,1,0,0,False,False,False,False,False,True,False,False,False,False,False,Q[NONE]|F[Crackers],1223884525.5635636,1223884525.5635636,0.0,2924.672791215356,0.0,2924.672791215356,h09,5,Katrina,1223881600.8907723,19134981.18264726,1204746619.708125,1742648070.9853384,139309273.07904795,1.0,0.0,0.0,139309273.07904795,10400000.0,9557344.06438629,1722690726.920952,fe97fa7c726e9aa3ef25f47db9059628f1fd0829fa947c717efa9ee2739201ad
LA-0799,799,2b823709ce852b2d6e351887370c0475a4e8be187eeb3c861d58db177f62805a,M2,A1_FINAL_NO_MEMORY_V1,PASS,855ff1413df9acf34739ee25672dcb1d6839858b16fa5c1bff858286e48bfe25,5c86b1d715faf5e079d97fb09f58fec0767b73555ab06962c0e8da32553e027c,64bd5c41a509b5cc85d7ccb19a84a516961c892d70edff618a90b9d4b8ed065b,P4,0.0,0.0,0.0,19690894.939454768,0.0,178901524.31960437,R0,NONE,R0,1,0,0,0,0,0,1,0,0,False,False,False,True,False,True,False,False,False,False,False,Q[NONE]|F[Water+Crackers],1213742374.6864603,1213742374.6864603,0.0,7870210.584157551,0.0,7870210.584157551,h09,5,Katrina,1205872164.1023028,11267695.271280928,1194604468.8310218,1777068197.7536294,104889146.31075697,1.0,10400000.0,0.0,94489146.31075697,0.0,9557344.06438629,1767510853.689243,919edb5f127d34fd40a72815e457cdcfba46c44d2b7b8c51f8f6f047460430e7
LA-0800,800,ff13f8d0dba72ef747962df03f8dcb74640d3949112a9474ed7f575d1b65b818,M2,A1_FINAL_NO_MEMORY_V1,PASS,17bd49f40ba52a01daa94bb0f79246b6103f4d76040a3c71188a3452089e1dc8,5850a547ae4aaf5f876b641cb389557f8c0ed8af171a7142f226ff38fd1673a2,7cc69b5bde11bbfafb7a4611bbb99caa5b7d446a61238579921bc96d72722a4f,P4,0.0,0.0,0.0,13367466.762139332,0.0,138332685.04887038,R0,NONE,R0,1,0,0,0,0,0,1,0,0,False,False,False,True,False,True,False,False,False,False,False,Q[NONE]|F[Water+Crackers],1208818389.6619143,1208818389.6619143,0.0,8807977.20138262,0.0,8807977.20138262,h09,5,Katrina,1200010412.4605317,10329928.654055856,1189680483.8064759,1763933367.875946,118023976.1884404,1.0,10400000.0,0.0,107623976.1884404,0.0,9557344.06438629,1754376023.8115597,66a3e4d1152e0a4908323840da0882acc3dcadd0021e8459672a7c756a6f64ca
LA-0801,801,130a8d9f0997de4ffc8bbffec49a40055721c06682ace8ccfd95478fb4eb5ea8,M2,A1_FINAL_NO_MEMORY_V1,PASS,ba64d3805c53bdd4c1ab9fb57c2ef50e7194ca96ec1b316d62f869a88c414708,08613b4caec3643581f18e29522cbedd3bcd04641a88153f8898a49847c392fe,ee1b0bc3e1a417ef2282b5dbb204ef1ceabf42cf6cd5da88d850fe9eb6ddacd2,P1,13919943.04435833,702133.653274666,0.0,0.0,0.0,0.0,NONE,NONE,NONE,0,0,0,0,0,0,0,0,0,True,True,False,False,False,False,False,False,False,False,False,Q[Water+Vaccine]|F[NONE],1219963979.723139,1219963979.723139,19137905.85543848,0.0,0.0,19137905.85543848,h09,5,Katrina,1200826073.8677006,0.0,1200826073.8677006,1871032759.3034582,0.0,1.0,0.0,0.0,0.0,0.0,9032759.303458259,1862000000.0,1ec8770486220b200d156c668cfbda8a2e489c1fb0f6cfb5df8c3b7ddcb665c4
LA-0802,802,08d200d068730669000640f9037f4ea66dcff16c72d21874b825ba042565721f,M2,A1_FINAL_NO_MEMORY_V1,PASS,81547325be31dd211a211a925210555388eeeb5e46be9e0fbc81f08c5281ce36,da223cdfa2b470b81c36af832a8aea97cd5aa8e81eb2840b7c8398688c2572d1,14850fcbb4039461ac3473e5167138bad44c78f72304891cf1224949e7c0fb9b,P4,0.0,0.0,0.0,12280877.45567742,0.0,64808565.87198676,R0,NONE,R0,1,0,0,0,0,0,1,0,0,False,False,False,True,False,True,False,False,False,False,False,Q[NONE]|F[Water+Crackers],1228589997.4005196,1228589997.4005196,0.0,5078928.578451205,0.0,5078928.578451205,h09,5,Katrina,1223511068.8220685,14058977.276987273,1209452091.5450811,1816674532.3515255,65282811.71286092,1.0,10400000.0,0.0,54882811.71286092,0.0,9557344.06438629,1807117188.2871392,0bba87072353f21bbd16404ae0a8e66fc0e3589a55b6c7e233781485fe99e3da
LA-0803,803,6fab487f0e10f651a0bddc12ba6823cef3f62e8a9cc929292030385a0f8776dd,M2,A1_FINAL_NO_MEMORY_V1,PASS,68b76a8a6e2fdabaeb8f1ab8a44d9b5697be9c37f3616a13ed13f9813b210b50,271ffde7009436b2b69bb211786bdf3c98f2a92fc35ca51c5846fd6c3f567cba,52be84c72c99da32ed8cc9a791ce0cc02fca980005653052cf914565558391f7,P4,0.0,0.0,0.0,0.0,0.0,534173843.99826574,NONE,NONE,R0,0,0,0,0,0,0,1,0,0,False,False,False,False,False,True,False,False,False,False,False,Q[NONE]|F[Crackers],1196349260.8235512,1196349260.8235512,0.0,5717317.313129113,0.0,5717317.313129113,h09,5,Katrina,1190631943.510422,13420588.542309362,1177211354.9681127,1669197194.064691,212760149.9996952,0.9999999999999998,0.0,0.0,212760149.9996952,10400000.0,9557344.06438629,1649239850.0003047,964df43d3234ae3859c38915b70ac9335dcd4a7247001f7224dbc701412ff979
LA-0804,804,9ab69d62c2bfa3180d5e4cebce0d5f7b64074f26b8f1b63bebed584510dbdaf4,M2,A1_FINAL_NO_MEMORY_V1,PASS,29ba35f04583858adf5970ef96d02c1eb7ccd0653ce01ba654cd76b636da7b30,946f81043546831422d98ff5451cc488f68bc7edf9f47249db9528756c20a583,b88b28ee727ea793687207e5c08f222fd00ec5275df57f5858b5028548769fc1,P4,0.0,0.0,0.0,12888658.119535575,0.0,128098814.8325211,R0,NONE,R0,1,0,0,0,0,0,1,0,0,False,False,False,True,False,True,False,False,False,False,False,Q[NONE]|F[Water+Crackers],1210415241.0801337,1210415241.0801337,0.0,2603392.1012462135,0.0,2603392.1012462135,h09,5,Katrina,1207811848.9788876,16534513.754192265,1191277335.2246952,1768193001.4072607,113764342.6571256,1.0,10400000.0,0.0,103364342.6571256,0.0,9557344.06438629,1758635657.3428743,55571069f43ff74c8f72932b13a9474dc11151d5a560eaebbc6455ff8aa1562f
LA-0805,805,f156cefb18635c4c57ed918a8d78e6812f4f02183bcb19658dc3c20c5a377907,M2,A1_FINAL_NO_MEMORY_V1,PASS,d0518a6773a44fa69c78f1c33b4b1f209e7c21ae4a3fad2a774412bfe845d21d,0b8865b03b7921e5ebf16f618eb085ad4ee7705447452d32df256577e2feeec7,988af0eb75359b1b40adfb2b91bd38ffa27b2076d25bbdb9aad12dede1f30dd8,P4,0.0,0.0,0.0,0.0,0.0,110921239.17085753,NONE,NONE,R2,0,0,0,0,0,0,0,0,1,False,False,False,False,False,True,False,False,False,False,False,Q[NONE]|F[Crackers],1239803426.433088,1239803426.433088,0.0,3850349.2870012834,3128610.2633188013,6978959.550320085,h09,5,Katrina,1232824466.882768,12158946.305118391,1220665520.5776496,1785112061.7811255,96845282.28326094,1.0,0.0,0.0,96845282.28326094,10400000.0,9557344.06438629,1765154717.7167392,7e5c8216556b2de02f6b3994ef3d11195f52441ade45cdb6c20b08ae977c3b8d
LA-0806,806,e494b69bb75679d4263548470ffe118c7a283a677dd94efc44719a09f764b700,M2,A1_FINAL_NO_MEMORY_V1,PASS,e553196ced965e4b46a18466c4ddd113042c3b29bc9313d4bd06663c05a0ce01,a85165034ddeb1a8a5d9515cbb57678c616a9c571044386051ca7601c1a23017,48028c46878b3b716a85f4f929b54f942b2f93018db27b5706097af666ea8dd2,P4,0.0,0.0,0.0,0.0,0.0,441887098.04781306,NONE,NONE,R0,0,0,0,0,0,0,1,0,0,False,False,False,False,False,True,False,False,False,False,False,Q[NONE]|F[Crackers],1201864282.3130262,1201864282.3130262,0.0,5092083.1568486,0.0,5092083.1568486,h09,5,Katrina,1196772199.1561775,14045822.698589878,1182726376.4575877,1683908625.694746,198048718.36964047,1.0,0.0,0.0,198048718.36964047,10400000.0,9557344.06438629,1663951281.6303596,7ff9bdf71b48e19aae80a380814c53b32bb6c13266e5bc30a83e41737e9d4b38
LA-0807,807,ae31859720c70e0d7ddc33ef4c0116d1b1e34af5de49fcd2c4ed4c389f627b03,M2,A1_FINAL_NO_MEMORY_V1,PASS,786edb8f22351c915499f86f7a2560e63ee3fa4f011ac86431b8dc2f1ea6f04c,311f52abdf8dfdfb6bec84fca4fe946e4f3c06f0cbb92fa559b9684207818812,228791ae51cc96c4d770ac2e5a52b4dd75fd427f468f83184677e60ed076e9f5,P4,0.0,0.0,0.0,20411629.424875688,0.0,64259425.66689412,R0,NONE,R0,1,0,0,0,0,0,1,0,0,False,False,False,True,False,True,False,False,False,False,False,Q[NONE]|F[Water+Crackers],1236890503.8349268,1236890503.8349268,0.0,7144677.72572601,0.0,7144677.72572601,h09,5,Katrina,1229745826.1092007,11993228.129712468,1217752597.9794881,1838816301.542752,43141042.5216344,1.0,10400000.0,0.0,32741042.5216344,0.0,9557344.06438629,1829258957.4783657,a31e3845734a9ed23771721ebce20ebaefa01020e5a06cbd0945dc3601ac649f
LA-0808,808,0683fb44f7456ecc78ce87deb1e44286aa4dd14dd50d42cce53bccc10630a436,M2,A1_FINAL_NO_MEMORY_V1,PASS,65a5d5082aab970a5b78f3178f5c99e655f47f8f5ed88466b067bdd976eca755,1849bdbf39170db3092e80d13db423cf8a15d2a0d1088569eda421819c28fb3b,51708132d53cddae03d41624e107bf9e9de28a9ec32d8910168daef79f095663,P1,18859833.359036155,480188.1096552935,0.0,0.0,0.0,0.0,NONE,NONE,NONE,0,0,0,0,0,0,0,0,0,True,True,False,False,False,False,False,False,False,False,False,Q[Water+Vaccine]|F[NONE],1234425015.0638595,1234425015.0638595,19137905.85543843,0.0,0.0,19137905.85543843,h09,5,Katrina,1215287109.208421,0.0,1215287109.208421,1871292550.826538,0.0,0.9999999999999974,0.0,0.0,0.0,0.0,9292550.826538175,1862000000.0,12ec81e1d367e163022731c0279bdb32fb529880c3a7ad1439bf8d1dbe2e967d
LA-0809,809,69b46bd9f5f9e4910363194ac5e5f9b9bc743b44edede2beece0be0d4bd40dde,M2,A1_FINAL_NO_MEMORY_V1,PASS,0d6a17f10081af04249721e143a326c51c59654431944cb043964c187c3bbf98,4fb94726b57bdf909bed24c9299967dfa9c050772d44aec691b82e21c29f82ea,484d5c61875585e5291d7ade90e946c88af32188181ed35e8add6f3da749b50e,P4,0.0,0.0,0.0,0.0,1200284.9718222173,0.0,NONE,R0,NONE,0,0,0,1,0,0,0,0,0,False,False,False,False,True,False,False,False,False,False,False,Q[NONE]|F[Vaccine],1228459350.4974391,1228459350.4974391,0.0,1941443.448877629,0.0,1941443.448877629,h09,5,Katrina,1226517907.0485616,17196462.40656085,1209321444.6420007,1881101325.176811,856018.8875754144,1.0,0.0,856018.8875754144,0.0,10400000.0,8701325.176810876,1862000000.0,c79d32ae151db3a6607bc1486a8ae7fd4c2fbfd870383aff26ef7c3325b8cacd
LA-0810,810,02548da34bb70fbd57dc90a9a0442b4f0c84561dce7c69578872ec000c1ee761,M2,A1_FINAL_NO_MEMORY_V1,PASS,adcecf6a1e0c20b74496774a5cf34c5dbe53af69faa81acedbd2c182e95af558,e8d62a146b68dc7176c718af829585e6a36e61bba9db24b7e1eb4e930faa52df,f93f766f1b3f39b6ae78b17f6bdc113bf382066fb4b6d08c5dabf8e26c967d24,P1,15617139.94355356,625879.8774971446,0.0,0.0,0.0,0.0,NONE,NONE,NONE,0,0,0,0,0,0,0,0,0,True,True,False,False,False,False,False,False,False,False,False,Q[Water+Vaccine]|F[NONE],1225963971.5703118,1225963971.5703118,19137905.85543848,0.0,0.0,19137905.85543848,h09,5,Katrina,1206826065.7148733,0.0,1206826065.7148733,1871140548.7517045,0.0,1.0,0.0,0.0,0.0,0.0,9140548.751704395,1862000000.0,3631f73c084de4d7e53c7bbb14966b4b7f8e4e73a3edc3669f50334960a890ac
LA-0811,811,312297d7ffeb4cd6ed51258762dbdb3024fb17d65df4453dadcb169489869a9e,M2,A1_FINAL_NO_MEMORY_V1,PASS,62526f5aee383b8ab5de50546de4cf81343589009dbafd2337da66bcd2e1ec8e,48bf4a0038461840a536381f3f2ae571dcf3d2d0992f866ab510aaad210721c6,54b9362c46b4a7db21ced34f5799b5482fd83db50b575e1a8fc7926a556be070,P4,0.0,0.0,0.0,0.0,0.0,259911282.07970685,NONE,NONE,R0,0,0,0,0,0,0,1,0,0,False,False,False,False,False,True,False,False,False,False,False,Q[NONE]|F[Crackers],1207878884.8068366,1207878884.8068366,0.0,6188274.516660547,0.0,6188274.516660547,h09,5,Katrina,1201690610.2901762,12949631.338777931,1188740978.9513981,1699952699.7819486,182004644.28243786,1.0,0.0,0.0,182004644.28243786,10400000.0,9557344.06438629,1679995355.7175622,a1a7bb120a5b4622c0c5ec4fcd8ee69e5e16f1ccf4fe6bce91389551ddac7a87
LA-0812,812,bcbc89e6952ba2c7f23dfdf3868686586ad95f5505a9aefb9f98a9bdcce2d7bf,M2,A1_FINAL_NO_MEMORY_V1,PASS,c8857b97f6153de134491a2f5d86f78db7828a784e038b9fd4a1779dc4408db0,dbfd5efe9adc735c2d5779cf43258cf2b00296fee54009a9195e096379a68b57,1f33e5e66048a5df7e12545bc02e6bdd1e59be55433e2f20827ed6abeaf80918,P4,0.0,0.0,0.0,11325673.695104828,0.0,34400584.07478731,R2,NONE,R2,0,0,1,0,0,0,0,0,1,False,False,False,True,False,True,False,False,False,False,False,Q[NONE]|F[Water+Crackers],1237322402.453883,1237322402.453883,0.0,5100790.969057893,3435744.333622427,8536535.302680321,h09,5,Katrina,1228785867.1512027,10601370.552758157,1218184496.5984445,1839968399.864765,41988944.19962155,1.0,10400000.0,0.0,31588944.19962155,0.0,9557344.06438629,1830411055.8003786,f96c730aa78fd711e583709ec61ca5e22315873f74e690e69725b764f2484829
LA-0813,813,92281bbc6a8ec9104aa6945558937cc9273fee3e3871716dd43e77ceca8869d5,M2,A1_FINAL_NO_MEMORY_V1,PASS,29cb33b58cd899f039c1ef14f9efdf5a922a706e6c9b35ad04b3104b5ed77e54,7fb39f2429e8878ab2945e3bdea3b17543f43af3219d880b97aad4dfa6c2e208,29798da5724cbcb76580d810d071ae61c2c7a4f2507990faae7da04c59e20c44,P1,14990166.86098433,654049.304909748,0.0,0.0,0.0,0.0,NONE,NONE,NONE,0,0,0,0,0,0,0,0,0,True,True,False,False,False,False,False,False,False,False,False,Q[Water+Vaccine]|F[NONE],1223905720.6526835,1223905720.6526835,19137905.85543848,0.0,0.0,19137905.85543848,h09,5,Katrina,1204767814.797245,0.0,1204767814.797245,1871103572.4130003,0.0,1.0,0.0,0.0,0.0,0.0,9103572.413000233,1862000000.0,af00d7b478d2cf635ae2909e66be009f1f7e74d7eb4f0ddd24ebb060ad34dd26
LA-0814,814,40c804a4dfd5fd80fb434378b2ece88893d2f079a5368913575cd0db54d7c969,M2,A1_FINAL_NO_MEMORY_V1,PASS,9ecaf87f1be4d8841ae5bce979585b80b4a1b497d8ccd5914e44eb46bb5d765e,b712d36ea31108a355f1d0d04c024bb222825461a1bf2e5771331adaffb33f7e,0a1dd6a8fba385fa8227ebc3cdf572d163ada6ca9eeca33e3b0b00bcdf1fd471,P1,16352403.787141168,592845.0279208618,0.0,0.0,0.0,0.0,NONE,NONE,NONE,0,0,0,0,0,0,0,0,0,True,True,False,False,False,False,False,False,False,False,False,Q[Water+Vaccine]|F[NONE],1228176645.8955712,1228176645.8955712,19137905.85543848,0.0,0.0,19137905.85543848,h09,5,Katrina,1209038740.0401328,0.0,1209038740.0401328,1871180299.2964957,0.0,1.0,0.0,0.0,0.0,0.0,9180299.296495631,1862000000.0,be2cf724982e7deb7f06115d45dc6f56f52d8bb3316d83ec66e277560cfea9dd
LA-0815,815,47130ec179402d557d1d06494f2e951c7c4d952a0aca31958068027ec49dcb62,M2,A1_FINAL_NO_MEMORY_V1,PASS,8e7874f13409292b1a41d0240a3e3f5dfd7131e13632d0251e762bca627f5ce9,9ea72469cabb1b9857304231e8c0439816efa5c0735d79ed82f7d8dd70a2f9ab,8d76abeeb957d8199b2f51caf0b18536f7a555c893f5b7fd762cb77ee6d3a804,P4,0.0,0.0,0.0,22193422.45472258,0.0,181820702.2626387,R0,NONE,R0,1,0,0,0,0,0,1,0,0,False,False,False,True,False,True,False,False,False,False,False,Q[NONE]|F[Water+Crackers],1217223748.8238902,1217223748.8238902,0.0,9429845.649215251,0.0,9429845.649215251,h09,5,Katrina,1207793903.174675,9708060.206223225,1198085842.9684517,1786354833.843658,95602510.22072834,1.0,10400000.0,0.0,85202510.22072834,0.0,9557344.06438629,1776797489.7792716,bb45df941a0b975c2b98b9eb38ff5f74d3a1df184dc868b3485087b2fb8875c6
LA-0816,816,af0227d8c7fb016984aacc037bd180901f98dff0e53e6bb46f414d29acce3b5b,M2,A1_FINAL_NO_MEMORY_V1,PASS,f3fe3424d384e1e0c1339b362eb1b56ca6c7b2f1effcd10a5d9ab514a30a9c64,eadfd30b08573056ea2f062de6bf69190bc67498af339d183638dbe95d57acc2,666603e3a1656a0cf0907a792ede587eedd071171e9da7be419af78664ab8e3b,P4,0.0,0.0,0.0,23306391.117318098,0.0,154183753.50150225,R0,NONE,R0,1,0,0,0,0,0,1,0,0,False,False,False,True,False,True,False,False,False,False,False,Q[NONE]|F[Water+Crackers],1223372217.9563267,1223372217.9563267,0.0,3570030.953337241,0.0,3570030.953337241,h09,5,Katrina,1219802187.0029895,15567874.902101237,1204234312.1008883,1802755999.9032943,79201344.16109215,1.0,10400000.0,0.0,68801344.16109215,0.0,9557344.06438629,1793198655.838908,68fb10bd69720db86e1e970899f12e981dc4997334bb2c96aff7363221a0c20b
LA-0817,817,0d177fcf62f8f686342e0eb4198aa944da022752cf463e996c08add317c17b13,M2,A1_FINAL_NO_MEMORY_V1,PASS,2eedeb40edc01f35687c7378c44074a42cfd2160447bff9df712c9c0facaa770,e4dea5acd781d29258cf465857ca4d5292d41a13d56dac2eb197ca40edaddbc7,10540389231e8d059e91d941d93eca2a992fd39a3ecbcb452a4487690254da2c,P4,0.0,0.0,0.0,0.0,0.0,203391406.9767934,NONE,NONE,R0,0,0,0,0,0,0,1,0,0,False,False,False,False,False,True,False,False,False,False,False,Q[NONE]|F[Crackers],1224211986.48314,1224211986.48314,0.0,1847522.4183477715,0.0,1847522.4183477715,h09,5,Katrina,1222364464.0647922,17290383.437090706,1205074080.6277015,1743521579.6269743,138435764.4374119,1.0,0.0,0.0,138435764.4374119,10400000.0,9557344.06438629,1723564235.562588,d6ad4b3c429acedba0c2684368562a1a9ef612fb99de8524cf0782f59da97267
LA-0818,818,eff11661a0d1ff4c2cf40202c88046cf713057dea705241e476bc8fec54053b5,M2,A1_FINAL_NO_MEMORY_V1,PASS,52264fe345fa68c1e99ee8df6083f83c35acb4463055f2714037192a41b6fe2f,17d02f891acb1ff56e08a28f8a09d0e5f535dbd99c7f852838dff78074acee06,ccc6a6ffd7742fea7ce48378212458b79d5227fef460b187b5a093d2641fde2b,P4,0.0,0.0,0.0,0.0,0.0,210452889.11117968,NONE,NONE,R0,0,0,0,0,0,0,1,0,0,False,False,False,False,False,True,False,False,False,False,False,Q[NONE]|F[Crackers],1213861691.8188837,1213861691.8188837,0.0,7790455.036738802,0.0,7790455.036738802,h09,5,Katrina,1206071236.7821448,11347450.818699677,1194723785.9634452,1715911958.776952,166045385.2874344,1.0,0.0,0.0,166045385.2874344,10400000.0,9557344.06438629,1695954614.7125657,6767b1901fe129da62731d359b36bc29ccef6d421b17fab212dffd86084cd3a7
LA-0819,819,44d02b4dd90865d3198a2f35e2a4573b642e525a76e7929933bda45f674eb656,M2,A1_FINAL_NO_MEMORY_V1,PASS,8159a199f6f6e6cdd2980bc38fa995012426bd5d7b5bd3db7b7ab5ee8f216e6a,08400c0eb087ed2b221772485710feeb2372797e4da0f8a210725ad5b36ebec6,801a4230e92c904d1fd15bd78ec5d437ccd4afbaf63e4e7768a637990875e83c,P4,0.0,0.0,0.0,24175215.908653144,0.0,190447560.2136221,R0,NONE,R0,1,0,0,0,0,0,1,0,0,False,False,False,True,False,True,False,False,False,False,False,Q[NONE]|F[Water+Crackers],1218450870.2009628,1218450870.2009628,0.0,5717164.868997577,0.0,5717164.868997577,h09,5,Katrina,1212733705.3319652,13420740.9864409,1199312964.3455243,1789628204.99462,92329139.06976628,1.0,10400000.0,0.0,81929139.06976628,0.0,9557344.06438629,1780070860.9302337,7a811f68334cce4cf196ccda2483244246056e88ca511b60dd2125ca5feacb43
LA-0820,820,aa1c00a7484e0f33ed7a8831163cf88f55dfedb23fd25ec53dd1ae18ff2c5d0c,M2,A1_FINAL_NO_MEMORY_V1,PASS,cedaa1ad425e89da845b1d84bfa802a013c5f2897405b4fb356bcb3e3059c1af,8acf30d78aa21bef9442cbf89e40ae5e86867e5cc3f7440c3ec3c00dccc230f6,43e143c2616c0fd197f9ac1b0748206350dcdec4d9f8280c517480d2c6dbbde3,P4,0.0,0.0,0.0,12476053.677534519,965959.3409032066,0.0,R0,R0,NONE,1,0,0,1,0,0,0,0,0,False,False,False,True,True,False,False,False,False,False,False,Q[NONE]|F[Water+Vaccine],1204342658.7139592,1204342658.7139592,0.0,5709196.084161975,0.0,5709196.084161975,h09,5,Katrina,1198633462.6297972,13428709.771276504,1185204752.8585207,1870752123.3267195,11205220.737666672,1.0,10400000.0,805220.7376666726,0.0,0.0,8752123.326719617,1862000000.0,89dfc55d5e57d77c8746a987ca22b231c96633f55861eabf287eb8c937a09d4e
LA-0821,821,7ec5475d5d83caf4de7b00abefb6fd0b2c83ff488529e5cbd8982eee61435cfe,M2,A1_FINAL_NO_MEMORY_V1,PASS,09a83b5f069a34f15c1073f1e7ab3f7e0828f2b9a49a54816f43c86aa59c4ac8,c5637d32ca5a3deebde022cad7d57709b84b28b7172797c177abcc2774952a86,07b611b1a5f01f57239991951e586eba220d5592e44460a49011e318b86b418c,P4,0.0,0.0,0.0,0.0,1614429.976368801,0.0,NONE,R0,NONE,0,0,0,1,0,0,0,0,0,False,False,False,False,True,False,False,False,False,False,False,Q[NONE]|F[Vaccine],1214449021.1348238,1214449021.1348238,0.0,1657839.570888281,0.0,1657839.570888281,h09,5,Katrina,1212791181.5639355,17480066.284550197,1195311115.2793853,1880849630.5561833,1107713.5082030224,1.0,0.0,1107713.5082030224,0.0,10400000.0,8449630.556183267,1862000000.0,66cdd1c15025d342284cf4102f0a1d6424cc312e909d10d49a9c6e6b162158c0
LA-0822,822,8ad932e336b432a3706e65ef3fac89afc4966ac1c4aba6ff98cbed8ddf118ae3,M2,A1_FINAL_NO_MEMORY_V1,PASS,a3566e625b8370268b2dbb443eeda325e66a95a121022f27679564c5834072e2,bba4d61219fb4d515521d3de378355a23c17f335b34529ae5b946eaf0813da72,41a81c0c8d32387770e66aacb8302377f1717a3cd4ee9d7c2c24722219c36c19,P4,0.0,0.0,0.0,27738250.732461113,1060273.5962070022,0.0,R0,R0,NONE,1,0,0,1,0,0,0,0,0,False,False,False,True,True,False,False,False,False,False,False,Q[NONE]|F[Water+Vaccine],1227036238.36566,1227036238.36566,0.0,8171181.165855518,0.0,8171181.165855518,h09,5,Katrina,1218865057.1998045,10966724.689582959,1207898332.5102215,1871159811.952253,10797532.112133102,1.0,10400000.0,397532.11213310173,0.0,0.0,9159811.952253187,1862000000.0,ebb98524a353e78fcb9ee856aedf808128f05de92983cd5e6d3aa8ea68a1a107
LA-0823,823,6f809ad11a745d82be62dae74e5bdc412b9cebba096be162e1e10af3be8563cd,M2,A1_FINAL_NO_MEMORY_V1,PASS,b5c844dcee2acfda73179a2ac67e0c021ee0cec6a78a2efe5739e07a6f46b505,b7abee03f8ba597c23e8995f0451568ced3cf59a329d0c7e9cb90fe007531cae,c8da2ffffc8d8455e0ffe2d3652f448f18ddc4ccad7fd013aab5f253bcd21ef8,P4,0.0,0.0,0.0,13752139.445547482,0.0,238972785.87866166,R0,NONE,R0,1,0,0,0,0,0,1,0,0,False,False,False,True,False,True,False,False,False,False,False,Q[NONE]|F[Water+Crackers],1181415325.3977563,1181415325.3977563,0.0,5612821.110833179,0.0,5612821.110833179,h09,5,Katrina,1175802504.2869232,13525084.7446053,1162277419.5423179,1690835138.4047608,191122205.6596256,1.0,10400000.0,0.0,180722205.6596256,0.0,9557344.06438629,1681277794.3403745,f14a57e757e89149d6669e8706580dabf6ad4b2a2f5b1dc6d55a9da633f26060
LA-0824,824,3942f6be29995dfa793bfcc6e2fc4ef04bf1df25f3d5b2c24ad373cb26ecf750,M2,A1_FINAL_NO_MEMORY_V1,PASS,c472b606e96066213eaee8396a2d00e881e070348fa2cffaa5e7d5b8a155b405,9f6fa8404ead95fdcc5db2183ded99a8a7f99b9f7ac29504dd1f1f6a8627ed14,da7b6081197a6fb807177cb9be5200699d610f3f5055c90e8ee8a2a19b441393,P4,0.0,0.0,0.0,13408666.874513764,0.0,215913445.25589976,R0,NONE,R0,1,0,0,0,0,0,1,0,0,False,False,False,True,False,True,False,False,False,False,False,Q[NONE]|F[Water+Crackers],1186384699.2763784,1186384699.2763784,0.0,2492221.5968791135,0.0,2492221.5968791135,h09,5,Katrina,1183892477.6794994,16645684.258559365,1167246793.42094,1704091043.9708667,177866300.0935196,1.0,10399999.999999996,0.0,167466300.0935196,3.725290298461914e-09,9557344.06438629,1694533699.9064803,84a4b3557d523e92b59052e7b0bc223b38d35f02998936d1c4c690545fafeaf3
LA-0825,825,c82c22a79c826fb2e653aaf3a81d4cc3ee0a057d3fc5a4280807c6b8190a18f8,M2,A1_FINAL_NO_MEMORY_V1,PASS,671320a7ec8eef40330b8593b4d107f6765f43dc8506ed0c7403091ff024cc05,21b3c612d43113cd91a7ecf5d2e3445febd85d5a30d9bb6314869c28b90bf812,6680a700fa33dcb994252ba49b783015509fb2bbfc453a52541053540e34e647,P4,0.0,0.0,0.0,0.0,0.0,315908611.4338653,NONE,NONE,R0,0,0,0,0,0,0,1,0,0,False,False,False,False,False,True,False,False,False,False,False,Q[NONE]|F[Crackers],1205472974.5578682,1205472974.5578682,0.0,575665.7898683414,0.0,575665.7898683414,h09,5,Katrina,1204897308.768,18562240.06557014,1186335068.7024298,1693534885.4174364,188422458.64694995,1.0,0.0,0.0,188422458.64694995,10400000.0,9557344.06438629,1673577541.35305,f8008c72904842666cb2095fdeeb1bf9152153d2595892d4b7c013d7709cf046
LA-0826,826,5a06f063a98ff2478975aba0dd18f084bcaaf50a7dbd390fb2a7665e8c530fbf,M2,A1_FINAL_NO_MEMORY_V1,PASS,30b7324d83dca0ab48ac04515086580c6cfdaf8d6f74209e9ecfd298b97ac7e8,622dd55db86d7e0c5443fca72685cdd780a13b27c3354a9f1818e5736d66c9ed,4078a59eea9ee846e13ef5ec80b39f869106f5cdb3caff59c43d8d0d4d345b3d,P4,0.0,0.0,0.0,25845584.93036596,0.0,99187152.90886562,R0,NONE,R0,1,0,0,0,0,0,1,0,0,False,False,False,True,False,True,False,False,False,False,False,Q[NONE]|F[Water+Crackers],1234202292.9419734,1234202292.9419734,0.0,4941536.814506862,0.0,4941536.814506862,h09,5,Katrina,1229260756.1274667,14196369.040931616,1215064387.086535,1831645444.4872854,50311899.577101044,1.0,10400000.0,0.0,39911899.577101044,0.0,9557344.06438629,1822088100.422899,da642509f97e35379dbacc2eed3747da28eee679fabcffdcff82c17910319040
LA-0827,827,a33c79939e0f5b78b9e71b6209feedc41d8dfc1f7c45b77853a03100a5dc81cb,M2,A1_FINAL_NO_MEMORY_V1,PASS,3893d26458bf867e507e1ff8523a60c1afc87df1c220bbd5a1db8a734138ff59,e15cdafdfacf448684e1b64ecf7258c7d6b0a2cfb8e23413410759573f6e4096,c2f76d43ab4e8f5695ef02b0881ae35e061a58bc2a71fe9eb07eb46537491fc9,P4,0.0,0.0,0.0,12347596.20653044,0.0,224463607.50244856,R0,NONE,R0,1,0,0,0,0,0,1,0,0,False,False,False,True,False,True,False,False,False,False,False,Q[NONE]|F[Water+Crackers],1178290109.0948436,1178290109.0948436,0.0,4134786.646370372,0.0,4134786.646370372,h09,5,Katrina,1174155322.4484732,15003119.209068106,1159152203.2394052,1682498560.5587492,199458783.50563714,1.0,10400000.0,0.0,189058783.50563714,0.0,9557344.06438629,1672941216.4943628,33deb8eaa0de05728b4dfd9056c46383ad881bc9caaf59d208c1cc80d9d08b01
LA-0828,828,17dda93be428d06ee0d31da35d52e87443ebb79c75759b3d55de7e1f30b57a07,M2,A1_FINAL_NO_MEMORY_V1,PASS,9d004cd4417f427c61758006ca35b6788d70b8cdc6aca7a0edc7e7c24079a309,0648eb7d42fab16448249e0d4acdedf4a623b445a372c5d2c81fc17bd191af95,c2e2a8a0337d185ac54e245fc76a833bd11b55416dfe7191d2fad09799287800,P4,0.0,0.0,0.0,12250569.56676092,0.0,137275422.895116,R0,NONE,R0,1,0,0,0,0,0,1,0,0,False,False,False,True,False,True,False,False,False,False,False,Q[NONE]|F[Water+Crackers],1205476470.2364147,1205476470.2364147,0.0,2143346.0211352757,0.0,2143346.0211352757,h09,5,Katrina,1203333124.2152793,16994559.834303204,1186338564.3809762,1755018730.0571778,126938614.00720851,1.0,10400000.0,0.0,116538614.00720851,0.0,9557344.06438629,1745461385.9927914,d012d00b1d93fc1da5f6473f054b0f687a32bf0dbcaa98c445c0ff0bb682ee86
LA-0829,829,9134153884355e3578d3066f3e9ff0c515706037ffc3a01dc892f7caa5906c2a,M2,A1_FINAL_NO_MEMORY_V1,PASS,c7b209d0e4f04dc8852ca37f6bdecd37376053d33de359d08cb245f97454d4f9,b820504f6eb16df36426abdfb1aaff2ee3112c1dc4d44986cbd5089dbabb6955,81dbdf37cfa4115fd5d8b2ac91e0d8013bdca431bb8993ebf3150c0ecea88ad0,P4,0.0,0.0,0.0,16577189.917648748,0.0,184244365.1383294,R0,NONE,R0,1,0,0,0,0,0,1,0,0,False,False,False,True,False,True,False,False,False,False,False,Q[NONE]|F[Water+Crackers],1205832448.1467519,1205832448.1467519,0.0,3935761.7358068293,0.0,3935761.7358068293,h09,5,Katrina,1201896686.410945,15202144.119631648,1186694542.2913132,1755968308.3497972,125989035.714589,1.0,10400000.0,0.0,115589035.714589,0.0,9557344.06438629,1746410964.285411,fd994161499b5a0a05bef2640a2c020d6058694c0860f081d70214eb69152fc6
LA-0830,830,d3ee969e918a57189ffdcc4b2346eba4e488e5bf12564d76711939aaa4328688,M2,A1_FINAL_NO_MEMORY_V1,PASS,747a33c14ec6f5f2e6a75fb2c712d134e352a13edd91222077ad0ca2ba8a7704,8a8d7ec7b4ae60dc5e6873898ac4d3fc95c16a4560738e0ef63453d56aaa26ed,45432f585c246cc59123f2340c81a70e9bbc300e5ca2cd312c039e7e5620047d,P4,0.0,0.0,0.0,0.0,0.0,577118402.8441825,NONE,NONE,R0,0,0,0,0,0,0,1,0,0,False,False,False,False,False,True,False,False,False,False,False,Q[NONE]|F[Crackers],1193092855.7993,1193092855.7993,0.0,7437439.636067985,0.0,7437439.636067985,h09,5,Katrina,1185655416.163232,11700466.219370494,1173954949.9438615,1660510667.6449003,221446676.41948593,1.0,0.0,0.0,221446676.41948593,10400000.0,9557344.06438629,1640553323.580514,834577427614997e61b459da258aa0aeb0969082da1fd688bb1b63f5fec49ad2
LA-0831,831,d60d3f8024a62c1fa4fa42f7ad083a51f7968883fc9a0db46544dbe4df4d6eed,M2,A1_FINAL_NO_MEMORY_V1,PASS,0c78701e71d71c22cc8e054503921fd920224c245f43c639ab0a0c7f9db54a32,eefda2f5a3c826964fdfd9c621d271f2f56d36d8e2f3f25454f9028db10f776b,5882fb260da6a40ba4512840385acbc2c3c4718411515097bec7d5a1fd8eaaa3,P4,0.0,0.0,0.0,0.0,0.0,518389935.31655854,NONE,NONE,R0,0,0,0,0,0,0,1,0,0,False,False,False,False,False,True,False,False,False,False,False,Q[NONE]|F[Crackers],1209653907.3620348,1209653907.3620348,0.0,1235035.4324958648,0.0,1235035.4324958648,h09,5,Katrina,1208418871.929539,17902870.422942612,1190516001.5065963,1704687608.4332452,177269735.63114107,1.0,0.0,0.0,177269735.63114107,10400000.0,9557344.06438629,1684730264.3688588,278608a788673c8ffbb5246410fa9563254d4c6908ba6a25d82e295166df75d5
LA-0832,832,7121769988bc743e6a21c95dfc455b011d37fd8686d1bd9f9ce1fb845d9ca7b1,M2,A1_FINAL_NO_MEMORY_V1,PASS,f263c377c6e37c5ecb6729b7fe21d10eb1a58ec1e8dec106591469ef31566c1c,754e5bc123c2036604fe8f28f1e6647e8f12675066a3963266ed4780c16a25bf,9de8c268b96b9a0c59cc45909ffbf667b85eeacfa5ee198618e14a2fae84a749,P4,0.0,0.0,0.0,418866.1196802868,1432993.67248875,0.0,R0,R0,NONE,1,0,0,1,0,0,0,0,0,False,False,False,True,True,False,False,False,False,False,False,Q[NONE]|F[Water+Vaccine],1211888312.8669515,1211888312.8669515,0.0,4704702.705305717,0.0,4704702.705305717,h09,5,Katrina,1207183610.1616457,14433203.15013276,1192750407.011513,1880486406.3520877,1470937.7122986566,1.0,332706.5982248492,1138231.1140738074,0.0,10067293.401775151,8419112.950312482,1862000000.0,09a3ecfe707549bd20e271b50e2564ae5ccf599342706ac105108b2889499e13
LA-0833,833,f80890ab4046ed4aeeaa39d5891e8580b3418a0790b7638eeffc36766f1f1126,M2,A1_FINAL_NO_MEMORY_V1,PASS,4528f3332463510af532adfcb9e06be19df1752b8c803f851f8248819a6e1e54,54a4bf72149864d384410c8b0cb78643f772f215e38bc697341191a8cf990188,b5697d9af3bfd7a52397007ccf5389089e67bcd889dc9cab76ebb99358da9fb2,P1,17989217.53493155,519304.2215637702,0.0,0.0,0.0,0.0,NONE,NONE,NONE,0,0,0,0,0,0,0,0,0,True,True,False,False,False,False,False,False,False,False,False,Q[Water+Vaccine]|F[NONE],1232452892.8599386,1232452892.8599386,19137905.85543848,0.0,0.0,19137905.85543848,h09,5,Katrina,1213314987.0045002,0.0,1213314987.0045002,1871257121.784358,0.0,1.0,0.0,0.0,0.0,0.0,9257121.784357935,1862000000.0,5ecc4cf4fa19d37252d03e1a8dfdc5d79f3999a2748a8fe7494bdea7064ebc30
LA-0834,834,d8569e0364abd3062fb537ff4887daee55424ae800cb96eb1e75c7efb89e79a2,M2,A1_FINAL_NO_MEMORY_V1,PASS,b2e54d5bfad12a2c5cd3c114dbdd8300bc17421f7b5bda5159724e81bac5011b,d7fefa429faf18f00ecb85668c2bc1e90507d3ebdeb0ee5701bbdea6f29f4290,da24879753dd85a8fe689d6ea8d9ff0f431283d2db4117702677c2ee08b915e0,P4,0.0,0.0,0.0,0.0,1515338.4433864357,0.0,NONE,R0,NONE,0,0,0,1,0,0,0,0,0,False,False,False,False,True,False,False,False,False,False,False,Q[NONE]|F[Vaccine],1218641092.659876,1218641092.659876,0.0,3751094.5729163005,0.0,3751094.5729163005,h09,5,Katrina,1214889998.0869598,15386811.282522177,1199503186.8044376,1880924940.837964,1032403.2264221207,1.0,0.0,1032403.2264221207,0.0,10400000.0,8524940.83796417,1862000000.0,6f66979ad8e563cbf005132eaada30724838e6d232118fa954997d3d10af1fe8
LA-0835,835,f36a8909e685892f65aacb5bcd0aa133b41e63edc3018b97b9539a2ca91191a3,M2,A1_FINAL_NO_MEMORY_V1,PASS,e338d9ddde4f83304fca99c9e60cadf480a50ee3c9706e31bde470cbaab86c14,e66592975380c5176c68778e2f1664d85a1a6359a5234546268e52a0bbc17149,3862cfe564b931adccc48ff419003a4fcb12deedb81b933f0e351f2d16bf5a6b,P1,17194300.505048394,555019.2437790394,0.0,0.0,0.0,0.0,NONE,NONE,NONE,0,0,0,0,0,0,0,0,0,True,True,False,False,False,False,False,False,False,False,False,Q[Water+Vaccine]|F[NONE],1230477823.2533076,1230477823.2533076,19137905.85543848,0.0,0.0,19137905.85543848,h09,5,Katrina,1211339917.397869,0.0,1211339917.397869,1871221639.792287,0.0,1.0,0.0,0.0,0.0,0.0,9221639.7922871,1862000000.0,324810db9f990db5b15aab5cce5499ffa39e906fbb00bc5ae2640528d6b3f74c
LA-0836,836,e24a565e8a735b190355be57713702a0784f5a50aaac329a4337a93992bda8f5,M2,A1_FINAL_NO_MEMORY_V1,PASS,55608b4a3fc9389b69fee5436bb51285daa11c5a8dd2b9fd4af72da2e659df3e,3ba34bc5b52bd16f738da61669bedf1a664118f6c86e4009f1854dc439eeb594,a2f0dffc33ae6ae53b76b730d823608af42cd59659296e181c0d7bd4ee4575bf,P4,0.0,0.0,0.0,0.0,0.0,244390017.95010856,NONE,NONE,R0,0,0,0,0,0,0,1,0,0,False,False,False,False,False,True,False,False,False,False,False,Q[NONE]|F[Crackers],1216523138.9082136,1216523138.9082136,0.0,9016098.999147395,0.0,9016098.999147395,h09,5,Katrina,1207507039.9090662,10121806.856291084,1197385233.0527751,1723011422.8436666,158945921.2207199,1.0,0.0,0.0,158945921.2207199,10400000.0,9557344.06438629,1703054078.7792802,2a344fa42f946436711c129a897a43c3105aec005b230427a0bb8edc4df6812b
LA-0837,837,e01bc2b6463a9e0d96299c98acc8e947f9238aa1841dcdf9bfa89437e3e09f8c,M2,A1_FINAL_NO_MEMORY_V1,PASS,3751a320a112c0c8a5b6363181b529d5067ff54f7f5a3e5540ec9c7dac41233c,b9d3a04e93d16ea15f9211ee0566461bf095955edca3470005bc816e503c9f66,bbd0299f61414f496e4ae44d7db313d4ff3134db1109032b22c6cab2f75a9a99,P4,0.0,0.0,0.0,28318456.66844435,0.0,110633662.72790879,R0,NONE,R0,1,0,0,0,0,0,1,0,0,False,False,False,True,False,True,False,False,False,False,False,Q[NONE]|F[Water+Crackers],1233932943.2171147,1233932943.2171147,0.0,9413893.452616436,0.0,9413893.452616436,h09,5,Katrina,1224519049.7644982,9724012.402822042,1214795037.3616762,1830926948.6356564,51030395.428730056,1.0,10400000.0,0.0,40630395.428730056,0.0,9557344.06438629,1821369604.57127,ab3de93e93a328d9c8ee952a0a5de1fef582b1a4afcd8d6ea4bd46b33cf04cea
LA-0838,838,34f281d9a670cbd311b1e31cb76867df4589834c3221b135b4a0720b635a66fb,M2,A1_FINAL_NO_MEMORY_V1,PASS,3546b8adc952b7d4280103b09ef3157d8714584a32e14e2a04b4c53495a77447,70d76bcfd285ca0cbaa649065c7b54cb9d2a316b3375064f38942e920b32f627,b67e0e259b34c581cac324970449d4c4de33f274a0198481f97b10ee34998d69,P4,0.0,0.0,0.0,13252441.93558184,855766.6135022469,0.0,R0,R0,NONE,1,0,0,1,0,0,0,0,0,False,False,False,True,True,False,False,False,False,False,False,Q[NONE]|F[Water+Vaccine],1211782065.8979356,1211782065.8979356,0.0,3477442.296866775,0.0,3477442.296866775,h09,5,Katrina,1208304623.6010687,15660463.558571704,1192644160.042497,1870885771.7742615,11071572.290124705,1.0,10400000.0,671572.2901247045,0.0,0.0,8885771.774261585,1862000000.0,646d6d8c99dcd2a256e9494e8d6c7f1e90c7dbbfeb26b07bb9ff0a590e988600
LA-0839,839,5534c8bd86cd5dd95b3b13d3f26e5fcde865090597190351b06675718f6bc554,M2,A1_FINAL_NO_MEMORY_V1,PASS,22f27a4de7ac365778c050c9dc7112865250a9a4f6783ed39b8dfad6deeb7238,0096820c423ade970a27334323177c2ba6e725d4e8c6208ad36d48de89a35385,d416eb8963b4309464e030e532ff6b9d4ef55da4ca97fa14bf77b82e9312c5b1,P4,0.0,0.0,0.0,407179.68556568853,1949250.359898091,0.0,R0,R0,NONE,1,0,0,1,0,0,0,0,0,False,False,False,True,True,False,False,False,False,False,False,Q[NONE]|F[Water+Vaccine],1190796280.9983041,1190796280.9983041,0.0,5087120.077989857,0.0,5087120.077989857,h09,5,Katrina,1185709160.9203143,14050785.777448617,1171658375.1428657,1880122398.5355783,1834945.5288079241,0.9999999999999998,317069.6897573831,1517875.8390505412,0.0,10082930.310242618,8039468.225335749,1862000000.0,93bb82b82c4e3194963cfce9309184eaa855602d3faf9a6baf18ed17a8f94220
LA-0840,840,8479278c50e200f3d0f47523f1ace13c60509c2c6ab58a9be31e9cb1aca64b05,M2,A1_FINAL_NO_MEMORY_V1,PASS,6d6856d9d104d358890d208f24bdf460218a634c072fbaf322fd3f86ea610e70,46256dc157ffc5cb4e2f898f8c7c2754001c06bed204cde060e8d6ccae3c5c2a,e968bea681060d8953cd521f18c98cbe85be0fec4178692e1174f2cf8aefca1f,P4,0.0,0.0,0.0,0.0,0.0,193556177.64905477,NONE,NONE,R0,0,0,0,0,0,0,1,0,0,False,False,False,False,False,True,False,False,False,False,False,Q[NONE]|F[Crackers],1232565989.3983061,1232565989.3983061,0.0,7541166.62848613,0.0,7541166.62848613,h09,5,Katrina,1225024822.76982,11596739.226952348,1213428083.5428677,1765806051.7651687,116151292.29921772,1.0,0.0,0.0,116151292.29921772,10400000.0,9557344.06438629,1745848707.7007823,1fa576b933e3744a7e9792507384f124f70bd7c4a6aa628cb32f15011a030835
LA-0841,841,5d1b4858a9dc233e1641cfa9997da38d032b11ee7bab8d5b8eab9124b4b01791,M2,A1_FINAL_NO_MEMORY_V1,PASS,3ff07a628317e8fa051422938a9a694ee576abb63605cd4f0d221aea7f9602fa,e6ddcb9556c2a30b952df8c7362e9f1549a721bb9133b50a7eaf7c6240d71bb2,83c9acf52f6d00a6deb6c8a57dc71381d1c0e6c89445f6a2db38d7c874e7ca9b,P1,15631110.993612891,625252.1687621676,0.0,0.0,0.0,0.0,NONE,NONE,NONE,0,0,0,0,0,0,0,0,0,True,True,False,False,False,False,False,False,False,False,False,Q[Water+Vaccine]|F[NONE],1226007955.607607,1226007955.607607,19137905.85543848,0.0,0.0,19137905.85543848,h09,5,Katrina,1206870049.7521684,0.0,1206870049.7521684,1871141338.9219635,0.0,1.0,0.0,0.0,0.0,0.0,9141338.92196336,1862000000.0,0618b87c2a5574a18fe01e31477bc24f233a3fb60f972340d76f30c88b13aeb7
LA-0842,842,466c5fdd8cbfea6918620048fa7f1f9789c57c69c8a9622cf593d5e3d2c29739,M2,A1_FINAL_NO_MEMORY_V1,PASS,78bf0830e45fdd1ef1cb970111fbf1907049922a86ebd9a05c950cd38f3a9686,6a30f7aea6c94a2b0d396d6927b91d7fd1f254ecf4b540091fd10bc865701366,7730394e6a061f69f2fa6f21751b725ac838f0686e16207bd45bc26b64a5663e,P4,0.0,0.0,0.0,0.0,0.0,230599286.2700812,NONE,NONE,R0,0,0,0,0,0,0,1,0,0,False,False,False,False,False,True,False,False,False,False,False,Q[NONE]|F[Crackers],1205964331.3658745,1205964331.3658745,0.0,4228108.635587054,0.0,4228108.635587054,h09,5,Katrina,1201736222.7302876,14909797.219851423,1186826425.510436,1694845589.6641452,187111754.40024105,1.0,0.0,0.0,187111754.40024105,10400000.0,9557344.06438629,1674888245.5997589,e6c8d1acbb6ac2e56ffa461d18628de3c9c67731420f9b2e0dfae43387a1319b
LA-0843,843,fab4c6739202c5ba7eaf5e1549c07a1aead78a870176384ba7dd1f290ab3911e,M2,A1_FINAL_NO_MEMORY_V1,PASS,e0b033325fb0eb49ebf7a1c47ea089622e9040bed1a46ea508f397456f9c4e35,c2e86cd28d6d0c09a25539011bfa77f9a4087dd0834bcb2ac5cb76c2dafbadd5,efc1b973a600dd64b6c41b684186448f6561c5742bd5ea964e355f25b1a0a648,P4,0.0,0.0,0.0,12458660.018174032,0.0,244147100.81970495,R0,NONE,R0,1,0,0,0,0,0,1,0,0,False,False,False,True,False,True,False,False,False,False,False,Q[NONE]|F[Water+Crackers],1172762268.8112533,1172762268.8112533,0.0,4781295.916146279,0.0,4781295.916146279,h09,5,Katrina,1167980972.895107,14356609.9392922,1153624362.9558148,1667752934.5355139,214204409.52887258,1.0,10400000.0,0.0,203804409.52887258,0.0,9557344.06438629,1658195590.4711275,9e480b8013fce7f166d07e16abb3fe75c9363f996bed354f3b4af24b391b8eb8
LA-0844,844,134ebf8f464567ac234d0de213d0c3359ac9b30e6e165e8b173c85b807a8f18a,M2,A1_FINAL_NO_MEMORY_V1,PASS,9543975935362bd10299315aa8a6e4e7b154468ca8baa2acfafda9b535f999a1,c1cbca3be4292ae6e274f0d5281eac2329c2aa43ed240233743f66c133491990,7ea2e5d8b708012909d410cc90ac5ff76dd517612389c584956f32cc083ce2eb,P4,0.0,0.0,0.0,0.0,0.0,167818571.75754693,NONE,NONE,R1,0,0,0,0,0,0,0,1,0,False,False,False,False,False,True,False,False,False,False,False,Q[NONE]|F[Crackers],1229142685.4907086,1229142685.4907086,0.0,5753424.620134618,1226708.1773473904,6980132.797482008,h09,5,Katrina,1222162552.6932266,12157773.05795647,1210004779.63527,1756674319.1904845,125283024.8739018,1.0,0.0,0.0,125283024.8739018,10400000.0,9557344.06438629,1736716975.1260982,fb54c2b0393595f9592250b8a247e21403cebd9c3d698ff574881b13d6164d57
LA-0845,845,e140d33748675c14eeeb04f124e356cc79a0c0f3369b8fbe53a3cd57fcb8a86c,M2,A1_FINAL_NO_MEMORY_V1,PASS,d120a27ed02f51f0d45a5e786639818a1d6710ec802fd7f43afb921e8d71a729,1951d98f6b16362708dce956aec8cd75426b31e59465d260cff966ac00132b7d,f9d4d34b8d7230a7b40998e62ad6105616404ce5b3bfb7392786092286ff55b0,P2,17343454.42652791,0.0,0.0,0.0,612189.012523319,0.0,NONE,R0,NONE,0,0,0,1,0,0,0,0,0,True,False,False,False,True,False,False,False,False,False,True,Q[Water]|F[Vaccine],1230806762.5274358,1230806762.5274358,11233355.432062129,3165910.7497487464,0.0,14399266.181810874,h09,5,Katrina,1216407496.345625,4738639.673627604,1211668856.6719973,1871227549.1641276,329794.9002587161,1.0,0.0,329794.9002587161,0.0,0.0,9227549.164127573,1862000000.0,9df7425725e30ad1f82df322c0e74dabb74978b41d9c0188eaaa208124978b26
LA-0846,846,f1a9a63b656c52c3778066b8e764dc42f3d0ebdc6986dba4d477101046eb4e28,M2,A1_FINAL_NO_MEMORY_V1,PASS,1dde48131fb3c23b60622c1dc3efb1aab95caddad496f65212d49d566486506e,a873f370d5491b2cb64df1ff63b5b1bea30c126d43b1c159270e76a3754e531a,2add58f80cda9cc628e062b4ce471d987a60e66a30785059827b604a2d69fdb7,P4,0.0,0.0,0.0,0.0,0.0,423843743.46144354,NONE,NONE,R0,0,0,0,0,0,0,1,0,0,False,False,False,False,False,True,False,False,False,False,False,Q[NONE]|F[Crackers],1192652032.3475778,1192652032.3475778,0.0,7574639.092137462,0.0,7574639.092137462,h09,5,Katrina,1185077393.2554402,11563266.763301015,1173514126.4921393,1659334762.1505497,222622581.9138366,1.0,0.0,0.0,222622581.9138366,10400000.0,9557344.06438629,1639377418.0861633,423c7c4fd3f97802fb627a5b7d80965ac0409ad378261e9cbb90222c590b782d
LA-0847,847,100bec52027c8c0ee2f26331aca4ebeb59a7c78efc561520fe23a219e781e0f4,M2,A1_FINAL_NO_MEMORY_V1,PASS,c7914743283e778242217a58e9a1c134003c6002f15672295b8688ea4ce143af,b423a20c1b9c2a93e67fd1f4c7d3e034a930e105d136a1e64b5df1cf568d6179,4e82efba9b731f24a85c38915093557b6064de51302f2bda6937593b068dba67,P1,16657420.943886107,579140.8372699395,0.0,0.0,0.0,0.0,NONE,NONE,NONE,0,0,0,0,0,0,0,0,0,True,True,False,False,False,False,False,False,False,False,False,Q[Water+Vaccine]|F[NONE],1229037227.9706724,1229037227.9706724,19137905.855438482,0.0,0.0,19137905.855438482,h09,5,Katrina,1209899322.115234,0.0,1209899322.115234,1871195759.595344,0.0,1.0000000000000002,0.0,0.0,0.0,0.0,9195759.595344096,1862000000.0,19c02dded5977e6162fec194efe9d93486781f620551d9de61e3c2a1d7e6e966
LA-0848,848,18ba8bd3477f961ccfad64773589b0d508a04ad4a7dddfb195e0cb1d64a01127,M2,A1_FINAL_NO_MEMORY_V1,PASS,965d705e52ef157bfeef318c4eb6e034e56fd08fc51a936f443ae73255c2cad0,4ab73a39d6f6fc7f409e92758dff34d765c8f427f5910c8b9a7b60b9f4d31db6,f3e9cc2171e13b279a220d9b1de732b89f8fa53d700ef9f8b5e23e4078615da9,P1,14581759.86495683,672398.7230095684,0.0,0.0,0.0,0.0,NONE,NONE,NONE,0,0,0,0,0,0,0,0,0,True,True,False,False,False,False,False,False,False,False,False,Q[Water+Vaccine]|F[NONE],1222469787.724126,1222469787.724126,19137905.85543848,0.0,0.0,19137905.85543848,h09,5,Katrina,1203331881.8686876,0.0,1203331881.8686876,1871077775.9749334,0.0,1.0,0.0,0.0,0.0,0.0,9077775.974933308,1862000000.0,9c8edb060064d942e9c9cd59fe13560653644f88173489761492bb63dda83922
LA-0849,849,3104e5bfd5e5004d0f395b55f817d6a8c52b8ee7790e3a2cda0b6ba516a1a170,M2,A1_FINAL_NO_MEMORY_V1,PASS,ef4b869c8d4b004e960ad0c4a7a75d0c4ad63aa55cbe1b2f9567ba83b9fd9a7b,e59779588f309a286909b00b61ad7c3c2fe5aba8fd1c0d9e7ce7a313f371a3fb,7ff5620e3fa3af93d950da6792c2644321db0f5a6870f4005e2e0be1ea5cc039,P4,0.0,0.0,0.0,428078.9909007334,1974813.4467210846,0.0,R0,R0,NONE,1,0,0,1,0,0,0,0,0,False,False,False,True,True,False,False,False,False,False,False,Q[NONE]|F[Water+Vaccine],1187453551.2408357,1187453551.2408357,0.0,2612773.0272677597,0.0,2612773.0272677597,h09,5,Katrina,1184840778.213568,16525132.828170719,1168315645.3853972,1880038770.3349042,1918573.7294821502,1.0,341796.86665385263,1576776.8628282975,0.0,10058203.133346148,7980567.201557992,1862000000.0,3f93867ec4fac72a0fd49a9b5c5332d62bdb8e939e9995c7dd6336c1c597a02a
LA-0850,850,e8015a38bcfbabd19515009b1fa82e54dbec571df885106a527a34fc8a940433,M2,A1_FINAL_NO_MEMORY_V1,PASS,c001462c92d12b3655406bad1fefa1ecb21f474bfe1d39a4f50f296931258fd6,d450ba084447e7f9025b4fe85ef25a9d802fd8ac255d320c66c0af85725e9397,6d86397aae2ffe32378ed1548aac4b4ba6ef8bb3a3447467b91ac774cb4f4095,P4,0.0,0.0,0.0,20858968.744820647,0.0,158070518.20907456,R0,NONE,R0,1,0,0,0,0,0,1,0,0,False,False,False,True,False,True,False,False,False,False,False,Q[NONE]|F[Water+Crackers],1219619488.9897091,1219619488.9897091,0.0,7379509.698348204,0.0,7379509.698348204,h09,5,Katrina,1212239979.2913609,11758396.157090275,1200481583.1342707,1792745519.3051891,89211824.75919715,1.0,10399999.999999994,0.0,78811824.75919715,5.587935447692871e-09,9557344.06438629,1783188175.2408028,181faf78eb6f2c77d519ecb27d1c931e69eb75e303f4e9821d16c5ca1a90fa64
LA-0851,851,64fbf7c5ac53ddf90ab9e56623fd27e066ce5b54f9b5e964ce23cf675660d44d,M2,A1_FINAL_NO_MEMORY_V1,PASS,be9a58bd88a4d597dc8874265f12f2c6b00e10fabb1e0839c4aff3aad77383c5,57e5a4415e95379ec6494a15da72ed6fc0b16d1c6479c8e06a06342643087def,83be081752db45e16eb8cfba708e6f1e4e68fec49dcef3fbbd0660e9e3d5d5b7,P4,0.0,0.0,0.0,0.0,0.0,147726759.88166398,NONE,NONE,R1,0,0,0,0,0,0,0,1,0,False,False,False,False,False,True,False,False,False,False,False,Q[NONE]|F[Crackers],1233387231.9560459,1233387231.9560459,0.0,6253923.212706469,283781.9485100553,6537705.161216524,h09,5,Katrina,1226849526.7948294,12600200.694221955,1214249326.1006074,1767996732.9371161,113960611.12727013,1.0,0.0,0.0,113960611.12727013,10400000.0,9557344.06438629,1748039388.8727298,5bdf34b0e872677ba2c3ef9a12c4979662f4aec2292c265b4907df12ad43ca9e
LA-0852,852,95ddd8edb736b33e9c1717ae5d5ca905109ffe59d265f931608d667e03a189d8,M2,A1_FINAL_NO_MEMORY_V1,PASS,74e7c432c4975402d2f594a0ddff26d9315a0a882deb6da8d975fb7a78601906,c9a7cbd341830efd6b9668d817b234e3ce0f4ac77f7049be907147f66d6f06d6,892123ee9ee9b72609604d6da3236a6005e55939b1bb14b74a4277b4b8c923ef,P4,0.0,0.0,0.0,16279689.906743392,0.0,203540781.40766203,R0,NONE,R0,1,0,0,0,0,0,1,0,0,False,False,False,True,False,True,False,False,False,False,False,Q[NONE]|F[Water+Crackers],1200419371.007778,1200419371.007778,0.0,5448817.47171819,0.0,5448817.47171819,h09,5,Katrina,1194970553.5360599,13689088.383720288,1181281465.1523395,1741528815.3414373,140428528.72294897,1.0,10400000.0,0.0,130028528.72294895,0.0,9557344.06438629,1731971471.277051,f272fceb59cbbe16ed80aee82320ac7450024881a40e5398e7dda8640c4de416
LA-0853,853,2010dc4b4f88ff2547d1e2cc5b1be6490307c83b91a28df220a8f21c7d098575,M2,A1_FINAL_NO_MEMORY_V1,PASS,5cb62625645700918b87f31f8c89a21ddde429d8deff94a7dd84947abaef8bd4,4cc93d720cc56deec6ad670feaf741a8be9026b93ab33bc427a700130e72df67,a73552fdab1cd9e5e450a062b2ba765bfd0d2b36a463a63cf28977d60227e336,P4,0.0,0.0,0.0,13836399.232464166,0.0,42059311.52405679,R1,NONE,R1,0,1,0,0,0,0,0,1,0,False,False,False,True,False,True,False,False,False,False,False,Q[NONE]|F[Water+Crackers],1237313201.5078242,1237313201.5078242,0.0,5314165.086963375,441402.1919436199,5755567.278906995,h09,5,Katrina,1231557634.2289171,13382338.576531483,1218175295.6523857,1839943856.1546211,42013487.909765214,1.0,10400000.0,0.0,31613487.909765217,0.0,9557344.06438629,1830386512.0902348,3c1cfb73489e30e943ef83af723f2242cf3c1177e2c006e725ad4e417104ede8
LA-0854,854,7ca67d2d1bdcf621c560c0091c4547a16b2156227081c9f634b009cb261bfce9,M2,A1_FINAL_NO_MEMORY_V1,PASS,6d4bfe5a1ef7fb5631e8bd99972c8cd73bdeb5bed9031068248385d112b9d7e9,54d1eea6f40794428552170494519294e2c3d312481b461483694c952a376879,63ec214750f4704b49734b8dc173a4a9fb506e503602d64fc63e3458d380a64b,P4,0.0,0.0,0.0,0.0,0.0,117952447.49592593,NONE,NONE,R2,0,0,0,0,0,0,0,0,1,False,False,False,False,False,True,False,False,False,False,False,Q[NONE]|F[Crackers],1235205257.7227948,1235205257.7227948,0.0,3189546.2184715993,3453227.776139167,6642773.994610766,h09,5,Katrina,1228562483.728184,12495131.86082771,1216067351.8673563,1772846353.5270352,109110990.53735103,1.0,0.0,0.0,109110990.53735103,10400000.0,9557344.06438629,1752889009.4626489,89df3bf52e49d8f982f5215d25c736e4901dfcdf12a4f8b45ab5d8ec796bf0e0
LA-0855,855,180156333d55d9a85e6f41be522acb01ef74398f9989bf6602a86b9ce3b9e979,M2,A1_FINAL_NO_MEMORY_V1,PASS,a9dcccf556b9e09ef1dbb16172554afa1cb54203081cd5b5b6de0367c61037f1,0cbede78e4e5b494ff041ebef4ca71e6c24e4b85be1c648681f58d008c2b0524,34b58ef07727e901d4e5279cbf8df8293045169c2217aa990e5ac440a0a10ea4,P1,14941787.429378249,656222.9562590279,0.0,0.0,0.0,0.0,NONE,NONE,NONE,0,0,0,0,0,0,0,0,0,True,True,False,False,False,False,False,False,False,False,False,Q[Water+Vaccine]|F[NONE],1223739720.2537177,1223739720.2537177,19137905.85543844,0.0,0.0,19137905.85543844,h09,5,Katrina,1204601814.3982792,0.0,1204601814.3982792,1871100590.2270458,0.0,0.999999999999998,0.0,0.0,0.0,0.0,9100590.227045834,1862000000.0,0f11e747177b0d0f306e90cf907fc4ca32e1c67a886e686d61f7fadbf4111d47
LA-0856,856,bc94d827ccfcee5cc63f8ea664968475aa084c76ddda6fd3e9f652d9017ccccf,M2,A1_FINAL_NO_MEMORY_V1,PASS,db367eb42e7c094790ecd2555a5d4925c9703da09c4c6c9d6aff3ddb8b057500,f59569d4073b3c8797f687a39fd327c07a3cc36a39423ec46126aed0539565c7,447cc0015692f735b9e95ff3e79657d3d5bee37b4a898d308948e7b4f14035bf,P1,15340931.377401091,638289.7199150798,0.0,0.0,0.0,0.0,NONE,NONE,NONE,0,0,0,0,0,0,0,0,0,True,True,False,False,False,False,False,False,False,False,False,Q[Water+Vaccine]|F[NONE],1225077956.099869,1225077956.099869,19137905.85543848,0.0,0.0,19137905.85543848,h09,5,Katrina,1205940050.2444305,0.0,1205940050.2444305,1871124631.5436265,0.0,1.0,0.0,0.0,0.0,0.0,9124631.543626588,1862000000.0,24c73e76237c8a36b24723ddbb352125357c77b59596f41dae931fbecf61552c
LA-0857,857,bfe1f3086663b3b8a0ddb0f8144ea3689c46055c5db89cdf3154a1f6aae6494f,M2,A1_FINAL_NO_MEMORY_V1,PASS,9ddc232eb758af3fedd7b7a287a5fcb58e407f492a77e0b0131e92f8f804d874,a7f5c01b9c2320f519f62908165c687df448f19637ea24c8eee9838840c3cb5f,83ee4f72685f27f98d36db0df3f4d7d8a21fbfec8f5ee0f72b9bae25d68a130b,P4,0.0,0.0,0.0,0.0,1427396.0482402663,0.0,NONE,R1,NONE,0,0,0,0,1,0,0,0,0,False,False,False,False,True,False,False,False,False,False,False,Q[NONE]|F[Vaccine],1222482241.035454,1222482241.035454,0.0,4183260.143021273,1787808.3675539852,5971068.510575258,h09,5,Katrina,1216511172.5248787,13166837.344863221,1203344335.1800156,1880993946.809069,963397.2553173119,1.0,0.0,963397.2553173119,0.0,10400000.0,8593946.809068978,1862000000.0,a30b5a8ee06331c547f218a9cafaaead063f83183dfa0c223bffb5f7f31ff0a6
LA-0858,858,f661e0e58db6ebbd7a9c7dd060beefe85d885b3a34c80057be156cb9c853d8e1,M2,A1_FINAL_NO_MEMORY_V1,PASS,4ac19d46aaa1d896e793a7b59f014d61b96c96a43bc1051112df0da06df95357,95318fd1f653d67ebd8340f893d8c6ac5c3552778a9ebbc70dbf72dfc2674771,29770c2ed88c07e6d4567d83edbc50dc5d5581baa9cf55857ef83ee915e4d7b4,P4,0.0,0.0,0.0,382461.89001530973,1183405.6568810998,0.0,R0,R0,NONE,1,0,0,1,0,0,0,0,0,False,False,False,True,True,False,False,False,False,False,False,Q[NONE]|F[Water+Vaccine],1223027580.306051,1223027580.306051,0.0,6720051.877861618,0.0,6720051.877861618,h09,5,Katrina,1216307528.4281895,12417853.977576856,1203889674.4506125,1880714251.0919511,1243092.9724352749,0.9999999999999998,303624.4595813168,939468.5128539581,0.0,10096375.540418683,8617875.551532332,1862000000.0,9c7ecaa7e89104da1ea9ee26445af8e3a4ad359d503b28731ed43f0f0ae2ff42
LA-0859,859,ed2a565889144395e654250ec9fecba100bdf2e5828b3b26c5a6b2f64adae66e,M2,A1_FINAL_NO_MEMORY_V1,PASS,1062420b3656b092726321b0dd5d1f7a79f227693c3d2d48a0af16cd2b2f4c07,4f4b20cac44214ee8dd11ac910852cd870c710f921cf22718575951071f0929b,50c71a5786a35b0a965532de04c6e6ac32653580d17fc4bc537b20b9d8384a9b,P2,16303725.282014463,0.0,0.0,0.0,0.0,70217462.03827956,NONE,NONE,R0,0,0,0,0,0,0,1,0,0,True,False,False,False,False,True,False,False,False,False,True,Q[Water]|F[Crackers],1227527130.9385989,1227527130.9385989,10559922.865160769,1931935.7971147674,0.0,12491858.662275536,h09,5,Katrina,1215035272.2763233,6646047.193162942,1208389225.0831604,1813839314.516696,57718029.5476903,1.0,0.0,0.0,57718029.5476903,0.0,9557344.06438629,1804281970.4523096,aad60e24e3c16818ffa3464503b798ca4a7b80e54ba17a9bae4736402cfc8a5a
LA-0860,860,ca94af9af335cb451dda82a8bac72ed429bc747d43fec3dadef9d1f81ec9bc59,M2,A1_FINAL_NO_MEMORY_V1,PASS,6309b4d6972ab780b72de2a89ed7c8ed846879a357ec74bee3b7039112ec5196,54514125d4d10eec891e94561e413fc41541eabbfb618c0093803cdaaaf217f8,9bdac43216b3e4b0d63f9712943f5a77c813a2b4c7593cbc784b1402b985e0f3,P4,0.0,0.0,0.0,20529902.358297773,0.0,128313984.62352876,R0,NONE,R0,1,0,0,0,0,0,1,0,0,False,False,False,True,False,True,False,False,False,False,False,Q[NONE]|F[Water+Crackers],1224796868.024327,1224796868.024327,0.0,2606898.4600949557,0.0,2606898.4600949557,h09,5,Katrina,1222189969.564232,16531007.395343523,1205658962.1688886,1806556282.8418357,75401061.22255057,1.0,10400000.0,0.0,65001061.22255058,0.0,9557344.06438629,1796998938.7774494,fef75a17d4c58bec19a6ed12edcce16f2c41fc7384063e64a20467a06bdf4fe8
LA-0861,861,ffc1e96a5bf502145b083b5451c73e59822e593e2f149ae8bb8b5c8232039204,M2,A1_FINAL_NO_MEMORY_V1,PASS,92bea834877e73e3b7e94943916c3e1f9a178e7314d46de09396a6e15e070096,c69b5634c710cbc120ff152aae61638394a9064f5bb975897f976fe07074982d,b2ed8b72d952580e21efdc4b2355e9f5ee3822106212f8a8aeae9465bdd9bab4,P4,0.0,0.0,0.0,0.0,1967186.1054320307,0.0,NONE,R0,NONE,0,0,0,1,0,0,0,0,0,False,False,False,False,True,False,False,False,False,False,False,Q[NONE]|F[Vaccine],1225434248.952037,1225434248.952037,0.0,3475113.9319578074,0.0,3475113.9319578074,h09,5,Katrina,1221959135.0200794,15662791.923480669,1206296343.0965986,1881046979.4318876,910364.6324985577,1.0,0.0,910364.6324985577,0.0,10400000.0,8646979.431887731,1862000000.0,00a376c46547c1bbb7b162701c59854a20d44c0f54e3f2572b66ba5fc6d90f36
LA-0862,862,1c4582bc1dfe30339b657dd77bde26401a840d7b9e14e11ca62b5a7daa755775,M2,A1_FINAL_NO_MEMORY_V1,PASS,346337b649b1b3b38d6a7e7356cc3b8133384481e0d831cbd9cd6f787bdead55,7c3196a6f3184f4decf02ff62e2aa7466b147905c532370dfbc70830698ad25c,6348e9df929cf8b8e5880130ae873ce75f96acf66418b5793c8e0fe3304dcca7,P4,0.0,0.0,0.0,25281244.99071838,0.0,121492365.19181545,R0,NONE,R0,1,0,0,0,0,0,1,0,0,False,False,False,True,False,True,False,False,False,False,False,Q[NONE]|F[Water+Crackers],1230428497.6722949,1230428497.6722949,0.0,10244477.166596336,0.0,10244477.166596336,h09,5,Katrina,1220184020.5056984,8893428.688842142,1211290591.8168564,1821578769.098685,60378574.96570137,1.0,10400000.0,0.0,49978574.96570137,0.0,9557344.06438629,1812021425.0342987,99cfb755117134156793c9b483768b224e8760abd676f97d1efd80bd0c8d4fac
LA-0863,863,cecd5f045ae418128e0556bca7eeae90f128a1381cb1a3def8a90796cbe039fe,M2,A1_FINAL_NO_MEMORY_V1,PASS,cf6f0c273e884864213f667cf59ce87c170971e7a93fdcb23dbc863d3dbc1dc0,2f07bd43892607929614f16df3bfd7ad3d4e7853defff8efada926096c20f139,9379b78f67bbf7b9b8ba754d1980f98ebb7a230df5eb625cb47a27c89b2114f2,P4,0.0,0.0,0.0,0.0,1617941.2849582331,0.0,NONE,R1,NONE,0,0,0,0,1,0,0,0,0,False,False,False,False,True,False,False,False,False,False,False,Q[NONE]|F[Vaccine],1213135277.696913,1213135277.696913,0.0,7372577.022847402,677183.7683277023,8049760.791175105,h09,5,Katrina,1205085516.9057379,11088145.064263374,1193997371.8414745,1880826029.2440622,1131314.8203241557,1.0,0.0,1131314.8203241557,0.0,10400000.0,8426029.244062133,1862000000.0,b0bd5c98ba3c0d14faf30dc2f3516e619520a0a4bcc3fe950b43806bb99fab68
LA-0864,864,6e9c080510d68ad7eaee7b2b6f33430d7a56e3bfd4b1674ac3ac724b80c44956,M2,A1_FINAL_NO_MEMORY_V1,PASS,5326b92ddefb5eba477cc69c6c25c4bd7d4e24fa030e834bbb12fc8bc7aac284,b8716cdbf8c47df68f74a561126d14e1aa43d4bee91c3fdb65decb1becfbe99c,0ded861d703a63e093deee3c38592161e8496c43053953d177cb7ddec229ea37,P4,0.0,0.0,0.0,30481122.865561508,0.0,286840104.9502481,R0,NONE,R0,1,0,0,0,0,0,1,0,0,False,False,False,True,False,True,False,False,False,False,False,Q[NONE]|F[Water+Crackers],1212475580.1543627,1212475580.1543627,0.0,9142711.774682602,0.0,9142711.774682602,h09,5,Katrina,1203332868.3796802,9995194.080755876,1193337674.2989242,1773688997.657338,108268346.4070485,1.0,10399999.999999996,0.0,97868346.4070485,3.725290298461914e-09,9557344.06438629,1764131653.5929515,917e1db4269983041948f6fa4855bfc0a53ab749725c3071cca27494b82a3700
LA-0865,865,298551a2a715552c1d8ae19d7daae19d0f7c54388d951a3a3b0042a11eaf9aaf,M2,A1_FINAL_NO_MEMORY_V1,PASS,284e197d57801faee0c8dfc17d6b21ed70cec02d2487c32648002868b6d89baf,a8bfd582d1976461a44bcbed4afb2f51829a9f1e79c115ab072d75237abce573,c3f27647260831f513e969978dc0e8310b7bd554db643e1fad2301f2fd6a2810,P4,0.0,0.0,0.0,0.0,0.0,273123759.1626417,NONE,NONE,R0,0,0,0,0,0,0,1,0,0,False,False,False,False,False,True,False,False,False,False,False,Q[NONE]|F[Crackers],1198623440.8314047,1198623440.8314047,0.0,630491.5616127445,0.0,630491.5616127445,h09,5,Katrina,1197992949.2697918,18507414.293825734,1179485534.9759662,1675263615.3404417,206693728.7239447,1.0,0.0,0.0,206693728.7239447,10400000.0,9557344.06438629,1655306271.2760553,e1e94664addd418fb5016a4835b845f2830ac00b286d8f956e83898602a81a2c
LA-0866,866,7903ddb4b2f869dd9596563499c8fc97369af99ec3fb0f55cccc31f99aaa9351,M2,A1_FINAL_NO_MEMORY_V1,PASS,48bdd6388e75acce8fc0cb01409111c5c3edec9314c3e9770f02107137ac2001,8b50ab9be86adb75934ae638231901b9ce0b7286dbabe0abf284d24ce0ebd1b2,613fafff95911077c7f37850d16ce6ed7430b0344acdf27c0d078d68749e37f8,P4,0.0,0.0,0.0,16762133.946744649,0.0,258399423.4516871,R0,NONE,R0,1,0,0,0,0,0,1,0,0,False,False,False,True,False,True,False,False,False,False,False,Q[NONE]|F[Water+Crackers],1189062615.3284183,1189062615.3284183,0.0,4390223.177680986,0.0,4390223.177680986,h09,5,Katrina,1184672392.1507373,14747682.677757494,1169924709.4729798,1711234439.3294883,170722904.7348982,1.0,10400000.0,0.0,160322904.7348982,0.0,9557344.06438629,1701677095.265102,a923f184ae8aa243607f1a3843af5324ef5a2f8a16d726a2d4d7400144a38439
LA-0867,867,28d7dc1f1b6dced946b0bc1468f120ff95e0d44e9be3e0ae9a3210a423a24db5,M2,A1_FINAL_NO_MEMORY_V1,PASS,7a93ff02e5b6d63889cf82b3fb46311905a1afd25bdce7d91fb952fc2aa1d9e6,b3bdff28740b1eac33d6fba4f8eb5a7b8d53fc1a378298676b30412222b9808d,f8f7f932ebc369b4eb1310f0103997b3853ac2acf245f77a7dc96fd472c276e0,P1,21056075.468363512,381512.60922443337,0.0,0.0,0.0,0.0,NONE,NONE,NONE,0,0,0,0,0,0,0,0,0,True,True,False,False,False,False,False,False,False,False,False,Q[Water+Vaccine]|F[NONE],1238675341.8834758,1238675341.8834758,19137905.85543848,0.0,0.0,19137905.85543848,h09,5,Katrina,1219537436.0280373,0.0,1219537436.0280373,1871368907.6607509,0.0,1.0,0.0,0.0,0.0,0.0,9368907.660750885,1862000000.0,4f8c334e0441ecb0610aa73d32d7046126233444779f0af1a16578c66d2768c7
LA-0868,868,0881855ff2a1f8ea7ab82f23db691f8248cd0558cc7b990c41980ad296b3db89,M2,A1_FINAL_NO_MEMORY_V1,PASS,470a0ce55479710f0394e8659bb57e68cce5b34824c2a1bb7b0eb92b68cd02ab,f54d4c9a3e76c3dcd8afa75af735488ce73474267eeff9f5e90297d96ce06130,6e6f09822d9e308754af5afb191dc23ce128643b7ee6f1c0c9a862ebe4f0801c,P4,0.0,0.0,0.0,33374804.71006283,0.0,420007056.37600195,R0,NONE,R0,1,0,0,0,0,0,1,0,0,False,False,False,True,False,True,False,False,False,False,False,Q[NONE]|F[Water+Crackers],1200100407.9445202,1200100407.9445202,0.0,7562535.018360047,0.0,7562535.018360047,h09,5,Katrina,1192537872.92616,11575370.837078432,1180962502.0890818,1740677974.903811,141279369.1605753,1.0,10400000.0,0.0,130879369.1605753,0.0,9557344.06438629,1731120630.8394246,6265a4e5a06c0d4745dd5cdefd22891b7bd4e39c1cbd7e7f2c722056bba18442
LA-0869,869,136844f974e29510a79375c73e58c7a6b26db4bab584d54598e68c76b65cfe15,M2,A1_FINAL_NO_MEMORY_V1,PASS,5a7e610fd5e11dcf13672f13520aa35e076ac1bdda10d14e81e6f390c15ab16c,4da611a5dee1cceacc8e9456d4fc1e4e8516da8b5a3db64412dba5e3e7117ad5,c4a7af5b2c077cb14f88a42ee2b5c72e2f6bcad4bc8aaff58ec873f168403183,P4,0.0,0.0,0.0,13442294.996460235,0.0,233496586.9128453,R0,NONE,R0,1,0,0,0,0,0,1,0,0,False,False,False,True,False,True,False,False,False,False,False,Q[NONE]|F[Water+Crackers],1181442005.8544214,1181442005.8544214,0.0,6186524.71908404,0.0,6186524.71908404,h09,5,Katrina,1175255481.1353374,12951381.136354437,1162304099.998983,1690906309.0638113,191051035.00057495,1.0,10400000.0,0.0,180651035.00057495,0.0,9557344.06438629,1681348964.999425,ca02daeca7bcdba7d7dccef3d7a8176533fe3f296fc8b49e210c679809b4fb97
LA-0870,870,7da58d025487dfe864e13961520d49119983573e5dcdf0647955d36ba4f95760,M2,A1_FINAL_NO_MEMORY_V1,PASS,4bfa4c33ced89eb6a085901ddb961a7064a81ca4306935a1dedf8adf5a9400d5,d49b65d7adb9f766acdda688dbb7bc830d50386f22eea30df2ca3f117c2bc1f0,9b21033c1a579d8d51e32292c32cc2837bca225762d21d608654a298ae6b83c4,P4,0.0,0.0,0.0,12564774.908510694,0.0,83565325.23293585,R0,NONE,R0,1,0,0,0,0,0,1,0,0,False,False,False,True,False,True,False,False,False,False,False,Q[NONE]|F[Water+Crackers],1223234794.909889,1223234794.909889,0.0,5070596.590632203,0.0,5070596.590632203,h09,5,Katrina,1218164198.3192568,14067309.264806274,1204096889.0544505,1802389421.140923,79567922.92346326,1.0,10400000.0,0.0,69167922.92346326,0.0,9557344.06438629,1792832077.0765367,bdcc401acb2bce0f2103c88ca4d4c11003f826002bb38e6e66433ba1c8c4886d
LA-0871,871,cdc339f80037fe3b725889579fbae0be1e86caf4d4fe11ed053ca38bcde4ce38,M2,A1_FINAL_NO_MEMORY_V1,PASS,a83e8003e239a9fbf9eaf160f157f2f36504ef62e5ca6335eb85fb960d292ca9,c3e99ac7dc1110e93b2c1aa9918b3312496fbe3b4b7b190337af7329c743951f,eff1a39babc119d507d4147faa5a139d3e09be8121de8d1b7415a220df324f59,P4,0.0,0.0,0.0,0.0,0.0,347314594.8650883,NONE,NONE,R0,0,0,0,0,0,0,1,0,0,False,False,False,False,False,True,False,False,False,False,False,Q[NONE]|F[Crackers],1223178545.6306996,1223178545.6306996,0.0,11065020.304982591,0.0,11065020.304982591,h09,5,Katrina,1212113525.325717,8072885.550455887,1204040639.7752612,1740764855.2019844,141192488.86240202,1.0,0.0,0.0,141192488.86240202,10400000.0,9557344.06438629,1720807511.137598,6f0b5953b5d1a74d92e2354ee88cc941986c147fcf038bae88ac39abb1c6be94
LA-0872,872,eaef5359c6fdb787d9d7236889049e4978f1a354c593cb98294331dc6d7becb8,M2,A1_FINAL_NO_MEMORY_V1,PASS,611ff2bad4424ec7f5d8e9df057521bfadf6c41df9741b1a6c6f031d140ce569,90e3726f40286823f569c2d240af32d75d2177a89b9e4307a0462a6ff62ce642,ac6efc547725dae786b96559917128bef60981b295a82cffdc0c7092c986a460,P1,14814710.322544767,661932.4347618086,0.0,0.0,0.0,0.0,NONE,NONE,NONE,0,0,0,0,0,0,0,0,0,True,True,False,False,False,False,False,False,False,False,False,Q[Water+Vaccine]|F[NONE],1223298526.8689618,1223298526.8689618,19137905.85543848,0.0,0.0,19137905.85543848,h09,5,Katrina,1204160621.0135233,0.0,1204160621.0135233,1871092664.2176905,0.0,1.0,0.0,0.0,0.0,0.0,9092664.217690488,1862000000.0,52110e1e60547d49e283f0e08fc8e724a778a6572b8ec678857c3a056eda30f7
LA-0873,873,62d8f2da72996ab47088a679ce3531db4fe4083b6480d3cf8e951b952bac03ae,M2,A1_FINAL_NO_MEMORY_V1,PASS,d39cd7346078000a672afd2c7d90df036022585f8fb44445e79900b7dcdca1d3,823c0a28815d78a6dd6d4843a315fa9063da542b91298ff373644962955635e4,0f039721d61a964f3c864b02d6567b2c27986e7964fccdd473c179bc4ee7b992,P4,0.0,0.0,0.0,14409950.081864683,0.0,30343254.619230025,R2,NONE,R2,0,0,1,0,0,0,0,0,1,False,False,False,True,False,True,False,False,False,False,False,Q[NONE]|F[Water+Crackers],1240954803.5067713,1240954803.5067713,0.0,5388195.696447663,2674511.3969802046,8062707.093427868,h09,5,Katrina,1232892096.4133434,11075198.762010612,1221816897.6513329,1849657903.3135717,32299440.750814643,1.0,10400000.0,0.0,21899440.750814643,0.0,9557344.06438629,1840100559.2491853,34d34a65444dd6a3f601c41bd4d98704fdceda35d476ac5c90a04b3cc88eea9c
LA-0874,874,55661982e6aa07987adc949c6147b6b6971a0074bdaaeb39d1d071357bd028c3,M2,A1_FINAL_NO_MEMORY_V1,PASS,a0f6c0e7f1cfc7b3456ae36b988dc7189bfa94c39900ace8e73898fe0762ae38,fe088ab023f11621b81f648dafda66762cefb8b6c0ecf57ad8326e65842b0a55,2f1368783f24676e08b64c74d1e81c7d172d08bf344e420380db202fcaa28c6f,P4,0.0,0.0,0.0,14270936.454758717,0.0,163287305.58759075,R0,NONE,R0,1,0,0,0,0,0,1,0,0,False,False,False,True,False,True,False,False,False,False,False,Q[NONE]|F[Water+Crackers],1204555150.1842186,1204555150.1842186,0.0,1521160.979267572,0.0,1521160.979267572,h09,5,Katrina,1203033989.204951,17616744.876170903,1185417244.3287802,1752561090.1398814,129396253.92450504,0.9999999999999998,10400000.0,0.0,118996253.92450504,0.0,9557344.06438629,1743003746.075495,114f52ed372bc12cd380cb4ae8465dca18945443a6940e9af6cb71e7e7ac291b
LA-0875,875,120c41c1ed3234495f315194105d865f85ad133242ea95bcfd1c3c5a98f5faf3,M2,A1_FINAL_NO_MEMORY_V1,PASS,9f794b76a601880dcfed089c04c4cd29e1cb0058b4d350b4e46836ce741bf5cb,f4486b8e32fd2353d3ab96872e229845f6c18a18501266522e9699593a1028c6,026294f540c3b962c2f4f29ddb01b562d19b564664674ec7a5c3dad091319fa0,P4,0.0,0.0,0.0,0.0,0.0,192996254.84266558,NONE,NONE,R0,0,0,0,0,0,0,1,0,0,False,False,False,False,False,True,False,False,False,False,False,Q[NONE]|F[Crackers],1218443965.8260887,1218443965.8260887,0.0,3489297.5520784063,0.0,3489297.5520784063,h09,5,Katrina,1214954668.2740102,15648608.303360071,1199306059.9706502,1728135267.5883183,153822076.47606814,1.0,0.0,0.0,153822076.47606814,10400000.0,9557344.06438629,1708177923.523932,7f28f94de2807f551de7f5834ffd36774df1adbeb3a3adf07b7294d4db8310a4
LA-0876,876,be0c23e47bebe8324051f6b7aa0bacf3ab34f3429813f135062dae8f6ac7dae0,M2,A1_FINAL_NO_MEMORY_V1,PASS,81180ad187ea5dd2558b1d25ffac322afa0227c75ecc7ba7532edbc09ded0131,215b234021ac7c025916cfa1825a50e3469407ed76cad7dc622f6b2af4148dfa,92b8652c6312dcd6c8775c82841bfcf9230a3bf65cf691b0649decad75c35ad8,P4,0.0,0.0,0.0,23689711.573954217,0.0,180967251.7300575,R0,NONE,R0,1,0,0,0,0,0,1,0,0,False,False,False,True,False,True,False,False,False,False,False,Q[NONE]|F[Water+Crackers],1219381645.0551708,1219381645.0551708,0.0,7370031.799315762,0.0,7370031.799315762,h09,5,Katrina,1212011613.255855,11767874.056122717,1200243739.1997323,1792111065.787962,89846278.27642438,1.0,10400000.0,0.0,79446278.27642438,0.0,9557344.06438629,1782553721.7235756,7f9c85b45ca24cb5673d03cd9c5efed14e65e778ac498de5a9f602fd5f4c7df5
LA-0877,877,3957ae1293d94526a37aa72d0f1cf8db1861d34b034285536904117cc8d0b576,M2,A1_FINAL_NO_MEMORY_V1,PASS,48c244d926832518055e16890e69d33e93915f8ba67f36c62e757d84265abc55,f0c0510a78f36ac9015390c6d9f119bf95efa192cfd79d8bf71bfe6349d49fcf,5caeedddb24d4fa97d12e28d1ce2223e6d9f5ecb85c964c12e23be2b04752e68,P4,0.0,0.0,0.0,19401743.801138017,0.0,89332068.20502241,R0,NONE,R0,1,0,0,0,0,0,1,0,0,False,False,False,True,False,True,False,False,False,False,False,Q[NONE]|F[Water+Crackers],1231213317.590195,1231213317.590195,0.0,4773153.917345421,0.0,4773153.917345421,h09,5,Katrina,1226440163.6728494,14364751.938093057,1212075411.7347565,1823672292.1404588,58285051.92392753,1.0,10400000.0,0.0,47885051.92392753,0.0,9557344.06438629,1814114948.0760725,5d799d73243f7d230fbc9ee68fd16abdac9a5e948863194c8f43ee59dba1c0fe
LA-0878,878,162fde37286438739129eec3d00bad8c125ee5fe8a45cf11f126fb022814e333,M2,A1_FINAL_NO_MEMORY_V1,PASS,d80ef43e18c4cfa007b0086103e408c90d91f13b23da911dec0c83363f48ecb4,ad1a3d1c61d14c7da8e29107d931c65533a852241ec11ff1450fce0cbdd292cd,cc97f885c564791e44aca24efd92e0788c33511bb7609f8933f05fc8219ccd7e,P4,0.0,0.0,0.0,0.0,0.0,297615235.2255257,NONE,NONE,R0,0,0,0,0,0,0,1,0,0,False,False,False,False,False,True,False,False,False,False,False,Q[NONE]|F[Crackers],1225552798.6592262,1225552798.6592262,0.0,7344124.110258524,0.0,7344124.110258524,h09,5,Katrina,1218208674.5489676,11793781.745179955,1206414892.8037877,1747098223.289176,134859120.77521035,1.0,0.0,0.0,134859120.77521035,10400000.0,9557344.06438629,1727140879.2247896,c615d633cdd9bb813e6e6a2b2395e6d64afca1494063067b6690264e666c0f19
LA-0879,879,846aac5859ad72c50ff322807a49bbf1f560e675fc2c5cdfaf70d99836cf1b78,M2,A1_FINAL_NO_MEMORY_V1,PASS,11f7f843fdbc855f0774208c0b53db765314f4819eabfb1c3c4f3d986c3ce932,540ac00b1b65d63ca94d79f603a4b688feb056e2547b14850729c1e86c0b838d,57b5a5f1c43c604cb82188295c18fd882e2e1ea4293ae37944b423362779a955,P1,18362012.865334272,502554.8087237423,0.0,0.0,0.0,0.0,NONE,NONE,NONE,0,0,0,0,0,0,0,0,0,True,True,False,False,False,False,False,False,False,False,False,Q[Water+Vaccine]|F[NONE],1233320244.6793177,1233320244.6793177,19137905.85543848,0.0,0.0,19137905.85543848,h09,5,Katrina,1214182338.8238792,0.0,1214182338.8238792,1871272703.701205,0.0,1.0,0.0,0.0,0.0,0.0,9272703.701205073,1862000000.0,a907ad1b4f0725b9f96b3e514b50f796d2f1e12a14b124b4350e6eccfbb3b4e1
LA-0880,880,3a4ca7ec27358cd9e8df5fc49b030749872cd1a2c7d7115cbc2b0dc7c0ad6aa2,M2,A1_FINAL_NO_MEMORY_V1,PASS,5e2e238a3c85f61ba4852f24206e06e683887b56a1890f9ffcc759776a9b767d,9e61db3c0375b41163d8c21f480b83d46941d47ddce51929cf5a4102d6f40b7e,e833b68d4a3f616c7fc70b8637bc8cf8a03652dbd79f80ad2385af9abc9abb74,P1,13993373.338536872,698834.4855763142,0.0,0.0,0.0,0.0,NONE,NONE,NONE,0,0,0,0,0,0,0,0,0,True,True,False,False,False,False,False,False,False,False,False,Q[Water+Vaccine]|F[NONE],1220253695.9227064,1220253695.9227064,19137905.85543848,0.0,0.0,19137905.85543848,h09,5,Katrina,1201115790.067268,0.0,1201115790.067268,1871037964.0354137,0.0,1.0,0.0,0.0,0.0,0.0,9037964.035413692,1862000000.0,d8871354ca85e0088805e166b1eb7e2295eb63c33542d20dcce3c88e7914c562
LA-0881,881,c86f52737c564eddfefadec8dfdfe43f23b9c0af6f353a9358a51a886da450d1,M2,A1_FINAL_NO_MEMORY_V1,PASS,8247a699788752302b2f044b8f047f1210474930f9216c9ce2d8deda8a96f56d,c94cbd0d7ceaa53d1bcc859c6f43d80c2fb18f849159afb7251f3c08b624ae85,35c4ded597949b035e03698555c44427a830bc9f3c503a3442a5d41ffb4b2a5e,P1,15536679.450146964,629494.9067410022,0.0,0.0,0.0,0.0,NONE,NONE,NONE,0,0,0,0,0,0,0,0,0,True,True,False,False,False,False,False,False,False,False,False,Q[Water+Vaccine]|F[NONE],1225709124.0719392,1225709124.0719392,19137905.85543848,0.0,0.0,19137905.85543848,h09,5,Katrina,1206571218.2165008,0.0,1206571218.2165008,1871135970.4336107,0.0,1.0,0.0,0.0,0.0,0.0,9135970.433610603,1862000000.0,3c000939e8ab0b74beb90551b1a04b7d8f1dda092b7fea1e74179304b5e581d0
LA-0882,882,06128a6e0e09e9939d0c6926b2cc3ffb5f0e73b05562e6f80ef12ebee5b92eae,M2,A1_FINAL_NO_MEMORY_V1,PASS,46ea1b85811ea7292933afbfeba6324d5fc68762e056629bc94b4e6e6e3ffc97,aaa136db5e21ba6e8383908c5464303cfd12d5278fd51b2f4ccff889cb8e3f48,f2fbbe85f5503bd8efcbec2cd356a5a2093fdd0f6da29e6085b2398896a76385,P1,14073039.697689595,695255.1361851338,0.0,0.0,0.0,0.0,NONE,NONE,NONE,0,0,0,0,0,0,0,0,0,True,True,False,False,False,False,False,False,False,False,False,Q[Water+Vaccine]|F[NONE],1220564596.8568144,1220564596.8568144,19137905.85543844,0.0,0.0,19137905.85543844,h09,5,Katrina,1201426691.001376,0.0,1201426691.001376,1871043549.3496943,0.0,0.999999999999998,0.0,0.0,0.0,0.0,9043549.349694163,1862000000.0,e5b55750a688a26c99c67a89d2cb64a80c03ebd5b22675b5c2df6833e591c152
LA-0883,883,fada39189a7557433f084d1ad3fafe262fae6edaefdcaff185d3f211f8902be0,M2,A1_FINAL_NO_MEMORY_V1,PASS,af8ba6ffd11542da36897749c3f8b248ae5ba4f128964d3e1aa4005c3e4b5833,1a87f3d9092c1745a03dd34ba5af76a1abcba722b466e5a3c9994505caf17ae0,12b739303fc3fd5801461ecbbf06c9988c89fe1e6442899e2ba453792916abde,P4,0.0,0.0,0.0,15399131.110938756,0.0,157140585.6286169,R0,NONE,R0,1,0,0,0,0,0,1,0,0,False,False,False,True,False,True,False,False,False,False,False,Q[NONE]|F[Water+Crackers],1209379612.5356581,1209379612.5356581,0.0,2270279.833606211,0.0,2270279.833606211,h09,5,Katrina,1207109332.7020519,16867626.021832272,1190241706.6802197,1765430441.2694151,116526902.7949713,1.0000000000000002,10400000.0,0.0,106126902.7949713,0.0,9557344.06438629,1755873097.2050288,be7f4c72e1f518031d30e393d6b8ab6d587bee29bee4e00a2769799f9755d6c0
LA-0884,884,dbbad4bbef6d53a28e1ce7041c9183261f0a7cdc258b1f31ac5a9fd73db5591a,M2,A1_FINAL_NO_MEMORY_V1,PASS,c6e0567a083eae1db644dc3ddbc5c6b750fec49ced55e70568a4669931fbfe64,c0a3bf09263b6bf13bc956ae0177106cddd5d4e8886ebb57bb90af3349e629b1,386e58bf14ede77bdd3274de267ac2db694c0222a505f548051e5786fbd858a7,P4,0.0,0.0,0.0,0.0,0.0,343923421.28578705,NONE,NONE,R0,0,0,0,0,0,0,1,0,0,False,False,False,False,False,True,False,False,False,False,False,Q[NONE]|F[Crackers],1223444116.3901596,1223444116.3901596,0.0,9819371.15272296,0.0,9819371.15272296,h09,5,Katrina,1213624745.2374365,9318534.702715518,1204306210.534721,1741473270.5868,140484073.47758615,1.0,0.0,0.0,140484073.47758615,10400000.0,9557344.06438629,1721515926.5224137,de1f50e21f5e485f938d0f7898302382b73577e454690f29544a995df56571b5
LA-0885,885,c5befdc340565f290308ffa868950f1350a4df538566ef9b065d58908617991c,M2,A1_FINAL_NO_MEMORY_V1,PASS,781647c55f7ce51dc5093f70f92f3090cf44a8dae476d6747d9265228a355415,e24ea796b67226569ea282936315a7967695cae86a6e92719ce97db1fab1a9df,ce87c80cdd482810b7aaf3ac6ddad43eea7c4b1a098bf5d82513b506a8c3016f,P1,14518405.38254407,675245.19208967,0.0,0.0,0.0,0.0,NONE,NONE,NONE,0,0,0,0,0,0,0,0,0,True,True,False,False,False,False,False,False,False,False,False,Q[Water+Vaccine]|F[NONE],1222239799.3528898,1222239799.3528898,19137905.85543848,0.0,0.0,19137905.85543848,h09,5,Katrina,1203101893.4974513,0.0,1203101893.4974513,1871073644.2493794,0.0,1.0,0.0,0.0,0.0,0.0,9073644.249379333,1862000000.0,cbec80ebf8887f19fc93775d0f1049c9aace6b90d2d4e43f296cecf558e25e98
LA-0886,886,dc352d6a5ba428a45d2b9dc47bc22c2273e69340ae726e6483d7d14ec3277db8,M2,A1_FINAL_NO_MEMORY_V1,PASS,a36328795c8e0ef45a346bce190b0a81450e4e0d58e6956d67ee270b026b90e0,8f87373ee01a6a0ef2b2f0c36b77fc683e2c02ea5247065fc7d72d22b2fb8514,d905ade7594684cf31442c28170d8c7ae5da3f979cb8867c958fb3320522d326,P4,0.0,0.0,0.0,0.0,0.0,270955658.0597606,NONE,NONE,R0,0,0,0,0,0,0,1,0,0,False,False,False,False,False,True,False,False,False,False,False,Q[NONE]|F[Crackers],1208039274.0091617,1208039274.0091617,0.0,1181483.0420123115,0.0,1181483.0420123115,h09,5,Katrina,1206857790.9671495,17956422.813426167,1188901368.1537232,1700380541.2307453,181576802.83364105,1.0,0.0,0.0,181576802.83364105,10400000.0,9557344.06438629,1680423197.166359,69027aa82d03a9a2be0f82b80f46b300b1e7a42e62997683f8efbd2b96c70387
LA-0887,887,7e151843b8c9f3033c1c6a2e64fa930eb8fe75490a6f0d9495c2d7e3291fb7ed,M2,A1_FINAL_NO_MEMORY_V1,PASS,18a2b86adadbfa42be622d702c33c842e177cb516306786f82b76301e7debee1,56cd8e0cd9bce19d5f80c6580b77dafebec6db1e5989bbadef9adc3ee4c220ab,64b7fda5eebdc49432eabc9a2de4166d2a810754fcdad25aad4f959340c974ab,P4,0.0,0.0,0.0,13889843.844327807,0.0,105205271.02146189,R0,NONE,R0,1,0,0,0,0,0,1,0,0,False,False,False,True,False,True,False,False,False,False,False,Q[NONE]|F[Water+Crackers],1219634309.4762516,1219634309.4762516,0.0,2379387.1100503225,0.0,2379387.1100503225,h09,5,Katrina,1217254922.3662012,16758518.745388154,1200496403.620813,1792785053.253499,89172290.81088735,1.0,10400000.0,0.0,78772290.81088735,0.0,9557344.06438629,1783227709.1891127,030a161c6489bc7f999d6cc2cc80465b2b7c39325029cdf8377d88fc3a9c00e1
LA-0888,888,aa6b80d4302ddc17be78cb57963bd2b1af2c4e430118c80a4decd25094b4b5ff,M2,A1_FINAL_NO_MEMORY_V1,PASS,db1aec1efdc95702a8d1f0283713f66fa568c5b7caa3d314d5164140bb39fc03,900f1708a38602805b5d277f8f7ebce798214aa55ce4a7b0e1a3f48a6f9aa033,0ff625e04086a67e00b2392ff9f3b7cfd82f247abb7329876dd8ffed6746ff31,P4,0.0,0.0,0.0,0.0,0.0,194094978.08298272,NONE,NONE,R1,0,0,0,0,0,0,0,1,0,False,False,False,False,False,True,False,False,False,False,False,Q[NONE]|F[Crackers],1224182024.4691343,1224182024.4691343,0.0,6362769.213978462,1593075.8699529727,7955845.083931435,h09,5,Katrina,1216226179.385203,11182060.771507043,1205044118.6136959,1743441655.34719,138515688.7171965,1.0,0.0,0.0,138515688.7171965,10400000.0,9557344.06438629,1723484311.2828035,1db4f609971f88979d7369e981376b9f8afa680821ff9a9135e092f21fa4b1b7
LA-0889,889,bd7281cc6145bfa727007cedacbce96bd33c37a958cb14e368c759fdbcda52b8,M2,A1_FINAL_NO_MEMORY_V1,PASS,b1f817e54787ded736d7be07ca4e767dfd49ea053561cbdb084862af99cc50d5,d8f495d14fc09c5685e2ea39d63e5c49176321a83bd30e1b10be5fd22f87b1e1,de6bc077be487128d263a6707d55729052a2f3f210e6dc5ac9f08224877ddaae,P1,18471835.941427257,497620.54080022505,0.0,0.0,0.0,0.0,NONE,NONE,NONE,0,0,0,0,0,0,0,0,0,True,True,False,False,False,False,False,False,False,False,False,Q[Water+Vaccine]|F[NONE],1233569084.9383616,1233569084.9383616,19137905.85543848,0.0,0.0,19137905.85543848,h09,5,Katrina,1214431179.0829232,0.0,1214431179.0829232,1871277174.0996501,0.0,1.0,0.0,0.0,0.0,0.0,9277174.0996501,1862000000.0,72b3cba6a12aa75f4b61b6774aa220b6f0b150045aeb8492f1a0700b4d37d15b
LA-0890,890,a923dd4dcfc74d3d775512a114cd0c68d831ada21063a55b288a909c2c62b105,M2,A1_FINAL_NO_MEMORY_V1,PASS,3a50ebea3f7509cc7802b59ad6170778050d6d0402bef89a9472bafecd815c51,ae3d73a64f2f2ae2c0272d328721e5e67efe30d1c71c6686e7c1b146d69b9a74,c5928d475a804b38823ff9ecf0ee4331a19bcb5b8704b5738b9084a5cb2268ba,P1,19877297.011643942,434474.2356407252,0.0,0.0,0.0,0.0,NONE,NONE,NONE,0,0,0,0,0,0,0,0,0,True,True,False,False,False,False,False,False,False,False,False,Q[Water+Vaccine]|F[NONE],1236510855.662824,1236510855.662824,19137905.85543848,0.0,0.0,19137905.85543848,h09,5,Katrina,1217372949.8073854,0.0,1217372949.8073854,1871330022.8120039,0.0,1.0,0.0,0.0,0.0,0.0,9330022.812003905,1862000000.0,3ae63df9f98abf3ce02c9915e69008ecacd749dda2ddb9414f0d13dea62c1a83
LA-0891,891,660a5251c6014b24da74ac86cceb95f9b95846079884ce51e564f76aa0a4bfc5,M2,A1_FINAL_NO_MEMORY_V1,PASS,305964ea4b0fc682baa53b5845b8a98429fbfd17e0c8190aecfa19e518349c88,a7f1d21dbff6d3c4842eac1f35b342eac79661c56fb0174f50e0240fee6de4de,bb8bfd732db990e3cda94468058a4d5ee058b0b0db184bff9fff25d16517dcd2,P4,0.0,0.0,0.0,13544225.979285296,0.0,187735646.40089867,R0,NONE,R0,1,0,0,0,0,0,1,0,0,False,False,False,True,False,True,False,False,False,False,False,Q[NONE]|F[Water+Crackers],1195124114.7865589,1195124114.7865589,0.0,7116113.160816626,0.0,7116113.160816626,h09,5,Katrina,1188008001.6257422,12021792.694621854,1175986208.9311204,1727403612.0197906,154553732.04459584,1.0,10400000.0,0.0,144153732.04459584,0.0,9557344.06438629,1717846267.9554043,39c607bf2faacfb0a365083f7d6342df4378e8a1b83b4c381eea4296946feec5
LA-0892,892,e130e348f913593e404e5b0d8249082940400a1954bdd8a597f872bdf8696f44,M2,A1_FINAL_NO_MEMORY_V1,PASS,4d15016c96d8076d8cf8ceccf28fd84c3d69fbfe1fa40a1b3c0aa306193765fb,f68aecbea48d33fcb635f2049b532d5ad0d98ba24d9c38f66520679b42d7ca6a,4bce9bcb2206a5c91c2b98fc6065a5244e92b288f93ada0bfc91e54cd2b248df,P4,0.0,0.0,0.0,14652549.977317285,0.0,44263488.39108922,R0,NONE,R0,1,0,0,0,0,0,1,0,0,False,False,False,True,False,True,False,False,False,False,False,Q[NONE]|F[Water+Crackers],1237386832.326878,1237386832.326878,0.0,5576843.715776079,0.0,5576843.715776079,h09,5,Katrina,1231809988.611102,13561062.139662398,1218248926.4714396,1840140267.8571765,41817076.20720984,1.0,10400000.0,0.0,31417076.207209837,0.0,9557344.06438629,1830582923.7927902,9d1787aa60b05678070ba1ab147e5d2f9445f86065c637adbfead461a0bbd4cb
LA-0893,893,ad9c6a813bfa72fbc5e8cb59a653f02e2b9f4fbe7e5d99a8f53e57ff8c95da22,M2,A1_FINAL_NO_MEMORY_V1,PASS,b97282aaacdf140b3da61f16205814a8aa2a58528425173c5825b257e52f949c,6fe7c16750fec90e8a52b4d76a6ea8dbce1cd85aaf697246a2afaf1e07855296,02905908640e96fb7a6213ddde40e3dbed78a807bedcdd9299073169b2fb3387,P1,15465046.098050518,632713.3391877883,0.0,0.0,0.0,0.0,NONE,NONE,NONE,0,0,0,0,0,0,0,0,0,True,True,False,False,False,False,False,False,False,False,False,Q[Water+Vaccine]|F[NONE],1225480003.945124,1225480003.945124,19137905.85543848,0.0,0.0,19137905.85543848,h09,5,Katrina,1206342098.0896854,0.0,1206342098.0896854,1871131854.306009,0.0,1.0,0.0,0.0,0.0,0.0,9131854.30600901,1862000000.0,e6cef3773dbf1152d191b067626eb05490106007b90e436bf58111d96ccbf077
LA-0894,894,7e662c6869de7f543eda3ec2be61465f3195b8e5fe96e3877496861913647fee,M2,A1_FINAL_NO_MEMORY_V1,PASS,4c433097b9561726e431135a5bebd73fcd95acb79a57ec9ce26e33570fee4486,9c43e6071087ec14ca8f0e24544a9b99a90e1f3d1eec91017ccd27ce7ef50b67,9e04d4b7326640fadaf315803902302bd04f6cfae32aee70631f36ce903fd1d8,P1,15087918.897321828,649657.3796922234,0.0,0.0,0.0,0.0,NONE,NONE,NONE,0,0,0,0,0,0,0,0,0,True,True,False,False,False,False,False,False,False,False,False,Q[Water+Vaccine]|F[NONE],1224237880.701807,1224237880.701807,19137905.85543844,0.0,0.0,19137905.85543844,h09,5,Katrina,1205099974.8463686,0.0,1205099974.8463686,1871109539.645846,0.0,0.999999999999998,0.0,0.0,0.0,0.0,9109539.645845942,1862000000.0,d121d409c354ff65353db50a5421534e5246ff9b15ac704df97fedded0b07892
LA-0895,895,8e0dcb221855d3c86af66e9a1ad4f7d36f9b3f7df7dbd24cf22a5d1289681ce8,M2,A1_FINAL_NO_MEMORY_V1,PASS,3c08d15e9b2a6870a2050ad9e53fa6fa9920100a89c0433daf0581bd9e429097,3a0738dc147fc44fa8290f831c6dedc9fe43f1b5ed0334bca3ab67a9fc01d040,0c411a03b1e3bfffbb40b61dd9777ab4f4544db60fefd614a8a0e03ea32290da,P4,0.0,0.0,0.0,13076408.130218718,1561135.7844002906,0.0,R0,R0,NONE,1,0,0,1,0,0,0,0,0,False,False,False,True,True,False,False,False,False,False,False,Q[NONE]|F[Water+Vaccine],1180051431.2246797,1180051431.2246797,0.0,2799249.7300797515,0.0,2799249.7300797515,h09,5,Katrina,1177252181.4946,16338656.125358727,1160913525.3692412,1870315733.0657022,11641610.998684198,1.0,10400000.0,1241610.9986841974,0.0,0.0,8315733.065702092,1862000000.0,39e2cd4393cbcb072fc06420f882685da78cb37b887c5347cd269fc9d1f6881c
LA-0896,896,24ae43a438e5db5f118a72ad93a0741789c35c3f4596402d10f4acd0d8696ba8,M2,A1_FINAL_NO_MEMORY_V1,PASS,0d3f34f35f334febebd71d1cf826b7078fa32429d230c47aad970f706924105e,fde8286fa85bb44bfd00efbbc6ad27f5b4055aecffc6698752bf792df8478aee,eb0223523589f433fc1ba9d98372340b49110ae22a35e0faaa8c5871b1c21c08,P1,17384965.558005214,546452.8068478426,0.0,0.0,0.0,0.0,NONE,NONE,NONE,0,0,0,0,0,0,0,0,0,True,True,False,False,False,False,False,False,False,False,False,Q[Water+Vaccine]|F[NONE],1230968019.681043,1230968019.681043,19137905.85543848,0.0,0.0,19137905.85543848,h09,5,Katrina,1211830113.8256044,0.0,1211830113.8256044,1871230446.1379995,0.0,1.0,0.0,0.0,0.0,0.0,9230446.137999505,1862000000.0,5c9029584ef77743eab68d704c3accb2a094074188a13f9d4b5cf0b8189839aa
LA-0897,897,3754f684dd6354b014e5ec35bbc6ddec8e1f620aa6a46ecf9acb67d06e5f6a06,M2,A1_FINAL_NO_MEMORY_V1,PASS,aa006e0ad6143ae3c1fc0f075962252d0956aadde4e306867cd2b6061ab62736,a44dabe8bf1b3adb61a7f4664f2a185ba19d14159a8b318b4aaca09433e269bf,99bc26716a41924f488eee7dba0edf408c88dedd57874b41d57ae8686d0deda8,P1,14494102.252166735,676337.1133955359,0.0,0.0,0.0,0.0,NONE,NONE,NONE,0,0,0,0,0,0,0,0,0,True,True,False,False,False,False,False,False,False,False,False,Q[Water+Vaccine]|F[NONE],1222151040.9726381,1222151040.9726381,19137905.85543844,0.0,0.0,19137905.85543844,h09,5,Katrina,1203013135.1171997,0.0,1203013135.1171997,1871072049.7110736,0.0,0.999999999999998,0.0,0.0,0.0,0.0,9072049.711073577,1862000000.0,8ea7b5b172c66b3badd80f6c7a476f4b346f64611d77f6569ac57fc21f4a1f26
LA-0898,898,7a84304475fd6ea505e639b6bdf4081edf6be03001c088e4d4de1fee14231a1a,M2,A1_FINAL_NO_MEMORY_V1,PASS,2b5b006ca09421b16137dbffa11b3499afba82920bba15204b5dfa0fe2b127d5,ce98d9afae69c1130268b62987ef2d3ffbcb4b5d63bc2e4d12b9a323322ecc54,ace30840e2202f12c95d132e5c1eb8a0e6c975c62c8932ec96a894a6b0cd6a72,P4,0.0,0.0,0.0,0.0,0.0,300385026.7788202,NONE,NONE,R0,0,0,0,0,0,0,1,0,0,False,False,False,False,False,True,False,False,False,False,False,Q[NONE]|F[Crackers],1202651283.1588168,1202651283.1588168,0.0,9708097.850458102,0.0,9708097.850458102,h09,5,Katrina,1192943185.3083587,9429808.004980374,1183513377.3033783,1686007966.4058821,195949377.65850422,1.0,0.0,0.0,195949377.65850422,10400000.0,9557344.06438629,1666050622.3414958,ed868f6b8afc99ce0543e3f89ed03c5f46d23faf47c0ff30aa510c03d8f7cf37
LA-0899,899,492485d80a5f2cab2e075599e542bb8df6b5f3f50b4ea87e558e3fb0c21f43b1,M2,A1_FINAL_NO_MEMORY_V1,PASS,ae7f07e4161149f994d4ad2188eafdc11c29c0219f155cc652aa9005aa022342,fc8ddfc7d31f821a94f0de9467983adf1a3924850a771c141ee7da805c876c87,2f8c86b99251c14c4f992d0d55756e0c768211f0def8e17aa1d1cb2a998a32b7,P4,0.0,0.0,0.0,17780031.11546363,0.0,287167725.2647508,R0,NONE,R0,1,0,0,0,0,0,1,0,0,False,False,False,True,False,True,False,False,False,False,False,Q[NONE]|F[Water+Crackers],1186195186.671349,1186195186.671349,0.0,2427967.1659723623,0.0,2427967.1659723623,h09,5,Katrina,1183767219.5053766,16709938.689466115,1167057280.8159106,1703585515.254933,178371828.80945322,1.0,10400000.0,0.0,167971828.80945322,0.0,9557344.06438629,1694028171.1905468,018dfbb86e4c6503c26d2e954caa656e7c73a0d82be4bac4c68a968544b77e33
LA-0900,900,e3d6e4fcfbfc4aa98bba15238b21324a67341ef1014882fd28236c53c36dce82,M2,A1_FINAL_NO_MEMORY_V1,PASS,676213eb84b165a97c4d47ab3b31931a0ce542a5d05fa69bb725226b3898d098,01d44610b01f724296a1a3721aee162e45860eb8a74793e859322b1efe7f14cd,db5f036ae6edf07c85d0d856857b9126d2bf78adf57dda24036a902e12c87065,P1,19200847.505949996,464866.60140362533,0.0,0.0,0.0,0.0,NONE,NONE,NONE,0,0,0,0,0,0,0,0,0,True,True,False,False,False,False,False,False,False,False,False,Q[Water+Vaccine]|F[NONE],1235148736.668372,1235148736.668372,19137905.85543848,0.0,0.0,19137905.85543848,h09,5,Katrina,1216010830.8129334,0.0,1216010830.8129334,1871305552.4362772,0.0,1.0,0.0,0.0,0.0,0.0,9305552.43627719,1862000000.0,863d541eb98ee1bb0e0fc2bf3feb00e3d03aadc32797ada029d0c20bc6375417
LA-0901,901,da674f2c5a79253899bbee3177fb488d4c8494e5ae10dc09a0c2bad34f3efdde,M2,A1_FINAL_NO_MEMORY_V1,PASS,bf9d93d9119ab94bcd21482b67b7c6d18a7eaab51f224a249ee785f713f208eb,439fc0594eff3041c48f70ccf98f56da86e659f1543f3de4bd91576a8a06bce7,2cf7c0d05348d351daf76347e3287c1addad9362cc720585067fb5ad96286e1d,P4,0.0,0.0,0.0,0.0,0.0,168555735.6862493,NONE,NONE,R0,0,0,0,0,0,0,1,0,0,False,False,False,False,False,True,False,False,False,False,False,Q[NONE]|F[Crackers],1228397068.91589,1228397068.91589,0.0,3485428.661005347,0.0,3485428.661005347,h09,5,Katrina,1224911640.2548847,15652477.19443313,1209259163.0604515,1754685371.8611557,127271972.20323066,1.0,0.0,0.0,127271972.20323066,10400000.0,9557344.06438629,1734728027.7967694,2e6797f21b5defa0c72af148b991459f516388bd734f73cecd1d470ef23fa300
LA-0902,902,7aa96a0ad44a8a022edfe11070387aba04e2e307031494d3782f95f5c32b8d2f,M2,A1_FINAL_NO_MEMORY_V1,PASS,bf0eae2c097e78abdb49f0d2b3e496733163f318efd04a31201e46d02c6a4417,c0fd027d5cb03e039fe6810a2fa2f0b1faef14528760f502641c91e8a8dc9ae4,64041f34fd611fc670fb97ba330243b10a039dca6709148bf69646648748f791,P4,0.0,0.0,0.0,0.0,0.0,466307544.3917347,NONE,NONE,R0,0,0,0,0,0,0,1,0,0,False,False,False,False,False,True,False,False,False,False,False,Q[NONE]|F[Crackers],1199147983.3026912,1199147983.3026912,0.0,6575671.281996492,0.0,6575671.281996492,h09,5,Katrina,1192572312.0206947,12562234.573441986,1180010077.4472528,1676662843.0167289,205294501.04765752,1.0,0.0,0.0,205294501.04765752,10400000.0,9557344.06438629,1656705498.9523425,642426ad1b57bb67ddfab87fd048bc2818d2fca97e83eb598817ac73af28d2f1
LA-0903,903,8d8c65282fcfa21f6ab81e339a81dbe1f53feabb4e1d999d367387d27ef67489,M2,A1_FINAL_NO_MEMORY_V1,PASS,8e87930feb3493caeb03c9fb08ef3fa89fbc7cf3508fbb1eba5b5f0ddab360b0,ab3bafaaa1feb382c64c6eb5644c0f58bf5ca906b5a0e05220cbae2d81f07d63,cd4a465ae8d11d76d3efb06d8c97f3831a71b4fc74602ae41324576520f06834,P4,0.0,0.0,0.0,11050017.40816722,0.0,39798433.928712904,R2,NONE,R2,0,0,1,0,0,0,0,0,1,False,False,False,True,False,True,False,False,False,False,False,Q[NONE]|F[Water+Crackers],1235122476.7666457,1235122476.7666457,0.0,3275759.30633123,1983757.1921548182,5259516.498486048,h09,5,Katrina,1229862960.2681596,13878389.356952429,1215984570.9112072,1834100053.4946275,47857290.569758944,1.0,10400000.0,0.0,37457290.569758944,0.0,9557344.06438629,1824542709.430241,36cc9c4df5ff2af9a681c7b55ac330fe9a501e31596d30e732e4d58c36c5c6d3
LA-0904,904,9b89d7ba88535ab02814fa313f1c5ebb571967f208e00c5463ecc771fe647f16,M2,A1_FINAL_NO_MEMORY_V1,PASS,f46629a770f55a57ebb5777b9560558119e1cf4f1a21cfe9094d77662b97d9e6,7945b859b4668614509cafd5e9b8a7fe6021110ed9329bef94f6d8c2e506e09a,8fefc123ee1ad5c1aa680f8304f5c560846a6b433e98f60cd304eac8d2d996ee,P4,0.0,0.0,0.0,0.0,0.0,162495926.02987766,NONE,NONE,R0,0,0,0,0,0,0,1,0,0,False,False,False,False,False,True,False,False,False,False,False,Q[NONE]|F[Crackers],1226056534.1067307,1226056534.1067307,0.0,3459513.831991692,0.0,3459513.831991692,h09,5,Katrina,1222597020.274739,15678392.023446787,1206918628.2512922,1748441947.807701,133515396.25668526,1.0,0.0,0.0,133515396.25668526,10400000.0,9557344.06438629,1728484603.7433147,921ec97e9a4be6bf3132f9d95a5aa6578826d2e182d3d8e1a57f4b63a95e1c44
LA-0905,905,0566989455b3cd4b1c72bcca08138b541c4894f343cabf6891ca282cfcbde522,M2,A1_FINAL_NO_MEMORY_V1,PASS,10e42959374a630dd8a5ddbd2131e83fcaf147928e3c6c620ecabfe444e405a1,60d2de1a3ed05be54885015b335033cc06068e6e0e67b2521ed35672c7d160ad,7bc2e722260480b375cb13626456203cc23ef36d95a1bd5861f822e1728677c4,P4,0.0,0.0,0.0,0.0,0.0,222109267.89840332,NONE,NONE,R0,0,0,0,0,0,0,1,0,0,False,False,False,False,False,True,False,False,False,False,False,Q[NONE]|F[Crackers],1220306356.9214666,1220306356.9214666,0.0,7013158.973481087,0.0,7013158.973481087,h09,5,Katrina,1213293197.9479854,12124746.88195739,1201168451.066028,1733103233.591781,148854110.4726054,1.0,0.0,0.0,148854110.4726054,10400000.0,9557344.06438629,1713145889.5273945,ca4bb42b612c9d5d1394be6ea70016713907d0fbe9eba09ff4dca4e97b7373d6
LA-0906,906,7e89524fd5211364f19e986aa9f2ad7af33ae72a5416dee2ab9e98f2cba493dc,M2,A1_FINAL_NO_MEMORY_V1,PASS,c74e5bc41ac6378426bf7bdf8b9ce03211135d6064727426c2c5ea7976fc6f77,2194f67ad91a67b6a624f4eb0e4b6c5c0148d8c2722933c212f62c917786bce0,58f02884f5752a9d18af60aa47bc7e62707c520a471d0fb3b9cb1d68cd202f4e,P1,17634780.556591168,535228.8075009973,0.0,0.0,0.0,0.0,NONE,NONE,NONE,0,0,0,0,0,0,0,0,0,True,True,False,False,False,False,False,False,False,False,False,Q[Water+Vaccine]|F[NONE],1231594246.9945142,1231594246.9945142,19137905.85543848,0.0,0.0,19137905.85543848,h09,5,Katrina,1212456341.1390758,0.0,1212456341.1390758,1871241696.2693856,0.0,1.0,0.0,0.0,0.0,0.0,9241696.269385524,1862000000.0,94a44e77ca5db7271c758fad25e8516c529b0f5b3d879fb80478add425de2cc1
LA-0907,907,ab0b01036759ea293f6a11b4147bce84c737a610de4cedc849a92596ed3c51a2,M2,A1_FINAL_NO_MEMORY_V1,PASS,671ca5edea0561a111d10e9134b23048e8d41f91d1d815cfa9f5aab7eca33dba,38efb9fc27394610f419cd0640291b0adae6d8d124aba455385e22c39adf82ec,761a2241eddb4f57e2173d0fb99cefe6afd26b71f905a1f54f5ebaf588d1b345,P4,0.0,0.0,0.0,423458.97473498335,969466.4390675274,0.0,R0,R0,NONE,1,0,0,1,0,0,0,0,0,False,False,False,True,True,False,False,False,False,False,False,Q[NONE]|F[Water+Vaccine],1233389844.7148135,1233389844.7148135,0.0,5362147.257305523,0.0,5362147.257305523,h09,5,Katrina,1228027697.4575078,13775758.598132953,1214251938.859375,1880876655.6847563,1080688.3796301167,1.0,328536.7534482088,752151.626181908,0.0,10071463.246551791,8805192.438204382,1862000000.0,b4443f018f55772cb9ccd6546d2b3dfc557efa9bdcd5422e41f5ca2deaa98b7e
LA-0908,908,148ec6373d797adce1934dbb95070b06a87ee8ebecf520a3c915c70c6bfdcc99,M2,A1_FINAL_NO_MEMORY_V1,PASS,5787c9ccd0dba125ab17b8c0d48f9743c7a9732fa4e89877681a7a99d9feff2e,956f3633b00e484d4d89619a358bcccc0c783f1d72b908c8a9aac4c66968abc4,ac5d118487bdd57a89c6303995af15b7afe7325124000f50415d9e1132e86320,P4,0.0,0.0,0.0,16187110.014876911,0.0,195983272.4326692,R0,NONE,R0,1,0,0,0,0,0,1,0,0,False,False,False,True,False,True,False,False,False,False,False,Q[NONE]|F[Water+Crackers],1201960846.762148,1201960846.762148,0.0,4941930.876320496,0.0,4941930.876320496,h09,5,Katrina,1197018915.8858273,14195974.979117982,1182822940.9067094,1745640733.166795,136316610.89759132,1.0,10400000.0,0.0,125916610.89759132,0.0,9557344.06438629,1736083389.1024086,27c9037ac67a82cb931d72bd4f5bcad55ceb9e33728edce8e303891357127db9
LA-0909,909,943af5b4927aacb94d1b9f8cc261cabeb24b0e3858149fb64d0248aebec1ca32,M2,A1_FINAL_NO_MEMORY_V1,PASS,9e3d3ec3c6a92028929570a3ab5af41a57cdecaaf0995e13c0ece82cfc43741c,ff162f2d11f29733e2e3837a44c62119d0698842d2d4635fe8b55197f40e1ea7,c3af7bb18dc974b270ff7112072fb868b64e92268b05ec212dbf9b787383433b,P4,0.0,0.0,0.0,15393479.376301436,0.0,52707772.371661,R1,NONE,R1,0,1,0,0,0,0,0,1,0,False,False,False,True,False,True,False,False,False,False,False,Q[NONE]|F[Water+Crackers],1235815012.6274734,1235815012.6274734,0.0,5413145.106936408,2061750.8158140318,7474895.9227504395,h09,5,Katrina,1228340116.704723,11663009.932688039,1216677106.772035,1835947406.9432714,46009937.121114984,1.0,10400000.0,0.0,35609937.121114984,0.0,9557344.06438629,1826390062.878885,77a66822d279e4fef9765f6b322951b0c29435c64c6a947be0d38484ed3677a1
LA-0910,910,d2bb792cdf2fdfec29cbe0116d88f9888be70591a283e8ee270a8a3792f47299,M2,A1_FINAL_NO_MEMORY_V1,PASS,0d022cb42f4ab7ed38b4d184cc468b0de91abda0339defe6c074b080dd3c5c02,7c4ee51cfed5adf78b5bf3dbdcfb50643ce0595a9579cd47a8363548f6499a11,47c45cf8f1aa523a41f3ed0eb8c751658c844b24bff6238a26dfbd4e25f081d1,P4,0.0,0.0,0.0,0.0,0.0,321717695.0256252,NONE,NONE,R0,0,0,0,0,0,0,1,0,0,False,False,False,False,False,True,False,False,False,False,False,Q[NONE]|F[Crackers],1208709081.4587286,1208709081.4587286,0.0,5299279.466801177,0.0,5299279.466801177,h09,5,Katrina,1203409801.9919274,13838626.3886373,1189571175.60329,1702167266.1815748,179790077.88281164,1.0,0.0,0.0,179790077.88281164,10400000.0,9557344.06438629,1682209922.1171885,6d45bc3c55806e6aa82f789c45f3e0bfa644b1ebbb3869f6708af9f1e72f8cce
LA-0911,911,1fab38f857865f857de302b4f6ff2ab2455b67b4c9460828748396f36d346d99,M2,A1_FINAL_NO_MEMORY_V1,PASS,9b15e2eec7982e997d398c8d6d70e0b6ca53eca970626bde9c7beb4a5297810a,0bf9de6c570c8f772d35db250b0ebcd30773559c6adebf20f09be4f230868341,96cd254e89ac51ec5675d40c423853284ff2ae534d6cab998064c42c50f72904,P2,13945487.894761518,0.0,0.0,0.0,0.0,108731789.69122693,NONE,NONE,R0,0,0,0,0,0,0,1,0,0,True,False,False,False,False,True,False,False,False,False,True,Q[Water]|F[Crackers],1219042788.8936634,1219042788.8936634,9032492.509437036,3169243.775356074,0.0,12201736.284793109,h09,5,Katrina,1206841052.6088703,6936169.570645369,1199904883.038225,1791207160.1074574,80350183.95692888,1.0,0.0,0.0,80350183.95692888,0.0,9557344.06438629,1781649816.043071,59e18915298b454a5dd121caee82b71870b1157454e610ab71f3ad4ebf7c96dc
LA-0912,912,6f0922c36446024ce6f1ea90ad99ff8c0f3a14d53346d2de9f21f2cefa469d44,M2,A1_FINAL_NO_MEMORY_V1,PASS,accf784649e66581ed403ff9e55024ad474612fe1b1fe1e9c3ef30b19797e028,ed8e3406727dfafe99cf0665ecd5c76169508c0d7b71751297e4acfbaa48cb7e,5b919e0843fa795ae11ea6c894292211d4f7b52d4466911b83809f17fe622cfc,P4,0.0,0.0,0.0,12380152.523515355,998487.1847715285,0.0,R0,R0,NONE,1,0,0,1,0,0,0,0,0,False,False,False,True,True,False,False,False,False,False,False,Q[NONE]|F[Water+Vaccine],1202474425.349511,1202474425.349511,0.0,5226680.667358873,0.0,5226680.667358873,h09,5,Katrina,1197247744.682152,13911225.188079603,1183336519.4940724,1870718560.640523,11238783.423863284,1.0,10400000.0,838783.4238632849,0.0,0.0,8718560.640523005,1862000000.0,d0c9107737a2280ce9bd20ea20b5a91c07463ddf29e51b411e443e0e344253f7
LA-0913,913,132e1c63be0d88f31cc023ff2ef6d20b57c18f5962a09b812b00fc5c77926117,M2,A1_FINAL_NO_MEMORY_V1,PASS,29b63f1fabf2a717f0db74655d422cdc7219c6e106c5228376f1833ad09bff76,e78111eaf44dd1f6b93704aa8ea957d43f43e08325f0ba9312385059ee6bdacc,e12a1239e8ae8d20932ada374e81647952487ee243d840c07887ca48e1740155,P1,14178550.931384305,690514.596086353,0.0,0.0,0.0,0.0,NONE,NONE,NONE,0,0,0,0,0,0,0,0,0,True,True,False,False,False,False,False,False,False,False,False,Q[Water+Vaccine]|F[NONE],1220970980.6050298,1220970980.6050298,19137905.85543848,0.0,0.0,19137905.85543848,h09,5,Katrina,1201833074.7495914,0.0,1201833074.7495914,1871050850.0062804,0.0,1.0,0.0,0.0,0.0,0.0,9050850.006280387,1862000000.0,73ca4889d912befa5a71c1d48460045b1bac4ac2519ad752146128da19eaab53
LA-0914,914,ee8287c989d9f42998cac1b0ade9bc594e098eb99d83ed33e878189f5cc95b45,M2,A1_FINAL_NO_MEMORY_V1,PASS,976bf8bb064c0831dee1e0e54c194f53644431b0a94b294ff93cf1100cd84c00,663f493f16f0700e13d30c199b9ffec8598ea4a3081af7144c9ab504b83bf900,5781a113e0147f440d32596ad5362f958cee8a07f32c8cd8365aced4e52793e2,P4,0.0,0.0,0.0,20834416.584864948,0.0,197240916.1613329,R0,NONE,R0,1,0,0,0,0,0,1,0,0,False,False,False,True,False,True,False,False,False,False,False,Q[NONE]|F[Water+Crackers],1212254701.0327225,1212254701.0327225,0.0,6883986.217102075,0.0,6883986.217102075,h09,5,Katrina,1205370714.8156204,12253919.638336403,1193116795.177284,1773099798.122446,108857545.94194025,1.0,10399999.999999996,0.0,98457545.94194025,3.725290298461914e-09,9557344.06438629,1763542454.0580597,2c6feea5087f6027c79af1c3e4d86fd30260fd5005a79d819b1f01418ee1aade
LA-0915,915,e58672579ae09ec124663f1099e1b7314845f690492baa0ca85c6f14acb8d502,M2,A1_FINAL_NO_MEMORY_V1,PASS,c79966af7c6b29f27782d69ac7dde0823b9293317119f9e09747a6e2df7fe81e,1d4dd5dac633864084ef089cf68f84e71993ba6710a9f87bbb9fb4b39b592a2c,9ef6f90804d58ef4812f37b0937ef8fd794b5c620665bcaecc824d71e6cb3f5a,P4,0.0,0.0,0.0,0.0,0.0,226914813.19515702,NONE,NONE,R0,0,0,0,0,0,0,1,0,0,False,False,False,False,False,True,False,False,False,False,False,Q[NONE]|F[Crackers],1220325174.7946546,1220325174.7946546,0.0,7955693.725271636,0.0,7955693.725271636,h09,5,Katrina,1212369481.069383,11182212.130166842,1201187268.9392161,1733153430.6500077,148803913.41437867,1.0,0.0,0.0,148803913.41437867,10400000.0,9557344.06438629,1713196086.5856214,9c33b1899f0a36b1cb9fa32dcdb6c03240a60ececb550c5e06b7e65b40a4cd67
LA-0916,916,c6e6f7a688502f97b5baa067225c49777373c2dc1378cdb460f5d4a4d5f08b90,M2,A1_FINAL_NO_MEMORY_V1,PASS,b01cfc34ca1938b0fca6e8ad833e14cfd0cab936992cd4700182c00f3473faaf,07f6f7a0117d15a66cfab1eae077f3897d563e3b684d63dc44a605b3f819ba8f,e14a61efce69d0b43a7c80734e1721d8e02f94e0552ae7dd7691a13a0939ef24,P4,0.0,0.0,0.0,16936722.209551238,0.0,126330346.4287357,R0,NONE,R0,1,0,0,0,0,0,1,0,0,False,False,False,True,False,True,False,False,False,False,False,Q[NONE]|F[Water+Crackers],1220083827.659578,1220083827.659578,0.0,4506302.3251594,0.0,4506302.3251594,h09,5,Katrina,1215577525.3344188,14631603.530279078,1200945921.8041396,1793984152.1206741,87973191.94371219,1.0,10400000.0,0.0,77573191.94371219,0.0,9557344.06438629,1784426808.0562878,4c944cee4e7386d2830de072397f8e2e460cccdfed0e0b13bdefa39d3ec6e655
LA-0917,917,53b2f126dadb2bfdb0db5f2365c08e9d960d901a7515d6cd3bfe3def58112185,M2,A1_FINAL_NO_MEMORY_V1,PASS,4f46ac05aefd2e9d9d5e32a17aeaa299346b7b5ceb4e01add6d524866dab3c36,1d4250f66a7d0368c1f536bb93430ae8c39074def63b01db8834f226c3790a90,95c2a707ad83f619d149789cc352433003b331cbc5a1fe25d8ce8af6d693d684,P2,14681241.354140017,0.0,0.0,0.0,0.0,91526193.76050085,NONE,NONE,R0,0,0,0,0,0,0,1,0,0,True,False,False,False,False,True,False,False,False,False,True,Q[Water]|F[Crackers],1222659294.76379,1222659294.76379,9509040.02507649,3260022.2990702186,0.0,12769062.324146708,h09,5,Katrina,1209890232.4396431,6368843.53129177,1203521388.9083514,1800854262.834001,70703081.23038521,1.0,0.0,0.0,70703081.23038521,0.0,9557344.06438629,1791296918.7696147,d6ca21c6f1534e91bf6afc09a84c9554e4eff242e4c7921b0d111f2df4eccbef
LA-0918,918,f915c002b7595d6919c35ef0a1d53f7e1c94a4e7b910d1ce409454de4500b1f5,M2,A1_FINAL_NO_MEMORY_V1,PASS,c9739e6de9c538e0689078a85acb9ac1c4e00077635af8709d48ce198ce492fd,94dfe22ea4179a5532e4fa3ffb3576ea216a1982aab4bc8576054ac3eb2e4c1f,e3c2ba4335ef48ad051be689dcba67ea42731c03835b741a3ecb7a0ca34b7f46,P4,0.0,0.0,0.0,29206678.09099315,0.0,564389188.9968939,R0,NONE,R0,1,0,0,0,0,0,1,0,0,False,False,False,True,False,True,False,False,False,False,False,Q[NONE]|F[Water+Crackers],1173825070.100649,1173825070.100649,0.0,4904706.463730553,0.0,4904706.463730553,h09,5,Katrina,1168920363.6369185,14233199.391707923,1154687164.2452106,1670587978.5213122,211369365.5430741,1.0,10400000.0,0.0,200969365.5430741,0.0,9557344.06438629,1661030634.4569259,c9926fbb9d1222832b53279f108e70a3c92036b0aac9d1460fd697fedd0f5b3d
LA-0919,919,8ae12f4ee6def6d39debe252f82181a0157c9834405d32dce6602884baf15309,M2,A1_FINAL_NO_MEMORY_V1,PASS,a73715715775f26cd6dd6c1ebed1e3bc9223ab31a1846fdf27a4bce681a79cc7,576e362667ec57f60156a144fe7913adc7e09ee9578c1e6512cbc27bc59b6d02,6b88b62c00593aef38cbcd787b009c4641c029bc68bc6e708d7f44ecea8e4f7a,P4,0.0,0.0,0.0,27924629.92771194,0.0,150493390.85483512,R0,NONE,R0,1,0,0,0,0,0,1,0,0,False,False,False,True,False,True,False,False,False,False,False,Q[NONE]|F[Water+Crackers],1228153035.7988544,1228153035.7988544,0.0,6007548.736036692,0.0,6007548.736036692,h09,5,Katrina,1222145487.0628176,13130357.119401786,1209015129.9434159,1815508928.4204936,66448415.643892735,1.0,10400000.0,0.0,56048415.643892735,0.0,9557344.06438629,1805951584.3561072,e2419a975b8bd831990d9c59e139df8cb191c545ab39f59ae69f48642e288d8c
LA-0920,920,facc5e6b1b8b087f1db54b46a7ac8329a7c54bc20cfe54e9276d641b5492e508,M2,A1_FINAL_NO_MEMORY_V1,PASS,5c146b4d3cb853c7790802452f761b12074c26b12743dda907b2441b23c27dcc,7a134e3e4c259ef7ee7578247d6a6f22738897757b42bbe1052610b6d604235f,c01dd2fe329f76135f44b1a20d3d7a24f75c89b5e71460412031fd21e6d67ca4,P4,0.0,0.0,0.0,15409295.456428189,0.0,85892617.4094181,R0,NONE,R0,1,0,0,0,0,0,1,0,0,False,False,False,True,False,True,False,False,False,False,False,Q[NONE]|F[Water+Crackers],1227432517.4443557,1227432517.4443557,0.0,3580521.013586389,0.0,3580521.013586389,h09,5,Katrina,1223851996.4307694,15557384.841852091,1208294611.5889173,1813586931.1026893,68370412.96169733,1.0,10400000.0,0.0,57970412.961697325,0.0,9557344.06438629,1804029587.038303,662cad4375e04c7264626ad806c395cc959dee4437138960f86d88be903bb782
LA-0921,921,d8451c7b32c1dc3e8114533677b31fc780f2634a99a80ddf70e4272b8c26355d,M2,A1_FINAL_NO_MEMORY_V1,PASS,c1a0baa42c58bb554335e0e60e458fa9b3d55ce9da264c22d2fc3f501512ad02,cbe21fbd918bef77e3a2e75ed61c79a6fdd08c5d414f995bec43c671fdbfd0b7,bca8072312a5c7f7204e0fd6dd68857b2eea2b6dc0aa817e3192d9b496955217,P1,15759511.712314371,619483.2213771129,0.0,0.0,0.0,0.0,NONE,NONE,NONE,0,0,0,0,0,0,0,0,0,True,True,False,False,False,False,False,False,False,False,False,Q[Water+Vaccine]|F[NONE],1226408538.35541,1226408538.35541,19137905.85543848,0.0,0.0,19137905.85543848,h09,5,Katrina,1207270632.4999716,0.0,1207270632.4999716,1871148535.363969,0.0,1.0,0.0,0.0,0.0,0.0,9148535.36396902,1862000000.0,a6c857887d7575eec0b6c67ad1d0b1f12415b8b437867b6ec38ad6b421aa0a86
LA-0922,922,b8d517ce6296bbcdc203cc85932e1d446893b5043ec89f38c4bcc2164b03dff0,M2,A1_FINAL_NO_MEMORY_V1,PASS,441bd2f611feef07d09313211946b25471f5136ae6636539ade763f607361c11,d4e8d5965f6744e9043bf67fd34fa7f2aa1921c1b38b2de59d3dddccab9a7d06,ce8f75d54fe1720e06b8e3d2458882a41891a70174e0253e0b0cbdd43d80bdaa,P4,0.0,0.0,0.0,14669453.988549847,0.0,169642251.19150352,R0,NONE,R0,1,0,0,0,0,0,1,0,0,False,False,False,True,False,True,False,False,False,False,False,Q[NONE]|F[Water+Crackers],1204078052.5074265,1204078052.5074265,0.0,2207699.462344428,0.0,2207699.462344428,h09,5,Katrina,1201870353.045082,16930206.39309405,1184940146.651988,1751288422.4147644,130668921.64962201,1.0,10400000.0,0.0,120268921.64962201,0.0,9557344.06438629,1741731078.350378,b918b14c21d9f8799b3d1d849c90ee84403fdd5ae50bf7adb5156126019dd811
LA-0923,923,86df9f8970c879fac20b8e9ef711983d5c6e554b1ebdb54b3419449ed043fa9f,M2,A1_FINAL_NO_MEMORY_V1,PASS,9ef406e29fb778246068c68b82aa2de1369f6e7de454b23e67f454cce72c1a52,41ec494158d9deefba4d8141a4de59083582ecc62e4d1096958666761cdc1f20,7e1731cf2792fda4b1935cf6e6dc73ae15fe27ec72273460bc424e057c38422d,P4,0.0,0.0,0.0,12781263.873211432,2128347.66192606,0.0,R0,R0,NONE,1,0,0,1,0,0,0,0,0,False,False,False,True,True,False,False,False,False,False,False,Q[NONE]|F[Water+Vaccine],1152764579.8615081,1152764579.8615081,0.0,41367.29671872924,0.0,41367.29671872924,h09,5,Katrina,1152723212.5647893,19096538.55871975,1133626674.0060697,1869825526.6241388,12131817.440247355,1.0,10400000.0,1731817.4402473555,0.0,0.0,7825526.624138935,1862000000.0,7fd9ffa30f8f7067a19467bfcab6cf78b939075095a0aacec61126c0b216d7ae
LA-0924,924,644cc77bdb375f8f6c96fa36295b971ac0b62af31e282103a28c9a533d6053fc,M2,A1_FINAL_NO_MEMORY_V1,PASS,d0bcfa52f3cb0cd7257bd13b7cd1664c531e9f8d57fd079bf26c7b3c89e3a462,a13f55a4d5df1bab1b61e494a1f28cb81c5ded5114c3aa373ffa3ea626d36185,1813fa04e71d52e5b2588b2d6b237149f3ad2c89e4e1c5a3dc655fd6a2eaee84,P4,0.0,0.0,0.0,11234751.43596256,323947.7978014698,0.0,R2,R2,NONE,0,0,1,0,0,1,0,0,0,False,False,False,True,True,False,False,False,False,False,False,Q[NONE]|F[Water+Vaccine],1232472045.4379601,1232472045.4379601,0.0,2698027.0168292196,3871640.5618247706,6569667.57865399,h09,5,Katrina,1225902377.859306,12568238.276784487,1213334139.5825217,1871257465.8591285,10699878.205257919,1.0,10400000.0,299878.2052579193,0.0,0.0,9257465.85912837,1862000000.0,454e562e44cbabe71a9f8d8b15ec948d3d2ec3901bcd5b5db14d525235e3c705
LA-0925,925,4dfda4bc0ee7248e080300b564d60d5217502a1f39ef08a8cf411018fa42116e,M2,A1_FINAL_NO_MEMORY_V1,PASS,0f72984f2590bedab3a580df46815199ca4146f93dbcfc2193811c8ab3dc9576,77c99e40d35c344e62b05025b5418da1eec0553b2c31074f98c7abab17dfa2fb,5347f99f745abbd2a395d29a46d94165ed289b7fbe9f33c7d6d5d21d75d260c6,P4,0.0,0.0,0.0,0.0,1515150.0263708746,0.0,NONE,R0,NONE,0,0,0,1,0,0,0,0,0,False,False,False,False,True,False,False,False,False,False,False,Q[NONE]|F[Vaccine],1227665391.629992,1227665391.629992,0.0,8627919.44117886,0.0,8627919.44117886,h09,5,Katrina,1219037472.1888132,10509986.414259618,1208527485.7745535,1881087061.7593877,870282.3049986497,1.0,0.0,870282.3049986497,0.0,10400000.0,8687061.75938764,1862000000.0,5467b144430ed98490db61bb551dddd27569664eec1d43c8fb7759b896387b35
LA-0926,926,865c0fe1a9365d3840774e5c5ed1646f9d29a10f925f7e663f4e726855231663,M2,A1_FINAL_NO_MEMORY_V1,PASS,5bbf0579fa99b0b106256a5f06bddf9d1918c3fc1e3c8f21688f4f725c118cb3,1475ef2b51cd46834f5c89180cdbff6eb35a9ef2619535098853948f0a45c0eb,c60d7c7bbeaba1dffde65dc630cba0b1b05b06e482e1af47a9eaca3da7eaa627,P4,0.0,0.0,0.0,14083205.055425528,878409.8486533037,0.0,R0,R0,NONE,1,0,0,1,0,0,0,0,0,False,False,False,True,True,False,False,False,False,False,False,Q[NONE]|F[Water+Vaccine],1213056464.9792695,1213056464.9792695,0.0,2913247.037633844,0.0,2913247.037633844,h09,5,Katrina,1210143217.9416356,16224658.817804635,1193918559.123831,1870908666.2676744,11048677.796711832,1.0,10400000.0,648677.7967118315,0.0,0.0,8908666.267674457,1862000000.0,bf055d14e63ba5bccf2081d32314c860154a97d8220a1087a8aa2460572baf8e
LA-0927,927,180dc572142d09eae64ab1ff4cdef1f3b9eae566ddd5fbe1049bd9da1419be57,M2,A1_FINAL_NO_MEMORY_V1,PASS,fd3731426c76e6c372d2e26aebdf97461dd98fd10ebe8937247335e4a52ca1c7,d8ff1d43537fef6c7e3b80efbfb0468334565b132d095a4a505543b883f497fc,6b44ce2ee9ed46c08ee6233a14c61ec50a7864b4242441cff7a6c1129ffa94a5,P4,0.0,0.0,0.0,0.0,0.0,176314552.13452187,NONE,NONE,R1,0,0,0,0,0,0,0,1,0,False,False,False,False,False,True,False,False,False,False,False,Q[NONE]|F[Crackers],1227771228.688384,1227771228.688384,0.0,7542687.411854168,1462741.3772031728,9005428.78905734,h09,5,Katrina,1218765799.8993268,10132477.066381138,1208633322.8329456,1753015930.3665287,128941413.69785765,1.0,0.0,0.0,128941413.69785765,10400000.0,9557344.06438629,1733058586.3021424,001eeff30cf5e41c4848cec7e3016009d227b36b594bfcfadf9d7bff3d35461d
LA-0928,928,3876c4b5409bb53973ba98f41564b3c80296a2ec3754233040481a971535c43b,M2,A1_FINAL_NO_MEMORY_V1,PASS,c0e9ae07917f05d36a42229f5bd3a855854ec3c7674c9b55f6b49636fb79af5b,477f70c81db1b9f7b1d31f133723dafe6666fd7fdda43512cd587b5a177e0b33,d7c89226b704096b48ea1c3f6932ebb4b1426ecf9634381f4a37edaf6c900551,P4,0.0,0.0,0.0,0.0,1182846.3704354228,0.0,NONE,R1,NONE,0,0,0,0,1,0,0,0,0,False,False,False,False,True,False,False,False,False,False,False,Q[NONE]|F[Vaccine],1234076341.462944,1234076341.462944,0.0,2909470.5850500655,1938804.9153641404,4848275.500414206,h09,5,Katrina,1229228065.96253,14289630.355024269,1214938435.6075056,1881202234.040089,755110.0242974428,0.9999999999999998,0.0,755110.0242974428,0.0,10400000.0,8802234.040088847,1862000000.0,144961a1608e4c6f3fd20f564cda428ecf33f637f44c276a3663f1c6e9a6d03b
LA-0929,929,c90fe358f2a680438d98c93b67b3bbfc99d084a3c0027d775a0d0d850db28b6a,M2,A1_FINAL_NO_MEMORY_V1,PASS,a7417f389367ad4f753ad6f1330e84dfcf3b7ae8661997cb30431a472a9f934e,0cac7973d86085d1b673e2d82c0e474fdc454a620351f474a49efcfdaf71847a,e82ce85b7235b874abd8ca39f7465597a1b77f83b93da9d2a1d9460a04275a1f,P4,0.0,0.0,0.0,0.0,0.0,228729796.6868472,NONE,NONE,R0,0,0,0,0,0,0,1,0,0,False,False,False,False,False,True,False,False,False,False,False,Q[NONE]|F[Crackers],1224443965.4041293,1224443965.4041293,0.0,9659831.777990693,0.0,9659831.777990693,h09,5,Katrina,1214784133.6261387,9478074.077447785,1205306059.5486908,1744140388.1016576,137816955.96272883,1.0,0.0,0.0,137816955.96272883,10400000.0,9557344.06438629,1724183044.0372713,9fe572d164771a667dac0883be1df7a8c4825f1c3ae51a8ea11160bc7c484ca0
LA-0930,930,d733d147cd567bc1b4389530bbaa6a62ee7daa1f91430d98a94b27d7c899856c,M2,A1_FINAL_NO_MEMORY_V1,PASS,b097c6682dd17150ea12ea3ea0e4ab65978495f5d7c2373a87797a5a416273c0,5512873538bca09decf7a7b67a3a68d0452c9d2b691d0effe341be87fe86216a,b5a239f855835e5fa85787799c7d5f27f4b7b3b295efbaf3366561aa22bc292a,P4,0.0,0.0,0.0,16047573.49593032,0.0,35138711.785304464,R0,NONE,R0,1,0,0,0,0,0,1,0,0,False,False,False,True,False,True,False,False,False,False,False,Q[NONE]|F[Water+Crackers],1240627528.9231884,1240627528.9231884,0.0,5899990.219352915,0.0,5899990.219352915,h09,5,Katrina,1234727538.7038355,13237915.636085562,1221489623.06775,1848784891.7269757,33172452.337410577,1.0,10399999.999999998,0.0,22772452.337410577,1.862645149230957e-09,9557344.06438629,1839227547.6625893,b1973be6b6a6294f7fc629ac2f02ad30f1b09f04f5fe7c8a6ede0823c4be6387
LA-0931,931,f78111fd83629cd3566f605ec444dedf6ee71ab83de3b78f6fe6e438534bdbf6,M2,A1_FINAL_NO_MEMORY_V1,PASS,43ff5b9e7bf1158b0328777c227c2b28215ccb10e4f49914fe16c980ba69a2bf,a6f5da3ea46dd3f5435fba96ddf70083f9a233ad53d96bbd51d9a5ea40e2243d,9f2a94d7c212c30af4f0d6cd1dd97ad463ae8461836ecb2a35db793497c20a40,P4,0.0,0.0,0.0,19660532.729299497,0.0,81029067.8564433,R0,NONE,R0,1,0,0,0,0,0,1,0,0,False,False,False,True,False,True,False,False,False,False,False,Q[NONE]|F[Water+Crackers],1233096119.9609916,1233096119.9609916,0.0,7165567.402680063,0.0,7165567.402680063,h09,5,Katrina,1225930552.5583115,11972338.452758413,1213958214.1055532,1828694705.6349018,53262638.429484494,0.9999999999999998,10400000.0,0.0,42862638.429484494,0.0,9557344.06438629,1819137361.5705154,4e6735f10d21bcc3f90757598d7787b65e7a7ca4209f21ddc78b92f729daae03
LA-0932,932,0f662ef02e9c89aa449a153b94a6863e0186e5b5965876ba8d2251ecb22c7422,M2,A1_FINAL_NO_MEMORY_V1,PASS,939d7f3d4c2f9ba3df8cf05ac09489fdaecf58c0c82825dc7c0b99a09656e96c,33578806e027d8326ac8004053c484dc745e3c3146aea55dedd8958cb9d2d3b4,d0c332b535363f809aac84a1e6884d9c90a6b5524fec9147696c80273869c0be,P4,0.0,0.0,0.0,12508780.458957655,0.0,97874264.1724512,R0,NONE,R0,1,0,0,0,0,0,1,0,0,False,False,False,True,False,True,False,False,False,False,False,Q[NONE]|F[Water+Crackers],1218658895.432893,1218658895.432893,0.0,2801096.1974331504,0.0,2801096.1974331504,h09,5,Katrina,1215857799.2354598,16336809.658005327,1199520989.5774546,1790183116.5181215,91774227.54626493,1.0,10400000.0,0.0,81374227.54626493,0.0,9557344.06438629,1780625772.453735,11e6bf67139ef9a97357e86a001d16d1a08c5d05aba9de53f8decbc8aef8f7ea
LA-0933,933,6a51ce71da772812bff1f3545f73b627f2a56e4185c26c60e557d0ca2dcbb8ca,M2,A1_FINAL_NO_MEMORY_V1,PASS,50236909cde7de9effa19406c831621d1a484ec72fd01a720c3e0f3406a0f564,0d1f9fce990e3526a9cae94b7d4187a3f9e7275fe322b2f4a48f3307ec1514a5,1743b91d59fb61cb4f117874250e954265a12134f07e571b754de30dfdedf97a,P1,20500836.59612322,406459.0727059843,0.0,0.0,0.0,0.0,NONE,NONE,NONE,0,0,0,0,0,0,0,0,0,True,True,False,False,False,False,False,False,False,False,False,Q[Water+Vaccine]|F[NONE],1237686815.5528734,1237686815.5528734,19137905.85543848,0.0,0.0,19137905.85543848,h09,5,Katrina,1218548909.697435,0.0,1218548909.697435,1871351148.8519948,0.0,1.0,0.0,0.0,0.0,0.0,9351148.851994732,1862000000.0,857d27a38aa2cbc9c81f7fee296b217efc97a329045ebc5331434afc7512f675
LA-0934,934,3e99079f343295d1a192f27492c09e07f91cee4dd524309416e4f2fb7aadb9a2,M2,A1_FINAL_NO_MEMORY_V1,PASS,f99e2d1845dc2ba6b0ebe7163acc47f77fdb56b1d2cf820d52b44a3490785f15,339c8ad1a88845b95061bd5c16f63fc61e75b4877be0b72aa10b0913a6c742a5,2bb25cac9599d6d188e2abb5ce1813f254e9b9d8ef7d8d4f43b8bae6fb09f320,P4,0.0,0.0,0.0,0.0,0.0,325752101.7347084,NONE,NONE,R0,0,0,0,0,0,0,1,0,0,False,False,False,False,False,True,False,False,False,False,False,Q[NONE]|F[Crackers],1177625743.09311,1177625743.09311,0.0,2765752.419542752,0.0,2765752.419542752,h09,5,Katrina,1174859990.6735673,16372153.435895726,1158487837.2376716,1619251830.9339795,262705513.1304069,1.0,0.0,0.0,262705513.1304069,10400000.0,9557344.06438629,1599294486.8695931,36bf0f9496b4e895d16746dade75abea503f1dfd3839a59ef8fada37ab77bea9
LA-0935,935,361ac60ffd230d82417e3831ee7d0fbcff277cbce49e8d82ca7ce0891ab65f9d,M2,A1_FINAL_NO_MEMORY_V1,PASS,79ba1f701d35a7a978e3326f52247d656cf9e22ba6455b3ba09958e02eb9f3d6,276065268189939300e5966cf37c1c0a5750e871066dbc7d59caaabd29063063,22edea5473315347449f10f9eb79369df52a6c1323ff5e82df6e538b5a3ecae4,P4,0.0,0.0,0.0,31505630.75455458,0.0,102561591.33729373,R0,NONE,R0,1,0,0,0,0,0,1,0,0,False,False,False,True,False,True,False,False,False,False,False,Q[NONE]|F[Water+Crackers],1236472696.1694214,1236472696.1694214,0.0,5505900.275594374,0.0,5505900.275594374,h09,5,Katrina,1230966795.893827,13632005.579844102,1217334790.313983,1837701791.1247375,44255552.939648956,1.0,10399999.999999998,0.0,33855552.939648956,1.862645149230957e-09,9557344.06438629,1828144447.0603511,3942ec1536032ecb6365924ed9875cd7dd096b3865a17e69b1c665f3f21afb6b
LA-0936,936,6d3097d19551331dca2d5ad1d1218cf94fa1ee8868b2d04d37794dceb4136207,M2,A1_FINAL_NO_MEMORY_V1,PASS,81156f2a6e6b1c10761c922f490d5699527bdd1db182b6dd889838bcf1b527bb,a1102b971ac1d95421294e86ad6421e2f0b5b961669b5f6a0c1a952f33eae258,40f2778555f48da88de4d16dba2e9ec7a3b4ac4a1932349ef63c15a630e66c57,P1,16126895.988992782,602976.9230971012,0.0,0.0,0.0,0.0,NONE,NONE,NONE,0,0,0,0,0,0,0,0,0,True,True,False,False,False,False,False,False,False,False,False,Q[Water+Vaccine]|F[NONE],1227519462.5212595,1227519462.5212595,19137905.855438434,0.0,0.0,19137905.855438434,h09,5,Katrina,1208381556.665821,0.0,1208381556.665821,1871168493.0415676,0.0,0.9999999999999977,0.0,0.0,0.0,0.0,9168493.041567639,1862000000.0,15dee5efc3ca89501dd1b0ae270fc19dcafe51945dc34aba126c3cef90a79cc4
LA-0937,937,ffd2d36be4dcc2e05fd1633983973b3a1ed3bf998e70ffb805a202a18fe06cd5,M2,A1_FINAL_NO_MEMORY_V1,PASS,469b62766852a45ba8def510ed372288a00fad8fdd0674a02ee5cd174ff4e885,93bbe365bcd8be8463884668c45b3c62386b94a86be3d4ad34aa20eb4963ad81,7ce77b324e2932a4626cc818eca4be1971ff171c6429856553f17f2782af6e5d,P4,0.0,0.0,0.0,19787014.627540953,0.0,258148492.31468678,R0,NONE,R0,1,0,0,0,0,0,1,0,0,False,False,False,True,False,True,False,False,False,False,False,Q[NONE]|F[Water+Crackers],1198299948.410344,1198299948.410344,0.0,6923983.8564520795,0.0,6923983.8564520795,h09,5,Katrina,1191375964.553892,12213921.998986399,1179162042.5549054,1735875212.5954013,146082131.46898508,1.0,10399999.999999996,0.0,135682131.46898508,3.725290298461914e-09,9557344.06438629,1726317868.531015,c649c27a957051cbc0357ce2a364d5e6daf0e0d93e09189118b2fa4cc1315185
LA-0938,938,076847df596d6eff65d44a5956999e1640785296725219e3ae7ee004a30c6793,M2,A1_FINAL_NO_MEMORY_V1,PASS,cc1bf8dfbf31269ef249ad5b8991a0281971d964dc250accd3add726e8dba534,3cb44a19e9ff187e7cccfd281034d71ef54872772bd31a9a15a9ce715a19ae4e,0d2aa1b2847cc8abb647373e854d32b6f5ed9b1bd45461d5783f75ba9b2880cd,P4,0.0,0.0,0.0,0.0,0.0,229246685.98371387,NONE,NONE,R0,0,0,0,0,0,0,1,0,0,False,False,False,False,False,True,False,False,False,False,False,Q[NONE]|F[Crackers],1211664872.6840863,1211664872.6840863,0.0,6257825.8119729515,0.0,6257825.8119729515,h09,5,Katrina,1205407046.8721135,12880080.043465527,1192526966.8286479,1710051899.1984277,171905444.8659587,1.0,0.0,0.0,171905444.8659587,10400000.0,9557344.06438629,1690094555.1340413,6a82e81556509464702bbdfcfde0e829c92c523b58faab6c8730658b3e24d1a8
LA-0939,939,a0c8a9cca5ca8e5f8377635e0a23ed1c0a6c0410d94fa71a6bccad14838fb5a5,M2,A1_FINAL_NO_MEMORY_V1,PASS,7d60abfe36ccaf569f49192ceaf54bc4ef6f87298d8b6ebac753785fac4df6ef,311839fcd0f24456a2f2f66bbdb5be582abf0f6df5b2256e9c0f87e8883a2f24,c86c6950b692c0c7747241cdaa43f0c4ecc3023ef47092355bf88b8fbe05bf63,P4,0.0,0.0,0.0,12414147.249216314,1852012.3008889079,0.0,R0,R0,NONE,1,0,0,1,0,0,0,0,0,False,False,False,True,True,False,False,False,False,False,False,Q[NONE]|F[Water+Vaccine],1162800072.8181982,1162800072.8181982,0.0,2285524.7103729467,0.0,2285524.7103729467,h09,5,Katrina,1160514548.1078253,16852381.14506553,1143662166.9627597,1870005813.5772269,11951530.487159362,1.0,10400000.0,1551530.487159362,0.0,0.0,8005813.5772269275,1862000000.0,ea14e5dc1de31ad6d50f10759712e1accbf4207900c9456c3c5d09df5fc6e518
LA-0940,940,632f1a0f541abb9eb174adb23ec4da436b4ea64bed42e5bce0f806a045033b38,M2,A1_FINAL_NO_MEMORY_V1,PASS,f8c15219fd7cf1859e8023ded206d54d4dbb3139740f6ab77202c4a00cacf387,7aebf06629ed8116e42438fbd1ee3a689fb81421c26bbad2aeda2e1eb162759e,0d62758a13f3ad76116acdbab63bdb7d7737daf8b2fe44a926a96d5a614d2318,P4,0.0,0.0,0.0,0.0,0.0,362733172.8250033,NONE,NONE,R0,0,0,0,0,0,0,1,0,0,False,False,False,False,False,True,False,False,False,False,False,Q[NONE]|F[Crackers],1200220455.979159,1200220455.979159,0.0,2902653.719092944,0.0,2902653.719092944,h09,5,Katrina,1197317802.2600663,16235252.136345532,1181082550.1237206,1679523685.6236112,202433658.44077516,0.9999999999999998,0.0,0.0,202433658.44077516,10400000.0,9557344.06438629,1659566341.5592248,3d2007779ea4611f8f711851a7565c3f88a087da8eac0885d2a67d185e22fd74
LA-0941,941,3aa675bd6f5032f2c845caa684197dbd6cd646285ef35e502d757c6bf68368be,M2,A1_FINAL_NO_MEMORY_V1,PASS,64c0a00839c0bc8628b13da809b8c1ec177ed929f9129aed24cb3c4cafae1bab,bcd0c2f6215e42438fe51a9048f447385bd1637e97ddee3e6bf7273c7030c4a3,402f5348572fa67b0091c2849b13a6a78dc30a1993afbaa1db2da66e24830e27,P4,0.0,0.0,0.0,20269133.957592107,0.0,147605252.0314425,R0,NONE,R0,1,0,0,0,0,0,1,0,0,False,False,False,True,False,True,False,False,False,False,False,Q[NONE]|F[Water+Crackers],1220772711.5371654,1220772711.5371654,0.0,1110941.1395272126,0.0,1110941.1395272126,h09,5,Katrina,1219661770.397638,18026964.71591126,1201634805.681727,1795821763.8299873,86135580.23439917,0.9999999999999998,10400000.0,0.0,75735580.23439917,0.0,9557344.06438629,1786264419.765601,0fc907009582491dc0c46f9184e96cacf699efd63e805cb7e8b3d55a2d9a53dd
LA-0942,942,46a438cb85eb21c7e897b9a2659dd0f78517b4a321178fae810508f4b4af1be2,M2,A1_FINAL_NO_MEMORY_V1,PASS,fafad54d8f1d173928c5c3811cc3e22c08f3922611770b9a53f4249d8b3790aa,2ffccac4a3038264b88ca4b7d1f8d92cc7945ae4b8ea62b35f06dbf41b966a24,55d4bb2cfd4b3d04875e2e82c26dedc54ff13c8c690ebc202748f418f1664381,P1,16649539.100007676,579494.9625668358,0.0,0.0,0.0,0.0,NONE,NONE,NONE,0,0,0,0,0,0,0,0,0,True,True,False,False,False,False,False,False,False,False,False,Q[Water+Vaccine]|F[NONE],1229015386.8336892,1229015386.8336892,19137905.85543848,0.0,0.0,19137905.85543848,h09,5,Katrina,1209877480.9782507,0.0,1209877480.9782507,1871195367.2207935,0.0,1.0,0.0,0.0,0.0,0.0,9195367.220793525,1862000000.0,a52278dcb13f34d1ea33739b0041e425189f18803217655329639e7cbd051ab5
LA-0943,943,0bf9483cccf0a0ad6ede20b25ea8ba7c18e4e0c1839f6c6c48ab577def64784f,M2,A1_FINAL_NO_MEMORY_V1,PASS,869a870e085ebc017298d52640cd32f252f46fe2affe57993b91db3694274e98,8602949e0c0113b0223ea6264ab36779ba460523de6ca8a01babd01778d485fd,75b2747cb8c0dc18b91bfd16d76269934c533a8dd720e24151e1461fbe4a1264,P4,0.0,0.0,0.0,30133241.22247137,0.0,362358602.4615051,R0,NONE,R0,1,0,0,0,0,0,1,0,0,False,False,False,True,False,True,False,False,False,False,False,Q[NONE]|F[Water+Crackers],1202281148.0060956,1202281148.0060956,0.0,2964212.928838202,0.0,2964212.928838202,h09,5,Katrina,1199316935.0772574,16173692.926600277,1183143242.1506572,1746495143.228542,135462200.83584416,1.0,10400000.0,0.0,125062200.83584417,0.0,9557344.06438629,1736937799.1641557,9711d955a6f5a4385d6908db7e6299a9e3ec3cdfbc34adcf559140f5df9c73cd
LA-0944,944,b7f213fdb43ad174ca717754aa2b1354bf9923af536af0c86406f811c15223ae,M2,A1_FINAL_NO_MEMORY_V1,PASS,99ca53fb239ae13d4d656489cc5b7ec8da74c8cd4c2e68afa6f355131102e81c,94e9ef43128c39b36fc6ecc84caf2507ddaabcf51b1bbdd328aabf643069d580,120c73a8598088ad4c328b1ec5bde9db535c91f4ef837dc0a0acb702cb8c4be5,P4,0.0,0.0,0.0,13823208.171377776,0.0,96401106.04051633,R0,NONE,R0,1,0,0,0,0,0,1,0,0,False,False,False,True,False,True,False,False,False,False,False,Q[NONE]|F[Water+Crackers],1221975118.757569,1221975118.757569,0.0,1626019.1498982524,0.0,1626019.1498982524,h09,5,Katrina,1220349099.6076708,17511886.705540225,1202837212.9021306,1799029209.4670007,82928134.59738575,1.0,10400000.0,0.0,72528134.59738575,0.0,9557344.06438629,1789471865.4026144,4f5c36f634111470674c4f0db2f94dc9dc9430e9d0d6a7aaf50b3497c0e31d66
LA-0945,945,53f2be69d0cf57310d24ed833497de58626744659590cf0bd3eed5d35f6b361a,M2,A1_FINAL_NO_MEMORY_V1,PASS,b0bc8edc4644d030266072e5801b339870a33c76b28c699b3eb2931952ce5f87,c512eb499516cb865caa4220c4cbc75de5544ae61498d038b940eee62266ec33,a133804db29ac53799d97157e9808d3c597fa85375dbd6652c09e7635bc30d2f,P2,16001248.006593263,0.0,0.0,0.0,0.0,92217761.46815017,NONE,NONE,R0,0,0,0,0,0,0,1,0,0,True,False,False,False,False,True,False,False,False,False,True,Q[Water]|F[Crackers],1226405139.8743556,1226405139.8743556,10364008.333870457,2176351.1837408426,0.0,12540359.5176113,h09,5,Katrina,1213864780.3567443,6597546.337827179,1207267234.018917,1810846380.6065297,60710963.45785668,1.0,0.0,0.0,60710963.45785668,0.0,9557344.06438629,1801289036.5421433,da00b34c21a7b4bbb4c35c3901991dd361a3540f1b3264c6334a5f9513ea9923
LA-0946,946,5f9ba22a7c27af2e17dad826cae0fc9a840b227da627e537daef020aa6c5cec6,M2,A1_FINAL_NO_MEMORY_V1,PASS,420905728583e3cc84abf2618568cff71bec12200352ff8c46406374397f45a6,7fcd8fe2f87a0f7dc43d7f8bf54c77c8ed03ad469dc9db956a96bab000fa056f,d374a3f9b6bee2dcfb1905cf16ba80d238632f34dee1e84e1803874d3e7fe382,P4,0.0,0.0,0.0,19643508.931360908,0.0,149891242.17224297,R0,NONE,R0,1,0,0,0,0,0,1,0,0,False,False,False,True,False,True,False,False,False,False,False,Q[NONE]|F[Water+Crackers],1219414751.4717436,1219414751.4717436,0.0,3618703.8715868685,0.0,3618703.8715868685,h09,5,Katrina,1215796047.6001568,15519201.983851608,1200276845.616305,1792199377.825341,89757966.23904546,1.0,10400000.0,0.0,79357966.23904546,0.0,9557344.06438629,1782642033.7609546,f8d5812f4a8660bd62ef5b3960fc33a15c16ea6d897423d3dfb92ce19daa3a29
LA-0947,947,b2f5e3ad7b573f22c1e4eff743ff5e7436fe4ea52f35ed6e2577f6a61c3cbf4c,M2,A1_FINAL_NO_MEMORY_V1,PASS,a8047ae4a8fd79dd8bd58f3a4f1885dcc93be8054a1bfeab1a9d82501d71ae1c,1c475fc8ba7361c9e1186182a2b37e4937342a7db0b6deb4a9725b229acb668e,4d7537761709200165691cab52a7d2e4a36570fa396127217eba6b749d5c7e75,P4,0.0,0.0,0.0,0.0,1519999.518790039,0.0,NONE,R0,NONE,0,0,0,1,0,0,0,0,0,False,False,False,False,True,False,False,False,False,False,False,Q[NONE]|F[Vaccine],1234118773.556758,1234118773.556758,0.0,10544217.268345375,0.0,10544217.268345375,h09,5,Katrina,1223574556.2884126,8593688.587093102,1214980867.7013195,1881202996.329788,754347.7345982855,1.0,0.0,754347.7345982855,0.0,10400000.0,8802996.329788003,1862000000.0,5a8fbd909edb6bb90eb37f6c3be6bb6289d26a135401d2fbd1169b3bbf7d7c04
LA-0948,948,6c77cba3f20b780ab14fd1cfc5763532c3d1996438621c7819cb6940c15f7d02,M2,A1_FINAL_NO_MEMORY_V1,PASS,869d302ef02a62dd757e0efc389ed0d9d8377ad4774a8aedefdaf8b04a8f04d9,28a2f33fd3c792339b949fc1026536693dfc24bba5b1c5ef53f1ae091139b3d6,edd865a1f4cedf97c59a8b9f382b8ddaca06d5a2ed0ddcbfa4fddcd648426065,P1,14854395.44658559,660149.4120896915,0.0,0.0,0.0,0.0,NONE,NONE,NONE,0,0,0,0,0,0,0,0,0,True,True,False,False,False,False,False,False,False,False,False,Q[Water+Vaccine]|F[NONE],1223437118.4942036,1223437118.4942036,19137905.85543848,0.0,0.0,19137905.85543848,h09,5,Katrina,1204299212.638765,0.0,1204299212.638765,1871095154.0068765,0.0,1.0,0.0,0.0,0.0,0.0,9095154.00687635,1862000000.0,04852e160cf84d5afaf3ada0a669f7fa219a81cb31f8183a0ad66cde1382cc8d
LA-0949,949,77677f81e58cf3856a948799657564d4b4621775ba9e3bda98b1e9efe11fcbd7,M2,A1_FINAL_NO_MEMORY_V1,PASS,085d96049dd97b40ed8c7590793cf70a205870e2ce101863a8398da65dc85bb7,c7cfa1129ce113611746e9145a4205f65268f4fd2e33f7d189aac6e22137d7cf,206351adf3a2c7dc37731f3b1350e683345094ad17d4713e485dedc15403368b,P4,0.0,0.0,0.0,0.0,0.0,251426728.0508772,NONE,NONE,R0,0,0,0,0,0,0,1,0,0,False,False,False,False,False,True,False,False,False,False,False,Q[NONE]|F[Crackers],1215838096.9010298,1215838096.9010298,0.0,8096198.082856444,0.0,8096198.082856444,h09,5,Katrina,1207741898.8181734,11041707.772582036,1196700191.0455914,1721184059.4015417,160773284.66284457,1.0,0.0,0.0,160773284.66284457,10400000.0,9557344.06438629,1701226715.3371553,87a7517d4bf86c71bb62523409300c0a4a746d04980a02068fa3632672492550
LA-0950,950,1efabca699df9e83171ef833e0be79272e0bd732f98316621d2b7e38f60deaaf,M2,A1_FINAL_NO_MEMORY_V1,PASS,64c31c9757b90a565ec08dafaa04728b1bf18a9f0444054a403c5982246b783a,0ac500df6e6f4e1a76f06a17740a245ab78d0a2f30ac5136b58dfaed36334fc7,97f33010beaac30448c489ddafa2cf574566e9939e549f493546527aeab78985,P4,0.0,0.0,0.0,0.0,0.0,196428872.53644088,NONE,NONE,R0,0,0,0,0,0,0,1,0,0,False,False,False,False,False,True,False,False,False,False,False,Q[NONE]|F[Crackers],1219300881.3678648,1219300881.3678648,0.0,5922308.9479514435,0.0,5922308.9479514435,h09,5,Katrina,1213378572.4199133,13215596.907487035,1200162975.5124264,1730421107.1683872,151536236.89599916,1.0,0.0,0.0,151536236.89599916,10400000.0,9557344.06438629,1710463763.1040008,2079edf3a7d7b44839198a3a0ae47e1bec84d2f56e8712b4abd301988c7664d0
LA-0951,951,25fe99dfde3f2fa2a38b4fe3abf886ff5e709b342ab6a0222a300dac4f5125fb,M2,A1_FINAL_NO_MEMORY_V1,PASS,20ee251ce95d40f803da337a82fc03bd659108dc9f47c0d03399ac8178c694c9,a820ff8d06ee722e2d5efaf3676481bbfbbf96590e8a123a3bf9ae55738dbdf2,9d7bd6840667ab12ae569b379cdec09e2b6ae91d4ce2d0572fa3a02296613791,P4,0.0,0.0,0.0,0.0,1491129.5247212483,0.0,NONE,R0,NONE,0,0,0,1,0,0,0,0,0,False,False,False,False,True,False,False,False,False,False,False,Q[NONE]|F[Vaccine],1212006313.4672952,1212006313.4672952,0.0,1807069.9421275512,0.0,1807069.9421275512,h09,5,Katrina,1210199243.5251677,17330835.913310926,1192868407.6118567,1880805747.4779365,1151596.5864498043,1.0,0.0,1151596.5864498043,0.0,10400000.0,8405747.477936486,1862000000.0,ae9a5602962ec89d4993fce78be3f827f688e1c843ed9d7e46b7e93a9672df0b
LA-0952,952,805fec8ed738c3e8be5bd50ff2d07b263024c7671f1c433bce05cfbc439f0fc5,M2,A1_FINAL_NO_MEMORY_V1,PASS,3821b15458b968c2ef9b8dc7adfdbaeaa575bb6bebbffb05703ff476455cae54,c0d508e76144a41db6e990762f862d16bb4afc1370c7e4aa412f62c566648629,290eef57629538a06fbd8ba9f393877653cc2f615a2fa241aae59ae47c8b3411,P4,0.0,0.0,0.0,0.0,1831998.6763024342,0.0,NONE,R0,NONE,0,0,0,1,0,0,0,0,0,False,False,False,False,True,False,False,False,False,False,False,Q[NONE]|F[Vaccine],1214258037.1268008,1214258037.1268008,0.0,3051871.8503576443,0.0,3051871.8503576443,h09,5,Katrina,1211206165.2764432,16086034.005080834,1195120131.2713623,1880846199.5413797,1111144.5230065444,1.0,0.0,1111144.5230065444,0.0,10400000.0,8446199.541379746,1862000000.0,6a0be264e8d921c7ddb768850e02741a30f0e96f6be9fa3f170f7ff99b961bad
LA-0953,953,90bd8a1f237891406a96afd8d5452807d1fdcb56ea3ae307d9deb4e15517bc35,M2,A1_FINAL_NO_MEMORY_V1,PASS,6ec0150180337af7013ffd715d8aa6c5f424736468950f5e61ec9774a2bb3893,6dc803bf53751e6387d251bbde5680b294739640980c038b61ae430441db438b,96b3e02c49fecb6c46a89989436dcd9233892efbf3153cefeaf36f779e782860,P4,0.0,0.0,0.0,0.0,0.0,459564964.9866567,NONE,NONE,R0,0,0,0,0,0,0,1,0,0,False,False,False,False,False,True,False,False,False,False,False,Q[NONE]|F[Crackers],1208273852.554446,1208273852.554446,0.0,5677108.5842310125,0.0,5677108.5842310125,h09,5,Katrina,1202596743.970215,13460797.271207465,1189135946.6990075,1701006284.2559385,180951059.80844778,1.0,0.0,0.0,180951059.80844778,10400000.0,9557344.06438629,1681048940.1915522,b694fbd10a5a7090d3ff3b420f95aa5d28ba1b940fabc2b668e068d441c5b350
LA-0954,954,438bf8be3d7ba9f599cb016202b889d00632d54bb6ceb410e293bdec8e8727ce,M2,A1_FINAL_NO_MEMORY_V1,PASS,10fad63fbfa6e2b8f6c6b6d0366d8bd6396ad7e29a6fc1250b34de62865dbc45,ad9b098236d14d20241785737a2bdcf7ac151534d1c59636d6d8242b84fd0c39,f2d6e59ec796256dae122a6e3fea2c96a10131be7a330f3e4534e17e43fd5794,P4,0.0,0.0,0.0,0.0,0.0,228332643.9292319,NONE,NONE,R0,0,0,0,0,0,0,1,0,0,False,False,False,False,False,True,False,False,False,False,False,Q[NONE]|F[Crackers],1213627651.4552743,1213627651.4552743,0.0,10402940.950738752,0.0,10402940.950738752,h09,5,Katrina,1203224710.5045357,8734964.904699726,1194489745.5998359,1715287651.362288,166669692.70209846,1.0,0.0,0.0,166669692.70209846,10400000.0,9557344.06438629,1695330307.2979016,5021368627dff42d5e601b7b8c6c2debf1b20eab0170d008ea9317f5e7eaf2f0
LA-0955,955,ae4be61ea63b5f73c9a3ccdc39111f3368194850f09695def961fc843000d530,M2,A1_FINAL_NO_MEMORY_V1,PASS,707e0f78f71cb695dafc0868d3d5bef1d538f25b7f89cae35471b4a1b861fd15,d972b6341b8095c2efc54f7a8bd1dcc97fef2613afaae608de8edfa1694f6e0a,a4d1212ab527f7668b9bad5b0fc29fc5de2f27550fe735dd645bec303c982e77,P4,0.0,0.0,0.0,0.0,1600270.5078833143,0.0,NONE,R1,NONE,0,0,0,0,1,0,0,0,0,False,False,False,False,True,False,False,False,False,False,False,Q[NONE]|F[Vaccine],1212534890.6005201,1212534890.6005201,0.0,8257906.405593354,1745272.910796397,10003179.31638975,h09,5,Katrina,1202531711.2841303,9134726.539048728,1193396984.7450817,1880815243.3304305,1142100.7339558199,1.0,0.0,1142100.7339558199,0.0,10400000.0,8415243.33043047,1862000000.0,59a4e4b85e2de2898e3fa9cee5ef795d716c55191bbf1e90729e5e2718b2b758
LA-0956,956,db68c52c0a575297a434d546b0541514716f20611b16e38311ae907c606c82e3,M2,A1_FINAL_NO_MEMORY_V1,PASS,f8eca76f4fb26f243a3636eb1575339af840e4fbbe629c9a3ba4efd8f7ff663e,ab1c8201316ad23b0b34d92c82d412c0f9f0b86c7496ad1acf230915f38038b9,73499da805acb974213b1a96f02d9765d5b82d6dcab26c840a9b4af4ba7d7862,P4,0.0,0.0,0.0,12730459.80558077,0.0,167188608.12284487,R0,NONE,R0,1,0,0,0,0,0,1,0,0,False,False,False,True,False,True,False,False,False,False,False,Q[NONE]|F[Water+Crackers],1197962315.2457306,1197962315.2457306,0.0,3665592.5096126143,0.0,3665592.5096126143,h09,5,Katrina,1194296722.736118,15472313.345825862,1178824409.3902922,1734974569.2839067,146982774.7804796,1.0,10400000.0,0.0,136582774.7804796,0.0,9557344.06438629,1725417225.2195203,29e55bbaba6004924e0c930321cb51685da008e7f557d11b153c15a456314b83
LA-0957,957,a709e152dac852a8b537f65d17210af43fc9be10d2eef12eae55173baa666296,M2,A1_FINAL_NO_MEMORY_V1,PASS,58baaaa14a4f65649441f98c4ef55337828e4b39068a0ee95ae76c0b7c5c7ab7,b499937034d3654783ba7409e6e4de9b5c48b0038c24205a1422c7eeccea39d9,e53ef3b4d0c8162daacade812ca7998025e874db8d9a37de14de4e22be16a81a,P3b,21346259.704404235,0.0,0.0,0.0,235122.9026480254,0.0,NONE,R2,NONE,0,0,0,0,0,1,0,0,0,True,False,False,False,True,False,False,False,False,False,True,Q[Water]|F[Vaccine],1239068263.8202918,1239068263.8202918,13825972.410542624,1146910.8046155353,613171.289375933,15586054.504534092,h09,5,Katrina,1223482209.3157578,3551851.3509043856,1219930357.9648533,1871375966.4768047,181377.58758165155,1.0,0.0,181377.58758165155,0.0,0.0,9375966.476804638,1862000000.0,5a91464e1e7608a144205d491edd5da950e2e793901c47a818678dcacaf89a82
LA-0958,958,83b2c65e8fe27137aaef0cb27e9cfe42104b8681f38c6b5aa5cf5508fb35e602,M2,A1_FINAL_NO_MEMORY_V1,PASS,12bdffcffd2adbe4f50141028cf138e34bc5856045ba3768c513355471318785,fc49aa4f841aa5891ca9976b2ffd468fcda4156f23c92b2a76796f1b5bbf6973,101a6c329185dfae1c48511cdbf105fdee5688f177c4c2336ca49c33f53665e6,P4,0.0,0.0,0.0,0.0,0.0,530774989.02150977,NONE,NONE,R0,0,0,0,0,0,0,1,0,0,False,False,False,False,False,True,False,False,False,False,False,Q[NONE]|F[Crackers],1199856902.3254125,1199856902.3254125,0.0,546103.3079714444,0.0,546103.3079714444,h09,5,Katrina,1199310799.017441,18591802.547467034,1180718996.469974,1678553898.8818626,203403445.18252382,1.0,0.0,0.0,203403445.18252382,10400000.0,9557344.06438629,1658596554.8174763,e09e7ba8ce0568fe2d81204c8e807484ec2126b8f7db331dcfe90f903c42a124
LA-0959,959,5678edd621148dc11ecaf4fa0597c063442d95adf8e16a86e56f0be9c6c2d5b7,M2,A1_FINAL_NO_MEMORY_V1,PASS,217cdf170878abd96559ac210fe790f9de5349c56b002f9fad0e0375f431c9ea,e9a58860a6f928d1cc5f28a00747eb72c2420a7a20efb57b750bfcb43ef55c6c,5446fb1b287380f5598f2a7fb73b48b30c994aed503123a4b4ee7c59ebeedc6d,P1,17795252.741609916,528018.913339185,0.0,0.0,0.0,0.0,NONE,NONE,NONE,0,0,0,0,0,0,0,0,0,True,True,False,False,False,False,False,False,False,False,False,Q[Water+Vaccine]|F[NONE],1231987238.2950087,1231987238.2950087,19137905.855438434,0.0,0.0,19137905.855438434,h09,5,Katrina,1212849332.4395702,0.0,1212849332.4395702,1871248756.331553,0.0,0.9999999999999977,0.0,0.0,0.0,0.0,9248756.331553072,1862000000.0,38b2bfa0346f2b7c838434ce8facc3f18f2ec0049cf08c666fc4bd82b29a7e48
LA-0960,960,e3d94ee27cd33338115fd602d837e8d2d64d2a8da4e1267513c9b9093f14eb2d,M2,A1_FINAL_NO_MEMORY_V1,PASS,7480b9192b6967274d1df7a96397e199ba92a8dabb2b4e1bb5fa8c333bb3bb4c,802e147a97fbcf1840be6d2036d34aa2f3acdaf48277b74f71faff3a3c7940ba,3ce4db2608592b4b98234164f7450b9ae48cf9f42f543284abd6239264d473c8,P4,0.0,0.0,0.0,0.0,1430782.6676286308,0.0,NONE,R1,NONE,0,0,0,0,1,0,0,0,0,False,False,False,False,True,False,False,False,False,False,False,Q[NONE]|F[Vaccine],1222967340.3970492,1222967340.3970492,0.0,7886784.15464239,2293480.6417978685,10180264.796440259,h09,5,Katrina,1212787075.6006088,8957641.05899822,1203829434.5416107,1881002661.5863326,954682.4780538192,1.0,0.0,954682.4780538192,0.0,10400000.0,8602661.58633247,1862000000.0,b5e8e327c2d8783a9b14af6e0e65903b4046442b55315da2f6a426c7c2d85b38
LA-0961,961,6ff72c32fcc38e5a876317c88baf8426aa9c2be2a48f5e9c3d8e7b9b16c81159,M2,A1_FINAL_NO_MEMORY_V1,PASS,f252a6fc3aa59a4178c9e8d32db7ae0d186fc539f4c9c2c38e9941c1e354adf6,4c0c5666208d8a396b65825dedc6fc4978843268cef1b919c03c18e6fa1e4bc8,39a4594f7c3366e1a648d5ff55133c1353c3b84e41328b07c96cefa8770ca553,P4,0.0,0.0,0.0,0.0,2075573.9827406458,0.0,NONE,R0,NONE,0,0,0,1,0,0,0,0,0,False,False,False,False,True,False,False,False,False,False,False,Q[NONE]|F[Vaccine],1204288712.1902025,1204288712.1902025,0.0,168762.4744944533,0.0,168762.4744944533,h09,5,Katrina,1204119949.715708,18969143.380944025,1185150806.334764,1880667101.292303,1290242.7720831146,1.0,0.0,1290242.7720831146,0.0,10400000.0,8267101.292303175,1862000000.0,5a8aa927ca877ed682c5862726b6130c3473e66412e155ba987213fbb6583d32
LA-0962,962,94051f5d79aaa9d30b40f544272cfd0efed889ed6139971b0f730f47cd1b503a,M2,A1_FINAL_NO_MEMORY_V1,PASS,b2a739ea33fb77a2d8076eef5604871499f9f9013bfaeb3d7806f6e3fea323cb,6f3e5214d29b0be78617801c9bfa0c2f5c060dbb24850937ae32ac568505da15,dcbeec1258d90a21f811b6abd1dc24564faeff3ec13ac63b1548e6e7ecdc3299,P4,0.0,0.0,0.0,0.0,0.0,244536320.52751648,NONE,NONE,R0,0,0,0,0,0,0,1,0,0,False,False,False,False,False,True,False,False,False,False,False,Q[NONE]|F[Crackers],1211776584.7782452,1211776584.7782452,0.0,10345425.177795837,0.0,10345425.177795837,h09,5,Katrina,1201431159.6004493,8792480.677642642,1192638678.9228067,1710349893.474353,171607450.59003335,1.0,0.0,0.0,171607450.59003335,10400000.0,9557344.06438629,1690392549.4099667,74bb776a818a9c80e7993d9efee4388c550772fc641fd4eb77e17132e928a61d
LA-0963,963,33aded302c15ddf61600751991ed5be92cdd90c6dd4605dccd67e49aa5492cd5,M2,A1_FINAL_NO_MEMORY_V1,PASS,e6c7d328cd81c819bc3b4dc2a628867b631fc090bf1db6fdaa903fa8e6db3112,f368b911ac0417b144cc8c69962cbfaaf398a518d922f6b9eb09d8f5ec152a40,83d13f4435fba87219364514352174ce2f2a2f1588278f4db8e1d4bd53384810,P1,18517167.511057556,495583.827589241,0.0,0.0,0.0,0.0,NONE,NONE,NONE,0,0,0,0,0,0,0,0,0,True,True,False,False,False,False,False,False,False,False,False,Q[Water+Vaccine]|F[NONE],1233670937.8690684,1233670937.8690684,19137905.85543848,0.0,0.0,19137905.85543848,h09,5,Katrina,1214533032.01363,0.0,1214533032.01363,1871279003.8806703,0.0,1.0,0.0,0.0,0.0,1.862645149230957e-09,9279003.880670268,1862000000.0,56ff43826cd66df292149ccd0375342840974fbacde0cdfc3f34bd319119fc6b
LA-0964,964,ff72aace98f938c5b7cc988745a4863fed42ba0f594a4968389ff0542325fd1e,M2,A1_FINAL_NO_MEMORY_V1,PASS,a1610ac98ca10ce924400f7d4513f7c9c9fea6674ccc325ca1e98f4ca19895c5,c8c1fad54d4c21b1f5f6b4127676977bb4fad98f7a2f96c549a700b6d76b7d1f,b840fe94835066e372d9440b43abd78114c2454c71f14bb4acebb77c1333a1ba,P4,0.0,0.0,0.0,12449216.584269011,0.0,203174597.05396405,R0,NONE,R0,1,0,0,0,0,0,1,0,0,False,False,False,True,False,True,False,False,False,False,False,Q[NONE]|F[Water+Crackers],1185535773.9412582,1185535773.9412582,0.0,428081.0226405707,0.0,428081.0226405707,h09,5,Katrina,1185107692.9186177,18709824.83279791,1166397868.0858197,1701826518.42904,180130825.63534638,1.0000000000000002,10400000.0,0.0,169730825.63534638,0.0,9557344.06438629,1692269174.3646536,cd5a1c65dce7b43fadf87b518071dce0b9d9f7c7c621720961176cad7ae3be15
LA-0965,965,a3a7cc71ca2ff8e7c54dbe9288fd180e55464cb8dc635072ce27d25766863be5,M2,A1_FINAL_NO_MEMORY_V1,PASS,5d3c7a05f0112b71021a8d2ff08b5e8f079977ac0a1eefde1861083f5004c4a7,10c06fdf44f6e6d899a0f823ece6d7547643ca7f5ced5386d2dbbdf24fd60dbf,e933cf140e66c98569a127f96ab9446f1851ad8c26b158672662e1527de8e505,P1,15018150.220231984,652792.0336982673,0.0,0.0,0.0,0.0,NONE,NONE,NONE,0,0,0,0,0,0,0,0,0,True,True,False,False,False,False,False,False,False,False,False,Q[Water+Vaccine]|F[NONE],1224001249.4538448,1224001249.4538448,19137905.85543848,0.0,0.0,19137905.85543848,h09,5,Katrina,1204863343.5984063,0.0,1204863343.5984063,1871105288.5814602,0.0,1.0,0.0,0.0,0.0,0.0,9105288.581460303,1862000000.0,be0a0820df03f135a00c8f6e30810efb51be65c263cb973b3a7cec9e93c3d5d4
LA-0966,966,96b381dd9f5cad43c47b222e3fc0cc56f85577b383b90ddf22d7fc096af41e46,M2,A1_FINAL_NO_MEMORY_V1,PASS,a5e09ef508894494b67704fce8e815fefc1941bc284267e3dfad345a1114ec66,6c7225a9bf8fd6eec9b3a6059571de189e1fd5ffa93f64d7cb5562d2b596413f,b39ff6489c399774926c4e33e07c607529715276219f0b4881e3b381f7241afa,P1,14604482.08142334,671377.8309725707,0.0,0.0,0.0,0.0,NONE,NONE,NONE,0,0,0,0,0,0,0,0,0,True,True,False,False,False,False,False,False,False,False,False,Q[Water+Vaccine]|F[NONE],1222551787.3709154,1222551787.3709154,19137905.85543848,0.0,0.0,19137905.85543848,h09,5,Katrina,1203413881.515477,0.0,1203413881.515477,1871079249.093049,0.0,1.0,0.0,0.0,0.0,0.0,9079249.093048953,1862000000.0,2ad7446c71fe9711089763334d8034abdb3eecae25e9e1c2819ba0ead1b3d6de
LA-0967,967,ac8ccf22d03250b335238d0dc3dce458bc66708ea503ee305485dff7b57e79b2,M2,A1_FINAL_NO_MEMORY_V1,PASS,384408ab1a162d6f2dafd4b569cd99b0603de71fd736cde1925b7ba8d89e9cc5,0c2daf55a256d5011b4a8b28e3aeaf92d58921fe03a00c266410f8c8fd1d5d9b,2ddd5f45eb83bf6a303bf9b0e878276b34efed2a8aaabc876f171fdd22f743f9,P4,0.0,0.0,0.0,0.0,0.0,328422237.9596502,NONE,NONE,R0,0,0,0,0,0,0,1,0,0,False,False,False,False,False,True,False,False,False,False,False,Q[NONE]|F[Crackers],1206656951.8010478,1206656951.8010478,0.0,6295603.629325628,0.0,6295603.629325628,h09,5,Katrina,1200361348.1717222,12842302.226112848,1187519045.9456093,1696693168.7165709,185264175.34781548,1.0,0.0,0.0,185264175.34781548,10400000.0,9557344.06438629,1676735824.6521845,620c98819fea1476013af4a3f0bc106fc8c7a1eccacb9e168d9756c2baefd3ee
LA-0968,968,48b4bfde7aa031000874feeee632b1ce5bb5b5b8019f6ab8ecc8b815ac38b818,M2,A1_FINAL_NO_MEMORY_V1,PASS,cf0734f4d4e06193dea0335c78f265d0b8b32f0882c59a4dde397503d258fe8a,f1eef7c95d71bf8a3e09f734fd280ef10e4494e2b81b713b223cdd80996d3724,faf432e6d7cdc87c627fad27e09f7e17d85bbba4b8301e0f5fb515acefcd6f97,P2,13901176.124966549,0.0,0.0,0.0,0.0,112240104.09592862,NONE,NONE,R0,0,0,0,0,0,0,1,0,0,True,False,False,False,False,True,False,False,False,False,True,Q[Water]|F[Crackers],1219721467.1824958,1219721467.1824958,9003791.776140835,1662542.4988083784,0.0,10666334.274949213,h09,5,Katrina,1209055132.9075465,8471571.580489265,1200583561.3270574,1793017548.2018676,78539795.86251882,1.0,0.0,0.0,78539795.86251882,0.0,9557344.06438629,1783460204.1374812,0f0d7e592c354c28657d25e0eccdb05d8657afc6ac12af75d1f200fb594b6932
LA-0969,969,3a1901d8fbe570c7d6bb69127cc65874b5638c3064850b927ea651061553c553,M2,A1_FINAL_NO_MEMORY_V1,PASS,5ec442838c057c248a8ff2a82a02cffe93a6054d267a259c2fd81046a04fa4fa,1fe9e526f671f28c52eb3b2c7b0657af59b1dbc241453de74e0df761a39e408e,4510e8ee47da2792417fe92ada36f4fe9647750b8b6b2c081c7a614da4a8c937,P4,0.0,0.0,0.0,27296303.08017634,0.0,75953703.26999885,R0,NONE,R0,1,0,0,0,0,0,1,0,0,False,False,False,True,False,True,False,False,False,False,False,Q[NONE]|F[Water+Crackers],1238315939.8971224,1238315939.8971224,0.0,7525006.522090355,0.0,7525006.522090355,h09,5,Katrina,1230790933.375032,11612899.333348121,1219178034.041684,1842618681.136744,39338662.92764233,1.0,10400000.0,0.0,28938662.927642327,0.0,9557344.06438629,1833061337.0723577,4da356996f8dcd12070efb5ebb19768371fc021d1b9b2a9492d27d8f10bcfc54
LA-0970,970,acd3d83af35af09cf2cad85445ae0dcd9cbd1d0d0a0912ae1511ce8a391672c3,M2,A1_FINAL_NO_MEMORY_V1,PASS,7974cfd8457ab3359046b7fd1f17b4367d4edd898133f8f0b14b6ded5c474670,b8a49cb5b3e26e3ff5f5e1816a5763e2430a3b6aeb2f4a6f0db78e5fa9958c7a,a1d0e3ef75af3111bf27b074a49a10997a6dc5c909ac8710e12e8643bba880a6,P4,0.0,0.0,0.0,12320840.749300202,0.0,34083808.768023744,R0,NONE,R0,1,0,0,0,0,0,1,0,0,False,False,False,True,False,True,False,False,False,False,False,Q[NONE]|F[Water+Crackers],1238379137.1343026,1238379137.1343026,0.0,5346437.70778215,0.0,5346437.70778215,h09,5,Katrina,1233032699.4265203,13791468.147656327,1219241231.278864,1842787261.0481296,39170083.01625684,1.0,10400000.0,0.0,28770083.01625684,0.0,9557344.06438629,1833229916.9837432,554fe9d861712cdce6d56989bfed5da32dd164dc8be95d8ba0a1b93969c8f697
LA-0971,971,5235b3b2efd35b3d97a8e72b96964803c43873ed8b004ee3d6b4af26da1d2148,M2,A1_FINAL_NO_MEMORY_V1,PASS,5d2f2c8bbf4111575fb1714cc1dce1b8f954ab8787b3a19dbbe00d8b7f0aa07e,cd4c69d3682ba6076c2138318cb40f7edacc03c358b5f76eb30762cc8a6f6b80,4fdc790d5fd3ac55d5ce8972c3b61e0f6788c9d8cf452e0b2deebafb515651f6,P4,0.0,0.0,0.0,0.0,0.0,331161480.5997724,NONE,NONE,R0,0,0,0,0,0,0,1,0,0,False,False,False,False,False,True,False,False,False,False,False,Q[NONE]|F[Crackers],1186322331.2571127,1186322331.2571127,0.0,7798580.650419106,0.0,7798580.650419106,h09,5,Katrina,1178523750.6066937,11339325.205019373,1167184425.4016743,1642450156.1687284,239507187.89565802,1.0,0.0,0.0,239507187.89565802,10400000.0,9557344.06438629,1622492812.104342,13e9f5f8120ad2eae0385ded80c083e88432e6e53dd6c0dff45cfd713d5da1c7
LA-0972,972,b2ffc054354e99ad70ebde91ba67512301b5426d3258e58dde6603e25f618e8f,M2,A1_FINAL_NO_MEMORY_V1,PASS,56a1192fb543f18846df10d2ff8c39c821763abcff51c654fb53e0c139a053c9,75dddce1a1e2898bf885c4072d33aec43e4d44617c710cfa85afe95f05b3a248,8dd12e7e307b89567f1b508109a2055b8d9777b0ccd491a2b6d91db48b012bb6,P4,0.0,0.0,0.0,12296970.7538332,1330876.3643000824,0.0,R0,R0,NONE,1,0,0,1,0,0,0,0,0,False,False,False,True,True,False,False,False,False,False,False,Q[NONE]|F[Water+Vaccine],1186510679.3559616,1186510679.3559616,0.0,5279423.143675059,0.0,5279423.143675059,h09,5,Katrina,1181231256.2122865,13858482.71176342,1167372773.500523,1870431773.0220704,11525571.042315956,1.0,10400000.0,1125571.0423159555,0.0,0.0,8431773.022070333,1862000000.0,af2a98581edc97561a46fc6facdda5b67d6274d0241f8592a98f901da5677f40
LA-0973,973,d4b06ec2f3308480d52f46ba91166c85de00f25aedc90fe9ed8f4f256cd04dd2,M2,A1_FINAL_NO_MEMORY_V1,PASS,29ebcbb37257d51e9328b58fbd2e945c1178aa2edb73b3eeeff2f1178117bc5d,b886b40528991163f80359b76af783df26332f8517f6f6b595dd9798c5fad003,099d57d1e8f288047c999cf1a2b4519f2f209ce3d1dfcf72fc2feac8d0e87caf,P1,14052419.502762621,696181.5859807942,0.0,0.0,0.0,0.0,NONE,NONE,NONE,0,0,0,0,0,0,0,0,0,True,True,False,False,False,False,False,False,False,False,False,Q[Water+Vaccine]|F[NONE],1220484463.9054573,1220484463.9054573,19137905.85543848,0.0,0.0,19137905.85543848,h09,5,Katrina,1201346558.0500188,0.0,1201346558.0500188,1871042109.766636,0.0,1.0,0.0,0.0,0.0,0.0,9042109.766635865,1862000000.0,a11504af6dc8df201e54d1a49d40bea5baa393585b8294976afc3ac02ff4131c
LA-0974,974,1dde1287a7be07ec2aad2daeebb69326a4a5e2e20af27899bea353d5729bb721,M2,A1_FINAL_NO_MEMORY_V1,PASS,f5a35274f688da28a25782ce040a6025f324ab666b04f4292b3f1a5b9ef0b4df,c77ca34af4207d74d7a8d012f51908ac2e2c97ee6cf406453271bcdff4b8d8a1,10cf7edea1564d5356674954f003c279620d4e0f265f252a606ee4e49ff08780,P4,0.0,0.0,0.0,21895212.96766839,0.0,179189648.52262402,R0,NONE,R0,1,0,0,0,0,0,1,0,0,False,False,False,True,False,True,False,False,False,False,False,Q[NONE]|F[Water+Crackers],1217257217.3811476,1217257217.3811476,0.0,8683457.246396333,0.0,8683457.246396333,h09,5,Katrina,1208573760.1347513,10454448.609042145,1198119311.5257092,1786444111.8986552,95513232.16573127,1.0,10400000.0,0.0,85113232.16573127,0.0,9557344.06438629,1776886767.8342688,57ba98f9688b434ec21b7156010cecc3eaa90bc54651074035ee475e67faebbb
LA-0975,975,9b5367cf41be5bca700f52799fd9ccb6cc9624cbd0981e4b99a1c7784ec36c64,M2,A1_FINAL_NO_MEMORY_V1,PASS,a0b18671a3b87420878387eb8ef48664e2e314c171015eaf3760cfc942056e19,a941021a11fd148551837b3c2d09789e52d5d2488a61f67e422cbf851f293a86,15e4f52fbe901c2e2db45b4b5326286e4707c8d806d87fb4100c3cae7f4f0580,P4,0.0,0.0,0.0,14632783.986706106,0.0,261161652.35276374,R0,NONE,R0,1,0,0,0,0,0,1,0,0,False,False,False,True,False,True,False,False,False,False,False,Q[NONE]|F[Water+Crackers],1179580679.519311,1179580679.519311,0.0,5427598.298166019,0.0,5427598.298166019,h09,5,Katrina,1174153081.221145,13710307.557272458,1160442773.6638725,1685941183.329949,196016160.73443744,1.0,10400000.0,0.0,185616160.73443744,0.0,9557344.06438629,1676383839.2655625,f3955e75fedd7d5d50a6b1de0dbcc0de0ccc5c8f7a2ab62a27d4fad032b6b0ba
LA-0976,976,c649e11efae62a4f0f713e10c1efc11152d19ba019172ea5de07228ead73426d,M2,A1_FINAL_NO_MEMORY_V1,PASS,89b7c773703aaaf76ce3cddb48ae61384721f94ea7580d36a928f6d7f3e2c286,97fa21dd78fdecc530542ba851160e10a13a1bbdd32b14ddffcf255601869b96,d47c69fef4e58703c0551069dae2153a6f3b5da25db1b2ecfad1f33a4884b7c3,P4,0.0,0.0,0.0,27162560.94819488,0.0,286951212.7825148,R0,NONE,R0,1,0,0,0,0,0,1,0,0,False,False,False,True,False,True,False,False,False,False,False,Q[NONE]|F[Water+Crackers],1207977200.1601307,1207977200.1601307,0.0,1618293.7958871096,0.0,1618293.7958871096,h09,5,Katrina,1206358906.3642437,17519612.059551366,1188839294.3046923,1761689477.8263733,120267866.23801313,0.9999999999999998,10400000.0,0.0,109867866.23801313,0.0,9557344.06438629,1752132133.761987,a623f4625bcec89c8a5958376632e5af809aec88771ddf347199c5eb891c73c4
LA-0977,977,d92bdc043e0ebf174d295cbce770e32fd293a4cbdea5f9663fe38c0dc7794613,M2,A1_FINAL_NO_MEMORY_V1,PASS,8def2a87e075b9758eaf046d9d6e71e24477f7d6ecd6528215641acbe3f87050,1bd8e32bad791a3639b216745efa7ad668bd1a7a4836ed2b314e5c04c682f22e,f3fef41c1c0b1bd51c25aaf09b50b69721192671c4613372cb13a7b024a7adc1,P1,14347641.148019435,682917.5002681944,0.0,0.0,0.0,0.0,NONE,NONE,NONE,0,0,0,0,0,0,0,0,0,True,True,False,False,False,False,False,False,False,False,False,Q[Water+Vaccine]|F[NONE],1221609778.5612237,1221609778.5612237,19137905.85543848,0.0,0.0,19137905.85543848,h09,5,Katrina,1202471872.7057853,0.0,1202471872.7057853,1871062325.9684138,0.0,1.0,0.0,0.0,0.0,0.0,9062325.968413793,1862000000.0,7b0cc36c770e23339e64f5c3697add8fc769956b474f93e0c1938155ac8048b4
LA-0978,978,4d8164fe0a8b7af6b958f7b5b0ebcc8dd1c2517306e5e8633b7304becf246e7b,M2,A1_FINAL_NO_MEMORY_V1,PASS,11006d63a8c09b2b1393b6f26a3d53525acf37f1ecebb87b0f7fcb0c406b9dad,47d2b0387f1e64c1674a5d3eaf5837ee02d99e8b3eee36e68262ae01e0118943,3b08ea8ba2d1567d73306a289dd6b6569104faf73c7e922e9107a880b82ff130,P4,0.0,0.0,0.0,670636.9124735651,3398159.1090397476,0.0,R0,R0,NONE,1,0,0,1,0,0,0,0,0,False,False,False,True,True,False,False,False,False,False,False,Q[NONE]|F[Water+Vaccine],1189326154.9535575,1189326154.9535575,0.0,1302478.342704373,0.0,1302478.342704373,h09,5,Katrina,1188023676.6108532,17835427.512734104,1170188249.098119,1880107608.684121,1849735.3802653675,1.0,304881.5467168346,1544853.8335485328,0.0,10095118.453283165,8012490.230837757,1862000000.0,acae17d601a82efd55203ab14f16fc5d105dec2ed7a1fbe74fc8b99814646d2f
LA-0979,979,16cb21790d3fb180d4c2faca1b6ef758dcc26f033e88bba73fd3c7a446628f2e,M2,A1_FINAL_NO_MEMORY_V1,PASS,eaad6ac8097727c4991f0bda2d1b5194854710a00c3c3b29ddc3a420ae9e0391,1a812f42f9ebd4fe3a7940fcfaf31d632a3ec25c1668640d664b4ee194f65b61,0d273a224eb207f3ad67b61e0f56beb26e401a8557c1535c800251cc45505056,P4,0.0,0.0,0.0,13918256.016607855,0.0,83188857.8906417,R0,NONE,R0,1,0,0,0,0,0,1,0,0,False,False,False,True,False,True,False,False,False,False,False,Q[NONE]|F[Water+Crackers],1225861781.5470116,1225861781.5470116,0.0,5129369.324509479,0.0,5129369.324509479,h09,5,Katrina,1220732412.2225022,14008536.530929,1206723875.6915731,1809396961.2527523,72560382.8116341,1.0,10400000.0,0.0,62160382.81163409,0.0,9557344.06438629,1799839617.188366,00f9a2685c952d7a052df1f9876d8c9ec06cc702502d3a02c142aeff2ef04d79
LA-0980,980,01494db835f9752bcce216a4b094604e2aa645143d1c40d533b47172635e773e,M2,A1_FINAL_NO_MEMORY_V1,PASS,3306c1f08b5b6da9fe62568cbd948f311f36386fac9a4b79f50c0d7cca6bf790,72c0a8456701f221a2f1a7864ce75e77b9fd93e0beb89e3357b98589a379640c,35077ed0f55c20a5f12ff0ae173559327d662eb0a19f01192c014683a7db2ca7,P4,0.0,0.0,0.0,12485610.002550425,0.0,70603221.15020241,R0,NONE,R0,1,0,0,0,0,0,1,0,0,False,False,False,True,False,True,False,False,False,False,False,Q[NONE]|F[Water+Crackers],1227117929.9144964,1227117929.9144964,0.0,5553382.43089839,0.0,5553382.43089839,h09,5,Katrina,1221564547.483598,13584523.424540088,1207980024.059058,1812747762.4891076,69209581.5752787,1.0,10400000.0,0.0,58809581.57527871,0.0,9557344.06438629,1803190418.4247212,e2382e1332248f4fbe66b7318425789a292389aef2109978577560c47b4df260
LA-0981,981,b62e62fe865d5f0ba606654a7223dfd467150794e14be954a4cd4ca4f781ae0d,M2,A1_FINAL_NO_MEMORY_V1,PASS,f4bb0ab3de498d07f18a11053de3cd82a45e2d98a3fff053090833ee6dcc8dc9,14826af47f1e808eccdf21d7512896c6330696d1422ada84fc03284510e1902c,54d0694156069a5fc3b3b3c751340100f6cbb4d04c54712286af2f49bd743567,P4,0.0,0.0,0.0,0.0,0.0,195851398.76319587,NONE,NONE,R0,0,0,0,0,0,0,1,0,0,False,False,False,False,False,True,False,False,False,False,False,Q[NONE]|F[Crackers],1221345226.1272128,1221345226.1272128,0.0,4131297.2443589424,0.0,4131297.2443589424,h09,5,Katrina,1217213928.8828537,15006608.611079536,1202207320.2717743,1735874438.2592645,146082905.8051218,1.0,0.0,0.0,146082905.8051218,10400000.0,9557344.06438629,1715917094.194878,3764879c91c003af392f45af1443de2422554e7310e2cf8f79d413650f606bf9
LA-0982,982,182c98024aeab95a5710c14bc11bca9d2e1ac8582a207c393ca0f89cd98afbe9,M2,A1_FINAL_NO_MEMORY_V1,PASS,5175d39b26a73d8b744b223bc2a4ceed26f87e55bc99ea27067c1a1361478348,49bb0f6d5f3e067505a23d3f4a05189f085eb73344c82efbe4e76ac243e051ed,5081e0c9b892e70fcaec5912f936bdc9b4d5ee9826a73da500f36ed4ec651911,P4,0.0,0.0,0.0,0.0,0.0,151981142.41404876,NONE,NONE,R0,0,0,0,0,0,0,1,0,0,False,False,False,False,False,True,False,False,False,False,False,Q[NONE]|F[Crackers],1239392091.1770806,1239392091.1770806,0.0,6266658.701263944,0.0,6266658.701263944,h09,5,Katrina,1233125432.4758167,12871247.154174535,1220254185.3216422,1784014816.6466622,97942527.41772415,1.0,0.0,0.0,97942527.41772415,10400000.0,9557344.06438629,1764057472.5822759,ebac65c7d45d4c3365feb245067a336f5b4467d35abd0d39050a118b282f8003
LA-0983,983,567927b558c755c7fe1121f92beb2bd1633a75fbb1fc5bf1b52887d50d800858,M2,A1_FINAL_NO_MEMORY_V1,PASS,4d52e69ddae73adeac626f21e50e89beaef17aed396019728dd9961d947a1c14,61e0b4fc618c175937ce0de44f22fa0e30671beb9c8f2c5c92d1da65806d88a0,d54f409d8ca0a810c4f73254e068c45ccb26b3c6c893ae16d61ac976ba500163,P4,0.0,0.0,0.0,0.0,1393197.7059594034,0.0,NONE,R1,NONE,0,0,0,0,1,0,0,0,0,False,False,False,False,True,False,False,False,False,False,False,Q[NONE]|F[Vaccine],1216657161.7864609,1216657161.7864609,0.0,6730614.043137892,865377.116631184,7595991.159769076,h09,5,Katrina,1209061170.6266918,11541914.6956694,1197519255.9310224,1880889299.653834,1068044.4105521704,0.9999999999999998,0.0,1068044.4105521704,0.0,10400000.0,8489299.65383412,1862000000.0,1f225bdb15795e7a44b121e99b57e32f90b2fc13e0c468cc70945867ccd36140
LA-0984,984,1471fb26ef33e9b553fd44116d98e0a4ae319f44686885b4b22acbd023d1f820,M2,A1_FINAL_NO_MEMORY_V1,PASS,f675a0cc82ccbd167ee3c007188cab38af82fa5b8618b5dcdff76684aa65671f,7bc39b890c09d77aa7b9b95ebec39bf3843795203e22692a0e3b82035a3f4db4,36de0566d76a58e693b67a7db10e4c5ad6f10782fc42567d9e0eb8f414185c5c,P4,0.0,0.0,0.0,0.0,0.0,538630798.7902024,NONE,NONE,R0,0,0,0,0,0,0,1,0,0,False,False,False,False,False,True,False,False,False,False,False,Q[NONE]|F[Crackers],1191348949.6441498,1191348949.6441498,0.0,8482540.521032589,0.0,8482540.521032589,h09,5,Katrina,1182866409.1231172,10655365.33440589,1172211043.7887113,1655858762.6215587,226098581.44282776,1.0,0.0,0.0,226098581.44282776,10400000.0,9557344.06438629,1635901418.5571723,ea1f5d55a7618566982b2aa413cba9a9636b18ec7cabe56789cc92bfed71bc37
LA-0985,985,c79ae8420df188e9e1b105ad7716f6f364d4b46bb95e32e16944085990255717,M2,A1_FINAL_NO_MEMORY_V1,PASS,9549692057d800858a251065d6cd334aa95a06030820e7da12bddcc9ea272925,7b680c754683f418dee0dd770eb1970b43c87258e1544020bbd019d147f970da,3dc525c6df430389e363da8ced320c6452642c674ed5d83b98bd94097923d24f,P4,0.0,0.0,0.0,410991.7464791696,1081643.7130807824,0.0,R0,R0,NONE,1,0,0,1,0,0,0,0,0,False,False,False,True,True,False,False,False,False,False,False,Q[NONE]|F[Water+Vaccine],1225126008.1617978,1225126008.1617978,0.0,5416150.535015338,0.0,5416150.535015338,h09,5,Katrina,1219709857.6267824,13721755.320423141,1205988102.3063593,1880715391.0212982,1241953.043088214,1.0,341967.25459974434,899985.7884884696,0.0,10058032.745400256,8657358.27589782,1862000000.0,64850a0f1645042e80ead3adb3a29f99edcdbfc39c93bcb26438a414048cd84d
LA-0986,986,9c5c609ed7a36743b84cd937a6dc7e693e90b9c292c38d4ec9a21bfb55d97323,M2,A1_FINAL_NO_MEMORY_V1,PASS,f307216a22b75213cb22376fbf25c24d6aa4d4e90f69659bad041660b28f50ba,519d60c3aa027d15fb8a31159f1bc558f2ca736696736e4865fbaf8e25c03cf8,0373fd748b82dd21e0fb2f592ee0b1e8be2a9ae179d3a3e1df2138c38e1caa49,P4,0.0,0.0,0.0,17376079.51567173,0.0,206234664.84108466,R0,NONE,R0,1,0,0,0,0,0,1,0,0,False,False,False,True,False,True,False,False,False,False,False,Q[NONE]|F[Water+Crackers],1202890632.2617707,1202890632.2617707,0.0,6858845.469214553,0.0,6858845.469214553,h09,5,Katrina,1196031786.7925563,12279060.38622392,1183752726.4063323,1748120954.8367233,133836389.22766314,0.9999999999999996,10399999.999999998,0.0,123436389.22766314,1.862645149230957e-09,9557344.06438629,1738563610.772337,a08699605060e91893f785aeeab728fdf62a2c042395db2b6454278a92583260
LA-0987,987,ff9870d1fa4798a1c8889573721ee25bff9032f8c6932407d89773ba2fc1e919,M2,A1_FINAL_NO_MEMORY_V1,PASS,8d570902ad5df020e6aa44aec7bee61be034c68c8a45d4884762ab5a6782c32e,2f1ffa6c2eef1513af150536cf7f242c2cc0e98eb64df10b24a6b95b1a6f3dc3,a63506703d06f665b688a69026c164b12b49c6670d8d58dbf461c0337db24b77,P4,0.0,0.0,0.0,0.0,0.0,331515902.9503651,NONE,NONE,R1,0,0,0,0,0,0,0,1,0,False,False,False,False,False,True,False,False,False,False,False,Q[NONE]|F[Crackers],1218519519.3506823,1218519519.3506823,0.0,7312549.269502231,2385130.0816230653,9697679.351125296,h09,5,Katrina,1208821839.999557,9440226.50431318,1199381613.4952438,1728336808.1468801,153620535.91750625,1.0,0.0,0.0,153620535.91750625,10400000.0,9557344.06438629,1708379464.0824938,935555b009fb8b69eac647528b5e67ce12003cb0f2054cc3749919dc5b89c1c5
LA-0988,988,7e33ca8d07cd3699a84d5f73e5c1d546de9fc417bdeb1e4b64eadbba66a6b13c,M2,A1_FINAL_NO_MEMORY_V1,PASS,1738f4826b3caa829669040c35e65b715f6d5e70fb9b6003c5cd7c1ceafdc309,c26c5ae5185e8f179dead82be7bbc9049bb84d146122b93f185cf26ab2ee4fc1,3da66730aeafcc389f248217a2be9750a905f59f3b0178a157ed63ddc0dd0182,P4,0.0,0.0,0.0,18486814.854118276,1931853.3334269954,0.0,R0,R0,NONE,1,0,0,1,0,0,0,0,0,False,False,False,True,True,False,False,False,False,False,False,Q[NONE]|F[Water+Vaccine],1188669419.957878,1188669419.957878,0.0,1468940.8029583422,0.0,1468940.8029583422,h09,5,Katrina,1187200479.1549199,17668965.05248013,1169531514.1024396,1870470554.6511648,11486789.413221449,0.9999999999999998,10400000.0,1086789.413221448,0.0,0.0,8470554.65116484,1862000000.0,a2554348d9670d6c82c036ca9c439bb68a218ec4b9ff25a8893ff103db79e2fa
LA-0989,989,a24b503a07217b2e0170d985d0dc6702a263810ba65fbfccbd93b8938476d847,M2,A1_FINAL_NO_MEMORY_V1,PASS,5abb58a7f048c6408745df9a25059d0491f356014b1f5effcc59c60bdf152033,785a62140e69d44e9643a9412ff36a097fd94e61d7ae74b98370ebab6636fe65,f7ebdb90174b96597d47530606e12b53331cdd8a3ce5d5056611ab7ff07b8f1b,P1,15170619.52452781,645941.7029274289,0.0,0.0,0.0,0.0,NONE,NONE,NONE,0,0,0,0,0,0,0,0,0,True,True,False,False,False,False,False,False,False,False,False,Q[Water+Vaccine]|F[NONE],1224515553.6278484,1224515553.6278484,19137905.85543848,0.0,0.0,19137905.85543848,h09,5,Katrina,1205377647.77241,0.0,1205377647.77241,1871114528.021206,0.0,1.0,0.0,0.0,0.0,0.0,9114528.021205986,1862000000.0,fe2ddbb979a7d9ef95f83799dd36d2953b89836fe30b933456e767ef13c41916
LA-0990,990,40c1ea5ba649537d56d608c9041c2b2d83790e6e4baa54128f97f4ee8788cd67,M2,A1_FINAL_NO_MEMORY_V1,PASS,de425d62b1aa8e0a24f255ad1b899b1936c49121465a6ad48774937c2afe7ee9,7dd39350cc3b3d439b780a7854c06b24fa85ac53dafc6f56dccc6cc439e05b8d,b7113c51e89f876001b1a7b5098548b388e330149f609993523430a0ca67cc52,P4,0.0,0.0,0.0,0.0,1176797.7959313511,0.0,NONE,R0,NONE,0,0,0,1,0,0,0,0,0,False,False,False,False,True,False,False,False,False,False,False,Q[NONE]|F[Vaccine],1228583918.762035,1228583918.762035,0.0,4978074.894800921,0.0,4978074.894800921,h09,5,Katrina,1223605843.867234,14159830.960637553,1209446012.9065964,1881103563.03727,853781.0271163053,0.9999999999999998,0.0,853781.0271163053,0.0,10400000.0,8703563.037269983,1862000000.0,8e7c6b4e7d5a234dd9d773ede4015744b6a0832589bd78f11da8ef82e1864656
LA-0991,991,8f7c86dbc7e4378172c380dfbbce3c66751438e31006396a12e6716303e4ffe6,M2,A1_FINAL_NO_MEMORY_V1,PASS,ae724196883f317873bd7d39f8ed83bbf7572f21bce72c1a3cc07c8bb9f7c2ca,031bfae862dcc5b40c5f777c959ca626817eb977b58aaa35c1132f3f8bfc2300,7003bc3834a800a2ea12d9d6171b2878035239bf2e1260aced995a0b20dc9240,P4,0.0,0.0,0.0,13609876.865822107,0.0,83260277.51553532,R0,NONE,R0,1,0,0,0,0,0,1,0,0,False,False,False,True,False,True,False,False,False,False,False,Q[NONE]|F[Water+Crackers],1225313318.8770664,1225313318.8770664,0.0,3950795.0633413694,0.0,3950795.0633413694,h09,5,Katrina,1221362523.813725,15187110.792097108,1206175413.021628,1807933925.9616053,74023418.10278106,1.0,10399999.999999998,0.0,63623418.10278106,1.862645149230957e-09,9557344.06438629,1798376581.897219,9cb5c5fbc47f0d77024e9b825f988189733880bba2f4f4585e88fd9c96ecd9b0
LA-0992,992,ceb7d7c74aae097df541d1874abfeaba4614079002b0d73bdea8a057f9398829,M2,A1_FINAL_NO_MEMORY_V1,PASS,2969d65f838ffa2d538793c4f62fa5a3c9ffad760191d747fd4bec6ef81a6309,b3a829233c0170d0ca7646a9a0c10592aaa8c29ff2d72bb2abd8ef48e115f3eb,55f2ee836a4077c75175aeb8ad1bee5f20315cb4d5607ad9db857a9d9f9b6870,P4,0.0,0.0,0.0,0.0,0.0,188956510.96681392,NONE,NONE,R0,0,0,0,0,0,0,1,0,0,False,False,False,False,False,True,False,False,False,False,False,Q[NONE]|F[Crackers],1239152959.5277414,1239152959.5277414,0.0,5999209.439295105,0.0,5999209.439295105,h09,5,Katrina,1233153750.0884464,13138696.416143373,1220015053.672303,1783376928.1240976,98580415.94028874,1.0,0.0,0.0,98580415.94028874,10400000.0,9557344.06438629,1763419584.0597112,79a235b59aae318cc1e40e66c487c889f3ad2fd354af42c6746a6ff5dfb7be8a
LA-0993,993,8d5821c7ed491cd9b93f912b837b8c687d6e2efd21f9b782247d91fd020e95b1,M2,A1_FINAL_NO_MEMORY_V1,PASS,029b1b99a23c7f7ae4d8ab138b488bf3a24af5f4f72c201f94e9f5317e0e2d04,a4a263787f603efa7de143fc7e73a882cbd9b0f33cc9f06c526f237ed8c91b78,40d68da16767281a9f9539bbc43c80d5e1e2720e0bcc8cf9cca0ed833236b127,P1,15151014.54969104,646822.5396506375,0.0,0.0,0.0,0.0,NONE,NONE,NONE,0,0,0,0,0,0,0,0,0,True,True,False,False,False,False,False,False,False,False,False,Q[Water+Vaccine]|F[NONE],1224450002.729427,1224450002.729427,19137905.85543848,0.0,0.0,19137905.85543848,h09,5,Katrina,1205312096.8739886,0.0,1205312096.8739886,1871113350.4037437,0.0,1.0,0.0,0.0,0.0,0.0,9113350.403743688,1862000000.0,71c4b06e588277f1c1b33966801d95c70250092bad4eab5a06ab95dcfa83b424
LA-0994,994,c66ebd26e5f860efe501ec23ce102bfe5abce8199651ea9b2b5ae1efe4789b76,M2,A1_FINAL_NO_MEMORY_V1,PASS,d090758145baca99b6babdb5c180c67215ebe34ea61844c5c5581b3a17c81b23,d79e845f925bf4997417a166f0e38503f93825680fbd4c1fa7a19679d83892a6,c687e4bf4209ae7d5aa67fc93dc4f02498c03f2861a10e8be6e4877f3434ad95,P1,16508867.738186685,585815.2206863874,0.0,0.0,0.0,0.0,NONE,NONE,NONE,0,0,0,0,0,0,0,0,0,True,True,False,False,False,False,False,False,False,False,False,Q[Water+Vaccine]|F[NONE],1228622069.053981,1228622069.053981,19137905.85543848,0.0,0.0,19137905.85543848,h09,5,Katrina,1209484163.1985426,0.0,1209484163.1985426,1871188301.293449,0.0,1.0,0.0,0.0,0.0,0.0,9188301.293448953,1862000000.0,94fbff9df3d12b862ebed1ff85d272108775e1e7d1406dd41861df71f3b5c565
LA-0995,995,d4747f09dd6375d42291ec28a40b0e884f278dcc7fe60847da2114e1fd306bbb,M2,A1_FINAL_NO_MEMORY_V1,PASS,0ff1efb08bb0272ce49ff8b27894bb2d9f5b06e1105abf8a9b8cce6463e75b88,23bc6ff0a0a07067da8e35f5883f1879617a9b4afd9683e250fa3300e2db51e5,8e22cf9085cf5b5869f0483147d2f6019c162d184b846bd0fc4894f6b5e9e777,P1,14095769.78254316,694233.8906274443,0.0,0.0,0.0,0.0,NONE,NONE,NONE,0,0,0,0,0,0,0,0,0,True,True,False,False,False,False,False,False,False,False,False,Q[Water+Vaccine]|F[NONE],1220652657.4764621,1220652657.4764621,19137905.85543844,0.0,0.0,19137905.85543844,h09,5,Katrina,1201514751.6210237,0.0,1201514751.6210237,1871045131.3527777,0.0,0.999999999999998,0.0,0.0,0.0,0.0,9045131.352777801,1862000000.0,b2b2b9c12e72e6dd3a7700a9fa7e50504605cf351ab7922630c6e9c5f0d06e9d
LA-0996,996,a5b9b742775224edfa4c03a26466f90ad468c07f13e3a2416dd5615acef85069,M2,A1_FINAL_NO_MEMORY_V1,PASS,39ee59cc0060c8705901bbe392b813ce74136ff345b3dc69922e189ad4f6e035,909218ab4f12a656704c4c40b6bbeef7b7db6c5d0f00e38f201f9ca6a80a85df,afd94d17020951345c841ca599188f4b26a2f23b2efbaeb6a0261354dc99bbdb,P4,0.0,0.0,0.0,0.0,0.0,377472735.4178784,NONE,NONE,R0,0,0,0,0,0,0,1,0,0,False,False,False,False,False,True,False,False,False,False,False,Q[NONE]|F[Crackers],1213117082.5311785,1213117082.5311785,0.0,471553.42248653487,0.0,471553.42248653487,h09,5,Katrina,1212645529.108692,18666352.432951942,1193979176.67574,1713925698.4064198,168031645.6579666,1.0,0.0,0.0,168031645.6579666,10400000.0,9557344.06438629,1693968354.3420334,5b10e85469a75df84f3b7439e6cd68ce36a31e235d4700a675b052b865e237fc
LA-0997,997,e7607e8145e6de5781dc70ca788cd01cc03746672b89a1f1e14a78dddfe511d7,M2,A1_FINAL_NO_MEMORY_V1,PASS,7968f17b9d9d8329adfb832342d79e857d1820457043bbfe234c2d5f1349a872,1fb4c9ca4e17815a0edcb4339751e0407f069f02935c0dd8304f53b4364dce90,bc775b40ae7b576397a861e4e7cc0a12fc715593ad7532e8886ee735b97354df,P1,14237366.364875058,687872.0630486199,0.0,0.0,0.0,0.0,NONE,NONE,NONE,0,0,0,0,0,0,0,0,0,True,True,False,False,False,False,False,False,False,False,False,Q[Water+Vaccine]|F[NONE],1221194897.6658576,1221194897.6658576,19137905.85543848,0.0,0.0,19137905.85543848,h09,5,Katrina,1202056991.810419,0.0,1202056991.810419,1871054872.661153,0.0,1.0,0.0,0.0,0.0,0.0,9054872.66115297,1862000000.0,c020ad97a4d9527ec7c6960bec810841ab0f9777a3694b9ff3a5bf7871c235db
LA-0998,998,234be674a34b047722c7891081688f29aff46904e7c1145ae3fccdd9f4cd33ad,M2,A1_FINAL_NO_MEMORY_V1,PASS,4e000986281ddc77fe854b241b3c953f633315ca2f1f97f97325ca7aaacf8ab6,026a58a100cf49c8ee6162d29d03d4c5492ffa120fbda002a755e3495ca34754,4ace6aa0120cfdcef985b3d84ca498d7b617cd32519ccc961d2a088f7106595b,P4,0.0,0.0,0.0,0.0,3228315.2741801515,0.0,NONE,R0,NONE,0,0,0,1,0,0,0,0,0,False,False,False,False,True,False,False,False,False,False,False,Q[NONE]|F[Vaccine],1218199164.7695155,1218199164.7695155,0.0,2392829.6539309886,0.0,2392829.6539309886,h09,5,Katrina,1215806335.1155846,16745076.20150749,1199061258.914077,1880917001.6332653,1040342.431121039,1.0,0.0,1040342.431121039,0.0,10400000.0,8517001.633265251,1862000000.0,1b579da4afd2ba5a1ed1dc0c437f81cfaa74a8fa73f1ed79a0e28e30cf2d629d
LA-0999,999,763b37c09980bbdc1fc1b17613fcac2648630c41f36f572432a9eab7f3653a72,M2,A1_FINAL_NO_MEMORY_V1,PASS,f25c1f4fe062256bab19d4fccc98ce42ce9670502cc87a1d808e737f7296f8ee,647d54a1f95e0aee764311855c83e5f7f2a83835c84fcf2c1cd6a618e1099ede,75a1c80510bedb7942e015399ba190b85eb6d603dd8515f73bc3209683ef522b,P4,0.0,0.0,0.0,0.0,0.0,392941678.9138684,NONE,NONE,R0,0,0,0,0,0,0,1,0,0,False,False,False,False,False,True,False,False,False,False,False,Q[NONE]|F[Crackers],1204628469.2130654,1204628469.2130654,0.0,8912699.159974065,0.0,8912699.159974065,h09,5,Katrina,1195715770.0530913,10225206.695464414,1185490563.357627,1691282150.2893875,190675193.77499896,1.0,0.0,0.0,190675193.77499896,10400000.0,9557344.06438629,1671324806.225001,4235f70d31ac139b10f7031c422097b7d4c411811ccadac7b9bb33714e8cb5f1
LA-1000,1000,cdd041e17eebba1e685f1a3f70f21e86f4a1b2c1c132e3758d58ff32b79a7302,M2,A1_FINAL_NO_MEMORY_V1,PASS,c4c5724220b8f025ce62046c23870829f3742babbdd84b32840c3a5eed205a98,0d3000790de1ac8a1785ecb0753b2cc6a0d3ad03e29afd2fc8c75c13bcab8569,f2b435aae95b80e0f8151f59037f618e257e2a31fbfc06bc829d0ca3f06f44eb,P4,0.0,0.0,0.0,0.0,1673696.2019359611,0.0,NONE,R0,NONE,0,0,0,1,0,0,0,0,0,False,False,False,False,True,False,False,False,False,False,False,Q[NONE]|F[Vaccine],1199748829.2870848,1199748829.2870848,0.0,4745647.684495392,0.0,4745647.684495392,h09,5,Katrina,1195003181.6025894,14392258.170943083,1180610923.4316463,1880585542.6026094,1371801.46177695,0.9999999999999998,0.0,1371801.46177695,0.0,10400000.0,8185542.60260934,1862000000.0,1637c064c98f7432d2a5a282688efe0f7b68743097840e7238a24b436f66ebd5
