case_id,simulation_id,sample_index,input_sha256,model_kind,algorithm_identity,status,certificate_status,failure_type,failure_message,data_sha256,scenario_sha256,h_V_tau,a_C,budget,beta,lambda_Water,lambda_Vaccine,lambda_Crackers,gamma_D,result_sha256,iterations,full_exact_certification_calls,complete_full_exact_certification_calls,first_stage_sha256,policy_label,T_COST,certified_objective,C_Q,C_F,C_R,first_stage_cost,worst_scenario,worst_category,worst_hurricane,exact_worst_case_loss,worst_exercise_cost,worst_shortage_penalty,worst_total_shortage,worst_total_F_exercise,budget_usage,Q_Water,F_Water,R_Water,Q_active_Water,F_active_Water,worst_exercise_Water,worst_shortage_Water,Q_Vaccine,F_Vaccine,R_Vaccine,Q_active_Vaccine,F_active_Vaccine,worst_exercise_Vaccine,worst_shortage_Vaccine,Q_Crackers,F_Crackers,R_Crackers,Q_active_Crackers,F_active_Crackers,worst_exercise_Crackers,worst_shortage_Crackers,row_sha256
E2A_VACCINE_H0,LA-0001,1,8eed2552771574a91080a1a09e19cc627254076a2b3b214743b9abc34586428f,M2,A1_FINAL_NO_MEMORY_V1,certified,PASS,,,ec8ec802a83e12bcdd4250354e78a3ead6bb05cb35398bb104110cecd76aee01,e9923c8deda5bc80d34c2dd7d6f9010a393422b552344b0644dc26ca6f591a9c,0.0,0.9,19137905.85543848,4.0,1.0,1.0,1.0,1.0,71255bae38fec30915555926d1b25641c9596b829d966f0d8b0f16399c8adff3,3,2,2,c1bf2d12345087483e8810ba083a451072c634573769a7025b893af9fcaeb8e3,P4,1129507408.2703202,1129507408.2703202,0.0,98638.65331107803,0.0,98638.65331107803,h09,5,Katrina,1129408769.6170092,19039267.2021274,1110369502.4148817,1490895197.2837718,391062146.7806146,1.0,0.0,0.0,NONE,False,False,0.0,10400000.0,0.0,0.0,NONE,False,False,0.0,9557344.06438629,0.0,507971898.45541835,R0,False,True,391062146.7806146,1470937853.2193854,2613011a79f96ae15b8c1dab0cba46be91f531bb97b9362bf293dfa504492c85
E2A_VACCINE_H0,LA-0002,2,ba30741249fd5b686feb55d0712b0c2a3c3c0b651171c2a2e35601989f1cea31,M2,A1_FINAL_NO_MEMORY_V1,oracle_failure,FAIL,oracle_failure,Full exact certification was incomplete,40cb4188da1a338f95de8a19361d896b5ac6143d9d7c89d6bf6bc0c12156660e,1ded1b633d42f1ae88a2b71b2f881c5901e506492bdb8af975ef764e80b7fde0,0.0,0.9,19137905.85543848,4.0,1.0,1.0,1.0,1.0,39f1b5f732f52e6ba1fb1f1483f3ce2310276fd46cc80e42caa7ab03002b9036,3,2,1,,,,,,,,,,,,,,,,,,,,,,,,,,,,,,,,,,,,,,,c8a7b87ce315f9727291c3bae00c98db9e6b00569e49a2cc69107fd41fdcc6d5
E2A_VACCINE_H0,LA-0003,3,59411aa182359257e699b7fb7a72fa14dc02ccf983236a3bbbfb7a7ce21e6809,M2,A1_FINAL_NO_MEMORY_V1,certified,PASS,,,dcf21f8d6aadaed97bd547082a0252318899d588b040cb2d11675411798b44c8,317e375adf5a11bf0fe3533f3a0b6f7d7c2affc0fe9c859db6cc7aa7e4dce291,0.0,0.9,19137905.85543848,4.0,1.0,1.0,1.0,1.0,c4e6605e2a5950b9cd0ff120b496ee1427d36a3e30d626c36bd87c0a1e43501e,7,2,2,321312193512047b5f43fdd66b0dfb60b6240aa283d0863ada3e8ce69ced437d,P1,1219424672.8616834,1219424672.8616834,19137905.85543848,0.0,0.0,19137905.85543848,h09,5,Katrina,1200286767.006245,0.0,1200286767.006245,1880939017.8033602,0.0,1.0,0.0,0.0,NONE,False,False,0.0,10400000.0,1375244.743851572,0.0,NONE,True,False,0.0,8539017.803360248,0.0,0.0,NONE,False,False,0.0,1862000000.0,6fc6ebe144c14eebe3545e86f524e22c0d05e29975ebf1bf120a85ebb5e67698
E2A_VACCINE_H0,LA-0004,4,3e085f99b3a348286c0d548d80cd6e1da6cc4b923aae5629e1906dad041615e0,M2,A1_FINAL_NO_MEMORY_V1,certified,PASS,,,1c539ecb639af406e0e6aaa7e7125e6a86ad2828695ab7fd25213231d2acb2bb,ada55aa7028a785a0045252d4368255222b8528119142809cb96bfecda114cee,0.0,0.9,19137905.85543848,4.0,1.0,1.0,1.0,1.0,76d50fad055beeaa1d791029474dc5f6dab249b7541d641083f99cee2dd2f4e8,3,2,2,32161bdb38493ea4b3e0fd0404f1a2ff8c1db9a883bda34c18ee7cab2b0ffce2,P4,1219546842.7838023,1219546842.7838023,0.0,2483165.939070249,0.0,2483165.939070249,h09,5,Katrina,1217063676.844732,16654739.916368231,1200408936.9283638,1792551734.0781648,89405609.98622149,1.0,0.0,22989724.0617264,R0,False,True,10399999.999999998,1.862645149230957e-09,0.0,0.0,NONE,False,False,0.0,9557344.06438629,0.0,174645882.0107315,R0,False,True,79005609.98622149,1782994390.0137784,152c7e10ff0e52bb32f9d9365cd2da0a664f87fb771ef3216b93c9508c7fc208
E2A_VACCINE_H0,LA-0005,5,f25e7e4de55bb57ace9ac01e69a42d863af1de15ec9409e930cff173c5fdddfd,M2,A1_FINAL_NO_MEMORY_V1,certified,PASS,,,a68e045320f9436f2f6bc815c551669ae43fc90d1c1cffc68eb441887dc1cadd,0b3b06bb888b501c47d187b866593744e5e2b506461e28b0c686989eb0b18536,0.0,0.9,19137905.85543848,4.0,1.0,1.0,1.0,1.0,80e4a4b1eba3418e8c83de77b48a61dde4141be7c30abf35b8fc03a135c34c1b,3,2,2,7ecb2e4b775e3210fffaaf9eb0a41604b45ac964323ba9da30d5593cbb921dd7,P1,1230970679.774624,1230970679.774624,19137905.85543848,0.0,0.0,19137905.85543848,h09,5,Katrina,1211832773.9191856,0.0,1211832773.9191856,1871230493.926401,0.0,1.0,17637799.914796602,0.0,NONE,True,False,0.0,0.0,554318.9746065477,0.0,NONE,True,False,0.0,9230493.926401006,0.0,0.0,NONE,False,False,0.0,1862000000.0,f83054b5bf7a5bba9f114b549d0bab4870f08c5207111113aff01d50f52ef7b9
E2A_VACCINE_H0,LA-0006,6,de42add8841adf6cdadffe7a2c3028d510ddac8675da732fcd463e1eae700250,M2,A1_FINAL_NO_MEMORY_V1,certified,PASS,,,6145cdac8cbef6b5dedddfe40a2d6f5165b67f688dcce4ec9499d88e319f8556,66fac1fa9b1c2d908709d7da62a70d5011d1a3de860ce746c14097a05dba78c6,0.0,0.9,19137905.85543848,4.0,1.0,1.0,1.0,1.0,62c1ed56b1c394002c7046c8e43ad1bd4da282b861e508ab64c1b9fd6019042b,3,2,2,c7932f95fbaf13554c80135f890c5bb2cfadb34aa3ac2e262a0f7abcb8132380,P4,1228010902.1554124,1228010902.1554124,0.0,5188605.725132992,2400927.354830025,7589533.079963017,h09,5,Katrina,1220421369.0754495,11548372.775475461,1208872996.299974,1753655264.1987638,128302079.86562265,1.0,0.0,0.0,NONE,False,False,0.0,10400000.0,0.0,0.0,NONE,False,False,0.0,9557344.06438629,0.0,138001015.2037785,R2,False,True,128302079.86562265,1733697920.1343775,827a3bf986b20955d4509f85578c2d75832cbfae1137e7eb35548409adc8a2f4
E2A_VACCINE_H0,LA-0007,7,d6f6e8df5bb443f5b329818d8f0da90fcdb1c41f5a2185ec6fb08a0a554268b3,M2,A1_FINAL_NO_MEMORY_V1,certified,PASS,,,e4c19cc547b0ff3faf8f07f333f5b78babb73edfb296d3ca484a0363a1e0c901,8d986dbb5e7852f166b07023296fe6b051397c80c4cfe6f71f52ab5d149a420f,0.0,0.9,19137905.85543848,4.0,1.0,1.0,1.0,1.0,9feaa72d291758ddb7cf512254f393788ef443b5810e3159b6360eb2867f0366,3,2,2,629e20ffe8a7dad7bad59f1fabf3286bd76361a1a5851c2873f16420ad06ccc4,P4,1224101753.973965,1224101753.973965,0.0,1537727.6813731613,0.0,1537727.6813731613,h09,5,Katrina,1222564026.2925918,17600178.174065318,1204963848.1185265,1743227532.1739895,138729811.89039683,1.0,0.0,0.0,NONE,False,False,0.0,10400000.0,0.0,0.0,NONE,False,False,0.0,9557344.06438629,0.0,295507077.09389716,R0,False,True,138729811.89039683,1723270188.1096032,57d923c42c10d540a5467a9461590f49a0a4d6d20c23c47566a79150ba6c0efe
E2A_VACCINE_H0,LA-0008,8,ac30e053d86741bf9a879366d9c9e2bce5e3aae131aedc9e7814d9d440230770,M2,A1_FINAL_NO_MEMORY_V1,certified,PASS,,,dd90e17e213c86922029771a4528d4446a511a6149577b167925b63a0e843418,d1e8240dca3ebd47a5dac04a043251a71fee898f3c213ace377a680db1ffe87a,0.0,0.9,19137905.85543848,4.0,1.0,1.0,1.0,1.0,4f26e57894826af212293fb18ab0a357a3782fe2d5b71355310698a9c617886f,3,2,2,276cca0b674cb6e48d623d2bd9be7a959514b59589648dcf6a49c9ceba96f19d,P1,1233711725.2536306,1233711725.2536306,19137905.85543843,0.0,0.0,19137905.85543843,h09,5,Katrina,1214573819.3981922,0.0,1214573819.3981922,1871279736.6232789,0.0,0.9999999999999974,18778115.09301475,0.0,NONE,True,False,0.0,0.0,501244.66151859553,0.0,NONE,True,False,0.0,9279736.623278819,0.0,0.0,NONE,False,False,0.0,1862000000.0,e8ce62c25c65cfc0745436bfdbdd2d78b6eca713d4cb10b89640d8cfcbda2a78
E2A_VACCINE_H0,LA-0009,9,3f9ef457cd3c688cef1bea2783ff0f7374d3b062b769b5658594d9d3df3f4303,M2,A1_FINAL_NO_MEMORY_V1,certified,PASS,,,4c82506ec887da877cd78ac3b94afb30afbe79edd8406be410ebcc916105c429,c624a018749efba578bd3b366f1a2c90f1956874c075c25c9f4d318fe98311a5,0.0,0.9,19137905.85543848,4.0,1.0,1.0,1.0,1.0,3886bb7acfac2cadb2c639c74a2aff3b0baa0282ab2ed59e4a7f4a721bd5782f,3,2,2,dca784c6ac86213d3012693ee156583540668e4525bd5ecee485003bae31d074,P1,1231245043.6035018,1231245043.6035018,19137905.85543848,0.0,0.0,19137905.85543848,h09,5,Katrina,1212107137.7480633,0.0,1212107137.7480633,1881151369.965293,0.0,1.0,0.0,0.0,NONE,False,False,0.0,10400000.0,1375244.743851572,0.0,NONE,True,False,0.0,8751369.965292888,0.0,0.0,NONE,False,False,0.0,1862000000.0,c1b06495b8888635f0edf191f9e572d2ee0b392c6ce0cc306ef070e3baf31de3
E2A_VACCINE_H0,LA-0010,10,06698b11d19baa7be4293ecf7d570cadf19ea3073caa2e34a72881399cc82472,M2,A1_FINAL_NO_MEMORY_V1,certified,PASS,,,dc959a36c93993e80bc18db52e7417e9a3a00e2c1662923f73d05b9eae951059,2cf6ef34d145697be4961db0aba478947fe26f91acbc974bb5ea676fdea569eb,0.0,0.9,19137905.85543848,4.0,1.0,1.0,1.0,1.0,7f55ea7d03262b82150c1b44f1eddfa9682295af5c918ebe74f88a80cd9216de,3,2,2,394be12c178146da11dc5de288f23934811121bb26751cbe8db7dfc069f423a3,P4,1216833970.5307605,1216833970.5307605,0.0,5384998.5007976815,0.0,5384998.5007976815,h09,5,Katrina,1211448972.0299628,13752907.354640797,1197696064.675322,1880573780.3341582,1383563.7302281326,1.0,0.0,426298.26574119116,R0,False,True,334252.99689376773,10065747.003106233,0.0,1338265.7747305832,R0,False,True,1049310.7333343648,8508033.331051925,0.0,0.0,NONE,False,False,0.0,1862000000.0,dea3556fb61e557ed793ce3c094342067db3cf680b8b93db06fd82226629446f
E2A_VACCINE_H0,LA-0011,11,d7c35ed9597b3fc9d08acf7141e130141104dec6b562dd2d3db68bb24ebfce1d,M2,A1_FINAL_NO_MEMORY_V1,certified,PASS,,,bf9080ac8643ef5fca7cbefd830ff0645c2a1ed9383d4f0ce6440811cd80da88,34e516166442f8c49a0f3a0ae0bc22cd8454582dbe88bbdb584f65196de845a4,0.0,0.9,19137905.85543848,4.0,1.0,1.0,1.0,1.0,24503f68badbfa4dfc512266f46ac2ae85f10f4487604298d802649f41163b82,3,2,2,9438aad99cb752509817d929cc926fbe008f975b62deeaad2ced863a6a902b67,P1,1218869383.9343636,1218869383.9343636,19137905.85543848,0.0,0.0,19137905.85543848,h09,5,Katrina,1199731478.0789251,0.0,1199731478.0789251,1880395106.4616077,0.0,1.0,748940.5492966805,0.0,NONE,True,False,0.0,9840000.0,1340386.3941979748,0.0,NONE,True,False,0.0,8555106.461607592,0.0,0.0,NONE,False,False,0.0,1862000000.0,a16e890f485dfbdab108149855123b4329316131143671dbb4388c38be0dfb6c
E2A_VACCINE_H0,LA-0012,12,5c1441ad663de3d58521ae8885de5adade81efac16c906e57da0eb3982b22bde,M2,A1_FINAL_NO_MEMORY_V1,certified,PASS,,,615d779993204d516b7fa946b66b78c7a8106813a0d8efffcbfad11629a886af,be02d0b36c0dcffa7ec9d16fbeec04557e8cd80c7d58ca4209455f44e882ebeb,0.0,0.9,19137905.85543848,4.0,1.0,1.0,1.0,1.0,63073138c89fdaaf565e5bebb6ab8bdd74df8b97a8be2e5bdec29b3415a972fa,3,2,2,4aec6d4cfd657ead6746e645882bbcdda1275fb6e4da4b7cf3dc72694664856a,P4,1160699291.0929866,1160699291.0929866,0.0,190920.19598620152,0.0,190920.19598620152,h09,5,Katrina,1160508370.8970003,18946985.659452274,1141561385.237548,1869968073.1754375,11989270.888948876,0.9999999999999998,0.0,13035524.507019604,R0,False,True,10400000.0,0.0,0.0,1992017.2712678763,R0,False,True,1589270.8889488766,7968073.175437413,0.0,0.0,NONE,False,False,0.0,1862000000.0,0bc9420754a7208393c6b979df934d23cad234164bf72073c5c9a9ab4dc23bef
E2A_VACCINE_H0,LA-0013,13,bc772f5c68c2a5c12ac82feed6fbd90db6b85103f3312eab4179164c9d4e88f5,M2,A1_FINAL_NO_MEMORY_V1,certified,PASS,,,49b48645f4f790ee7bcbdb982b4ebd67b837cb8d9ff8be4977ae5d636c8995e8,0145fb8d85835260f30f16b881d6374784fbb9ea43f7fc3811ac34251d06d8e9,0.0,0.9,19137905.85543848,4.0,1.0,1.0,1.0,1.0,9e8e414f7a6fbb4552a664811367553ab452e50aa4ec238dcf718728cbff06aa,3,2,2,b6550550a583e01bfe0eb713e444162fe10a38ae90bb627031140bac3406f08f,P4,1216222844.6648905,1216222844.6648905,0.0,2198529.2713841423,0.0,2198529.2713841423,h09,5,Katrina,1214024315.3935063,16939376.584054336,1197084938.809452,1880881497.1760824,1075846.888303867,1.0,0.0,0.0,NONE,False,False,0.0,10400000.0,0.0,1434077.2415854274,R0,False,True,1075846.888303867,8481497.176082423,0.0,0.0,NONE,False,False,0.0,1862000000.0,e3a67fe59850aa249af35bac2ea5952574caebb129e4381d2fba7f07bcda80e4
E2A_VACCINE_H0,LA-0014,14,9d4bc8f108e222b9004ae3749404dd15c5af542ba54e3695e483c3ab081694fe,M2,A1_FINAL_NO_MEMORY_V1,certified,PASS,,,177f772993e3f3f8e4b40aace65a184cd71a96f5360f9006f667a8c2e485e70f,af34a87928de80fba20b877826da791a6f6efb35baf275e34bd5a71a57388711,0.0,0.9,19137905.85543848,4.0,1.0,1.0,1.0,1.0,cdd9f3a28ce43bed5807be9e7a91b0835d7689f73d8afb527537fb9061f39e62,3,2,2,8ffe68a62175f3958f81cad509b71a2afcdc7f93bbcccbc9b0820d7a5bef5a38,P4,1200327519.7788906,1200327519.7788906,0.0,7544927.028551884,0.0,7544927.028551884,h09,5,Katrina,1192782592.7503388,11592978.826886594,1181189613.9234521,1741283800.3262668,140673543.73811966,1.0,0.0,25620582.283209123,R0,False,True,10400000.0,0.0,0.0,0.0,NONE,False,False,0.0,9557344.06438629,0.0,320931158.3334363,R0,False,True,130273543.73811968,1731726456.2618804,6167506355883e6647cf58e0dc096f13661b6c1debaa5fe5a062b5ddfbd1b718
E2A_VACCINE_H0,LA-0015,15,092ddd62a98a4bd89bf76f067ac2de26c73a2fb505374668c940be8fe91083b9,M2,A1_FINAL_NO_MEMORY_V1,certified,PASS,,,e1a154365ce80b8f40c54e687e69e24f772127566e287f9c0b6c9a7164d03da1,1e36d66259d56c17df43518a122e4b1491c64db185c459cbead9c6cc56b99c04,0.0,0.9,19137905.85543848,4.0,1.0,1.0,1.0,1.0,4379798d092a814a5e272c612ff0fd19ccb51f86764c273556b15eaee4568a4e,7,2,2,a6d00774bf68d67279fd3a069d09605f72e51fa672302404ee55c4561df43ce8,P1,1220382718.6232452,1220382718.6232452,19137905.85543848,0.0,0.0,19137905.85543848,h09,5,Katrina,1201244812.7678068,0.0,1201244812.7678068,1880956229.0307524,0.0,1.0,0.0,0.0,NONE,False,False,0.0,10400000.0,1375244.743851572,0.0,NONE,True,False,0.0,8556229.030752491,0.0,0.0,NONE,False,False,0.0,1862000000.0,1b5b8e35a91e1661154b5875116afbfc78e4a56fbfea60a698195e665346b50e
E2A_VACCINE_H0,LA-0016,16,b2ff17041ea2f1be7864efa886f0891854b8633d52a824c042ee5a29d0f2043b,M2,A1_FINAL_NO_MEMORY_V1,certified,PASS,,,dc2c21b72414635971456a7f51638e7a2900322d2a67efa75c32af54a7d6a235,b12a082d39e2a98fbeb68592b33a2df00d0abff13c9f1decb40dcf6decf0a9aa,0.0,0.9,19137905.85543848,4.0,1.0,1.0,1.0,1.0,b14cc6d5900dcf043d920310cb4e61700a59f288a69e8f8104ae0a006217071b,3,2,2,6e6de73bbe9f344954c70d917d81bfb254e0ce26d2f74344ebee7d35555d57c1,P4,1189246116.375355,1189246116.375355,0.0,1481770.4415039066,0.0,1481770.4415039066,h09,5,Katrina,1187764345.933851,17656135.41393457,1170108210.5199165,1880396862.074589,1560481.98979739,1.0,0.0,0.0,NONE,False,False,0.0,10400000.0,0.0,2366186.644519527,R0,False,True,1560481.98979739,7996862.0745888995,0.0,0.0,NONE,False,False,0.0,1862000000.0,4224eccf80273d17264bbf5e6b3e533c8f18ae255bf5bf50c7a1104dabd057c0
E2A_VACCINE_H0,LA-0017,17,9d8be22567afcabbf94ce470787e9f63ad71892883ca72fe79ea5ccd3e06ce5e,M2,A1_FINAL_NO_MEMORY_V1,certified,PASS,,,f31606829b87db1e91c1899fd87f1a0aea27b50f58bfc2eb511e72d1492a277d,215e8a5743ccdf211c937d4ac5d60940cfb2bc1cb5cc6a016c50fd7d060a959d,0.0,0.9,19137905.85543848,4.0,1.0,1.0,1.0,1.0,e86030321004b94583760999883b92848e72a6d6c3169dcbdcccc1d36bbee488,3,2,2,31d68dc836173d9b68f2c442bf8c2896f0508e7cc7bf185afd46a46dce6cf518,P4,1179450447.9848735,1179450447.9848735,0.0,4952289.438373802,0.0,4952289.438373802,h09,5,Katrina,1174498158.5464997,14185616.417064674,1160312542.129435,1685593788.071633,196363555.99275327,1.0,0.0,15852570.715621822,R0,False,True,10400000.0,0.0,0.0,0.0,NONE,False,False,0.0,9557344.06438629,0.0,283461579.0291942,R0,False,True,185963555.99275327,1676036444.0072467,cdb3b2af0a7e0ffe14612860e6a08dee9b6c01d4bc916a920e427b5c5bcf91a7
E2A_VACCINE_H0,LA-0018,18,88740ccdbf47f9612cd99ce867900cdc74d3705aedf2a3bdefb1d376a8ffba59,M2,A1_FINAL_NO_MEMORY_V1,certified,PASS,,,85f28d9749c5beba6f168d389fc8e108bf34e05fd96385a515c41fa6e7a07fd1,f224365e4fe08d1e9fca00c37554fe14d02a7639055999e2ad7548ec2ff61b99,0.0,0.9,19137905.85543848,4.0,1.0,1.0,1.0,1.0,6061ec977463cde08ed21a76f68926d24d5332f7aef574d5e58564dda865e64f,3,2,2,f54c00046fc3450f3e633307d7c0937820691c914c080b1dfed8c43e8b0ad200,P4,1224801139.3738234,1224801139.3738234,0.0,519260.7922850375,0.0,519260.7922850375,h09,5,Katrina,1224281878.5815384,18618645.063153442,1205663233.518385,1806567676.7532108,75389667.31117563,1.0,0.0,23950916.57918333,R0,False,True,10400000.0,0.0,0.0,0.0,NONE,False,False,0.0,9557344.06438629,0.0,149669432.71911973,R0,False,True,64989667.31117563,1797010332.6888244,fc49c067e08092b05738004be3dbb4fd4eaa48387c2ee57aaf3cb83cb5a98bae
E2A_VACCINE_H0,LA-0019,19,9770a34977e95b015e0cefe0df348623152eb9589c95eaf2349fbd268071b51a,M2,A1_FINAL_NO_MEMORY_V1,certified,PASS,,,8deb8b053e7f0fdcd4084816768a8a2b8963677b1927526c7f4ed3cbe0058b99,b777ffb99c86f113f96d82940a24a4bdabda7fc96af4f144cd1c9c016cf75582,0.0,0.9,19137905.85543848,4.0,1.0,1.0,1.0,1.0,6ecca402fb81104c1642bd17ae8ded716f508cde7383896d3077b1fc60ccc1fa,3,2,2,36147554480c0d59f3766b002d6fcda82c064dd050d213138039f008fb89d028,P4,1214574557.7477093,1214574557.7477093,0.0,1656991.7378825236,0.0,1656991.7378825236,h09,5,Katrina,1212917566.0098267,17480914.117555954,1195436651.8922708,1880646511.4111857,1310832.6532006536,1.0,0.0,539573.0695696151,R0,False,True,215399.8760209231,10184600.123979077,0.0,2744040.697742192,R0,False,True,1095432.7771797306,8461911.287206559,0.0,0.0,NONE,False,False,0.0,1862000000.0,8d14d2966b06468c0a3c3da8ae509ac591abbed10cfb9f457e8122406ee06fa0
E2A_VACCINE_H0,LA-0020,20,3c0d1d5974307dcb77a0b9e21ab6afb89052e6f263f5080ada8651af93c00448,M2,A1_FINAL_NO_MEMORY_V1,certified,PASS,,,ae41e8f5bd73dfb057854d3dfddae892fa2ea3f070b6b253a4ff12fe89c4349f,4034b5506da211179360d9d42afecff794e47f5a0931df4eec18072524de37c3,0.0,0.9,19137905.85543848,4.0,1.0,1.0,1.0,1.0,dc0022ce17c2bf63a8701c185f8bc8e6289bca0544a4d13a953abbc5c0467eb3,3,2,2,d9056d8fdff89d1590b76ef65c7c68cf325f5c096041057a9a6f0a9545ae36f7,P4,1186267961.9630404,1186267961.9630404,0.0,925334.4345956413,0.0,925334.4345956413,h09,5,Katrina,1185342627.5284448,18212571.420842838,1167130056.107602,1642305124.974553,239652219.0898333,1.0,0.0,0.0,NONE,False,False,0.0,10400000.0,0.0,0.0,NONE,False,False,0.0,9557344.06438629,0.0,322630420.1949839,R0,False,True,239652219.0898333,1622347780.9101667,ccc9582055b333859f67a553aa8dcd1f83251a37a0e9f4fcce873381649976e4
E2A_VACCINE_H0,LA-0021,21,9c0c8e916a30a3fa9f17a2b27ecaaa74ee626fafee16b17aef6e1fa739cc5936,M2,A1_FINAL_NO_MEMORY_V1,certified,PASS,,,ba0db32d22e88a52abc21f009ae5465677bd09028c59b715172aeecdd1e07688,cf90ac8884db2cbc00c8e1bf27ef07477342ce2234e2ca26bd75adc27c64b1dd,0.0,0.9,19137905.85543848,4.0,1.0,1.0,1.0,1.0,aec02788679f1e851ee5350acc9a89e4d8da68b4b08aa70f088442a354caac2e,3,2,2,4dcd3e76a0a1af001e3cad39815fec41d042dd7b92a2950d33f00a52a3e290e3,P4,1233499223.9417398,1233499223.9417398,0.0,4315572.612170886,0.0,4315572.612170886,h09,5,Katrina,1229183651.3295689,14822333.243267592,1214361318.0863013,1768295473.8293853,113661870.235001,1.0,0.0,0.0,NONE,False,False,0.0,10400000.0,0.0,0.0,NONE,False,False,0.0,9557344.06438629,0.0,267830195.45473477,R0,False,True,113661870.235001,1748338129.764999,72453830c4c78d3fcb760b287b1159ba94af18593ba2eeb83c7fffafe67352c7
E2A_VACCINE_H0,LA-0022,22,6bb63a048030f05350d49e0f95e43d5d1d8afce87fc056fd4148eceb507c86a1,M2,A1_FINAL_NO_MEMORY_V1,certified,PASS,,,e5023017b4c585f6e986d103023baa54b0a1f4dad4e65e2e6ecafb93fd36c98b,12cd86c2bc25929194374d3cbab0d0c06ae240ce940c7018b1362c77f67af791,0.0,0.9,19137905.85543848,4.0,1.0,1.0,1.0,1.0,b407feb98c3bd105ef94f8ba2ca43bc573086d45b85316aab78dbb8c7cc0f5bb,6,2,2,a5dec7bb2e1f92cd06c2bddc3b44c47f8aba2791b991592b25f0c5d4fe3b4fc7,P1,1227191950.7654185,1227191950.7654185,19137905.85543848,0.0,0.0,19137905.85543848,h09,5,Katrina,1208054044.90998,0.0,1208054044.90998,1881078556.4262357,0.0,1.0,0.0,0.0,NONE,False,False,0.0,10400000.0,1375244.743851572,0.0,NONE,True,False,0.0,8678556.42623563,0.0,0.0,NONE,False,False,0.0,1862000000.0,cf9d83fc5d052668a7acc89d408990e505bdee3ba20d180c562f1c74b0eb98ff
E2A_VACCINE_H0,LA-0023,23,6e9f2f6ea49a02cd8d73697d95a8c6eec0807082c1aeab51b67a21fc03ab6414,M2,A1_FINAL_NO_MEMORY_V1,certified,PASS,,,3834a8a839771d740df2236333ada5185add25553f98d7ae878b6b152d520548,189eec2a708d48ce444e367550133d42fd57574cdfb176ba7270e14045b90485,0.0,0.9,19137905.85543848,4.0,1.0,1.0,1.0,1.0,b0b95582ffa9d1b8ff82b9c1562c601e1077cd4901a903a6d61ba5a6d14770a4,3,2,2,12d22b9a38628107425a34437784bbe327fa0c9433f2795a4bd287108035386e,P4,1222756587.2336216,1222756587.2336216,0.0,4908145.73832661,682084.1134155421,5590229.851742152,h09,5,Katrina,1217166357.3818793,13547676.003696324,1203618681.378183,1880998875.4199874,958468.6443988131,1.0,0.0,0.0,NONE,False,False,0.0,10400000.0,0.0,1417919.3868370492,R1,False,True,958468.6443988131,8598875.419987477,0.0,0.0,NONE,False,False,0.0,1862000000.0,de20c68ef1e37527070de54ed8d1c80910158fa095a01c37efe328ba6ef20b7f
E2A_VACCINE_H0,LA-0024,24,6d7ec27518715e008327d137620c14c125fdf032d00924b93febb86e631fc003,M2,A1_FINAL_NO_MEMORY_V1,certified,PASS,,,1b2e40a0cfcc1bf99f02a25015f372bfb9bf7a37899560ab32d39bf3f84dd115,01010f669bf7241e93148a474f58a85c0cdf858b55c5cebf7b082105005da0ca,0.0,0.9,19137905.85543848,4.0,1.0,1.0,1.0,1.0,3d65ee7194e85a4d585229ce9abb85be6cae9660faeb008df3e4615f48c1666a,3,2,2,8ea79ecca9ed5f70b68b387d9abf8f93950602a052be90948b06f9fccd184a85,P4,1196806393.808849,1196806393.808849,0.0,4558379.772399051,0.0,4558379.772399051,h09,5,Katrina,1192248014.0364501,14579526.083039427,1177668487.9534106,1731891125.4168513,150066218.64753506,1.0,0.0,14160043.55248088,R0,False,True,10400000.0,0.0,0.0,0.0,NONE,False,False,0.0,9557344.06438629,0.0,190161513.3518667,R0,False,True,139666218.64753506,1722333781.352465,e592d80e409ecc2556855fb7bfd12017a282df612bb3707649ab5cacba20026c
E2A_VACCINE_H0,LA-0025,25,b39feb6eea784bceddaca092dc4e701505742600b01cf7a26c64501d926a458d,M2,A1_FINAL_NO_MEMORY_V1,certified,PASS,,,db68d28b81612cc4f91e00eb63de175bcc844811bc810ef7eae16699c25e0e39,baacab4f4160486e91719d47246308a9e831757552b65a2236202d384d26628a,0.0,0.9,19137905.85543848,4.0,1.0,1.0,1.0,1.0,b4704adbb2bc37a189e6c6adfd92b5466702ca4c0e1d43af32a51b339fb32153,3,2,2,87f84810c6d6ba2dda30b6977cc8581f02395580960953b5dd0d3be7a32db387,P4,1163292920.5081346,1163292920.5081346,0.0,4145933.549114727,0.0,4145933.549114727,h09,5,Katrina,1159146986.95902,14991972.306323752,1144155014.6526961,1581018736.1170368,300938607.94734967,1.0,0.0,0.0,NONE,False,False,0.0,10400000.0,0.0,0.0,NONE,False,False,0.0,9557344.06438629,0.0,551877551.1208586,R0,False,True,300938607.94734967,1561061392.0526505,2bd4b0330baab37f55c2c8acb12e76ddcbe0969fee5e2390671fc9e0d867d210
E2A_VACCINE_H0,LA-0026,26,5bd990e15e3b22f43439e71e7147d7b7a93aff1ba487719ad0800d6c597820ef,M2,A1_FINAL_NO_MEMORY_V1,certified,PASS,,,c4f7ed6a0d889801c3cba4ce382e41b4c52c3bf150f6bf4162c2f31d141e041a,c4dff66f7a8cc4d0736f1a7f869ea509971f38da2066dafe0a5d37b5909cc1b4,0.0,0.9,19137905.85543848,4.0,1.0,1.0,1.0,1.0,25756306575705f45cf25a1ab68cf9d9b098bad2eaee68569820b98127cfeb06,3,2,2,22c24a4247fedd1b3932b27ed1ce502f700bfb14f5a0df27e7b7ca2f21d07987,P4,1202448913.1285603,1202448913.1285603,0.0,1898530.1475050803,0.0,1898530.1475050803,h09,5,Katrina,1200550382.9810553,17239375.707933396,1183311007.2731218,1870718102.315197,11239241.74918936,1.0,0.0,25643271.40964224,R0,False,True,10400000.0,0.0,0.0,2069317.6877659294,R0,False,True,839241.7491893603,8718102.31519693,0.0,0.0,NONE,False,False,0.0,1862000000.0,5dc18bb8ffe9ab2cd7f55c83ee67e711db2b9aa776773b253591e777092f16dc
E2A_VACCINE_H0,LA-0027,27,cfaddbaf41730539abdb391ae292a542c1e5974c9fd363235b711ece4c2723a3,M2,A1_FINAL_NO_MEMORY_V1,certified,PASS,,,607703fc3c169959be2897de52678abc979507633ca7c167a99c9298459831ea,db46befd19207af76720bf86c5e33eaf5825de55ac5e41fb7791bee33756caf8,0.0,0.9,19137905.85543848,4.0,1.0,1.0,1.0,1.0,d5268966835c373c52da51abdf48b90500c99d6a32a20f503ec1b6180a818dcf,3,2,2,37736a0edf0a1260db1683541ee9d3bd40f76ca429712526e336f09639d2d653,P4,1228983571.6778517,1228983571.6778517,0.0,7922102.930385798,0.0,7922102.930385798,h09,5,Katrina,1221061468.7474658,11215802.925052678,1209845665.8224132,1881110742.7749069,846601.2894794726,1.0,0.0,0.0,NONE,False,False,0.0,10400000.0,0.0,1613006.3295010433,R0,False,True,846601.2894794726,8710742.774906818,0.0,0.0,NONE,False,False,0.0,1862000000.0,26975cfd592a812085731c8613cf45ed395e576cd4374a57cb54a0809c93f2f5
E2A_VACCINE_H0,LA-0028,28,aab4e156e74d50b9f94f91a8b11877f4b196c90dbefd3a9eafa7abaf3557a3f5,M2,A1_FINAL_NO_MEMORY_V1,certified,PASS,,,22cc6752cc66a927b26907d982c982788265b8abbcf3f77ec8b79ff7bc0d5dc8,46d772fee3592f7c31cf17f97a664c093b770d383d74c62e576b1e6c9cb01e79,0.0,0.9,19137905.85543848,4.0,1.0,1.0,1.0,1.0,e1062992a99bd885c6030acc3150b4a2f0ea19970e1d13d6a022edec08b1c7b9,3,2,2,95eae147c05fdcffa5a35e813f648421153dcf1da2b673ee42350892d816e253,P4,1217685362.5509434,1217685362.5509434,0.0,3927924.910591948,0.0,3927924.910591948,h09,5,Katrina,1213757437.6403515,15209980.94484653,1198547456.695505,1880624983.9849443,1332360.0794420382,1.0,0.0,409143.3694082499,R0,False,True,296591.65374554583,10103408.346254455,0.0,1428825.7213728344,R0,False,True,1035768.4256964924,8521575.638689797,0.0,0.0,NONE,False,False,0.0,1862000000.0,bb88c39c332981ec3fa0e85598b761e8f0a3a1ed283b5d45fdb8d9d6317132a2
E2A_VACCINE_H0,LA-0029,29,3ede3239a767640a2b33456598c460234d288524ff970adee2257294e953bd1e,M2,A1_FINAL_NO_MEMORY_V1,certified,PASS,,,bcc1eb05519121d6de759b38e2884d36785f54cdeaceb670c830f06f9b6aa550,eccbe31353e2e3db4f0ee0bfbbcaa82b3653691bdd96af2caa15b11974b90c08,0.0,0.9,19137905.85543848,4.0,1.0,1.0,1.0,1.0,c47c7e3f8625304131cd007b8074b6d7ca5c3504903ef4fbdcbc937f7a5abfc3,3,2,2,4ff93e0e17de97c11040f0ef119088e3628b22fcbbe4351533010740c37f6dfe,P4,1240292694.1181536,1240292694.1181536,0.0,4363910.046225605,3530281.6341467253,7894191.680372329,h09,5,Katrina,1232398502.4377813,11243714.175066149,1221154788.262715,1881313910.3956366,643433.6687497006,1.0,0.0,0.0,NONE,False,False,0.0,10400000.0,0.0,753045.8533445576,R2,False,True,643433.6687497006,8913910.395636588,0.0,0.0,NONE,False,False,0.0,1862000000.0,795f8c3f7538383540f4fbb76f232123a08b68b2be3649b3add4200f83473b85
E2A_VACCINE_H0,LA-0030,30,3d7857406de0967b7bf34da5156d7448d34b2cba7b03a628e6a34b750f8e0bd9,M2,A1_FINAL_NO_MEMORY_V1,certified,PASS,,,45957c9e70b5af156dc42acb322bb082c8dab04312b7ddca284a804e2698ad4c,2ea3bd5886c1d78f5622d17d9962835144a46046ebde6d934a60ab440225cc92,0.0,0.9,19137905.85543848,4.0,1.0,1.0,1.0,1.0,a5097fd3a1711b2e2dbfe21e99f6896b55a661d53da1025dd95a231729c49ba1,3,2,2,cac66c94efbf1a02ba5d5acf5b0728e3083a5379fe537d3f22c9427561d65cc7,P4,1218089373.0810654,1218089373.0810654,0.0,9695388.22136238,0.0,9695388.22136238,h09,5,Katrina,1208393984.859703,9442517.634076098,1198951467.225627,1880627453.4011662,1329890.6632201795,1.0,0.0,430204.0078690064,R0,False,True,301614.01805650716,10098385.981943494,0.0,1466671.6646592685,R0,False,True,1028276.6451636724,8529067.419222618,0.0,0.0,NONE,False,False,0.0,1862000000.0,ff478661ddb7708d3398ac56ba5df8b858f0eac26ec8756f39ee8d9ea7536e2b
E2A_VACCINE_H0,LA-0031,31,b2c9f84e097e6d8b1c2a028c778645835d20281cce23904d36809ef099ff2353,M2,A1_FINAL_NO_MEMORY_V1,certified,PASS,,,c4d5e6f36b06dcb18919b06cb426615f98175c54e222df97dc84b1ab0e35a705,bd34490503b2f392aa65b6742d5f072588554e8017de0bc73aa9f6ab38d4b55c,0.0,0.9,19137905.85543848,4.0,1.0,1.0,1.0,1.0,3dc133f884bd772a7b6bc16162d7659b8f30080233e96c1e08cc5c4817d4d671,3,2,2,cc3901a7f2a25ba5915871688c851b37f1a141e96ae16341060226eec4c59bc3,P4,1203357369.8189714,1203357369.8189714,0.0,2072771.4721168522,0.0,2072771.4721168522,h09,5,Katrina,1201284598.3468544,17065134.383321628,1184219463.963533,1749365986.732799,132591357.33158724,1.0,0.0,14552557.26844346,R0,False,True,10400000.0,0.0,0.0,0.0,NONE,False,False,0.0,9557344.06438629,0.0,170980454.3535348,R0,False,True,122191357.33158724,1739808642.6684127,65685f2bd12631061332646b3e41f60da255afd0ffda6d949efb734ec33cbbb8
E2A_VACCINE_H0,LA-0032,32,f4f35be64e2a6a66797bef3bd06352c0e954577920dbaa334c40d418f72f6054,M2,A1_FINAL_NO_MEMORY_V1,certified,PASS,,,5c12715b1f0b6aabf086795e738599b823220dcf35687d7f57c6233234277824,72c001b9150e829f44177621506bf97007ce93c5778ccd71e69ecd6a197ade46,0.0,0.9,19137905.85543848,4.0,1.0,1.0,1.0,1.0,9fa2376584070dd2a3a908882c64404262e5b2988ab1a72d0b85c8293ecbfd24,3,2,2,da43d08e5f963c01c8b3f3cbff8ba85d74a1a6b0df1726c47657874f1ea19b97,P4,1212143165.3748326,1212143165.3748326,0.0,9528673.306337446,0.0,9528673.306337446,h09,5,Katrina,1202614492.0684953,9609232.549101029,1193005259.5193942,1880507642.365669,1449701.6987173439,0.9999999999999998,0.0,419814.5571520834,R0,False,True,315235.8417581385,10084764.15824186,0.0,1510822.115554034,R0,False,True,1134465.8569592054,8422878.207427084,0.0,0.0,NONE,False,False,0.0,1862000000.0,290569e12c0b902addcdc38dbd6943d0c3a7f32f6c8c3721f6d6f1de9c46d677
E2A_VACCINE_H0,LA-0033,33,242bd65776afa513ff3a5e721f1af0cc3162b4bb19d3be12cea27cfa5d59ec75,M2,A1_FINAL_NO_MEMORY_V1,certified,PASS,,,6f6788df316a76432ccf0f2029e15e16f54fe0a6ca0487fc0660ef19f7b75991,9edc58b015b798d1b9c9e1c22de428423e0a6fbd38b1a20f56be4131185d80b2,0.0,0.9,19137905.85543848,4.0,1.0,1.0,1.0,1.0,94111c780b1fcbf8d57ad6f5654649be08b3643d171e317e0beda5ae7dd6f49c,3,2,2,a30ff1700519e8d4290c22eee2dd87c88904e20bee39a977f72434ce05020d05,P4,1222697539.4130766,1222697539.4130766,0.0,1289664.4756928529,0.0,1289664.4756928529,h09,5,Katrina,1221407874.937384,17848241.379745625,1203559633.5576382,1739481761.3649616,142475582.69942462,1.0,0.0,0.0,NONE,False,False,0.0,10400000.0,0.0,0.0,NONE,False,False,0.0,9557344.06438629,0.0,245448141.07172894,R0,False,True,142475582.69942462,1719524417.3005753,590b5539c7c75871c21e9f67ed8047e3d3f697c704b7dd5bba51c529e7e9026b
E2A_VACCINE_H0,LA-0034,34,b6a09f1b58b2fbf1794374e4eee392d33de36403806d9cac077fea29336b5fb6,M2,A1_FINAL_NO_MEMORY_V1,certified,PASS,,,2e5cfc1468d27c01bc71ea1e5c0c628e97b2f6b92980ede3edf6685b97d86ef0,3e235adced1dd2128dcae4f06f01e66a73a0f4b858e46631d9dd2c1fc6e4fb22,0.0,0.9,19137905.85543848,4.0,1.0,1.0,1.0,1.0,27b90bbbe1191d6cbedf7bbabfef734be3eb02be1a521ed47d19dc6e790dcb86,3,2,2,78752aafc421f872efa81018ed77b394866a41433dc03a81a7dbfd7f128db936,P4,1240279385.2554858,1240279385.2554858,0.0,8371288.212632782,3424164.9952145093,11795453.207847292,h09,5,Katrina,1228483932.0476384,7342452.647591188,1221141479.4000473,1786381691.5890574,95575652.47532894,1.0,0.0,0.0,NONE,False,False,0.0,10400000.0,0.0,0.0,NONE,False,False,0.0,9557344.06438629,0.0,208206057.06915534,R1,False,True,95575652.47532894,1766424347.524671,9cbb4bc1b8486eb6944e5165bbdc945ae15fa34212fc6b456a50038b23a001de
E2A_VACCINE_H0,LA-0035,35,61f86ea9a5d637c6ba13dfbab345847baad40c87477b380ef07cefed17bc2ee7,M2,A1_FINAL_NO_MEMORY_V1,certified,PASS,,,6ea20f30f782430b93a19cc6133dbb42248674a130c2a2b29d4b460474d618a5,0504e6ed052e392b68bb0b6e0754d97c413f60c51d9487e0d3ab2216c8b0a656,0.0,0.9,19137905.85543848,4.0,1.0,1.0,1.0,1.0,ca3d6f58af9bd8cb0c775596b542bcd729403ff289d6f1024b59827db2e9d936,3,2,2,8536b2d06761460f2e844c0177baaff6aa41ec6f97df0a47144e0c05dabd61b2,P4,1216954715.5455225,1216954715.5455225,0.0,7645864.534062512,0.0,7645864.534062512,h09,5,Katrina,1209308851.0114598,11492041.321375966,1197816809.690084,1724162662.273108,157794681.7912783,1.0,0.0,0.0,NONE,False,False,0.0,10400000.0,0.0,0.0,NONE,False,False,0.0,9557344.06438629,0.0,193845582.8063868,R0,False,True,157794681.7912783,1704205318.2087216,cd5de938defa79389b13084f594c7086350ede0d3e3b84f97d34c31040243a95
E2A_VACCINE_H0,LA-0036,36,dc589e9611db23a52a37f76fc3061c6adf7b0550514c9a79a8599a2a229640c3,M2,A1_FINAL_NO_MEMORY_V1,certified,PASS,,,4da972b65f65702f8270e47e73fb95d92db93011330abe1996951930569f74b8,8413dab636388149d2fc26d4a89e46872e5be664a2d4384c5486a3588ca2e5b4,0.0,0.9,19137905.85543848,4.0,1.0,1.0,1.0,1.0,0213402d55233c8103b59e12831221b0c2e875e14606bbb7f7eb6252dc96d515,3,2,2,78b9060ad5bb79c0f51e9ede12b7f2b50ee1e4aa72c1b782c3dcd37b348da78f,P4,1220352199.2657697,1220352199.2657697,0.0,8515851.604923373,0.0,8515851.604923373,h09,5,Katrina,1211836347.6608462,10622054.250515105,1201214293.410331,1880955680.752557,1001663.3118293227,1.0,0.0,0.0,NONE,False,False,0.0,10400000.0,0.0,1667956.2725802127,R0,False,True,1001663.3118293227,8555680.752556967,0.0,0.0,NONE,False,False,0.0,1862000000.0,c8604b11f2612dec4e9e6a178ca9d37cb1b909e702f88579ed6162a2d071533d
E2A_VACCINE_H0,LA-0037,37,076714fd9cb671dae097942b2788699ab4a59bd70d0226aa5bff62ff1898008c,M2,A1_FINAL_NO_MEMORY_V1,certified,PASS,,,682c8c1295c32303c80f5eb2028f50195e888c3d5f075025af57b3c769a100d6,0e11a635377e008fa823adb261f0f9b0f41bd6dfc34f04416bc33aa2558a1e12,0.0,0.9,19137905.85543848,4.0,1.0,1.0,1.0,1.0,4c02d062a3bd39e015a8ccec7030decb3fec0957fa32d137e11468a57ca7495e,3,2,2,b3f4dd8ece4f749a97d3b8857d61a3796722c1c00cb336a928f088ce2ea80714,P1,1219835962.3400714,1219835962.3400714,19137905.85543848,0.0,0.0,19137905.85543848,h09,5,Katrina,1200698056.484633,0.0,1200698056.484633,1871030459.4798188,0.0,1.0,14147804.105988253,0.0,NONE,True,False,0.0,0.0,716755.758550581,0.0,NONE,True,False,0.0,9030459.479818786,0.0,0.0,NONE,False,False,0.0,1862000000.0,da50fded28d98eb9c96319576b56b679f8193ba0e32c7ce5604a61dad0821ece
E2A_VACCINE_H0,LA-0038,38,89f966ec01f9161594e9c468aea3d0124920b3e6697dcb8ee83c1208d6d6accb,M2,A1_FINAL_NO_MEMORY_V1,certified,PASS,,,d277a5fbac789eeaf74168e4bb1a9cc392c65a967717003402345bb12dd2b80c,f06162473517f85409d92c3f51e59510648bf303c48b7a7d4dd7afc84cd5b3c0,0.0,0.9,19137905.85543848,4.0,1.0,1.0,1.0,1.0,f6ee79541c28b7803d0cf8f34007bfd4f41c3e19c3dfbdaf2c28b38726fc3a4d,3,2,2,179d37f76fe1781fc9a747efa125794b642a28462cd833bcfe792a40e7d2668b,P4,1205437121.4968786,1205437121.4968786,0.0,7907329.953894476,0.0,7907329.953894476,h09,5,Katrina,1197529791.5429842,11230575.901544001,1186299215.6414402,1693439246.6503916,188518097.4139947,1.0,0.0,0.0,NONE,False,False,0.0,10400000.0,0.0,0.0,NONE,False,False,0.0,9557344.06438629,0.0,513905117.03311175,R0,False,True,188518097.4139947,1673481902.5860052,fd656b5bc00078b424853f9b10053df48aaaeefabbd1f8865010b4cbef50beca
E2A_VACCINE_H0,LA-0039,39,989083481f8c8e1d92827ab6e3b3a1a7daa5639541c84d86e9938502fbe4d1ff,M2,A1_FINAL_NO_MEMORY_V1,certified,PASS,,,af2556280c0046f5f32cf66dad6716ace2477ad35bebb77ff99e35bf68bcab7b,526544647198003917f04003261932128150df74932d4b0fcc07e6850fa68c6c,0.0,0.9,19137905.85543848,4.0,1.0,1.0,1.0,1.0,2732c3910eb282f734cd36ad8e9fe3ccfbd8e8e21599527f58c02c12be0d6695,3,2,2,e79eadfb5ccdd43d6093fa78c29c0f41aed91dd652d50a7132c457c1fbe801f5,P4,1225381018.7940474,1225381018.7940474,0.0,4911836.560904333,3037377.0737544657,7949213.634658799,h09,5,Katrina,1217431805.1593885,11188692.220779676,1206243112.938609,1746639997.0162923,135317347.048094,0.9999999999999998,0.0,0.0,NONE,False,False,0.0,10400000.0,0.0,0.0,NONE,False,False,0.0,9557344.06438629,0.0,176414737.2898815,R2,False,True,135317347.048094,1726682652.951906,1bfd705242a0b0f7b6e73f9ad471d36cfc7ea24273194a13823209ca6d12359e
E2A_VACCINE_H0,LA-0040,40,d96f96c92f75caf4a165983b3537136207ba37cdf9fac7b8c2d861d19fafc5ef,M2,A1_FINAL_NO_MEMORY_V1,certified,PASS,,,cdf7bd2a174315e3a8bdfdb2362f379a9bc92a8dcc9ab59c0ee81d4f81858e8e,a4934d4fc36e380533229a3ecca0e0aaf269b3c4d67787e209a11ac4f1717408,0.0,0.9,19137905.85543848,4.0,1.0,1.0,1.0,1.0,4ccf58ba064e3381f3f8d643121a003138822758654ee9bf20f174d0e3d130be,3,2,2,28496dcd31082775705dce291f770c37171bd8828bc512929eb3075ff0c39ede,P4,1233045740.0937648,1233045740.0937648,0.0,6824552.21946298,0.0,6824552.21946298,h09,5,Katrina,1226221187.874302,12313353.635975499,1213907834.2383263,1860041042.906429,21916301.157957118,1.0,0.0,18811557.18444769,R0,False,True,10400000.0,0.0,0.0,386090.1739786281,R0,False,True,213450.58093847657,9343893.483447812,0.0,20444636.53623594,R0,False,True,11302850.577018643,1850697149.4229813,f86f580262d2fcbd033f94f2fa6d732df0c03461654c543facd372832aeca76d
E2A_VACCINE_H0,LA-0041,41,9cfb0aa8009501c8cf4ad5bb5f9eb0103a867118c526a601262f68d58cce0c0a,M2,A1_FINAL_NO_MEMORY_V1,certified,PASS,,,bf6b4949bea980e2fa96947d0daed26febf3e79276fde2f6e6fd339eadaee87f,a030777bff99795ca52bd3d4e409c2d6f649373e8e39e6d73840158c5dda6345,0.0,0.9,19137905.85543848,4.0,1.0,1.0,1.0,1.0,de26f77a14dbf3152d11621589ca6b4c3ede6d97d0919535f5cba45b7e15815d,3,2,2,52fef85d6b6cfb5a3dbb2a6d025790fedf790d74cb7032972c2aa3eedd190980,P4,1221881234.2535002,1221881234.2535002,0.0,1691331.4677638737,0.0,1691331.4677638737,h09,5,Katrina,1220189902.7857363,17446574.387674604,1202743328.3980618,1737304250.8027115,144653093.26167497,1.0,0.0,0.0,NONE,False,False,0.0,10400000.0,0.0,0.0,NONE,False,False,0.0,9557344.06438629,0.0,214484498.20109877,R0,False,True,144653093.26167497,1717346906.738325,3ab2be48360c59a3cf9a1a7a7b83f72f22131fb30dbafa576ece60326ff090a1
E2A_VACCINE_H0,LA-0042,42,393faeb85edb61ac878ab484b8811ee87e96c23c3f5d345b8e5bbf065782fdb1,M2,A1_FINAL_NO_MEMORY_V1,certified,PASS,,,c6c38103ad1a5f7b826f5eaafe028aca993067ad16c048ad818abcbb4f876466,4cbbbfb127e2c39e978fb076338e65ebb1fe594b7ef55c321d84394635879a10,0.0,0.9,19137905.85543848,4.0,1.0,1.0,1.0,1.0,8e00db121b0be083eead1dd7a0cd9c25a54dce5340fd2c6f8597d83e55926bca,3,2,2,c48e53e3c3641eb40ea960b4af1cf8a31c3210b0441342005c911c862fa4b029,P4,1199070292.309761,1199070292.309761,0.0,5989511.459093544,0.0,5989511.459093544,h09,5,Katrina,1193080780.8506675,13148394.396344936,1179932386.4543226,1880573352.7316456,1383991.3327406566,1.0,0.0,0.0,NONE,False,False,0.0,10400000.0,0.0,1824199.2662123914,R0,False,True,1383991.3327406566,8173352.7316456335,0.0,0.0,NONE,False,False,0.0,1862000000.0,378de12d15470cc34646a0f8b62e015ae6829e32190235362d2c8206f29bd9d3
E2A_VACCINE_H0,LA-0043,43,bdc5747811a264908bd755c96486e7c3da7a6a1accb92f6f33a43cd1292740ff,M2,A1_FINAL_NO_MEMORY_V1,certified,PASS,,,b75e55cc6eb07785bcac73f9d12d139600fbe3722b463f8c1659c85a6cbc2bc3,b4c4b4334a03cf105b745a5f26223649a41911ad5438550f3e425ccef0457344,0.0,0.9,19137905.85543848,4.0,1.0,1.0,1.0,1.0,d2db60c090c387078b4e0336dc79e79bb9e688ded60e2fbcbffb9f4b7bf94fab,3,2,2,2072f76d4cb24b8650039309254d88fceb971ae4e2f80a7107aad79f1d481ec5,P4,1239869157.2526345,1239869157.2526345,0.0,7036286.646998398,0.0,7036286.646998398,h09,5,Katrina,1232832870.6056361,12101619.20844008,1220731251.397196,1846761919.9211874,35195424.14319888,1.0,0.0,17936142.20430848,R0,False,True,10400000.0,0.0,0.0,0.0,NONE,False,False,0.0,9557344.06438629,0.0,42762908.98543834,R0,False,True,24795424.143198874,1837204575.856801,dd34013b1ccb0a92e99d45d921124fc87cfb5e36b5fe173c65652c7b65f8f980
E2A_VACCINE_H0,LA-0044,44,a038cf45cee562876a7617518296aa0442df2ad4ac8f6514371e7f89246f5f5a,M2,A1_FINAL_NO_MEMORY_V1,certified,PASS,,,f455309f15efe8a20f34d20943039408ecbd8bf8271fef86534a67be3c31fcf9,8a631e7a6564fb4bb35ddb5d11383c2d115abded53f046b705138aa3cf9cb54b,0.0,0.9,19137905.85543848,4.0,1.0,1.0,1.0,1.0,2433d3e3b55785fad431051c915be5e103be7446e6875732878969728b0e8f7c,7,2,2,ebee18acd1a061b69e20f51ca7d1d2b79247424fd80406c166db8619fb264996,P1,1223432818.4472396,1223432818.4472396,19137905.85543848,0.0,0.0,19137905.85543848,h09,5,Katrina,1204294912.5918012,0.0,1204294912.5918012,1881011023.868062,0.0,1.0,0.0,0.0,NONE,False,False,0.0,10400000.0,1375244.743851572,0.0,NONE,True,False,0.0,8611023.868061963,0.0,0.0,NONE,False,False,0.0,1862000000.0,61b0b9d7b581fa116738e1cb73c047afd0cf65baea328d8bc40a582eb3704081
E2A_VACCINE_H0,LA-0045,45,dcfa9d2ea24f4d13a681c78f3478e0d05b21b1da8abdbf8fdf1901b220016805,M2,A1_FINAL_NO_MEMORY_V1,certified,PASS,,,751d567d02dafced810fda257ef50311ba195d350cf8d7a83f4a4a8250a2a34a,b8319b11072c339a3b4ae8f5c6702d9ef4309a0c5774f99be660d3b3944c747b,0.0,0.9,19137905.85543848,4.0,1.0,1.0,1.0,1.0,ada77c20d8acb36a0d48753881a78722b8b148635c60246343ff79bbc7d8c45f,3,2,2,298f3383941875eb76ac9fcd5c7c262ae1db37ea70dcb66a0003d802560e3e49,P4,1217601800.0664032,1217601800.0664032,0.0,2125893.663007644,0.0,2125893.663007644,h09,5,Katrina,1215475906.4033954,17012012.192430835,1198463894.2109647,1880906270.0167248,1051074.0476615753,1.0,0.0,0.0,NONE,False,False,0.0,10400000.0,0.0,2944340.484127957,R0,False,True,1051074.0476615753,8506270.016724715,0.0,0.0,NONE,False,False,0.0,1862000000.0,fc33d1bd7b71f09d716cd6443c8830743418c67ba0b1063ec863f9d8f97983ca
E2A_VACCINE_H0,LA-0046,46,3cba3e3157cbcca2cddfbd5c637816c67179bbbef11619437f20dd61d190c530,M2,A1_FINAL_NO_MEMORY_V1,certified,PASS,,,0183e633a864df4ff5d20c662dacb45acb3347ff48c1c1e0151e251d652b0e82,cd7797fa7b65c0db04495f6eba07f2372b048f0f93447b27cd71d6e610f82eb2,0.0,0.9,19137905.85543848,4.0,1.0,1.0,1.0,1.0,73e5cc76dedad4a37c9eddbfc7566b88fb92631cb31430ddf6cbd662bdb2ebb3,6,2,2,426ce70bd476cc1f6aae690ad08a20773e10f0651db2c695b5e9f253d999148c,P1,1221479437.4771485,1221479437.4771485,19137905.85543848,0.0,0.0,19137905.85543848,h09,5,Katrina,1202341531.62171,0.0,1202341531.62171,1880975931.5108814,0.0,1.0,0.0,0.0,NONE,False,False,0.0,10400000.0,1375244.743851572,0.0,NONE,True,False,0.0,8575931.510881541,0.0,0.0,NONE,False,False,0.0,1862000000.0,2fe62e9b71f5622670d912508337d19b76d5f29fd1604e8b9ef771f0a35ca3b3
E2A_VACCINE_H0,LA-0047,47,fd2ce38681f35c0793562ad74e3fe7246a6d119841da06d92a85d136281118ab,M2,A1_FINAL_NO_MEMORY_V1,certified,PASS,,,01f2ec4f443d8f2272f3fc85be6497290c7a47f565129ffa9b7c60f0d15050a7,7e36d137872d04505aafcc5fbe9059be930ed686fff4627bf72d4e821617abe1,0.0,0.9,19137905.85543848,4.0,1.0,1.0,1.0,1.0,60c6a867b8b6d27b914007cc205e980d0cd148e1c31a18024046d24dea0f5894,3,2,2,e538ef9a1cf93c9d750b3ad04a6b3ba0939c0d517ca556dd3173d35e431f1c09,P4,1177457350.1292937,1177457350.1292937,0.0,5831519.610264963,0.0,5831519.610264963,h09,5,Katrina,1171625830.5190287,13306386.245173516,1158319444.2738552,1680277159.135494,201680184.92889228,1.0,0.0,12998265.094838079,R0,False,True,10400000.0,0.0,0.0,0.0,NONE,False,False,0.0,9557344.06438629,0.0,239068322.2207109,R0,False,True,191280184.92889228,1670719815.0711076,2292a53de23595b8582b8ea78af4ac104d918e692c250503134474fea8168f51
E2A_VACCINE_H0,LA-0048,48,094350cdea0997d0c0c41a1c2a14236c8020c9c96601c54849ba12b930a914a4,M2,A1_FINAL_NO_MEMORY_V1,certified,PASS,,,9becf73405623a32e2701a4a75ed8e6ec1b74b897d8e91bf5a22797c99e97a05,79a18b87b598bd2bac3ebf609641e3bea297ef5c29775c0b9928e55533cca442,0.0,0.9,19137905.85543848,4.0,1.0,1.0,1.0,1.0,20ca94abb2c158f613b4a7854e283b90780d1cacd9393d89c4320cb630b74e18,3,2,2,0c9040cbb67342f91a8007fb34c0ca816dd5d70ba7abb434875f76acc388d241,P4,1236074330.6642234,1236074330.6642234,0.0,6156422.072355192,0.0,6156422.072355192,h09,5,Katrina,1229917908.5918682,12981483.783083284,1216936424.808785,1775164623.2171457,106792720.84724058,1.0,0.0,0.0,NONE,False,False,0.0,10400000.0,0.0,0.0,NONE,False,False,0.0,9557344.06438629,0.0,285304731.6297216,R0,False,True,106792720.84724058,1755207279.1527593,50533aaeb3f570df0f4a145770430ecf7446e27a8c66dab66dd72c47ba7c216d
E2A_VACCINE_H0,LA-0049,49,2095319ddb1639bb7caea136d97f9321b89043cb6f9f0bac4ba4a22b99e05087,M2,A1_FINAL_NO_MEMORY_V1,certified,PASS,,,18190dec77c8b191924ada90f110e57d325008d8789cfe9e927fc5ebb9d43c3a,54c28a1ffe98dec1bcbdbc530df2c0f347ad3cd7da7738956cb6e60a0da1cb1c,0.0,0.9,19137905.85543848,4.0,1.0,1.0,1.0,1.0,3a0ee9f456b1ce80092bd1e2271989e5d681da83f3bdd24b42531a69ca822eb7,3,2,2,0a1b77e0a653fbd99372b5bed9673c70c6a7c6e868b00fc69b37d4c9c4802011,P4,1232196967.5157568,1232196967.5157568,0.0,9883275.86939232,0.0,9883275.86939232,h09,5,Katrina,1222313691.6463645,9254629.986046156,1213059061.6603184,1764821678.4122307,117135665.65215556,1.0,0.0,0.0,NONE,False,False,0.0,10400000.0,0.0,0.0,NONE,False,False,0.0,9557344.06438629,0.0,232081623.07241672,R0,False,True,117135665.65215556,1744864334.3478444,68060729a6df87e6f18c5d0841d162d674d1db960c2f9eee9f3ac83301138e61
E2A_VACCINE_H0,LA-0050,50,c0506d4ba38d90166b8124e9708158837f721cd06ef88fe92e1fde8a5c6c0e7c,M2,A1_FINAL_NO_MEMORY_V1,certified,PASS,,,d9e3cda51cd1ea3913e8035ebd1c95dccffe183e65d41bf4ad7d2e10230e0655,57b33b8ffb0c7ed89a840a981ae454bf87085f4f2bc6b7e58661cf9b650bb885,0.0,0.9,19137905.85543848,4.0,1.0,1.0,1.0,1.0,feb55cdc7769721ab834bcfa0f0ec5026ce9e7906c6ee529458eb26c4a0b47dc,3,2,2,7854fbc8f9103c8be0ef7126c75486b255329371af3aa4557f90f10ff1bb0b90,P4,1224461335.2104447,1224461335.2104447,0.0,7590050.007749366,0.0,7590050.007749366,h09,5,Katrina,1216871285.2026954,11547855.84768911,1205323429.3550062,1744186722.4121451,137770621.6522413,1.0,0.0,0.0,NONE,False,False,0.0,10400000.0,0.0,0.0,NONE,False,False,0.0,9557344.06438629,0.0,291198643.0893208,R0,False,True,137770621.6522413,1724229378.3477588,a12c14873ea24ff082c197b4c5b07be09ca383350ce66fd92d1ad3d6bcf905d4
E2A_VACCINE_H0,LA-0051,51,d77f3bce26b0e3330ae0a4a5c88c1048624bc0c3991e65d6872d2d0ba4466cd8,M2,A1_FINAL_NO_MEMORY_V1,certified,PASS,,,33cc73dae1ef7ee1b17a613106b8e1a107a3d77b329dc730cca8f93e57d7d320,d14d70b589dfbbf8befd17a12bca7893db0c1093526030d6ac1fec0169c417ba,0.0,0.9,19137905.85543848,4.0,1.0,1.0,1.0,1.0,571778c90aa4862aba4c88ea33e1228a7bf7856132b2dcc26aa2e71634c434b2,6,2,2,707bef9a0d2a612bdbf9491363f0adb2f20d520705e42d5fcc0270e52d90ec73,P1,1222062671.6202378,1222062671.6202378,19137905.855438404,0.0,0.0,19137905.855438404,h09,5,Katrina,1202924765.7647994,0.0,1202924765.7647994,1880986409.2728658,0.0,0.9999999999999961,0.0,0.0,NONE,False,False,0.0,10400000.0,1375244.7438515667,0.0,NONE,True,False,0.0,8586409.272865755,0.0,0.0,NONE,False,False,0.0,1862000000.0,662666afffef36ef082f29deef74573fa5127a7f9783b25910866767d89a2081
E2A_VACCINE_H0,LA-0052,52,8393d2ec315cc810dc2bb9cf9dff8524763ca7deae7190abebab5fe855333c96,M2,A1_FINAL_NO_MEMORY_V1,certified,PASS,,,df3a50c3bd5742244911b8d7e6c12f3363affa7f8755f5b15c868fc6679c2e0e,96e215a41460f8f0dc037361e8acc3f8f2d7e958aa1333ed4defcdd4ec2ed89a,0.0,0.9,19137905.85543848,4.0,1.0,1.0,1.0,1.0,2892a3dcd0c8d47d65ce87ebdcd57163545817a5913d12f733dde694146262d5,3,2,2,268848d23ba6f2782fb8f47295749ce4a72d75435abc8bbc89f660e72d6c04f4,P4,1207189043.8717558,1207189043.8717558,0.0,2802240.859318931,0.0,2802240.859318931,h09,5,Katrina,1204386803.0124369,16335664.996119548,1188051138.0163174,1698112535.102369,183844808.96201733,1.0,0.0,0.0,NONE,False,False,0.0,10400000.0,0.0,0.0,NONE,False,False,0.0,9557344.06438629,0.0,242122263.7119218,R0,False,True,183844808.96201733,1678155191.0379827,95482a590a927b5edabeb9207c5fb03a5f351e3247816af79169816974683d03
E2A_VACCINE_H0,LA-0053,53,53e2d715810797ff98b1ca17b5309d98726e650bca30e977506b2277192de74d,M2,A1_FINAL_NO_MEMORY_V1,certified,PASS,,,58bc83e5ad85e8e262d725a2470342acf6d28fdf4d19f58acc49b798be4bba73,32d4f08407b27c38560cdd2c87877684f77adcb5e25bb6ece42a86599b17b6ea,0.0,0.9,19137905.85543848,4.0,1.0,1.0,1.0,1.0,88d75e5469edd04e0e5a358727b296b2f7b71e6a97b514b86ad0f2cc872f05c6,7,2,2,314448fccc3ebb32b9e2d18a12085a55011fa1d1ad092b6ac906fb3d438ae033,P1,1219277361.485578,1219277361.485578,19137905.85543848,0.0,0.0,19137905.85543848,h09,5,Katrina,1200139455.6301396,0.0,1200139455.6301396,1880936371.364439,0.0,1.0,0.0,0.0,NONE,False,False,0.0,10400000.0,1375244.743851572,0.0,NONE,True,False,0.0,8536371.364439128,0.0,0.0,NONE,False,False,0.0,1862000000.0,705b60ca3c161338e1cccc93b7b299ee497d6e73c517cce4b9b9e9fd23eb6833
E2A_VACCINE_H0,LA-0054,54,21d638d203a99770e141be90350ad5da2f5b6ae17715b0da72949c5332332f9b,M2,A1_FINAL_NO_MEMORY_V1,certified,PASS,,,21dc69973e3afa38974fb0790023b51326d4b93cb81f4b1cd7d85ebe617471a3,03ba4ac1c949813f76823cbb6dd05088f666899c1b1a1e574b51cc8b34741df9,0.0,0.9,19137905.85543848,4.0,1.0,1.0,1.0,1.0,4b90b5a88011b907af19d8e758e53ebe7dec16a2fd747af2efe7fce82a99ec6c,6,2,2,f31f6d54fd9313bbb910dcf81efc0b646f497d885113bc9099e1e18ce2d1b3ef,P1,1230181579.339868,1230181579.339868,19137905.85543848,0.0,0.0,19137905.85543848,h09,5,Katrina,1211043673.4844296,0.0,1211043673.4844296,1881132264.9016318,0.0,1.0,0.0,0.0,NONE,False,False,0.0,10400000.0,1375244.743851572,0.0,NONE,True,False,0.0,8732264.901631746,0.0,0.0,NONE,False,False,0.0,1862000000.0,3f167eb466d79edeff2d535230a265b633ee2e6e6a07af2801614f5580ce0fae
E2A_VACCINE_H0,LA-0055,55,06c0ef20aea9653ad5a779277c36240676b88f03edc359c93c68f8260d243087,M2,A1_FINAL_NO_MEMORY_V1,certified,PASS,,,83eee18fc9a6270799932134637afca78bed1831102713e65a64b077987611ea,85892cc62b3e88b9c3f6d58b93441871e7b7b2cc4222a70145947c60813d114d,0.0,0.9,19137905.85543848,4.0,1.0,1.0,1.0,1.0,b6c2da6f3350408cb465c0abfd2492b44e7fff5337a41738df352b37fbdfd79f,3,2,2,a0fff8e9d3fee241f5886362f782174f6773c2aeeec06c2af21980f59402dc89,P4,1216551758.268655,1216551758.268655,0.0,6779633.017711662,0.0,6779633.017711662,h09,5,Katrina,1209772125.2509434,12358272.837726817,1197413852.4132166,1784562285.4141996,97395058.6501867,1.0,0.0,19323586.559980392,R0,False,True,10400000.0,0.0,0.0,0.0,NONE,False,False,0.0,9557344.06438629,0.0,161640052.51129362,R0,False,True,86995058.6501867,1775004941.3498132,780c2eff862457b091c8fea56f3f7aec510585753d9eac3d10b71287d978a8e8
E2A_VACCINE_H0,LA-0056,56,1738ad1dd29775b4c1243f37df4a477fb45779e43f85cfc3b12da636f8161850,M2,A1_FINAL_NO_MEMORY_V1,certified,PASS,,,972f220b237c68e99f6f00922815e9e9458881ff92cf1b2c1985134c0d7a256e,1cafa169f08f1604b1e89c19fe1619b02a54b4f2bc17128c73b1b76b0bb4bf29,0.0,0.9,19137905.85543848,4.0,1.0,1.0,1.0,1.0,c8513f5bd6a98990a7686314ba0fd122d458e7f5815cf1857db6cb0c0d035a95,3,2,2,b25b88896028cfd88ab8177595b7b59b3f42664a090418bfe1b6a790e63c3b20,P4,1216460540.2040946,1216460540.2040946,0.0,9620888.099131262,1608567.658958927,11229455.758090189,h09,5,Katrina,1205231084.4460044,7908450.09734829,1197322634.3486562,1722844439.531356,159112904.5330302,1.0,0.0,0.0,NONE,False,False,0.0,10400000.0,0.0,0.0,NONE,False,False,0.0,9557344.06438629,0.0,218357250.86584362,R1,False,True,159112904.5330302,1702887095.4669697,48901f3a330d3f94990e8b916466398056b40d370c8b1f1e805ca771e2ea815d
E2A_VACCINE_H0,LA-0057,57,67c9f9bb758d93ffbccbac1635454c75bb5203e28d2fb661c0e378c9317ac525,M2,A1_FINAL_NO_MEMORY_V1,certified,PASS,,,19c512048e3ebb3d715e8341cbcf5c8397f60f93bbbd5c979f9a45ff3de89cf3,166e33c7dc2c3c547853add30bde38046420b3a219057ef10248706ec9b692d0,0.0,0.9,19137905.85543848,4.0,1.0,1.0,1.0,1.0,aa6f585b9cd779cb7c764a86fee473b39ec89a266b2305bb495cca19a2e634e0,3,2,2,785c0c999fb54b7ce029462eae1d5296731cc5607306e0b83f275d4df68e67cf,P4,1232396293.193521,1232396293.193521,0.0,8308268.417077906,0.0,8308268.417077906,h09,5,Katrina,1224088024.776443,10829637.438360572,1213258387.3380823,1826827903.5449772,55129440.51940906,1.0,0.0,31745311.59128213,R0,False,True,10400000.0,0.0,0.0,0.0,NONE,False,False,0.0,9557344.06438629,0.0,136533656.40311164,R0,False,True,44729440.51940906,1817270559.4805908,107ca3fcbd5dfcef55dc8fafb62d135934d2b021a7d383a8752181353a703bcb
E2A_VACCINE_H0,LA-0058,58,ab541dc98200b019e81148b07d3780d58c0cc1c0de650caaaee9e46421e24ae8,M2,A1_FINAL_NO_MEMORY_V1,certified,PASS,,,02d1d0c7336bc00056f63f2c2a32799f45d0283dce2476e87531a20e7498f6e1,516ee5c397c50fcca6398f7b7708db4ab4d3d1d96df220e599047f35227fbdc3,0.0,0.9,19137905.85543848,4.0,1.0,1.0,1.0,1.0,e5e7fb8f9073af2c3672acb67a9443545ceb7ca3f3a9293791940fd1129393a7,6,2,2,193631e2ef56c6bbd81e244a8287a9c517a88a6a8652c12bdba1692e2aa3f752,P1,1219166542.7436314,1219166542.7436314,19137905.85543844,0.0,0.0,19137905.85543844,h09,5,Katrina,1200028636.888193,0.0,1200028636.888193,1871018433.4019868,0.0,0.999999999999998,13981480.884464473,0.0,NONE,True,False,0.0,0.0,724497.0312281405,0.0,NONE,True,False,0.0,9018433.401986793,0.0,0.0,NONE,False,False,0.0,1862000000.0,6c082e40f036ae661312454491171ca18b0d24eec1383fc0e761ca59e0b1b768
E2A_VACCINE_H0,LA-0059,59,42d335dd7883a97e5a3f03b495e345323e1b1d46e7b2a98de20ea6667112457d,M2,A1_FINAL_NO_MEMORY_V1,certified,PASS,,,163479b2b0ee11a24c1289ce5fcdb5e3e6ad6f362a7349e32f3f8b76d1db1d2b,7f52e863f8cf2da518a9a72d8f5b045bee4d9410320d935f17f6c29b0f179689,0.0,0.9,19137905.85543848,4.0,1.0,1.0,1.0,1.0,f185af93ed91d6eb69f16d2ff194a2f9e2e2d99a62acd68adb62236c5615fa28,3,2,2,78064ddd07d048e9d395efa092c42b8a26567276c25777f561d9cc54b217767b,P4,1219734855.9786031,1219734855.9786031,0.0,4175282.1267609987,3405252.156327079,7580534.283088078,h09,5,Katrina,1212154321.6955152,11557371.5723504,1200596950.1231647,1871028643.1108646,10928700.953521732,1.0,0.0,12480877.331626575,R2,False,True,10400000.0,0.0,0.0,634485.7448094947,R2,False,True,528700.9535217324,9028643.110864557,0.0,0.0,NONE,False,False,0.0,1862000000.0,f8424fd75a54d5d297ab4aee80a24b0a6f0bac82e7f9dfa8ac27773cbfe54163
E2A_VACCINE_H0,LA-0060,60,3fbff512e96462ac99227b6ccf0461dceeb78c53d1cad8a9a62586e56ff6ae78,M2,A1_FINAL_NO_MEMORY_V1,certified,PASS,,,024b36f66db01dc21052738d7bde12d2aaa3f996e28d62453e2da2c8ec39f2b0,5290e5de09e08a1d550a2322be614a052b5fa705a8bd137b7bcdbef688836034,0.0,0.9,19137905.85543848,4.0,1.0,1.0,1.0,1.0,ce220cb6c57cf23dadcd05736122096e1aeaae11979eb5e76573484d195ea53b,3,2,2,e50c9e9fcda9ec7ac87210c7d926716527e531e97452fae6bbdab6660a99f028,P4,1228595212.7699392,1228595212.7699392,0.0,6401211.522743116,0.0,6401211.522743116,h09,5,Katrina,1222194001.247196,12736694.332695361,1209457306.9145007,1755213924.608833,126743419.45555338,1.0,0.0,0.0,NONE,False,False,0.0,10400000.0,0.0,0.0,NONE,False,False,0.0,9557344.06438629,0.0,195802945.80655378,R0,False,True,126743419.45555338,1735256580.5444467,894c56d05b96e16762a9e7689f7e226b75924538c206f57bff9683c81279b898
E2A_VACCINE_H0,LA-0061,61,cd7ba256524cb036f33013c1005baf2ca2bf23e5fdc7a9fa10871d5c2a2e0738,M2,A1_FINAL_NO_MEMORY_V1,oracle_failure,FAIL,oracle_failure,Full exact certification was incomplete,2eeae5bc3685f98d6233fc58f5ceec13abd21aaa6aeca5170530e64da4ec0553,daa8b3e265002fd5f2669fc635ced95e5886a2081d347fce6d27dbda1657aee8,0.0,0.9,19137905.85543848,4.0,1.0,1.0,1.0,1.0,cc7baef01cc7f6b1092b39de7455e84b6f6936db02e3f7d89079434272aa4f30,3,2,1,,,,,,,,,,,,,,,,,,,,,,,,,,,,,,,,,,,,,,,44ed1e1ecdde3dac28d4e3d9a035d17f28dc8d9044e5899662110c803d0a0284
E2A_VACCINE_H0,LA-0062,62,0a8476101aed9a3c938c73fcf4aa585e93a174a4346c5bbb4dd77fc8e931e499,M2,A1_FINAL_NO_MEMORY_V1,oracle_failure,FAIL,oracle_failure,Full exact certification was incomplete,ed1eeae9f15c31bd00d33ff6e5e6cd5908d42a0b5426e0cfd3d2d9ffc87eea00,bf7ad3025570fa6cd1fd3916f0c218c0312a39580ede1ae7d74fe9f81fcb1ad9,0.0,0.9,19137905.85543848,4.0,1.0,1.0,1.0,1.0,ce439cde5c107b3a8bb56c0f64820f2a24f97e73db9a7711ec6cb24f231fc115,3,2,1,,,,,,,,,,,,,,,,,,,,,,,,,,,,,,,,,,,,,,,7cef4c611a12a49a6897a9f6f72469a41baa3dfaed067d445e52e5e11cea5834
E2A_VACCINE_H0,LA-0063,63,c09e21ecbc8cb0da475b3b11188d3df9b258c4e2729dc9d43f3a17441930e6da,M2,A1_FINAL_NO_MEMORY_V1,certified,PASS,,,b31748ae387d0512aa389ec1139401a2bf5257a20d99e23860e465e3e5170340,4e34dc6a7078afa078796a9bb223668851a712660833b450ea2a832b04243368,0.0,0.9,19137905.85543848,4.0,1.0,1.0,1.0,1.0,08a1669483008c68b14f5aef7ff459a367efdaf7095e1ef2384d330319b96a74,6,2,2,abe57ddaaf9362620c9dd0f3c45b58dddde6541656dd7f019bc937c8b0d345e0,P1,1226834338.18371,1226834338.18371,19137905.85543848,0.0,0.0,19137905.85543848,h09,5,Katrina,1207696432.3282716,0.0,1207696432.3282716,1881072131.9403613,0.0,1.0,0.0,0.0,NONE,False,False,0.0,10400000.0,1375244.743851572,0.0,NONE,True,False,0.0,8672131.940361302,0.0,0.0,NONE,False,False,0.0,1862000000.0,a5496402468bd9342dc229d600068e65fc2b5f8c201225ca1a576b005cf41ff2
E2A_VACCINE_H0,LA-0064,64,0c0505f8d265afb56b5051fb03264061417d45d1f0a35c46f861c1ae95389ba4,M2,A1_FINAL_NO_MEMORY_V1,certified,PASS,,,60d24b7012b83fbca88605fe2ebe353bf039b5858244b3555dcbe62659b0cbeb,8a2acbb84db4cc8dac9bee4db8a8aa1829bd7317a44c0aee6438f972f628bb06,0.0,0.9,19137905.85543848,4.0,1.0,1.0,1.0,1.0,2485a65450d422cade076d6c3b2986a24f4283aecfd3833802cde2aa5196eba9,3,2,2,33088ff37bb15ebe08e6ebd079f1b7b5ab90663437d68da921e2c254af597187,P4,1209888919.0571125,1209888919.0571125,0.0,5500767.865417146,0.0,5500767.865417146,h09,5,Katrina,1204388151.1916952,13637137.99002133,1190751013.201674,1705314506.894293,176642837.17009336,0.9999999999999998,0.0,0.0,NONE,False,False,0.0,10400000.0,0.0,0.0,NONE,False,False,0.0,9557344.06438629,0.0,338053152.0437612,R0,False,True,176642837.17009336,1685357162.8299067,8d310db5e4ea6a066fc7d8ababfe69e0e4fb5c7b0c99aa9858815b7a41f413bb
E2A_VACCINE_H0,LA-0065,65,d256eadfc4945b86a5b851692b96cf9234577168b1f35668db33d3fc2eb72510,M2,A1_FINAL_NO_MEMORY_V1,oracle_failure,FAIL,oracle_failure,Full exact certification was incomplete,4fc358ff47b0af910304980958cb5f609820f14bec65bf092ff979cff749df3f,f8c692d2c177de18a3914e5fcae2561b7b169c2e6ad922172677c41c58809fa6,0.0,0.9,19137905.85543848,4.0,1.0,1.0,1.0,1.0,1d9a3494caf224650dc23482ba21b0cb037026e81a2b41d325452daa5ed15b03,3,2,1,,,,,,,,,,,,,,,,,,,,,,,,,,,,,,,,,,,,,,,24e6cea70ec335d3943d267854efe90d1f92a92464564a9647d8279f116e0a77
E2A_VACCINE_H0,LA-0066,66,44308e8523479a7c82a4272406e1acb57a90d106661f280302640a9eb1bd5eab,M2,A1_FINAL_NO_MEMORY_V1,certified,PASS,,,5e5c7e992ae1d880b639b17aa0a504b127c3331f2296f04c5a7ab9b949612d25,7901b2435e2bd93e1c46df879e6aff10f82e09f89fee8ad88fabaf4bfe6e9b74,0.0,0.9,19137905.85543848,4.0,1.0,1.0,1.0,1.0,075f9434438a997fbb63ca43f4eb087c5eeaf876eea7ccc2027d0dd2c0c11790,3,2,2,d4da758260a721940fc7a76f1c3cb97b44e78a549d042f8d77ac01a80e321bdb,P4,1200173153.5286977,1200173153.5286977,0.0,3837380.4834371842,0.0,3837380.4834371842,h09,5,Katrina,1196335773.0452604,15300525.372001292,1181035247.673259,1870677218.4477088,11280125.616677554,1.0,0.0,16705230.759446235,R0,False,True,10400000.0,0.0,0.0,1413721.3003748534,R0,False,True,880125.6166775549,8677218.447708735,0.0,0.0,NONE,False,False,0.0,1862000000.0,fcd4ac0c2aca05a6c60bf1fcb4873d1ac6e00dc81d8f9af7e7b450c81efcfc4f
E2A_VACCINE_H0,LA-0067,67,8545392c59e5fbad14745c8557475b4e270611e74a1ec2ca369eed91fcab4baa,M2,A1_FINAL_NO_MEMORY_V1,certified,PASS,,,94eb4d741ecc3b9662161a9d4d9989ffed2f5153d5a432ea1fde995524ea4706,b08568d8a3c33e6858ca3033444493075bed20cba493e3ec80f22752dc148830,0.0,0.9,19137905.85543848,4.0,1.0,1.0,1.0,1.0,08b6b22c5686c93f2bbb774e0ac221251a7df91d6f46905cfdd5ed066ea74cf4,3,2,2,300a68b0e0b0fd2ddbfe09247cc1e4c69719c78dc2072b121f1a19519cbbbaec,P4,1216939912.8327909,1216939912.8327909,0.0,9865278.439619422,0.0,9865278.439619422,h09,5,Katrina,1207074634.3931713,9272627.415819056,1197802006.9773521,1724123175.7367978,157834168.32758868,1.0,0.0,0.0,NONE,False,False,0.0,10400000.0,0.0,0.0,NONE,False,False,0.0,9557344.06438629,0.0,368848377.6659031,R0,False,True,157834168.32758868,1704165831.6724114,828c4123caa9a93a484df60e0401f41b10467d8e3445f5b1338d045040b7f255
E2A_VACCINE_H0,LA-0068,68,60cb9806f6539dee04a0c52f4acd201386b18ff64aaf42e6767f8696c9abba82,M2,A1_FINAL_NO_MEMORY_V1,certified,PASS,,,e91c4e61fbdc6e14a1edb0f08609e805e247d0070a1e97781c96eb77b19a850f,420cf18a8fe1b65e0001eafe2b20127e2a6d432ed3e6c5cf9052495dc07608bc,0.0,0.9,19137905.85543848,4.0,1.0,1.0,1.0,1.0,dab5018c3da3792024d8c88e49826b47da2d3b1d5925735a609d4dceddd24fd9,3,2,2,fd6973a0d403881dc96b4dc06282ee90447f7564679083ed40fa687415cc6014,P4,1228941262.896655,1228941262.896655,0.0,1508173.5251242914,0.0,1508173.5251242914,h09,5,Katrina,1227433089.3715308,17629732.330314185,1209803357.0412166,1817611540.1837263,64345803.88066016,1.0,0.0,12758031.054654911,R0,False,True,10400000.0,0.0,0.0,0.0,NONE,False,False,0.0,9557344.06438629,0.0,66177138.574787095,R0,False,True,53945803.88066016,1808054196.11934,af958726c7b2549163faf2709577bec8210a4eb8447ce8f6bdf5fa60ac8877e9
E2A_VACCINE_H0,LA-0069,69,0f70ab6ebe1757f095619020bd3db7cac560cb722425c0dd13af6aee0c7c9359,M2,A1_FINAL_NO_MEMORY_V1,certified,PASS,,,b3a9d0ec510a5eea5d7fd5ad0a83de8a075479c6dc07f221d728651815699424,15e8dce5ed692f77f882b254271459fa8bd60d1db19080281c7a4019fca811dc,0.0,0.9,19137905.85543848,4.0,1.0,1.0,1.0,1.0,795aed84fa495f480a4f43e54e56561d5a1dda046e3b554ceb392c5301d150c9,3,2,2,158047b560454f5c01f55be78cf6cb9bd8eb475189e83c35f0f66fa2b05ef223,P4,1215557508.7454784,1215557508.7454784,0.0,7936079.626616466,3223039.025220262,11159118.651836727,h09,5,Katrina,1204398390.0936418,7978787.203601752,1196419602.89004,1880869544.4612324,1087799.603153896,1.0,0.0,0.0,NONE,False,False,0.0,10400000.0,0.0,1193250.0454664216,R2,False,True,1087799.603153896,8469544.461232394,0.0,0.0,NONE,False,False,0.0,1862000000.0,df0540c18aa6dba45c7425c4041fddf85c8b321624b7787ca2539ef3ce14351f
E2A_VACCINE_H0,LA-0070,70,0da904d3aa0e12971440714cbc0b97c44dfb896ace9791d0a729a0b8cdccca6d,M2,A1_FINAL_NO_MEMORY_V1,certified,PASS,,,88833991fc38f229816d9a56666995f3e1bf68cdc8622ee7b6bbbcb8b319e937,759d618490f2d9cac6b5ef29d137880ef8ecb84c351d0621c6f2698fed195b83,0.0,0.9,19137905.85543848,4.0,1.0,1.0,1.0,1.0,458b371fa3e8bef642c996b34ab93915dc8751b5e14b46cb582d30ceb7ee8052,3,2,2,528801fa11f194b46b7adc9664f022f46b24dcfe2279f9cc8273f49016023aa1,P4,1223984442.7101173,1223984442.7101173,0.0,910431.5008600795,0.0,910431.5008600795,h09,5,Katrina,1223074011.2092574,18227474.354578394,1204846536.8546789,1742914601.9994068,139042742.0649795,0.9999999999999998,0.0,0.0,NONE,False,False,0.0,10400000.0,0.0,0.0,NONE,False,False,0.0,9557344.06438629,0.0,204691925.05277327,R0,False,True,139042742.0649795,1722957257.9350204,dbca9cfe5cf2faf7864b5f4b58d02d8ba30376af20ac2833316daadfed29aec8
E2A_VACCINE_H0,LA-0071,71,41a3ac70d325d533f1e3697acce5d23d974ab1cae2ed698a4a07bfb123138f7f,M2,A1_FINAL_NO_MEMORY_V1,certified,PASS,,,201c3dfc7994d38221393a427582d096738f37f50ce6e2a1f23777283fbf2d63,368581e44349c6ba5d7d26f370900c76a0817ce3d132f1a1cca572eb9739d89a,0.0,0.9,19137905.85543848,4.0,1.0,1.0,1.0,1.0,bfae42b6358f95c5e54365456151922e2165aec90a1750a1b35779ba94686454,3,2,2,9b2d3bc10ee0ddd821587ae35f1895c5b5a220b04c7eaf626cefba0b621123fa,P4,1211147983.5965352,1211147983.5965352,0.0,10446931.328551961,0.0,10446931.328551961,h09,5,Katrina,1200701052.2679832,8690974.526886517,1192010077.7410967,1708673087.078413,173284256.98597345,1.0,0.0,0.0,NONE,False,False,0.0,10400000.0,0.0,0.0,NONE,False,False,0.0,9557344.06438629,0.0,314045892.32731414,R0,False,True,173284256.98597345,1688715743.0140266,cd5d3d7c80e8d32ba10773b2efcb87216cd8330fe0c14d24fdfd63f6b43c18a1
E2A_VACCINE_H0,LA-0072,72,52a3bb08b988a4f5497ecff308f3c9174f9e7fc47174b5cd5329d2036ce75adf,M2,A1_FINAL_NO_MEMORY_V1,certified,PASS,,,f244ea93222ce98a0c9f833431a319d58bcf5b0d8b4bfac72e90c7f6693c70c7,936fcd5c108fd94ecbb0c1731334d191c79f6f030e4cdc3b23a3edfa8f0cc4d8,0.0,0.9,19137905.85543848,4.0,1.0,1.0,1.0,1.0,56bc9993815a3318c7eb5db73222a7f4bee12dfd9ea8691b5ffcdd54dfc3249c,3,2,2,07938b7362f80176fa21bbce76a158c620cee86bea00dffdb3e6884114eed523,P4,1216689201.6802607,1216689201.6802607,0.0,5743995.308856316,1793224.0496860119,7537219.358542328,h09,5,Katrina,1209151982.3217182,11600686.496896148,1197551295.8248222,1723454398.6547186,158502945.4096677,0.9999999999999998,0.0,0.0,NONE,False,False,0.0,10400000.0,0.0,0.0,NONE,False,False,0.0,9557344.06438629,0.0,336750925.6573032,R1,False,True,158502945.4096677,1703497054.5903323,008bd18c8b9713c79ddd22431be4520e9add633c9f3220005d8b99f4bb28c6e0
E2A_VACCINE_H0,LA-0073,73,099bf77c42033cdfe0e5d91256d98dc75616afed8ad0be0c023061af096284ad,M2,A1_FINAL_NO_MEMORY_V1,certified,PASS,,,494431a9ba762ab0a427eaaa9f7413053709821551165bab96abed25f829b47e,49906cca408508f69352cd10d70ba6c1a6c6427fbfe71c078fc5f5d85f4e859a,0.0,0.9,19137905.85543848,4.0,1.0,1.0,1.0,1.0,87eb75eff86d05d5a388024730ea09501cc2f18f78760c37103d05b59fed3f3f,3,2,2,0cf8fef69e56f9cfcc500ac43208a2778c423fc1f5504029c56f50263fddcd13,P4,1230256011.5853055,1230256011.5853055,0.0,2426016.448957305,0.0,2426016.448957305,h09,5,Katrina,1227829995.1363482,16711889.406481173,1211118105.729867,1759644139.1184533,122313204.94593318,1.0,0.0,0.0,NONE,False,False,0.0,10400000.0,0.0,0.0,NONE,False,False,0.0,9557344.06438629,0.0,184466378.05325732,R0,False,True,122313204.94593318,1739686795.054067,6e35c6d06027c70046bd1ecd22370233be23ad7a6f80a7be5ede765b64ad19ca
E2A_VACCINE_H0,LA-0074,74,819a1660302e57c1b01749c09673c1de0f85225cb0f1e73870f580a6c0ecd321,M2,A1_FINAL_NO_MEMORY_V1,certified,PASS,,,8c623cced95642c6cfb6a87757c8a105bc54f11c2f4be3804fd4df89313e0af1,a08a5d30c4feb33426431ae15a1b8acb2f4f2fc28be7e2d06b2b00ea05dce210,0.0,0.9,19137905.85543848,4.0,1.0,1.0,1.0,1.0,cd3eec0836a7dd515121f13f7cdf22a15b8a6be5bd0e11c328376abcf4736d28,6,2,2,2146eb8584c3345e39b3a9d05b738ab76b9504b214c5fe4fe07cb45ca9ee4946,P1,1229394874.768065,1229394874.768065,19137905.85543848,0.0,0.0,19137905.85543848,h09,5,Katrina,1210256968.9126265,0.0,1210256968.9126265,1881118131.8071396,0.0,1.0,0.0,0.0,NONE,False,False,0.0,10400000.0,1375244.743851572,0.0,NONE,True,False,0.0,8718131.807139738,0.0,0.0,NONE,False,False,0.0,1862000000.0,ae11eab86981422616253a0009f777e2eb5b8df08b5ad22e62258db46e9287bd
E2A_VACCINE_H0,LA-0075,75,9d546685b9fd14893cf0a89d22cad2b369bd129b2c8f0fd26a9ed507173a5df6,M2,A1_FINAL_NO_MEMORY_V1,certified,PASS,,,ae21fe7cd44299630b3e5c23c080cdfac0612d56f69be710cae04b063fc42bee,5ddcd05bf796656a54f11a4b9c8fc30ff19ff53a83ae56f465462b5537b542f3,0.0,0.9,19137905.85543848,4.0,1.0,1.0,1.0,1.0,25a3f7e5b552ef321f1f5864461e7334fab1b609e61c5cc31c9d85171efb95e4,3,2,2,740da670ff69401114c6d5d269bfba2742b68cf61bf53caffabf544673f9f171,P4,1187784743.7219725,1187784743.7219725,0.0,7587249.1838123,0.0,7587249.1838123,h09,5,Katrina,1180197494.53816,11550656.671626179,1168646837.866534,1646351171.066455,235606172.99793154,1.0,0.0,0.0,NONE,False,False,0.0,10400000.0,0.0,0.0,NONE,False,False,0.0,9557344.06438629,0.0,475871588.4540931,R0,False,True,235606172.99793154,1626393827.0020685,120747ad77db001045fd9bc2613e2b18fbbd82e8da95dbf7a1ec7533e8cfc5cf
E2A_VACCINE_H0,LA-0076,76,5969f9a8224a0ba47a7c495ef92a60b0ba6fee8c2bfacc1be2a6d961c497617f,M2,A1_FINAL_NO_MEMORY_V1,certified,PASS,,,4735d9f5bf8fbc593a50afb5c97bb60efdf19eb1ebc7900449cf465a47341250,88dd4d2ad040319c4c4fe879fc75ecd7c19853415d3ba48c1a256ca0a10fe4f6,0.0,0.9,19137905.85543848,4.0,1.0,1.0,1.0,1.0,8ba4f646c7e62957bf8e23a38c3523925536331db917d599d10c6d2fedcee9c8,3,2,2,6732dfbbd019df80c8387037ba578c1358cc17f039730b743fc674185081cfbb,P4,1168846020.279349,1168846020.279349,0.0,4508125.753139828,0.0,4508125.753139828,h09,5,Katrina,1164337894.5262094,14629780.10229865,1149708114.4239106,1657306262.1819494,224651081.88243693,1.0,0.0,22439557.29477081,R0,False,True,10400000.0,0.0,0.0,0.0,NONE,False,False,0.0,9557344.06438629,0.0,462278791.0930361,R0,False,True,214251081.88243693,1647748918.117563,817c698b412bc9497d7bace59aee4b4f8d00a15d5f6767c762a834ba830333f2
E2A_VACCINE_H0,LA-0077,77,7d9cc46d7bee503dde23209717fae1de2e732e718ef5ba00780155d3a1f06991,M2,A1_FINAL_NO_MEMORY_V1,certified,PASS,,,1f7ffb4ca050bd99513b8ed1aecdbf237e62756d214c6109f8b10eb7e3f82610,f4b477cf54ed96c5ca37e9cf8641705deb39318ed751866938cfce9087385dec,0.0,0.9,19137905.85543848,4.0,1.0,1.0,1.0,1.0,24d5d1756c5c31411863975d30de11b16f6d0d616dd63f59caa1ab82ed5fb8d7,3,2,2,b121f34a441b54568000bbd2c320f43a4237e86046204c9fb4cce89d11b007cd,P4,1224073726.1622624,1224073726.1622624,0.0,5182299.511809821,3017997.5864042924,8200297.098214114,h09,5,Katrina,1215873429.0640483,10937608.757224364,1204935820.306824,1743152767.418061,138804576.6463254,1.0,0.0,0.0,NONE,False,False,0.0,10400000.0,0.0,0.0,NONE,False,False,0.0,9557344.06438629,0.0,150588264.60242915,R2,False,True,138804576.6463254,1723195423.3536747,f6de630bdfee308737ac736b6540d2d0df76588c4f8eea18b5745cf33fd3b01a
E2A_VACCINE_H0,LA-0078,78,0e6c07467da95d2598dd4b958a314028b6e8fdcab22f8158aff76a718a31cfc6,M2,A1_FINAL_NO_MEMORY_V1,certified,PASS,,,3b7c8dce893df14a8d77680226a852e7e34c31bdf07fe1b0e7a100c34a181af0,0a48239dc0556e4b0d2b7575def1cee28f126b7cb6848f3b90d0305fafcd48a9,0.0,0.9,19137905.85543848,4.0,1.0,1.0,1.0,1.0,f19fc817e4ffd654868b76a6177321113b90ee9acae60515e8a596c4145ab160,7,2,2,a22d638056ef9e228a73ee5581427ada5bf0ba5f14bba1a440219675e93fdab5,P1,1219494724.4954972,1219494724.4954972,19137905.85543848,0.0,0.0,19137905.85543848,h09,5,Katrina,1200356818.6400588,0.0,1200356818.6400588,1880940276.2762299,0.0,1.0,0.0,0.0,NONE,False,False,0.0,10400000.0,1375244.743851572,0.0,NONE,True,False,0.0,8540276.276229855,0.0,0.0,NONE,False,False,0.0,1862000000.0,5840628dc07c66a218d816063bc66bfba2483b7ee0295f714bcdb334928deee9
E2A_VACCINE_H0,LA-0079,79,2db5bba1310fc6d403128044ad0bc9238ffbb7f184f6e79ebb15cf3ce219c71b,M2,A1_FINAL_NO_MEMORY_V1,certified,PASS,,,08bfac4a75dfabce717dd2470b0b2c29ec5d029cda50c9136d229e11b0954cbf,4a5ad11c146d43379f6ebace7b8d0e04ff50fde4d768f89feadf53634f7fe926,0.0,0.9,19137905.85543848,4.0,1.0,1.0,1.0,1.0,044cf30e180427b67ff38da8d3c45823d35a5c950c132bccbf34456e30bf0d18,3,2,2,1278c165eeaff08ce8711e3fb4692fc5bbdf3b085ac2b7d873ff6abddf5ec2a7,P4,1205260724.143529,1205260724.143529,0.0,2714489.5578088523,0.0,2714489.5578088523,h09,5,Katrina,1202546234.58572,16423416.297629625,1186122818.2880905,1880362671.629474,1594672.4349124427,1.0,0.0,402827.53472533147,R0,False,True,337605.1322524018,10062394.867747597,0.0,1499921.873627749,R0,False,True,1257067.302660041,8300276.761726249,0.0,0.0,NONE,False,False,0.0,1862000000.0,4168680f2eadce03708dbc0e6f0c65bc1abfeeab75f0ec35e2c7bc54aa3798ec
E2A_VACCINE_H0,LA-0080,80,767df1245d20d80741dfd4fbe80031014f35f4df4a9f845ee1a0c50bb9fc1ab8,M2,A1_FINAL_NO_MEMORY_V1,oracle_failure,FAIL,oracle_failure,Full exact certification was incomplete,8972e8eaa1d627d69f129b815bfaa3e5ff439b81bd8f0f0031471cd1e6c908a5,dde24ec2378867c80a11582d44c0b3baa1509fba4e822b7fa01e4c63cde42de7,0.0,0.9,19137905.85543848,4.0,1.0,1.0,1.0,1.0,99ce73ef05503c49cb8cb73ec752dfe9fbba96b3e068852a3cd886fffc11049b,3,2,1,,,,,,,,,,,,,,,,,,,,,,,,,,,,,,,,,,,,,,,60199443fa28391e91e34a8dfaa3ea3d0e67c488c423cf6a830396ca68e466c9
E2A_VACCINE_H0,LA-0081,81,5ed46d1e32037f41dc7e4d48ec1ad95679d145611efe334d983f328487f47433,M2,A1_FINAL_NO_MEMORY_V1,certified,PASS,,,7767d9658b284c55d77185e1ab93fb79ee25500091ff998e000b85e9218188a9,dade76c267ba3fb78f39c5428b902054295266d67dec9eeb282213fb28f73e8d,0.0,0.9,19137905.85543848,4.0,1.0,1.0,1.0,1.0,99e1f932b025ea06acb749b8ac6f229cfaa6ddf85e74744d142a22d4c91acb23,3,2,2,3fc7f2c1b09fab6cbd0a96483438f5e8e490539219347292c54537a00b2692d5,P4,1214248021.7988744,1214248021.7988744,0.0,8563852.857997343,1620445.058600662,10184297.916598005,h09,5,Katrina,1204063723.8822763,8953607.938840473,1195110115.943436,1716942501.8307045,165014842.23368192,1.0,0.0,0.0,NONE,False,False,0.0,10400000.0,0.0,0.0,NONE,False,False,0.0,9557344.06438629,0.0,334232158.3374437,R1,False,True,165014842.23368192,1696985157.766318,00927717b82ee5d9d6f9bd1200b71a2af260353e280cd1e9a0ddad4bbc0b0eb5
E2A_VACCINE_H0,LA-0082,82,3da360d3c2d49535757fde4ce0a609aae7546beb14c59b767b4bf786fc6fd480,M2,A1_FINAL_NO_MEMORY_V1,certified,PASS,,,dd033fe7c85ff32c445a7e9006097ddba1f8bada198734408c216a8d6de1c885,4f1076c317ddffa77497827d137c131008e2157e053cfe57f53bae49fce8cc55,0.0,0.9,19137905.85543848,4.0,1.0,1.0,1.0,1.0,83c9976f56209387c8a928d8959661aadd00b9f00b2fcc81927db6e0e0c48ebe,3,2,2,2ef14a7e3d1eb00c49155bfd4f4dd6aab4a087e7ba43f69cc8750aa397f9adad,P4,1188656095.4875,1188656095.4875,0.0,649377.8154706911,0.0,649377.8154706911,h09,5,Katrina,1188006717.6720293,18488528.039967783,1169518189.6320615,1880074828.8450923,1882515.219294016,0.9999999999999998,0.0,442511.7579555412,R0,False,True,326636.3588184864,10073363.641181514,0.0,2107832.368096814,R0,False,True,1555878.8604755297,8001465.20391076,0.0,0.0,NONE,False,False,0.0,1862000000.0,1fcf29909cbbdbbdff8d474668a5f3d8c470f12107f6c0b611e533ea1ffcc345
E2A_VACCINE_H0,LA-0083,83,a5228df1055d490679fdd9d6298c014804b6b251a772e20eabc5cabfe6a6f64a,M2,A1_FINAL_NO_MEMORY_V1,certified,PASS,,,050817e5891297f81635218c604e4aa9ec6e01d5bfd4f48582c93fff834e2303,f6700abc0539db80662e604084d8bfc140f6d31b9afdda90a409571bc2beb1f6,0.0,0.9,19137905.85543848,4.0,1.0,1.0,1.0,1.0,d2b95451010410bc201f7e239c7ed6e2f9a42c0c83521cbcabc912b46c825fb3,3,2,2,3f202d5249509ad12b9a18b7ac48f296220f02b554d5cef97191a3a0a9923076,P4,1218743945.6247818,1218743945.6247818,0.0,135783.68904078758,0.0,135783.68904078758,h09,5,Katrina,1218608161.935741,19002122.16639769,1199606039.7693431,1880926788.584531,1030555.4798551176,1.0,0.0,0.0,NONE,False,False,0.0,10400000.0,0.0,1289851.565147384,R0,False,True,1030555.4798551176,8526788.584531171,0.0,0.0,NONE,False,False,0.0,1862000000.0,984dce67ea0d36c88933a6d3bc7d15e51548ca12e24ddf53ea4fa5744346cb6f
E2A_VACCINE_H0,LA-0084,84,452c3c78fd656a973d7af41d0ebe4577827d2893ba70adaee7f1600da04f8cce,M2,A1_FINAL_NO_MEMORY_V1,certified,PASS,,,5bfc7cf8c5082cf96c0ddf30faa7743f0368b828483c1e5c1ebee9e34222bb46,605314bf54a419b74b4608505840f7ef8a12d71d19a570d95d1423c49dd14f07,0.0,0.9,19137905.85543848,4.0,1.0,1.0,1.0,1.0,d2e953a34bf8200d1993c27803c4f421f92fbeaf5cf1e692f370f4ca2562c529,3,2,2,87c592cefb1b73f08314eb6b6daa855855e910a02ff55e9566f07f7dd2da0017,P4,1223678172.1310673,1223678172.1310673,0.0,6457773.894728516,0.0,6457773.894728516,h09,5,Katrina,1217220398.2363389,12680131.960709961,1204540266.2756288,1881015431.6304188,941912.4339675519,1.0,0.0,0.0,NONE,False,False,0.0,10400000.0,0.0,1119166.6114569942,R0,False,True,941912.4339675519,8615431.630418738,0.0,0.0,NONE,False,False,0.0,1862000000.0,eb9d79f9c87beb0b185e702e0e54e08220f6365619190204bc51dce7c1384fa6
E2A_VACCINE_H0,LA-0085,85,92ddeb682e0a88f56f8964b6505371edba64d812ac8567a7874c4b86a25887f9,M2,A1_FINAL_NO_MEMORY_V1,certified,PASS,,,c040efbc66d181118411660536f138d2cd74e74857e2aef234bd56295f9605f7,74bc2a2e73d66ed5cc1c92290073f4388702f2a2d499b7698df37d659ef3fcdc,0.0,0.9,19137905.85543848,4.0,1.0,1.0,1.0,1.0,ac1629366d71d054567775b68ba20821ed817df531fd36395e8cd94732638b67,6,2,2,b9a2f37bf245c2f0d7082fa5bcb72ad299325810508ae8be93d75dd93ec86ea8,P1,1229026338.1122837,1229026338.1122837,19137905.85543848,0.0,0.0,19137905.85543848,h09,5,Katrina,1209888432.2568452,0.0,1209888432.2568452,1874467806.7092767,0.0,1.0,11329345.160671845,0.0,NONE,True,False,0.0,3431979.2363816043,847936.834928954,0.0,NONE,True,False,0.0,9035827.47289501,0.0,0.0,NONE,False,False,0.0,1862000000.0,c0a88332bbb7b752aeda0eaa28cd703eda99bb1e28e8b61c4601272907aa0141
E2A_VACCINE_H0,LA-0086,86,78b0e42b8034387220c039146144af1d18e990c3c80dfbf66557f8829ab7c942,M2,A1_FINAL_NO_MEMORY_V1,certified,PASS,,,ffe339e556f4d48399ca6c8befcb9d1cc34666ab5b080475e17c56f9cc8f5076,22659e6c9f2ee379963c249203da543257690cef1d960b06d1416d89d35f7537,0.0,0.9,19137905.85543848,4.0,1.0,1.0,1.0,1.0,9fd4b9ee1c1f452ccf71ed83650145243c2081404982aa4c4cf68c7a87d711df,3,2,2,7aa79c50aac6c436eb69f5bb501ec82b5b6f39b7342e51d4ea05ab094d51789d,P1,1229964341.4596763,1229964341.4596763,19137905.85543848,0.0,0.0,19137905.85543848,h09,5,Katrina,1210826435.6042378,0.0,1210826435.6042378,1871212415.1265492,0.0,1.0,17253147.025850445,0.0,NONE,True,False,0.0,0.0,572222.0844204616,0.0,NONE,True,False,0.0,9212415.126549255,0.0,0.0,NONE,False,False,0.0,1862000000.0,9002bc6e89b4f135bb5bd84d326077338fdb981ea2676bbd0ad6842b758796a9
E2A_VACCINE_H0,LA-0087,87,55ad7ba1be0ec7f17db04c0250b5e74afc2587d0ed02a266c8c1a09988b0a9d9,M2,A1_FINAL_NO_MEMORY_V1,certified,PASS,,,8753816b51c178c9659e3b58a22b8f74c9395a9545036ba84777c96327785a57,e4962efec394329a81e8ac9ef5def91fb387adf1ac79872ac1d2e62ebac0859c,0.0,0.9,19137905.85543848,4.0,1.0,1.0,1.0,1.0,ff3383bd3ae5ef8a2700ff017c453b29ac13ae376d97805afd50fb5cb028ab1a,3,2,2,55660044a5611f354be4a04097548adb6e41bfab62d5345a81913333d196f735,P4,1169562345.129831,1169562345.129831,0.0,4298064.308102852,0.0,4298064.308102852,h09,5,Katrina,1165264280.8217282,14839841.547335627,1150424439.2743926,1597742553.3964233,284214790.6679631,1.0,0.0,0.0,NONE,False,False,0.0,10400000.0,0.0,0.0,NONE,False,False,0.0,9557344.06438629,0.0,596065255.50164,R0,False,True,284214790.6679631,1577785209.332037,4602f6d6ea4763f30eaca207ed2a9eda5c1fd0bc01d78ab3622c69c7cab59dbf
E2A_VACCINE_H0,LA-0088,88,6d7390404bbf6e027e4d60b1dba12f8ec171920f5a2a619ec2b42e63393c1006,M2,A1_FINAL_NO_MEMORY_V1,certified,PASS,,,cecb94c40fbae05c850ac480cef0d214951eff3a1f3e307b049f10dcffeec1c4,392af87369ec2df4ae5a954d94d64b2d2ad3ecd5d58c93907df19d5147701843,0.0,0.9,19137905.85543848,4.0,1.0,1.0,1.0,1.0,7cc6896a4bb1614a26fb4aee73acfa34c335bb1835fb6eaed6356e49650d77b6,3,2,2,a26cf6d038693fcbc44842307c0ea5df923b2f4875f600a98b0d6855f7d7f407,P4,1215412965.8730557,1215412965.8730557,0.0,6085224.7413844885,0.0,6085224.7413844885,h09,5,Katrina,1209327741.1316712,13052681.114053989,1196275060.0176172,1720050013.7656744,161907330.298712,1.0,0.0,0.0,NONE,False,False,0.0,10400000.0,0.0,0.0,NONE,False,False,0.0,9557344.06438629,0.0,215564182.2195763,R0,False,True,161907330.298712,1700092669.701288,b40992965d072f8a9c5526e3b4a83bf898b8cb3ba8e3c96969d5535414454192
E2A_VACCINE_H0,LA-0089,89,1d40bca4e9cab04e8c9d5b356b62d85bc42550f2568eb9649d88c04022d92728,M2,A1_FINAL_NO_MEMORY_V1,certified,PASS,,,c114f44239b3b4809cc608e20a01d919336e1ae8f28c132621f2f9accd76d306,3244f2dd71b70a86777de02bc02f73f6c8cccf1bdc55221a7b2ecc7e10b3a2ec,0.0,0.9,19137905.85543848,4.0,1.0,1.0,1.0,1.0,ce54459bcc74839fe6c098a5423a5417ac2b16a436cb07a761065d44a7f15af6,3,2,2,b7f0788d975571e16ccf3d49ca1d69baa4e895543a2d8c2588ed85520cf8e0e8,P4,1222116437.0981648,1222116437.0981648,0.0,6844659.033208299,522831.9158743906,7367490.94908269,h09,5,Katrina,1214748946.1490822,11770414.906355787,1202978531.2427263,1880987375.166045,969968.898341338,1.0,0.0,0.0,NONE,False,False,0.0,10400000.0,0.0,1144783.2622424169,R1,False,True,969968.898341338,8587375.166044952,0.0,0.0,NONE,False,False,0.0,1862000000.0,e40409a8e72bc37a8a6471088364a59d218224b967458d3c0626931d54f7ec43
E2A_VACCINE_H0,LA-0090,90,ad39719dc60273e05438709eaa87ce655222480fabaa49761b962d3505a2dd08,M2,A1_FINAL_NO_MEMORY_V1,certified,PASS,,,994502b0651a7f069b881f35abe532a43c13172b58b094cbec9029940b3d9daf,b188269dea9e8d788ea873c36e0fde718949479e0d44ab2e946c9e805b78c600,0.0,0.9,19137905.85543848,4.0,1.0,1.0,1.0,1.0,ceaf2ff8410bf1abab3921eab1e16306b5b7988c20d4f9ff401cbebd1462e1d7,3,2,2,3219a9ecfbb582bede1ef9d7ffa5c69b3aaea5376f8ce7626e40b1d4bd39764e,P4,1181656322.408014,1181656322.408014,0.0,3405559.156474407,0.0,3405559.156474407,h09,5,Katrina,1178250763.2515397,15732346.698964069,1162518416.5525756,1691478002.8153925,190479341.24899387,0.9999999999999998,0.0,20219045.535955172,R0,False,True,10400000.0,0.0,0.0,0.0,NONE,False,False,0.0,9557344.06438629,0.0,350099269.3075209,R0,False,True,180079341.24899387,1681920658.7510061,300028292fb13a0d4ff04781bd381edde7f162dfeeb46f30709924058e11a500
E2A_VACCINE_H0,LA-0091,91,b27c1077c290d99c969c87b18ee48fb6ce999c0739c08490b5959806588066bd,M2,A1_FINAL_NO_MEMORY_V1,certified,PASS,,,aa8446c0531ad8d73e63697a459e59e4899d2ab2eb4f7e7b4b07941362a5bd3c,36b5887257933f63c0cbfc3fb5a1318bcfcffad17f9655ad05efc49631a1a37d,0.0,0.9,19137905.85543848,4.0,1.0,1.0,1.0,1.0,2db8b6167e8dec8d6ea4723e020f07fc0bd43d5dc4704304920d04fdf29a19ee,3,2,2,67d2fc507f8c0a5d72861fca1ac83c6ee120791deaf503a3697c470973ce859e,P4,1212711220.9320726,1212711220.9320726,0.0,8763347.383101638,0.0,8763347.383101638,h09,5,Katrina,1203947873.548971,10374558.472336838,1193573315.0766342,1712843054.36271,169114289.70167637,1.0,0.0,0.0,NONE,False,False,0.0,10400000.0,0.0,0.0,NONE,False,False,0.0,9557344.06438629,0.0,425701103.7915296,R0,False,True,169114289.70167637,1692885710.2983236,60a8051afc0f2ebba9897c08d7233c7eb74abd304c6874e0ddc7044624676234
E2A_VACCINE_H0,LA-0092,92,ad66cde18674d3c6319f6333c0a0747db37265ec8b615f5104037c0758ed9f3f,M2,A1_FINAL_NO_MEMORY_V1,certified,PASS,,,85be2091d4ed2a07b3c8d4829e7714523857786b3311c8ebc1e83e9c147436e6,ffa750bcc12fde3ffc245ce0442ac601ee8c31578cf1f1446ed46fa5ab83c171,0.0,0.9,19137905.85543848,4.0,1.0,1.0,1.0,1.0,ccc224e68e175978923d2b9ef78a2212c997febbfb67eebd98a3afcd28deda16,7,2,2,f563fc9b1606be81530b718c431750ab260f7dca7facc1db825adaca0a0e9eb8,P1,1226876127.8566349,1226876127.8566349,19137905.85543848,0.0,0.0,19137905.85543848,h09,5,Katrina,1207738222.0011964,0.0,1207738222.0011964,1881072882.6890125,0.0,1.0,0.0,0.0,NONE,False,False,0.0,10400000.0,1375244.743851572,0.0,NONE,True,False,0.0,8672882.689012583,0.0,0.0,NONE,False,False,0.0,1862000000.0,51f82621c7221949d78089cad70b75f906b23d95c4b7dd16313b692b203808d0
E2A_VACCINE_H0,LA-0093,93,cd231b2c22006fa7da74ec6c380af80fd01b240b9e4feb8d86623aa441352f7c,M2,A1_FINAL_NO_MEMORY_V1,certified,PASS,,,2f476650b2fd9163ab21b528521a63e5cb916f42f23c1ffc4d4b3348f504bc45,69187c73e3bda7d36db9bd674cbbf1979afdf77fb2a8cb4828d73844fa8ad8c7,0.0,0.9,19137905.85543848,4.0,1.0,1.0,1.0,1.0,e86f8027afbf0eadec699be543bb74636c29dd5a9477695a00c5617eab1ab8c9,3,2,2,1771dea64ce57e0fb6282107b3d2e509a20a505d70e000f611df219092d59ea0,P4,1232189904.606097,1232189904.606097,0.0,7048826.772675544,0.0,7048826.772675544,h09,5,Katrina,1225141077.8334215,12089079.082762932,1213051998.7506585,1862028640.493472,19928703.570914105,1.0,0.0,19995243.339331232,R0,False,True,10400000.0,0.0,0.0,466055.43423064245,R0,False,True,242406.47806793806,9314937.586318351,0.0,17854016.35507532,R0,False,True,9286297.092846166,1852713702.9071538,cf57c4cbdd441ba5ac944859bbbfbfcb500c1c6558f4efcc5d94a369c9c59abf
E2A_VACCINE_H0,LA-0094,94,5fd2d85ef75ed01c712217a95b9318f91a994babb5b22e9c4df7c689d0ba389e,M2,A1_FINAL_NO_MEMORY_V1,certified,PASS,,,2f205762b9f4505c2a560d3b82f638a2da4b386749e56269416fc4f06d4e088b,b1162f5ae65f59884f93ad1a61995a1599053c47dfea44ab040c2873fae75a4b,0.0,0.9,19137905.85543848,4.0,1.0,1.0,1.0,1.0,7f5209a3b979f3b6344597ed85d0e93019c4a021ae9d20ac788c0a4dd1e696f0,3,2,2,f30590bd43af8bd5662123c8c70c4cb8f6b3205d3f91e9337dab08c0b1fe7f9c,P4,1197772782.2262328,1197772782.2262328,0.0,3723128.2438283674,0.0,3723128.2438283674,h09,5,Katrina,1194049653.9824045,15414777.61161011,1178634876.3707943,1672994466.2656126,208962877.7987737,1.0,0.0,0.0,NONE,False,False,0.0,10400000.0,0.0,0.0,NONE,False,False,0.0,9557344.06438629,0.0,279813135.96465516,R0,False,True,208962877.7987737,1653037122.2012262,98b8c9f445d69831a0e9dd6c1ff3c8133c958fa272f07ac00f8e7df95d03cc41
E2A_VACCINE_H0,LA-0095,95,7f3f2c84c8f8b4f7a3f661e79b4732174f31d16f47aba108d9ec70607a7e10a6,M2,A1_FINAL_NO_MEMORY_V1,certified,PASS,,,26845fcbb5f0d774f49343530c9f8bfb9d233da90ef51f1deef5e41bdcb2e5b1,f45df8da75b4b1b48e7d8bf3731d49f03730c24d815ec6630bee7bb0153c7de0,0.0,0.9,19137905.85543848,4.0,1.0,1.0,1.0,1.0,1c105610c027ade87f4fc9a325da9334b010b55b8c14d8aedbd3f07c3db3fef8,3,2,2,8c8551fd455503789ed99e3f46c7eccf722aa822f3625eb55175f97303d43abb,P4,1172191117.8530588,1172191117.8530588,0.0,2494368.816021942,0.0,2494368.816021942,h09,5,Katrina,1169696749.037037,16643537.039416535,1153053211.9976203,1604754857.9291477,277202486.13523877,1.0,0.0,0.0,NONE,False,False,0.0,10400000.0,0.0,0.0,NONE,False,False,0.0,9557344.06438629,0.0,423199552.72347885,R0,False,True,277202486.13523877,1584797513.8647614,ca58402fb9fa23178c6627f5484bfb6b087c4d780ba1e5f08f498411fd9c6fa7
E2A_VACCINE_H0,LA-0096,96,6d19e469e9ab769200b8c8fd23f473eb61bbc41f39f15015d9caf251c7b42c01,M2,A1_FINAL_NO_MEMORY_V1,certified,PASS,,,22fabcac061f855f6b3560c72903727fad1c09d959a34cabbf2f92ac8e60d57c,d7b0e8d909fff0afd7c7ddca144182e83a2981229003d94f118af1e9c92e105c,0.0,0.9,19137905.85543848,4.0,1.0,1.0,1.0,1.0,4eb51c792c0a3742a9b073cbdd159f28f52dc58ea0f1f2e66a1f497a314f1588,3,2,2,aa5cb89c8ff8e3aa3d7bfbf6c8031a380d6abeff2ca5d69e12db8d4541a33f90,P4,1215220022.5597534,1215220022.5597534,0.0,5554847.284895265,529928.4083139481,6084775.693209212,h09,5,Katrina,1209135246.8665442,13053130.162229266,1196082116.704315,1880863481.5447023,1093862.5196838807,1.0,0.0,0.0,NONE,False,False,0.0,10400000.0,0.0,1739908.5507626284,R1,False,True,1093862.5196838807,8463481.544702409,0.0,0.0,NONE,False,False,0.0,1862000000.0,a1f7e7d23a2986382987603f750fe7c279e1f4690cab1ed96a0cb36eea925df2
E2A_VACCINE_H0,LA-0097,97,edf70a375e08de6a4bb2a98690a88cad1ad1a880e532f9766c33642307104234,M2,A1_FINAL_NO_MEMORY_V1,certified,PASS,,,3250d33756868b6f741278cced942a4bd14e5e50521d3913f10531f906fe1c47,096cba88ac41ebdd21940a3f471a8f03dc1a6b223f64b102bb72c4917afe2cab,0.0,0.9,19137905.85543848,4.0,1.0,1.0,1.0,1.0,db7631f9e5db9a6981ee38330f8818cc5919b3937b4be81471d2fa4740bd4f8c,3,2,2,9bb978d5dddf7ad56a0232e8816bb9da2113c392515192537ca8557b8746c3af,P4,1210993722.3456886,1210993722.3456886,0.0,151264.61818037066,0.0,151264.61818037066,h09,5,Katrina,1210842457.7275083,18986641.237258106,1191855816.49025,1708261592.0644176,173695751.99996886,1.0,0.0,0.0,NONE,False,False,0.0,10400000.0,0.0,0.0,NONE,False,False,0.0,9557344.06438629,0.0,268985055.95246524,R0,False,True,173695751.99996886,1688304248.0000312,6f36f5d1b8e3a0bd6819d6ffcad2287011e76e45412c6b5cad12ebd700d98719
E2A_VACCINE_H0,LA-0098,98,013e0e1d22a2b4571c505d4b63e9049aa369067fa9f467ef9066da824c3ce638,M2,A1_FINAL_NO_MEMORY_V1,certified,PASS,,,48fb17179852ebe16031a9f766e4fdc1dcdbc0c585af044d3754f482d5e06de9,812a8e99359a5154b96f7e6dee03adf063b64badc07bcb186b0cbb35354515bb,0.0,0.9,19137905.85543848,4.0,1.0,1.0,1.0,1.0,18aebfeea5ca944d49725faa7a5679ef24cf0118f73520f4903a1522c897c3cf,7,2,2,6e5b8fb7bf17d3a64cb52ed9e9f78b0deb7853e63347faf2c115fde36f6c09ab,P1,1223234091.0680573,1223234091.0680573,19137905.85543848,0.0,0.0,19137905.85543848,h09,5,Katrina,1204096185.2126188,0.0,1204096185.2126188,1874096469.2987847,0.0,1.0,10494109.337645818,0.0,NONE,True,False,0.0,3151651.7156482097,886811.6727109284,0.0,NONE,True,False,0.0,8944817.58313663,0.0,0.0,NONE,False,False,0.0,1862000000.0,5a6bd6887af112c0017ccf32a0606d3b7ceae9e63edcc844653bf8effaf4b322
E2A_VACCINE_H0,LA-0099,99,b829dc14128adbea04f3b65d0574792a25510f5aa3afd71e43c7ebb5c51b5754,M2,A1_FINAL_NO_MEMORY_V1,certified,PASS,,,7ccd7d0f73256f32cb38467ace5f7df0513f0b6025ab62835e783890aea395e3,8376277f851c2a652655e28003f0764d8802f86bb04285fc649554aa0f9f3790,0.0,0.9,19137905.85543848,4.0,1.0,1.0,1.0,1.0,0016bc4d07d22f4a21b8c18e90e67285ba8e1c61ba280cbe172738b48b739738,3,2,2,9a3c20e11e74f8ebc88304916f3c24c5952ae18269d631161ce2292a724f24f5,P1,1229323148.5412867,1229323148.5412867,19137905.85543848,0.0,0.0,19137905.85543848,h09,5,Katrina,1210185242.6858482,0.0,1210185242.6858482,1871200896.1390817,0.0,1.0,17016694.209815722,0.0,NONE,True,False,0.0,0.0,583227.4371759725,0.0,NONE,True,False,0.0,9200896.139081778,0.0,0.0,NONE,False,False,0.0,1862000000.0,1e50c3508c11f62e7f783dc6a9583acb578da8f45032565a10d2c3edbab82618
E2A_VACCINE_H0,LA-0100,100,23acce877ac9c1b6da536ca2f6452dec87e245fbdcc093402afd582bc64c7d24,M2,A1_FINAL_NO_MEMORY_V1,certified,PASS,,,9ab6917a4fb93003a8c52cbcd693737160d354e2f2c5c59d884b0acb677a3981,000934157c4d307d3be60f56dd2c7bf67ef54fb07b3f5ac8b775f47075f702af,0.0,0.9,19137905.85543848,4.0,1.0,1.0,1.0,1.0,d861f08627badb18ab30ba34df118ff2b66b823b003807a923e598237946b4df,3,2,2,ea5656710892897a4bc677c616445d831485f44fea26f9dd36355bc57cc9a24f,P4,1220802593.0762777,1220802593.0762777,0.0,7558685.545940223,0.0,7558685.545940223,h09,5,Katrina,1213243907.5303376,11579220.309498254,1201664687.2208393,1795901473.4413626,86055870.62302372,1.0,0.0,14788126.64644728,R0,False,True,10399999.999999996,3.725290298461914e-09,0.0,0.0,NONE,False,False,0.0,9557344.06438629,0.0,107577749.6462024,R0,False,True,75655870.62302372,1786344129.3769763,6801a7603ead39b5f9b30fbd6c53793de6d81c0981e764fb28df428e539c2e20
E2A_VACCINE_H0,LA-0101,101,46423fd7bd412f27bd38da1d616236542376e6a3ccb8a53ca95614ae4224bb6d,M2,A1_FINAL_NO_MEMORY_V1,certified,PASS,,,27b14da92c1b0fac1c7c6ddbd1a6e99f5f7029f4a6a8f379e6c6299e2c04bd82,135d04bd4bbfe0f52e682e149fb3c19e4a7891991fe30349ad659fb05f74877c,0.0,0.9,19137905.85543848,4.0,1.0,1.0,1.0,1.0,f191baffc0446c4dcabe45c3cde3aac23abd18d16277d149788366a27469a859,3,2,2,9bfe7fb2565088e1513a25a97a61b2dd704ce2b816cc05d054587dae07a959c1,P4,1208975517.8820977,1208975517.8820977,0.0,3782934.046563818,0.0,3782934.046563818,h09,5,Katrina,1205192583.8355339,15354971.80887466,1189837612.0266593,1702877990.7424188,179079353.32196772,1.0,0.0,0.0,NONE,False,False,0.0,10400000.0,0.0,0.0,NONE,False,False,0.0,9557344.06438629,0.0,531425963.5479718,R0,False,True,179079353.32196772,1682920646.6780324,08052d1335bf84a0371e44211ca912516dc4bc845d1108c1ece8f0b239cd4374
E2A_VACCINE_H0,LA-0102,102,cdb6afd9b29eb2b550b3cc275aaac1a466442ff6233fcc0e0f86751d09ddf5ad,M2,A1_FINAL_NO_MEMORY_V1,certified,PASS,,,b70c0fbe51d754b4d63850de447c89fe65d49b159f408632e77c6172ff56a560,fcd3966e531c58dba326edce94a5303b59b355feb13317d5b4c7d42e7e50a683,0.0,0.9,19137905.85543848,4.0,1.0,1.0,1.0,1.0,9b3ba6905595aacad1a99d4916bd4a0f94f1f3cc713d0dd50ef01d88ed465905,3,2,2,8f3b33c226d383a339a89f65fc3255a8db3f580eecdc028373f8d1f1065f6dd4,P4,1226447912.1628826,1226447912.1628826,0.0,8167497.402830344,3616199.653864072,11783697.056694416,h09,5,Katrina,1214664215.106188,7354208.798744062,1207310006.307444,1881065189.8229995,892154.2413867922,1.0,0.0,0.0,NONE,False,False,0.0,10400000.0,0.0,1375278.4387094334,R1,False,True,892154.2413867922,8665189.822999498,0.0,0.0,NONE,False,False,0.0,1862000000.0,1e7b8633cdc81a4ccd1c84fc3f436eadf919aaa628f1b8033ae607af954b5668
E2A_VACCINE_H0,LA-0103,103,df1d73f9ded0745380418ef8366c146852a901f468bb9dc8b3a8546d58bb60c4,M2,A1_FINAL_NO_MEMORY_V1,certified,PASS,,,9274061325a9f77064d50b3fca7b3b9a393d7d4323c76d3a8300c8bb9f972936,b07447b488f8783199e48634912b92278d801ba6b4a73ecb6c86de32d878c411,0.0,0.9,19137905.85543848,4.0,1.0,1.0,1.0,1.0,21d750d217f32dd25c121da793ef475a1f7a19319c212fd8c12807fc1ab6f825,3,2,2,150b0ca921daf812265858b3ad4f4f04dd65426348e1db80c8e1d1003f690485,P4,1231217863.3259778,1231217863.3259778,0.0,8506754.439916201,0.0,8506754.439916201,h09,5,Katrina,1222711108.8860617,10631151.415522277,1212079957.4705393,1881150881.673443,806462.3909431455,1.0,0.0,0.0,NONE,False,False,0.0,10400000.0,0.0,1396337.4783314092,R0,False,True,806462.3909431455,8750881.673443144,0.0,0.0,NONE,False,False,0.0,1862000000.0,7f4d9c0e9d07ce23427924932d93905d90d3ae290c2b04f75c48a4facc14d98b
E2A_VACCINE_H0,LA-0104,104,3fc5fe4f89e524f970ecf605df1f8e2b6db356444338757f09655d7ee6e8222b,M2,A1_FINAL_NO_MEMORY_V1,certified,PASS,,,c881c814faebcd0a7501a2eb6a3a68da1f88007e57a80f845dee659d0208452b,03c726b386c60d42302931fc5ccf3e1da5a76245312dd482d7042e86d1e41cb7,0.0,0.9,19137905.85543848,4.0,1.0,1.0,1.0,1.0,8795b2a28de95291f94254ab6f24c209c8137723065dd2e003a2bc2af36db01e,3,2,2,adadecc6ec9fd9a18ed9b00650954d500a65d400c5e65057f9e84f0bf66e7ced,P4,1217744447.1288176,1217744447.1288176,0.0,4617438.617360048,0.0,4617438.617360048,h09,5,Katrina,1213127008.5114574,14520467.23807843,1198606541.273379,1787743807.1282485,94213536.93613794,1.0,0.0,13725422.1006682,R0,False,True,10400000.0,0.0,0.0,0.0,NONE,False,False,0.0,9557344.06438629,0.0,110613093.48061906,R0,False,True,83813536.93613794,1778186463.063862,f440ea39e1f774a9059011c53c5a05831d47b7004854290fe09b67db3c17e7a5
E2A_VACCINE_H0,LA-0105,105,642f0850175685dc6c38e0ad36b478de797b9a46c9c62af62834484e36409f24,M2,A1_FINAL_NO_MEMORY_V1,certified,PASS,,,027952dcc8d63691f9f372f8c8382257129574ac13213b7424585240fa51d96a,c5934db3104622e725cfe4b376f77cc21f2a219a863b9df678ec8ec10ac69920,0.0,0.9,19137905.85543848,4.0,1.0,1.0,1.0,1.0,061a88f8f8d0eac218e1292b86e4c46ab5925aef9a4b1aa2a23cc61c5617e051,3,2,2,50142bea426aa4170077f54875c582b6cc3c6383acd10fd38c808bad4dd4fa04,P4,1160345319.1295152,1160345319.1295152,0.0,1595797.556368615,0.0,1595797.556368615,h09,5,Katrina,1158749521.5731466,17542108.299069863,1141207413.2740767,1573155949.6823924,308801394.38199395,1.0,0.0,0.0,NONE,False,False,0.0,10400000.0,0.0,0.0,NONE,False,False,0.0,9557344.06438629,0.0,502353198.4975225,R0,False,True,308801394.38199395,1553198605.618006,21fc3dc78061c7c1064bf695466246c67cad88b671933de91f09b00ace080b6c
E2A_VACCINE_H0,LA-0106,106,be0b3155610cedaab7ed585daba4b1c1d721f42c04bef541cb3c937dcf973f8e,M2,A1_FINAL_NO_MEMORY_V1,certified,PASS,,,133629ee52aad85137603da37c412b2cc0b94077a325b8385cf2033cbcacfef2,8a81bf2d9976379397925cd12385ac2b8c3456f123625be24848903ebb94d317,0.0,0.9,19137905.85543848,4.0,1.0,1.0,1.0,1.0,544b443919bc0a9d648c1f9a80b213440583e8c2c51039127f2a131f68347018,6,2,2,8b43aa51f41440db88294186d28185c80d4571bc77a430897b18f95b24d667b4,P1,1234329415.8495562,1234329415.8495562,19137905.85543848,0.0,0.0,19137905.85543848,h09,5,Katrina,1215191509.9941177,0.0,1215191509.9941177,1881206780.5043497,0.0,1.0,0.0,0.0,NONE,False,False,0.0,10400000.0,1375244.743851572,0.0,NONE,True,False,0.0,8806780.504349627,0.0,0.0,NONE,False,False,0.0,1862000000.0,d931302e548ee2e8ac810e51dd26cba23a52627a9c7736bdfda23b46b457f6b8
E2A_VACCINE_H0,LA-0107,107,19b75788c0fe39d45cc6915d734ad37ee5e59bdd7bf9d963f1a5fd2948c2ec10,M2,A1_FINAL_NO_MEMORY_V1,certified,PASS,,,fee5d461a88f6978ebbebce845e5ae1cee073d7846a3a7368dbdae6d60df1dad,0c1f4018f4c3b4141b93ce7b4b103a582059a16b72363b3b78a53096590e6286,0.0,0.9,19137905.85543848,4.0,1.0,1.0,1.0,1.0,6b16e91c8bb0ab19afdb6c88e2bace8cc8892b4fead377f8b62b3112fb59fb52,3,2,2,6246ab75362879c8b9467acf39f60cc6cb0a6f4c4a6d0d01d1fa4b3512e745c7,P4,1223628731.0630054,1223628731.0630054,0.0,5952606.688304845,0.0,5952606.688304845,h09,5,Katrina,1217676124.3747005,13185299.167133633,1204490825.207567,1860038999.5493958,21918344.514990468,1.0,0.0,13795907.005669374,R0,False,True,10400000.0,0.0,0.0,509068.6112462935,R0,False,True,383759.7306785103,9173584.33370778,0.0,14770355.4068374,R0,False,True,11134584.784311958,1850865415.215688,26bfcb53e49419a8f91d79272fcfdb120fa102c75945a646fed939d1f0470507
E2A_VACCINE_H0,LA-0108,108,d8bd07e86570eac51a1e6fb3791f9e8c45b850b28a4db605a54bf7d514e4e17e,M2,A1_FINAL_NO_MEMORY_V1,certified,PASS,,,daf57aa9006612f1dd00aca53edc188861dc3c6220c3e0174e62a9c28f0c8ca4,e379544c51fbe12b3f5077bdee5a5cd0a8a639b77ed5a2712592409e6db15ed7,0.0,0.9,19137905.85543848,4.0,1.0,1.0,1.0,1.0,d22554fb82c285ec62488f412f66cb86325e117cde1fa00396b8af34cfa913b5,3,2,2,b2628e4080512d53a9ab5e099cbc106446e64cfff7bc52ed6bc66b71629aa955,P4,1153746388.324965,1153746388.324965,0.0,2835666.068983318,0.0,2835666.068983318,h09,5,Katrina,1150910722.2559817,16302239.78645516,1134608482.4695265,1555553167.9801145,326404176.0842718,1.0,0.0,0.0,NONE,False,False,0.0,10400000.0,0.0,0.0,NONE,False,False,0.0,9557344.06438629,0.0,495557600.1158318,R0,False,True,326404176.0842718,1535595823.915728,e4cb1cf60b50c014e6fe46bfdd37701bd174a0c2fcae36c4bea0e8561baac82b
E2A_VACCINE_H0,LA-0109,109,273c1bf699eeebe2266ad272bfc4e066be02716036b95620b65ba8472f022347,M2,A1_FINAL_NO_MEMORY_V1,certified,PASS,,,f3e0bee4c46017e2220e45da113b9415b1fcec10c3a22a20f27e669b3e79c0b7,9eb571267da78f7d841b4bed2197b3a4e03caa429d085d9fd523724a002aa35c,0.0,0.9,19137905.85543848,4.0,1.0,1.0,1.0,1.0,e4ef2e352884cba4a04d45e15202da78d56b100fccb0d708be384563d40f60a7,3,2,2,1784ef60d9b6adbb6e04e9001ff6debfe3db221c755a53d36aa1ca59581e445a,P4,1190407213.724286,1190407213.724286,0.0,4202014.182501289,0.0,4202014.182501289,h09,5,Katrina,1186205199.5417848,14935891.672937188,1171269307.8688476,1714821182.809716,167136161.25467038,1.0,0.0,19279000.84787247,R0,False,True,10399999.999999993,5.587935447692871e-09,0.0,0.0,NONE,False,False,0.0,9557344.06438629,0.0,290549671.7039487,R0,False,True,156736161.25467038,1705263838.7453296,000a2d4d76b576b1ded12f66f08b967029c073d51192f4850ec38820ff4f75cc
E2A_VACCINE_H0,LA-0110,110,e0c60e18b84e8530fd9ebcb77c830bd52d2e93b2ec786cdc9de3605c81a91c31,M2,A1_FINAL_NO_MEMORY_V1,certified,PASS,,,79570e258062e881d7bd8f38266b677673156901e1d7ba8f4be40139d871625e,f2556851bb55c51a3501095663cd40a5941ce6e627d9c49217bffc8a1715d569,0.0,0.9,19137905.85543848,4.0,1.0,1.0,1.0,1.0,b21a660e804101755ae7efd7fe6c90abd63c9a4466ea3c0fd46c8d5297dd5cdc,7,2,2,ebce684c8411c39e95a2fa03bbc0fce0a4005f61a2c676c6a134d9652b724cb1,P1,1226862161.3875754,1226862161.3875754,19137905.855438437,0.0,0.0,19137905.855438437,h09,5,Katrina,1207724255.532137,0.0,1207724255.532137,1881072631.7823393,0.0,0.9999999999999979,0.0,0.0,NONE,False,False,0.0,10400000.0,1375244.7438515692,0.0,NONE,True,False,0.0,8672631.782339336,0.0,0.0,NONE,False,False,0.0,1862000000.0,0e900a1b4d04b579ba9b28c41f75d82281284de1db24b4be928453afef1a67d5
E2A_VACCINE_H0,LA-0111,111,867ea19cb2f7ae70ee54003730d82f5c28994a006ded68209315efa1f209f4df,M2,A1_FINAL_NO_MEMORY_V1,certified,PASS,,,61198e0d2cf49ad3191f97bfe695b16359d67d48bd3b36d73aa45e766138d3c6,965ffdb56bccaaae3fd56e59af7d9cce40b0c52eafe29effe431d250cee274e9,0.0,0.9,19137905.85543848,4.0,1.0,1.0,1.0,1.0,099959d1414a2f1f11eacd5559b61628ae3662c454522c2d64d6b97109c94f7a,3,2,2,cf37013cefefba9c1590e488c1c789a3b6ec0ffcf45d121b963fcc40746ed426,P4,1204085370.2977197,1204085370.2977197,0.0,3855576.4422743865,0.0,3855576.4422743865,h09,5,Katrina,1200229793.8554454,15282329.413164092,1184947464.4422812,1689833422.9223752,192123921.1420111,1.0,0.0,0.0,NONE,False,False,0.0,10400000.0,0.0,0.0,NONE,False,False,0.0,9557344.06438629,0.0,569379383.4625983,R0,False,True,192123921.1420111,1669876078.8579888,bb8c89ead9d628fd5ca55ec9ed14fd5a03e65c67a003119a25deef4e6207c9c2
E2A_VACCINE_H0,LA-0112,112,33bfdcc8e1269806bcdaab2adeda0ccd40faedaa6bb03a333c1d170e250b996a,M2,A1_FINAL_NO_MEMORY_V1,certified,PASS,,,3c00d6e3db681b99585dcdb2dde80ec74106aea998dffb54e88b7e7b698f5234,403c0ce4ec3281f4314d6966d564a259766eb817bafa9a2b5a3398838a55db2f,0.0,0.9,19137905.85543848,4.0,1.0,1.0,1.0,1.0,5741dfc82296c2ef98346902d5191a393aa4bde2cff2fda6ff89583a152686ad,3,2,2,a2a6fb2e66a6379ed4faaf98243edde92b6f27deb72ebf162d7d3f6a4325b286,P4,1216741803.1682322,1216741803.1682322,0.0,5629688.337803598,0.0,5629688.337803598,h09,5,Katrina,1211112114.8304286,13508217.51763488,1197603897.3127937,1785069234.0366313,96888110.02775495,1.0,0.0,21709832.125369105,R0,False,True,10400000.0,0.0,0.0,0.0,NONE,False,False,0.0,9557344.06438629,0.0,180542533.60990503,R0,False,True,86488110.02775495,1775511889.972245,f9345ba2795b0132caebd8fb6c588abf545f8eb6987be6693d2a0ff1b4ae3e05
E2A_VACCINE_H0,LA-0113,113,a2f8b8d126e69d1c5e3fe4387f4da702b434457c7914bfc33dbe7264e8dee060,M2,A1_FINAL_NO_MEMORY_V1,certified,PASS,,,f2d2c381f180aa29cc4515ea1b7039bef66689c1ec6edf381f97e6659a92e357,de9d4edd90803b5b0a645ee2f9fa62914dd6a5aebd984056beed83cd941e1ec8,0.0,0.9,19137905.85543848,4.0,1.0,1.0,1.0,1.0,2e39c790b02c9c4c248b0f447a96b31d00c82e8d71aef860d34abf3e0c22e720,3,2,2,d9fdff2185aaa6d80bc7350410d96011bae91990035cd029c92c5ca677fb4391,P4,1204051689.0878658,1204051689.0878658,0.0,8181692.501233593,0.0,8181692.501233593,h09,5,Katrina,1195869996.5866323,10956213.354204886,1184913783.2324274,1751218097.4586163,130739246.60577008,1.0,0.0,15456867.52041945,R0,False,True,10400000.0,0.0,0.0,0.0,NONE,False,False,0.0,9557344.06438629,0.0,178852672.33581483,R0,False,True,120339246.60577008,1741660753.39423,027e8466c0db278cf162cd34225c78dd26d31a72684ca579038767607b0800e1
E2A_VACCINE_H0,LA-0114,114,52d06d19e62b5438dab950965a0373907f48a7a4817e2b74ff951a80ce958d18,M2,A1_FINAL_NO_MEMORY_V1,certified,PASS,,,50aa5e37b62e1644a3d83f39f22b0579efc73d409b52514ca56d95af132e6a0b,ef18cc8b668b8fec7d14227c0dec417e6f91984fa07a4be4a4f021e8ba2c6e63,0.0,0.9,19137905.85543848,4.0,1.0,1.0,1.0,1.0,883e2deafe3cfe3e6704fcd0a8546d2493c8979853155552853cd907ee572752,3,2,2,ed4a3d3766d90df110fca8a7ab2ec76443a4b22b6aa7f392b928c2931864335b,P4,1226451400.5175707,1226451400.5175707,0.0,7352208.954272105,0.0,7352208.954272105,h09,5,Katrina,1219099191.5632987,11785696.901166372,1207313494.6621323,1810969781.810155,70987562.25423148,1.0,0.0,26246135.667742454,R0,False,True,10400000.0,0.0,0.0,0.0,NONE,False,False,0.0,9557344.06438629,0.0,152902824.87522608,R0,False,True,60587562.254231475,1801412437.7457685,2b4c9658eca4731b0e87afa12ac371f04499116c258ea4399e8f22be86f3161f
E2A_VACCINE_H0,LA-0115,115,7a292a6564f57df562c61130f79c32c77121485bf0331ddbe8d5b39cd5907cd6,M2,A1_FINAL_NO_MEMORY_V1,certified,PASS,,,c3f5a37a6b07d189a4aa5b9d483eaff3db5ffe3a25d9a0579748e3b7fa331dea,5ed15400246135711b69eaea3b125a04cad72a758b74f8b91e7c55aa22542cd3,0.0,0.9,19137905.85543848,4.0,1.0,1.0,1.0,1.0,00408c52a3f3a4f36354a3d81e75bf4cb34d8b800ac1e606b2c2a2c68285936e,3,2,2,18c37445901cc3699ff55943469d57bb3551742ae5c7223c3f682276a31f09ce,P4,1214283784.0671365,1214283784.0671365,0.0,2971181.216282274,0.0,2971181.216282274,h09,5,Katrina,1211312602.8508542,16166724.639156204,1195145878.211698,1778512418.2526588,103444925.81172748,1.0,0.0,30231648.264673524,R0,False,True,10400000.0,0.0,0.0,0.0,NONE,False,False,-1.2796694756385335e-10,9557344.06438629,0.0,270471295.18776804,R0,False,True,93044925.81172748,1768955074.1882725,f43c2189e704f786c4689b4a40a28ed32d41399551728bae4de661b7f2d9d5a4
E2A_VACCINE_H0,LA-0116,116,eee7d7cadd2df98a957bcce527a651580363520b9b2911b3872414e22cc8b5f2,M2,A1_FINAL_NO_MEMORY_V1,oracle_failure,FAIL,oracle_failure,Full exact certification was incomplete,afc7895e6cded111eebc4d5f5d7a405e46e81d11dd84d5ba40f6165b61522d49,5955b877bce9f1e716c74ea464314d3d820806deb483f15e8a3f0e24067b2dfa,0.0,0.9,19137905.85543848,4.0,1.0,1.0,1.0,1.0,738019bd636888f9a0b70cbc220dd26e513fd86c36c3eac085fcb725b31482b0,3,2,1,,,,,,,,,,,,,,,,,,,,,,,,,,,,,,,,,,,,,,,216fa3eb3bf1916289c5ff3eaf114a8d288e2974c5a1e93965a3c0de7b80d53a
E2A_VACCINE_H0,LA-0117,117,f1b340380ce298d72fdb1b7cd0f34e4b4acdcebfb8e5bd4b05aafbb8b7578d92,M2,A1_FINAL_NO_MEMORY_V1,certified,PASS,,,eb5c9e3c761040f42d354d169323014f1223d7b53fa3817d86cc09565b465d5e,252fd5872bc9ea0893bc22f6471d4449778afb11dd34a5460221389b5d8c25cb,0.0,0.9,19137905.85543848,4.0,1.0,1.0,1.0,1.0,265147ae1c910394825cee1522c5c6df20c0084bdda415fe49d2d183af02980f,3,2,2,7e32c2c2e62b40aee3cb76f5319a90adc3712134f59b31a45dbe295f3be7fd8e,P4,1200061796.2918408,1200061796.2918408,0.0,397494.0647530715,0.0,397494.0647530715,h09,5,Katrina,1199664302.2270877,18740411.790685404,1180923890.4364023,1880591165.0337095,1366179.0306768473,0.9999999999999998,0.0,0.0,NONE,False,False,0.0,10400000.0,0.0,1696992.6207112132,R0,False,True,1366179.0306768473,8191165.033709442,0.0,0.0,NONE,False,False,0.0,1862000000.0,9e11e6c80ce47ab440bd7c7c61a2adea634cc2ef905f2f4ee89922b8212c95a5
E2A_VACCINE_H0,LA-0118,118,f5ec08cb544d4e04c772a97a8723c5f56429ced62d75f0800b7dd079ad7beae2,M2,A1_FINAL_NO_MEMORY_V1,certified,PASS,,,f4524c191260aec0c15cbc268b1d8ac8779fa6d24f1dade1240f9cf9eb8cbd98,d498702d76635fea2dbc01bca57ed68a74d12d90ee72c8dbee4bcafcf83d404c,0.0,0.9,19137905.85543848,4.0,1.0,1.0,1.0,1.0,6d831a2822cb860a479375a0259bf2cf665744e2202c16baa5da4922b2bee4db,3,2,2,459a2e5376a1058c665af002988eba516f27b705abc4771455fa9a2913b06920,P4,1202434906.2802196,1202434906.2802196,0.0,8193700.584392848,1725770.4136567449,9919470.998049593,h09,5,Katrina,1192515435.28217,9218434.857388884,1183297000.424781,1880633797.7943516,1323546.2700348045,1.0,0.0,0.0,NONE,False,False,0.0,10400000.0,0.0,1863174.8413687018,R1,False,True,1323546.2700348045,8233797.794351485,0.0,0.0,NONE,False,False,0.0,1862000000.0,7c43082f0d4dd3c27e24e066d330ccd77c667bfe8478b15184766271441af0cf
E2A_VACCINE_H0,LA-0119,119,9ded5c68cd0b0e99a38f9cc7db3512579bf1729d3fa5267c87d43e99ff82e3ee,M2,A1_FINAL_NO_MEMORY_V1,certified,PASS,,,77257eaec80372f800cf8c79790748a46db2600ecd848188174b113af0135a93,1cf7a7391208a9dff16016e520fe91beec611ecff1782d26af5e6f4f6bf4f80d,0.0,0.9,19137905.85543848,4.0,1.0,1.0,1.0,1.0,bb00eb0dae9860a02523c87ba80a003d809abb49dd9669135cae800ee4e83ef9,3,2,2,af3965702115ef1c924230d84c7112b12d7fa26f4b35957ceda240426b6c80a1,P4,1169690188.1969986,1169690188.1969986,0.0,2331697.995191769,0.0,2331697.995191769,h09,5,Katrina,1167358490.2018068,16806207.86024671,1150552282.3415601,1870129594.0345926,11827750.029793732,1.0,0.0,30018314.484068032,R0,False,True,10400000.0,0.0,0.0,4121023.9806717075,R0,False,True,1427750.029793732,8129594.034592558,0.0,0.0,NONE,False,False,0.0,1862000000.0,d706e00575b0e5daf812c9d4bf7dbd6d2c743cbc965626c152f3158737375f39
E2A_VACCINE_H0,LA-0120,120,dcb80b654ab21716af1c3fba71c854c2b5e8f2ab0511c85b235a3e410f4810b5,M2,A1_FINAL_NO_MEMORY_V1,certified,PASS,,,754e28654a7655a81d3830c59523e6ab973021c26c5371c28cca600875def262,8bdaf3a01e7b970e822535518c1c10e878cf0d145b99c409510ee9ecf2adc63e,0.0,0.9,19137905.85543848,4.0,1.0,1.0,1.0,1.0,4d0c6588968fa851f3da0b9df1ce03d2ce80d175aa28bce6a479ff4f7ab4477b,3,2,2,f852fc0e96e83b1d4d36718d4ca64d193927c9b35ada49bd464ae47493cbb1ba,P4,1215777307.5997186,1215777307.5997186,0.0,9570144.804505052,0.0,9570144.804505052,h09,5,Katrina,1206207162.7952135,9567761.050933426,1196639401.74428,1721021902.7079031,160935441.35648322,1.0,0.0,0.0,NONE,False,False,0.0,10400000.0,0.0,0.0,NONE,False,False,0.0,9557344.06438629,0.0,370053049.6062205,R0,False,True,160935441.35648322,1701064558.6435168,3aa14e19e1b64f4f826b5f260ab8f81621773d9b2c9c08c0b3b3c14d31765aa6
E2A_VACCINE_H0,LA-0121,121,e09b25a104a5b5737a982329f643abe6a52b268e29f7b3b8ee4ba27e2e2804a2,M2,A1_FINAL_NO_MEMORY_V1,certified,PASS,,,91379002aeafb0cb9ed5c1b31cb0a63896874b572daee2840a2b2d58bc58f241,897e3ad114c6cb384bb6da25a0868eef94905b738b7aab727d3a75869ff392a0,0.0,0.9,19137905.85543848,4.0,1.0,1.0,1.0,1.0,c422b782c9c473b1e36a7b38acd35850c207d4d07f8635a3bff708cf6d855b47,3,2,2,e542b36837347f62a7eed713e7a3d091ad5903a17ef735b05b5aa6582814adca,P4,1202465282.961027,1202465282.961027,0.0,1144536.1747331948,0.0,1144536.1747331948,h09,5,Katrina,1201320746.7862937,17993369.680705283,1183327377.1055884,1880634343.5093703,1323000.5550159896,1.0,0.0,0.0,NONE,False,False,0.0,10400000.0,0.0,1616875.3005582804,R0,False,True,1323000.5550159896,8234343.5093703,0.0,0.0,NONE,False,False,0.0,1862000000.0,3a8c4f1983d67bc67c55811f910957be160385d9e283ae192afd792764e97586
E2A_VACCINE_H0,LA-0122,122,1ad927fbeddd0a52c342a8643f1c602c8bbfb4ba53c30b55c7a156c59776d00d,M2,A1_FINAL_NO_MEMORY_V1,certified,PASS,,,a6f47e8cba3f88136e0174648bb12db6e6265518454f3aff2fd25271a713f438,f769bcc9b5d5c6bf4c02abccd14ef2d4f31d75f7b55d11cda77efb36ae10b3ea,0.0,0.9,19137905.85543848,4.0,1.0,1.0,1.0,1.0,9ba0fd57a71798fee3e3b1088e2135c0cd9f9f38fc3f234744905d7766ebc0c0,3,2,2,448cd2174e29cb811774b840731093c457d612b2a2ced6234863936360ca1e59,P4,1221347103.4974067,1221347103.4974067,0.0,5847904.467493804,0.0,5847904.467493804,h09,5,Katrina,1215499199.029913,13290001.387944674,1202209197.6419683,1797353966.028668,84603378.03571855,1.0,0.0,18747078.87622323,R0,False,True,10400000.0,0.0,0.0,0.0,NONE,False,False,0.0,9557344.06438629,0.0,133759286.626714,R0,False,True,74203378.03571855,1787796621.9642816,baf26a25d7701d3f1dd9c261fd0fa23c3b6fab31c16b5a9c7aee3fb8745fbcca
E2A_VACCINE_H0,LA-0123,123,7db26285aeb70f4f87f8b7ef0a039a3debdca506f3de3352f9fba7ef8f08efd7,M2,A1_FINAL_NO_MEMORY_V1,certified,PASS,,,36d457a59255899e79cd21e5a2f0a66cf7271669494c3027f20155c02a59152d,ca143425c5f552f0f2d66c27ba9835ff89e92d9ec14fd1df57844937130e4612,0.0,0.9,19137905.85543848,4.0,1.0,1.0,1.0,1.0,a8dcac2de0f318b8e38c51fdd9e6bdaf050f88f7cf981023d0a1dcf9704589ff,3,2,2,847b8d02cae1162e21ecf0b58a02e3c2fd4c2e63361e2521b6f198af1a63ef5b,P4,1220079012.1860561,1220079012.1860561,0.0,306928.7798553607,0.0,306928.7798553607,h09,5,Katrina,1219772083.406201,18830977.07558312,1200941106.3306177,1880950772.9651232,1006571.0992630926,1.0,0.0,0.0,NONE,False,False,0.0,10400000.0,0.0,1904037.2817990116,R0,False,True,1006571.0992630926,8550772.965123197,0.0,0.0,NONE,False,False,0.0,1862000000.0,22f92634870fe792df3bc6f435e40f1607946bf3da3d87bcebdae0d96c5c2d18
E2A_VACCINE_H0,LA-0124,124,7d1d5106634a8f9d6d47fe2a683ed3cc1824c2e131af21e856866c413fd221e1,M2,A1_FINAL_NO_MEMORY_V1,certified,PASS,,,961a47dfe4bef1a754f1647d871d302d232bfb362898074e973ed95b7c6ed77e,ab32023c6ae86d85b025ace5eddd34b14efc541dbd91555ace4ad4080da59cde,0.0,0.9,19137905.85543848,4.0,1.0,1.0,1.0,1.0,03af7cb20544f1ca67b542375d4e280e95928915aca95e0f2e532f624ffe3208,3,2,2,4814eba3cd684ca7e1302daf67850a76e326bb1eae1a9f81bdbe86534c4ae1ee,P4,1192424689.778955,1192424689.778955,0.0,625539.2848418904,0.0,625539.2848418904,h09,5,Katrina,1191799150.4941132,18512366.570596587,1173286783.9235165,1720202841.0861483,161754502.9782382,1.0,0.0,28153096.78053862,R0,False,True,10400000.0,0.0,0.0,0.0,NONE,False,False,0.0,9557344.06438629,0.0,409720958.70352507,R0,False,True,151354502.9782382,1710645497.021762,bcddcd9b654919383cbb082c74d0bd9e69972f96e7608acf5e5a835313cfdd7b
E2A_VACCINE_H0,LA-0125,125,52eceaf9a4f21c0efd8f533e64a335850220b66dc5611968b88e2f1b1741d654,M2,A1_FINAL_NO_MEMORY_V1,certified,PASS,,,545fbddd24bc03df82425268c7f4f357af4ea9fd01d7c31f43f71641a71882c8,2424923b0d7809c273a829206fc331abf73c414389c760bc5552dbbd28c40b19,0.0,0.9,19137905.85543848,4.0,1.0,1.0,1.0,1.0,f7b62a9eb566aeb25f53a67aa2c0d8e24acc249d0a2166137bac5e5d86dd7afc,3,2,2,397419f5be27a94413bf7ab82c697c154ae43d4aa96a4a72989fabf763c73c81,P4,1235797742.4830198,1235797742.4830198,0.0,5860880.851671719,851982.026171306,6712862.877843025,h09,5,Katrina,1229084879.6051767,12425042.977595452,1216659836.6275811,1774426818.63647,107530525.42791624,1.0,0.0,0.0,NONE,False,False,0.0,10400000.0,0.0,0.0,NONE,False,False,0.0,9557344.06438629,0.0,175051168.6147452,R1,False,True,107530525.42791624,1754469474.5720837,dea6f02bd607b1b41c8a1692a62d982f5ce0c3d39691bc88a81e00a561defb5c
E2A_VACCINE_H0,LA-0126,126,cd126e1ba3e7611b4e0b28132534d2a4168599f4657e0c890eead56f18930ac6,M2,A1_FINAL_NO_MEMORY_V1,certified,PASS,,,7f9896b73022fc7544e99f2337042c5850de72fb688610e668bee1e654bfbaa6,cdd604054319065f90b20c2c97d0b4f4e0b4fc9e6ab997e3ce07f8596ee124cb,0.0,0.9,19137905.85543848,4.0,1.0,1.0,1.0,1.0,8106f175d23b1447f1ec86306835ffd0124f2eab22d4ba0b66c5a78f0972fa3a,3,2,2,c4a57e8fbf317de93cd0d4f2c3551023ad8522be366e56e1f4a0aade1959af41,P4,1217161574.1674254,1217161574.1674254,0.0,1552039.4423502702,0.0,1552039.4423502702,h09,5,Katrina,1215609534.725075,17585866.41308821,1198023668.3119867,1786188981.6870608,95768362.37732553,1.0,0.0,13973279.075642237,R0,False,True,10400000.0,0.0,0.0,0.0,NONE,False,False,0.0,9557344.06438629,0.0,114699610.74316604,R0,False,True,85368362.37732553,1776631637.6226745,1a14c9e1d34e8bc6905a4cca1b3535933fc1ef2cf57c8c06c7c0434304dd30ab
E2A_VACCINE_H0,LA-0127,127,c8caf9ce6dd8547a5f94104adfef0dd9a11d31cd29f601d60e9b109d36fa88a1,M2,A1_FINAL_NO_MEMORY_V1,certified,PASS,,,a1978a0753b2157fbf70d852a1ba4fd8a19fb97b589515066a2053beb50e40b6,3a37a4be766ed6671d6d43f589e07d56a6a3772b471878d9e68474e77303ed41,0.0,0.9,19137905.85543848,4.0,1.0,1.0,1.0,1.0,8dda31381f11d95d505a6b3afe90d07e9f5aa933052669998b1ca251aa050e49,6,2,2,bc4d39db56e3f68cec96ba4b0cf1ec3ac7b789c091c551c5e087b64a5a53cc49,P1,1227524557.6984794,1227524557.6984794,19137905.85543848,0.0,0.0,19137905.85543848,h09,5,Katrina,1208386651.843041,0.0,1208386651.843041,1881084531.6873212,0.0,1.0,0.0,0.0,NONE,False,False,0.0,10400000.0,1375244.743851572,0.0,NONE,True,False,0.0,8684531.687321085,0.0,0.0,NONE,False,False,0.0,1862000000.0,a5c918ed0b358a15fc3115e1bd092c8bdc7a651211c39b295110fea5cd7a84f0
E2A_VACCINE_H0,LA-0128,128,4b9343b6385ee109a2550e921469caa559ff0ee750835bc13009661b165780e4,M2,A1_FINAL_NO_MEMORY_V1,certified,PASS,,,be05801218218b24da3a91b7990915988d2f2dc792c1b9b84772489cdc2bf2de,b9260345da62ad6e76eacdcf1018570d10ee3c2a8b8be600a7a9ed25f2201b72,0.0,0.9,19137905.85543848,4.0,1.0,1.0,1.0,1.0,813e1243b85f7e0dc193e2a976bdb62ef2c37844f5520a6ec8d7c46b2ce0884d,7,2,2,a6fb30ad4a5a367b0004097cc38e0f19d471c60500420718cd1744e97d7593af,P1,1229092089.1272416,1229092089.1272416,19137905.85543848,0.0,0.0,19137905.85543848,h09,5,Katrina,1209954183.2718031,0.0,1209954183.2718031,1881112692.283555,0.0,1.0,0.0,0.0,NONE,False,False,0.0,10400000.0,1375244.743851572,0.0,NONE,True,False,0.0,8712692.283554958,0.0,0.0,NONE,False,False,0.0,1862000000.0,a58c0a2cd8f0aae96c4ea62d95af32ba2f21e32e728e4ecc129d9b624f070823
E2A_VACCINE_H0,LA-0129,129,05d5177207c024ba14c28a7fb0c3c36ecc93815714c381fa57cfedd0ad5998f8,M2,A1_FINAL_NO_MEMORY_V1,certified,PASS,,,d82b7d438da7653af3e146755c5f9ee5c351e58a8ee28939f5a085ee3e45d9c1,0220d481b766747c017efd6d4a9d6f14ea5ccd98121ed045f4d5a73e93df5daa,0.0,0.9,19137905.85543848,4.0,1.0,1.0,1.0,1.0,2b0f5f6d786f7948fadf4a56ded6f1540296a72e5bb04f26388fcf546cf10424,3,2,2,b5abd48f9dc6191976a8226de705062f49f4f6767253de32e44f2db81719f64b,P4,1229414447.660951,1229414447.660951,0.0,7453661.423573011,0.0,7453661.423573011,h09,5,Katrina,1221960786.237378,11684244.431865467,1210276541.8055124,1757399250.289082,124558093.7753044,1.0,0.0,0.0,NONE,False,False,0.0,10400000.0,0.0,0.0,NONE,False,False,0.0,9557344.06438629,0.0,204193492.79758906,R0,False,True,124558093.7753044,1737441906.2246957,83fb7d8660420f58361383df1dce6aee442792da7432327498ab65b9441c767f
E2A_VACCINE_H0,LA-0130,130,a23a1e55059ccabde3c0bed4dd5c181ba6b67c09c1af7c664372b0d5924cf4b5,M2,A1_FINAL_NO_MEMORY_V1,certified,PASS,,,29dda828479f9b860cc6766f76b5d12018afc164099ab5b638769ee259cd0575,bd209afad61443991ae24eac50760d0f4718fce63e4aba780c7d9c8d89905af5,0.0,0.9,19137905.85543848,4.0,1.0,1.0,1.0,1.0,d02b4f2b80779c4c1186b660f57dc5d2fea2e3c56abc6f3c56267290f88236a4,6,2,2,329226da5bf776d12a7aae5bd25f3cddf77c547a124371f8c1f894421702e4b2,P1,1227743951.1006975,1227743951.1006975,19137905.85543848,0.0,0.0,19137905.85543848,h09,5,Katrina,1208606045.245259,0.0,1208606045.245259,1881088473.0749724,0.0,1.0,0.0,0.0,NONE,False,False,0.0,10400000.0,1375244.743851572,0.0,NONE,True,False,0.0,8688473.074972317,0.0,0.0,NONE,False,False,0.0,1862000000.0,38a8b72acc7f3a0fe462bc5beaf451f4a0bb09a48451c96f1c693f069d501798
E2A_VACCINE_H0,LA-0131,131,b93d2178146cb9352e1c27cd2b3df3c48d7a3c4be3e8b41ae42304e01d606dd2,M2,A1_FINAL_NO_MEMORY_V1,certified,PASS,,,f7628ac4c00b56b745f25688bc50d02ec33b3e232491a9cc75de85581f2956d2,bb8750910d61197847ac3dcc30df5306d7b2af257bdbc5bdecfc75a30ae9237d,0.0,0.9,19137905.85543848,4.0,1.0,1.0,1.0,1.0,44870a99a70ee749286cfb7d210a84b8508fd53d0f01049afaaf0218a2bf559c,3,2,2,5bcc0cd9be33beea4f0170c33255d693cbbea609da35f4ebcb6dd86bf45309fc,P4,1158034062.983481,1158034062.983481,0.0,2439450.761727964,0.0,2439450.761727964,h09,5,Katrina,1155594612.221753,16698455.093710512,1138896157.1280425,1628465146.9027455,253492197.16164082,0.9999999999999998,0.0,12392035.795709774,R0,False,True,10400000.0,0.0,0.0,0.0,NONE,False,False,0.0,9557344.06438629,0.0,289654539.3158453,R0,False,True,243092197.16164082,1618907802.838359,cd5e1c0657ca603403853283e8d39027efe3be8ff968fec7b22bfa88fee92001
E2A_VACCINE_H0,LA-0132,132,76d75825544741af7272815c5c1c85cde66749cf39e6556274449ad0761d176b,M2,A1_FINAL_NO_MEMORY_V1,certified,PASS,,,b517c1201801d8bfbd9906406251b7bb8cd23ab69819ca71f5802226c60f1e50,fe375bbd65c5120647b181dca303850b04fde8a9293f9e38109c61195c899f0d,0.0,0.9,19137905.85543848,4.0,1.0,1.0,1.0,1.0,35c5d3424050926c10ae71ceb55c73f213df2d71d20bf321033765e41291e289,3,2,2,548365b0e4b7f3f452b27b06db03938f03fbe5851f1b7c189c98a78ffef67353,P1,1234435001.4670796,1234435001.4670796,19137905.85543848,0.0,0.0,19137905.85543848,h09,5,Katrina,1215297095.6116412,0.0,1215297095.6116412,1871292730.2315974,0.0,1.0,19104021.75542917,0.0,NONE,True,False,0.0,0.0,486075.8094601182,0.0,NONE,True,False,0.0,9292730.231597463,0.0,0.0,NONE,False,False,0.0,1862000000.0,76e7fc60a1c5596af1705014c8196370f4bdc68a69643f6e0df1812003f593df
E2A_VACCINE_H0,LA-0133,133,3f3295e6536aadbf2750fe43fc1d6b54e9284bfb9fcba6c1c52c8ecc317417ea,M2,A1_FINAL_NO_MEMORY_V1,certified,PASS,,,0691c35641f84c3d0139b3d3f7bf4d5eaab66e9c1b6a6cb723e75620790cf54f,b915df65673778c07ae2bd0c679319bff728680064e2bc3903651585f577f6ba,0.0,0.9,19137905.85543848,4.0,1.0,1.0,1.0,1.0,91e61e8dadfd518282551861f8078f0e0f401b1d14a7652dd4d452e2e93c9a0f,3,2,2,a0b63c51652e6c8d04da55a4a84065453c0a8b43b780bae78ad3331909f9f786,P4,1232302084.8002093,1232302084.8002093,0.0,7221307.310813385,4919651.59386251,12140958.904675895,h09,5,Katrina,1220161125.8955333,6996946.950762579,1213164178.9447708,1765102080.8995667,116855263.1648196,0.9999999999999998,0.0,0.0,NONE,False,False,0.0,10400000.0,0.0,0.0,NONE,False,False,0.0,9557344.06438629,0.0,160927690.73374337,R2,False,True,116855263.1648196,1745144736.8351803,eb9e42a6039b1522eac183f54e0d10ca9f3f47bee108767b2cd2afb4df41a95b
E2A_VACCINE_H0,LA-0134,134,cba4baccfc14585d8dd0d9ed25dd947aef2d569a788af1d49c7c11869f9ca6b9,M2,A1_FINAL_NO_MEMORY_V1,certified,PASS,,,bde398e381ee8d22958b7202704110f5bc3c0b3edcb58ee09052c403eb822a3d,962eed676862bdd0b8c2443a2b8fb839fe616be544235381d8804afa05ddcf07,0.0,0.9,19137905.85543848,4.0,1.0,1.0,1.0,1.0,91266220415063aa5f4a37c661a1a76c355a890d6ba96410b328bf8c6d834094,3,2,2,0e43e55bbe7920d039fa4e18a32d1555304007ec5596d88682700027db7c3d22,P4,1221098301.5695791,1221098301.5695791,0.0,6952073.344752503,2776117.8707764256,9728191.215528928,h09,5,Katrina,1211370110.3540502,9409714.639909549,1201960395.7141407,1735215761.995837,146741582.0685493,1.0,0.0,0.0,NONE,False,False,0.0,10400000.0,0.0,0.0,NONE,False,False,0.0,9557344.06438629,0.0,233825397.96051437,R1,False,True,146741582.0685493,1715258417.9314506,a31f0fdbfbaf8786a65fced0ebeb27d8b08f9558ee0003c2ed22979f9e1e00b9
E2A_VACCINE_H0,LA-0135,135,2d0ff6badf2b9579aae6f32f41972f323d0d47c4a13bbe2a0ef78ba14604d799,M2,A1_FINAL_NO_MEMORY_V1,certified,PASS,,,c4b020cb09b131a9520052c8244bc83f1329a70bf2aacdd035039f39cf169924,2b9e667dc948114fb0d645e63e47e20a3c7a30ab0c6f3215f6994e448e00d99d,0.0,0.9,19137905.85543848,4.0,1.0,1.0,1.0,1.0,112f47eac369191b501df2a5ee066f67da23b2a92530c5ff189faf6738e765eb,3,2,2,5725260125363154f9256438c99df39d7182b4f4f7d827a3e0b76dfbc4b0a65f,P1,1223622066.3979285,1223622066.3979285,19137905.85543848,0.0,0.0,19137905.85543848,h09,5,Katrina,1204484160.54249,0.0,1204484160.54249,1871098476.583474,0.0,1.0,15168349.095065234,0.0,NONE,True,False,0.0,0.0,669255.9748896756,0.0,NONE,True,False,0.0,9098476.58347388,0.0,0.0,NONE,False,False,0.0,1862000000.0,040e6c5402449f2017015fd85ce4c4f022e35df57827e561467dac071c38c8e4
E2A_VACCINE_H0,LA-0136,136,14e1731a17ead415c1a77c1f3e74fd6840c26712aae79ea5179cfe08ef4713b4,M2,A1_FINAL_NO_MEMORY_V1,certified,PASS,,,d0c6a17104ce6f61a8f54dd988d59f5fe99d65d9737feb41e1cd331542b40246,a1772541079445e1262bc29a73b8e2bb4f5a89010e0afa4bdf02a685d16d31e9,0.0,0.9,19137905.85543848,4.0,1.0,1.0,1.0,1.0,3f05517550e10febe1e6052a3753ea0e6716fbf175c2ff029f9b454a1517cedd,3,2,2,6ff306ecc89ec30aab4a09a5fabd8ba1df35224234ff199e68880972d9f714b7,P4,1226017607.4508903,1226017607.4508903,0.0,4955022.390683292,552507.0505274447,5507529.441210737,h09,5,Katrina,1220510078.0096796,13630376.41422774,1206879701.5954518,1881057459.4279149,899884.6364714459,1.0,0.0,0.0,NONE,False,False,0.0,10400000.0,0.0,1301238.6565453643,R1,False,True,899884.6364714459,8657459.427914843,0.0,0.0,NONE,False,False,0.0,1862000000.0,c80a8bb27da0644293010052740d106b00417dfbe818b39b395e9ae34ba1464f
E2A_VACCINE_H0,LA-0137,137,27228fea8d30706dd9daa787dd8b79b9746191a4e48698afd06c19ab83cbd9ba,M2,A1_FINAL_NO_MEMORY_V1,certified,PASS,,,cf049fd51de55dd2c401cf688bdb86434f674dca57f88ea058082984815322dc,877dfdd367a5b83e8788759d15b184d41617f7af569c3fa06712285c8d1530b6,0.0,0.9,19137905.85543848,4.0,1.0,1.0,1.0,1.0,121fb9df83c18a3c0369d903e4c5b5d0da330d65d1c2dbc3c94a04a4be4e34a3,3,2,2,6b1dd26c61435a4cec97136f62a0d94f5dec277a280c769f16658e81d30042bc,P4,1227097267.6209898,1227097267.6209898,0.0,6545214.618247854,4631358.937552633,11176573.555800486,h09,5,Katrina,1215920694.0651894,7961332.299637992,1207959361.7655513,1751218125.555938,130739218.50844845,1.0,0.0,0.0,NONE,False,False,0.0,10400000.0,0.0,0.0,NONE,False,False,0.0,9557344.06438629,0.0,163135611.84714627,R2,False,True,130739218.50844845,1731260781.4915516,9a604db6bd7c5476963e6da4e247614e79c6d6ae7bbbb073ae8c4801a21a5fcf
E2A_VACCINE_H0,LA-0138,138,0e63223b21ebec1fcb42a54f90493ae49725d226d80e7aa01a8a75182c17063e,M2,A1_FINAL_NO_MEMORY_V1,certified,PASS,,,b7624611542c09c88f24c3173be97140e777d5248342816e486b912abc2a7e1b,f6a8e25a8e18a9e8c10922f1e97f72560826a55f6490571e8c89afcdb69579f5,0.0,0.9,19137905.85543848,4.0,1.0,1.0,1.0,1.0,6cbc8434623185b8bcea94a1619c243c364a255264bcf61186246784936f46b4,3,2,2,7dd62ac7d7d2c0001be4bf7b3c6be846ec95434d70294ee39ea01bcbeed462af,P4,1156151752.9096365,1156151752.9096365,0.0,2935336.7935338533,0.0,2935336.7935338533,h09,5,Katrina,1153216416.1161027,16202569.061904624,1137013847.054198,1869886376.9591513,12070967.105234988,1.0,0.0,18570348.83691644,R0,False,True,10400000.0,0.0,0.0,2983696.3499255953,R0,False,True,1670967.1052349883,7886376.9591513015,0.0,0.0,NONE,False,False,0.0,1862000000.0,66dbab644873557a94faa14a8383a2170f25cc2c482e41282f2b24073f30b40a
E2A_VACCINE_H0,LA-0139,139,e8d86725609f7aab00e21e6616ae0b9ef2d81c4d54b03a6855e21b0684080b1f,M2,A1_FINAL_NO_MEMORY_V1,certified,PASS,,,604bb62cc2cc8e842e91e8891843a69fcff4517f16f0f2978a0ba9f41f247276,aefd8614734c8b982e1b3ba053363e80724752da4d25d0d5530abb3cfa1e184b,0.0,0.9,19137905.85543848,4.0,1.0,1.0,1.0,1.0,c352111f8e7af0a122747395b3951b842a0e0ee84745e35766f52be34af65464,3,2,2,862eb21dbe4c56336451c9648753c656e094ab6a932969c96350d41dbc903038,P4,1231130932.103386,1231130932.103386,0.0,10766563.163629794,0.0,10766563.163629794,h09,5,Katrina,1220364368.9397562,8371342.691808683,1211993026.2479475,1881149319.9599013,808024.1044849651,1.0,0.0,0.0,NONE,False,False,0.0,10400000.0,0.0,1907167.3925799313,R0,False,True,808024.1044849651,8749319.959901325,0.0,0.0,NONE,False,False,0.0,1862000000.0,5ebea204194c320ecf333075e98f4a2151aba18fe207ef7580b763be718bbc66
E2A_VACCINE_H0,LA-0140,140,6a963df29f758b8110288d1c0b1c81706cdf15bf4d34b3231109c25b36aee0ac,M2,A1_FINAL_NO_MEMORY_V1,certified,PASS,,,c3ac487816b91d1a9bf21370ddbfbd2f63f6c6a53d0c791e4617b88bf561f454,e7d025a19e180313f2233727477e2725de2e605115702b886887006e10ff3206,0.0,0.9,19137905.85543848,4.0,1.0,1.0,1.0,1.0,091f83cdf072b876277dbd95523139a42a03835305575800158b009af16d9ef8,3,2,2,58c1f33ffe96dc99fcccb8d588bf4bff72c3a2846427862d93fc66d4f5a84c20,P4,1223976332.773505,1223976332.773505,0.0,4162132.760777355,0.0,4162132.760777355,h09,5,Katrina,1219814200.0127275,14975773.094661122,1204838426.9180663,1804367488.4254296,77589855.63895676,1.0,0.0,16391890.395495892,R0,False,True,10400000.0,0.0,0.0,0.0,NONE,False,False,0.0,9557344.06438629,0.0,105900841.28105487,R0,False,True,67189855.63895676,1794810144.3610432,d684c9fe5b6c36737c79f8cddacfee36cc54a032a5c04a29c9705864ba726981
E2A_VACCINE_H0,LA-0141,141,c190377fd263d9d2c3b5a497906a09304bdf784fbab8de4fc3061d36f781991d,M2,A1_FINAL_NO_MEMORY_V1,certified,PASS,,,ff46d08203a6ba2220f05871cef64d715761984e2eacb7d2f6508703a41ac55a,44626eaa8e784f27a754b856b4d8a09f49856dba8b7f247e6167effd11670da3,0.0,0.9,19137905.85543848,4.0,1.0,1.0,1.0,1.0,925e7c1071bc0d94676b4dbe70208b3998fbabe217155c51619b2d1152c5b387,3,2,2,52ba528890711f1887d8b86050b38526a040d21a992cf74989c188cdf10188a7,P4,1229351255.6112618,1229351255.6112618,0.0,6394233.42472314,1689104.5764741737,8083338.001197314,h09,5,Katrina,1221267917.6100645,11054567.854241164,1210213349.7558234,1757230684.215434,124726659.8489524,1.0,0.0,0.0,NONE,False,False,0.0,10400000.0,0.0,0.0,NONE,False,False,0.0,9557344.06438629,0.0,158467296.33812925,R1,False,True,124726659.8489524,1737273340.1510477,12bde2e466d61097731118593ffa3f551366a5281fa0c3eea459372b9151aa47
E2A_VACCINE_H0,LA-0142,142,0a02aed634c7110f31eba62b260cc250260ad14398df08c44b842077ff8a3312,M2,A1_FINAL_NO_MEMORY_V1,certified,PASS,,,09fc288b9bb7cb90f2af244932388c1c3c2590c15aec55906663c2ab2094b8d1,27e7bc719eb01d3827ebfab02f9435a56a4527b3526aad82ba0dd1a639bb262d,0.0,0.9,19137905.85543848,4.0,1.0,1.0,1.0,1.0,c604347b84e3e9d46f330514657ae50906e954f97920b92bd4c85dca8c1f5bc3,3,2,2,39b31b41320d9475488fece6b6e3f76b2a71d4bb0dec3fe4579e275708844e93,P4,1202376001.5954041,1202376001.5954041,0.0,210779.70219186333,0.0,210779.70219186333,h09,5,Katrina,1202165221.8932123,18927126.153246615,1183238095.7399657,1685273647.2546532,196683696.80973318,1.0,0.0,0.0,NONE,False,False,0.0,10400000.0,0.0,0.0,NONE,False,False,0.0,9557344.06438629,0.0,269163088.5233014,R0,False,True,196683696.80973318,1665316303.1902668,180eb0779b817eb56ed029f0c6b03d76f57425d370e27d062815b047a40142d1
E2A_VACCINE_H0,LA-0143,143,3ccf529ea0bd28947c797972a381e51d779f0f26825b72909923b36a2b8f0e4b,M2,A1_FINAL_NO_MEMORY_V1,certified,PASS,,,c43842d0c135f19776af58720b5f91f718093fc6d47facaf83330bcf2a942ba2,e7b709f982ad9e147214e0f6f1be8047eb2e1eac42399b2315c9d8875e51cab0,0.0,0.9,19137905.85543848,4.0,1.0,1.0,1.0,1.0,b00187d9636f8374e4f33a82dce2fff6f9aa8e144a0bf3d85e0f728f63ca55b1,3,2,2,e0566074f4b4ff31f531246b4553d2e3dad1bf2136db2903059684f0b9587d97,P4,1226282798.5340583,1226282798.5340583,0.0,2922955.2598344265,0.0,2922955.2598344265,h09,5,Katrina,1223359843.2742238,16214950.59560405,1207144892.6786199,1749045512.7546911,132911831.30969533,1.0,0.0,0.0,NONE,False,False,0.0,10400000.0,0.0,0.0,NONE,False,False,0.0,9557344.06438629,0.0,187640551.11906806,R0,False,True,132911831.30969533,1729088168.6903048,65cbb3d607054c294443652a532fa58a270a5ad0153f4b2cfe482c65a33bed52
E2A_VACCINE_H0,LA-0144,144,9079e5fe82b1645513ec3070f0e833cc0b367949c4c0c614f7d52c80b87709ab,M2,A1_FINAL_NO_MEMORY_V1,certified,PASS,,,226fe8677da107ed12079994b700bf3a9ce5f44dc370a7efe27585d70438f4ee,218160ffc14b48fa789b79ad94ae263c20f54a330324d2865a1873f40077742f,0.0,0.9,19137905.85543848,4.0,1.0,1.0,1.0,1.0,da51c0a5b46de23e602a3a3d0e3fe49d0f650dd18cfc372f35d24ee3a10e11bc,3,2,2,bcd6b5704f9dee1e2af76b632e6147cd4e4bb3d34beb7b1398055fb8c393a4e8,P4,1214944305.717354,1214944305.717354,0.0,3690796.4265570105,0.0,3690796.4265570105,h09,5,Katrina,1211253509.290797,15447109.428881468,1195806399.8619156,1718799853.2991207,163157490.7652656,1.0,0.0,0.0,NONE,False,False,0.0,10400000.0,0.0,0.0,NONE,False,False,0.0,9557344.06438629,0.0,236374946.51891434,R0,False,True,163157490.7652656,1698842509.2347343,9140e34fc518fc69a096a507375fe2f49a2a3473234f7b1b68993515d59e2389
E2A_VACCINE_H0,LA-0145,145,48d93c2d7a022271bd3a828c93f4edea50a4971ca346ffa3fdaf294c558926e2,M2,A1_FINAL_NO_MEMORY_V1,certified,PASS,,,5350468852e1a121e7f02663aee1a636b374e1534b47f8b4814f96ec437ace5a,7dbb552bff3f7e06ced15c07c42719de411d8fce1d302d1e580dc03e26e9d0af,0.0,0.9,19137905.85543848,4.0,1.0,1.0,1.0,1.0,94d0f11f8b9f31c0f4958094d85ab4c0e63696d8e8d30a4e58dc4818a872e81b,3,2,2,ac5487b0e5e72c2b68cd849d30eed6c4da515805b7f79dc150f1424fef47f656,P4,1214756458.9816096,1214756458.9816096,0.0,7025459.952824262,0.0,7025459.952824262,h09,5,Katrina,1207730999.0287852,12112445.902614215,1195618553.126171,1718298768.3232763,163658575.74111012,1.0,0.0,0.0,NONE,False,False,0.0,10400000.0,0.0,0.0,NONE,False,False,0.0,9557344.06438629,0.0,198722606.43407604,R0,False,True,163658575.74111012,1698341424.25889,9abe586335905bfef2627bf1f9cb102d7964aef6e2d70ede57e655e6d1987415
E2A_VACCINE_H0,LA-0146,146,9fc956653a31aec1282b742c24601978481a47163bd9f378ea475db8dbcb6ec0,M2,A1_FINAL_NO_MEMORY_V1,certified,PASS,,,4280cc5cc704d844827dafae2a214121ffe2a764469cd454c64e4a2e9372a953,ca3ec62d46daba8bb10a23780e7356af4b4c878c874120399fbcccc172dbc223,0.0,0.9,19137905.85543848,4.0,1.0,1.0,1.0,1.0,3eebb5ba9fa8e541620fcf1184b916c3685be42500490ecc563edc634b458a86,3,2,2,479cd1f3caf425c0bb9829d8de43bb4b9eca50b1a68b477e6f9346157f1614c1,P4,1179471464.5032446,1179471464.5032446,0.0,4649925.480221828,0.0,4649925.480221828,h09,5,Katrina,1174821539.023023,14487980.37521665,1160333558.6478062,1870305314.0027273,11652030.061659105,1.0,0.0,21149239.05305037,R0,False,True,10400000.0,0.0,0.0,2546104.1418878646,R0,False,True,1252030.0616591044,8305314.002727185,0.0,0.0,NONE,False,False,0.0,1862000000.0,5ddc6a003983afd2c6e35b858f40b1aa8db7c0df9f0813c310ad286885c5d6cb
E2A_VACCINE_H0,LA-0147,147,4957ecd7a5b1e3e78350f8920ef8c1313ad193aade70e0a1411a60095c8e4f1f,M2,A1_FINAL_NO_MEMORY_V1,certified,PASS,,,807b3dd41cf6fa28b7f2e5c125d61013d7bc91e08f98bc479326242c4226fd98,df2c47d201b0157c91aad7f2fbb77ffd5b8fe66f5626ea5bef5b45a703c6c2c2,0.0,0.9,19137905.85543848,4.0,1.0,1.0,1.0,1.0,fb700e309dcc0325c98d305ad6ff34b47d89445f34add2df94ef17e5f7c52a20,6,2,2,e5f2290120294463ee174d981cf99b779f2aef953546fa061d67087cefd89f2b,P1,1222578937.0823545,1222578937.0823545,19137905.85543848,0.0,0.0,19137905.85543848,h09,5,Katrina,1203441031.226916,0.0,1203441031.226916,1880995683.9470198,0.0,1.0,0.0,0.0,NONE,False,False,0.0,10400000.0,1375244.743851572,0.0,NONE,True,False,0.0,8595683.947019905,0.0,0.0,NONE,False,False,0.0,1862000000.0,434eb062e5f76b4473c488a339152577dcde28cc883f867560b2aa253f3cc0de
E2A_VACCINE_H0,LA-0148,148,7151e912cd4a11e3ecf51701a50a70afb496f08ac17c31ec24434fead2eac7fd,M2,A1_FINAL_NO_MEMORY_V1,certified,PASS,,,5962754aee9e32e19f81816cc3419967866801b3a5cbbe1f8a718672a83a7c57,02cf3e213965b52416d4cc06db651e7a6598e5563a55e7a199c466e6a67ce357,0.0,0.9,19137905.85543848,4.0,1.0,1.0,1.0,1.0,77eac6e6b5158000f2866cf3185ef343ff0d7e422b5d95f8ccb22c1c375db2cf,3,2,2,b12c5f8dda1ff1d6144693875b78fd0df17bea400b8535da466a084f4833da21,P4,1237050663.6348436,1237050663.6348436,0.0,6218638.30879087,0.0,6218638.30879087,h09,5,Katrina,1230832025.3260527,12919267.546647606,1217912757.779405,1777769011.209624,104188332.8547623,1.0,0.0,0.0,NONE,False,False,0.0,10400000.0,0.0,0.0,NONE,False,False,0.0,9557344.06438629,0.0,134080467.9226798,R0,False,True,104188332.8547623,1757811667.1452377,4cba41e96825eb83c7fd7ef0a39ab8d3b230349e9d0dc70cc128b5e0df2cd36d
E2A_VACCINE_H0,LA-0149,149,3191c1fb0ab074cb6835832ca5798d4e1f0f4d0b8aa3383dd32f2cfaa08942de,M2,A1_FINAL_NO_MEMORY_V1,certified,PASS,,,12942c160fb8e4abf6ab53ae6e8fbc72f0f153e0e09eb6fa9c20805f5dfb0318,179e0f1263d2ec26e7d66656022109889cab6a1cbbdf69bcef292c6b36f114c8,0.0,0.9,19137905.85543848,4.0,1.0,1.0,1.0,1.0,89ff8cce1d3bd5818ad4ba53a0dd1d28f6677d9c90aa9e7d4a6cd7445eba5a7a,3,2,2,45224ac833d0132c5ad202f065545a7a8b086f6354412e547736fb8cf8eec52f,P4,1233994653.6521556,1233994653.6521556,0.0,5942729.279559389,525563.4164373314,6468292.69599672,h09,5,Katrina,1227526360.9561589,12669613.159441758,1214856747.7967172,1769617042.6258423,112340301.43854402,1.0,0.0,0.0,NONE,False,False,0.0,10400000.0,0.0,0.0,NONE,False,False,0.0,9557344.06438629,0.0,132883749.11941375,R1,False,True,112340301.43854402,1749659698.561456,00cf8c85e82feae6e19a212005753fa78f8359bd1d3b081473722f7805128692
E2A_VACCINE_H0,LA-0150,150,57e4ffc89d313dbacf36d4c5948ba60e18d918df4f9d44ec547bfd96ad560683,M2,A1_FINAL_NO_MEMORY_V1,certified,PASS,,,4232dbd4504c0d5ca19a3c942d45d67d61ca2f2c0daaa0ca58c181f5f56d95d1,c665154c98d207533ea39259340b4b23fab0c09c938da4e7f01a76403bce88c4,0.0,0.9,19137905.85543848,4.0,1.0,1.0,1.0,1.0,7a33561a3f64aa8179eefafbc3a40a3827f886033dec8c91265257786ec7c773,3,2,2,74deea0b3ae779a8efb5c6a90366ac7c8f1db6e7d37dc80cd8257b7bb183375a,P4,1220174869.9899292,1220174869.9899292,0.0,3761298.8791856947,1043212.4280277477,4804511.307213442,h09,5,Katrina,1215370358.6827157,14333394.548225032,1201036964.1344907,1880952495.0440948,1004849.0202915305,0.9999999999999998,0.0,0.0,NONE,False,False,0.0,10400000.0,0.0,1517763.6106366196,R1,False,True,1004849.0202915305,8552495.04409476,0.0,0.0,NONE,False,False,0.0,1862000000.0,2554c65e8c2df0a7636d966beb37928bc4dd598797eabde19d7985cc1b260679
E2A_VACCINE_H0,LA-0151,151,ae26106cc1d3fb1fef79b55166ed3410fe388b2aba94748bc9fc596a74275a88,M2,A1_FINAL_NO_MEMORY_V1,certified,PASS,,,faaa0fd8789aed1e30d0748c1d1fb118463f784b7b26686dd5c08c2c3fcc4a66,de20dd497d857be87094831ea37fe9e68b6f4a120188a2d9b5324bc984005232,0.0,0.9,19137905.85543848,4.0,1.0,1.0,1.0,1.0,6994db4b2ef4cc4706831309abfbb83a30ae3e24d26af0297cf311400ab9552a,3,2,2,4cc143e44d191e96e4be7332dc4810eaa053ababc3bd119a546b7b88a0d2a67b,P4,1206746472.6403644,1206746472.6403644,0.0,5423098.598350272,0.0,5423098.598350272,h09,5,Katrina,1201323374.0420141,13714807.257088207,1187608566.784926,1758406487.2166681,123550856.84771836,1.0,0.0,33524241.3940342,R0,False,True,10400000.0,0.0,0.0,0.0,NONE,False,False,0.0,9557344.06438629,0.0,364740061.43314594,R0,False,True,113150856.84771836,1748849143.1522818,40ed603b959e4e88e8dcc98b4bb19af41c41782bf224cbc3fda48fe6d42a60e2
E2A_VACCINE_H0,LA-0152,152,5eb7ad53744eea62f3b6cf9739623594810e3eefde14ccb640914b95f60136e0,M2,A1_FINAL_NO_MEMORY_V1,certified,PASS,,,c81233a491df41d3bf2a51951b25047e345034edc31cc4c6403c505f1732f70a,e9ba276106c6b800a6702350cc68bded2968ea9aa509be16d7c9953a101b655a,0.0,0.9,19137905.85543848,4.0,1.0,1.0,1.0,1.0,ad765e61d3f31a0b1791491be535e5dc9313d6f12cfcd9fb1b40815f6c51303d,3,2,2,4d5d9e960bf15ecf8095195082c1d51a9da68408c1ce30cbba19bff9ea207c31,P4,1219893533.8544695,1219893533.8544695,0.0,21438.498271422555,0.0,21438.498271422555,h09,5,Katrina,1219872095.356198,19116467.357167054,1200755627.999031,1793476539.5376916,88480804.52669466,1.0,0.0,21090510.780056715,R0,False,True,10400000.0,0.0,0.0,0.0,NONE,False,False,-9.840161734739983e-11,9557344.06438629,0.0,158342697.07555336,R0,False,True,78080804.52669466,1783919195.4733052,d39e2597afd7b5846d450676452280e5f6d99493807dd7e77fc32298f7327d2e
E2A_VACCINE_H0,LA-0153,153,2d9932a34bbbb835b65b028a931d0a9429b078e57196e5e078562229bedf0996,M2,A1_FINAL_NO_MEMORY_V1,certified,PASS,,,0f3bace94ec0f6fe218fd9529d3200cbaedba9ce062ecfe7b5f8b1f635e2be4e,c51092cae0154ad9fec919ed9aeefb830b8c38e76655695c351b21e29bb1e058,0.0,0.9,19137905.85543848,4.0,1.0,1.0,1.0,1.0,f19aeb8f527f11de333b7782efc989a415dc81aff2b4d59b997d8d80b008512e,7,2,2,1b43a8c53948b08e45801df0e149d45c9660884b26fb80e6df2b6fe504eb506f,P1,1229721888.8535838,1229721888.8535838,19137905.85543848,0.0,0.0,19137905.85543848,h09,5,Katrina,1210583982.9981453,0.0,1210583982.9981453,1881124006.593097,0.0,1.0,0.0,0.0,NONE,False,False,0.0,10400000.0,1375244.743851572,0.0,NONE,True,False,0.0,8724006.59309689,0.0,0.0,NONE,False,False,0.0,1862000000.0,fe0a5017cfb98aa21f0a47bd488d6f3c6ad79d75e9dc0a5c256a89c62f0b6fa0
E2A_VACCINE_H0,LA-0154,154,5981ad8affb88f959adca326eb83e0af7dd4423a088a27b5f5768e1cf89564db,M2,A1_FINAL_NO_MEMORY_V1,certified,PASS,,,66a64890e9a91280e0fd958a1f41499eedeeb9a84043420fd974307597842aa2,a6f69110b720d141f7ddc37efd4acd29c3962d1248814b788856be62c18c4399,0.0,0.9,19137905.85543848,4.0,1.0,1.0,1.0,1.0,d47eed5393bac67d17408914d5813faa038d62d3c84daf65829034e002b0b09b,3,2,2,2d3e7ffab6cb46acee49a18a14cfcd4640fd8c287dfa45010fac49dbdf0a64d5,P4,1237893322.447176,1237893322.447176,0.0,5082622.089987478,0.0,5082622.089987478,h09,5,Katrina,1232810700.3571885,14055283.765451,1218755416.5917375,1881270805.8456407,686538.2187457049,1.0,0.0,0.0,NONE,False,False,0.0,10400000.0,0.0,903522.4851846928,R0,False,True,686538.2187457049,8870805.845640585,0.0,0.0,NONE,False,False,0.0,1862000000.0,c834366ab47864763c340f56ba5afc40b46f6833561bfa62b1dc1db50cca5bd5
E2A_VACCINE_H0,LA-0155,155,3fcc4dd2753474d68cd851d15eacac48c7d042ba2135fbd7e11dc71542591490,M2,A1_FINAL_NO_MEMORY_V1,certified,PASS,,,fa627f031084734cab8ed710a5f3bca347ef9f2e8973a9da4d32f88669b55487,416e343a7653a26cac05db415364c8aeb699e3587e3a48a3146c75de39202f95,0.0,0.9,19137905.85543848,4.0,1.0,1.0,1.0,1.0,bd3ae10b68a187ea7aeccee36c91025c8293b7f112644d8db1773912f2496772,7,2,2,6381b30f0e8cc6ec210e798c6b4ee7367c7a61aa5df9551d2dca9569f881d920,P1,1223687694.0594335,1223687694.0594335,19137905.85543848,0.0,0.0,19137905.85543848,h09,5,Katrina,1204549788.203995,0.0,1204549788.203995,1871099655.57998,0.0,1.0,15187338.842243215,0.0,NONE,True,False,0.0,0.0,668372.1246994501,0.0,NONE,True,False,0.0,9099655.579979789,0.0,0.0,NONE,False,False,0.0,1862000000.0,989f18e7630b9561d3ff5ecd92444a1ff2de0db43af14ce45117adb65b45ced1
E2A_VACCINE_H0,LA-0156,156,ede0f25f8a6b0fd60df144524ba4d02e2a103ff7991cd5634de5358915c8e124,M2,A1_FINAL_NO_MEMORY_V1,certified,PASS,,,88ec0c2e14b4e86c26de17db49c098095c2a533a5eda8826b09559855c8f5de7,004c3eabafc380cb4b7d793257d1ba99c71d55d81f0ad0f309732f642b8b4ea6,0.0,0.9,19137905.85543848,4.0,1.0,1.0,1.0,1.0,dedd820b3ef1c79caed24fb0e6696b435188d6ce204dac4dbdd5e32c2ee8ef29,3,2,2,486836e861c46a269adce0385481a7fe6f6d7d90b79b57ce79a96d730617e210,P4,1211256881.525067,1211256881.525067,0.0,2886716.4872721597,0.0,2886716.4872721597,h09,5,Katrina,1208370165.0377948,16251189.368166318,1192118975.6696286,1770438094.3568275,111519249.70755878,1.0,0.0,18133780.81562015,R0,False,True,10400000.0,0.0,0.0,0.0,NONE,False,False,0.0,9557344.06438629,0.0,176314837.54200315,R0,False,True,101119249.70755878,1760880750.2924411,3c46574c49c7de7736b21674bec113f7e1d479ea9ca16ce99f79958ab6728b36
E2A_VACCINE_H0,LA-0157,157,eb13590194231cb222310ab6327794ae2094891636f388dc0ab04527ffa8f25f,M2,A1_FINAL_NO_MEMORY_V1,certified,PASS,,,e5de9ad3f1193f1738fe26cd69c1b7e6350cf1b6e4e0ef95d7fa64584ac50fd0,ce87417a3cb6bd73abcbfc08827489218b6b23d87e5d5a6141b2f6e7b72c8b2c,0.0,0.9,19137905.85543848,4.0,1.0,1.0,1.0,1.0,af3e9b58547f36cf15bfe123361b59e10f06510e513c3cee8e732860a19743fd,6,2,2,28fa2ebff55c9b1f0f3aac1b99a384bb226ed6f6d692b378d422ee7778d8f192,P1,1225853991.9902806,1225853991.9902806,19137905.85543848,0.0,0.0,19137905.85543848,h09,5,Katrina,1206716086.1348422,0.0,1206716086.1348422,1881054520.0872169,0.0,1.0,0.0,0.0,NONE,False,False,0.0,10400000.0,1375244.743851572,0.0,NONE,True,False,0.0,8654520.08721691,0.0,0.0,NONE,False,False,0.0,1862000000.0,b3fc7ba38fd08411cd5749ab514c37fec15ea193bf375978df3340d01e6a1013
E2A_VACCINE_H0,LA-0158,158,c6bd2306267b0f1e89480d80c036f99276c0b35c952949b54d672acc747becdc,M2,A1_FINAL_NO_MEMORY_V1,certified,PASS,,,6c4d64fb0aa9a84f21b10a99fc91a7b33df5f4945680a97248fa327a2a53ad1a,4085c3dc99e2514d3f81c2e19b8c739997c773083686e08d19f44ee173183096,0.0,0.9,19137905.85543848,4.0,1.0,1.0,1.0,1.0,50b65f4a58a93cc542c0e3c918674d2295e640f266c57a1192d82d30c15dd328,3,2,2,cb078feb7c77a925fc10e52fd3860e9c9b8f7437571bbdf8e03330496cc9c1a7,P4,1220388424.994921,1220388424.994921,0.0,5239685.072795036,0.0,5239685.072795036,h09,5,Katrina,1215148739.9221258,13898220.78264344,1201250519.1394823,1733322151.8414984,148635192.2228879,0.9999999999999998,0.0,0.0,NONE,False,False,0.0,10400000.0,0.0,0.0,NONE,False,False,0.0,9557344.06438629,0.0,311333703.0144597,R0,False,True,148635192.2228879,1713364807.777112,96820d798bb449a138f054feab90481262ebe1b57643b08fbab276d561f402e3
E2A_VACCINE_H0,LA-0159,159,4c8693058e00d4e117f1a8fa3857c25422ab10524aaec91de6b0b43e4b441543,M2,A1_FINAL_NO_MEMORY_V1,certified,PASS,,,1efd205004e98aa806bc217543052e7a201bc78fdc9283c51537e21c9549868e,d1ac9c4c240008639acb29073c96124dd368b49475257199472784c9c6252884,0.0,0.9,19137905.85543848,4.0,1.0,1.0,1.0,1.0,54385a690b0fb82a2581e51b31116f97aefaf4d07e986124bd2c495ca70dd5ca,3,2,2,c705f2ca9bd83c1206b03d5ce9cc23f1c05e99a6cb83cf3f28c01fc75a3e6175,P1,1220590171.8167732,1220590171.8167732,19137905.85543848,0.0,0.0,19137905.85543848,h09,5,Katrina,1201452265.9613347,0.0,1201452265.9613347,1880959955.913361,0.0,1.0,0.0,0.0,NONE,False,False,0.0,10400000.0,1375244.743851572,0.0,NONE,True,False,0.0,8559955.913361141,0.0,0.0,NONE,False,False,0.0,1862000000.0,2d60a579bdcc29fda2aa009cc125c2cedf91c9f6191a7ba14e0a7a0795b5efe6
E2A_VACCINE_H0,LA-0160,160,186f6b0d3f8d1f7d34c64669776d4c85647be2b2932361e1e13bcb2b6825d911,M2,A1_FINAL_NO_MEMORY_V1,certified,PASS,,,aa2b075aa84fe6c4ca01dc42e0c3ee6d9c8a2ce5e29d58c97d9a493731ff21ac,66bcd93a4ded11b55ac4f9c36bf9bb6912e6a7963f6d986fcd7d0491ace93b9a,0.0,0.9,19137905.85543848,4.0,1.0,1.0,1.0,1.0,9e821626a2395d3c4afb65bd4e39dc2a3fe93bc7304d49be00d4e8069d2ff758,3,2,2,959b19158eeffbad1bf7e894e62d3c58547bf12925ce96f5ac832ca2b1c4244b,P4,1221521294.9646144,1221521294.9646144,0.0,4708124.2496110285,0.0,4708124.2496110285,h09,5,Katrina,1216813170.7150033,14429781.605827447,1202383389.109176,1870276721.8260007,11680622.238385588,0.9999999999999998,0.0,0.0,NONE,False,False,0.0,10400000.0,0.0,1141434.1214346515,R0,False,True,908111.0212297908,8649233.043156499,0.0,13540317.85689309,R0,False,True,10772511.217155797,1851227488.7828443,9a8acfa884bf04f92bde2536a21ff088a0b161a561656962f7f15a1be6c6ad16
E2A_VACCINE_H0,LA-0161,161,c4e9e4b2097005b797ccdf40c9f33dd8383da789d894125b5e3589586824439b,M2,A1_FINAL_NO_MEMORY_V1,certified,PASS,,,1f16cd9945532dbf012c1512e958632a2b4775b177b07c13ff17a8c93d28bfed,6f94d4fc0fd810a17b4127d1e28e0df7e6e55eb6fefe170a86787dc6b1686d46,0.0,0.9,19137905.85543848,4.0,1.0,1.0,1.0,1.0,2b41cbec4db00d84bb76ebc8488c77e38a7df44976851577b6edb295015d81f2,7,2,2,906a1674460ef820dbe4a12fcd8b50e2bf12850133bdd2db2e11147788f606cc,P1,1226048832.8222713,1226048832.8222713,19137905.85543848,0.0,0.0,19137905.85543848,h09,5,Katrina,1206910926.9668329,0.0,1206910926.9668329,1881058020.3896024,0.0,1.0,0.0,0.0,NONE,False,False,0.0,10400000.0,1375244.743851572,0.0,NONE,True,False,0.0,8658020.389602488,0.0,0.0,NONE,False,False,0.0,1862000000.0,5dafc3d82d13002406b231e88589f994a2aa8d899319cdcd39f579ab0cbdda8f
E2A_VACCINE_H0,LA-0162,162,17d7974661c5e9b889c1fdc7d19b6495fed6dab66ad18cdc4c43ea4157bef527,M2,A1_FINAL_NO_MEMORY_V1,certified,PASS,,,ae887872c161c026ca3dc5591a8903e4e900bd391453e6e92298679ab38bfb67,46bbd877a4d8f7fa1684523e7b3c675c0098127af72b1dd0e7ed952aee9725c5,0.0,0.9,19137905.85543848,4.0,1.0,1.0,1.0,1.0,b3fc265eeb0d6e7e235d4ac9cfcd9adaff58d46c3c50407371328db5acf582bc,3,2,2,d173a0155b4d3b00e45925a665be842a3160eb282b3d132d9d2932b5026d293a,P4,1213495629.2948854,1213495629.2948854,0.0,1904309.451732691,0.0,1904309.451732691,h09,5,Katrina,1211591319.8431528,17233596.403705787,1194357723.439447,1714935479.5729449,167021864.4914415,1.0,0.0,0.0,NONE,False,False,0.0,10400000.0,0.0,0.0,NONE,False,False,0.0,9557344.06438629,0.0,243986610.95890838,R0,False,True,167021864.4914415,1694978135.5085585,24d968ce286112fbf1393641c89ba528aa4a9abd98771dccfa27a223fa89354d
E2A_VACCINE_H0,LA-0163,163,65454389a367164b929229d639a52e01ad167161caec040dc40d00f168009ba1,M2,A1_FINAL_NO_MEMORY_V1,certified,PASS,,,03dbe7d85866eac301d24785f7edb5cbff8a13af641dcd14456f7b492cf92799,249c0b4c22b8d35773fea7f38ec693284520a4b4131a776502fa0684d16a5f30,0.0,0.9,19137905.85543848,4.0,1.0,1.0,1.0,1.0,f9e1cfc833bc3f028657c16d719b4a1025a65349a5d6c8bd96625600c8ae06a2,6,2,2,450120e49cbe24563a0d55c8025db0958c0c907cfea7139e7e349a9e9d57d9eb,P1,1224756059.959359,1224756059.959359,19137905.85543848,0.0,0.0,19137905.85543848,h09,5,Katrina,1205618154.1039205,0.0,1205618154.1039205,1881034795.8124447,0.0,1.0,0.0,0.0,NONE,False,False,0.0,10400000.0,1375244.743851572,0.0,NONE,True,False,0.0,8634795.812444676,0.0,0.0,NONE,False,False,0.0,1862000000.0,465e2fa9b5baf3d7f4cda811649fb5009933d4bf9da9d7c96b1a27bdeb520897
E2A_VACCINE_H0,LA-0164,164,0d2d3647e67aaad9aeb4df18649d48b7f85ffcbd68339831e75ef9a752b0be74,M2,A1_FINAL_NO_MEMORY_V1,certified,PASS,,,d56f1c5d6688be8c7dfabe3385163567316f2b1e4f4f13fa0c26468d5ceebd2c,dfe2a1544d94ae256d0a2d9a27beae7e185cf96b7b9d22b4e9aa442d141d2dd3,0.0,0.9,19137905.85543848,4.0,1.0,1.0,1.0,1.0,3261ac666d3abf545eb3851f1dd2336d7ff794890324c3779369d2232a4dfb97,3,2,2,cb4e63ba534b04822a144deede7a6b282ea688ec3bb5495b1dc1a0226ea93fb0,P4,1215052439.5095685,1215052439.5095685,0.0,10551341.624347221,610487.4796782928,11161829.104025513,h09,5,Katrina,1203890610.4055429,7976076.751412965,1195914533.65413,1719088302.3820655,162869041.68232086,1.0,0.0,0.0,NONE,False,False,0.0,10400000.0,0.0,0.0,NONE,False,False,0.0,9557344.06438629,0.0,285017322.8191267,R1,False,True,162869041.68232086,1699130958.3176792,a35babd20ad9c752aa99129eb92e7de16300abec209f9fbd157b20fc2f018c72
E2A_VACCINE_H0,LA-0165,165,b369982bfcd100b32c7e7971b2f27fc53e66b7bb3c1582d5fc65e4f26173c3b3,M2,A1_FINAL_NO_MEMORY_V1,certified,PASS,,,9e96cede3560b3189330aa571d29f5cb145bbe9ce52c692f49c9dca438b363db,32ff63d5ea93796c36af7d9c03629a927bd2c686fc71d1c67c30694d025235dd,0.0,0.9,19137905.85543848,4.0,1.0,1.0,1.0,1.0,37bbbaa9d9d12963c28c85eddb9181b4907f2eaaee4bca854ec1a89f9a22e4c6,3,2,2,e50d2acca849679dc114f9445d31445fe0b33b847bf1527c11cb31df8a7a706f,P4,1229683953.3442376,1229683953.3442376,0.0,3215636.560283459,0.0,3215636.560283459,h09,5,Katrina,1226468316.7839541,15922269.295155019,1210546047.488799,1819592682.009331,62364662.05505538,1.0,0.0,13634130.481075583,R0,False,True,10400000.0,0.0,0.0,0.0,NONE,False,False,0.0,9557344.06438629,0.0,68124325.27534829,R0,False,True,51964662.05505538,1810035337.9449446,6065270f1cd0d472524abc84a72fd9f3d07a8f8045c5e52e054b23a58fefbd57
E2A_VACCINE_H0,LA-0166,166,a63051c7d24b321f17e1ff40c6e3871ef6554189f0db92c472b05cd3483c1cff,M2,A1_FINAL_NO_MEMORY_V1,certified,PASS,,,49929d3a6db742167e76d6d975d1e460b12d671244bed1a9a22c5b7a5b8ed280,9aa6163e626683181f10c46f36a7ad4db9a29e01c443cf54c64e6c080bf0e244,0.0,0.9,19137905.85543848,4.0,1.0,1.0,1.0,1.0,f89ea2829a19d223363725e8713dec5ef977a46cde20ba89b64ce38eb6251a41,6,2,2,411ed5fcfdebf920bf3e2e83e4bc1a37bc7d792198e41b0b83e473ab596b540f,P1,1223075756.62008,1223075756.62008,19137905.85543848,0.0,0.0,19137905.85543848,h09,5,Katrina,1203937850.7646415,0.0,1203937850.7646415,1871088662.1652172,0.0,1.0,15012095.199258564,0.0,NONE,True,False,0.0,0.0,676528.5854325024,0.0,NONE,True,False,0.0,9088662.165217044,0.0,0.0,NONE,False,False,0.0,1862000000.0,8043e3800d6e9e1bc67fc22bbdddc71451a751d6da04abcddba74f4ed41cafab
E2A_VACCINE_H0,LA-0167,167,d19f682603b56c129a6d6b3454e4916ba494da2cc20f2c5003ab6156fee18d0d,M2,A1_FINAL_NO_MEMORY_V1,certified,PASS,,,9761ff9c5714fe14ac3c220f7d13c95b93cdea20f3c4ce771e6267394617ac76,a60ac2f1149d17f39f0fcc5ad3c8a67063be8182f51ea61f4c1540ba55c3ddd1,0.0,0.9,19137905.85543848,4.0,1.0,1.0,1.0,1.0,426478ff69809f86f82b067192d0e80e61d6df7b493d7f0c91e50aeb695910b8,3,2,2,7cd394d6e4a3ace2e48b2cabe322f34d517bc75e2ef47a5d9eafd47ec1d1e9c1,P4,1204572970.676932,1204572970.676932,0.0,8093720.434806447,0.0,8093720.434806447,h09,5,Katrina,1196479250.2421257,11044185.42063203,1185435064.8214936,1691134106.8191216,190823237.24526474,1.0,0.0,0.0,NONE,False,False,0.0,10400000.0,0.0,0.0,NONE,False,False,0.0,9557344.06438629,0.0,243802289.28661683,R0,False,True,190823237.24526474,1671176762.7547352,1deb7c9c5d98a71ca5af8d0c2d2091582ce45ea9514579bf236d4a5db5c4a85a
E2A_VACCINE_H0,LA-0168,168,8fdb26ac985bb5ebdfe0d474dd96d132088387252909a47daf8aa7674c54077b,M2,A1_FINAL_NO_MEMORY_V1,certified,PASS,,,f009d0146f6cdb72b17a3741f9f18fcb1666af8a001e64689f77e114b2520f0f,09735f048a571c3dcb668394393c9f613143254c83a8d33f8ce6c9ca873a829c,0.0,0.9,19137905.85543848,4.0,1.0,1.0,1.0,1.0,4d9fdac71d843856c9ed77443d7a11b69e1f703d8ea74d5a3528e9ded2c70eea,7,2,2,108ac08b18301a7d5612cc56e3cbe6663e270fe65aa0ac08ea7828980ae94e98,P1,1221122729.9406488,1221122729.9406488,19137905.85543848,0.0,0.0,19137905.85543848,h09,5,Katrina,1201984824.0852103,0.0,1201984824.0852103,1880969523.2840834,0.0,1.0,0.0,0.0,NONE,False,False,0.0,10400000.0,1375244.743851572,0.0,NONE,True,False,0.0,8569523.284083253,0.0,0.0,NONE,False,False,0.0,1862000000.0,9d99fb6ad019a4c32dc7a7ac8a557059c5556cd6b278f72f4f346f3799abb4b8
E2A_VACCINE_H0,LA-0169,169,b0f2032de2442051dcc2a77a5d1150a6cc6f7c2c5317099a77f5cb39892e418c,M2,A1_FINAL_NO_MEMORY_V1,certified,PASS,,,4f802aef59439e01b14c6e6e760c87f6d8309620c4adf0226019eb35c5f74957,f5a9075c416dfa5a555e46b39cbd768ff4c206a17a2bdce149fab9e920dd5e11,0.0,0.9,19137905.85543848,4.0,1.0,1.0,1.0,1.0,cad16f65092055a963c8e102d038bc1d6649896a2577407ff81cfc970b503d9a,3,2,2,4fc2a83dd9cceff3ff3d0032682499293d4f82f3f39ad3e685fb03b4a3d35a2e,P4,1222868566.832414,1222868566.832414,0.0,6269567.556036332,1185696.2126213869,7455263.768657719,h09,5,Katrina,1215413303.0637562,11682642.086780759,1203730660.9769754,1739937980.4733088,142019363.5910776,1.0,0.0,0.0,NONE,False,False,0.0,10400000.0,0.0,0.0,NONE,False,False,0.0,9557344.06438629,0.0,183235869.3832734,R1,False,True,142019363.5910776,1719980636.4089224,637c02d450490f708d3f21273a7e47f63ac49d2ea7273f8748694462a1d4a4de
E2A_VACCINE_H0,LA-0170,170,e20bc3fe56ecbfa50edae2fdc3bb38c9a5ba56e6bd20d5bb830aff856918c573,M2,A1_FINAL_NO_MEMORY_V1,certified,PASS,,,5d557286c45365223f9e6f2a8df874740b89233343d49a7f5eaae71b3a302a1f,02eb42d042adec86a86f45f0b96227a16b8cfdfc1f8ebdf435b9da2c53674dc4,0.0,0.9,19137905.85543848,4.0,1.0,1.0,1.0,1.0,5501fb4f260e580302791184a28afbf0ec0572775f473a67aefbe4ce54624141,6,2,2,dc3312e15d087240f1316af2994f6706d5abd20b7e1a087c3160a25c62bc4dfd,P1,1227888388.9115841,1227888388.9115841,19137905.85543848,0.0,0.0,19137905.85543848,h09,5,Katrina,1208750483.0561457,0.0,1208750483.0561457,1881091067.8904884,0.0,1.0,0.0,0.0,NONE,False,False,0.0,10400000.0,1375244.743851572,0.0,NONE,True,False,0.0,8691067.89048839,0.0,0.0,NONE,False,False,0.0,1862000000.0,5bcc571f1bafccc4712cd82f7534bb147b60648d479bd45c619f7bc89e97de86
E2A_VACCINE_H0,LA-0171,171,3bccbb9d9ce3593b4eb53716980111cf89d90022d8b034df908d48ce2623beca,M2,A1_FINAL_NO_MEMORY_V1,certified,PASS,,,a3e744e834fd4705f6c047f40c13c740df30fade80dd9b112098d7703b84c4a3,2c3233f44d45c8a5349f515e3cd36ebea44e0a7c8a3ce9e8d0f378952a184b92,0.0,0.9,19137905.85543848,4.0,1.0,1.0,1.0,1.0,249b4c83190f966815584521138c39a48cad900a473369d524023aaeac47be35,3,2,2,327c0705a13949d6eb10366737d9d26eb2beb3ddca02606a7d28c1e532a2ceab,P4,1209180238.1922557,1209180238.1922557,0.0,5981377.580777437,0.0,5981377.580777437,h09,5,Katrina,1203198860.6114783,13156528.274661042,1190042332.3368173,1870839030.1152778,11118313.9491086,1.0,0.0,13336457.934823653,R0,False,True,10400000.0,0.0,0.0,921131.1313734535,R0,False,True,718313.9491086011,8839030.115277689,0.0,0.0,NONE,False,False,0.0,1862000000.0,879303373756e4fa5c1fcf4baf9c35969fd27b0d7527c18e8eae93a3d7857fdb
E2A_VACCINE_H0,LA-0172,172,84a890bda107c2affe9940ec8a32906871be70610d62d2687f2ad7d0de24af36,M2,A1_FINAL_NO_MEMORY_V1,certified,PASS,,,05d68907bfebb8103e9ade22f80a4ddf6f0f8fa581745b867fe0261ec896d16c,d0483295886aff7f3db82a8d385750fabc0eece13ba87ed50f9434c3bbd7cf8c,0.0,0.9,19137905.85543848,4.0,1.0,1.0,1.0,1.0,f981bccf80b368546cb052bed8004702571080fbb6b864610a10b5faf3d72e50,3,2,2,555228d6e90009e839427d9ececda898e1be11adc1b4a67bc0967dcd58f5e3e0,P4,1178483183.737531,1178483183.737531,0.0,5049461.073304734,0.0,5049461.073304734,h09,5,Katrina,1173433722.6642263,14088444.782133743,1159345277.8820925,1683013591.0823493,198943752.9820371,1.0,0.0,13758616.47464577,R0,False,True,10400000.0,0.0,0.0,0.0,NONE,False,False,0.0,9557344.06438629,0.0,249432806.34328827,R0,False,True,188543752.9820371,1673456247.017963,f7022b04691a93cd49e4d6a819a9d895e15e2c0af78e3962484d06eea11a7344
E2A_VACCINE_H0,LA-0173,173,3fdce90559a3fa35fc5a790f6b3ef13b885ad9fdec179bd496c9207d1c078563,M2,A1_FINAL_NO_MEMORY_V1,certified,PASS,,,ab7c318ad342887794f7da1fb36f0356b8a337b7f5a62f0ea607c74031870fa4,59cdd6bd22fbb4ee34d24d04fd9c1aa25442713c228f153500131d339d174847,0.0,0.9,19137905.85543848,4.0,1.0,1.0,1.0,1.0,0e9209dc1e1d82b8f4617c8f040a2fe35a20deb2ff52526b7cf8b69a1eddf992,3,2,2,b4b23372457fcb77dff953cfdb7c3efea57e5ce66ac070b0a68ddb7b5db8b464,P4,1224265799.0073102,1224265799.0073102,0.0,10337754.368210062,0.0,10337754.368210062,h09,5,Katrina,1213928044.6391,8800151.487228416,1205127893.1518717,1805139645.4724987,76817698.59188774,1.0,0.0,22737307.26966383,R0,False,True,10400000.0,0.0,0.0,0.0,NONE,False,False,0.0,9557344.06438629,0.0,145207655.8680452,R0,False,True,66417698.591887735,1795582301.4081123,2a89b5be29ea45b2d6ea66d5eaf99c167eb381c1aef187d93b636e04aea17c89
E2A_VACCINE_H0,LA-0174,174,4f344505002ff21d8109eed718bb5f8b8002bb30f9d928a87bf9a1d0f7b50adb,M2,A1_FINAL_NO_MEMORY_V1,certified,PASS,,,8bb3e7f12555e740aa345cf6820cf5a4d93b19fb5622bcadb02f2e95c4004964,6401f64cef8c4a4a041e5b4520e8ef4a6ed38588888244f38a17a461ab355a41,0.0,0.9,19137905.85543848,4.0,1.0,1.0,1.0,1.0,8bf97eff95883a9f949fc73c1222e4b5a764ee23f05d0cfc70f4a0a061ff14e9,3,2,2,ae6b2c4fe74a6b9f5e91cf3370eba0062445ccaf55abb0ef91e73c08bdb96837,P4,1229257448.4612556,1229257448.4612556,0.0,7513160.614530262,0.0,7513160.614530262,h09,5,Katrina,1221744287.8467252,11624745.240908215,1210119542.605817,1881115662.9528208,841681.1115654873,1.0,0.0,0.0,NONE,False,False,0.0,10400000.0,0.0,1635708.494920758,R0,False,True,841681.1115654873,8715662.952820802,0.0,0.0,NONE,False,False,0.0,1862000000.0,1a160ebe65e57f317c950221ccdbe32fd8ab9efb7bbe2f10bfffbc8e59d1af14
E2A_VACCINE_H0,LA-0175,175,a912a0bb463baf4b784ea1818052bd1732b8e8372ae51bc27018c35d799c5f16,M2,A1_FINAL_NO_MEMORY_V1,certified,PASS,,,de27165384d34374a9196697f1668f8dab098d160805598459ec514ab8798f17,35fa1d301a4b9ae95d2a998a2e2905d550c3cb4cfbe60c825d4a52f70d4d3640,0.0,0.9,19137905.85543848,4.0,1.0,1.0,1.0,1.0,88dbe541241c99ab98c95653cff3755df94a6e198869c8ff79cfce6d78e11e20,3,2,2,b6bfbad868a560b96571eefd3cb1b9b2162ec669bd1c494944f6859a1df18058,P4,1220911773.4817803,1220911773.4817803,0.0,4506331.9490697635,0.0,4506331.9490697635,h09,5,Katrina,1216405441.5327106,14631573.906368714,1201773867.6263418,1734718194.5401206,147239149.52426577,1.0,0.0,0.0,NONE,False,False,0.0,10400000.0,0.0,0.0,NONE,False,False,-1.2623513257487533e-10,9557344.06438629,0.0,316153255.338479,R0,False,True,147239149.52426577,1714760850.4757342,9210e6f1d85fc7f55d386e605471be36441325dc629c4114fbd3d9929900c96d
E2A_VACCINE_H0,LA-0176,176,8dda0ef35966165b367315cca6b45e7b0a369af9a2f908b0948dd31a0642bd3c,M2,A1_FINAL_NO_MEMORY_V1,certified,PASS,,,8ad879ab7298cb43a54d3766f1bb4a0b8b2b250a97bc5baf6306b74226317251,0c68406f7c6a9652af4345670a37ed8952b8c77334ae7c7362d22a60f1961279,0.0,0.9,19137905.85543848,4.0,1.0,1.0,1.0,1.0,d305767ec392a92b273bc63ed94a53c55738380044caf07082d9665b48da383d,3,2,2,aa8e89923631ed5f059141656af23839fef82dd1c61395b1f04504fd61b62e8b,P4,1200616640.0804286,1200616640.0804286,0.0,5393958.610821722,0.0,5393958.610821722,h09,5,Katrina,1195222681.4696069,13743947.244616752,1181478734.2249901,1680580514.7456486,201376829.3187378,0.9999999999999998,0.0,0.0,NONE,False,False,0.0,10400000.0,0.0,0.0,NONE,False,False,0.0,9557344.06438629,0.0,418927667.10328525,R0,False,True,201376829.3187378,1660623170.6812623,74eb1404350e60ad995a096c297f13520bb4f6e311da606fd2b448f40f6912a2
E2A_VACCINE_H0,LA-0177,177,349972c31a9c23bfc9f28b230d0d49461f58a66f02fa1d54a1dfe0c2269dad7d,M2,A1_FINAL_NO_MEMORY_V1,certified,PASS,,,64ef8b7157bafe992a06ac3873090c2d1734b9a0c67b6c9626fcdc5734b9f576,467337d69fc0a3e251752c1f671cae843046274773e05fa5f77e78d3ad7c2a11,0.0,0.9,19137905.85543848,4.0,1.0,1.0,1.0,1.0,688d0b687b03b4110454daffc277c21fc14b9af63069fbcf356338fe84074c88,3,2,2,4b21a5b136c8dcd5e46b76943f0d4934a1e673e15060cd093db9a6fb4dfc5a03,P4,1220963757.0486314,1220963757.0486314,0.0,1443704.0464488342,0.0,1443704.0464488342,h09,5,Katrina,1219520053.0021825,17694201.808989644,1201825851.193193,1796331381.604918,85625962.45946829,1.0,0.0,13496880.856722275,R0,False,True,10400000.0,0.0,0.0,0.0,NONE,False,False,0.0,9557344.06438629,0.0,97626524.29304866,R0,False,True,75225962.45946829,1786774037.5405316,cf0ed35853ee8160024a04a232e24e7b88cb38e15fd36d0650633debdaef48cc
E2A_VACCINE_H0,LA-0178,178,9e6e4cfc9023c6b94b41acc93c5cc1e9da7543d1d1a5d5bdca4165f0287c210b,M2,A1_FINAL_NO_MEMORY_V1,certified,PASS,,,71b766c4176269f720e8d1b988fcc41408b5694dcfe95fe1d1330fa8d9b460d3,3a158096a687cb797f9ccbe825159a66ff743512e6c045190553707868e9b2a7,0.0,0.9,19137905.85543848,4.0,1.0,1.0,1.0,1.0,e329260119fe190a36614c663fc19550c1f73eaa4299f5f5ca84dee5cabc65c6,3,2,2,efdda4b1fc4131de1858698968243e4e564d21c11f138e7975d9fbae75c2710c,P4,1219100587.3460743,1219100587.3460743,0.0,5821375.885731503,0.0,5821375.885731503,h09,5,Katrina,1213279211.460343,13316529.969706975,1199962681.4906359,1729886818.8046696,152070525.25971672,1.0,0.0,0.0,NONE,False,False,0.0,10400000.0,0.0,0.0,NONE,False,False,0.0,9557344.06438629,0.0,243642546.19960594,R0,False,True,152070525.25971672,1709929474.7402833,483557a7bf2dba4744624aa596c5522cd0eff31e1e26f5bcc69e2dc60e79323c
E2A_VACCINE_H0,LA-0179,179,1fb4960aa84b46eb37d3c5daaa1d2e544bbc4709d0b898d967690d88b8373469,M2,A1_FINAL_NO_MEMORY_V1,certified,PASS,,,73e66774ab0133f97c5edfdcc95ac2908b021701a9bb4524a1c8b24120753ee5,21cdc9632f37ba23d75aa223c6e56b160d6d9b517bd3214d250b2e3d74176544,0.0,0.9,19137905.85543848,4.0,1.0,1.0,1.0,1.0,6edcab30c5cac6e104ae6fd7067897ab1c57469408dfa070f3abf17f8e465aac,3,2,2,15287b75f997c4abedeb58953db3ae6ab7199088faa5ee348351fc7d0f730553,P4,1186272767.9722197,1186272767.9722197,0.0,7333968.919235183,0.0,7333968.919235183,h09,5,Katrina,1178938799.0529845,11803936.936203295,1167134862.1167812,1642317945.101472,239639398.96291456,1.0,0.0,0.0,NONE,False,False,0.0,10400000.0,0.0,0.0,NONE,False,False,0.0,9557344.06438629,0.0,345127553.3752019,R0,False,True,239639398.96291456,1622360601.0370855,9cee0dd0b927c52e5a3e61d2ac505b8ad67a77f1654bc36aa2560cbad66cffbc
E2A_VACCINE_H0,LA-0180,180,b145dd9c8cfc5155696db0031bc4064abe43f4293e451bc31c0f9c145adcff92,M2,A1_FINAL_NO_MEMORY_V1,certified,PASS,,,3c25644d8e279478d3371d827587bd8708b8dfcc69f9ccd640fe6c65fd607328,ea13542327529cd4e7d864f5215c9b6d2173d972fefa5d5ad07d6a53e90e7cb8,0.0,0.9,19137905.85543848,4.0,1.0,1.0,1.0,1.0,ab69a0d4d3647c3175026e99fe886ee2ef8031ddbd7c89064be134bfc332a0ed,3,2,2,09a2f176f9fe4a5c119c56b6391f1459a45899e38ff5cd8bb21c94bd31ad4c70,P4,1193052766.8541734,1193052766.8541734,0.0,1599485.0145194288,0.0,1599485.0145194288,h09,5,Katrina,1191453281.839654,17538420.840919048,1173914860.998735,1870549301.1820698,11408042.882316459,1.0,0.0,16286146.77518264,R0,False,True,10400000.0,0.0,0.0,1578570.6093349997,R0,False,True,1008042.8823164582,8549301.18206983,0.0,0.0,NONE,False,False,0.0,1862000000.0,99af18eb2a5016ccb71ab2038fd57c79b754fec583094b8433d610768689c099
E2A_VACCINE_H0,LA-0181,181,060d6c34408ab0d9201a98d0b431f21c8baac34b4d031c8897f92b6e83fd3a42,M2,A1_FINAL_NO_MEMORY_V1,certified,PASS,,,d2d5f85c13d0f84bd8e19b5b905981f29090cbd8cdf1cd8cc67c869235edbc73,b3a939ab44b28aad1cd24252a4a49100e04d95c7a54b35b0a505d8e112e76120,0.0,0.9,19137905.85543848,4.0,1.0,1.0,1.0,1.0,86f09ac2992296af25791ca5729d5d77ca1373dc70d3585275e1acbaefde43e0,3,2,2,56e33c2fd9738256a5bbba26ed301ee9ac52bab959cd53024b005515c1cf2b54,P4,1234039742.554662,1234039742.554662,0.0,2152758.2817888185,3998267.457017542,6151025.73880636,h09,5,Katrina,1227888716.8158557,12986880.116632117,1214901836.6992235,1881201576.5431738,755767.521212544,1.0,0.0,0.0,NONE,False,False,0.0,10400000.0,0.0,812623.687718412,R2,False,True,755767.521212544,8801576.543173745,0.0,0.0,NONE,False,False,0.0,1862000000.0,3ddb3f321802e0390162e995d279d04ae99365c2b8ecaebb02a604b4ffa13b4a
E2A_VACCINE_H0,LA-0182,182,5cfd88baf24039e2769004dece62af8b6dbec8698589dee7c9804a26216af56d,M2,A1_FINAL_NO_MEMORY_V1,certified,PASS,,,2275be00495ae837eb9ae81932acd0228b8dc76ea876d241cc8338a18457f906,df588daecae49fd12772c2d8c5e1d93325da4b649de3e31b8bf73f81b5dc7fc9,0.0,0.9,19137905.85543848,4.0,1.0,1.0,1.0,1.0,aaeab468ab5084a57c0d6d33b892bd76e74e061442b4505fef03cca1896c06df,3,2,2,f07937950a8bc8b42af4dee8067e602262a37a0f8b944edecea4580f729d9a68,P4,1206262021.6947834,1206262021.6947834,0.0,6885611.06457792,0.0,6885611.06457792,h09,5,Katrina,1199376410.6302056,12252294.79086056,1187124115.839345,1757114204.4979823,124843139.56640413,1.0,0.0,22450086.121125758,R0,False,True,10400000.0,0.0,0.0,0.0,NONE,False,False,0.0,9557344.06438629,0.0,247044071.0805565,R0,False,True,114443139.56640413,1747556860.433596,785b25cbdfa6c55d266ebf8ec5bf880e3ab4d56b58196952999aef3b6f21fe81
E2A_VACCINE_H0,LA-0183,183,e441a7404cab0227668f92769d6fde5120e994cce1bc171452796d3e56b752bb,M2,A1_FINAL_NO_MEMORY_V1,certified,PASS,,,604ab156552facda7b378ad8a7319c39db2f4de16f308a91885b17a23a6f94c1,7ad170728a741a9681cbdbdb438c771fb411c44726641d0de87c5646106c85b9,0.0,0.9,19137905.85543848,4.0,1.0,1.0,1.0,1.0,03fd76ef4396ced91993d29f1ba31a32e3cc346315903139f7290688489d27fc,3,2,2,2ff37190503e3bfd07a9097a74fd2204eb5d05800378b7512313580da4067e2c,P4,1200585068.4274375,1200585068.4274375,0.0,2697931.184037779,0.0,2697931.184037779,h09,5,Katrina,1197887137.2433999,16439974.6714007,1181447162.571999,1741970816.5675893,139986527.49679714,1.0,0.0,13087157.488487603,R0,False,True,10400000.0,0.0,0.0,0.0,NONE,False,False,-1.537226734706439e-10,9557344.06438629,0.0,163069162.859309,R0,False,True,129586527.49679714,1732413472.503203,fee1712a4d5f23f7017f608477eaf9b7acb92ee62d7256a7d300d747fc096a6f
E2A_VACCINE_H0,LA-0184,184,628c0e26c3aaf4ef8acf1fe43c689320c1d9f0b37d9812af2f407c30475de9f5,M2,A1_FINAL_NO_MEMORY_V1,certified,PASS,,,1848e7f3e989726f638950e77c55f67222d40890cc9f91f38e9da58f5d5124c3,982e9a32d48eed6b3802895324002a6ba9b7f53e4e1d50260e03b8d80965b229,0.0,0.9,19137905.85543848,4.0,1.0,1.0,1.0,1.0,89b51c33c364288378e33aa06818d1cc632aa14b2efa48e49c12db1865511957,3,2,2,e92121c84f70e641df0926e0c783899be8f53332d6b4c837ea5ae30288a261b8,P4,1215390922.6701977,1215390922.6701977,0.0,4248940.809275075,0.0,4248940.809275075,h09,5,Katrina,1211141981.8609226,14888965.046163402,1196253016.8147593,1781465732.921516,100491611.14287044,1.0,0.0,13483132.49570482,R0,False,True,10399999.999999998,3.725290298461914e-09,0.0,0.0,NONE,False,False,0.0,9557344.06438629,0.0,116799724.0183499,R0,False,True,90091611.14287044,1771908388.8571296,b55d2f3f1844b7f781b1b6c3d04c6d1b3aeb715552d1b7caf69e06766bb40aa8
E2A_VACCINE_H0,LA-0185,185,9e103addc9ed57efe655316af9bc38b8c92f6c2ab130474d6efe41f82b2f5ef8,M2,A1_FINAL_NO_MEMORY_V1,certified,PASS,,,0cacf5cf12ca7ece26759ebdfce4dd713789654d7b8911e4ebbdf2826a944e58,0c15ef151b4a1ac1e9ad371954af18cbe38ae4ecc5c35b416b4922c6b8a80e51,0.0,0.9,19137905.85543848,4.0,1.0,1.0,1.0,1.0,691fce70198f72bf3b4356eca69666d9327d9c684a306b4beed378c236c40b6f,3,2,2,caeffc090a2108b1c45bdddd43ba5e27f0dea4515077bc46566d24c3d6d44bc0,P1,1225679033.6402888,1225679033.6402888,19137905.85543848,0.0,0.0,19137905.85543848,h09,5,Katrina,1206541127.7848504,0.0,1206541127.7848504,1881051376.9722774,0.0,1.0,0.0,0.0,NONE,False,False,0.0,10400000.0,1375244.743851572,0.0,NONE,True,False,0.0,8651376.97227742,0.0,0.0,NONE,False,False,0.0,1862000000.0,9c16f110d85c2777df709d5fabbb034351c4a68715a36bd6048d30d0953407e8
E2A_VACCINE_H0,LA-0186,186,ad1879d20a25fa7fb3a6a0748ebcb2db03bb2ffdfd6666f96c0b3d44fc01510f,M2,A1_FINAL_NO_MEMORY_V1,oracle_failure,FAIL,oracle_failure,Full exact certification was incomplete,3d7cf6959c2007f04db78495503c925b2d3c8d69217639cb191e631b1d1314de,f1db7ee17dae4a3fc055f14b73ec095ced6aa5832fc7c02e756c99a61ffe74b8,0.0,0.9,19137905.85543848,4.0,1.0,1.0,1.0,1.0,c57b07f985c5977e4981f80a47f41d14d71cd0e5a9432baa9817b3ecac1c845e,3,2,1,,,,,,,,,,,,,,,,,,,,,,,,,,,,,,,,,,,,,,,8c0d8af0776314642c714521bbf007583df6ddcef2cd67f8db01ced8a5123a84
E2A_VACCINE_H0,LA-0187,187,ebee8966197c6778cdfd3c9b74795a537c827852e85459ac6b6a5f4b809fd5f9,M2,A1_FINAL_NO_MEMORY_V1,certified,PASS,,,fce21960581fea3cb499da4afe61eec7b7706af374e1374288f816fba7cff67b,a7c8a83bc3960d787a73a8a44352e6f8145af255268c331de05f3fec82ad4118,0.0,0.9,19137905.85543848,4.0,1.0,1.0,1.0,1.0,67ef5521536c3c4869d840953aea789d52e115dc4c3584541ffdfcc5e8059eda,3,2,2,e7d50f54d8d959274b59aac7d281d1c9e5f8441a0e85c72f2af258c9366c98bf,P1,1223796084.3445067,1223796084.3445067,19137905.85543848,0.0,0.0,19137905.85543848,h09,5,Katrina,1204658178.4890683,0.0,1204658178.4890683,1871101602.8041296,0.0,1.0,15218806.534391966,0.0,NONE,True,False,0.0,0.0,666907.5066910607,0.0,NONE,True,False,0.0,9101602.804129567,0.0,0.0,NONE,False,False,0.0,1862000000.0,58d5fd321c7aac6b25884bc4c66dacacee6089ba8ce4988611f18f4e62b558b7
E2A_VACCINE_H0,LA-0188,188,a12874d824774d3f0b261800d9aaf05f0bd46a255c9b46a67182d2e3a86b5523,M2,A1_FINAL_NO_MEMORY_V1,certified,PASS,,,dd5d9f956c4758cdd3b94b89a06a54c9e93fabefe3c39f3ddf05ac72d06d0f3c,6d445bd534a060dc63186256237c6246e015d1b18edf1ad6922239f70e3f6675,0.0,0.9,19137905.85543848,4.0,1.0,1.0,1.0,1.0,17538958a8cfeeca5a9c31396ed8c8a78b1e5b6fde6b5929e411117dd981424a,3,2,2,9caec96345aef7336c26c605904570845384b8c4708b5e24ef879f56aca55246,P4,1222834566.6630867,1222834566.6630867,0.0,6499220.29526226,3507063.8463991843,10006284.141661445,h09,5,Katrina,1212828282.5214252,9131621.713777034,1203696660.8076482,1739847284.332338,142110059.73204824,1.0,0.0,0.0,NONE,False,False,0.0,10400000.0,0.0,0.0,NONE,False,False,0.0,9557344.06438629,0.0,162757393.5008126,R2,False,True,142110059.73204824,1719889940.2679517,2b19ab029603fee6ad4f53967d47510cfa2d5da9758fa8e7885c5243a3738cc2
E2A_VACCINE_H0,LA-0189,189,540e975fa23e1d9c4323a59e0d826910650ed03b00a52c4a1d1c23a2d8f021c3,M2,A1_FINAL_NO_MEMORY_V1,certified,PASS,,,68924d01aaddc202f1da52569a8e793c2064ebd1a9d325c6a9ae5c8d2edf3093,6e9039d9a32135357b8db29cdf2ff0cce57f6626d0980e61fc2d811f4ac1c979,0.0,0.9,19137905.85543848,4.0,1.0,1.0,1.0,1.0,6247a2f64d3df7a7063c43229e93696f64f02af0f49243f327f49cb068d11cc0,3,2,2,8385e7addb126f4e56129711034769fee5e75f58d899268287fc324c99d76b0e,P1,1228913868.8623133,1228913868.8623133,19137905.855438437,0.0,0.0,19137905.855438437,h09,5,Katrina,1209775963.0068748,0.0,1209775963.0068748,1871193543.4572952,0.0,0.9999999999999979,16869123.505445205,0.0,NONE,True,False,0.0,0.0,590095.9011901105,0.0,NONE,True,False,0.0,9193543.457295105,0.0,0.0,NONE,False,False,0.0,1862000000.0,997065402333bfb7336f05f569cb9c41395cde063f3db378deecde21d71b6eb7
E2A_VACCINE_H0,LA-0190,190,0473e62cfcac9d4e684fa3a0a59959fb0898aac76cebad5adbbecd86af07a745,M2,A1_FINAL_NO_MEMORY_V1,certified,PASS,,,5783dbb9c0580c90a3396223a033506752113792a5bb863ce3eb22a5c890f782,d72a9e421feb0b5837037e7147b3b6443e90b35569b29a808d8a2953c5becab3,0.0,0.9,19137905.85543848,4.0,1.0,1.0,1.0,1.0,01da257ce7244284d41371cd8857554c26c40e011b08182f12bf6a8339e50b66,3,2,2,b3f41fab13c0f18c51cd7af52b73171500d4dad5f941ad2f0d588ce73ad809f7,P1,1228628114.5041037,1228628114.5041037,19137905.85543848,0.0,0.0,19137905.85543848,h09,5,Katrina,1209490208.6486652,0.0,1209490208.6486652,1881104357.0107908,0.0,1.0,0.0,0.0,NONE,False,False,0.0,10400000.0,1375244.743851572,0.0,NONE,True,False,0.0,8704357.010790909,0.0,0.0,NONE,False,False,0.0,1862000000.0,1cdb71c10e524c964d0ff235b12c858124be9030eeb43192099a2672937283d8
E2A_VACCINE_H0,LA-0191,191,04a6cfc381e575596828fde088abd01bbb90a6f8e060f1baf34851f7bff52a71,M2,A1_FINAL_NO_MEMORY_V1,certified,PASS,,,18395ec4d4d6bc480e0b3871b4cdad3d43d2250d27b7b157526c535ff423963d,8a214aefcf013b3df7f045b85c8fbb40eefd0b76de68b9dccc31be94d6b09196,0.0,0.9,19137905.85543848,4.0,1.0,1.0,1.0,1.0,6c923a9e92ea3c5334696ab6f630bbbe2246a0e31c6bb245a6cd9f7b6b40ee69,3,2,2,79361c086f044d49a8ce1ba55c0b5b3820614c5843c6ce07a3501f518be570db,P4,1210667033.4011497,1210667033.4011497,0.0,4114294.825710604,0.0,4114294.825710604,h09,5,Katrina,1206552738.5754392,15023611.029727874,1191529127.5457113,1768864662.5281959,113092681.53619039,1.0,0.0,12513734.265659066,R0,False,True,10400000.0,0.0,0.0,0.0,NONE,False,False,0.0,9557344.06438629,0.0,123564319.97806153,R0,False,True,102692681.53619039,1759307318.4638095,e513358d3520d3ac18d74fc1bd41812845ea245f3ad1ef55f03ad196170344e7
E2A_VACCINE_H0,LA-0192,192,5c5bdef810f8771fd56289e99baab5fd72dfdf3cf610e4ddcdfbfdfedccf027a,M2,A1_FINAL_NO_MEMORY_V1,certified,PASS,,,84d9aab8777dc59bf908c4ff4a67f3542f636b6ec2a2b715e6278f770ab279e1,b4024db6202683ba11f2dbc927b6d64267c102fa5c96d7dece4c0a940421ebed,0.0,0.9,19137905.85543848,4.0,1.0,1.0,1.0,1.0,955f2f46b7f97c2a44a0cd87e0d4e02235363bb03fdf6a51539c911a679485af,3,2,2,fc7aad55e94dde1acd456d05555d545c10c3629d78a980090d3f9fd427947d75,P4,1239160311.541744,1239160311.541744,0.0,7614083.298081253,0.0,7614083.298081253,h09,5,Katrina,1231546228.2436628,11523822.557357226,1220022405.6863055,1844871059.616849,37086284.44753736,1.0,0.0,25415808.458680045,R0,False,True,10400000.0,0.0,0.0,0.0,NONE,False,False,0.0,9557344.06438629,0.0,65216682.1146598,R0,False,True,26686284.447537366,1835313715.5524626,610529f87911e00ff7a5fc10547a6735c96b404d28f830edd6923af21f4a8f31
E2A_VACCINE_H0,LA-0193,193,dbb94712d2a7aca8ed8533ed1a7a1b023bb5fd47b8e0863a834f8576151b0edf,M2,A1_FINAL_NO_MEMORY_V1,certified,PASS,,,fcab2cc0257883464ce7e90297a3944149bc648471b7d8e252a07e1050535e6e,c55e32a6d90e7a98a8d479ae0a1b2c3a4e945ba363b684b505b1232721e89513,0.0,0.9,19137905.85543848,4.0,1.0,1.0,1.0,1.0,3b2712486e4a0fa49954d2ab135a63f07b91595aa33bf9f0f8d67745e3697e7a,3,2,2,9b3a025103f1684b15705302c8e4893702b5d1448b0245f2c4c8eb750a389e72,P4,1225929656.1482756,1225929656.1482756,0.0,2347083.347206133,0.0,2347083.347206133,h09,5,Katrina,1223582572.8010695,16790822.508232344,1206791750.2928371,1809578018.1276562,72379325.93673003,1.0,0.0,17189390.119893905,R0,False,True,10400000.0,0.0,0.0,0.0,NONE,False,False,0.0,9557344.06438629,0.0,102441039.70139532,R0,False,True,61979325.936730035,1800020674.0632699,914e095b739dce8a08e3beba5973bf301dbac5c07c96d71d5dd6b0f842185510
E2A_VACCINE_H0,LA-0194,194,ee1b34bb796dae0fff09e7d705c3288214fc78f0c947e0371bf56606f70ab6be,M2,A1_FINAL_NO_MEMORY_V1,certified,PASS,,,95948b8fd379a2a72cf69af1dafa2af406d69d2f6a29fd53534a9b07fb651306,c2aa8126e949d8b0fd644fc9d9b8167700db416068a44cb84b95e5c3b801f950,0.0,0.9,19137905.85543848,4.0,1.0,1.0,1.0,1.0,a4cf5d0dde3d6f96186f7763fa52db3c298ede953dd98918e61ccacb3d45bcad,3,2,2,6825674fc0cc1e5a5cd50e9ab4f82b2e0618ed6be1941d73ecb6e35e938bce4a,P4,1209372605.6121173,1209372605.6121173,0.0,3457587.74911174,0.0,3457587.74911174,h09,5,Katrina,1205915017.8630056,15680318.106326738,1190234699.7566788,1880463717.1882482,1493626.8761380187,1.0,0.0,513928.80083306227,R0,False,True,309102.63918563485,10090897.360814365,0.0,1969446.5316067352,R0,False,True,1184524.2369523838,8372819.827433906,0.0,0.0,NONE,False,False,0.0,1862000000.0,f65dcc9dd8fad98459b799fd692f08ceb1b77c4c49b064ea1e2daab5840acde5
E2A_VACCINE_H0,LA-0195,195,f2613aced52600c65bc8cdd53750eff7573085e465ad10361232f8fac93ba787,M2,A1_FINAL_NO_MEMORY_V1,certified,PASS,,,24b2308ea0190a56cfd317bd94bae0ba9317f0ce34c2ed32a72f3cdd7fa421cf,79948f4895ba1fa345c8416ee50aec4353facbd4e9340d1c304478e02e821323,0.0,0.9,19137905.85543848,4.0,1.0,1.0,1.0,1.0,db538c6c3d2371b180a198a6a9ba003da8aa33da8f54d7b2ea35cc9e81d3c3f8,3,2,2,3393379b47b6d8a96fb63fba9ee7cd27be46e80b7214c4b6c7fa0ee646639052,P4,1227230531.6421328,1227230531.6421328,0.0,11745593.371730208,0.0,11745593.371730208,h09,5,Katrina,1215484938.2704027,7392312.48370827,1208092625.7866943,1751573610.034019,130383734.03036736,1.0,0.0,0.0,NONE,False,False,0.0,10400000.0,0.0,0.0,NONE,False,False,0.0,9557344.06438629,0.0,250908286.55634165,R0,False,True,130383734.03036736,1731616265.9696326,45ef8d8e857aebe69a7b2d7f3b7b4df365f58affcae3a5466cde89f1ba9411b1
E2A_VACCINE_H0,LA-0196,196,ecca1844ab06c3365026ff85aeaba74e3706fb644552a123e50dd69343dc2045,M2,A1_FINAL_NO_MEMORY_V1,certified,PASS,,,99de2c3f49e3c9b51c724383dcf4adba871d97ffae5be53d9eaccd76b239feeb,506e353d69d52c36f085df6eca3b7d8cefc92f3d276a946760ca18ed2b4ab9eb,0.0,0.9,19137905.85543848,4.0,1.0,1.0,1.0,1.0,b6800b0755e91f0ef733ee405c5835199cdbf4ff6284aeb36ac55cc0629b5e70,3,2,2,cce6db13dd8be2ca96700156b97e416cdc18521f386a45173b400550dfcf3ce3,P4,1179681496.6998322,1179681496.6998322,0.0,1875001.5659783147,0.0,1875001.5659783147,h09,5,Katrina,1177806495.133854,17262904.289460164,1160543590.8443937,1870309087.2169516,11648256.84743469,1.0,0.0,14111574.188675972,R0,False,True,10400000.0,0.0,0.0,1693737.4143362897,R0,False,True,1248256.84743469,8309087.216951599,0.0,0.0,NONE,False,False,0.0,1862000000.0,1f3f41d49ca1c544584a15e67963ae38a9152fc6b93aac687f7395407d2ed1c7
E2A_VACCINE_H0,LA-0197,197,b3c6834eaa541b9262f7238445c6b1ba82033509df39012d82f2863040ec0ecc,M2,A1_FINAL_NO_MEMORY_V1,certified,PASS,,,82780aeac70a4aacdf9bced3b1ca625b8f9d4410c60573e8845a937fdb812cd3,bb16480a8921089b106035c7b3bb5f9156377d93d546adf4d7768bbcbc133237,0.0,0.9,19137905.85543848,4.0,1.0,1.0,1.0,1.0,b4e4a187342e611f9e6563087e366801ccde3b2a2f41b4ab70ee92de2f75a30b,3,2,2,369b4238306b2347e02e1aa28915eec3acaf96f28366c149c635b81508ed550f,P4,1219966389.5701478,1219966389.5701478,0.0,4792388.868109674,0.0,4792388.868109674,h09,5,Katrina,1215174000.702038,14345516.987328803,1200828483.7147093,1732196363.7899275,149760980.27445883,1.0,0.0,0.0,NONE,False,False,0.0,10400000.0,0.0,0.0,NONE,False,False,0.0,9557344.06438629,0.0,432793263.8548299,R0,False,True,149760980.27445883,1712239019.725541,4479d93d6939969f5841e874c8df14bebda2f0a0e7533049d1bd0d2169aa2008
E2A_VACCINE_H0,LA-0198,198,28d04d1396e976e176b3ad1ed972b6a74cc27bae42c442017a1ee4600c2bc65c,M2,A1_FINAL_NO_MEMORY_V1,certified,PASS,,,f434afe8eb72ef5b1f7580b47ffd598fa723b9d0c83343e46ac508964877bd22,a42d5ed7db326422c53fcb713037d121fb81cf89ff624da1d76646984613cd35,0.0,0.9,19137905.85543848,4.0,1.0,1.0,1.0,1.0,3ef574a637bd4acd8ce432b0e10be1708a8d6a8b1cb61038474f3abd22baeedc,3,2,2,6f864b9d30bbe824063564b9f321583acaa453ab40b37f57a81c18d8b24c2120,P1,1223379196.5519333,1223379196.5519333,19137905.85543848,0.0,0.0,19137905.85543848,h09,5,Katrina,1204241290.6964948,0.0,1204241290.6964948,1871094113.443096,0.0,1.0,15098484.439235728,0.0,NONE,True,False,0.0,0.0,672507.7237816539,0.0,NONE,True,False,0.0,9094113.443095982,0.0,0.0,NONE,False,False,0.0,1862000000.0,0be3b26fb7ee2ba32fcae9c274e562e6f4e33bc42c10bf1cbcdc833e4d9f8597
E2A_VACCINE_H0,LA-0199,199,d1c9720b2467c7b41bbb1bad91de73ac79a2817a1a0aec29b42ba803608c2733,M2,A1_FINAL_NO_MEMORY_V1,certified,PASS,,,4b1248c1956f570ca0110ddd577bbb4e5a3454812789e8ff81565ce315d1f2db,a2f7c21a24fda9a125e053c28c3a0adeabcb70baaa981f8ec413e62f213a9915,0.0,0.9,19137905.85543848,4.0,1.0,1.0,1.0,1.0,03e75206b3680df22ee9ac953d8c0fed98efff3123ce50c8d3151621fc609c12,3,2,2,cf3e8770a6c70b4dd6500466de750bdfffd1f4cb574d3ae4cee6644ff4b11efc,P4,1208978199.7226763,1208978199.7226763,0.0,2105708.3672989737,0.0,2105708.3672989737,h09,5,Katrina,1206872491.3553772,17032197.488139503,1189840293.8672378,1880751347.619058,1205996.4453284098,1.0,0.0,0.0,NONE,False,False,0.0,10400000.0,0.0,3594015.7857666784,R0,False,True,1205996.4453284098,8351347.61905788,0.0,0.0,NONE,False,False,0.0,1862000000.0,fd02cfa4d164eea15b315cda177faa0481435cc0ecf32fde20fb7517dd1d593e
E2A_VACCINE_H0,LA-0200,200,f2534f7fe860fe08da03ba5287d920a0459e5fbf1e54cb66a0bfbb1664b672a9,M2,A1_FINAL_NO_MEMORY_V1,certified,PASS,,,5f4e1ad08383af869383287e7f330b2f4d704330d9120bd1bc8f360473d911cc,9cc88aa870f72168ef82e889db0b003042f63d241c23409a1e75261ac7a01992,0.0,0.9,19137905.85543848,4.0,1.0,1.0,1.0,1.0,df62c6c1c55d3b8481e269fa0b1538cbbf35ae3e6f1e68d9cd717fc1e0135252,3,2,2,16ffa0643d11de550e3ea1dd93b3da7a48453c17217bec219d294f9278fa598c,P4,1210165290.462493,1210165290.462493,0.0,8174363.987067105,0.0,8174363.987067105,h09,5,Katrina,1201990926.4754257,10963541.868371371,1191027384.6070542,1767526253.0674164,114431090.99696992,1.0,0.0,20393898.041668374,R0,False,True,10400000.0,0.0,0.0,0.0,NONE,False,False,0.0,9557344.06438629,0.0,203999948.36112782,R0,False,True,104031090.99696992,1757968909.00303,846fdf3815af04bb7506cf3a87bac570a59810ff8398a8349f8329087ad1b522
E2A_VACCINE_H0,LA-0201,201,8ecfcdba737c4ffbbf85bddf5eec30ec72a3ee53522bd9225c7d7adbd2912825,M2,A1_FINAL_NO_MEMORY_V1,certified,PASS,,,a69777001b98f64bbded9dac4a64db8d8b38330d748c9310652e2c6183485284,31124c186d1ad625d636539bbf0e2c85f0c16078bf6b84d807ddf102d8ef88cc,0.0,0.9,19137905.85543848,4.0,1.0,1.0,1.0,1.0,5eb912416540ebfe64dc334afc7f0c6664318c371be9ced8bcbec114adfcf8a0,3,2,2,f18c11331eb7b392d4ca3a6ffa9a53487d720c11698c2755d048f53d2936490d,P4,1224344964.3651104,1224344964.3651104,0.0,4365230.030802737,0.0,4365230.030802737,h09,5,Katrina,1219979734.3343077,14772675.82463574,1205207058.509672,1743876300.8230116,138081043.24137473,1.0,0.0,0.0,NONE,False,False,0.0,10400000.0,0.0,0.0,NONE,False,False,0.0,9557344.06438629,0.0,334799012.4133439,R0,False,True,138081043.24137473,1723918956.7586253,505bdb4b6837375576ff2d5cae3ce883518cc30defe77f35d527c5da39ac46cd
E2A_VACCINE_H0,LA-0202,202,84052096e398a045e260837ad8a1eaba88a7c1f75a94b2ae2b14a6c0b6895cd7,M2,A1_FINAL_NO_MEMORY_V1,certified,PASS,,,b85b09cf7c28878f66d389d6e2be2e3099fc8a1258b880a90f94d48c7e2adf8d,5c9ed3f6232d110b4fee11f020c6bbee75c346f2d21f263665c303257d84a622,0.0,0.9,19137905.85543848,4.0,1.0,1.0,1.0,1.0,1668cd35545b2eb7ba64f951d047b6148fa6dfec1c3fb6d44b2c79e25c125830,3,2,2,6db924e9b5b66fedbd31b18fcd846fd8d50d659d510da22b6a0e87d2be1ee010,P4,1209512217.1403654,1209512217.1403654,0.0,10128884.972387021,0.0,10128884.972387021,h09,5,Katrina,1199383332.1679783,9009020.883051457,1190374311.284927,1704309646.8944347,177647697.1699517,1.0,0.0,0.0,NONE,False,False,0.0,10400000.0,0.0,0.0,NONE,False,False,0.0,9557344.06438629,0.0,332928900.60928947,R0,False,True,177647697.1699517,1684352302.8300483,e3be4aef8b59b3ba680dc99442984e4ee14c0a85929a2e6fe1f8675c441c656a
E2A_VACCINE_H0,LA-0203,203,75f52792602025983e1e240022e273feaa2e8955ea59a2b5528dbaf6a94c34b2,M2,A1_FINAL_NO_MEMORY_V1,certified,PASS,,,aeb83892d2f3c9a7ab17cd641fb09b2ae41822f14aa44aed5ec2550e1f78bb5e,f10e104aa77b55c9bbcf2de21643dafa55d99a661cc1c58195e0863387e6fe24,0.0,0.9,19137905.85543848,4.0,1.0,1.0,1.0,1.0,d59850fb6c0d6ecc25a2757a581164d25fb98f7543c70af4bbc5c75d77c5a7e7,3,2,2,d679f65b255c7737e454512f562776fa0ebf0e606b2f442cc5a6187afe273e52,P4,1219200052.5521383,1219200052.5521383,0.0,8316447.928828317,0.0,8316447.928828317,h09,5,Katrina,1210883604.62331,10821457.92661016,1200062146.6966999,1730152144.2583184,151805199.8060679,1.0,0.0,0.0,NONE,False,False,0.0,10400000.0,0.0,0.0,NONE,False,False,0.0,9557344.06438629,0.0,179045989.4005783,R0,False,True,151805199.8060679,1710194800.193932,79e849df43955fe272235a103b9b657366529f1a61cebf474d6b707b7990dcde
E2A_VACCINE_H0,LA-0204,204,68bacba53fe9875039b1d3566104bf08443258df24c10e3efe45f99707de2509,M2,A1_FINAL_NO_MEMORY_V1,certified,PASS,,,b9aa6fbea45b56bd8c9e0850861817f061f7eb8cc9b3e74ad33358b8d45b7a20,f72b2261c47afbbd16275c5c71cf20620dbea026328c5b8a5992d5422f85a09b,0.0,0.9,19137905.85543848,4.0,1.0,1.0,1.0,1.0,c0ad73c0d13d883da49eb3c829ecdea935c531862ee451a166f1c64261103c28,3,2,2,94c6f384dbb59a015a40e97c8b35eeebbe2ab43232a269cf7f74534a50321393,P4,1183179391.2434928,1183179391.2434928,0.0,4202774.582882513,0.0,4202774.582882513,h09,5,Katrina,1178976616.6606104,14935131.272555966,1164041485.3880544,1695540819.8114417,186416524.25294477,1.0,0.0,22246717.03566498,R0,False,True,10400000.0,0.0,0.0,0.0,NONE,False,False,0.0,9557344.06438629,0.0,376518250.8323581,R0,False,True,176016524.25294477,1685983475.7470553,edec8429d6093441d0a296229f9d7de5f43e9cbf52ec2c0a59614247582091d6
E2A_VACCINE_H0,LA-0205,205,23884bb8c90f192c69fd9bf16e5ebb5435e6ef34e9ccca458cad5799c9599c75,M2,A1_FINAL_NO_MEMORY_V1,certified,PASS,,,729f2dc0868a107c5bc53dc8613b9565d1c1eaf7a7e3212601b7ad1571a95438,c763180599e9d4cc67606fbf7025803b10dfad8ff6a770a6cb94a45968c57c04,0.0,0.9,19137905.85543848,4.0,1.0,1.0,1.0,1.0,e8ead5eb33f906cdf363d51fd99f8113db428f275a0a8c724f57414ea07323e4,3,2,2,ffe577c46e943f115465a07c702e97b36b7c69aefc240b6068fd3f4cf50c3e3f,P4,1220218410.0448766,1220218410.0448766,0.0,5712529.0330890715,632229.0877382029,6344758.120827274,h09,5,Katrina,1213873651.9240494,12793147.734611202,1201080504.189438,1732868633.5155163,149088710.54887,1.0,0.0,0.0,NONE,False,False,0.0,10400000.0,0.0,0.0,NONE,False,False,0.0,9557344.06438629,0.0,290853099.3744118,R1,False,True,149088710.54887,1712911289.45113,c1e5a7bf362991a9ada60da7812c6955997efdb4c5e82b4c4caccf7c6c182bc1
E2A_VACCINE_H0,LA-0206,206,9184c594f2b02431e1496a521621bbbbb00b8d592886ccc1a42cce343c9031c1,M2,A1_FINAL_NO_MEMORY_V1,certified,PASS,,,759f69001e28551990840437527a0b70f56ea82ffaafe9552f03f6890baaf056,4b5ec4ec2776a126ff3993dae7988865a49ab880a57a9a98449174f84efc37ba,0.0,0.9,19137905.85543848,4.0,1.0,1.0,1.0,1.0,896722299e62784d949c3ea3f0c4bbf1c830ed797c6f0dec1d1b4427071fb8df,6,2,2,24c381b2ca6947d010629845f271d9d0f55f2847a6fc3fcd6dbc0dcfe795c2bb,P1,1231200212.7172854,1231200212.7172854,19137905.85543848,0.0,0.0,19137905.85543848,h09,5,Katrina,1212062306.861847,0.0,1212062306.861847,1880470293.9685812,0.0,1.0,1216202.7927566706,0.0,NONE,True,False,0.0,9686521.57030786,1318638.3520099153,0.0,NONE,True,False,0.0,8783772.398273451,0.0,0.0,NONE,False,False,0.0,1862000000.0,d2b6921dbc44daae273c5acde3dd7108012af621de18edab71701015c659cf80
E2A_VACCINE_H0,LA-0207,207,f7596145dc855b8f83857ff3b76d0149c9a793c0608518405bfeeb8bd5d1a283,M2,A1_FINAL_NO_MEMORY_V1,certified,PASS,,,3a3eca5c810924e68dd80ec46736f9774e0a31d4e286288869c73cf683e19714,e06005d596691b950f9044b472030393017e14979420e4067be89a62ec71c0c3,0.0,0.9,19137905.85543848,4.0,1.0,1.0,1.0,1.0,11b3c9fac1680a1b7455ded98e459378a40b238186030757c4955ebf39aef741,3,2,2,dc8a8ad3dffbe895078f16cf34c6f46f1401ff92ceb581b279b944c0893b0ce1,P4,1237282953.5976288,1237282953.5976288,0.0,7223231.265325602,1324029.8622390777,8547261.12756468,h09,5,Katrina,1228735692.4700642,10590644.727873798,1218145047.7421904,1778388649.394604,103568694.66978244,1.0,0.0,0.0,NONE,False,False,0.0,10400000.0,0.0,0.0,NONE,False,False,0.0,9557344.06438629,0.0,226416764.39259818,R1,False,True,103568694.66978244,1758431305.3302176,5c0e79dbd9382376ec6fd6472e5c05e1c5ea29b0e512619fac03b233211fb4d2
E2A_VACCINE_H0,LA-0208,208,86f8dee9613183fc59f97a4e65221bcd624a99be001735564d47f13ecd95937f,M2,A1_FINAL_NO_MEMORY_V1,oracle_failure,FAIL,oracle_failure,Full exact certification was incomplete,8fc03321f0369b596a83d88537fef376c0d60de42fc18fee5b35312acb700aec,dec12963c7a12301e3f98b03d002fe2ada265a57f4a46e74e6882f26ca6dc659,0.0,0.9,19137905.85543848,4.0,1.0,1.0,1.0,1.0,7079a403ca68b545b67c89d565fdc4eb3ed595e0aba68e91e7ebf717f478dbd9,3,2,1,,,,,,,,,,,,,,,,,,,,,,,,,,,,,,,,,,,,,,,4b4b721c990fe1935c3af0ab665f6a8e6968e242d56150482d23674e578b13e5
E2A_VACCINE_H0,LA-0209,209,e526c4d8714286be126cc93233722f4436728e28184cffcf1aac0e4be1e06064,M2,A1_FINAL_NO_MEMORY_V1,certified,PASS,,,dc80a275476ec8eb002cede8248353ebd47ac6d9f92aeec49edb37a6c57e42fc,0514734ce500a466f089d760501ee101f91cb9b98fe53cbcc0d0febb899981b7,0.0,0.9,19137905.85543848,4.0,1.0,1.0,1.0,1.0,ebee29b895dae5ce215562603f25d3f82a84d946d0054a8929190f528d711852,6,2,2,8959f6a9eb5067e333ef0f0786273597566a10eb66e2ab809b682ddf61aeb9d2,P1,1224114939.1500306,1224114939.1500306,19137905.85543848,0.0,0.0,19137905.85543848,h09,5,Katrina,1204977033.2945921,0.0,1204977033.2945921,1881023278.1204116,0.0,1.0,0.0,0.0,NONE,False,False,0.0,10400000.0,1375244.743851572,0.0,NONE,True,False,0.0,8623278.120411614,0.0,0.0,NONE,False,False,0.0,1862000000.0,a57ed67dbe95bcf6305740d36a6302c1978a20872817dd99369dedf5ada0554f
E2A_VACCINE_H0,LA-0210,210,83c2596975cd51e628c363b9d0b1e44c3d23dbe6c6d62c564575a741a19cda06,M2,A1_FINAL_NO_MEMORY_V1,certified,PASS,,,9af917b1df2de534acfd7cd3df19e6bc3667c8c866f62120bdf5a40a5dc1a62b,f48f8cfaf55e84f26d72c8009449073afe4b4739c3dac8db111db81e9e1ba80d,0.0,0.9,19137905.85543848,4.0,1.0,1.0,1.0,1.0,e0e63e8ffc1098bcbf0c3b1f474c85a6c983e5559ad8100f55fbc168f550673a,3,2,2,afa704d180ba553e853d30fb244388d75e0c588fca3b5a7313dcffe7b60fca8f,P4,1204571857.0773478,1204571857.0773478,0.0,3495294.4628120675,0.0,3495294.4628120675,h09,5,Katrina,1201076562.6145356,15642611.39262641,1185433951.221909,1880455683.5088973,1501660.5554889934,1.0,0.0,393991.8052000757,R0,False,True,227073.25698563352,10172926.743014367,0.0,2211519.5654862965,R0,False,True,1274587.2985033598,8282756.76588293,0.0,0.0,NONE,False,False,0.0,1862000000.0,5c13f4a97bb528f668abbf3626ae311cc48983b2e73a54ce6632fcb089d3bb51
E2A_VACCINE_H0,LA-0211,211,92d6db19e1caa7d5151d909586e63316a48805f07be2e71a5fecf25ca6e04c62,M2,A1_FINAL_NO_MEMORY_V1,certified,PASS,,,ccd8d2576c01b9a4eb4b529b18d6ed3468179570d2a65494d07cc6a24067cc46,23180f73294022f1796e9f64a9bf262efe8c084a8d660f835c6472c6ab32a9fb,0.0,0.9,19137905.85543848,4.0,1.0,1.0,1.0,1.0,6bf9a10f189073adfd8f3a12b7e4dc7fb9f7c6d190f049c0cc35cf0771a9bc38,3,2,2,d9304c06c5034006107f135e9e7245e0c4f4f4e740f9ffed28f9a5d6e8097ca8,P4,1203937479.6045265,1203937479.6045265,0.0,6759139.299459563,1272314.505910944,8031453.805370507,h09,5,Katrina,1195906025.799156,11106452.050067972,1184799573.749088,1880660791.4226267,1296552.6417596708,1.0,0.0,0.0,NONE,False,False,0.0,10400000.0,0.0,1655954.3545786713,R1,False,True,1296552.6417596708,8260791.422626618,0.0,0.0,NONE,False,False,0.0,1862000000.0,dd1a646d8c173d70cfc773da34379c880e32a344b47b370868ca5f15c8ca6d1a
E2A_VACCINE_H0,LA-0212,212,8896fa619231c76be7c870b5bd6b196c4740fc6e25a8f3c6f1bf214cddd7f732,M2,A1_FINAL_NO_MEMORY_V1,certified,PASS,,,a86c19e278a22e91e8cdc3e157e7d4c13dd32e303c327241ff609cfe47ca385f,93f35f1e84eb3adba5f19c03f444e783a70c8a2dac09ff877804d95afec76b3f,0.0,0.9,19137905.85543848,4.0,1.0,1.0,1.0,1.0,0a343eb7f4ce17590533b897e3d4f5ddd9228ea331802c680d5e19f91d606860,3,2,2,54a55b3afc591824c014e6d7d933b6b7a1905a8d86d2b95d9c1e0b7c432933b9,P4,1205166052.7842877,1205166052.7842877,0.0,2057084.1740157618,0.0,2057084.1740157618,h09,5,Katrina,1203108968.610272,17080821.681422718,1186028146.9288492,1754190685.2104883,127766658.85389817,1.0,0.0,18804852.935954582,R0,False,True,10399999.999999998,1.862645149230957e-09,0.0,0.0,NONE,False,False,0.0,9557344.06438629,0.0,212217573.01268336,R0,False,True,117366658.85389817,1744633341.146102,c1eaef36a237e9b4d0fcc497a80d2c948bedb80d9656726fd7cdc2064467b0dc
E2A_VACCINE_H0,LA-0213,213,ae1e170a5cf218e07ea93f50a6e5e3bc19ad858f758a5e43880d2eb9b8f17537,M2,A1_FINAL_NO_MEMORY_V1,certified,PASS,,,a9fab2cfb0729718c4717fed430640279e48d1a6e33dbd23b1007bb13b94fb24,8fa15c992caacc80b1243533a4bdd76ec8877524a1037b539a81fe8c31209ef8,0.0,0.9,19137905.85543848,4.0,1.0,1.0,1.0,1.0,c1d6375e2c150dbd0931fd34dd6e74be216f68c081cc008333924f01ce0be137,3,2,2,97df631c30eaaeafd29f07dfb6aaa5e95d820c9428cd06a9f0a1cae7096d14be,P4,1230521564.5506852,1230521564.5506852,0.0,8688267.895068854,0.0,8688267.895068854,h09,5,Katrina,1221833296.6556163,10449637.960369622,1211383658.6952467,1760352507.0371995,121604837.02718681,1.0,0.0,0.0,NONE,False,False,0.0,10400000.0,0.0,0.0,NONE,False,False,0.0,9557344.06438629,0.0,188881630.698522,R0,False,True,121604837.02718681,1740395162.9728131,d2d807e6adc19742652a0254b765ce3abd60b512545633e7ddf4991c6350f4d8
E2A_VACCINE_H0,LA-0214,214,9efce6e2880d1e62f9f9070735f458410132cd0efd7181e5ae450433b6048b6a,M2,A1_FINAL_NO_MEMORY_V1,certified,PASS,,,41272ac81a1e16052c1ff66fe2821daf104b9a77aca63aecd7b194b040274eb0,c9f9772bf2fdec9a29d11282a530be86571c5682524ef68991bc05be6529376e,0.0,0.9,19137905.85543848,4.0,1.0,1.0,1.0,1.0,404062f8a30b6b8d4674bcbeb7b31bd4f57e727737f5492cce889d63ec7aa313,3,2,2,83f61024e7efb397ba23b768dd777fb9354271274a9116481a9c103658a50895,P4,1231717601.5820162,1231717601.5820162,0.0,6923578.911058146,2226653.74132785,9150232.652385995,h09,5,Katrina,1222567368.9296303,9987673.203052483,1212579695.7265778,1763542960.065718,118414383.99866849,1.0,0.0,0.0,NONE,False,False,0.0,10400000.0,0.0,0.0,NONE,False,False,0.0,9557344.06438629,0.0,174915468.74880093,R1,False,True,118414383.99866849,1743585616.0013316,4d141512ecbbc0ec5285f89dd75ca7f9547d1cbcebcb325686bdbd7d939dee2f
E2A_VACCINE_H0,LA-0215,215,3c19dfe670aa6e691fcff3daec1b632b01af2e3c05e95ca411e0df62a87ea30d,M2,A1_FINAL_NO_MEMORY_V1,certified,PASS,,,2cc8e7fb3483ce13c48ccce4a0a986c1d7366d09a111f77a7be60536adba0ea8,ac7f23ea723905070d759c2ef700d66d26fd40045a98a0a85082434d7698205e,0.0,0.9,19137905.85543848,4.0,1.0,1.0,1.0,1.0,f1018f789c2a587bfe8ee1b064d4d95b8e95db3435f722d3dd80758856921812,3,2,2,be5f630c5a889df198d52bc506c43acc8ff593f28232ad4cf7787be1b6a2e4c9,P4,1234345741.5900526,1234345741.5900526,0.0,5614649.6116569955,0.0,5614649.6116569955,h09,5,Katrina,1228731091.9783957,13523256.243781483,1215207835.7346141,1832028096.6641934,49929247.40019289,1.0,0.0,33907410.290091015,R0,False,True,10400000.0,0.0,0.0,0.0,NONE,False,False,0.0,9557344.06438629,0.0,128878308.65931286,R0,False,True,39529247.40019289,1822470752.599807,feae9540c679e12a7105ea58b7e673b18934a71509cc9b6a20f503b43d4578af
E2A_VACCINE_H0,LA-0216,216,dbb498be1c3f008cc6fb508e6ceee41fe53337982ef2d1543830b70fdcd42b01,M2,A1_FINAL_NO_MEMORY_V1,certified,PASS,,,6ce0210fc39d08877996a34c80135a0c38803b08d9e88236d9c14a5141e71bf4,39569a34d675a2a68918da04198bb09d37a2cc2be29dab6f05dd4bbc6390583e,0.0,0.9,19137905.85543848,4.0,1.0,1.0,1.0,1.0,b5a47e595439bf482eb083f74b8462727a378cac713830af7961faf8fbc27d89,3,2,2,25eea0c417d2c48993424e1cad72fd3dfaa8b842defbf75bb5f314ad513b9d51,P4,1235031757.209995,1235031757.209995,0.0,5149644.220303088,0.0,5149644.220303088,h09,5,Katrina,1229882112.989692,13988261.635135388,1215893851.3545566,1833858057.2380905,48099286.826295935,1.0,0.0,19509434.498602815,R0,False,True,10400000.0,0.0,0.0,0.0,NONE,False,False,0.0,9557344.06438629,0.0,70720362.20977506,R0,False,True,37699286.826295935,1824300713.1737041,9e47bff33cfb081e76fe424068062b23f152028e8f689d3451dab94411213afd
E2A_VACCINE_H0,LA-0217,217,f9d410e023a2c1a6046f9072a31a748482f1f7416899506cb757e0779ebbac7d,M2,A1_FINAL_NO_MEMORY_V1,certified,PASS,,,1b5d2714ed5d944243b65b340a8313d799ffa0d05e5ded3774a559c1835b9d49,f06603a4c66a2cd441efeeae8c906502408f481c01deef99e8a168b7577f11a2,0.0,0.9,19137905.85543848,4.0,1.0,1.0,1.0,1.0,abed339a68126c24ca48d235f99d135b986ca4006997baa2166fe3319453f4dd,3,2,2,bb5d07b4f2ff0051ab9302c169e68faa93684fa0f692d374f8cdf2ac0d4c684c,P1,1220474450.9650059,1220474450.9650059,19137905.85543848,0.0,0.0,19137905.85543848,h09,5,Katrina,1201336545.1095674,0.0,1201336545.1095674,1871041929.884837,0.0,1.0,14310171.680028029,0.0,NONE,True,False,0.0,0.0,709198.5957375915,0.0,NONE,True,False,0.0,9041929.884837013,0.0,0.0,NONE,False,False,0.0,1862000000.0,683b233612034951846c0b3515083374e35b246b803900d3ee644aa0d9c0224e
E2A_VACCINE_H0,LA-0218,218,fbdd04d57bbc0f2b162896c7c023e8273c6e35389e763e185b0d0f93d38db844,M2,A1_FINAL_NO_MEMORY_V1,certified,PASS,,,a3c08d7c20c351f24aea51569ed94353671ba7013fed7335d57ac6e2cff806ea,c187123fa22d7641c28faac3ee8f970c3e59d94dea84d00488cbc9f4360fbf53,0.0,0.9,19137905.85543848,4.0,1.0,1.0,1.0,1.0,882403d33c2ac0fc3b67c5c19e1bdedcee6a8dd547fe66fc1acf931adbf39c55,3,2,2,3935122aae2a21044da664a69f361d41949f0d419d76cf1bd520e2ed60c1a167,P4,1211583167.4507778,1211583167.4507778,0.0,6483030.609370776,0.0,6483030.609370776,h09,5,Katrina,1205100136.841407,12654875.2460677,1192445261.5953393,1880798145.6883326,1159198.376053807,1.0,0.0,0.0,NONE,False,False,0.0,10400000.0,0.0,1386104.3595103726,R0,False,True,1159198.376053807,8398145.688332483,0.0,0.0,NONE,False,False,0.0,1862000000.0,7f81b9165fd744ea4201a92aaad9ee837bf726afa7f6bc7e79d99f1d82354e4a
E2A_VACCINE_H0,LA-0219,219,5bef757b1be3533cf676a85395ee0324314ac146193a8d3071a96ed0904cd65d,M2,A1_FINAL_NO_MEMORY_V1,certified,PASS,,,3f54738e2923fdc39731208d1de0af6409f4c42cb0357576df73cd1203052e7e,49d0fdcffe995efa457218c2ab779bb012915075b87d3a6ba3312f6634b7ce6e,0.0,0.9,19137905.85543848,4.0,1.0,1.0,1.0,1.0,acc2027aef8af8011625b5c7b4b19db66608f951e72a81ee3671bc240a941323,3,2,2,c57f281cab8b90fb2490eac93ecb8459dd694f4b231739007d28a1eb372b2e1f,P4,1189316014.7628834,1189316014.7628834,0.0,1419089.8162455352,0.0,1419089.8162455352,h09,5,Katrina,1187896924.9466379,17718816.039192945,1170178108.907445,1711910387.4581294,170046956.60625687,1.0,0.0,14892190.585738482,R0,False,True,10400000.0,0.0,0.0,0.0,NONE,False,False,0.0,9557344.06438629,0.0,228605086.94360563,R0,False,True,159646956.60625687,1702353043.393743,79ff71acb9e0e79bf254d6f1cb5b776c454610a5095450b1cd725f8201aea8a9
E2A_VACCINE_H0,LA-0220,220,244497016d8f27d5db6f7899ca9a66ccf62b69016ea3e49dc7ba93a709ba3973,M2,A1_FINAL_NO_MEMORY_V1,certified,PASS,,,4e149d65c6e82c0e43e2f417ed8a3ab93ae4f5e5760cf5575cb6ceb67dab0771,fc5c49d89e95e73f43b93caf7b90e095aded5de30a489f843aad06edd8d1b2fe,0.0,0.9,19137905.85543848,4.0,1.0,1.0,1.0,1.0,55456eea90c6890578c8fe212279525e80dacd1ed47ed6e8018415ce8158d8e8,3,2,2,3d3733f5b75c57f5c27ffb807cf13a741c748c2db7079092d38dc887b4fd492c,P4,1222632015.524519,1222632015.524519,0.0,2534462.0516521465,0.0,2534462.0516521465,h09,5,Katrina,1220097553.4728668,16603443.803786332,1203494109.6690805,1739306975.063858,142650369.00052845,1.0,0.0,0.0,NONE,False,False,0.0,10400000.0,0.0,0.0,NONE,False,False,0.0,9557344.06438629,0.0,231321471.46376982,R0,False,True,142650369.00052845,1719349630.9994717,409ffa55a32342f6e08f602faa13480029395ac7cb0c05ba47b4eb4ba9339815
E2A_VACCINE_H0,LA-0221,221,2b7f0f9adcc4e5c60f04eb9202d3c271703e808e39e3c28423e9a43b14a88a6e,M2,A1_FINAL_NO_MEMORY_V1,certified,PASS,,,0a7734684f4fe6832be5976a46debe6739c715bdbc0480341e21557e95be87e2,69fd10ccd4395eaf2fb6b1856da42a326abbded194ee99fbd4b88e337e09ed16,0.0,0.9,19137905.85543848,4.0,1.0,1.0,1.0,1.0,f63d564dd75584b7fe28707737f97127d3172890cc7e237321d032666861564a,3,2,2,bc4457fd466340cd83d3859906c98cf18fe207be52df6b0da226770ce65ad32c,P4,1230319077.674871,1230319077.674871,0.0,4716747.686308239,0.0,4716747.686308239,h09,5,Katrina,1225602329.9885628,14421158.16913024,1211181171.8194325,1759812369.1909175,122144974.87346897,1.0,0.0,0.0,NONE,False,False,0.0,10400000.0,0.0,0.0,NONE,False,False,0.0,9557344.06438629,0.0,159683672.6858088,R0,False,True,122144974.87346897,1739855025.1265311,e63674183efde88b2e98dacc6acf9bcb408cfb2cf3e1289f8085c31b6c2f424d
E2A_VACCINE_H0,LA-0222,222,b4857d22595373a3c8a611d1ebdf1d18a9f544bc795d256727fccea25734b07a,M2,A1_FINAL_NO_MEMORY_V1,certified,PASS,,,bfce9558422fed10c5b6202d592acc7b711eb4eed73b284aaa2049c2ca4a5463,cee470f70d814c0d6f1de0e6e54fddf475d34eadcee7ea9e1852944fa1e137bf,0.0,0.9,19137905.85543848,4.0,1.0,1.0,1.0,1.0,aee37fc57d01be4512bbd06cbe0058e074ae9128163cd14f482c26b3dcd7ffa2,3,2,2,cbe703604dc29f9b68fe95196085365706a4b7cbf468c7b11aee1cf3b854ad98,P4,1197951730.928874,1197951730.928874,0.0,7207901.688104792,1177955.324733458,8385857.01283825,h09,5,Katrina,1189565873.9160357,10752048.842600228,1178813825.0734353,1880553257.8519948,1404086.2123915497,1.0,0.0,0.0,NONE,False,False,0.0,10400000.0,0.0,2151157.081962004,R1,False,True,1404086.2123915497,8153257.85199474,0.0,0.0,NONE,False,False,0.0,1862000000.0,9b3070ad18475b568d9b5694a62d41b868e4ff588fa1001c0312736410f0e557
E2A_VACCINE_H0,LA-0223,223,aa7445b5aef9746dda532765389b063f98842db71739dfc3334e1e0943417b11,M2,A1_FINAL_NO_MEMORY_V1,certified,PASS,,,4574df210a770a7e468015f0356af08c75045b41571c6f64f6853074f0aa2f08,83323d7564d0e7faaa41f74d28f5434bb445dd93cba9fb42d3c3ce53650d6537,0.0,0.9,19137905.85543848,4.0,1.0,1.0,1.0,1.0,2b39d2187474bb4d67c1ea8d6d8f4408c947442e5aac407ca354c263e9b455de,3,2,2,d2aded558b02bf135be17d36451db3fc3085d38b4d0f3db92a2a21ce9bc423fb,P4,1218695867.1863906,1218695867.1863906,0.0,3044221.3519405825,904675.9087552935,3948897.260695876,h09,5,Katrina,1214746969.9256947,15189008.594742602,1199557961.3309522,1880925924.858633,1031419.2057532043,1.0,0.0,0.0,NONE,False,False,0.0,10400000.0,0.0,1583999.057885118,R1,False,True,1031419.2057532043,8525924.858633086,0.0,0.0,NONE,False,False,0.0,1862000000.0,78887518cf66e6ffb58309dd107e2f3eb851f682f76152ee2efa2139f41a643e
E2A_VACCINE_H0,LA-0224,224,ec7ba463fcc8875675b20bf2012612b7aee4f014952e4a882082e58cd770069d,M2,A1_FINAL_NO_MEMORY_V1,certified,PASS,,,d61436c683083f8fb70c5d4a2c0194dad9914b5ba4cf990531815b7ba5186245,06b18efaf838b2aab78bea77117898debce74d79e1eaf423dfd63202911e3369,0.0,0.9,19137905.85543848,4.0,1.0,1.0,1.0,1.0,d7d2fcc4395fe8353ab2a1c0b33ea39a2e6a280f616bfdef21ce21e057590654,6,2,2,f0848c0f55f68f1585c9b193f49d5a6e9fd18f69627023b2302ebbbefe9f6326,P1,1225493685.776996,1225493685.776996,19137905.85543848,0.0,0.0,19137905.85543848,h09,5,Katrina,1206355779.9215574,0.0,1206355779.9215574,1871132100.0991945,0.0,1.0,15729236.578657832,0.0,NONE,True,False,0.0,0.0,643150.2819374676,0.0,NONE,True,False,0.0,9132100.099194407,0.0,0.0,NONE,False,False,0.0,1862000000.0,70ca21b9ecf7f47cf17b90bc88a9d4d82d33544110c507badbb4d48fc1df8aeb
E2A_VACCINE_H0,LA-0225,225,32db4626f4583c27c0d2c73d99b4e2f234fdf139fc9c44a741e1fbffdc7408b3,M2,A1_FINAL_NO_MEMORY_V1,certified,PASS,,,671f734b5c16be2873598507742b8f77849303356d46720904ef09be394431c8,f036d788ea48a58204e267eddbc93f1c90b75488eaa9323d10a3845e7544fca3,0.0,0.9,19137905.85543848,4.0,1.0,1.0,1.0,1.0,b459ae4ea7aa5bda07ffe441a1f30ffe6e4d7e9dd8276551666fd3755b6c80f5,3,2,2,e2d2925d1d632616fae53a099805964b965a377055a6960566a71c2f582be205,P4,1227314690.6329396,1227314690.6329396,0.0,1395050.4877253398,0.0,1395050.4877253398,h09,5,Katrina,1225919640.1452143,17742855.36771314,1208176784.777501,1751798105.8481638,130159238.21622255,1.0,0.0,0.0,NONE,False,False,0.0,10400000.0,0.0,0.0,NONE,False,False,0.0,9557344.06438629,0.0,199179290.19988608,R0,False,True,130159238.21622255,1731840761.7837775,eb60fa86dda8f66eb0c0fded2ebb3754718a95c5e41b5adeeba01803c0fd0889
E2A_VACCINE_H0,LA-0226,226,5db8c42897c778381794c8f901390f4c88266f301e22be8cb9b2f0e6799a6d25,M2,A1_FINAL_NO_MEMORY_V1,certified,PASS,,,aa6f19481be82b47ed1ca64a36411d730b2786d2d8ca29feac4d564c1a443296,d167cdb72d30cae6255f874a530c1ece2477cb03735d3fccec3ad432e11324db,0.0,0.9,19137905.85543848,4.0,1.0,1.0,1.0,1.0,178ca129057411b08f5486dea2055f9066744d6bdb7e34e30f5f8f30a3d7792b,3,2,2,3bacdd016ad41e61e4ab1bb7071e54f9e0d8afc342f7ddb2b701e2b7d8e5ce12,P1,1230874161.1563976,1230874161.1563976,19137905.85543848,0.0,0.0,19137905.85543848,h09,5,Katrina,1211736255.300959,0.0,1211736255.300959,1871228759.9759443,0.0,1.0,17600165.556433816,0.0,NONE,True,False,0.0,0.0,556070.6111336802,0.0,NONE,True,False,0.0,9228759.975944223,0.0,0.0,NONE,False,False,0.0,1862000000.0,d2915b482cc2aed066392351055cd03c5046a06eab0e35e6f0d3678069b25785
E2A_VACCINE_H0,LA-0227,227,2a72832f6a49efaf3ad9c76999af9764709bbda0604b5532f5feeda06ac1bea8,M2,A1_FINAL_NO_MEMORY_V1,certified,PASS,,,f417d24497c5edc7bdf6fc0727863ea262c9a58dace82c48eed8793dfbf7c9db,781cb534cc42fc7e8b3bdc5b9d8cb648be6c84a455ae8f6bc0786034d7b98fdb,0.0,0.9,19137905.85543848,4.0,1.0,1.0,1.0,1.0,68e95ccc9449921b95dc6d2f079f368072ba4a077aa10c16b3f416cd1627ef2b,3,2,2,9d34c3e45af4e189d2bb1dc92f11d1248f2e6a68bb4238727584660372503a86,P4,1222488098.49828,1222488098.49828,0.0,3858231.0332914544,0.0,3858231.0332914544,h09,5,Katrina,1218629867.4649887,15279674.822147023,1203350192.6428416,1800397593.3250644,81559750.73932199,1.0,0.0,12569061.820752302,R0,False,True,10399999.999999996,3.725290298461914e-09,0.0,0.0,NONE,False,False,0.0,9557344.06438629,0.0,86001087.13383293,R0,False,True,71159750.73932199,1790840249.260678,51e806678ef72cd3c4e1946e1361f665c2b955b6d5fb00e4467c2ad34595d60c
E2A_VACCINE_H0,LA-0228,228,9a7cf482266b21d433ac9d5b4c7a3c408df6990466426254b045b477ff91c73c,M2,A1_FINAL_NO_MEMORY_V1,certified,PASS,,,913e00bfdabd2376c01d1bca88d279cdd8c0155c4e3c7a8794d8f29889a7a092,179ae4fe648eb833aa95872fa2db912c160d2fcdcb6dde7e38e60010845e80c9,0.0,0.9,19137905.85543848,4.0,1.0,1.0,1.0,1.0,bf669f9ad53363cb924137e0a7a6c8385c0260385fd6b3f9508378f77086ff3a,3,2,2,760cf8d211f94488d021b118de8284cea090cf5c0cc64a4cf8e84e2179554974,P4,1215218891.078079,1215218891.078079,0.0,9408038.00253289,0.0,9408038.00253289,h09,5,Katrina,1205810853.075546,9729867.852905588,1196080985.2226405,1719532315.3155653,162425028.74882108,1.0,0.0,0.0,NONE,False,False,0.0,10400000.0,0.0,0.0,NONE,False,False,0.0,9557344.06438629,0.0,201206707.84613845,R0,False,True,162425028.74882108,1699574971.251179,61647cb053a3d70261689a2b3ca734ea5fdc2333ef5391018362940667b1bca3
E2A_VACCINE_H0,LA-0229,229,8fe0b0a129a27ec3b9201d2b52a5a40b1581770750ada369214e69d9d2fa5500,M2,A1_FINAL_NO_MEMORY_V1,certified,PASS,,,3f1bf5bd4f673923875e718a73f8ae497ffc99dc189662760d7e9c60a4d04501,a915052e012c06d1fe82be698c7cfb46deebf778ea69bb4d2778b84cfe012c1d,0.0,0.9,19137905.85543848,4.0,1.0,1.0,1.0,1.0,bb0e0f0594e07d3161ef5a843ecfa4dc3fd6b04f35f36c164ad59276094d6e21,3,2,2,bb5647ef47ae14c03b320ab9b5c195ce423697d4c78b301febb9de2bdeab606e,P4,1211975904.7857907,1211975904.7857907,0.0,7490307.433105163,0.0,7490307.433105163,h09,5,Katrina,1204485597.3526855,11647598.422333313,1192837998.9303522,1772356103.4816768,109601240.58270958,1.0,0.0,16248005.863331074,R0,False,True,10400000.0,0.0,0.0,0.0,NONE,False,False,0.0,9557344.06438629,0.0,154982917.17669055,R0,False,True,99201240.58270958,1762798759.4172904,c35958f096035f542d83ff8856257febe736bb659deeb720395433099a7527bd
E2A_VACCINE_H0,LA-0230,230,6722e072a7e54ba3bc9227e09b9f6e8e3d8d965f2aa22fe5f185f73ef262702f,M2,A1_FINAL_NO_MEMORY_V1,certified,PASS,,,8982b4dc1791593b4c03d123d030a70b524a35fb73c8b13471e5da391fda8c83,2349d7e6956df608b31a1183bc8c72cf2ec6bf6ed042b18a8e562d7472847b66,0.0,0.9,19137905.85543848,4.0,1.0,1.0,1.0,1.0,32b05a6b92bad81c7a1215f1ef5a566e81136471e69cf78a83ecebd6f8e53bc7,3,2,2,fb7006688bd4e396993c0c386521eb75e2302c9f9ef90fe3207f24bbbefbd125,P4,1153281214.955219,1153281214.955219,0.0,998491.4998447846,0.0,998491.4998447846,h09,5,Katrina,1152282723.4553742,18139414.355593693,1134143309.0997806,1554312308.5857856,327645035.47860074,1.0,0.0,0.0,NONE,False,False,0.0,10400000.0,0.0,0.0,NONE,False,False,0.0,9557344.06438629,0.0,518056315.54713833,R0,False,True,327645035.47860074,1534354964.5213993,b82f5c5ac9f62e134d816c7bc280ae1a5f38562e8019665acd2cebc35a78ee2f
E2A_VACCINE_H0,LA-0231,231,c19ae09cb55a3839287aec3371ba5d67a0a8141e47c80fb39f7629bea09a231e,M2,A1_FINAL_NO_MEMORY_V1,certified,PASS,,,df77beca2693c9a2af19e62b0f05dd8f5141285e3be56dc47488f6be7dcd3ce4,b4a8d14342238fdc94c7df2680e599d7735a1a84aa1919c0a823afb74b4bc3ae,0.0,0.9,19137905.85543848,4.0,1.0,1.0,1.0,1.0,20666ce5c61057a0debb8ff746306a49da4786baf3175f5945d6b2e4a44f4e81,3,2,2,dafe4de6d7b387152e58a6f46aad10886d612b4a35cab7ae7eab6b2d0a290ee8,P4,1228519390.2996926,1228519390.2996926,0.0,4564897.694355091,0.0,4564897.694355091,h09,5,Katrina,1223954492.6053376,14573008.161083385,1209381484.4442542,1816486186.4786408,65471157.58574558,1.0,0.0,23065274.498055216,R0,False,True,10400000.0,0.0,0.0,0.0,NONE,False,False,0.0,9557344.06438629,0.0,122137631.4077767,R0,False,True,55071157.58574558,1806928842.4142544,56b84261ed911d1072046d308c0aabdae31dbc2f760e4253b684bddb9816748c
E2A_VACCINE_H0,LA-0232,232,7c6f707dc90b1b6f1a0ecba913cae8658b14029bd1c1dd9f235ed106786c2bd0,M2,A1_FINAL_NO_MEMORY_V1,certified,PASS,,,37832d840aca1425a6fed92153cdd0aa36dfede2074ac8116f17fd5301b20874,e50b8f0afdd98051d97518e28d965c3121632b7abc8df194c862eab71128a19f,0.0,0.9,19137905.85543848,4.0,1.0,1.0,1.0,1.0,52843d0e063d9d1e14bd264542ef15a21e8c27859e63d82d7c640565efff2df1,3,2,2,9adebb637de19d3ec2f8515c12e72e29d97555f8bc182debb8d1aa9d901e05bb,P4,1208370973.0594308,1208370973.0594308,0.0,6059505.173059725,0.0,6059505.173059725,h09,5,Katrina,1202311467.8863711,13078400.682378752,1189233067.2039924,1762739875.0182757,119217469.04611064,1.0,0.0,13657827.478217945,R0,False,True,10400000.0,0.0,0.0,0.0,NONE,False,False,0.0,9557344.06438629,0.0,142904828.73539427,R0,False,True,108817469.04611064,1753182530.9538894,6f275c9329e437b33d71323220fbc2871db965ee32e632aba283dcd2e5d9180d
E2A_VACCINE_H0,LA-0233,233,fadeb3e9ff215d9cb978aa304ce8f4e6030eff3b535dd9b7565b61ce8e62fbf3,M2,A1_FINAL_NO_MEMORY_V1,certified,PASS,,,b4ec533291004160d86be5a6172c3120a3b4635edd4be4b7a65e9147ac817297,f810414002ef5677607745e8e015e1a7f8cbe5bf30a919c41b28f57f0d08fdf4,0.0,0.9,19137905.85543848,4.0,1.0,1.0,1.0,1.0,10c82e3b30ea0441ba0d7411ee2c9f8a7d4e9e8414b6d303ef6a9a9f2e8f4f42,3,2,2,8c29d36165539efdbfeb43e49a9734be46e1448f693cfae2f171c3d35683ea9a,P4,1232156631.7494042,1232156631.7494042,0.0,8169220.942456219,0.0,8169220.942456219,h09,5,Katrina,1223987410.806948,10968684.912982259,1213018725.8939657,1826188601.7841024,55768742.280283876,1.0,0.0,21098930.911326442,R0,False,True,10400000.0,0.0,0.0,0.0,NONE,False,False,0.0,9557344.06438629,0.0,92041534.51014273,R0,False,True,45368742.280283876,1816631257.719716,818570982be1835e373f4d4020c2761f193efc7ddeed70fcdc87c9d72d7001c5
E2A_VACCINE_H0,LA-0234,234,8e316c08f7d87d64aec2e3e6f08cf315a53267d5c84dae77db84879e2cf7e9b1,M2,A1_FINAL_NO_MEMORY_V1,certified,PASS,,,999cdc4412b81825d7dae1ee678a34814e79c6db7b5210d4eaa368b6e0868fb1,0c63e5162dd9e278c38e84a79eee7f585849abb4282224667332c8e42257f9b5,0.0,0.9,19137905.85543848,4.0,1.0,1.0,1.0,1.0,59fc2ec0315b6c0c15842a3413809c9c877667bb661d37e08d57a576f39cbcd0,3,2,2,08cebd07a09120b2e1c648bcdeb3d788ca685870e3d03266d189ce3b3a82e20f,P4,1188303790.2823021,1188303790.2823021,0.0,3236332.9107935824,0.0,3236332.9107935824,h09,5,Katrina,1185067457.3715086,15901572.944644894,1169165884.4268637,1647735738.288845,234221605.77554137,1.0,0.0,0.0,NONE,False,False,0.0,10400000.0,0.0,0.0,NONE,False,False,0.0,9557344.06438629,0.0,652149065.9082102,R0,False,True,234221605.77554137,1627778394.2244587,a2b63c381d6399d783ad76f7ebe5dddae1da624ad19506ba22676feaf11d3018
E2A_VACCINE_H0,LA-0235,235,45e98c81afa1f2024dacad5dbe95ff337089e8f5882cfa9c9cab69d4c02cbfd7,M2,A1_FINAL_NO_MEMORY_V1,certified,PASS,,,e3b8a93506d38c8a125ca58627e0fd2de2253315d5d6100bb15b8dc49927a395,302ad8d8dd3b27e3d5e9f0bedf410934765fb25314d256bf3ea496811b1efcc9,0.0,0.9,19137905.85543848,4.0,1.0,1.0,1.0,1.0,4d37558c688225f5fb8c34245ba66dd999190ee883079fe3cb202ca3faa50c55,3,2,2,ca4b58e298dfc36cd5226932e62a92c1000068ca5a91dbf4d38dc0b41843bf69,P4,1191933008.484025,1191933008.484025,0.0,1110046.7922008603,0.0,1110046.7922008603,h09,5,Katrina,1190822961.6918242,18027859.06323762,1172795102.6285865,1718891271.2639918,163066072.80039462,1.0,0.0,27466263.979377467,R0,False,True,10400000.0,0.0,0.0,0.0,NONE,False,False,0.0,9557344.06438629,0.0,403189101.5606247,R0,False,True,152666072.80039462,1709333927.1996055,546ea044b08da7964d7db2a7ff4e71b1fcf2d57db598e6e2387d328331ca5ffd
E2A_VACCINE_H0,LA-0236,236,7e019841ec52d8a83157a12ba9adb5a0b8cc4a41916aeeb09586b9fec714a77f,M2,A1_FINAL_NO_MEMORY_V1,certified,PASS,,,5a93ffad433631ed823b2fb5fa647b91e2c008a8d01eef0955ebc06d27ca1610,9f6b63efc4c091736a14361d3cb97139570104dfd1eaff6659965b31ec656400,0.0,0.9,19137905.85543848,4.0,1.0,1.0,1.0,1.0,c46e67f3a6a6fc5fcaf5ae6261b7efb06161d331f847532f0bba945da0ccd765,3,2,2,190bd1ca33cf7dad8fd8485269d41c345cf70228e7ff3d7e971077e0301131a6,P4,1204626473.6383934,1204626473.6383934,0.0,7172083.896343822,0.0,7172083.896343822,h09,5,Katrina,1197454389.7420497,11965821.959094657,1185488567.782955,1691276827.0534933,190680517.01089314,1.0,0.0,0.0,NONE,False,False,0.0,10400000.0,0.0,0.0,NONE,False,False,0.0,9557344.06438629,0.0,230870902.00079873,R0,False,True,190680517.01089314,1671319482.989107,d3cf5c59973240ddd73f4bb99c952d8e50db601c3f5a4b7c369339cb3bd0e024
E2A_VACCINE_H0,LA-0237,237,1b9d17016cb75ff947174012309ba745452f8e70311d2a2fd1630e3fe2239b96,M2,A1_FINAL_NO_MEMORY_V1,certified,PASS,,,7dd805125188ed0295a83a30cfc31addc1b84c04fcd30a31f21b19b8a05307f9,7aaaf4a7455ecd96da55d5cf0151fabd56b596e494a278e33589c9ce9f025438,0.0,0.9,19137905.85543848,4.0,1.0,1.0,1.0,1.0,d31e36da2438fb3686157a398820307879ffa858ac341cfbbacadf42a0c7f363,3,2,2,f5ff8c288b1b9f7f947d22073e373adb40a4c640b8e7b2299c6e174c53f363ff,P4,1223532563.4714236,1223532563.4714236,0.0,10242883.464512272,0.0,10242883.464512272,h09,5,Katrina,1213289680.0069113,8895022.390926206,1204394657.6159852,1741709204.9691737,140248139.09521273,1.0,0.0,0.0,NONE,False,False,0.0,10400000.0,0.0,0.0,NONE,False,False,0.0,9557344.06438629,0.0,225132408.96082243,R0,False,True,140248139.09521273,1721751860.9047873,2b9cdbd669180bd3ae193525de615d940fe47f1a39dcfd69431942ffa205fc57
E2A_VACCINE_H0,LA-0238,238,347fe1e04cd1b5e2826a2145f31f5f8e5b51650cfb5055ec15af3f7920b4d0f8,M2,A1_FINAL_NO_MEMORY_V1,certified,PASS,,,da1c8e778390e3b1fcc3964c0eeb12df945b507a7e1a0646ea2251aceefb64c1,83a0d9a7e3a321ccc80ae10f65e8eaef7f5211997eb4cee53072eed13e7c9d6b,0.0,0.9,19137905.85543848,4.0,1.0,1.0,1.0,1.0,1f96550d2961b42a91b471de2fc48cefdf7548e8991437f3ebd6fdad065db915,3,2,2,c9b73494a2f48a177cd233670d77766abcb5a5a9fbe4c78bad3869e6fdf6e945,P4,1220360436.7352376,1220360436.7352376,0.0,7549595.437863291,0.0,7549595.437863291,h09,5,Katrina,1212810841.2973742,11588310.417575186,1201222530.8797991,1733247492.5913832,148709851.47300324,1.0,0.0,0.0,NONE,False,False,0.0,10400000.0,0.0,0.0,NONE,False,False,0.0,9557344.06438629,0.0,201942618.92996758,R0,False,True,148709851.47300324,1713290148.5269969,743b7aaceaf50a2c3fcedf86f512774776da485e66b2b84d9f20d0e96fdf16a9
E2A_VACCINE_H0,LA-0239,239,dd6f81b30c0ccd002fbeea466009b4c503517651964b11433f76f849d243c5e9,M2,A1_FINAL_NO_MEMORY_V1,certified,PASS,,,596cfaf43d804017c521e5aa76d6509b1cb60ad693cb8c17fa764dec1a92efc8,662c2febf578e32b6942a7c07b69632f81b18093a226df472d797716f2560b11,0.0,0.9,19137905.85543848,4.0,1.0,1.0,1.0,1.0,3e0f43eaaddb2ff576af22926acd48d2fb16874fdbabcd3c4afceb62f2a5a89e,3,2,2,fa2ad097a7d4f6a5909990192cfd54b5845ac80155c8d65cd95efb7ac38dc20f,P4,1219016056.0277982,1219016056.0277982,0.0,5554763.658037748,0.0,5554763.658037748,h09,5,Katrina,1213461292.3697605,13583142.19740073,1199878150.1723597,1791135849.6458025,90821494.41858399,1.0,0.0,25768223.340685174,R0,False,True,10399999.999999996,1.862645149230957e-09,0.0,0.0,NONE,False,False,0.0,9557344.06438629,0.0,199261445.1509364,R0,False,True,80421494.41858399,1781578505.5814161,66ec6ea99ed9eab01e1e48bab99a5d378a55242a5240f53cf78fe2c655c6e716
E2A_VACCINE_H0,LA-0240,240,456ab94e95f6c4c22089c52fc66aa76bff495fbe9e7b34fc46077478105cafdc,M2,A1_FINAL_NO_MEMORY_V1,certified,PASS,,,cc1025a61439010b1bf01bcf3223ed6bc96eed0557e4902d26c826ea145b4537,e84ffb7b5bed82e01557835a8f0e2520b83605ccc96cb3ff0db72eebef9c52a7,0.0,0.9,19137905.85543848,4.0,1.0,1.0,1.0,1.0,d12b11c35ddc7d203aba54744842275a2d0484efe1ec1a0547a0e9dfc2563073,3,2,2,62b8604c0b9f5b4340b886d322f48293852c33baa7e7b6becf379896d9a1dd01,P4,1174915473.3193264,1174915473.3193264,0.0,3889120.554400987,0.0,3889120.554400987,h09,5,Katrina,1171026352.7649255,15248785.30103749,1155777567.463888,1673496651.2130456,208460692.85134065,1.0,0.0,14427839.480618743,R0,False,True,10399999.999999993,7.450580596923828e-09,0.0,0.0,NONE,False,False,0.0,9557344.06438629,0.0,274768065.7576226,R0,False,True,198060692.85134065,1663939307.1486592,c6de4296126b2773447ae1187ecc4e93dace2674b523b879fcb03fe909296a81
E2A_VACCINE_H0,LA-0241,241,2cf6628e1d5fa070cdf66ed0f55df7b7bfec99e19ed82e25bc4e19be4c5658ec,M2,A1_FINAL_NO_MEMORY_V1,certified,PASS,,,61d6e67da20938d3cb13514a9ad779f17e4cf1fe517be9154e4a8c3a06f773f5,57b10cffdda423a3b7c06a95e0983bd4d2982b3883d7735b70b1465c7f15cb7b,0.0,0.9,19137905.85543848,4.0,1.0,1.0,1.0,1.0,f50603f4253acf8120b9278a54c9314a2f853bdeac2abe036218445f616460ff,7,2,2,98cdbd54a58851e0efd32164da0fb10e81b6fe8de9ad35db0ca4d03fba8c515d,P1,1227924147.548334,1227924147.548334,19137905.85543848,0.0,0.0,19137905.85543848,h09,5,Katrina,1208786241.6928954,0.0,1208786241.6928954,1881091710.2919822,0.0,1.0,0.0,0.0,NONE,False,False,0.0,10400000.0,1375244.743851572,0.0,NONE,True,False,0.0,8691710.291982166,0.0,0.0,NONE,False,False,0.0,1862000000.0,ce636fb204ce847ffcd00731aafcd6244c150044e489a81de10577b677543506
E2A_VACCINE_H0,LA-0242,242,1d6b1d95ad51ea5a0e204255eadb8d8f584be35a61144cb58e7670d50b244c22,M2,A1_FINAL_NO_MEMORY_V1,certified,PASS,,,d5644a415074efeaecdac1adcbf19f93eb90b5341221745ce2d9d08886b81887,acfea849af645bd715537c5cf178ba0c6c6afd86b938fa99f91368979d306ccb,0.0,0.9,19137905.85543848,4.0,1.0,1.0,1.0,1.0,57ea7ffec5528199fd9c417c06a1433c5d84ebfebcfe9324f0d33c1bfeed1b1d,6,2,2,e63bef87a953fb420787c0abdd69bad675b3378712522c925302d7511dc602ed,P1,1234630862.1567075,1234630862.1567075,19137905.85543848,0.0,0.0,19137905.85543848,h09,5,Katrina,1215492956.301269,0.0,1215492956.301269,1881212195.9668956,0.0,1.0,0.0,0.0,NONE,False,False,0.0,10400000.0,1375244.743851572,0.0,NONE,True,False,0.0,8812195.966895463,0.0,0.0,NONE,False,False,0.0,1862000000.0,9b3835ed938f54a0afcb328abc75f6f42a1da5e464295510565309f4080b7ecb
E2A_VACCINE_H0,LA-0243,243,bb5534151a5bfe970974910485c7885c830b0148d140d0d1e8e98c7988b70212,M2,A1_FINAL_NO_MEMORY_V1,certified,PASS,,,c468c3c7ff77b1f4cbc25b8eba6e03e1b3aca9ba752291a8f740a41e60695d89,db5cadd93453121d5451556e9e4d018aa7175baa1bdc664616bfc62228fcbccf,0.0,0.9,19137905.85543848,4.0,1.0,1.0,1.0,1.0,ab31457f25f7ba069207f59fe7151083edfe84e78c0696d44b5aafb8ae7b5ac9,3,2,2,27997e19a73fbe0ea172fae9861aaa5972fcf2532a2b02cdffcc08c04ea50d35,P4,1219558792.8393934,1219558792.8393934,0.0,11085591.387133392,0.0,11085591.387133392,h09,5,Katrina,1208473201.45226,8052314.468305087,1200420886.983955,1731109091.2473688,150848252.81701759,1.0,0.0,0.0,NONE,False,False,0.0,10400000.0,0.0,0.0,NONE,False,False,0.0,9557344.06438629,0.0,257235924.07916543,R0,False,True,150848252.81701759,1711151747.1829824,2ca4ae626666efedb4af3bc269f208b8077ea83a8b0f2fee5d4f2cd045241ef3
E2A_VACCINE_H0,LA-0244,244,d869b7279d23184e6902cf86beddffed885605a57341894b099de1ca586febd6,M2,A1_FINAL_NO_MEMORY_V1,certified,PASS,,,2a35cc20f5a700e8203bb4499b25da553ab93ce673eec82ef8cbce43ceafd5bd,acad7a17717002eb16dbb7ef89cadda2ea890df3b0e5651c1cd0a38046dbb200,0.0,0.9,19137905.85543848,4.0,1.0,1.0,1.0,1.0,dc1e4bdf1e209b97ca8ca477c3bec0212a723c14b50df5d2d45e1959eb43b816,3,2,2,c64e45628d37417cce4ec01d4c02caa1bc1ef10993c04c98c6bad8045b03fe89,P4,1216124800.862711,1216124800.862711,0.0,8077560.29482953,0.0,8077560.29482953,h09,5,Katrina,1208047240.5678813,11060345.56060895,1196986895.0072725,1721948848.0317202,160008496.03266612,1.0,0.0,0.0,NONE,False,False,0.0,10400000.0,0.0,0.0,NONE,False,False,0.0,9557344.06438629,0.0,281183486.90505666,R0,False,True,160008496.03266612,1701991503.9673338,3fc52e0306431ec79c0d18aa5ff06f749409f109db65722b09ef8e950fe9a698
E2A_VACCINE_H0,LA-0245,245,d2dc66b254479f2e6988759a0683da73e92a52123b92d44bad2554adbeeae137,M2,A1_FINAL_NO_MEMORY_V1,certified,PASS,,,9125fc2182c7e1d2fef6af02dc619b1e8da8d16a924d16b1ac3937fc38102019,c3f02e810d7a6b363a6457d8f920f4d183c23808af8ed130b387d33b36a77476,0.0,0.9,19137905.85543848,4.0,1.0,1.0,1.0,1.0,0d052c2ce0f81a2883b7a6045edd5d67034861f1dd1037bc5c9c73b41ff49da7,6,2,2,7973d4f8f1f98eb85eeedb6130203ddda05c06cc2f37df83780debba81c405a9,P1,1226271724.9656577,1226271724.9656577,19137905.85543848,0.0,0.0,19137905.85543848,h09,5,Katrina,1207133819.1102192,0.0,1207133819.1102192,1881062024.6319025,0.0,1.0,0.0,0.0,NONE,False,False,0.0,10400000.0,1375244.743851572,0.0,NONE,True,False,0.0,8662024.631902471,0.0,0.0,NONE,False,False,0.0,1862000000.0,43242898a1dd5d9a61e962f0195ca5a8bd34beaa6deb86888e0e177f8e24b2d2
E2A_VACCINE_H0,LA-0246,246,1f3b2e2a3a67b00cf6c54720eb065550dd89a19e5ebcd6e7abef74b176a99d8b,M2,A1_FINAL_NO_MEMORY_V1,certified,PASS,,,c08d64450d3a8f0113438a1ec9ca04abda3b685f59a3888c3973c869c99f2aca,1d727fe50c4387da8623453cc8302b4a680b792be4bd5a9e8b369f3a248d7330,0.0,0.9,19137905.85543848,4.0,1.0,1.0,1.0,1.0,382c8b2c0ec0a3426a63735cd09359bf3363f416444f769484c19ecc29d55dd6,6,2,2,c1f2fd516b4bd0936dc93834401086bbed34c44db4d96db32fc394fb45a42122,P1,1227990274.9706523,1227990274.9706523,19137905.85543848,0.0,0.0,19137905.85543848,h09,5,Katrina,1208852369.1152139,0.0,1208852369.1152139,1881092898.2666574,0.0,1.0,0.0,0.0,NONE,False,False,0.0,10400000.0,1375244.743851572,0.0,NONE,True,False,0.0,8692898.266657334,0.0,0.0,NONE,False,False,0.0,1862000000.0,6919f9556ba259dd7727718f9b1e4d43be49935d7d5c4bce44589dcded8c4e34
E2A_VACCINE_H0,LA-0247,247,cafab4bb9591f96f74fbacb07c81aeae29172a9e9425babce8f3c2a4d7627bce,M2,A1_FINAL_NO_MEMORY_V1,certified,PASS,,,9b635dc4a0f60f468af1898c5818e7a681bb5d51718eaccb98d32ffda30d5589,c23d0bf874215b9f5e84c788ad15962ec0dea8ce061a739afbed7bd4a4e49303,0.0,0.9,19137905.85543848,4.0,1.0,1.0,1.0,1.0,3a1fcf46870d7e4fbb5703ca0733a3c397a903988d77f896835def753adc780a,3,2,2,d87fab2e9f3bce1c71fb0da8b3d63e51af8dc2e69dd0d13b6e8c67d11483a35e,P4,1226982406.7848396,1226982406.7848396,0.0,8498918.321757281,0.0,8498918.321757281,h09,5,Katrina,1218483488.4630823,10638987.533681197,1207844500.9294012,1750911731.9469159,131045612.11747047,1.0,0.0,0.0,NONE,False,False,0.0,10400000.0,0.0,0.0,NONE,False,False,0.0,9557344.06438629,0.0,243764841.17411003,R0,False,True,131045612.11747047,1730954387.8825295,78980e0aeb217096b787fa06528141e7ba11e91921ce2764e56f07bed4e12ef8
E2A_VACCINE_H0,LA-0248,248,5307af164a6996b7fe150e6061a6fb611ca85e3861ec87d3eff546c5283a391a,M2,A1_FINAL_NO_MEMORY_V1,certified,PASS,,,d6b447c47463108f0b1c7d1047940692e97d47ddc1a7307e237dcfcd495de0a3,2469159fc62277a817b326254a08306630f6fa4fc45346f59154fe6042acfd25,0.0,0.9,19137905.85543848,4.0,1.0,1.0,1.0,1.0,97bc790005c7cf815ea528c7bc07cb21986fd6c43873a44523b1e48254bad3a2,6,2,2,fe29e036c478969fa40f37a2d65376a8d737b66d98d16f377f64a9aa7b957252,P1,1220278690.4959023,1220278690.4959023,19137905.85543848,0.0,0.0,19137905.85543848,h09,5,Katrina,1201140784.6404638,0.0,1201140784.6404638,1880954360.1724718,0.0,1.0,0.0,0.0,NONE,False,False,0.0,10400000.0,1375244.743851572,0.0,NONE,True,False,0.0,8554360.172471682,0.0,0.0,NONE,False,False,0.0,1862000000.0,5298215214538f4f76bc9d7c5bed544ea93a2657ba6d4ae4b9366a75224263d3
E2A_VACCINE_H0,LA-0249,249,146da0e0e6aea1f7a59231966d2e650e4f12af806ffbc15f14ebeb711ae0f5d0,M2,A1_FINAL_NO_MEMORY_V1,certified,PASS,,,d7c66107ea3e87703070f8a62e5adecddd671829199cf2d43c10fded1236273e,ee3a2e7ce817799fd6ea5e74d35335d6873f2f59e0b3a4b188c4629115bf3e51,0.0,0.9,19137905.85543848,4.0,1.0,1.0,1.0,1.0,ba1f23a33a48bb5942f0ef56ef14d4793094bb239c32a979708a775c86485ee9,3,2,2,6cfee336fa829005326bdd23f6e930451080970012fa3f7d4cb4b2f108e25327,P4,1205339150.3899312,1205339150.3899312,0.0,3861749.2914942335,0.0,3861749.2914942335,h09,5,Katrina,1201477401.098437,15276156.563944245,1186201244.5344927,1693177906.7364259,188779437.32796037,1.0,0.0,0.0,NONE,False,False,0.0,10400000.0,0.0,0.0,NONE,False,False,0.0,9557344.06438629,0.0,317686366.72226447,R0,False,True,188779437.32796037,1673220562.6720395,ae69c93356f01744908eebcdac7502e59f29a13e184f76792d0de3f78ef08c90
E2A_VACCINE_H0,LA-0250,250,19ca0510839167604cd01166b5b065367759e25f27e437fcbafe9de56384a30c,M2,A1_FINAL_NO_MEMORY_V1,certified,PASS,,,1799a5499879cbd16f11aa521751965c66aa9cf17b4616dd243c3a7faed93d5e,d2b2e14bc3b40ecdba8f194c5772a64868cbb0153abd644ebad3c60f0d8c6ddb,0.0,0.9,19137905.85543848,4.0,1.0,1.0,1.0,1.0,929a7be5289f15dc2ce3b03db41611fa9f3db4ea552473278d365ef57468acc3,3,2,2,3fc06bdd95e62b5c7ec50daf69306113112fb1626226653bd65c680ab3ea2f41,P4,1222224983.918922,1222224983.918922,0.0,12307529.033638256,0.0,12307529.033638256,h09,5,Katrina,1209917454.8852837,6830376.821800223,1203087078.0634835,1738221210.0041137,143736134.06027257,1.0,0.0,0.0,NONE,False,False,0.0,10400000.0,0.0,0.0,NONE,False,False,0.0,9557344.06438629,0.0,403435126.52160215,R0,False,True,143736134.06027257,1718263865.9397273,d49c51a55bc038e83e2d0db73104e6fb17c375aaad90d677d4743ec30fae1e57
E2A_VACCINE_H0,LA-0251,251,347e956fe65cc2b94ea2a0fc4a245738795104572a19188d39eee4a3d1c98ad2,M2,A1_FINAL_NO_MEMORY_V1,certified,PASS,,,97a445c89ac0e233b50230c0763bbd0a3d7ce8dc5dc8b1d251fd2612f17c6f36,fea1fc4d271c381559b98290e83cfe07699dce307f3eb58bc15e4b1a84f6a1a7,0.0,0.9,19137905.85543848,4.0,1.0,1.0,1.0,1.0,7f779642f515a63c54778cce5c7d113a788b98dcc3042dd0a1e77645a96f9935,3,2,2,5e8e5087c2cdff788145436717aa538d15ed328a8ca1b22fc78cd3649be903e3,P1,1220665478.9893818,1220665478.9893818,19137905.85543848,0.0,0.0,19137905.85543848,h09,5,Katrina,1201527573.1339433,0.0,1201527573.1339433,1880961308.8016303,0.0,1.0,0.0,0.0,NONE,False,False,0.0,10400000.0,1375244.743851572,0.0,NONE,True,False,0.0,8561308.801630195,0.0,0.0,NONE,False,False,0.0,1862000000.0,e9fc266568c82b057c9f54b36b1bebb8b07e3302468bcfcf91a5af818d802307
E2A_VACCINE_H0,LA-0252,252,ebcbb6754023d7b2880c4a4e4a2478d6a78d4c0fd647ff136422e5364d6081e5,M2,A1_FINAL_NO_MEMORY_V1,oracle_failure,FAIL,oracle_failure,Full exact certification was incomplete,0c2771f767b204fae7a1a35abf6dc4ab099611102f881634330a5d7eef6c3ed6,d3935446eb21e80a26e4b282c034d729f1fabaf5abceb87399c5323b62aaed73,0.0,0.9,19137905.85543848,4.0,1.0,1.0,1.0,1.0,b3b484c380aa4819cffdb8205ed709f647bdbe3d4208b4e48847aaa05d522454,3,2,1,,,,,,,,,,,,,,,,,,,,,,,,,,,,,,,,,,,,,,,e66965fadf69d347dfcc32bd03a90a6127c7a7fe5664584ef099dccdfe20e600
E2A_VACCINE_H0,LA-0253,253,c28ffb0779ced402f5c1a0497803fa78e2290b15089b4f3801708b6d275028fe,M2,A1_FINAL_NO_MEMORY_V1,certified,PASS,,,73fd19567eea1823116d9410d3c6cb0f4f6cc0989a367b652502a2a61d5aa4ec,8e299531c2fb53e5584e2104046c1f2b1313a316ddfad2ddfeb64568b1a7e031,0.0,0.9,19137905.85543848,4.0,1.0,1.0,1.0,1.0,73f252d6e19a8f63c33dc4cb5e6fda85d3a407bfab054a4034b78df4a1335aa5,3,2,2,c3e4649026b14062621a80bff3ee484864cb35951f6f899acc21ba16a96497d8,P4,1208484257.1443372,1208484257.1443372,0.0,8909052.71012316,0.0,8909052.71012316,h09,5,Katrina,1199575204.434214,10228853.145315317,1189346351.2888987,1880742473.9740028,1214870.0903833671,1.0,0.0,0.0,NONE,False,False,0.0,10400000.0,0.0,1550512.4879937833,R0,False,True,1214870.0903833671,8342473.974002922,0.0,0.0,NONE,False,False,0.0,1862000000.0,ffb67490d72267db40857aced4c2eba4ca346acfc6b9958e7668483096e429fe
E2A_VACCINE_H0,LA-0254,254,5da1dec2c596e9855c012803cd98509c640ded5f12af6f99383775e5def92055,M2,A1_FINAL_NO_MEMORY_V1,certified,PASS,,,d3c0888076eab3beb5f410125aa23e0c3f492cab92a107a3c41ac329726f488a,d9e07ad287a8c945a6ef24a71fe760d8a7f876b7b85a47184f20591d45d1a10e,0.0,0.9,19137905.85543848,4.0,1.0,1.0,1.0,1.0,f52f4a2e9ab5d17044a32d2b6cba6f520a0a1aa85f38d102c8578c730d93e714,3,2,2,21ea897292f4b27033e6d7d938f2013de242239eea1cb08076b7066b79ee8611,P4,1229703883.1588352,1229703883.1588352,0.0,1774722.6289950507,0.0,1774722.6289950507,h09,5,Katrina,1227929160.5298402,17363183.22644343,1210565977.3033967,1819645845.1938097,62311498.87057662,1.0,0.0,16078005.720408699,R0,False,True,10400000.0,0.0,0.0,0.0,NONE,False,False,0.0,9557344.06438629,0.0,80253209.21116544,R0,False,True,51911498.87057662,1810088501.1294234,a33d9f0d0e2bca1b6bf66ad3dd1895ceef3767ee8b3dafbe6640172fa551113e
E2A_VACCINE_H0,LA-0255,255,af22707d33dcb01199c079b6c32714b728b7af2f1fe334d40e1bf8c1bb0fc457,M2,A1_FINAL_NO_MEMORY_V1,certified,PASS,,,ddab7aa6c11d791aa3166b227b2b09a74db9e138df33d668320b810d4e0db6bd,27b7cda05e9350a76ce14be1ce27d0b4febb8062705412238f89b1fffe9933df,0.0,0.9,19137905.85543848,4.0,1.0,1.0,1.0,1.0,f7570f8b9700b498218178a53852f58b8e5e8d2a4b1ba9ed596ebadace609736,3,2,2,6f4b6233d2cbd505d2fee1c4ced9a8883299d9a14bbaf5549e17d5175162b2df,P1,1222042617.6949627,1222042617.6949627,19137905.85543844,0.0,0.0,19137905.85543844,h09,5,Katrina,1202904711.8395243,0.0,1202904711.8395243,1871070101.894214,0.0,0.999999999999998,14725232.260278173,0.0,NONE,True,False,0.0,0.0,689880.2041144199,0.0,NONE,True,False,0.0,9070101.89421393,0.0,0.0,NONE,False,False,0.0,1862000000.0,619dca468374c255171a65c1c9a214d2a9cff03da8f47b9a56f1b256339ea37d
E2A_VACCINE_H0,LA-0256,256,5128bcece17cb3a18b6cd3de9cea9319781eb35b13a59ecbc186a3a22e80cc55,M2,A1_FINAL_NO_MEMORY_V1,oracle_failure,FAIL,oracle_failure,Full exact certification was incomplete,5a4856586748d9fad4753462644b288fa0337dde48fcce2ad3180de56000c914,110e320160b5bb4c3a9972fe66a48bc18516e9528acd5f80d53a19d24e371811,0.0,0.9,19137905.85543848,4.0,1.0,1.0,1.0,1.0,a91c17c5e68303a55ff6cc4f9a347c2bc2bf552cc8c21e95a3219279292de178,3,2,1,,,,,,,,,,,,,,,,,,,,,,,,,,,,,,,,,,,,,,,3da299d4e2cecf8aa2cf7d2f1b84252d9058c5e0531a8869052858186cb7fda5
E2A_VACCINE_H0,LA-0257,257,9dc6ebe22f7c60db98511c7a181c116d231c0ee5cffa2b07eb15f50a1c5333bd,M2,A1_FINAL_NO_MEMORY_V1,certified,PASS,,,ada0343140ca6e832dff2625d8ab955dca347c47a352c4156a925c8a49ddb2ef,475e71225bff24bbe70026764c685bedc5d95788ec23b16b25c0cadc9bd193d1,0.0,0.9,19137905.85543848,4.0,1.0,1.0,1.0,1.0,b375ed39c9bd0ca1f265ad1d8ce49c86f1b4c7185d1a9e7aac3ccf0b133171a9,3,2,2,364b1875c670cbc1caf789b6b5cef8a5e19dabfce09c0c6c186fd9a2c9b31d20,P4,1220156723.30647,1220156723.30647,0.0,4698152.561317526,645316.9942102216,5343469.555527748,h09,5,Katrina,1214813253.7509422,13794436.29991073,1201018817.4510314,1880952169.040152,1005175.0242341034,1.0,0.0,0.0,NONE,False,False,0.0,10400000.0,0.0,1684571.1078068381,R1,False,True,1005175.0242341034,8552169.040152187,0.0,0.0,NONE,False,False,0.0,1862000000.0,7b5eab51df0942ac2d2e94ed4360b4a77acef13e46f83fad6358f3dbcb1a6f3c
E2A_VACCINE_H0,LA-0258,258,8076e9721a659a74df944c7f3513bfeefb1089acb1efc0ccefd86e56dfaeff6c,M2,A1_FINAL_NO_MEMORY_V1,certified,PASS,,,f3df1e58f632845e03c3246ce22d1fe054299bd83ad72083ec5bbdf72b2a169f,b406e41707f870d921a750b84197270c0629f3a4dee4aa5c2820b62956e94157,0.0,0.9,19137905.85543848,4.0,1.0,1.0,1.0,1.0,d5f60b7605fa0ddcced7538c7f693af18e54af197a26c8149d6b053a9fc2f931,3,2,2,d247af8fb095716b45ad9c1b0e65328d3914194687e7c265cdc7bcbc01c7800a,P4,1204901032.9690244,1204901032.9690244,0.0,6305702.285927083,0.0,6305702.285927083,h09,5,Katrina,1198595330.6830974,12832203.569511393,1185763127.113586,1753483739.480486,128473604.5839005,1.0,0.0,15108415.30025261,R0,False,True,10400000.0,0.0,0.0,0.0,NONE,False,False,0.0,9557344.06438629,0.0,171529332.1203249,R0,False,True,118073604.5839005,1743926395.4160995,4b5db912c33baa9109e4eb861db401290b05ce7a3d10009123896604dc806d94
E2A_VACCINE_H0,LA-0259,259,b8b746d5fd3251850a6946a5dc62e955b7cda834c4bef659011599f4c9b2b648,M2,A1_FINAL_NO_MEMORY_V1,certified,PASS,,,060d13eb2ae217e8f2c2763aa0b3b5baa05f6813e7597b43ce0c698a6a0afe95,fa0416a50d6f20a6c40c184449f5abf14850c511076c8b519793ab3db19d7511,0.0,0.9,19137905.85543848,4.0,1.0,1.0,1.0,1.0,b4ed98c31a885bedd2f94fca803a3096c6e135700daf611a25691bc0343db589,3,2,2,0c4eee978bb677acb35ce12bcf61bc09285ff014ffd37cc85562ac9bcf73e5a2,P4,1211532062.8865993,1211532062.8865993,0.0,6015827.10737333,0.0,6015827.10737333,h09,5,Katrina,1205516235.779226,13122078.748065148,1192394157.0311608,1709697626.3711574,172259717.6932289,1.0,0.0,0.0,NONE,False,False,0.0,10400000.0,0.0,0.0,NONE,False,False,0.0,9557344.06438629,0.0,224737116.0481368,R0,False,True,172259717.6932289,1689740282.306771,033db9edfa6aec85ebf2d87d281768d6a233d954c94ebdc561440d960a579a12
E2A_VACCINE_H0,LA-0260,260,1af97b5528590fc86937e5ca622e565e8824964a3be9e077849f1bd84899efdb,M2,A1_FINAL_NO_MEMORY_V1,certified,PASS,,,6b2931bd3049d9dcdef8bfdb9c40feae0d477d28515a9f40ac8f045f1adc7b46,29545042f590684242a24165e4475aadc42c77233c208b1382327e361fd6f2ad,0.0,0.9,19137905.85543848,4.0,1.0,1.0,1.0,1.0,55895ba733eb885bdf826ab25a6bc9bb638584241215623731a96f2a0063ec6f,3,2,2,02dc37124ad5bd1547d235dcf346ee342b842a4ad0bc1d0dcae2d14791c8c181,P4,1226334229.76076,1226334229.76076,0.0,2759646.505054026,0.0,2759646.505054026,h09,5,Katrina,1223574583.255706,16378259.350384451,1207196323.9053216,1749182706.594591,132774637.46979554,1.0,0.0,0.0,NONE,False,False,0.0,10400000.0,0.0,0.0,NONE,False,False,0.0,9557344.06438629,0.0,190384346.3787763,R0,False,True,132774637.46979554,1729225362.5302045,fefd8475bf171d0090d18d9c29c900d9ce6e588022569ce568535238ec1c8725
E2A_VACCINE_H0,LA-0261,261,bb07020453fe8e94583bdc6e37cedeaac09e9f3c9e1d2be8b1e90ae84e0ca878,M2,A1_FINAL_NO_MEMORY_V1,certified,PASS,,,86d37294ff67619520c99d8812a94b11e9443157905e029852bcdf9cd6576ee3,67aaa49a5f799bdfc370ccc016ea58cb4ec1b497b1321fded62acc5c2592b1ad,0.0,0.9,19137905.85543848,4.0,1.0,1.0,1.0,1.0,aa7c927344756ce158ddb81e840e9630b21ecbd739f792b9795a4f9187d6f7cd,3,2,2,dd3b0f4496a3cfa2b919c1c2cfb7df633f9ede79ce804d36d22bab7b0d353408,P1,1228858245.6613793,1228858245.6613793,19137905.85543848,0.0,0.0,19137905.85543848,h09,5,Katrina,1209720339.8059409,0.0,1209720339.8059409,1871192544.1902475,0.0,1.0,16849265.221445378,0.0,NONE,True,False,0.0,1.862645149230957e-09,591020.1761647244,0.0,NONE,True,False,0.0,9192544.190247573,0.0,0.0,NONE,False,False,0.0,1862000000.0,e3ecd021689629996cb5a6cadb7444f2ce6bfc36fb19bb32a0dd6903cb1278ee
E2A_VACCINE_H0,LA-0262,262,54821f79bc5e458dbcb70e3d353177c5b5a6b2bd8cf3c4ddf416d187cf4dc141,M2,A1_FINAL_NO_MEMORY_V1,certified,PASS,,,c9c98ca1d1b9d957a06b0c246a1e7a49ac2cf96e91fc22dca58a16e68ae5b33c,daeb4eca80d82c8d1d36d0c32e6db5f06330aff5783d0b4193d57db546146c0b,0.0,0.9,19137905.85543848,4.0,1.0,1.0,1.0,1.0,3ce32990ce9f5cca89975117460fd936b3c9348d6a7e169744d187b7f61db427,3,2,2,ea5b675a5bc9525985b7e3c5f10a7976e55e985cf22e33f709eb9de706c4a9ab,P1,1220941069.1886697,1220941069.1886697,19137905.85543848,0.0,0.0,19137905.85543848,h09,5,Katrina,1201803163.3332312,0.0,1201803163.3332312,1871050312.649706,0.0,1.0,14431209.622018488,0.0,NONE,True,False,0.0,0.0,703565.0605962275,0.0,NONE,True,False,0.0,9050312.649705935,0.0,0.0,NONE,False,False,0.0,1862000000.0,dd02405f48254ccb9b53cda4af3c868579aab5e44db5db567917b9acee871144
E2A_VACCINE_H0,LA-0263,263,48965136489a77f4d7c57cd0a107a4d1c0934b07cceb9d015aa5db8c3e0b22aa,M2,A1_FINAL_NO_MEMORY_V1,certified,PASS,,,6e6f2b9f082ec8100c574793892dc3a7cae58c7cf015d7e30dc47d026c0ff1db,b5e8f70ff46fbdac5c639d8a5c3f687d5f846424f10846ce87929c1821b50b79,0.0,0.9,19137905.85543848,4.0,1.0,1.0,1.0,1.0,c068710284409ed5417df4aaf751c6f4ec14cdd39c749e35f7d18fcdc8cbe79f,3,2,2,cce41cbedb035a748a3d79418b36abd3c6ac7fa383d4a8ce633eca844f0a4c53,P4,1204444647.5754466,1204444647.5754466,0.0,9522966.474599125,0.0,9522966.474599125,h09,5,Katrina,1194921681.1008475,9614939.380839353,1185306741.7200081,1690791802.344395,191165541.71999145,1.0,0.0,0.0,NONE,False,False,0.0,10400000.0,0.0,0.0,NONE,False,False,0.0,9557344.06438629,0.0,384330516.1946171,R0,False,True,191165541.71999145,1670834458.2800086,831a5def8b9f863137cf82f271cdcff86b7eeb24b14e56c947dba73c1f52450c
E2A_VACCINE_H0,LA-0264,264,5aa36faf5fe506bc2db165aef309bafd7c3e93967ba7c755fc8b07dba4087865,M2,A1_FINAL_NO_MEMORY_V1,certified,PASS,,,4dcafcbb4d1fe4b1c9a85d177d57a9631c210374eccc90081ae80c3396eb8267,7fcafc90589bfb21de8fcab841ea26721de81a390444f4e1ab637be950526910,0.0,0.9,19137905.85543848,4.0,1.0,1.0,1.0,1.0,8f294aa1d9f6f68c2fb79c02bfa3597f9260da23b66788c1a195dac543f954ac,3,2,2,a637e9ef01f6f557d8ac4027fbe10375a5ea1a501b983e190749f8b60a52b4b9,P4,1223141602.9290018,1223141602.9290018,0.0,7829804.6088629225,0.0,7829804.6088629225,h09,5,Katrina,1215311798.320139,11308101.246575557,1204003697.0735633,1740666309.7962599,141291034.26812646,1.0,0.0,0.0,NONE,False,False,0.0,10400000.0,0.0,0.0,NONE,False,False,0.0,9557344.06438629,0.0,200387478.50951865,R0,False,True,141291034.26812646,1720708965.7318735,514af7338deb96bdc9e5dbca0af0c37a4b4558a276bac9bd1684d64cda57e5e6
E2A_VACCINE_H0,LA-0265,265,862d03ad8b7eb2495cdfce8f0a74e4edca9fbfdc9da2e9dfecdfdb8c20c43b16,M2,A1_FINAL_NO_MEMORY_V1,certified,PASS,,,c8d663ef666027f1cd38701b3c82af8816a7af8e70d668b28573e58ec94c9f67,062e0ac66bcd04bab490c2213a2e664d825b0d2b274ff93c1e1946a9e37e6d89,0.0,0.9,19137905.85543848,4.0,1.0,1.0,1.0,1.0,34ee3c1472ca6071130db988ede67e292a36e5e80f1db67660ed34295cb47be2,3,2,2,8ac4ddd7cde9c6207f95fb968cd135d53e538cd86c05a54688eebf6d8e8ee497,P4,1233490449.153621,1233490449.153621,0.0,6173772.713014041,0.0,6173772.713014041,h09,5,Katrina,1227316676.4406068,12964133.142424436,1214352543.2981825,1768272066.9041855,113685277.16020086,1.0,0.0,0.0,NONE,False,False,0.0,10400000.0,0.0,0.0,NONE,False,False,0.0,9557344.06438629,0.0,222031886.7501203,R0,False,True,113685277.16020086,1748314722.8397992,587da61b83681bf6606bee43c171d4d83d0a77023070e5db2cc0a258ed88781c
E2A_VACCINE_H0,LA-0266,266,eab26d7ebf4c5345cb3622197d28a1aedea07a1f2294362c05938c5a511198f7,M2,A1_FINAL_NO_MEMORY_V1,certified,PASS,,,0b118e490897ac3ef0cb5b2350d9159ffb556cdabd2e6a8b7ac2d62ba4fc0fb9,b6242f1e19c216bfb53987e7a3ffef2332d26a1d6a38938a60b8cf3d9ba71f44,0.0,0.9,19137905.85543848,4.0,1.0,1.0,1.0,1.0,54792601f749f6f7f529a8e3b7b18b84aaf924494e99f7588086899be6a98e3f,3,2,2,1af2a56fe2afb6b96791cfca9e99a25b0330e96c3ac980e1ba202bd3add6a968,P4,1181826527.8987134,1181826527.8987134,0.0,2307390.236913167,0.0,2307390.236913167,h09,5,Katrina,1179519137.6618001,16830515.61852531,1162688622.0432749,1870347622.5575466,11609721.506839676,1.0,0.0,17200295.366992086,R0,False,True,10400000.0,0.0,0.0,2000727.61821588,R0,False,True,1209721.5068396751,8347622.557546615,0.0,0.0,NONE,False,False,0.0,1862000000.0,7c59a19af30ecf6cd7287656445f8aa30c19bf68edc67ace92dfb04c609ac434
E2A_VACCINE_H0,LA-0267,267,6eae671f5585cb18e3e7c982f8cc203ebda7a751b2b05ca40208762b7e981b65,M2,A1_FINAL_NO_MEMORY_V1,certified,PASS,,,3892bdb8fed9e28cb3f1d56ad37f7918bc6058d1ba932de851390c123df6c7b5,4c4780998842ec4cec15aadc2d48cb9224a110b7f2905f348636db89394aeea3,0.0,0.9,19137905.85543848,4.0,1.0,1.0,1.0,1.0,2f56d93d95eaf6797d68688b0a4386e9ad316429e2f02519f68ce4f903f8b6f9,3,2,2,6f3a3c92813bb4ed133b893227916320b0b99189606e042e64b8bdabf94a23cb,P4,1195332935.9303405,1195332935.9303405,0.0,5280213.595195696,0.0,5280213.595195696,h09,5,Katrina,1190052722.3351448,13857692.260242783,1176195030.074902,1727960646.6542914,153996697.41009492,1.0,0.0,17134720.413222045,R0,False,True,10400000.0,0.0,0.0,0.0,NONE,False,False,0.0,9557344.06438629,0.0,236585505.9984637,R0,False,True,143596697.41009492,1718403302.589905,5740e90c4563f03c9bd2c0cbcb859060fc6f6ddd454fbe7e958d808545c1f3f7
E2A_VACCINE_H0,LA-0268,268,074b7731a42c2cd981411c89954570f913a3b46b63deacef6774fd61ccbe4819,M2,A1_FINAL_NO_MEMORY_V1,certified,PASS,,,7dbf1fef04625216d185e14932d398e32bba60915765a40257e1d11bec878800,d641cdec4b1ac325ff4b45f418a52f0c525d64beca32f1298a6bbfd67dfeb31d,0.0,0.9,19137905.85543848,4.0,1.0,1.0,1.0,1.0,51d33014d60c5dd5909a110c7b5068a9e623361c71ee18606d150fb64ab90e12,3,2,2,3902f0825aa46b69cb9d2d29d81e1684c61984a5db5b6c3f08e6f9201391e61a,P1,1221301220.3882244,1221301220.3882244,19137905.85543848,0.0,0.0,19137905.85543848,h09,5,Katrina,1202163314.532786,0.0,1202163314.532786,1871056782.7416785,0.0,1.0,14526039.914371157,0.0,NONE,True,False,0.0,0.0,699151.3224274417,0.0,NONE,True,False,0.0,9056782.741678389,0.0,0.0,NONE,False,False,0.0,1862000000.0,799e1e393fde5972df387af0c4b4bfcc82f259fb55e8004d3522c65d5561c226
E2A_VACCINE_H0,LA-0269,269,5fb884c2bccd04f62a96123efe36e4e4a5b59a4222d7158ec0e4b92a770a7605,M2,A1_FINAL_NO_MEMORY_V1,certified,PASS,,,73a6248b48e621ad119f23a0589d02e6173a86ea9c04662d7912fcaa19211120,555910f97b905d7adbd416186bf7335f8132df6fb9a297770fdf02af0f2a2844,0.0,0.9,19137905.85543848,4.0,1.0,1.0,1.0,1.0,c855b2ee71dd1133253455c02dceac5fab2b63f5384b93d498b805d5801320fb,3,2,2,419c3d14b1c7e4bff044dcb2515eee738e2f09739fc7bfdf08573639702e3ba5,P4,1218034167.1316845,1218034167.1316845,0.0,10671968.376546094,0.0,10671968.376546094,h09,5,Katrina,1207362198.7551384,8465937.478892382,1198896261.276246,1727042121.2630835,154915222.8013028,1.0,0.0,0.0,NONE,False,False,0.0,10400000.0,0.0,0.0,NONE,False,False,0.0,9557344.06438629,0.0,275045859.4734206,R0,False,True,154915222.8013028,1707084777.198697,68b6f02995ee42b56be563d7be915455b1940478c2e1ae0da36580e24729e6b7
E2A_VACCINE_H0,LA-0270,270,f76bdb11a90d1c3be166763110f448844a5fbdf90ca067cb1bd915a885c31dab,M2,A1_FINAL_NO_MEMORY_V1,certified,PASS,,,a3246c23c61364b151cd82f73bb10dfc611bcb462b40c8a7ad5ae858bd8145d5,e971df85a97e4a67dc98ce37d603f08bb5bc0d2dfc65f174dcd11291ebb9a5ee,0.0,0.9,19137905.85543848,4.0,1.0,1.0,1.0,1.0,f094d4c9cd7516f5464f65c7f8e2322c35e552fbdd18c95f84334aaaca88ee1f,3,2,2,07570f0df7a6c0943a6b67776382b4332b8fd3cd166658894aa584656f2f30b6,P4,1220397779.5410023,1220397779.5410023,0.0,4805488.085513028,4370002.739034799,9175490.824547827,h09,5,Katrina,1211222288.7164545,9962415.030890651,1201259873.6855638,1880956499.5991228,1000844.4652636315,1.0,0.0,0.0,NONE,False,False,0.0,10400000.0,0.0,1139793.3568095362,R2,False,True,1000844.4652636315,8556499.599122658,0.0,0.0,NONE,False,False,0.0,1862000000.0,5a7d52dd4b46c2503a350ad389c7bffc3ee5b484bc770e7cad45e5ecbbea93b4
E2A_VACCINE_H0,LA-0271,271,79d2cb046ece26ccc5350dfbd1328348ec31f81624fdbfe69cba00e4d822ea2e,M2,A1_FINAL_NO_MEMORY_V1,certified,PASS,,,d170e6bf1f1f412c3f48ba145163f3786a1ebc9deebad5360066ef0926adea69,48fe7792508bf3120f848785b16edcd4010fd13290b047317dc74432265f9af9,0.0,0.9,19137905.85543848,4.0,1.0,1.0,1.0,1.0,4b2f52d397603dea63f10856289d3b0f747822ee63151be2c7a1e24264240095,3,2,2,9f904f9ee59cfd2dd2da70e6f7edd4a18134708d57daf74f94eabbbfc6c9321e,P4,1216512218.9720478,1216512218.9720478,0.0,8019251.479114177,497030.3649979078,8516281.844112085,h09,5,Katrina,1207995937.1279356,10621624.011326395,1197374313.1166093,1722982293.692563,158975050.37182343,1.0,0.0,0.0,NONE,False,False,0.0,10400000.0,0.0,0.0,NONE,False,False,0.0,9557344.06438629,0.0,188865473.37527424,R1,False,True,158975050.37182343,1703024949.6281767,50277c973c4c72bc3e85b9ffb4fe368e8462cbe50dcfc4ddc8a9aa93a3de2123
E2A_VACCINE_H0,LA-0272,272,fc2b4890bd66f8b7351daedf3e3b9c5ba4c9bc6879e49f3580a3e9610ba1c45c,M2,A1_FINAL_NO_MEMORY_V1,certified,PASS,,,57071d6d5396bb393cf909baad591cbe0274bb976a65e8dc3bc65323d28e9269,2144a0e6e90c8552c5f0191b3992f2cf97c4bf67c27eeb6cffd2ec08fc68fe1d,0.0,0.9,19137905.85543848,4.0,1.0,1.0,1.0,1.0,36aaf7c0ffa0d503dca7d3fc43b7bce7b01239af41a081ccedda308db978ffaa,3,2,2,3bc59db95c4fa746548958d351e44f22ef88f190191275fc6e61bdc00759f345,P4,1223022691.825772,1223022691.825772,0.0,6077757.78614978,3874716.838443089,9952474.624592869,h09,5,Katrina,1213070217.2011793,9185431.23084561,1203884785.9703336,1740349112.0176916,141608232.04669467,1.0,0.0,0.0,NONE,False,False,0.0,10400000.0,0.0,0.0,NONE,False,False,0.0,9557344.06438629,0.0,171043846.67005062,R2,False,True,141608232.04669467,1720391767.9533052,833cdcc8b3181eba8c63319efdaddf4bab7724b82198300b65dfc8e170c6559e
E2A_VACCINE_H0,LA-0273,273,6e3027e413984f86afddb8861f666c4f7f39e3f7b8fc8923bc2837cef8f6b96c,M2,A1_FINAL_NO_MEMORY_V1,certified,PASS,,,066dd0358e305ec7c34c0d80c0146f0a98e6ecf89c300b93a2548aac378ad2a8,0873eea3985d2fe53528db528e3c2c33e02ab5621c569e643550184d49f6a47e,0.0,0.9,19137905.85543848,4.0,1.0,1.0,1.0,1.0,a22f90e73bee176050e0182667c8ff2d954153fd86a62eb5ede8c4d4a7797c6f,3,2,2,4ae81ea229616159addb0ebca9aa6af2f6ff9f8d4df55cbeee676c9ae63b26e7,P4,1148391122.304724,1148391122.304724,0.0,820514.9792720362,0.0,820514.9792720362,h09,5,Katrina,1147570607.3254519,18317390.87616644,1129253216.4492855,1541267887.302988,340689456.7613984,1.0,0.0,0.0,NONE,False,False,0.0,10400000.0,0.0,0.0,NONE,False,False,0.0,9557344.06438629,0.0,918193599.9815342,R0,False,True,340689456.7613984,1521310543.2386017,323144ca7709b35bc864fbb1e7eea1105ac2d0e00c65c531a5947432ad0697dd
E2A_VACCINE_H0,LA-0274,274,72e47053d3d43eff3113870b865c528ec5d4a597ac9794f41f912feeaf40401c,M2,A1_FINAL_NO_MEMORY_V1,certified,PASS,,,737098aa4fa0244ef126ea2af6b416c806f4fffdd46e149282cb0335d92549d6,04a7dc7e311dd2a5f86612ba3ed62a4da2d91f22dd5987bc40de0bad5f648afb,0.0,0.9,19137905.85543848,4.0,1.0,1.0,1.0,1.0,fed22d0e4a356791d1ef1f5199ca689b316b5e334fc7eb92fcf19117b86069bb,3,2,2,d2b2b0502ff8111561547438c15a4836fb8cb098796af7cea70164030fe25f70,P4,1227596928.6379309,1227596928.6379309,0.0,3893079.9981235377,0.0,3893079.9981235377,h09,5,Katrina,1223703848.6398072,15244825.85731494,1208459022.7824924,1752550981.448333,129406362.61605342,1.0,0.0,0.0,NONE,False,False,0.0,10400000.0,0.0,0.0,NONE,False,False,0.0,9557344.06438629,0.0,180172677.9462426,R0,False,True,129406362.61605342,1732593637.3839467,09b2b2677bc768d86e567e4ca10586395471549797905b529f05b8ca8983fa6a
E2A_VACCINE_H0,LA-0275,275,a884f11b96f7f6cc30c5b0287f3a961347a0c8491c07a8f7b0c9618a06315c03,M2,A1_FINAL_NO_MEMORY_V1,certified,PASS,,,79772e09a275edde8981a696919137516b53d01b0453e23837fecd0bc007fb2f,843ad9fb323e7b04576ae801a96b4ee0ec65f34dba44de003149856d10a0e042,0.0,0.9,19137905.85543848,4.0,1.0,1.0,1.0,1.0,40db3e1386b4033c585ef2722673395cc64936cb2e8ca0152627824ffbcf33b5,3,2,2,633f9bfaf1f739510310757f9302294cdf363f1ea34523414d1732b4d69782a4,P4,1193762848.4255285,1193762848.4255285,0.0,8125303.176015619,0.0,8125303.176015619,h09,5,Katrina,1185637545.249513,11012602.679422857,1174624942.57009,1662297886.5582287,219659457.50615758,1.0,0.0,0.0,NONE,False,False,0.0,10400000.0,0.0,0.0,NONE,False,False,0.0,9557344.06438629,0.0,306514271.44714385,R0,False,True,219659457.50615758,1642340542.4938424,eb57e52ba0b237cc50a5b7b33845222a1d8339f378f6fa57d6aa420b2aba5a85
E2A_VACCINE_H0,LA-0276,276,c51076246a9ff6b4d421612276c636df380dc5d215689c0303c11159f4565041,M2,A1_FINAL_NO_MEMORY_V1,certified,PASS,,,99f0b0e80759dc3ac492f80bdb8a22c901779cebaf5dcd8a384c61f45c87b1ae,278bb160129728b2570d165d6d679564b16723de0f2442fa3112741540755642,0.0,0.9,19137905.85543848,4.0,1.0,1.0,1.0,1.0,71c3140e1f82151b2a84f0a5aa35fc94e85945ffcd66dadce9ac1888e351b689,3,2,2,05225439f6525a1780218b5d0b96fe645bb072f1a55515c5b74a5041af74c0b8,P1,1232311031.4392111,1232311031.4392111,19137905.85543848,0.0,0.0,19137905.85543848,h09,5,Katrina,1213173125.5837727,0.0,1213173125.5837727,1880636584.7510738,0.0,1.0,978792.3990071146,0.0,NONE,True,False,0.0,9840000.0,1329688.2738287991,0.0,NONE,True,False,0.0,8796584.75107381,0.0,0.0,NONE,False,False,0.0,1862000000.0,a52626e4b8e8bbbcb5d7517c3e3a05cc1c7ea0b52fe4f1fad4c7d195056f9915
E2A_VACCINE_H0,LA-0277,277,fa6eb16a7926409595db7724d5f79014deb47ae928eb2c85046e98fd29b980ee,M2,A1_FINAL_NO_MEMORY_V1,certified,PASS,,,a8a9cb99c1fb8f063cecf977df079bffd2612e539a2a1fbcc45693bead94760a,c2dbb376d7e0c2195ff855f7384b6396b6a34976901fd0e6ab365668fd14694e,0.0,0.9,19137905.85543848,4.0,1.0,1.0,1.0,1.0,9b0a54044d989dd11d5f379ed155bc2e076d31b5dec74693b1da4f200c47fcd4,3,2,2,e9934d56889fb6e017a21843148e4b04e20fab326c265c391202ad602830a9e2,P4,1238647273.1707034,1238647273.1707034,0.0,5500255.132623275,0.0,5500255.132623275,h09,5,Katrina,1233147018.0380802,13637650.722815204,1219509367.315265,1843502519.361192,38454824.70319438,1.0,0.0,16999270.309167366,R0,False,True,10400000.0,0.0,0.0,0.0,NONE,False,False,0.0,9557344.06438629,0.0,45856879.673644945,R0,False,True,28054824.70319438,1833945175.2968056,f9a4f573a8b411d14ff44884ac824050b6e65debb3fa5ca96caa460651aab715
E2A_VACCINE_H0,LA-0278,278,8a9f5389b2d59254c37d2e9eac512e3b4d1d2b6c3c04e1a747a3d642668d13f6,M2,A1_FINAL_NO_MEMORY_V1,certified,PASS,,,38ac4314fa84d808df43b2c6e5057fd9a11492dec6f5d7cffd184229897c6346,d916aed0a781b119b44d046c9d2b2f251062d7ccb895cdf1c5596b75d3b6d95f,0.0,0.9,19137905.85543848,4.0,1.0,1.0,1.0,1.0,886eae5801f69010debc517bf44cd9ed4ce064299a6a8ab781e0df8f0a9bab81,3,2,2,e6e8ae2400240cbc7ef8b108b375703afc668953b47d358f70487322eaaead3b,P4,1215561468.8613775,1215561468.8613775,0.0,8898848.15314229,828888.9605162347,9727737.113658525,h09,5,Katrina,1205833731.747719,9410168.741779953,1196423563.005939,1720446148.4976463,161511195.5667401,1.0,0.0,0.0,NONE,False,False,0.0,10400000.0,0.0,0.0,NONE,False,False,0.0,9557344.06438629,0.0,202288951.101019,R1,False,True,161511195.5667401,1700488804.43326,ac667b6492b25c274d6f4a5e2a5f26c32541e039d51b9ba322cbd0e94fb7b32f
E2A_VACCINE_H0,LA-0279,279,884524026d868e658e8e6af549f40f34a635fc9067018f62e686a8103b0a5ece,M2,A1_FINAL_NO_MEMORY_V1,certified,PASS,,,f133f1af8a1f5be9b625040dc9e9e7e4ab75dcdf30c47cd8d9b9cc6eb707f6c4,bd91c3a8264f1374a6fe3eaa186ee045e7f8d9ea71b087afb621863ad7c3f509,0.0,0.9,19137905.85543848,4.0,1.0,1.0,1.0,1.0,173c2ce3fe57a3f400b4e74639f86e73f07bcc63e394c8373dacb3e3885db203,3,2,2,b79ac95522d612d0f6b176a45d4ad12b8937baa7d7514584563b02cf0c24d98a,P4,1222574060.820696,1222574060.820696,0.0,2707430.123773041,0.0,2707430.123773041,h09,5,Katrina,1219866630.696923,16430475.731665436,1203436154.9652576,1800626899.562837,81330444.50154954,1.0,0.0,14875233.602169078,R0,False,True,10400000.0,0.0,0.0,0.0,NONE,False,False,0.0,9557344.06438629,0.0,101452589.56406142,R0,False,True,70930444.50154954,1791069555.4984505,d5e855541b99c28d96ca4c6368674800055240defd4d2af5d0a414c653933354
E2A_VACCINE_H0,LA-0280,280,a5dd025efc27aa6977a88147fa5579486a90dbcbc8f92b32d7ba46e5fb0e70db,M2,A1_FINAL_NO_MEMORY_V1,certified,PASS,,,f195ef4efe8c324d552bdffc2fd2172ccec680815ab67aeda9213cfed2a50311,3353358c22c4e9591cebcde77840b96f47941ad7815a66426b5f45ecc32d40d6,0.0,0.9,19137905.85543848,4.0,1.0,1.0,1.0,1.0,d91f542ccd7766a326ac25f3aad3038a312d1d309587bf63461a31fc0196b4a8,3,2,2,386f7f10118192eb8c6018256443af52945229fc459de3e4dc91da6c8fd7b5e4,P4,1207997210.349287,1207997210.349287,0.0,2264097.411205298,830899.863277864,3094997.274483162,h09,5,Katrina,1204902213.0748038,16042908.580955315,1188859304.4938486,1880733724.2112288,1223619.853157333,1.0,0.0,0.0,NONE,False,False,0.0,10400000.0,0.0,1782045.1296542827,R1,False,True,1223619.853157333,8333724.2112289565,0.0,0.0,NONE,False,False,0.0,1862000000.0,96750b76c31c80e64d0ec560528d13df34984cbdf7bd8a63b08776b365afc65f
E2A_VACCINE_H0,LA-0281,281,be62759edebfecf2c4d7118c8ad4f87ebda453d6226d0ca6f89bf45e590b70a6,M2,A1_FINAL_NO_MEMORY_V1,certified,PASS,,,cb374a5199e40c4fe0ae95550f280f6e01f3b7c841e2797f95da80f2f115f036,da887a15c148528792a99460cf7b0fa0ada5c4ca0051781349a01c19df0e8e8c,0.0,0.9,19137905.85543848,4.0,1.0,1.0,1.0,1.0,e1568cd70bae988ad822821ccff0c38e52c02c557b2cd75d06b2a58951bcdcdc,3,2,2,67e27a96d8aaa27e463032f9ee54375c5446d6212ad423f05a46f8475dbd3619,P4,1233262561.7755358,1233262561.7755358,0.0,6615799.617050888,0.0,6615799.617050888,h09,5,Katrina,1226646762.158485,12522106.23838759,1214124655.9200974,1829138692.5494983,52818651.51488811,1.0,0.0,17867371.596375342,R0,False,True,10400000.0,0.0,0.0,0.0,NONE,False,False,0.0,9557344.06438629,0.0,72875943.19554381,R0,False,True,42418651.51488811,1819581348.485112,64604fcab0bd5f488b78b1aaf4b4a6aec59d537614a21e82c975898cfc0f6b06
E2A_VACCINE_H0,LA-0282,282,7bf93d4839686e9e22b27fa5856c4544b4422fec44e817cbd0bd0d92188f2ee5,M2,A1_FINAL_NO_MEMORY_V1,certified,PASS,,,17f0e5b483c0f85110c361f93c28398042362131ac050c410d56d8e62e258d72,e3da0be0764a40dd26bd6126e23e04b4c97d817b94df16a2cd41b3347a8e4357,0.0,0.9,19137905.85543848,4.0,1.0,1.0,1.0,1.0,5345768ebf77e89df691decdac092bc3aa88444d30cabe069f6a76e5491f09b5,6,2,2,a8fe0302cb0f2e6d98a7b1d1341390e85bd55ebeac5ea26135059b9af53d1d7a,P1,1238936124.3343542,1238936124.3343542,19137905.85543848,0.0,0.0,19137905.85543848,h09,5,Katrina,1219798218.4789157,0.0,1219798218.4789157,1881289539.7111044,0.0,1.0,0.0,0.0,NONE,False,False,0.0,10400000.0,1375244.743851572,0.0,NONE,True,False,0.0,8889539.711104404,0.0,0.0,NONE,False,False,0.0,1862000000.0,a805ad4b0d69afac9730311bbd0b76facf98c37ec890225a68ff12a9d7295c23
E2A_VACCINE_H0,LA-0283,283,f79e86775b923cd8f48f3b6f43816a492f6470b6b2a54186816c17f459063653,M2,A1_FINAL_NO_MEMORY_V1,certified,PASS,,,b8a870791101e566d829f749ee508bb15a71a5872560ac3f320623df7553c6cb,981851bd731d0620c1580db191e8f961818ef029cd3c9df9ebdd51250cebd2cd,0.0,0.9,19137905.85543848,4.0,1.0,1.0,1.0,1.0,c29de458a73a05c9df9862b8a38a2efa239b931d6f437e991df484f363c0a94b,3,2,2,1a76876baa9855b4d4712acb1bd7eb723e27c70a2a976e3251e8c65ffb963100,P4,1236911716.6143475,1236911716.6143475,0.0,7405505.687257376,1763187.4669814326,9168693.154238809,h09,5,Katrina,1227743023.4601088,9969212.701199668,1217773810.758909,1881253171.3631594,704172.7012268157,1.0,0.0,0.0,NONE,False,False,0.0,10400000.0,0.0,1438620.1140941621,R1,False,True,704172.7012268157,8853171.363159474,0.0,0.0,NONE,False,False,0.0,1862000000.0,de78cca4a89d52543cbdaef47b96f287a71a1482e1a609571a920eb10bea1f75
E2A_VACCINE_H0,LA-0284,284,c6fae62d6d52ba04be3d2b85b07a208343d56e3898224c33cbaad4f8f0890fd8,M2,A1_FINAL_NO_MEMORY_V1,certified,PASS,,,7534f025e6dfff52872a631fb97a54c3706874a69205f2d519576347ac52d005,9488d176f1d576128d747d09269b5016fb818901d26215d954fe110f88164b35,0.0,0.9,19137905.85543848,4.0,1.0,1.0,1.0,1.0,7b4cac03d2d1818b06b3b41fbe3b4622215434eff210bb9e7a300d3721e5d2d2,3,2,2,83f65056937dbb7c10a995300e7c3855df16fd2fca5879d08b8661637aa328fa,P4,1233722890.470781,1233722890.470781,0.0,6844763.674129896,0.0,6844763.674129896,h09,5,Katrina,1226878126.7966511,12293142.18130858,1214584984.6153426,1880878972.164618,1078371.8997682154,1.0,0.0,436921.7767538157,R0,False,True,332382.408523363,10067617.591476638,0.0,980614.6342172193,R0,False,True,745989.4912448524,8811354.573141437,0.0,0.0,NONE,False,False,0.0,1862000000.0,e65c8f5ce74552e4535eda7ec5a4504620766a0705b4049ee26c05895f640833
E2A_VACCINE_H0,LA-0285,285,99a8425dc45cd2ee0cefe3f09f98b07802b60958c867aa71719c9568623adacd,M2,A1_FINAL_NO_MEMORY_V1,certified,PASS,,,6bff774893be02ef0dc9740fc5c1dd8e8cde2b54e62a126ab7b62e9ae8997633,29b86a1050c89b2bb032f21278ad494f90f1bc31cef9117f4cec701e2abb98f7,0.0,0.9,19137905.85543848,4.0,1.0,1.0,1.0,1.0,faf25fe9f3b9436153e3d99e5151d4094b3ef33946586402712175ca8a2d618a,3,2,2,c12efaf7b85f71f09f7516ed154d64129b870fb2259841710fd4f7d169441667,P4,1228351538.3093421,1228351538.3093421,0.0,1549500.6330513675,0.0,1549500.6330513675,h09,5,Katrina,1226802037.6762908,17588405.222387113,1209213632.4539037,1754563918.0451405,127393426.01924585,1.0,0.0,0.0,NONE,False,False,0.0,10400000.0,0.0,0.0,NONE,False,False,0.0,9557344.06438629,0.0,184090327.0052032,R0,False,True,127393426.01924585,1734606573.9807541,5189f84dc75d4ce555c47750e82698d344cd1f3abcd7dd40158a821ff90febf2
E2A_VACCINE_H0,LA-0286,286,6baaa33555436c6ac3e813258e2307c08f082445ff5442dc255c0053c1af1067,M2,A1_FINAL_NO_MEMORY_V1,certified,PASS,,,d3d7801cad11c32796ecfed7652aa4f7c4fe953508480831779d59c91358eef3,650d48604e1dc7e87a3af405e1b2a3696960bc9cd55e475b30b382fcd4c53600,0.0,0.9,19137905.85543848,4.0,1.0,1.0,1.0,1.0,8b01bbbdef635602c67825d991b9caaa1e1a8bb2629b66124f501a5920b85541,3,2,2,fc952d199580a77cd295ae079ebcefa8ce0f4baa47e7c3a62842113c584eb645,P4,1234356415.7156703,1234356415.7156703,0.0,3947204.140862816,0.0,3947204.140862816,h09,5,Katrina,1230409211.5748076,15190701.714575663,1215218509.8602319,1832056570.1106775,49900773.95370882,1.0,0.0,24516035.523272324,R0,False,True,10400000.0,0.0,0.0,0.0,NONE,False,False,0.0,9557344.06438629,0.0,93115613.21594958,R0,False,True,39500773.95370882,1822499226.046291,bba037741e865852b0e618077497251851d3b0efde9d3672ba6bcae6d14d9f98
E2A_VACCINE_H0,LA-0287,287,6976b8c8cd5fa35b0ae0a06c7cc30e9084d607ef478d90c7ef5d00a8c768ad1b,M2,A1_FINAL_NO_MEMORY_V1,certified,PASS,,,d566730444265bfa6a65162363b3c780ffe646f532b37ffce0f447b6ed95c85b,0a88bcafb48616af8507527a10c5d27a8625e9257840928b962000a254ec404a,0.0,0.9,19137905.85543848,4.0,1.0,1.0,1.0,1.0,108f5ef593da362e49ac7df0bf65d67c2e2f2a942b8bae95e4da6ec4ea8d3471,3,2,2,b7da483237b03e8998508af6c2857dede70e398b6a6998652d8439659785e7a0,P4,1215479788.5974307,1215479788.5974307,0.0,4339234.898032653,2846238.8161000176,7185473.71413267,h09,5,Katrina,1208294314.883298,11952432.141305804,1196341882.741992,1720228264.737651,161729079.32673526,0.9999999999999998,0.0,0.0,NONE,False,False,0.0,10400000.0,0.0,0.0,NONE,False,False,0.0,9557344.06438629,0.0,189663294.36075905,R2,False,True,161729079.32673526,1700270920.6732647,ca91f02b4bfeaceaefbdaa9755cdf4bf8d0b856af3ddec249b93aa518b434a29
E2A_VACCINE_H0,LA-0288,288,450f26fba029230cf0c4fa363512fdfa8719494c3757aa0888f30e8609682010,M2,A1_FINAL_NO_MEMORY_V1,certified,PASS,,,764ebc58f6db2968070a1f6ebabcd2bfa2b2988af37c01b1797c87a3d337ba2f,cd68f23fa10440b1e5bf3ef86f185276774f8a8f403a2ae3390ff4e0dfd83857,0.0,0.9,19137905.85543848,4.0,1.0,1.0,1.0,1.0,a306fa0930356fe541cd16cf8b810667b43bffe8dd811d104be5c29933aa60ad,3,2,2,ec8117019650509a3f3983f07784ddcdc765df5ebde2440a8b4c0c2e656926ee,P4,1212902310.4891243,1212902310.4891243,0.0,3205562.031918156,0.0,3205562.031918156,h09,5,Katrina,1209696748.4572062,15932343.823520321,1193764404.6336858,1774827309.4764845,107130034.58790193,1.0,0.0,14737942.706886204,R0,False,True,10400000.0,0.0,0.0,0.0,NONE,False,False,-1.3275094380488777e-10,9557344.06438629,0.0,137077087.28765574,R0,False,True,96730034.58790193,1765269965.4120982,3510087a2b4ee750af368da7e7a33cb49dfa5d5c625da090a6bc8d36e5b205b5
E2A_VACCINE_H0,LA-0289,289,fa2f1df2a5a81adf302bb6baff73cd4c0130b16333573323ae44149beefce25b,M2,A1_FINAL_NO_MEMORY_V1,oracle_failure,FAIL,oracle_failure,Full exact certification was incomplete,46ab56019f9ecd938d14c9b633692ea8f826498f762ea5f4a98265498d2e91e3,f5050af7f63a853b3a1a03842de04d75123d3b263beef34ccb528ba400bf72ac,0.0,0.9,19137905.85543848,4.0,1.0,1.0,1.0,1.0,6b7255b320f440a41fcd4669e7d1992116862ce9989f0d8ef2e9448fa9d8d2f5,3,2,1,,,,,,,,,,,,,,,,,,,,,,,,,,,,,,,,,,,,,,,5fea624c7e49856b83d621d880e5bfbf7214f08b52329692c80ec882f8f3ca7d
E2A_VACCINE_H0,LA-0290,290,6e110f55da4ccfd8ca5b014fcb2a6adf3d90454959137e173c5d55811540e697,M2,A1_FINAL_NO_MEMORY_V1,certified,PASS,,,59e1aff0704e0875eb9c86d3bf8c7e20c4b8c73ced41356f8112c78c4a1831be,b98b4f3afa6e4dbec828524bbac713e562fd7bc23713ef52940cee96bfee3528,0.0,0.9,19137905.85543848,4.0,1.0,1.0,1.0,1.0,cb8a5f943b272470a09fb68410583323c55cbc1311163fde6125ba2760daa589,3,2,2,2ded2a077ca6b43a46de7fdfd19167d293493560ef7bf955a3824ff24e33c1d5,P4,1231683611.8515985,1231683611.8515985,0.0,8156785.794216873,0.0,8156785.794216873,h09,5,Katrina,1223526826.0573816,10981120.061221607,1212545705.99616,1824926811.617101,57030532.447285466,1.0,0.0,15474067.12356202,R0,False,True,10400000.0,0.0,0.0,0.0,NONE,False,False,0.0,9557344.06438629,0.0,69381152.79776269,R0,False,True,46630532.447285466,1815369467.5527146,699af652ddb7aecbfe51e7f7edbda00c81f261ae4b906d9ebb778ba247008bc9
E2A_VACCINE_H0,LA-0291,291,9c295c9cdc825318f593bdb2682c866fda5557c46098cfc294a300c2218d33e5,M2,A1_FINAL_NO_MEMORY_V1,oracle_failure,FAIL,oracle_failure,Full exact certification was incomplete,d97d7185dd076dc4b0f5ed0ebd1c193f44d01838bd45b631274d736f04a0b835,5b9ba5e860fc78fc1a0854f39fe4e7a0be7dfa50984a99f7fb0dfa455df153a3,0.0,0.9,19137905.85543848,4.0,1.0,1.0,1.0,1.0,486ee68c13aa167aab1678f755f0a007622e257af28b57e413f17efe8fd84604,3,2,1,,,,,,,,,,,,,,,,,,,,,,,,,,,,,,,,,,,,,,,724ee35f949d458c811eaa4220835b3e974c2fdde9caa7bf3580c3c026165aef
E2A_VACCINE_H0,LA-0292,292,03acbdeb07372f2727b8a1dbbee7a33c46f61c79455f3e6bf5ea11b9b50aa908,M2,A1_FINAL_NO_MEMORY_V1,certified,PASS,,,18e3d7d2b52012253123623bc777d4199da3f25876b79ae44719f550f0c6faa9,c96585702ceb9e8b68e90df8230fbeebc02068fcfc40ea8c333d1dd7936090d5,0.0,0.9,19137905.85543848,4.0,1.0,1.0,1.0,1.0,3d39fc2159afdcc8f2346fd6164302a02628099eb552bccde77e3c24d072e842,3,2,2,1d93a6f0d6ba9904ba6a6cf862d7e86982f48fd8c0d7293fa607c3808ab84d02,P1,1226696042.1269906,1226696042.1269906,19137905.855438437,0.0,0.0,19137905.855438437,h09,5,Katrina,1207558136.271552,0.0,1207558136.271552,1871153700.349805,0.0,0.9999999999999979,16111974.83712912,0.0,NONE,True,False,0.0,0.0,625336.2858170384,0.0,NONE,True,False,0.0,9153700.349805117,0.0,0.0,NONE,False,False,0.0,1862000000.0,e0a37e8a5812b7d27d1c314e69cab695f38b09b63d103cab008ecae8d40386e5
E2A_VACCINE_H0,LA-0293,293,4ce04e00eddc3248b8c14149e07b6db89830abccb3fab6d5ccea4d16dce435cf,M2,A1_FINAL_NO_MEMORY_V1,certified,PASS,,,604fb97bb4b1dc6abf301c42cbe0f3ed97137d782d99388481c7799d8719d2a6,57e911c1ab0c5e953804222d5c5debfdd03e1c9e8fddac609b7e83ab82d0fe18,0.0,0.9,19137905.85543848,4.0,1.0,1.0,1.0,1.0,06bb0cfa2807eaf8c78e238181586d6231106a7c79f1d4f11506067520fe199d,3,2,2,8999608b525235deb05f028a6e1f9d9bc216c0f5686357931df24f2a4b0d0c40,P4,1155828168.0428019,1155828168.0428019,0.0,1841755.5808673997,0.0,1841755.5808673997,h09,5,Katrina,1153986412.4619346,17296150.27457108,1136690262.1873634,1879504769.1858065,2452574.878579719,1.0,0.0,386757.4094265277,R0,False,True,305983.25008905475,10094016.749910945,0.0,2713253.8042199775,R0,False,True,2146591.628490664,7410752.4358956255,0.0,0.0,NONE,False,False,0.0,1862000000.0,bc73ba6d7007cb473504af04bb268aed9e00faf7b7d9ea085bd230fbeab6f30b
E2A_VACCINE_H0,LA-0294,294,9e0ed541557993bdfd0dc39f2a95a6fdc8e1e15decb3d9f5e16a74590958c8d8,M2,A1_FINAL_NO_MEMORY_V1,certified,PASS,,,47050bd88edd46a19202e9a33ff82a33d7259c0934efa1115e3a6834b8f1092b,997fe178bf587615971937ff49f87d61b00a309405aa17974471ff782f2d8339,0.0,0.9,19137905.85543848,4.0,1.0,1.0,1.0,1.0,ebdfc9921524a45d63f3af8e321f9d16ff100c306dceea8e8a501d77f656c030,3,2,2,f2e2e73efb5eb8d4e380bd539d20d8b4e53c2a49505fe8136a3a11b51a1e15d7,P4,1218532448.9259627,1218532448.9259627,0.0,10781700.046542214,0.0,10781700.046542214,h09,5,Katrina,1207750748.8794205,8356205.808896264,1199394543.0705242,1789845817.8974152,92111526.1669712,1.0,0.0,15893483.87962792,R0,False,True,10399999.999999996,5.587935447692871e-09,0.0,0.0,NONE,False,False,0.0,9557344.06438629,0.0,124873156.14562999,R0,False,True,81711526.1669712,1780288473.8330288,5101b64b9567677ff57981b76e452927f1d9c522e2a6bfcfaafb0ef3bd5b8950
E2A_VACCINE_H0,LA-0295,295,facd52b2013a8debe94566b9aac3a1d115d73bb17c648ae61829714e20c560fa,M2,A1_FINAL_NO_MEMORY_V1,certified,PASS,,,f9955e547d22a6e58cfa5a4f9c76967e112499ec3f92aaf96861d7f7c4733a7e,f1793280e0f5014ccf3f826c608e28f049165a2dd7f1974f10cdefc54abc65e5,0.0,0.9,19137905.85543848,4.0,1.0,1.0,1.0,1.0,846c3017e22ee61c0f194279c6bb15d538b3706505500f2929e9fd3ab6debedb,3,2,2,49906dc1a371412bac6054627163339e053d5e2339434aadb820d29ee7acdafa,P4,1180923055.3341317,1180923055.3341317,0.0,5199382.629012666,0.0,5199382.629012666,h09,5,Katrina,1175723672.7051191,13938523.226425812,1161785149.4786932,1870331391.7339518,11625952.330434484,1.0,0.0,21280724.458423994,R0,False,True,10400000.0,0.0,0.0,2508572.4753018296,R0,False,True,1225952.3304344842,8331391.733951805,0.0,0.0,NONE,False,False,0.0,1862000000.0,59c1a2b353ed170f3b396ddd3f455e19775d68502af4f9dd04a5e6c297f20304
E2A_VACCINE_H0,LA-0296,296,4bd78bae92612d7d93f3c93f9c6b103a5e633eef6f2af03ef7f5ddd15553036f,M2,A1_FINAL_NO_MEMORY_V1,certified,PASS,,,2974defe4b5a6537247aeb83eeaa6e453c55a44c3400fdfda11dbc4d640a9e79,6aad20e9ad72384edfb05311b546309fb4965a412718537206a8f13ace3ac582,0.0,0.9,19137905.85543848,4.0,1.0,1.0,1.0,1.0,7d62e2444f7cc770372712eb271a045683d3e088a9e2e878fc27e2a908977c30,6,2,2,a9b51e226929ced77696b191aa8802882b03dfab970249c448e15045652fb559,P1,1229181017.3116117,1229181017.3116117,19137905.85543848,0.0,0.0,19137905.85543848,h09,5,Katrina,1210043111.4561732,0.0,1210043111.4561732,1871198342.7611413,0.0,1.0,16965155.35024296,0.0,NONE,True,False,0.0,1.862645149230957e-09,585626.238508631,0.0,NONE,True,False,0.0,9198342.76114137,0.0,0.0,NONE,False,False,0.0,1862000000.0,1e91c4478c4ffb7b4234e603e28e5e444f5adb33df699c3d7128e45af005a9a2
E2A_VACCINE_H0,LA-0297,297,e2c9c3d87cfcee6be8d7a48d347ef73fc50977ae573fbc9b66fabef2f82bac8a,M2,A1_FINAL_NO_MEMORY_V1,certified,PASS,,,52a8ae39173872e1c82afc5f9d30d692a573ffe2c65bcb6ea893fcc91c0680b1,151e6e9f2ac132101b96decfc33adf7b4e1a9e76fdac261e7e7c16684513ef4d,0.0,0.9,19137905.85543848,4.0,1.0,1.0,1.0,1.0,f7678b7d4f8f0b0180376ef98ea0c5d4b1a9b515d14cff24bce179327ab34c34,3,2,2,3d3a76758d561bb2b67206ddf317096af4cca846e4494eaf8d0a55c01e24c37d,P4,1219045918.5269282,1219045918.5269282,0.0,9230630.674223712,0.0,9230630.674223712,h09,5,Katrina,1209815287.8527045,9907275.181214765,1199908012.6714897,1791215508.467639,90741835.59674738,1.0,0.0,29789613.626734786,R0,False,True,10400000.0,0.0,0.0,0.0,NONE,False,False,0.0,9557344.06438629,0.0,230130023.1240146,R0,False,True,80341835.59674738,1781658164.4032526,1c30aaf02ee220a1189f3bc12c0eb20f0eed9a74c847bc230369392bb4c6091e
E2A_VACCINE_H0,LA-0298,298,5ffcb8416097009ab57f63954644fb5c0775284c4e0ff34e8b6a48fa18cf6edd,M2,A1_FINAL_NO_MEMORY_V1,oracle_failure,FAIL,oracle_failure,Full exact certification was incomplete,6774b00edc39d367077228dc5da1b45b458366fb08aadf549030d5285fd78b10,80215ebf98e749e34484404041687eb2719d6b5531458981ad7858f9ad9054d9,0.0,0.9,19137905.85543848,4.0,1.0,1.0,1.0,1.0,0aa98a8fd2cc9de8667e257a7252f71fc72f690eab3ac56d01fab3e89d9a5357,3,2,1,,,,,,,,,,,,,,,,,,,,,,,,,,,,,,,,,,,,,,,1ac9357c028438070a155190bcd19ba643926b88eeb269f94bbab71a8f32f42e
E2A_VACCINE_H0,LA-0299,299,d07bca572e398a462441d1017fdcda497111b49a35d9d6a51c94c6d2acfa21e2,M2,A1_FINAL_NO_MEMORY_V1,certified,PASS,,,a91eb7733aae946361ce4f00b7d61ce13da26e7a3042431d75650cef141b6e2e,f1c54a7f0cedaec31bf43e3fb94effd94281d1171480416490124567de18ae18,0.0,0.9,19137905.85543848,4.0,1.0,1.0,1.0,1.0,c9cdb3fe7b33996b3f6163b509869af14d80959bbfb61399c6f103a5b9c38c9b,3,2,2,d6e68e17e57b67c31cc1429d5e0334259fabf170d635530fe81e6be2f1fb0f5a,P4,1224642301.5335283,1224642301.5335283,0.0,3973547.1288824435,0.0,3973547.1288824435,h09,5,Katrina,1220668754.404646,15164358.726556035,1205504395.6780899,1881032752.1500087,924591.9143774917,1.0,0.0,0.0,NONE,False,False,0.0,10400000.0,0.0,1627118.0281273664,R0,False,True,924591.9143774917,8632752.150008798,0.0,0.0,NONE,False,False,0.0,1862000000.0,5b1843f462340a98b9283b381a751a63eaf8a633d9ded19c9e0fdc212bd45e15
E2A_VACCINE_H0,LA-0300,300,9b6ec726adf9f2c41357489a91739705f48bdbd36e70ab42ebb76d80c50b8f22,M2,A1_FINAL_NO_MEMORY_V1,certified,PASS,,,438a3bfe6caacad29dfab3e427bae12b0802c29dfb0e0c8120db889e4f5ee923,e561cc908dea2491f4d2f0b12b3ba57b280b855e6e8569783eb2331c8befe5f6,0.0,0.9,19137905.85543848,4.0,1.0,1.0,1.0,1.0,7f5e03be7dec62997d1c20d501044a5b28688cef2af21c424a701682c16268e1,7,2,2,1da679d3d12feba9c227a80946a21524fe9f7dc5994115a5906b994047bb5721,P1,1219357269.5237026,1219357269.5237026,19137905.85543848,0.0,0.0,19137905.85543848,h09,5,Katrina,1200219363.6682642,0.0,1200219363.6682642,1880937806.9069464,0.0,1.0,0.0,0.0,NONE,False,False,0.0,10400000.0,1375244.743851572,0.0,NONE,True,False,0.0,8537806.906946395,0.0,0.0,NONE,False,False,0.0,1862000000.0,d6f09b093fcf68baf1fbca1edab72e07aaa7e78226cd19240b944e3b92ccea1f
E2A_VACCINE_H0,LA-0301,301,3b4c1d840294790627a2d1193efbde7e703fe0fa9296e55504c3ef51f216c985,M2,A1_FINAL_NO_MEMORY_V1,certified,PASS,,,039d13603932881dbe7816737813aa5851271a7f9ebf07699af24f48117b0524,d2432ea4f2094df8c973016bbffe96412902be5c4e971971f2210c7b1928861e,0.0,0.9,19137905.85543848,4.0,1.0,1.0,1.0,1.0,31dc6b12bde906231afd7a6a322d20fa88ac8499eac0421864410e3475a61b4a,3,2,2,c88bdbe12fc93f8653456b51b23d0e1d03a79bfd610f0fb47bd8ac9208840d7b,P4,1235605931.952571,1235605931.952571,0.0,7220686.001020739,0.0,7220686.001020739,h09,5,Katrina,1228385245.9515502,11917219.85441774,1216468026.0971324,1835389680.0042446,46567664.06014176,1.0,0.0,17671929.791878004,R0,False,True,10400000.0,0.0,0.0,0.0,NONE,False,False,0.0,9557344.06438629,0.0,61456963.46221678,R0,False,True,36167664.06014176,1825832335.9398582,36657a8c2e449bae0e37f6fe33c11811d743ab54fe78c37c813ebafcd348e35a
E2A_VACCINE_H0,LA-0302,302,ee30301ae5d9ebcffe4f347cb88e044583d130a04d060a932d6b5e1d5e66f19f,M2,A1_FINAL_NO_MEMORY_V1,certified,PASS,,,45dd053064af05aba6063f5c24066a461339719b40cb549e669e63d92f67a9f4,d84bda920d9a2c7bebe880f137834eaafb860459bf96f8c4b616345c21a2346f,0.0,0.9,19137905.85543848,4.0,1.0,1.0,1.0,1.0,d2e684423ce4f84aa997637ccff8a3011dc56b54b1e23e4dadf943a90fb45a96,3,2,2,2ff560c5e496752d16e237060880146e3cd18ea2755736a6775000123835e809,P4,1231964682.2858036,1231964682.2858036,0.0,4989289.019353056,4718046.5201375075,9707335.539490564,h09,5,Katrina,1222257346.746313,9430570.315947913,1212826776.430365,1764202052.8521762,117755291.21221007,1.0,0.0,0.0,NONE,False,False,0.0,10400000.0,0.0,0.0,NONE,False,False,0.0,9557344.06438629,0.0,127194018.51963937,R2,False,True,117755291.21221007,1744244708.7877898,1f853b8247bf7785e8753105627e522f6cfe21f2b7e458c84c0c2094cb73b9c5
E2A_VACCINE_H0,LA-0303,303,c16fbaeb493f56ea949022f93f62f201d42df69eddaf0b529a63d6d3052c8179,M2,A1_FINAL_NO_MEMORY_V1,certified,PASS,,,e654bb7e2c37424adc856e14afe5e27a2452963b63ef92aa6a1a60b3d50c5669,2c79486353a6d412be917da53a50a9a9fca6745803dd5dcec981e970f467be74,0.0,0.9,19137905.85543848,4.0,1.0,1.0,1.0,1.0,a3adfa138cab7cf0a96e5a553d0a64f697e4d731ad0902619ca3f0142357d216,3,2,2,0e70ce3af07cb65d8dd224477a3baf6150eb5ca95c280a2185328d87ef961c0a,P4,1225287708.727059,1225287708.727059,0.0,4202793.56885462,0.0,4202793.56885462,h09,5,Katrina,1221084915.1582043,14935112.286583858,1206149802.8716204,1746391090.5209107,135566253.5434756,1.0,0.0,0.0,NONE,False,False,0.0,10400000.0,0.0,0.0,NONE,False,False,0.0,9557344.06438629,0.0,222879616.13254395,R0,False,True,135566253.5434756,1726433746.4565244,6a1a0955e057756f69c3e00a7166c87ab934a3be5fe72c3b6c285be0419d8675
E2A_VACCINE_H0,LA-0304,304,ccd5a3e45a3a17fa1330e500ecc1b33a94cf04f0f52f25a1edc22eb0cdd179a3,M2,A1_FINAL_NO_MEMORY_V1,certified,PASS,,,86f954958909a2f6a78ed9fb5eafce6b9c4ec910855a7f5d4f1e2949e8c50e79,6579eb9fe4e149d7d852b2c4667b7bc1ac093d68b4955ffdb4b3964cb8c42f5a,0.0,0.9,19137905.85543848,4.0,1.0,1.0,1.0,1.0,d4481ce4af7c60c7dd29fd91199bf99c8bf820e3a9c1c5fa4ba4f9624b1716bd,3,2,2,b1fab44b092b90143dca309db4f83bdc975cc99b74db3d84feb0e3edd37c2dfd,P4,1193155363.5605457,1193155363.5605457,0.0,1765500.2338835218,734883.2862886661,2500383.520172188,h09,5,Katrina,1190654980.0403736,16637522.33526629,1174017457.7051072,1880467091.4362085,1490252.6281778414,1.0,0.0,0.0,NONE,False,False,0.0,10400000.0,0.0,2164137.487728794,R1,False,True,1490252.6281778414,8067091.436208448,0.0,0.0,NONE,False,False,0.0,1862000000.0,ebdaa33be4e3b7f51281ce09995115514566b89aafcc20c58a6ef2e09d329d2d
E2A_VACCINE_H0,LA-0305,305,f663668923934c0c068ef34648887563acfd965684da967f6917923fff66d889,M2,A1_FINAL_NO_MEMORY_V1,certified,PASS,,,8e526f3570a20c757ca9a979fcd0870fb47e58e33d908c08bb65ae4cb58ade52,aea92386603e583eb83085db659c71d7825099b4b561eae4aeb2c265b4b88c1a,0.0,0.9,19137905.85543848,4.0,1.0,1.0,1.0,1.0,738490cb2a22f46a5a43d276e190ece3177d70e46b6a3154581f1dafcc2c9a90,3,2,2,050bade6c6fc7050e1291b54431c13d33d34a812750a0e00b77f481ce348f1f2,P4,1223944549.2106218,1223944549.2106218,0.0,8055854.699318533,0.0,8055854.699318533,h09,5,Katrina,1215888694.5113032,11082051.156119946,1204806643.3551831,1742808185.2807348,139149158.78365162,1.0,0.0,0.0,NONE,False,False,0.0,10400000.0,0.0,0.0,NONE,False,False,0.0,9557344.06438629,0.0,208386406.64921317,R0,False,True,139149158.78365162,1722850841.2163484,b346302bf4733912cda3ee14e7122c6c5a93256bfcd821e65e71d346e04243f6
E2A_VACCINE_H0,LA-0306,306,c2643f9f338b34f9d8b143361a225a7209edbf555f9394edcb89adddc186dc34,M2,A1_FINAL_NO_MEMORY_V1,certified,PASS,,,d151ebdee32c5163514f87f5ed8b5f085210e0c91e4f355b1b4ced635737b1e5,4e92573844c56c84af6d660bd178d87a1514ce8566a32a879ca1d5ac24aa7267,0.0,0.9,19137905.85543848,4.0,1.0,1.0,1.0,1.0,518a036a40c6c666eb4db808adb5e67bdb2d357709dec2e57e13f0c083a08669,7,2,2,e248531ec2458477d07299066ff1de86520701bbc6881aae5de4eb106ebf61e0,P1,1222405307.8019643,1222405307.8019643,19137905.85543848,0.0,0.0,19137905.85543848,h09,5,Katrina,1203267401.9465258,0.0,1203267401.9465258,1880992564.708726,0.0,1.0,0.0,0.0,NONE,False,False,0.0,10400000.0,1375244.743851572,0.0,NONE,True,False,0.0,8592564.708726032,0.0,0.0,NONE,False,False,0.0,1862000000.0,f3a96e7284ab96097e1b33fb834f9ae040b3e0ee7c6caed10181466d4b212f6e
E2A_VACCINE_H0,LA-0307,307,f82e17236737fbf0c426f35a06db33697cf0e90bf6de2998fff660aa75054ced,M2,A1_FINAL_NO_MEMORY_V1,certified,PASS,,,a0d238299cf445754ea66410872c5804cf2b88c28d81509185392285268f9473,2de9b1f7c4e49e94329c17d1f2933812c6647ed351ab4ead0e29596dbe26889c,0.0,0.9,19137905.85543848,4.0,1.0,1.0,1.0,1.0,a4c6833c8545cbd7fabe8cb0a91137263b80ab6d451c1a9d2c714709db085d26,3,2,2,479468ff14ed9b51973f4eaa1525f1a200a8410ae864d4d842a85ea1826be386,P4,1207148863.0414283,1207148863.0414283,0.0,4220273.245444411,872400.8207029555,5092674.066147367,h09,5,Katrina,1202056188.975281,14045231.789291112,1188010957.1859899,1880718483.7091475,1238860.3552387278,1.0,0.0,0.0,NONE,False,False,0.0,10400000.0,0.0,1684176.0222849292,R1,False,True,1238860.3552387278,8318483.709147561,0.0,0.0,NONE,False,False,0.0,1862000000.0,8bcceb4de2e78c7ac5827963275d08098ac5b7fecf9e9f46e3e8aa4241d37ee8
E2A_VACCINE_H0,LA-0308,308,600885755cbb533d7636a4202c2db8b488a60f166a9a98443bcdf11f9246f81c,M2,A1_FINAL_NO_MEMORY_V1,oracle_failure,FAIL,oracle_failure,Full exact certification was incomplete,717695d0920d5d75887c48f595434f1e0fbe8a6cd4e3e76cb820ebe7746f31d4,4328fbd4dd4f0e2054dd30d13d9bdd5e294d6bd44606956724024984e9abbe22,0.0,0.9,19137905.85543848,4.0,1.0,1.0,1.0,1.0,e09b58348af61f76cf76d31fe5c494293de16371e5d6f17ba3e995e388c74786,3,2,1,,,,,,,,,,,,,,,,,,,,,,,,,,,,,,,,,,,,,,,1c9b7516b9c7d08ef61c239083df4619442ca48c70760f62f6a7589a49046e6d
E2A_VACCINE_H0,LA-0309,309,edfd44d35059942c0924ebc0728653f9cebdd3f8cfd1c30418d1215f86295896,M2,A1_FINAL_NO_MEMORY_V1,certified,PASS,,,ba31c2317255c4703d7bf1205658cff5323afc70b46c1429e57b8e395965d30a,2fa5b1e70b9878d061c6400e949080474086fd8d6d14a1a72519bae8a554dcfa,0.0,0.9,19137905.85543848,4.0,1.0,1.0,1.0,1.0,0b42a0aa22efb3e58e50af343a585b524d65ec51654a76f5fb5573f7eb86760e,3,2,2,a5bf5b16c721717afbdb2cc638cb8f0ca7fb933a938c6b1d22bac03bc05f7d7f,P1,1232373573.2408817,1232373573.2408817,19137905.85543848,0.0,0.0,19137905.85543848,h09,5,Katrina,1213235667.3854432,0.0,1213235667.3854432,1881171643.9239984,0.0,1.0,0.0,0.0,NONE,False,False,0.0,10400000.0,1375244.743851572,0.0,NONE,True,False,0.0,8771643.923998332,0.0,0.0,NONE,False,False,0.0,1862000000.0,167d88726ff7248c061728c8887f247470e59102db4118fa078196ec3a860b30
E2A_VACCINE_H0,LA-0310,310,8833ca4e19d3b03159b311cfa63fc1c647b4095e9b3f8e9833bfd331e6212f29,M2,A1_FINAL_NO_MEMORY_V1,certified,PASS,,,65c3264366cb5d38832a966ec79ebbecd29495d4dc4f1f62a6e28c9965eabaf4,e3c87b083b553d9f46bf667e04d554300501a08dd5ede5e65158a2d553567a83,0.0,0.9,19137905.85543848,4.0,1.0,1.0,1.0,1.0,d87a6e82f59d6d0b6d57ffc50dd0e2bf15482830801a9592491c49d049e9dfad,3,2,2,5a1dc4fd148fa5675ae807e90b75e82511a1642330744d2af80100be020a00fb,P4,1193190136.730869,1193190136.730869,0.0,542111.9470540744,0.0,542111.9470540744,h09,5,Katrina,1192648024.783815,18595793.908384405,1174052230.8754306,1880467716.1338644,1489627.9305218414,1.0,0.0,0.0,NONE,False,False,0.0,10400000.0,0.0,1765427.2493450947,R0,False,True,1489627.9305218414,8067716.133864448,0.0,0.0,NONE,False,False,0.0,1862000000.0,1a5597660b28e6a2d0661ab9b8e1cdc5c6d60dfed336c43bbf10eba7411f44ec
E2A_VACCINE_H0,LA-0311,311,2ad8e27d064113cd71ac096661d5484eb440cd01ba5469c5108f0c31297668ed,M2,A1_FINAL_NO_MEMORY_V1,oracle_failure,FAIL,oracle_failure,Full exact certification was incomplete,a41931a39331590a59f7ebece9a47ea67eb4a37b928106fe6a576d5d456f77e7,89d6cf34c8dfa106f35910227ea0ad896bda2cb19e57e4ef92244144276dd0ff,0.0,0.9,19137905.85543848,4.0,1.0,1.0,1.0,1.0,189a5223b399a8dacf1df8924ce549aecfe22b332b5f638c240b86479ace9b46,3,2,1,,,,,,,,,,,,,,,,,,,,,,,,,,,,,,,,,,,,,,,00e56ed6d5e55ab8ce8dfba7ee791c811cf9ce9d1d52e03233fd81ba975154d6
E2A_VACCINE_H0,LA-0312,312,891e6a4d67e32ec6052911199efcca3b63de6ca3246fabd04a3a20fed806b879,M2,A1_FINAL_NO_MEMORY_V1,certified,PASS,,,45fce0c72792831d7ae710e661e0b103a7d1596b3748dcfee70b58d146bf4974,0f05c96ceff184e3b3fb639f27d19f39bcedbcd432bf85d080d43ab3187c1895,0.0,0.9,19137905.85543848,4.0,1.0,1.0,1.0,1.0,52a272e54684953cd9911ed524b38d866048f411e6995924e3b4915bd6e60eff,3,2,2,9cffe55c31351d0ced422a1fb497025b0192661bdc9da84b06db154b96b44aea,P4,1238535307.4111469,1238535307.4111469,0.0,6959609.913994261,0.0,6959609.913994261,h09,5,Katrina,1231575697.4971526,12178295.941444216,1219397401.5557084,1843203848.427676,38753495.636710316,1.0,0.0,24582062.452823367,R0,False,True,10400000.0,0.0,0.0,0.0,NONE,False,False,0.0,9557344.06438629,0.0,67018019.27860267,R0,False,True,28353495.636710316,1833646504.3632896,c328223bd42c05febb0a3cec3b3944b2a80d711e0df6ffbd50f78b381dee6413
E2A_VACCINE_H0,LA-0313,313,70b5516fb27b651f24787b50ef8d3e51bd503b2d2133c121f201a223f54539fc,M2,A1_FINAL_NO_MEMORY_V1,certified,PASS,,,b4020aed202c4a65e660006e73eb3fc47622b566f4701849abb47812aeb397b7,17a3458723136a43a310fe256b0c5e5aa73f59554c1d0d0d8f774d6e1d18ea34,0.0,0.9,19137905.85543848,4.0,1.0,1.0,1.0,1.0,55da0087bbf327e64f3e94003c961ab7477671fc6861b42d7871823555dc996e,6,2,2,17227d3a652aa734084454465939e9e852a9ae4a364a62cf71a01c37a3d2e949,P1,1220084548.267536,1220084548.267536,19137905.85543848,0.0,0.0,19137905.85543848,h09,5,Katrina,1200946642.4120975,0.0,1200946642.4120975,1880950872.420453,0.0,1.0,0.0,0.0,NONE,False,False,0.0,10400000.0,1375244.743851572,0.0,NONE,True,False,0.0,8550872.42045303,0.0,0.0,NONE,False,False,0.0,1862000000.0,238e932a312f638543c21e46fbd6280307b31fa2b623de5e2ecd2f37dbb23a57
E2A_VACCINE_H0,LA-0314,314,eadbad8963a4a1062cbc7ee3cda149ceeaf781652d677f8b4b40a4d8d1edfa53,M2,A1_FINAL_NO_MEMORY_V1,certified,PASS,,,b66526a233a1f44612a8517432251f339464a617aebaa157673bef64e5a78643,59c8aa7597d5872ac9f3506834b67f34a412a7aa9da8666017781c9eba20081d,0.0,0.9,19137905.85543848,4.0,1.0,1.0,1.0,1.0,db3fb058cb8777ef4cd8a26029bf47df5e35adf7523f318f44e03644b50d7659,3,2,2,a5a995cb5295673e57a3686d3f81dcb2ad60fccd980c0b4ce5f061415553272b,P4,1214178911.23727,1214178911.23727,0.0,9506888.067758322,0.0,9506888.067758322,h09,5,Katrina,1204672023.1695118,9631017.787680155,1195041005.3818316,1716758148.006536,165199196.05785048,1.0,0.0,0.0,NONE,False,False,0.0,10400000.0,0.0,0.0,NONE,False,False,0.0,9557344.06438629,0.0,264196686.49908918,R0,False,True,165199196.05785048,1696800803.9421496,42d65dcb8c81f10822211b3f66e37fd699aef6de904a9fa4cf177f1fadd796d0
E2A_VACCINE_H0,LA-0315,315,4bf4ebd6394bf482ac222f814def0101e33aff41cc6463d49d32021d2a3fa25f,M2,A1_FINAL_NO_MEMORY_V1,certified,PASS,,,f98ec85489240bdf9a1d768e9bd826146aa211592dd631357cc72d8885e16860,115b09466b441268f48dfdce7da6a455460405ad265dfa1e001ced51b6a57b47,0.0,0.9,19137905.85543848,4.0,1.0,1.0,1.0,1.0,8ced5f2516f0ec9a015c76ebec7c1059b6a647d161b9f58f515b5f197ac82073,3,2,2,2dbf3e369e2e0dcd510b0f989b87388f44fbffbd635c08167d8501c7ed3d14b3,P4,1177926598.3871117,1177926598.3871117,0.0,2566723.0393784847,0.0,2566723.0393784847,h09,5,Katrina,1175359875.3477333,16571182.816059994,1158788692.5316732,1620054368.5300145,261902975.5343718,1.0,0.0,0.0,NONE,False,False,0.0,10400000.0,0.0,0.0,NONE,False,False,0.0,9557344.06438629,0.0,319231476.062361,R0,False,True,261902975.5343718,1600097024.4656281,af9f4e0309e83672618512a9a08ca73b9888c51d6ad2966f17cf5cdffed62b83
E2A_VACCINE_H0,LA-0316,316,1e7b00c7cecb5e0b010879c58fefa90fc9c1c340d932af1fc0b6a1628a822e89,M2,A1_FINAL_NO_MEMORY_V1,certified,PASS,,,d0fdbc71422020c71de73c729d6564867207fde247004d86f9a6b85d9a46f894,bb4b318b27c7971609e9913f311cd0ed38ae148de9ef0b6e6c340a3324224b83,0.0,0.9,19137905.85543848,4.0,1.0,1.0,1.0,1.0,04f8101b57eea39ba541c8a2e3140e603d9db3eb013c84d4ec3e0a52c3ec4e45,6,2,2,103c51e0c9955c657da34bda117822dafe62cd168fea87d860c3f0b4d0ffe4d9,P1,1231312721.6210709,1231312721.6210709,19137905.85543848,0.0,0.0,19137905.85543848,h09,5,Katrina,1212174815.7656324,0.0,1212174815.7656324,1881152585.796307,0.0,1.0,0.0,0.0,NONE,False,False,0.0,10400000.0,1375244.743851572,0.0,NONE,True,False,0.0,8752585.796306992,0.0,0.0,NONE,False,False,0.0,1862000000.0,708b5781e485a103b6c97ab2c53e5ff2f649896fe615aed611fcb457c93d68ea
E2A_VACCINE_H0,LA-0317,317,73c7f09c65a4bfb94a7264d0b132b7c9576b043aa21579fb4ef97e5a17b53d8f,M2,A1_FINAL_NO_MEMORY_V1,certified,PASS,,,90b157d8b9e03525aa74db2543313bdeb00e32d870b329465a3511f46c5b30b1,fb49c54c6ed1a675ffa3a0f5c218ab9deabbe4403a1b536b5973153518d9df2c,0.0,0.9,19137905.85543848,4.0,1.0,1.0,1.0,1.0,cfbf9e2104401e201a05e05d76fbe26208336bf22ec2180663d1bbac6a175a77,3,2,2,930f7f252624a1a4056fa805ba4a6360baab42c5bcaf98704999305a169d9ecd,P1,1225119701.698547,1225119701.698547,19137905.85543848,0.0,0.0,19137905.85543848,h09,5,Katrina,1205981795.8431084,0.0,1205981795.8431084,1871125381.500487,0.0,1.0,15613869.061397122,0.0,NONE,True,False,0.0,0.0,648519.8953989337,0.0,NONE,True,False,0.0,9125381.500487,0.0,0.0,NONE,False,False,0.0,1862000000.0,bf9be2d5be59ee848a80d28cf0a9fd778b0fa00ae01cb1c172cedcaa291ab2be
E2A_VACCINE_H0,LA-0318,318,fc30e1b9af57f0faf022641a0e2c8aa3d0b2050fd1f2023b6c908babc8409514,M2,A1_FINAL_NO_MEMORY_V1,certified,PASS,,,8c5536a7bfa128fe3a55d56c5ddec6ff8e446509eec550bcebbd072fedc01b5b,9dc989d5492385f8fc39f5b0b3949af233c8024cc5d97cafb566955040b6e27f,0.0,0.9,19137905.85543848,4.0,1.0,1.0,1.0,1.0,0c596db33e6b4b36fe54cfb96284b252ee9447ac31bddec499e2be630796f46d,7,2,2,423c1b854420a4466aa861606794611b3641d1271c3462847d786718b64d980b,P1,1228777477.475457,1228777477.475457,19137905.85543848,0.0,0.0,19137905.85543848,h09,5,Katrina,1209639571.6200185,0.0,1209639571.6200185,1881107040.306482,0.0,1.0,0.0,0.0,NONE,False,False,0.0,10400000.0,1375244.743851572,0.0,NONE,True,False,0.0,8707040.30648208,0.0,0.0,NONE,False,False,0.0,1862000000.0,f738ea712617d5cf06f9e98497cfab84bfd28ea0d96debb2836aff716e1833e3
E2A_VACCINE_H0,LA-0319,319,9b9fb544aaad37aaa33540256d8967369380dd29d6cf629eb2b97627f27a5b9e,M2,A1_FINAL_NO_MEMORY_V1,certified,PASS,,,68a2f131f9fc489fec36903ca1142772f6c69497f17d2894f5d6723c8be052f0,b213c30aa152dff7a496e602c7bbd507963f249c29de47b08df0f43ea9692ff0,0.0,0.9,19137905.85543848,4.0,1.0,1.0,1.0,1.0,75452b7213d351e6cf28c4f830bb6a6aee8716a15f5b5007afe2dfb892ec93c8,3,2,2,4706fd70390e510c219f35125f046b9aca7ca09d5e75c394b98b9b1808f094b5,P4,1229583741.064656,1229583741.064656,0.0,4410779.149992798,0.0,4410779.149992798,h09,5,Katrina,1225172961.9146633,14727126.70544568,1210445835.2092175,1819325363.7219276,62631980.34245878,1.0,0.0,20554616.916373804,R0,False,True,10400000.0,0.0,0.0,0.0,NONE,False,False,0.0,9557344.06438629,0.0,103231571.80026993,R0,False,True,52231980.34245878,1809768019.6575413,bfe1b615c925eadfecaa21aae964f47eac2e816041fd73fb662764d347880d33
E2A_VACCINE_H0,LA-0320,320,1d0c180d869a3469429ef3804fc013ac3594aa2768be7d792e4715987c7a477c,M2,A1_FINAL_NO_MEMORY_V1,certified,PASS,,,5804a55774e21ad86b771d67692486c67573194e76db46b78be7b4957cd1b2fb,8e9784b23eb1c1834a7af2ccbd4ffd059315b8eca393a06af87d848fb6a67f63,0.0,0.9,19137905.85543848,4.0,1.0,1.0,1.0,1.0,2c4337723d9d6cdb1ec53347cb6fe5577d25cec221d2974af1511acef19d036c,3,2,2,87cb0da1a55c1fcbf0165e4b75bb2a89c88bf0ad59d52bddd78ef66b6833c8d0,P1,1229981203.4143958,1229981203.4143958,19137905.85543848,0.0,0.0,19137905.85543848,h09,5,Katrina,1210843297.5589573,0.0,1210843297.5589573,1871212718.0504267,0.0,1.0,17259453.92008871,0.0,NONE,True,False,0.0,0.0,571928.5391920825,0.0,NONE,True,False,0.0,9212718.0504268,0.0,0.0,NONE,False,False,0.0,1862000000.0,e66d52c98db9e8847ab0bac98812c39d36e81d21aeb1f8294cc21e3fd23d4acc
E2A_VACCINE_H0,LA-0321,321,930a81ffe7164e44dc88476cfb0a379770e8d79f79b607f6cdbb7bc0e25b5c04,M2,A1_FINAL_NO_MEMORY_V1,certified,PASS,,,ac59215611c0421ed0857d39b5f48bf50fe4f658b4ef019430b32cf36be0f74a,754e012668798f85916749a573eef002935b855440194f9b8f75a4cb267479d1,0.0,0.9,19137905.85543848,4.0,1.0,1.0,1.0,1.0,3aaa139c6b0b5d4c0458cfd189b254c29f0a2ac1b23594487605a50a8a5f0881,6,2,2,15dcfa7dd9dfb1b5f0cc4bc2d9807441aab8345d1b8369fa935a1da9527a0afb,P1,1222777928.0655217,1222777928.0655217,19137905.85543848,0.0,0.0,19137905.85543848,h09,5,Katrina,1203640022.2100832,0.0,1203640022.2100832,1880999258.806591,0.0,1.0,0.0,0.0,NONE,False,False,0.0,10400000.0,1375244.743851572,0.0,NONE,True,False,0.0,8599258.806591032,0.0,0.0,NONE,False,False,0.0,1862000000.0,187a4bcd579303277693d4b2a29371bc8372046572b62bd2aec81e08557834ca
E2A_VACCINE_H0,LA-0322,322,b3d497f2e51a319dc60654f2085b0be33560e603d3405ee0e498a32092cb1667,M2,A1_FINAL_NO_MEMORY_V1,certified,PASS,,,608101e7d52c3de2edd07237cfa33c852273a27b640595657882e5e62bcffe05,52ecc28d3fc88fb8987ea0be785261fbdc01919c0f00ad8011de10e266d632ff,0.0,0.9,19137905.85543848,4.0,1.0,1.0,1.0,1.0,0e6257a6ac2ae09ff223dfd17a9ac8d20a403418b13b318151f31f417692d13f,6,2,2,7f5aa517fa90970e966d30245cd942bfc38141d48807aa11f9429a41c092c9c5,P1,1223877531.1065326,1223877531.1065326,19137905.855438437,0.0,0.0,19137905.855438437,h09,5,Katrina,1204739625.251094,0.0,1204739625.251094,1881019013.1009467,0.0,0.9999999999999979,0.0,0.0,NONE,False,False,0.0,10400000.0,1375244.7438515692,0.0,NONE,True,False,0.0,8619013.100946644,0.0,0.0,NONE,False,False,0.0,1862000000.0,ac513cc7ec28e0b87d1007a73ba1ccd1e4556a8124806c94210b19eb7d2773a0
E2A_VACCINE_H0,LA-0323,323,84f7e678f27751b2bbd207e340bb72ce61a883b53fb6018f15243e79f340208a,M2,A1_FINAL_NO_MEMORY_V1,certified,PASS,,,754e56545ca3786409bc7e9b0bc28f5f1149008ae73e45b65d0c13b00f39314a,9a4b1b64969251cf911b13757995d781fe225e6658d04dc533817931c6a08b5e,0.0,0.9,19137905.85543848,4.0,1.0,1.0,1.0,1.0,4a7b5b9a8c8d4317e0bce3fe574e7f62cb82eb615856a558297226b63d5e8a14,3,2,2,36eb496d7032286d25eff13283dc42e1309494bc2df0d495816350e6d084f446,P4,1225691874.7400048,1225691874.7400048,0.0,970298.8384107399,0.0,970298.8384107399,h09,5,Katrina,1224721575.901594,18167607.01702774,1206553968.884566,1747469211.5541635,134488132.51022285,1.0,0.0,0.0,NONE,False,False,0.0,10400000.0,0.0,0.0,NONE,False,False,0.0,9557344.06438629,0.0,216585329.918131,R0,False,True,134488132.51022285,1727511867.489777,b6cc95c23055c70655a51f320e51e34d40abb8f1198a0cfc0e4204ef895c1b16
E2A_VACCINE_H0,LA-0324,324,e8bffda3ffe3400e77d32a9772b52f84d6fcc8a7b56af8f9de733066f3aa0ceb,M2,A1_FINAL_NO_MEMORY_V1,certified,PASS,,,6cfba6577603c78460ccd95d90c41ba73cbc76e6a27d07ac12ac007ca989767e,11ad74853d4ffec5bafce224708f0d5980accc318709765cad8b646b5573c78b,0.0,0.9,19137905.85543848,4.0,1.0,1.0,1.0,1.0,c3e51758d31dc030ecc23c247605925b685776d437886dbee5b6ec6016f50717,3,2,2,0fa7523fd0381ff133e471c6a5198fba279b0249c18736ce7ffa44b4c1d64e5c,P4,1205711795.9334621,1205711795.9334621,0.0,10020261.606189415,0.0,10020261.606189415,h09,5,Katrina,1195691534.3272727,9117644.249249063,1186573890.0780237,1880378851.7894657,1578492.2749207397,1.0,0.0,546379.674453703,R0,False,True,329134.17825217557,10070865.821747825,0.0,2073998.7374111486,R0,False,True,1249358.0966685642,8307985.967717726,0.0,0.0,NONE,False,False,0.0,1862000000.0,702aa16988abfaf104676263450911530dfeb790b66029493920ac5024231421
E2A_VACCINE_H0,LA-0325,325,ee053b011bcec6468ff0b659ca14db2c3cda3815407a3e20302f1b30d5cfd97b,M2,A1_FINAL_NO_MEMORY_V1,certified,PASS,,,59b7a07e976521d1140b1b61ffeafc6ec2695134e74a8cc2de24b38f8bc31d56,7605a64fe4ecba9cb8f508045c84ccdb59d06ac0f8ca000edf2508a506e8e331,0.0,0.9,19137905.85543848,4.0,1.0,1.0,1.0,1.0,c751f1d1bff6a56a9f435c84bb96d20b6b3cfb057fbf1c50ad40ca67e7b858f8,6,2,2,2ecb2a5a1cdb8ff5401b8c3ad26f4ebb34ada9d94b08d90505012877c3ae69ec,P1,1224334297.4856017,1224334297.4856017,19137905.85543848,0.0,0.0,19137905.85543848,h09,5,Katrina,1205196391.6301632,0.0,1205196391.6301632,1881027218.878093,0.0,1.0,0.0,0.0,NONE,False,False,0.0,10400000.0,1375244.743851572,0.0,NONE,True,False,0.0,8627218.878092898,0.0,0.0,NONE,False,False,0.0,1862000000.0,a47019f787626e27034875c59e1a8a7d9031cbf6eee54f1f1ad2e45443ed1d15
E2A_VACCINE_H0,LA-0326,326,d68ccbea86551acae8f087744ebb98a961f848783774d959493dfa6aea975c1f,M2,A1_FINAL_NO_MEMORY_V1,certified,PASS,,,9de6f1dc4b8bf701d096092511d889502a759255ee4ccb9a7bdcb63387b4a783,1436954f6719e6180f2011748181bd2ff0bf3b21bf48fec6b4de3ae911ce2239,0.0,0.9,19137905.85543848,4.0,1.0,1.0,1.0,1.0,868318ff631fb05e04f06f24c003f52f705abd082a36d352834fb798c59f7640,3,2,2,1b0207bfc67e927c24864a96f8c8f6002b007adac60014da6eb4a73125a27d68,P4,1221654627.8012068,1221654627.8012068,0.0,6312682.815659275,3414671.5436814507,9727354.359340725,h09,5,Katrina,1211927273.4418662,9410551.496097753,1202516721.9457684,1736699773.497191,145257570.56719536,1.0,0.0,0.0,NONE,False,False,0.0,10400000.0,0.0,0.0,NONE,False,False,0.0,9557344.06438629,0.0,179537992.22431976,R2,False,True,145257570.56719536,1716742429.4328046,0eb249b60ee9e1ca54aafeba4fa060d1636e8919a1be6572bcf7936bcb481aed
E2A_VACCINE_H0,LA-0327,327,26b0ad5717f7a58cc774343f1b9c7b20588ccb2ed4387459b73a4ebb14338ef5,M2,A1_FINAL_NO_MEMORY_V1,certified,PASS,,,8990ee0281d0745629f594cf9614ec461abf71b74f1e74e338458efc17dd306d,451c3296693ce823d2d54db30d87c28dc34d70d80e683eab665c4a069080457e,0.0,0.9,19137905.85543848,4.0,1.0,1.0,1.0,1.0,1c08fd82f50ec75cea50374036bfd29523ec828e680ba0bb1e785c352f84ca9c,3,2,2,2a6d92709a467ebcaf3cd02f84513ff32fabdfcd28a7ab8b8fc38a30055bda5e,P4,1221156351.5273213,1221156351.5273213,0.0,1061174.325930498,0.0,1061174.325930498,h09,5,Katrina,1220095177.2013907,18076731.52950798,1202018445.6718829,1735370611.43497,146586732.62941644,1.0,0.0,0.0,NONE,False,False,0.0,10400000.0,0.0,0.0,NONE,False,False,0.0,9557344.06438629,0.0,189250711.12879342,R0,False,True,146586732.62941644,1715413267.3705835,efa042b4c583ec78b97e52f06158131cef07d6a3172e167cc51db6fa15341b2a
E2A_VACCINE_H0,LA-0328,328,3944eef91acbacb81fbe4abd4a9e73c6b0443e8df0f924a04d1fdce3debe1c65,M2,A1_FINAL_NO_MEMORY_V1,certified,PASS,,,b4d3b4987741fec17ccf05092c59b3a70438121406c5900c50e3add7dc96c599,bca83be4602af4558f8b2b6c4c60b451972e74ad19f9a3eee17cd203b9199108,0.0,0.9,19137905.85543848,4.0,1.0,1.0,1.0,1.0,6930e27e15a84cd1125f81e365838de7d0fe6ebabed89e302653907a7fd79630,3,2,2,99c6854d8a105f48ce4f4814b25dbf6e486c5ad084866087ff42b39b0a605005,P4,1206674258.6738608,1206674258.6738608,0.0,963619.4365619655,0.0,963619.4365619655,h09,5,Katrina,1205710639.2372987,18174286.41887651,1187536352.8184223,1696739335.1506639,185218008.91372254,0.9999999999999998,0.0,0.0,NONE,False,False,0.0,10400000.0,0.0,0.0,NONE,False,False,0.0,9557344.06438629,0.0,300943061.4623974,R0,False,True,185218008.91372254,1676781991.0862775,66bc501701fb75b19b70795b33197c9ba8b504a96563eaedd9e3b88c9caea826
E2A_VACCINE_H0,LA-0329,329,0ce0ad7ed585a5d18815d9c0c940fc6baee2d508621dbd3aafee8ee425123696,M2,A1_FINAL_NO_MEMORY_V1,certified,PASS,,,3881315eeb6537cbab7ef9327c51486f08362f3b7d40c1745f0ce33ee427411f,35c78713bba989c44ca262ce29c01fff84d956395fdbb91c79bbf0c3670f7ad7,0.0,0.9,19137905.85543848,4.0,1.0,1.0,1.0,1.0,3b86c719133821766f73298e4769cae0464f874d42e3c7d98a3875c77f3de2d3,3,2,2,94cdf769d880adb7bd2e93d18c999e03faa4decc208f35063c1c00e2707d1b82,P1,1228009342.200584,1228009342.200584,19137905.85543848,0.0,0.0,19137905.85543848,h09,5,Katrina,1208871436.3451455,0.0,1208871436.3451455,1881093240.808155,0.0,1.0,0.0,0.0,NONE,False,False,0.0,10400000.0,1375244.743851572,0.0,NONE,True,False,0.0,8693240.808155099,0.0,0.0,NONE,False,False,0.0,1862000000.0,c923934c2d190138b6b01f497b5238aefa531a952f66c8c5943d37d30ff7eb1d
E2A_VACCINE_H0,LA-0330,330,81ef53386cef89bec9abff4fa14183a62dc7971976634c1b90c786d54e939676,M2,A1_FINAL_NO_MEMORY_V1,certified,PASS,,,4c83e3241e232e40e6b4676c2e90f42cc4e948676f89bbf213750adb547780d4,9ef5174142125a8421f6abc2e9e5ec451964b3f8dab4c5af8a0fb83306980c84,0.0,0.9,19137905.85543848,4.0,1.0,1.0,1.0,1.0,2e920a012ed3e45c2c1a878c8193a9bf6e6d59277074164ae791b65c1e8c0952,3,2,2,a046fa0afa69dcc1e0ad0cfff11ea392ad1c9be4be60e9fbb85578e0e21823a1,P4,1141403543.3704278,1141403543.3704278,0.0,1742406.9965309459,0.0,1742406.9965309459,h09,5,Katrina,1139661136.3738968,17395498.858907532,1122265637.5149894,1584102898.6818402,297854445.3825462,1.0,0.0,12253662.47917122,R0,False,True,10400000.0,0.0,0.0,0.0,NONE,False,False,0.0,9557344.06438629,0.0,338689399.2168345,R0,False,True,287454445.3825462,1574545554.6174538,d0aa83b05287797339590469dbfb5991d1d785cdab9390a96a2de015c2983eb0
E2A_VACCINE_H0,LA-0331,331,b6b342f3550ac49e8948a098b2157d58a6505475b90dc444123283c3751853fc,M2,A1_FINAL_NO_MEMORY_V1,certified,PASS,,,4aa6ce95bd43c36f2f1543bb4a640cdb8346e247bfc232508cacad03810ed8d0,4b84f99261148c71079a8902717ffe08e1b9b5ba3ca13b9ec53f05d7bff916b9,0.0,0.9,19137905.85543848,4.0,1.0,1.0,1.0,1.0,aff296c26b11de0be98dc025f5bcb81fc85645b6a2cefbb1e1409adf5ad3428c,3,2,2,0d3fd74208d5c80835fa51451472f4f57d93b03b92379a996e80eca6d4e46b7a,P1,1233636356.5991843,1233636356.5991843,19137905.85543848,0.0,0.0,19137905.85543848,h09,5,Katrina,1214498450.7437458,0.0,1214498450.7437458,1871278382.6304927,0.0,1.0,18744792.74031719,0.0,NONE,True,False,0.0,0.0,502795.602007404,0.0,NONE,True,False,0.0,9278382.630492702,0.0,0.0,NONE,False,False,0.0,1862000000.0,4480a7e7fd02d0325fb5595c66cc7f2a1a8cb76a43a3d4a478f6cc34af1c9ba1
E2A_VACCINE_H0,LA-0332,332,e72945f554486e507866170923fae8dc20b6f10350f6e26cbc10eea70765f04b,M2,A1_FINAL_NO_MEMORY_V1,certified,PASS,,,19635b3d2b2ec99ca841429e6fb8a01a5c7fe5f1d9c439e83909d0a25b18b4b6,834276233c8d1c5a307e30ba38fd750a90cd85a2f92f8b15545e1515ba0da643,0.0,0.9,19137905.85543848,4.0,1.0,1.0,1.0,1.0,f7a26947da1e7dc2e97264c5fe8d1025be7e0537e70cb306ae1a5064921fa662,3,2,2,c9d8550e8c83854c62651531346793192f324b3c85a10527ca5fe45bc5cbe3d0,P1,1232855159.3035138,1232855159.3035138,19137905.85543848,0.0,0.0,19137905.85543848,h09,5,Katrina,1213717253.4480753,0.0,1213717253.4480753,1871264348.4738445,0.0,1.0,18406245.835375894,0.0,NONE,True,False,0.0,0.0,518552.7757879786,0.0,NONE,True,False,0.0,9264348.473844409,0.0,0.0,NONE,False,False,0.0,1862000000.0,4cae85ff1bca755d11a7fe89a36bd69bf0622247b656fff5d31421f7e8095288
E2A_VACCINE_H0,LA-0333,333,5c673c01584f28e1d05ed1040050c21bac23574b4c8c80fe200f143ae7f457f2,M2,A1_FINAL_NO_MEMORY_V1,certified,PASS,,,6111854adfc9336a0545ad244b3ccfcc820dc751c73b0ea6ba57ceca512e4a35,39020f248f5bd6154fc2ad34afb47152c93b49add2ab22db62481a84b1a7e58a,0.0,0.9,19137905.85543848,4.0,1.0,1.0,1.0,1.0,ec7b09025833fc1e6f03c5ef386ec340b1c0a8624cd1b7a7a8f71742fa7ba03b,3,2,2,308657c7ccebdbf4e8566442cba8037f8f9d7cfdabd056948aa9acdc11284388,P4,1213622365.6872766,1213622365.6872766,0.0,6543971.3014184665,0.0,6543971.3014184665,h09,5,Katrina,1207078394.385858,12593934.554020012,1194484459.8318381,1715273551.468995,166683792.5953912,1.0,0.0,0.0,NONE,False,False,0.0,10400000.0,0.0,0.0,NONE,False,False,0.0,9557344.06438629,0.0,248374013.4794436,R0,False,True,166683792.5953912,1695316207.4046087,0683629e396a917dec08ccd3489181325f218bee8b67ee3d68f05616633216dc
E2A_VACCINE_H0,LA-0334,334,edaf1d3f884b2a1b1bc5dfef3d1a8ae510e3ba39112540125e89d3ae561834b0,M2,A1_FINAL_NO_MEMORY_V1,certified,PASS,,,8d2b295ee58fd772fb02b9ae2e39b27ec528312213120c23bd7a9ca78df87c57,dfcb4cb0c3a31cc625229332ea177ead411bcdbc9a62105ff67c9ce2e224a241,0.0,0.9,19137905.85543848,4.0,1.0,1.0,1.0,1.0,72495ee7c4d5ca1986df5423d45fd0af8461a23860d6a64049159093465d3ccf,3,2,2,bc95620d904fa9dfc53760b066631b8d39d8426161495b87b795581deb79d02a,P4,1224359243.616294,1224359243.616294,0.0,481001.9125290711,0.0,481001.9125290711,h09,5,Katrina,1223878241.703765,18656903.942909405,1205221337.7608554,1880716349.758429,1240994.3059572245,0.9999999999999998,0.0,406888.4396914717,R0,False,True,326514.4141988771,10073485.585801123,0.0,1139586.1257755752,R0,False,True,914479.8917583473,8642864.172627943,0.0,0.0,NONE,False,False,0.0,1862000000.0,a5639292a503f777aff69fce8413c57417d46329d16ba3cf90f447f8145dde92
E2A_VACCINE_H0,LA-0335,335,cc1bb69c71a636da651af52730ba7aef77401a4bd6ccfe1248d0ebf3071c249a,M2,A1_FINAL_NO_MEMORY_V1,certified,PASS,,,b6d2c37a4d9aeb65a80fabe856f111d423d968106e6192febce863c0e590512b,6f9eeb51d5d237a86dc7585d239892adb3b60ad8fd89fdbd30918d0f960dc2a5,0.0,0.9,19137905.85543848,4.0,1.0,1.0,1.0,1.0,fe9779fca787f6929e645f219adad4df05e7813b55eed0273a71f50e43b7f0b3,3,2,2,9a4a3cf67cd80b2cc5d57e87e762744beff007b330852f9f4ee0d6f8f78648ad,P4,1224849190.251035,1224849190.251035,0.0,2804273.6568307877,0.0,2804273.6568307877,h09,5,Katrina,1222044916.5942042,16333632.19860769,1205711284.3955965,1806695853.4423153,75261490.62207112,1.0,0.0,31858893.990842555,R0,False,True,10400000.0,0.0,0.0,0.0,NONE,False,False,0.0,9557344.06438629,0.0,198693784.02082616,R0,False,True,64861490.62207111,1797138509.377929,e2d444b79a496d39defd472e213c7cdb49cbf092351fbff2c38aaa2db1e7eec9
E2A_VACCINE_H0,LA-0336,336,4bd72dcc8d08a9e2c2f073636634dd75fb19bd87a4052ad7c43219dffdc0c241,M2,A1_FINAL_NO_MEMORY_V1,certified,PASS,,,09c343d23bbea09c59471ed9cfd3073e355695efb875a239b3bfdc46fe044a94,c53b66bfd5a6035109eebd9dc8efd91515b089cdaf7c19426bb51e6b22d0063c,0.0,0.9,19137905.85543848,4.0,1.0,1.0,1.0,1.0,76e2374321c220ad60b58188c9452552605a427fd60a157d8b15a4a1cecb38f0,3,2,2,2e4e53dc328f5c63af104a6c967300c7c3cdd618f38d7384b2cc3ba001a71169,P4,1235939664.09418,1235939664.09418,0.0,4919365.696956167,0.0,4919365.696956167,h09,5,Katrina,1231020298.397224,14218540.15848231,1216801758.2387416,1774805397.4114394,107151946.65294704,1.0,0.0,0.0,NONE,False,False,0.0,10400000.0,0.0,0.0,NONE,False,False,0.0,9557344.06438629,0.0,212084335.8302521,R0,False,True,107151946.65294704,1754848053.347053,4effbefcbca2d46d2703b96de6c4267200dd74d4739844c8e84d5c3f58abe63e
E2A_VACCINE_H0,LA-0337,337,fdf3c3b07ec9b9796fefeddd997a22e2387248693de1792909eb70c06cb37384,M2,A1_FINAL_NO_MEMORY_V1,certified,PASS,,,faa3d3fb854d3e2c81b786790b6dbc46b98a4f33e2982b0e65bfeb9a355ca198,4645341de9393b13a561c5ddba8eb441f35c8cf58020d822c32aa33f801f64e7,0.0,0.9,19137905.85543848,4.0,1.0,1.0,1.0,1.0,81be9424c550daaca5ab93b9c0743348e6f1fbb935f336d6f6b767859723d48f,3,2,2,9564eec8727a40c4bba3b7e9ee9e7b339c0a25ae4bf4cbe9a9761fbeb4423851,P4,1225073649.3589787,1225073649.3589787,0.0,3689433.589529292,0.0,3689433.589529292,h09,5,Katrina,1221384215.7694495,15448472.265909186,1205935743.5035403,1745820082.8168983,136137261.24748814,1.0,0.0,0.0,NONE,False,False,0.0,10400000.0,0.0,0.0,NONE,False,False,0.0,9557344.06438629,0.0,213323865.73799074,R0,False,True,136137261.24748814,1725862738.752512,7e39caad80051c672de801d755dec1eb3abd6e80bb1f60330569452d80c39be8
E2A_VACCINE_H0,LA-0338,338,9c3df1e34c5a50110c09d4d4a0e44b42ccb5952f0ae47eaa9372b81ff08f33e1,M2,A1_FINAL_NO_MEMORY_V1,certified,PASS,,,1621c1393380e1ce0e222edba4f91287ebfc01ef0b2400d22fcf82f25566714e,b516ff89bb7de707309892a03948cf3e2a0718d31499e0b6cb2df24da6deba47,0.0,0.9,19137905.85543848,4.0,1.0,1.0,1.0,1.0,83fd2cea142db417e01e8284079a2366e8ff4c8fa2a2efb03831df3ec11671b4,3,2,2,3c1ec70d8a20f5fbfe95626650a780e0b862b3c3c7fa67655ee6ddd495e6b849,P4,1234047756.9017742,1234047756.9017742,0.0,3893616.0307340133,0.0,3893616.0307340133,h09,5,Katrina,1230154140.87104,15244289.824704465,1214909851.0463357,1769758696.62077,112198647.44361639,1.0,0.0,0.0,NONE,False,False,0.0,10400000.0,0.0,0.0,NONE,False,False,-9.232693323701913e-11,9557344.06438629,0.0,201331308.11606967,R0,False,True,112198647.44361639,1749801352.5563836,b0a9ef1b6a2d6666053c6ec7abe584b5a9fcd0ff1f93e473e91f6b68517c49db
E2A_VACCINE_H0,LA-0339,339,3bac671ad61b504a163f944f484fa94aa1e7765fb1a6931391f02da78e127f61,M2,A1_FINAL_NO_MEMORY_V1,certified,PASS,,,08d64d5e94d32a3ea2a50111dff26aecc9d635fea477622d2575b0ac9e7c75b6,d9185309df02a06762eac9ceb95ecfeefe09e7a67840c7859accac091637c5ff,0.0,0.9,19137905.85543848,4.0,1.0,1.0,1.0,1.0,9e8cd6973a929c8081715e6740baba0551ea6bbb19e543a4ad1c9a4ecc754514,3,2,2,140a4f019bdd3b3258bb7de37f8a475fb87666a42c38009280c1bbbe60deeb16,P4,1174286245.7661762,1174286245.7661762,0.0,3437118.058724858,0.0,3437118.058724858,h09,5,Katrina,1170849127.7074513,15700787.796713619,1155148339.9107378,1870212161.8983676,11745182.166018624,1.0,0.0,19861528.54371755,R0,False,True,10400000.0,0.0,0.0,2568978.2679691045,R0,False,True,1345182.1660186234,8212161.898367666,0.0,0.0,NONE,False,False,0.0,1862000000.0,984c758425f7f3b7708c6c8d4bf5486a0075990064191773b601330eb9b11d26
E2A_VACCINE_H0,LA-0340,340,2aa46ccf3899a1ff2f7880ddc668bfd9f5a447fba883a8190040cafe3891a2df,M2,A1_FINAL_NO_MEMORY_V1,certified,PASS,,,ac520df29ea49a3fa0591471b2e1f3e7d0edf6ac7397615e2fe78d3320510eee,84e0fc21d7d9fab8c5da1233f49709bc81780effe8e79de5d78861d3df2c8007,0.0,0.9,19137905.85543848,4.0,1.0,1.0,1.0,1.0,75b6efd3c4b8ce44d21a7ee2890b2a3987d64d8e83080915298a1501d023670f,3,2,2,86575801bf5513f7f826a667ce78f1b96c6ee8ddd1859c6734583d031a1b25af,P4,1231123541.9674778,1231123541.9674778,0.0,5137377.339456853,0.0,5137377.339456853,h09,5,Katrina,1225986164.628021,14000528.515981626,1211985636.1120393,1761958294.000475,119999050.06391156,1.0,0.0,0.0,NONE,False,False,0.0,10400000.0,0.0,0.0,NONE,False,False,0.0,9557344.06438629,0.0,166511455.33742437,R0,False,True,119999050.06391156,1742000949.9360886,bdb7acfca931c43c5fd0007ac854f7141ccfa628150fbb6e2c9728e7b88f2343
E2A_VACCINE_H0,LA-0341,341,f2d3138755398256b3e9efc5771397a5512c34859f76ef7b01bdb392b39d6ad0,M2,A1_FINAL_NO_MEMORY_V1,certified,PASS,,,ab505ceb0c7563d35cfcd74084c56e703cc88076f846a865faf54450577d4757,9b0c1dc9814c1ffbaa8f1b85a9a43757056d48850d218a0d5c4d466242a6137e,0.0,0.9,19137905.85543848,4.0,1.0,1.0,1.0,1.0,41ac571f52f784d8b51106ed672714a3530447ab7a9b0f5ccd6d97a650e6db00,7,2,2,f548bb73a239e1a8acdd3017ecdd30f34d87952696965269aa8296cf7533c9ca,P1,1220340164.2178967,1220340164.2178967,19137905.85543848,0.0,0.0,19137905.85543848,h09,5,Katrina,1201202258.3624582,0.0,1201202258.3624582,1871039517.432496,0.0,1.0,14275713.837085895,0.0,NONE,True,False,0.0,0.0,710802.3859699585,0.0,NONE,True,False,0.0,9039517.432496015,0.0,0.0,NONE,False,False,0.0,1862000000.0,a2e49ed77085c276d94dc366d2a2dd56c25456e131d660569386260f724e279b
E2A_VACCINE_H0,LA-0342,342,5975c8e611dac33b7a7dca31507f61ea3c00713614dd3bcbeabe2dc4d6bb8896,M2,A1_FINAL_NO_MEMORY_V1,oracle_failure,FAIL,oracle_failure,Full exact certification was incomplete,f36de7b7c5cab3dca99875effe2a5b9a96301b167bc4cc3e210cb4fbde406f7b,030bf60f3276b2f284aac60cd189b63316f1d522c481b0c6bfc521ec3830ccc2,0.0,0.9,19137905.85543848,4.0,1.0,1.0,1.0,1.0,dccde7b67490f730bcfe05b2c19c340a3752fb87780348c2c678f63bcfaacbc6,3,2,1,,,,,,,,,,,,,,,,,,,,,,,,,,,,,,,,,,,,,,,d47b9bc9a8bb83d1690935aab3938ead50ceeaae915307341dbfd199afe14b34
E2A_VACCINE_H0,LA-0343,343,a53e1f4776b3d613a2264b00f84c5f2dad7ff0d68d08e4ff15fb56ca69f8c3e5,M2,A1_FINAL_NO_MEMORY_V1,certified,PASS,,,97fa93328aa8046aad16a6a8dca563d3d7614d2417fe65f79d8100dec4feb20c,0e2f8a046e7f410d3d810b393d98bdce3bbfb776c28c5b531579a9ef9903b236,0.0,0.9,19137905.85543848,4.0,1.0,1.0,1.0,1.0,b7747c80db0efd018b3ccbaf00dda17266b09ca7b591e46d205090ae1e890245,3,2,2,ef2207a48d49943522c1c15ff11d9b54de5cd2f92fcdcd9c7a93946205795220,P4,1220931766.2757833,1220931766.2757833,0.0,4673633.17481983,0.0,4673633.17481983,h09,5,Katrina,1216258133.1009634,14464272.680618647,1201793860.4203446,1734771525.72344,147185818.34094647,1.0,0.0,0.0,NONE,False,False,0.0,10400000.0,0.0,0.0,NONE,False,False,-1.2764898089670266e-10,9557344.06438629,0.0,217080323.31515712,R0,False,True,147185818.34094647,1714814181.6590536,5bd0679857d6bf53bd3cb8e5c9caad4aa1960319654a9ca94645c0dd20a82d58
E2A_VACCINE_H0,LA-0344,344,c2d451ce912c81fde73274640c4ee850dbe90495fa615b651882d0c40ff5a306,M2,A1_FINAL_NO_MEMORY_V1,certified,PASS,,,5ba2b82871f42a3f7b696d39662ad0b918cb70ac92067379a72e4a7eadf32d26,a1716e5d1e26447a0d99fdda411b709b95d4f0fc3f292f59e63c99ea3236b9e7,0.0,0.9,19137905.85543848,4.0,1.0,1.0,1.0,1.0,3bbdb0bfd22ddd9828ea53f57c3bdfe89a3d008d691ae8eb1bac75e8f83cd69f,3,2,2,9c3efc23f2a1ca60d7078ec982bf57caafebf9a6c0d6678a9a25f83d4853b2c3,P4,1214667365.2184017,1214667365.2184017,0.0,4336811.847257842,4474434.531751263,8811246.379009105,h09,5,Katrina,1205856118.8393927,10326659.476429373,1195529459.3629632,1718061108.9037077,163896235.1606786,1.0,0.0,0.0,NONE,False,False,0.0,10400000.0,0.0,0.0,NONE,False,False,0.0,9557344.06438629,0.0,182863515.2848275,R2,False,True,163896235.1606786,1698103764.8393214,a9bb93ce662d40d1e2584a386df9dc72f4a9ffb37a047c4165e63406c5995c5d
E2A_VACCINE_H0,LA-0345,345,33acfae446e0a06866be96cd15c23236d9cd234a7c90925b249c7e99987db23e,M2,A1_FINAL_NO_MEMORY_V1,certified,PASS,,,bf26f1908097101a6c3ebc0a0c9eefd78d42826c60449460d63828d94443c34b,e69aaceb7e5c67e2d896a3bae6e18422fd5315ee6e82339e8b0de82f7c644439,0.0,0.9,19137905.85543848,4.0,1.0,1.0,1.0,1.0,3bda61b3f164ca1dc9da2de47469a78391340d0bc5bcd5c89337739e7421942c,3,2,2,b85435e6534050c3c50fb71962c8daffcb584edfd3a531098f515edd195153ab,P4,1223977754.6052659,1223977754.6052659,0.0,3400680.7435080614,0.0,3400680.7435080614,h09,5,Katrina,1220577073.8617578,15737225.111930417,1204839848.7498274,1742896761.3441262,139060582.72026002,1.0,0.0,0.0,NONE,False,False,0.0,10400000.0,0.0,0.0,NONE,False,False,0.0,9557344.06438629,0.0,180769166.96051592,R0,False,True,139060582.72026002,1722939417.2797399,7dda57afb820dcc711e6ee626503e985e6b48266a9fbd2337a4ebe8d305e046a
E2A_VACCINE_H0,LA-0346,346,3dd7ad95cf861f6cbd70370bf67711991efcc8b5b2ab195318535f2389bee8a7,M2,A1_FINAL_NO_MEMORY_V1,certified,PASS,,,67592e2eaabac010a50a3427e557cb509e031f038fff15686ba35169a5c0aca5,a9df2e61d890cd023a20a05cb52582ed750b34c88d0806f605250abb4f490298,0.0,0.9,19137905.85543848,4.0,1.0,1.0,1.0,1.0,e7eea70f1038fc582a13c64d6fa6c8e792d1d8434eed451bc4e1a6b66c0b7612,7,2,2,7f067eba7ab9e0b32141195a5556cb08153c7e7efa27485c1d17651d3ce687af,P1,1220234935.0750155,1220234935.0750155,19137905.85543848,0.0,0.0,19137905.85543848,h09,5,Katrina,1201097029.219577,0.0,1201097029.219577,1880953574.109291,0.0,1.0,0.0,0.0,NONE,False,False,0.0,10400000.0,1375244.743851572,0.0,NONE,True,False,0.0,8553574.109291052,0.0,0.0,NONE,False,False,0.0,1862000000.0,7bccf079ffad3fafe785bd96c3bed984f59b8ab2af4ef623459e826a2273383d
E2A_VACCINE_H0,LA-0347,347,6cc502db2cac41fe892b2a1a02be586f31c7e73bfabe1919611198aa5fcca6ed,M2,A1_FINAL_NO_MEMORY_V1,certified,PASS,,,fa5480011e4eb0e79c1071b392b580d8854cbb372616804c2e451771bb53c461,ce08ea0b0951e06a91b2b99e160cc6b00c4696ad34254fc992d99674fa6e8b12,0.0,0.9,19137905.85543848,4.0,1.0,1.0,1.0,1.0,f605cdb8e32537f75352f21c90b50e97d48a3f299e179c6f1406f4ae52160249,3,2,2,46f1187db41015b3c9e173a60217c40b193df58832493c9b7b3c0b998365a86f,P4,1216508963.603415,1216508963.603415,0.0,4424353.127661646,3434284.9865601948,7858638.114221841,h09,5,Katrina,1208650325.4891932,11279267.741216637,1197371057.7479765,1722973609.9307387,158983734.13364762,1.0,0.0,0.0,NONE,False,False,0.0,10400000.0,0.0,0.0,NONE,False,False,0.0,9557344.06438629,0.0,170649446.83347103,R2,False,True,158983734.13364762,1703016265.8663523,a22cc7b51f4ab1ba00e02b78beef050b5fccde14618380d270c9c05caf33cbad
E2A_VACCINE_H0,LA-0348,348,318b797222852e730be8b3eebcbf9febd49a5c4338f21e33e0e0e7a6efd5f024,M2,A1_FINAL_NO_MEMORY_V1,certified,PASS,,,10167c51d6f4633e1f871aa393a8de1a22297e3c0bfc3afaa5208e88add5488d,130b08f539ad9abf7980317473ac992a56be51d6a8f9470bc677b326585ffd39,0.0,0.9,19137905.85543848,4.0,1.0,1.0,1.0,1.0,4f39a352eadaf24306c837f4ce0c5f1e171ec95b51853144bf8cfed2b0399a94,3,2,2,7dcf6b147eefb606b4d5b1d761d3fd6830b157812805697a17412d07ce5ca7a4,P4,1171042950.8466673,1171042950.8466673,0.0,4402468.110377788,0.0,4402468.110377788,h09,5,Katrina,1166640482.7362895,14735437.74506069,1151905044.9912288,1663166619.008983,218790725.05540347,1.0,0.0,16670790.523265542,R0,False,True,10399999.999999994,7.450580596923828e-09,0.0,0.0,NONE,False,False,0.0,9557344.06438629,0.0,334042127.3451976,R0,False,True,208390725.05540347,1653609274.9445965,33c8853f41247d7978a0ec09953436949e3e9ac10d764513443250e4bc3e2afa
E2A_VACCINE_H0,LA-0349,349,a13fac328519453bbee1dec8c125b0a9799e9407a66ec9ae666070e54c274bb7,M2,A1_FINAL_NO_MEMORY_V1,certified,PASS,,,300994e5d376abe9e3fdea4d9139cf8789e429b1671d10456842c822e2101f3f,e4c1641dba37414f80a7812dc262635a5f88a48ea8e344a0c6d15f0f027754d3,0.0,0.9,19137905.85543848,4.0,1.0,1.0,1.0,1.0,7559b22e17078b97bfd725a657bf896573effa28bafee24738aad68089e26ddf,6,2,2,c848b5b658a2ee51ebb5c10bda7cea77585df21ab5334a7ab3318d0f259d96b6,P1,1239289579.8297987,1239289579.8297987,19137905.85543848,0.0,0.0,19137905.85543848,h09,5,Katrina,1220151673.9743602,0.0,1220151673.9743602,1881295889.515205,0.0,1.0,0.0,0.0,NONE,False,False,0.0,10400000.0,1375244.743851572,0.0,NONE,True,False,0.0,8895889.515204802,0.0,0.0,NONE,False,False,0.0,1862000000.0,f0875956c48a92c84271cd57bd1c9c150baddb8d8b59994a740d9f4963215f27
E2A_VACCINE_H0,LA-0350,350,6f6cc94474cb93bf0b7f910d95037abb1027f5c4c91ee99da7a96a1dab0f8743,M2,A1_FINAL_NO_MEMORY_V1,certified,PASS,,,fba42b30a013dd5c614e0107c16484e51ecd556e1bb22e4a85e7671a20e97468,97b6324da7013b71a758a5896d187168922a632fd4f0be10f819c68c54d51521,0.0,0.9,19137905.85543848,4.0,1.0,1.0,1.0,1.0,e44bfdce1c14af8d9a9c2e49564907de802a335cadefa36348f2238e8e3cea64,3,2,2,d9dc4b2b2d0da512f5f5d8d790a3f208b4b4f75685463a4e5ed400b9b569dea7,P4,1227421178.8107421,1227421178.8107421,0.0,3753549.080243548,568975.6474366403,4322524.727680189,h09,5,Katrina,1223098654.083062,14815381.12775829,1208283272.9553037,1752082165.2213035,129875178.84308279,1.0,0.0,0.0,NONE,False,False,0.0,10400000.0,0.0,0.0,NONE,False,False,0.0,9557344.06438629,0.0,161498904.8166096,R1,False,True,129875178.84308279,1732124821.156917,4ad17e27ce5e64fa354aa7d1b4cde879137f755f76b69021451cf176fb6206bc
E2A_VACCINE_H0,LA-0351,351,f3014d60172507cc6bb29f0401f255d8c1e3a8702a3b2baa99dff2998e300dd3,M2,A1_FINAL_NO_MEMORY_V1,certified,PASS,,,661db02ad90e28de7af884a0961c21ba8365b2081c807e5a03ac316fbeee0251,db97e58e293b5ddf2d51df385c7af36b7bdadb02d3678263b856f9a3654a032e,0.0,0.9,19137905.85543848,4.0,1.0,1.0,1.0,1.0,1d5ab9072c1b75c8b44f742025390cbb79386f778b406082a7c69ce3962ca6c4,3,2,2,b4117dc4efbc9ad9108f5f47f1b1b959582bdf1496221d670e32c83a769fb64e,P4,1201549238.3285189,1201549238.3285189,0.0,4056568.765544466,0.0,4056568.765544466,h09,5,Katrina,1197492669.5629745,15081337.089894012,1182411332.4730804,1744542759.3254886,137414584.73889792,1.0,0.0,13134719.801893104,R0,False,True,10400000.0,0.0,0.0,0.0,NONE,False,False,0.0,9557344.06438629,0.0,160413555.89415693,R0,False,True,127014584.73889792,1734985415.2611022,b27da5dab990983eb80197c059e2513a0400489885749174cd73a1c66c9019ef
E2A_VACCINE_H0,LA-0352,352,ac8b1a8f6840d38fda588e4e7b0ae078e171d0cb71993537b634e75a6af9ed2f,M2,A1_FINAL_NO_MEMORY_V1,certified,PASS,,,24ecd317b677be87ed0c41fe0f1511be80860f311b0670ab73d0b731ecfa0dd5,23006af5b6dee8d8599b6c101c3467557fecd61c78ba6a180e1443eb5d6453c1,0.0,0.9,19137905.85543848,4.0,1.0,1.0,1.0,1.0,5fb2a2838108e506eb6deb93760c6020d8591ce92a7a9a11eb606d467aedaa72,6,2,2,a7c6ada9eaadf56769ac67a3f530e29c839b32b7dc7d0225c0be4c1a46b65ade,P1,1230077185.8283072,1230077185.8283072,19137905.85543848,0.0,0.0,19137905.85543848,h09,5,Katrina,1210939279.9728687,0.0,1210939279.9728687,1881130389.479248,0.0,1.0,0.0,0.0,NONE,False,False,0.0,10400000.0,1375244.743851572,0.0,NONE,True,False,0.0,8730389.479248144,0.0,0.0,NONE,False,False,0.0,1862000000.0,f33569099f9bb2fbd2313d9c28557fd54e4f84ed66be12ff9d55f474fc095f1b
E2A_VACCINE_H0,LA-0353,353,021c8d252140c33d3bba0da6f129eb5c541a0a1aa63a39f9d3711612fb02085e,M2,A1_FINAL_NO_MEMORY_V1,certified,PASS,,,73bf00b83b05f5f521a024d283245ebe7aeb33cef9e05adb7c76e8df40cf1890,cbd482d8ce4a23ba675183a5e3b7782036f279f5715c3aad49b900c4371903e7,0.0,0.9,19137905.85543848,4.0,1.0,1.0,1.0,1.0,bd750d3d5143d751cd2119755bb69997df2d15123e1c03bf2c41edcc383be4fd,3,2,2,4120f3c5c8d0987679e09d0ba1236b85cfb047a5e3504d4acc920c5f537db05d,P1,1224045967.511326,1224045967.511326,19137905.85543848,0.0,0.0,19137905.85543848,h09,5,Katrina,1204908061.6558876,0.0,1204908061.6558876,1871106091.9383423,0.0,1.0,15291851.438470911,0.0,NONE,True,False,0.0,0.0,663507.7377652248,0.0,NONE,True,False,0.0,9106091.938342333,0.0,0.0,NONE,False,False,0.0,1862000000.0,b1baa3f258f292d462cbd09508e50fa6fe297bb85cbae6461e6c8ebf9e59f779
E2A_VACCINE_H0,LA-0354,354,c17d41a53215417e5264499caf66e812c1888c03f25a53be7db763b45211baf3,M2,A1_FINAL_NO_MEMORY_V1,certified,PASS,,,64266f390690a7221e2cc7528e444b91f166d2bd4d7d94600824f20aadb9cd51,6cc6f11e4970950b2ad75ee66b17b2cdb7488b1247bbc813a836421731133157,0.0,0.9,19137905.85543848,4.0,1.0,1.0,1.0,1.0,363822936f8fcb5c94f8b211399f26778353dea153df99b08029e43fd687640e,3,2,2,46daa1c7f78f21d0099866479159f9043c12ff18a84bf0893626681d98ba943f,P4,1210820771.2177095,1210820771.2177095,0.0,9634718.053533686,0.0,9634718.053533686,h09,5,Katrina,1201186053.1641757,9503187.801904792,1191682865.362271,1707800241.4242685,174157102.6401178,1.0,0.0,0.0,NONE,False,False,0.0,10400000.0,0.0,0.0,NONE,False,False,0.0,9557344.06438629,0.0,216183144.11076793,R0,False,True,174157102.6401178,1687842897.359882,562d3c0e199e46f0d26bd8dabc728845fe47a1019201c85dec6e94ba600e780b
E2A_VACCINE_H0,LA-0355,355,3458675177d843ecf6982085731c917a10e2e388354f60e93bab711b3d5419a4,M2,A1_FINAL_NO_MEMORY_V1,certified,PASS,,,3b9a972103dd12ae68be8c3280c7a1dcb228caf020dd1934085fb6ad9bea7c73,265aa0d24782f65838c8bfa1a9199bc81b59a26fefb7d2cbfcbfc175459eff0e,0.0,0.9,19137905.85543848,4.0,1.0,1.0,1.0,1.0,25b1e86f6a988de27ae229507de16a1e77b248d92012619c07c2c4b7f80e8e21,6,2,2,747604a432005941f8ec0256ca4dedc874174fe8ef156f4f38d2a201dc21bda0,P1,1222481536.0214553,1222481536.0214553,19137905.85543848,0.0,0.0,19137905.85543848,h09,5,Katrina,1203343630.1660168,0.0,1203343630.1660168,1880993934.1435401,0.0,1.0,0.0,0.0,NONE,False,False,0.0,10400000.0,1375244.743851572,0.0,NONE,True,False,0.0,8593934.143540112,0.0,0.0,NONE,False,False,0.0,1862000000.0,8b371c8a7c6ac0999f167c8396cfd46c423b52f29857048f8051309de4733d7c
E2A_VACCINE_H0,LA-0356,356,06cb055d8c505b6ed314c54dc47e353a06355a26e06a2ef6d826c99ff2345570,M2,A1_FINAL_NO_MEMORY_V1,certified,PASS,,,d530a8df22e0aea5eddebf55d368acf5e950c63bc744b8cd9410f0d7a7304f5f,8a276ce9f29ca347f2a9257af4131dc975cd0bbca0ef4485f04f386de8804337,0.0,0.9,19137905.85543848,4.0,1.0,1.0,1.0,1.0,9a249cfd168bae0b4f95601fec3ce98b865dea6498c5e56e889ee57937dd0e2c,3,2,2,bc38b6eb06bf8b86a23e5beadd2dc970d4623128ec7fb416a7a1eb95eb36e8e1,P1,1235893824.6778846,1235893824.6778846,19137905.85543843,0.0,0.0,19137905.85543843,h09,5,Katrina,1216755918.822446,0.0,1216755918.822446,1881234885.0032775,0.0,0.9999999999999974,0.0,0.0,NONE,False,False,0.0,10400000.0,1375244.7438515685,0.0,NONE,True,False,0.0,8834885.003277631,0.0,0.0,NONE,False,False,0.0,1862000000.0,db05b5c5c6a532505f96c1d8bd15497cd604971c53823fc05629df977907d775
E2A_VACCINE_H0,LA-0357,357,0a28eeb76ac37dbaf3e900b6414119d91259b9ec72797db1a3b1a9cc574c42f2,M2,A1_FINAL_NO_MEMORY_V1,certified,PASS,,,a02cfc505c8dc658b2f9b310ee8f6b2ae45117fceed75c93991b6a2fae7fbcd9,aa27e3a04dd0ec04ec31d9392550e8ff05a9df789a33cd5b146611598d78d2f5,0.0,0.9,19137905.85543848,4.0,1.0,1.0,1.0,1.0,6a6eb4c9aa06b283abcb8b059b2132d3fe8818867bacfd468b027d58627ddeed,3,2,2,a457b52e2856ba5c1fa49f752e032349d26cfdd7af1a3cc1d15b7296e96a6dd9,P4,1221575248.9687448,1221575248.9687448,0.0,9599967.205337854,0.0,9599967.205337854,h09,5,Katrina,1211975281.763407,9537938.650100624,1202437343.1133063,1736488028.852339,145469315.21204737,1.0,0.0,0.0,NONE,False,False,0.0,10400000.0,0.0,0.0,NONE,False,False,0.0,9557344.06438629,0.0,256548206.49774483,R0,False,True,145469315.21204737,1716530684.7879527,2f83104462b24e607e84ba1a02c63446f474139f2e934b2e8c8e49a43989f9bf
E2A_VACCINE_H0,LA-0358,358,65f12d3443be917eb572e0eca29833f1866f1a45141d44db32bfff161cc2c593,M2,A1_FINAL_NO_MEMORY_V1,certified,PASS,,,64b36b0ad3057540e962d9df9b03ef41b3322c7dad2b2de374fcb07a8aa78969,dba0f2fd04b4d9003b835f260817787fcc69acbc22a653076f34b70045485ed8,0.0,0.9,19137905.85543848,4.0,1.0,1.0,1.0,1.0,59f13ad6f0cd569c2c8ac43eca3ee86031e3ec2dc707b26f6b8d3d8be49e359d,3,2,2,fe3f30b3260ac9fec76739a6789a65e62bf0fc71da2910a15d53ecf676030406,P4,1168155110.8672476,1168155110.8672476,0.0,2849430.888074171,0.0,2849430.888074171,h09,5,Katrina,1165305679.9791734,16288474.967364307,1149017205.011809,1593988727.471905,287968616.5924814,1.0,0.0,0.0,NONE,False,False,0.0,10400000.0,0.0,0.0,NONE,False,False,0.0,9557344.06438629,0.0,868192363.9856374,R0,False,True,287968616.5924814,1574031383.4075186,a8c9e478e467e8fb656a536b4778f5b3b3509720433346267494813f2eef32ed
E2A_VACCINE_H0,LA-0359,359,21c636b766ade4363144acab6923276c2bf5d40693d9a586c4a2f8dd660e900b,M2,A1_FINAL_NO_MEMORY_V1,certified,PASS,,,f9c90de8abcffa9524aa2f557ca35f1bc5669c023f5d1b33dc0db777f40bca58,8bde92ae56ac188880c3f5c8a186453d0a09df85d3e4e317e68c3a83417fd15b,0.0,0.9,19137905.85543848,4.0,1.0,1.0,1.0,1.0,4d0700db9117da0980c5509ea17369208ec5f4ccd16430c70fab5beeab3b9c44,3,2,2,59eb10bcb37fe9f31b257be82a77330d255331f880094c0e7756a47841f1dfa1,P4,1233716222.3189225,1233716222.3189225,0.0,9067484.548289387,0.0,9067484.548289387,h09,5,Katrina,1224648737.7706332,10070421.307149092,1214578316.463484,1768874321.3997617,113083022.66462475,1.0,0.0,0.0,NONE,False,False,0.0,10400000.0,0.0,0.0,NONE,False,False,0.0,9557344.06438629,0.0,239989611.84330428,R0,False,True,113083022.66462475,1748916977.3353753,66a2eac9331097dd7edca7bf13ed91a8c3a5c0b3f47c94d29ec63b1adf8489c2
E2A_VACCINE_H0,LA-0360,360,0a56397007d7cfb3146d559cf64815a63814bb2efffbfd8165672b8d1d540978,M2,A1_FINAL_NO_MEMORY_V1,certified,PASS,,,5a2fde3241ce9fe65cbc0c00dc2e4d42cd096336404787a2fee1350eef32d4f4,ef9c01d2349968e17fd6e686cb4c7aaec7510954b5e94577a37b1344e49e5ed6,0.0,0.9,19137905.85543848,4.0,1.0,1.0,1.0,1.0,758651747302f91e059bea1a1c847780182a55c634a3b936ca1d88fd9229f2ef,3,2,2,977f580f4a46e09dcdd897a66d0e0be1506123938500455fa29479138836cde0,P4,1235493312.2511883,1235493312.2511883,0.0,5446778.453999924,0.0,5446778.453999924,h09,5,Katrina,1230046533.7971883,13691127.401438555,1216355406.3957498,1773614744.8212986,108342599.24308772,1.0,0.0,0.0,NONE,False,False,0.0,10400000.0,0.0,0.0,NONE,False,False,0.0,9557344.06438629,0.0,160233772.15893412,R0,False,True,108342599.24308772,1753657400.7569122,b3423c0927ff588502d2732c3c53db51c7fab96d614e2ee467fb66c84c47cf01
E2A_VACCINE_H0,LA-0361,361,b0d57db8f02142b21b1c200ea874bd8b892e7704696e5db341379a9f846904f0,M2,A1_FINAL_NO_MEMORY_V1,certified,PASS,,,e23c8fb9e3517969b5e5f5554508174312c8a76df18f1869ce0238c2ef1e30c9,616042a16644a1ce6c4ec5914b6d588d7b16e6e50df568c69b96a14d2a578464,0.0,0.9,19137905.85543848,4.0,1.0,1.0,1.0,1.0,64c034159e7672cf77769d2277ea4a20166956640a85002e105effe52a3d5c97,3,2,2,c3adac0b653193988ef7389eda9f1a7c07adc8fb9dc4d151e8d87fbb65641bf6,P4,1228519239.0378919,1228519239.0378919,0.0,3333767.1659050123,0.0,3333767.1659050123,h09,5,Katrina,1225185471.8719869,15804138.689533466,1209381333.1824534,1755011263.1383696,126946080.92601685,1.0,0.0,0.0,NONE,False,False,0.0,10400000.0,0.0,0.0,NONE,False,False,0.0,9557344.06438629,0.0,180129498.32894242,R0,False,True,126946080.92601685,1735053919.0739832,dc99c592416075a478cc2363aa1837855fb763f72aa94575b9d0ed9673f57b6e
E2A_VACCINE_H0,LA-0362,362,15eef0707ea29686f6e972f8e38dfed1d1bfaa115a3c5dbbde17a75769203c35,M2,A1_FINAL_NO_MEMORY_V1,certified,PASS,,,4723e1c26901933b0b545f0ccd5dfbfcad44757fc6cc30cb7616eaf71a701c07,ca95575369953f3bb6c6c3f66959d078d78fe8fcb9476d78e087a7a609039a41,0.0,0.9,19137905.85543848,4.0,1.0,1.0,1.0,1.0,a6469819d517d3bf74e7310c3204086d74cb924f98216ca8f18f896c67aaef16,3,2,2,023ee62de66826409c3324ed8b84823644bcbc6ca015234374847c84afe81479,P4,1225491149.4012575,1225491149.4012575,0.0,7695802.557137918,0.0,7695802.557137918,h09,5,Katrina,1217795346.8441195,11442103.29830056,1206353243.545819,1808408292.4900708,73549051.57431549,1.0,0.0,20357794.312458284,R0,False,True,10400000.0,0.0,0.0,0.0,NONE,False,False,0.0,9557344.06438629,0.0,123613019.51699373,R0,False,True,63149051.57431549,1798850948.4256845,df858ac08149d5618bb9c49a0519ff316e60d4ec017f8b58f669889a3f4771c4
E2A_VACCINE_H0,LA-0363,363,fb61ab34a92b508f1bd1a8101dbe86d067d16b0d105e50f9044685bc512b44e2,M2,A1_FINAL_NO_MEMORY_V1,certified,PASS,,,31207b6548e6ed2a87b9253a9575c64fe3a9ec528e940a0220fbe3cd566f6a21,f01ed0e6117fd75a756088fbc08cb03667adb3ac1d37d473de15c87b31f2302e,0.0,0.9,19137905.85543848,4.0,1.0,1.0,1.0,1.0,5e79e86651987a7309536b1ae5577d1c0d18e3902602c09ccbaf379271ee77e0,3,2,2,aa19aa29e60114c01543fa1d356110266cf1baae2a86709f575e0463d722d132,P4,1213702558.598515,1213702558.598515,0.0,7826742.526048671,0.0,7826742.526048671,h09,5,Katrina,1205875816.0724664,11311163.329389807,1194564652.7430766,1776961987.5318377,104995356.53254871,1.0,0.0,20071533.37893156,R0,False,True,10400000.0,0.0,0.0,0.0,NONE,False,False,0.0,9557344.06438629,0.0,182564793.85913298,R0,False,True,94595356.53254871,1767404643.4674513,89f351233a33c84a820490f51614ff1d5f90fc5067705698821f51cd6b8192de
E2A_VACCINE_H0,LA-0364,364,effee79a86334191156eb830e2e1c96a6e6dc1d51a6dac553399a06a3ca0103c,M2,A1_FINAL_NO_MEMORY_V1,certified,PASS,,,d39bc16a50d52fcedfc2ef41dc6830e6d45dfd7e4df00e78aa49f46c9c15cc9f,c0ace3952fbc7200e43cf3ecd46a3aff2bcf2342cb18d430de7d5bbff93c7564,0.0,0.9,19137905.85543848,4.0,1.0,1.0,1.0,1.0,1ea7d3dc287be214ecf9197490e54bf895ddc0103f358acbed18b8d64c6e548a,3,2,2,7add9d3eee48ec80df646a657d0691e9d20186e5f1937e3974f59061808f3a88,P4,1206499669.9569087,1206499669.9569087,0.0,9418478.810215803,0.0,9418478.810215803,h09,5,Katrina,1197081191.146693,9719427.045222675,1187361764.1014702,1696273616.2087307,185683727.8556557,1.0,0.0,0.0,NONE,False,False,0.0,10400000.0,0.0,0.0,NONE,False,False,0.0,9557344.06438629,0.0,226700462.94007444,R0,False,True,185683727.8556557,1676316272.1443443,06e6cfa0e71bbae531fba2ed44a6e8f3dc4f485bad9ad280641fe254012f97af
E2A_VACCINE_H0,LA-0365,365,03571409f530a57950103a16cc3d0f31cfa9635ee41d994996c4ed270bbb4e53,M2,A1_FINAL_NO_MEMORY_V1,oracle_failure,FAIL,oracle_failure,Full exact certification was incomplete,1be4d059442ebb7bbf372b8d9350ec4f7e39d55a406a628c1766d5e01e2162dc,f24d3ff0dfe887a5d1365e6725192357c7d98850a13e764e6b5f51eb3c8c8743,0.0,0.9,19137905.85543848,4.0,1.0,1.0,1.0,1.0,748a7b592f12bdfb048a413f7baa2da3093c106b45c2caf2f41891e501c38bed,3,2,1,,,,,,,,,,,,,,,,,,,,,,,,,,,,,,,,,,,,,,,fdf19c9840b778fef7ec97f2870b156e22c132c29f8823dba6d2d33304d583fe
E2A_VACCINE_H0,LA-0366,366,8b25210d1d676141cef8ecab69833d63fbcfb4a694ecb8073dab9c68775d4f9e,M2,A1_FINAL_NO_MEMORY_V1,certified,PASS,,,dbd6ad63b7b3e1d1c3aea8d86b3003817e9ffb0953f959f60fd8f076f75cfc95,d4fd3aae364f5220e18797efc01b70ab2d5bab61d6856ac5bcc964b16a45c8f3,0.0,0.9,19137905.85543848,4.0,1.0,1.0,1.0,1.0,0b5ccb00306aed7fe4665c34f051326b6fda0e93408f1e6407100288e31d6797,3,2,2,e342a987a027378fde34f67bd0c2df48062c695d735c48beab8365f03ef5d1e3,P4,1207543748.90965,1207543748.90965,0.0,10367381.172866564,0.0,10367381.172866564,h09,5,Katrina,1197176367.7367835,8770524.682571914,1188405843.0542116,1699058717.9819415,182898626.08244497,1.0,0.0,0.0,NONE,False,False,0.0,10400000.0,0.0,0.0,NONE,False,False,0.0,9557344.06438629,0.0,322164138.06313515,R0,False,True,182898626.08244497,1679101373.917555,c28f1a2bf8798e0fca258be98caeb0da1d6aceaceed27ac9a1a915ed312dfea7
E2A_VACCINE_H0,LA-0367,367,f1573a599fa38365c2f773c368a487ae4544184c7812970daeffa7a98e94d3a9,M2,A1_FINAL_NO_MEMORY_V1,certified,PASS,,,305d9a19a0b82c9bce4a2833fc551367460b7b0d6760a6b3b2194c013b3e5cac,574ab6abddde5f22c9fd754d22c06949fb61d141ce75ec04ee60e83a9ca12315,0.0,0.9,19137905.85543848,4.0,1.0,1.0,1.0,1.0,6fe93f9b642aaa424d7215310d552837734917f06c8fa36f790a160f07bafd73,3,2,2,e5a046e8077975070153b76456a105882a5e5aacaea8fd7519d64b696fccf4ee,P4,1200341966.5364485,1200341966.5364485,0.0,8671701.747752175,0.0,8671701.747752175,h09,5,Katrina,1191670264.7886963,10466204.107686304,1181204060.68101,1679847817.4985828,202109526.56580356,1.0,0.0,0.0,NONE,False,False,0.0,10400000.0,0.0,0.0,NONE,False,False,0.0,9557344.06438629,0.0,306164751.97331196,R0,False,True,202109526.56580356,1659890473.4341965,11433f8b3e77baec093bade9a311b9c76e69ffbf45596880751e1d3c8027a830
E2A_VACCINE_H0,LA-0368,368,4fdc3d14138594902a64cb7f35a439db51263b34087e0642dcbfff56920eb672,M2,A1_FINAL_NO_MEMORY_V1,certified,PASS,,,35dc9e38c6df64b6d42326b2b296cf5b3beefcb853f32feb99dd95590c5fc969,052629551858f5363c15678ca2639f246a05dca1f25a937826397eec2fa66ee8,0.0,0.9,19137905.85543848,4.0,1.0,1.0,1.0,1.0,9524bb1808f466862056aef72dbbe5b4cd9636d2981dfd12fcb903de8d42f643,3,2,2,7a1d35a245147547777e74eaf79c35afff4e65f9928d41e3d5ad0602060ea8cf,P1,1221105124.8150916,1221105124.8150916,19137905.85543848,0.0,0.0,19137905.85543848,h09,5,Katrina,1201967218.9596531,0.0,1201967218.9596531,1871053259.897953,0.0,1.0,14474252.595700348,0.0,NONE,True,False,0.0,0.0,701561.687927807,0.0,NONE,True,False,0.0,9053259.897952951,0.0,0.0,NONE,False,False,0.0,1862000000.0,6dc28ff9d1d96abb765e4920538c9401165fff178cbfb141c78567c00d1f1a1a
E2A_VACCINE_H0,LA-0369,369,d1453ef1a1439de09343783e82c221eff6c8db9afe5fcd7a117848f9fa808383,M2,A1_FINAL_NO_MEMORY_V1,certified,PASS,,,75cdaf6c3d8ccc24bad10302484b2d66024a612cc3b6c1cc30ee32e7e59757d4,a6e2ee31cd068c00270ad465e4c0967ab06af5b38d14259388312f6aa3ec34d7,0.0,0.9,19137905.85543848,4.0,1.0,1.0,1.0,1.0,b318047d09ffcb1cd13308cae402ca340e1f951e7178a5dce989bc6a5e560de1,3,2,2,1a9fbaee2eeb30d1a0ee3846d3f8cff92f26987f67306fdd88755c8261b49924,P4,1209149440.7779374,1209149440.7779374,0.0,3294633.274780193,0.0,3294633.274780193,h09,5,Katrina,1205854807.5031571,15843272.580658285,1190011534.922499,1703341933.593037,178615410.47134942,1.0,0.0,0.0,NONE,False,False,0.0,10400000.0,0.0,0.0,NONE,False,False,0.0,9557344.06438629,0.0,306392396.25489813,R0,False,True,178615410.47134942,1683384589.5286505,74a03d91e8bf549153c9a5b772787765b3ceacfa9f3ed898bd54ec0705cff99b
E2A_VACCINE_H0,LA-0370,370,e4502392d71252cc2415a30a47a695f90e3cba906159d007ab0f39fc3b4791d7,M2,A1_FINAL_NO_MEMORY_V1,certified,PASS,,,9bc6c5300bbc79fcd2f94ba1b25a94bb7c3a495d846ab7be5895faecb4f21143,029a7de7340e9a038060bad5d3bd529c606f5b3cc440d9244dae2b1112ba8120,0.0,0.9,19137905.85543848,4.0,1.0,1.0,1.0,1.0,06c19086068d4b63832558447460befbce0992d17cfe116dbcd8a642903fc384,3,2,2,07e3f2c084a352bca9b736d6b00afc832a2bd4e7c94d8fdc6d3e3ac7761123c1,P4,1165294785.574013,1165294785.574013,0.0,3428387.559698642,0.0,3428387.559698642,h09,5,Katrina,1161866398.0143144,15709518.295739835,1146156879.7185745,1647833271.6107378,234124072.45364857,1.0,0.0,17887119.14524556,R0,False,True,10400000.0,0.0,0.0,0.0,NONE,False,False,0.0,9557344.06438629,0.0,384786455.7344194,R0,False,True,223724072.45364857,1638275927.5463514,c0364f471a9fd0b1d5e31784d322a3d722d522568d3b3f64797be1fa40d21b7e
E2A_VACCINE_H0,LA-0371,371,f6f1fb3846596328a42c754a67cbb4512e569e2ce357a40cb0bd6d0fc5fbf719,M2,A1_FINAL_NO_MEMORY_V1,certified,PASS,,,d311a77d64140668328c670d6934bbf9961110b11ae30b46f5785d17d87c6936,ba245921f2f35a7e6c5ad59b655e79aa2cde709082ecbdcf85973802a8588587,0.0,0.9,19137905.85543848,4.0,1.0,1.0,1.0,1.0,11c673adf4f824bea08321787d6eabb1e95945e9fcdd979952d96c1d59c48bf6,3,2,2,9d51e6d4bc4b3226d0ad4a8fb2e7c59f5c43d793e73e9aeca1f8fa44e5c7ffb5,P4,1214220541.3928328,1214220541.3928328,0.0,7497136.987648255,0.0,7497136.987648255,h09,5,Katrina,1206723404.4051845,11640768.867790224,1195082635.5373943,1716869197.2904742,165088146.77391216,1.0,0.0,0.0,NONE,False,False,0.0,10400000.0,0.0,0.0,NONE,False,False,0.0,9557344.06438629,0.0,246836800.34686473,R0,False,True,165088146.77391216,1696911853.2260878,93d227c5c665e3ee7d23740d60c2031e236d58b8c1b2916636f156d7468c2c90
E2A_VACCINE_H0,LA-0372,372,647987d84fb67df13afa4c5a1b9153539394d3218a92d476ead95ee7401e455b,M2,A1_FINAL_NO_MEMORY_V1,certified,PASS,,,081543d4e8f2e304cb35a690b5d1069799c3bb703295b49ad3d644c7f16bc296,4d0900114a98051f436bfe26c344d6ec7e94babef3a3111520c9c65c216387c4,0.0,0.9,19137905.85543848,4.0,1.0,1.0,1.0,1.0,e4517dd2ba625cde28ad73a78e8c8c8db44f18771b8c82c154a488772868bde4,3,2,2,3a6ea02abdf228b7fe5488f7bca98af9627dd4f602a9448e03835c82fe21bc83,P4,1174204684.4057198,1174204684.4057198,0.0,3094998.266074724,0.0,3094998.266074724,h09,5,Katrina,1171109686.139645,16042907.589363752,1155066778.5502813,1879928575.4589784,2028768.6054078662,0.9999999999999998,0.0,654492.843926307,R0,False,True,207737.12912932184,10192262.870870678,0.0,5737308.851740733,R0,False,True,1821031.4762785444,7736312.588107745,0.0,0.0,NONE,False,False,0.0,1862000000.0,893ceaee0533fede212d7f119a8eb8abcc338e1fc7b6bb1c75fcabdd849dc51a
E2A_VACCINE_H0,LA-0373,373,f49b084b7c455b1f02a5df48309a6df8c541e5e9a91b1af54086c1c0db360705,M2,A1_FINAL_NO_MEMORY_V1,certified,PASS,,,547f9c38655666f3a29664ef1e563baf00a1ccaa34e35f85450e82a51528e689,a14214b59481e6b3e5803dba093fabd89a1fa6e9b24269e8c325d4298a3a65d1,0.0,0.9,19137905.85543848,4.0,1.0,1.0,1.0,1.0,c8bcdf8bf1f24d60b938b0f324f489cf0a44903e544474ff50e0248a3f3aacf1,3,2,2,600636e88e5b2c3a74b5cab98e9257d68a35cee75a64793f158d151f77a0c902,P4,1214814299.8449612,1214814299.8449612,0.0,4862618.41184285,1624130.7750509884,6486749.186893838,h09,5,Katrina,1208327550.6580672,12651156.668544639,1195676393.9895227,1880856192.763537,1101151.300849306,1.0,0.0,0.0,NONE,False,False,0.0,10400000.0,0.0,1628199.030818099,R1,False,True,1101151.300849306,8456192.763536984,0.0,0.0,NONE,False,False,0.0,1862000000.0,d13dd04f97fa33666ebc2227eb1d7ff171383ffe1286b428b3cf3484a407bc02
E2A_VACCINE_H0,LA-0374,374,7e1971ddc86b3bd821e7416c29484e656bb42690d3e2c869476c0afddaa070d5,M2,A1_FINAL_NO_MEMORY_V1,certified,PASS,,,1b1fc854eb2f2cc1488eda3f4381bbecb88c516a9e3277d4ffd818b494befd53,5010598fecec19ff0af52d8be3b212495da3107114795ba2a1f4004b94653646,0.0,0.9,19137905.85543848,4.0,1.0,1.0,1.0,1.0,35b61efda650c7f1bdcc9a5f2afdd5736e9731fbc77fb2be94b1d8756ce21be9,3,2,2,e0135bf54815e69d423a3e0c4864ba0185ce68c568a99d82ccc592c9e741c9a9,P1,1236153667.1124222,1236153667.1124222,19137905.85543848,0.0,0.0,19137905.85543848,h09,5,Katrina,1217015761.2569838,0.0,1217015761.2569838,1871323605.9438233,0.0,1.0,19925779.440348398,0.0,NONE,True,False,0.0,0.0,447828.2920325395,0.0,NONE,True,False,0.0,9323605.943823364,0.0,0.0,NONE,False,False,0.0,1862000000.0,40c8361e83142a0ee1e22ab085e003cc22a6dcc9d3839eb0d7aaab6895098776
E2A_VACCINE_H0,LA-0375,375,86fa0693fb6b9310a82b2f4f0e0ffaf3e0633f6a406ddd0ab540da479f47008c,M2,A1_FINAL_NO_MEMORY_V1,certified,PASS,,,f19f998fe76c888fdb291729e01cd42f5cde82d020b4c4848e0d021090f6bac3,32e32f2eacfac7d20adaa3a15d82161fe2d046627b2fb2d197d64884ffa3634f,0.0,0.9,19137905.85543848,4.0,1.0,1.0,1.0,1.0,24add4997d35c0c96d8af3ddd87dc5cebf48d5701a25bf5f0271298148c8c156,3,2,2,724325e16abcdc62a59c9c592620e7760ae89b470e78f8305c9c778ff71f6152,P1,1223973867.2592213,1223973867.2592213,19137905.85543848,0.0,0.0,19137905.85543848,h09,5,Katrina,1204835961.4037828,0.0,1204835961.4037828,1871104796.6621835,0.0,1.0,15270703.494376063,0.0,NONE,True,False,0.0,0.0,664492.0380950777,0.0,NONE,True,False,0.0,9104796.662183508,0.0,0.0,NONE,False,False,0.0,1862000000.0,07cdb1f8cccb0d426df80e586b6c0b158e3926327fa073dc8c00d5626cac57e8
E2A_VACCINE_H0,LA-0376,376,accf2f786359cbca37bbc8409f5bc01cfc162de1cb340188b890d1d5f662c772,M2,A1_FINAL_NO_MEMORY_V1,oracle_failure,FAIL,oracle_failure,Full exact certification was incomplete,9253b27504afe785cffd8c703c341c98208b6895e9a6a86638dd72541833f97e,53adb5bdc09109efc4a09cf9441fd0bff5d01e2c5e4c7988a39fdacac880fee0,0.0,0.9,19137905.85543848,4.0,1.0,1.0,1.0,1.0,2cf8dbb12f778f398092c56b6f76fa680507fabfe72d768f10fae16d0e66194c,3,2,1,,,,,,,,,,,,,,,,,,,,,,,,,,,,,,,,,,,,,,,65bf701b5756f7eaedd17dddb0d7035e0887ba94ccd0f0ac28fe70fc8d25e98f
E2A_VACCINE_H0,LA-0377,377,61cf1e5a0e28513d3cba20e312483f5e64ddbf49159ecda32545e69365c99760,M2,A1_FINAL_NO_MEMORY_V1,certified,PASS,,,91a3f6ec5c02b38a900ba6cd36edffca3fc2a0af4ac96c1d0a70712b8c431b7d,d4fde5ae5534cf3cc0baff1d3d2fe64503b26d1c6602599a52af63af68b9ca38,0.0,0.9,19137905.85543848,4.0,1.0,1.0,1.0,1.0,4616d44a4ceaa9b345e22a9575e61ca1f034221bab04ecdf70f6118471171910,3,2,2,c6a685239c5f371e2f3c01364cb2e5b21d3f110f0f923cd0b3b98c667676224c,P4,1221924536.072384,1221924536.072384,0.0,690242.1571281574,0.0,690242.1571281574,h09,5,Katrina,1221234293.915256,18447663.69831032,1202786630.2169456,1737419759.2824483,144537584.78193808,1.0,0.0,0.0,NONE,False,False,0.0,10400000.0,0.0,0.0,NONE,False,False,0.0,9557344.06438629,0.0,278578939.9427544,R0,False,True,144537584.78193808,1717462415.218062,95f195ef699184ee8ee9412ad4ed6652d01e2b45bdf3d9416a8b2598c3522aee
E2A_VACCINE_H0,LA-0378,378,06507cbe40de792b44cc4fdf8b9f80f180483c7d128bc669a76995e8462d3927,M2,A1_FINAL_NO_MEMORY_V1,certified,PASS,,,de335b247573f0e5da2bfbeb4733700eeb7c286fb601d2698e5cc62d2a25f929,1fb3d3a07c256c32344feba8712f5fab3bdd9287d9adbe74fc82993a8a38a733,0.0,0.9,19137905.85543848,4.0,1.0,1.0,1.0,1.0,264aafe3f8b82bb8bc3160f1ff937474c11eea2c58a1988f9cf701b5bc4dd5d9,3,2,2,d09a507d0567e53725b9d663e4ec1de92d8783c13e36aabd091c2380c8146124,P4,1209948419.9702868,1209948419.9702868,0.0,10231895.983280974,0.0,10231895.983280974,h09,5,Katrina,1199716523.987006,8906009.872157505,1190810514.1148484,1705473226.786457,176484117.2779294,1.0,0.0,0.0,NONE,False,False,0.0,10400000.0,0.0,0.0,NONE,False,False,0.0,9557344.06438629,0.0,251048183.40264463,R0,False,True,176484117.2779294,1685515882.7220707,adca9674cc5ee7efa6f8498e0ed5cc322381c8c9d4f4be58e0c563f89037e550
E2A_VACCINE_H0,LA-0379,379,073df7cdd66c0e13088d064a7a99c7cde8c02fda86ee80ed124b17b9218b9b79,M2,A1_FINAL_NO_MEMORY_V1,certified,PASS,,,a266a8026c0cf36354be05036a6f890a2825d924918748d811cf9225538f4c63,21ffedfccf0126da9c00026e2bef7fe9c114207b44717c0917296a4e2afe1fa9,0.0,0.9,19137905.85543848,4.0,1.0,1.0,1.0,1.0,f848241ca1a69bc49827aa5af7fc7fc995c7ea51e375e6fc594d20306d02cdd9,3,2,2,5d9a68f366ba897f2c89f55d919789b276570d359ccd35f1cb394157a489206d,P4,1230629908.4293323,1230629908.4293323,0.0,8090425.781818406,0.0,8090425.781818406,h09,5,Katrina,1222539482.6475139,11047480.073620072,1211492002.5738938,1760641516.5299625,121315827.53442389,1.0,0.0,0.0,NONE,False,False,0.0,10400000.0,0.0,0.0,NONE,False,False,0.0,9557344.06438629,0.0,175609450.07155526,R0,False,True,121315827.53442389,1740684172.4655762,cd206ceb9118fa82219046101b8e73fc152895a0fbb346e55ea89484da3cd011
E2A_VACCINE_H0,LA-0380,380,161de19718d2bd0a3b0517e0db756832d30637d3b533a27ec6702e218f211680,M2,A1_FINAL_NO_MEMORY_V1,certified,PASS,,,1b11aa3f6a3857323e87371c30be7412fda710187b02b11bad91ede487c2e295,97c53aa7cd43998a2c333ede4d414d7520a11641c764b76f4a76490146815927,0.0,0.9,19137905.85543848,4.0,1.0,1.0,1.0,1.0,5b0cdf19c3978d8b14920024625d1a2e22f1e6b1c75ec4cc38802964f9d695e8,3,2,2,e3fde0679ce126ff35e4b168138ed45f623a21ef207e389117c1fd3bb7aa0979,P4,1211554116.7469158,1211554116.7469158,0.0,987702.6032104262,0.0,987702.6032104262,h09,5,Katrina,1210566414.1437054,18150203.25222805,1192416210.8914773,1709756455.4906533,172200888.573733,1.0,0.0,0.0,NONE,False,False,0.0,10400000.0,0.0,0.0,NONE,False,False,0.0,9557344.06438629,0.0,209262039.80004245,R0,False,True,172200888.573733,1689799111.426267,598ecb0f2186d7b407bcb78fe365ccb3832d2d4bc4eb1e95e76a5484edc8d6d4
E2A_VACCINE_H0,LA-0381,381,90c1b97959a7a888bf5869290be7bf4c732f55f66260320440fae64c4e714e6d,M2,A1_FINAL_NO_MEMORY_V1,certified,PASS,,,7f6c430aa0014b38780721135f78a14a3ffd7e3e96f3623bcc1ba3c06abb96ce,25d0f6e67b8b7a56ef8c5039dca515e7a1d5b51582d9317fd49c5509450e24a4,0.0,0.9,19137905.85543848,4.0,1.0,1.0,1.0,1.0,3aacbc68a653be51e98449e1184ba6147a49d498a5c8665ff63e75e96e213866,3,2,2,e981a0e4759366c4ce7e24b6b2c42872f3a34f4dc7ebe034a56aca1bfaf389f1,P4,1224996873.6627991,1224996873.6627991,0.0,7777256.745651283,0.0,7777256.745651283,h09,5,Katrina,1217219616.9171479,11360649.109787194,1205858967.8073606,1881039122.0143604,918222.0500258321,1.0,0.0,0.0,NONE,False,False,0.0,10400000.0,0.0,1339229.3189009218,R0,False,True,918222.0500258321,8639122.014360458,0.0,0.0,NONE,False,False,0.0,1862000000.0,f15c3c48c42e09df1d0b05e383f4ab127828ccbfe8d159a118c9e66b087e234e
E2A_VACCINE_H0,LA-0382,382,8443a8f00073657b2344aa0cc16006597979e5d47ae929f4e4d94a7979dcadf6,M2,A1_FINAL_NO_MEMORY_V1,certified,PASS,,,8dd39953787874cbf681e7e5bd24a7ed8c0bed2f211e3af567bba78960b20a45,6947e0db49046e7a803f7b8a565513095d0fde94fdcf581f63ec0833db533231,0.0,0.9,19137905.85543848,4.0,1.0,1.0,1.0,1.0,b7695283a936cec18b167196f4d46d00319293a317cfac2ea3dca93d37ae41e0,3,2,2,d426a2ca6fbe5e9cf726bb317018d6dff01b685378a2f095cf4b5ba6124c9e6b,P4,1200460829.8701575,1200460829.8701575,0.0,385811.1347430962,0.0,385811.1347430962,h09,5,Katrina,1200075018.7354143,18752094.72069538,1181322924.0147188,1741639407.6973364,140317936.36704993,0.9999999999999998,0.0,14303084.987352654,R0,False,True,10400000.0,0.0,0.0,0.0,NONE,False,False,0.0,9557344.06438629,0.0,178675700.50378743,R0,False,True,129917936.36704993,1732082063.63295,9fcd1cbd84e8377df5953d875915609e584bdfade9e96d4aabfe2c0ee5b6c5de
E2A_VACCINE_H0,LA-0383,383,d9bc9e10cb7d887e13c11bb324c909d2b0a56792655b93008f11fe567fdce922,M2,A1_FINAL_NO_MEMORY_V1,certified,PASS,,,fceece8a7985e6a4c4528bf0c7680451a665b7b072278821fc1a95c7de2c2bf2,be3824fbe17715ac3cb092fb5c8155775423b091ceddeae3e2e3073ed690e23f,0.0,0.9,19137905.85543848,4.0,1.0,1.0,1.0,1.0,4a85a1610bc74dc5597fa590e54dec5f4999627df4f48122134497adb02475d2,3,2,2,1ba5c9f03fb15f4ad57567913809c16cc7a8f38967b31841dd892b74a9e02292,P4,1206887633.3687465,1206887633.3687465,0.0,4799301.812541097,0.0,4799301.812541097,h09,5,Katrina,1202088331.5562055,14338604.042897379,1187749727.513308,1870797843.6244845,11159500.439901741,1.0,0.0,22367068.87116262,R0,False,True,10400000.0,0.0,0.0,1633442.1775923606,R0,False,True,759500.4399017412,8797843.624484548,0.0,0.0,NONE,False,False,0.0,1862000000.0,d5915f526ae6709854ae0094c886236593ad9516851783f2e6876d1e2706ab4b
E2A_VACCINE_H0,LA-0384,384,d4022e764ba0b2670bc8670d25849cda9c42642fe553f03a259ece45d627c82f,M2,A1_FINAL_NO_MEMORY_V1,certified,PASS,,,53bdb8a887be0cc85296409b0dd6208cc357e4ff2056ff43d9bf1c1d23bea6b3,e4ccc6db57911197466bc9f248222ae5b4ba801ce536020b788a4bfa4e1088e8,0.0,0.9,19137905.85543848,4.0,1.0,1.0,1.0,1.0,915230b30e4b3697ce7f5b12187283f40a3feaa830f7e96d2c7207bf0b13cf5b,3,2,2,48881ad9bc7ddbfe066b771a904de9997c1a6353f25d50653c33c40ff2bd0dbc,P4,1238390980.4649274,1238390980.4649274,0.0,5857421.420673837,0.0,5857421.420673837,h09,5,Katrina,1232533559.0442536,13280484.43476464,1219253074.609489,1861428238.0657513,20529105.998635024,1.0,0.0,16166252.876448922,R0,False,True,10400000.0,0.0,0.0,196137.50022073358,R0,False,True,126178.28125571781,9431165.783130571,0.0,15549024.9023071,R0,False,True,10002927.717379306,1851997072.2826207,d0e9241039a075aa50c43ee09273a6cd6a5cc0b5b4600e60d410b2107705fee5
E2A_VACCINE_H0,LA-0385,385,0a1cf623223695cc11492f9307bc6e5450aa8728061bc47308736ecedd079c3e,M2,A1_FINAL_NO_MEMORY_V1,certified,PASS,,,9b297b281a860f4aeacb02bf36582c95db3e015d82ad88b262b10df04332f449,5d77de1eea239f3786c2ccfb6c0586d57b4cbd453aefd3c62715b5faf7595330,0.0,0.9,19137905.85543848,4.0,1.0,1.0,1.0,1.0,84e0b493ad4531b17e7d6441795311da1483f3d81d50af85c8bd6dd7bdb2e895,3,2,2,43d7d4ba70a6e83790e15ff927f0b844dd437715ef28ae05de2a7aacbde1db1c,P1,1229442547.0545013,1229442547.0545013,19137905.85543848,0.0,0.0,19137905.85543848,h09,5,Katrina,1210304641.1990628,0.0,1210304641.1990628,1871203041.1253066,0.0,1.0,17060232.494466163,0.0,NONE,True,False,0.0,0.0,581201.010978208,0.0,NONE,True,False,0.0,9203041.125306532,0.0,0.0,NONE,False,False,0.0,1862000000.0,b1daf92444427a7359e0bc06c25a1b92b09a4d8e7a71c723b4767a954d1ffe7c
E2A_VACCINE_H0,LA-0386,386,d475b8f6571f108c243fd1184a11c77b8d25ed10fe868b77cd2a6e43c3d9ce42,M2,A1_FINAL_NO_MEMORY_V1,certified,PASS,,,9f1757136cf6d283998599912319cc78d0bf3200ddf81592657daffe3ee35393,36c6d280061750798ed80dcc0e3f12e9fbbc4ddd3029b86fc105a565b219788c,0.0,0.9,19137905.85543848,4.0,1.0,1.0,1.0,1.0,94b4ff5058d5053fc62465a9045ece6e0917f5b2bc7c4171b9b4c3221e1fa7f7,6,2,2,f1e3ee8e0b00ff33a8a10974a2b9c9f7949d7b7e3f3efb29769bfb4eccfb91f0,P1,1230472805.8780787,1230472805.8780787,19137905.855438434,0.0,0.0,19137905.855438434,h09,5,Katrina,1211334900.0226402,0.0,1211334900.0226402,1871221549.65548,0.0,0.9999999999999977,17445377.17785909,0.0,NONE,True,False,0.0,0.0,563275.0113063452,0.0,NONE,True,False,0.0,9221549.655480027,0.0,0.0,NONE,False,False,0.0,1862000000.0,a25a31f75067d2c475f3d88ff1cff3ed2da473f536bfe1286fd38a1bef440b46
E2A_VACCINE_H0,LA-0387,387,48fcba6c7c2a3d4267839a4393ace4972c243786c86322d2cb41fe8ab394ca26,M2,A1_FINAL_NO_MEMORY_V1,certified,PASS,,,b2bf338a5940e659fdf8652c682d29788c55422cbd43f9f0f06db420859c4a54,49f823c722fec6ab628fe27409a6d3caff10399b436c95b32a7290af17ffa56d,0.0,0.9,19137905.85543848,4.0,1.0,1.0,1.0,1.0,aaf4e66bd81ad8c8f590c5c42fb012e34ea8f6bdfa3b5c5d864bf7306b59a919,3,2,2,9e30f691f9da2c7c30347285ddb673e91c7dac55e11c6ce4704f4434cfa5bdc6,P4,1226530906.6932118,1226530906.6932118,0.0,7319236.972573199,0.0,7319236.972573199,h09,5,Katrina,1219211669.7206385,11818668.882865278,1207393000.8377733,1880752121.7717295,1205222.2926568743,1.0,0.0,514891.4319637584,R0,False,True,329914.4301874995,10070085.5698125,0.0,1366077.01112029,R0,False,True,875307.8624693748,8682036.201916914,0.0,0.0,NONE,False,False,0.0,1862000000.0,714a22e1a1c46be4fdd630038068a84909310bbe6cb82ab6605951dc0ee0668c
E2A_VACCINE_H0,LA-0388,388,fdca913a94e2deca5c3d878ee4d22190e47159203b4668585127ef840c11fd20,M2,A1_FINAL_NO_MEMORY_V1,certified,PASS,,,157be771af064b287765ada9eff68a747ad9588c718f118f6349daba4ed7b966,e2222e2b3654c6df5b3810e27ad2027a875aff8edaea76ebdc53fd9ad0900229,0.0,0.9,19137905.85543848,4.0,1.0,1.0,1.0,1.0,11696b8a15de33cae9e7ca60d947651e32587b0df2151c33a19aed746e9fd2ff,3,2,2,16021fa18012be546427dce5d9ef51467223f61c1d0890f128bc8776413be569,P4,1217778138.9317636,1217778138.9317636,0.0,8080400.884300874,3633288.9166769003,11713689.800977774,h09,5,Katrina,1206064449.130786,7424216.054460705,1198640233.0763252,1726359160.8492956,155598183.21509072,1.0,0.0,0.0,NONE,False,False,0.0,10400000.0,0.0,0.0,NONE,False,False,0.0,9557344.06438629,0.0,175175755.13308895,R2,False,True,155598183.21509072,1706401816.7849092,ca5489d63e5dcc1da11e9f6f296009edbdd11bdfbb99218db5dbbd1037354bce
E2A_VACCINE_H0,LA-0389,389,4392a1f4f1d46e70d32e6576d27c39733d64a203469bfd434033f44dbf895eda,M2,A1_FINAL_NO_MEMORY_V1,certified,PASS,,,b5a2fdaeb47073a8cb5cfacc31f7c1fb20ef338e14b3889a43dd4a1831fe4967,7f7d6b59995f7b882b91cb8d7e850ddbfb6806c62389c8235fabf822666bd75b,0.0,0.9,19137905.85543848,4.0,1.0,1.0,1.0,1.0,023d17a1b0a22a9a9a34e4ddc49a6de655d7f970b17e34200b2dfdd674332629,3,2,2,f12e1443eeddeb969520a72fcdf0cc03aee7cc69a4d53701087287a6ddef2231,P4,1190333107.4140637,1190333107.4140637,0.0,6447527.906775606,0.0,6447527.906775606,h09,5,Katrina,1183885579.507288,12690377.948662873,1171195201.5586252,1714623502.7248287,167333841.33955753,1.0,0.0,16649902.924227282,R0,False,True,10400000.0,0.0,0.0,0.0,NONE,False,False,0.0,9557344.06438629,0.0,251243579.21439612,R0,False,True,156933841.33955753,1705066158.6604424,43d6acc43a52227f0fa4116ce118dbd22302b8e7889b3ccad6c2335190b7cc56
E2A_VACCINE_H0,LA-0390,390,15cb98729b9ca7d7e25706a81e0df53b3255da570bee0a4d1c6c6a30a80aea4f,M2,A1_FINAL_NO_MEMORY_V1,certified,PASS,,,d53ea0744625e127863ae632a1715f1288765b5fb94cef3cad4cefce26c68be2,717071ff07869e9a39406a18165495e96fe6b7ca4f6be281626665f154435941,0.0,0.9,19137905.85543848,4.0,1.0,1.0,1.0,1.0,a794be0ca887c14ab2ac6eb04b1ee9a55e3a0390291043987a85b82288bc396b,3,2,2,7fb67b9afe0b769ef339caaa524545d0215a87fb9b3bbb37b34f2d7b128ebc78,P1,1219602367.9729996,1219602367.9729996,19137905.85543848,0.0,0.0,19137905.85543848,h09,5,Katrina,1200464462.117561,0.0,1200464462.117561,1880942210.084032,0.0,1.0,0.0,0.0,NONE,False,False,0.0,10400000.0,1375244.743851572,0.0,NONE,True,False,0.0,8542210.08403207,0.0,0.0,NONE,False,False,0.0,1862000000.0,6f03ed762b765b25faae7d462b5cf531b6f5e68a8ef0c44c2c711a6fecb3a775
E2A_VACCINE_H0,LA-0391,391,eb112f3e120f170e1f22478b249072e7daa28f93ad687bb03f3b7b033f4ea641,M2,A1_FINAL_NO_MEMORY_V1,certified,PASS,,,55eeba509d206fe3dec01e0f00227abc871698b274abe3c36bf3ab32d5ac73c7,b5067bd613b8d1aca1ec480fee7fced87a4302cc74139d9f3a39a4a25039c177,0.0,0.9,19137905.85543848,4.0,1.0,1.0,1.0,1.0,72b27d2900038bacb46e25bfd75062e9a4148c95afc1f43d29ea6c35b165ace4,3,2,2,e51872fa7b20a51ed309ba7a95e05973c33eb67924c1ba67c8508f696bdeffba,P1,1229228511.1105564,1229228511.1105564,19137905.85543848,0.0,0.0,19137905.85543848,h09,5,Katrina,1210090605.255118,0.0,1210090605.255118,1880838436.1859133,0.0,1.0,473896.387527212,0.0,NONE,True,False,0.0,10109785.47737018,1353187.92506734,0.0,NONE,True,False,0.0,8728650.708543174,0.0,0.0,NONE,False,False,0.0,1862000000.0,2158a13a0c7ec86fc3fee680d8f42da087b173b00e55527f0bbf79cad9ede8cc
E2A_VACCINE_H0,LA-0392,392,3b633fb4b0767df770b0e83e4404981c044de1d7945400be03cf9153280d6fc0,M2,A1_FINAL_NO_MEMORY_V1,certified,PASS,,,92a03d78c5857e9b39f625ef38f79f6ed25531d667efcc8bbf55568a4d28ba65,b68234fa712adc64f526cdaf544168a07483675888b1f19039d38d79857d233d,0.0,0.9,19137905.85543848,4.0,1.0,1.0,1.0,1.0,32138b3f2fb7e2213c7b56c2c189a87bbbfe7b65484990ea3ac099cfd34d2a9d,3,2,2,ed91ffa8ec4451fbdf93bc298b202f921bd1cdf89c489b37f8559821f7611090,P4,1230267120.2571723,1230267120.2571723,0.0,4551241.977737951,0.0,4551241.977737951,h09,5,Katrina,1225715878.2794344,14586663.877700526,1211129214.4017339,1759673771.7258658,122283572.33852059,1.0,0.0,0.0,NONE,False,False,0.0,10400000.0,0.0,0.0,NONE,False,False,0.0,9557344.06438629,0.0,188360508.05963847,R0,False,True,122283572.33852059,1739716427.6614795,cc16a7b76ec57bef064324edc526f5fffa80b2e4091107498f99e7d8ec87b048
E2A_VACCINE_H0,LA-0393,393,60c5e59d75689c8de8158f6026f5ec29425caede4a642cdbd98a4bbda2d34198,M2,A1_FINAL_NO_MEMORY_V1,certified,PASS,,,b185071d59c8b2c00eac67873d0f83900e2c6ec828c64be3df8e8a376d261435,5bd31432c1b51cd635af140f467bde66fec8238e073153c4b3d2824418b64e96,0.0,0.9,19137905.85543848,4.0,1.0,1.0,1.0,1.0,853d32396c28b75d696b2a0aabca8a4453057405c7df1d74dcc1de354eecd7bc,3,2,2,34d5e69faf10d2fadf70bf95a00b56e8d1c3e70b04c94c887e81631e63f1e653,P4,1197982857.8981593,1197982857.8981593,0.0,1298142.8089559486,0.0,1298142.8089559486,h09,5,Katrina,1196684715.0892034,17839763.04648253,1178844952.0427208,1880246154.993527,1711189.0708592418,1.0,0.0,438630.89607584104,R0,False,True,322680.759461105,10077319.240538895,0.0,1887446.4218271123,R0,False,True,1388508.311398137,8168835.752988152,0.0,0.0,NONE,False,False,0.0,1862000000.0,6538f5f9d787bf31c8cfd968389634c7aa61ff08f872c87f3cf02120fb3a0672
E2A_VACCINE_H0,LA-0394,394,dfc05ce7760c04780e33d1a817586f359ee47f2126fa64c95d1d66ec20378754,M2,A1_FINAL_NO_MEMORY_V1,certified,PASS,,,b218cb360cfbaf16f031ce75e2d76ec9fb41c2e8ba640e8f65c11d382f0fd6d8,bf903a502de4789e693e945ceab57b6dd472fba4c1ab355467b8b96ede96216e,0.0,0.9,19137905.85543848,4.0,1.0,1.0,1.0,1.0,b879c0a93f108db8bc033ce6dae39715cfb5e657607b87f799c23eeaf716b2fc,3,2,2,78800b98e9dc6ced629f61a392493c5542c582d5ff3859527a2e031c66a1e69e,P4,1241427652.147418,1241427652.147418,0.0,4233987.301312997,4076460.280794946,8310447.582107943,h09,5,Katrina,1233117204.56531,10827458.273330532,1222289746.2919796,1789444716.8022785,92512627.26210794,0.9999999999999998,0.0,0.0,NONE,False,False,0.0,10400000.0,0.0,0.0,NONE,False,False,0.0,9557344.06438629,0.0,112894691.20694593,R2,False,True,92512627.26210794,1769487372.7378922,560a17bc7e8ee051f45fd98dc3f23f62452417ed1bd7c51307686e8c6b417c84
E2A_VACCINE_H0,LA-0395,395,880bb771a56eb8bc39f31ac9e4116c956a788083f271f4533cc506e299b1f33e,M2,A1_FINAL_NO_MEMORY_V1,certified,PASS,,,bb8d01bdffbf73c740be2340478c0508d5ab325401610979aa4471d0c27de7d8,ff5a9e9b2f2efc485b0740e405d987a74e080c496d8cd768d42e22bbec07b197,0.0,0.9,19137905.85543848,4.0,1.0,1.0,1.0,1.0,d990378cab3375ad73874de7dfb6b4b6f54e67f6ae3a8e30238fc2f0d8dc0d68,3,2,2,933aae246af14c1481f323052cac57e47bc03855aa22ec9394093151687add0d,P4,1223000992.1371422,1223000992.1371422,0.0,7465055.079870113,0.0,7465055.079870113,h09,5,Katrina,1215535937.057272,11672850.775568366,1203863086.2817035,1740291227.6583498,141666116.40603662,1.0,0.0,0.0,NONE,False,False,0.0,10400000.0,0.0,0.0,NONE,False,False,0.0,9557344.06438629,0.0,320840294.7338527,R0,False,True,141666116.40603662,1720333883.5939634,0ccb9c50ceadfb71716606f67f93ac6dbde2709b1f3d65fa3cdf5baacc9af2c1
E2A_VACCINE_H0,LA-0396,396,4a8ce3956cb01a1d091e6fc01863a6d00473bea19495791f759d72580abea560,M2,A1_FINAL_NO_MEMORY_V1,certified,PASS,,,2c3713cd659cd140ccc8161bdc19770eb4fb87b8c223f1bde89d0d8c803ac125,15cfdb765b791e74408fa2af35f9876e005e17106ccaa9b3f7daa14f2218a0b2,0.0,0.9,19137905.85543848,4.0,1.0,1.0,1.0,1.0,6286c5dd5a6cfc29af8fb8d48985858303579a36dea9e8fd32287dd5beeadebb,3,2,2,9518323e7406e6c5bbdb2912f6fd2a5819b17123c303eec8e4b3df9925e8aa7f,P4,1195686432.2114403,1195686432.2114403,0.0,4635306.158064613,0.0,4635306.158064613,h09,5,Katrina,1191051126.0533757,14502599.697373863,1176548526.3560019,1728903605.1506095,153053738.9137769,1.0,0.0,12283041.448163489,R0,False,True,10400000.0,0.0,0.0,0.0,NONE,False,False,0.0,9557344.06438629,0.0,168482864.2128283,R0,False,True,142653738.9137769,1719346261.0862231,2f80f364497121223ef785e23219163c3186ad00c54af14ea902461d60f56342
E2A_VACCINE_H0,LA-0397,397,108f19b24100d1eb9d5d81d5c632ef7f2b75f55f7c5a96f56ebcaba286f85ad5,M2,A1_FINAL_NO_MEMORY_V1,certified,PASS,,,72ab1fe1a1a4bfeddabe6fd8ba618c31fb7ac77cb7d7110fae9ff67808fbd0ce,73f490b3dbb97779fdc301928e0176bb671ee7c68489333bc457390fd3ced92d,0.0,0.9,19137905.85543848,4.0,1.0,1.0,1.0,1.0,ecc94a122764c7761f80c2cb76c24b0104c353b10b751dd12eda58a4eb534277,3,2,2,75f580ff3fd0bdc4207a5300654cc507f9016149c9a75b50b11ec19855c395a3,P4,1178648180.999279,1178648180.999279,0.0,3353114.3740839553,0.0,3353114.3740839553,h09,5,Katrina,1175295066.625195,15784791.481354523,1159510275.1438406,1621979204.7767267,259978139.28765956,1.0,0.0,0.0,NONE,False,False,0.0,10400000.0,0.0,0.0,NONE,False,False,0.0,9557344.06438629,0.0,373453730.0582289,R0,False,True,259978139.28765956,1602021860.7123404,da64bf3988202b339e5c08e7a06a5d70d173a471c6b984bac8f7b36ac49ee873
E2A_VACCINE_H0,LA-0398,398,c067c0f1a575b9f201e8fd2d3f7f7af4cb50fef6c9f4e831f8b662a8e1bdca04,M2,A1_FINAL_NO_MEMORY_V1,certified,PASS,,,605ee2963958a578d38c530cba0bd1c9d33055bb1c1cdfa7cfee479e70c4a5b1,9871fb7d674785af37e6e80f721e0a8b6e638baf12caf8736bc8f981681c2235,0.0,0.9,19137905.85543848,4.0,1.0,1.0,1.0,1.0,c00224baa1bda11562c6815c9f3e2f137468b87acc91cac4ba35793ec8163129,3,2,2,a42376a0b9ea0a8a6fdd70fa46880615c1fb39ee510049b4fa644b21f6d0a028,P4,1182369212.0450184,1182369212.0450184,0.0,3113753.4498843416,0.0,3113753.4498843416,h09,5,Katrina,1179255458.595134,16024152.405554136,1163231306.18958,1880273318.9528165,1684025.1115697469,1.0,0.0,0.0,NONE,False,False,0.0,10400000.0,0.0,2081466.1637059452,R0,False,True,1684025.1115697469,7873318.952816542,0.0,0.0,NONE,False,False,0.0,1862000000.0,4f9c681583e89b4584a72bfb2ef0dbfa6d8608be2a7d7e67989ebc1eb290cd49
E2A_VACCINE_H0,LA-0399,399,58750481483bf294e9f583a3f7b32c0c52bfff823f41afb6850800b31208d0e8,M2,A1_FINAL_NO_MEMORY_V1,certified,PASS,,,4225fd12113eb354aa0734e9d25e8e25e1b7e9517079b732948f7bf5ca9f253a,8f675a481140a55826c04e6bae0d4bf77a4a109545b328ab16de0cec7a98e540,0.0,0.9,19137905.85543848,4.0,1.0,1.0,1.0,1.0,be267ad5624ea6b85b284b7c84e4ab7fa0d491c8b440b40d237d66e216473204,6,2,2,6059f4894efa5efa44db6d5b103f35c51f58d53a33500f9ce1203d4393c56b20,P1,1225388597.0611987,1225388597.0611987,19137905.85543848,0.0,0.0,19137905.85543848,h09,5,Katrina,1206250691.2057602,0.0,1206250691.2057602,1881046159.2987525,0.0,1.0,0.0,0.0,NONE,False,False,0.0,10400000.0,1375244.743851572,0.0,NONE,True,False,0.0,8646159.298752518,0.0,0.0,NONE,False,False,0.0,1862000000.0,c64195adb8fe2b505e592f3e28f97a00fe67d734eb1a296aa2c5f34f95c4c116
E2A_VACCINE_H0,LA-0400,400,cd7136b6403ca2690cbfe2e024339a6ec30a741e53ebe5d101a60d5f8cab8c3b,M2,A1_FINAL_NO_MEMORY_V1,certified,PASS,,,03435855475219cb19b870f072d9c195a473d1f152230c42fb0fd34ee73b3401,ca4df8f877b34fe76fb544beeeabc36c5a230a1b41f13317ad1994b41814cb6b,0.0,0.9,19137905.85543848,4.0,1.0,1.0,1.0,1.0,6044feac5cb79c74e609c13926a41557bb040762e9c724dccc1f46fc65500c91,3,2,2,c1cebd483b2942cdc95e0783358a2403466242f65b5ddf252c2b2b448783f1d8,P1,1231234047.04066,1231234047.04066,19137905.85543848,0.0,0.0,19137905.85543848,h09,5,Katrina,1212096141.1852214,0.0,1212096141.1852214,1871235225.3015454,0.0,1.0,17741315.14998533,0.0,NONE,True,False,0.0,1.862645149230957e-09,549501.008392712,0.0,NONE,True,False,0.0,9235225.301545367,0.0,0.0,NONE,False,False,0.0,1862000000.0,78849935cc7f4318d83b8e89024620ed9228e015d4de4e2d5eb4e25cff62ca88
E2A_VACCINE_H0,LA-0401,401,ee271ef9718cdc04e53a56d334f734e132720c54e299672c5b10062c0c5b4cb8,M2,A1_FINAL_NO_MEMORY_V1,certified,PASS,,,ef6d4c3cac64b25868b04447e046de64ca71feaf06ffdef9d1f45b2f39ae40fc,d3d665fed9270d0f028d26bab665190d28bb4379aed20aaeac071d3f933b0ea3,0.0,0.9,19137905.85543848,4.0,1.0,1.0,1.0,1.0,105ac623bfc8b2eacf645dca2a7351d52250126cdd9e6efb169121d3c8cecc10,6,2,2,0d3cd532589614c1a2da53912073ad020d27e4c47f32724cd5b89287d803c9a7,P1,1224821514.4069922,1224821514.4069922,19137905.85543848,0.0,0.0,19137905.85543848,h09,5,Katrina,1205683608.5515537,0.0,1205683608.5515537,1874054784.529183,0.0,1.0,10928818.912342852,0.0,NONE,True,False,0.0,3078022.005096467,866578.7471912915,0.0,NONE,True,False,0.0,8976762.52408648,0.0,0.0,NONE,False,False,0.0,1862000000.0,3ac8c65705070c3856c0b041c656e06473291cbdc204616521b64985686edb01
E2A_VACCINE_H0,LA-0402,402,a0755f542a5f6ca1b97d3df3067a8ef0be1405e78679a42c2f4b13977c7c960d,M2,A1_FINAL_NO_MEMORY_V1,certified,PASS,,,250f78ce640af39c8d6d76723a76262fb537a095c98a62cb0593f047554f5156,1af0b27ed59614f5996e310cd95ef5e2cb9d169192fb0b171dd9eb4eed856a48,0.0,0.9,19137905.85543848,4.0,1.0,1.0,1.0,1.0,2f356ffa7542a7191c367d0bf9f5b5dcd68da669d81b5c239c402c2c3aec0b87,7,2,2,3563ef604c4e3f3ffbc99d127bc3be24c80b0fdbe3d36393a463dee5910f2b26,P1,1223473887.6830373,1223473887.6830373,19137905.85543848,0.0,0.0,19137905.85543848,h09,5,Katrina,1204335981.8275988,0.0,1204335981.8275988,1881011761.674109,0.0,1.0,0.0,0.0,NONE,False,False,0.0,10400000.0,1375244.743851572,0.0,NONE,True,False,0.0,8611761.674108917,0.0,0.0,NONE,False,False,0.0,1862000000.0,fd4d66be37df32c507f8204aec0652a745eb588e20d7ac6688450d33d5f726bb
E2A_VACCINE_H0,LA-0403,403,0972dfd9f4cbb755fbca09ad8d4be0f69ea0c583c844d213231a18cb8e68f16d,M2,A1_FINAL_NO_MEMORY_V1,certified,PASS,,,871a9a6e76c92d171e9c0403b5750e59d8c2a20769e8fda0c6f3ca85ef6cc73d,04ead88e7aa1666d693ed5c209388db9e47315bae0d8043c24d69cb5e2d1fcc3,0.0,0.9,19137905.85543848,4.0,1.0,1.0,1.0,1.0,b1cbdabea486a047ac30d04d27fe4bd46de4a93574adb24995a3bbf7b0a87a9b,3,2,2,beb31738d62aa5ed1451aa6d784f1f47aea19dd134d4d7764f3985e1fa943009,P4,1172551396.3352573,1172551396.3352573,0.0,1093857.5122700173,0.0,1093857.5122700173,h09,5,Katrina,1171457538.8229873,18044048.34316846,1153413490.4798188,1605715908.0843937,276241435.9799926,1.0,0.0,0.0,NONE,False,False,0.0,10400000.0,0.0,0.0,NONE,False,False,0.0,9557344.06438629,0.0,434849424.28836906,R0,False,True,276241435.9799926,1585758564.0200074,2d257cd86b3ab93e1cc7fcaaeeece6be765483ae183e6f9553c6e8ff1d109ca9
E2A_VACCINE_H0,LA-0404,404,226cdd6c85ebb1b9777a64d0c787f9bae05ef0d471c2a47dd09b6766a5decfc7,M2,A1_FINAL_NO_MEMORY_V1,certified,PASS,,,43647be8489d3e676a1e3b163c9f1b3965bb6bdb20170dab21c41671ed8fdc22,13242beb2e95f05ce4d6eff0dad8e7dd8aa0238401609224d09fd657f4cada2a,0.0,0.9,19137905.85543848,4.0,1.0,1.0,1.0,1.0,a55a27f1b163ecb620e71a303359daf11114749e24d53c74b54dc00763a1fd93,3,2,2,58ee58feaccecdbe454dbbe28f9e42ba88cc3c62c29bad46633a17a86ce5bf9f,P4,1218155774.0837455,1218155774.0837455,0.0,1799514.9799038512,0.0,1799514.9799038512,h09,5,Katrina,1216356259.1038415,17338390.875534628,1199017868.228307,1727366510.2730625,154590833.791324,1.0,0.0,0.0,NONE,False,False,0.0,10400000.0,0.0,0.0,NONE,False,False,0.0,9557344.06438629,0.0,285063650.57446223,R0,False,True,154590833.791324,1707409166.208676,073624c7cf373c7e9ce9e8452849d89e94c1794df34e5ecac84e3174379a5259
E2A_VACCINE_H0,LA-0405,405,42e2c45b27aff00643e23613d2888dd87b6df6e731f7d0751cceaad9e87dc3f1,M2,A1_FINAL_NO_MEMORY_V1,certified,PASS,,,b3d98575d6f9b34927f5d31158a9107b9834204f6adf0a5c5463997064487f39,fdf8d950f3896900bd2e760ccb4b88716b1f433592a5a9ef501fe6ef1c81134c,0.0,0.9,19137905.85543848,4.0,1.0,1.0,1.0,1.0,0c1827c692509e790b08bd0ec4583950605bbc8e97f1a1857ade5922c242a560,3,2,2,e17cfe676c351aea2c41ee0d6c9fd9318725129b413faf63a2c5b2b3d39592dc,P4,1224606921.0417676,1224606921.0417676,0.0,7223715.575360165,0.0,7223715.575360165,h09,5,Katrina,1217383205.4664075,11914190.280078314,1205469015.1863291,1744575075.568683,137382268.4957034,1.0,0.0,0.0,NONE,False,False,0.0,10400000.0,0.0,0.0,NONE,False,False,0.0,9557344.06438629,0.0,291278832.163684,R0,False,True,137382268.4957034,1724617731.5042965,bc779ff3965ea5a2a017cbd14e0aabf5c661cca1f4bf9d14b1fb8fe2a9a621b0
E2A_VACCINE_H0,LA-0406,406,43303d66b80307395ed570c527452ae2545ccf68ef7c3e344c42aa91a033c37f,M2,A1_FINAL_NO_MEMORY_V1,certified,PASS,,,9182ef76bd8a55d2a3fc4056ca169885f1e9e52454f0af658c0538399a2651e8,7ba9ce31fb2f26dbbea26ef1b27b03a66f03a45caaefed9b964060da9fec6305,0.0,0.9,19137905.85543848,4.0,1.0,1.0,1.0,1.0,7daabbb4476a2257e139b5b327cef94762b2d6d09104d4114945bed31f002c24,3,2,2,7b71268b95f19172ea52c1fa08d1234d3984a34062a9c41747f7cf6eeda6df78,P4,1222431960.8075776,1222431960.8075776,0.0,10602974.595343279,0.0,10602974.595343279,h09,5,Katrina,1211828986.2122343,8534931.2600952,1203294054.9521391,1880727119.8369439,1230224.2274423114,1.0,0.0,472899.9628073968,R0,False,True,278904.91525835014,10121095.08474165,0.0,1613018.784315902,R0,False,True,951319.3121839613,8606024.752202328,0.0,0.0,NONE,False,False,0.0,1862000000.0,caea9b6291c0cd30cd4df5db20709dbd2888be547ea19f8f7e42e59e3dbd8afc
E2A_VACCINE_H0,LA-0407,407,0b337d20e02f5fe1e826fbf130a32406296d21b224e0eccd784effafd44599d7,M2,A1_FINAL_NO_MEMORY_V1,certified,PASS,,,f268eb4af2cde6b93784f07f481e64c62aba3477eb92f2bfc442a60acda98ab7,2d770487a0de375524e4ce24666f7c182000ff38481d57c3b309d6e837354f12,0.0,0.9,19137905.85543848,4.0,1.0,1.0,1.0,1.0,8b5ba036af9965900dc0c2d7031d2165812ce35463ed49e8ec8b2199514ef31e,3,2,2,8b1b8740068aa596850c18915ab4df663bdf4e28055c0d695f47f1264554da62,P4,1220040663.1418483,1220040663.1418483,0.0,6679214.617555994,0.0,6679214.617555994,h09,5,Katrina,1213361448.5242922,12458691.237882484,1200902757.2864099,1793869009.8945491,88088334.16983719,1.0,0.0,31951077.95397928,R0,False,True,10400000.0,0.0,0.0,0.0,NONE,False,False,0.0,9557344.06438629,0.0,238675578.95915964,R0,False,True,77688334.16983719,1784311665.8301628,ac24b286c3e724af729e04f8d4ad5efb952ade673dbf7e32daadf52715f12374
E2A_VACCINE_H0,LA-0408,408,22ef7bf23419ed393d6dc00ca37ae46b74b1de9a6aa519508155f294ab1c260a,M2,A1_FINAL_NO_MEMORY_V1,certified,PASS,,,3efd26d55715566cef38cef15254727c53a64a377d13bab86550fccd9818db34,216cc565ed59185a88bb46531d2c185466f79b0191d50b2495c113f680b6ac44,0.0,0.9,19137905.85543848,4.0,1.0,1.0,1.0,1.0,5d480effdab3f2218b7703257a14b1758ff46484641e18de1f04aea0919de9ea,6,2,2,e67574cddbeb4179847dc10d1b76e9997d9bb1678002eba68d48fb3fa74f7ce3,P1,1220848111.2364004,1220848111.2364004,19137905.85543848,0.0,0.0,19137905.85543848,h09,5,Katrina,1201710205.380962,0.0,1201710205.380962,1880964589.7776115,0.0,1.0,0.0,0.0,NONE,False,False,0.0,10400000.0,1375244.743851572,0.0,NONE,True,False,0.0,8564589.777611418,0.0,0.0,NONE,False,False,0.0,1862000000.0,fc0333a90d02c93e038a2828448e1fc7fa5e3a0e6acf6ca051fa296042cf2660
E2A_VACCINE_H0,LA-0409,409,d913442f3337a0a02afd4970b676443ebc901b83c7b357c423a98df6473ae779,M2,A1_FINAL_NO_MEMORY_V1,oracle_failure,FAIL,oracle_failure,Full exact certification was incomplete,2e375cf1b080a2364fc1714259595164b529aeef2287c4c23fdb5ec135c57551,b519e6ecf1ac1307272789b76d48c05916fdab75d87094d8d774d3919845bad2,0.0,0.9,19137905.85543848,4.0,1.0,1.0,1.0,1.0,f1205954a92d2751147198a4d39fb5460dd35ab43d515e3dfc19ff941a43845e,3,2,1,,,,,,,,,,,,,,,,,,,,,,,,,,,,,,,,,,,,,,,906882d684e94d306a211eff0b18a43defc8d8cbb4285cebb361a1ecf56e4d5b
E2A_VACCINE_H0,LA-0410,410,ace3856344a78e7d1dd524f1b1d0f174b0f2af6971133122152dcc812694be2d,M2,A1_FINAL_NO_MEMORY_V1,certified,PASS,,,c97471ae2e1309a530e4a65c8cb6f1b8d4bf2baef797a6df9d0b96e7bcbfea08,cfd8c5744895a22aff7a1366728bb59caf7497c3ba3660cf3d1759372c0efa1d,0.0,0.9,19137905.85543848,4.0,1.0,1.0,1.0,1.0,d45380176aef0842ddbbfeba5e1fc74d126607b1217a914fbbff628c3284f1ca,3,2,2,6ecc86c4551d2b00d63ae6db9b200f8d06947dc432771aa01eefe5be40d87805,P4,1216786319.2792413,1216786319.2792413,0.0,7022160.13255667,2761353.947519004,9783514.080075674,h09,5,Katrina,1207002805.1991656,9354391.775362805,1197648413.4238029,1880891619.9594676,1065724.1049187183,1.0,0.0,0.0,NONE,False,False,0.0,10400000.0,0.0,1164375.036695305,R2,False,True,1065724.1049187183,8491619.959467571,0.0,0.0,NONE,False,False,0.0,1862000000.0,487da7ce1dd95d415a408dde858d1eaeb23e331bb5c7272eea0945fecbe0fa77
E2A_VACCINE_H0,LA-0411,411,73a969f2144b9cb69e864808271f70164c7a698b2ae477125dd93e8141e92a84,M2,A1_FINAL_NO_MEMORY_V1,certified,PASS,,,909437e186712be0485c9431110b64ca767d2e3fc29501f8cd880d35ccfa37ad,7e716fd875a8fb5568a594a465969920acc12e5a3f13b66fd0804828c19d4b4e,0.0,0.9,19137905.85543848,4.0,1.0,1.0,1.0,1.0,dc37fddc2ffa0ff463e12e9ca5436a0205fe02f2b25013e39c4430653c6e0e38,3,2,2,d90d1cb0251d180dd0a76f8e2b55c0111af52124e7d4d02fd5c855aade3eb223,P4,1206301275.1783254,1206301275.1783254,0.0,8988886.934660867,0.0,8988886.934660867,h09,5,Katrina,1197312388.2436645,10149018.920777611,1187163369.322887,1695744394.1147716,186212949.9496148,1.0,0.0,0.0,NONE,False,False,0.0,10400000.0,0.0,0.0,NONE,False,False,0.0,9557344.06438629,0.0,220898521.11141917,R0,False,True,186212949.9496148,1675787050.0503852,0151f7f6f30d565a90dd13c7d14a9d3224b6fad3e80b2f80a2249349ebc5bd7b
E2A_VACCINE_H0,LA-0412,412,9ab8fd65493da1befdf9f5030c1af0a210ea1e451d00cea6e6afb5ad755b260f,M2,A1_FINAL_NO_MEMORY_V1,oracle_failure,FAIL,oracle_failure,Full exact certification was incomplete,d2fbf75036ea4716dfee43e0cc8ad6dd6c985e79c078077a560f533a65096b61,232c1efe661e46ccbbb02ed95576dae2e0f35d14acc8150405b8ededd3db8117,0.0,0.9,19137905.85543848,4.0,1.0,1.0,1.0,1.0,daf1970c6e666a7f4b16507681ba7e0399bc4eb2e42e579a8003de51354c8ca2,3,2,1,,,,,,,,,,,,,,,,,,,,,,,,,,,,,,,,,,,,,,,2faf9f5a61f2f039e2674d16c2a1e43260a954754e6f88901c81f453e0f745d4
E2A_VACCINE_H0,LA-0413,413,c9774da1ca73d9ec653c39c7155dd75f3a02530be13a4bc17e0b8f5965e060b4,M2,A1_FINAL_NO_MEMORY_V1,certified,PASS,,,3ff0f113af8caf0292bc2a9a3bf458ba46950f2f15edc817a4927e2dfc131d4f,df41fa16d0aaf30d9b1a86314b307eeedb247eed039e98caa4644e35bb0b46f8,0.0,0.9,19137905.85543848,4.0,1.0,1.0,1.0,1.0,2f73073080b4a80240c8b8abb929bd0d56f0af3ff9251a4405ed6d543552e619,3,2,2,0be2152562ed27867e8f68dd4553294befd9e12937e53f8b5360d53fdb9ddb35,P1,1221046803.8721862,1221046803.8721862,19137905.85543848,0.0,0.0,19137905.85543848,h09,5,Katrina,1201908898.0167477,0.0,1201908898.0167477,1871052212.1661532,0.0,1.0,14458921.653572492,0.0,NONE,True,False,0.0,0.0,702275.2443532319,0.0,NONE,True,False,0.0,9052212.16615313,0.0,0.0,NONE,False,False,0.0,1862000000.0,6059ba117bc8b93fcd56499d0b40b86caf5120f7b43b8318d9b17e84267231b1
E2A_VACCINE_H0,LA-0414,414,ed0cc2a869eb8687720ec480d68ba469aaee92002b945ee278882976a98d3be2,M2,A1_FINAL_NO_MEMORY_V1,certified,PASS,,,f325d8a9a279977190b12b210a765fbe3a19bae265c04821f78d37926734aefc,6773e6a114f0d93ec7a3e0fe24505ce1bc7771a8726db5bbbf14d6faffee77f4,0.0,0.9,19137905.85543848,4.0,1.0,1.0,1.0,1.0,a6afe2d8c7acf2687b7362933a19ece9843842eab997a9500cca61f131ff9d3b,3,2,2,ab761da848d19a9733d4fd5a7e7a71f2e3ef56cd3be2fb448c6af0333d6c1da4,P4,1211496569.3919003,1211496569.3919003,0.0,2540162.4657229423,0.0,2540162.4657229423,h09,5,Katrina,1208956406.9261773,16597743.389715534,1192358663.5364618,1880565274.0502136,1392070.014172715,0.9999999999999998,0.0,587020.4875124837,R0,False,True,242607.73432492118,10157392.26567508,0.0,2781271.214502045,R0,False,True,1149462.2798477937,8407881.784538496,0.0,0.0,NONE,False,False,0.0,1862000000.0,cd58034bc4b91a5af65d27bbef625834bb0bab7100dcffc3ebecaa9c980c9243
E2A_VACCINE_H0,LA-0415,415,cec688ca7df4bae05c2b242791368e16e746ca8f07cf180a1af1202c302cf924,M2,A1_FINAL_NO_MEMORY_V1,certified,PASS,,,e18183cc3c6caca6a3c9c4baa772c60497641f4a1e1102ab81bf43dcb8acfb12,1d974657b086695eeda801b142585d8301bbe8798968ca8fae9d4dae0b2d3116,0.0,0.9,19137905.85543848,4.0,1.0,1.0,1.0,1.0,41477e932eb4ae536c66db0234fb4e3f90d95961a0f3cc5842c0d6bac6d6c62f,6,2,2,65098b9f1a948bc50b0286ebce929edafb3d3bce9f575fc43caa9027d47e4382,P1,1219055941.011287,1219055941.011287,19137905.85543848,0.0,0.0,19137905.85543848,h09,5,Katrina,1199918035.1558485,0.0,1199918035.1558485,1871016446.449336,0.0,1.0,13954376.60928268,0.0,NONE,True,False,0.0,0.0,725758.5603338665,0.0,NONE,True,False,0.0,9016446.449336167,0.0,0.0,NONE,False,False,0.0,1862000000.0,a61e453e8c7bf09f42f0ae34aa299794858877f124a55e7f25e10091c00a81cf
E2A_VACCINE_H0,LA-0416,416,669e449e72b58dc8c22a12ea129611eccdb1ec6b9fcc545c816093c674e68f3a,M2,A1_FINAL_NO_MEMORY_V1,certified,PASS,,,b602dbdaad594a70a2dab2b1c676e6738cf2f6582c96bbf03a450f82dbbeb0de,196e4764770d5eb92c5b568befa76ba1eb3b61c69d5eec01f5fe19d6c632da52,0.0,0.9,19137905.85543848,4.0,1.0,1.0,1.0,1.0,691d1c736d1e0859bcfb0b20504d3da70070426a3ea9f9736f913a618edb4c91,3,2,2,2a3f115e3372c9a241f097fdf9c0b84b66be73bc5cf601269f8a913d2ae29ca7,P4,1206524278.0228066,1206524278.0228066,0.0,293789.5303508626,0.0,293789.5303508626,h09,5,Katrina,1206230488.4924557,18844116.325087614,1187386372.1673682,1880707263.0814776,1250080.9829087083,1.0,0.0,0.0,NONE,False,False,0.0,10400000.0,0.0,2374141.9330024207,R0,False,True,1250080.9829087083,8307263.0814775815,0.0,0.0,NONE,False,False,0.0,1862000000.0,5b001a40b2b8bc04af7c6e8d24e016a2d11372fb96ae4aebbd3d61168e35c2a6
E2A_VACCINE_H0,LA-0417,417,7b77c5a7809113dfccfc724fb993b09b45d0f9b9534509f0bee71391bb3e1ce5,M2,A1_FINAL_NO_MEMORY_V1,certified,PASS,,,c9a2b9121413758e8176935bddc9c63f207c5b56b4f731cece7a272a3095be1d,8c8008db0ffaa48ca4f69e47f3762c34b8ddd0cfa97d0b5ed9deffc0a64a77ae,0.0,0.9,19137905.85543848,4.0,1.0,1.0,1.0,1.0,ca4906ce973c6684366af52bd1fa7355567e0c2d89c65f486e551371fa96b6f5,3,2,2,83059c955820b241e2a70d319e1e377ea9c418f8a5711530d35769d450ff2529,P4,1239135078.8742752,1239135078.8742752,0.0,7667328.053793346,0.0,7667328.053793346,h09,5,Katrina,1231467750.8204818,11470577.801645132,1219997173.0188367,1783329231.1184788,98628112.94590768,1.0,0.0,0.0,NONE,False,False,0.0,10400000.0,0.0,0.0,NONE,False,False,0.0,9557344.06438629,0.0,194059359.22931957,R0,False,True,98628112.94590768,1763371887.0540924,01f6add8cdb265ff82e9e5d3633dbb85fb5180cbf73dd3dde34a44f468262a16
E2A_VACCINE_H0,LA-0418,418,a1a57ef11efc58777d4895f9cb33b07895c7ed86a130788a7a108c4aea542b22,M2,A1_FINAL_NO_MEMORY_V1,certified,PASS,,,0af9b79bf6a55bd1d73f0e8037c49dac50055ce617db1105596cd5606f3e4137,3065d03ef9abf418ac41145b8fc55cbaeea3f66ee83e9f8dbeb35e4d6a5aa9e0,0.0,0.9,19137905.85543848,4.0,1.0,1.0,1.0,1.0,a54dc3e7379c4810679398103de1d5026da47d4d87f75c63857fc2f0852208d8,3,2,2,bf7d39cfbfe96b477a6b05e6fcf63cdc688dbd4b20df48712717d992e3d6d26c,P4,1215712795.9105673,1215712795.9105673,0.0,4421067.939360698,0.0,4421067.939360698,h09,5,Katrina,1211291727.9712067,14716837.916077778,1196574890.0551288,1880560123.2640016,1397220.8003846603,0.9999999999999998,0.0,414497.5697275878,R0,False,True,327451.6834813451,10072548.316518655,0.0,1354143.8981525751,R0,False,True,1069769.116903315,8487574.947482975,0.0,0.0,NONE,False,False,0.0,1862000000.0,93c971c13f52aeab581dc58f76cab713b007557cdf396445e3254ed8bc48c90c
E2A_VACCINE_H0,LA-0419,419,980ed4843284f015912efec4bdfc93012b77d07b8b05807719cf0508fa21d36a,M2,A1_FINAL_NO_MEMORY_V1,certified,PASS,,,fc743d61b520c07e33679e6249c0154a21d0a328980e46a2fc66c24a903780af,2c521e7af9d75a549ffde8df3f797eedde775caf25f18e2815ef8fedb7b4d239,0.0,0.9,19137905.85543848,4.0,1.0,1.0,1.0,1.0,0ab5513ae3b34badc5334deb484c7c025e1fe097ffc747ff96f81e011c11c0fb,6,2,2,f0f456ebde4135859719a23d141a4d5915c94e6c762cc7c3bf49b91c08bb0856,P1,1222627246.8256774,1222627246.8256774,19137905.85543848,0.0,0.0,19137905.85543848,h09,5,Katrina,1203489340.970239,0.0,1203489340.970239,1880996551.8282955,0.0,1.0,0.0,0.0,NONE,False,False,0.0,10400000.0,1375244.743851572,0.0,NONE,True,False,0.0,8596551.828295466,0.0,0.0,NONE,False,False,0.0,1862000000.0,8edcc43a07ad31f46f6ee3c9c227d150e9c9ba7e56f0dd7a2e4674a7f4588621
E2A_VACCINE_H0,LA-0420,420,44dd35ee7eec6c0c01e88ef4a6c5181d8ca1090dd72c4a0bc9649023e3942e24,M2,A1_FINAL_NO_MEMORY_V1,certified,PASS,,,d0a941fe40c91539883fa1af9eb3c327484878f74a124344b820a0917f91999a,05df21329d966b72a8dd35eecea17a5686aa910cc1ef71f817e294ebf0a1e4bb,0.0,0.9,19137905.85543848,4.0,1.0,1.0,1.0,1.0,8a6056eac1a37eafbb529798e7b46afdac9f9c4bdd01b0d1c99be954bcfb9095,3,2,2,9de568689386d00950990087ce8aa3325e27f05fee1729cbde5b02a5f4aa0a5c,P1,1240357053.2945406,1240357053.2945406,19137905.85543848,0.0,0.0,19137905.85543848,h09,5,Katrina,1221219147.4391022,0.0,1221219147.4391022,1871399119.492654,0.0,1.0,22268483.974312868,0.0,NONE,True,False,0.0,0.0,338790.51345760527,0.0,NONE,True,False,0.0,9399119.492654176,0.0,0.0,NONE,False,False,0.0,1862000000.0,3f48a5c4758de50b76c2b2177a4fb2690f203bd022eb38ee15c6cedd36de7aca
E2A_VACCINE_H0,LA-0421,421,0b1dc9e549a2abd4a771c0a2747727b70a3a24f194e67688125788161444a05f,M2,A1_FINAL_NO_MEMORY_V1,certified,PASS,,,905a320e21a11ce3e29972696cb598650cc3f7c90487d28613bc092768db2e10,3520268e4e1b75865ae80d42e6ef2de931e227ac988f69360afd8ab01005d05d,0.0,0.9,19137905.85543848,4.0,1.0,1.0,1.0,1.0,cb3053574165955def91d2cfa817cdefe2d9fc4d7d637569fece98de39a3dda1,3,2,2,3757021def38623c7d9e045ea90642db3e774303096a54ff9191a80cfc0059b9,P4,1236608547.2423298,1236608547.2423298,0.0,5502102.8444444835,4110545.618822982,9612648.463267466,h09,5,Katrina,1226995898.7790623,9525257.392171012,1217470641.3868914,1881247724.9458697,709619.1185165822,1.0,0.0,0.0,NONE,False,False,0.0,10400000.0,0.0,839081.4194696792,R2,False,True,709619.1185165822,8847724.945869707,0.0,0.0,NONE,False,False,0.0,1862000000.0,7f39be4bc20732e511e47825338fc148e888199de1114201467c2e9ca2b7372c
E2A_VACCINE_H0,LA-0422,422,009903ddc3ca6e1651e7f7f0154966d57cbadba4e2b625012b73dcbe6be1fc13,M2,A1_FINAL_NO_MEMORY_V1,certified,PASS,,,54ca379d6d0b0caa11fcacf65ffcb7a01c5622a96514248168af9735601fe743,7d31a7ba0bfec88cee9c4f1e21cdc9dd3cdc694cbd998258dbabc85e0bcb862c,0.0,0.9,19137905.85543848,4.0,1.0,1.0,1.0,1.0,8b210d54e2a4cc31d5eb6b7f2db0f649091e3ee028482d69f5c5810cd525944b,3,2,2,2475604017f11e42fc0af691f5ef530c2bac9cd418a8d54859828a2cae30b4fb,P4,1237329874.8817704,1237329874.8817704,0.0,8140829.715250772,0.0,8140829.715250772,h09,5,Katrina,1229189045.1665196,10997076.140187705,1218191969.026332,1839988332.717645,41969011.34674153,1.0,0.0,18560232.68892857,R0,False,True,10400000.0,0.0,0.0,0.0,NONE,False,False,0.0,9557344.06438629,0.0,56339249.64951433,R0,False,True,31569011.346741527,1830430988.6532586,eadaebb5f62bbc144578883d3cb5651a5225321683b6240ab0ebe9ad2392d9cc
E2A_VACCINE_H0,LA-0423,423,b253320b04b468a2aba2695c908ca0cf5fa5497e4fa109f2c28407bb458338f7,M2,A1_FINAL_NO_MEMORY_V1,certified,PASS,,,7d154e3c10f68929a454c596c5e38836173e5d4804afec5899a1d7f23bac8342,fd4ec54bc2c5f7a191a8bcb7168e85466256f76e94dfd7dd542e0954e45d70fa,0.0,0.9,19137905.85543848,4.0,1.0,1.0,1.0,1.0,afc9b9b209d4154b8c074161e06c37f4e1ea7e8e9d5238d99f916a7fc54a9bb2,3,2,2,f51813993558a968f2f1a9774a57739b95812623c86d31d5fe82641ad958f078,P4,1195996004.5894756,1195996004.5894756,0.0,8771145.340053892,0.0,8771145.340053892,h09,5,Katrina,1187224859.2494218,10366760.515384587,1176858098.7340372,1729729395.7450275,152227948.3193587,1.0,0.0,15744855.4454274,R0,False,True,10399999.999999993,5.587935447692871e-09,0.0,0.0,NONE,False,False,0.0,9557344.06438629,0.0,214717360.0394087,R0,False,True,141827948.3193587,1720172051.6806412,90b9cefd0ca186dbb7ad0d8fdf69be473d91793bd8c360ef28151aa83bede7e3
E2A_VACCINE_H0,LA-0424,424,1a03172878809a173b00193c10d0c89b66fb89edfa20cda3ab033908ec5d97ed,M2,A1_FINAL_NO_MEMORY_V1,certified,PASS,,,294b515c0b2059e67abf7c48b8cd3820c1a5c7f8148c63b5983e8900383f4977,0c4fb322f35c2ed5a014c0c72e61f1fd5507c8cca8ad793d69b02cc3879e69f9,0.0,0.9,19137905.85543848,4.0,1.0,1.0,1.0,1.0,61c8ec5986cbecd25a28121e2129879d5c6cf3bb355d4c745ed870fe07f74286,3,2,2,ee266000a47363b2f0f077a8142c77536edc2769f59d0ce7837ea1827a9eb464,P4,1195731624.5824482,1195731624.5824482,0.0,4058189.6352883475,0.0,4058189.6352883475,h09,5,Katrina,1191673434.94716,15079716.220150128,1176593718.7270098,1729024156.7164657,152933187.3479206,0.9999999999999998,0.0,19953022.19520897,R0,False,True,10400000.0,0.0,0.0,0.0,NONE,False,False,0.0,9557344.06438629,0.0,273458447.18335944,R0,False,True,142533187.3479206,1719466812.6520793,9491819ed26d83b27ad677f0b9f0aa334c03d5a39f360e694d3a0fed284acf08
E2A_VACCINE_H0,LA-0425,425,ea0afba4ecab0747a75c88d4f3a6e5c7448f19fb8de97012973b0981aa673bd5,M2,A1_FINAL_NO_MEMORY_V1,certified,PASS,,,259275a44f0a7f1f5ebb40587f2950c42ed75c496ffbe0e417bb05cf23da67e5,e199e31ba7ca8d2b68bb0fccfc5ae7dbfd1ef097e183a55bdb9aaa1692e3f2af,0.0,0.9,19137905.85543848,4.0,1.0,1.0,1.0,1.0,a56084764e7762ab4c28e1a4560bcb2c678291154137c383f802f0a60ba1b40b,3,2,2,08e79d48c2e30ffd152595aba945c6069965113224ac100befe6a6de6dced943,P4,1231334509.6640632,1231334509.6640632,0.0,12574890.649954202,0.0,12574890.649954202,h09,5,Katrina,1218759619.014109,6563015.205484278,1212196603.8086245,1881152977.2170277,804366.8473586887,1.0,0.0,0.0,NONE,False,False,0.0,10400000.0,0.0,2040959.4373507584,R0,False,True,804366.8473586887,8752977.2170276,0.0,0.0,NONE,False,False,0.0,1862000000.0,5c8196b319ccd239acd68358576dd52e6777d28f788976d9e9886a9ecdf83051
E2A_VACCINE_H0,LA-0426,426,a1cfe988c469087db9089ef0e3cfb91a724cde4710dbc66612f90bf1d1380d0e,M2,A1_FINAL_NO_MEMORY_V1,certified,PASS,,,f232dce1376b3900707ba74219c927cc687fefa36c247e38258c9e3a5b266018,3255ce7f337b454b56efb0b9e920fe72abac960667bb9cd06e86ab21d6ff272d,0.0,0.9,19137905.85543848,4.0,1.0,1.0,1.0,1.0,295c72faec7e71716fd41054e462222867b5a383f0daa9e3673e5a461b270d3e,3,2,2,613bf5295b414a429182757e080e7f1cf09e7268ccf461ba3e0fe3088e53c909,P4,1207321814.679629,1207321814.679629,0.0,3975497.8974756654,0.0,3975497.8974756654,h09,5,Katrina,1203346316.7821534,15162407.957962811,1188183908.8241906,1759941223.770405,122016120.29398142,1.0,0.0,18874507.091517314,R0,False,True,10400000.0,0.0,0.0,0.0,NONE,False,False,0.0,9557344.06438629,0.0,202567235.96311554,R0,False,True,111616120.29398142,1750383879.7060187,c2abddad295761566930021f0ef064d7b46430c8730a00a8a440c3f228060022
E2A_VACCINE_H0,LA-0427,427,f8502b1dc3dc74effda7a6d21fa16d2a2e6767583b8f04eaa3563bc53ea75b1a,M2,A1_FINAL_NO_MEMORY_V1,certified,PASS,,,10121a51b9ccf8e37588953fc8be004fd7396abd0b59267cf63a0125eea0326a,60bf21dec30473d6beebffaef8fcc31ce7104f8acff315ae72caf1c98a7c5e2c,0.0,0.9,19137905.85543848,4.0,1.0,1.0,1.0,1.0,e894ffea27b6d2156ccb36a7af413561b791e3066765f8f64863e2a8d166c605,3,2,2,4d5bf6e4b5069d668bf478b19d1514c4e224cea5b84a794f4bf04acea5c02445,P4,1224013630.147467,1224013630.147467,0.0,7096573.646187466,0.0,7096573.646187466,h09,5,Katrina,1216917056.5012794,12041332.209251013,1204875724.2920284,1742992460.080258,138964883.98412845,1.0,0.0,0.0,NONE,False,False,0.0,10400000.0,0.0,0.0,NONE,False,False,0.0,9557344.06438629,0.0,360011507.6863111,R0,False,True,138964883.98412845,1723035116.0158715,af1993a0becf5e33250b11b29ce533fa8af77aa79b859537b1b3db2dbfb7000e
E2A_VACCINE_H0,LA-0428,428,26ce3ddd9c3399e71d32afe48e2f6432a6e553d988c137a3d1c2d6b87f052b9a,M2,A1_FINAL_NO_MEMORY_V1,certified,PASS,,,b78667c0171f089c47932a129bf02c37d6dc03124b58f4b19a65ad7992e3fbec,2deb97d0483088043ae647d7be2fe5290160395bf6233b66716b6b5eb181e783,0.0,0.9,19137905.85543848,4.0,1.0,1.0,1.0,1.0,4efa770b95775ef7bf3e4071a29d7549b05db918e7f32e7b3192575ebaba450d,6,2,2,9a07816b2c7b9680175121dc0ce60a865ee3047b34bd817ba9c22a765334e444,P1,1231536277.8988295,1231536277.8988295,19137905.85543848,0.0,0.0,19137905.85543848,h09,5,Katrina,1212398372.043391,0.0,1212398372.043391,1881156601.969736,0.0,1.0,0.0,0.0,NONE,False,False,0.0,10400000.0,1375244.743851572,0.0,NONE,True,False,0.0,8756601.96973611,0.0,0.0,NONE,False,False,0.0,1862000000.0,6ce584fa2d135a28984bc97a2abb7d1411aaba057f51482f546265fb37d3ada6
E2A_VACCINE_H0,LA-0429,429,9ed9067097afa38d710d89f20562fb337d8b96da06be022abc155cc8ce8d63ce,M2,A1_FINAL_NO_MEMORY_V1,certified,PASS,,,43538dc6dc6e35234f05051390360ea42dd9ea21dd30cb1c448cb1ed86e2f63a,a5a383c1b0881bb04b9a8d03ac495668b84d81fe84328cf83a330d5413594335,0.0,0.9,19137905.85543848,4.0,1.0,1.0,1.0,1.0,ba7f50f352dc171cd98a0f17ffe97919af48f0c1bec165032a99fae1914a9694,3,2,2,bc0276a008ac0f587d58343189ea994e1bda244e1f8be68d4ee5b6db8619a2cb,P4,1218731270.506471,1218731270.506471,0.0,5764043.925523831,0.0,5764043.925523831,h09,5,Katrina,1212967226.5809472,13373861.929914646,1199593364.6510324,1790376178.4941614,91581165.57022509,1.0,0.0,14564653.076068362,R0,False,True,10399999.999999996,1.862645149230957e-09,0.0,0.0,NONE,False,False,0.0,9557344.06438629,0.0,113689953.1578071,R0,False,True,81181165.57022509,1780818834.429775,5c91fba316aa3876548030e598b1846d62d8b82e1722037a20ff0c9d584cc60a
E2A_VACCINE_H0,LA-0430,430,14738c5d85ad0379549f114ff1b1e4c355eed2029c0e4677e41d07ddaeec0454,M2,A1_FINAL_NO_MEMORY_V1,certified,PASS,,,b67eff6dba3ce88f9b092906f39fcc3878e056777961c3bc6831558a295bb823,657d40b294110193c1ccccb638c3da438521e0441d6185930c12b0c08b6111ed,0.0,0.9,19137905.85543848,4.0,1.0,1.0,1.0,1.0,5411e17037153216a50c942686dd1eb683c262d25a85beab0a4de79377a9efd1,7,2,2,bdb6a511d499fee0a8e4f09b8d226321f09c46b35ec9193e5c62ee76ebdb4b9c,P1,1219752635.8321896,1219752635.8321896,19137905.85543848,0.0,0.0,19137905.85543848,h09,5,Katrina,1200614729.976751,0.0,1200614729.976751,1880944909.635972,0.0,1.0,0.0,0.0,NONE,False,False,0.0,10400000.0,1375244.743851572,0.0,NONE,True,False,0.0,8544909.635972101,0.0,0.0,NONE,False,False,0.0,1862000000.0,dd6a712f2d48f4cba172b5436223fb93dfc87576f64ec0e77733c7ef9bde3450
E2A_VACCINE_H0,LA-0431,431,a32ead894adcc12a4e14a7ccb66a1ce67ce13fdd1975eb92268300a3cc22808d,M2,A1_FINAL_NO_MEMORY_V1,certified,PASS,,,8914855e6df09bfd6397d05fc88c62db8747a9e96dad40136336b52b70f6b140,1937d0d65096605de810794e968eb7f1a50699c84e363315bf5b4c84a06fc518,0.0,0.9,19137905.85543848,4.0,1.0,1.0,1.0,1.0,085fa1c841d789613c5cb88b46a53bc575ae73e32b46dd745238a967dd8e7703,3,2,2,4a56854a48c8880a19c0ac050c68df9593893b4e09dfa3156f850bea68f7dee4,P4,1231980190.806105,1231980190.806105,0.0,6400341.969545148,6671525.753032632,13071867.72257778,h09,5,Katrina,1218908323.083527,6066038.132860694,1212842284.9506664,1764243422.1444867,117713921.91989978,0.9999999999999998,0.0,0.0,NONE,False,False,0.0,10400000.0,0.0,0.0,NONE,False,False,0.0,9557344.06438629,0.0,146071173.70030338,R2,False,True,117713921.91989978,1744286078.0801003,0ba3058c62514181d24c20e7a5fc9820be7b4f70e186cde00dd1eb26dc12842d
E2A_VACCINE_H0,LA-0432,432,4f4d97a7e6abad40bb69e0f9f007c3fa630a0481cfb4b97be8ade7612d310f61,M2,A1_FINAL_NO_MEMORY_V1,certified,PASS,,,ca7894b838aa1eda0513749703cbefb8e205694d7c157ad1c8a01858a6536e42,5921979916357fdf0e17e8f90b1110eadc67c48e2efd4421fcc52062747085d2,0.0,0.9,19137905.85543848,4.0,1.0,1.0,1.0,1.0,675fa63584c3443afc327941b83aec37b5a0a9d72de008f1658ef85fa89e8abc,6,2,2,4777f3ee70d9200c84d031fbf949953912575e326f36550017b6bd7a1c31c4fc,P1,1221970650.3943431,1221970650.3943431,19137905.85543848,0.0,0.0,19137905.85543848,h09,5,Katrina,1202832744.5389047,0.0,1202832744.5389047,1880984756.1177585,0.0,1.0,0.0,0.0,NONE,False,False,0.0,10400000.0,1375244.743851572,0.0,NONE,True,False,0.0,8584756.117758418,0.0,0.0,NONE,False,False,0.0,1862000000.0,9352f290bda8f7978ff74d5554710f0c3975882778d17ced72eb18113b0ef9d1
E2A_VACCINE_H0,LA-0433,433,2122d3f36328d1fe940c02204634c6c71ee92980e3f03170baef3e1d272ea5e1,M2,A1_FINAL_NO_MEMORY_V1,certified,PASS,,,13a14bc4cc1efbf3955843e400250f7c5c2e4155e58559ae8bb15cea779f93cb,cab67d8259bdb2c253545f706b92114276b1ebf3c01d39960744a8ee3c178781,0.0,0.9,19137905.85543848,4.0,1.0,1.0,1.0,1.0,7de7f3c5532590eb29f7241c91bec4da4615a892498aba625390ea83f136b406,3,2,2,bd631eaf1b99ab01940f42b08025405da3b4536d066ac553f93d51155277a40f,P1,1229559635.2359767,1229559635.2359767,19137905.85543848,0.0,0.0,19137905.85543848,h09,5,Katrina,1210421729.3805382,0.0,1210421729.3805382,1871205144.6065776,0.0,1.0,17103145.23447843,0.0,NONE,True,False,0.0,0.0,579203.6998467087,0.0,NONE,True,False,0.0,9205144.606577648,0.0,0.0,NONE,False,False,0.0,1862000000.0,cd42513ef4dbb3204c80d5be40f59c5ce36c70d5bff8dc15aad84323c0d6a196
E2A_VACCINE_H0,LA-0434,434,eaedf29b3f0adcc63ef9891f0af185763f8d102f02654270b1c9ecc613eea483,M2,A1_FINAL_NO_MEMORY_V1,certified,PASS,,,2ecd40eb544607d5986c70827eae847f7a6dedbc2fdf3f7382d09ada68385e43,97ca4381ddaa989d78d4af459a21a54d2fb13dc46220747f86c0a6c348770fb1,0.0,0.9,19137905.85543848,4.0,1.0,1.0,1.0,1.0,f3df2e358bee091e353acfba26bd79b58c2ab9e6ca1d9d3b717c2b6455f20467,3,2,2,ce28c08696682a592f14893552f64ae414014b8280fe80dbd8bd3d7cb9cc1ea8,P4,1159816079.7637694,1159816079.7637694,0.0,3818876.487551288,0.0,3818876.487551288,h09,5,Katrina,1155997203.2762182,15319029.367887188,1140678173.908331,1571744192.9449148,310213151.1194716,0.9999999999999998,0.0,0.0,NONE,False,False,0.0,10400000.0,0.0,0.0,NONE,False,False,0.0,9557344.06438629,0.0,559629255.0204587,R0,False,True,310213151.1194716,1551786848.8805285,cfe82bfcd7166e58fb7a65eb48733cbd2d21bf9c84362de5c8eb560785e65756
E2A_VACCINE_H0,LA-0435,435,5d41e2ec244437cebb14d9c76232f1fb4b4214787adc9196bd6d0f10ed5b1a62,M2,A1_FINAL_NO_MEMORY_V1,certified,PASS,,,6d5dd5f0da46c0588585048d2f5a5a87b1895c0324550f0e8d1bedd28b2a0bb2,63d3e6cb8a00112985cb3639ce4a45a53bbdf00124302d486041610a595e6121,0.0,0.9,19137905.85543848,4.0,1.0,1.0,1.0,1.0,d90012aca7ec07a3f0e09391d6e62a6425062b78c94d38ff97c927d16998a6e5,3,2,2,cfdc11dd3617608411627b58257ab9b9cf9b63e6bec85e3aea52dd90b8ee9864,P4,1213843650.2489145,1213843650.2489145,0.0,2805302.776339224,0.0,2805302.776339224,h09,5,Katrina,1211038347.4725752,16332603.079099253,1194705744.393476,1777338352.3696506,104618991.69473568,1.0,0.0,12678312.724691568,R0,False,True,10400000.0,0.0,0.0,0.0,NONE,False,False,-1.2756902751134423e-10,9557344.06438629,0.0,114859407.81836312,R0,False,True,94218991.69473568,1767781008.3052642,c9e894306e025bcdc7596f3985161bf4279d1354190c647b8ccfb694efe88a07
E2A_VACCINE_H0,LA-0436,436,1e77197beadf8e9a715f7bb85ef8f315c51adce8c616488cfab3d9650af78639,M2,A1_FINAL_NO_MEMORY_V1,oracle_failure,FAIL,oracle_failure,Full exact certification was incomplete,6cc8ec5160391d26c4de0ef3ec2a16a38c4a4e2435a24d026285ee96dd0e1599,0686ccc21ee6964040f87147d1dffc1c4173f099a8d4c8fc7ec69a961bbd672e,0.0,0.9,19137905.85543848,4.0,1.0,1.0,1.0,1.0,392c87932d8a0e12b89fd6a113b690e4ad8e1d33f55ce85b15dd1db4cc8c657d,3,2,1,,,,,,,,,,,,,,,,,,,,,,,,,,,,,,,,,,,,,,,32d85df9b2fd42efe717b5d96ef28953b7d29c92eff366244034efde8db86e27
E2A_VACCINE_H0,LA-0437,437,add61a82d144be4e264312ecc7aa29cea6b9324261682313f492c4ab4fb974d8,M2,A1_FINAL_NO_MEMORY_V1,certified,PASS,,,81206c764b130d7570b71fbfbd42ecb45ca971174acb543370b2b3175c185c5d,be0c8540d6a09994dc600a00d74bfcb190815d6708d7cd29dc2874af7344ff71,0.0,0.9,19137905.85543848,4.0,1.0,1.0,1.0,1.0,caa3f4d3f8288f41bebdea11ca7939561dde209c588cd5d5e173a90f6e1f9a5e,3,2,2,738be2402c3cdcc3e3b5e0445b3e5d608cf802d573dd041db6e92f98a1052ced,P4,1182197621.075134,1182197621.075134,0.0,5115184.868085074,0.0,5115184.868085074,h09,5,Katrina,1177082436.207049,14022720.987353403,1163059715.2196956,1631447408.1374154,250509935.92697102,1.0,0.0,0.0,NONE,False,False,0.0,10400000.0,0.0,0.0,NONE,False,False,0.0,9557344.06438629,0.0,833852219.1736225,R0,False,True,250509935.92697102,1611490064.073029,1e2aef3563fc39a474762d85a2a81d54c9cfb7b0f2205c4b172ea5cdb6764d06
E2A_VACCINE_H0,LA-0438,438,4b66646992cf08f6faaaea2bbb380bc848a52ab4c1e39fada80dc6e3fc8093b5,M2,A1_FINAL_NO_MEMORY_V1,certified,PASS,,,167979c1303c5ca8d721e62e22311aa387323dcb938fc8f2bedeef478dc4799b,7552a369b51efc2534c184fd1a109567986d084e429e4a121fa6023d0d66998b,0.0,0.9,19137905.85543848,4.0,1.0,1.0,1.0,1.0,c967b82960a21a4ef5fe1141867bba6d716352f7f4b06f7138f5a4f799484c45,3,2,2,9fc6b9ddde895c41adccf430aebaafb853670ef99a04c9eacb93657935efc67d,P4,1200873343.0358481,1200873343.0358481,0.0,447329.3598199177,0.0,447329.3598199177,h09,5,Katrina,1200426013.6760283,18690576.49561856,1181735437.1804097,1681265275.083409,200692068.98097736,1.0,0.0,0.0,NONE,False,False,0.0,10400000.0,0.0,0.0,NONE,False,False,0.0,9557344.06438629,0.0,254779522.35263538,R0,False,True,200692068.98097736,1661307931.0190227,2ce018e806b7d0b293059db6f840439eca6b0f72598ee6d7f09a8c46f71c4962
E2A_VACCINE_H0,LA-0439,439,d020cec9fb7bcea1d78e488ac0f1527c18b213e5e100355ec860ed88de64f4d8,M2,A1_FINAL_NO_MEMORY_V1,certified,PASS,,,e28888aa02ec7956a8927234e0f7879ecd824316f1a5a3d3f6e1888c383a3b50,49390d6e10594afefac8ecb26e60d656a7c58b779a6373c910a371da57e9309d,0.0,0.9,19137905.85543848,4.0,1.0,1.0,1.0,1.0,9be4ea23b090c144d3a779e8b27d7c8f8926fff09cef6935cbad726cc73b6b05,3,2,2,ed58893d6c22aaa93d42c4e095ba3ddd20ecfedb112c09e913852669050fffb3,P4,1192383219.2038996,1192383219.2038996,0.0,8454807.72892617,0.0,8454807.72892617,h09,5,Katrina,1183928411.4749734,10683098.126512308,1173245313.3484612,1658617697.6400974,223339646.42428896,1.0,0.0,0.0,NONE,False,False,0.0,10400000.0,0.0,0.0,NONE,False,False,0.0,9557344.06438629,0.0,326380109.72436863,R0,False,True,223339646.42428896,1638660353.575711,23c678582fe279732a202cb352b7b9762d305062811ab8dee4edcdb91b7802e9
E2A_VACCINE_H0,LA-0440,440,e53253b54a74d2997e52ece4810ae42a688a5221d40d6409f01d8428ca5a5526,M2,A1_FINAL_NO_MEMORY_V1,certified,PASS,,,f303f1df4db8871bae2fbd987f2830758279ff62c7792bf1aeb3d72a6d46664c,a71665bbde98b94e72cf1713d7af09e021ccde4df924caeda55627e7fc83289b,0.0,0.9,19137905.85543848,4.0,1.0,1.0,1.0,1.0,4127b6bd4084dea4b42635b83614be7b8073c4aa2f52e09d6c32f61f9e9aa2f8,6,2,2,44234b3326ecdd144bed980e6d685c2b2a51bee8612e72788a19e0a206aa270f,P1,1225075650.1259828,1225075650.1259828,19137905.85543848,0.0,0.0,19137905.85543848,h09,5,Katrina,1205937744.2705443,0.0,1205937744.2705443,1871124590.1169615,0.0,1.0,15600391.240053521,0.0,NONE,True,False,0.0,0.0,649147.2010100468,0.0,NONE,True,False,0.0,9124590.116961487,0.0,0.0,NONE,False,False,0.0,1862000000.0,477c21c69bb5e641a3f053c559edc4dbe57fdd6ea270ee663b6152b1a783516e
E2A_VACCINE_H0,LA-0441,441,9aae17c473a90f235374ff7ea856c9d4a8615e777d70a4904bd7b1843bddfa86,M2,A1_FINAL_NO_MEMORY_V1,certified,PASS,,,eaf09574f9ef6205862e593692944fa6c52948b96fdb113a46f006eb7d7f7ba7,75c9c80112a3f76efe07f98bda9633438e54defb2f33b6002e2d42d3dac7927d,0.0,0.9,19137905.85543848,4.0,1.0,1.0,1.0,1.0,fe66aa293e0f8f935beb97fc23c643e1202739dbcbc475fa8ea8e38a962bf78c,3,2,2,da896f5be69f232a19635947d9f13c534e53e098efd3d18ea4c9698dbf55fb09,P4,1207091168.8296988,1207091168.8296988,0.0,5884180.2892029565,0.0,5884180.2892029565,h09,5,Katrina,1201206988.5404959,13253725.566235522,1187953262.9742603,1759325971.2897968,122631372.77458943,1.0,0.0,19614289.34252519,R0,False,True,10400000.0,0.0,0.0,0.0,NONE,False,False,0.0,9557344.06438629,0.0,211667174.89515397,R0,False,True,112231372.77458943,1749768627.2254105,ba46e05be014424a4c73595172d0ed00f041a298de27089ee1e82f7475e97eca
E2A_VACCINE_H0,LA-0442,442,aeca1c7c7a283b4fae678a82db42413910fc32cd7662248f0b418f498dcaec24,M2,A1_FINAL_NO_MEMORY_V1,certified,PASS,,,a9d9bfd601de87433a4320cf17804457705dbfda51e879d7856a7fee5286fe97,0ae3c753ec5dfcfff3f9a74294661c302b8d524155a722161a405ed52033f896,0.0,0.9,19137905.85543848,4.0,1.0,1.0,1.0,1.0,21b96c32c218e537e00edcc9d1294882719c3e1bcfbd0934c3601e54c9aee60e,3,2,2,ee0a6f2e431bc3eee4bf9f57483ba3be21cb1c408c8b02a60c4d83345ba23d7d,P4,1213784712.743624,1213784712.743624,0.0,5745026.693333589,0.0,5745026.693333589,h09,5,Katrina,1208039686.0502903,13392879.16210489,1194646806.8881855,1777181135.3794394,104776208.68494703,1.0,0.0,17970431.764171574,R0,False,True,10400000.0,0.0,0.0,0.0,NONE,False,False,0.0,9557344.06438629,0.0,163075117.1475055,R0,False,True,94376208.68494703,1767623791.315053,4c17d638f8c39161afeec599759111037cbcccb61aedc1d174cefea893d1482f
E2A_VACCINE_H0,LA-0443,443,4b804916f893620056232fecbbaaeaa814edf0e49c76f1af6bb668d8421f36be,M2,A1_FINAL_NO_MEMORY_V1,certified,PASS,,,3b2bc7bfe989c1349d3cc8524045f848d3c6ecdb6833ee723f8a8c05b2f1d292,634c6c90907406308366f6551bbfbc4a2b537d2fe877c494d4b628f0c23004aa,0.0,0.9,19137905.85543848,4.0,1.0,1.0,1.0,1.0,9c56b0652f71e55f0d520fcd8cc6cc4e0eac55f581b6afb8978ffa824055e6d9,3,2,2,b52b89a645e359dd7c396c572fe265bfd9e467439ebeb095b11e780235b611ee,P4,1225391380.8529265,1225391380.8529265,0.0,5913094.772286491,777049.277130657,6690144.049417147,h09,5,Katrina,1218701236.8035092,12447761.80602133,1206253474.997488,1881046209.309383,911134.7550034234,1.0,0.0,0.0,NONE,False,False,0.0,10400000.0,0.0,1327955.3230376223,R1,False,True,911134.7550034234,8646209.309382867,0.0,0.0,NONE,False,False,0.0,1862000000.0,dfe3011a57515ac70a8f754af1a18b00804a2a5b8f88de7a9b8a21b7add65dbc
E2A_VACCINE_H0,LA-0444,444,ad9d182a79a73279b9bd30149944efcc579192ed367999a512805f26873ca455,M2,A1_FINAL_NO_MEMORY_V1,certified,PASS,,,0f50e25ee7074e1462acf7f6e6aa0c6ec1d598aed16dc66594bd64f12446ce3f,a2a85abe07e06d0e0ca0a9d822a79b8cf67438fe2057fd060ed0b5579849ef4f,0.0,0.9,19137905.85543848,4.0,1.0,1.0,1.0,1.0,dd0992d5b586cb24bcc4fc4f31e8547232dbbe55083253ade5a460a7dd01b0ed,7,2,2,20daf99c7d2f4001a0e4a8f96907f7a7bd45b422460b300f02ae893d6124b656,P1,1220645548.69886,1220645548.69886,19137905.85543848,0.0,0.0,19137905.85543848,h09,5,Katrina,1201507642.8434215,0.0,1201507642.8434215,1871045003.6440685,0.0,1.0,14354316.920570016,0.0,NONE,True,False,0.0,0.0,707143.9196597642,0.0,NONE,True,False,0.0,9045003.644068364,0.0,0.0,NONE,False,False,0.0,1862000000.0,b32bd1ba8570047f6d6e553a0a27772eda119d11b59bd36716df2c7971aeffe4
E2A_VACCINE_H0,LA-0445,445,cb79a726ee4bf9c0d0f01919b7dabfa940ec2a3484fb4715a6d10afc160b77a6,M2,A1_FINAL_NO_MEMORY_V1,certified,PASS,,,ad38d924c7f8052e80424ede6666841330af6b3a9f870884b580ad51ba3a59f3,eeaa640c505b11e63153cf0a0485e580839f4670fac976f9dd50ce1187ab636e,0.0,0.9,19137905.85543848,4.0,1.0,1.0,1.0,1.0,ac4a3eae3e1dcb44983c5d8819a985b88f285f1ac1183563b400e97a1b46c87a,6,2,2,00cfede78806613f03d681c730d30faac81480601f9637e09b167ee759e64c94,P1,1227508660.141022,1227508660.141022,19137905.85543848,0.0,0.0,19137905.85543848,h09,5,Katrina,1208370754.2855835,0.0,1208370754.2855835,1881084246.0887752,0.0,1.0,0.0,0.0,NONE,False,False,0.0,10400000.0,1375244.743851572,0.0,NONE,True,False,0.0,8684246.088775212,0.0,0.0,NONE,False,False,0.0,1862000000.0,3faa9a62b5bd31114d959674a7f21fb07d66d686ae02f15454bde6e3bd104018
E2A_VACCINE_H0,LA-0446,446,158f38ab0c9f58e91011abed655b810dbd3885ea73cd7e5251f840705844af14,M2,A1_FINAL_NO_MEMORY_V1,certified,PASS,,,4ab0f531331876ee91f2a83ea1851804093f3394e829036696fbc5051eb93b6a,68075bd649580b251ea19550493573d710726d4172c3a8e7d2a0d24538fe56bf,0.0,0.9,19137905.85543848,4.0,1.0,1.0,1.0,1.0,071ac97580593488587c8e4b9eff38d32813f070ecab361fdf4c20a43271fc91,3,2,2,5eb094f466d997e7ab1dda9ff2f8cf6d65673de5f705d0dbd0043fbd5d239a5f,P4,1214465780.6325448,1214465780.6325448,0.0,8107774.125285926,3263676.936757612,11371451.062043538,h09,5,Katrina,1203094329.5705013,7766454.793394941,1195327874.7771063,1880849931.6394277,1107412.4249585401,1.0,0.0,0.0,NONE,False,False,0.0,10400000.0,0.0,1194902.7360515376,R2,False,True,1107412.4249585401,8449931.63942775,0.0,0.0,NONE,False,False,0.0,1862000000.0,807301058e89911dda35d022c42b02328c366ccfcd82a2c30f72cf3ded52f9ba
E2A_VACCINE_H0,LA-0447,447,371254fb910af829f6e7a6d45923de5b40c44f36af06cf93e77a1399057a5a62,M2,A1_FINAL_NO_MEMORY_V1,certified,PASS,,,fe86229df386eb2c58c9c349d5b735badcdff65363271a1976d0f5ca5c707969,3ce825801141f0aae35d8849f82cfabe008d679f7d40b2df3b285d11aaba7243,0.0,0.9,19137905.85543848,4.0,1.0,1.0,1.0,1.0,2d2a557ba154f6ad970a78440537fafeecf4bb63b5b102154532b15cc98a96e9,3,2,2,b7d203ad9fff8283a30caa97c8c22a969d5f51aaa09da337754c33204202050e,P4,1226760234.710439,1226760234.710439,0.0,4686761.552332184,0.0,4686761.552332184,h09,5,Katrina,1222073473.1581068,14451144.303106293,1207622328.8550005,1750319083.4343235,131638260.63006288,1.0,0.0,0.0,NONE,False,False,0.0,10400000.0,0.0,0.0,NONE,False,False,0.0,9557344.06438629,0.0,243431505.48633936,R0,False,True,131638260.63006288,1730361739.3699372,9f684a4fb2c3898159337df17f571e35ac7af5a4f11bad4ae8787866cd845939
E2A_VACCINE_H0,LA-0448,448,8af6569ede8e229d7b0a6d2058abb5984a20997389b03e906d77a7cfb1ce3879,M2,A1_FINAL_NO_MEMORY_V1,certified,PASS,,,9606fcb026204243cd7aba6469b1f6f85b84e58a947f3deaa6d76a6975cef465,07bf0b84d9575247c14d78174a6ab154ca3f2195c4a46b50b061dcf9136e20cb,0.0,0.9,19137905.85543848,4.0,1.0,1.0,1.0,1.0,5c7138e9ea4f02dc8bcd1e68b487cfc710b4425aa67dc64d48d89f70b6e150fe,3,2,2,7d5fc59d05dd189313dde385ac714854c5d2541f2284284b5217202ed47ee550,P4,1220722527.5570054,1220722527.5570054,0.0,7592239.101743167,0.0,7592239.101743167,h09,5,Katrina,1213130288.4552622,11545666.75369531,1201584621.701567,1871046386.5640552,10910957.50033112,1.0,0.0,17067756.149381123,R0,False,True,10400000.0,0.0,0.0,838547.8863797022,R0,False,True,510957.50033112126,9046386.564055169,0.0,0.0,NONE,False,False,0.0,1862000000.0,685cdc289fde490b33565b6b0cf4d7d36dc638078720935b125f342ff40228ab
E2A_VACCINE_H0,LA-0449,449,b99e0b8184bdd18eceee93dc36767e3a4085f25705345953926bcb96a5b5308f,M2,A1_FINAL_NO_MEMORY_V1,oracle_failure,FAIL,oracle_failure,Full exact certification was incomplete,bf1cfffe8242e1ef883cb1d63f75aad02958fc24e562979bf9f71bb119fd976d,2e9ab7c9a49165ac92c9eba6f7eeb61d1477fbf3c221508d4503d549db3ae528,0.0,0.9,19137905.85543848,4.0,1.0,1.0,1.0,1.0,ece76471108d7c23406fb081ac70f9345d5d520f48aeed9122ccbe12cbaea246,3,2,1,,,,,,,,,,,,,,,,,,,,,,,,,,,,,,,,,,,,,,,23378781afe59233065d4e36c579ab68231e8a11af52bfc7c2dd218ca9c5061f
E2A_VACCINE_H0,LA-0450,450,20098389e254fdb1275d17d5f3e977311a6695d39acfe5b7031fc1fe9443912b,M2,A1_FINAL_NO_MEMORY_V1,certified,PASS,,,bc94234e899a08ace0227cc4c56a0fb5a14f60592e97660881f1d3c4f4be1c3e,952a4c6e26f750efc8a983ba42aef379bc6a0049d5d2db9a938d901369b07777,0.0,0.9,19137905.85543848,4.0,1.0,1.0,1.0,1.0,28a979f3340acd625df0cfce8880b53875f06d6d5792127e063e4145a6ae12da,6,2,2,f346b1495ac173c017461fef9a16442d193d4a85101ce5eba19db161fb15fb56,P1,1224597651.0216806,1224597651.0216806,19137905.85543848,0.0,0.0,19137905.85543848,h09,5,Katrina,1205459745.1662421,0.0,1205459745.1662421,1881031950.0065794,0.0,1.0,0.0,0.0,NONE,False,False,0.0,10400000.0,1375244.743851572,0.0,NONE,True,False,0.0,8631950.006579515,0.0,0.0,NONE,False,False,0.0,1862000000.0,75d21a549980fc5c62fb16c75a725e8a64179be2b9ca38e18d253dd68564eb7c
E2A_VACCINE_H0,LA-0451,451,693a8df6d2355f1eb547690276a71a4dbecc5a0ef7592b8a9ef9df863c4d13d1,M2,A1_FINAL_NO_MEMORY_V1,certified,PASS,,,4554b4e51cd561edddf8c82d5341809eeafa5f642b977b4573c333293d809270,8ce617af707eb562e4967890e1459c9e082dcc097cfddd620cb652e30c3bff33,0.0,0.9,19137905.85543848,4.0,1.0,1.0,1.0,1.0,d0163c3925725754a1014dcca3212522c7e6040663e9aac7df86e0c1bff30ad2,3,2,2,26495924f30a3f854888c15d7948ea6c1b7731a514bac252ef8988e5361f5324,P4,1216950088.2571068,1216950088.2571068,0.0,416022.5994715467,0.0,416022.5994715467,h09,5,Katrina,1216534065.6576352,18721883.25596693,1197812182.4016683,1880894562.0580926,1062782.0062936575,1.0,0.0,0.0,NONE,False,False,0.0,10400000.0,0.0,1300747.5728629304,R0,False,True,1062782.0062936575,8494562.058092631,0.0,0.0,NONE,False,False,0.0,1862000000.0,1fa182020a543e2af4f5c7260a188c05adadf061608da1c7389dec2599f387e8
E2A_VACCINE_H0,LA-0452,452,a1c25c90e535aa3daac09fd10eda257d9d2ddd86d9184850d14ad2b76f46315b,M2,A1_FINAL_NO_MEMORY_V1,certified,PASS,,,61a69816750c891f7da8df7818b60ccaf749cc3c93d7bbf8a8762172523ffcd5,1000e6bb3c8411ee82f43501d1d1a95b09e03f7d1edca25ac6d98ca4681c6323,0.0,0.9,19137905.85543848,4.0,1.0,1.0,1.0,1.0,f4789d98aaf4bd32964e8f20b93d258b870760bc51de9eb0e4a063252360e517,3,2,2,1f41810b81046326f0aa40fa2d8f501ac40818dacf25f9a41232f385cb75f558,P4,1217951236.051198,1217951236.051198,0.0,9223764.816528065,527604.4742063655,9751369.29073443,h09,5,Katrina,1208199866.7604635,9386536.564704048,1198813330.1957595,1880912547.6105878,1044796.4537984849,1.0,0.0,0.0,NONE,False,False,0.0,10400000.0,0.0,1717827.6250041896,R1,False,True,1044796.4537984849,8512547.610587806,0.0,0.0,NONE,False,False,0.0,1862000000.0,b682745a6b98b8bcfc616a02e3568e769fe69245b7dca6889ad4bccb5e8902df
E2A_VACCINE_H0,LA-0453,453,1c029e139aaa74c9679fc4cc9c4dda19a408838f57cb622959e73bbc99311ed2,M2,A1_FINAL_NO_MEMORY_V1,certified,PASS,,,25dbc22feccfa540b8af8db694c2c3cbacf3fee30771272a54310d8c7423cd73,db364bfc1c14583e0b24ed9048749a8705fb639300ef57384a7d1fc2e164a686,0.0,0.9,19137905.85543848,4.0,1.0,1.0,1.0,1.0,ade1724e4740e7810a6ca540b48a0cb6406668784ba37f21dab8d7f31b4f4116,3,2,2,56f554c4b4d6638eb051b41ba6ba5793df28fb75278ea58c0f372bc3e3063916,P1,1226150047.464875,1226150047.464875,19137905.85543848,0.0,0.0,19137905.85543848,h09,5,Katrina,1207012141.6094365,0.0,1207012141.6094365,1881059838.70382,0.0,1.0,0.0,0.0,NONE,False,False,0.0,10400000.0,1375244.743851572,0.0,NONE,True,False,0.0,8659838.70382,0.0,0.0,NONE,False,False,0.0,1862000000.0,101275c3a350290a7d9422b61d99fc575230c5f0411e8f0e4d6d4aaf34e258f1
E2A_VACCINE_H0,LA-0454,454,a9ebdae5e826c8382ac8bf18a00b75154afcd90479aefe7ed7bd33d779ac8250,M2,A1_FINAL_NO_MEMORY_V1,certified,PASS,,,2feab137618ca780fd1902459c67dbd4e81a449289a2735b734740f8f21e58de,123ce75c98ce2791a31f2494a0517473e0851de2c42d8c5b6f2ecf1c7bca4070,0.0,0.9,19137905.85543848,4.0,1.0,1.0,1.0,1.0,3ecb8beb00fe20de94f00f83dea1ba987eda3748e8abec620eda99b80ec198ba,3,2,2,8aceb07da6b8c08a3ac464c8f5941c1c2aa58c9b1e1c2df84fdac55156fcfe4e,P4,1231559230.8082755,1231559230.8082755,0.0,4720841.526759932,2865920.4547014465,7586761.981461378,h09,5,Katrina,1223972468.8268142,11551143.8739771,1212421324.952837,1881157014.317204,800329.7471824061,1.0,0.0,0.0,NONE,False,False,0.0,10400000.0,0.0,921142.1803509908,R2,False,True,800329.7471824061,8757014.317203883,0.0,0.0,NONE,False,False,0.0,1862000000.0,fe19d2775113565c4f571661f1139f8f8d03ab2a902b460c616bce091b1ba9c3
E2A_VACCINE_H0,LA-0455,455,8a338124155aeb609da6f8dedd60c7089de26d28575344d15f10d7741aa0bfdb,M2,A1_FINAL_NO_MEMORY_V1,certified,PASS,,,054abd340b83fd67441edb14e1d8f2708c5be8c3461c2cf2be04068fbc345d53,c5727455e7a4c3faec36e591d1c2fc4384261a1578f21f98099f0468207eea1a,0.0,0.9,19137905.85543848,4.0,1.0,1.0,1.0,1.0,0e0cd56e1808936a0dd9ada7d4c4b3b590074c319ab1ab79b22ca850bfde8c81,3,2,2,df527f98088a813d3715612b2a6ecfdd518beced8f4a52d3bdc638e1c96ea91c,P1,1227767634.6015854,1227767634.6015854,19137905.85543848,0.0,0.0,19137905.85543848,h09,5,Katrina,1208629728.746147,0.0,1208629728.746147,1871172951.436227,0.0,1.0,16469133.707749864,0.0,NONE,True,False,0.0,0.0,608712.8451371723,0.0,NONE,True,False,0.0,9172951.43622713,0.0,0.0,NONE,False,False,0.0,1862000000.0,a5874b88aba63e0f9bfde67177c5a008288ca340fbd4aaabdb90186f674f8c9e
E2A_VACCINE_H0,LA-0456,456,b066efd1277392e47a13fc2f7059978a970609a31cf8da91e84df2298f8679ae,M2,A1_FINAL_NO_MEMORY_V1,certified,PASS,,,e6d86f7ef06f638832bc78dbaa7cddb618bb7835c54562e5920051b95a4513f1,8df0a3ec0033c730496748fc8103abeca5fb570bf01873b086bd19cce5cafef1,0.0,0.9,19137905.85543848,4.0,1.0,1.0,1.0,1.0,f924239735960a3a0816e8adcdbb35e62a3eaf5f3d004873c099ae0651a28137,3,2,2,7b26d0973330cd188c9c0373f9d650fece31a28072ba9d100e4c19b674be5a60,P4,1210323366.1338835,1210323366.1338835,0.0,1445635.4813369696,0.0,1445635.4813369696,h09,5,Katrina,1208877730.6525464,17692270.37410151,1191185460.278445,1706473403.2791924,175483940.78519398,1.0,0.0,0.0,NONE,False,False,0.0,10400000.0,0.0,0.0,NONE,False,False,0.0,9557344.06438629,0.0,263993623.27480674,R0,False,True,175483940.78519398,1686516059.214806,afa7930729a93f01a6c54e85da6d8674b0a306ab37d21d9fefb7ad0dec4386e9
E2A_VACCINE_H0,LA-0457,457,2c54acfdc86319157a6efed952092426e060cff7863ea9e41454c893c9c5bf4b,M2,A1_FINAL_NO_MEMORY_V1,certified,PASS,,,ef1568f1841c300d0e710297409d4aa176984050f9096e6bced6a5c8445a6ac2,c1ba36f3f7d296f4144f37f417c43093aa532c7b3e45b555a915eceeee723694,0.0,0.9,19137905.85543848,4.0,1.0,1.0,1.0,1.0,a3c4c6e3f038b257b481636b9aef37aad1ec882d88a307e5715b4da2f6a2bcd8,3,2,2,f2bf21e58169a7568719473033dee522bad6b236f37fffcf67446659b74d579e,P4,1222873465.3894806,1222873465.3894806,0.0,6536104.363965379,1096045.7715664266,7632150.135531805,h09,5,Katrina,1215241315.2539487,11505755.719906673,1203735559.5340421,1881000975.1281626,956368.9362237051,1.0,0.0,0.0,NONE,False,False,0.0,10400000.0,0.0,1225313.439808843,R1,False,True,956368.9362237051,8600975.128162585,0.0,0.0,NONE,False,False,0.0,1862000000.0,1c49705155a6935883fa56116805740320068415fec5d0b982e6bad682cf510c
E2A_VACCINE_H0,LA-0458,458,b7412cb2955145b22c9732804fddcb674e2ec33c62dc030a26d8f5d42f399cdc,M2,A1_FINAL_NO_MEMORY_V1,certified,PASS,,,21c55bc34d041d4e48df42c1181b36cca613ca2282a2fd7d182b07bb770c748a,94e226778927d03d016a8d5233571ee8b83a919d1c2c1021d752bcc39b82dc0d,0.0,0.9,19137905.85543848,4.0,1.0,1.0,1.0,1.0,6633d8774418378437f573bdfd80436f80cd4e19cb43e4607e94329d54a83984,3,2,2,1bc0f35133d9df96c2540b19cf7d66075f0741ed65d62377f21233f9f1507fdc,P4,1235848990.6560667,1235848990.6560667,0.0,4318705.723109702,0.0,4318705.723109702,h09,5,Katrina,1231530284.932957,14819200.132328775,1216711084.8006282,1774563524.1770349,107393819.88735151,1.0,0.0,0.0,NONE,False,False,0.0,10400000.0,0.0,0.0,NONE,False,False,0.0,9557344.06438629,0.0,282543281.48643583,R0,False,True,107393819.88735151,1754606180.1126485,e17bf15f650f94e8e1f68de175906b22502ec947e7774ce09b36d6bcb85659db
E2A_VACCINE_H0,LA-0459,459,a56ac69cf919a90d19e799921f99faeb5cdd064c9a205142dc78b401f948506a,M2,A1_FINAL_NO_MEMORY_V1,certified,PASS,,,04c43fee1ff5d074fc181ec3ad9edfaa9114dbbd8281fa49165029f6420d3ecd,ad919e2645c0a055119769020a9124b7b7aa95a7b01547f3f64d7bdff18a7283,0.0,0.9,19137905.85543848,4.0,1.0,1.0,1.0,1.0,a94cd9840f8dff0ed13c202ab1089f65d7e2e2961ab9018d7c55240b10925e41,3,2,2,62e97589d232d953399cb868c903020efcbfbc29cbeac4a281682e06304f4a89,P4,1231430721.788251,1231430721.788251,0.0,6723817.201517973,0.0,6723817.201517973,h09,5,Katrina,1224706904.5867329,12414088.653920505,1212292815.9328125,1871238758.5501008,10718585.514285464,1.0,0.0,14609849.947918624,R0,False,True,10400000.0,0.0,0.0,447546.7845472216,R0,False,True,318585.5142854634,9238758.550100826,0.0,0.0,NONE,False,False,0.0,1862000000.0,de31edb4746f2b2caa26ef96b4143a514d22de6e971a368fe04251a543b66501
E2A_VACCINE_H0,LA-0460,460,37dfad7be959263ecce1cd54aabb1f0f5b60556d7a5f449d2dde0296e586db54,M2,A1_FINAL_NO_MEMORY_V1,certified,PASS,,,44a473e9899a8e873002dcd42a98930e70ca7a06a37fa43d365b68ae976a88f7,7a93ca15b91e245db0bbda5708a80775ac16bed02ce896b1d1e28a39103f889c,0.0,0.9,19137905.85543848,4.0,1.0,1.0,1.0,1.0,d7f0cf59ecc49fdf5ac57ed96e723403b3b14c49b35e79b9a487fa2a1b1ccc35,6,2,2,9053a058bb012dc497fb1df119f495d46a00f88ee829486dbd41aab73b2b09e4,P1,1222812367.3574991,1222812367.3574991,19137905.85543848,0.0,0.0,19137905.85543848,h09,5,Katrina,1203674461.5020607,0.0,1203674461.5020607,1880999877.506145,0.0,1.0,0.0,0.0,NONE,False,False,0.0,10400000.0,1375244.743851572,0.0,NONE,True,False,0.0,8599877.506145095,0.0,0.0,NONE,False,False,0.0,1862000000.0,82ac0555fc179995ffe9d49bf1f0bd491c8089cac99eaf06d0a087aee1de3525
E2A_VACCINE_H0,LA-0461,461,184b287513636ebe7bd9ca5488dcb7410b9ca7e7664c6aee5bf73b97632c0a92,M2,A1_FINAL_NO_MEMORY_V1,certified,PASS,,,55150cd60520953b5fd9a5ab76a26f3ff14ac338ea83b39dad8242bc83a0a5ca,26838961e60054b1b9c52984c25c48f9b2c488d2fe30f36ae0aaf556bc0bb084,0.0,0.9,19137905.85543848,4.0,1.0,1.0,1.0,1.0,1a8ad87f5f10edd5dda5fa03128ca4ed93428bcaffab74313e88f3e504555661,3,2,2,55048b57db42e54b4f8893e7057d9b8fa32b0e254c33b5b99b9efaa82c8224d8,P4,1219154934.06695,1219154934.06695,0.0,11068187.13115231,0.0,11068187.13115231,h09,5,Katrina,1208086746.9357977,8069718.724286166,1200017028.2115116,1730031789.7843852,151925554.28000107,0.9999999999999998,0.0,0.0,NONE,False,False,0.0,10400000.0,0.0,0.0,NONE,False,False,0.0,9557344.06438629,0.0,257070351.20397592,R0,False,True,151925554.28000107,1710074445.7199988,e40bf9b0263c66f616b88d345c7d22fda1eb9668cd01f21fd9eb64aca3b9e254
E2A_VACCINE_H0,LA-0462,462,b607caa4229d67fc618afa7c14998e918f1eed96e2dec8ba9a22afdb7ab5233c,M2,A1_FINAL_NO_MEMORY_V1,certified,PASS,,,d07e099e9420d54f2aba08044acb2a6d5094223866d21e54e0f7ccf22d367fee,d5ed68b6216387bfa9f5735f0dff10c15fe6b38b1dad5c352a289f2458085284,0.0,0.9,19137905.85543848,4.0,1.0,1.0,1.0,1.0,4ffcea5ac64415b889406865a2abf80c41e290ca960eaedb3e9a6a1b7a2f56eb,3,2,2,d0c5b0dbd8e2e38a21fda06b0a53d062f706238a4e47709e207358cc86ec3954,P4,1223952303.7092245,1223952303.7092245,0.0,1029617.1044331458,0.0,1029617.1044331458,h09,5,Katrina,1222922686.6047914,18108288.75100533,1204814397.853786,1804303390.409317,77653953.65506925,0.9999999999999998,0.0,13240865.241267787,R0,False,True,10400000.0,0.0,0.0,0.0,NONE,False,False,0.0,9557344.06438629,0.0,85625051.66242702,R0,False,True,67253953.65506925,1794746046.3449306,8259cf58c8c1cd3d6993ad8c207e12184b8103f787f33375c6d765b3258eb06f
E2A_VACCINE_H0,LA-0463,463,34da6e3300275972bfaef4b391900a38ebc3d7d605998a70c1bf50e69f00dc6f,M2,A1_FINAL_NO_MEMORY_V1,certified,PASS,,,46a6c54608349e5bcbda7f7f6298f5a43054422f8c44b8381dc35023165408db,f27c883c951cb9bb7a1bb82aa4aa0e2904f01be92964057c6eeadc1e4eeb120e,0.0,0.9,19137905.85543848,4.0,1.0,1.0,1.0,1.0,756fcc91aeb6d0e00c075012492cac96de72b0a9b689e592ce1f4bc386dba29a,3,2,2,ae84d795adfaca13f2175269afeb8e7fcf1ed4d53eb72f76fcf7359364c7b810,P4,1209197925.9814885,1209197925.9814885,0.0,9702386.26933779,0.0,9702386.26933779,h09,5,Katrina,1199495539.7121506,9435519.586100684,1190060020.12605,1705169488.5790565,176787855.48532996,0.9999999999999998,0.0,403092.46857736603,R0,False,True,287297.6504602661,10112702.349539734,0.0,0.0,NONE,False,False,0.0,9557344.06438629,0.0,247638800.55740112,R0,False,True,176500557.83486968,1685499442.1651304,0f871d054789e46ef09e10b10e97d3a5a4bcaa50e8343615c62a6871569c724f
E2A_VACCINE_H0,LA-0464,464,68d187af8c67b9ff2c2e8b77cfc61c7c43e85627ac77e90547a7fe6bee08e884,M2,A1_FINAL_NO_MEMORY_V1,certified,PASS,,,c4d6d1841fae60f1eaa2b4081ef2e4a8005744bb2caecb6ccf7b241f8db1e165,609ec8f0f869b12bf4c76933866c041d293d060c32bf8fd73f56ddc4973f6643,0.0,0.9,19137905.85543848,4.0,1.0,1.0,1.0,1.0,26ea4c4242f99c09a518b576ac69f5bebfe3ac7c187e469872ddbc781c896b29,3,2,2,dccabd306d8bafbac1fc975c925642b729d16874ba261d7681368c922f1ed1f1,P4,1207897831.8176615,1207897831.8176615,0.0,8078863.886556905,0.0,8078863.886556905,h09,5,Katrina,1199818967.9311047,11059041.968881572,1188759925.962223,1761477761.163791,120479582.90059538,1.0,0.0,16948405.797349654,R0,False,True,10400000.0,0.0,0.0,0.0,NONE,False,False,0.0,9557344.06438629,0.0,179391677.01945028,R0,False,True,110079582.90059538,1751920417.0994046,b014c112bf72a1ce312bd8f2bf616250e20fccb9955885f9e2953222bfb4eec8
E2A_VACCINE_H0,LA-0465,465,097d30bb5f13dbe92a1273fad269e279452a1910b12a9a489a383fe6df2be4c6,M2,A1_FINAL_NO_MEMORY_V1,certified,PASS,,,e8bab8b9ad222548f037c332bbfa01dda9c854676360333b99a1862dcf2fbf77,f20427dff4ec9dd01031ebde2df3110491afe214550c567763a1265d90d1bc4a,0.0,0.9,19137905.85543848,4.0,1.0,1.0,1.0,1.0,4d2efb9405e9187f7f06f673bf8e99866729b41059e837f9d8302a61f0c68a9a,3,2,2,104dd41bc02655493fa4e6030601abcc2708404c22f0d9eaa83f97ad5a825621,P4,1179302131.9801335,1179302131.9801335,0.0,4651316.32462759,0.0,4651316.32462759,h09,5,Katrina,1174650815.655506,14486589.530810887,1160164226.124695,1879914485.559226,2042858.50516017,1.0,0.0,450574.50687146175,R0,False,True,318560.4402209087,10081439.55977909,0.0,2438861.3657447784,R0,False,True,1724298.0649392612,7833045.999447028,0.0,0.0,NONE,False,False,0.0,1862000000.0,d574675f37a79f1c8d7dd698fe2da78ebcf38e94bacbeb67f65fa38a7ac42b92
E2A_VACCINE_H0,LA-0466,466,e03c34d71160a0dd46037686247fb970a854c7ab12c525d44059d8af4e8043b2,M2,A1_FINAL_NO_MEMORY_V1,certified,PASS,,,a6a32b438f2cf4a58bc3f0bf1dd75e19caa3c331fd2acf2d2d9999385394fc5a,21762fd274a7b97ce0b6fd18c09abeb8a37e366ed46655af20c60968d18f9978,0.0,0.9,19137905.85543848,4.0,1.0,1.0,1.0,1.0,d90672ecf336dc4227fba844be86abcee5062837f5b36cfea8d4d4704f9d015f,3,2,2,a78717dc5d8fc8b7522d811b891071f83d59ba6242a9075cc1d65c9adc76aee8,P4,1221344006.1992958,1221344006.1992958,0.0,2109051.640613881,0.0,2109051.640613881,h09,5,Katrina,1219234954.558682,17028854.2148246,1202206100.3438573,1797345703.9231648,84611640.14122143,1.0,0.0,15928750.267149692,R0,False,True,10400000.0,0.0,0.0,0.0,NONE,False,False,0.0,9557344.06438629,0.0,113663334.87741326,R0,False,True,74211640.14122143,1787788359.8587785,886a6b14acad9eec1f316c0e62413a646cb66f0e4d726f6d19c3d1fe31eb98c4
E2A_VACCINE_H0,LA-0467,467,10bba651114fcf8a3e1f592ebce456644653baea223751f04413e110919e8399,M2,A1_FINAL_NO_MEMORY_V1,certified,PASS,,,c4b07be1c8e17ce4213cd95d9e656555087779a3a1c7c17fcd4499e9797ad339,84d3ed63a907a0ce646917e3248ec6fa8d786775cf8b8b995e5155801c8ef810,0.0,0.9,19137905.85543848,4.0,1.0,1.0,1.0,1.0,178b03587cd1faca020042afb048298aeefc690707152368264ba6f7bc64bba8,3,2,2,1a31cabef6c1889129445eedbdb4b26bd40c083fc422903b65c0f79d71595289,P4,1229783603.3591185,1229783603.3591185,0.0,12405967.512762703,553878.3677921935,12959845.880554896,h09,5,Katrina,1216823757.4785635,6178059.974883582,1210645697.50368,1758383980.5978942,123573363.46649209,1.0,0.0,0.0,NONE,False,False,0.0,10400000.0,0.0,0.0,NONE,False,False,0.0,9557344.06438629,0.0,275418141.0004581,R1,False,True,123573363.46649209,1738426636.5335078,9b69b24215fbecd3da75dfdd58d74aae97936ed705712e55a238cbe6aaf4ee8c
E2A_VACCINE_H0,LA-0468,468,f922a46364042f1ae3f71fa284944e885fd8aaf4721f44f6d221a68b57ebd6f3,M2,A1_FINAL_NO_MEMORY_V1,certified,PASS,,,898db14b8746f08f97d22ee93a4a82b230fa5044b12c8db533af82705d7837e6,a2b4792fd7df5d896d3f288486625fa30599e81a74485c463145b882eeb76ecb,0.0,0.9,19137905.85543848,4.0,1.0,1.0,1.0,1.0,4d0f521ccbe307835b3478e359cd7a33313b9f4cfbb9a51149a6ed4c65f617d0,6,2,2,8262f5eb6e3e4a90224a1875cce701a732ae24e0d10a751c3d50edb834753b83,P1,1235385656.1509902,1235385656.1509902,19137905.85543848,0.0,0.0,19137905.85543848,h09,5,Katrina,1216247750.2955518,0.0,1216247750.2955518,1881225755.7900178,0.0,1.0,0.0,0.0,NONE,False,False,0.0,10400000.0,1375244.743851572,0.0,NONE,True,False,0.0,8825755.790017817,0.0,0.0,NONE,False,False,0.0,1862000000.0,309c10e3cb39a38efc54e2c0549ef99a47c1fd6c949c300c2af40484ab2f3484
E2A_VACCINE_H0,LA-0469,469,4779a4dfdd54c71ca2e251c5677b246ba4beef473e66d6f1b034eee38ce6e0f5,M2,A1_FINAL_NO_MEMORY_V1,certified,PASS,,,2fb8f88747c9cf65c2f36ad07de7f1caca71cb2b636c0aa893572b3806bf4945,961f3511a0460fed2d12ce7e987b7e39472125648dc501bf3d7ffc218532c7ec,0.0,0.9,19137905.85543848,4.0,1.0,1.0,1.0,1.0,56d1cad308b2b600431ec05c921ddc46b1edc45691fc226e616f1cedba12ebed,3,2,2,0e2e074042344da5ed09d2efebf929939567a74c0c656f157bbf7032cb517d2f,P4,1227491878.105072,1227491878.105072,0.0,1043749.2269979437,0.0,1043749.2269979437,h09,5,Katrina,1226448128.8780742,18094156.628440533,1208353972.2496336,1752270757.0222266,129686587.0421598,1.0,0.0,0.0,NONE,False,False,0.0,10400000.0,0.0,0.0,NONE,False,False,0.0,9557344.06438629,0.0,343322601.0205787,R0,False,True,129686587.0421598,1732313412.9578402,6c479989479e7eaf8742e37896eabb2fd6ef6ab7d0f71257ea35035698c7ba19
E2A_VACCINE_H0,LA-0470,470,32bc94e17908f4505d116399543a23c4549fbff545e55fe714b9e227cfa7c908,M2,A1_FINAL_NO_MEMORY_V1,certified,PASS,,,303e1eeccadb770e2837ed07f49aa5598c3b93349167b5a2b7a4699f60d96819,146f09fa7ffc75ca491e69b273ddda61d1e5a5c2271eb63b02d4983d84c49fd5,0.0,0.9,19137905.85543848,4.0,1.0,1.0,1.0,1.0,5124ca601400ee983d1f6c87d61e7c5e32aa75ddcf84dede0a120baa1d0486a5,3,2,2,68d3442ce0a278ec3064860fc631ec911a3edfb503ea62e0c2801274b3b7d15e,P4,1197207607.761662,1197207607.761662,0.0,3383743.6069185203,0.0,3383743.6069185203,h09,5,Katrina,1193823864.1547434,15754162.248519957,1178069701.9062235,1732961371.7698524,148995972.2945339,1.0,0.0,17814750.10075579,R0,False,True,10400000.0,0.0,0.0,0.0,NONE,False,False,0.0,9557344.06438629,0.0,237408904.9421533,R0,False,True,138595972.2945339,1723404027.705466,408588a63380d27028d4164c7576079d65f9d05de25f60ebc0c4dfe44f1bda63
E2A_VACCINE_H0,LA-0471,471,6bd1c90b1c2922b3cc8ab662b3d170880f119f7799b9fceb74bf28c0976902b2,M2,A1_FINAL_NO_MEMORY_V1,certified,PASS,,,7516ef650fdc54f953aa1cbb1c3875127b2fd0793c18df4d28f0ceaddc0362f8,e190eebb0e04840bad289347564135a279b715758231e8524ec6ad0fcd87b334,0.0,0.9,19137905.85543848,4.0,1.0,1.0,1.0,1.0,06ae30b0866fe09bc7e6cb175b83101cb4b58bbc59b5b7a9f887cacd9f74e0d8,3,2,2,9322e500a5f06b96ebb6ee75d68465516e3672be24dfb736626077cb7742ed4e,P4,1202011461.1284308,1202011461.1284308,0.0,8577129.965636509,0.0,8577129.965636509,h09,5,Katrina,1193434331.1627944,10560775.88980197,1182873555.2729924,1684301228.1686168,197656115.89576954,1.0,0.0,0.0,NONE,False,False,0.0,10400000.0,0.0,0.0,NONE,False,False,0.0,9557344.06438629,0.0,291836172.23965895,R0,False,True,197656115.89576954,1664343884.1042304,aa7acbc12427bf69490750428f7b65bd7d82edd6061fbe0777586887a47180af
E2A_VACCINE_H0,LA-0472,472,a81150ee321fc78d1c30068462a732eee7c8fccc1bd6425dc016cfa3981cc7d8,M2,A1_FINAL_NO_MEMORY_V1,certified,PASS,,,ccf0db245af9aae22e9188777043a609d38ea4c93616b9e114dd87ef32f7edf3,c0afa9d3ce9699a3084715e8868f33d5cc8afbe448f4f193a14b4826a4db28b6,0.0,0.9,19137905.85543848,4.0,1.0,1.0,1.0,1.0,b89a7bb695afb2f53f2ebaab9adac04625310e8200bcba2cd27e61f37e7abfd8,3,2,2,dc30b1a9a5d6165232209a4dfff84791c662780f716d8d64680dfb8fbe0bbd7d,P4,1208172170.3365061,1208172170.3365061,0.0,3845234.6388833486,0.0,3845234.6388833486,h09,5,Katrina,1204326935.6976228,15292671.216555128,1189034264.4810677,1762209564.7245157,119747779.33987063,1.0,0.0,21068289.92455735,R0,False,True,10400000.0,0.0,0.0,0.0,NONE,False,False,0.0,9557344.06438629,0.0,221516415.16720355,R0,False,True,109347779.33987063,1752652220.6601293,5a0b47ead7291c1ef7d3d020f1c9d235d34f5220b6482b880ba80a7da54bb753
E2A_VACCINE_H0,LA-0473,473,cf206bcceecb865c4676fcccca90d842fdc002d14efe4c00c58eee8458808cbd,M2,A1_FINAL_NO_MEMORY_V1,certified,PASS,,,9bb33b338936692cf141b883cccd61d058319303b6acd2f00ab89292766b12df,dfcf16aa9fd3425f829efe91850e800da95e44f43f170b8641e42f9d50a86dad,0.0,0.9,19137905.85543848,4.0,1.0,1.0,1.0,1.0,0a62a119f341aead1833a94daeca2757fd6ce0a8749e334f4be24c8b5e298613,3,2,2,7126830f13ed51f6802919c383e0053a5cbf617674f0dbd887bb8158b2d244a0,P4,1207310102.2590895,1207310102.2590895,0.0,10454200.789018584,0.0,10454200.789018584,h09,5,Katrina,1196855901.4700708,8683705.066419894,1188172196.403651,1698435460.804817,183521883.25956944,1.0,0.0,0.0,NONE,False,False,0.0,10400000.0,0.0,0.0,NONE,False,False,0.0,9557344.06438629,0.0,329830081.804823,R0,False,True,183521883.25956944,1678478116.7404306,ae00683401935eaf50f9cb2a36a080f05c1f659e84de33491b8d5b8dfc1ed496
E2A_VACCINE_H0,LA-0474,474,f4a8ccf4bb978d75a720db4bd933115899e4eb34499800a333dfadd90374446c,M2,A1_FINAL_NO_MEMORY_V1,certified,PASS,,,c7b3a4f3defb6d61e2346bcbc5a69719f2c0169318aff5a7d88887fad342f1b2,3afc6842022abf46c9797af7f536576cc1ac18555370c72734e983fa07542300,0.0,0.9,19137905.85543848,4.0,1.0,1.0,1.0,1.0,4072cfb9a230915e92015cd0309c298e34aa7ed830136f1e0c618933c0066a56,3,2,2,313abe2fd7e8ef733a75a794a063d25a6c39b8638397345dfcd4ef7df8da167a,P4,1197609956.3249547,1197609956.3249547,0.0,1072421.3684789164,0.0,1072421.3684789164,h09,5,Katrina,1196537534.9564757,18065484.48695956,1178472050.4695163,1672560124.8729594,209397219.191427,1.0,0.0,0.0,NONE,False,False,0.0,10400000.0,0.0,0.0,NONE,False,False,0.0,9557344.06438629,0.0,536024402.77110165,R0,False,True,209397219.191427,1652602780.808573,01bd97e82420eaf55495d511c8e55724f3a456c14c7059c0ae37462bfe289a57
E2A_VACCINE_H0,LA-0475,475,25209deb3c0fed6a636ef92ff9c2b74c62eece1f4ee6c11337d9039162861011,M2,A1_FINAL_NO_MEMORY_V1,certified,PASS,,,764f102bfdb4b28defb5eb241e5531348955e933990ac0b1539761f0b37d6e2c,212b45a6e9b2b8be03a85de0306001640173a8ff8eff7a191a6c457d2e073698,0.0,0.9,19137905.85543848,4.0,1.0,1.0,1.0,1.0,5e267839c3a27e33f06d84841bb480c66a8960f84d729bee2a01470a4ce52d90,6,2,2,7be25a3b5f90a587514f52e237bd24fd99562e35d93feb320c840f35c468d9d4,P1,1231029959.7408533,1231029959.7408533,19137905.85543848,0.0,0.0,19137905.85543848,h09,5,Katrina,1211892053.8854148,0.0,1211892053.8854148,1881147505.998229,0.0,1.0,0.0,0.0,NONE,False,False,0.0,10400000.0,1375244.743851572,0.0,NONE,True,False,0.0,8747505.998228924,0.0,0.0,NONE,False,False,0.0,1862000000.0,6e8f9100b7b887e8dceed0194c38bc68eea1741551892625ab15f581cbbf0247
E2A_VACCINE_H0,LA-0476,476,2c38ba8603b19625d68e15fb19eabb6ac6deee09658303618a7ec46323718de4,M2,A1_FINAL_NO_MEMORY_V1,oracle_failure,FAIL,oracle_failure,Full exact certification was incomplete,cb5ca829befb305eee22403ad8d09ca5b548bbf7e0682b08e905ddc2c3848834,3800dc495f53740ae6df2c796914bbbaa91d4fdf60a595e6c2462d6877399ba0,0.0,0.9,19137905.85543848,4.0,1.0,1.0,1.0,1.0,ce1509598266652dd85dc9db70d9dde463a3045a2a408c05a76dc34634265a52,3,2,1,,,,,,,,,,,,,,,,,,,,,,,,,,,,,,,,,,,,,,,c64bab5073e3d243d7691f08b5d2cc5f66463b4f748efe189c53403417079ff4
E2A_VACCINE_H0,LA-0477,477,0b1babee6d4db71c3411cbeaa0064089662b8b7c27268b0cfc424e8fc084c64b,M2,A1_FINAL_NO_MEMORY_V1,certified,PASS,,,07624661c6696015abc920b41d36d16046dcafec19750dca45a77f29b679c263,3424fd463b0e258190a6ac5de6251fdb769cc1d83fabfeb84935eb3c6fd3cb83,0.0,0.9,19137905.85543848,4.0,1.0,1.0,1.0,1.0,7db82991e643e7905698f3d4bdc3cf015d5a9c8273db05e1bfd580328908338c,3,2,2,6f23463be75f141b33edbbe34a24f5cee85d3f390202d6a7a60c58f6d93984af,P1,1240417309.7200675,1240417309.7200675,19137905.85543848,0.0,0.0,19137905.85543848,h09,5,Katrina,1221279403.864629,0.0,1221279403.864629,1881081190.9557216,0.0,1.0,528542.0541729203,0.0,NONE,True,False,0.0,10153572.226559846,1350644.5219136733,0.0,NONE,True,False,0.0,8927618.729161715,0.0,0.0,NONE,False,False,0.0,1862000000.0,f0ef2fc09da1cda9af0aa3561c6ea37bfd6ea28736d1ae521b55c4f9d5aa372d
E2A_VACCINE_H0,LA-0478,478,788a573526ade631922fb22555f44be7d29186360644d0eef6e38264fda97695,M2,A1_FINAL_NO_MEMORY_V1,certified,PASS,,,745c4442e195c4e5c38b014de4befbe705220c7b4c5fffecc0b815c06e97d293,8a2decd7bca391667d9ca5b19ab9f8ee71690a983574e7ed3b737539b1534c17,0.0,0.9,19137905.85543848,4.0,1.0,1.0,1.0,1.0,85f9d02b405dcc75733c1a245d7b8cff874a1d5b9ba2b55250524852444855eb,6,2,2,1f4b15a7e7be619902b28d32cdbb22ecb9cbb33bd942420ae3c4df0b0045e8fd,P1,1220198502.1000497,1220198502.1000497,19137905.85543848,0.0,0.0,19137905.85543848,h09,5,Katrina,1201060596.2446113,0.0,1201060596.2446113,1880952919.5933568,0.0,1.0,0.0,0.0,NONE,False,False,0.0,10400000.0,1375244.743851572,0.0,NONE,True,False,0.0,8552919.593356768,0.0,0.0,NONE,False,False,0.0,1862000000.0,6f774872d0f321f6b7e06945ccf257cdb7c7e3ab3e457b89cce67c476c6fb6ff
E2A_VACCINE_H0,LA-0479,479,14b6d5511703b10299839ebd90facf85e476c9ebfb75c9f005d549f7e411618a,M2,A1_FINAL_NO_MEMORY_V1,certified,PASS,,,24755d773521be5026321b2636b86399d0060865c13dc2b797758979fa953ebf,5655030cac303e227e77fff700bbee3d2811ade82d9a4ad8b4287327a44f7b84,0.0,0.9,19137905.85543848,4.0,1.0,1.0,1.0,1.0,dc2cc26161748f86edfefef1dd0d7db880d5ee842e59dcbde7edc8fd9ce82a32,3,2,2,b04c068b8df7f76b4d1841295c10da207c7141782311eda13c7afb83f47e9342,P4,1228986963.2024364,1228986963.2024364,0.0,2339811.3873749413,0.0,2339811.3873749413,h09,5,Katrina,1226647151.8150616,16798094.468063537,1209849057.346998,1817733446.6758876,64223897.388498805,1.0,0.0,29980839.619456746,R0,False,True,10400000.0,0.0,0.0,0.0,NONE,False,False,0.0,9557344.06438629,0.0,155162080.31718072,R0,False,True,53823897.388498805,1808176102.6115012,ad4e834f8aeeaa5fb4e043b191d1b32a6d1a3a3606e9fb21abd4cba1d5e05085
E2A_VACCINE_H0,LA-0480,480,422271c04980bde3cf9c4e479a9febf991188cc92cdd71a3be263016670d14cb,M2,A1_FINAL_NO_MEMORY_V1,certified,PASS,,,b7ce565e4bc878b78788f969976383fc0ab9e87252434ca327c9626b4f72484a,514568e2ccdb74ccc78b01587001d7eca097f978588ee221146c53fba5ea650d,0.0,0.9,19137905.85543848,4.0,1.0,1.0,1.0,1.0,a3fe139a55bc7039f9160dbf72fa89adbdb6e1dfab509e89cd8a56b096e5bf73,3,2,2,f25f0559ad02b59ffff21b888e2654977382eb69b67014bbd3eeb9505ac6ff23,P4,1223973663.1489446,1223973663.1489446,0.0,2537606.298480681,2737961.373567939,5275567.67204862,h09,5,Katrina,1218698095.476896,13862338.183389857,1204835757.2935061,1804360367.1477938,77596976.91659251,1.0,0.0,12229587.370537885,R2,False,True,10399999.999999994,5.587935447692871e-09,0.0,0.0,NONE,False,False,0.0,9557344.06438629,0.0,79018394.25360437,R2,False,True,67196976.91659251,1794803023.0834074,72f3667a7cdfbdb4ad42301fc3da0ebfe226c860405fd29f592769f374ddd103
E2A_VACCINE_H0,LA-0481,481,50fc88ad5a6f285c464f798a4f897fbcaa26f476f9ef8c6d2cf81a1507ee0cf7,M2,A1_FINAL_NO_MEMORY_V1,certified,PASS,,,3ba1816b336424f741407cd5a5247e515d36adac20f7e944d7c4d7f9010b852e,bb3daa5de61fa937f3367b550417fbce39db9566a2963270bc082a50afb576d8,0.0,0.9,19137905.85543848,4.0,1.0,1.0,1.0,1.0,710bd5b0387ce75abd1ad188f1594f3c5402ca260e9f37eb97489b0c5ba0bc23,3,2,2,960e25862593f652a5f1db25d6917dbe7b196c8c1ae00731adcbb8004aebdaa2,P4,1209133619.0373054,1209133619.0373054,0.0,326661.3411069134,0.0,326661.3411069134,h09,5,Katrina,1208806957.6961985,18811244.514331564,1189995713.181867,1703299728.7791443,178657615.2852422,1.0,0.0,0.0,NONE,False,False,0.0,10400000.0,0.0,0.0,NONE,False,False,0.0,9557344.06438629,0.0,244090832.24177432,R0,False,True,178657615.2852422,1683342384.714758,1153fea4b55730b51eb3fae3a01e5b997152c9fdadb31d939c30c88c76d54cd8
E2A_VACCINE_H0,LA-0482,482,0bd992751094c8330bc67c579f397c5ba346cdd3b763d1659766bf862c8572cc,M2,A1_FINAL_NO_MEMORY_V1,certified,PASS,,,8ae21c52ec421f3e82a406e58c84d663f85eaae3897934ac627531b2356dfbac,39dacc9fd4068eac1b7f37c13c6e3ef11c6a4ac459ae2e02437b5d008b228a8a,0.0,0.9,19137905.85543848,4.0,1.0,1.0,1.0,1.0,155cf9e757dc8b60d88313a4e0f80b2c0ea8c0637861412527d6c5322d0d5785,3,2,2,95036f24b54cceed7553764b69038bbab8cc72a5fe7ced16a1f880fd6de2bc33,P4,1225508087.4866183,1225508087.4866183,0.0,465243.2661027438,0.0,465243.2661027438,h09,5,Katrina,1225042844.2205155,18672662.589335732,1206370181.6311798,1808453475.1761591,73503868.88822728,0.9999999999999998,0.0,16015968.462868473,R0,False,True,10400000.0,0.0,0.0,0.0,NONE,False,False,0.0,9557344.06438629,0.0,97179766.73065722,R0,False,True,63103868.88822728,1798896131.1117728,7fb8f3bb080825ccc0fe5786d65573884dc81a98c61b5cb9453f5a34a796d2bc
E2A_VACCINE_H0,LA-0483,483,a899e89acb5b24ba40fabe1d24b5fc269af65c395c6365e522c304346135ea77,M2,A1_FINAL_NO_MEMORY_V1,certified,PASS,,,06ae90c754136e8602ce46ef5a2e9be653ad1df00af77289359126710bff24c8,880f87686cf491affcde99aa66ebb6dea77eda9ce4c4e97b7511d0f450b579d2,0.0,0.9,19137905.85543848,4.0,1.0,1.0,1.0,1.0,7c7b94800db99d04eefd22c07b2e0c89426f6233bef08921255d001385067335,6,2,2,c2b16db8f8dd48d5b24fdabc7f1ddcde6be8d338fe9df812a8fb08024defef9d,P1,1233537161.439292,1233537161.439292,19137905.85543848,0.0,0.0,19137905.85543848,h09,5,Katrina,1214399255.5838535,0.0,1214399255.5838535,1881192547.7073846,0.0,1.0,0.0,0.0,NONE,False,False,0.0,10400000.0,1375244.743851572,0.0,NONE,True,False,0.0,8792547.707384547,0.0,0.0,NONE,False,False,0.0,1862000000.0,3217f5ef0245af7af21a82ad7c8ba0f004423856667e1105fc9800ca3e34ce1b
E2A_VACCINE_H0,LA-0484,484,7067f640214d2c650309acea667e0a0350c99c1f26c9e0d86a368a18f04033cf,M2,A1_FINAL_NO_MEMORY_V1,certified,PASS,,,41e14e6e1f36a510759c35b820c1e0176ad81e7bbd72acbc0af68ac3630585bc,c3072bb152fedd8936e8cb8219d3d07abde76cf6b9a0c26d95f5e840d4d686a2,0.0,0.9,19137905.85543848,4.0,1.0,1.0,1.0,1.0,9fa9cb6cd8b79a135403b85b2fa4e9f1daa86d529a011def13a48d829a53c5fe,3,2,2,83d132f0de1b045616dacbb6c99151b83d53b3b4928080976e618ee073d4f7dc,P1,1218973151.4218576,1218973151.4218576,19137905.85543848,0.0,0.0,19137905.85543848,h09,5,Katrina,1199835245.5664191,0.0,1199835245.5664191,1880396970.637511,0.0,1.0,750300.7456059264,0.0,NONE,True,False,0.0,9840000.0,1340323.0858371311,0.0,NONE,True,False,0.0,8556970.637511123,0.0,0.0,NONE,False,False,0.0,1862000000.0,3603f5f572ef45903cd259510c708dc851acff3c84089d607a67ee14b1053af9
E2A_VACCINE_H0,LA-0485,485,f0be7eadaa0a998f0b20b0cb460bb4d469302bbaf5f8f1647e10ea3c9bc51ff0,M2,A1_FINAL_NO_MEMORY_V1,certified,PASS,,,7b9a785f2cbb4d08fcbd03a965aa69c60acff245083995b71cdd6841665a5907,12d592e8e4e00e35bdfcd0f7d268881b88c42b291501d051319d7bc074d3cc1f,0.0,0.9,19137905.85543848,4.0,1.0,1.0,1.0,1.0,6e11dc9eb1d2b677ec526e8833cd4b7a3a64d08173386ca350771ccea051aa8d,3,2,2,c39aed6975737c67b5feed0cebd21ea9af5d37c5e255ae277629bb6311b92091,P1,1236196294.1412003,1236196294.1412003,19137905.85543848,0.0,0.0,19137905.85543848,h09,5,Katrina,1217058388.2857618,0.0,1217058388.2857618,1871324371.735516,0.0,1.0,19947060.416232094,0.0,NONE,True,False,0.0,0.0,446837.7999313704,0.0,NONE,True,False,0.0,9324371.735515986,0.0,0.0,NONE,False,False,0.0,1862000000.0,5425c71cf25f7986d690e29ef26ac6511fa60c69c46f9eb1ab9f1c14fe4740ee
E2A_VACCINE_H0,LA-0486,486,b13c168f7862f913e7c469ebd82ce437b7d900a37e3942af20d81098581ef287,M2,A1_FINAL_NO_MEMORY_V1,certified,PASS,,,18b06d9cd189573e978dcb2d6bb6cce13821e63891be879b473371ff4ca2b166,d69a290cc6ca0011d436fe61265167f0786e721354bc51a5cb54379239e89675,0.0,0.9,19137905.85543848,4.0,1.0,1.0,1.0,1.0,998bd2d0ab63052ce1d49c70b5a701a37cc550f3091ac88260a5e7c19bb1be60,6,2,2,46c37bb863b2aaa6a8a9970e2fe2f5945b62c8208c182b71425bdecc11cb7f01,P1,1222204584.4802434,1222204584.4802434,19137905.85543848,0.0,0.0,19137905.85543848,h09,5,Katrina,1203066678.624805,0.0,1203066678.624805,1880988958.72781,0.0,1.0,0.0,0.0,NONE,False,False,0.0,10400000.0,1375244.743851572,0.0,NONE,True,False,0.0,8588958.727809805,0.0,0.0,NONE,False,False,0.0,1862000000.0,5089fa527c4544f22760264667fc6e7a8e2d530da6704a0f522a4db0a11cbb33
E2A_VACCINE_H0,LA-0487,487,2ed2fd3ac3bdfd01f945e7b10ec90ba7ed378c9a0b1428d2cbf75c91c3205c2c,M2,A1_FINAL_NO_MEMORY_V1,certified,PASS,,,3550e40a42a8f8a50b7f87baf0741a10c3a3070ee0fbb0fb073dc5cce6834dc6,d460a523a082843fd9c654d6c2474cbf5e12c1a400be16219e9704a930698c58,0.0,0.9,19137905.85543848,4.0,1.0,1.0,1.0,1.0,70b5413df9fc160e185e45f3b66d99b0dd533bffb5e9e4fde01c37b7c643dc27,3,2,2,f785a156b63afbddb8b254becb566a7f939d67ffa21adac0ddc905640ebfaac7,P4,1218631901.2415822,1218631901.2415822,0.0,4944197.207770668,0.0,4944197.207770668,h09,5,Katrina,1213687704.0338116,14193708.647667808,1199493995.3861437,1880924775.7147553,1032568.3496309076,1.0,0.0,0.0,NONE,False,False,0.0,10400000.0,0.0,1251031.982692822,R0,False,True,1032568.3496309076,8524775.714755382,0.0,0.0,NONE,False,False,0.0,1862000000.0,bf714c9d869c6cfc62703b70f330314c2f99c13ba9fc25d1f696373aa1b04fe3
E2A_VACCINE_H0,LA-0488,488,a1c8e52d0d582b81669d0fc62ef43207af83301f2a7d6efff05cf8d29b3f7c05,M2,A1_FINAL_NO_MEMORY_V1,certified,PASS,,,5b79147ec8f4b2c39accb1fca5ec4bde1118a63c56d19ba6f8fd736ea1993b0e,4d714502bf3dcef3992ef1c76528315f8eb45000df2cb3f03b3b42a6a887db6b,0.0,0.9,19137905.85543848,4.0,1.0,1.0,1.0,1.0,b5dfb925570901cf5abefd2b3d457d9f3223b6a44b442368844630946c20405b,3,2,2,b236ece6252960f6d65b8c03886a188896b83f09b95aecc0fa3b86d5813a916d,P4,1211411541.8980565,1211411541.8980565,0.0,8352907.7626930615,1996504.9930583043,10349412.755751366,h09,5,Katrina,1201062129.1423051,8788493.09968711,1192273636.042618,1880795062.4468708,1162281.6175154564,1.0,0.0,0.0,NONE,False,False,0.0,10400000.0,0.0,2222778.2330648643,R1,False,True,1162281.6175154564,8395062.446870834,0.0,0.0,NONE,False,False,0.0,1862000000.0,c22ee7c44134bbf63cd0d097687e4774a516f2a928030943b2522aa200345328
E2A_VACCINE_H0,LA-0489,489,1f10563211457a715e5c6de57bad28151ba86aa8dfb1055bbc92223978d2cd9c,M2,A1_FINAL_NO_MEMORY_V1,certified,PASS,,,24fe92796fdd9385c68c7e2f7b6fed0b0ec056ff6f82c150c45eb049c7aeedea,e9a28f134b438bf4ebe24359d60d390265ec53f892aa6f7d2cf261b2dfd965b4,0.0,0.9,19137905.85543848,4.0,1.0,1.0,1.0,1.0,12018c6954b9451d044b9c472ed897fb1603de9578941264b9620bef4a8e1d98,3,2,2,742aa824799a64a539948aa16b6a33618d3ae60e2f5658e8049bb85f4b5aaa7d,P4,1226780519.4288723,1226780519.4288723,0.0,8742032.046268849,0.0,8742032.046268849,h09,5,Katrina,1218038487.3826034,10395873.80916963,1207642613.5734339,1750373193.3319795,131584150.73240678,1.0,0.0,0.0,NONE,False,False,0.0,10400000.0,0.0,0.0,NONE,False,False,0.0,9557344.06438629,0.0,298507725.3649666,R0,False,True,131584150.73240678,1730415849.2675931,b747d5ed858786e4f22e1f0ff113683aeef4e61e6c16bc2f85e5b2d9c059de62
E2A_VACCINE_H0,LA-0490,490,ac0e1bb642f6279bc9de90ea6bead1e6aee4fed8a4a783e9a7776da7ea19f949,M2,A1_FINAL_NO_MEMORY_V1,certified,PASS,,,2c93cbbe1b6de9e51e3a3dd677a5a68569292f61d298010aa3c98d4461be59af,5e4708bb26898dba18a7e224bc0efe4adb349e350f8ba0b0af106f30c451d19d,0.0,0.9,19137905.85543848,4.0,1.0,1.0,1.0,1.0,297e4a09424dcee6d1f67702eef7d7b33f832011b2994af06e689eaf1eff8e0e,3,2,2,0a4500a6f9926c71a8c6b85258605a405b6c74c1f466211c7e3b1298f433d24b,P4,1220055457.676708,1220055457.676708,0.0,7449478.917536151,0.0,7449478.917536151,h09,5,Katrina,1212605978.7591717,11688426.937902328,1200917551.8212695,1793908474.6162195,88048869.44816685,1.0,0.0,12439132.196109325,R0,False,True,10400000.0,0.0,0.0,0.0,NONE,False,False,0.0,9557344.06438629,0.0,92873514.6100175,R0,False,True,77648869.44816685,1784351130.5518332,ba1295cf51a670aa3e87103dff3df3b2c497e5d66c2b696fc79652c3cb57eccf
E2A_VACCINE_H0,LA-0491,491,4272b8672a7563862b057ad232e179bf46625614639551f28138b451cfd622b3,M2,A1_FINAL_NO_MEMORY_V1,certified,PASS,,,ff544444064e575ce1ca7f56d4de0b537ae7d152506a2a85e4d64883099718ac,2716c39b0e7f416f9180204c2e92e6e8151772b6f9d9d5bb74a6916f68858234,0.0,0.9,19137905.85543848,4.0,1.0,1.0,1.0,1.0,4f92cacfa6e6a905bd43e6637961f67456af397323b7e5062c72579c9138b504,3,2,2,3c8a9376790a48560757f5caa083ced09984df25940edc4f970ba93a641abce7,P4,1213959303.7186337,1213959303.7186337,0.0,8433309.140991874,0.0,8433309.140991874,h09,5,Katrina,1205525994.5776417,10704596.714446602,1194821397.8631952,1716172340.4984367,165785003.56594965,1.0,0.0,0.0,NONE,False,False,0.0,10400000.0,0.0,0.0,NONE,False,False,0.0,9557344.06438629,0.0,402578328.93997514,R0,False,True,165785003.56594965,1696214996.4340503,4c349af36c879c77ca7e82f61e88c44fa2bc9f8382e8d247049cf97e3819159e
E2A_VACCINE_H0,LA-0492,492,12ef2746456cf5a77c74b4c82e4b425d99de836f2bc702dc87adcd3961dabb6e,M2,A1_FINAL_NO_MEMORY_V1,certified,PASS,,,3c2377571dc95902e5690d639168166889427f1ec04d55371a9f31a0adc3ed96,9c25cecc18015806e241da32bf76bbf6ec3355fe3dde74259b6f3e4f9865571c,0.0,0.9,19137905.85543848,4.0,1.0,1.0,1.0,1.0,a3909c400fcfb2d3d1933dbda2a9ab49a688c40ad89b0fe32188e453f3ed6dc3,6,2,2,191006be80c8ff0070fc8e7a5a85cd099b7ac8bd6b23fbed02ab34c17b69ffac,P1,1227135626.3288338,1227135626.3288338,19137905.85543848,0.0,0.0,19137905.85543848,h09,5,Katrina,1207997720.4733953,0.0,1207997720.4733953,1881077544.561537,0.0,1.0,0.0,0.0,NONE,False,False,0.0,10400000.0,1375244.743851572,0.0,NONE,True,False,0.0,8677544.561536994,0.0,0.0,NONE,False,False,0.0,1862000000.0,9d93ab1de1238393b6519eb75a496af56056a617b644185ee4e4557c053f9e09
E2A_VACCINE_H0,LA-0493,493,8cb97839a8b14a062fafce316822d6848d15831f7bae61e0821ebe56eea4422d,M2,A1_FINAL_NO_MEMORY_V1,certified,PASS,,,82d861936b66744f1685d262de55371408b67c330e806b0af4fcb4bf90c4432c,7a5ff28578735d69a4e172a6d23ac5b82aac418a0109ad855dca943914edada4,0.0,0.9,19137905.85543848,4.0,1.0,1.0,1.0,1.0,a37db568c4b59332071a6f067a00fce099630b07e8b0fef6358b75733ea06df7,3,2,2,b18f08031fc75aa2137b389f10783306fa61fdef872496df8f0c6d4d2600eca0,P4,1206018763.7685027,1206018763.7685027,0.0,5759427.152840126,0.0,5759427.152840126,h09,5,Katrina,1200259336.6156626,13378478.702598352,1186880857.9130642,1756465309.0480232,125492035.01636314,1.0,0.0,16548144.18014206,R0,False,True,10400000.0,0.0,0.0,0.0,NONE,False,False,0.0,9557344.06438629,0.0,183130729.7535323,R0,False,True,115092035.01636314,1746907964.9836369,1bbd4e8af655c6268d1ab8ac937566ee3c1ac0ed299de6087d23e64d37de6d13
E2A_VACCINE_H0,LA-0494,494,786699722043330c907a2d4917a523708b69479ff57a3034a23d91e55abb203f,M2,A1_FINAL_NO_MEMORY_V1,certified,PASS,,,4a2f3bb78ecbadb822136858bcd39dee6e76585ec6e599246931013cc2b9ba39,f34471e5cfd9a19f4f68bf7d89911b6a924a754648eb3c887228bb08cbbd2bee,0.0,0.9,19137905.85543848,4.0,1.0,1.0,1.0,1.0,b0bdc4a71b886c3a9cced44934f9c2f269984d7068d0a9b29566885323525074,3,2,2,232e5f3fb15a979f280f44490c06ebd83ae7681782e1337d1825568a5a226db4,P4,1208858393.5106907,1208858393.5106907,0.0,5809061.593991167,0.0,5809061.593991167,h09,5,Katrina,1203049331.9166994,13328844.26144731,1189720487.6552522,1764040078.9535608,117917265.11082564,1.0,0.0,13389015.292306503,R0,False,True,10399999.999999994,5.587935447692871e-09,0.0,0.0,NONE,False,False,0.0,9557344.06438629,0.0,138418298.72652087,R0,False,True,107517265.11082564,1754482734.8891745,66117e10d0aa4d75d46c1da29288de6512d50ea15582ef9980101a29de4f1891
E2A_VACCINE_H0,LA-0495,495,7bc13e8e4617f5526c866da54cb9011a6de5916d88e0fd2c8324951716bfa3c7,M2,A1_FINAL_NO_MEMORY_V1,certified,PASS,,,ebc66d8fadf87e8681802dcbfc5d21b77bb96fcaeae18ffe33d64e3291754a9e,8b29a06237d58fca20b4ea46a0f2cf60065a914ccc62a7aac1d2df0d397b3033,0.0,0.9,19137905.85543848,4.0,1.0,1.0,1.0,1.0,5da319598920d4a91190f9c6f9a1fe4ba2da88e994020217c308b447606b1e71,3,2,2,76ab86e3fa66753c75b9d5c52c7025415537dd7ba4b01a9d70bd4906365909ec,P4,1233524018.3437495,1233524018.3437495,0.0,10884480.720469551,0.0,10884480.720469551,h09,5,Katrina,1222639537.62328,8253425.134968926,1214386112.488311,1768361613.399407,113595730.66497937,1.0,0.0,0.0,NONE,False,False,0.0,10400000.0,0.0,0.0,NONE,False,False,0.0,9557344.06438629,0.0,282934965.0904357,R0,False,True,113595730.66497937,1748404269.3350205,f5a7bbd9804562c9d7324f1c60888f75e966502a0354c162880a7c3ac2db645e
E2A_VACCINE_H0,LA-0496,496,9d697be546915ba9e9c742825e409d88ae9ad0b34a692676c63c615990de25f8,M2,A1_FINAL_NO_MEMORY_V1,oracle_failure,FAIL,oracle_failure,Full exact certification was incomplete,983a11acf341d2f5ddea24dcc3fb793293f31659988a0bba714393a2aa105b2c,dd933f0cbcf74a922e71da031e43d5d5b72788f58a3cad8442c17fc25cccba8d,0.0,0.9,19137905.85543848,4.0,1.0,1.0,1.0,1.0,f710d5a9ecd9e0c645df3cc501b3a9e1510437b4a543141893496b69d5c5cf8f,3,2,1,,,,,,,,,,,,,,,,,,,,,,,,,,,,,,,,,,,,,,,fc3c11c74c2e0d853267b2d67fad130ba00baffb2a47985be3d07674a3ae9166
E2A_VACCINE_H0,LA-0497,497,4441a15e56e6f0821af4d5abdcb1b989a83f3d4f9fc015cfbb40167864a8e0d0,M2,A1_FINAL_NO_MEMORY_V1,certified,PASS,,,1565ded7cca17443bc7dc05860e17d1b30d9b87b3983e5db99c7c92c901f12a5,ae511a4d81d9f2fb66110fbda1642d54faa9f3465091720addea790e48e0796b,0.0,0.9,19137905.85543848,4.0,1.0,1.0,1.0,1.0,68ae0554ce4253afd91bb8431bfacabe8d186eaf6435314a53324bc642d1d05e,3,2,2,b21550bb9f478c6f4070f2db685d1c06aee93743beadddda971b7ea9230f803a,P4,1221159529.0695226,1221159529.0695226,0.0,3943505.7349254293,0.0,3943505.7349254293,h09,5,Katrina,1217216023.334597,15194400.120513046,1202021623.2140841,1735379087.593211,146578256.4711754,0.9999999999999998,0.0,0.0,NONE,False,False,0.0,10400000.0,0.0,0.0,NONE,False,False,0.0,9557344.06438629,0.0,187215173.70072326,R0,False,True,146578256.4711754,1715421743.5288246,830398bc6ee0cc8e7b80b5d022e21a0f48fc8699ff9bc0c8baa9f3c0d6191253
E2A_VACCINE_H0,LA-0498,498,b2484405400c97dd9fe8d69826f086031e6776213609a9116430f4fde4a18286,M2,A1_FINAL_NO_MEMORY_V1,certified,PASS,,,d208c87df3959b0424d26ca255752e7aaabce45b5e442ddbc625c812c86bd407,7b8a6a2f7a304567f754871ad984850db496791a3a15c9286c26c43872f9deb7,0.0,0.9,19137905.85543848,4.0,1.0,1.0,1.0,1.0,39532cd10289d13ab23352c637c1d97c179e70f865694ec3e9c86e32d299a70b,3,2,2,66088d51987073c98abac9111e464fd9a599bea7fa939ec955e2323e9fbefe07,P4,1225473231.2361238,1225473231.2361238,0.0,3653709.6192568056,1819976.1796526348,5473685.798909441,h09,5,Katrina,1219999545.4372144,13664220.056529038,1206335325.3806853,1746885975.5749679,135071368.48941845,1.0,0.0,0.0,NONE,False,False,0.0,10400000.0,0.0,0.0,NONE,False,False,0.0,9557344.06438629,0.0,250273413.52701163,R1,False,True,135071368.48941845,1726928631.5105815,ff30cc3d9187228e4998db67a6f6ca6e876a53d7164249827ea4910c56e3b602
E2A_VACCINE_H0,LA-0499,499,b6f14b3a94a95e16d479eb52ef30dd7c29ae4c7904c3d9817da89fc99bd97371,M2,A1_FINAL_NO_MEMORY_V1,certified,PASS,,,12e3c5b56070300214faa97f6ac0320e1ff9d236ab1c239c6cf25d376cc47afa,7c63859bd926a9252b39b6ac3f47d269b9355fd2bb844217a258afb374122b0e,0.0,0.9,19137905.85543848,4.0,1.0,1.0,1.0,1.0,2bdf54d567bc524555300e8b2e74c951743aa7e2a93cfa6a32357695a6c1e0a4,3,2,2,d4bd0e16fc0a4a894e44c762c79ca258f31d9b74e5d4e5482008746bfab641f4,P4,1209050694.7406392,1209050694.7406392,0.0,528141.5017384411,0.0,528141.5017384411,h09,5,Katrina,1208522553.2389007,18609764.353700034,1189912788.8852007,1880426043.9102736,1531300.1541126992,0.9999999999999998,0.0,446519.35061439365,R0,False,True,342549.547864676,10057450.452135324,0.0,1549557.2890203504,R0,False,True,1188750.6062480232,8368593.458138267,0.0,0.0,NONE,False,False,0.0,1862000000.0,66cf93956dfdbfb13398dc03f0fba15f6eefa14619f154d05f2d0a8e9d24623c
E2A_VACCINE_H0,LA-0500,500,53a02a0b0b38e323b3424d93284e2247638fd23b056f5d094d29854370fd887c,M2,A1_FINAL_NO_MEMORY_V1,certified,PASS,,,c10f5536640a67142773bf37c14800d4fbb190b2cfdb32abdf2b58aa7eea86bb,65ae5f98ec71831fb5d598985974d9cf86b8d76654fde1604bfdbb4161110da0,0.0,0.9,19137905.85543848,4.0,1.0,1.0,1.0,1.0,053d1203c7a30a92d708228b683f6d5a419b16570577c53a99b96a06b55c77dc,3,2,2,adba50fa8b767dc17a18f9639d4409b2590191c5b9b283ce80c1eb4094a67283,P4,1233772654.0488791,1233772654.0488791,0.0,7982839.383005401,0.0,7982839.383005401,h09,5,Katrina,1225789814.6658738,11155066.472433073,1214634748.1934407,1769024854.1834705,112932489.88091591,0.9999999999999998,0.0,0.0,NONE,False,False,0.0,10400000.0,0.0,0.0,NONE,False,False,0.0,9557344.06438629,0.0,177581627.05121726,R0,False,True,112932489.88091591,1749067510.1190841,839f7f812c6a3f73447cecd0eb1bad445222982b7de96f1cd982e582aec3db75
E2A_VACCINE_H0,LA-0501,501,e444e6da16969403af646e5903e2b44be5d624d1728053a03722028b29b3dc1a,M2,A1_FINAL_NO_MEMORY_V1,certified,PASS,,,0a15fc76861c772ef5d8ef2c775e6d996123ef3a6abf9a3b6f3969ef134c1474,ebc02d3ca250e544caeeec1ba59d65491251b5aa7720bfd65a59c8c6c533e371,0.0,0.9,19137905.85543848,4.0,1.0,1.0,1.0,1.0,e735eabcdccfed9ed0153e5fa1e21b38ea6beb7f15039e68982af7e7f40b882d,3,2,2,b3a04bc1bb392f43d87a30c3e097636105d170a7f43d3687154eb0c56fd7b8b2,P4,1215430568.8361983,1215430568.8361983,0.0,5961374.32190367,0.0,5961374.32190367,h09,5,Katrina,1209469194.5142946,13176531.533534808,1196292662.9807599,1720096970.0267248,161860374.03766155,1.0,0.0,0.0,NONE,False,False,0.0,10400000.0,0.0,0.0,NONE,False,False,0.0,9557344.06438629,0.0,213664851.6355809,R0,False,True,161860374.03766155,1700139625.9623384,3c42ec6bcde6c7c3bc32c451544cd52ce6d78becf6b4b99e0cb7b275978c009f
E2A_VACCINE_H0,LA-0502,502,04bebad735bf6a99c88427bdd89530b0ef854bb71ef88b677e14ac1792409ea2,M2,A1_FINAL_NO_MEMORY_V1,certified,PASS,,,65c88da2a14f84870e7cca7a08ddbd96d33fea48021cfbb8c15d6b03f15f13eb,7d2f93f17912ecd02c564159903399ecdf1ef1c9b811112f183bdff56686b3c4,0.0,0.9,19137905.85543848,4.0,1.0,1.0,1.0,1.0,a57596a5973dc61ddb074d52f95432c4671725d7962d9e60f6453b8cbcec8e63,3,2,2,ee26d77634d6b144ff657b2e0cf269126e1e6059f27e4e29e36cb1ebec3e5dff,P4,1216663929.8428502,1216663929.8428502,0.0,1788211.0194273319,0.0,1788211.0194273319,h09,5,Katrina,1214875718.823423,17349694.836011145,1197526023.9874117,1880644791.120755,1312552.9436312397,1.0,0.0,572821.5250094614,R0,False,True,256571.88640787848,10143428.113592122,0.0,2357579.7334949756,R0,False,True,1055981.0572233612,8501363.007162929,0.0,0.0,NONE,False,False,0.0,1862000000.0,e698ed0a983ddf8bb820cd4bd8da2c9696c3036fc1924c25acdf83bc7c7f906a
E2A_VACCINE_H0,LA-0503,503,c7bb7bd147dc6ccc135fe874223009ecca540856753c781e902e57e283a78b9d,M2,A1_FINAL_NO_MEMORY_V1,certified,PASS,,,d34e0a630b8a05e6d8860b14fbc436e9c8e99f9704db7be040342e5a5ba5e5f2,81d9023f759b8256f457d0e4034cf7f95f4662d12e0dbf88da84215f49a86525,0.0,0.9,19137905.85543848,4.0,1.0,1.0,1.0,1.0,74f19deb2453afaf817cc214a21d5794383ff9b4d339b62491b474f63c6c8fa2,3,2,2,8c2a019369181a19ec74abf708d982588be2f9c2ae2779daea295f700e98d646,P4,1216124994.7553477,1216124994.7553477,0.0,8565587.539016325,1078427.0688616398,9644014.607877964,h09,5,Katrina,1206480980.1474698,9493891.247560512,1196987088.8999093,1721949365.244259,160007978.8201272,1.0,0.0,0.0,NONE,False,False,0.0,10400000.0,0.0,0.0,NONE,False,False,0.0,9557344.06438629,0.0,187771050.59126538,R1,False,True,160007978.8201272,1701992021.1798728,a4f227e71426b9af4674f4dbc238711439dfaac6e546df1c95c2d1c6ba9e7848
E2A_VACCINE_H0,LA-0504,504,ed71f2f85e64fda188216aa4764e6f849413b10da2384834f54e69fb5e4e1f4b,M2,A1_FINAL_NO_MEMORY_V1,oracle_failure,FAIL,oracle_failure,Full exact certification was incomplete,5cd34d07a90c7e1e35fb375f0a1424ea687f7e123fc59b89e24066a8eb98a7b9,36e1003ad3a04be5af44756c452a509d748d12f0f57acb1cbd24ea5c9bb3342f,0.0,0.9,19137905.85543848,4.0,1.0,1.0,1.0,1.0,4e578ba77f2f5380c942b20718da030a62969f9e69876201cac26a84fe98cd76,3,2,1,,,,,,,,,,,,,,,,,,,,,,,,,,,,,,,,,,,,,,,5579cc6abaae987ad74b374bc7b0b1432826937cd5eeedea8aa7c7c3bf429f84
E2A_VACCINE_H0,LA-0505,505,15ea7787298e09a0af687db8446dbea2408eeb76e9ec37491355d90a6716791e,M2,A1_FINAL_NO_MEMORY_V1,certified,PASS,,,40c4efa95c3c9599eee8a07a9fefbbd04e43b34e8ea0385b7f8a3b6a9d8e9d79,f456b1a28cb849c389515ae5f95d703ee18196c8e028cdc5c38ac21efddad7ac,0.0,0.9,19137905.85543848,4.0,1.0,1.0,1.0,1.0,876421f8acdc7a886a0d993012bc2f592f9dedbf9ad3ac630eb5786a77d052e7,3,2,2,3c0594a480918bcf7af78470892a762ca20384628502d5f8d9c0452b8a15fc63,P4,1232465577.3887644,1232465577.3887644,0.0,3872502.1110272612,0.0,3872502.1110272612,h09,5,Katrina,1228593075.2777371,15265403.744411217,1213327671.533326,1765538200.694048,116419143.37033832,1.0,0.0,0.0,NONE,False,False,0.0,10400000.0,0.0,0.0,NONE,False,False,0.0,9557344.06438629,0.0,160858011.75459766,R0,False,True,116419143.37033832,1745580856.6296616,ca7e8108337466cfccec6102866ce288b7ca9f2d34ede747fb20d2ef59f78fe0
E2A_VACCINE_H0,LA-0506,506,a2a65063932d7c3c78c22cc2a0f80424a23974368a59bf20372a132ed4131cc4,M2,A1_FINAL_NO_MEMORY_V1,certified,PASS,,,8707d15dc6697b4373a0a3a0e4d23bfe1339fdbaa18a104b44426251e55a116a,31a8a941d18001003f1a2f30b1555ab1f3dadfb9f1cc745573b03f51accf0b03,0.0,0.9,19137905.85543848,4.0,1.0,1.0,1.0,1.0,31f12d352685c692b44f41ba8dc3b2a28311aed2aaafa3e53f96ab26a5114c2c,3,2,2,c89ca6163c5801e7587b5199b3c3d25998f4994c424c5c6b25c2879ee85d4d9a,P4,1210507122.6067097,1210507122.6067097,0.0,7132861.137861224,0.0,7132861.137861224,h09,5,Katrina,1203374261.4688485,12005044.717577253,1191369216.7512712,1768438097.242131,113519246.82225548,1.0,0.0,31153809.742160402,R0,False,True,10400000.0,0.0,0.0,0.0,NONE,False,False,0.0,9557344.06438629,0.0,308899749.6399448,R0,False,True,103119246.82225548,1758880753.1777446,c84266af8d22e7170b027d44987c729251a55269171bdf65d2286e98022e752c
E2A_VACCINE_H0,LA-0507,507,0cf3bb04405329d6d6c09086a06c51e8b4504ef76cc8d32b6363edeb799515d4,M2,A1_FINAL_NO_MEMORY_V1,certified,PASS,,,07924aa606696ec24725793cc89ecc1e048b30933dd3062f5915eac39fc5e28d,177fa8e0cc057135fc67e271e6bbc8e0e37bbb8e94d657e8d72f868cb6331769,0.0,0.9,19137905.85543848,4.0,1.0,1.0,1.0,1.0,9cc320170804504f4337d014f027929b0ca8ea0699726df408f43ce09b31ff7d,3,2,2,18ce20e6a4bad50aaf29480fa868dedc9d58b02898f2a9260c69a4a65d891d6f,P4,1191385411.9178386,1191385411.9178386,0.0,1095555.6583484276,0.0,1095555.6583484276,h09,5,Katrina,1190289856.2594903,18042350.19709005,1172247506.0624,1655956026.4758291,226001317.58855718,0.9999999999999998,0.0,0.0,NONE,False,False,0.0,10400000.0,0.0,0.0,NONE,False,False,0.0,9557344.06438629,0.0,456873871.767334,R0,False,True,226001317.58855718,1635998682.4114428,657629cef0bfba0b52de7bb44d102ad03081b08af3fc59d999a9b01125a87307
E2A_VACCINE_H0,LA-0508,508,6972a5324b14d65002ca17cf12553bd31a0875f31af14cb6b51ec16623fb1977,M2,A1_FINAL_NO_MEMORY_V1,certified,PASS,,,a919afe4132b9cf560e63121806ae6b7614140436ec689a2381ebb5cac9a6f81,76216e36b6f18462bec8cbdb7b1ceadfef9ca75a0643bee4b4f86e3765c4369e,0.0,0.9,19137905.85543848,4.0,1.0,1.0,1.0,1.0,c135b8738743ea036b24d2eef66f2abf90df56533764bb008dae77d9ae091d25,3,2,2,5a716cb7899d963a5b0714d4314c3d898df00c89b965e3cf79cdf7641aad7bed,P1,1225828609.9298916,1225828609.9298916,19137905.85543848,0.0,0.0,19137905.85543848,h09,5,Katrina,1206690704.074453,0.0,1206690704.074453,1881054064.1002166,0.0,1.0,0.0,0.0,NONE,False,False,0.0,10400000.0,1375244.743851572,0.0,NONE,True,False,0.0,8654064.100216534,0.0,0.0,NONE,False,False,0.0,1862000000.0,9c871f83fc0feedf579adba0fd616947b009d5c29f3b5036031f198f1a8e5438
E2A_VACCINE_H0,LA-0509,509,afaaed77442620fed7cdc6117bbea079e42aba1c3bc4bffc87431fcfc07ea9bc,M2,A1_FINAL_NO_MEMORY_V1,certified,PASS,,,1e6841fb56b8b97c59684346f9511589cf14d686bc8b94e6fe559956684008fa,2c8b4b54a1c2e6a3b601e67f15e327f66ec79b98fba104570bbd527664d0afcc,0.0,0.9,19137905.85543848,4.0,1.0,1.0,1.0,1.0,6187038cbe63f2530f272127780cef67cb37e778d2848b39e9520ed5ca7c27d2,7,2,2,21163fb5eb66ef5f9fecfb021ff0c221c6811e4506ce77d758674b884a16d93e,P1,1226509575.340279,1226509575.340279,19137905.85543848,0.0,0.0,19137905.85543848,h09,5,Katrina,1207371669.4848406,0.0,1207371669.4848406,1881066297.5978162,0.0,1.0,0.0,0.0,NONE,False,False,0.0,10400000.0,1375244.743851572,0.0,NONE,True,False,0.0,8666297.597816193,0.0,0.0,NONE,False,False,0.0,1862000000.0,57be27d2567064fbb057e7533ca4ef5aa5206fb4e37dfa1a79e49049423e4598
E2A_VACCINE_H0,LA-0510,510,9c8bd7bfb178c309c2e7609d6e33b2c382aea3042ff0bcb7aa68760819cabc82,M2,A1_FINAL_NO_MEMORY_V1,certified,PASS,,,a719736bc709fc0690d8de2957820ef76249786bfb3f26add8ed13cb5d0b08e6,bf81552d206ce7d4762d6259ea1694e8e8f1aed32d7f93ad2ff0803372d12e58,0.0,0.9,19137905.85543848,4.0,1.0,1.0,1.0,1.0,2b11a22385836c0678332434586ad205375c6edcb30931ce6bec07d3320c10d4,7,2,2,db619f052bc089cec0ae605803cfe4e80ef0b1a7b0a8ba87dd3e4e9c0200931a,P1,1224926335.661682,1224926335.661682,19137905.85543848,0.0,0.0,19137905.85543848,h09,5,Katrina,1205788429.8062434,0.0,1205788429.8062434,1873951186.6977026,0.0,1.0,11116666.165759813,0.0,NONE,True,False,0.0,2967391.9517699713,857835.6697237602,0.0,NONE,True,False,0.0,8983794.7459327,0.0,0.0,NONE,False,False,0.0,1862000000.0,63758bd4b3d3adc5d78866658d3a57b342137a2b990d96988e9c47cfc0973fb0
E2A_VACCINE_H0,LA-0511,511,62323a8bbb37db96af200fc550f3ca9759e5437996d609189fcfd5900f185b99,M2,A1_FINAL_NO_MEMORY_V1,certified,PASS,,,65b0512ac2e869e5ed5295907d475bb034edca6873d441e10273965731359563,189c1bd5f5f5d62a3d2e89516bca5c88cbce7c2d1ca30e0a0bb225691f367f12,0.0,0.9,19137905.85543848,4.0,1.0,1.0,1.0,1.0,bbd98d77bc8118bdb0a0c01c4f2d7a8ba5ab2fa6a6ee8740d7181fc2f19de980,6,2,2,059d10b08b0677932836a505f3f160c60f8c65454dcc1a6016f459694bd4aebb,P1,1218720513.2504203,1218720513.2504203,19137905.85543848,0.0,0.0,19137905.85543848,h09,5,Katrina,1199582607.3949819,0.0,1199582607.3949819,1880926367.6235087,0.0,1.0,0.0,0.0,NONE,False,False,0.0,10400000.0,1375244.743851572,0.0,NONE,True,False,0.0,8526367.623508584,0.0,0.0,NONE,False,False,0.0,1862000000.0,c39268dbae784d2e0d5c5b18280649e3e5d4f11bb379b9acf3e664848f46c17d
E2A_VACCINE_H0,LA-0512,512,a5cc02b575cbfc3191e440064eee267a2631cd4654bdf60a0cc929426552141a,M2,A1_FINAL_NO_MEMORY_V1,certified,PASS,,,d16fdc8a1d46099730cb63fd492f98a30db7073dd6d74fbe46312ab7f6300cee,cb1add752555bdce43f4073ec68a043dbc329bc3101088fa0552dce801572fc9,0.0,0.9,19137905.85543848,4.0,1.0,1.0,1.0,1.0,8c5b3c0e747d06b31b89a91226bae63a81d78f76d9857d08b9a1ee88004fa2d9,3,2,2,94c3a5637bf9685db2262c4e0110002be2cd3247dec413ee2abcedd787419ecf,P4,1206780357.5693579,1206780357.5693579,0.0,5720245.875216939,0.0,5720245.875216939,h09,5,Katrina,1201060111.694141,13417659.98022154,1187642451.7139194,1758496875.9517128,123460468.11267342,1.0,0.0,15717879.972778777,R0,False,True,10400000.0,0.0,0.0,0.0,NONE,False,False,0.0,9557344.06438629,0.0,170872198.7943445,R0,False,True,113060468.11267342,1748939531.8873265,90918c3518962e478e77b090b7dbf74f2d406e92be3fbb23037882c5db0361a1
E2A_VACCINE_H0,LA-0513,513,71004c4d3556ea462a974d757473e7bb255c893ad63b556eea83e286aadfae44,M2,A1_FINAL_NO_MEMORY_V1,certified,PASS,,,f16ba86be52cd977340a18510958c9b0c6cd58ae90d51c45138596944b9e623d,c5aa270e3b299d3075f66d3e7a25d095575f83c01e15a23d73a2f7dc63af456e,0.0,0.9,19137905.85543848,4.0,1.0,1.0,1.0,1.0,3d84edb72e2ea6e6390d4c7d05876b6e6540a99420ca111f671eb6b2eef5b6a3,3,2,2,a0f45c7f5724c159b0df4bb15962cb7804b40ce8bdee27c0162cbede0cba09cd,P4,1232808992.8743656,1232808992.8743656,0.0,3906805.744907652,426640.3381039501,4333446.083011602,h09,5,Katrina,1228475546.791354,14804459.772426875,1213671087.018927,1881179466.208302,777877.8560842079,1.0,0.0,0.0,NONE,False,False,0.0,10400000.0,0.0,962625.9203133521,R1,False,True,777877.8560842079,8779466.208302082,0.0,0.0,NONE,False,False,0.0,1862000000.0,4bdecfe7964a6250c3fc79eb10cdf2e29c58873bd855662d549b4a936b4b8553
E2A_VACCINE_H0,LA-0514,514,b386b7e1efa4629cc5a5e664f03f1ee969ab94cf6e105ab01f57c5f06cd21d73,M2,A1_FINAL_NO_MEMORY_V1,certified,PASS,,,a082d78b99bb90e5502031305f1ac5a8c5e0bbf25a8d8a66477d8de3c0b2baee,ddce5c5659867ab56ed5ab85160e81c87a9a84bcc06cdae456dc5a0b3e1da8cf,0.0,0.9,19137905.85543848,4.0,1.0,1.0,1.0,1.0,e52714e4d4ea338b8d4add5b4c74559eadd3cfd3f47c33bca0062c1c65e24d93,3,2,2,b94763cb81300828853b2249bd86bdfe86bd6f9dd0c584f3b81af55575ffca00,P4,1141915291.4121783,1141915291.4121783,0.0,1632790.246873226,0.0,1632790.246873226,h09,5,Katrina,1140282501.1653051,17505115.608565252,1122777385.5567398,1585467996.9579556,296489347.10643077,1.0,0.0,12771534.344663842,R0,False,True,10400000.0,0.0,0.0,0.0,NONE,False,False,0.0,9557344.06438629,0.0,351326915.5973304,R0,False,True,286089347.10643077,1575910652.8935692,1468a62153eee00e668ef260c34a6f53459b1f58dbfe29e29126061a131673e3
E2A_VACCINE_H0,LA-0515,515,ee72304c9d44b9c69fcab2a252b2354f6d796e7938b23d5faa4812904ffb0e30,M2,A1_FINAL_NO_MEMORY_V1,certified,PASS,,,637b9ba9ffccfd25c3e3756ab6b6cfc21bf7d70920ecd630f7707b9382bc7904,2f6ccc07ed61ff216aa8ba68b40cb9b3939e031dc183af8481c089a2f683d430,0.0,0.9,19137905.85543848,4.0,1.0,1.0,1.0,1.0,3ff87a06c536e3e28c115eb4df457a0faada94acb21879eaa11f163b0e8b4038,3,2,2,85f13daafb39b8be4e9ae9574f5662120b7854690bca2bb5c22e6abd89f30b7f,P4,1142774950.0241172,1142774950.0241172,0.0,1509210.30437346,0.0,1509210.30437346,h09,5,Katrina,1141265739.7197437,17628695.55106502,1123637044.1686788,1526286633.8869433,355670710.1774429,1.0,0.0,0.0,NONE,False,False,0.0,10400000.0,0.0,0.0,NONE,False,False,0.0,9557344.06438629,0.0,571919697.7200377,R0,False,True,355670710.1774429,1506329289.822557,ab329460a28eb6537ae89c9cdd919efbac2c5337c489c92aafd49c4bf85f1f62
E2A_VACCINE_H0,LA-0516,516,16166a95aa22d711f37cc694c48a73f8b0d062f90a0661b8cc1ba0090e529811,M2,A1_FINAL_NO_MEMORY_V1,certified,PASS,,,5c3ae1e1d267e45c9b553c07b0caf01cb2af8448a3f03d144a164f538c804c27,cea93ad83d79c98835341d41314781511a5a41e5718eeeaa11529439368978be,0.0,0.9,19137905.85543848,4.0,1.0,1.0,1.0,1.0,2f34ad0e2c60e20a4886f18f758ad73770b8fc2b40cfe2a966bacaa25137e3fd,3,2,2,078d64c448c10fdcdd15351680178f0bda952941fa908702c546f4bb4b7afc16,P4,1216425604.8290403,1216425604.8290403,0.0,4231029.141403989,0.0,4231029.141403989,h09,5,Katrina,1212194575.6876364,14906876.714034488,1197287698.9736018,1784225768.5564997,97731575.5078866,1.0,0.0,21244524.693306204,R0,False,True,10400000.0,0.0,0.0,0.0,NONE,False,False,0.0,9557344.06438629,0.0,178395943.49833003,R0,False,True,87331575.5078866,1774668424.4921134,d915cb3a26c5ee8668263431571ef71f1114ba3a31f44c20b9a27cfcd3ad52d2
E2A_VACCINE_H0,LA-0517,517,01f9dbff879140556e59f9a001cc439461386f2ba28402c50eb02bf9448b3a90,M2,A1_FINAL_NO_MEMORY_V1,certified,PASS,,,abad0cff4914168ed34da3fa1e7ed761bdc4205ee18d916f85e6a3878defd8d0,2fbc901ec9679f2e9d33a32d9a3b93b1ec051fa52b92edc3278933e95000fe66,0.0,0.9,19137905.85543848,4.0,1.0,1.0,1.0,1.0,78ddf6419feddf26cb6be202d33b15abc88e1819b18d0b38581aeebfc9dfd949,3,2,2,ffd522217a5ab61dac28ddaa8ac1799145f288d10465d7a8444a34067767a8e1,P1,1236487236.1478946,1236487236.1478946,19137905.85543848,0.0,0.0,19137905.85543848,h09,5,Katrina,1217349330.2924562,0.0,1217349330.2924562,1871329598.4890137,0.0,1.0,20093532.167791277,0.0,NONE,True,False,0.0,0.0,440020.4850790506,0.0,NONE,True,False,0.0,9329598.489013657,0.0,0.0,NONE,False,False,0.0,1862000000.0,2107c28734c965a5e679834ef55c57e4ca72127248cc1b18810748ed74d83a51
E2A_VACCINE_H0,LA-0518,518,3d59d65dc356f74dfc53fb69587a6d6a28a2e9a786a2484d24980a5a82bdfda1,M2,A1_FINAL_NO_MEMORY_V1,certified,PASS,,,65723a1dc73948adbabe076c35b6910cd87544062e703e64900eadfa6bc66f2a,9a9b6027b1dcce6e6d08d11fae079a3484cdf12302ebe2c250da42d44de59f06,0.0,0.9,19137905.85543848,4.0,1.0,1.0,1.0,1.0,6ffeafb7a2dfce01ddec30848ba1b8a4c8060d1ddc629fbca3535a620b648b3f,3,2,2,c4c0795910d66ebf8f7da686ee28aa360bb6962202a635807d0ec5358cf73a73,P4,1214596625.9425397,1214596625.9425397,0.0,5787517.761786662,1636117.4406239036,7423635.202410566,h09,5,Katrina,1207172990.7401292,11714270.653027913,1195458720.0871012,1880852282.2665834,1105061.7978028373,1.0,0.0,0.0,NONE,False,False,0.0,10400000.0,0.0,2206228.146944154,R1,False,True,1105061.7978028373,8452282.266583452,0.0,0.0,NONE,False,False,0.0,1862000000.0,5e1a05583a9e3d3ccf5514a824445ce2a41eb6c3db8356ade998459b199b7de3
E2A_VACCINE_H0,LA-0519,519,d60cb59c6410052cfdcd80b0a9f4d9f0f84325e7a06df379176097622df03c68,M2,A1_FINAL_NO_MEMORY_V1,certified,PASS,,,35885f3a795c982459a6530e7d972c25e7f8380fb0cea5099d93aaa26d494aad,dfbb79e07dc9173c471e26f41fa529567dfac996bdefc837e15a6e098922f9db,0.0,0.9,19137905.85543848,4.0,1.0,1.0,1.0,1.0,742bfebc410452be8d9437fc4ee7936496f99ecdc621bb1cef02770783cf5fe1,7,2,2,ae72c8162e5bd6c7394db2d10feacc02160178e5baad32ab92962808288afaf1,P1,1233972019.1917958,1233972019.1917958,19137905.85543848,0.0,0.0,19137905.85543848,h09,5,Katrina,1214834113.3363574,0.0,1214834113.3363574,1881200359.8975344,0.0,1.0,0.0,0.0,NONE,False,False,0.0,10400000.0,1375244.743851572,0.0,NONE,True,False,0.0,8800359.897534445,0.0,0.0,NONE,False,False,0.0,1862000000.0,d0251a97a8fcb42141dcc97ff457e3d78421f7fc3f4ee8367354973a496b578b
E2A_VACCINE_H0,LA-0520,520,9bd6a5466e8ed0b36a788d7cff4c0815f32f8ff00e553d955c6198104c061c33,M2,A1_FINAL_NO_MEMORY_V1,certified,PASS,,,30012473f21b147ff03afa5946706a6c5950ce4acb3d94ad2d04b1838754f296,2310812755a48268a89086e065239dc505f576e727410c5f26631249b0c0ee72,0.0,0.9,19137905.85543848,4.0,1.0,1.0,1.0,1.0,3a96819ef04772eeb04a1d0953f4a7305867592327b4f05f6795fdd968d8da61,3,2,2,938157a8f93eeefdc5900617f54dfeb2286004244ea56b6fba1d9ee60f023ad4,P1,1225365394.6323793,1225365394.6323793,19137905.85543848,0.0,0.0,19137905.85543848,h09,5,Katrina,1206227488.7769408,0.0,1206227488.7769408,1871129795.3574471,0.0,1.0,15689469.394873211,0.0,NONE,True,False,0.0,0.0,645001.1877248561,0.0,NONE,True,False,0.0,9129795.357447198,0.0,0.0,NONE,False,False,0.0,1862000000.0,a3a9d5a75040f5dcb18280b12a40d12d47b8fc26cc63f10ff63f395b918655aa
E2A_VACCINE_H0,LA-0521,521,88b0f3f39bdd4dbd741e3fa928b2231bed3c9f0d076f312a491384c053092abe,M2,A1_FINAL_NO_MEMORY_V1,certified,PASS,,,81ae81d63b4941b4c1e4dc354d1a3fdbe85a523f6d8501382fbb2357baef4233,32360c4dff1784963121465ef889ca364505c0294deff86dadf898825d853db6,0.0,0.9,19137905.85543848,4.0,1.0,1.0,1.0,1.0,db69d7fe6bd47a1f5b32f91cdfd5f283d523493b092af274b9408df447de46f7,3,2,2,b70a27d130cc51bcb2854fe97924bffd8514573413c3662f9211f83c23f668c6,P4,1230496080.970525,1230496080.970525,0.0,4686890.375730226,1675278.3857191738,6362168.761449399,h09,5,Katrina,1224133912.2090757,12775737.093989078,1211358175.1150866,1881137914.9021826,819429.1622037934,1.0,0.0,0.0,NONE,False,False,0.0,10400000.0,0.0,1623892.324090186,R1,False,True,819429.1622037934,8737914.902182497,0.0,0.0,NONE,False,False,0.0,1862000000.0,ec5e11b27d4ef73ee58dd604f5e4d89dd486a331b56798c43e5546a7f0251416
E2A_VACCINE_H0,LA-0522,522,fa73e43a6ff65b24cdbe40b85b809e8fcb8a82f0412c33b7b3461e885dff43b4,M2,A1_FINAL_NO_MEMORY_V1,certified,PASS,,,04afc8076dee3236a2693b979f128c95e3cff6be7d111bcd79898ea8248d2e7f,ac23279aa7e1c2e8301307ac373c3fefa75efd7f856bc1829bc0062ce95b8786,0.0,0.9,19137905.85543848,4.0,1.0,1.0,1.0,1.0,f8a5a1b994bb8d2d280518c39c0bbb517685a619df0bf6918cd8ef5e49c8bc3e,3,2,2,ab2bd7f1160b0f9f3a8f551906bfb06fd99b5cdaf3dd1930a96b5ebfbade040b,P4,1216178423.6630857,1216178423.6630857,0.0,10126954.51974153,0.0,10126954.51974153,h09,5,Katrina,1206051469.1433442,9010951.335696949,1197040517.8076472,1722091887.9388225,159865456.1255639,1.0,0.0,0.0,NONE,False,False,0.0,10400000.0,0.0,0.0,NONE,False,False,0.0,9557344.06438629,0.0,287552292.42930263,R0,False,True,159865456.1255639,1702134543.8744361,bd1bed7f65fc45de887a0524c7005b9a1f61ab0382d9b76293e4af9336c0aeb0
E2A_VACCINE_H0,LA-0523,523,d31aa80ffad076f8dd285ed039d40993d844b1d27fe990b838b50f90d2c56fa9,M2,A1_FINAL_NO_MEMORY_V1,oracle_failure,FAIL,oracle_failure,Full exact certification was incomplete,cb7ca2a59190db0e832949110a9194c66ca9d794bacb26a84e7c004c6c7aebe3,4557c413d3157b196360f951cbc1ec11c39a99f1e87374cebd71fc4c38f1f250,0.0,0.9,19137905.85543848,4.0,1.0,1.0,1.0,1.0,1d54abf72eedd416fd159d6cae96152fb743eee8b2381015b97831aa13fd2e4a,3,2,1,,,,,,,,,,,,,,,,,,,,,,,,,,,,,,,,,,,,,,,5da39d615a4489f0e65ea8688982a8bfd58e442c2d128713b07d2cfa5f0520bc
E2A_VACCINE_H0,LA-0524,524,3c3d93c2bc8f6e7d3b518ca19430267ac14815825171d4d23d0a904ab234aa1c,M2,A1_FINAL_NO_MEMORY_V1,certified,PASS,,,ed32310d30783032d7b72d609ee5667404b4375bb9f95f03ed58f8d93b6dfef2,0153fb9e72bd889698e6a948963ae751a79d769e99e670400f893c0e72c2ef55,0.0,0.9,19137905.85543848,4.0,1.0,1.0,1.0,1.0,dc70cda3dd5730a3923abdfef933871b4afb5f676912f7724a30b853f859e732,3,2,2,879e6e13c618ee4b4248c2a47c3a5d02c4752cebc615408f5f16ce0d02ac862f,P4,1191052620.5660477,1191052620.5660477,0.0,2738689.268938575,0.0,2738689.268938575,h09,5,Katrina,1188313931.2971091,16399216.586499901,1171914714.7106092,1716542818.6445475,165414525.41983885,1.0,0.0,14059704.215764001,R0,False,True,10400000.0,0.0,0.0,0.0,NONE,False,False,0.0,9557344.06438629,0.0,209563305.43749657,R0,False,True,155014525.41983885,1706985474.580161,7499b3c89e978ad51e88f90a1110b08b8908ba7e2361f6af4ffd29ef0bf17c40
E2A_VACCINE_H0,LA-0525,525,83af71f8ba5ee33ca66c978cd2649cf74ae3bce9b598a5f4db626a4d7733bd9d,M2,A1_FINAL_NO_MEMORY_V1,certified,PASS,,,a17927b1e0f097808883426b0fcdfbe35aef3b24f4c9ccee2f5f33c60f3c537b,309c60e037894031631949bc0df294138fc58803ccf3efb187106825287a6505,0.0,0.9,19137905.85543848,4.0,1.0,1.0,1.0,1.0,c715d30b1e058de06f273cb733d6122fb66a3350f0b83dea8889721341694ede,3,2,2,714b44222ddac1bf4492a25fd6182c676873b0805d712c7656a5ce06490c7aa5,P4,1178808246.750184,1178808246.750184,0.0,4911327.11183206,0.0,4911327.11183206,h09,5,Katrina,1173896919.638352,14226578.743606417,1159670340.8947456,1879989449.3041165,1967894.760269857,1.0,0.0,417666.10965296254,R0,False,True,230631.5584967257,10169368.441503275,0.0,3146126.0881092073,R0,False,True,1737263.2017731313,7820080.862613158,0.0,0.0,NONE,False,False,0.0,1862000000.0,501c8c86ce09fd046f8d0c9a5229c366d917e3e2bec507b734854e5b8a8ac32b
E2A_VACCINE_H0,LA-0526,526,29243bf437f140fdbfe523bc861322ac1c7619b38c771048583e252d065b0011,M2,A1_FINAL_NO_MEMORY_V1,certified,PASS,,,439e777633f7d7f6fb57b7da7ca7dc79be0408e35f47ccd026d7262278660104,13a452dc2c541177a6f39de4ac5cb9c824acd0308b85d224bea3b0e801346bc5,0.0,0.9,19137905.85543848,4.0,1.0,1.0,1.0,1.0,65334d84785bd45c9bac3dc6106d960e533f54e666a8abe5924c8f9f5e1e1b3d,3,2,2,fd2507fba1db714bca069f7f2c7740c780f45446b90e5e1143841fd7f29b16ff,P4,1220458087.76437,1220458087.76437,0.0,5445793.3204137655,3946990.831542111,9392784.151955876,h09,5,Katrina,1211065303.6124141,9745121.703482602,1201320181.9089315,1733507978.6912885,148449365.37309796,1.0,0.0,0.0,NONE,False,False,0.0,10400000.0,0.0,0.0,NONE,False,False,0.0,9557344.06438629,0.0,159702032.7051709,R2,False,True,148449365.37309796,1713550634.626902,3db6ef3f8f8e6e42b93f78b5cdd35c438ea498285dbd0ecb5f969ae0ceb655e7
E2A_VACCINE_H0,LA-0527,527,59a4486b0eeb705c15e29f7b2ada095461350d05bb79bd6d20a01371d67cf833,M2,A1_FINAL_NO_MEMORY_V1,certified,PASS,,,4c3b087d39ba2305343103eee910f82ad632b22c8b926c791ce765fbca48b9a0,5343064652907c27f21151dc6fad0625ad4da7c2c410ae06d5ce259a5e70fca2,0.0,0.9,19137905.85543848,4.0,1.0,1.0,1.0,1.0,1a4d2eb5bc0af0c9d36085c8c9830506393eed732dcab5c56aa99c0b37288a09,3,2,2,3a20b7d07aeb239a794eca4cbebf3c6af2ec6f414fe768e174bd378489ea6019,P4,1229422634.3147156,1229422634.3147156,0.0,7637478.068656449,890102.9615263585,8527581.030182809,h09,5,Katrina,1220895053.2845328,10610324.82525567,1210284728.4592772,1757421088.353969,124536255.71041737,1.0,0.0,0.0,NONE,False,False,0.0,10400000.0,0.0,0.0,NONE,False,False,0.0,9557344.06438629,0.0,216212047.1430248,R1,False,True,124536255.71041737,1737463744.2895827,86bc92ac95f791616bc7087ade858869d928d5dd92d9f7bac0e169c0c25d2066
E2A_VACCINE_H0,LA-0528,528,6be2fb705b657f16b0d243c4d71dd16622e5b8779b782f6910b99be278e7ef27,M2,A1_FINAL_NO_MEMORY_V1,certified,PASS,,,36d5e7de526e66888e31b7042f1318e3f78462e5ba305b8ea3d552c44e50679b,4c18d8b2b20dc47b592192189b9a8eb6b4e1be5e031e89593f8a6b3e7a6891e4,0.0,0.9,19137905.85543848,4.0,1.0,1.0,1.0,1.0,094b9095dc75b627643991caf76b986ae60b1ddf6924e48aede875c34fb08503,7,2,2,f7388674a6020b970d7a931dbe0546ce273210c82cf114ed3d05d532fcf526ce,P1,1220805271.6078806,1220805271.6078806,19137905.85543848,0.0,0.0,19137905.85543848,h09,5,Katrina,1201667365.7524421,0.0,1201667365.7524421,1880963820.1665788,0.0,1.0,0.0,0.0,NONE,False,False,0.0,10400000.0,1375244.743851572,0.0,NONE,True,False,0.0,8563820.166578798,0.0,0.0,NONE,False,False,0.0,1862000000.0,87c3799f0ee42b30154f2becd403e6c70a9e2728e84fc8874b70b44fd3ca7083
E2A_VACCINE_H0,LA-0529,529,dc86ebb90df2923f220cd9907884ebf15719f985892970696dab4758aaa4c2ed,M2,A1_FINAL_NO_MEMORY_V1,certified,PASS,,,b2c2d55cf8f8846816f0183bfa0c0c5c85e746d4b89c647697455c58246b86dd,040bd079890b4fd5a8ac49a82de8ebfbc7ac47de7698bbeffda490c6f2c82713,0.0,0.9,19137905.85543848,4.0,1.0,1.0,1.0,1.0,98f4b1a40405d55f43a727bcc454bf708e7827cab7edb1fad83b9731061d3028,3,2,2,a0d1910b444b443a13cd6bcfa577355120be69ac870dedf33a9a9ba997bd938f,P4,1221884529.2100956,1221884529.2100956,0.0,2091799.9097930363,0.0,2091799.9097930363,h09,5,Katrina,1219792729.3003025,17046105.945645437,1202746623.3546572,1871828625.2116346,10128718.852751624,0.9999999999999998,0.0,0.0,NONE,False,False,0.0,10400000.0,0.0,1355034.8911823675,R0,False,True,912063.7572423237,8645280.307143966,0.0,13693000.226398338,R0,False,True,9216655.0955093,1852783344.9044907,80fc7af95891e15b50b5a8f9b1ee695e14a61a10b9fa91fc15603dabec8406b8
E2A_VACCINE_H0,LA-0530,530,caea929a1b1cec4e2cdb37bf6e7d252442a92cb1665b7ab64349eeb4f9ea1bd8,M2,A1_FINAL_NO_MEMORY_V1,certified,PASS,,,8a1ba3a0c55df2d2b49748b47905ebb4ebd958177f25403055cd4b15cf0b5ad3,03f693895f76dc4e2ee88a82f281d53aa53b6e90c3b00a6677d38039e47588f2,0.0,0.9,19137905.85543848,4.0,1.0,1.0,1.0,1.0,66d56dbe5d9150bba843f96b4b62db4407485166dd5332e07389cc75122e0ea0,3,2,2,f9d812a3d1a4225a66310abc1b391a38cbdbd5f4723c9023ab31905dc05ed86f,P4,1229702898.5431273,1229702898.5431273,0.0,3853478.8064091215,0.0,3853478.8064091215,h09,5,Katrina,1225849419.7367182,15284427.049029356,1210564992.6876888,1881123665.4334524,833678.63093399,1.0,0.0,0.0,NONE,False,False,0.0,10400000.0,0.0,981214.2491007929,R0,False,True,833678.63093399,8723665.433452299,0.0,0.0,NONE,False,False,0.0,1862000000.0,7a3a542700f77e205e32db6f02e55f78dc1e820f0ce9e57d860bd940c526de91
E2A_VACCINE_H0,LA-0531,531,473e5acbfdcf84b5f69ef19f52c6a51a7575b57b7da58d61a4f2e44ff0f89498,M2,A1_FINAL_NO_MEMORY_V1,certified,PASS,,,07e9daf6b60c1e0bfec89b9767bd5fef1fd46add77fd8fb469910bc518bc198f,c86fe526b39145772436ba9cbc49161272ea6aad3851c14561b39427d7cfa018,0.0,0.9,19137905.85543848,4.0,1.0,1.0,1.0,1.0,af5d3e05ebdaf030c240c6d1c8faa4bcea389c27e1d68b50165550f5f79620ad,3,2,2,de54032bfa55980c7ff43e1764ca13040798cf4ae0b2ffcc128f0c070b376600,P4,1222391219.0918128,1222391219.0918128,0.0,3730926.997313481,0.0,3730926.997313481,h09,5,Katrina,1218660292.0944993,15406978.858124994,1203253313.2363744,1870249121.4472234,11708222.61716274,0.9999999999999998,0.0,0.0,NONE,False,False,0.0,10400000.0,0.0,1165207.8806091356,R0,False,True,892189.7883146271,8665154.276071662,0.0,14125836.065562064,R0,False,True,10816032.828848112,1851183967.1711519,bf87e89b83cf23b962fc2d13bb566380d1a108cce47a85ef6ccca5074c0b8cba
E2A_VACCINE_H0,LA-0532,532,f40a0936f32d675b802a80ed0adbf53e95be1c900369f26453f2a739eaffd919,M2,A1_FINAL_NO_MEMORY_V1,certified,PASS,,,d0814420197bd0bcabef61c4db899198e13204a470ef9ba1e5bbecbece735978,ff599bbdcbbc90f1f3d5ac20e8fba736a9c763c9e573de14880ba42fbce7e5e3,0.0,0.9,19137905.85543848,4.0,1.0,1.0,1.0,1.0,e186178154d84bfdbf21188520c2ed2209ccff32d562dcf8e62fb20007cc5232,3,2,2,0e7593f793cd26b7d9c15d33e42079dfbb96016637d5737d40c11eba1ecdc839,P4,1228246586.442299,1228246586.442299,0.0,8457266.64285672,0.0,8457266.64285672,h09,5,Katrina,1219789319.799442,10680639.212581756,1209108680.5868602,1881097502.884932,859841.1794541928,1.0,0.0,0.0,NONE,False,False,0.0,10400000.0,0.0,1816647.9885797463,R0,False,True,859841.1794541928,8697502.884932097,0.0,0.0,NONE,False,False,0.0,1862000000.0,d3dd3b1e8678bc2d1a94fe7dae51249d33dc9d759caad19c52a7b9b4813df494
E2A_VACCINE_H0,LA-0533,533,6ca967e577c08c83aa85910faabff8682b506254c8a58ca858dc31caee4fca12,M2,A1_FINAL_NO_MEMORY_V1,certified,PASS,,,83edeb610a6ad90df6d41e5743f5a452537c77cf950c1630f71c28034a3d52f5,bc0731f333db6e66d8263ceff1d1c1a73717286789a534bcb12aee6a0e9aad25,0.0,0.9,19137905.85543848,4.0,1.0,1.0,1.0,1.0,695b2069d429a19eaee5acf9a49e6c66385c9ce48bf9afc8caf72a3821ca416e,3,2,2,af7ee9d4dea4cd2729312cc7910b3bf25f29a14368cbebee97154dfaa1f4480c,P4,1216676542.3493161,1216676542.3493161,0.0,2078581.959340477,0.0,2078581.959340477,h09,5,Katrina,1214597960.3899755,17059323.896098003,1197538636.4938776,1880889647.8243368,1067696.2400495994,1.0,0.0,0.0,NONE,False,False,0.0,10400000.0,0.0,1291301.523841354,R0,False,True,1067696.2400495994,8489647.82433669,0.0,0.0,NONE,False,False,0.0,1862000000.0,aedafcc81e514cdd36bd6194ef70b519fbf773efea9475094c35786dc60d9fa0
E2A_VACCINE_H0,LA-0534,534,76613688246fc21bd3cc4da9ace6e6631a784ba3b2caea1552cebedc2b08edfe,M2,A1_FINAL_NO_MEMORY_V1,certified,PASS,,,182cda3259175e758ff90c6f136d2c43a646101af8d340e199245725d3bbd8fa,7b1d0d02e5ae8983e531a922f050c936b9402af142a6cec304c7e5f7512d34dd,0.0,0.9,19137905.85543848,4.0,1.0,1.0,1.0,1.0,deeaca28565d7a984eceb743d53c9c48a4c915ab1dac29c6ae343ef5a2b0cd42,3,2,2,ed3b8d4ce0dfc76957dd41f544df7e648c3462d7aeb0309cdc2a5adf975b1161,P4,1211326987.3463883,1211326987.3463883,0.0,1081775.8165567832,0.0,1081775.8165567832,h09,5,Katrina,1210245211.5298316,18056130.038881697,1192189081.4909499,1709150583.2101164,172806760.85426998,1.0,0.0,0.0,NONE,False,False,0.0,10400000.0,0.0,0.0,NONE,False,False,0.0,9557344.06438629,0.0,220976382.0362221,R0,False,True,172806760.85426998,1689193239.14573,4983cb039511d95b89c60496e597aa38242b66eea62cc3957d72c67fb63e4ccf
E2A_VACCINE_H0,LA-0535,535,356e2e799ef138457c0ccda7b657de651f2ba16d9571fa79c0f713a04c306599,M2,A1_FINAL_NO_MEMORY_V1,certified,PASS,,,c10dd8dd1e52540224c938987b89bc1af8197a5d5180970ca2509f29ab062ed0,4b8a47c5359b037bfe421539493276a09ffffc8a5f3794ffac8c064292181c82,0.0,0.9,19137905.85543848,4.0,1.0,1.0,1.0,1.0,d4615569ede4f3c6f5a203d972f42b9cd779dee9e6f00640f081945b4c2d16be,3,2,2,8a2c56eaf6ec2e3c2fdff52de1562d8b3338abd84693c3892f03c780ddba3480,P4,1221524298.0855188,1221524298.0855188,0.0,2334537.3993829796,0.0,2334537.3993829796,h09,5,Katrina,1219189760.6861358,16803368.456055496,1202386392.2300804,1880976737.4286807,980606.6357056292,0.9999999999999998,0.0,0.0,NONE,False,False,0.0,10400000.0,0.0,1556903.7921503466,R0,False,True,980606.6357056292,8576737.42868066,0.0,0.0,NONE,False,False,0.0,1862000000.0,7bbd7e3b3c8e1bb40a3a3028f5265af0035a50563ce013cd4e8050b8167c1605
E2A_VACCINE_H0,LA-0536,536,88e5f0191710c9ddf4690630ac0c81e710bcf8811d1e5c7537b630c417ca0d6f,M2,A1_FINAL_NO_MEMORY_V1,certified,PASS,,,08a1842079f150bf78c865999637b782181d14391dca96b8c03697e22d28522d,a2e67e8ca5e92b918d4c9486ee80e3c9c8fca864689f5c2c855015d65a09b7ae,0.0,0.9,19137905.85543848,4.0,1.0,1.0,1.0,1.0,e738294d43d0e001a35027967866da34f2869c350ff5dcb4ae54148e6b531d5b,3,2,2,c79f6a270c3ba63edfac8192252d4db4865ec4b09345d76aeb8a995371f1aa94,P4,1214531049.897401,1214531049.897401,0.0,8378477.487930103,0.0,8378477.487930103,h09,5,Katrina,1206152572.409471,10759428.367508372,1195393144.0419626,1717697485.0213969,164259859.04298952,0.9999999999999998,0.0,0.0,NONE,False,False,0.0,10400000.0,0.0,0.0,NONE,False,False,0.0,9557344.06438629,0.0,442913720.602977,R0,False,True,164259859.04298952,1697740140.9570105,ff806a7fc687d8eaf9a190b3891691f35896bd69c7264035a502ac5cd7150a91
E2A_VACCINE_H0,LA-0537,537,8cc3f0d9b6151900abab4598bd88273e02d9ec429f1852718dda2b1fe78019b9,M2,A1_FINAL_NO_MEMORY_V1,certified,PASS,,,d8a147ae60b4fb1ba4a17d0b36d5da64056c881003bb3bca875c18ff2ab77feb,1cc6606d6191a800354fc88f7c280d0bc279cd02c433d1372c3f8b396abe6f47,0.0,0.9,19137905.85543848,4.0,1.0,1.0,1.0,1.0,1bae25593a82d209dc5c91437dc649448e5635d4eceda52b75263d1bf0412898,6,2,2,d05912d14bc821d78e358db00f9d75713667eafd931a122b763ad23566e813ca,P1,1225571973.5264428,1225571973.5264428,19137905.85543848,0.0,0.0,19137905.85543848,h09,5,Katrina,1206434067.6710043,0.0,1206434067.6710043,1874828099.87834,0.0,1.0,9883951.266066903,0.0,NONE,True,False,0.0,3874947.1288129278,915210.5935906111,0.0,NONE,True,False,0.0,8953152.749527087,0.0,0.0,NONE,False,False,0.0,1862000000.0,aa3ebecd08c30c96bc1b321638965aa5d5dc43c6cbec73872ec9ad030ca2f116
E2A_VACCINE_H0,LA-0538,538,bb258092ace55c12f6803dbf9c2e9f9ca7929da87dfb0a40296ec047254940f3,M2,A1_FINAL_NO_MEMORY_V1,oracle_failure,FAIL,oracle_failure,Full exact certification was incomplete,69a3c4b582dd7349a62b04e1e6becf726e3a8bf3d1b9ac0da7d65ecbf9ab1bd8,0404ec60f7b2e6c2986199568be09fc3f5170a297bcb9fd7de2febcc5ee80ec3,0.0,0.9,19137905.85543848,4.0,1.0,1.0,1.0,1.0,3076b523ee5f688792d48e1a3c650eec27b6c777f97ff92e4285219313c247c2,3,2,1,,,,,,,,,,,,,,,,,,,,,,,,,,,,,,,,,,,,,,,058893ef5e801610ee60c11f499a720dc33b5cc046120e02fc7b55e1ced0ceb0
E2A_VACCINE_H0,LA-0539,539,38b363b234a7c060faae0441c55f6a3fd6b9eab446463cb665ae20148e7cb7b9,M2,A1_FINAL_NO_MEMORY_V1,certified,PASS,,,91feb6347725d265417c8473d7262ffff849d74aded96a58585ae1d33cbf9057,f4c2756d6f900985667d7979ffaac2cabdcca1239db0515ca19e3e7198ca8b6a,0.0,0.9,19137905.85543848,4.0,1.0,1.0,1.0,1.0,99961d5ac9a8ad72553e4259d388163a80d7d47139cbc1bd29ca540592369266,3,2,2,5d9db0a3507f197b6c271ee7449fcef09c95ec691dfae5458d87c27da3e6bfe2,P4,1221453232.7320273,1221453232.7320273,0.0,1998118.0619060285,0.0,1998118.0619060285,h09,5,Katrina,1219455114.6701212,17139787.79353245,1202315326.8765888,1797637067.913592,84320276.15079434,1.0,0.0,12827179.13079217,R0,False,True,10400000.0,0.0,0.0,0.0,NONE,False,False,0.0,9557344.06438629,0.0,91171983.03690994,R0,False,True,73920276.15079434,1788079723.8492057,adf774ab25e4af690e4ffa32091fcdd4b38c26db161a5a5d01d9377587ce4f1a
E2A_VACCINE_H0,LA-0540,540,d39404d9be341d8913169521cd3183913ef2c5028e15ab06c6acb7af66a6d5d1,M2,A1_FINAL_NO_MEMORY_V1,certified,PASS,,,862510dbc2b61eb2e582d27e0ec27089c19d56029db60024df8551c85955b73c,105d44c268c84215bfc13569a80e6d780e85dca0cff7b4dee0c7c453b0107a08,0.0,0.9,19137905.85543848,4.0,1.0,1.0,1.0,1.0,38fc7143eeac82417ca308902f1094f41aee3f52d32ad75d8e8aeec66a120d12,3,2,2,fbc8891b31f5eb6f254f98301a4b2a0af8468456c78155756afc4a3c4ece238d,P4,1197941926.3758304,1197941926.3758304,0.0,435359.5082504983,0.0,435359.5082504983,h09,5,Katrina,1197506566.86758,18702546.34718798,1178804020.520392,1880553081.7138617,1404262.3505246914,1.0,0.0,0.0,NONE,False,False,0.0,10400000.0,0.0,1933141.8039446287,R0,False,True,1404262.3505246914,8153081.713861598,0.0,0.0,NONE,False,False,0.0,1862000000.0,02122391c7d42387e3e9467eb5c95d7c4dd8d1719ce1a00ffdcbf6ec2f5e85b6
E2A_VACCINE_H0,LA-0541,541,04d1b35d27b3ba8780541d7818178d4a2540ba3ca7eba219c7d74b1f4a8ae6fe,M2,A1_FINAL_NO_MEMORY_V1,oracle_failure,FAIL,oracle_failure,Full exact certification was incomplete,1077762fe08fef3ab67dc4c24ce40fc7a7300285ac895e002ae7ec5f27f38499,f8fb73fc9bc18f031e6c0f191467fb918736fef68598ebc839f531e774ef8aa6,0.0,0.9,19137905.85543848,4.0,1.0,1.0,1.0,1.0,a33b25732c57f73469fdbd3d8613c8b229f84687244c13aeab1c542e53a6e915,3,2,1,,,,,,,,,,,,,,,,,,,,,,,,,,,,,,,,,,,,,,,431650cc9cf789bc68c4b6c6d9b4cbd9293f1732af30dd051b04c689e91037de
E2A_VACCINE_H0,LA-0542,542,1161156c87dae282dae299a2132a74d24ca7475441323130948534e24801c96d,M2,A1_FINAL_NO_MEMORY_V1,certified,PASS,,,2eaa88b7612d01546a9d5752dae8c486bb7744b669022a704f68838d919a0f21,f2da10c5fc79d085cebcfe519fb0fbf917593f835a0f113532020cf08d44b5db,0.0,0.9,19137905.85543848,4.0,1.0,1.0,1.0,1.0,b88a086e533749d077777133ebafdeb035d69268ca446493b844501f84fa5512,7,2,2,393f00830e583f5fbcefeffa4f6add8c2b72db9fe24e9e08befa1f8802376269,P1,1223128767.2824614,1223128767.2824614,19137905.85543848,0.0,0.0,19137905.85543848,h09,5,Katrina,1203990861.427023,0.0,1203990861.427023,1881005561.6094248,0.0,1.0,0.0,0.0,NONE,False,False,0.0,10400000.0,1375244.743851572,0.0,NONE,True,False,0.0,8605561.609424816,0.0,0.0,NONE,False,False,0.0,1862000000.0,5372dfd92f359aae90f106f9d88883edb68a1927bd32f7a55d10a2514a5d12a0
E2A_VACCINE_H0,LA-0543,543,49ae5ffd9b1cc91bfadb4a63a8ac1bc24b994d461a180f23699e0c05d21d97a4,M2,A1_FINAL_NO_MEMORY_V1,certified,PASS,,,da4ffaf4e0246cea4d3228871d512bb09ea7a18054df43c060f61b52c9c7b706,5da85c2cbde69eb2978385ee0e658109257aa1e4f89f0912ee512734e4e83608,0.0,0.9,19137905.85543848,4.0,1.0,1.0,1.0,1.0,976d1a0fcd451336e160b9d7090d14ef35a1d85919344d770693cd9ac22af1bd,3,2,2,7d2cc95da0c03a0f5a59e84d042ae0bf3caa3c55b578e7396f68cb9aadabad81,P4,1220502332.7591116,1220502332.7591116,0.0,6385013.347701832,0.0,6385013.347701832,h09,5,Katrina,1214117319.4114099,12752892.507736644,1201364426.9036732,1733626003.111747,148331340.95263943,0.9999999999999998,0.0,0.0,NONE,False,False,0.0,10400000.0,0.0,0.0,NONE,False,False,0.0,9557344.06438629,0.0,312703500.70567554,R0,False,True,148331340.95263943,1713668659.0473607,384370f1a905c14b2aa822e9e969767a8c83c45cde60a9836a6ea978da293cb3
E2A_VACCINE_H0,LA-0544,544,bf58ef60c709440bbba27f7294b4dfd1d5b7f3b597edd87f84a2868b0309de03,M2,A1_FINAL_NO_MEMORY_V1,certified,PASS,,,8dd87c8857a117b3e2b73fd953d23302a807ecc1907ef5c94e8b6d227647bfb5,86766ccde0b0ac2b4ba709b5f1dbc55e0a66b07b0481b1d251dc2fb37f72a8fb,0.0,0.9,19137905.85543848,4.0,1.0,1.0,1.0,1.0,652603c4666f239b2e6a12292c86494cf58b17451648c3e8d6a5e74d8cb4fc6e,3,2,2,ed0eb4316c1c15335fd61ff36e2d72594d0aa345350be6bc89618086518dd7c8,P4,1216888101.6315682,1216888101.6315682,0.0,8352438.415366889,1011317.4042718201,9363755.819638709,h09,5,Katrina,1207524345.8119295,9774150.035799768,1197750195.7761297,1880893448.4725518,1063895.5918343759,1.0,0.0,0.0,NONE,False,False,0.0,10400000.0,0.0,1293014.1874779249,R1,False,True,1063895.5918343759,8493448.472551914,0.0,0.0,NONE,False,False,0.0,1862000000.0,e44fa6d045cf9a00a97a7811646dfd0b12c31d225e15a390e0cbb7722e28df9e
E2A_VACCINE_H0,LA-0545,545,9e4fbefe12a971359fbd81cd4bf78d092843a092459723b486a5514c0ceac702,M2,A1_FINAL_NO_MEMORY_V1,certified,PASS,,,29c4a95df2e328776cdf15df7a0bfb9b8930ce518f8f0149079fbba7a3bffd21,c327176b05186ff937b1d7ad5e43abf00d404a56b71d0cebaae90a150ef95413,0.0,0.9,19137905.85543848,4.0,1.0,1.0,1.0,1.0,8b7c515890961168e0fee63178f504b9c0be20dd705647a0565ec7b575923190,3,2,2,5f94ef4b6c19936e9ce70597b4a0a1274f895b69142d18e2332102d672dee101,P4,1220586348.933024,1220586348.933024,0.0,6881028.823189656,0.0,6881028.823189656,h09,5,Katrina,1213705320.1098342,12256877.032248821,1201448443.0775855,1871043940.124274,10913403.940112336,1.0,0.0,16791979.042255174,R0,False,True,10400000.0,0.0,0.0,828948.8656324585,R0,False,True,513403.9401123354,9043940.124273954,0.0,0.0,NONE,False,False,0.0,1862000000.0,ded96479d6eeb5428eb8e277b0f10170a6bebd1354eb544e1dd66f3905f046a0
E2A_VACCINE_H0,LA-0546,546,af81dbea29f68ba003ff59d5a30ff9905f9ae3c4cc7f920b8352938ecd0e6490,M2,A1_FINAL_NO_MEMORY_V1,certified,PASS,,,75fd4212126eeb35b4a7272ab2d3ca7a890393cf5d6c7ceee134897dfbde74b5,f0e24d2903d6f3d1714b7869f47ac4e4c361a366514f9bd7ff86dcb4b0d0a509,0.0,0.9,19137905.85543848,4.0,1.0,1.0,1.0,1.0,23e33e9683a5cc10ebf49d22663a5c66d70b793cd327abc8a9364c6c2acd1ad8,3,2,2,fbc2f904ffab6dadcdd073d35d8520379dcb69d0716bfb18c65980dadd0f53e9,P4,1230628951.9814641,1230628951.9814641,0.0,6834229.415072026,0.0,6834229.415072026,h09,5,Katrina,1223794722.5663922,12303676.440366453,1211491046.1260257,1822113485.0322356,59843859.032150865,1.0,0.0,12803483.804939829,R0,False,True,10400000.0,0.0,0.0,0.0,NONE,False,False,0.0,9557344.06438629,0.0,60870543.11267994,R0,False,True,49443859.032150865,1812556140.9678493,59cf2fdbaad7e141f7cb76cbcbfe4919f5712aa979616f45324e1d59d322d0f1
E2A_VACCINE_H0,LA-0547,547,86baa67558c8129b76e7f735ff26155cf25cfea4be5c34b2d241bb95b8f253af,M2,A1_FINAL_NO_MEMORY_V1,certified,PASS,,,a562b29dcb5a5480c733f35c29d08e79c7d5b263677c7ddd79bdd6f068f3e230,7b253bbaa420dff4714ef252e50740cea60754bdbc3cbc067bf03a66de96b04a,0.0,0.9,19137905.85543848,4.0,1.0,1.0,1.0,1.0,30a8777fba0ee7a10e78694836cabc4de8fd4845a64c28860b76c2ac17acd9ca,3,2,2,1ebed73472c1f3b36678456847869a2005282d5ae8f5e95dc6fd227cd81d2b38,P4,1231090457.0838327,1231090457.0838327,0.0,3484160.2823229753,0.0,3484160.2823229753,h09,5,Katrina,1227606296.8015099,15653745.573115502,1211952551.2283943,1761870039.402617,120087304.6617693,1.0,0.0,0.0,NONE,False,False,0.0,10400000.0,0.0,0.0,NONE,False,False,0.0,9557344.06438629,0.0,385861282.9835397,R0,False,True,120087304.6617693,1741912695.3382306,3521cb6bbf874dc3434d61a34477d2ea2e7676f7aad86242a8e3676f1980460b
E2A_VACCINE_H0,LA-0548,548,81e95ae6d6860441be87a1bfea512cd27d07b2def54215479eaa35fc63c9e114,M2,A1_FINAL_NO_MEMORY_V1,certified,PASS,,,7a39434d1486b007315ee89a2ad804aff198606307598a749c90e0d8b069fa5e,98f80295d5db73d981e6fed0162935428910318a59acb9efe354014379aa793f,0.0,0.9,19137905.85543848,4.0,1.0,1.0,1.0,1.0,8363b0d05ad03f2c9fd4b8bfba4d71fdce778fb08840917f84d991a70305b6f8,3,2,2,9abac0112dfea22ea208b1f70cbd55f0457495c1bb90bb97ef24deb08b380175,P4,1202335619.5497198,1202335619.5497198,0.0,5378050.672296976,0.0,5378050.672296976,h09,5,Katrina,1196957568.8774228,13759855.1831415,1183197713.6942813,1870716067.0037057,11241277.06068046,0.9999999999999998,0.0,12976229.469654672,R0,False,True,10400000.0,0.0,0.0,1049673.4795140636,R0,False,True,841277.0606804611,8716067.00370583,0.0,0.0,NONE,False,False,0.0,1862000000.0,3dea8ff8ec6ccff013c8ebe469010c76601ac386c9488c1025ea09d328b628c8
E2A_VACCINE_H0,LA-0549,549,9d9d2add973e40e786e1954d21bd7c9b75e57b0da7abe54e042abd240cd7f6fe,M2,A1_FINAL_NO_MEMORY_V1,certified,PASS,,,69abfe8a9cc01a56d7460ca481902185cb62c02fd4729236003d91a3ee493335,7d36e79cafa7e32d70638b72554dabb643f9ed0c436d66950633e760bdd0c5cf,0.0,0.9,19137905.85543848,4.0,1.0,1.0,1.0,1.0,843fe5d6d611b78f105c77a755c4a38073992a94ec0bf75c630756d010e03908,3,2,2,4d9898afc729931ad2de6f1136a009d80b5321e4e14e5256d7bb84d64d886d5b,P1,1232782141.1377213,1232782141.1377213,19137905.85543848,0.0,0.0,19137905.85543848,h09,5,Katrina,1213644235.2822828,0.0,1213644235.2822828,1871263036.7074282,0.0,1.0,18375225.886363447,0.0,NONE,True,False,0.0,0.0,519996.55424266116,0.0,NONE,True,False,0.0,9263036.70742819,0.0,0.0,NONE,False,False,0.0,1862000000.0,b3741a53e9897838631fbedcf0fccd5256225d66096eaff9bc479f3100036919
E2A_VACCINE_H0,LA-0550,550,6e404a09dfbe7b1ffe1354cc5eeced564af5fc43b47d3098a0f3f3b089ddba66,M2,A1_FINAL_NO_MEMORY_V1,certified,PASS,,,f6793330af6c1708275f51e2f9a487cd413036d637d7c887e7ea3140c924e73a,bee425b5e18ca0c09b764132d92ea75e546443f5a721ad997d3ebf601dddf85f,0.0,0.9,19137905.85543848,4.0,1.0,1.0,1.0,1.0,0e545d1d15b883984a0db7a94507d90f95113025190e0bae69bc85d76b515033,3,2,2,af1c1fe527c5e69f02f1596789e1f442d4bf2da9a39852a8f43850a7116e3658,P1,1219519678.4162776,1219519678.4162776,19137905.85543848,0.0,0.0,19137905.85543848,h09,5,Katrina,1200381772.5608392,0.0,1200381772.5608392,1880940724.571731,0.0,1.0,0.0,0.0,NONE,False,False,0.0,10400000.0,1375244.743851572,0.0,NONE,True,False,0.0,8540724.571731087,0.0,0.0,NONE,False,False,0.0,1862000000.0,fbfad5f977969140a885c52d2b07a47c9f5bfe5ae6d34b1513555cd2aae6cb2a
E2A_VACCINE_H0,LA-0551,551,5ca97503917f9093c7238ab30aee0d41be12643096ecf92a5499c1417a0299ab,M2,A1_FINAL_NO_MEMORY_V1,certified,PASS,,,5d23e7660028f483d207f82d671e54f6452f128a3eb8111e56307985a85b781c,81947c446a2c46afa5c03835308e3c82ea3cfcbedd8cc8950356aabdcf07b7a1,0.0,0.9,19137905.85543848,4.0,1.0,1.0,1.0,1.0,41dee43cba71ab7eb8400a6da96bf4924c83f00a927c0765e15d5c85b4abcf33,7,2,2,0df72cb707ec3fce72c6367bbd72b5aab526ca550e2ab71bf3e58de0bec4cce8,P1,1221453120.8495963,1221453120.8495963,19137905.85543848,0.0,0.0,19137905.85543848,h09,5,Katrina,1202315214.9941578,0.0,1202315214.9941578,1880975458.734445,0.0,1.0,0.0,0.0,NONE,False,False,0.0,10400000.0,1375244.743851572,0.0,NONE,True,False,0.0,8575458.734445201,0.0,0.0,NONE,False,False,0.0,1862000000.0,ce6554506e937f4e5144951fdd7f8fa2462077610a574126633ee9364c1e634d
E2A_VACCINE_H0,LA-0552,552,198ec1ddcb3db0a71ccca302703ea0be69a7ec5c7587fffba5c006c6d15c23ec,M2,A1_FINAL_NO_MEMORY_V1,certified,PASS,,,92abc49bb1dd1190539a427a377a9e2b6295acdc23a4d4c2c87255d3cdeb0b04,5baf082adc871baff03c4d7413f65ee6109fbee2ee0ac628c495f0fa094bf29a,0.0,0.9,19137905.85543848,4.0,1.0,1.0,1.0,1.0,9232d1192cde0694831fe12ffa960daf80faef114a5f1ca833af4d1311b4db23,3,2,2,2b7c1e0da7603fa8621f607292b6890d7dbedfe5b8e4e76c04892cac25af2ccd,P4,1181201917.988348,1181201917.988348,0.0,5460653.61703109,0.0,5460653.61703109,h09,5,Katrina,1175741264.371317,13677252.238407388,1162064012.1329095,1628791349.9673717,253165994.0970147,1.0,0.0,0.0,NONE,False,False,0.0,10400000.0,0.0,0.0,NONE,False,False,0.0,9557344.06438629,0.0,448167353.82042843,R0,False,True,253165994.0970147,1608834005.9029853,7c5b1b98ff98e44bd24bb3b7c9dc5ebe2ea4d66ec3a9b5257000f7e04bcc1854
E2A_VACCINE_H0,LA-0553,553,bd83e8236c9549d262a50a6d63dd7be5a1e957a5b3de52cfb664b9e46694de98,M2,A1_FINAL_NO_MEMORY_V1,certified,PASS,,,9e48fc3199253f84f476bb1629e0d0e2b4491706589402cd1596e2a871141db0,42301d95fa24664660ca406a15827b875d4174e0b1fdd0f8dea83016acd4c4b1,0.0,0.9,19137905.85543848,4.0,1.0,1.0,1.0,1.0,461f6c059eb4854380359ad0f274142a4def517fb5b4ec3299637bb3956e74e7,3,2,2,635103e7dd00dbfc706a6191888f164d9d61c0d3b69e040fe8c5833a07e401ee,P4,1227508707.024079,1227508707.024079,0.0,2325011.684229005,0.0,2325011.684229005,h09,5,Katrina,1225183695.3398502,16812894.171209473,1208370801.1686406,1813790168.351204,68167175.71318246,1.0,0.0,16411632.753417315,R0,False,True,10400000.0,0.0,0.0,0.0,NONE,False,False,0.0,9557344.06438629,0.0,91159007.01989217,R0,False,True,57767175.713182464,1804232824.2868176,03fdb74a612861c49c8a4886830321e8ea52a524783b55cc3d6b3b79c7a46b30
E2A_VACCINE_H0,LA-0554,554,6c16c5fd59fca7d715b490b54d5aba30bb669d8f1722185bcb0cfdd576e6a780,M2,A1_FINAL_NO_MEMORY_V1,certified,PASS,,,c6444c8a80ed10e3111118a5a09f2699f542dfd46f9bfd508a52fbdac67a5f68,020e32ab6442988e21d32c95afeab03962981f14890d12fac174bcf1846f416d,0.0,0.9,19137905.85543848,4.0,1.0,1.0,1.0,1.0,0e8be44c8fde974cc22696401d5e81c67415b099a60156465c84f724fbd0d3f5,3,2,2,f7411544bd249e62ca09a81c274ee8ace10b0a83b2fda1e70eef7ad5f9cbec1d,P4,1220383039.7192166,1220383039.7192166,0.0,4741107.333274354,0.0,4741107.333274354,h09,5,Katrina,1215641932.3859422,14396798.522164123,1201245133.863778,1733307786.509381,148649557.55500534,1.0,0.0,0.0,NONE,False,False,0.0,10400000.0,0.0,0.0,NONE,False,False,0.0,9557344.06438629,0.0,236678477.42373475,R0,False,True,148649557.55500534,1713350442.4449947,156e522f31b484b4358c492d2f42e54e581c6899d71811e0fd9ca08a5d8c8829
E2A_VACCINE_H0,LA-0555,555,5845f9219dca1f2f1c816dd7c599103b020a9cb0f99d5c6a1bad95d782c8a812,M2,A1_FINAL_NO_MEMORY_V1,certified,PASS,,,7d83f11b81d0d7a92863915e37aeb63741e480325ccf80d6aa487eff88ea7410,aa8cb82453ba8c5d244d214c0322c3dfc5fa738bc52216c25f10ac24a79ee601,0.0,0.9,19137905.85543848,4.0,1.0,1.0,1.0,1.0,56bf0ed239e7f71ed62fe940502707b2501eb41a853c3d93a9d681bb2080fe4d,3,2,2,23046e1239cd1b75773941af16fd4b6f7a62831c3fc34c203486d5335e4e7f1c,P4,1207615867.248937,1207615867.248937,0.0,1643146.0648639062,0.0,1643146.0648639062,h09,5,Katrina,1205972721.184073,17494759.790574573,1188477961.3934984,1870810926.2969513,11146417.767434966,1.0,0.0,22294457.47247085,R0,False,True,10400000.0,0.0,0.0,1600094.151228411,R0,False,True,746417.7674349655,8810926.296951324,0.0,0.0,NONE,False,False,0.0,1862000000.0,315c14276f0b999372281f7dc39314c99153ddc8b0099347aebb65808064185f
E2A_VACCINE_H0,LA-0556,556,2985d972c1e5dddf81bdae702bddaf1b506ca25a3c8185378f0c085f43122eef,M2,A1_FINAL_NO_MEMORY_V1,certified,PASS,,,a55d4aacbd9b42ed355040fee8374a408aa9fbaf1b72ae8e3169c2c937ac7784,7079aab09f12e81b41b7392d78348b77c04f822851c29c9f20c4636d0324af6b,0.0,0.9,19137905.85543848,4.0,1.0,1.0,1.0,1.0,0a840ed022dfb21fab97a217d7b0d0da7d36c5f2986f7a192c70e0718045310f,3,2,2,07b499bf75393a8c4ba808f7223cdf1279e5d2900c264e5a1a2278d68aec8a0e,P4,1213591314.2267396,1213591314.2267396,0.0,1683924.9194981402,0.0,1683924.9194981402,h09,5,Katrina,1211907389.3072414,17453980.935940336,1194453408.3713012,1715190721.0685017,166766622.99588463,1.0,0.0,0.0,NONE,False,False,0.0,10400000.0,0.0,0.0,NONE,False,False,0.0,9557344.06438629,0.0,233122884.617388,R0,False,True,166766622.99588463,1695233377.0041153,ba085e1abcc4078eaf0ada9a2c2b93e0d9ee18d299d92c6b1fe0a3dcff8fb3ae
E2A_VACCINE_H0,LA-0557,557,d71eeae9cc9159840968944719cfe7c3e5f7d0dde14a196afa443e35bc867766,M2,A1_FINAL_NO_MEMORY_V1,certified,PASS,,,051d3f2403e2d626a2d24a9194768299b755cbe7598fc54fe16c30afe2a9dc40,597ba82ac76d6aedb8bfcdc4d60c97d61559d1f7d2e4db041d31c77566a182fe,0.0,0.9,19137905.85543848,4.0,1.0,1.0,1.0,1.0,08f8156e40aecb0c3eea026ad835bc9bd89393553cdfeb326d426a656f327635,3,2,2,08d7634fa808bacddaf09685025868c37116fa7c6f90c67364bc2376a6d90db2,P4,1218050053.1077156,1218050053.1077156,0.0,3232073.339149343,2809301.678825174,6041375.017974516,h09,5,Katrina,1212008678.089741,13096530.83746396,1198912147.2522771,1880914322.8523333,1043021.212053056,1.0,0.0,0.0,NONE,False,False,0.0,10400000.0,0.0,1344175.0078232596,R2,False,True,1043021.212053056,8514322.852333233,0.0,0.0,NONE,False,False,0.0,1862000000.0,965a2e0d0870c763be6feebf8076f860256fd4de860c817fd2eaf938f1586ca4
E2A_VACCINE_H0,LA-0558,558,e9a3132902176fce699c64e46a10c17a7b03f29f6a830eb35e2c532b20bf7082,M2,A1_FINAL_NO_MEMORY_V1,certified,PASS,,,264b620d56e54d2840ceb8c8a1e32e0f28ad73dcc380553364a751d380422923,7f4262961414dcefde8b21f5f448b73d0c7dbe634575ccfefcfa5d67e1e34c22,0.0,0.9,19137905.85543848,4.0,1.0,1.0,1.0,1.0,8e028db208a78b54faf7697be5d66f31de7ee50c0388765997c19bc6b7b39e52,3,2,2,3d694f29c6f13ca5dd0f51ea96c8e78da5180bf21243b3829269761012b596b5,P4,1206653159.4803255,1206653159.4803255,0.0,7647364.824289993,0.0,7647364.824289993,h09,5,Katrina,1199005794.6560354,11490541.031148486,1187515253.624887,1758157572.4705124,123799771.59387401,1.0,0.0,13815681.713614753,R0,False,True,10400000.0,0.0,0.0,0.0,NONE,False,False,0.0,9557344.06438629,0.0,150643764.49399757,R0,False,True,113399771.59387401,1748600228.406126,940b6e481ab91d9153d9e3bb3fe74778f8a89ed6391f0c54e65e7b47738a6035
E2A_VACCINE_H0,LA-0559,559,38944a37260798b40473266bb6dbfc9ff5d6eb3a9c77f1e4a075d76223cac0af,M2,A1_FINAL_NO_MEMORY_V1,certified,PASS,,,5c66fc954f8591079db3fb8c31feba5d2b80a3bc16e45eed440905483d18f5e4,0192d8728aa31d0864321291e5766b8b56b78d5e8255c67c261600dd8fcfa9a9,0.0,0.9,19137905.85543848,4.0,1.0,1.0,1.0,1.0,7d3a5287b1fd179cc0197e74fed96a53144e348b2ae6ee82453b64ef49fe65ae,3,2,2,71ab80c3a9b781aad6dac05d844f41cfb36a094d22cc6a4fe6cfa2fd551e5caa,P4,1229310860.416438,1229310860.416438,0.0,2147748.4386335355,0.0,2147748.4386335355,h09,5,Katrina,1227163111.9778047,16990157.416804943,1210172954.5609996,1757122929.2143042,124834414.85008216,1.0,0.0,0.0,NONE,False,False,0.0,10400000.0,0.0,0.0,NONE,False,False,0.0,9557344.06438629,0.0,260804777.03166863,R0,False,True,124834414.85008216,1737165585.1499178,4b5c226c3406281ade12e565a2af2bbc028efbbaed66d60f4228a5ed9b30a799
E2A_VACCINE_H0,LA-0560,560,3ea1b4ad1a127e4b381d0969551389ac6d5385709173428545ce3edd3d5ac5dc,M2,A1_FINAL_NO_MEMORY_V1,certified,PASS,,,0b04ca72fc2a6ee8e710a6dded544227b08915c2b1d31dd7f05a0dd6256bae14,0cff822919dc63c63af28d74d71938ae2dbf6e87be34b20cdb2a5d707cf4fa82,0.0,0.9,19137905.85543848,4.0,1.0,1.0,1.0,1.0,3ce9959dabe5ee6cbfa1fa581a07b76cb4289ba407bbf01a61a9319730fc3fe0,3,2,2,60cbdd2ed707a197f4dbfb8fc6c32502cd5d3d872d7199f67acd7410e96e8756,P1,1221810371.3910873,1221810371.3910873,19137905.85543848,0.0,0.0,19137905.85543848,h09,5,Katrina,1202672465.5356488,0.0,1202672465.5356488,1871065929.6050527,0.0,1.0,14662249.191621544,0.0,NONE,True,False,0.0,0.0,692811.6595304114,0.0,NONE,True,False,0.0,9065929.605052616,0.0,0.0,NONE,False,False,0.0,1862000000.0,f8c204399669bd44afb8972913df27a5a5629990235fab111d2deed617a28291
E2A_VACCINE_H0,LA-0561,561,73dd93caf509846cc5710ab0f5b4d5b3114929efd58489783f34388ee3b681ab,M2,A1_FINAL_NO_MEMORY_V1,certified,PASS,,,6848e6aed0b6f5702b56366bccc3540b6a88c729315f1d811a25998a4ebe0e47,3eb5bf25b4c392fcb8fb0c03cd82c20fe8c53f684d212d05ef7cc01555f178aa,0.0,0.9,19137905.85543848,4.0,1.0,1.0,1.0,1.0,4e9b8cf1c861fd22e1966cd6a2db328f5b05a9e5f2f5e94ab748648e5a746ceb,3,2,2,aa32a9f8d7cae66f0367fe0d86dace56a08f11b193249f3ba32f7cfa690c2030,P4,1211485977.8549132,1211485977.8549132,0.0,7272078.821726525,0.0,7272078.821726525,h09,5,Katrina,1204213899.0331867,11865827.033711953,1192348071.9994748,1709574693.614846,172382650.44954044,1.0,0.0,0.0,NONE,False,False,0.0,10400000.0,0.0,0.0,NONE,False,False,0.0,9557344.06438629,0.0,521824479.949944,R0,False,True,172382650.44954044,1689617349.5504596,ba94183e484eec3c00d8d84d3e8f13e7af991a09f8bbfc81aff8c7ef0b6ef8c0
E2A_VACCINE_H0,LA-0562,562,055a0eafcb42f58b1e284da1eed39982c07944c7f55121d4443bf8d41206cb72,M2,A1_FINAL_NO_MEMORY_V1,certified,PASS,,,36712e72eb9f2a3cf9398dbd26703748a262157c42d37ee68e93d27bb452bdd9,93efacc00f0f3318b2e90c333486c51750e97335a4d299f0cd1d72f5911f4e7d,0.0,0.9,19137905.85543848,4.0,1.0,1.0,1.0,1.0,9396188ccb2fbfe962c54be3460f1492ec090f19985a3ad4addc48ee5e59ac06,3,2,2,51b181555fd88fcdf8be98c68d3d032e0a6298e80d13739c8a741e66123d7361,P4,1222255482.0272188,1222255482.0272188,0.0,4455025.566124188,0.0,4455025.566124188,h09,5,Katrina,1217800456.4610946,14682880.28931429,1203117576.1717803,1871073925.9875643,10883418.076821968,1.0,0.0,12810338.681322306,R0,False,True,10400000.0,0.0,0.0,595456.6623810478,R0,False,True,483418.0768219682,9073925.987564322,0.0,0.0,NONE,False,False,0.0,1862000000.0,7e9506e6bf94396ac5c19337b1abe2bcfc563faed1713a263f389553b7c61ec6
E2A_VACCINE_H0,LA-0563,563,a93264f0e144faccdd338cf2e8d48a820c54bc1f6a529a554fd7b4af6e8e27f0,M2,A1_FINAL_NO_MEMORY_V1,certified,PASS,,,3156bdc2066393600564ce650ddfca6616b20be9c0aafca7f2ffaf33719959e4,c32c1f6f834f6117b1b99126dabbefcd2466ecb321149fedaf142801b4a9ad5f,0.0,0.9,19137905.85543848,4.0,1.0,1.0,1.0,1.0,bf0200914ffaaad282d0b2b4a1d045a217e94e5097516d4dbd39fcd1665dd1c1,3,2,2,babfa7afb2316679f9021a37c058d6727801ddd48b8eb1ec7548442c3f055ed9,P4,1141896801.8584661,1141896801.8584661,0.0,286968.47143994115,0.0,286968.47143994115,h09,5,Katrina,1141609833.3870263,18850937.383998536,1122758896.0030277,1585418675.6985874,296538668.36579895,1.0,0.0,12487768.167985333,R0,False,True,10399999.999999993,5.587935447692871e-09,0.0,0.0,NONE,False,False,0.0,9557344.06438629,0.0,343580130.2353977,R0,False,True,286138668.36579895,1575861331.634201,bd9104fc111312aecd1a77da8c8f951437184f58cb871f5314fa19d3aca5eadc
E2A_VACCINE_H0,LA-0564,564,91bc40d7af94675a40a15d0d92bd7a506707936187c923afdc8f35273468bd2b,M2,A1_FINAL_NO_MEMORY_V1,certified,PASS,,,aba45c80572398684e32a527ae0dd0701f1f6e54e73b4f77713123f92cb2140c,e73daf552a98fb0b68821ceecfe987975a6d03d1a8a382971f56f4563ec7c8f8,0.0,0.9,19137905.85543848,4.0,1.0,1.0,1.0,1.0,1546a63aa5a35e7b10fa161554179b26fc5040c61430674101d32b645dd81a56,3,2,2,1c69365cdea74d2190393bfa9dc7b6857d21b22ee45eeccc5cebf3e42249a641,P4,1201126248.942369,1201126248.942369,0.0,2755898.989231584,0.0,2755898.989231584,h09,5,Katrina,1198370349.9531374,16382006.866206894,1181988343.0869305,1743414426.5626047,138542917.50178176,1.0,0.0,19211615.141000062,R0,False,True,10400000.0,0.0,0.0,0.0,NONE,False,False,0.0,9557344.06438629,0.0,236714655.20088002,R0,False,True,128142917.50178175,1733857082.4982183,dd3c4160728f4cdfcfc79bfc788aadcd3490e95b0561e31d2f00f4f1bc0f26bf
E2A_VACCINE_H0,LA-0565,565,6b3ed578625072eaa3f19b9d6452714e37c3b34b053f93f8cdcd91db8bc5e379,M2,A1_FINAL_NO_MEMORY_V1,certified,PASS,,,8ead9f449221868353be43610dc066f44fa9b199d8089ddab3745bb024c9c1f8,6e3557c4613ab9a8ce40083353577539caeac90e12c111182984753e19423426,0.0,0.9,19137905.85543848,4.0,1.0,1.0,1.0,1.0,0315f49176fc91d7c23cdb555cf3adbfda30ab0aab8c0e0f55469ff0f72d0af8,7,2,2,03e83a74b2f4d4af4bc0c1389e46dd2760443f1e4c38e81039716921c41d9f60,P1,1237969771.5684206,1237969771.5684206,19137905.85543848,0.0,0.0,19137905.85543848,h09,5,Katrina,1218831865.7129822,0.0,1218831865.7129822,1881272179.2489398,0.0,1.0,0.0,0.0,NONE,False,False,0.0,10400000.0,1375244.743851572,0.0,NONE,True,False,0.0,8872179.248939747,0.0,0.0,NONE,False,False,0.0,1862000000.0,e24530ef190679efc6db939e4351e9f633b7e561062952abcb26b8d1bbea5fd4
E2A_VACCINE_H0,LA-0566,566,869aedf18e460bb0cd22682bc86b8ae68880a23650fafea937ccf1518708bbb8,M2,A1_FINAL_NO_MEMORY_V1,certified,PASS,,,cb2f010fc63e279a1804929c0542fa992025ea625a7f083240922f826538107a,c0de1444c508d5bd3606be1064478ce4dc08c5b3251d6ad4cd4c0d9ac9de80eb,0.0,0.9,19137905.85543848,4.0,1.0,1.0,1.0,1.0,ca79eeb2a074e2b4cb31015d8dc493c814931d437552d891f42976089d97d651,3,2,2,332bc556b7b2d0e7c3769ceaa31b9a5943a72c77b5f2e34a7bc1aa15baffc28e,P4,1233193774.4151359,1233193774.4151359,0.0,4040552.425285917,2074420.4260296037,6114972.851315521,h09,5,Katrina,1227078801.5638204,13022933.004122958,1214055868.5596974,1828955200.871095,53002143.19329145,1.0,0.0,11465740.327343266,R2,False,True,10399999.999999998,1.862645149230957e-09,0.0,0.0,NONE,False,False,0.0,9557344.06438629,0.0,46967799.15793982,R2,False,True,42602143.19329145,1819397856.8067086,c21a981bf9e712cc30e4f999b6b696aac196af1e827a87cc0fde51e43e1fbd2a
E2A_VACCINE_H0,LA-0567,567,e771b93b2a8f26af6360191770da8ac089e1cca8b7d62fc9f6d57035ce571fb2,M2,A1_FINAL_NO_MEMORY_V1,certified,PASS,,,1390fc59e8c162aec77e6afc7f34d51756df48df9ec4c7a4da0978cf3332647c,8b5ac11806f20afba7ed39f0ee8929afe39816c885f81bc93e46f50d7105a7c0,0.0,0.9,19137905.85543848,4.0,1.0,1.0,1.0,1.0,5c341656f338d54a8326973289948727e8b9ca17938e9330308e4c2af5669c5b,3,2,2,a8be3982728513dc201f8140a6e1abf5c6b1be4c88634c356865b629d7af9977,P4,1222314710.23531,1222314710.23531,0.0,3995377.6824325803,0.0,3995377.6824325803,h09,5,Katrina,1218319332.5528774,15142528.173005898,1203176804.3798716,1738460556.7721143,143496787.292272,1.0,0.0,0.0,NONE,False,False,0.0,10400000.0,0.0,0.0,NONE,False,False,0.0,9557344.06438629,0.0,193701090.41437367,R0,False,True,143496787.292272,1718503212.707728,9ee546e5596e716edca990608f455476483a40bab7a840fba20cc134d6259474
E2A_VACCINE_H0,LA-0568,568,892be4e601bc7b28e19d70e67c8042fbb6425f462aefb05dc2f00fdb6d1c8992,M2,A1_FINAL_NO_MEMORY_V1,certified,PASS,,,e70def3ef8a48147585fbedd6e01c07b770cee7d05207f56a5b2120466c9d231,a47ebcccca161e17e52bae11f2266001b4f2a09f9ce25fb2fc3fb2603f395ae1,0.0,0.9,19137905.85543848,4.0,1.0,1.0,1.0,1.0,f5b38b81090e16200fd74d7d215c018a01f089f08dd3144a26902ed18c96b936,3,2,2,0c72e06ad9e81989db6771328606fb46f3533daf19890545e21fe96733b81fc8,P4,1238060229.0029867,1238060229.0029867,0.0,5007823.055857617,0.0,5007823.055857617,h09,5,Katrina,1233052405.947129,14130082.799580859,1218922323.1475482,1780462047.2962198,101495296.76816663,1.0,0.0,0.0,NONE,False,False,0.0,10400000.0,0.0,0.0,NONE,False,False,0.0,9557344.06438629,0.0,274833874.91706544,R0,False,True,101495296.76816663,1760504703.2318335,e52c2e384e1fb35d1004e75037b6b84152d6fe25aa09a44dad21a252d552f60d
E2A_VACCINE_H0,LA-0569,569,8074e066047b180b133d579a648346cc2d7af24311bb52f2b44388139b7c2c45,M2,A1_FINAL_NO_MEMORY_V1,certified,PASS,,,4cb931852054dda09cc8a9f1af0e2f02fc66c50b2f2550abd74919a75fb954c8,df447eb4586fc62389704720e4f4c2a8c864c1890124786cc9f3efd7203aff69,0.0,0.9,19137905.85543848,4.0,1.0,1.0,1.0,1.0,29e65d098602a64d31ac9e6b3cb15016f2c6e2d762ac3fe756f8c81f0c2f84df,3,2,2,2cf993b336c3f576426a7ab7e2bc0733041e75ad5101b45993602e6e2e74340a,P1,1219323518.3532648,1219323518.3532648,19137905.85543848,0.0,0.0,19137905.85543848,h09,5,Katrina,1200185612.4978263,0.0,1200185612.4978263,1880937200.5694494,0.0,1.0,0.0,0.0,NONE,False,False,0.0,10400000.0,1375244.743851572,0.0,NONE,True,False,0.0,8537200.569449307,0.0,0.0,NONE,False,False,0.0,1862000000.0,78f09c7a38eba29a6a42dfb1958f9a8f560d2f0ded24618e008308fde3b72c39
E2A_VACCINE_H0,LA-0570,570,6e163098c5a5a66c816a8c3d42de8464b16b5f73e1461b91a75fd28512602a3c,M2,A1_FINAL_NO_MEMORY_V1,certified,PASS,,,5d8dd1cc680a8c75e9c2f3e3194c2c56dc4ab3ec3226b9cc975de849e41241c6,d87f74cdff459b0356fab1c208a610ff4936c82436a0b4a4cdabbac60b37de67,0.0,0.9,19137905.85543848,4.0,1.0,1.0,1.0,1.0,73452b52a7409e96b3017a29439d412d9876de331b6bedd12032833e4a370d82,6,2,2,2f4815df5a04461df59fcc0c992a8f22654757f16e83e005c11d1713a6cc71fd,P1,1229150918.602688,1229150918.602688,19137905.85543848,0.0,0.0,19137905.85543848,h09,5,Katrina,1210013012.7472496,0.0,1210013012.7472496,1881113749.1511075,0.0,1.0,0.0,0.0,NONE,False,False,0.0,10400000.0,1375244.743851572,0.0,NONE,True,False,0.0,8713749.151107531,0.0,0.0,NONE,False,False,0.0,1862000000.0,e3cb488802e9bcc6f6e2c4fe00a6108e4fed8fb194619a3ae2d7a691d293dcc3
E2A_VACCINE_H0,LA-0571,571,b7c7753adf378d2f2f322a2f495e49944018add5544f41d7879e9662a5b2eb30,M2,A1_FINAL_NO_MEMORY_V1,certified,PASS,,,0c41f4b5d5af5e8957a1f9aa40e7f590a70511b9c662a42d8ecd2846b9b51540,27b7e74b4328229344aed271207a6e9cf9d63485dc7c7c3f754476a8d979c1aa,0.0,0.9,19137905.85543848,4.0,1.0,1.0,1.0,1.0,b086e0c35ce45a14feccc401ed84b0445d9726b25b86035a29678e83a1692115,3,2,2,c2a638a8bc3ae7712d8119d264b0e4887346e24f65889f7ffde7dccad7e16775,P4,1202918383.2862666,1202918383.2862666,0.0,2916967.1843705056,0.0,2916967.1843705056,h09,5,Katrina,1200001416.101896,16220938.671067972,1183780477.430828,1686720461.410816,195236882.65357032,1.0,0.0,0.0,NONE,False,False,0.0,10400000.0,0.0,0.0,NONE,False,False,0.0,9557344.06438629,0.0,235564645.16280818,R0,False,True,195236882.65357032,1666763117.3464296,830c56f505248dc31959574c33ab9728a249cbf1f85f960727198aa09b2f852e
E2A_VACCINE_H0,LA-0572,572,1b7fcd7cefb3bdf638af1eaeb65efef59898a8745cf0c2ba44a310272e14f4bc,M2,A1_FINAL_NO_MEMORY_V1,certified,PASS,,,840f0bb5cde95d363f698e593ab3d9fa1f3357e1fb0d834221a8e7229b50e2a1,ef6eefa6022e39512b688d53387c4015578fa64a448889566113858ee034c990,0.0,0.9,19137905.85543848,4.0,1.0,1.0,1.0,1.0,2cec82c4acc0af21608cb72899b13f7d8baf912994f19fab09afe738c1fbfe56,3,2,2,a981860a3ab20c02635b935cb9073a5ee4c3476e9c3d35529eb89379d3fcc4fc,P4,1228055937.591531,1228055937.591531,0.0,1996366.4432054062,0.0,1996366.4432054062,h09,5,Katrina,1226059571.1483257,17141539.412233073,1208918031.7360926,1753775397.1376204,128181946.926766,1.0,0.0,0.0,NONE,False,False,0.0,10400000.0,0.0,0.0,NONE,False,False,0.0,9557344.06438629,0.0,158290992.33275336,R0,False,True,128181946.926766,1733818053.073234,1f4515c91838cd18da10504537ad2d24076797cd42398a2e115e210f6902c1f1
E2A_VACCINE_H0,LA-0573,573,cfd088cc5e34aae682fadaa4623778872914e9179cd8d5caa45de271fced25ce,M2,A1_FINAL_NO_MEMORY_V1,certified,PASS,,,214b9f49d69c88c844a5f95067a6e4fd5e5294bedbb83d252df3c8d3547d3628,6be915c62e39094510a35c58e46618947376dc8c33f4985df74b3a57a9d29549,0.0,0.9,19137905.85543848,4.0,1.0,1.0,1.0,1.0,3d25a2f324610692abf8c20289062738b26ec58e9181849f20bd8b9bea9a2be0,3,2,2,11d0cdf4ca440cdf1625f73a3a0fd8e93b546500ab75166971ebfb8e3184b2f3,P1,1226981431.2183597,1226981431.2183597,19137905.85543848,0.0,0.0,19137905.85543848,h09,5,Katrina,1207843525.3629212,0.0,1207843525.3629212,1871158827.345554,0.0,1.0,16205572.017211482,0.0,NONE,True,False,0.0,0.0,620979.9410671601,0.0,NONE,True,False,0.0,9158827.345554063,0.0,0.0,NONE,False,False,0.0,1862000000.0,3c5bb7e0c8fe87a44b7d4df8c75e89fbb4c91fe92bea0b69acb614b7dc90edda
E2A_VACCINE_H0,LA-0574,574,b143113ec1f2e817a46d9ef9824fa874efd91615efe1b48fc0a2871735a443b0,M2,A1_FINAL_NO_MEMORY_V1,certified,PASS,,,9f56fc2169149ccb26b34a69ed2f679f66382606b786c1b207725537f647cd1d,fcf25ee3a82cf0597d6b75f8c068027969fe19f7fc689579adfa06b07cc3d90c,0.0,0.9,19137905.85543848,4.0,1.0,1.0,1.0,1.0,fc2d4105ac78adbec2c29b4cfdb2d4b3a0d5b4a6d1f81e65444e8c45ce0319aa,3,2,2,553a6bae25225077244a502735d1d75b98784a49c2903a175c01b8a958607cb6,P4,1190315884.16698,1190315884.16698,0.0,2627189.100589771,0.0,2627189.100589771,h09,5,Katrina,1187688695.0663903,16510716.754848707,1171177978.3115416,1714577559.3640635,167379784.7003229,1.0,0.0,14412138.67546894,R0,False,True,10400000.0,0.0,0.0,0.0,NONE,False,False,-1.7387660188964484e-10,9557344.06438629,0.0,217539848.6871453,R0,False,True,156979784.7003229,1705020215.2996771,0c7937f571aed72da2a67e48b52d449f665c0c0686034bac41a7136a25e26b2c
E2A_VACCINE_H0,LA-0575,575,30d07b6a2bff226fdc421bad06d9b3880909b6f6bd889b9fa0ccf06484e40ad5,M2,A1_FINAL_NO_MEMORY_V1,certified,PASS,,,c97d893ea9d18968438b451bbc15ccce5848f32d08e2bcc9ca4c869250ed8bc4,73a00909d767f24f7ada9a5d19a21bf8e44c04baa79b1353e5111538234be0e0,0.0,0.9,19137905.85543848,4.0,1.0,1.0,1.0,1.0,523c1328414b56c8bd7b97c065596b488ab665bb643feb075b29ce0121263a1f,3,2,2,20eabe97b6b83da5e8a1a7239f7a82dd3b9a4682a3c512afd7a6498bda7110f6,P4,1189106348.8280747,1189106348.8280747,0.0,5654354.432347026,675584.9852201705,6329939.417567196,h09,5,Katrina,1182776409.4105074,12807966.437871281,1169968442.9726362,1880394351.160043,1562992.9043432428,1.0,0.0,0.0,NONE,False,False,0.0,10400000.0,0.0,1916092.5587494017,R1,False,True,1562992.9043432428,7994351.160043047,0.0,0.0,NONE,False,False,0.0,1862000000.0,090d07c479789a536d7c6ff7a718d54aecadc057b7dc5e88e058be3c64ae0be1
E2A_VACCINE_H0,LA-0576,576,7e81548d9f6415a31ce50d10c97fd3272e227aeea06b27c6c6ff4c38e03ece7f,M2,A1_FINAL_NO_MEMORY_V1,certified,PASS,,,9ab536cbc7d05e9e15f8be27869ea7eecac604fbcc6e38948a988e3d6f75778c,025b56b8ff19d9425787aaf145795115529f219887a53f234ef3de1a4b9a8de2,0.0,0.9,19137905.85543848,4.0,1.0,1.0,1.0,1.0,3d93fea07371f66cc569be8ba62f3d80cc745f282b119e93c6ea902137687335,3,2,2,c7a1daa1144c74fb4c8d02a73a36a7d2924bdd76c1a5cdfb184b12daab6f115e,P4,1229053586.619766,1229053586.619766,0.0,5957600.102750785,2738426.736936942,8696026.839687727,h09,5,Katrina,1220357559.7800782,10441879.015750749,1209915680.7643275,1756436646.1459296,125520697.9184569,1.0,0.0,0.0,NONE,False,False,0.0,10400000.0,0.0,0.0,NONE,False,False,0.0,9557344.06438629,0.0,205762579.85561046,R1,False,True,125520697.9184569,1736479302.0815432,e1053c9b159158b58ca499666116bbb5080032a31439d19763c73ca7dd0c9cfc
E2A_VACCINE_H0,LA-0577,577,0c33b9f7b2f39324b95707b25eb2e07af1ba08cb92c0be0bab15e3a2ae1e62d9,M2,A1_FINAL_NO_MEMORY_V1,certified,PASS,,,9ff36ac98d8ad4f5e4dd785ed60f19efa6685c118c22a383cba47223ba4cf302,924ab70c19871807c0ff6c8ef35776db8536c1e50a11c2e153b6d9f7a9e8817f,0.0,0.9,19137905.85543848,4.0,1.0,1.0,1.0,1.0,b5db52466e70df620e457c6e67c671f12be21291f0e854126342bd764c11558f,3,2,2,a4e8cf9ca6497df545eb5e5841a25fb6f49c00130537f3c4c5759ba80402a1a3,P4,1220405769.6559544,1220405769.6559544,0.0,7418955.310406781,0.0,7418955.310406781,h09,5,Katrina,1212986814.3455477,11718950.545031697,1201267863.800516,1880659882.0550234,1297462.0093629593,1.0,0.0,423705.97720952804,R0,False,True,311247.6558733454,10088752.344126655,0.0,1342547.9951354868,R0,False,True,986214.353489614,8571129.710896676,0.0,0.0,NONE,False,False,0.0,1862000000.0,0856ff0ee9aa5317ee411fba2c11bcf3263ecf4a20cd318178604706bc584982
E2A_VACCINE_H0,LA-0578,578,e9f3200c256a531b1f03827d8bcbf4bc90a74541acc6d1e7b0fb2fec51ec7dcb,M2,A1_FINAL_NO_MEMORY_V1,certified,PASS,,,4c33775a3a0aafce3f2c8db3c2aa30f0622676264ca7a645a05d353dcbea6765,bc36a36fc112c5c7c6a5a094f90d3505f767ca5abb8ca083979c09d3d7236a60,0.0,0.9,19137905.85543848,4.0,1.0,1.0,1.0,1.0,6d8198a5d0b6325174c52ec98bb204aa30d4e8adc4e769df6a9ca23c1ac34bdb,3,2,2,899bf0ce83325e33994f4560695bb53d338d927cc2344bf414c7caaee9f065f4,P4,1173688842.8154151,1173688842.8154151,0.0,2167293.034198698,0.0,2167293.034198698,h09,5,Katrina,1171521549.7812164,16970612.82123978,1154550936.9599767,1870201429.5947106,11755914.469675586,1.0,0.0,15210271.861654732,R0,False,True,10400000.0,0.0,0.0,1983060.3562420246,R0,False,True,1355914.4696755854,8201429.594710704,0.0,0.0,NONE,False,False,0.0,1862000000.0,b6dcc901a7c3b4ec203d8849dfb0e2d95c7259140a67ce660c2cc50e1268fbbb
E2A_VACCINE_H0,LA-0579,579,7bd0787ca643d66e5a9bdbf9be666a17fd0de37d798ce473c9e4f24ef111841e,M2,A1_FINAL_NO_MEMORY_V1,certified,PASS,,,4badf866877415a04fff7f8301126cbfbd4777d62207c1260984996f5f4adb9e,f43f4c177345dac6e5e25abb513aa41c382bfd6561e2a37ffcbe47d837b67f91,0.0,0.9,19137905.85543848,4.0,1.0,1.0,1.0,1.0,5bfe38fede2c7314b17356c10c1adb0537e31b6a2b5044ba994bdf98debc8d38,3,2,2,df6503724c4304187fef0e69ce88ab8ee7e020bed2f1e194687645b41d65d35a,P1,1231110055.9419734,1231110055.9419734,19137905.85543848,0.0,0.0,19137905.85543848,h09,5,Katrina,1211972150.086535,0.0,1211972150.086535,1881148944.9210718,0.0,1.0,0.0,0.0,NONE,False,False,0.0,10400000.0,1375244.743851572,0.0,NONE,True,False,0.0,8748944.921071699,0.0,0.0,NONE,False,False,0.0,1862000000.0,bdf8fba513e332d069384b162b82f14324092d49734a9c6eb7375f98fe3c1d5f
E2A_VACCINE_H0,LA-0580,580,a98d8839ce3abc6204fb767fc7db0c8ec24dcf5c8ad37f4de32f87180ccd655c,M2,A1_FINAL_NO_MEMORY_V1,certified,PASS,,,0fb0b219a1624c54171691da8b11cb0d438775c9d2511aa8aa91b4bd9dfd7f39,872339c48fc49e0f05b22e78e85ef4ed597b32c8cb7e23eb229cb7cf849fc646,0.0,0.9,19137905.85543848,4.0,1.0,1.0,1.0,1.0,59260022f27f623874aea09432ea30c2828b6d4251789d2d63ad8974e02f8f82,3,2,2,ccd254d36c363024345b8beef45a0a5a931f10a6a36c5f4164c3d595c2df2dc8,P4,1235211324.985984,1235211324.985984,0.0,4494902.136502752,0.0,4494902.136502752,h09,5,Katrina,1230716422.8494813,14643003.718935726,1216073419.1305456,1834337057.920946,47620286.14344048,1.0,0.0,14654706.180366103,R0,False,True,10400000.0,0.0,0.0,0.0,NONE,False,False,0.0,9557344.06438629,0.0,52447342.055891536,R0,False,True,37220286.14344048,1824779713.8565595,f07870a24d3e21c2e9723e5eaf2906072495c2dc38c28cc1fe763e577ed23122
E2A_VACCINE_H0,LA-0581,581,065a2372c1e7accb6a913f8f95adb7ffbd0b0f68a3bfc7ff243e4410098be0c2,M2,A1_FINAL_NO_MEMORY_V1,certified,PASS,,,a447383b8052fdfc91f7dd482bb6837b1db640f8ac6197ed19774b95d4738ec6,954074fafa38ab782a5b21706938e08c1c479ec36f0bc0bdd7ff5915707f9778,0.0,0.9,19137905.85543848,4.0,1.0,1.0,1.0,1.0,ccfc6dd5c3c109aade9a1a13fc10730b6c5c26f949edbb4b2f3f73ed21041d49,7,2,2,d77de05b17f90651f803ff04c89811367027bf83ae0d5dc9a1167910ff8d8bc7,P1,1219413499.6240473,1219413499.6240473,19137905.85543848,0.0,0.0,19137905.85543848,h09,5,Katrina,1200275593.7686088,0.0,1200275593.7686088,1871022869.965662,0.0,1.0,14042382.295010917,0.0,NONE,True,False,0.0,0.0,721662.4635642358,0.0,NONE,True,False,0.0,9022869.965661988,0.0,0.0,NONE,False,False,0.0,1862000000.0,603e1d9128efc24503a6942ae4b2981a93733c85791774249f4e59e43689ee6c
E2A_VACCINE_H0,LA-0582,582,42ff058f221c0afb80b3d8c532a9b0506125c4ec20ad64cbef7eabea12af7dcb,M2,A1_FINAL_NO_MEMORY_V1,certified,PASS,,,ce8763771bd9de9a29c444b2dc0bd358b2595683c6d92b77a1b538984f863377,f12358b6c960b930bbe2727dba0fcfd13687f74153126feb89917e1efa290dd6,0.0,0.9,19137905.85543848,4.0,1.0,1.0,1.0,1.0,c9dbc44a778d75aa97f4374b877d9c9980d617766e99cac6c581cf80ef5b0eb8,3,2,2,0a6c4763498f6d803dd6f211c985e31ae97ecb10553f3401d9a073e9c308bed2,P4,1226523611.4233286,1226523611.4233286,0.0,4392677.205036379,5484975.333545062,9877652.538581442,h09,5,Katrina,1216645958.8847473,9260253.316857036,1207385705.5678902,1881066549.7551,890794.3092862214,1.0,0.0,0.0,NONE,False,False,0.0,10400000.0,0.0,1025727.5354484799,R2,False,True,890794.3092862214,8666549.755100068,0.0,0.0,NONE,False,False,0.0,1862000000.0,a4e6ca2756d6d5811f5ca3fddca8c8e704e5533d93d10e56bc2a1659053659b7
E2A_VACCINE_H0,LA-0583,583,739612d085fc35eeeef843ecc30468e996e1874ffb5807ac0a6d49de50dc4809,M2,A1_FINAL_NO_MEMORY_V1,certified,PASS,,,68e8ecf06c90e7af9f5dd113ccce811469c5a64ef3412412d139bb8e8c3840e1,89987b8008abbcac4271f41bd2e63a441e7a7d4a5ba76fb360236407b00898d6,0.0,0.9,19137905.85543848,4.0,1.0,1.0,1.0,1.0,c4c845b19784fd46d241d9c7e57e2b0f226cf74ad849f58dfcc82220710670d9,3,2,2,e017f1e1d055f8046267c0c36b38bfd43a5201526ca533539923fcd0e068e113,P4,1222171163.6517704,1222171163.6517704,0.0,5341540.844449467,0.0,5341540.844449467,h09,5,Katrina,1216829622.8073208,13796365.01098901,1203033257.796332,1738077643.3503802,143879700.71400627,1.0,0.0,0.0,NONE,False,False,0.0,10400000.0,0.0,0.0,NONE,False,False,0.0,9557344.06438629,0.0,219958941.47122258,R0,False,True,143879700.71400627,1718120299.2859938,b20e77131c1f45d25bb9acb7c1abc3107412080ba06340c9fe62a28ae6fed059
E2A_VACCINE_H0,LA-0584,584,556c45d9728bc708d48ca90ab05bcc9fc0894a145ce274429533fd65d664d455,M2,A1_FINAL_NO_MEMORY_V1,certified,PASS,,,b51ce97407ab194170d0dea7fcd34be3cc2ca48533c9398d8c72d7dae375c56f,32aec8c5e24d24e5161522522d708dc3d1a2ef2cff7e218ccc582726ff979623,0.0,0.9,19137905.85543848,4.0,1.0,1.0,1.0,1.0,c905916c5f771a0969822ef920f760f861492631b10d33a82d6ef10120a87938,3,2,2,a17c321df9c35ed0fe6481faa292ed869fd30b3fcf85f8c39476fa7651e8a16a,P4,1228304756.3934624,1228304756.3934624,0.0,8552168.976374112,0.0,8552168.976374112,h09,5,Katrina,1219752587.4170883,10585736.879064366,1209166850.538024,1861069283.7233992,20888060.34098725,1.0,0.0,18535396.971837226,R0,False,True,10400000.0,0.0,0.0,545673.828099381,R0,False,True,306171.3661086513,9251172.698277637,0.0,18146668.66082189,R0,False,True,10181888.9748786,1851818111.0251215,7ea5c1c36c2f86d3d06fb4f3184a90284d965c426b4503415edd72d7e58c8e0b
E2A_VACCINE_H0,LA-0585,585,b6c742b80223b0a3e065faaa17dbfd23df287c46854306a5c8b136d01169e583,M2,A1_FINAL_NO_MEMORY_V1,certified,PASS,,,aa6ad90f5b814bb6f00367509aa70ed4e316e9f6963d1f7bdf3c8924e7132e0e,06dda6d4a2ba42435b80318594eb177ae7e3216ab6818b79357761dbc12d2f2e,0.0,0.9,19137905.85543848,4.0,1.0,1.0,1.0,1.0,69710f8f4464228e5475d92fc2b5ab4d5f11342a3ea005b0ce1fe9445efd2dfa,3,2,2,6d6d897d8c41963fa9e041e85c9a68fd611c6900d8a94da93698112c6a3ae71a,P4,1224313895.2435381,1224313895.2435381,0.0,598563.3772084855,0.0,598563.3772084855,h09,5,Katrina,1223715331.8663297,18539342.478229992,1205175989.3880997,1805267943.1576993,76689400.90668705,1.0,0.0,14724068.568851436,R0,False,True,10400000.0,0.0,0.0,0.0,NONE,False,False,0.0,9557344.06438629,0.0,93850931.18635987,R0,False,True,66289400.90668705,1795710599.093313,1b0f012feff91351028c30d6884f9462d694beb97298708beea6767001f177e4
E2A_VACCINE_H0,LA-0586,586,5c219e43d6c1365300ac71a4b0b487a33250e26d33d65b33cd3acaba29b55cab,M2,A1_FINAL_NO_MEMORY_V1,certified,PASS,,,a9a7aad1a4d7fe7d8fb9ebec935858c7b57c4d9b368257172c4fde445842db12,b9b6ca05a736b97c8ddd60ae958faa555f0ae639d29877c5a2b357943658bc28,0.0,0.9,19137905.85543848,4.0,1.0,1.0,1.0,1.0,655e03f4fc9b40c419c28b7ca7885385976226206200bcfa22694b7381d3786a,7,2,2,8d44fdc2d22363476e7c0f9e80c014a9ae0acadc4dae593e8da6339ad32c46bf,P1,1225324341.0457,1225324341.0457,19137905.85543848,0.0,0.0,19137905.85543848,h09,5,Katrina,1206186435.1902616,0.0,1206186435.1902616,1881045004.9437745,0.0,1.0,0.0,0.0,NONE,False,False,0.0,10400000.0,1375244.743851572,0.0,NONE,True,False,0.0,8645004.94377446,0.0,0.0,NONE,False,False,0.0,1862000000.0,36b43fed4259c97818285e01cd486fd88fca87a4e42f1cada0019aa192a91d7a
E2A_VACCINE_H0,LA-0587,587,b4696fa3c107613293f8f281621074f39d6fa5a34d3ddd33bf4ec7b0ea9870ea,M2,A1_FINAL_NO_MEMORY_V1,certified,PASS,,,5def1b97f80d53b86622dd6a68f0eba20b4aeff6aa23c2669d943c9dedc810de,48bc17bbc5e8f9a926d0bedb045fb5ea8dfee5440435d4ec6f8a9bcca5df7d66,0.0,0.9,19137905.85543848,4.0,1.0,1.0,1.0,1.0,dae32ea090f3295e678af28d31c4924d66785afac1f0ab25b7e263eeac34eeb1,3,2,2,90e38c73b62dab3687e05da5583f32960effcda1e7a377cb7d898041ab882d82,P1,1223022149.1603053,1223022149.1603053,19137905.855438437,0.0,0.0,19137905.855438437,h09,5,Katrina,1203884243.3048668,0.0,1203884243.3048668,1881003646.222062,0.0,0.9999999999999979,0.0,0.0,NONE,False,False,0.0,10400000.0,1375244.7438515692,0.0,NONE,True,False,0.0,8603646.222062135,0.0,0.0,NONE,False,False,0.0,1862000000.0,62d9e6ecbb52af7b6fae497d7f35855c2709a09066e2e39aa20230857347f2ed
E2A_VACCINE_H0,LA-0588,588,dcc5008a3ff00e5624cbd06d105feb2e21d9d494faca2dace1c7035891aaa832,M2,A1_FINAL_NO_MEMORY_V1,certified,PASS,,,7f5bb237f020b11ca99449a489aea0ad512d12224dfff6be648e358f9f8a7b64,a15834368baa3d59fd679e20b4dc15e86ef40dbc0f1487a27ed9339eecbd36a4,0.0,0.9,19137905.85543848,4.0,1.0,1.0,1.0,1.0,6eecd45c72dbe3d9ab92b4897b9fd4d1fed373961275929bc5b321e623a1b171,7,2,2,8c072fde0cde1e6ac933e19acf416683e81c30766570adad33648f53c63cbffb,P1,1220526322.1127803,1220526322.1127803,19137905.85543848,0.0,0.0,19137905.85543848,h09,5,Katrina,1201388416.2573419,0.0,1201388416.2573419,1880958808.8577418,0.0,1.0,0.0,0.0,NONE,False,False,0.0,10400000.0,1375244.743851572,0.0,NONE,True,False,0.0,8558808.857741842,0.0,0.0,NONE,False,False,0.0,1862000000.0,863c8f36bad29a6544319ac8a584432ac1d09a2d549e395307743bf696eb997d
E2A_VACCINE_H0,LA-0589,589,3715661f1cf57d73e747b7ce3f6adc64b317459abd80e4dd0177916aa2c41e8d,M2,A1_FINAL_NO_MEMORY_V1,certified,PASS,,,14eee3156ddaa53e35b663b4371ac44b02cf72fd5c7f94ffa311bf74c2f583a7,476e088dcc173cd668ddc003642931f4470051fc368c7724196d296a01e701b1,0.0,0.9,19137905.85543848,4.0,1.0,1.0,1.0,1.0,6b7b11144871a3c58c5d03474b2cdc866ef066774098cecd5f284fc7efae3c40,3,2,2,7074f93041d9a49e6c820601f6ea0d4855f0a807d44a1b6339a7c4d9fa6be359,P4,1224333027.2256992,1224333027.2256992,0.0,4559873.890373042,0.0,4559873.890373042,h09,5,Katrina,1219773153.3353262,14578031.965065436,1205195121.3702607,1805318978.1079798,76638365.95640665,1.0,0.0,14292851.783789879,R0,False,True,10400000.0,0.0,0.0,0.0,NONE,False,False,0.0,9557344.06438629,0.0,91032225.67455325,R0,False,True,66238365.95640666,1795761634.0435934,e9af1034a5d0fb0e18108a6f216103d23a03164d0d54ae537cbf2c7870e745af
E2A_VACCINE_H0,LA-0590,590,2ef976504d2279ddc50761b79bb51400d5855406a739a1823873da3144d79722,M2,A1_FINAL_NO_MEMORY_V1,certified,PASS,,,650d366eee92b9760bd6de5bf9e5cdb86eb1f844fcabdd6e075df97b98ca3ac5,30a41eac97d0d2d8ab30d6d0e8115f5213f12da2c551597564f828d1c2e46ee1,0.0,0.9,19137905.85543848,4.0,1.0,1.0,1.0,1.0,178c4d803a60665bd72fd9157389907bb816a7164f6cdf0754ce55e62a02a22a,3,2,2,1d3b4b08d42207f6bade1cd23398bb3fa1fe227c8483d734a46fba91c6c6de54,P4,1199649248.0437794,1199649248.0437794,0.0,1859351.7701941445,0.0,1859351.7701941445,h09,5,Katrina,1197789896.2735853,17278554.08524433,1180511342.188341,1677999976.8757994,203957367.18858695,0.9999999999999998,0.0,0.0,NONE,False,False,0.0,10400000.0,0.0,0.0,NONE,False,False,0.0,9557344.06438629,0.0,296347302.31088114,R0,False,True,203957367.18858695,1658042632.811413,bcb732dab10a3472d852e64b1e4285997f98b7df0eda85fa5e6f17ce4422e56f
E2A_VACCINE_H0,LA-0591,591,7ed35c1b5f3a3cb38aea16cd11617ddd3d277a5ab83f8e2a152dd97abece5de2,M2,A1_FINAL_NO_MEMORY_V1,certified,PASS,,,69a79af5108c3bceedd046aa9bdf59f585079ab806603d9084f49976c4648088,42978b11e3edcbe5b6f53eb36afa988b97d557b55d4d0abe8c71cca0df563d35,0.0,0.9,19137905.85543848,4.0,1.0,1.0,1.0,1.0,0dfd708dda21a45cc6f58d4590c7a9f8f99b1c95ef13df77f9b375c770a549cb,3,2,2,2cdc0305845df5422841b617dbbdec8c2cc39ffeafa1b965ac00f8b9dc76719e,P1,1243466969.2500165,1243466969.2500165,19137905.85543848,0.0,0.0,19137905.85543848,h09,5,Katrina,1224329063.394578,0.0,1224329063.394578,1871454988.9227252,0.0,1.0,24390091.18916618,0.0,NONE,True,False,0.0,0.0,240043.38834546873,0.0,NONE,True,False,0.0,9454988.922725245,0.0,0.0,NONE,False,False,0.0,1862000000.0,8bf60b8c352e0e37ca2522c610cd97306027cb32007feaa0cd89ffea5327fd67
E2A_VACCINE_H0,LA-0592,592,b04472ba7f98667d930fb45886a490d30b84b6afe4d021d08d7461daa687c381,M2,A1_FINAL_NO_MEMORY_V1,certified,PASS,,,15750e9245c178ce88b3c1ab664cf026c77071d513ed8b89685b4241a8263357,2f9968981d42b8d2f0a36668fd92552742ffdb3d5b2b0fe703819565e1c0c7ae,0.0,0.9,19137905.85543848,4.0,1.0,1.0,1.0,1.0,699e67d671e43e978f9f0100acf7d7f64310f809c70b85788911fbfa879e5fd9,3,2,2,4d999b78007da82ca61be7d7b59e2ff9c77e60840e554112bc739735b7643dd8,P4,1219275607.7951427,1219275607.7951427,0.0,6671841.665314963,995899.266568384,7667740.931883347,h09,5,Katrina,1211607866.8632593,11470164.92355513,1200137701.9397042,1880936339.859509,1021004.2048773745,1.0,0.0,0.0,NONE,False,False,0.0,10400000.0,0.0,1325302.3925726365,R1,False,True,1021004.2048773745,8536339.859508915,0.0,0.0,NONE,False,False,0.0,1862000000.0,b1b001f63ee2b7b042022291aeac6a32b2a0693fe2141e0d7c84c7180436aaed
E2A_VACCINE_H0,LA-0593,593,372077df2fc439610902aac2117de1f2841e0d1f7c912dde44a145aa7868f6d8,M2,A1_FINAL_NO_MEMORY_V1,certified,PASS,,,0f08d83c35a0480a1e374dbf315a6f40b1261c6ed7b2cbd89453e62fb0a657e1,7b62841f33099712d9ad1709e219d1fc3e732b5840f4405a4705da6b7a9ea2c1,0.0,0.9,19137905.85543848,4.0,1.0,1.0,1.0,1.0,36bef506236417b85201b5dfcd3ac9422fb823dc6518bbb2dc66037d79723bc3,3,2,2,db3eed0601084e359436dd84b588ab6434836f5978e038d31b34189ea0a6affe,P4,1217798269.3319983,1217798269.3319983,0.0,905953.9112026877,0.0,905953.9112026877,h09,5,Katrina,1216892315.4207957,18231951.94423579,1198660363.4765599,1726412859.1000283,155544484.9643581,1.0,0.0,0.0,NONE,False,False,0.0,10400000.0,0.0,0.0,NONE,False,False,0.0,9557344.06438629,0.0,245221453.41075924,R0,False,True,155544484.9643581,1706455515.035642,635aa84f6729fb48d8aeeb74542f2ba85c058b99791df92f358f60f0b8bc07f2
E2A_VACCINE_H0,LA-0594,594,28c0c9eeea06bec6801e484cc8c6140c3fd9f75ef97f37e18600af5a877f6952,M2,A1_FINAL_NO_MEMORY_V1,certified,PASS,,,b03f7b5f96e64e73cb3018f4e93255ea5d17193c37ae72c080007fae936d5da6,df2942f99c02b80d1d0305e1f7b11b15f85b06e1273aec4a57d9b02fe3c5d0f0,0.0,0.9,19137905.85543848,4.0,1.0,1.0,1.0,1.0,01320cc584c217e0b2630c339860eaeb8fc05fda7c0c571584270423d0d28999,3,2,2,9df790b7d9bab34e952ad98d31b16627088730c3824e00d4120147e89a97dac9,P1,1230258921.443051,1230258921.443051,19137905.855438434,0.0,0.0,19137905.855438434,h09,5,Katrina,1211121015.5876126,0.0,1211121015.5876126,1871217707.2360523,0.0,0.9999999999999977,17363996.465192825,0.0,NONE,True,False,0.0,0.0,567062.758330917,0.0,NONE,True,False,0.0,9217707.236052252,0.0,0.0,NONE,False,False,0.0,1862000000.0,46faef81ac10a94ad123ddac81d3a90ba0b6ba5a3da82bfe010895918deda3a8
E2A_VACCINE_H0,LA-0595,595,34ad64d8b9570debc6a350edcfbc2dc758c597e27f15f3f5bd4fc1e9324afedf,M2,A1_FINAL_NO_MEMORY_V1,certified,PASS,,,ce0f75cb02c1a0b94598baffebf38b30f3ba9f28e7e3c47e5c92b6afd7d70d44,eae3f85739a644188ad1dc8426fe59f6d425d3c304171c38f2fa21b18b633027,0.0,0.9,19137905.85543848,4.0,1.0,1.0,1.0,1.0,780cf0d70208468ee7b034e60db6c339fb69dc7ccf95d77c84671fe1476a60aa,3,2,2,380aaf484a7c968ae5409860fb082e5590f14aeb215c9a931e76f5c52ceb3000,P1,1224417176.6557307,1224417176.6557307,19137905.85543848,0.0,0.0,19137905.85543848,h09,5,Katrina,1205279270.8002923,0.0,1205279270.8002923,1881028707.7967858,0.0,1.0,0.0,0.0,NONE,False,False,0.0,10400000.0,1375244.743851572,0.0,NONE,True,False,0.0,8628707.796785934,0.0,0.0,NONE,False,False,0.0,1862000000.0,038414ac2dc88dd8e62ce33a8b4272831c39bae4c72b76b5bdd87498c8279475
E2A_VACCINE_H0,LA-0596,596,2c5a81b844c7c97bed0f391e82d62d0b6ab179d5fcd1973a01072447f068ddaf,M2,A1_FINAL_NO_MEMORY_V1,certified,PASS,,,13401a5d2e42648b6c6557aee732dad959aaf857ecb0871e18a6bafa6aae2f7b,47bb93da041d1cdef2cba842523d5c128db05634b32c236586b77ec06c804076,0.0,0.9,19137905.85543848,4.0,1.0,1.0,1.0,1.0,dec2fc00db3b525c79f5ac9cefa4a4b83092629b488880c6fd53d5eae7f5f92b,3,2,2,36c68f9e84c238c8c613149422673b217fb872e9a31b5f8f42b2f8d68ca6a7c0,P1,1224578932.4313548,1224578932.4313548,19137905.855438437,0.0,0.0,19137905.855438437,h09,5,Katrina,1205441026.5759163,0.0,1205441026.5759163,1881031613.7283688,0.0,0.9999999999999979,0.0,0.0,NONE,False,False,0.0,10400000.0,1375244.7438515692,0.0,NONE,True,False,0.0,8631613.728368716,0.0,0.0,NONE,False,False,0.0,1862000000.0,6de8d2caaafa341f03956e45ca943f996df1459f01c2459dd826890e2e7e4777
E2A_VACCINE_H0,LA-0597,597,8248560c6f86aa5d3dbb17b97329c32ba259e57b901253a31f08800ddebf8804,M2,A1_FINAL_NO_MEMORY_V1,certified,PASS,,,be0d0b82468b58e9563bd034114171da7d0c6ba1f82171d0edc39b0fa3c7b108,1d6961063ec2e221f3bb9c1e2f385ee036bcf68b6bf55663411b3ae26d1bea90,0.0,0.9,19137905.85543848,4.0,1.0,1.0,1.0,1.0,ac74b645bd8f15fea184fd4232dc78b2bc8c3803e845eec31e3c059f47bc3c03,3,2,2,7b2b37a99b667b5c3d8d7671b6e31cf13a07ddc8be49eb2f0660f85283ce7bcd,P4,1223248394.64774,1223248394.64774,0.0,3479665.1860646172,0.0,3479665.1860646172,h09,5,Katrina,1219768729.4616752,15658240.66937386,1204110488.7923014,1740951178.8709989,141006165.19338748,1.0,0.0,0.0,NONE,False,False,0.0,10400000.0,0.0,0.0,NONE,False,False,-1.1296479624399874e-10,9557344.06438629,0.0,256922124.64995933,R0,False,True,141006165.19338748,1720993834.8066125,1ad9f600a57f785a5136013863aec0e4b13248f54c67c436a75813abf676d0fc
E2A_VACCINE_H0,LA-0598,598,242e4b2709d58e8d94223acc7cd58866ffb48aeb717b44660a55306eaf0e733b,M2,A1_FINAL_NO_MEMORY_V1,certified,PASS,,,76e2a4f1d054bbed6f2aba411b5d071c090aa3cf1f5b2e358fcbbac1fdc5699f,09b955f181489b43197b53c4787e05fb02018fafc5c2652cc76e0cc844ba77c9,0.0,0.9,19137905.85543848,4.0,1.0,1.0,1.0,1.0,b412127aeb2aa8aabeb17781483256df29eafd0b5872cfc8900292815009e6bb,3,2,2,ed87af3e9738e90b03cdaa047990bf8476f53b801a65b764c371968aa2438961,P4,1215678719.9426825,1215678719.9426825,0.0,835794.0130240134,0.0,835794.0130240134,h09,5,Katrina,1214842925.9296584,18302111.842414465,1196540814.087244,1720758918.1340766,161198425.93030986,1.0,0.0,0.0,NONE,False,False,0.0,10400000.0,0.0,0.0,NONE,False,False,0.0,9557344.06438629,0.0,269726589.2650498,R0,False,True,161198425.93030986,1700801574.0696902,0b2898e1b63f83a6bd15cdf80e427287a101fe8e4b511c338c101d41e220e7e9
E2A_VACCINE_H0,LA-0599,599,75c0b35c7ab77970b27737bf02625310162af1a4b94f50487a9b3f915b6e8f38,M2,A1_FINAL_NO_MEMORY_V1,certified,PASS,,,4dc864f81f127975528c9e39e438ceafa031805d2a454348142c4569f71d4749,b89d5917a10a3d7bc1fddbb00354f54253e190ba31862528523598de1e62de09,0.0,0.9,19137905.85543848,4.0,1.0,1.0,1.0,1.0,9e61d8b49471bc05b585012e7e08d1211b9e81c8326ae37ec4607b41a8aab580,3,2,2,8ddab5e33934081b19ea22f603bfb71f024616217b59e31c01b1d6303a5d3bd6,P4,1204567385.6931658,1204567385.6931658,0.0,8588733.453333642,0.0,8588733.453333642,h09,5,Katrina,1195978652.2398322,10549172.402104836,1185429479.8377273,1691119208.7616997,190838135.30268663,1.0,0.0,0.0,NONE,False,False,0.0,10400000.0,0.0,0.0,NONE,False,False,0.0,9557344.06438629,0.0,241240504.5506979,R0,False,True,190838135.30268663,1671161864.6973133,2d40f5d24f7706c50ff6ceba4745b4de544bc917ae84eea863465a5013e759bf
E2A_VACCINE_H0,LA-0600,600,32247ebd0adf41ed54de7488fdd56421e883bf4141c3cc51b4593283f7fdfbaf,M2,A1_FINAL_NO_MEMORY_V1,certified,PASS,,,7f622c57fbe4deb0e3c2d68425113e9a95e987df76fc6ec85138db7bdc3c1b2b,9cd0bb5022c8bf78a8cd162a52716128412576d6b779d37fc1f884e00ac8a8b1,0.0,0.9,19137905.85543848,4.0,1.0,1.0,1.0,1.0,21b76effe77e03689f495a798ec7fc6d535b7d44be97b2993c5e172b37164d11,3,2,2,becf8454a142a27f25eb0cce8e8a654ac1896e10c6557abfdba3f049e19a1f18,P4,1186525477.963261,1186525477.963261,0.0,3262991.5565929306,0.0,3262991.5565929306,h09,5,Katrina,1183262486.406668,15874914.298845546,1167387572.1078224,1880035163.6458855,1922180.4185008684,1.0,0.0,482630.10445216234,R0,False,True,328092.9531902386,10071907.04680976,0.0,2344928.753903032,R0,False,True,1594087.4653106297,7963256.59907566,0.0,0.0,NONE,False,False,0.0,1862000000.0,6cfcc1db0d4f41fcbf062b6983c077f95f0b91a5f386ac4e234f2e9b40c7b894
E2A_VACCINE_H0,LA-0601,601,5dc2452a582b104cfc980de7b4572140337bc86a3279c156a0839b62c8fd369d,M2,A1_FINAL_NO_MEMORY_V1,certified,PASS,,,5c9d961665d1d3329c78bb33c7bfcf7061152912cd092771cc1366b544cf1aa7,ce4b0b48f37d3c767ab3093890d94f568aad5c48f06467e6f9f7b4cc295a2b28,0.0,0.9,19137905.85543848,4.0,1.0,1.0,1.0,1.0,d4834efa71f006a481d1a226d423c10cfae59e96f0934bb4b1fc11166ea95b12,3,2,2,8a9bcaf980af7d25b98cbb8a4b427beb25de72ab7a39585ecf6d3b1e62f594eb,P1,1227800642.966652,1227800642.966652,19137905.85543848,0.0,0.0,19137905.85543848,h09,5,Katrina,1208662737.1112134,0.0,1208662737.1112134,1871173544.429276,0.0,1.0,16480386.866021853,0.0,NONE,True,False,0.0,0.0,608189.0832362835,0.0,NONE,True,False,0.0,9173544.429275895,0.0,0.0,NONE,False,False,0.0,1862000000.0,8d062d7298dd81eb737d96621c1050a60fb0b36f1cf675d3a8dc7fc2ed157baa
E2A_VACCINE_H0,LA-0602,602,be3b93a2dd22051f3ec5265b175cd27a4d24bf454dc5e4c44e360edd083a02df,M2,A1_FINAL_NO_MEMORY_V1,certified,PASS,,,f44b324cd5e43e65efe3d0ab789993d2f23953b47c908fffef1edfd6b7a801cf,d1a2a41746162a09fdc54b8c85377a62012e6c5da271b3d2bbc2a17602925be0,0.0,0.9,19137905.85543848,4.0,1.0,1.0,1.0,1.0,ae9625bebe29cc091138996b900e96ce8e5b0e0ec1b3e90e6937e9c5cc893dfb,3,2,2,3ab67b03faf18ff36ab571c19be7b7ef9b11b1343c734c90f864ce480a9e22af,P4,1222388145.8093543,1222388145.8093543,0.0,2770728.018460048,0.0,2770728.018460048,h09,5,Katrina,1219617417.7908943,16367177.83697843,1203250239.9539158,1738656447.654648,143300896.4097384,1.0,0.0,0.0,NONE,False,False,0.0,10400000.0,0.0,0.0,NONE,False,False,-1.0983053306139744e-10,9557344.06438629,0.0,174487646.63119817,R0,False,True,143300896.4097384,1718699103.5902617,400d773e16a529c609489cbc97f7db08241ccc983198f5904faaf3021a2c09f7
E2A_VACCINE_H0,LA-0603,603,16c165a354e167aabb184bf13b90adae8dd62102f9dd358de4c48835c4a13fa9,M2,A1_FINAL_NO_MEMORY_V1,certified,PASS,,,5f1bcad1a121abafc135babb194e52f2f93a6dd54ea7948ffd8dce58ffa59bc8,51501736355afd5f60dfb289e8851f84dfc8279bab172d7722c091428e135611,0.0,0.9,19137905.85543848,4.0,1.0,1.0,1.0,1.0,9cc4552ea3b7c43c3a9049bbad90e18c1f57337d2147960aecb92fd43f11e8fd,3,2,2,63bcb5f6a4f3e1a38faebe44c39f46f2ad5d1a2186f82f65fc6b12f5ed7afb26,P4,1230150571.305577,1230150571.305577,0.0,4147862.0826731706,0.0,4147862.0826731706,h09,5,Katrina,1226002709.222904,14990043.772765309,1211012665.4501386,1820837394.881021,61119949.18336533,1.0,0.0,13642200.353713732,R0,False,True,10400000.0,0.0,0.0,0.0,NONE,False,False,0.0,9557344.06438629,0.0,66531895.06631241,R0,False,True,50719949.18336533,1811280050.8166347,645b49a0477301748ac3a7f22538cc744e64cbdb70d1ae7024703b35a88044ec
E2A_VACCINE_H0,LA-0604,604,168794ef76dd626f292c5fb78698926badc549c31cf8b72d36a8ddbfae359c7e,M2,A1_FINAL_NO_MEMORY_V1,certified,PASS,,,32c6757a77faa9789d822524b96b1a5484d332104d8cea557c536a70efc70cf6,52c99fe965cdbcedef6004f55c23ee822e3dbd9b4074c77f162bcba5f2022266,0.0,0.9,19137905.85543848,4.0,1.0,1.0,1.0,1.0,74207caf288398d3e91bd1f684ec08aa4714571ca79397d22eb139567de564df,3,2,2,4b3b32c0ae0fcabb1e44015e1ec9d3b5d536f5e95e280df8e61f383e1a5ad31f,P4,1227207672.6364827,1227207672.6364827,0.0,3149549.5755590615,0.0,3149549.5755590615,h09,5,Katrina,1224058123.0609236,15988356.279879417,1208069766.7810442,1881078838.8685873,878505.1957989762,1.0,0.0,0.0,NONE,False,False,0.0,10400000.0,0.0,1421696.4138262083,R0,False,True,878505.1957989762,8678838.868587313,0.0,0.0,NONE,False,False,0.0,1862000000.0,a07cda8ecf5ed7f80dd0bacd68dfb7fcb1dd47d73ecc542843c7c2a18bb659eb
E2A_VACCINE_H0,LA-0605,605,35bc2e127af5ee8d7fa65789fff7b88eb7732b16601d08fe56f7590f31d9359c,M2,A1_FINAL_NO_MEMORY_V1,certified,PASS,,,d93b841f9eaaad617e5816e3f734f01c7337cbe3987bab26d2f8bbff69fae816,6172352ba608ed7695856bc9eb2a74a8ed10d056bc826f7a4b3796508f8590aa,0.0,0.9,19137905.85543848,4.0,1.0,1.0,1.0,1.0,7c8511d824240e6ef27fdaa440ec276cc3282f854f36afc289fb7fd01d9172d3,3,2,2,8fb037f2c5336dde3a48e8912dd641039509dac1e9cdb7146db65cefba3bfc8a,P4,1215378427.3456619,1215378427.3456619,0.0,9222136.65947488,0.0,9222136.65947488,h09,5,Katrina,1206156290.686187,9915769.195963599,1196240521.4902234,1781432401.389997,100524942.67438945,1.0,0.0,15532250.336799564,R0,False,True,10400000.0,0.0,0.0,0.0,NONE,False,False,0.0,9557344.06438629,0.0,134600304.9238776,R0,False,True,90124942.67438945,1771875057.3256106,718a1f6223af5e0e7078dd91cde46289712497c92b9927eb20c9c5a26703e91a
E2A_VACCINE_H0,LA-0606,606,bd7b30a8ebc2c06b6f0ad0d29f0fe3184fc13d763f2d6be49f3d8d2f61be50f7,M2,A1_FINAL_NO_MEMORY_V1,certified,PASS,,,87fe0a0b9bd40a3882b25c14f13fdb3f59b2309ff15dff6407bf1ca9579cf3c4,32011aeb6529c285411462d0d45abf6a819a80914ab5d70bed082770e4fd21d6,0.0,0.9,19137905.85543848,4.0,1.0,1.0,1.0,1.0,14bdc248d6acbfea93e1cb518efdb94330a4f9fbb5046eba288afa75038623a2,6,2,2,4b763f23139fdae227af7540b7ba86dc42f89b71c92937450afcf49948a12db2,P1,1220089806.1018426,1220089806.1018426,19137905.855438408,0.0,0.0,19137905.855438408,h09,5,Katrina,1200951900.2464042,0.0,1200951900.2464042,1880950966.8770912,0.0,0.9999999999999963,0.0,0.0,NONE,False,False,0.0,10400000.0,1375244.743851567,0.0,NONE,True,False,0.0,8550966.877091192,0.0,0.0,NONE,False,False,0.0,1862000000.0,2d3303d3e5c6a4ac2c2550fb939aaeff9412654e4ebe73791bf96b2c7064777a
E2A_VACCINE_H0,LA-0607,607,a5dd6d57f2ad3b74589329aeff95f67299f08ffb11b3cf53f16cd23946da86a0,M2,A1_FINAL_NO_MEMORY_V1,certified,PASS,,,0b9e695e56f16c673f1460170578e44ec30204a78e3e18f5d979b24fad8508bb,7431b1406f4e22456ba3ba3e18db51fdbd4c6a20e9f0e51ae5c6f48a85099f20,0.0,0.9,19137905.85543848,4.0,1.0,1.0,1.0,1.0,3c93fea1e9466b3b6684f2ce549afd45e94bb24be8eac61a81f4dcab6941cb83,6,2,2,53c6177c300aa67aee2bf2e1a8f8387b8fe46f4e38c72ba87afee064b296d8b8,P1,1228564205.5620267,1228564205.5620267,19137905.85543848,0.0,0.0,19137905.85543848,h09,5,Katrina,1209426299.7065883,0.0,1209426299.7065883,1881103208.8909633,0.0,1.0,0.0,0.0,NONE,False,False,0.0,10400000.0,1375244.743851572,0.0,NONE,True,False,0.0,8703208.89096343,0.0,0.0,NONE,False,False,0.0,1862000000.0,8842e1e5d74ed344733437407a1784f79c27d4cbdbc51e4d4d5c52c652558459
E2A_VACCINE_H0,LA-0608,608,e3c04bc7945a0e7475b2f43fb0a410091ff7b96c3a5b919ab6606a9bb8a991c5,M2,A1_FINAL_NO_MEMORY_V1,certified,PASS,,,a60ee85adb77ac1a9820e1137b43f37c24cde79f689c570e2fb176e5a3a489c4,40ff99ec19d8ad520259863509912077622cfdb085bf2b3c42a46c1dfd1e7d57,0.0,0.9,19137905.85543848,4.0,1.0,1.0,1.0,1.0,b5220f852ba029d2754b3c4eef8df71941c0cec1222c94604bed5b62ff931c8f,7,2,2,f78587fd796d465ef868d575f3bc89e4e4d0303f53af67fc312a6699127801cb,P1,1226002621.4887338,1226002621.4887338,19137905.85543848,0.0,0.0,19137905.85543848,h09,5,Katrina,1206864715.6332953,0.0,1206864715.6332953,1881057190.206117,0.0,1.0,0.0,0.0,NONE,False,False,0.0,10400000.0,1375244.743851572,0.0,NONE,True,False,0.0,8657190.206116972,0.0,0.0,NONE,False,False,0.0,1862000000.0,38163902fd24b5c7d992a11c594bd7dfedf8110ef747bccc44ef041585d7eb3e
E2A_VACCINE_H0,LA-0609,609,1df79adcd69fa452f4b1aef2cd540518db42a5f2f34a54b0740a4057366b57a1,M2,A1_FINAL_NO_MEMORY_V1,certified,PASS,,,493a19519d8a527b94e1851d79fa982612c3f869e7143400618efa2cedbac9ba,818c58c3f4d63674d1899ecaf63c28b3ff3987369ae4d3f31f9be86cc04955d7,0.0,0.9,19137905.85543848,4.0,1.0,1.0,1.0,1.0,0e3f80528002b972ab10b6da785c3bd565d1916596a172d26198ee9468604b8f,3,2,2,dcae0e06fb0f94d1b3751ed741c486a325d55234cb0966abc1a2a482d0ccccef,P4,1173393986.568649,1173393986.568649,0.0,1987461.0524807605,0.0,1987461.0524807605,h09,5,Katrina,1171406525.5161684,17150444.802957717,1154256080.7132106,1870196132.5221546,11761211.542231742,1.0,0.0,13374142.84247842,R0,False,True,10400000.0,0.0,0.0,1750484.3850613155,R0,False,True,1361211.5422317432,8196132.522154546,0.0,0.0,NONE,False,False,0.0,1862000000.0,3bdb18115566cf17c6182e09d4c1d6d52ab951e69d9387a03e770e3c39746c2a
E2A_VACCINE_H0,LA-0610,610,a7f7ceb25853f2b787b8e566376cece273db6419960152c6d53dbe20e69b48ed,M2,A1_FINAL_NO_MEMORY_V1,certified,PASS,,,136e47f683996f00b048a207ad12975faf1f84baf1566cc0611068189a062839,8df8ad3c04095f74c19f2a15ca53025363362b779cefb40e916314554b3d1b93,0.0,0.9,19137905.85543848,4.0,1.0,1.0,1.0,1.0,cae4bdb4e9c1907589b81755d16a7d10340fc36c96cc7f61178f5600da76cdb2,3,2,2,8411d1e4964e90d08aea63c58a3c9e3f08721a861f5c201757d8300d3c9ab87f,P4,1227821326.2661686,1227821326.2661686,0.0,5196928.437499184,0.0,5196928.437499184,h09,5,Katrina,1222624397.8286693,13940977.41793929,1208683420.4107301,1880776964.6640246,1180379.4003615878,0.9999999999999998,0.0,442732.03706889146,R0,False,True,328172.7755714558,10071827.224428544,0.0,1149696.754521879,R0,False,True,852206.624790132,8705137.439596158,0.0,0.0,NONE,False,False,0.0,1862000000.0,1827d9ffe11d752f8a66051d68b274d146d9f4b9547e480f128faee1bf6458a9
E2A_VACCINE_H0,LA-0611,611,7f0f205a2367c6b286612b5c83bd466e403a76a853ea3c65e54c168aca01ade9,M2,A1_FINAL_NO_MEMORY_V1,oracle_failure,FAIL,oracle_failure,Full exact certification was incomplete,f698cc6ed1fba037bf29c49160948e0142e7937f154aea45096cfc9fd6a52617,c762af0f54c224a43be23b0a1c229155a8e4984f5d53ccdf93d78c29233afe13,0.0,0.9,19137905.85543848,4.0,1.0,1.0,1.0,1.0,b93fe65f0c4f35601ce92b40297bcc56da3148ef50968c6c6c8c8f3ed8e36a70,3,2,1,,,,,,,,,,,,,,,,,,,,,,,,,,,,,,,,,,,,,,,9c75db213e6c448579bb119a199d2a61e587b6d9774fa15c73d007702ec052da
E2A_VACCINE_H0,LA-0612,612,b84ae81cdd7f7acbc672454ccda876cfadfaf23bc60bf592546c5b2f4eb2f576,M2,A1_FINAL_NO_MEMORY_V1,certified,PASS,,,6b308f700f23644bac438d7d0a90691b6947fdc63653ed05559ce40ae5c4c951,63577a11dd6cee7d54c098f978a2ff6de8b39049bdac29a0f7f58eae8bde6066,0.0,0.9,19137905.85543848,4.0,1.0,1.0,1.0,1.0,46973c125fc7ee79f3087837fd381f3d104e1a708b29a20b2598920688adb7f2,3,2,2,b59d23b5f9ea2788334951e1e05e4829ca7196294214e1170ec452d7d0592f98,P4,1221064286.170459,1221064286.170459,0.0,1768230.3250275934,0.0,1768230.3250275934,h09,5,Katrina,1219296055.8454313,17369675.530410882,1201926380.3150206,1735125025.2290845,146832318.835302,0.9999999999999998,0.0,0.0,NONE,False,False,0.0,10400000.0,0.0,0.0,NONE,False,False,0.0,9557344.06438629,0.0,212133426.40577632,R0,False,True,146832318.835302,1715167681.1646981,f2d4e71c0f13e6f0f7eca355eccf79962b052fbd67a76b0c466b8e803acdb4cb
E2A_VACCINE_H0,LA-0613,613,d0b071186c66596d06ccec74980b67d1ae45e073b9da77574ee178dcec30e567,M2,A1_FINAL_NO_MEMORY_V1,certified,PASS,,,524de7242ee5430f693ba675063259d049734ee2c3faab34fb7ac97b94ff7db5,ee59eb9887dd7e0cb3d992abf430ce2deb6afd51ff1083cb123c637c633bb377,0.0,0.9,19137905.85543848,4.0,1.0,1.0,1.0,1.0,eadd8195a0234396558e90c7299de47d34b92a4ad5031a76e69a6a78bc0e5b3c,6,2,2,bb13a1832df7458f110d38ef9ed5021844616d920a8004ec18a5d5d8c104a473,P1,1227830066.0482776,1227830066.0482776,19137905.85543848,0.0,0.0,19137905.85543848,h09,5,Katrina,1208692160.1928391,0.0,1208692160.1928391,1881090020.1241887,0.0,1.0,0.0,0.0,NONE,False,False,0.0,10400000.0,1375244.743851572,0.0,NONE,True,False,0.0,8690020.12418869,0.0,0.0,NONE,False,False,0.0,1862000000.0,0d029c7f981775ae8538b9dc7a80533092056bb3ce411c70fad09e534f4ec31f
E2A_VACCINE_H0,LA-0614,614,6083468c53584df609bc794d6b1cb1da104e8eecf42e278d7660590b146ab9c3,M2,A1_FINAL_NO_MEMORY_V1,certified,PASS,,,a315a3ed23256392b1f47b9604483be0a1bde011af5132bc4e169f674fbb70ac,b3c0288070c9aaf5b47ca3059670904a7d1d9c9b42d042758ea10f9814d3ace3,0.0,0.9,19137905.85543848,4.0,1.0,1.0,1.0,1.0,cdc269db9ed99e09d847fbfaffe90912c98adcbac94b055d494a14995e26ff3f,3,2,2,6fbaba0113ff386d6b4b319deb90d2dc8859cd2b7455e6e10eec6ce9784e188e,P4,1216363292.7322094,1216363292.7322094,0.0,116151.77141580314,0.0,116151.77141580314,h09,5,Katrina,1216247140.9607937,19021754.084022675,1197225386.876771,1870968073.204886,10989270.85950035,1.0,0.0,29298411.02922887,R0,False,True,10400000.0,0.0,0.0,1660067.2931911787,R0,False,True,589270.859500351,8968073.20488594,0.0,0.0,NONE,False,False,0.0,1862000000.0,7495e8927bd0bf1022e159c2d47ad25127f3f1cdc6604fb018a30f9378d14ed9
E2A_VACCINE_H0,LA-0615,615,57b9187e54af61cd814095dcbfe1528ca3d6853aaa8602ec6f9b4c8e8f6327cf,M2,A1_FINAL_NO_MEMORY_V1,certified,PASS,,,44373cbc113ddd0d9ff0a2b2d67019ea68166a3c7ee174c85091749dcaeb5573,baea7a5cfd343f62ce448589fc18ffd8f9ea95a68ebd8bb19fb921683169b165,0.0,0.9,19137905.85543848,4.0,1.0,1.0,1.0,1.0,61b415a55f43e053b99b902fa825b3c9fa296ae0cebda3084fe015f9998377d7,3,2,2,865eb06b2a8f9c335f151701ea179991c8c335e9bc1d821f6c229cbf36b0e329,P1,1233077167.9379642,1233077167.9379642,19137905.85543848,0.0,0.0,19137905.85543848,h09,5,Katrina,1213939262.0825257,0.0,1213939262.0825257,1871268336.843966,0.0,1.0,18501207.300945394,0.0,NONE,True,False,0.0,0.0,514132.93235241063,0.0,NONE,True,False,0.0,9268336.843966039,0.0,0.0,NONE,False,False,0.0,1862000000.0,8b467b99776df0ba34208ebb05e6695f1477e2c617a76ed5ef5364995459475f
E2A_VACCINE_H0,LA-0616,616,f3a11ade9061f064469e9b94ea58e3da7d6e0ada37a46a81f06d8696b0d7c214,M2,A1_FINAL_NO_MEMORY_V1,certified,PASS,,,67078d828c3821810c11a728f528a963922b8bcfceb9c74483ec7cfbc7f0a409,e25886657fbd82962abd744a415073ccd6c5a2b7b8b1763416a8c47488f007f3,0.0,0.9,19137905.85543848,4.0,1.0,1.0,1.0,1.0,f377d0caf53f57ab17a353116a047183280718d6e3bf715faeeaebb18f574a19,3,2,2,ab51f13fa5009d432c1016028ce89d87f4153e26f1b7ece5f9fa4ee41c0c91ac,P1,1223310859.8887677,1223310859.8887677,19137905.85543848,0.0,0.0,19137905.85543848,h09,5,Katrina,1204172954.0333292,0.0,1204172954.0333292,1871092885.7795582,0.0,1.0,15078942.382866219,0.0,NONE,True,False,0.0,0.0,673417.2804006917,0.0,NONE,True,False,0.0,9092885.779558228,0.0,0.0,NONE,False,False,0.0,1862000000.0,7a5c34798044ed1b6f03ab47f072ae02f39d53199e5a51abf41534c55d969ba6
E2A_VACCINE_H0,LA-0617,617,d59dafe265604f537375b55f1b3ec24bef30d0f3cbae8ad14a4a1043bdd27c49,M2,A1_FINAL_NO_MEMORY_V1,certified,PASS,,,90d3b5b8e9fa15c7d86a807f383704f7a7ebb60c6b3cbce9cf78d1f6a921081b,d74286ed0c191dbe812986ef6c13650bd0b68b12c950aa9e35d94e1f4d9acc97,0.0,0.9,19137905.85543848,4.0,1.0,1.0,1.0,1.0,bb462d3b71e636af4683a3a8363548664873b662746dd1a545712d9465ef292c,6,2,2,5f7a84c22e461414c30c9c5e358062e13ebb3f3bb3df136ee2a091c03d847535,P1,1219894524.006224,1219894524.006224,19137905.85543848,0.0,0.0,19137905.85543848,h09,5,Katrina,1200756618.1507854,0.0,1200756618.1507854,1880259841.0788302,0.0,1.0,982096.1189995587,0.0,NONE,True,False,0.0,9678815.9685344,1329534.5069820685,0.0,NONE,True,False,0.0,8581025.110295821,0.0,0.0,NONE,False,False,0.0,1862000000.0,2d3aca5e922eb76fdc8d9a790f14efdf6e451cd1a2134b89a6b75ba75822d209
E2A_VACCINE_H0,LA-0618,618,cc51d9aa8025dc8c3cad333a7d884bcd02747b3bb5b1eb75c4d4790786d456cb,M2,A1_FINAL_NO_MEMORY_V1,oracle_failure,FAIL,oracle_failure,Full exact certification was incomplete,c03c9e747ff21de9a7fe1be93693b4dc1409056e3f1a68a03720ee4bea08f5c6,eb9b77ec111652bfd88e8f386e8c1948fc2aaf3ec06eab5c74679f32ee5d37e7,0.0,0.9,19137905.85543848,4.0,1.0,1.0,1.0,1.0,ecd9dae047561e885a5c1c0404707541a915b1643d21b9ee4108f06cb50227f7,3,2,1,,,,,,,,,,,,,,,,,,,,,,,,,,,,,,,,,,,,,,,acecf6557d8d9bb8b46f501f0a610895b2e476ade2697efb3c02129988eb9729
E2A_VACCINE_H0,LA-0619,619,9298f5fa007a94c43db3240911aa6dfca9adba39438ecaaf7df189147ae08773,M2,A1_FINAL_NO_MEMORY_V1,certified,PASS,,,9abb1a2c59f06bd38ea3e3a39f998473947df5d36ed112b8023a408a7f4509fa,911fa6345d610d42b0bdf009772aa2479ce99e1a51430ed90a5d6cc38522f848,0.0,0.9,19137905.85543848,4.0,1.0,1.0,1.0,1.0,803b20c0726a9f6d5b9a9aaf473ea04c51e5d8612515291e693dd000cb76240f,3,2,2,3b8739f1c9f2b054d087e715e7ff3f427cd9eeeaad64d81912c9966f76f4ec51,P4,1179550996.2991662,1179550996.2991662,0.0,4763647.587632187,0.0,4763647.587632187,h09,5,Katrina,1174787348.711534,14374258.267806292,1160413090.4437277,1624387482.8920891,257569861.17229718,1.0,0.0,0.0,NONE,False,False,0.0,10400000.0,0.0,0.0,NONE,False,False,0.0,9557344.06438629,0.0,386655890.4991564,R0,False,True,257569861.17229718,1604430138.8277028,973b1f3d886b0c48adefccdde5f19c781c9cdc1d0ef83334358936626bdbb53b
E2A_VACCINE_H0,LA-0620,620,113d206617ee4dbb85bf187766801f5ac4031380e8edf58481b89c6578f97fb4,M2,A1_FINAL_NO_MEMORY_V1,certified,PASS,,,11fdd356c6da641d47d8bce4ae6bddb915f684b4977646322274c3ffcf288663,8ac5dd07d920f81054fd4e9486974b2845cbf99665400147eb8603cf2620b3dd,0.0,0.9,19137905.85543848,4.0,1.0,1.0,1.0,1.0,2d22be40de8753c110ca0a5852bf79fdaa8584095786a5dfd4a88ec483ce4f5e,3,2,2,78cae0028e765f50797fa49b68cf0e5ea18f653d71ab33067b8af7530fff542c,P4,1210838638.1314547,1210838638.1314547,0.0,3273704.3935306566,0.0,3273704.3935306566,h09,5,Katrina,1207564933.737924,15864201.46190782,1191700732.2760162,1769322421.625253,112634922.4391335,1.0,0.0,13305692.039303295,R0,False,True,10400000.0,0.0,0.0,0.0,NONE,False,False,0.0,9557344.06438629,0.0,130798691.69588158,R0,False,True,102234922.4391335,1759765077.5608666,9c12a436c7fb8d1acbc544bddad9b7b5f6b79708a895ed59936e0595faebead3
E2A_VACCINE_H0,LA-0621,621,30f4e2b5bdd3e36658139015d040a4b63ff5870c69b61c5fb4b414b7a24e1a81,M2,A1_FINAL_NO_MEMORY_V1,certified,PASS,,,82811fce31018422dd205852ca536e98d32a88b08e42568ccf5f656df6719511,2b274f579f2b06fa69f8823b63832e68dbfd53166474b7944b2b3f03a2819e40,0.0,0.9,19137905.85543848,4.0,1.0,1.0,1.0,1.0,9325300d690786b96e1260001d3bc2d3b68ceb32cb38fdae9ba47c63e5c664fd,3,2,2,cc0dd95aede4cf7b2f231b2a3b738ab986b0bf435e794ff492bf3526bbbb860f,P4,1230417914.324083,1230417914.324083,0.0,6316546.004375849,0.0,6316546.004375849,h09,5,Katrina,1224101368.3197072,12821359.85106263,1211280008.4686446,1821550537.8027725,60406806.261613734,1.0,0.0,20088429.645522833,R0,False,True,10400000.0,0.0,0.0,0.0,NONE,False,False,0.0,9557344.06438629,0.0,96592135.5176652,R0,False,True,50006806.261613734,1811993193.7383862,9c073dbf39d90279ce114ad074e9444fb7ed04409ac71b4ea77d5a8c3e86b9b2
E2A_VACCINE_H0,LA-0622,622,b9d0fecb7db75e22ae34b15233cd4e6f0ff155368d8bbb9d347e9e7a27d7434a,M2,A1_FINAL_NO_MEMORY_V1,certified,PASS,,,ffc7d9e46d101f9c46e00dbebef38c69dd14fadd07e1bd9f7df5b75a2dc1761a,fbea6facb0cc4a3a3daf585554082176d5e0b101fdddbddd3982f3141e5bd90a,0.0,0.9,19137905.85543848,4.0,1.0,1.0,1.0,1.0,9b81bac62ad5fed43e70d0fdae923baf718c83b867ebf9c8eca9e6391aa6f089,3,2,2,bf2a53485b3adc6eca0063617458234bbe7b8846c70c85c9611a8bf939e8ba1b,P4,1226399096.1981652,1226399096.1981652,0.0,6169081.727235137,0.0,6169081.727235137,h09,5,Katrina,1220230014.47093,12968824.12820334,1207261190.3427267,1810830258.9777675,71127085.0866189,1.0,0.0,13529659.305349628,R0,False,True,10399999.999999996,1.862645149230957e-09,0.0,0.0,NONE,False,False,0.0,9557344.06438629,0.0,79001612.67585886,R0,False,True,60727085.08661891,1801272914.913381,352a0e3c79078d1d0f323405f75de17ec24d49377d0cd24f9c6ac7497dfb0322
E2A_VACCINE_H0,LA-0623,623,3adc26c37f58953be33f2785efbc13949f524d834304a91819216205b5595ee1,M2,A1_FINAL_NO_MEMORY_V1,certified,PASS,,,61b07e9334556b1647f64de6a2bee748d6b50acc539653f0fdb43208c3f5fee0,c08627e55df49790a1158e08a6acb8c3baa7eeec9e4badcb12417ddf4f9cff0b,0.0,0.9,19137905.85543848,4.0,1.0,1.0,1.0,1.0,514506c40a34b31a3d043402caf0cfbb307e987532a97d6601d282d6d1c480ab,3,2,2,d708be222fd459e81fe7ef214a0997925c307b86a2a25ec0ac4b65c72e02cea1,P4,1226689124.8406093,1226689124.8406093,0.0,1275302.225496627,0.0,1275302.225496627,h09,5,Katrina,1225413822.6151128,17862603.629941847,1207551218.9851708,1880767513.2974415,1189830.766944794,0.9999999999999998,0.0,400873.4039151023,R0,False,True,316752.6886712583,10083247.311328743,0.0,1104943.3631940198,R0,False,True,873078.0782735358,8684265.986112753,0.0,0.0,NONE,False,False,0.0,1862000000.0,afac7177db9a0964444a94149de98e69b7c5748bb0117ae89475c21e7ee5a7bf
E2A_VACCINE_H0,LA-0624,624,a5d87dfc044d99c1808dfa2078b88e7d3fa889603a6fa05613e9bbdf178be0d7,M2,A1_FINAL_NO_MEMORY_V1,certified,PASS,,,dc6d981613b08ae9fc9dd22609ecf32776e9eee2385e23ec7ef4450a37b9d3de,dde16f4e162cf860d631f2641ca169f2af00e1770bedbdfe02a62161691959e3,0.0,0.9,19137905.85543848,4.0,1.0,1.0,1.0,1.0,15f664db1f1209dbb82bcc2d506f4c01b8ae304ec7b342024626014329e981dd,3,2,2,1eff5d8aada6a8750b33ec6248d18b3216a5a8e3a09b72d7d3d3095712f38694,P4,1222973358.2668705,1222973358.2668705,0.0,9269179.017621694,982896.9336111357,10252075.95123283,h09,5,Katrina,1212721282.3156376,8885829.904205648,1203835452.411432,1881002769.6969573,954574.3674289739,1.0,0.0,0.0,NONE,False,False,0.0,10400000.0,0.0,1456567.5823575114,R1,False,True,954574.3674289739,8602769.696957316,0.0,0.0,NONE,False,False,0.0,1862000000.0,df633f7808a8fbf4ba6c01fde7905a634eb5fac732b4a712806539b7e6f17a56
E2A_VACCINE_H0,LA-0625,625,bed5aca9dd4d16db43ddbe6455bb416e59c283dff8e1e58459181d2870ba59f6,M2,A1_FINAL_NO_MEMORY_V1,certified,PASS,,,fde1346994d1c6d9c7b7dd59a97b72075b7faac37659f826d916d047976d3bcc,319feab06a7ec6b3805e1af3b86ecc2695c171057b90c56470de6028c0e11395,0.0,0.9,19137905.85543848,4.0,1.0,1.0,1.0,1.0,2f87de5a31e48c1cabdaf36b917835d353108835576d740b9977fab6d54ac1a3,3,2,2,a21aecfaa9920d5f86da916c479de39d73fa6c6b4ed9b18b7997dfe63ba491a9,P4,1210954090.312456,1210954090.312456,0.0,473960.0533496066,0.0,473960.0533496066,h09,5,Katrina,1210480130.2591064,18663945.80208887,1191816184.4570174,1708155872.812303,173801471.2520834,1.0,0.0,0.0,NONE,False,False,0.0,10400000.0,0.0,0.0,NONE,False,False,0.0,9557344.06438629,0.0,366791016.6951169,R0,False,True,173801471.2520834,1688198528.7479167,c9e672ed7f2901a7b1306fb0a9b2211acbbbc013f5c914acf779b2751135fca8
E2A_VACCINE_H0,LA-0626,626,81b33dbcce8673f59fa5904bd23c93aba001f02b0f5c90d8d13e9f9ae0d7a9f6,M2,A1_FINAL_NO_MEMORY_V1,certified,PASS,,,ff52aa3e86813798c3428a36fce9d8fd8029597fcbef59b14e16060425205642,a2cd3878d17d769fee43ef3902aaf0becc9c95b69804b6617fdc3361812f1aee,0.0,0.9,19137905.85543848,4.0,1.0,1.0,1.0,1.0,6007333d96d3345f491e2ed4829de455efc662d32846bd7721a520fc034a30cb,3,2,2,d52903601b780b6584486b95314681c67e293b71d527f9abf370af00c5984541,P4,1221973070.127017,1221973070.127017,0.0,2825149.6534710107,0.0,2825149.6534710107,h09,5,Katrina,1219147920.473546,16312756.201967467,1202835164.2715786,1737549224.8571203,144408119.207266,1.0,0.0,0.0,NONE,False,False,0.0,10400000.0,0.0,0.0,NONE,False,False,0.0,9557344.06438629,0.0,338344958.1581727,R0,False,True,144408119.207266,1717591880.792734,481acd551bfd1adef4c0ef94d5badb4683e0298e6c35a258acfda2173296d4b4
E2A_VACCINE_H0,LA-0627,627,1f0372d36502fa93f7f7778b59ddfd8636a7835370ee0bc252b1f05e2ea4ad8f,M2,A1_FINAL_NO_MEMORY_V1,certified,PASS,,,64c98b6792d8f27edf39c5a3b681b3ec5a46f8b7f92da1c831c5ee0cf9083246,339576b01a68d473cc3f3349000e69430f29c1bee7845151a96bb57338fa404c,0.0,0.9,19137905.85543848,4.0,1.0,1.0,1.0,1.0,707f7bd41cf166e6d3e44fab8c46577a27298fd6877a8d51fa9728fcbb6d13d0,3,2,2,0f5c5cb490cf8eba88235be786ca62ee3069da19bc8361793be663247f772530,P4,1202000377.8948793,1202000377.8948793,0.0,5255130.972285462,0.0,5255130.972285462,h09,5,Katrina,1196745246.9225938,13882774.883153018,1182862472.0394409,1684271663.4184263,197685680.64596012,1.0,0.0,0.0,NONE,False,False,0.0,10400000.0,0.0,0.0,NONE,False,False,0.0,9557344.06438629,0.0,304068475.4444317,R0,False,True,197685680.64596012,1664314319.35404,892e765c5eb9b5a0f55e0dde8a7bf8fce659a3ad07f2ee125d78bc68d566099d
E2A_VACCINE_H0,LA-0628,628,b5a2a0c146bec94cfa63cfaffc80633f1df8ee53e7f03719d210910befc3532a,M2,A1_FINAL_NO_MEMORY_V1,certified,PASS,,,44e1cfb072bed08d6316c0411c13c4c3b0fd74c9296b2a1be030a5dc9603e0c0,3116ce4fb565995a4242d6ddd397b8ed329543b7be5360edf26984237404c358,0.0,0.9,19137905.85543848,4.0,1.0,1.0,1.0,1.0,28a171534e638e57e40b8146d8a5511b551afae178a95a314f0c4fd059a40037,3,2,2,a365990716d7f5605a3224f3bbe986a7f3bfc28b2bc1847b76406a6c57ece41d,P4,1231155339.2280765,1231155339.2280765,0.0,4792939.43286492,0.0,4792939.43286492,h09,5,Katrina,1226362399.7952116,14344966.422573555,1212017433.372638,1823517633.6841035,58439710.3802828,0.9999999999999998,0.0,16337605.163717832,R0,False,True,10400000.0,0.0,0.0,0.0,NONE,False,False,0.0,9557344.06438629,0.0,75466713.49734782,R0,False,True,48039710.3802828,1813960289.6197171,5b23f972926729736adfd921d1b4852862537b68e262fcc5551252ca6338890c
E2A_VACCINE_H0,LA-0629,629,2a0d5e5f26afafe18293160257030cf153fdd99cb38b0d8b7e3947944055a70e,M2,A1_FINAL_NO_MEMORY_V1,certified,PASS,,,497504ab87e400cd29a5eb628751dc055ac9e45d4e44cc59d43c000bd708fa33,11237ea8a33e00bd869e820d7935303c49fd22235d28ce65e8fc34f7b2b3ce6d,0.0,0.9,19137905.85543848,4.0,1.0,1.0,1.0,1.0,3b06b1f97360e4dec25eabe0fd2aa9cba1129d2711d73f7c78b1fc7779b7272b,3,2,2,cfeffa3093adca2ca322e3a61e8c72bf411a0dc848e4ee9986bbe30475fd2ebb,P4,1218923483.9571326,1218923483.9571326,0.0,1614935.9579082371,0.0,1614935.9579082371,h09,5,Katrina,1217308547.9992244,17522969.89753024,1199785578.101694,1729414391.9242232,152542952.14016312,0.9999999999999998,0.0,0.0,NONE,False,False,0.0,10400000.0,0.0,0.0,NONE,False,False,0.0,9557344.06438629,0.0,374540856.29638875,R0,False,True,152542952.14016312,1709457047.8598368,e4d2da660997918a96ec28d99026c66dc13c7fd1b7173992afa930918cb03306
E2A_VACCINE_H0,LA-0630,630,2ba9baed29f4b4da99898ac12ebab6c15de57cd95ad01cedebfb430fb8299700,M2,A1_FINAL_NO_MEMORY_V1,certified,PASS,,,777a3d0bdc66e4a8f3150f93794ed6975fcb86900175c32c387bad42d14ad36b,c4dde96c4f3c7cd8e0682290c81ae2c9fe324ac0d6ed4213dba0a60b158b29ad,0.0,0.9,19137905.85543848,4.0,1.0,1.0,1.0,1.0,a7389de2bf93dda61eda61eb89c22409db33c4ce06a2a2038730cfc383ca786c,3,2,2,6ac21149a727b2195c178911633760189a333586f4987acf28fe4d5aa755b135,P4,1213952665.337001,1213952665.337001,0.0,5303485.108689167,0.0,5303485.108689167,h09,5,Katrina,1208649180.228312,13834420.746749314,1194814759.4815626,1880840713.5578034,1116630.5065829945,1.0,0.0,0.0,NONE,False,False,0.0,10400000.0,0.0,2673277.48709085,R0,False,True,1116630.5065829945,8440713.557803296,0.0,0.0,NONE,False,False,0.0,1862000000.0,446d5fbaf8ea7ada656e71bedfc97e343360822ec2f2b197eeecbe7e85e0e993
E2A_VACCINE_H0,LA-0631,631,07d3cad6cf5a0d9c3c1ef47e5f6e9390bfdc4304c3135b83808496244f25881a,M2,A1_FINAL_NO_MEMORY_V1,certified,PASS,,,af3c477eb14e31f0a964afb9231e566dd1b6869e605a7d5448ff1760b007c656,7d4d3dc074c38006b6ce940719ba062b655fab53a097782e90a45a2e73f63d99,0.0,0.9,19137905.85543848,4.0,1.0,1.0,1.0,1.0,f2d4b856adaaa2055a662aa983c82948cc808ea34d7ded3c4191e1870a452902,3,2,2,5a7b53543e988c24dbe28d11481ccc1f65c1a40798f5988b7ac6d90b8e57fb7d,P4,1225624361.9278798,1225624361.9278798,0.0,1912180.6538950251,0.0,1912180.6538950251,h09,5,Katrina,1223712181.2739847,17225725.201543454,1206486456.072441,1747289119.7591224,134668224.30526394,1.0,0.0,0.0,NONE,False,False,0.0,10400000.0,0.0,0.0,NONE,False,False,0.0,9557344.06438629,0.0,192189274.72734597,R0,False,True,134668224.30526394,1727331775.694736,9304ca5c21f1855657a9a2b5f703439b80327b9e6afc50e7dd68226e0eeacb02
E2A_VACCINE_H0,LA-0632,632,09fa919dce5aca4e4a9326da31ac6f126fe2a5563c26fb6e5b4f3863fa371daa,M2,A1_FINAL_NO_MEMORY_V1,certified,PASS,,,c809cc1dd8871feb8050763238b4bc9c5a44ddfcf103301c8d42fd7b55d9dc38,4e226d9511bad6d4be1975df8dca614e6c44d421e9799c448224627f42380e02,0.0,0.9,19137905.85543848,4.0,1.0,1.0,1.0,1.0,a4e38bd19c473b6db6aa901573b416d5638eec23a503bfee2bb5f9904045785c,3,2,2,af229f663e80191b7e16a66c0087cf933afd7848e87bb846f24eda272dd292cb,P4,1235609927.7465334,1235609927.7465334,0.0,3919419.0697357124,1741218.7490653605,5660637.818801073,h09,5,Katrina,1229949289.9277322,13477268.036637405,1216472021.891095,1881229784.8140826,727559.2503036718,1.0,0.0,0.0,NONE,False,False,0.0,10400000.0,0.0,1164295.9112328484,R1,False,True,727559.2503036718,8829784.814082617,0.0,0.0,NONE,False,False,0.0,1862000000.0,75a96c4f6b9a09570bc24e71f10b7d491238f997cff52532ffb5621a19078ab0
E2A_VACCINE_H0,LA-0633,633,633a6a723b977918919fa56852b0aba2c042d2f3438fff7b6bd1d9fbb3cf24a0,M2,A1_FINAL_NO_MEMORY_V1,certified,PASS,,,e500e5bc0e9cccac66b248cba0d9e7f14692e6c5b0e606fa23cb8e7117da7739,a12858c514601a2977bd5c8e4fc5859e284aa1c7518ea6f50d4d5ad2791f7497,0.0,0.9,19137905.85543848,4.0,1.0,1.0,1.0,1.0,030ee663f9c0facdffaa47b7b7b0ee983913519a722279d3b5ecb496cfc00ea9,6,2,2,f329a1276b4c1d2ea42aa2abccaa8d64413c1f47759e62cdba6ab80c9ea13ef9,P1,1218894087.6819305,1218894087.6819305,19137905.85543848,0.0,0.0,19137905.85543848,h09,5,Katrina,1199756181.826492,0.0,1199756181.826492,1871013538.7652073,0.0,1.0,13914901.397747755,0.0,NONE,True,False,0.0,0.0,727595.8766971296,0.0,NONE,True,False,0.0,9013538.765207171,0.0,0.0,NONE,False,False,0.0,1862000000.0,bad6ecc23552c0ef8dc322dbb77db488e2dadb98da4ace9800e2f4742c464cce
E2A_VACCINE_H0,LA-0634,634,6ba89c16ac37b206f82ca95c1de169efebaaca3744abaf7346380d1b8b390378,M2,A1_FINAL_NO_MEMORY_V1,certified,PASS,,,78fd0786f271099ed890e9066308f58694b5d818415441b85b6c7892c5648204,c5209d04daf6e54f7e5abe53d6c137a7ff8b11f480061cd61ec990fdeebf018b,0.0,0.9,19137905.85543848,4.0,1.0,1.0,1.0,1.0,64443c83c74f4ca35aff4875c907e3a06233016601ca3b3157979e08a1d1d552,3,2,2,59bee0d038e72439eec13f12907357c077f45f2c43830182f1f763cd11daf96a,P4,1213450744.94648,1213450744.94648,0.0,3000814.284644216,0.0,3000814.284644216,h09,5,Katrina,1210449930.661836,16137091.570794262,1194312839.0910416,1714815749.6636262,167141594.40076008,1.0,0.0,0.0,NONE,False,False,0.0,10400000.0,0.0,0.0,NONE,False,False,-1.2992934911402637e-10,9557344.06438629,0.0,202745305.22504094,R0,False,True,167141594.40076008,1694858405.5992398,c833e7329ebcaaa3466d6c1fbbb5fbd656ebf5bc770662b3cc3b80910ae0a5d2
E2A_VACCINE_H0,LA-0635,635,a4962a555538274a67cfa945b5acb20d72f60a5bbc9c7c8c916af1f972f6fc8e,M2,A1_FINAL_NO_MEMORY_V1,certified,PASS,,,477b5b32b30cabcff33ced9cc78aaed0eaa1148f08dceea71511a68b1e075572,5460030d8d4b14b371b5bc588fdb714b7a747fff896261f9c4a3434942247d94,0.0,0.9,19137905.85543848,4.0,1.0,1.0,1.0,1.0,169826d6bcc99c50b9d0800f3152b712822b3dc16d280f4b5035e609d13c8fa5,3,2,2,7fea790d0add7cb1ec5ec49eaf682b0a30c4319625123603246347585d2c7cd7,P1,1221575772.5080268,1221575772.5080268,19137905.85543844,0.0,0.0,19137905.85543844,h09,5,Katrina,1202437866.6525884,0.0,1202437866.6525884,1871061715.0519652,0.0,0.999999999999998,14599172.771076124,0.0,NONE,True,False,0.0,0.0,695747.4598744205,0.0,NONE,True,False,0.0,9061715.051965155,0.0,0.0,NONE,False,False,0.0,1862000000.0,ea73c297cd8db4b2edd1728f10f1c2c36bc58b42137e7c582cb109ccf373a7e5
E2A_VACCINE_H0,LA-0636,636,7797de0ff3db60fd6af5b341d4ad5965b4e9d3f131a27235078f0afb56b9ec7d,M2,A1_FINAL_NO_MEMORY_V1,certified,PASS,,,0230124263496328429f229005afb55916e7faea31f653f1666a8a0faa7b7061,debbfc9750434a696a3431396c0cb0291ded1aad772390849a3127262623f6af,0.0,0.9,19137905.85543848,4.0,1.0,1.0,1.0,1.0,be1663b123603005c5a0027da8eeac74cb4b1d09e828e1074a1e8e7cbed2d439,3,2,2,cd2e69809626e41df5212bf373b8ecfe491b9608c430ef813d8e660e2dd72764,P4,1219017696.8134742,1219017696.8134742,0.0,5101224.810311049,0.0,5101224.810311049,h09,5,Katrina,1213916472.003163,14036681.045127427,1199879790.9580357,1729665706.628506,152291637.43588042,1.0,0.0,0.0,NONE,False,False,0.0,10400000.0,0.0,0.0,NONE,False,False,0.0,9557344.06438629,0.0,193122040.61884317,R0,False,True,152291637.43588042,1709708362.5641196,1e1c7bd8d318534e55e454aa4cd4d7ae433a9139dd1c8d5f0196be2992970122
E2A_VACCINE_H0,LA-0637,637,e71b6dc65ca73efe64c962e7f9ab0724f8378067927874baf7145d46126176ab,M2,A1_FINAL_NO_MEMORY_V1,certified,PASS,,,8c2c7512cedec3ee640890add938a4d6583d930122040b89ae422198168435aa,55e99c5163030f3cdfc3a13fd72689b96450ff2e718dbec29f7f60f7b1e2332a,0.0,0.9,19137905.85543848,4.0,1.0,1.0,1.0,1.0,346b1883f059bc69a3e699927148908cc3fcc3448b12a0df7c56a023a1faacd9,3,2,2,0b414ec5cbb95751105f41a1f1404267df1deecc1fb83dd5a917c57fa516488f,P4,1219147526.4885046,1219147526.4885046,0.0,7498774.84582004,0.0,7498774.84582004,h09,5,Katrina,1211648751.6426847,11639131.009618439,1200009620.6330662,1791486549.7650583,90470794.29932806,1.0,0.0,18140356.23400531,R0,False,True,10400000.0,0.0,0.0,0.0,NONE,False,False,0.0,9557344.06438629,0.0,139664685.8201512,R0,False,True,80070794.29932806,1781929205.700672,a1c9a6a3e54051bfbecf936aa770b69d617c0b079c6cc59774a3b05f64c60dd4
E2A_VACCINE_H0,LA-0638,638,12552ffda333a1c4f0a9c3027dfc500335d8cb4d9f60d2b64a346e70ebeed018,M2,A1_FINAL_NO_MEMORY_V1,certified,PASS,,,fbc84105e7b2edc8b1e1f44834ce54215c66c3d26f7710bc62527ae987afbf9c,891e78c9fcddc1a802be9a55f1749ee3495c5ad3197e7fbca22050906d42efb8,0.0,0.9,19137905.85543848,4.0,1.0,1.0,1.0,1.0,74a3e12c2a0a9019f53560f9dad4e3b2966e550336d7b94488ac721c8abf0a2d,3,2,2,3b7460743671738a4d66dfbbfb777bb611381984a68d285d2bd6b7d251be3963,P4,1214608943.0696352,1214608943.0696352,0.0,6275830.657794919,0.0,6275830.657794919,h09,5,Katrina,1208333112.4118402,12862075.19764356,1195471037.2141967,1779379786.4838226,102577557.58056383,1.0,0.0,13000928.923560519,R0,False,True,10400000.0,0.0,0.0,0.0,NONE,False,False,0.0,9557344.06438629,0.0,115230180.23579976,R0,False,True,92177557.58056383,1769822442.4194362,0edb6156c13bf2be74464368f1b0062d11bd21710918d0aad8aaafaa49682fc8
E2A_VACCINE_H0,LA-0639,639,4a72df578edeb421326e6855903210ae8cc935dd231e6acc2d3b66d5a4861908,M2,A1_FINAL_NO_MEMORY_V1,certified,PASS,,,d716a9f04c99b332c8b75a0d6283575444e012bdd8255217054556209581fa66,496cfec3ef38143f40e3d9367135f4a41246f92b0678515765c1cd69e7f2ed8a,0.0,0.9,19137905.85543848,4.0,1.0,1.0,1.0,1.0,e96f7b75e05edc93d5fd9a71f9017c6f0ea3f439f3913dd7d5524a07543f94e9,3,2,2,71a66d0c12134e4def35d6484024500769e1e66d2c9ac02153bf099e40cb9ee2,P4,1212957053.1448011,1212957053.1448011,0.0,10549067.587328479,0.0,10549067.587328479,h09,5,Katrina,1202407985.5574727,8588838.26811,1193819147.2893627,1713498816.773958,168458527.2904285,1.0,0.0,0.0,NONE,False,False,0.0,10400000.0,0.0,0.0,NONE,False,False,0.0,9557344.06438629,0.0,311989388.1549649,R0,False,True,168458527.2904285,1693541472.7095716,fc640ed687713c965d6beeb06f3e53e238f6980cb96aa287f9966228879fa448
E2A_VACCINE_H0,LA-0640,640,556736df794676bfcfdd155f45ceac1062e109abce1a2289402e71788afcd5ae,M2,A1_FINAL_NO_MEMORY_V1,certified,PASS,,,9eca924a8bf1b4848a717e35717824f3e702cf6fcd7e1413ec8a0a3697bdc2f8,22baae4bd1c3ecea100739fd53c6cf13a1e9d579543d945982461266f8039810,0.0,0.9,19137905.85543848,4.0,1.0,1.0,1.0,1.0,05592b17c105bad599b64dd1c0d7aba43285d61c0b2acc5c991eb0581fbca773,3,2,2,bc77dde05dbbe5583669628e1ea1568693efe24eedee7b400592fe49b83517ba,P4,1190542149.7690117,1190542149.7690117,0.0,4296452.767869761,0.0,4296452.767869761,h09,5,Katrina,1186245697.001142,14841453.087568715,1171404243.9135733,1870504198.1157224,11453145.948663859,1.0,0.0,14954522.260020705,R0,False,True,10400000.0,0.0,0.0,1514355.2434946443,R0,False,True,1053145.948663859,8504198.11572243,0.0,0.0,NONE,False,False,0.0,1862000000.0,f15498e7e8f6e0181b939fc9b2855270c7e63813638b472e742a9f833be246c2
E2A_VACCINE_H0,LA-0641,641,4512c598ef900c7549d2933d16da725602014ce1f53d09c6ef3d34b215f54e33,M2,A1_FINAL_NO_MEMORY_V1,certified,PASS,,,4905505631f8a68346f231a317d6fba7e6757a6008f9487429b6f3295939abf7,c0c7c0f6742b15d7287f0baf02d7e10062507f8a6281205437f857d2aa1540f5,0.0,0.9,19137905.85543848,4.0,1.0,1.0,1.0,1.0,f856e24e413016d63480e8a11bb3f783b1dd37102f141036ba73c566b2769973,3,2,2,12bfec415a6034135f9eb99fca621f49fa6edc9ac721070dd7175b8a7be99c33,P1,1222254776.0378351,1222254776.0378351,19137905.85543848,0.0,0.0,19137905.85543848,h09,5,Katrina,1203116870.1823967,0.0,1203116870.1823967,1880455924.8020694,0.0,1.0,796020.7468557104,0.0,NONE,True,False,0.0,9840000.0,1338195.1148102928,0.0,NONE,True,False,0.0,8615924.802069498,0.0,0.0,NONE,False,False,0.0,1862000000.0,95a87a93f9ad21f6dfccdcf12ab9a620724c5c1c4df742132081ff048eb590a3
E2A_VACCINE_H0,LA-0642,642,df36bdc338b56dbdb6049ba0f8338289089a63b99a8d10e273f60fe82107fd03,M2,A1_FINAL_NO_MEMORY_V1,certified,PASS,,,4442e1a9734e0c43001b018e97f5c562c9cf036b9173689bc486026568c71835,838f7b2cf72dadf93254870bff0c3d4d70a6ef253054161c13854ebb2bac251a,0.0,0.9,19137905.85543848,4.0,1.0,1.0,1.0,1.0,4c593f40e620b1bcdf764eb82dbd627d49118247841853ff5491726770115a5a,6,2,2,54884a790d5cdf2cfb5e5d090a5b1bc070e16b0a6cf3014c93835799cd1b73ea,P1,1220159913.137852,1220159913.137852,19137905.85543848,0.0,0.0,19137905.85543848,h09,5,Katrina,1201022007.2824135,0.0,1201022007.2824135,1880952226.3452575,0.0,1.0,0.0,0.0,NONE,False,False,0.0,10400000.0,1375244.743851572,0.0,NONE,True,False,0.0,8552226.3452575,0.0,0.0,NONE,False,False,0.0,1862000000.0,ff7e06fd06d32d20589520def91c83874496a68c24fb6d2fce48ed35520cbb04
E2A_VACCINE_H0,LA-0643,643,476f3dd0902c8ebb208b2a74f433d48c8c604c57c41e863f53fd6f283fa2058d,M2,A1_FINAL_NO_MEMORY_V1,certified,PASS,,,7a9898786d5b350535e6040614e628ce66de0294c20972907cd60d0e50b32da5,e5822c66c9d8b493bdd13708175cc94d9d39b9bf9bf21099c97756db0ba7e4a8,0.0,0.9,19137905.85543848,4.0,1.0,1.0,1.0,1.0,cf480552fe0cb47b800fa084d21b524aaeaac8bbab9118268ebcac19601273ea,3,2,2,94068efd6d8bd68c5cb5224fc8122afa796a9802a3587d3756aa75caed8de2b2,P4,1194156298.869964,1194156298.869964,0.0,4725282.602151018,0.0,4725282.602151018,h09,5,Katrina,1189431016.267813,14412623.25328746,1175018393.0145254,1880485073.1714308,1472270.8929554645,1.0,0.0,0.0,NONE,False,False,0.0,10400000.0,0.0,2238724.346670035,R0,False,True,1472270.8929554645,8085073.171430825,0.0,0.0,NONE,False,False,0.0,1862000000.0,9182a45675b0144cb3e3e185c9ce9fccd8c6755b15ccd8f02e8ae83a49b6e715
E2A_VACCINE_H0,LA-0644,644,103819d6efae8e8d55afb623531c8fcc5caedfe82e8359c199034866e7596adb,M2,A1_FINAL_NO_MEMORY_V1,oracle_failure,FAIL,oracle_failure,Full exact certification was incomplete,b5b68caf1abd7ddb8b2a762b4672bc84f60eefb5632204955cb124bb3204b73b,923e1e2b57610fc7740e2fd24a768713c9758a7184ac2a373f934d0a1a48a9a3,0.0,0.9,19137905.85543848,4.0,1.0,1.0,1.0,1.0,5b0f80cdfac994661cdaf81768cb2cebd7eb674ce406d83f19a9320cd84dd0e0,3,2,1,,,,,,,,,,,,,,,,,,,,,,,,,,,,,,,,,,,,,,,71d30529a1ef6f6f66862799e201ae5981d87c32c9fc4ed41c8a6eed20d83f53
E2A_VACCINE_H0,LA-0645,645,491eaa63b3f4abf29305ce1314ef34b5062b2ed3d78ba7986c583a977115529f,M2,A1_FINAL_NO_MEMORY_V1,certified,PASS,,,7b446561a8a1330cc446394fffdf3c97bbab6767e22ae901a1c73541f16395cd,7ce3c0e70150c12389e9b6ddbfb4ec4e88c7a2b3586e190a13c484f25f7f94ce,0.0,0.9,19137905.85543848,4.0,1.0,1.0,1.0,1.0,bd89d03e963bba7662de816fa00606e859d5ace6e9edd6b3de62db121b93afa3,3,2,2,e4de9264e044741bcd57717e8280117bd9d54e55c448b179584daeb9fc3be0ec,P4,1205477404.6309388,1205477404.6309388,0.0,7639044.1677242145,0.0,7639044.1677242145,h09,5,Katrina,1197838360.4632146,11498861.687714264,1186339498.7755003,1859758998.2914684,22198345.77291793,1.0,0.0,12971176.144869573,R0,False,True,10400000.0,0.0,0.0,885731.2305274339,R0,False,True,710159.5641447466,8847184.500241542,0.0,13829501.580876011,R0,False,True,11088186.208773185,1850911813.7912269,7eb489e02b85234d68d1b77820ec3116f23594c0ef5fbea22b25b8ee27f15844
E2A_VACCINE_H0,LA-0646,646,22a0bacd90599d7c88030899afc42006c5478242a84e990047e8e3cd7ed3a54e,M2,A1_FINAL_NO_MEMORY_V1,certified,PASS,,,d838a4adf0e73f7f8e2da43641f672222da46b8a494391e60118dad0b9c23f28,6e5490b82cee806964808b97afa9ddfd6b0bc4b9362c1563f0c71f80640d4e10,0.0,0.9,19137905.85543848,4.0,1.0,1.0,1.0,1.0,bf2204b00fb474d51f0edba683a63ef74ae5a8ae67ec32aaa6fda546111e9491,3,2,2,3e14d80fcd6e68c08fe71e7cf7ab4cad241b1a6468e1d4903c6384291b622245,P4,1217994669.9729517,1217994669.9729517,0.0,2202007.293225724,0.0,2202007.293225724,h09,5,Katrina,1215792662.679726,16935898.562212754,1198856764.1175132,1726936761.7914314,155020582.27295488,1.0,0.0,0.0,NONE,False,False,0.0,10400000.0,0.0,0.0,NONE,False,False,0.0,9557344.06438629,0.0,255190639.58896714,R0,False,True,155020582.27295488,1706979417.727045,dfe1bf6ebc0f3a5269e4080200b81595347cd3bde51e3c1532e6635bc33d355a
E2A_VACCINE_H0,LA-0647,647,9f75b37c7ea35e63988ae11a092a8defc68ea622b5abe84163c8de5e4133e10d,M2,A1_FINAL_NO_MEMORY_V1,certified,PASS,,,37e1c1685844bb166bfb629f351920e09ab67844eed76114285e5b0376caaffa,f74909dee6624bcf06043e4d6c2774dee54e2be4fb9309b920c53e19aa4ffbf6,0.0,0.9,19137905.85543848,4.0,1.0,1.0,1.0,1.0,a467606b43de731c4b864a40faca9c61659c3ed8ff8c6854fb839ae019140ab4,7,2,2,45e70eabf6e279e0bf9aaa7aaf25fd685183095111b7a150843d5026ac0d32b7,P1,1220130617.2025092,1220130617.2025092,19137905.85543848,0.0,0.0,19137905.85543848,h09,5,Katrina,1200992711.3470707,0.0,1200992711.3470707,1880951700.045758,0.0,1.0,0.0,0.0,NONE,False,False,0.0,10400000.0,1375244.743851572,0.0,NONE,True,False,0.0,8551700.045757953,0.0,0.0,NONE,False,False,0.0,1862000000.0,52fa939e264526f6cc370a5259df02a4549624a2ba1508166fd5f7f3627b5c5e
E2A_VACCINE_H0,LA-0648,648,11c1b64f15bc6da32ddaf8da712da6024392b6c8099fcdbec7dd43ca9c10688b,M2,A1_FINAL_NO_MEMORY_V1,certified,PASS,,,dd32dbe83c54efb2823711af46f212fbca3b1d8e89a316e3abc0cc5d8fdd35de,1c3db9515d7ba1050621a2de273f2f2d600cfc7206d06f9258dcd6a554542bb5,0.0,0.9,19137905.85543848,4.0,1.0,1.0,1.0,1.0,98e0d94f7149a28fa7e02faf1c1929d82f2b7eae96de2d01974b26d45f09e680,3,2,2,9986fece4b359609bcfa5c66e97cf2444ebe2f102efe45c3896d7ca2084e503d,P4,1227318467.49491,1227318467.49491,0.0,3043143.584515093,975701.7944808035,4018845.3789958963,h09,5,Katrina,1223299622.115914,15119060.476442583,1208180561.6394715,1751808180.7040389,130149163.36034743,1.0,0.0,0.0,NONE,False,False,0.0,10400000.0,0.0,0.0,NONE,False,False,0.0,9557344.06438629,0.0,174416154.0676397,R1,False,True,130149163.36034743,1731850836.6396525,1c483bc7d2b6b488304bae73172d2b025b55c859d3076fe8ea496b00692e55f4
E2A_VACCINE_H0,LA-0649,649,8bdb499cfb7da607adb470d692cc7569cfddef59031fe66cd17753dbcc98d428,M2,A1_FINAL_NO_MEMORY_V1,certified,PASS,,,2808aebd64de641bc91738b164c15d1f79d376d704a111392707d966ddafa67e,c8abdf3f219000392c58a738c717fb8c88fcff0fa6c4a9143e69ea9b22db4d6e,0.0,0.9,19137905.85543848,4.0,1.0,1.0,1.0,1.0,e78fac524d896c212fde00d14625a15fccd8395e1d08aef6f0511655d3a048d2,3,2,2,ef245a08669005a45a594a6977275d3d540d73d99532d7792cf9529a2883dc1a,P4,1180395423.052388,1180395423.052388,0.0,3780087.629485925,0.0,3780087.629485925,h09,5,Katrina,1176615335.422902,15357818.225952553,1161257517.1969495,1626640008.3755019,255317335.68888453,1.0,0.0,0.0,NONE,False,False,0.0,10400000.0,0.0,0.0,NONE,False,False,0.0,9557344.06438629,0.0,369454459.2992035,R0,False,True,255317335.68888453,1606682664.3111155,da8db588eaf7b6a3c1081301e36daabca4372d619c411af651b046d264f62e16
E2A_VACCINE_H0,LA-0650,650,896e1ab448726f2971ba9a04b3ebaf173c1cdfc6a202764ddb5b4de5a49689f7,M2,A1_FINAL_NO_MEMORY_V1,certified,PASS,,,7f187a86057c598ddaa3487c32a0d9ea0deb3f976fdfab1b59dbea09a6324509,124f37c6e6a2bd256a75b71b8219d476403ad8efaf0bae6c04160baa7cba9d17,0.0,0.9,19137905.85543848,4.0,1.0,1.0,1.0,1.0,9c8e7db86c07c6b2fc6c23db0d0b7acde9ca6039ee336fc3425d7ff9f32663ce,3,2,2,08efdecdc068b5eaef50bfbb433863cf508b63d163679e448ad2a5b5fba688ec,P4,1173592870.5655491,1173592870.5655491,0.0,172172.9871782699,0.0,172172.9871782699,h09,5,Katrina,1173420697.5783708,18965732.868260205,1154454964.7101107,1870199705.4597247,11757638.60466168,0.9999999999999998,0.0,15656541.240527626,R0,False,True,10400000.0,0.0,0.0,2043838.923424806,R0,False,True,1357638.6046616805,8199705.459724609,0.0,0.0,NONE,False,False,0.0,1862000000.0,6863bf516bda029aa6e42372b72c8bac306173ba8119216d5e2d8677b4682d2c
E2A_VACCINE_H0,LA-0651,651,c486e6a3009e360e307e99848a7b8540e0c6bd938c9884e3af76cf8be54c6799,M2,A1_FINAL_NO_MEMORY_V1,certified,PASS,,,6e6273d612bbe257648e05d21a24e1e77c8f235c1a078ed466ee6059c0c0cc5f,2cb4931766de971a9957586fffe2a2e6abd0a8f25c3cd11464c957d24b52a94d,0.0,0.9,19137905.85543848,4.0,1.0,1.0,1.0,1.0,f8ece0bcef78318f344f701bef6440b8395ea7d15a4b130c4036bb6df51f5a9a,3,2,2,30f902b3d0774606c199840d994e19fd8dc1e41a5d75a3bdbf7a273db0651e9d,P4,1228746933.3691587,1228746933.3691587,0.0,4692748.285290684,5512401.8302798495,10205150.115570534,h09,5,Katrina,1218541783.2535882,8932755.739867944,1209609027.5137203,1881106491.5836756,850852.4807106586,1.0,0.0,0.0,NONE,False,False,0.0,10400000.0,0.0,914192.737105783,R2,False,True,850852.4807106586,8706491.58367563,0.0,0.0,NONE,False,False,0.0,1862000000.0,50bf1996afe338017c465f11682cc8bd0474a9deac5c9807793b87e4d4d776d1
E2A_VACCINE_H0,LA-0652,652,618cb1f836844a095ccc3291336c875b65e64fd8ef9b62a3c3e1ed575c4e7c36,M2,A1_FINAL_NO_MEMORY_V1,certified,PASS,,,3f3c47def4c82e7e915cb7788e57f0b9c69a6621be33063d624c75e623bbf0d3,0de1d403a6c4d8a84dd4bea3abf1acfd40740fb022493c6818cd9c0928fe45e9,0.0,0.9,19137905.85543848,4.0,1.0,1.0,1.0,1.0,86934a46cb5ec33748013a7e63e1c21a125dea62d83c901e6b22509443e00bca,3,2,2,151dbd5703679eb7eb15f6437c43e1077bd40f55cec42051ccd75e4bfebf77b9,P4,1231177187.513909,1231177187.513909,0.0,3308871.985677693,0.0,3308871.985677693,h09,5,Katrina,1227868315.5282314,15829033.869760785,1212039281.6584706,1823575914.4294958,58381429.634890534,1.0,0.0,14011948.15646643,R0,False,True,10400000.0,0.0,0.0,0.0,NONE,False,False,0.0,9557344.06438629,0.0,64645510.049733475,R0,False,True,47981429.634890534,1814018570.3651094,b2e5e87c863f8d4bf52ebb0db6090fd6b3f2357c82d482cca8204b0e92773955
E2A_VACCINE_H0,LA-0653,653,195798ab08b968fb6c4ee37bb25c36d5da051d533e0131a34d45e6918a9dcc43,M2,A1_FINAL_NO_MEMORY_V1,certified,PASS,,,d136a89beb2dbbdc4745571d52c51727f0fbfd3fd9a92926d682b623a8b4c333,f67c36bf8678d316d629cc373261e160a3ad39177d226705040accaf5ac88f7c,0.0,0.9,19137905.85543848,4.0,1.0,1.0,1.0,1.0,ac1f34978008ffcc6dd9009826f00ce48d4362b448d2484586ee96bf18aa4b24,3,2,2,399e2ebd39be7b1f2bf6defefb66c3868e81a21a12cdf2ed82ec09a1ff88cd9e,P4,1204080203.9180856,1204080203.9180856,0.0,10018807.359378671,0.0,10018807.359378671,h09,5,Katrina,1194061396.558707,9119098.496059805,1184942298.062647,1689819641.499962,192137702.56442422,1.0,0.0,0.0,NONE,False,False,0.0,10400000.0,0.0,0.0,NONE,False,False,0.0,9557344.06438629,0.0,304494421.3113062,R0,False,True,192137702.56442422,1669862297.4355757,d31b183d747a5829cb544f8e5327b687da20f540c8fa5477b85b8911ba374a33
E2A_VACCINE_H0,LA-0654,654,4ef1d9df69d5d7130d3d42e294c1182123f2593437574be71ff64cfbe18e8424,M2,A1_FINAL_NO_MEMORY_V1,oracle_failure,FAIL,oracle_failure,Full exact certification was incomplete,ebb28e8125d0cdb33a5bd36424c9083b5c45075626add05b9a89b444362afe2c,6daf25212f4c17aafd559619767cccade067337e2fb03da9a5af7bd4f2a25ce9,0.0,0.9,19137905.85543848,4.0,1.0,1.0,1.0,1.0,4f88167f7fc339f0be71a4ea4eb82b0fe1c33343bf6b67e632c71305af509073,3,2,1,,,,,,,,,,,,,,,,,,,,,,,,,,,,,,,,,,,,,,,4b45feb6a5c8ee13b2be73bef8eac5ee79a21135dbaf6cfa5d31f11d6634c0fd
E2A_VACCINE_H0,LA-0655,655,45489cb4e0a7fca0bb86ea1f9af348ada1ccef4291e4db2c2a29812789df4bca,M2,A1_FINAL_NO_MEMORY_V1,oracle_failure,FAIL,oracle_failure,Full exact certification was incomplete,de813f32561e3b5e1b6ffebb7e34f956f77e48fd59bc74d5774e06cbaf005281,2018ed779c79734026b57facb6c8560ded17ba137e1189e244f5b773607f59be,0.0,0.9,19137905.85543848,4.0,1.0,1.0,1.0,1.0,b0aaaa9b6c7f24b7813818546fa2b4fc1c91cbaee4bc4b5940be3ac533771f1b,3,2,1,,,,,,,,,,,,,,,,,,,,,,,,,,,,,,,,,,,,,,,c153e6b425205e15306ed1083482bc106e05045e68bc09e73a316c7b7e131193
E2A_VACCINE_H0,LA-0656,656,e0d4ce5e0d8d85d543955719abd8351ccac93a90d05264c33c1df52a3cad0e0c,M2,A1_FINAL_NO_MEMORY_V1,certified,PASS,,,644d2e2621d044ab542249856552bfdadde80deb89463e9b3af70bf68da932ce,14903d138e0cfe5097c6ef8da99cc0d97024fc5d970aab3fe02cca659ad5e28e,0.0,0.9,19137905.85543848,4.0,1.0,1.0,1.0,1.0,f676ff3e34df7e39f09a689042ebde0b557ef7bc31d71dc0bdc46d073649c4b4,3,2,2,7b5493dd7a67a088cecc21321d84a68200e81342ca2f65153d2e729b261146be,P4,1222364399.6860554,1222364399.6860554,0.0,8675861.837021727,684119.5403633537,9359981.37738508,h09,5,Katrina,1213004418.3086703,9777924.478053398,1203226493.830617,1880991829.797187,965514.2671992935,1.0,0.0,0.0,NONE,False,False,0.0,10400000.0,0.0,1811449.3483419488,R1,False,True,965514.2671992935,8591829.797186997,0.0,0.0,NONE,False,False,0.0,1862000000.0,bafe78629561ee6797b95d126d4cfa54d62242ef35c9d3896ebc5ab9a0870865
E2A_VACCINE_H0,LA-0657,657,f9ef6ee3c5c9a319a187f6339c5aee9e0c4c0419506a224a9a90dd598c9e874c,M2,A1_FINAL_NO_MEMORY_V1,certified,PASS,,,3b6c87e33449e28f321884192448487fa00ef2b435124120910bf5c125c24ff4,e50b77d59e759461c98cefca3c8aef3c1551409ca94567dbe57cc516dbfda50c,0.0,0.9,19137905.85543848,4.0,1.0,1.0,1.0,1.0,db8b689c0faa7b59c65def2a674a1f0abed59e167be705290e5b36ba5019b11c,3,2,2,e7fe7c907864f1c2b17aa3a5ec131015b290825935c93845e43087c99b88237c,P4,1214988701.2890565,1214988701.2890565,0.0,5255763.228888918,0.0,5255763.228888918,h09,5,Katrina,1209732938.0601676,13882142.62654956,1195850795.433618,1780392799.2330263,101564544.83136006,1.0,0.0,24275465.522900835,R0,False,True,10400000.0,0.0,0.0,0.0,NONE,False,False,0.0,9557344.06438629,0.0,212794400.47736812,R0,False,True,91164544.83136006,1770835455.16864,aa6ca43f218a366ba5283d314ea2e7a015f8cdcade1f5a5f169b46b13e224078
E2A_VACCINE_H0,LA-0658,658,a06ac5f944e152077f015a26b4594a06abac302d9ee8d12168cc1855c3b7c784,M2,A1_FINAL_NO_MEMORY_V1,certified,PASS,,,e253550ab477d54a7e25aae19e625f82b17e5d2e10c44234673bbb6ee800ea42,7c0a5f3fd1cb68dcb8420621a5bdd07be609b3ba239e08e576173836c5c8b61e,0.0,0.9,19137905.85543848,4.0,1.0,1.0,1.0,1.0,9cc2bac998dad7c4c058c424ec5538e01daeaca760ec83e382dcf2c707003d51,3,2,2,8b39b247fad785d93d049dedfcaacf7db4f38057ddf90831b523775194fb5a92,P4,1197577802.7998314,1197577802.7998314,0.0,7295605.1064479835,1015170.9554537579,8310776.061901742,h09,5,Katrina,1189267026.7379296,10827129.793536738,1178439896.944393,1880546540.2584147,1410803.8059716444,1.0,0.0,0.0,NONE,False,False,0.0,10400000.0,0.0,1711108.9069772817,R1,False,True,1410803.8059716444,8146540.258414645,0.0,0.0,NONE,False,False,0.0,1862000000.0,3769f692a4da382734ab790b6e543b12c93784cb83f0f3accea93a5cb9a30c25
E2A_VACCINE_H0,LA-0659,659,ff2742c89e2584765813c265a87b00bcf2298dc47b57a0723381f98b2e85b160,M2,A1_FINAL_NO_MEMORY_V1,certified,PASS,,,b992987a47f2e699a2e6a1a1b5f0d721da73d9014bb737b1769c605b0a4ee51f,d55bb1ec4a901f41b533254f55096ac62c7444fd09f7a30e8b0dae6435990b45,0.0,0.9,19137905.85543848,4.0,1.0,1.0,1.0,1.0,dc323f9294ae8013835ebb156149d7d2131f1303939b180c3bdc3d9f8518123d,3,2,2,55ec390bd5b98fcf250d7bec70908f79ad44eafbf65b56aad6d1f0349bbdc002,P4,1221788283.2369628,1221788283.2369628,0.0,5064321.646607061,0.0,5064321.646607061,h09,5,Katrina,1216723961.5903556,14073584.208831416,1202650377.3815243,1737056302.0816877,144901041.9826987,1.0,0.0,0.0,NONE,False,False,0.0,10400000.0,0.0,0.0,NONE,False,False,0.0,9557344.06438629,0.0,335214422.3414589,R0,False,True,144901041.9826987,1717098958.0173013,eb541cc45bff1134d0c3221e45182e2b130c36695e5e01e0ae0fb7969bc3ec0b
E2A_VACCINE_H0,LA-0660,660,14a609fa2b4cae99483035bbbc217a5848bba0547b137dfdc5f0bc4a8c2c9097,M2,A1_FINAL_NO_MEMORY_V1,certified,PASS,,,ccacb16e6de8cd7235fe20144ec408be59d59111fc8324ae6eee9a9d809383d6,7d5cd27c8ccb8cb77953a1598a95deeaec1d06cd1210dba50ba77b9a2723219f,0.0,0.9,19137905.85543848,4.0,1.0,1.0,1.0,1.0,ffc5df589cf93dc3acc617d962baca7af45cf911a20ec833bdda51a8e3f87662,3,2,2,98720413636c1a799d1d7f63b2ef9231910607f69cb6d969adb9c0ea4322d793,P4,1181746087.2291002,1181746087.2291002,0.0,2473729.260722154,0.0,2473729.260722154,h09,5,Katrina,1179272357.968378,16664176.594716324,1162608181.3736618,1879956128.8555224,2001215.208863857,1.0,0.0,477830.3163157262,R0,False,True,320933.0652732655,10079066.934726734,0.0,2501735.829207628,R0,False,True,1680282.1435905914,7877061.920795698,0.0,0.0,NONE,False,False,0.0,1862000000.0,6de35b51d8f71735267e1e582d1e326427f7e869c4b1d89c5026f3fe234edb40
E2A_VACCINE_H0,LA-0661,661,49ff78a183a4c1d8000619d9ba5e880a1c0353490469ac3a78684199f5d38ab8,M2,A1_FINAL_NO_MEMORY_V1,certified,PASS,,,bd9d34f728a9d75f33a31a9d13ab8f5e13b2c6a6c465073e6bdddd1d22036556,4034f938c198c4a5a9be4402cbd50d7d137e81c2079477f56ca085c488b9228c,0.0,0.9,19137905.85543848,4.0,1.0,1.0,1.0,1.0,0028b7b4e3d743baac25826fd13b3a321cf4d37f963cf176a49ef511c131128a,3,2,2,3fccd12ff9143ee853b1ea16854c0a9c7b35b23beb272172530995d857ce75f8,P4,1213911635.514469,1213911635.514469,0.0,1701761.5208502465,0.0,1701761.5208502465,h09,5,Katrina,1212209873.9936187,17436144.33458823,1194773729.6590304,1716045184.5974422,165912159.46694413,0.9999999999999998,0.0,0.0,NONE,False,False,0.0,10400000.0,0.0,0.0,NONE,False,False,0.0,9557344.06438629,0.0,510886805.67903525,R0,False,True,165912159.46694413,1696087840.5330558,4a5a1b94b28c0dbdb9625e5009ed05e200f0478fd1678523e0ccd9f40afc43d0
E2A_VACCINE_H0,LA-0662,662,7528e40a00262a4e0a2dbbc3afdb22346360eeda109b1066d365a1c10db747f1,M2,A1_FINAL_NO_MEMORY_V1,certified,PASS,,,a7411627b1eb6552e606b513740326266305ba8503a77829b9207424b0687fcd,962d3009f1104016d3bc2eaa3b7c25f4caa006eafca039b90bca9a0cb478a5a7,0.0,0.9,19137905.85543848,4.0,1.0,1.0,1.0,1.0,5e78374acd613735437d1504434762741057e34924ae5bfc48ed172824bc3548,3,2,2,49954abc5c64141ae9478fc2b025152c1d57db05179c5900e85d0ab94010fed2,P4,1171464987.398077,1171464987.398077,0.0,2279874.519544153,0.0,2279874.519544153,h09,5,Katrina,1169185112.878533,16858031.335894324,1152327081.5426385,1602817890.2195296,279139453.8448568,1.0,0.0,0.0,NONE,False,False,0.0,10400000.0,0.0,0.0,NONE,False,False,0.0,9557344.06438629,0.0,430440731.852653,R0,False,True,279139453.8448568,1582860546.1551433,0fed34f880e332375da071f8e2044f2b3ade90375fd146cbce8adae66185d6bb
E2A_VACCINE_H0,LA-0663,663,1c934d645b4f92e9294648171da37858a2e83fadae65ec86d01c14f73ec9ebf0,M2,A1_FINAL_NO_MEMORY_V1,certified,PASS,,,a761001eeb2ccaea816ae74482d4e10ca1682e1618e6e9533fe7c05f80ee08b8,4491b7ea4854417e2def1e14ee0af765599b411384f6454f5cbfdddd7153efde,0.0,0.9,19137905.85543848,4.0,1.0,1.0,1.0,1.0,72a689455497ababb44c7a9ebb0265284acda19e8afeac16b1c1b6572600b5a5,3,2,2,b6c43d4d35b8b22fb570da73db0e98c7bd4d4db7daad2adce07234cb06137dcc,P4,1217419677.268459,1217419677.268459,0.0,7355452.177649954,0.0,7355452.177649954,h09,5,Katrina,1210064225.090809,11782453.677788522,1198281771.4130206,1880583823.9725764,1373520.0918098283,1.0,0.0,435575.34998157556,R0,False,True,334754.9008449553,10065245.099155044,0.0,1351617.289130485,R0,False,True,1038765.1909648731,8518578.873421416,0.0,0.0,NONE,False,False,0.0,1862000000.0,66d7a1916fbc9b2022392bb61a6d129f4a6827c017e553587d0438cfcd5d4b3f
E2A_VACCINE_H0,LA-0664,664,5497f1c9a446434f8dd9be045670011511bc6bb3d13d795ab51e1e389b7e6bc4,M2,A1_FINAL_NO_MEMORY_V1,oracle_failure,FAIL,oracle_failure,Full exact certification was incomplete,0c4a758f5ccf35eaf36e3f6b905710d1c1b61c6312258df92d968477d15574c7,dc5a4c02406cf240f472b5f5e289b40063329565cf5a713e70a3418fbd4d6822,0.0,0.9,19137905.85543848,4.0,1.0,1.0,1.0,1.0,d94ff6592f2d41fe74d121e2f917e80cf172c2fa5610be75c9ee420ec9a73bbc,3,2,1,,,,,,,,,,,,,,,,,,,,,,,,,,,,,,,,,,,,,,,0f3d490bd91579b5ea535345eb3c38cddabae4edcc99322655c35df13f15b973
E2A_VACCINE_H0,LA-0665,665,cfc4590f21baaefd8421013da22da811289c9a85a408dbc4caa38817492f1bbd,M2,A1_FINAL_NO_MEMORY_V1,certified,PASS,,,796dc41b70dcaa507459e03668d28c784ba438ef601e656ba7f2947317073aa0,fb8f04c9985b1ac7133c8280fa605bce09e27d87a4db742edae91a7c42e4e1bb,0.0,0.9,19137905.85543848,4.0,1.0,1.0,1.0,1.0,cd661a1f6656696945cb184ceef22c99b6d8b6a05910e4325e83f471d27bdcab,3,2,2,1e7eb8e4bcffb4ca2edef4ba32edb168b1800633fcb201e121aa82b4d2dac784,P4,1212215496.624901,1212215496.624901,0.0,5079806.335908791,0.0,5079806.335908791,h09,5,Katrina,1207135690.2889922,14058099.519529687,1193077590.7694626,1772995219.5697854,108962124.49460092,1.0,0.0,16802515.079632297,R0,False,True,10400000.0,0.0,0.0,0.0,NONE,False,False,0.0,9557344.06438629,0.0,159239575.29818538,R0,False,True,98562124.49460092,1763437875.505399,e9015ef82b8be96ac12f7d915037b081e6dc643b278f40d8bffaf2b4f513bf80
E2A_VACCINE_H0,LA-0666,666,8f0afc448251b9df2ad2a2757a0b6fcc90ee3b5d73cc8dd1149a9974aa13aea2,M2,A1_FINAL_NO_MEMORY_V1,certified,PASS,,,289845c4dda0db617bb7335f485128e3a42fb097e9e8bca77375c2dc8ca223ee,71a256339bee36e7c2d650d5132d4f92e7d4e03e3ecf42f5a73a8fd0f74fb03c,0.0,0.9,19137905.85543848,4.0,1.0,1.0,1.0,1.0,30af0eb9ef6b1351584600585c51b2dbdde13625e37815cc4ab2c243a328d319,3,2,2,6c69313ecdd30017d369606eeed0aa215c12a5ce6fc7d42477c7ebe8c2bdd52e,P4,1221675364.1197798,1221675364.1197798,0.0,59909.44005527173,0.0,59909.44005527173,h09,5,Katrina,1221615454.6797245,19077996.415383205,1202537458.2643414,1798229607.8937259,83727736.17066057,1.0,0.0,23258650.954127364,R0,False,True,10400000.0,0.0,0.0,0.0,NONE,False,False,0.0,9557344.06438629,0.0,163990790.4663206,R0,False,True,73327736.17066057,1788672263.8293395,2ec8ce60f7767f11b65e7d7751114bcd147e21e379634a84ed36b9155bfcc3d1
E2A_VACCINE_H0,LA-0667,667,1547ef812fe1610f17432bfb8261cbaaad6687ef6302d7e94639761d2c20548a,M2,A1_FINAL_NO_MEMORY_V1,certified,PASS,,,3d97748992d672e9edc7390280011f43808b1eb1713a0eccbdc87460538ec438,60d6b54b3e3bca91ec9ab8dce29a0d7f7d0f5accc6349467603192a1b50b4d78,0.0,0.9,19137905.85543848,4.0,1.0,1.0,1.0,1.0,94b68f8dd4202395fd41c28d13a11a50bdd2d403d48bac1744417de32c4eba47,3,2,2,04793d5d455ed30021d7db4f62aec941bc5c07127933fb0214cbf22ea2c4e5a5,P4,1221349958.1493835,1221349958.1493835,0.0,11202082.617841598,0.0,11202082.617841598,h09,5,Katrina,1210147875.531542,7935823.237596882,1202212052.293945,1735887061.0243378,146070283.04004848,1.0,0.0,0.0,NONE,False,False,0.0,10400000.0,0.0,0.0,NONE,False,False,0.0,9557344.06438629,0.0,257985848.10136274,R0,False,True,146070283.04004848,1715929716.9599514,b2a4ef5e8e6d485cab10ff8eef7a80a8ba43de19c17e3708d8c45f534a4f3c4d
E2A_VACCINE_H0,LA-0668,668,974dcd92b4eb18d8265b15eb2b40eae35ea219e715c05573ec794f1112f888eb,M2,A1_FINAL_NO_MEMORY_V1,certified,PASS,,,d0cd14c18a0a2423979b9a0bac1d8a5b6a156ef77be1e7785f4e8b5c81b628dc,4d661f9211e60dc5aebb47f9bb0b16dd414f3285c0a8c71c79c6452e20c1e0d0,0.0,0.9,19137905.85543848,4.0,1.0,1.0,1.0,1.0,f2d9d744d9887a55b51af62af3d7992bde72e154adafce9a6adcd28c216573dc,3,2,2,4abf3c8e52c30ec22829f87a853a84212739ad53dbe5a8a4cda2fcb98a13058b,P4,1206786685.7645657,1206786685.7645657,0.0,8525046.98457081,0.0,8525046.98457081,h09,5,Katrina,1198261638.779995,10612858.87086767,1187648779.9091272,1758513756.5407226,123443587.52366371,1.0,0.0,21546946.84438812,R0,False,True,10400000.0,0.0,0.0,0.0,NONE,False,False,0.0,9557344.06438629,0.0,234206170.3337806,R0,False,True,113043587.52366371,1748956412.4763362,0392b070241e75814e0c90740fe6590ea697442ae1eba396a72e0f2ef7b1bb7e
E2A_VACCINE_H0,LA-0669,669,32b87869f4d2e2a986d6690691b45a79a8f924708158b97f739bd8aa425e9e22,M2,A1_FINAL_NO_MEMORY_V1,certified,PASS,,,afbc8a2fe6c5da35dddb0a74d54e71da65e48e304e201c6c5383dea9771d959d,68da3114e33f51ac84b5becd4b51dea684fbe629c7346c07ba409f1d3939dfbd,0.0,0.9,19137905.85543848,4.0,1.0,1.0,1.0,1.0,67dbbbb7d1660fe3b9bd35e4ae8d21f8f52a521194cf229ecbe53fb918c44fa1,3,2,2,71172b62f0fff2e26d14c4dc5825dd7c1ba2443a954e5fa8b58c412adec06eb8,P4,1223932685.6895993,1223932685.6895993,0.0,967852.0923606321,0.0,967852.0923606321,h09,5,Katrina,1222964833.5972385,18170053.763077844,1204794779.8341608,1742776539.0978966,139180804.96648967,0.9999999999999998,0.0,0.0,NONE,False,False,0.0,10400000.0,0.0,0.0,NONE,False,False,0.0,9557344.06438629,0.0,329906042.40388906,R0,False,True,139180804.96648967,1722819195.0335102,c6878ed014f098060771a2dc942fbc5e26c4a561be1b37abb6826a93dda86d45
E2A_VACCINE_H0,LA-0670,670,fd5fad55404a6c0f5d1cf6d6e6baaed87f72a25a7d664b80cf4f01cad207ee7d,M2,A1_FINAL_NO_MEMORY_V1,certified,PASS,,,b0a26cb6a009b594241f0deb45e89708b30caded6c8db3335c7f3d4009de4b92,f6aa61c310b898db7f35e6eac63cc2a8d0de63e38de8306cbe9c70f0d675494a,0.0,0.9,19137905.85543848,4.0,1.0,1.0,1.0,1.0,5ebb72d7ba570b6720ed487373fc17fc4329b0b48df50ffbf47dad43cbb5118e,3,2,2,ca244db2116cbb4c0ddfaac17af7e61348bcf115a0579f8fa2233e5b9e567004,P4,1202278008.8396919,1202278008.8396919,0.0,1718075.9279467964,0.0,1718075.9279467964,h09,5,Katrina,1200559932.911745,17419829.92749168,1183140102.9842534,1870715032.0311916,11242312.033194616,0.9999999999999998,0.0,23954270.022893514,R0,False,True,10400000.0,0.0,0.0,1940093.2583342565,R0,False,True,842312.0331946156,8715032.031191673,0.0,0.0,NONE,False,False,0.0,1862000000.0,6ecdaef04a554fbc1d8c3d2fd6cc4ccadeff1ed6a18bb0a4867380894d30dfbc
E2A_VACCINE_H0,LA-0671,671,942fb721765250f53d531bb6e5b970d0a0c78a7989fe46d19ff34f0287782c4d,M2,A1_FINAL_NO_MEMORY_V1,oracle_failure,FAIL,oracle_failure,Full exact certification was incomplete,e68416525cf301bc520c6713f622370ed7e28d7d1fcf83f6090ac0088ab4a81c,3be5c3d6eb74e5b6437c56af735d9f606d539d852688a560d8f983854bef64df,0.0,0.9,19137905.85543848,4.0,1.0,1.0,1.0,1.0,f486111546b797597d826833ca7548758d0f110ca4bb03164e22ec22cf27efe3,3,2,1,,,,,,,,,,,,,,,,,,,,,,,,,,,,,,,,,,,,,,,2e135087b3bea3ede5e184b1679ce4cf25030b269d1b07c3820b0788f01a5454
E2A_VACCINE_H0,LA-0672,672,cfc7d8a4a29a1874a559261f9b9bed31e89a00e1e8046d9b72386c1834491f78,M2,A1_FINAL_NO_MEMORY_V1,oracle_failure,FAIL,oracle_failure,Full exact certification was incomplete,7789641ca824995223131762c5b1f4e512a4ca6dd626358b7712aabce3b0a040,7ac867329707bdcd231cefc3f4c01495e506fe9602ed45d473208ba0cc6c8de9,0.0,0.9,19137905.85543848,4.0,1.0,1.0,1.0,1.0,b4969b0eec4f3a327097fdb87baa14de1f19d415fcc271c216fab1edfce48a22,3,2,1,,,,,,,,,,,,,,,,,,,,,,,,,,,,,,,,,,,,,,,f6d9776aa218c3945774855981cf6db349bdb7074677792acedd8ceaad2124fd
E2A_VACCINE_H0,LA-0673,673,361657be0bfa39e1f3c152fc51d9730941b0e6dd46c81836f5a882f6d679be41,M2,A1_FINAL_NO_MEMORY_V1,certified,PASS,,,862ef4bb4fb16486d759f9ac132f779475b7142c9a36f808b2db05a429014f51,69282d42d09fec5ccd01739e5e8cc74ac31c360330cd708cd11c8df95167b5c0,0.0,0.9,19137905.85543848,4.0,1.0,1.0,1.0,1.0,8fb813433ac4d32a9b1e9d2e5cc3f1b957c786700a453464962e80a78894f6a9,3,2,2,33b8b0f2403791fdf459cf4417840c42de0f184c60413b5545247f4d55d123f5,P4,1220331229.9332016,1220331229.9332016,0.0,5179024.361829334,0.0,5179024.361829334,h09,5,Katrina,1215152205.5713723,13958881.493609143,1201193324.077763,1794644102.7011895,87313241.36319682,1.0,0.0,14713011.86885666,R0,False,True,10400000.0,0.0,0.0,0.0,NONE,False,False,0.0,9557344.06438629,0.0,108810137.79316844,R0,False,True,76913241.36319682,1785086758.6368032,3b1ab0073997a9f62a98e4098ac4acdf821b728b3c14d76adb4eff4ed6cfc640
E2A_VACCINE_H0,LA-0674,674,e13f757dca3cc428340e0cdc24653f8976b21bb382584561268fd881cac6d579,M2,A1_FINAL_NO_MEMORY_V1,certified,PASS,,,6e4e93ede1f0d5a13f9fe366e4ff7dbaf3afa46d19a31229894cce25ae00aba0,223269b5573280f17bff0e4d1b9dd95f5dc43021969b07bdaf4822d12825b318,0.0,0.9,19137905.85543848,4.0,1.0,1.0,1.0,1.0,a6950796ba0553ac77182fd37840c383d90758de5f1c812b7e9c7fe7509817e9,3,2,2,7fe91262221dc61f3059cfec2bc8938871b5090d6e580078a6cbfb27f5a559c7,P4,1210257294.504754,1210257294.504754,0.0,4133111.1614449644,0.0,4133111.1614449644,h09,5,Katrina,1206124183.3433092,15004794.69399351,1191119388.6493156,1706297155.8690097,175660188.19537672,0.9999999999999998,0.0,0.0,NONE,False,False,0.0,10400000.0,0.0,0.0,NONE,False,False,0.0,9557344.06438629,0.0,307086635.7808601,R0,False,True,175660188.19537672,1686339811.8046234,156ae73aa0d767c0fabb0e129cc36bcc883e763273091b91e0b58ae17ebba7ef
E2A_VACCINE_H0,LA-0675,675,491bf922be7d5f940c1e726f7e4f8777f0e67c2e6ae75e5a5691e8204bcba683,M2,A1_FINAL_NO_MEMORY_V1,certified,PASS,,,5eea42d8e26e82d97a2a6b88e30deb8a5dfdc8e7b0f052de24436a7ab26a75ef,6fe6ba4a79ddf6336af48539840e000469b2a978f891e4b3c0e386e19903b599,0.0,0.9,19137905.85543848,4.0,1.0,1.0,1.0,1.0,c7f3ef7d734cf979ae6483a0cd8c4f105467063c9737d5976b2c9d393f273567,3,2,2,3395c30276af2d906f0d3d8a27e25b35e270494458347d623643ee088ee588da,P4,1187020716.894539,1187020716.894539,0.0,267291.9089592639,0.0,267291.9089592639,h09,5,Katrina,1186753424.98558,18870613.946479212,1167882811.0391006,1705787633.861394,176169710.2029925,0.9999999999999998,0.0,25499872.57512074,R0,False,True,10400000.0,0.0,0.0,0.0,NONE,False,False,0.0,9557344.06438629,0.0,406452546.8260578,R0,False,True,165769710.2029925,1696230289.7970076,d083375053d7a3025c1c3cc25dd3dafafcb165a5489653f7751d93eba55e3b2e
E2A_VACCINE_H0,LA-0676,676,174e84dd87ff71d445a4dc616aa42de3b542ef93cbe874f43a77d0bfc354e58c,M2,A1_FINAL_NO_MEMORY_V1,certified,PASS,,,953586e6ff261338f8a9135086d2f5f785b5a99f80294eda439a7acd09a5d461,3b39eda5a40bb0b9ee8fcc4641d39c433d4596db34def6dd6739d8d51c057037,0.0,0.9,19137905.85543848,4.0,1.0,1.0,1.0,1.0,8104e278aea792e74c456f0fff32c0000f8adeb764f94a07287e53be2507cdc9,3,2,2,e5847558ae058280f0def3f8663be68abef4feca7f22122b5213d298f97f16a7,P4,1193495418.1188626,1193495418.1188626,0.0,3891370.2984919986,0.0,3891370.2984919986,h09,5,Katrina,1189604047.8203707,15246535.556946477,1174357512.2634242,1661584510.7935414,220372833.27084506,0.9999999999999998,0.0,0.0,NONE,False,False,0.0,10400000.0,0.0,0.0,NONE,False,False,0.0,9557344.06438629,0.0,381136371.6247651,R0,False,True,220372833.27084506,1641627166.729155,b0d56f93e712755ccfee17d11a0c9495881dd15bb89a79a7b946a09053c28725
E2A_VACCINE_H0,LA-0677,677,77aa08c41895bb34047cc2e14bc832245753e486bd4d89a0df03cfe2e3b3c117,M2,A1_FINAL_NO_MEMORY_V1,certified,PASS,,,90d69fceeb7718d7e8d61076758cf9a19c08225b10a437ccabe9419cd5d9dbe2,aa9d0ad3acf88067601d19968132add64c46db13670b4a8341856be80fe02321,0.0,0.9,19137905.85543848,4.0,1.0,1.0,1.0,1.0,e6187a4617e139e423636b94208f0e7899dbde79822a91081094c1f6268157a3,3,2,2,d3d8f1fe8450c600b4d24ee14183d401a9cdb9e908830270615d7131cf4e2bf5,P4,1219773615.5153618,1219773615.5153618,0.0,7320584.581677569,0.0,7320584.581677569,h09,5,Katrina,1212453030.933684,11817321.27376091,1200635709.6599233,1731682135.0906477,150275208.97373855,1.0,0.0,0.0,NONE,False,False,0.0,10400000.0,0.0,0.0,NONE,False,False,0.0,9557344.06438629,0.0,245543984.4505347,R0,False,True,150275208.97373855,1711724791.0262613,6e86a44373090eea598b22a3779ad46130f454ce4c14dc566f04ea40efdc0b8e
E2A_VACCINE_H0,LA-0678,678,0120535af37455acde02d53e74dcc35fa5a28b4edbb1d1c5646c9f2ca123d935,M2,A1_FINAL_NO_MEMORY_V1,certified,PASS,,,1bd58f0b73fb56a5bab33fa29ef6cb0485034fcd6f6add2f2b3d023e762196ab,65728eef01da1c82a599990b58681eabc656df84bf877e71e03f36cd015d669f,0.0,0.9,19137905.85543848,4.0,1.0,1.0,1.0,1.0,57f56c69f123fc113242f982e01f47bd445d07e1ffc8cacb25e04576a2105812,3,2,2,21827030a27012dda30006c565d686111e7f26fdf7fcb5dfae5a2bdf375d1c1a,P4,1210722571.2200797,1210722571.2200797,0.0,5043600.816497755,0.0,5043600.816497755,h09,5,Katrina,1205678970.4035819,14094305.038940724,1191584665.3646412,1769012810.786118,112944533.27826841,1.0,0.0,12559350.095739795,R0,False,True,10400000.0,0.0,0.0,0.0,NONE,False,False,0.0,9557344.06438629,0.0,123835835.94673201,R0,False,True,102544533.27826841,1759455466.7217317,09d00f494298e7783c24a48adefd330d823a9b2b8bf16f949fdb59dd9b48e5db
E2A_VACCINE_H0,LA-0679,679,a9e843a279dff96d9d8afcc63acdec3d42ca21ca57b5e13b52584b83cbd84baf,M2,A1_FINAL_NO_MEMORY_V1,certified,PASS,,,b44be873dd028a3fd8846e3426000ca2ffe1047e16c5162392206a2735042c83,bb3f7e99fb1a7b77fd7552893bdd2d44096979bded1bf7df0bc375f995bfd3a9,0.0,0.9,19137905.85543848,4.0,1.0,1.0,1.0,1.0,7ea0eae6fdf3370dcdcf51ac4ad5eed9d0cddc1633f2733ed008707c189b98ac,3,2,2,a520f5d9a6c44d01a92cc0746a9263bfdba1db44c73f87308abaa2ce6548125c,P1,1237168215.452596,1237168215.452596,19137905.85543848,0.0,0.0,19137905.85543848,h09,5,Katrina,1218030309.5971575,0.0,1218030309.5971575,1871341832.2362237,0.0,1.0,20444920.948773786,0.0,NONE,True,False,0.0,0.0,423665.6048374315,0.0,NONE,True,False,0.0,9341832.236223727,0.0,0.0,NONE,False,False,0.0,1862000000.0,d00e803e5816d02728080660ead08e9c4a1f7867a17706cbdb2ae315169a5c32
E2A_VACCINE_H0,LA-0680,680,9a021a83f7ebdb5b85dea2e41da98f21e3de2adecdb2b5c554be3c4a632b6234,M2,A1_FINAL_NO_MEMORY_V1,certified,PASS,,,697412921671c1c50c7501467979d888d55ce86f8e645fc345628839ef87ac11,cf84fb66170a6bb7ae350fde3089dfe9375336b29eaa68fcf3fecb1458376480,0.0,0.9,19137905.85543848,4.0,1.0,1.0,1.0,1.0,b502a6da81eb331809a884c6cbb268b28ac5862e218402db1b0c33d3001f28b7,3,2,2,4f15972040123fd79749821cefe5f34671443f8f30c1db4b76b6251e2d5cf203,P4,1213763174.4775698,1213763174.4775698,0.0,1867889.5972329415,0.0,1867889.5972329415,h09,5,Katrina,1211895284.8803368,17270016.258205537,1194625268.622131,1777123681.6180906,104833662.44629581,1.0,0.0,22928739.42309237,R0,False,True,10400000.0,0.0,0.0,0.0,NONE,False,False,0.0,9557344.06438629,0.0,208196619.13455576,R0,False,True,94433662.44629581,1767566337.5537043,c7ff4f75bf9bf6a79f66ada230c12ce866e3dd09d0e1c56f3d9898c1919c6711
E2A_VACCINE_H0,LA-0681,681,22ba5bbc43b5e79ba5df2d801818aab56045cec53724e0f58c19cb74d764467e,M2,A1_FINAL_NO_MEMORY_V1,certified,PASS,,,913b040516884b1bf9c8ec426724f1a1aae16fbccb38fe943fdb677fd0e4180b,29abd4321d063f8f0ce5e42287cb9bca0e2e2d2921f9a3f85fd489bad6d17339,0.0,0.9,19137905.85543848,4.0,1.0,1.0,1.0,1.0,4fccc9f413e6527e3075ba9c5b17c95ce5c5b6a3df9b271000dfe5603c862b17,3,2,2,c04bba7229b057c46b4bee15d61c8463be87558827ca03c16710873ad3155ff2,P4,1184316989.470815,1184316989.470815,0.0,6682469.211086239,0.0,6682469.211086239,h09,5,Katrina,1177634520.2597287,12455436.644352239,1165179083.6153765,1698575386.145527,183381957.91885942,1.0,0.0,13986885.488010004,R0,False,True,10399999.999999993,7.450580596923828e-09,0.0,0.0,NONE,False,False,0.0,9557344.06438629,0.0,232642195.85604346,R0,False,True,172981957.91885942,1689018042.0811405,353cc7f1fa2245ba7b4e21ac0eececff1c4b20b2bc636fbf5eb6134f40786d2e
E2A_VACCINE_H0,LA-0682,682,4a696f2d5d01b31984773805a1ec40f57483cd0a8f75718f9a7b2e1b2583bdb7,M2,A1_FINAL_NO_MEMORY_V1,certified,PASS,,,23d3385d9717be1cf2f65780c61ad353cc7b936745b9080ae54f25916c8da53b,4a6aac30f3530f40c7f8a8c7d89cbe573b828e6bf8f9d550d27e998e2d4e7d13,0.0,0.9,19137905.85543848,4.0,1.0,1.0,1.0,1.0,e24bf570a876f33733ffcd4113a3d922060fa2cddb08ec7b3975a0938a337808,3,2,2,5eb577be8502471d8bbfa170e514d9c27cf336e705789a77a171fd45c9e573a6,P4,1208436809.3941512,1208436809.3941512,0.0,5585646.233520369,1421958.0309496752,7007604.2644700445,h09,5,Katrina,1201429205.129681,12130301.590968432,1189298903.5387127,1880741621.5783758,1215722.4860104525,1.0,0.0,0.0,NONE,False,False,0.0,10400000.0,0.0,1950753.823572526,R1,False,True,1215722.4860104525,8341621.578375837,0.0,0.0,NONE,False,False,0.0,1862000000.0,af847dfa6ccd4b4b082b57f42cfe926891ece04e91b684a2c1e69c09924340ec
E2A_VACCINE_H0,LA-0683,683,2329c344b92b8bfb76e4b197e79e37f5fd62bc6a9b6fc822cbba7df24cad0806,M2,A1_FINAL_NO_MEMORY_V1,certified,PASS,,,05441ca0aab85ea5ddfc19dc209525a58651ecd2253870adebd92c8085ca8ff5,9ba47be4ed154ddf6db1ae9469fc5062e8a57d692a980e2f38ff4edcb2d949e2,0.0,0.9,19137905.85543848,4.0,1.0,1.0,1.0,1.0,29f365d4b99e6070dfc928d8d9a83e8f8db518c3a4d1be50afd9e854d57c9a24,6,2,2,0374e003cb4d07ab82f097692a4873765db578d05e348d11ed6ec2889371166f,P1,1221631056.0996761,1221631056.0996761,19137905.85543848,0.0,0.0,19137905.85543848,h09,5,Katrina,1202493150.2442377,0.0,1202493150.2442377,1880978655.3291936,0.0,1.0,0.0,0.0,NONE,False,False,0.0,10400000.0,1375244.743851572,0.0,NONE,True,False,0.0,8578655.32919369,0.0,0.0,NONE,False,False,0.0,1862000000.0,2cc564a2091ed8aec3c06ee0d00afe486a7fe4fec374fb12cb441b9f6abe9f18
E2A_VACCINE_H0,LA-0684,684,e9900854b8ba64d964d9f3d200cdc85617cafe9943d2c2fd590546dfdb352533,M2,A1_FINAL_NO_MEMORY_V1,certified,PASS,,,28ed0b00dc55e3bff45d2b9bb116e2b952dd408740de2c161b347104501ed626,be473a0475ccc68823da3205aac217b78933ec04b5fbb4184913d7d2c7de0ade,0.0,0.9,19137905.85543848,4.0,1.0,1.0,1.0,1.0,a893047e7ebdf5e04c72a7982996eb2f6bf23b11e8cb12f9f819c756beb72ec4,3,2,2,981ec0f22973fee2b03fafccbc2fd75fb6702edc7c444c457993387974ac168f,P4,1203022693.2677894,1203022693.2677894,0.0,3080399.9089143365,0.0,3080399.9089143365,h09,5,Katrina,1199942293.358875,16057505.946524141,1183884787.412351,1686998710.4012203,194958633.66316602,1.0,0.0,0.0,NONE,False,False,0.0,10400000.0,0.0,0.0,NONE,False,False,0.0,9557344.06438629,0.0,333770799.8679867,R0,False,True,194958633.66316602,1667041366.336834,84ef8c2c7381eabd578022bb69b4c7be41281de72bf6b6d18943183cdf360068
E2A_VACCINE_H0,LA-0685,685,4529a36125c58c8ddf3806d07e1c40bf8bc3ca0e4703af998b7b5a7ed1ab262f,M2,A1_FINAL_NO_MEMORY_V1,certified,PASS,,,cf97974d7b64a2fdd5e238cddd8cc8b052ca4d3fe7a44eef3d6551d469a53a95,47e9643ccd24dab00b0018c84b1f9d6fbbe81591489d30e7c358cc4d92e3cd15,0.0,0.9,19137905.85543848,4.0,1.0,1.0,1.0,1.0,38d54413c9dabf8e143edc4fe8032681fc60bbd041b187a62baecbd43ee84cea,3,2,2,da1f384d28b55ab4e55fef2927fe2341f573c1a590212346e49cc3832dd9a065,P4,1220098704.3032608,1220098704.3032608,0.0,5607973.115430009,0.0,5607973.115430009,h09,5,Katrina,1214490731.1878307,13529932.74000847,1200960798.4478223,1732549316.0229435,149408028.04144293,1.0,0.0,0.0,NONE,False,False,0.0,10400000.0,0.0,0.0,NONE,False,False,0.0,9557344.06438629,0.0,246720220.60899633,R0,False,True,149408028.04144293,1712591971.9585571,772ef2d62f01fa0f14e7b5467af0164cbb30494c30afb11bbb04afd894a6650b
E2A_VACCINE_H0,LA-0686,686,3463f3b48e18027751475cd4d05e305f0c067696ed1b1e3d4520b5691fa63bae,M2,A1_FINAL_NO_MEMORY_V1,certified,PASS,,,4789aa421e69402b39d9fe9f29711f581636231b072f39ab0f17883a8f17037c,8f6033c56d75bfcdf602619fbfad44818cebf626f2dc710a3640c0ffcf2b1150,0.0,0.9,19137905.85543848,4.0,1.0,1.0,1.0,1.0,c81f5f07e6451ad19264fa1fd277e8ddfb7afc8eef5825fb7a310d0fda96fbcf,3,2,2,dd7568ffd5b4a21a9d2100b818deb45cd8fba075d67b4ac231a224ab5d31dfe5,P4,1232602094.590452,1232602094.590452,0.0,4540077.4405844575,0.0,4540077.4405844575,h09,5,Katrina,1228062017.1498675,14597828.41485402,1213464188.7350135,1765902363.0971835,116054980.96720293,1.0,0.0,0.0,NONE,False,False,0.0,10400000.0,0.0,0.0,NONE,False,False,0.0,9557344.06438629,0.0,147436621.73266795,R0,False,True,116054980.96720293,1745945019.032797,15daae4abc74e1d39c74113dfcece36b96139461379dea63cbc38ae03c6d615f
E2A_VACCINE_H0,LA-0687,687,401ade7d922211d6db6d15e388dd43ba9973bf14f4aff2e84c0ca5ad53a11d9c,M2,A1_FINAL_NO_MEMORY_V1,certified,PASS,,,eb99ad997e83c07de869aba84a13eb6c7d4677fda435ec3f322c61b46907ebc2,94ced18fc3b9f7f9fb9eef05df3e39debee5b9a18a90e695b7966ac99c837de8,0.0,0.9,19137905.85543848,4.0,1.0,1.0,1.0,1.0,3c3beb4fb1c29c398899b318d311f72babf6357a4a30cc2230b5509bb43360c6,3,2,2,b1bf9d4dc3a24e084726ac67424354a4db96a5c56b9fe61ae606df55c33c8550,P1,1236682092.4050148,1236682092.4050148,19137905.85543848,0.0,0.0,19137905.85543848,h09,5,Katrina,1217544186.5495763,0.0,1217544186.5495763,1871333099.0685105,0.0,1.0,20192839.264782853,0.0,NONE,True,False,0.0,0.0,435398.38054316054,0.0,NONE,True,False,0.0,9333099.06851064,0.0,0.0,NONE,False,False,0.0,1862000000.0,c512052d6cf8c7f319649b4d886ed1917f8f1bd2828df306e0f6704570d327d2
E2A_VACCINE_H0,LA-0688,688,791fb3e04be9fc9f181aa44c1a3402c7c1ddd2562ffacd5b68e4a6cac71b3c21,M2,A1_FINAL_NO_MEMORY_V1,certified,PASS,,,146d2755c88b2d15c8b07320c91b498a859eb656f8243e4c4e2e9c2f59d0b517,f504a005886c96fb37a073371e28413831146800eeca1aaeec0a4246d8c21ae9,0.0,0.9,19137905.85543848,4.0,1.0,1.0,1.0,1.0,5228925712ac1eeae869f33f28763b8b87e105ab992ac797b1023108a85cc3ea,3,2,2,4df767cca6c89eb5a86b8016d6f0d624a6ae4f1e7a166c8dae048e73c5777c4a,P4,1223635538.285554,1223635538.285554,0.0,1060312.6329802892,0.0,1060312.6329802892,h09,5,Katrina,1222575225.6525736,18077593.222458187,1204497632.4301155,1881014665.716264,942678.3481223577,1.0,0.0,0.0,NONE,False,False,0.0,10400000.0,0.0,2048613.530632271,R0,False,True,942678.3481223577,8614665.716263931,0.0,0.0,NONE,False,False,0.0,1862000000.0,0a8553808d883db055affcaa48fb489b31214900b2bdf64be2cd9d3c7ca25ec0
E2A_VACCINE_H0,LA-0689,689,2d7a15fc5385848581519e563138f1e253c4e77999e9c4ce44eec70ab4d90260,M2,A1_FINAL_NO_MEMORY_V1,certified,PASS,,,def881d38af210df18579d928372b03b325a35ed07f73df07a9ce5896fa53506,ac6b48437d60e7130cb08bd0ce374ac37cbba127974f7a81328fad0ae0117f25,0.0,0.9,19137905.85543848,4.0,1.0,1.0,1.0,1.0,077a9e75b44c7f327019fe416ac011b0442c73b2883a72285f9a244a38428f85,3,2,2,04107184d7fbeb0da0a0b8f8404befb48f021e87602d0530e18c90cd5076476b,P4,1223395037.984412,1223395037.984412,0.0,1042326.6500198634,0.0,1042326.6500198634,h09,5,Katrina,1222352711.334392,18095579.205418613,1204257132.1289735,1802816872.7908456,79140471.27354063,0.9999999999999998,0.0,29621972.36153728,R0,False,True,10400000.0,0.0,0.0,0.0,NONE,False,False,0.0,9557344.06438629,0.0,195791186.55614117,R0,False,True,68740471.27354063,1793259528.7264593,ebe02b1bba8ed953f4509b018cf57777a3dbff2967f7be1a981d299425da46a3
E2A_VACCINE_H0,LA-0690,690,fc64964f497cf1822f5edcec1a81f065ca1e8adc2680b86f65b3f22a3f27bb28,M2,A1_FINAL_NO_MEMORY_V1,certified,PASS,,,ef2f9dc240be0d40ebcfa5938122d212d2736939d6f1d5e33174926c3778a05b,e0a701a8bb0befb25386ceaa333475e0f14177b46ded0ac2d9cefa7a87ae56bd,0.0,0.9,19137905.85543848,4.0,1.0,1.0,1.0,1.0,5c99ebb77fff83979ac2986fe7b4b0d26441456d5638a4c216117fd3a94b5088,3,2,2,aba96837409a404aa2324102130faf17258d2c68c1096ce1ddb74a0b73691c5d,P4,1225617610.3368106,1225617610.3368106,0.0,9218163.544536706,0.0,9218163.544536706,h09,5,Katrina,1216399446.792274,9919742.310901772,1206479704.481372,1808745629.5994208,73211714.46496549,1.0,0.0,26696760.22759013,R0,False,True,10400000.0,0.0,0.0,0.0,NONE,False,False,0.0,9557344.06438629,0.0,161237430.82259983,R0,False,True,62811714.46496549,1799188285.5350344,7406a01a9720ba832ff714fa8852200c1fa983e48d5365f98143de6b2a30d7e4
E2A_VACCINE_H0,LA-0691,691,1b2669551e3ea85e1b55a667645fdb4775525679381bd71196b4ecb4510da91b,M2,A1_FINAL_NO_MEMORY_V1,certified,PASS,,,3558c12ed4927db647532bf0f9c12429ade2220237fda3843a644b78533ae71b,051e8d41d7d5e32483d636d132f1f996a00712b4f3a847ecb1014fed185e7529,0.0,0.9,19137905.85543848,4.0,1.0,1.0,1.0,1.0,50abac3c3313692d8a3d4f2f4017b25727b94c53f87565da87fe685825e23c84,3,2,2,721b3920c0e10ec0e8d3011fbdc508cb076ad12735ff3c502dd8050b6cc4d3c3,P4,1224422676.2555041,1224422676.2555041,0.0,10569144.870171044,0.0,10569144.870171044,h09,5,Katrina,1213853531.385333,8568760.985267432,1205284770.4000657,1744083598.866102,137873745.1982844,1.0,0.0,0.0,NONE,False,False,0.0,10400000.0,0.0,0.0,NONE,False,False,0.0,9557344.06438629,0.0,416784099.54530704,R0,False,True,137873745.1982844,1724126254.8017156,41d0e8ac48939fceff8dd6c294577f35f361228ff02636d7518e6f747b091fe5
E2A_VACCINE_H0,LA-0692,692,75f338892ce9f8534d6d4304abf64e6971a1c5e259f48e31316e0ffee45b48a5,M2,A1_FINAL_NO_MEMORY_V1,certified,PASS,,,c73d9f428bed65b84de5f7081347a6d69c19a7946a4ef616337e4bc22b82f606,602708328d639c9f3e2c6172dc876781a9143bceef6656554991e114a86b3ba4,0.0,0.9,19137905.85543848,4.0,1.0,1.0,1.0,1.0,21dcc0c9b5f216d4501ed71869b7d24233d7ce66351563682efce307efbf95df,3,2,2,f403997faccb22d6dcf6103fe433f7160ff5e0e55309f6e0d77ab4bbaadc0043,P4,1223665269.5325713,1223665269.5325713,0.0,5696380.865806939,1145745.669632534,6842126.535439473,h09,5,Katrina,1216823142.9971318,12295779.319999004,1204527363.6771328,1742063201.0776558,139894142.98673046,1.0,0.0,0.0,NONE,False,False,0.0,10400000.0,0.0,0.0,NONE,False,False,0.0,9557344.06438629,0.0,192490065.45414495,R1,False,True,139894142.98673046,1722105857.0132694,a0459e8904348b26c434451b584863fda35a66b0f05c745a2e44cc1797b380ea
E2A_VACCINE_H0,LA-0693,693,37f6ade176555409553877b62a6c9a72c709e3b30c205f228a9481ce108f5930,M2,A1_FINAL_NO_MEMORY_V1,certified,PASS,,,1bd5af1e04beef7ee6c8cdce6a128cd0a402688c5592cda978aa23c8b68e9df2,510ba3070799cc79374436ffe227d716825ccba8d460ebf64d047e8e71f06665,0.0,0.9,19137905.85543848,4.0,1.0,1.0,1.0,1.0,58d13ae0906e81a7b4f98377689e9908eae8a13abc5bdb2e1317e887472a9453,3,2,2,9844e4f1331fef0acfc4ec8887fc5e22e9bf4c70e9c620acc3525726f0497595,P1,1232637630.3420842,1232637630.3420842,19137905.85543848,0.0,0.0,19137905.85543848,h09,5,Katrina,1213499724.4866457,0.0,1213499724.4866457,1881176387.691985,0.0,1.0,0.0,0.0,NONE,False,False,0.0,10400000.0,1375244.743851572,0.0,NONE,True,False,0.0,8776387.691984866,0.0,0.0,NONE,False,False,0.0,1862000000.0,0bfdec1295fbde399560c6f48ef452bb680227f4d14051e5571f6d258a4c040c
E2A_VACCINE_H0,LA-0694,694,f8f56a91dcf1a720d5133bf653ff16aee2e68ff05f2496223ddf91985d71cba4,M2,A1_FINAL_NO_MEMORY_V1,certified,PASS,,,88c1498a6d3d16e9f74c78674a5123c9d63e299ad75e4bbbae1cb921a24ffd9e,b76398e2b77eeac91256e88132e296eb6a0f1e11cfcda785cd1312263e772527,0.0,0.9,19137905.85543848,4.0,1.0,1.0,1.0,1.0,6f957370dc0bbe52b2a709762d78ab8fa654e9df33f04c8ced5c7d9b691677fa,3,2,2,8d16c46baf384fd741481bd95e91d6a4c7c76651831dfa427c1c187b4ace3cf9,P1,1225438801.7112076,1225438801.7112076,19137905.85543848,0.0,0.0,19137905.85543848,h09,5,Katrina,1206300895.8557692,0.0,1206300895.8557692,1871131114.1106598,0.0,1.0,15712199.185223317,0.0,NONE,True,False,0.0,0.0,643943.2626594808,0.0,NONE,True,False,0.0,9131114.110659834,0.0,0.0,NONE,False,False,0.0,1862000000.0,a212c6a9e5bf5ead85dd1acf26f7a0fd5203a642c52e8ec31eb6341537df305c
E2A_VACCINE_H0,LA-0695,695,34260d440e449966f1f72b0d54c554a8f1d4d359d480e4acfe4ba4847ab475c3,M2,A1_FINAL_NO_MEMORY_V1,certified,PASS,,,d98dd67d65883cbad128aedc7411ba829cd6092cf86fd236efb25a425387a86f,acc9c462954d79c1bcfef36e2d17135a2aa96f5230341edf7523458bcdf34808,0.0,0.9,19137905.85543848,4.0,1.0,1.0,1.0,1.0,0e29d81ca197ffecc9ad1e9e315dd2439f5cb7223f24a54f822b422419f506ca,3,2,2,879590e1378389cf8ff3b26d0ed46e24715197c3ed167cd170f2f6741352440f,P1,1227942889.9554012,1227942889.9554012,19137905.85543848,0.0,0.0,19137905.85543848,h09,5,Katrina,1208804984.0999627,0.0,1208804984.0999627,1880558111.384377,0.0,1.0,890026.1962354658,0.0,NONE,True,False,0.0,9840000.0,1333819.7677591813,0.0,NONE,True,False,0.0,8718111.384377025,0.0,0.0,NONE,False,False,0.0,1862000000.0,32f9ff898881fe1ed63024df732eebddfd07eacb28a45ca03bac9f713680cb01
E2A_VACCINE_H0,LA-0696,696,e21ea052107519dc7aa0ad1bccef5eb368be040899d494f1b0cb44c4e764dc09,M2,A1_FINAL_NO_MEMORY_V1,certified,PASS,,,e510cbbb9ebc6d8b058fe5b3775afb7c47a0b4737fc1a0cb0b404421856ffac6,c295cdf8eaa946a2507b88bb3334257760a02fc081295ed03506345194d2e13e,0.0,0.9,19137905.85543848,4.0,1.0,1.0,1.0,1.0,a7d82bf0016943838b32a79e39f3bec497ea41681651b1f33ff996a0a8996f08,3,2,2,f1ad89409ee1e02b19e3965a739f71415c21c43a445992c727c8a10d81361f7e,P4,1219363474.5262399,1219363474.5262399,0.0,4273135.3641436305,0.0,4273135.3641436305,h09,5,Katrina,1215090339.1620963,14864770.491294846,1200225568.6708014,1792062595.5336645,89894748.53072181,1.0,0.0,17783367.652438518,R0,False,True,10400000.0,0.0,0.0,0.0,NONE,False,False,0.0,9557344.06438629,0.0,135931186.4961512,R0,False,True,79494748.53072181,1782505251.469278,0c0d06bbde4df5afe97a33c6c625a983db43b93be554d25f355c9495115a9a17
E2A_VACCINE_H0,LA-0697,697,e2a6316000586d37724efeafcf7780b7377df24127f7ccffd7a0d3e78b9f85e0,M2,A1_FINAL_NO_MEMORY_V1,certified,PASS,,,cbe8a3d1c6bf93b013e3b1134ba2a1fafdb84e9c6eca349536a4bf00f25d1809,9ef5374d3354d636693622aa649f828df45830de49f3ac7170b830b020efd774,0.0,0.9,19137905.85543848,4.0,1.0,1.0,1.0,1.0,d9d2c9b988aaf26ddab97be74a36bb7252f6adfedccd9bbaed593971f40f0702,3,2,2,c9154ae936e13e8d7193c242d0a2333038089f41a9bda44ab692ddb3e06cfcc3,P4,1235553363.593301,1235553363.593301,0.0,5065861.261025555,0.0,5065861.261025555,h09,5,Katrina,1230487502.3322754,14072044.594412923,1216415457.7378623,1835249452.840165,46707891.22422158,1.0,0.0,15976972.434028167,R0,False,True,10400000.0,0.0,0.0,0.0,NONE,False,False,0.0,9557344.06438629,0.0,55777901.65645014,R0,False,True,36307891.22422158,1825692108.7757785,2a2b4f3fb10906c795d38115b7c554495d589448d7a112f924ac824219ca9782
E2A_VACCINE_H0,LA-0698,698,43569d31b9f79d3637d1c1e4f64d207d034c7653575cce9d766e52e5ff7f70d5,M2,A1_FINAL_NO_MEMORY_V1,certified,PASS,,,5d60a79235f251762395daf9dfab2c2e00b1d4476f8d0de2494ef169282ff728,0cd2fdfe46e467e6ed3900fa6c2c47dc904de7eaae1ff0a53d397d8020c917f8,0.0,0.9,19137905.85543848,4.0,1.0,1.0,1.0,1.0,1e2f7bd02734641f8eceb445808cc9a12664cb4477e05453d56c7e319aad312e,6,2,2,13066278e7463a4d67bf33b49f464bf00a720283c83491ca3bbef40b6f3ec8ba,P1,1227049857.6086898,1227049857.6086898,19137905.85543848,0.0,0.0,19137905.85543848,h09,5,Katrina,1207911951.7532513,0.0,1207911951.7532513,1871160056.6210341,0.0,1.0,16228175.217811218,0.0,NONE,True,False,0.0,0.0,619927.9079377804,0.0,NONE,True,False,0.0,9160056.621034265,0.0,0.0,NONE,False,False,0.0,1862000000.0,cc4ce53ed98071be688342c477f2a4847a2ea80bc5a61ecc5705b73ecef7033a
E2A_VACCINE_H0,LA-0699,699,1ccdc16f8745b665e2160f0ed767deabcfbfadf0ead9060e4f990fb73ab4977e,M2,A1_FINAL_NO_MEMORY_V1,certified,PASS,,,ad04d32553480d78ce9aa7af1361b28774f95ad3beb887615c95093cd3adedbf,2a000936c6b40704c21c90ca5ae37703aec25c9e11ba913c0abe7b75ccb3ccbd,0.0,0.9,19137905.85543848,4.0,1.0,1.0,1.0,1.0,e39b04129852ff1923756523e72a663665ed21938d918a54041732b1af76eba6,3,2,2,a9f1d22e08feb18ed2e6f3e674bd03edb68ea21fd3370c63ca5cf53432a2e370,P4,1192582214.8276765,1192582214.8276765,0.0,5934961.362066704,0.0,5934961.362066704,h09,5,Katrina,1186647253.4656098,13202944.493371774,1173444308.972238,1720623042.3471422,161334301.71724427,1.0,0.0,19970329.606430598,R0,False,True,10399999.999999996,3.725290298461914e-09,0.0,0.0,NONE,False,False,0.0,9557344.06438629,0.0,289827668.67402035,R0,False,True,150934301.71724427,1711065698.2827559,db13176e1ac70f35545fb05d3e326e3f66f75e6cb6dfc204a0dcd5015262aab4
E2A_VACCINE_H0,LA-0700,700,34760519ea33f8b449aca642ef11b1e39fcb24d222b2f211fb1c46dee6a61d0d,M2,A1_FINAL_NO_MEMORY_V1,oracle_failure,FAIL,oracle_failure,Full exact certification was incomplete,ec94d7fc2bf4f73fe846a987dbd94b437e9c7b71489325dd88af4322130bbc3e,efb8bc35305f2e68f0ab1443cff20389aff4343988e7c2c396f7c0ffb049f21c,0.0,0.9,19137905.85543848,4.0,1.0,1.0,1.0,1.0,a98943e5120af46b7611a5d4c3730277d9c9a614bd16d54b8a0aaa215d4c17ff,3,2,1,,,,,,,,,,,,,,,,,,,,,,,,,,,,,,,,,,,,,,,c83b71015b3ec1126d81f792b3cc9627189ec885814ae8a71e30a352ad1d41b8
E2A_VACCINE_H0,LA-0701,701,9990e0b579368f892514eb33244a4e189d4598ec1e922323ea210b2f155eb8bd,M2,A1_FINAL_NO_MEMORY_V1,certified,PASS,,,6139e6d31fc662d4f2a7a1d084dd645e4258e0ab2c374aef0debd0eda28679b1,58932d385cfd0f992e45f788798e740f237fb8fe0fd301173f9a7fd38d0dd0a5,0.0,0.9,19137905.85543848,4.0,1.0,1.0,1.0,1.0,ff25fbe451f17f7df74ad012af9499b84f0ecf61952f055373fd81278d2230ec,3,2,2,b5d34d2584f7d26d8a846f3899a14ff51b9d5b15099c7ef5f791a1edeaa9c41d,P4,1187312067.3338215,1187312067.3338215,0.0,3554016.9116646517,0.0,3554016.9116646517,h09,5,Katrina,1183758050.4221568,15583888.943773827,1168174161.478383,1706564817.0647726,175392526.99961382,1.0,0.0,12745724.501575299,R0,False,True,10400000.0,0.0,0.0,0.0,NONE,False,False,0.0,9557344.06438629,0.0,202206662.88036558,R0,False,True,164992526.99961382,1697007473.0003862,493199dd16f17667349e1929dd32a586d319d8f115296c7118e9485d72469af1
E2A_VACCINE_H0,LA-0702,702,728cba086e16608759b8286d59c0052b3c586c2d5ac5246894348f6f09e56d5b,M2,A1_FINAL_NO_MEMORY_V1,certified,PASS,,,367f18d688a6beec3e336a433cd95c4710122340e6db83a3dad4884b5aa7cfc9,ce8f88c03515700cc0af231c3cc24a272ea5c02a9c4b2583a9f30998d167ec59,0.0,0.9,19137905.85543848,4.0,1.0,1.0,1.0,1.0,b1513e5f1a3779634f3d0dbed45ea7449a7462fb59d230c7bb0c260f05aa8880,3,2,2,5ba0f09ec351ea9e7865f4825cab560116bb98da53f2d8677bb6cff15ec43964,P4,1222282241.5311024,1222282241.5311024,0.0,8033319.565428032,794453.5426102773,8827773.108038308,h09,5,Katrina,1213454468.423064,10310132.747400168,1203144335.6756637,1738373945.845397,143583398.21898925,1.0,0.0,0.0,NONE,False,False,0.0,10400000.0,0.0,0.0,NONE,False,False,0.0,9557344.06438629,0.0,223808905.4935675,R1,False,True,143583398.21898925,1718416601.7810106,5a165f73462d87497a1334214468177c19dbb3be82041654a75090db09fe82fb
E2A_VACCINE_H0,LA-0703,703,5553a3eb42acd0ec4628a24ea119b2f2fbf8b81df3a57396b9af9aad79c2b1b4,M2,A1_FINAL_NO_MEMORY_V1,certified,PASS,,,e8ef0a569bc43f4addf9e9986b1521c6b76e2afe1abaf643d5451950c8f7d3a2,a8721f97bf2a803ec1694d4e2fd2246ed23726515de4080f771db2c1009af643,0.0,0.9,19137905.85543848,4.0,1.0,1.0,1.0,1.0,638e2b144d53ce3fa85cb135ace7fb1f938dee70abace68351bba77e2ad69014,3,2,2,eb968c0cf5fd407f7b38d6486007aef57945719f29635039bbd32234a6353626,P4,1215383096.7157984,1215383096.7157984,0.0,3756052.4826994324,0.0,3756052.4826994324,h09,5,Katrina,1211627044.233099,15381853.37273904,1196245190.86036,1880866411.1609004,1090932.9034858881,0.9999999999999996,0.0,0.0,NONE,False,False,0.0,10400000.0,0.0,1767937.145768394,R0,False,True,1090932.9034858881,8466411.160900401,0.0,0.0,NONE,False,False,0.0,1862000000.0,10a956aff7acb3c458990de2985d3e55d6173e91709a47e9887221c3fb5c8f28
E2A_VACCINE_H0,LA-0704,704,fd4c77d0d0fc6b3edb42c4c8ea17724ef8c59f58bcd3488bc5c258affec8a3b6,M2,A1_FINAL_NO_MEMORY_V1,certified,PASS,,,48dafc04ee31410550159c42417b9673b3f85ef1720069d1b2aeca74b97b9cf0,9235fbad73042a4e7cd6812c362f8721fe56d98f1b37ce8c2067c90fa5198159,0.0,0.9,19137905.85543848,4.0,1.0,1.0,1.0,1.0,e51e0912b202a23b25f96ad52c9cabdf3811889431f204dd34337bbc0403c4bc,7,2,2,8e512aceddb5528fc65563a203fca8de903bf5b6bd4f2cf64e8e2ef8fe3f4f13,P1,1230034352.0486815,1230034352.0486815,19137905.85543848,0.0,0.0,19137905.85543848,h09,5,Katrina,1210896446.193243,0.0,1210896446.193243,1881129619.9732904,0.0,1.0,0.0,0.0,NONE,False,False,0.0,10400000.0,1375244.743851572,0.0,NONE,True,False,0.0,8729619.973290509,0.0,0.0,NONE,False,False,0.0,1862000000.0,c0dc12fdbc984d967a7d5cb23feb809e5942de708518634ccab7f3178b64b848
E2A_VACCINE_H0,LA-0705,705,d9218239b3e94d56e76af1d3f93433ee8747a2f690d48d0f7537e2c9cce61118,M2,A1_FINAL_NO_MEMORY_V1,certified,PASS,,,b4a23f7d46cddd2a9d0d5c4d3b07dc13f49f413798703af55fa66d749ad166f5,2d0649d7b109a86a8264448ccf54e7bfec82b3e6a2d9eff7be0d35e341795972,0.0,0.9,19137905.85543848,4.0,1.0,1.0,1.0,1.0,5566205e5ddb16c3d78eca7404e402e10733f4d88f8144f4797898b0e4ca114e,3,2,2,3cbfbef08bf0a27c277e8ef9917070d7cf7b65972bde73a5e8a37fd9bc37c70b,P4,1206728819.550862,1206728819.550862,0.0,2150192.788271877,0.0,2150192.788271877,h09,5,Katrina,1204578626.7625902,16987713.0671666,1187590913.6954236,1758359397.2425373,123597946.82184906,1.0,0.0,17656125.586762156,R0,False,True,10399999.999999998,1.862645149230957e-09,0.0,0.0,NONE,False,False,-1.3666423732115368e-10,9557344.06438629,0.0,192176650.5048261,R0,False,True,113197946.82184906,1748802053.178151,8e661061e5b81d07303455ec038dbf23821fed4b2718cf68e3d650c54b280b72
E2A_VACCINE_H0,LA-0706,706,23553cc77e0e5e2b52da417bd4de1f3bddfb047c09a979f7ce47bc0acdfc69ee,M2,A1_FINAL_NO_MEMORY_V1,certified,PASS,,,9d8e04f06dc703dcf8059ada967d4527fdb188c9baebc9b14aa5fe048fefc8a3,16d51fc0390dcef1d9d40faa07b4b341e220225de4aa825a2a98ad2a11adb3ec,0.0,0.9,19137905.85543848,4.0,1.0,1.0,1.0,1.0,fde7d8bcd4536ac6e798036cf26620c8710ff4ac8bc582c1085d9f87b3c49357,3,2,2,089863578b385a88b2a092e239ab6b02084a05b40ef3fe843b7b7921f3def851,P1,1222921666.017614,1222921666.017614,19137905.85543848,0.0,0.0,19137905.85543848,h09,5,Katrina,1203783760.1621754,0.0,1203783760.1621754,1880467905.435509,0.0,1.0,806001.7020454803,0.0,NONE,True,False,0.0,9840000.0,1337730.5657533503,0.0,NONE,True,False,0.0,8627905.435509045,0.0,0.0,NONE,False,False,0.0,1862000000.0,e19d31e6081e13824e16852e1c4d001fc17619ae07f2467c47ae2c2b46a167da
E2A_VACCINE_H0,LA-0707,707,c24e65a7388d1119f6cc562136274cfd0c8cd69579945a23b9d48775c0288b36,M2,A1_FINAL_NO_MEMORY_V1,certified,PASS,,,ca40d1f535234572a5d545529e95846c121345af138db1b3362cccbb47069d5d,0910baa10c56bb89e9a493153529e77f2fe0d8aceddc48c13024769316e0316d,0.0,0.9,19137905.85543848,4.0,1.0,1.0,1.0,1.0,ed958267d9d50df4d2e864aca4cc11eaf93ca4728f69529dbfbf86516a68eb1e,3,2,2,cef89d792fcac3829cc482cd9d8338daec6268925a8f8a4b9d3cf49ccf64fe7d,P4,1230147966.7912638,1230147966.7912638,0.0,10883349.10786942,0.0,10883349.10786942,h09,5,Katrina,1219264617.6833944,8254556.747569058,1211010060.9358253,1759355927.439938,122601416.62444842,1.0,0.0,0.0,NONE,False,False,0.0,10400000.0,0.0,0.0,NONE,False,False,0.0,9557344.06438629,0.0,309848666.17588365,R0,False,True,122601416.62444842,1739398583.3755517,f64ef2b6f5a03e17a6aebebb3485b2cf8894e0b422ed416d39d817edf3032314
E2A_VACCINE_H0,LA-0708,708,d3c6eda58e8661e64cd46e674356cf54fd4a8c92cf4d85e0a552622c1ddb4e89,M2,A1_FINAL_NO_MEMORY_V1,certified,PASS,,,5a21be18e757f9754c706a6334cc69f9d6f177152253742796b6fc7f7dc1bc51,ad9ae470b78779f515df0c93759781f3d75688a7d225d88dbcc09523fa3ac618,0.0,0.9,19137905.85543848,4.0,1.0,1.0,1.0,1.0,4534c24bac5096fa6804b1d974c9487d527a8c60a100d8013fecc7f57f9029e9,7,2,2,dde057704c8a1437fc5af6ccb27ad72b5ce13fc5683009a2acc34b52396513a6,P1,1224071883.9707167,1224071883.9707167,19137905.85543848,0.0,0.0,19137905.85543848,h09,5,Katrina,1204933978.1152782,0.0,1204933978.1152782,1881022504.6370234,0.0,1.0,0.0,0.0,NONE,False,False,0.0,10400000.0,1375244.743851572,0.0,NONE,True,False,0.0,8622504.637023538,0.0,0.0,NONE,False,False,0.0,1862000000.0,8d153a82fb8268fd0ae3026f7f34019f2eafe26786e4a6aac8e2c21d95747897
E2A_VACCINE_H0,LA-0709,709,df237b9f2da4e18df46ce1b7786ab2abe94cf23b181c22fdd6aafc509423dd83,M2,A1_FINAL_NO_MEMORY_V1,certified,PASS,,,bcaa894bb6abf0fc2f688683e2989a5e500dddb30e36e5b7a99ab67e34578a56,d2f3d85dbdef7c623acb2d9f0a0c0406861bc12d6bd247e042b62d8fd349a9f6,0.0,0.9,19137905.85543848,4.0,1.0,1.0,1.0,1.0,e5ebdc7511109df859ad034d477a48c07078da44cc731cff7cc12f1d89794d99,6,2,2,70022d5b3419cba2c6b974c49d0d6f5feac5e1a29846c3f04c8689a05ab9c424,P1,1220739855.039138,1220739855.039138,19137905.85543848,0.0,0.0,19137905.85543848,h09,5,Katrina,1201601949.1836996,0.0,1201601949.1836996,1871046697.8511012,0.0,1.0,14378765.705764396,0.0,NONE,True,False,0.0,0.0,706005.9864770679,0.0,NONE,True,False,0.0,9046697.851101242,0.0,0.0,NONE,False,False,0.0,1862000000.0,d3bdcf80ea6c277c1402bd168b4d3b751857ae835c02c2acac4c144945aecf07
E2A_VACCINE_H0,LA-0710,710,2b6d15a768bc1d4bd4cc6fc62dfa66a3a7f0a1e78bb62905036631e5b50898fc,M2,A1_FINAL_NO_MEMORY_V1,certified,PASS,,,b6f756c7abe9f5ca2b41806592c9b0e97e371495fac41245ba34404493bfebf6,bf8ef2a9960941111c68896165940dcddcaa9a7715d273b2bbaafa9474c8c3aa,0.0,0.9,19137905.85543848,4.0,1.0,1.0,1.0,1.0,6a260952fabf549a30b46414e3bcdcf76f1a3a0a4b8bda90580e9413612ef2e3,3,2,2,3e19f63b394a10467fd5802ab70e675a8c0154c2d74177451625f8e087a2f192,P4,1218084436.809666,1218084436.809666,0.0,486068.9102099763,0.0,486068.9102099763,h09,5,Katrina,1217598367.899456,18651836.945228502,1198946530.9542274,1880914940.5532162,1042403.5111700745,1.0,0.0,0.0,NONE,False,False,0.0,10400000.0,0.0,2315069.8263040762,R0,False,True,1042403.5111700745,8514940.553216215,0.0,0.0,NONE,False,False,0.0,1862000000.0,9e40672fd92382c31cf56573c1087398ab9b9cc9c2f64a08a4d419c9d9bc8503
E2A_VACCINE_H0,LA-0711,711,a9992fcbcf8745c23b081c03625a6d81732df00f7800122a612e590631b94360,M2,A1_FINAL_NO_MEMORY_V1,certified,PASS,,,7ab6b118fb3e07a075b7a97ce714cd09ce274702b286fccba89fe8308c970711,fb5b61dd1d42a39a3c3831993982af3ba9fca32aaebb82367631a55fd202d39d,0.0,0.9,19137905.85543848,4.0,1.0,1.0,1.0,1.0,f3a7d53848e980bc53b3186b6de99129800bcad450c0cacf4e28b3efb026d9ee,3,2,2,8462961df3ac9132d5913c5d2ea295d8d209884d3b40d7733e865a40e15fc659,P4,1224046332.6546946,1224046332.6546946,0.0,4821451.568939137,0.0,4821451.568939137,h09,5,Katrina,1219224881.0857553,14316454.28649934,1204908426.799256,1804554214.5276213,77403129.53676519,1.0,0.0,20453048.153791837,R0,False,True,10399999.999999994,5.587935447692871e-09,0.0,0.0,NONE,False,False,0.0,9557344.06438629,0.0,131770984.12213562,R0,False,True,67003129.53676519,1794996870.463235,3eae5964f3386a529cfbf149cad7b786dc2c40f11d295a69cb5265d7475f53e6
E2A_VACCINE_H0,LA-0712,712,077468298f55d0ed9177bd4456c6135b89242df0eec9becb775a7b7fe8159615,M2,A1_FINAL_NO_MEMORY_V1,certified,PASS,,,fd3fcca960369866f99cf4a88d2a6a4dae68bd25cc9161798c01d99ce95fcdff,ad27dc9a0963852e23a4da3738f9f72e4d91ea7e8debd431fe3747365e7c40d0,0.0,0.9,19137905.85543848,4.0,1.0,1.0,1.0,1.0,fbc54eec5599ccda3bf5486dfa4f7346f48a7b67f328debe465a56e6e7fce022,3,2,2,bead77c5dbe5aea914ba94511e7efb9fbdf5725e686accdf9f1f36b753f9ffb3,P4,1231675909.1206977,1231675909.1206977,0.0,5874401.2554113045,424690.77442741103,6299092.029838716,h09,5,Katrina,1225376817.090859,12838813.825599762,1212538003.2652593,1763431744.5799131,118525599.48447311,1.0,0.0,0.0,NONE,False,False,0.0,10400000.0,0.0,0.0,NONE,False,False,0.0,9557344.06438629,0.0,159523392.612822,R1,False,True,118525599.48447311,1743474400.5155268,0eaf926813a75e3501969fb526defea33b0fd3864bcc3d644b894febbf5c9aa0
E2A_VACCINE_H0,LA-0713,713,aeb82a21e02a366b466a844febacd1278646031c164a26e9001c9c67626e6773,M2,A1_FINAL_NO_MEMORY_V1,certified,PASS,,,094de80e3ebe004e2a9e93943f6adee08a793d2ace9fc645c9fd73bb4829ab05,16e1ec51cd16ad6d72466ed59e6cf872edc4969a715aa2f3bce11c338ad81cb2,0.0,0.9,19137905.85543848,4.0,1.0,1.0,1.0,1.0,e28b541bb4bf8defa1a601ffa74aab48691da2137aa260b9add8451f6a929e94,6,2,2,4a3780e7a957dd4e905c44c050c5170378b8366a07963ccc917fe1b53283ab7c,P1,1222681625.514338,1222681625.514338,19137905.85543848,0.0,0.0,19137905.85543848,h09,5,Katrina,1203543719.6588995,0.0,1203543719.6588995,1880997528.7377641,0.0,1.0,0.0,0.0,NONE,False,False,0.0,10400000.0,1375244.743851572,0.0,NONE,True,False,0.0,8597528.737764077,0.0,0.0,NONE,False,False,0.0,1862000000.0,ecb765aa4d53050a9971cef46c4bc25945b943ec2f5134e90e7aa91bfc9cd575
E2A_VACCINE_H0,LA-0714,714,8d752d13d5edd4cc693df1dc1ccb96a5acf809c87278fa5135563e5d8f41aa2c,M2,A1_FINAL_NO_MEMORY_V1,certified,PASS,,,df2340ee031a3aeb1883874ba548da39017b535e3e25635750ba798a3be414c3,121e12d96e4da67697d5138e4b84ee07717f71b8a2eab9ae550e57a52ba096a1,0.0,0.9,19137905.85543848,4.0,1.0,1.0,1.0,1.0,49cf321ca4dde015651ba0e80440dd36f4228e7bd740d6a8091869635133e93c,3,2,2,a01713d8fdfe0f0d11694a78c0bf1cf20ba17846add817f83b9a7025fbcd0774,P4,1200056583.0196764,1200056583.0196764,0.0,5032425.578484766,0.0,5032425.578484766,h09,5,Katrina,1195024157.4411917,14105480.276953712,1180918677.164238,1870675124.2663882,11282219.797997994,1.0,0.0,27568055.53719193,R0,False,True,10400000.0,0.0,0.0,2338565.8064633626,R0,False,True,882219.7979979949,8675124.266388295,0.0,0.0,NONE,False,False,0.0,1862000000.0,73c2ca55016c88ca2b00b7a7007df2e05a256e6e7d2b8dac03d811b74904df81
E2A_VACCINE_H0,LA-0715,715,d04229981299fb90f591da35b8335a5a3bf625916cb076b444213022ff17344f,M2,A1_FINAL_NO_MEMORY_V1,certified,PASS,,,3e1faed04c4a16b7e6373e69f1090db8898973d0137fce79346a43b78c5522cf,b5cd82fc24c6bd924caaa9fe9984690f30ac939ec30d83dcb8a2542c585df190,0.0,0.9,19137905.85543848,4.0,1.0,1.0,1.0,1.0,20253684847e50bc503f01efce4daba23750fcf92c1285a5b642880ac249f067,7,2,2,bfbec6b792d649f9b4a1d398b547ebb4709c1af16e78d2a93598db7bed325cc3,P1,1221693182.11024,1221693182.11024,19137905.85543848,0.0,0.0,19137905.85543848,h09,5,Katrina,1202555276.2548015,0.0,1202555276.2548015,1880979771.418777,0.0,1.0,0.0,0.0,NONE,False,False,0.0,10400000.0,1375244.743851572,0.0,NONE,True,False,0.0,8579771.418776974,0.0,0.0,NONE,False,False,0.0,1862000000.0,21757e218a6878ec7ef6412865555ad3e8daf580c67cb86205a588345a9a6294
E2A_VACCINE_H0,LA-0716,716,30d0fb73898ee1e897ae6fddc62c450ff390cc8be0160490f95bcd97624fdfa6,M2,A1_FINAL_NO_MEMORY_V1,certified,PASS,,,389e488f21f5cc636352ae4772535f0805465447b87353b24f54dcb672275dcb,ef14105ee848a03f9668d0f633c08ce4ad21e9f893f798a428b7927f191ca3ee,0.0,0.9,19137905.85543848,4.0,1.0,1.0,1.0,1.0,402ce90b89fdcc6472fe41db5a7024f3049b07f987f7d1fd80f44154ddbf7491,3,2,2,c00e3d41a85e066c9c538651e88683943dca7f6d46a5c20a9655e65b6406ff6f,P4,1214345183.7561243,1214345183.7561243,0.0,9503436.486776313,0.0,9503436.486776313,h09,5,Katrina,1204841747.269348,9634469.368662165,1195207277.9006858,1717201683.3214478,164755660.74293837,1.0,0.0,0.0,NONE,False,False,0.0,10400000.0,0.0,0.0,NONE,False,False,0.0,9557344.06438629,0.0,218693629.32905778,R0,False,True,164755660.74293837,1697244339.2570615,40ecaa6e0200164021ed3b0697fb3c1f2121bfaef53d0255354b1103febf02d4
E2A_VACCINE_H0,LA-0717,717,2d5d06a8dbc0affafad8231aec32fe434393de4a4052472462416c2a083b6d66,M2,A1_FINAL_NO_MEMORY_V1,certified,PASS,,,a5273cc8c28281236c61a28acfd8503e33b70cf259b67bfafb7f774a355c2b0f,cbcfd1790aac330c120beaa8cdecc6196a0a31cef79273c7d6e1179248d2a7d4,0.0,0.9,19137905.85543848,4.0,1.0,1.0,1.0,1.0,345892dd3b09d65e0417c3580a82c35d1043d46f0ae8c97c93de735fc2b7e0e9,3,2,2,cf12a3f84584ee757e695b78f94c91f9aae1e92031959d33adb5a28e0592a1f2,P4,1229230781.8223581,1229230781.8223581,0.0,7938046.854604317,630115.3142623581,8568162.168866675,h09,5,Katrina,1220662619.6534915,10569743.686571803,1210092875.9669197,1881115183.8884542,842160.1759320014,1.0,0.0,0.0,NONE,False,False,0.0,10400000.0,0.0,1341456.4879336744,R1,False,True,842160.1759320014,8715183.888454288,0.0,0.0,NONE,False,False,0.0,1862000000.0,1f5a204c00848e3ab1eb3af922a66d2f85fd358c54cb0d74980a60861e559749
E2A_VACCINE_H0,LA-0718,718,e5a0a9e3756ac75f7bc4803ff404f00170cd3d4602e958dfe083a970fc7af97b,M2,A1_FINAL_NO_MEMORY_V1,oracle_failure,FAIL,oracle_failure,Full exact certification was incomplete,001eea3eab476b1f6adbb9a46baa7b732cee430999347838d9e2ff50c818f852,53c986a1aab14e0d8dc056c5ee5dbcff5a0fd3fcc82e8efb2e776d84910e0efc,0.0,0.9,19137905.85543848,4.0,1.0,1.0,1.0,1.0,8239b187fce47f7572718eeec98bdfa844fe5c67fda01e7c490fea4cb3cbf9eb,3,2,1,,,,,,,,,,,,,,,,,,,,,,,,,,,,,,,,,,,,,,,0525d4bb9f89ea51a68fc9fdc8e3a1aa396d2bbe0106b6df5f24da9083efce3f
E2A_VACCINE_H0,LA-0719,719,ece9bc8bbf86c6cfcafa30ccc274f02ec4c067565eed8fe081c857dada9d9ca1,M2,A1_FINAL_NO_MEMORY_V1,certified,PASS,,,7ca712b29ca45e5df90257c13e56e7475f6925f80fa65a98591807b245c64c55,e8e04e1a58c0792e3bb6e985a009305789cb31c1abbceb9d0bf0fe89b0d0e398,0.0,0.9,19137905.85543848,4.0,1.0,1.0,1.0,1.0,5f9551e9959e30244efea58577d0286bfdc400a1b565297509e1bee0371e6ed5,3,2,2,64c6349b3630c0af8d323a1f794741aecc77b8a8edfe92493ef40501910426e7,P4,1201224354.5927882,1201224354.5927882,0.0,2154246.3657567236,0.0,2154246.3657567236,h09,5,Katrina,1199070108.2270315,16983659.489681754,1182086448.7373497,1870696103.2038183,11261240.86056785,1.0,0.0,12793368.949624768,R0,False,True,10400000.0,0.0,0.0,1059439.6234362335,R0,False,True,861240.8605678485,8696103.20381844,0.0,0.0,NONE,False,False,0.0,1862000000.0,10d43b4b49ea03a7310d27635fcd5cb1aa9e0b36e3389b206c18eb5299684179
E2A_VACCINE_H0,LA-0720,720,5452cc9a725f1a04dd451f6365760d021e9e0b12561e3c7029b08de2ce799da0,M2,A1_FINAL_NO_MEMORY_V1,certified,PASS,,,ec721b6893b59e8740c7f8fad60850375f93d50ffcb0af2351e0e567f0bed393,c8228f0300d621c83dd360e4f4c755055f471ddeaef4e2cc025b8df40e54f91f,0.0,0.9,19137905.85543848,4.0,1.0,1.0,1.0,1.0,0bfb360771e6d5ce29542c3e7a4b387b04497db5bdd0b96b7a9e81d4f7ce2458,3,2,2,78976395aef896dd53be316c8cbc744f4cfc96fc558e433de1aa965c0cbb4f7f,P1,1223038780.8141093,1223038780.8141093,19137905.855438404,0.0,0.0,19137905.855438404,h09,5,Katrina,1203900874.9586709,0.0,1203900874.9586709,1881003945.0085993,0.0,0.9999999999999961,0.0,0.0,NONE,False,False,0.0,10400000.0,1375244.7438515667,0.0,NONE,True,False,0.0,8603945.00859929,0.0,0.0,NONE,False,False,0.0,1862000000.0,8b7ac43b83c6710ed7a8c7f1a1980128cac8fab9d5ec693650040d048a6d4d50
E2A_VACCINE_H0,LA-0721,721,f63a5332db1b0a4a94ddc208ca8869696a1838b622519e38858ba101befa8f2a,M2,A1_FINAL_NO_MEMORY_V1,certified,PASS,,,ee96aebd9ad220c5fc1007f4652215d07fb3bdbfa6c65c6778c5a11a3e772c5d,2e64d472023fa1b0f04c131968f721b2f4fd8cb7640f7dc0c4992a180b9cee39,0.0,0.9,19137905.85543848,4.0,1.0,1.0,1.0,1.0,eb9acf4b05fc440111a996b856e661ad30c3a33bc58c9c9ea900690587e8fc67,3,2,2,fe7b6ea86a5cb6393fdf6335c104519023565d0296c94da1c1a3696a5d913375,P4,1221388844.0038078,1221388844.0038078,0.0,7451807.903469905,674500.5612506468,8126308.464720552,h09,5,Katrina,1213262535.5390873,11011597.390717927,1202250938.1483693,1735990789.8293536,145966554.23503274,1.0,0.0,0.0,NONE,False,False,0.0,10400000.0,0.0,0.0,NONE,False,False,0.0,9557344.06438629,0.0,173995506.81710243,R1,False,True,145966554.23503274,1716033445.7649672,7ba0ba0d2f8450f8a2baec58fd0fb5b69af3707e2dbc13f67b1ad6affab5e861
E2A_VACCINE_H0,LA-0722,722,bc028472f9a9c3bbdd659f7715f51cb273e07bec6665594bfe3ea271b330ac01,M2,A1_FINAL_NO_MEMORY_V1,certified,PASS,,,91ac3e691a734e0dacbbe5da2fa1a8224eff5434431ae1e100138c6bc468ec1a,41ee02661191150deefecc1d8976d68eccec6cdd4c52a145e36abe72f0cc24f8,0.0,0.9,19137905.85543848,4.0,1.0,1.0,1.0,1.0,4552a908148fb079318bc5bfa8a10153b0f72693ec173f0ddf063d3d34145a17,3,2,2,3eb92d1cdc8ea7b34f6a40cc2aecc01fa1844b132ed408a40bacca4f279b569d,P4,1225972540.180416,1225972540.180416,0.0,6564289.3639867995,0.0,6564289.3639867995,h09,5,Katrina,1219408250.8164294,12573616.491451679,1206834634.3249776,1748217892.306435,133739451.75795123,1.0,0.0,0.0,NONE,False,False,0.0,10400000.0,0.0,0.0,NONE,False,False,0.0,9557344.06438629,0.0,167741179.98837018,R0,False,True,133739451.75795123,1728260548.2420487,c1782e05791d6f183e8b415c362782d1e2e8969c858e280b0fdc3c712f4f1ec0
E2A_VACCINE_H0,LA-0723,723,f673f3852e308dbde1d1a7ffa45d0773f2a9a2594756108e5c3af3bb435d9d5e,M2,A1_FINAL_NO_MEMORY_V1,certified,PASS,,,51d096b8df4fe0e5892c4e1e373f7414bde98339889181ae9e4686375a748a03,2f1df7ef4abf98996caebcacee31d1ac624cb20004f277070a5cbe0019e72326,0.0,0.9,19137905.85543848,4.0,1.0,1.0,1.0,1.0,223ea64657c84304fee72952776e9b275f74f07d49a1285613f1adf6aa19d369,3,2,2,bea02094490eae532bc0e2f27d69a08a84d7e2e819bce477ea00873e23130a57,P4,1220378453.7577782,1220378453.7577782,0.0,8274088.476807695,0.0,8274088.476807695,h09,5,Katrina,1212104365.2809706,10863817.378630782,1201240547.9023397,1733295553.3642724,148661790.70011392,1.0,0.0,0.0,NONE,False,False,0.0,10400000.0,0.0,0.0,NONE,False,False,0.0,9557344.06438629,0.0,276872874.79901016,R0,False,True,148661790.70011392,1713338209.299886,80bc32bc8f994873c446fd1fbf8390b0aecdb752dda58e3ef6cf8658778594fd
E2A_VACCINE_H0,LA-0724,724,1ebff7e28a3aad4ec0ba013bd5cff3fb767cea0c4000fbbb6682bd75d3a93a78,M2,A1_FINAL_NO_MEMORY_V1,certified,PASS,,,86eff3d14b66a3cebe50f1d09e07468f416493ee0c98aa280950f81745148b10,b0ff5463e79a5b5120fe1249c7d5a212911e66e9670ec5219bc8f3c80f25415a,0.0,0.9,19137905.85543848,4.0,1.0,1.0,1.0,1.0,848abad170212a0266dec01678c954349277bb5fca439861c0e30024f3979d78,3,2,2,91ea4b58f27be7a4e7a07a93b49aa864168210ffb7930610c7330ce2df12bb1d,P4,1214063703.0330226,1214063703.0330226,0.0,7972487.464781231,0.0,7972487.464781231,h09,5,Katrina,1206091215.5682414,11165418.390657246,1194925797.1775842,1777925347.6324232,104031996.43196319,1.0,0.0,15670284.686658483,R0,False,True,10400000.0,0.0,0.0,0.0,NONE,False,False,0.0,9557344.06438629,0.0,141080773.06433216,R0,False,True,93631996.43196319,1768368003.5680368,b9c158f346a97ac02d5093c9725fb273cb7b0438d7f47785b8227531ad381191
E2A_VACCINE_H0,LA-0725,725,9c45622b4317f688cc178b9c6db92120dc46609f22e3ff9f0e37f0967f3b323a,M2,A1_FINAL_NO_MEMORY_V1,certified,PASS,,,931784809cea4bf743b211b50d95edb1624174cd78495da7d99c309cd6018f94,3532088ed631483d125a897ead566bd1cb6c7cccd4f085b7289fe169606301ee,0.0,0.9,19137905.85543848,4.0,1.0,1.0,1.0,1.0,76f440f61a601fde7ed38e2afffbb2789de92b977736958201791cc27160ab41,3,2,2,d84551e28d8c98934c4e7756f39729730873a4e2ecacdcf662f70b44f3f536e0,P4,1194620728.365992,1194620728.365992,0.0,6424367.451150476,0.0,6424367.451150476,h09,5,Katrina,1188196360.9148417,12713538.404288001,1175482822.5105536,1664586298.6913471,217371045.3730392,1.0,0.0,0.0,NONE,False,False,0.0,10400000.0,0.0,0.0,NONE,False,False,0.0,9557344.06438629,0.0,258000500.35456216,R0,False,True,217371045.3730392,1644628954.6269608,96de8527efdf053ed6507c19da48fa032b4f31b9226239143090cd12a6f87d6e
E2A_VACCINE_H0,LA-0726,726,5569a7405a50eb8d9ce7555de2983e6a581c3159ebfd2ba1263d8b453e7d281e,M2,A1_FINAL_NO_MEMORY_V1,certified,PASS,,,0030b4e35dd9672a4c9eb28ff859623ef7f7af47d97169f0fe3f400fbc1b4cda,29acbffd1222575beee8bbb5d1dd72d7b2d9d35e2df79b63cf01793177da533f,0.0,0.9,19137905.85543848,4.0,1.0,1.0,1.0,1.0,f5b0edef3c5cd85597498288c7fe7319ce4c6ee375749930546212c3c2f7585f,3,2,2,fcb50185e3f8510a3037d9b0af059a1f1e6f892928a9fb14f24d29a849e91096,P4,1193065505.7947814,1193065505.7947814,0.0,6763087.817011204,0.0,6763087.817011204,h09,5,Katrina,1186302417.9777703,12374818.038427275,1173927599.939343,1721912230.7997267,160045113.2646597,1.0,0.0,14047873.530389741,R0,False,True,10400000.0,0.0,0.0,0.0,NONE,False,False,0.0,9557344.06438629,0.0,202134194.76757574,R0,False,True,149645113.2646597,1712354886.7353404,3bc8f5240cb1f4e354277a0ea9ab2a1d3c50387653d9b8ed91ea325617144a19
E2A_VACCINE_H0,LA-0727,727,f884143be498d32e8540429c629a64fce753672568861eb16315b4b20cba3fa4,M2,A1_FINAL_NO_MEMORY_V1,certified,PASS,,,27648eebcbaff14c73faa5e48a219f2d68aa6cbb6347978a1afb599188ae7950,28397fc9a8f727b293cabc32c17db44c95541296f742e493a90231cf28bfe687,0.0,0.9,19137905.85543848,4.0,1.0,1.0,1.0,1.0,6755dd6122b27108f943221034dc37962b903f21a5fa2fbfc95746bcf812c0e6,3,2,2,7deb14227c10cf17be7c90f08842a1e4001a0316a5278f31fddc983fceb00781,P4,1202359432.939799,1202359432.939799,0.0,7550257.963573416,1819291.769068859,9369549.732642274,h09,5,Katrina,1192989883.207157,9768356.122796204,1183221527.0843606,1685229450.0299277,196727894.03445858,1.0,0.0,0.0,NONE,False,False,0.0,10400000.0,0.0,0.0,NONE,False,False,0.0,9557344.06438629,0.0,237353229.54110765,R1,False,True,196727894.03445858,1665272105.9655414,253aff86a3bb1f6cbfb9528bb1d1554c254e0bfe65080f7f0f46116dd79141c9
E2A_VACCINE_H0,LA-0728,728,4f4224e8a98f7c66319d068600875aeae16b05fd995d72f810aeb83eafec23b3,M2,A1_FINAL_NO_MEMORY_V1,certified,PASS,,,583ed0ecd17e06745b9ffd11a64a2c4f17de6849e5cceb09eff0388450ffc789,cbc4dcd80b35599ae67e85892415cd18154f0f9b1d23867231c92df74db2e608,0.0,0.9,19137905.85543848,4.0,1.0,1.0,1.0,1.0,c27ca56266b0aab4b77e76806b4aedae565c3e7b29609d16ff92fdc41eb99bf6,6,2,2,6f57ba8949e7017bd081efc838a4b545d81a4136b7e49c8fa466ba05d3730187,P1,1225876719.9458377,1225876719.9458377,19137905.85543848,0.0,0.0,19137905.85543848,h09,5,Katrina,1206738814.0903993,0.0,1206738814.0903993,1881054928.3934033,0.0,1.0,0.0,0.0,NONE,False,False,0.0,10400000.0,1375244.743851572,0.0,NONE,True,False,0.0,8654928.393403262,0.0,0.0,NONE,False,False,0.0,1862000000.0,de1ebcf855c2dc1dc76c567b714f3456739af44b84243f1adde3ce154becaa7e
E2A_VACCINE_H0,LA-0729,729,7f2517d77452ef41ed3e76bef173a7599ab23cda67c2eb876ec5347f0c123e72,M2,A1_FINAL_NO_MEMORY_V1,certified,PASS,,,4c333012563e906cb071f85b0331075f8bfbc01fe6998ffe7c1b9cb3f5574cf7,64ba719e63e0279960aaf0a2a815eae6a8da72e56bd8910ae9cb32bc072da2e8,0.0,0.9,19137905.85543848,4.0,1.0,1.0,1.0,1.0,29b2df0131073bec5bb15773bf1d38b6a703c7d7512fbfd74a2d4016886969cb,3,2,2,7a58fa53af5d7aa24b5993422c1449e7c9508d861139a82a5d01472282f71d04,P4,1229951481.542966,1229951481.542966,0.0,8235367.9706352735,0.0,8235367.9706352735,h09,5,Katrina,1221716113.5723307,10902537.884803204,1210813575.6875274,1820306318.9030788,61651025.16130767,1.0,0.0,17472836.724848382,R0,False,True,10399999.999999998,1.862645149230957e-09,0.0,0.0,NONE,False,False,0.0,9557344.06438629,0.0,86105845.6369832,R0,False,True,51251025.16130767,1810748974.8386924,cbbfe8570f33c760b06a24891515bfec4af246572bad7d1dde64040fa2ab3107
E2A_VACCINE_H0,LA-0730,730,ac7ea81a01e19b8e69aa53df155dce744d37233040b5c9aac80351f76719a7b7,M2,A1_FINAL_NO_MEMORY_V1,certified,PASS,,,cfa6077db699134949d44c1e2ffc15abb9a41902267457651beb233972c511aa,4d01e2d8c5f2596050b222e881ecea3135d227e8565caca2ff1924acbe2c5ee5,0.0,0.9,19137905.85543848,4.0,1.0,1.0,1.0,1.0,7340ffcf959f6361fce8148c9175a0061a8b4038cdf7158d66c635ccf07fa240,3,2,2,ade1f741228b306bef85f0f15adba21398545ffaabc861ac24c1132f30893b55,P4,1211045342.3244224,1211045342.3244224,0.0,291371.62348760385,0.0,291371.62348760385,h09,5,Katrina,1210753970.7009346,18846534.23195087,1191907436.468984,1708399289.4041893,173558054.66019696,0.9999999999999998,0.0,0.0,NONE,False,False,0.0,10400000.0,0.0,0.0,NONE,False,False,0.0,9557344.06438629,0.0,256589969.74644712,R0,False,True,173558054.66019696,1688441945.339803,56408059ea6cbfb8c36efb3ab8e870094695785431bdb8923f9f341776ceacff
E2A_VACCINE_H0,LA-0731,731,51654db73a8951e31cd4c85be0f23694c5855501babb9abd3a0a54c941af64a0,M2,A1_FINAL_NO_MEMORY_V1,certified,PASS,,,ded4e5bceba894be9618a24886b95742c2018b1eba32c03576c2723743d34aeb,80653904e2d9b733990ce822c271b8be8de3d1f89c880fa5b75178847cbf7448,0.0,0.9,19137905.85543848,4.0,1.0,1.0,1.0,1.0,b00aa4662a6900264c1a5985f28cc97f11e15a9308a3cd1d8ace5f6d1f9b83c1,3,2,2,5bf958d8cecf6513873395e77c06e88e6605b413630295f534d3c3fe8c8adf01,P1,1227472725.0709472,1227472725.0709472,19137905.855438437,0.0,0.0,19137905.855438437,h09,5,Katrina,1208334819.2155087,0.0,1208334819.2155087,1871167653.4064298,0.0,0.9999999999999979,16369271.498240475,0.0,NONE,True,False,0.0,0.0,613360.7865786204,0.0,NONE,True,False,0.0,9167653.406429805,0.0,0.0,NONE,False,False,0.0,1862000000.0,7e0292ae1e61c9e4789f19d10b4d8d4c15a03807a531eda191b9ab10e18bc05c
E2A_VACCINE_H0,LA-0732,732,086e2d645bef16addd208458cd6e52cb4a67c07c954ae44077b275ebfce7818d,M2,A1_FINAL_NO_MEMORY_V1,certified,PASS,,,5bbe259ba3679d6deb80695aadf212f295583659f72b944641c78488383b470e,51ba7594af849733a0560078673ebf76be8fc28da07823254c2dd597531324a5,0.0,0.9,19137905.85543848,4.0,1.0,1.0,1.0,1.0,0b59be7a23e0d066d504d0236cbd813e935e840ab3996270b8360e9cb98a25c8,3,2,2,6d8e16037a3814eb773bb3941837f8c034512a3a197fb7763724e1d47db05844,P1,1228280478.308014,1228280478.308014,19137905.855438437,0.0,0.0,19137905.855438437,h09,5,Katrina,1209142572.4525754,0.0,1209142572.4525754,1871182164.6387715,0.0,0.9999999999999979,16645725.605005931,0.0,NONE,True,False,0.0,0.0,600493.6318680723,0.0,NONE,True,False,0.0,9182164.638771474,0.0,0.0,NONE,False,False,0.0,1862000000.0,0e3ed88c16ce05fc764a30dc8ac06d674cb931a877470ca2ac6d9bbb2a485ba5
E2A_VACCINE_H0,LA-0733,733,edc601c6c2ffbe79d7fe0cb8db5da19e33b5e06b749f30e40ab25036d4081173,M2,A1_FINAL_NO_MEMORY_V1,certified,PASS,,,58c0f04ee7127ef8000a1b8a62dcee9588c2bacd8ad5b22aac6b9c47d69a46ea,4169d87e109aee3110d5b4d70defe9be7b820cfaf4189e8a3dfcc180325b062c,0.0,0.9,19137905.85543848,4.0,1.0,1.0,1.0,1.0,27264bc2b5c47d7fb4646adb9c8b807ee147f7828db4416acc65c09bdbaedb25,3,2,2,628aff70b41fe715b000cad0223dcce59af7b205e5829495e08d613830f0a670,P4,1209322176.5183637,1209322176.5183637,0.0,888843.6782743147,0.0,888843.6782743147,h09,5,Katrina,1208433332.8400893,18249062.177164163,1190184270.6629252,1703802709.682522,178154634.3818643,1.0,0.0,0.0,NONE,False,False,0.0,10400000.0,0.0,0.0,NONE,False,False,0.0,9557344.06438629,0.0,323589233.3889181,R0,False,True,178154634.3818643,1683845365.6181357,86acd056f09d2650a854f037f005fdf18acb9f82996feb49ae978da9eeeb7d80
E2A_VACCINE_H0,LA-0734,734,12e799fc78af354e664a13c6737226bda8439a8efaafbd34bb8017839b6be271,M2,A1_FINAL_NO_MEMORY_V1,certified,PASS,,,4db0566736e9cc88b76ce26630bea1c024a6fd6e6920ff1029bfdf9bba30786c,1e8cfb0b931a68a56dd2694dd7a1db43e439579636e1ebfdcbc37893c3018775,0.0,0.9,19137905.85543848,4.0,1.0,1.0,1.0,1.0,4229a160d10c5ddb7b2997a4992a5a34b35ce5d51053067af05241912db5f548,3,2,2,4d368faf1fc083ffaf3ca3bc4b6ffa05cd918215262889a99171f41b3f525815,P4,1231461100.8695784,1231461100.8695784,0.0,3076240.8986595105,0.0,3076240.8986595105,h09,5,Katrina,1228384859.970919,16061664.956778968,1212323195.01414,1762858739.2152119,119098604.84917441,1.0,0.0,0.0,NONE,False,False,0.0,10400000.0,0.0,0.0,NONE,False,False,0.0,9557344.06438629,0.0,391126596.0193902,R0,False,True,119098604.84917441,1742901395.1508255,c2b701af6caef872943b68186ec6b40798643de23d039a94596239207841811f
E2A_VACCINE_H0,LA-0735,735,af998b706f3003bea4d34c41b9da8c751ff69adf5c3306ff105b466b3b972034,M2,A1_FINAL_NO_MEMORY_V1,certified,PASS,,,83421a9be4c3f3c9d634dcd7de27bb7272ab9806a6e06737d7990ca411a3d493,345d596f171953e8bbcef46a36f65ae830d0a397a5fe3670a2726635da9d8652,0.0,0.9,19137905.85543848,4.0,1.0,1.0,1.0,1.0,35b2a51cefca8cf69764b93ded07e24d650524be1332dcef8f54e3c4f05cb022,3,2,2,8e36891369c99c0b005b0200bda9c5292d5c2587b0b408740209b71f9195edf6,P4,1233723222.1364288,1233723222.1364288,0.0,4002475.1232538363,0.0,4002475.1232538363,h09,5,Katrina,1229720747.013175,15135430.732184641,1214585316.2809904,1830367513.4012194,51589830.66316696,1.0,0.0,16620757.433990415,R0,False,True,10400000.0,0.0,0.0,0.0,NONE,False,False,0.0,9557344.06438629,0.0,65827517.71150372,R0,False,True,41189830.66316696,1820810169.336833,b5360642f6213f2274c20759bfa515a33addae84120c4b3b1d56230b2982233e
E2A_VACCINE_H0,LA-0736,736,5fdc55b208a6dc260ce19154b9261de4a4557f37e57199cf004ea3b9339ce9e0,M2,A1_FINAL_NO_MEMORY_V1,certified,PASS,,,3f5eba176e66cc3ffe9c59e65d4cb6a22cc36da24196ef25fb45333e0b0f0539,e7479f6943476da4421c2b2c06f1d8062aba7a5268b8beeb5ea09f52cc60264b,0.0,0.9,19137905.85543848,4.0,1.0,1.0,1.0,1.0,7ffb32030a0e3c90bb44a24fe1f1d331dcf41fb1b4ff26fc72618fa34b3f3e22,3,2,2,3dac88e04261bdbba6e4db2a18f54b94a50b75f4351cbc7262ddb2956dc2b1d4,P4,1234126554.6603944,1234126554.6603944,0.0,6020514.150458379,0.0,6020514.150458379,h09,5,Katrina,1228106040.509936,13117391.7049801,1214988648.804956,1769968891.239369,111988452.82501753,1.0,0.0,0.0,NONE,False,False,0.0,10400000.0,0.0,0.0,NONE,False,False,0.0,9557344.06438629,0.0,276755206.45779717,R0,False,True,111988452.82501753,1750011547.1749825,db4d4c1c1bd2f301c225b895cc260e0ca07522f63b8a3cb0960e8cfa00ed508f
E2A_VACCINE_H0,LA-0737,737,c7ed8530e676f1740e5d25e8c53f84f84cec83b699932dd32bc91be5f2cfd576,M2,A1_FINAL_NO_MEMORY_V1,certified,PASS,,,6711c5878470c352b6863241e078ea1c1ac7fe9c58231fa6f9529898db940884,2ac580254c9de9bfaf1d52c81c0e6b1738053c20faed0377b0b785f9b8cb9ece,0.0,0.9,19137905.85543848,4.0,1.0,1.0,1.0,1.0,11eb97d4daed0134f5c433d44220f3120e14e363dec2d9814e55007b43827ff2,3,2,2,2899882622bd426aee95cbb4e5885a1c345e7b4eb1569c4f2c3463aa70d5a5cf,P4,1227000010.801967,1227000010.801967,0.0,2685914.7187528964,0.0,2685914.7187528964,h09,5,Katrina,1224314096.083214,16451991.136685582,1207862104.9465284,1750958691.019492,130998653.04489441,1.0,0.0,0.0,NONE,False,False,0.0,10400000.0,0.0,0.0,NONE,False,False,0.0,9557344.06438629,0.0,239847921.790858,R0,False,True,130998653.04489441,1731001346.9551055,91dcb03e1ec155c3cbc23c045a6a41874fbcb4db69111bc4504f84bb1789641c
E2A_VACCINE_H0,LA-0738,738,e2f39a862f7eac6d3a1344994c06c5b247aa5f818f77aedd580d9581284b1c9d,M2,A1_FINAL_NO_MEMORY_V1,certified,PASS,,,380ab007ca7ee8a0836bc7fb30737dd19719c1c14f02c8bad510a2b943896d8a,cfa579fc4bcc7f28f1ca6c088c2c4aaade2180fe4397df6fab93c3557af5bc34,0.0,0.9,19137905.85543848,4.0,1.0,1.0,1.0,1.0,aca14976e5b1be3a64f8c9dc4779615b94cb15f9d9e1fa7c0fd81835e1ff1dec,3,2,2,9242f43dab380083eaf08d44f9bb7b1b46846889ab2f813074c6d1dd17bc6e8c,P4,1222709004.5579517,1222709004.5579517,0.0,8707908.085738145,0.0,8707908.085738145,h09,5,Katrina,1214001096.4722135,10429997.769700332,1203571098.7025132,1871082073.4891944,10875270.575191958,1.0,0.0,14354629.045535363,R0,False,True,10400000.0,0.0,0.0,655993.5387633428,R0,False,True,475270.575191957,9082073.489194332,0.0,0.0,NONE,False,False,0.0,1862000000.0,2ce1ec358dda0d34799dd8d7e260cb831b220fac4386742eda63229909fbe9d9
E2A_VACCINE_H0,LA-0739,739,bbd650364570c550bb4f12e609906b97dbaef08ae036657ddaafe7706d0eee2e,M2,A1_FINAL_NO_MEMORY_V1,certified,PASS,,,e74e8b92a75756fabe3bdeb517dfcdfcad282d6392c2be0f9cb982dc4d83fa08,84c349815873f6c2b88fc62043dce635f16a9a3e944a913bf41f82f0b6526520,0.0,0.9,19137905.85543848,4.0,1.0,1.0,1.0,1.0,43ae05a1dda90068617fd49a958049ad5d57b2f6e986be1a09adfc220c8cb0ba,3,2,2,950a63161e614e56ea8565b848164bfac4af078355b0f23064c3db8f7e4c2474,P4,1204543378.3307054,1204543378.3307054,0.0,5361068.874941199,0.0,5361068.874941199,h09,5,Katrina,1199182309.4557643,13776836.980497278,1185405472.475267,1880353572.9194841,1603771.1449022251,1.0,0.0,558530.7966516452,R0,False,True,333631.8421558517,10066368.157844149,0.0,2126331.563670427,R0,False,True,1270139.3027463735,8287204.761639915,0.0,0.0,NONE,False,False,0.0,1862000000.0,96ead89244516ef914c1b3e479423bc7b673824654e1430b9b382745a54b9712
E2A_VACCINE_H0,LA-0740,740,5326ec912917902faffe5be81915dfb8bf5f115b0f007b4049f2e7d02f369edd,M2,A1_FINAL_NO_MEMORY_V1,certified,PASS,,,0dc2f236b184737c933d6fec80b81f60938059fbfad634ecd537a65cadfd96eb,cad19b7505c2cbd0ad037e1ed86983ea5f7d0d6dbbf4160055ecb0ad06a161c4,0.0,0.9,19137905.85543848,4.0,1.0,1.0,1.0,1.0,f44293a4dacf39fb0053771b5d95ac0dad3980312a5d307edf08ab9093f4da25,3,2,2,c2cc8f8bfea1ca66a8e2d1af61eb2be551d33162d614420def4e6a58ed9ec819,P1,1222009707.0285785,1222009707.0285785,19137905.85543848,0.0,0.0,19137905.85543848,h09,5,Katrina,1202871801.17314,0.0,1202871801.17314,1871069510.6563153,0.0,1.0,14716274.303565132,0.0,NONE,True,False,0.0,0.0,690297.1391936865,0.0,NONE,True,False,0.0,9069510.656315394,0.0,0.0,NONE,False,False,0.0,1862000000.0,f517b4f2f5f7aaa221a3c17c7c3e972ae692632084676a88531a1c971f437061
E2A_VACCINE_H0,LA-0741,741,cd706f6f95bfd3e423e08f8f37f52685b7c010f94728021798d0f88dbc03a9a8,M2,A1_FINAL_NO_MEMORY_V1,certified,PASS,,,a93967f4c351adbe59dcde991c71e36b83b37ea013943b5c5d37a1cad2a7b361,e1895ed2c6b825604116ee283e1b8b1870337170351b0b4e41bbe6ab9adbf9f8,0.0,0.9,19137905.85543848,4.0,1.0,1.0,1.0,1.0,87b1baa3c3f916c2a46f304dae3e23f2b242b4e13a4130b128b9ed64456648eb,3,2,2,310c45250eaff04cc40595e02a17735db0dc311bf37a2691abe12be1afec0631,P4,1201549017.5401177,1201549017.5401177,0.0,391362.07470692846,0.0,391362.07470692846,h09,5,Katrina,1201157655.4654107,18746543.780731548,1182411111.6846793,1880617882.8629756,1339461.2014105918,0.9999999999999998,0.0,0.0,NONE,False,False,0.0,10400000.0,0.0,4161305.5605961373,R0,False,True,1339461.2014105918,8217882.862975698,0.0,0.0,NONE,False,False,0.0,1862000000.0,86aee3219bc1c4d28c81ce5f50ca3d9d78b2552f882bc75595b02f2a03349243
E2A_VACCINE_H0,LA-0742,742,fa7c40aaf4394633133e11289327791db3f58eb169515367acc9a0fe975e0019,M2,A1_FINAL_NO_MEMORY_V1,oracle_failure,FAIL,oracle_failure,Full exact certification was incomplete,4dd3471c005841005590a01134b5e647cdcc0c0d5480833383522fb6f6a4d2e4,9d6feb28b45f1adf0b293baefb656c9f0f40c25fcd9b51c4e2f5da0bee0be0ae,0.0,0.9,19137905.85543848,4.0,1.0,1.0,1.0,1.0,fd236422ffc79038429c0e3a230ae019c6a03f1e8f514b34189ef3ea50dd4c43,3,2,1,,,,,,,,,,,,,,,,,,,,,,,,,,,,,,,,,,,,,,,b30e38783877e66158b59be87ed93f3edd6c86c7914f6ce595da79814c6f14a7
E2A_VACCINE_H0,LA-0743,743,2d62edb0a62651780d47594384dd24fe739c45b2b273b5f8659f272781220a03,M2,A1_FINAL_NO_MEMORY_V1,certified,PASS,,,7a820d28de4690722a9946b0680c9eeb07c635da7520ce88bfbde8489a212f8b,ffa289bed2ebc4fcf066c9a8f4ef1a7e7167d4cb9b8dd6107d8893b7057d0bd9,0.0,0.9,19137905.85543848,4.0,1.0,1.0,1.0,1.0,75438b7a147eba6237bdf76664c19291c6449360571991cf42b21d5cfa68e1c5,3,2,2,b3dcd4519a5a9f93d3976fd02ba7f32bca7644fd7f3e2f26bb7859fd3477e0f8,P4,1227476177.9987156,1227476177.9987156,0.0,3231045.911451646,0.0,3231045.911451646,h09,5,Katrina,1224245132.087264,15906859.943986833,1208338272.1432772,1752228876.67023,129728467.39415646,1.0,0.0,0.0,NONE,False,False,0.0,10400000.0,0.0,0.0,NONE,False,False,0.0,9557344.06438629,0.0,197586576.45635995,R0,False,True,129728467.39415646,1732271532.6058435,48c733da1f90309c46b7479104710e22e528b394a24b5c8955072c5ee600153f
E2A_VACCINE_H0,LA-0744,744,60c71465235da1498e0ae4b1a35a1896c33be7d1b1a9983ddde874a98a503486,M2,A1_FINAL_NO_MEMORY_V1,certified,PASS,,,c19b5832fa46bc63c4a0f301bc8b67d0a3fce26488035084343e3ea92525b923,46c2db68fd60c28f18829430cf011ab36f7f88dc822f04771bc4cc3dcf8587a3,0.0,0.9,19137905.85543848,4.0,1.0,1.0,1.0,1.0,6401bb566235ba4d3baf0d3d06a24adfee6d79e885a2f9113409385d0dcb202c,3,2,2,5779755219b82af8466e25c126affbaa2f63f12ae610ff26d2b8e5f9edef7f7e,P4,1213254825.730576,1213254825.730576,0.0,7478388.938708819,516500.5533056181,7994889.492014438,h09,5,Katrina,1205259936.2385616,11143016.36342404,1194116919.8751376,1880828176.9164116,1129167.1479746485,1.0,0.0,0.0,NONE,False,False,0.0,10400000.0,0.0,1390313.4786965535,R1,False,True,1129167.1479746485,8428176.916411642,0.0,0.0,NONE,False,False,0.0,1862000000.0,efb7345066f35ac3538ba765cabe4b67ca70d8f80c262a1dea4f3f64e7b244a7
E2A_VACCINE_H0,LA-0745,745,a9f88ec9725e08a9930cac7d250f3cf5d8a6e956c012a20c79dc97a41680ed8f,M2,A1_FINAL_NO_MEMORY_V1,certified,PASS,,,2cdef17f330fe7178bc60ff325681da69a3b5bd45a9888340799bf6c792cad2d,7100a5c5608b57f23d97100af953f15c02a3a1abea3c2fe263bc1610fe5ccc60,0.0,0.9,19137905.85543848,4.0,1.0,1.0,1.0,1.0,0ecc1e8e4dd9eac8bb0c6e5d5345824d55b75850e37268ccdca1000e15e76ce9,3,2,2,b1ac630ad2ab54befd71c2a17b9d824b940b18603398fa14be84063d8df4da90,P1,1241038908.9481304,1241038908.9481304,19137905.85543848,0.0,0.0,19137905.85543848,h09,5,Katrina,1221901003.092692,0.0,1221901003.092692,1881327316.0946517,0.0,1.0,0.0,0.0,NONE,False,False,0.0,10400000.0,1375244.743851572,0.0,NONE,True,False,0.0,8927316.094651693,0.0,0.0,NONE,False,False,0.0,1862000000.0,0b711439f6c84c845f2a4f0634fc3c4535ac44b0a074e90317fbbe821dd13563
E2A_VACCINE_H0,LA-0746,746,8dec8f2e8b5070bfbb36f3cedb0041bf993bda0e9e3745c2dbde1b08bba5abe1,M2,A1_FINAL_NO_MEMORY_V1,certified,PASS,,,1b48ef0de1b00672b683940fa898f7359646315a6092ed993d8b2cb765374ce4,da40bb16d3643f3b220011ad8c8f69f2d7da5f39f4e51bfc1845a8c3f6bb5665,0.0,0.9,19137905.85543848,4.0,1.0,1.0,1.0,1.0,0d5beb7c659db11c3951ff929dd0862d6411578a8f88bb8726114d0dbeb6ef9e,7,2,2,a9ceded26f42b29582862599a376b76bcb3b4c867cdbaf13293dfe1e631bf246,P1,1218822984.512176,1218822984.512176,19137905.85543848,0.0,0.0,19137905.85543848,h09,5,Katrina,1199685078.6567376,0.0,1199685078.6567376,1880928208.5128043,0.0,1.0,0.0,0.0,NONE,False,False,0.0,10400000.0,1375244.743851572,0.0,NONE,True,False,0.0,8528208.512804281,0.0,0.0,NONE,False,False,0.0,1862000000.0,69bf040e276aa9c535c80218ed2eccb67431811e5409614a84ab57faf6daf7f0
E2A_VACCINE_H0,LA-0747,747,9f8a2564a65cb50a9ca783a1d129e44731a1bd896d0cb67bc8564b22c69e6ab5,M2,A1_FINAL_NO_MEMORY_V1,certified,PASS,,,23c59fc7fa8bc5ae8cbfd8f14f05b96722bd701be36f2a39688e652c14d74e99,430842e9a9bf838034aa131c15fa74821be8da673660d63d4b8ca5378f6ffe95,0.0,0.9,19137905.85543848,4.0,1.0,1.0,1.0,1.0,c081443d6769051bd9361ec1d2c515ae2f60b1291bc1cf1d767a5b988771f850,3,2,2,bc616ef0670bd750eb8b966980c61ab7043268e388561b8218882676b71648d5,P4,1194349093.6356745,1194349093.6356745,0.0,8413113.328326488,0.0,8413113.328326488,h09,5,Katrina,1185935980.307348,10724792.527111989,1175211187.780236,1663861707.5413322,218095636.5230541,1.0,0.0,0.0,NONE,False,False,0.0,10400000.0,0.0,0.0,NONE,False,False,0.0,9557344.06438629,0.0,271365227.51417464,R0,False,True,218095636.5230541,1643904363.4769459,c663f596e60545c669e32053cad6777a19d6f77cef09dc666458134de6684a37
E2A_VACCINE_H0,LA-0748,748,9a72f3547ad420b3e1d2e7053e1d79f70af5c5fc4cd6b8bcc8ac8d7264672ac3,M2,A1_FINAL_NO_MEMORY_V1,certified,PASS,,,561e45333aa02d65e3acdf8bc49f8fe34c990db697278d85bac002bf0f7de722,ee7f4e7c62c7642dc7007292ee5eed16a16d0b4d110554c3d696361340f7cca7,0.0,0.9,19137905.85543848,4.0,1.0,1.0,1.0,1.0,06ae481e212f3c87255ebee8db1a802dce66bdd1f03c7cb823f7c5b6beab64bc,3,2,2,426091728e0e903a904396d103d91a55f54b596e86b57552ead59349dc270e6a,P4,1225236891.5837047,1225236891.5837047,0.0,5073805.031337938,0.0,5073805.031337938,h09,5,Katrina,1220163086.5523667,14064100.82410054,1206098985.7282662,1871127486.808858,10829857.255528387,1.0,0.0,25364756.096147727,R0,False,True,10400000.0,0.0,0.0,1048386.9656381727,R0,False,True,429857.25552838744,9127486.808857903,0.0,0.0,NONE,False,False,0.0,1862000000.0,a166e5a16c5e8cb2bb3021cd9413fbdcaf907631b054f9f319ec3b57bdccef0d
E2A_VACCINE_H0,LA-0749,749,f2010991b5388ab110f6e2d314dc0d1c1f49a55d4280c4578fc52dac5241209a,M2,A1_FINAL_NO_MEMORY_V1,certified,PASS,,,38de502eb8de90fcf43b29ba1c8d2a8bb4cc46990e43f7d08da1cf541e1cfd65,c06c88e7bd9692bf48c26a676a8dc3f08cb91e570d59b67680aca42c3380ab32,0.0,0.9,19137905.85543848,4.0,1.0,1.0,1.0,1.0,1463fe53c2137d38812fe3302a86dd416ef400cf542c37b6e05888ce7cde9578,3,2,2,39211836b7cfa52a0cd38fc904c7dfe348a5b362d09488ce246cfaff89f066d6,P4,1239342259.9259334,1239342259.9259334,0.0,3708611.869056722,4572100.007424298,8280711.87648102,h09,5,Katrina,1231061548.0494523,10857193.978957457,1220204354.070495,1783881890.7739906,98075453.29039584,1.0,0.0,0.0,NONE,False,False,0.0,10400000.0,0.0,0.0,NONE,False,False,0.0,9557344.06438629,0.0,110625900.4698088,R2,False,True,98075453.29039584,1763924546.7096043,25b89eba5d09c2dddafefaf9adcf6a5a9abf55c2d752ad65db64e770065c4a4e
E2A_VACCINE_H0,LA-0750,750,132017ed4b92d624f4a8a004437fd96fcbfc03e831e148154b313993a3a5d969,M2,A1_FINAL_NO_MEMORY_V1,certified,PASS,,,007dcf5714c9f2a3ea1570bd8e3ed7f470016759bbfc92bf2a609aba967acb71,e143baae6143840580ae6d5afc624d6a1d038f036c34e357d82077b820488bfd,0.0,0.9,19137905.85543848,4.0,1.0,1.0,1.0,1.0,517873978017098fcfaa492923286e8f0092220b115f7cdc025de517e41a1add,6,2,2,cfdcfd203e908f08c3e86554e67e9890d2405589fc1a4f69ad97041d0d2d1d1d,P1,1219140952.6876924,1219140952.6876924,19137905.85543844,0.0,0.0,19137905.85543844,h09,5,Katrina,1200003046.832254,0.0,1200003046.832254,1871017973.6783605,0.0,0.999999999999998,13975200.377412565,0.0,NONE,True,False,0.0,0.0,724789.3483032712,0.0,NONE,True,False,0.0,9017973.67836041,0.0,0.0,NONE,False,False,0.0,1862000000.0,41c7cdddb1e50ec7e6df68f3e40e1a55e750fdf0755e704dd7bdb0113281cf61
E2A_VACCINE_H0,LA-0751,751,79eef204de41371d5e89de96ebce35f83affc3181b8f7c142fb847c7e50dc8c9,M2,A1_FINAL_NO_MEMORY_V1,certified,PASS,,,f303756c2a052c9067302254e9d32a1f9be578b47dacd0b80830e0e082d0c0c1,3649144ce1160955251b813e3aaffa14f15f3a42acc5f8dd87bee2320c9854f4,0.0,0.9,19137905.85543848,4.0,1.0,1.0,1.0,1.0,8b342e5656bab2dc6b7491fcd3c147cf37a6323e38ba42385d66a86e758ab359,3,2,2,e3c7d36a5492e6a36273a777b6123899803224d956cbc1eeb8e2716f2262fbf9,P4,1189529292.777633,1189529292.777633,0.0,548796.7343315277,0.0,548796.7343315277,h09,5,Katrina,1188980496.0433013,18589109.12110695,1170391386.9221945,1651004791.0399413,230952553.02444503,1.0,0.0,0.0,NONE,False,False,0.0,10400000.0,0.0,0.0,NONE,False,False,0.0,9557344.06438629,0.0,287105794.1414695,R0,False,True,230952553.02444503,1631047446.975555,76dc6667d5c44fa09baa3f5e89d186988a28e5714441ca58b6611606a50c2435
E2A_VACCINE_H0,LA-0752,752,a67cbf0b6a8032f4a985a2b133980b10264b5752aa31758648180af2706297d6,M2,A1_FINAL_NO_MEMORY_V1,certified,PASS,,,197de25109bb4d676296f3b892ddf544b3134c7db7c437f7e085f538a8b7660d,7a087560905fa9b7422c33873747bf0a590695266a712cbee3a947fe3ab5f9b8,0.0,0.9,19137905.85543848,4.0,1.0,1.0,1.0,1.0,44996ff309c6ace2d79172a80bb90cd43fdb36e0e354bfaac6c86f7411c6c8c0,3,2,2,161473a90e3b48fc88e1eea7c03c5e5d9b4f1f2ab92b42e2288b182e5e3ffde3,P4,1212266789.0270295,1212266789.0270295,0.0,1096702.4278047536,0.0,1096702.4278047536,h09,5,Katrina,1211170086.5992248,18041203.427633725,1193128883.171591,1880506380.1601486,1450963.9042376368,1.0,0.0,439155.75438580516,R0,False,True,318888.9672579833,10081111.032742016,0.0,1559029.235929505,R0,False,True,1132074.9369796535,8425269.127406636,0.0,0.0,NONE,False,False,0.0,1862000000.0,1f197ede1a57e309adfd6cbd38e3b5af1f0ccdeffa56c321537155cb4cd1c6f1
E2A_VACCINE_H0,LA-0753,753,e3a0ddb2a5a294640f2c1eed3892746b8c7cad96d03ca1f213ce0c89afeae26e,M2,A1_FINAL_NO_MEMORY_V1,certified,PASS,,,9b927376071b8f0901eae65f94b1ed3c8c0105839e28b6d5159997fc2da6303e,bb1596a302d0db2b3fb415748cdf6679022b57b6c6d1d84e43561066fe7a5478,0.0,0.9,19137905.85543848,4.0,1.0,1.0,1.0,1.0,83bf5f4bba598d95a0570f84848cd2b4c2daf647664e8eaa957074822eab39bf,3,2,2,6366b0be571a3d8fb6633d2db1ad2067e90d1d4eaf14b9e2c9b8fcffd1d4d253,P1,1232603538.3690526,1232603538.3690526,19137905.85543848,0.0,0.0,19137905.85543848,h09,5,Katrina,1213465632.5136142,0.0,1213465632.5136142,1881175775.2319922,0.0,1.0,0.0,0.0,NONE,False,False,0.0,10400000.0,1375244.743851572,0.0,NONE,True,False,0.0,8775775.231992206,0.0,0.0,NONE,False,False,0.0,1862000000.0,d5ff59644e81b5ffc47114c5e0b9f753c151fd42ae392bda24a2e5f05f9b16b9
E2A_VACCINE_H0,LA-0754,754,dd028bee899037b6148ef60600826693ede965eec9bacce3301563a598af3800,M2,A1_FINAL_NO_MEMORY_V1,certified,PASS,,,a4a59504ef29ac1ed24b9562bcb8275f859fb47bbf03504d35e51ae6355b1d90,e32b181dac08e9fd8064b42f28edf5585d95e99868f32743dab3738b88936c13,0.0,0.9,19137905.85543848,4.0,1.0,1.0,1.0,1.0,f6b9421ec08d2e1d1d41060d4fdfd7c5d1638d84f009d719fbcc2b85f29a6096,3,2,2,7dadfe9e9821a75aa636538b589da71e9a7ccb878db5b385c389ae8fa1206f70,P4,1220690879.1843116,1220690879.1843116,0.0,2280901.5327174785,410045.4020635143,2690946.9347809926,h09,5,Katrina,1217999932.2495306,16446958.920657486,1201552973.3288732,1880961765.1144164,995578.9499699144,1.0,0.0,0.0,NONE,False,False,0.0,10400000.0,0.0,1235577.900840662,R1,False,True,995578.9499699144,8561765.114416376,0.0,0.0,NONE,False,False,0.0,1862000000.0,120aefec5f718c6fbc8556540c03f97a1e67c994d4772f3ec1152f33f7b794c2
E2A_VACCINE_H0,LA-0755,755,bd132e4f46c1c341735e47d7bab25fef16b2934de4240fb4a33fd24a8b133a87,M2,A1_FINAL_NO_MEMORY_V1,certified,PASS,,,781cd538a0ca06512121b4bfc95e59ea06ef544c5a02bb111bb71a16f9ecab32,2157ed15b089964afe8bde657316a6aede2193c14f7e3dda397deaab7cf89649,0.0,0.9,19137905.85543848,4.0,1.0,1.0,1.0,1.0,d3c244e46add7751ee595fd99a728bf7ae0fb2ceb0b2f07e20295cf684c1f4a7,3,2,2,bf16a5f40333b498402cbbcfaa1ca9347263414b6934cb91e45fb2183254b9cc,P1,1219388227.8877432,1219388227.8877432,19137905.85543848,0.0,0.0,19137905.85543848,h09,5,Katrina,1200250322.0323048,0.0,1200250322.0323048,1880938363.0718653,0.0,1.0,0.0,0.0,NONE,False,False,0.0,10400000.0,1375244.743851572,0.0,NONE,True,False,0.0,8538363.071865203,0.0,0.0,NONE,False,False,0.0,1862000000.0,70e8868937e0f96c29ed22d5aa0c5a2704f07d0c7e2f6863d44ba26789dc79b5
E2A_VACCINE_H0,LA-0756,756,6e9cfad82c5ef04e1b092705c53caf3323a3ddf130511ee10eb5a399ce4e820e,M2,A1_FINAL_NO_MEMORY_V1,certified,PASS,,,9b6379b2e39c0c2b4e6b003a80d247a498b0bc1f6de26066293a76bb661275a5,6228987cd794dd726d43e134c6c65351c6839ec669b5ee1ef43e3a84da2cf038,0.0,0.9,19137905.85543848,4.0,1.0,1.0,1.0,1.0,68d5bb2c9b210715b6ec94e3315e79a618dbcc5a7b5215d2df80513b6c5c816e,3,2,2,f15a8e7e8e60d34295abaffa6452bba0f2f4dd66eba1d782de43c0b8a75fbf0e,P4,1224394609.8036323,1224394609.8036323,0.0,3568583.553933379,682253.2486187535,4250836.802552132,h09,5,Katrina,1220143773.00108,14887069.052886343,1205256703.9481938,1881028302.3848124,929041.6795739572,0.9999999999999998,0.0,0.0,NONE,False,False,0.0,10400000.0,0.0,1231948.9385207251,R1,False,True,929041.6795739572,8628302.384812333,0.0,0.0,NONE,False,False,0.0,1862000000.0,9d7d22b895fa1309e3b1d50747c0bba733a01e251871e5209cef9db377045cf5
E2A_VACCINE_H0,LA-0757,757,91f7bfce04026e24772e42d9fd32e4f354724fc41ad5e0e9c7b6df2e9130b6cf,M2,A1_FINAL_NO_MEMORY_V1,certified,PASS,,,808f7bff6bcb33e56fa01b33966e9cdaa6ad0ae795e42242b405a1f49a7bc773,b0c4d3d3c1a410d221412f1c500bf66eca64e39f3cec20020ebf7ade3eaf4d13,0.0,0.9,19137905.85543848,4.0,1.0,1.0,1.0,1.0,79a97f956930a074e4c3f087d65deab9dadeb87808cf6cd54641610777cb0b5f,3,2,2,b027f998bf4e63f37bca8e41adcb745dfdedced69b93d0f99e8404889a88d591,P4,1222425635.9953496,1222425635.9953496,0.0,4203306.438537328,0.0,4203306.438537328,h09,5,Katrina,1218222329.5568123,14934599.41690115,1203287730.1399112,1800230973.3321862,81726370.73220019,1.0,0.0,14980501.853918204,R0,False,True,10400000.0,0.0,0.0,0.0,NONE,False,False,0.0,9557344.06438629,0.0,102740848.94105598,R0,False,True,71326370.73220019,1790673629.2677999,cdd8e0c21c9f15d3dafcb0ec2abaa7aa74f6a7e3dd463fea83c09928c38f9817
E2A_VACCINE_H0,LA-0758,758,65dfbf56050f03b54ff46c8be21d44467ac1c89802d9accd48cf2337381696b4,M2,A1_FINAL_NO_MEMORY_V1,certified,PASS,,,9f0ae476474aec4c83e59568e75531513ab7cfc3b20c925073a45c46187f08f4,530b9c76a614103ca6f1a2207c710ff6dad40c3f9954ec2c92a328be934fd04c,0.0,0.9,19137905.85543848,4.0,1.0,1.0,1.0,1.0,0e695e344b1d2601b46efe2589c5840648961a11bb4a408376efafdcdfbb570f,3,2,2,27f0bd5159c170f4582bc2921264114dec31e1ed6da5b95bba103bc19c83956e,P1,1222745210.9977245,1222745210.9977245,19137905.855438404,0.0,0.0,19137905.855438404,h09,5,Katrina,1203607305.142286,0.0,1203607305.142286,1880998671.046678,0.0,0.9999999999999961,0.0,0.0,NONE,False,False,0.0,10400000.0,1375244.7438515667,0.0,NONE,True,False,0.0,8598671.046678035,0.0,0.0,NONE,False,False,0.0,1862000000.0,1fb6af74e62ba08b15a39248640981c452abb12e3579140401d4ed232b091395
E2A_VACCINE_H0,LA-0759,759,a0ec5bef98c22d899b17b78065cfc59bbff5eb9515f01d3847aa5a9079dde680,M2,A1_FINAL_NO_MEMORY_V1,certified,PASS,,,4321a367d77bb8180e3a0356f21a7d5c35d0f5ca6d513066af294840ee4cbb82,b5ee351f465f8b5ace8753476cde2839718eccde80b79eba60f8fdff1c32bd85,0.0,0.9,19137905.85543848,4.0,1.0,1.0,1.0,1.0,080eda8276aedff13745ecb5a6f455a5f32e8d050f99db859ee450646c38aa70,3,2,2,fa71bec582635b8c024fac14ea63b8958cf137bbd94e64fd2385b663975c3a15,P4,1210905408.669804,1210905408.669804,0.0,450791.29039574845,0.0,450791.29039574845,h09,5,Katrina,1210454617.3794084,18687114.56504273,1191767502.8143656,1769500533.3899498,112456810.67443657,1.0,0.0,15704553.727282401,R0,False,True,10400000.0,0.0,0.0,0.0,NONE,False,False,0.0,9557344.06438629,0.0,154111217.92997858,R0,False,True,102056810.67443657,1759943189.3255634,2ad43079e60e9d9f6b92f33e611ca8403f3e09cf61d40a84d56f4bddb310107b
E2A_VACCINE_H0,LA-0760,760,078e6ac1a137ff83f5bd292590d3836baae7bbc05ba55d2eaa287c54428deb4f,M2,A1_FINAL_NO_MEMORY_V1,certified,PASS,,,0fc5db8e21daf797578b28078131851578c8e520e764659a7a23d1bc88e3e7ce,31a4f24caa8a965b6001a586189cc0726331fd396883122d5362aa07b0330c55,0.0,0.9,19137905.85543848,4.0,1.0,1.0,1.0,1.0,72a2e40b70c7f8d884af7265b7858d8a864adf73ff95a5010ff2289c352c15f7,3,2,2,a3a9abb30865c3676e9273dd864b715da34eee85c28df7d9a7fd03ffae703029,P4,1196606202.2835963,1196606202.2835963,0.0,131809.52530925474,0.0,131809.52530925474,h09,5,Katrina,1196474392.758287,19006096.330129225,1177468296.4281578,1731357110.464726,150600233.59966037,1.0,0.0,19107773.731406443,R0,False,True,10400000.0,0.0,0.0,0.0,NONE,False,False,0.0,9557344.06438629,0.0,257587917.37621513,R0,False,True,140200233.59966037,1721799766.4003396,ee94227d5907e7813d8867cb8e644573688ba341f63edcd5b1df29c939dae136
E2A_VACCINE_H0,LA-0761,761,0c5c240e662b976646957642eb48b5a8f9a03e99dc1d52d93eebd12c8367a925,M2,A1_FINAL_NO_MEMORY_V1,certified,PASS,,,b60aa72b45803545ca3b4956abe6902139702e894199236ccbdec4eb46f8498f,b47f819d781d111ec29e9bad439cc5bd7ed2305d31f24142177f9f54c44a5029,0.0,0.9,19137905.85543848,4.0,1.0,1.0,1.0,1.0,b91f018818fcf43d9ce9ba4ae559d912987f822b90e49ff797be9dbad4479a7f,6,2,2,a5df91e26074eec3b8de0670eb71375c9939dace1e733e655c32d69815569a48,P1,1225969653.8415565,1225969653.8415565,19137905.85543848,0.0,0.0,19137905.85543848,h09,5,Katrina,1206831747.986118,0.0,1206831747.986118,1881056597.9445624,0.0,1.0,0.0,0.0,NONE,False,False,0.0,10400000.0,1375244.743851572,0.0,NONE,True,False,0.0,8656597.944562338,0.0,0.0,NONE,False,False,0.0,1862000000.0,93c00a810c8068f42b754e412fc163e0ba7e8fa20e74f3bd46e9eb1d2cc03fbf
E2A_VACCINE_H0,LA-0762,762,095407ae67c8b46e1a66896562c4127ec2ed6eecb14adc1e518a55ecd1007a5a,M2,A1_FINAL_NO_MEMORY_V1,certified,PASS,,,931ec2919b658c7d39d98eb7193ded76cc83fac0b5aac771d232097e8d7db5c1,768904455065a166b94ca4e6e53a51efbf85a6f118112d1443b3b073a6260aa3,0.0,0.9,19137905.85543848,4.0,1.0,1.0,1.0,1.0,d19f36509755e12bfb1ede8e0bab8f7f9ed9f2e46ab6d9a212f5ae901176e04b,3,2,2,de1aac8b04dc66f50078cf1a48fc97bc54910db3d5096079aa1e4bcf2d1f8dd5,P4,1143291233.3428607,1143291233.3428607,0.0,475948.05495732743,0.0,475948.05495732743,h09,5,Katrina,1142815285.2879033,18661957.80048115,1124153327.4874222,1527663830.1063833,354293513.9580029,1.0,0.0,0.0,NONE,False,False,0.0,10400000.0,0.0,0.0,NONE,False,False,0.0,9557344.06438629,0.0,495397012.32460743,R0,False,True,354293513.9580029,1507706486.041997,dabd4039b8ba1375e69558ab44d570a68e07a6f7d28ccc3ff46a6a7ee718d94c
E2A_VACCINE_H0,LA-0763,763,ec3cc554ef237c5df62019db5bcf6828caeffba0c7e99a0a467705e22c76ae79,M2,A1_FINAL_NO_MEMORY_V1,certified,PASS,,,7ba8f92ec96a8108e9a41270c8445729cfa283ff3fedcfe56c11b0511331a044,4a9dbcf8adf764ce83aecc29c2ea8875ddb6c32f589d5bc0ea78e60785198702,0.0,0.9,19137905.85543848,4.0,1.0,1.0,1.0,1.0,21f09711c1724b164c5f6cd96de71bb913263408feaddc53e7048ff72eb5c2f9,3,2,2,3fde2a04d2ff43d23d35ce31cf8d39dc097f95c12b001ec19507b27f0b9a6d65,P4,1229243013.8235583,1229243013.8235583,0.0,5772665.524638983,0.0,5772665.524638983,h09,5,Katrina,1223470348.2989194,13365240.330799494,1210105107.9681199,1756941947.0523329,125015397.0120536,1.0,0.0,0.0,NONE,False,False,0.0,10400000.0,0.0,0.0,NONE,False,False,0.0,9557344.06438629,0.0,148802515.41683918,R0,False,True,125015397.0120536,1736984602.9879465,857683057096600c68f651c6c816aa3b5a38da4e87932b39df878ba949f53efe
E2A_VACCINE_H0,LA-0764,764,51a894b34e0b73014eca57a5ba2d8ecc7c518f94bed46bb7aceb0828bd80e457,M2,A1_FINAL_NO_MEMORY_V1,certified,PASS,,,cc8f72fac7b33098aa5344e58c619fd7bc821e7aea27477997d24206b1c23d36,3f7c15c2ba528b9c448b1afbcd32c77ac17b32b0f37dd64353ee22248ac3c184,0.0,0.9,19137905.85543848,4.0,1.0,1.0,1.0,1.0,98e9ea32f16a79a94a3fc8c97759eb0a284e982b734ec695273851a6b8cac9aa,3,2,2,d7eb71d2de248f5db6893361ea0f3fac0657a2acd8a4ff7e646fb887ed16b3cd,P4,1232625166.6425738,1232625166.6425738,0.0,6211838.855752991,933956.8910030623,7145795.746756053,h09,5,Katrina,1225479370.8958178,11992110.108682426,1213487260.7871354,1827438428.110313,54518915.95407339,1.0,0.0,12283878.775805445,R1,False,True,10400000.0,0.0,0.0,0.0,NONE,False,False,0.0,9557344.06438629,0.0,52110713.00959485,R1,False,True,44118915.95407339,1817881084.0459266,6b3e883978aeb02049bc378242d4af4e8791c927977db6281dd057f6aaa48ae1
E2A_VACCINE_H0,LA-0765,765,029044c21e5aaa3ef1fdc23ba9f93ecbcab421d4ba2aea33a2a93e86bd5dc97c,M2,A1_FINAL_NO_MEMORY_V1,certified,PASS,,,1c0ce676a97dbbdb5a14e439b018f56655728a61507a4de37cfbfa7116b44294,3b50a601f0d7492d5e9b297e39ce5dbdbcb31f8499d382c4c3f9f6d074b7a2a1,0.0,0.9,19137905.85543848,4.0,1.0,1.0,1.0,1.0,597f9ed74100cc41ab948d7593f5d503ce33a5ea98b88de3a6363a8ec78b6471,3,2,2,5506ac925e80306da09daf26cbaf3df36b91f6295b164f2668d43e6f8bcd2f84,P4,1224998391.012687,1224998391.012687,0.0,301374.9364361677,0.0,301374.9364361677,h09,5,Katrina,1224697016.0762508,18836530.91900231,1205860485.1572485,1807093849.4987926,74863494.56559366,1.0,0.0,18967474.959288407,R0,False,True,10400000.0,0.0,0.0,0.0,NONE,False,False,0.0,9557344.06438629,0.0,117568242.20780018,R0,False,True,64463494.56559365,1797536505.4344063,08df42e3f18dd0a8d88cabe7bff5a9e0ff835e9c7b678a1159d14367fc9ef74b
E2A_VACCINE_H0,LA-0766,766,f1c87a316e018fbff01d24a14b9a777642776df81fc0ce089fcda8d3483ceaa6,M2,A1_FINAL_NO_MEMORY_V1,certified,PASS,,,727cbd2a659c36dcd23cf7bad05a777e730b3bda46ae9121ac404d9cac024251,d62eea5d4858aea4b2f99ba6a057ea95fee4aa7b962a5f4e96a1adbf631d3051,0.0,0.9,19137905.85543848,4.0,1.0,1.0,1.0,1.0,e331703610cbb82b6d2a28da9ee140b4673c73c136c316e2b41ad805d8a80328,3,2,2,44296dc2fa2b5ee3535856f71cab0c561d1c8b8541ccd2b348a02c87cbd1d1a7,P4,1187557012.9590697,1187557012.9590697,0.0,1531724.9362277223,0.0,1531724.9362277223,h09,5,Katrina,1186025288.022842,17606180.919210754,1168419107.1036313,1880366517.445811,1590826.618575153,1.0,0.0,0.0,NONE,False,False,0.0,10400000.0,0.0,3172293.8455112115,R0,False,True,1590826.618575153,7966517.445811137,0.0,0.0,NONE,False,False,0.0,1862000000.0,e149cb0c84b1adc994195d07eb6384ed8bb43cdbe4a55ad563f70627a28da99c
E2A_VACCINE_H0,LA-0767,767,343e1d3b41b6f4bea29e9581979ad80a9e77f192046e329a1eb6f6a25a05080f,M2,A1_FINAL_NO_MEMORY_V1,certified,PASS,,,7aca94b40a6d77477cd77a323e4ad21d470cc144de70a7153820edd664c47b6f,912c2d8bb0cc033f3a87ca3d0d175d470d2bebb5dd0307819b1dbfe3e70e8ae7,0.0,0.9,19137905.85543848,4.0,1.0,1.0,1.0,1.0,daf3d4dee82e19494bf5bbaff1d3d9518759c50b47523eb75a8852e745fafc3d,3,2,2,eca069f43888fc5ae6283c8fa41f03657ad0d173b8ee2b7af5a9179e2967da96,P4,1217598876.5234692,1217598876.5234692,0.0,4592692.802842128,5223693.513061484,9816386.315903611,h09,5,Katrina,1207782490.2075655,9321519.539534865,1198460970.6680307,1880906217.4954734,1051126.5689129014,1.0,0.0,0.0,NONE,False,False,0.0,10400000.0,0.0,1136297.3003976734,R2,False,True,1051126.5689129014,8506217.495473389,0.0,0.0,NONE,False,False,0.0,1862000000.0,e023e96d39eb5fb8f4517285760bc07e99d17f79f44db178f9275937e11c8f3d
E2A_VACCINE_H0,LA-0768,768,dec10e7255c10ecb967c468565df9aa53a115c9f4ec82ec5c96c548f8cf778cd,M2,A1_FINAL_NO_MEMORY_V1,certified,PASS,,,004dcaf1745c4ff899dd18e4469495a09ae9720a8f626e7470dc28f889a6453a,0a6dd450f4529255c8fc7c7e0dd0bff965e3505cf641c01956a7322663f390e2,0.0,0.9,19137905.85543848,4.0,1.0,1.0,1.0,1.0,8c6991c28f9c7dfa21a1f518745f6a851bd304bafa4a9c1ae21cd9e7baec97fe,3,2,2,cc553feb1a394f1d151b92745f1a19c5879b9cb47f4c4bcbc385734369e31390,P4,1213812287.8271427,1213812287.8271427,0.0,4922081.748296145,0.0,4922081.748296145,h09,5,Katrina,1208890206.0788465,14215824.107142333,1194674381.971704,1777254692.473759,104702651.59062743,1.0,0.0,22763710.763375554,R0,False,True,10399999.999999998,1.862645149230957e-09,0.0,0.0,NONE,False,False,0.0,9557344.06438629,0.0,206411373.56042504,R0,False,True,94302651.59062743,1767697348.4093726,8e99c715ee81e73a1c6d39b0570e73a511d11b15637783706ca9e3f410aa7416
E2A_VACCINE_H0,LA-0769,769,cd9a068bd11fcd88b9b2cf7c8f2bec5dbf1dd17bc4a7f2ed77f1dbc288c441dc,M2,A1_FINAL_NO_MEMORY_V1,oracle_failure,FAIL,oracle_failure,Full exact certification was incomplete,f48e685376f89a230d038ca6541b41b67da0a3830ea10692c3faa44a64d42cef,0d26fca31f8f97ce43c2e97433d6be0a6c562184aec693ea518ec0e5c1467fb6,0.0,0.9,19137905.85543848,4.0,1.0,1.0,1.0,1.0,a1b1ce96eec9f4aac326641466ce8ea503624d5462a30a0822d09597bc742765,3,2,1,,,,,,,,,,,,,,,,,,,,,,,,,,,,,,,,,,,,,,,5855be11c6a86c43fd27ce53d645e3b7d30204881c22a59645212cf4ab13c14b
E2A_VACCINE_H0,LA-0770,770,f1fd6d3034dacc36645a1be8d00f7901ca6d2a318a9c60c3b379ff82db5a4f4d,M2,A1_FINAL_NO_MEMORY_V1,certified,PASS,,,9d9bce93233f32c19e0d7bea514f7606288afa306a133fc6f7d5076127638970,e98b7f8b8e6a40540a7afd4a823b42bb2c31452819d98de098e52ba08e5c4b84,0.0,0.9,19137905.85543848,4.0,1.0,1.0,1.0,1.0,fca58a63309f68093d863b2f8cb1596897bd08be0c991ef1d1bf7177e141d182,3,2,2,cba1882c6036e77a4d9bd291d4b00f92df7f272a5e0d0c345a9c1a4f99fa0c0a,P4,1196396479.2715743,1196396479.2715743,0.0,615622.8668775888,0.0,615622.8668775888,h09,5,Katrina,1195780856.4046967,18522282.98856089,1177258573.4161358,1669323150.2320595,212634193.83232686,1.0,0.0,0.0,NONE,False,False,0.0,10400000.0,0.0,0.0,NONE,False,False,0.0,9557344.06438629,0.0,705091681.5506603,R0,False,True,212634193.83232686,1649365806.167673,1c08da8c179e053588b3cedb852cd667997f6762aab00d864564858d9565256a
E2A_VACCINE_H0,LA-0771,771,1af97d7121e738bd7118f9315c5bc017b1b0c78ae8702859b8f0c2362c18ca0a,M2,A1_FINAL_NO_MEMORY_V1,certified,PASS,,,c066cfb22ba1045b46a2d56581c3e84a87286eb084a0914499aa61736be110fb,8aab27d1f4964d9ffd09e8316cbea30b83c1ab49098db673c9e84984e42b683f,0.0,0.9,19137905.85543848,4.0,1.0,1.0,1.0,1.0,1d82ec09b3788ed85efb1d8a0435ca427256fe57a861acf79735b62ce7f23a75,3,2,2,43af20f37a44a6f24ba898e636e33e2bb2e93f9c676d526d708f34568267cd12,P4,1221597252.8364685,1221597252.8364685,0.0,3764525.869852652,4958274.062772541,8722799.932625193,h09,5,Katrina,1212874452.9038432,10415105.922813283,1202459346.98103,1880978048.0558536,979296.0085327768,1.0,0.0,0.0,NONE,False,False,0.0,10400000.0,0.0,1216861.014711982,R2,False,True,979296.0085327768,8578048.055853512,0.0,0.0,NONE,False,False,0.0,1862000000.0,faa991073d11d3f3dd9ecbad3c080cc7251bca9387c2cea28ddb186df0e23647
E2A_VACCINE_H0,LA-0772,772,5e6d76642ba7b031db28d75aad1f8bc892fc1603aac81b65f343648b8672e307,M2,A1_FINAL_NO_MEMORY_V1,certified,PASS,,,27fc46d290097b1b69961ef56a448da1268dccac82dfc2653997d9178393a2d4,b588c36a6d1d04ebae0ed2088a17495008462958888a22f43b1ec84d6cd45ac5,0.0,0.9,19137905.85543848,4.0,1.0,1.0,1.0,1.0,876a211c25f284f908af325fad4cc67f2bb84400088bc1eb6633fb3f2dafc1e6,6,2,2,e44dd51574358c19c5749da0d1beec3c94db29a0cd4aebb1d04ac5a1c7c151c4,P1,1235250660.2732399,1235250660.2732399,19137905.85543848,0.0,0.0,19137905.85543848,h09,5,Katrina,1216112754.4178014,0.0,1216112754.4178014,1881223330.5981927,0.0,1.0,0.0,0.0,NONE,False,False,0.0,10400000.0,1375244.743851572,0.0,NONE,True,False,0.0,8823330.598192753,0.0,0.0,NONE,False,False,0.0,1862000000.0,fda7daaa553d4a304c645523df1455879155bda8e724a22367c195c1812968b2
E2A_VACCINE_H0,LA-0773,773,352684c43c955d5fdf1b7efe1809d560e18ff6e9a14fec08d2d438ec511cdc73,M2,A1_FINAL_NO_MEMORY_V1,certified,PASS,,,6b5d80804a7fcff9961311238c4d930e7d49ada4e67936ba22bf5ee1cd74ff03,873c997c25e64648764dc082eee914deea399a9dbeeb2175cb0711c56b29896e,0.0,0.9,19137905.85543848,4.0,1.0,1.0,1.0,1.0,36ae63a325b9a2801e4f9985e7e953fc1f9a8650f7706bb26df8649fab2f1545,3,2,2,88303f31a085c89520ddc1324433a3eba56a303a8aea9475d932b94fd7f3c7d1,P1,1228705431.3445253,1228705431.3445253,19137905.855438434,0.0,0.0,19137905.855438434,h09,5,Katrina,1209567525.4890869,0.0,1209567525.4890869,1881105746.0026064,0.0,0.9999999999999977,0.0,0.0,NONE,False,False,0.0,10400000.0,1375244.743851569,0.0,NONE,True,False,0.0,8705746.002606476,0.0,0.0,NONE,False,False,0.0,1862000000.0,5364d941b2e314dd343ee44a8e9b02fe2964768d98ae1e8f467d2a31919e6ec6
E2A_VACCINE_H0,LA-0774,774,0c98ebc644844d7ca0172872306d87c11039cd5d0dd7f629de88cecc21bb4875,M2,A1_FINAL_NO_MEMORY_V1,oracle_failure,FAIL,oracle_failure,Full exact certification was incomplete,be84d85d12891099c1daefa8d8f9f00b2479e2d6df3dd0310b77a187ae1c9fa7,9ab9f2d49eae8e4257629d6b677db573d3972dbac0611d634d3021d52dd7efb8,0.0,0.9,19137905.85543848,4.0,1.0,1.0,1.0,1.0,8c006997f6ea4e0bf993266f7d627ee10d67317aae1f0a242d805d26c39cf1f6,3,2,1,,,,,,,,,,,,,,,,,,,,,,,,,,,,,,,,,,,,,,,6ad642ad810fbf46be460bfa1ff0fbe484203627816a99ed633579b5f84cf63b
E2A_VACCINE_H0,LA-0775,775,a5407d055a6ce8b5d8bb311a59e4e375579876ceccb3e5820a86f856113f2909,M2,A1_FINAL_NO_MEMORY_V1,oracle_failure,FAIL,oracle_failure,Full exact certification was incomplete,de2e64ea0c722f71952b824409d0cc322e273e8b6fc13cb999c0abc20f849672,5433fe9dd63b313a56aecf83519175822fb7bf0ffe29fd1aadd34597c065ff57,0.0,0.9,19137905.85543848,4.0,1.0,1.0,1.0,1.0,539812bfc095a6ece63bfbbe290aaffdfb02bd00c0a7e23a9d5847c7f71333cd,3,2,1,,,,,,,,,,,,,,,,,,,,,,,,,,,,,,,,,,,,,,,28acc683d42e86ba8b05b4fd8ba9cee043f7cff5231b609150711352e33f7e63
E2A_VACCINE_H0,LA-0776,776,cd519f7252a6e964455647d5bf4fb8e7cfff18e4952277c9a70b98850ef2c3da,M2,A1_FINAL_NO_MEMORY_V1,certified,PASS,,,71b6e95c923c33227cb348ef8edbd5555b726ccb24c9873a79a4d7c7b8ffe7d5,61b23d401204a6c81a683b91b8a03c65b10277c961150286cb0d666f7559faf8,0.0,0.9,19137905.85543848,4.0,1.0,1.0,1.0,1.0,61badba2e54eff0d7e3fa8d211d93ed9db89f498c11f918baf463a786a1edfcd,3,2,2,cdfbe86c78ad1be39419e67d180d5e179e932865afdc7f46fa6d802901e4a917,P1,1220697898.397435,1220697898.397435,19137905.85543848,0.0,0.0,19137905.85543848,h09,5,Katrina,1201559992.5419965,0.0,1201559992.5419965,1880427955.6004238,0.0,1.0,773654.9815895702,0.0,NONE,True,False,0.0,9840000.0,1339236.0968570646,0.0,NONE,True,False,0.0,8587955.60042391,0.0,0.0,NONE,False,False,0.0,1862000000.0,541c60ba9e7ad85edbe3d3c179cb7040bf3655287bc86f0b451684aab050f469
E2A_VACCINE_H0,LA-0777,777,d4767bae67168a136de3ac42ad173e8423bac7f7786554993496edbc61a2162c,M2,A1_FINAL_NO_MEMORY_V1,certified,PASS,,,5aabdf18ec58c45be20aabf1917225773564ad9eb8c765e033bafade8940e751,fd833b8283c5210dfe19b3288613b34b8bf32c8bade99bb06e088f7914964a61,0.0,0.9,19137905.85543848,4.0,1.0,1.0,1.0,1.0,e82e5ccaf32fffddeb9a73de32440aa9d749b6b4295bf1e857185b8af2e1d3c2,3,2,2,07cada888dc938411394ba63f6a7fdedf9094fa762b97ca032154b262477c610,P4,1181870813.5558803,1181870813.5558803,0.0,7063033.782560749,0.0,7063033.782560749,h09,5,Katrina,1174807779.7733195,12074872.072877727,1162732907.7004418,1692050162.300738,189907181.7636482,1.0,0.0,15008381.314760583,R0,False,True,10400000.0,0.0,0.0,0.0,NONE,False,False,0.0,9557344.06438629,0.0,259049253.13912207,R0,False,True,179507181.7636482,1682492818.2363517,9513c44482c788dc9fa4b0b66f76b186c576592c7c3a5ded8c59ff029db4f322
E2A_VACCINE_H0,LA-0778,778,2d6de0ae702702dd0db8a40e28faeb1b166521aa4fe6a25a2d05f7b2b51d49e3,M2,A1_FINAL_NO_MEMORY_V1,certified,PASS,,,aa6974c52d83801b463c627a9ff36945e01ef37bfe625cc148366acd9b5308c8,e6d2ab251bcc494813568a65e85745b1a689ee2026f0dc64173df23789445e9e,0.0,0.9,19137905.85543848,4.0,1.0,1.0,1.0,1.0,7f8b272eb9f5be2ce0fe25f4c93a8683f43809e515997eee1e0722c766aa15ff,3,2,2,4d27321ec2fbea280b9f87c32172ad817c94d1b376df5ca5dcb1d0ae929f86a7,P4,1153647488.5368123,1153647488.5368123,0.0,3394105.063347071,0.0,3394105.063347071,h09,5,Katrina,1150253383.4734652,15743800.792091407,1134509582.6813738,1616763870.636557,265193473.42782927,1.0,0.0,28446294.50432541,R0,False,True,10400000.0,0.0,0.0,0.0,NONE,False,False,0.0,9557344.06438629,0.0,696916363.7411578,R0,False,True,254793473.42782927,1607206526.5721707,f68ca53b13e8f0ea1bb94a89041408c86fe35a2315ad91618c9b66afaf558ec1
E2A_VACCINE_H0,LA-0779,779,66b61dcd77aad2821e8b510d711ff8b12dd4f5269ae28317b27f8b5038b24b0c,M2,A1_FINAL_NO_MEMORY_V1,certified,PASS,,,1e31000d6f3133004b25894ab4928b7f6f603a8fc9851140d5ed36dbdbe18f1d,0775316bcfa511c85f669b4aed9d31d290bc5b9dd8062f3e9875e6c2116d7cef,0.0,0.9,19137905.85543848,4.0,1.0,1.0,1.0,1.0,d01e2bf5c7921cbee3a5297ff8fe93db87fc4e1618e2ad8bbc974f564efed6f5,6,2,2,5b5aac66f8815563e691ada9cbb167f4f5ff32d34dbbe921c05b1541fb254136,P1,1222431693.2440145,1222431693.2440145,19137905.85543848,0.0,0.0,19137905.85543848,h09,5,Katrina,1203293787.388576,0.0,1203293787.388576,1871077091.6101713,0.0,1.0,14831967.322627027,0.0,NONE,True,False,0.0,0.0,684912.3757238396,0.0,NONE,True,False,0.0,9077091.610171314,0.0,0.0,NONE,False,False,0.0,1862000000.0,e3623743c68741a082b9c1a65361af3652b88d398472c9e72234a0248d7b8f82
E2A_VACCINE_H0,LA-0780,780,24f5fb75be874fab46788adbdc7db9da108568504bf700ec7d7f099bed33c73b,M2,A1_FINAL_NO_MEMORY_V1,certified,PASS,,,7d24187da58e06d65bf82ed8e049061b65fa8dcbd7e681c8d99cc122f9449f86,a071f1d109cfb3c039b169eb9fc6392c1bc8459e49bf86c28aaef06ec226babd,0.0,0.9,19137905.85543848,4.0,1.0,1.0,1.0,1.0,1385b6aaf919c10eea9e89145a3bc8d8656a36f0cb33eb88721ee5c2bc6e36de,3,2,2,9c9e215ba54b1f709300d1a509d952ae3a6b5d523199a0f40685a4cbb4e08356,P4,1222778762.8500125,1222778762.8500125,0.0,5349362.708111007,0.0,5349362.708111007,h09,5,Katrina,1217429400.1419015,13788543.147327472,1203640856.994574,1801172946.3759942,80784397.68839219,1.0,0.0,21831482.384331148,R0,False,True,10400000.0,0.0,0.0,0.0,NONE,False,False,0.0,9557344.06438629,0.0,147749590.21787423,R0,False,True,70384397.68839219,1791615602.3116078,4b46d7a56fcd1453d0a4100223a2eab3e37563674218508d9505cb28417fe994
E2A_VACCINE_H0,LA-0781,781,13faee16c05c65d8aa84f2b60df048492c10af908ca2b4d83c8afa9c908bc6b1,M2,A1_FINAL_NO_MEMORY_V1,certified,PASS,,,f1542c26be399f9c38cf51755efa5e7ea0cdbb73787018b5cdb815d280101899,f16d413a417bb6196233d044b175290be38824dd7ffbbff45c44bfd037c402e4,0.0,0.9,19137905.85543848,4.0,1.0,1.0,1.0,1.0,2baae41fcaec37b8e02c9ee8846808804daa5a8aaa6f439e8b8d31da708dab60,3,2,2,ccb374ce77cb2d91a5fce60df255f992c5ea83a74afa3c039fdc0a9d65270e4d,P4,1201670859.7410731,1201670859.7410731,0.0,6279601.352242912,0.0,6279601.352242912,h09,5,Katrina,1195391258.3888302,12858304.503195565,1182532953.8856347,1744867186.9091265,137090157.15525985,1.0,0.0,17716539.210644074,R0,False,True,10400000.0,0.0,0.0,0.0,NONE,False,False,0.0,9557344.06438629,0.0,215818378.54267508,R0,False,True,126690157.15525985,1735309842.8447402,82e87fed533ff231741bc505e2040c01bbbbcc7e1d77c075d7e93eae20d0fded
E2A_VACCINE_H0,LA-0782,782,63422a84780b8954d79149930efcb05d402e38e8a8b4744140c869847cc9a317,M2,A1_FINAL_NO_MEMORY_V1,certified,PASS,,,65e99e73a9a44d9a41b5fa14235f3e5e788eb96d01e9b385ca40e33b35a30928,56057166d24bc52e07227e5ecb21323019edceb53003dec978af67a484ee6b62,0.0,0.9,19137905.85543848,4.0,1.0,1.0,1.0,1.0,afe2fe604fc3c69af23e4f35b43cf208311162b9656c99c66d29f0cbc70c5c17,3,2,2,0f0aba068b2778657098c5ecb53111dc01ab990c5acc9fd15d01718efce985f9,P4,1185229912.847266,1185229912.847266,0.0,7593599.326293938,0.0,7593599.326293938,h09,5,Katrina,1177636313.520972,11544306.529144539,1166092006.9918275,1701010627.7600462,180946716.30434015,1.0,0.0,12422411.209255058,R0,False,True,10400000.0,0.0,0.0,0.0,NONE,False,False,0.0,9557344.06438629,0.0,203711676.9539113,R0,False,True,170546716.30434015,1691453283.6956599,d780a636fd7f542a33fa3ad8e4e2027c99ad14e6ea993b9d5ce099611c51df3a
E2A_VACCINE_H0,LA-0783,783,b532f42ac1d1247a545abed2992d2ff15b916300c3984eab4343263b0474c9e5,M2,A1_FINAL_NO_MEMORY_V1,certified,PASS,,,7a372f9f65112ef6367274857fb93f4374f4559723f924799c2ebcd1da7089bd,5a346dceaedfefd9e9ad58cfbb9da4904aae7cf9f7f3a6e26f5b017863e2f33c,0.0,0.9,19137905.85543848,4.0,1.0,1.0,1.0,1.0,3571b24874ed149c6d57ed105f9b39dccef10cecc577ad16005c51e293b3e32d,3,2,2,e89d4b6d61526f8ec349e385e76dcc0b7c8db5b9fcd7efe61ea64cd064a39f2c,P4,1225320480.3978133,1225320480.3978133,0.0,6836621.992484816,0.0,6836621.992484816,h09,5,Katrina,1218483858.4053285,12301283.862953661,1206182574.5423748,1746478509.6170337,135478834.4473527,1.0,0.0,0.0,NONE,False,False,0.0,10400000.0,0.0,0.0,NONE,False,False,0.0,9557344.06438629,0.0,191380113.26983204,R0,False,True,135478834.4473527,1726521165.5526474,cb3ae6904ec4ba5706e02df7e0d4f38c2a9049687b1add602df34fe4015da9e6
E2A_VACCINE_H0,LA-0784,784,bd5fc92cb2e539865d8839cd2eb55629984c3aaa0568c074e4f9b0c7130eecbb,M2,A1_FINAL_NO_MEMORY_V1,certified,PASS,,,474cc0051989d6c6acc43589bff43f1189cbdfd22e08ec764ba84cca14ab689f,9b393dfbe4923a509d37c3283784e1ba96847e42944348ce0503e70e53f1d533,0.0,0.9,19137905.85543848,4.0,1.0,1.0,1.0,1.0,18da19b56c760334bb2770f6b3d5ad5f670af6034adf7e95ef9e9bf3548c4901,3,2,2,a3bed37a762d24d3ed67882a6b87012ffca7469412c5ea181123cee33e70d5ab,P1,1239606999.7723546,1239606999.7723546,19137905.85543848,0.0,0.0,19137905.85543848,h09,5,Katrina,1220469093.9169161,0.0,1220469093.9169161,1871385644.8317928,0.0,1.0,21810902.123368423,0.0,NONE,True,False,0.0,0.0,360087.99584167503,0.0,NONE,True,False,0.0,9385644.83179283,0.0,0.0,NONE,False,False,0.0,1862000000.0,82b1c9a45ca7ddcbc173c5ea7f048cebaed08231e81b04f1e2c96efe06d0346e
E2A_VACCINE_H0,LA-0785,785,8e346a58426a8b8791a228ec082f2a836b5daa0cd6764def52ffff7e66d3e4e4,M2,A1_FINAL_NO_MEMORY_V1,certified,PASS,,,6fda3c9874bba5ed9e57828f3c9f9ba99f785a69f0fbcb526604b1529becd426,af26f9384a451363f5aa99c26662a4ab00e591a53ce1d5004579585f08f50382,0.0,0.9,19137905.85543848,4.0,1.0,1.0,1.0,1.0,aedc9594739639f91c4a0a66f3b1ee431f73c4817cb8f0228a9cf3e9aa611638,3,2,2,840fd1cdd50ffa7896b64e6587debc3ac2ee101be3b0ff9fb9c782f1f336646c,P4,1227241566.9455297,1227241566.9455297,0.0,1199407.6289220576,0.0,1199407.6289220576,h09,5,Katrina,1226042159.3166077,17938498.22651642,1208103661.0900912,1881079447.7775598,877896.2868264465,0.9999999999999998,0.0,0.0,NONE,False,False,0.0,10400000.0,0.0,2732725.75251749,R0,False,True,877896.2868264465,8679447.777559843,0.0,0.0,NONE,False,False,0.0,1862000000.0,f5e97762957094bda213bd660ea3f1b9a9eb25e0d09c96caa18930478acb9e24
E2A_VACCINE_H0,LA-0786,786,1174073a28d0c3a2e594e8b47c88e882eba16d3e0d1322847cbf623cbfca3d1b,M2,A1_FINAL_NO_MEMORY_V1,certified,PASS,,,1ddb57b07b9c8ea2e8d51db39350adbe8de9b69ac25801c642f01d528406b0eb,b26745991d602ee624d75ca26c60585976d66278f8ad6be69cbc58faa25ec42c,0.0,0.9,19137905.85543848,4.0,1.0,1.0,1.0,1.0,9f18485ee393d9763db889a0f9b472ee6f9ac54e0fe871cde43431f7acfa53b4,3,2,2,4200cdae90197431a1e3b505471af03cf739ac43bf9575a54947a75c15368f2a,P4,1177058567.6564927,1177058567.6564927,0.0,5557462.76806828,0.0,5557462.76806828,h09,5,Katrina,1171501104.8884244,13580443.087370198,1157920661.8010542,1617738878.9583676,264218465.1060188,1.0,0.0,0.0,NONE,False,False,0.0,10400000.0,0.0,0.0,NONE,False,False,0.0,9557344.06438629,0.0,503962560.9159818,R0,False,True,264218465.1060188,1597781534.8939812,fc5b98f43a2e067465099e43d501f7e6b44bd7625c76d1961f15693c180c03ff
E2A_VACCINE_H0,LA-0787,787,c07770a6a5daf4bfdff983037c9831ee79d17e09ffdffb14cdf87cb7e253a835,M2,A1_FINAL_NO_MEMORY_V1,certified,PASS,,,bc95bfe530f8b468a03de1f390fd3e22cddf0223c5c3893571f04259d69fb595,43cf440f6a9aefbdfa19e1b8dfd739baa7b014a90edbbd6fee55ee04619f7a88,0.0,0.9,19137905.85543848,4.0,1.0,1.0,1.0,1.0,8d62e98a54d0cd62c36fbcab0c120c42ad78a8f3ca52945a88aae5171b3aa35b,3,2,2,c5b2cc43f8df9f0e3cbdcdad99863288f4c2f5508f794756b0ebe73e6b2788df,P4,1149772817.1713123,1149772817.1713123,0.0,1659824.8052207415,0.0,1659824.8052207415,h09,5,Katrina,1148112992.3660915,17478081.050217737,1130634911.3158739,1544953586.3709257,337003757.69346076,1.0,0.0,0.0,NONE,False,False,0.0,10400000.0,0.0,0.0,NONE,False,False,0.0,9557344.06438629,0.0,398700814.7302376,R0,False,True,337003757.69346076,1524996242.3065393,97b09ce3a8bd87020fc14dc90d64e2f5ee2da03c5b4d53c0104918760efad978
E2A_VACCINE_H0,LA-0788,788,685234e4e9ac8d72f11ea72e8bc1159e58cbd33dc1a32ceadd2cc6f2cf231abc,M2,A1_FINAL_NO_MEMORY_V1,certified,PASS,,,45c090bc811a939a541da067109482ddc600d14affe6b486fa9c1d1cd4fcb304,837907be800a6d2d24f422f0046caa1a716a94f4b0c421bf5fa66007e8165708,0.0,0.9,19137905.85543848,4.0,1.0,1.0,1.0,1.0,070afb1f55f6d06c8ff058b9dca18c1b4aa1f59fc8f67abcaac32c9eacf89be9,3,2,2,5d66ebcd43fde4146d3bcf26477fccd957f04f2fb3b7ef3a7dc01c6a9857bce3,P4,1213733765.6940775,1213733765.6940775,0.0,6716216.206156864,0.0,6716216.206156864,h09,5,Katrina,1207017549.4879205,12421689.649281612,1194595859.838639,1715570713.2455657,166386630.81882074,0.9999999999999998,0.0,0.0,NONE,False,False,0.0,10400000.0,0.0,0.0,NONE,False,False,0.0,9557344.06438629,0.0,242773518.06267154,R0,False,True,166386630.81882074,1695613369.1811793,ea0c6f74d6eee92e417fa79235c0c957e6594a5f07ba2649857efb3da95956b5
E2A_VACCINE_H0,LA-0789,789,dd409690bb74eddb2067923113a702a5d5efd305aeab1ebf4a34374bda2af1e1,M2,A1_FINAL_NO_MEMORY_V1,certified,PASS,,,527dff306a9efded585f270f808858f9f4cda6621d1a4e80010b65c459376ef1,03e178e65e6e416400ca312b77acf66b4abf8fcfcab81154f0bb909a32feb47a,0.0,0.9,19137905.85543848,4.0,1.0,1.0,1.0,1.0,3a1736a57151fa35cb531d36557de270cc652cefa6ee7fdce91afd340d971947,3,2,2,d0cdd016e22b1e437abee07f49e81354f99dc6e2288b01bfc4439b5932e2ffbb,P4,1212371308.855561,1212371308.855561,0.0,4291308.084985451,560642.1804257416,4851950.265411193,h09,5,Katrina,1207519358.5901499,14285955.590027286,1193233403.0001225,1880812304.5954318,1145039.4689543683,1.0,0.0,0.0,NONE,False,False,0.0,10400000.0,0.0,1603070.123394555,R1,False,True,1145039.4689543683,8412304.595431922,0.0,0.0,NONE,False,False,0.0,1862000000.0,51ccd320f56c6d736127b9da2ccdf1541395fb52933b702df1700f0b8b594465
E2A_VACCINE_H0,LA-0790,790,ffbebd5001c4d0038f37afa4b34f69df28a27732cd8e4b86163c2c654f09c93e,M2,A1_FINAL_NO_MEMORY_V1,certified,PASS,,,db67a06ccd521a7d8d2ceb552bb48dfa46d1224ed2226c4dc188b32e63d79662,8f13a59d90eeb70af0b2ba27fc026b4eb350a6d3889e54b229f30bbadb4aaaa2,0.0,0.9,19137905.85543848,4.0,1.0,1.0,1.0,1.0,12c7fdbfb0f7ee83f16841e5905febd5475733c476c8b46ffae36d4ae2804b66,3,2,2,9c3cada18468fa3c494e1d122f8cf6bda07f9c1f924a6125f53564804c333c81,P4,1216500862.9756906,1216500862.9756906,0.0,7869157.529268373,3593223.5877753966,11462381.117043769,h09,5,Katrina,1205038481.8586469,7675524.738394708,1197362957.1202521,1880886491.7562563,1070852.3081299637,1.0,0.0,0.0,NONE,False,False,0.0,10400000.0,0.0,1342144.7599287543,R2,False,True,1070852.3081299637,8486491.756256325,0.0,0.0,NONE,False,False,0.0,1862000000.0,84fcb54e9b9a0300ebeca8be13120c7906cc3877c45944f538901ee29acae0c5
E2A_VACCINE_H0,LA-0791,791,974c0523ed42b48d695bec3664fbe5aa70e6485628d8c74806de9399eec7942c,M2,A1_FINAL_NO_MEMORY_V1,certified,PASS,,,a4f358092feabc71d64dd9bce6ac1282287b274fc30d4e8c732e6891dea9a33f,f502420e963247067d257f3dc5e005c1c4b67247fac4b7521599307df2d0de1f,0.0,0.9,19137905.85543848,4.0,1.0,1.0,1.0,1.0,9061a880fbbff80100365cac0d2196c721c3ed23a54ea5419c8ff58a286bd1ae,3,2,2,e77b47e1792bf5da91f385a329b3d522b69c372373a236942f511a73508ae9e3,P4,1211976443.4665885,1211976443.4665885,0.0,7993058.559154082,0.0,7993058.559154082,h09,5,Katrina,1203983384.9074345,11144847.296284396,1192838537.61115,1710883020.5772748,171074323.48711157,1.0,0.0,0.0,NONE,False,False,0.0,10400000.0,0.0,0.0,NONE,False,False,0.0,9557344.06438629,0.0,211802815.97359008,R0,False,True,171074323.48711157,1690925676.5128884,e6d27168de45b244b028cecf06b8adb922b0386f018a6fc24d321e7e44873cd8
E2A_VACCINE_H0,LA-0792,792,eca1094e8a93d953c7b9ca4d4c4f09c9bf1da2081e20536c4902dbcef0ff14d3,M2,A1_FINAL_NO_MEMORY_V1,certified,PASS,,,ab1cb2e67a3909106a965ce2e9d6f92b02e815322432a95d3034c28f89de7830,e95ed2f6e874e52efd6441346f8a69c486393d564ac50130e1113cd5d552bbbe,0.0,0.9,19137905.85543848,4.0,1.0,1.0,1.0,1.0,b0a571a273ce33cfdc2a5d716313e2851122a6f6c1efc18cc215b049b6721aac,3,2,2,48a50f8ed8d2added491e07874663e2f4fd7e0b5c18b7ff82faed83f5468358f,P4,1239552632.3658717,1239552632.3658717,0.0,5897054.954713495,0.0,5897054.954713495,h09,5,Katrina,1233655577.411158,13240850.900724983,1220414726.5104332,1784443063.522439,97514280.5419473,1.0,0.0,0.0,NONE,False,False,0.0,10400000.0,0.0,0.0,NONE,False,False,0.0,9557344.06438629,0.0,186434292.49489686,R0,False,True,97514280.5419473,1764485719.4580526,0b14224f05f217093c46d1cd48587325af4dff461975a8934fda98185f5f0cbf
E2A_VACCINE_H0,LA-0793,793,5baae0039e1476b3799f9656e10b5353f1dae7e8f21eb6a57a77d9b280a0a6ba,M2,A1_FINAL_NO_MEMORY_V1,certified,PASS,,,86a06b6e542d72caa2a63e330cf0aad3bd6236739fc0da42768c6b3c0ac0d555,bd0c608052ce5ad1fb02865952150ce8531b1b3d3f3f4987af7a1b8bb05aefdd,0.0,0.9,19137905.85543848,4.0,1.0,1.0,1.0,1.0,3d0a5256a37f8c3856833753beb7a5558d9ac6b08bd91b336d91dd541b29e338,3,2,2,aeaed53e85152a64d7da79c62ed6c9c67cc57af0a8c35534724aaccd344c9275,P4,1210657317.9439275,1210657317.9439275,0.0,4093444.3720499678,0.0,4093444.3720499678,h09,5,Katrina,1206563873.5718775,15044461.48338851,1191519412.088489,1768838746.3490922,113118597.7152941,1.0,0.0,19416054.0340069,R0,False,True,10399999.999999994,3.725290298461914e-09,0.0,0.0,NONE,False,False,0.0,9557344.06438629,0.0,191768254.1863046,R0,False,True,102718597.7152941,1759281402.2847059,33218e40d7535abd31610aa016e7f70757ff954b948814d5de7e8131c8f4ccc6
E2A_VACCINE_H0,LA-0794,794,d0d85f9cd66da153740509f79b919ee666f8bfe331d90a70e9bb78669a2f49b6,M2,A1_FINAL_NO_MEMORY_V1,certified,PASS,,,b51de137ba4402b9659618161e41610cca6a62d6a2c9e4fbe1987ae392381e76,05fcdf5058840f3550f92e88682d7fe87e00b7d6aae4788e8fe649deefe6da8b,0.0,0.9,19137905.85543848,4.0,1.0,1.0,1.0,1.0,20f034cd3088642c0662fe978614d464af64d4b7f08b80555da579d04d216266,3,2,2,5645a84914b5097ffee80578858fa4e05a3f1491b20b277092a50722874710ff,P4,1236234805.4347498,1236234805.4347498,0.0,4885423.545170229,0.0,4885423.545170229,h09,5,Katrina,1231349381.8895795,14252482.31026825,1217096899.5793114,1775592692.920855,106364651.14353138,1.0,0.0,0.0,NONE,False,False,0.0,10400000.0,0.0,0.0,NONE,False,False,0.0,9557344.06438629,0.0,214146763.36272946,R0,False,True,106364651.14353138,1755635348.8564687,09e17b50fe791a062e584946f43d6631e2d98f0cd5475c616bff9f9e71704ca5
E2A_VACCINE_H0,LA-0795,795,1bd621fc53d7a860dcafa58d8063124d573a69bf2582be6d9cb20a37923fb75a,M2,A1_FINAL_NO_MEMORY_V1,certified,PASS,,,d6297b4ba2478e50baab19e3e23cb26231066f34c09bf353f85c1a1d0ac11134,fbee60ac2c94cf1129f3fd5a25ae9ca481f6f6e0dfbfe41a115bbfd3e2d7b904,0.0,0.9,19137905.85543848,4.0,1.0,1.0,1.0,1.0,e7d40077c9b29dcab70fa0c5bfa8e88b59c15f7e3505a427e9c774e48fbbbbfe,3,2,2,2fc9f39f749a4d08a6474fbf457314fb60c64c50cfb3e6ddbfc8829ed3bb64f3,P4,1189018854.6260755,1189018854.6260755,0.0,1702119.4526201414,0.0,1702119.4526201414,h09,5,Katrina,1187316735.1734555,17435786.402818337,1169880948.770637,1649643186.9224703,232314157.14191613,1.0,0.0,0.0,NONE,False,False,0.0,10400000.0,0.0,0.0,NONE,False,False,0.0,9557344.06438629,0.0,631157212.2196549,R0,False,True,232314157.14191613,1629685842.858084,d9ea95ad4b9ee2d7bcdc7016ee74640faf7f833046dbae0cadf84fc2a41fa60f
E2A_VACCINE_H0,LA-0796,796,779e6284d44a3658415e422f28cf8b3c5c70805e76037da02a6cd105161b0ad3,M2,A1_FINAL_NO_MEMORY_V1,certified,PASS,,,e177125f5e990941635982458a13aa908c4b0e3cbcba2ebc7646f511e123e2ae,1b23f692fce7cde989377e350964f2b581d989454edefd1c647912626e58706a,0.0,0.9,19137905.85543848,4.0,1.0,1.0,1.0,1.0,43cb184344d5c1f2a687ce1d690ee5371ee74e1fa4ddb8832ed1b64b2646af75,3,2,2,80ad447fcc60072c6db2ef35d6596a3933185852bcc2c4067d59d5b8d64ba16a,P4,1224018700.2211683,1224018700.2211683,0.0,5854590.837551169,0.0,5854590.837551169,h09,5,Katrina,1218164109.3836172,13283315.017887307,1204880794.3657298,1743005984.6046429,138951359.45974356,1.0,0.0,0.0,NONE,False,False,0.0,10400000.0,0.0,0.0,NONE,False,False,0.0,9557344.06438629,0.0,201542251.53129143,R0,False,True,138951359.45974356,1723048640.5402565,d74939c35749053b2d08fc81e193c8d3d20fabf9389977c3ade6a0774933f95e
E2A_VACCINE_H0,LA-0797,797,8f7c6ae29d642bf5d4f78f54c33031c0ad82475f94c87de3039e65618b18f23a,M2,A1_FINAL_NO_MEMORY_V1,certified,PASS,,,b05397dfdf6628c16b3e20aa3745eaff9b69afe7939d112b1da5ab031c611d23,43294dff886fd366034050ad7b229c41e50e988ca5e3f20fe88ec573aee7cf0c,0.0,0.9,19137905.85543848,4.0,1.0,1.0,1.0,1.0,6c0016379a4a23dde3a414f9550056a16cc054601c9116f29712a9dcb6fb4196,3,2,2,a998df76edf3f27feb4f2b749a0f3facb1c542e91a85e5e9475e3e52ac48be80,P4,1240409472.309592,1240409472.309592,0.0,8667647.60161476,0.0,8667647.60161476,h09,5,Katrina,1231741824.7079773,10470258.253823718,1221271566.4541535,1848203221.289512,33754122.774874374,1.0,0.0,24958424.52686314,R0,False,True,10400000.0,0.0,0.0,0.0,NONE,False,False,0.0,9557344.06438629,0.0,56046356.79498054,R0,False,True,23354122.774874374,1838645877.2251256,70cd6b591284df97962140ba221e2f663094e49e83ab0f63dc01a7d7761e0bee
E2A_VACCINE_H0,LA-0798,798,b3066e2f289fd9405550c5f50b21b7917edd3dcb6b1ec139f1e93ba778d96dfe,M2,A1_FINAL_NO_MEMORY_V1,certified,PASS,,,1cbccad0d68bc95ad254c64d0bcbd47c5a38900e4767f68c99c4f585fd27d312,ae0be66302a93a553be3dade9e574282e96120356bd6e746478301d49bd93aa7,0.0,0.9,19137905.85543848,4.0,1.0,1.0,1.0,1.0,8da8737120cdefa456e3d2350d2f230c7381a88010c5b34a8285f7bc0aafcc26,3,2,2,f720ee0a9373aaafaee66f97a493a90e258f1f51024e93e2a9901742fe1115f0,P4,1223884525.5635636,1223884525.5635636,0.0,2924.672791215356,0.0,2924.672791215356,h09,5,Katrina,1223881600.8907723,19134981.18264726,1204746619.708125,1742648070.9853384,139309273.07904795,1.0,0.0,0.0,NONE,False,False,0.0,10400000.0,0.0,0.0,NONE,False,False,0.0,9557344.06438629,0.0,333909633.12908524,R0,False,True,139309273.07904795,1722690726.920952,c7ab11a0982f852c5d9db8c13648346866bfaa664c2d29f966200e012cca18db
E2A_VACCINE_H0,LA-0799,799,2b823709ce852b2d6e351887370c0475a4e8be187eeb3c861d58db177f62805a,M2,A1_FINAL_NO_MEMORY_V1,certified,PASS,,,be7621f45101409958350aebc632600ef67d27a096529b2dccaa41d2068209f6,5c86b1d715faf5e079d97fb09f58fec0767b73555ab06962c0e8da32553e027c,0.0,0.9,19137905.85543848,4.0,1.0,1.0,1.0,1.0,af3922963b4dcc41c49e9e4fe6d1b575123a4b98aecb1e0d2c4bd9f98e2e024e,3,2,2,b55457a6f20ee4d2f41d879e517dde2f13556b6d6e63e901aabd5c1e0cc971c5,P4,1213742374.6864605,1213742374.6864605,0.0,7870210.584157551,0.0,7870210.584157551,h09,5,Katrina,1205872164.102303,11267695.271280928,1194604468.831022,1715593677.9072785,166363666.1571078,1.0,0.0,0.0,NONE,False,False,0.0,10400000.0,0.0,0.0,NONE,False,False,0.0,9557344.06438629,0.0,314985526.1578978,R0,False,True,166363666.1571078,1695636333.8428922,66add534a930ea4993a395dc2d5919fde6cf6b039c24aa7c331562f32725fede
E2A_VACCINE_H0,LA-0800,800,ff13f8d0dba72ef747962df03f8dcb74640d3949112a9474ed7f575d1b65b818,M2,A1_FINAL_NO_MEMORY_V1,certified,PASS,,,5990e0266ad95970599034c6571f6a639f6232867a81ebed4c0754d0f052a8d0,5850a547ae4aaf5f876b641cb389557f8c0ed8af171a7142f226ff38fd1673a2,0.0,0.9,19137905.85543848,4.0,1.0,1.0,1.0,1.0,1a699d52f7b48d5c9280eb3d846521a7d22ccbab973b59c8014763d4c6563b38,3,2,2,274d3afa31d21988f584b67a8d1344bbc65427a1c0fe9deed7ad7a16273e8434,P4,1208818389.6619143,1208818389.6619143,0.0,8807977.20138262,0.0,8807977.20138262,h09,5,Katrina,1200010412.4605317,10329928.654055856,1189680483.8064759,1763933367.875946,118023976.1884404,1.0,0.0,13367466.762139332,R0,False,True,10400000.0,0.0,0.0,0.0,NONE,False,False,0.0,9557344.06438629,0.0,138332685.04887038,R0,False,True,107623976.1884404,1754376023.8115597,4963cc25ee63231a7ae4764f0f9905e52ece231783e0c2398954263787e95242
E2A_VACCINE_H0,LA-0801,801,130a8d9f0997de4ffc8bbffec49a40055721c06682ace8ccfd95478fb4eb5ea8,M2,A1_FINAL_NO_MEMORY_V1,certified,PASS,,,cae9663a9bdf40d76318c7441535766db5564b78ce004396ce22407aae7cfbc2,08613b4caec3643581f18e29522cbedd3bcd04641a88153f8898a49847c392fe,0.0,0.9,19137905.85543848,4.0,1.0,1.0,1.0,1.0,aa6c004c18f2c7f7c61af3462119853de69c52cb8a2e91392b40921cc854e3b4,6,2,2,2a2a8924bde053324538c55acc45e6cb8a6e960c6d33baca29a5c886682c14f0,P1,1218914810.201283,1218914810.201283,19137905.85543848,0.0,0.0,19137905.85543848,h09,5,Katrina,1199776904.3458445,0.0,1199776904.3458445,1880929858.1551065,0.0,1.0,0.0,0.0,NONE,False,False,0.0,10400000.0,1375244.743851572,0.0,NONE,True,False,0.0,8529858.155106433,0.0,0.0,NONE,False,False,0.0,1862000000.0,e19b91772f3b3d5c9be11881271dbef87a36d74490d821e8412343e40b8cd884
E2A_VACCINE_H0,LA-0802,802,08d200d068730669000640f9037f4ea66dcff16c72d21874b825ba042565721f,M2,A1_FINAL_NO_MEMORY_V1,certified,PASS,,,172d81117d397e515f84a3d2da9e72be0bf37b20d39c9eebd0097ea74ae04d0a,da223cdfa2b470b81c36af832a8aea97cd5aa8e81eb2840b7c8398688c2572d1,0.0,0.9,19137905.85543848,4.0,1.0,1.0,1.0,1.0,2c15b8f731e8fa4d7a1e910bf2188da3dabf4977ca5311e0b010258b2d203295,3,2,2,db23557f5607f5062fda10448a3be845e85af36e5de5e383299368e625841832,P4,1228589997.4005196,1228589997.4005196,0.0,5078928.578451205,0.0,5078928.578451205,h09,5,Katrina,1223511068.8220685,14058977.276987273,1209452091.5450811,1816674532.3515255,65282811.71286092,1.0,0.0,12280877.45567742,R0,False,True,10400000.0,0.0,0.0,0.0,NONE,False,False,0.0,9557344.06438629,0.0,64808565.87198676,R0,False,True,54882811.71286092,1807117188.2871392,11f2dbc4bee7afcfc5f69b887e4267d3cc39241d8dddce40e8a371e86e941a91
E2A_VACCINE_H0,LA-0803,803,6fab487f0e10f651a0bddc12ba6823cef3f62e8a9cc929292030385a0f8776dd,M2,A1_FINAL_NO_MEMORY_V1,certified,PASS,,,c206241376f2ce28676f8f548223e7ffb2a85dd8f57b03251cc2c367588b56ca,271ffde7009436b2b69bb211786bdf3c98f2a92fc35ca51c5846fd6c3f567cba,0.0,0.9,19137905.85543848,4.0,1.0,1.0,1.0,1.0,9c491ee59ac6b8188f74255e91b104ba0d10955a5e945559e9bab16e4b8b8ba6,3,2,2,8d01d248ab708c0c067bf16898042763a677837c2bf15dab2165567835ba3ffe,P4,1196349260.8235512,1196349260.8235512,0.0,5717317.313129113,0.0,5717317.313129113,h09,5,Katrina,1190631943.510422,13420588.542309362,1177211354.9681127,1669197194.064691,212760149.9996952,0.9999999999999998,0.0,0.0,NONE,False,False,0.0,10400000.0,0.0,0.0,NONE,False,False,0.0,9557344.06438629,0.0,534173843.99826574,R0,False,True,212760149.9996952,1649239850.0003047,acfea9709ef6ca4f8efaf88ca2aa632a248d5bae6196d2060afa14e2af2f94d1
E2A_VACCINE_H0,LA-0804,804,9ab69d62c2bfa3180d5e4cebce0d5f7b64074f26b8f1b63bebed584510dbdaf4,M2,A1_FINAL_NO_MEMORY_V1,certified,PASS,,,fc2dc5abdd6898b5bf489cf771d61eb38bd24e958b0367feb9211c29fef619f4,946f81043546831422d98ff5451cc488f68bc7edf9f47249db9528756c20a583,0.0,0.9,19137905.85543848,4.0,1.0,1.0,1.0,1.0,289f93d6f234d574ef5df09ce88c347bc4923bb8ffa1a008371ea169c85e3ce5,3,2,2,3692a89204177b5f34715b9f5f2a250bf59443fbb8535ea4441173f81ae6e0f7,P4,1210415241.0801337,1210415241.0801337,0.0,2603392.1012462135,0.0,2603392.1012462135,h09,5,Katrina,1207811848.9788876,16534513.754192265,1191277335.2246952,1768193001.4072607,113764342.6571256,1.0,0.0,12888658.119535575,R0,False,True,10400000.0,0.0,0.0,0.0,NONE,False,False,0.0,9557344.06438629,0.0,128098814.8325211,R0,False,True,103364342.6571256,1758635657.3428743,6cdc9f8ce736acd0de31c7774587feb6f42b05a03f984ab363113dde8ddccdd0
E2A_VACCINE_H0,LA-0805,805,f156cefb18635c4c57ed918a8d78e6812f4f02183bcb19658dc3c20c5a377907,M2,A1_FINAL_NO_MEMORY_V1,certified,PASS,,,e497fd6eca74609910ed2b1a4b988a9353687a25473baa2d11fa6be3c4b2ca18,0b8865b03b7921e5ebf16f618eb085ad4ee7705447452d32df256577e2feeec7,0.0,0.9,19137905.85543848,4.0,1.0,1.0,1.0,1.0,c69a9594ed7faaef92acf57e5d90c9f0e047b346cc436fc6aad7e7ad09281af3,3,2,2,31eb52563d4023b350cdb864abcb3fece728db334b0a8f0414c480a76cdbe211,P4,1239803426.433088,1239803426.433088,0.0,3850349.2870012834,3128610.2633188013,6978959.550320085,h09,5,Katrina,1232824466.882768,12158946.305118391,1220665520.5776496,1785112061.7811255,96845282.28326094,1.0,0.0,0.0,NONE,False,False,0.0,10400000.0,0.0,0.0,NONE,False,False,0.0,9557344.06438629,0.0,110921239.17085753,R2,False,True,96845282.28326094,1765154717.7167392,1bb3e6e2e769195397d8d6d6fb98b506db7c4d037f73584611a02b2dc52d8c4a
E2A_VACCINE_H0,LA-0806,806,e494b69bb75679d4263548470ffe118c7a283a677dd94efc44719a09f764b700,M2,A1_FINAL_NO_MEMORY_V1,certified,PASS,,,757591ed137d4f92dc2e80e05f5ff249f61d6ecbecf0763f6b80e1139473298a,a85165034ddeb1a8a5d9515cbb57678c616a9c571044386051ca7601c1a23017,0.0,0.9,19137905.85543848,4.0,1.0,1.0,1.0,1.0,fdfcdc93fbbae12afcb5a9477d5a8d509caa27d62913931eff7ad9b4dd8d55ac,3,2,2,5b6ac15365e187b03bf9b06fde95039010995fececacdb1ddcd333eb018e8c52,P4,1201864282.3130262,1201864282.3130262,0.0,5092083.1568486,0.0,5092083.1568486,h09,5,Katrina,1196772199.1561775,14045822.698589878,1182726376.4575877,1683908625.694746,198048718.36964047,1.0,0.0,0.0,NONE,False,False,0.0,10400000.0,0.0,0.0,NONE,False,False,0.0,9557344.06438629,0.0,441887098.04781306,R0,False,True,198048718.36964047,1663951281.6303596,8222f0bf761f83385372a6086ec08b4409b70c016f62c11f1f503bff4690f8d3
E2A_VACCINE_H0,LA-0807,807,ae31859720c70e0d7ddc33ef4c0116d1b1e34af5de49fcd2c4ed4c389f627b03,M2,A1_FINAL_NO_MEMORY_V1,certified,PASS,,,a357a6baa57747f87c24b61623439fb98b5d9dcbb0b0861a683c2bcce4a4a66c,311f52abdf8dfdfb6bec84fca4fe946e4f3c06f0cbb92fa559b9684207818812,0.0,0.9,19137905.85543848,4.0,1.0,1.0,1.0,1.0,72ed0274ac90be82cce9a7ebd1a3d531ccfe17f5e74335546c377a2957f46950,3,2,2,51004d2181b2915a3fed69ea128414a059f11bf6e8d52f02d06bfcc3525676ab,P4,1236890503.8349268,1236890503.8349268,0.0,7144677.725726011,0.0,7144677.725726011,h09,5,Katrina,1229745826.1092007,11993228.129712466,1217752597.9794881,1777341781.6964011,104615562.36798523,1.0,0.0,0.0,NONE,False,False,0.0,10400000.0,0.0,0.0,NONE,False,False,0.0,9557344.06438629,0.0,205324431.83945054,R0,False,True,104615562.36798523,1757384437.6320148,be9b2414d567d8235181bd8d426557b55d97849cc7ede0d6bf5a19e4d713e94d
E2A_VACCINE_H0,LA-0808,808,0683fb44f7456ecc78ce87deb1e44286aa4dd14dd50d42cce53bccc10630a436,M2,A1_FINAL_NO_MEMORY_V1,certified,PASS,,,11cb7cad0bb6b0a04ced6447c4019dc59b37137302de8de6ee2db33699c7ce53,1849bdbf39170db3092e80d13db423cf8a15d2a0d1088569eda421819c28fb3b,0.0,0.9,19137905.85543848,4.0,1.0,1.0,1.0,1.0,2c1ea8d7b84c6801da764476c73f06cad0b23b23b25bc8faf251b225cb215bf3,3,2,2,aab7109c50c954a61e5f53fb156aefab7dce1587e4b3a61990fa84b5037fa384,P1,1233895428.5881631,1233895428.5881631,19137905.85543848,0.0,0.0,19137905.85543848,h09,5,Katrina,1214757522.7327247,0.0,1214757522.7327247,1871283036.841275,0.0,1.0,18859833.359036155,0.0,NONE,True,False,0.0,0.0,497441.2035635785,0.0,NONE,True,False,0.0,9283036.841274876,0.0,0.0,NONE,False,False,0.0,1862000000.0,3ad158b49580dd7c87483d4d3a6d844e0722cd3d1521f552a52c82b985ac7610
E2A_VACCINE_H0,LA-0809,809,69b46bd9f5f9e4910363194ac5e5f9b9bc743b44edede2beece0be0d4bd40dde,M2,A1_FINAL_NO_MEMORY_V1,certified,PASS,,,4bc83b1023d9ea65b4e6572e1601b9c97cc5e5c97417a78b4a407e99395974d2,4fb94726b57bdf909bed24c9299967dfa9c050772d44aec691b82e21c29f82ea,0.0,0.9,19137905.85543848,4.0,1.0,1.0,1.0,1.0,475660c9d40c5c04d469fd4998aa6a5833e31809d2e42f3293db5bbcd8278427,3,2,2,19aa558af77b02900cb7620aba6d196e51e0a733e9a83f65bce97b80046f1229,P4,1228459350.4974391,1228459350.4974391,0.0,1941443.448877629,0.0,1941443.448877629,h09,5,Katrina,1226517907.0485616,17196462.40656085,1209321444.6420007,1881101325.176811,856018.8875754144,1.0,0.0,0.0,NONE,False,False,0.0,10400000.0,0.0,1200284.9718222173,R0,False,True,856018.8875754144,8701325.176810876,0.0,0.0,NONE,False,False,0.0,1862000000.0,529909cf00bdb1838e37f061f8848756caf820c61d7c09e4a3c3425efac15c6a
E2A_VACCINE_H0,LA-0810,810,02548da34bb70fbd57dc90a9a0442b4f0c84561dce7c69578872ec000c1ee761,M2,A1_FINAL_NO_MEMORY_V1,certified,PASS,,,ebac7811d9296a23a4c4f7e4480b512a6f20f2a01c085cb5538053daf4548bff,e8d62a146b68dc7176c718af829585e6a36e61bba9db24b7e1eb4e930faa52df,0.0,0.9,19137905.85543848,4.0,1.0,1.0,1.0,1.0,d51af4baa7dbbb11a80c3363b3df0cdf21e4967eccf2dd269ba3485b0198722b,7,2,2,286a7d3557a75a58c1d0c890238e1511503fafd85a1b3a776149fc556e45c42f,P1,1225130380.9449482,1225130380.9449482,19137905.85543848,0.0,0.0,19137905.85543848,h09,5,Katrina,1205992475.0895097,0.0,1205992475.0895097,1881041520.4636662,0.0,1.0,0.0,0.0,NONE,False,False,0.0,10400000.0,1375244.743851572,0.0,NONE,True,False,0.0,8641520.463666098,0.0,0.0,NONE,False,False,0.0,1862000000.0,e3730af8332f9edf7dbc8f080c1ab857a7ffdc648cf111a584cc1082a547165c
E2A_VACCINE_H0,LA-0811,811,312297d7ffeb4cd6ed51258762dbdb3024fb17d65df4453dadcb169489869a9e,M2,A1_FINAL_NO_MEMORY_V1,certified,PASS,,,bbe1c5cf9cef07714bd61f1021bdb54e1d0bee517298ef8119fd8688f9bf112a,48bf4a0038461840a536381f3f2ae571dcf3d2d0992f866ab510aaad210721c6,0.0,0.9,19137905.85543848,4.0,1.0,1.0,1.0,1.0,49e2d2cb61d07d0393c40027c07e6c45471dab497d2797ffecf37090c5d92477,3,2,2,c5ece7aa9c420f874cd3abedd303d14b9ac63e00255308ad0b035226609cd21e,P4,1207878884.8068366,1207878884.8068366,0.0,6188274.516660547,0.0,6188274.516660547,h09,5,Katrina,1201690610.2901762,12949631.338777931,1188740978.9513981,1699952699.7819486,182004644.28243786,1.0,0.0,0.0,NONE,False,False,0.0,10400000.0,0.0,0.0,NONE,False,False,0.0,9557344.06438629,0.0,259911282.07970685,R0,False,True,182004644.28243786,1679995355.7175622,392824e366c5548c5bfd8485806d760b4c48bcc0c4a5ec5790dc87ead756c70a
E2A_VACCINE_H0,LA-0812,812,bcbc89e6952ba2c7f23dfdf3868686586ad95f5505a9aefb9f98a9bdcce2d7bf,M2,A1_FINAL_NO_MEMORY_V1,certified,PASS,,,35884610acfce17d75eaf2adad384de02d34d4b0f603036b9a7c69da8d9fd879,dbfd5efe9adc735c2d5779cf43258cf2b00296fee54009a9195e096379a68b57,0.0,0.9,19137905.85543848,4.0,1.0,1.0,1.0,1.0,8c94ea39df3affeb3a933001041d9fd6a7a191d292fafa26f700ab64894942e1,3,2,2,6347f4da5ecd48fbebb22aa73d10264b9c462a9f27f382d29d1a52280210fc9f,P4,1237322402.453883,1237322402.453883,0.0,5100790.969057893,3435744.333622427,8536535.302680321,h09,5,Katrina,1228785867.1512027,10601370.552758157,1218184496.5984445,1839968399.864765,41988944.19962155,1.0,0.0,11325673.695104828,R2,False,True,10400000.0,0.0,0.0,0.0,NONE,False,False,0.0,9557344.06438629,0.0,34400584.07478731,R2,False,True,31588944.19962155,1830411055.8003786,48cd097e1928658253073f3996d1ce0c25b2667a253a34b12a8d05fc37d70a4e
E2A_VACCINE_H0,LA-0813,813,92281bbc6a8ec9104aa6945558937cc9273fee3e3871716dd43e77ceca8869d5,M2,A1_FINAL_NO_MEMORY_V1,certified,PASS,,,f1da805f8e1643c90f5b5b6f39e3d7f9d776429e9588ae08a4846bfcb476e113,7fb39f2429e8878ab2945e3bdea3b17543f43af3219d880b97aad4dfa6c2e208,0.0,0.9,19137905.85543848,4.0,1.0,1.0,1.0,1.0,a581d6031d582420fb5afff01c43c9a151a177df090dd938342e852280e01afe,6,2,2,ff13b210c30e7f37255d5411e4fcec2c4f022142ddaa8e13dcf0c67ba2fc3b6e,P1,1222998177.3499115,1222998177.3499115,19137905.85543848,0.0,0.0,19137905.85543848,h09,5,Katrina,1203860271.494473,0.0,1203860271.494473,1881003215.5701077,0.0,1.0,0.0,0.0,NONE,False,False,0.0,10400000.0,1375244.743851572,0.0,NONE,True,False,0.0,8603215.570107663,0.0,0.0,NONE,False,False,0.0,1862000000.0,4bdabab75e5d6e8391b7e88779e21ebfd6356fffa30473bd58ba7cf9947c1b28
E2A_VACCINE_H0,LA-0814,814,40c804a4dfd5fd80fb434378b2ece88893d2f079a5368913575cd0db54d7c969,M2,A1_FINAL_NO_MEMORY_V1,certified,PASS,,,f2b53e860592a6029c0c1191c87662d9bcfea64deff90bf0f69355b7e41cf159,b712d36ea31108a355f1d0d04c024bb222825461a1bf2e5771331adaffb33f7e,0.0,0.9,19137905.85543848,4.0,1.0,1.0,1.0,1.0,3d7c29f194d8fbca572788b476803e6b12a97400906f59f03815dff7359b7fd8,3,2,2,2679b77f5abf57fe1ca9d5f673be31d763e7b51b97af6adede01af5a24f10094,P1,1227422556.35979,1227422556.35979,19137905.855438437,0.0,0.0,19137905.855438437,h09,5,Katrina,1208284650.5043516,0.0,1208284650.5043516,1871166752.1289227,0.0,0.9999999999999979,16352403.787141168,0.0,NONE,True,False,0.0,0.0,614145.8696828904,0.0,NONE,True,False,0.0,9166752.128922671,0.0,0.0,NONE,False,False,0.0,1862000000.0,15ecf18ff3a9190415a7d9fdd82a3e3d1ee59505829c07b15039e8267e96f0c7
E2A_VACCINE_H0,LA-0815,815,47130ec179402d557d1d06494f2e951c7c4d952a0aca31958068027ec49dcb62,M2,A1_FINAL_NO_MEMORY_V1,certified,PASS,,,ca66b2e2740ffd675de5c916a5eca88aed50d040cd8c3d4e3d39f38d4f4517b2,9ea72469cabb1b9857304231e8c0439816efa5c0735d79ed82f7d8dd70a2f9ab,0.0,0.9,19137905.85543848,4.0,1.0,1.0,1.0,1.0,8deadcc7871af774bfb6e3377e44872008742547d2a5702d84611584203a3e2f,3,2,2,5ce68037c65a894d0b0da343ed818da98d50197f370f3ff0540730f3650e698d,P4,1217223748.8238904,1217223748.8238904,0.0,9429845.649215253,0.0,9429845.649215253,h09,5,Katrina,1207793903.1746752,9708060.206223225,1198085842.968452,1724880313.9973073,157077030.06707916,1.0,0.0,0.0,NONE,False,False,0.0,10400000.0,0.0,0.0,NONE,False,False,0.0,9557344.06438629,0.0,335199700.59729326,R0,False,True,157077030.06707916,1704922969.932921,89537d9ebd958fa9cdaddc1c2bb0b59296539b1d597bf63783cac27f67e925b5
E2A_VACCINE_H0,LA-0816,816,af0227d8c7fb016984aacc037bd180901f98dff0e53e6bb46f414d29acce3b5b,M2,A1_FINAL_NO_MEMORY_V1,certified,PASS,,,eab0bd22c05a3be463c52ba13ad83d0afaa968ed72d0cc8f7b40059f01b9b6e2,eadfd30b08573056ea2f062de6bf69190bc67498af339d183638dbe95d57acc2,0.0,0.9,19137905.85543848,4.0,1.0,1.0,1.0,1.0,80964d149ef168a71fe4d3c56f9fef90c0c1454463d25badeca1b2dc5f8aabde,3,2,2,90ff16d998b0a4078cd8cff78077275baae98653bbb5d82d3a0218d62a4c06ae,P4,1223372217.9563267,1223372217.9563267,0.0,3570030.953337241,0.0,3570030.953337241,h09,5,Katrina,1219802187.0029895,15567874.902101237,1204234312.1008883,1802755999.9032943,79201344.16109215,1.0,0.0,23306391.117318098,R0,False,True,10400000.0,0.0,0.0,0.0,NONE,False,False,0.0,9557344.06438629,0.0,154183753.50150225,R0,False,True,68801344.16109215,1793198655.838908,d7bc3c990006c17e57c6e13cf2aaf9dcd9396341088c5dbbad1f61513a2ebb93
E2A_VACCINE_H0,LA-0817,817,0d177fcf62f8f686342e0eb4198aa944da022752cf463e996c08add317c17b13,M2,A1_FINAL_NO_MEMORY_V1,oracle_failure,FAIL,oracle_failure,Full exact certification was incomplete,04bf6003d6eb0f9c7ac4b0e023972cd31a8f026f224c7492d6530c76f18383f3,e4dea5acd781d29258cf465857ca4d5292d41a13d56dac2eb197ca40edaddbc7,0.0,0.9,19137905.85543848,4.0,1.0,1.0,1.0,1.0,93513e1769bd789940b312a0167a7b440fd773d9113d8b63021caabf257fb841,3,2,1,,,,,,,,,,,,,,,,,,,,,,,,,,,,,,,,,,,,,,,d92918f75edb0d7a244e5006a8b48f105763120a00329fea6e29098de71684bf
E2A_VACCINE_H0,LA-0818,818,eff11661a0d1ff4c2cf40202c88046cf713057dea705241e476bc8fec54053b5,M2,A1_FINAL_NO_MEMORY_V1,certified,PASS,,,a2740a4d4dd113f6527d835cfcf29e9ee79643911d596245fc07a2d7b5cf6383,17d02f891acb1ff56e08a28f8a09d0e5f535dbd99c7f852838dff78074acee06,0.0,0.9,19137905.85543848,4.0,1.0,1.0,1.0,1.0,64cc3562bc558578f8b851803491ed9359e7f8ab04bfc4e6ae390f43d8323984,3,2,2,9bfd3172113428e055f04977cc7b514bbd8121554e1740f00f4bd26b890383f0,P4,1213861691.8188837,1213861691.8188837,0.0,7790455.036738801,0.0,7790455.036738801,h09,5,Katrina,1206071236.7821448,11347450.818699677,1194723785.9634452,1715911958.776952,166045385.2874344,1.0,0.0,0.0,NONE,False,False,0.0,10400000.0,0.0,0.0,NONE,False,False,0.0,9557344.06438629,0.0,210452889.11117965,R0,False,True,166045385.2874344,1695954614.7125657,c2bce04e07b93140bb50db99fec81e9cbe52fd057c5889e4b76ce69d954e2171
E2A_VACCINE_H0,LA-0819,819,44d02b4dd90865d3198a2f35e2a4573b642e525a76e7929933bda45f674eb656,M2,A1_FINAL_NO_MEMORY_V1,certified,PASS,,,625328c3ebd2e1c6b4c540d354e072c9db3e0d304df9f707a40061a388fd9cda,08400c0eb087ed2b221772485710feeb2372797e4da0f8a210725ad5b36ebec6,0.0,0.9,19137905.85543848,4.0,1.0,1.0,1.0,1.0,a174d54240e15d322e54d589629a8e0431b2b14b5719ed6f8998489bc9886397,3,2,2,4ee4b180243c8a344e45199120f90bf0eb85944003c6dbaf2ecc518ecd506668,P4,1218450870.200963,1218450870.200963,0.0,5717164.868997577,0.0,5717164.868997577,h09,5,Katrina,1212733705.3319654,13420740.9864409,1199312964.3455245,1728153685.1482692,153803658.9161171,1.0,0.0,0.0,NONE,False,False,0.0,10400000.0,0.0,0.0,NONE,False,False,0.0,9557344.06438629,0.0,357522755.94595927,R0,False,True,153803658.9161171,1708196341.0838828,74b230bd6066eb7df0ea9963e1b605fd67bc51f24b0575ded7f4835d8685647d
E2A_VACCINE_H0,LA-0820,820,aa1c00a7484e0f33ed7a8831163cf88f55dfedb23fd25ec53dd1ae18ff2c5d0c,M2,A1_FINAL_NO_MEMORY_V1,certified,PASS,,,5f73cbe8f08ce2e3bb43c9c98dc1d7fefafd1a9998e56fa0bf6b4c3861007236,8acf30d78aa21bef9442cbf89e40ae5e86867e5cc3f7440c3ec3c00dccc230f6,0.0,0.9,19137905.85543848,4.0,1.0,1.0,1.0,1.0,1b36bf0a2ca2471936623da3ee029a3e50d61c5c00dca00e7433861d47fa0286,3,2,2,ccdd4ab28eb6cd5d07710c87653e870048028a601879eb62810823b1f749bcca,P4,1204342658.7139592,1204342658.7139592,0.0,5709196.084161975,0.0,5709196.084161975,h09,5,Katrina,1198633462.6297972,13428709.771276504,1185204752.8585207,1870752123.3267195,11205220.737666672,1.0,0.0,12476053.677534519,R0,False,True,10400000.0,0.0,0.0,965959.3409032066,R0,False,True,805220.7376666726,8752123.326719617,0.0,0.0,NONE,False,False,0.0,1862000000.0,2fe4d0242b599f09d4efb18c478ecfc49290037c8ac1e236eb2709fcb952dcdf
E2A_VACCINE_H0,LA-0821,821,7ec5475d5d83caf4de7b00abefb6fd0b2c83ff488529e5cbd8982eee61435cfe,M2,A1_FINAL_NO_MEMORY_V1,certified,PASS,,,5fe711e16073831299beb24007015ac6cbac1ddefb4b12cd3e5d960b75099783,c5637d32ca5a3deebde022cad7d57709b84b28b7172797c177abcc2774952a86,0.0,0.9,19137905.85543848,4.0,1.0,1.0,1.0,1.0,63cea3690500411d59ae3d32f9d6230c49d83ccaa6df93ba7d1bf1295d4e00a2,3,2,2,ffd1e675fee4ce81daaec8629f4ccc2d3893e5adf96ab87fcfd7020e2e33ce2b,P4,1214449021.1348238,1214449021.1348238,0.0,1657839.570888281,0.0,1657839.570888281,h09,5,Katrina,1212791181.5639355,17480066.284550197,1195311115.2793853,1880849630.5561833,1107713.5082030224,1.0,0.0,0.0,NONE,False,False,0.0,10400000.0,0.0,1614429.976368801,R0,False,True,1107713.5082030224,8449630.556183267,0.0,0.0,NONE,False,False,0.0,1862000000.0,96f89cdbeb370a2e87285ac365057dc1357cb702f8556d3459b7853cedb06ba2
E2A_VACCINE_H0,LA-0822,822,8ad932e336b432a3706e65ef3fac89afc4966ac1c4aba6ff98cbed8ddf118ae3,M2,A1_FINAL_NO_MEMORY_V1,certified,PASS,,,0a7b3b6b345015eb004f29b8db44f6291fc37f248ffd33f0cacd84bb91d122d0,bba4d61219fb4d515521d3de378355a23c17f335b34529ae5b946eaf0813da72,0.0,0.9,19137905.85543848,4.0,1.0,1.0,1.0,1.0,e21d7765b9292a150ac0f8fdd011ddb588c3b3fdb765e1c71e9fae45031dded4,3,2,2,89659c96ff508f832b7e830d16ff71a2f9bb541fd7da44c9244fbae7a8022ce0,P4,1227036238.36566,1227036238.36566,0.0,8171181.165855518,0.0,8171181.165855518,h09,5,Katrina,1218865057.1998045,10966724.689582959,1207898332.5102215,1871159811.952253,10797532.112133102,1.0,0.0,27738250.732461113,R0,False,True,10400000.0,0.0,0.0,1060273.5962070022,R0,False,True,397532.11213310173,9159811.952253187,0.0,0.0,NONE,False,False,0.0,1862000000.0,5474784817b0c32092434c5f82b54fc0f622b0f69ec54ad39d59e9e7efb47916
E2A_VACCINE_H0,LA-0823,823,6f809ad11a745d82be62dae74e5bdc412b9cebba096be162e1e10af3be8563cd,M2,A1_FINAL_NO_MEMORY_V1,certified,PASS,,,8753fc3518f8ead9c7634bb4c32a3576541f56cab7b308a0ba58e9582b6c656a,b7abee03f8ba597c23e8995f0451568ced3cf59a329d0c7e9cb90fe007531cae,0.0,0.9,19137905.85543848,4.0,1.0,1.0,1.0,1.0,01ebcc9f715410a3cb229ce6de299bfb55523067e667d44fc18920f221381380,3,2,2,f2cc5122ad2f3a70dd59c8394cfd1947046c44d9d04794884584d8bccde25010,P4,1181415325.3977563,1181415325.3977563,0.0,5612821.110833179,0.0,5612821.110833179,h09,5,Katrina,1175802504.2869232,13525084.7446053,1162277419.5423179,1690835138.4047608,191122205.6596256,1.0,0.0,13752139.445547482,R0,False,True,10400000.0,0.0,0.0,0.0,NONE,False,False,0.0,9557344.06438629,0.0,238972785.87866166,R0,False,True,180722205.6596256,1681277794.3403745,4126b111601c08b709adef988a7fc5e6b89ce1d14773849623429161e0816db3
E2A_VACCINE_H0,LA-0824,824,3942f6be29995dfa793bfcc6e2fc4ef04bf1df25f3d5b2c24ad373cb26ecf750,M2,A1_FINAL_NO_MEMORY_V1,certified,PASS,,,ba248c7470648913dc3d033e0ca04d07ee69a0bfa0032a2140ffee402023ce03,9f6fa8404ead95fdcc5db2183ded99a8a7f99b9f7ac29504dd1f1f6a8627ed14,0.0,0.9,19137905.85543848,4.0,1.0,1.0,1.0,1.0,0bdde45d9d2c1a2e199ef4629a8b8d1e8dc460f4b2fcce74d43329d21ac7e2ad,3,2,2,4070d6b2c830b50ec6f1cf24a6b37e4bd1fe937be5a99c6995d386acf046fac1,P4,1186384699.2763784,1186384699.2763784,0.0,2492221.5968791135,0.0,2492221.5968791135,h09,5,Katrina,1183892477.6794994,16645684.258559365,1167246793.42094,1704091043.9708667,177866300.0935196,1.0,0.0,13408666.874513764,R0,False,True,10399999.999999996,3.725290298461914e-09,0.0,0.0,NONE,False,False,0.0,9557344.06438629,0.0,215913445.25589976,R0,False,True,167466300.0935196,1694533699.9064803,cb8b55c36e376d1cbc6a215cc5074c0bbf10bcb2fb9aa4dc9ca8433d7728722e
E2A_VACCINE_H0,LA-0825,825,c82c22a79c826fb2e653aaf3a81d4cc3ee0a057d3fc5a4280807c6b8190a18f8,M2,A1_FINAL_NO_MEMORY_V1,certified,PASS,,,f0dedc7f3762d767c90247e69fb8909f680b0761ee55869f17c2c502380e4e91,21b3c612d43113cd91a7ecf5d2e3445febd85d5a30d9bb6314869c28b90bf812,0.0,0.9,19137905.85543848,4.0,1.0,1.0,1.0,1.0,db8800c80bb98ce1c076799d6bf6ffe360bf1d889d20eb5ab5c5fc3d4a05a675,3,2,2,1450895d07345f50bf8d0b8a5677236821a642588de47b5de4c8dc312d58a462,P4,1205472974.5578682,1205472974.5578682,0.0,575665.7898683415,0.0,575665.7898683415,h09,5,Katrina,1204897308.768,18562240.06557014,1186335068.7024298,1755009405.2637873,126947938.8005991,1.0,0.0,17436613.355460968,R0,False,True,10400000.0,0.0,0.0,0.0,NONE,False,False,0.0,9557344.06438629,0.0,195403975.60018978,R0,False,True,116547938.8005991,1745452061.199401,ae74ea7dddbc11671bf63b5a93bc98eedfdca315bdd6103a2e619bd2a57b4fa2
E2A_VACCINE_H0,LA-0826,826,5a06f063a98ff2478975aba0dd18f084bcaaf50a7dbd390fb2a7665e8c530fbf,M2,A1_FINAL_NO_MEMORY_V1,certified,PASS,,,4fe1ee4c507502c90203b75535062cb3472cb1bc3206036680a18fae834d9d21,622dd55db86d7e0c5443fca72685cdd780a13b27c3354a9f1818e5736d66c9ed,0.0,0.9,19137905.85543848,4.0,1.0,1.0,1.0,1.0,55d14bfc5e43f440347724ce45540da6720b75cc60598a7f9755960f9aff988f,3,2,2,331e1934ab218bde166f32258b9a7dbf72cb95bbc15c96f22d84b1e0157ec789,P4,1234202292.9419734,1234202292.9419734,0.0,4941536.814506862,0.0,4941536.814506862,h09,5,Katrina,1229260756.1274667,14196369.040931616,1215064387.086535,1831645444.4872854,50311899.577101044,1.0,0.0,25845584.93036596,R0,False,True,10400000.0,0.0,0.0,0.0,NONE,False,False,0.0,9557344.06438629,0.0,99187152.90886562,R0,False,True,39911899.577101044,1822088100.422899,75dbebf095f6927079809c6306cd62477848a20109130006815d68ef2fd3b81f
E2A_VACCINE_H0,LA-0827,827,a33c79939e0f5b78b9e71b6209feedc41d8dfc1f7c45b77853a03100a5dc81cb,M2,A1_FINAL_NO_MEMORY_V1,certified,PASS,,,b7349a51b7f2ff868f0a7eddc16852d3c94080b23921d0aa89be0887e52a30ff,e15cdafdfacf448684e1b64ecf7258c7d6b0a2cfb8e23413410759573f6e4096,0.0,0.9,19137905.85543848,4.0,1.0,1.0,1.0,1.0,daf93cd8806b8285c3ee0c03c90473843301d8d84016bb4e0abf52ce47a3b0e8,3,2,2,a981ee49187f4e98ce43bdde5a83da368be96bfc26032212ef474ce974053aa0,P4,1178290109.0948436,1178290109.0948436,0.0,4134786.646370372,0.0,4134786.646370372,h09,5,Katrina,1174155322.4484732,15003119.209068106,1159152203.2394052,1682498560.5587492,199458783.50563714,1.0,0.0,12347596.20653044,R0,False,True,10400000.0,0.0,0.0,0.0,NONE,False,False,0.0,9557344.06438629,0.0,224463607.50244856,R0,False,True,189058783.50563714,1672941216.4943628,9c52b6600c2196a8336dfcee76a70213e4818de69e8d4ecdb4f9691a76004b55
E2A_VACCINE_H0,LA-0828,828,17dda93be428d06ee0d31da35d52e87443ebb79c75759b3d55de7e1f30b57a07,M2,A1_FINAL_NO_MEMORY_V1,certified,PASS,,,3159c670e5c9ce6167c1e07296df98a0d4fcd3b9b8978e08f5edcf1fa126392f,0648eb7d42fab16448249e0d4acdedf4a623b445a372c5d2c81fc17bd191af95,0.0,0.9,19137905.85543848,4.0,1.0,1.0,1.0,1.0,a01735ffdc9c31cc973eb8718eee21b2ceda84630f27f4888a7aa305d9ca0130,3,2,2,72f6ba1cfa6593577b28f0a0a4e6e8d844cc1552378f7e895bf9aeb7de4dcc93,P4,1205476470.2364147,1205476470.2364147,0.0,2143346.0211352757,0.0,2143346.0211352757,h09,5,Katrina,1203333124.2152793,16994559.834303204,1186338564.3809762,1755018730.0571778,126938614.00720851,1.0,0.0,12250569.56676092,R0,False,True,10400000.0,0.0,0.0,0.0,NONE,False,False,0.0,9557344.06438629,0.0,137275422.895116,R0,False,True,116538614.00720851,1745461385.9927914,a79ba557b08e9b7cb263b997d5bf253afad196273aeb69e452069c6fe0b5d425
E2A_VACCINE_H0,LA-0829,829,9134153884355e3578d3066f3e9ff0c515706037ffc3a01dc892f7caa5906c2a,M2,A1_FINAL_NO_MEMORY_V1,certified,PASS,,,57fab38566b24f97140ca2f4016f424807e27db76a86df3e9b5e7158ee9276ed,b820504f6eb16df36426abdfb1aaff2ee3112c1dc4d44986cbd5089dbabb6955,0.0,0.9,19137905.85543848,4.0,1.0,1.0,1.0,1.0,9bc5af49663db6a4a32c4283c4dbc8158996b005e519717f4037e0ba238b6e7d,3,2,2,8ead609ba0b9881264ff6fe198124ac711489ab7e3c3f6e21abd1a0bab41d340,P4,1205832448.1467519,1205832448.1467519,0.0,3935761.7358068293,0.0,3935761.7358068293,h09,5,Katrina,1201896686.410945,15202144.119631648,1186694542.2913134,1694493788.5034466,187463555.56093985,1.0,0.0,0.0,NONE,False,False,0.0,10400000.0,0.0,0.0,NONE,False,False,0.0,9557344.06438629,0.0,298809515.6895575,R0,False,True,187463555.56093985,1674536444.4390602,332b813258b827ac99bba1e8d7bfc79ff3a6152625da58a74ee8598c2463643c
E2A_VACCINE_H0,LA-0830,830,d3ee969e918a57189ffdcc4b2346eba4e488e5bf12564d76711939aaa4328688,M2,A1_FINAL_NO_MEMORY_V1,certified,PASS,,,307a61d7d02e0ce87c9c03994858d19853a84d8059f5ae3f414d9ef700d25d6a,8a8d7ec7b4ae60dc5e6873898ac4d3fc95c16a4560738e0ef63453d56aaa26ed,0.0,0.9,19137905.85543848,4.0,1.0,1.0,1.0,1.0,043ef4fecd3905e54d343e18a78c4fc0060069aba5a17a278d51e0d23caaf194,3,2,2,0bafa641af3a244e5f1c527937115fd6eacffc09fd259a619fa8fcd43750b65f,P4,1193092855.7993,1193092855.7993,0.0,7437439.636067985,0.0,7437439.636067985,h09,5,Katrina,1185655416.163232,11700466.219370494,1173954949.9438615,1660510667.6449003,221446676.41948593,1.0,0.0,0.0,NONE,False,False,0.0,10400000.0,0.0,0.0,NONE,False,False,0.0,9557344.06438629,0.0,577118402.8441825,R0,False,True,221446676.41948593,1640553323.580514,fdafc1b3f90fd260479e411c013825cb7a5f0dfffa6505e9c3fbf2fde0028ad9
E2A_VACCINE_H0,LA-0831,831,d60d3f8024a62c1fa4fa42f7ad083a51f7968883fc9a0db46544dbe4df4d6eed,M2,A1_FINAL_NO_MEMORY_V1,certified,PASS,,,e7f3af3e61ba93c6d71a8584e667896a8187ca0549bb02b9504d458d793fdb94,eefda2f5a3c826964fdfd9c621d271f2f56d36d8e2f3f25454f9028db10f776b,0.0,0.9,19137905.85543848,4.0,1.0,1.0,1.0,1.0,84fdcde99561d263411071fec4e83004af0c7a6f05569a1beae11e71a3ccc58b,3,2,2,570238f955cde692831756e2255534ddce38c3aefab9bc0e8d47dfc47385cb17,P4,1209653907.3620348,1209653907.3620348,0.0,1235035.4324958648,0.0,1235035.4324958648,h09,5,Katrina,1208418871.929539,17902870.422942612,1190516001.5065963,1704687608.4332452,177269735.63114107,1.0,0.0,0.0,NONE,False,False,0.0,10400000.0,0.0,0.0,NONE,False,False,0.0,9557344.06438629,0.0,518389935.31655854,R0,False,True,177269735.63114107,1684730264.3688588,1f0556b94da1104069a9f3626138ede4dfb4406c7f61773074a4adb80104ed0a
E2A_VACCINE_H0,LA-0832,832,7121769988bc743e6a21c95dfc455b011d37fd8686d1bd9f9ce1fb845d9ca7b1,M2,A1_FINAL_NO_MEMORY_V1,certified,PASS,,,19def5e79986b2cf19eb0027e7e67656b11b2e113fbb8d2964bf8cd3988f411b,754e5bc123c2036604fe8f28f1e6647e8f12675066a3963266ed4780c16a25bf,0.0,0.9,19137905.85543848,4.0,1.0,1.0,1.0,1.0,c9c1363958c65cc91f92ffcd54571fc227d0086649619fd1949a4c274291ec4e,3,2,2,3e42a6f386282d746fa3cb935df3a8d7e3b898c2dd01355a00bf74ec67ec41da,P4,1211888312.8669515,1211888312.8669515,0.0,4704702.705305717,0.0,4704702.705305717,h09,5,Katrina,1207183610.1616457,14433203.15013276,1192750407.011513,1880486406.3520877,1470937.7122986566,1.0,0.0,418866.1196802868,R0,False,True,332706.5982248492,10067293.401775151,0.0,1432993.67248875,R0,False,True,1138231.1140738074,8419112.950312482,0.0,0.0,NONE,False,False,0.0,1862000000.0,4c7e27d5c641d8573717360cd9cbb25b7a2001acb6537edad4f05d42fa8f7fdc
E2A_VACCINE_H0,LA-0833,833,f80890ab4046ed4aeeaa39d5891e8580b3418a0790b7638eeffc36766f1f1126,M2,A1_FINAL_NO_MEMORY_V1,certified,PASS,,,aa0eac80793bca31098fae76405db0b5b91bb776347b3056666d37daa8f1b67e,54a4bf72149864d384410c8b0cb78643f772f215e38bc697341191a8cf990188,0.0,0.9,19137905.85543848,4.0,1.0,1.0,1.0,1.0,29747749f887520474781bba71e820c1aa2ab7b3eef60b536d71148dd3b93b3f,3,2,2,6405442d0202f18b00e30b02197e0269f546cafe6bb0457b9b09bf4ff5ce264b,P1,1231852448.299882,1231852448.299882,19137905.85543848,0.0,0.0,19137905.85543848,h09,5,Katrina,1212714542.4444435,0.0,1212714542.4444435,1871246334.8383954,0.0,1.0,17989217.53493155,0.0,NONE,True,False,0.0,0.0,537962.7520884817,0.0,NONE,True,False,0.0,9246334.838395434,0.0,0.0,NONE,False,False,0.0,1862000000.0,8a56c59a10755468ebd3c0ab569d8627c4295e847c1b7c9937069275470792a1
E2A_VACCINE_H0,LA-0834,834,d8569e0364abd3062fb537ff4887daee55424ae800cb96eb1e75c7efb89e79a2,M2,A1_FINAL_NO_MEMORY_V1,certified,PASS,,,c28ad1bbc3c9bf06db00813475fa2a9c7b83de12ae3c5c732f4d09f9c32868bc,d7fefa429faf18f00ecb85668c2bc1e90507d3ebdeb0ee5701bbdea6f29f4290,0.0,0.9,19137905.85543848,4.0,1.0,1.0,1.0,1.0,930aa415f92037639dacdd9c2459d8cddecb5fdf7d055872a979cda332b4aa27,3,2,2,058ad5bed38faa2d13236ee7c6494fb20f2c572de4358f7bb0c8768d1416bf92,P4,1218641092.659876,1218641092.659876,0.0,3751094.5729163005,0.0,3751094.5729163005,h09,5,Katrina,1214889998.0869598,15386811.282522177,1199503186.8044376,1880924940.837964,1032403.2264221207,1.0,0.0,0.0,NONE,False,False,0.0,10400000.0,0.0,1515338.4433864357,R0,False,True,1032403.2264221207,8524940.83796417,0.0,0.0,NONE,False,False,0.0,1862000000.0,28d2213896164428287196411ccf30684382a1adbb28056d354d00bb735c9f74
E2A_VACCINE_H0,LA-0835,835,f36a8909e685892f65aacb5bcd0aa133b41e63edc3018b97b9539a2ca91191a3,M2,A1_FINAL_NO_MEMORY_V1,certified,PASS,,,8e7530ecd48117bb96203b88e34f684533143cfae4938a8340290de4a875a424,e66592975380c5176c68778e2f1664d85a1a6359a5234546268e52a0bbc17149,0.0,0.9,19137905.85543848,4.0,1.0,1.0,1.0,1.0,a3aee1b1b3773bc724b6c5c1b584fa70d80a80054a8011b73193d631ceb18038,6,2,2,b102cc3e24e2c815eaa8e5fb1f8f9cee0a1be464f8841e9b53bd901723d7047b,P1,1229806414.7091093,1229806414.7091093,19137905.855438434,0.0,0.0,19137905.855438434,h09,5,Katrina,1210668508.8536708,0.0,1210668508.8536708,1881125525.0943818,0.0,0.9999999999999977,0.0,0.0,NONE,False,False,0.0,10400000.0,1375244.743851569,0.0,NONE,True,False,0.0,8725525.09438184,0.0,0.0,NONE,False,False,0.0,1862000000.0,f9f5892258d2f8f8f9bf92adf226b29de2b344bda8d220e2ae8d6df663cafd7a
E2A_VACCINE_H0,LA-0836,836,e24a565e8a735b190355be57713702a0784f5a50aaac329a4337a93992bda8f5,M2,A1_FINAL_NO_MEMORY_V1,certified,PASS,,,5432476607cff2934b90b9a5e57a260172b47e1853194f4ddf12459030b07ea3,3ba34bc5b52bd16f738da61669bedf1a664118f6c86e4009f1854dc439eeb594,0.0,0.9,19137905.85543848,4.0,1.0,1.0,1.0,1.0,4f2abed9d737c3c68490d66dea6c0a3c1843692bda863ee1fc2c22143ab5cdf5,3,2,2,a53f17fdb21345650b186ad109689f206173cdef16f0376c8919703a7269eef8,P4,1216523138.9082136,1216523138.9082136,0.0,9016098.999147395,0.0,9016098.999147395,h09,5,Katrina,1207507039.9090662,10121806.856291084,1197385233.0527751,1723011422.8436666,158945921.2207199,1.0,0.0,0.0,NONE,False,False,0.0,10400000.0,0.0,0.0,NONE,False,False,0.0,9557344.06438629,0.0,244390017.95010856,R0,False,True,158945921.2207199,1703054078.7792802,2e504bd8a10ada0234299a5d51e251b898da425141ad56bbea875a2e4c26b2f0
E2A_VACCINE_H0,LA-0837,837,e01bc2b6463a9e0d96299c98acc8e947f9238aa1841dcdf9bfa89437e3e09f8c,M2,A1_FINAL_NO_MEMORY_V1,certified,PASS,,,40d40b1e80c40bc92367067685073f5a8ece97d4b76595b14c6703c9fb1a2de2,b9d3a04e93d16ea15f9211ee0566461bf095955edca3470005bc816e503c9f66,0.0,0.9,19137905.85543848,4.0,1.0,1.0,1.0,1.0,a8bf322a1829bf4cb66ec28121226eab78207f4656f60294089cdf5a8909cb68,3,2,2,4325838a31b87bd2bd04e96bdac075dd7dae24a0598ff1d25e243b683d37ab85,P4,1233932943.2171147,1233932943.2171147,0.0,9413893.452616436,0.0,9413893.452616436,h09,5,Katrina,1224519049.7644982,9724012.402822042,1214795037.3616762,1830926948.6356564,51030395.428730056,1.0,0.0,28318456.66844435,R0,False,True,10400000.0,0.0,0.0,0.0,NONE,False,False,0.0,9557344.06438629,0.0,110633662.72790879,R0,False,True,40630395.428730056,1821369604.57127,a8c44df882908898e3f43d63f0bc16084625e2547a20da221e1d6515e5669666
E2A_VACCINE_H0,LA-0838,838,34f281d9a670cbd311b1e31cb76867df4589834c3221b135b4a0720b635a66fb,M2,A1_FINAL_NO_MEMORY_V1,certified,PASS,,,34bd70ebe104825bbfa21396811cf3f07fa96994f846c32e7735cc81e9223752,70d76bcfd285ca0cbaa649065c7b54cb9d2a316b3375064f38942e920b32f627,0.0,0.9,19137905.85543848,4.0,1.0,1.0,1.0,1.0,e775fa4785de57b0e300e050c39617536bad564d9f12a0adae1007edecc2b45c,3,2,2,8c1322c68ad5685253ee200db5f2d0c076d89c8783ac1f9675873d1e221479e9,P4,1211782065.8979356,1211782065.8979356,0.0,3477442.296866775,0.0,3477442.296866775,h09,5,Katrina,1208304623.6010687,15660463.558571704,1192644160.042497,1870885771.7742615,11071572.290124705,1.0,0.0,13252441.93558184,R0,False,True,10400000.0,0.0,0.0,855766.6135022469,R0,False,True,671572.2901247045,8885771.774261585,0.0,0.0,NONE,False,False,0.0,1862000000.0,afb6509538d07a7123c0d73a50a152e447bdb0e892d3e6c6eaef7706f130d5b9
E2A_VACCINE_H0,LA-0839,839,5534c8bd86cd5dd95b3b13d3f26e5fcde865090597190351b06675718f6bc554,M2,A1_FINAL_NO_MEMORY_V1,certified,PASS,,,9723dd9741fb03be51be3bc07b5af3503d06d08547bdb096b7ded6203c1e1dc0,0096820c423ade970a27334323177c2ba6e725d4e8c6208ad36d48de89a35385,0.0,0.9,19137905.85543848,4.0,1.0,1.0,1.0,1.0,a383dc9a42897b8e21688282c0afe7d4eb3f3b8bd917f1818f4863098dce46eb,3,2,2,2b94aa4fb61f76d49a262d283489b9db543ef60397580cb7249b501d4bb57952,P4,1190796280.9983041,1190796280.9983041,0.0,5087120.077989857,0.0,5087120.077989857,h09,5,Katrina,1185709160.9203143,14050785.777448617,1171658375.1428657,1880122398.5355783,1834945.5288079241,0.9999999999999998,0.0,407179.68556568853,R0,False,True,317069.6897573831,10082930.310242618,0.0,1949250.359898091,R0,False,True,1517875.8390505412,8039468.225335749,0.0,0.0,NONE,False,False,0.0,1862000000.0,d85b45786578c87140ea68a5a2a95d01e2a6941fe29e918f88a8d88fded7f7e9
E2A_VACCINE_H0,LA-0840,840,8479278c50e200f3d0f47523f1ace13c60509c2c6ab58a9be31e9cb1aca64b05,M2,A1_FINAL_NO_MEMORY_V1,certified,PASS,,,81d646d7aa25e12ed894458d212f8f03baa7d56439b9044edc9dad59bdebabbe,46256dc157ffc5cb4e2f898f8c7c2754001c06bed204cde060e8d6ccae3c5c2a,0.0,0.9,19137905.85543848,4.0,1.0,1.0,1.0,1.0,93a04377588b580073d2bbcce58b5cdbc487a3c4fd47a5e880a673e1f0dc8797,3,2,2,a9d9ad110e328ebe5a26d0a5ec5373a0b594f0992cd5afecd821f119fbde09df,P4,1232565989.3983061,1232565989.3983061,0.0,7541166.62848613,0.0,7541166.62848613,h09,5,Katrina,1225024822.76982,11596739.226952348,1213428083.5428677,1765806051.7651687,116151292.29921772,1.0,0.0,0.0,NONE,False,False,0.0,10400000.0,0.0,0.0,NONE,False,False,0.0,9557344.06438629,0.0,193556177.64905477,R0,False,True,116151292.29921772,1745848707.7007823,42a72eadb10695621861b4960b60b2f9d891c494266f22e4afc798e52613682e
E2A_VACCINE_H0,LA-0841,841,5d1b4858a9dc233e1641cfa9997da38d032b11ee7bab8d5b8eab9124b4b01791,M2,A1_FINAL_NO_MEMORY_V1,certified,PASS,,,ae501c97265c26d1cd1ddd53e289e8b4a54284123d97e9f548e6bf0d037c14a5,e6ddcb9556c2a30b952df8c7362e9f1549a721bb9133b50a7eaf7c6240d71bb2,0.0,0.9,19137905.85543848,4.0,1.0,1.0,1.0,1.0,888a75544092655cdfd39274b7d7f7a9b8d1594ce3cd7c4415c1997209fc7994,6,2,2,21421036458167367337b04c5b834b03080b6a0d8d061cce32f46d5b4b486b18,P1,1225175945.3227613,1225175945.3227613,19137905.85543848,0.0,0.0,19137905.85543848,h09,5,Katrina,1206038039.4673228,0.0,1206038039.4673228,1881042339.0246358,0.0,1.0,0.0,0.0,NONE,False,False,0.0,10400000.0,1375244.743851572,0.0,NONE,True,False,0.0,8642339.02463572,0.0,0.0,NONE,False,False,0.0,1862000000.0,787c7c0ded60070f6476ba4df1965dcfac9d33a1b6712112743413f3d9eefb90
E2A_VACCINE_H0,LA-0842,842,466c5fdd8cbfea6918620048fa7f1f9789c57c69c8a9622cf593d5e3d2c29739,M2,A1_FINAL_NO_MEMORY_V1,certified,PASS,,,e1437d4b815f744e8ef05bfde8c0c93cc218047f884b48195c310e020e9923df,6a30f7aea6c94a2b0d396d6927b91d7fd1f254ecf4b540091fd10bc865701366,0.0,0.9,19137905.85543848,4.0,1.0,1.0,1.0,1.0,75ea4369d913986bd838aa936e0fa6fa4a5742a227392d8b328fddc92ef2392c,3,2,2,50e186a495ab1d7b57ba7132f26e8282ece30d410975806b2b9653b0d40174f1,P4,1205964331.3658745,1205964331.3658745,0.0,4228108.635587054,0.0,4228108.635587054,h09,5,Katrina,1201736222.7302876,14909797.219851423,1186826425.510436,1694845589.6641452,187111754.40024105,1.0,0.0,0.0,NONE,False,False,0.0,10400000.0,0.0,0.0,NONE,False,False,0.0,9557344.06438629,0.0,230599286.2700812,R0,False,True,187111754.40024105,1674888245.5997589,0e2915ba3b2def6f9374d3fc1ff1deb446ab6bf591bc392a419381829dc36048
E2A_VACCINE_H0,LA-0843,843,fab4c6739202c5ba7eaf5e1549c07a1aead78a870176384ba7dd1f290ab3911e,M2,A1_FINAL_NO_MEMORY_V1,certified,PASS,,,0ec01a57a345692d3144c9d566c09cec51ad760ed6ac0962d167ddcd54d79aee,c2e86cd28d6d0c09a25539011bfa77f9a4087dd0834bcb2ac5cb76c2dafbadd5,0.0,0.9,19137905.85543848,4.0,1.0,1.0,1.0,1.0,43df52b8d26d8f845e6644db28f1720c60d4380e2ace22ec246d91ddc5c2b61c,3,2,2,d75785aca1cbeaae9450c32f216c4552ab234436aaf75e18b98e941c0482703d,P4,1172762268.8112533,1172762268.8112533,0.0,4781295.916146279,0.0,4781295.916146279,h09,5,Katrina,1167980972.895107,14356609.9392922,1153624362.9558148,1667752934.5355139,214204409.52887258,1.0,0.0,12458660.018174032,R0,False,True,10400000.0,0.0,0.0,0.0,NONE,False,False,0.0,9557344.06438629,0.0,244147100.81970495,R0,False,True,203804409.52887258,1658195590.4711275,105d28c9ce423218aeb32fe72912e86627e92e01ec8f0401c2ff71330f99a282
E2A_VACCINE_H0,LA-0844,844,134ebf8f464567ac234d0de213d0c3359ac9b30e6e165e8b173c85b807a8f18a,M2,A1_FINAL_NO_MEMORY_V1,certified,PASS,,,a50309bd45533c3a652c2250a3398a8a69f4e3c8585ae161828d1e7a411897e1,c1cbca3be4292ae6e274f0d5281eac2329c2aa43ed240233743f66c133491990,0.0,0.9,19137905.85543848,4.0,1.0,1.0,1.0,1.0,7ea730a1dba1b6e08866e4436a8712bf673874d8c32d707c90594b920d65f458,3,2,2,296b93bc8f0cd4d1d43711817aed88b664c880f92e39137ef1dae3e3bb0fec73,P4,1229142685.4907086,1229142685.4907086,0.0,5753424.620134618,1226708.1773473904,6980132.797482008,h09,5,Katrina,1222162552.6932266,12157773.05795647,1210004779.63527,1756674319.1904845,125283024.8739018,1.0,0.0,0.0,NONE,False,False,0.0,10400000.0,0.0,0.0,NONE,False,False,0.0,9557344.06438629,0.0,167818571.75754693,R1,False,True,125283024.8739018,1736716975.1260982,bd0ff09a43bfebfb3dcc4a4979db076fa217ddf4c9dec05e34dd2f3b8525efca
E2A_VACCINE_H0,LA-0845,845,e140d33748675c14eeeb04f124e356cc79a0c0f3369b8fbe53a3cd57fcb8a86c,M2,A1_FINAL_NO_MEMORY_V1,certified,PASS,,,bee12f31789666ab1c932208e3a5d83db6d070fac172ab5ce3c9d7bc9c0a7e01,1951d98f6b16362708dce956aec8cd75426b31e59465d260cff966ac00132b7d,0.0,0.9,19137905.85543848,4.0,1.0,1.0,1.0,1.0,9e633e31d9f48a2a3ae011ccb2def5b781bd1894565e395c08bcbc75904104f9,3,2,2,6d780acb1482a1762eecfae9a99f6f1149b46fdf6ea9b3b90bea64bd87d3fab5,P1,1230204615.670719,1230204615.670719,19137905.85543848,0.0,0.0,19137905.85543848,h09,5,Katrina,1211066709.8152804,0.0,1211066709.8152804,1871216731.6365206,0.0,1.0,17343454.42652791,0.0,NONE,True,False,0.0,0.0,568018.8576729196,0.0,NONE,True,False,0.0,9216731.636520557,0.0,0.0,NONE,False,False,0.0,1862000000.0,34d4a5c97e901922b30b45ddcf5772925e57a7ab0f1b7249b49f2a166ef20867
E2A_VACCINE_H0,LA-0846,846,f1a9a63b656c52c3778066b8e764dc42f3d0ebdc6986dba4d477101046eb4e28,M2,A1_FINAL_NO_MEMORY_V1,certified,PASS,,,d498383a4a34ca2bb24430c5d86375c5e1fe21e409c269ec73350f0f80e3126b,a873f370d5491b2cb64df1ff63b5b1bea30c126d43b1c159270e76a3754e531a,0.0,0.9,19137905.85543848,4.0,1.0,1.0,1.0,1.0,10625179ff98672dedd86475712cb36430c98000d04b278cf8b0e6be47d10f84,3,2,2,391c02d043205a564ab743b343c3cee8974f79558b6037fba5e4c9c78d1b62b6,P4,1192652032.3475778,1192652032.3475778,0.0,7574639.092137462,0.0,7574639.092137462,h09,5,Katrina,1185077393.2554402,11563266.763301015,1173514126.4921393,1659334762.1505497,222622581.9138366,1.0,0.0,0.0,NONE,False,False,0.0,10400000.0,0.0,0.0,NONE,False,False,0.0,9557344.06438629,0.0,423843743.46144354,R0,False,True,222622581.9138366,1639377418.0861633,36ab65c814d89105abdbc58b65b2788efc8213a27151da13314c72eb16208967
E2A_VACCINE_H0,LA-0847,847,100bec52027c8c0ee2f26331aca4ebeb59a7c78efc561520fe23a219e781e0f4,M2,A1_FINAL_NO_MEMORY_V1,certified,PASS,,,be2899c1526494b18b7a10f3a10e086f96e14e862b17b7b778de1615e5ddc71c,b423a20c1b9c2a93e67fd1f4c7d3e034a930e105d136a1e64b5df1cf568d6179,0.0,0.9,19137905.85543848,4.0,1.0,1.0,1.0,1.0,1f21fc33b22e5e848111ff361cb8627b3ed7172758648b44c9365ed23eace4e8,7,2,2,7c8275d64b9fbaf61223fa34cb988d23110a581438c70f85c8feeab1fbfa9bfe,P1,1228314059.0325878,1228314059.0325878,19137905.85543848,0.0,0.0,19137905.85543848,h09,5,Katrina,1209176153.1771493,0.0,1209176153.1771493,1871182767.91422,0.0,1.0,16657420.943886107,0.0,NONE,True,False,0.0,0.0,599949.2893132686,0.0,NONE,True,False,0.0,9182767.914220132,0.0,0.0,NONE,False,False,0.0,1862000000.0,d36dfc5c538e92b4f55ae7ed51bee2f93281c33647f74689790a8c9433fa174f
E2A_VACCINE_H0,LA-0848,848,18ba8bd3477f961ccfad64773589b0d508a04ad4a7dddfb195e0cb1d64a01127,M2,A1_FINAL_NO_MEMORY_V1,certified,PASS,,,7b185af2da8e0d0eb89d350822f3a73806cd0245953a25c8a17967c8b03361a9,4ab73a39d6f6fc7f409e92758dff34d765c8f427f5910c8b9a7b60b9f4d31db6,0.0,0.9,19137905.85543848,4.0,1.0,1.0,1.0,1.0,1a227e3196f88f377a9b436b4a1d64b4a98812a2b010c81d348b11ad638763b5,6,2,2,44b8614c8bae3f980d06767d366956fa7ebb8e28ad69e09d079cb8a4d9c09631,P1,1221510651.5452201,1221510651.5452201,19137905.85543848,0.0,0.0,19137905.85543848,h09,5,Katrina,1202372745.6897817,0.0,1202372745.6897817,1880976492.269506,0.0,1.0,0.0,0.0,NONE,False,False,0.0,10400000.0,1375244.743851572,0.0,NONE,True,False,0.0,8576492.269505994,0.0,0.0,NONE,False,False,0.0,1862000000.0,f4d3a806f4e86674bb9ff114bc1614cb3f99bad11935625fb7ee25c791fcfe24
E2A_VACCINE_H0,LA-0849,849,3104e5bfd5e5004d0f395b55f817d6a8c52b8ee7790e3a2cda0b6ba516a1a170,M2,A1_FINAL_NO_MEMORY_V1,certified,PASS,,,b0204ececa5a091f87c7eb4f1cf80cab9f6ca7763bc22f3fc9230e6d67e05a9c,e59779588f309a286909b00b61ad7c3c2fe5aba8fd1c0d9e7ce7a313f371a3fb,0.0,0.9,19137905.85543848,4.0,1.0,1.0,1.0,1.0,a615d0c475fdfa111667719e1afe0ed11f7d90cf9d80b672c9131ba193bba555,3,2,2,61c6b61c813dfb3dc9f901896ba687507fe3815c05d33629f7116add8f092d05,P4,1187453551.2408357,1187453551.2408357,0.0,2612773.0272677597,0.0,2612773.0272677597,h09,5,Katrina,1184840778.213568,16525132.828170719,1168315645.3853972,1880038770.3349042,1918573.7294821502,1.0,0.0,428078.9909007334,R0,False,True,341796.86665385263,10058203.133346148,0.0,1974813.4467210846,R0,False,True,1576776.8628282975,7980567.201557992,0.0,0.0,NONE,False,False,0.0,1862000000.0,a392cb317a38a8474ceaf1e449f711e10d22325996233aed767f65491880b8d3
E2A_VACCINE_H0,LA-0850,850,e8015a38bcfbabd19515009b1fa82e54dbec571df885106a527a34fc8a940433,M2,A1_FINAL_NO_MEMORY_V1,certified,PASS,,,61d1cad4c9cc8fa31b3f9afe71429860c56432c116eeb2589b0405a313612f3d,d450ba084447e7f9025b4fe85ef25a9d802fd8ac255d320c66c0af85725e9397,0.0,0.9,19137905.85543848,4.0,1.0,1.0,1.0,1.0,2881b225ffdb3ff41491186def8191134daad54e51a63eed464e4a09a7b2be15,3,2,2,a5b234c1cc0caa9252b273068e71feed2dc212497b00774c8bd7a24f076d920e,P4,1219619488.9897091,1219619488.9897091,0.0,7379509.698348204,0.0,7379509.698348204,h09,5,Katrina,1212239979.2913609,11758396.157090275,1200481583.1342707,1792745519.3051891,89211824.75919715,1.0,0.0,20858968.744820647,R0,False,True,10399999.999999994,5.587935447692871e-09,0.0,0.0,NONE,False,False,0.0,9557344.06438629,0.0,158070518.20907456,R0,False,True,78811824.75919715,1783188175.2408028,bf9f7bc35ffc97ea39b07f1c44b5967c3c3e0b4108b19736907413c0c773e654
E2A_VACCINE_H0,LA-0851,851,64fbf7c5ac53ddf90ab9e56623fd27e066ce5b54f9b5e964ce23cf675660d44d,M2,A1_FINAL_NO_MEMORY_V1,certified,PASS,,,bf16a6309b2f22a417ae304c75963d996065b45f20a85c4574b816915d1973cc,57e5a4415e95379ec6494a15da72ed6fc0b16d1c6479c8e06a06342643087def,0.0,0.9,19137905.85543848,4.0,1.0,1.0,1.0,1.0,13fef9d8934f69cbf6c6be8f5908a1eba5cfa19df4e7abb974b50ed3e0ced875,3,2,2,c3264914787823ee3b7fb05d6c2545d359d9cb06286b8b17c7762bf791570bb9,P4,1233387231.9560459,1233387231.9560459,0.0,6253923.212706469,283781.94851005526,6537705.161216524,h09,5,Katrina,1226849526.7948294,12600200.694221953,1214249326.1006074,1829471252.783467,52486091.28091927,1.0,0.0,13481485.291909456,R1,False,True,10400000.0,0.0,0.0,0.0,NONE,False,False,0.0,9557344.06438629,0.0,54556059.672853075,R1,False,True,42086091.28091927,1819913908.7190807,894dbb9106e68c431f24c7a315a2f09984ba6fb32442bb026de13a7e848f043f
E2A_VACCINE_H0,LA-0852,852,95ddd8edb736b33e9c1717ae5d5ca905109ffe59d265f931608d667e03a189d8,M2,A1_FINAL_NO_MEMORY_V1,certified,PASS,,,c18f57702ca226b56544043875dd4abc2ba0fa54ee251ad6582d96e918900f39,c9a7cbd341830efd6b9668d817b234e3ce0f4ac77f7049be907147f66d6f06d6,0.0,0.9,19137905.85543848,4.0,1.0,1.0,1.0,1.0,8c62e6fc69c92a5115358d3ae2e11e647b69f95d9bfa8856debc287c84ab31f9,3,2,2,3a80a4087f2c24d61ad854e3781ab4181d188868880a8f7fa72e590d29a06dab,P4,1200419371.007778,1200419371.007778,0.0,5448817.47171819,0.0,5448817.47171819,h09,5,Katrina,1194970553.5360599,13689088.383720288,1181281465.1523395,1741528815.3414373,140428528.72294897,1.0,0.0,16279689.906743392,R0,False,True,10400000.0,0.0,0.0,0.0,NONE,False,False,0.0,9557344.06438629,0.0,203540781.40766203,R0,False,True,130028528.72294895,1731971471.277051,5e825d5820d57d6b5ad7e58c0b4a07fae4966988df5fc41441efdd5cef25aef4
E2A_VACCINE_H0,LA-0853,853,2010dc4b4f88ff2547d1e2cc5b1be6490307c83b91a28df220a8f21c7d098575,M2,A1_FINAL_NO_MEMORY_V1,certified,PASS,,,96e7570d57ca141d234cc490b3d32fec84c0a27e481da872fd17eadba9dba479,4cc93d720cc56deec6ad670feaf741a8be9026b93ab33bc427a700130e72df67,0.0,0.9,19137905.85543848,4.0,1.0,1.0,1.0,1.0,66016e81291517ddb6ccc404b9238b37b5647ef0f970aebb2024b6b1719f9a49,3,2,2,77f69e1c08a4fa52e5bca22d4348d9f51b43ab7e8443d414b1f2eb20b74674ce,P4,1237313201.5078242,1237313201.5078242,0.0,5314165.086963375,441402.1919436199,5755567.278906995,h09,5,Katrina,1231557634.2289171,13382338.576531483,1218175295.6523857,1839943856.1546211,42013487.909765214,1.0,0.0,13836399.232464166,R1,False,True,10400000.0,0.0,0.0,0.0,NONE,False,False,0.0,9557344.06438629,0.0,42059311.52405679,R1,False,True,31613487.909765217,1830386512.0902348,59b6a1e8ed59515069245bfaa6d07ad6d7c6a6d3fe1404c01712f70e41507102
E2A_VACCINE_H0,LA-0854,854,7ca67d2d1bdcf621c560c0091c4547a16b2156227081c9f634b009cb261bfce9,M2,A1_FINAL_NO_MEMORY_V1,certified,PASS,,,bcea9b6f436743e5f051a8c2e0ae1523c525799b9af073607eb33c6e2a93c94b,54d1eea6f40794428552170494519294e2c3d312481b461483694c952a376879,0.0,0.9,19137905.85543848,4.0,1.0,1.0,1.0,1.0,6554cdd92c0d3ddd19b41f51c8de4e299f0e90f123fbb1ecc146fa6587e19296,3,2,2,10ee7e5d41efe72a1dfe54a8ba08e799363f003fd7493e657f84edfd7d41de03,P4,1235205257.7227948,1235205257.7227948,0.0,3189546.2184715993,3453227.776139167,6642773.994610766,h09,5,Katrina,1228562483.728184,12495131.86082771,1216067351.8673563,1772846353.5270352,109110990.53735103,1.0,0.0,0.0,NONE,False,False,0.0,10400000.0,0.0,0.0,NONE,False,False,0.0,9557344.06438629,0.0,117952447.49592593,R2,False,True,109110990.53735103,1752889009.4626489,854307f6043824f391a30dc725cc16938f6dcf2eb9c54ef2b4ea4eccfc80c95f
E2A_VACCINE_H0,LA-0855,855,180156333d55d9a85e6f41be522acb01ef74398f9989bf6602a86b9ce3b9e979,M2,A1_FINAL_NO_MEMORY_V1,certified,PASS,,,2f561526876cfaac0e1a8b11240711be166f5d2efa4e7bfb7314e75363c6dad1,0cbede78e4e5b494ff041ebef4ca71e6c24e4b85be1c648681f58d008c2b0524,0.0,0.9,19137905.85543848,4.0,1.0,1.0,1.0,1.0,cf5bc185fb3127b2bf6fa180f96b9fb59076f9b817fe8ac86dbf639754ca7e11,6,2,2,cff49720af372e98a8395f581477e020df458bbae9f4ac3ad2dc8429f51a524f,P1,1222826212.5790367,1222826212.5790367,19137905.85543848,0.0,0.0,19137905.85543848,h09,5,Katrina,1203688306.7235982,0.0,1203688306.7235982,1871084179.123376,0.0,1.0,14941787.429378249,0.0,NONE,True,False,0.0,0.0,679800.9584241294,0.0,NONE,True,False,0.0,9084179.12337594,0.0,0.0,NONE,False,False,0.0,1862000000.0,abca2ef3a2366ba8bba2e174426c9a3691de427cb821fd154357c25f1ea3746a
E2A_VACCINE_H0,LA-0856,856,bc94d827ccfcee5cc63f8ea664968475aa084c76ddda6fd3e9f652d9017ccccf,M2,A1_FINAL_NO_MEMORY_V1,certified,PASS,,,18efaa52834050c8bdc730c5bfbc411e1e8a1aa705928ae465617b46c09cd69f,f59569d4073b3c8797f687a39fd327c07a3cc36a39423ec46126aed0539565c7,0.0,0.9,19137905.85543848,4.0,1.0,1.0,1.0,1.0,546f2884be1a2da5fe01689b9fe930271b76d6057415645c9f62a19f5dd9248d,6,2,2,8f63094edd9e5aa30254f788abebd486e9281dd62ed22df89f9c7ad231a32bfb,P1,1224212531.0583494,1224212531.0583494,19137905.85543848,0.0,0.0,19137905.85543848,h09,5,Katrina,1205074625.202911,0.0,1205074625.202911,1881025031.3524525,0.0,1.0,0.0,0.0,NONE,False,False,0.0,10400000.0,1375244.743851572,0.0,NONE,True,False,0.0,8625031.35245241,0.0,0.0,NONE,False,False,0.0,1862000000.0,0981cfa704fad36e477ded0889d4049b6699f3454d43ddb033135de8d1aad48c
E2A_VACCINE_H0,LA-0857,857,bfe1f3086663b3b8a0ddb0f8144ea3689c46055c5db89cdf3154a1f6aae6494f,M2,A1_FINAL_NO_MEMORY_V1,certified,PASS,,,ac6314c0b44330a3ad0ace26f7c9725ed6799c4c25a460658bab2d4aca9eb489,a7f5c01b9c2320f519f62908165c687df448f19637ea24c8eee9838840c3cb5f,0.0,0.9,19137905.85543848,4.0,1.0,1.0,1.0,1.0,7d215a032739377bae9b6ab1529fd265b46aa6ad35eda4e08758cdfe1a1951fa,3,2,2,b49f4c8d906357437496ce622e8062a38019bc854cd78464841201a3b661082e,P4,1222482241.035454,1222482241.035454,0.0,4183260.143021273,1787808.3675539852,5971068.510575258,h09,5,Katrina,1216511172.5248787,13166837.344863221,1203344335.1800156,1880993946.809069,963397.2553173119,1.0,0.0,0.0,NONE,False,False,0.0,10400000.0,0.0,1427396.0482402663,R1,False,True,963397.2553173119,8593946.809068978,0.0,0.0,NONE,False,False,0.0,1862000000.0,35d6252321b76006bdf72bef221f9fe03a29570c39999518c79f0ab7ff672133
E2A_VACCINE_H0,LA-0858,858,f661e0e58db6ebbd7a9c7dd060beefe85d885b3a34c80057be156cb9c853d8e1,M2,A1_FINAL_NO_MEMORY_V1,certified,PASS,,,de918887e195308e4bfeceae017d712e39c1415228332ebd8542df3d3d49f0f8,95318fd1f653d67ebd8340f893d8c6ac5c3552778a9ebbc70dbf72dfc2674771,0.0,0.9,19137905.85543848,4.0,1.0,1.0,1.0,1.0,d8a8c4ce44baf0e66df58f82edddcab76dcff0f426ce30ccee705c15f06b22de,3,2,2,651091917a25f38f5dc8396d159856b852ecd5d01ddf92678bb96c5c32e95330,P4,1223027580.306051,1223027580.306051,0.0,6720051.877861618,0.0,6720051.877861618,h09,5,Katrina,1216307528.4281895,12417853.977576856,1203889674.4506125,1880714251.0919511,1243092.9724352749,0.9999999999999998,0.0,382461.89001530973,R0,False,True,303624.4595813168,10096375.540418683,0.0,1183405.6568810998,R0,False,True,939468.5128539581,8617875.551532332,0.0,0.0,NONE,False,False,0.0,1862000000.0,1439707fb798ccb06d9d9167396693661685037b9e073bf3f857d89feaadfb97
E2A_VACCINE_H0,LA-0859,859,ed2a565889144395e654250ec9fecba100bdf2e5828b3b26c5a6b2f64adae66e,M2,A1_FINAL_NO_MEMORY_V1,certified,PASS,,,78352929c82b6cfd979dceb418a54c528dc8356114848e2c286cd1c742d72776,4f4b20cac44214ee8dd11ac910852cd870c710f921cf22718575951071f0929b,0.0,0.9,19137905.85543848,4.0,1.0,1.0,1.0,1.0,f86a93f9d59f96296a1ca81bf3de73b73e09c68092ec08915bf305cc463def19,3,2,2,3cdfd93f5a1ef73749397de4a901637901fcbfa8e6da283c4d641142f8d87745,P1,1227277192.4732482,1227277192.4732482,19137905.85543848,0.0,0.0,19137905.85543848,h09,5,Katrina,1208139286.6178098,0.0,1208139286.6178098,1880546152.1740768,0.0,1.0,877892.8998007788,0.0,NONE,True,False,0.0,9840000.0,1334384.494412009,0.0,NONE,True,False,0.0,8706152.174076777,0.0,0.0,NONE,False,False,0.0,1862000000.0,e93e04802e0e122b5d491f92f4f40777011d70ca5778b62de1576a242ae0290e
E2A_VACCINE_H0,LA-0860,860,ca94af9af335cb451dda82a8bac72ed429bc747d43fec3dadef9d1f81ec9bc59,M2,A1_FINAL_NO_MEMORY_V1,certified,PASS,,,2ccc35e4b801001f70c362c56172946c437a0525cd73f414f31f5fe00b87b3fc,54514125d4d10eec891e94561e413fc41541eabbfb618c0093803cdaaaf217f8,0.0,0.9,19137905.85543848,4.0,1.0,1.0,1.0,1.0,84ad07b90c0f277287d08e56061cedc50017e4550510f891249eec2551951578,3,2,2,568de148c03fd4a8cadb1022c095c02b11502a4f32fb68c892befa99165925cc,P4,1224796868.024327,1224796868.024327,0.0,2606898.460094956,0.0,2606898.460094956,h09,5,Katrina,1222189969.564232,16531007.395343522,1205658962.1688886,1745081762.9954848,136875581.06890142,1.0,0.0,0.0,NONE,False,False,0.0,10400000.0,0.0,0.0,NONE,False,False,-1.0386629525160809e-10,9557344.06438629,0.0,270196376.40190554,R0,False,True,136875581.06890142,1725124418.9310985,5c482cb4c30106604e4529f5dd659e4d120b2bf28fa55cc648faaaf3475a1967
E2A_VACCINE_H0,LA-0861,861,ffc1e96a5bf502145b083b5451c73e59822e593e2f149ae8bb8b5c8232039204,M2,A1_FINAL_NO_MEMORY_V1,certified,PASS,,,d6f898837903992be5a180c707d72e69552307c7732d893e3c99c3eee6445b8b,c69b5634c710cbc120ff152aae61638394a9064f5bb975897f976fe07074982d,0.0,0.9,19137905.85543848,4.0,1.0,1.0,1.0,1.0,8f6581363893770cc858326e87bbcb743883a0867567f247bbf8d10b79b66e86,3,2,2,489873e7e39ea45dcba00ea2ddcebd0432e1750641243202e71257288607f8ec,P4,1225434248.952037,1225434248.952037,0.0,3475113.931957808,0.0,3475113.931957808,h09,5,Katrina,1221959135.0200794,15662791.92348067,1206296343.0965986,1881046979.4318876,910364.6324985578,1.0,0.0,0.0,NONE,False,False,0.0,10400000.0,0.0,1967186.105432031,R0,False,True,910364.6324985578,8646979.431887731,0.0,0.0,NONE,False,False,0.0,1862000000.0,221ce191f8d8c59ac4e3bbc1b83db213ed4f0f533d1f1830039ea87d521e1b48
E2A_VACCINE_H0,LA-0862,862,1c4582bc1dfe30339b657dd77bde26401a840d7b9e14e11ca62b5a7daa755775,M2,A1_FINAL_NO_MEMORY_V1,certified,PASS,,,5d493f32d8b1d45935ba90a376e206af4be450bf3cf57c064bc2d42a7a020b6b,7c3196a6f3184f4decf02ff62e2aa7466b147905c532370dfbc70830698ad25c,0.0,0.9,19137905.85543848,4.0,1.0,1.0,1.0,1.0,0a34df55a3f46358b0c431e8c47d2164c427c98674903f8196ab2f1c8607f7ca,3,2,2,6ea5097924db169d8a38552a1459b7e83a349d04e7dae5722f5a2e4f55895d7e,P4,1230428497.6722949,1230428497.6722949,0.0,10244477.166596336,0.0,10244477.166596336,h09,5,Katrina,1220184020.5056984,8893428.688842142,1211290591.8168564,1821578769.098685,60378574.96570137,1.0,0.0,25281244.99071838,R0,False,True,10400000.0,0.0,0.0,0.0,NONE,False,False,0.0,9557344.06438629,0.0,121492365.19181545,R0,False,True,49978574.96570137,1812021425.0342987,4f72879d168e8b16203ff9053fe130e38ae06a6bfd796801bce6cab03e92ab31
E2A_VACCINE_H0,LA-0863,863,cecd5f045ae418128e0556bca7eeae90f128a1381cb1a3def8a90796cbe039fe,M2,A1_FINAL_NO_MEMORY_V1,certified,PASS,,,1fde1e6cc314c97a49e2e79d15ecec0e53fc8712cb009653c27e6c447edc4a47,2f07bd43892607929614f16df3bfd7ad3d4e7853defff8efada926096c20f139,0.0,0.9,19137905.85543848,4.0,1.0,1.0,1.0,1.0,4e524c085d13749db13b34d4c1189efcb991cd0a8a6afadf778836620b65f66c,3,2,2,58b718a8aac4b4948192d66ad3cc73421fd58e2e8711d0e26e50acb72ae87d35,P4,1213135277.696913,1213135277.696913,0.0,7372577.022847402,677183.7683277023,8049760.791175105,h09,5,Katrina,1205085516.9057379,11088145.064263374,1193997371.8414745,1880826029.2440622,1131314.8203241557,1.0,0.0,0.0,NONE,False,False,0.0,10400000.0,0.0,1617941.2849582331,R1,False,True,1131314.8203241557,8426029.244062133,0.0,0.0,NONE,False,False,0.0,1862000000.0,acebb9cde4f0a2f76a8f64fb7cca0e90228f2a4118c76ab28a3d808c8865f0db
E2A_VACCINE_H0,LA-0864,864,6e9c080510d68ad7eaee7b2b6f33430d7a56e3bfd4b1674ac3ac724b80c44956,M2,A1_FINAL_NO_MEMORY_V1,certified,PASS,,,a9ee11cce5e27b9f5d329ad61726d6bcff15e34e1c1a08f0480f8224428c90d8,b8716cdbf8c47df68f74a561126d14e1aa43d4bee91c3fdb65decb1becfbe99c,0.0,0.9,19137905.85543848,4.0,1.0,1.0,1.0,1.0,9b4993be228a8d421d56645fe5b20a9848b0d56e06bdbcb945b93126d98bb401,3,2,2,567d0b533760d49b677571c2c18574afb50f94e929d6e8bfab6225e2d71a7c36,P4,1212475580.1543627,1212475580.1543627,0.0,9142711.774682602,0.0,9142711.774682602,h09,5,Katrina,1203332868.3796802,9995194.080755876,1193337674.2989242,1773688997.657338,108268346.4070485,1.0,0.0,30481122.865561508,R0,False,True,10399999.999999996,3.725290298461914e-09,0.0,0.0,NONE,False,False,0.0,9557344.06438629,0.0,286840104.9502481,R0,False,True,97868346.4070485,1764131653.5929515,6da9e4e239a0f88602318636fff37c9aaa6facaf083612228f33d86f324a17a7
E2A_VACCINE_H0,LA-0865,865,298551a2a715552c1d8ae19d7daae19d0f7c54388d951a3a3b0042a11eaf9aaf,M2,A1_FINAL_NO_MEMORY_V1,certified,PASS,,,75d6e8729bc0998f3c40dd265e33f4f4c2e6839833ae86301f2adfef1e0a3d7e,a8bfd582d1976461a44bcbed4afb2f51829a9f1e79c115ab072d75237abce573,0.0,0.9,19137905.85543848,4.0,1.0,1.0,1.0,1.0,f919a94fd7f0f9185b5c7046cb19d5e7fcbc9dd53b221d79dca736e2f1b2fd3f,3,2,2,97019497fcbe6babd3042ef0159e2e8909a8391fd180163de5f93b02b86ed914,P4,1198623440.8314047,1198623440.8314047,0.0,630491.5616127445,0.0,630491.5616127445,h09,5,Katrina,1197992949.2697918,18507414.293825734,1179485534.9759662,1675263615.3404417,206693728.7239447,1.0,0.0,0.0,NONE,False,False,0.0,10400000.0,0.0,0.0,NONE,False,False,0.0,9557344.06438629,0.0,273123759.1626417,R0,False,True,206693728.7239447,1655306271.2760553,d43e9274cf720702df1fb4a944c44b0216e42913c87181e0f424d1d4ffbea398
E2A_VACCINE_H0,LA-0866,866,7903ddb4b2f869dd9596563499c8fc97369af99ec3fb0f55cccc31f99aaa9351,M2,A1_FINAL_NO_MEMORY_V1,certified,PASS,,,80541136c4e0ab9137fc89507524564098d9a11b93691a853c4bff8259fd280f,8b50ab9be86adb75934ae638231901b9ce0b7286dbabe0abf284d24ce0ebd1b2,0.0,0.9,19137905.85543848,4.0,1.0,1.0,1.0,1.0,19dac7f721e819bd582e45281721a705c30e0e3ec7e2f93dc896834093076cfb,3,2,2,470f13f3f71e8882097927f78bd50368885354b33a2ec5d4b97a4eecfdab6639,P4,1189062615.3284183,1189062615.3284183,0.0,4390223.177680986,0.0,4390223.177680986,h09,5,Katrina,1184672392.1507373,14747682.677757494,1169924709.4729798,1711234439.3294883,170722904.7348982,1.0,0.0,16762133.946744649,R0,False,True,10400000.0,0.0,0.0,0.0,NONE,False,False,0.0,9557344.06438629,0.0,258399423.4516871,R0,False,True,160322904.7348982,1701677095.265102,4c44da09190b6fc5d694cf7544ce8674e9f97a8051a04837b673807deaa5c9fb
E2A_VACCINE_H0,LA-0867,867,28d7dc1f1b6dced946b0bc1468f120ff95e0d44e9be3e0ae9a3210a423a24db5,M2,A1_FINAL_NO_MEMORY_V1,certified,PASS,,,15dd4fbe523dff660899af18f5b852dd82304b433fc312fcfabe3c8f86a512e5,b3bdff28740b1eac33d6fba4f8eb5a7b8d53fc1a378298676b30412222b9808d,0.0,0.9,19137905.85543848,4.0,1.0,1.0,1.0,1.0,9d9048389b4085cd37517321c5576d07879e6c8b27a475e5e5062921fd514eda,3,2,2,052b9774a3a69ccb93c79b57e43b02c2d393b6a62572cf56c9366167a577c82b,P1,1238298469.076205,1238298469.076205,19137905.85543848,0.0,0.0,19137905.85543848,h09,5,Katrina,1219160563.2207665,0.0,1219160563.2207665,1881278084.2774642,0.0,1.0,0.0,0.0,NONE,False,False,0.0,10400000.0,1375244.743851572,0.0,NONE,True,False,0.0,8878084.277464185,0.0,0.0,NONE,False,False,0.0,1862000000.0,934ac6a6ec3ff755dc02f81ec1d1781860601d98bb8e2f7443722e7b59d5d97d
E2A_VACCINE_H0,LA-0868,868,0881855ff2a1f8ea7ab82f23db691f8248cd0558cc7b990c41980ad296b3db89,M2,A1_FINAL_NO_MEMORY_V1,certified,PASS,,,eb4b72c0017e62fca7ed1e7fa6437f50c5205a484b91dd8c89bd10c7de19af6e,f54d4c9a3e76c3dcd8afa75af735488ce73474267eeff9f5e90297d96ce06130,0.0,0.9,19137905.85543848,4.0,1.0,1.0,1.0,1.0,0b942f1c58580f0c7f6231b4ea6fe73b19f6aaa8250826a3dfa874afde7ac4a9,3,2,2,52a58ac74abcd426c3f777e8149925c28de771f5a7ac6b1de1e8b46460f460af,P4,1200100407.9445202,1200100407.9445202,0.0,7562535.018360047,0.0,7562535.018360047,h09,5,Katrina,1192537872.92616,11575370.837078432,1180962502.0890818,1740677974.903811,141279369.1605753,1.0,0.0,33374804.71006283,R0,False,True,10400000.0,0.0,0.0,0.0,NONE,False,False,0.0,9557344.06438629,0.0,420007056.37600195,R0,False,True,130879369.1605753,1731120630.8394246,e3823200a313593bbeb2844db16c891454111430d1962a3155c5e31b40a46955
E2A_VACCINE_H0,LA-0869,869,136844f974e29510a79375c73e58c7a6b26db4bab584d54598e68c76b65cfe15,M2,A1_FINAL_NO_MEMORY_V1,certified,PASS,,,6db3b1c6a344bdc48f0eb387d61399a863f90d0f277baae4602cd5c7bedf8ee3,4da611a5dee1cceacc8e9456d4fc1e4e8516da8b5a3db64412dba5e3e7117ad5,0.0,0.9,19137905.85543848,4.0,1.0,1.0,1.0,1.0,0dfc0b56d61efb2d1d4136b80a0e9e5b84cd4bb3c58fa315778ef8bc4a64f89a,3,2,2,110442a7f4280ce1f6cb08d1667cdef4bdd8ac92bb6e7e725daa72ccb820cc71,P4,1181442005.8544214,1181442005.8544214,0.0,6186524.71908404,0.0,6186524.71908404,h09,5,Katrina,1175255481.1353374,12951381.136354437,1162304099.998983,1690906309.0638113,191051035.00057495,1.0,0.0,13442294.996460235,R0,False,True,10400000.0,0.0,0.0,0.0,NONE,False,False,0.0,9557344.06438629,0.0,233496586.9128453,R0,False,True,180651035.00057495,1681348964.999425,2d20e970d3d3a7ca7d2833e625e958ee58335e93734486d74f52eef6187687c9
E2A_VACCINE_H0,LA-0870,870,7da58d025487dfe864e13961520d49119983573e5dcdf0647955d36ba4f95760,M2,A1_FINAL_NO_MEMORY_V1,certified,PASS,,,fef864cda5ae78ccda0cd978caf5c061d92b10b34d8b8b85e9c1681012d534af,d49b65d7adb9f766acdda688dbb7bc830d50386f22eea30df2ca3f117c2bc1f0,0.0,0.9,19137905.85543848,4.0,1.0,1.0,1.0,1.0,204065e3fcb64b3129d17a6cf88da92fe70c1efb4c20742bf49f37b7a3342757,3,2,2,b1c55ae2d3d368110f284a7c79620599342f0f151fd123665ae7410df95e8793,P4,1223234794.909889,1223234794.909889,0.0,5070596.590632203,0.0,5070596.590632203,h09,5,Katrina,1218164198.3192568,14067309.264806274,1204096889.0544505,1802389421.140923,79567922.92346326,1.0,0.0,12564774.908510694,R0,False,True,10400000.0,0.0,0.0,0.0,NONE,False,False,0.0,9557344.06438629,0.0,83565325.23293585,R0,False,True,69167922.92346326,1792832077.0765367,51de313df418041daec6eb138547d9c1ee3c280b06a36ec11bb0dfd90e9e7ac1
E2A_VACCINE_H0,LA-0871,871,cdc339f80037fe3b725889579fbae0be1e86caf4d4fe11ed053ca38bcde4ce38,M2,A1_FINAL_NO_MEMORY_V1,certified,PASS,,,0cccf87ee9efa893a48c7a195721d369f41d84e149b44292b38a809fd920ee9b,c3e99ac7dc1110e93b2c1aa9918b3312496fbe3b4b7b190337af7329c743951f,0.0,0.9,19137905.85543848,4.0,1.0,1.0,1.0,1.0,35b55b7654dae9ac2c8b67a1a2ae9ed850674f23e1880653c4929f8d4d74f539,3,2,2,0155483942cbb7e694478493a50bfd279004d389f38caf38e2a590525e3caba6,P4,1223178545.6306996,1223178545.6306996,0.0,11065020.304982591,0.0,11065020.304982591,h09,5,Katrina,1212113525.325717,8072885.550455887,1204040639.7752612,1740764855.2019844,141192488.86240202,1.0,0.0,0.0,NONE,False,False,0.0,10400000.0,0.0,0.0,NONE,False,False,0.0,9557344.06438629,0.0,347314594.8650883,R0,False,True,141192488.86240202,1720807511.137598,d8b082c77bcc6f12bf17c9c830a83866a284bad93f45559288362b3fae264373
E2A_VACCINE_H0,LA-0872,872,eaef5359c6fdb787d9d7236889049e4978f1a354c593cb98294331dc6d7becb8,M2,A1_FINAL_NO_MEMORY_V1,certified,PASS,,,702458c140d5b9230966968fc7aa282735f4fd25a2d01e3efba4091b224f864c,90e3726f40286823f569c2d240af32d75d2177a89b9e4307a0462a6ff62ce642,0.0,0.9,19137905.85543848,4.0,1.0,1.0,1.0,1.0,ba1419a71d1ae02bd7a9d3bf09532fd3ca256d787e5a984c170af0d7c5f29a5c,7,2,2,19c008a7b0398fb02d9bd754ebd1ccd521a118548901f901f7959223bc5c4ec6,P1,1222369167.1755702,1222369167.1755702,19137905.85543848,0.0,0.0,19137905.85543848,h09,5,Katrina,1203231261.3201318,0.0,1203231261.3201318,1880991915.4448142,0.0,1.0,0.0,0.0,NONE,False,False,0.0,10400000.0,1375244.743851572,0.0,NONE,True,False,0.0,8591915.444814093,0.0,0.0,NONE,False,False,0.0,1862000000.0,5b8d8bf456e2e6459e6a06ab43ed3a5fe6923958ba44517e36cd0cce58a9e108
E2A_VACCINE_H0,LA-0873,873,62d8f2da72996ab47088a679ce3531db4fe4083b6480d3cf8e951b952bac03ae,M2,A1_FINAL_NO_MEMORY_V1,certified,PASS,,,877e029c56ff59a206d86a940c84c9807f5d0296eee5898e3a6bf1e637a13b1e,823c0a28815d78a6dd6d4843a315fa9063da542b91298ff373644962955635e4,0.0,0.9,19137905.85543848,4.0,1.0,1.0,1.0,1.0,fd7cd4b6551a7ed704c3190e8dac0f54038ff2e15537b374f986339514b2abd8,3,2,2,6cc35a8129adf5f8f7b542b9c3e28197fe6dddd1efd843473d1c2842a28713dc,P4,1240954803.5067713,1240954803.5067713,0.0,5388195.696447663,2674511.3969802046,8062707.093427868,h09,5,Katrina,1232892096.4133434,11075198.762010612,1221816897.6513329,1849657903.3135717,32299440.750814643,1.0,0.0,14409950.081864683,R2,False,True,10400000.0,0.0,0.0,0.0,NONE,False,False,0.0,9557344.06438629,0.0,30343254.619230025,R2,False,True,21899440.750814643,1840100559.2491853,33a068d239aa68d8e8171f144c5715b65cac10712ad473a57d27d31613170312
E2A_VACCINE_H0,LA-0874,874,55661982e6aa07987adc949c6147b6b6971a0074bdaaeb39d1d071357bd028c3,M2,A1_FINAL_NO_MEMORY_V1,certified,PASS,,,0d06ae57cc31ac0a01aca4f63349369a05b5f3a9cbea1fd417c5e52786e271ca,fe088ab023f11621b81f648dafda66762cefb8b6c0ecf57ad8326e65842b0a55,0.0,0.9,19137905.85543848,4.0,1.0,1.0,1.0,1.0,2fd52ce5263fc1d9c42e406a326fee4fcbd2e3371c9988285e02d126cff1c0da,3,2,2,aa7242ca37123afbd3f0d5a2824f8903dfd1056515faf68b02ae8603487e2058,P4,1204555150.1842184,1204555150.1842184,0.0,1521160.979267572,0.0,1521160.979267572,h09,5,Katrina,1203033989.2049508,17616744.876170907,1185417244.32878,1691086570.2935305,190870773.7708559,1.0,0.0,0.0,NONE,False,False,0.0,10400000.0,0.0,0.0,NONE,False,False,0.0,9557344.06438629,0.0,261913911.88024145,R0,False,True,190870773.7708559,1671129226.229144,de6b2e74653b0c4179be65aa4576486584cb838f9c0603ee4cf0e5627693a192
E2A_VACCINE_H0,LA-0875,875,120c41c1ed3234495f315194105d865f85ad133242ea95bcfd1c3c5a98f5faf3,M2,A1_FINAL_NO_MEMORY_V1,certified,PASS,,,909d5293a87779eb44d5d41ada8a758759e1e6ca7fd81d407d859658e44942b9,f4486b8e32fd2353d3ab96872e229845f6c18a18501266522e9699593a1028c6,0.0,0.9,19137905.85543848,4.0,1.0,1.0,1.0,1.0,19402a497432ef463906b64a6fb68bacc31fb9a4ab4d2928f46858d3a3b4f0ca,3,2,2,80b57ed44ccc1e33c2f9010c6574161cf31bf7d7009131a777aab4d65c7b69fd,P4,1218443965.8260887,1218443965.8260887,0.0,3489297.5520784063,0.0,3489297.5520784063,h09,5,Katrina,1214954668.2740102,15648608.303360071,1199306059.9706502,1728135267.5883183,153822076.47606814,1.0,0.0,0.0,NONE,False,False,0.0,10400000.0,0.0,0.0,NONE,False,False,0.0,9557344.06438629,0.0,192996254.84266558,R0,False,True,153822076.47606814,1708177923.523932,d1b371bc1ffb3e00b3aaa8d11095de3e8751506c64038ca54855769c7e029880
E2A_VACCINE_H0,LA-0876,876,be0c23e47bebe8324051f6b7aa0bacf3ab34f3429813f135062dae8f6ac7dae0,M2,A1_FINAL_NO_MEMORY_V1,certified,PASS,,,e1caf2202a2bdf20de81963651f35c669093f788b0ef5bfd6290784c1bee11c7,215b234021ac7c025916cfa1825a50e3469407ed76cad7dc622f6b2af4148dfa,0.0,0.9,19137905.85543848,4.0,1.0,1.0,1.0,1.0,10c3e8fbba3132cea511fedc79bc2c04567dd94ad9f44d245f8310022a535ea4,3,2,2,fa22ef20ff1f0c9de3d67d3f0446a590bbef44265e5e60ecb3c8e75da67e6167,P4,1219381645.0551708,1219381645.0551708,0.0,7370031.799315762,0.0,7370031.799315762,h09,5,Katrina,1212011613.255855,11767874.056122717,1200243739.1997323,1792111065.787962,89846278.27642438,1.0,0.0,23689711.573954217,R0,False,True,10400000.0,0.0,0.0,0.0,NONE,False,False,0.0,9557344.06438629,0.0,180967251.7300575,R0,False,True,79446278.27642438,1782553721.7235756,12d0f0ed25abf03c973863b5283d143ae4b68bc3a69673aa6acd3a2f5b2724f9
E2A_VACCINE_H0,LA-0877,877,3957ae1293d94526a37aa72d0f1cf8db1861d34b034285536904117cc8d0b576,M2,A1_FINAL_NO_MEMORY_V1,certified,PASS,,,f84dafed54069db1a32282050c309c33a7c910ba191ce6952e55404ad3554aad,f0c0510a78f36ac9015390c6d9f119bf95efa192cfd79d8bf71bfe6349d49fcf,0.0,0.9,19137905.85543848,4.0,1.0,1.0,1.0,1.0,536b10ce5e2042098c0f583a25ea945fe2c0044ddbfe4c2cfeebf1b98f718515,3,2,2,178a3c1f1ece52209daf48a09ad3c32f2789945f3c2cab7577db55d313768794,P4,1231213317.590195,1231213317.590195,0.0,4773153.917345421,0.0,4773153.917345421,h09,5,Katrina,1226440163.6728494,14364751.938093055,1212075411.7347565,1762197772.294108,119759571.77027836,1.0,0.0,0.0,NONE,False,False,0.0,10400000.0,0.0,0.0,NONE,False,False,0.0,9557344.06438629,0.0,223417743.19432133,R0,False,True,119759571.77027836,1742240428.2297215,cb9ff5c69f3123821489b9fd5d0903ee7bc6cf7fe23ceb77fdc36b8bb40a0aee
E2A_VACCINE_H0,LA-0878,878,162fde37286438739129eec3d00bad8c125ee5fe8a45cf11f126fb022814e333,M2,A1_FINAL_NO_MEMORY_V1,certified,PASS,,,5b845f25c5f7f517e199cfbe3c51c020fbe24585e0c4a61b47648ef3fe7b2882,ad1a3d1c61d14c7da8e29107d931c65533a852241ec11ff1450fce0cbdd292cd,0.0,0.9,19137905.85543848,4.0,1.0,1.0,1.0,1.0,62a56d6ffb467c1f9d1ef58187433e68b40b45f4c4a4f4c0f780c76341f9109e,3,2,2,538dc4e983959c2c2c26a517bd531338089ecf31c2a1e30c06f8c2b5add87a29,P4,1225552798.6592262,1225552798.6592262,0.0,7344124.110258524,0.0,7344124.110258524,h09,5,Katrina,1218208674.5489676,11793781.745179955,1206414892.8037877,1747098223.289176,134859120.77521035,1.0,0.0,0.0,NONE,False,False,0.0,10400000.0,0.0,0.0,NONE,False,False,0.0,9557344.06438629,0.0,297615235.2255257,R0,False,True,134859120.77521035,1727140879.2247896,06d2538daf71bc057c7dbb16d5ceb2021d49dbac8a4c54236088a7f5d8b2e4bb
E2A_VACCINE_H0,LA-0879,879,846aac5859ad72c50ff322807a49bbf1f560e675fc2c5cdfaf70d99836cf1b78,M2,A1_FINAL_NO_MEMORY_V1,certified,PASS,,,d2aea1f3681b8143b84a34e9e9c8d5a317dfb751291e3aa1d71f0c9d757b204e,540ac00b1b65d63ca94d79f603a4b688feb056e2547b14850729c1e86c0b838d,0.0,0.9,19137905.85543848,4.0,1.0,1.0,1.0,1.0,2927b1de425baff445066a7d5f094b211f5aa6dd0f4ebb01c8eee3468bbdfee7,7,2,2,6a9a8e89d144bfe2f5bb309b01e9a456cf2758d68e382d85d0cb6224f3b830b4,P1,1232750963.9529552,1232750963.9529552,19137905.85543848,0.0,0.0,19137905.85543848,h09,5,Katrina,1213613058.0975168,0.0,1213613058.0975168,1881178423.7226486,0.0,1.0,0.0,0.0,NONE,False,False,0.0,10400000.0,1375244.743851572,0.0,NONE,True,False,0.0,8778423.722648691,0.0,0.0,NONE,False,False,0.0,1862000000.0,6ff5b71abb1095ac834fb5548146a88d5d0500c107382f69850dca6589991ae7
E2A_VACCINE_H0,LA-0880,880,3a4ca7ec27358cd9e8df5fc49b030749872cd1a2c7d7115cbc2b0dc7c0ad6aa2,M2,A1_FINAL_NO_MEMORY_V1,certified,PASS,,,aa23eb45fdd8fd2b7aed3efe14c5490d7c1d34abe20c4ccc1a4ed7fae63b2e1e,9e61db3c0375b41163d8c21f480b83d46941d47ddce51929cf5a4102d6f40b7e,0.0,0.9,19137905.85543848,4.0,1.0,1.0,1.0,1.0,41f867c750ea91114e3740590fdec5053b4a733f1556842c7e117588c58b65cc,7,2,2,adae2defc817bf6f7b15a0bb4ee7b48cee6b53cc570a70cbc75e35c8e9d66d22,P1,1219214935.864761,1219214935.864761,19137905.85543848,0.0,0.0,19137905.85543848,h09,5,Katrina,1200077030.0093226,0.0,1200077030.0093226,1880935249.8923779,0.0,1.0,0.0,0.0,NONE,False,False,0.0,10400000.0,1375244.743851572,0.0,NONE,True,False,0.0,8535249.892377883,0.0,0.0,NONE,False,False,0.0,1862000000.0,bb38ac7c6e00b93dfce49ce8ea4afc1e67b8f9188c1e5fb1a227029530e4de74
E2A_VACCINE_H0,LA-0881,881,c86f52737c564eddfefadec8dfdfe43f23b9c0af6f353a9358a51a886da450d1,M2,A1_FINAL_NO_MEMORY_V1,certified,PASS,,,3329ee78bd19881bf8359339c97f6a2b4e8b48efce26fb35a904f428bef3f016,c94cbd0d7ceaa53d1bcc859c6f43d80c2fb18f849159afb7251f3c08b624ae85,0.0,0.9,19137905.85543848,4.0,1.0,1.0,1.0,1.0,e47d04db4326be167064fc249d3fd6be45a7dd7090cc8306b19f90a7f0102e4f,3,2,2,ec457c0962c7c2555c72c0e7797209933e95674fbae50c2e5afc2b2c87ef7ae4,P1,1224866376.8103878,1224866376.8103878,19137905.85543848,0.0,0.0,19137905.85543848,h09,5,Katrina,1205728470.9549494,0.0,1205728470.9549494,1880502842.0335395,0.0,1.0,836590.4319309903,0.0,NONE,True,False,0.0,9840000.0,1336306.8577663677,0.0,NONE,True,False,0.0,8662842.033539617,0.0,0.0,NONE,False,False,0.0,1862000000.0,dd48c2ed4a30ad3d18ce0c0dc10eccaac7f5736481e224ccd14a7609cd137407
E2A_VACCINE_H0,LA-0882,882,06128a6e0e09e9939d0c6926b2cc3ffb5f0e73b05562e6f80ef12ebee5b92eae,M2,A1_FINAL_NO_MEMORY_V1,certified,PASS,,,20a06f108585699c8c5dd7ba5c042a15cdad6964cb131b8cf20b9d268d1be657,aaa136db5e21ba6e8383908c5464303cfd12d5278fd51b2f4ccff889cb8e3f48,0.0,0.9,19137905.85543848,4.0,1.0,1.0,1.0,1.0,dcb56b9c3befc5d1d83533d82f2da69e016cf950efc972f58a6d33d214abab66,6,2,2,0fff5a018c82c86a0773021dfa04af9675c9801dcdc8a7c570f311c33e021e8a,P1,1219537007.42743,1219537007.42743,19137905.85543848,0.0,0.0,19137905.85543848,h09,5,Katrina,1200399101.5719914,0.0,1200399101.5719914,1871025088.775007,0.0,1.0,14073039.697689595,0.0,NONE,True,False,0.0,0.0,720235.5593018774,0.0,NONE,True,False,0.0,9025088.775007034,0.0,0.0,NONE,False,False,0.0,1862000000.0,db8e99de72408c2466257bdbdb50bf91c431f3502e8a7e2a5689cc6d270be27e
E2A_VACCINE_H0,LA-0883,883,fada39189a7557433f084d1ad3fafe262fae6edaefdcaff185d3f211f8902be0,M2,A1_FINAL_NO_MEMORY_V1,oracle_failure,FAIL,oracle_failure,Full exact certification was incomplete,3bd68856e9e5a081792205f84d3278f015a824ab89daf1a0f519a09ad4607ec2,1a87f3d9092c1745a03dd34ba5af76a1abcba722b466e5a3c9994505caf17ae0,0.0,0.9,19137905.85543848,4.0,1.0,1.0,1.0,1.0,42f65ea1b6a3016da53a1daefddd122ffc4236247f6f12a75ed1482d298681a9,3,2,1,,,,,,,,,,,,,,,,,,,,,,,,,,,,,,,,,,,,,,,2007f6902ca5966ab1fa44dd7a87ca16471b16bfa075f916938cd431ff4cb458
E2A_VACCINE_H0,LA-0884,884,dbbad4bbef6d53a28e1ce7041c9183261f0a7cdc258b1f31ac5a9fd73db5591a,M2,A1_FINAL_NO_MEMORY_V1,certified,PASS,,,96461975d4fe1b7e59112742a843e32a6df45fe8b5c99725ffc9abcb4fa45414,c0a3bf09263b6bf13bc956ae0177106cddd5d4e8886ebb57bb90af3349e629b1,0.0,0.9,19137905.85543848,4.0,1.0,1.0,1.0,1.0,bbe909626db74196d33f8eb7c576ef5486ee6441efe777fecf59de03d15b37d7,3,2,2,0828fe5a9ab3790232f64b0a148d5d225d7cf21d69fb653714a2af4acf3aa278,P4,1223444116.3901594,1223444116.3901594,0.0,9819371.152722962,0.0,9819371.152722962,h09,5,Katrina,1213624745.2374363,9318534.702715516,1204306210.534721,1802947790.433151,79009553.63123532,1.0,0.0,25460562.8441067,R0,False,True,10399999.999999994,5.587935447692871e-09,0.0,0.0,NONE,False,False,0.0,9557344.06438629,0.0,167965178.07059383,R0,False,True,68609553.63123532,1793390446.3687646,01760cc6837105aeceb009562a452929375cc5c2a43cb211cace7038bd3d99e0
E2A_VACCINE_H0,LA-0885,885,c5befdc340565f290308ffa868950f1350a4df538566ef9b065d58908617991c,M2,A1_FINAL_NO_MEMORY_V1,certified,PASS,,,6083ff6245b28b4663096fdc8284e9a21f8256787e6317495b36377d81cc2ff0,e24ea796b67226569ea282936315a7967695cae86a6e92719ce97db1fab1a9df,0.0,0.9,19137905.85543848,4.0,1.0,1.0,1.0,1.0,6781d21efc67cb70caed3edc306d917b2728371fa3659ae9cd4cf51cb979101e,7,2,2,155dabcdfce50611c5e633915795af3d34eb5b57cf4ebc31b7579557a9e7c050,P1,1221272399.7228758,1221272399.7228758,19137905.85543848,0.0,0.0,19137905.85543848,h09,5,Katrina,1202134493.8674374,0.0,1202134493.8674374,1880972212.0916111,0.0,1.0,0.0,0.0,NONE,False,False,0.0,10400000.0,1375244.743851572,0.0,NONE,True,False,0.0,8572212.091611046,0.0,0.0,NONE,False,False,0.0,1862000000.0,2eb79b11e98512fbb090c77188d477e6e39f82d310dd10841eaf95d12363ac8f
E2A_VACCINE_H0,LA-0886,886,dc352d6a5ba428a45d2b9dc47bc22c2273e69340ae726e6483d7d14ec3277db8,M2,A1_FINAL_NO_MEMORY_V1,certified,PASS,,,12412018a51c2d2be840be38ea19851aaccfccb859add848327fcd87c8a3f013,8f87373ee01a6a0ef2b2f0c36b77fc683e2c02ea5247065fc7d72d22b2fb8514,0.0,0.9,19137905.85543848,4.0,1.0,1.0,1.0,1.0,fcfa09c4290e991b5cac17331d563708ebb3473e1b4d80dc8af7ab12cd5c9c12,3,2,2,4a9378a27964f7af0a759e28d07b1d1c7d1250993908502e569188a15490f1b7,P4,1208039274.0091617,1208039274.0091617,0.0,1181483.0420123115,0.0,1181483.0420123115,h09,5,Katrina,1206857790.9671495,17956422.813426167,1188901368.1537232,1700380541.2307453,181576802.83364105,1.0,0.0,0.0,NONE,False,False,0.0,10400000.0,0.0,0.0,NONE,False,False,0.0,9557344.06438629,0.0,270955658.0597606,R0,False,True,181576802.83364105,1680423197.166359,5713b291e57a1401c869b1296fea4d9b6bbdbc4e4d3b95ca32f8b85fdda47740
E2A_VACCINE_H0,LA-0887,887,7e151843b8c9f3033c1c6a2e64fa930eb8fe75490a6f0d9495c2d7e3291fb7ed,M2,A1_FINAL_NO_MEMORY_V1,certified,PASS,,,8d4c0f0d8f7df9fbd1f1fa61444076c5c15061aac65e3f6d325a1933ebf1cc0c,56cd8e0cd9bce19d5f80c6580b77dafebec6db1e5989bbadef9adc3ee4c220ab,0.0,0.9,19137905.85543848,4.0,1.0,1.0,1.0,1.0,85b3d3fd043e2f52c4a9f9aa17a056146c3dcdfb69cd2610fe63eeecf2cc61e5,3,2,2,6f9dadb1a17f81989c65f097513cf0a2b30543b4860964fabc9717d3bd8c0842,P4,1219634309.4762516,1219634309.4762516,0.0,2379387.1100503225,0.0,2379387.1100503225,h09,5,Katrina,1217254922.3662012,16758518.745388154,1200496403.620813,1792785053.253499,89172290.81088735,1.0,0.0,13889843.844327807,R0,False,True,10400000.0,0.0,0.0,0.0,NONE,False,False,0.0,9557344.06438629,0.0,105205271.02146189,R0,False,True,78772290.81088735,1783227709.1891127,c0f54424b24362182b2e148dade622d172618379fe46589af76f78c958c30bad
E2A_VACCINE_H0,LA-0888,888,aa6b80d4302ddc17be78cb57963bd2b1af2c4e430118c80a4decd25094b4b5ff,M2,A1_FINAL_NO_MEMORY_V1,certified,PASS,,,f135b33bc868c01e9970cf4dd94f755d6959663f2e3556275faa7af0336174b3,900f1708a38602805b5d277f8f7ebce798214aa55ce4a7b0e1a3f48a6f9aa033,0.0,0.9,19137905.85543848,4.0,1.0,1.0,1.0,1.0,1f36ff133d2f04e0bcbc8ec7e1ac204cca132607b92a10d588d35bd8e5f5b67f,3,2,2,193f9e379cfa02e57eb29457839a3215ba0fbdcb7268eb4d76a69f744cc4c35b,P4,1224182024.4691343,1224182024.4691343,0.0,6362769.213978462,1593075.8699529727,7955845.083931435,h09,5,Katrina,1216226179.385203,11182060.771507043,1205044118.6136959,1743441655.34719,138515688.7171965,1.0,0.0,0.0,NONE,False,False,0.0,10400000.0,0.0,0.0,NONE,False,False,0.0,9557344.06438629,0.0,194094978.08298272,R1,False,True,138515688.7171965,1723484311.2828035,aa66c050dcdadf4d408b247a3cd8de53b6118a824aa38ed17283e9c2c1404bc3
E2A_VACCINE_H0,LA-0889,889,bd7281cc6145bfa727007cedacbce96bd33c37a958cb14e368c759fdbcda52b8,M2,A1_FINAL_NO_MEMORY_V1,certified,PASS,,,35fa808f5df00d821ab5740693ac889d1cae4e30073418459cd55ddde4b5b519,d8f495d14fc09c5685e2ea39d63e5c49176321a83bd30e1b10be5fd22f87b1e1,0.0,0.9,19137905.85543848,4.0,1.0,1.0,1.0,1.0,9835bdec440dff6cf79d380227e92bf9cdaac41f093370a0741e5642790d4d4e,3,2,2,910bdb9dde6fa9b0ee7b9ff53b665ebd8145d9aa00e7c0a1acb5f64c6e383b6d,P1,1233008745.0088894,1233008745.0088894,19137905.85543848,0.0,0.0,19137905.85543848,h09,5,Katrina,1213870839.153451,0.0,1213870839.153451,1881183054.741906,0.0,1.0,0.0,0.0,NONE,False,False,0.0,10400000.0,1375244.743851572,0.0,NONE,True,False,0.0,8783054.741905915,0.0,0.0,NONE,False,False,0.0,1862000000.0,117f1188c9adce8ef677c0e2c4d5a4ad8d7e91d72a7eb4edf94ba8fa1167a3ae
E2A_VACCINE_H0,LA-0890,890,a923dd4dcfc74d3d775512a114cd0c68d831ada21063a55b288a909c2c62b105,M2,A1_FINAL_NO_MEMORY_V1,certified,PASS,,,b7936030ef02e91d7de5aa7aa92d4b702a608f29cca8f26709cf5219964ca560,ae3d73a64f2f2ae2c0272d328721e5e67efe30d1c71c6686e7c1b146d69b9a74,0.0,0.9,19137905.85543848,4.0,1.0,1.0,1.0,1.0,7c0953548f5d8e54762ac93893087c15a48236dbb551e52f11835de6b79a5030,3,2,2,49cc4b2f5b511c08dd8343ef0547445a3d1f522bda717315baf8d54921a55a78,P1,1236056213.1580591,1236056213.1580591,19137905.85543843,0.0,0.0,19137905.85543843,h09,5,Katrina,1216918307.3026206,0.0,1216918307.3026206,1881237802.301355,0.0,0.9999999999999974,0.0,0.0,NONE,False,False,0.0,10400000.0,1375244.7438515685,0.0,NONE,True,False,0.0,8837802.301354928,0.0,0.0,NONE,False,False,0.0,1862000000.0,127dadfe09bae50cc7988c008c5231deaabf227c759592cb1528ed565cf9a7a8
E2A_VACCINE_H0,LA-0891,891,660a5251c6014b24da74ac86cceb95f9b95846079884ce51e564f76aa0a4bfc5,M2,A1_FINAL_NO_MEMORY_V1,certified,PASS,,,bc864ccb63541714aab7564a22e39603aa80b9a7ae52a0910fb412e7a43e521a,a7f1d21dbff6d3c4842eac1f35b342eac79661c56fb0174f50e0240fee6de4de,0.0,0.9,19137905.85543848,4.0,1.0,1.0,1.0,1.0,ae8613c0b61e8a8a64cbf956ca7048689309db1621551eb62fe5c8a9251a3674,3,2,2,91a23d0e25d9004c4642edae2b83a9ef3ba9360b4befd1204deba7014fdd0dab,P4,1195124114.7865589,1195124114.7865589,0.0,7116113.160816626,0.0,7116113.160816626,h09,5,Katrina,1188008001.6257422,12021792.694621854,1175986208.9311204,1727403612.0197906,154553732.04459584,1.0,0.0,13544225.979285296,R0,False,True,10400000.0,0.0,0.0,0.0,NONE,False,False,0.0,9557344.06438629,0.0,187735646.40089867,R0,False,True,144153732.04459584,1717846267.9554043,6836a57e7fa1dc1a7a53e91fbc8611354b3026f2a3b31635cc4747a202c00456
E2A_VACCINE_H0,LA-0892,892,e130e348f913593e404e5b0d8249082940400a1954bdd8a597f872bdf8696f44,M2,A1_FINAL_NO_MEMORY_V1,certified,PASS,,,7ee8c85279f5450f2ca93353623575a56a6a9d5198b7ef69d77b197665eebedf,f68aecbea48d33fcb635f2049b532d5ad0d98ba24d9c38f66520679b42d7ca6a,0.0,0.9,19137905.85543848,4.0,1.0,1.0,1.0,1.0,616783e817a3d916d9ddd5ef12d0649e240acb99231b3a4a740f84d62609ff99,3,2,2,dc3b1e4be15fa74b37751e54f31900ee209797f4a15c479caea613ccb0653b0d,P4,1237386832.326878,1237386832.326878,0.0,5576843.715776079,0.0,5576843.715776079,h09,5,Katrina,1231809988.611102,13561062.139662398,1218248926.4714396,1840140267.8571765,41817076.20720984,1.0,0.0,14652549.977317285,R0,False,True,10400000.0,0.0,0.0,0.0,NONE,False,False,0.0,9557344.06438629,0.0,44263488.39108922,R0,False,True,31417076.207209837,1830582923.7927902,4fcd55fb047556d104573c948f7c8b6a8223827af3e81ca72490bc80658d4161
E2A_VACCINE_H0,LA-0893,893,ad9c6a813bfa72fbc5e8cb59a653f02e2b9f4fbe7e5d99a8f53e57ff8c95da22,M2,A1_FINAL_NO_MEMORY_V1,certified,PASS,,,e2ba591db2500f04ec26b5e74e290520e5960fb1b54568dd5bf56b0c0510c754,6fe7c16750fec90e8a52b4d76a6ea8dbce1cd85aaf697246a2afaf1e07855296,0.0,0.9,19137905.85543848,4.0,1.0,1.0,1.0,1.0,5634ad366c8cb291dae77b1886060d99855274b31b8a4ab19f02dfff2351e015,3,2,2,692de485a707f5eb0c770a177fd167ff5cc694061d3349f98f4fda76c424bc28,P1,1224629024.4283695,1224629024.4283695,19137905.85543848,0.0,0.0,19137905.85543848,h09,5,Katrina,1205491118.572931,0.0,1205491118.572931,1881032513.6277115,0.0,1.0,0.0,0.0,NONE,False,False,0.0,10400000.0,1375244.743851572,0.0,NONE,True,False,0.0,8632513.627711466,0.0,0.0,NONE,False,False,0.0,1862000000.0,257b8868f4c08d4204bf9e29f7cd0878158a8b04690e3922e3176f7ce38a0a55
E2A_VACCINE_H0,LA-0894,894,7e662c6869de7f543eda3ec2be61465f3195b8e5fe96e3877496861913647fee,M2,A1_FINAL_NO_MEMORY_V1,certified,PASS,,,e32eb2a8300c81e599dadf75aa8251549cb2998a210bcb8ea0da5dfd7dd43c04,9c43e6071087ec14ca8f0e24544a9b99a90e1f3d1eec91017ccd27ce7ef50b67,0.0,0.9,19137905.85543848,4.0,1.0,1.0,1.0,1.0,3bcd84be62fe25f089d95e2c55424f66e36a4a7774bdba99cb60edeb13694b8c,3,2,2,1d93f96d6d561f4c9041632cfe37fad41d9f7f9afb2efea55a1f5bf8ef31f02b,P1,1223342271.8647263,1223342271.8647263,19137905.85543848,0.0,0.0,19137905.85543848,h09,5,Katrina,1204204366.0092878,0.0,1204204366.0092878,1880475461.5911412,0.0,1.0,812426.402163483,0.0,NONE,True,False,0.0,9840000.0,1337431.537421471,0.0,NONE,True,False,0.0,8635461.59114127,0.0,0.0,NONE,False,False,0.0,1862000000.0,5160a44fe82a4ad50ab082e905833695b76deaefe1c746ef9b9de5d44dd9d95c
E2A_VACCINE_H0,LA-0895,895,8e0dcb221855d3c86af66e9a1ad4f7d36f9b3f7df7dbd24cf22a5d1289681ce8,M2,A1_FINAL_NO_MEMORY_V1,certified,PASS,,,4f5269bafc35fa50474365e3253a028d13c0aae154965f9087aff1f37e0c7833,3a0738dc147fc44fa8290f831c6dedc9fe43f1b5ed0334bca3ab67a9fc01d040,0.0,0.9,19137905.85543848,4.0,1.0,1.0,1.0,1.0,f6caf30eaaf26dec6a0b9813a668937943793bd6e4034712fb876864ad738bed,3,2,2,4c387c8c38d6601f3b9f77f070fea43052d36f6db2b976f5bcda0ba8e44709a2,P4,1180051431.2246797,1180051431.2246797,0.0,2799249.7300797515,0.0,2799249.7300797515,h09,5,Katrina,1177252181.4946,16338656.125358727,1160913525.3692412,1870315733.0657022,11641610.998684198,1.0,0.0,13076408.130218718,R0,False,True,10400000.0,0.0,0.0,1561135.7844002906,R0,False,True,1241610.9986841974,8315733.065702092,0.0,0.0,NONE,False,False,0.0,1862000000.0,cf71b7b2a8b39bf7d375e2839df4d3b7ccf94e8f741e23266c9c07c705955a54
E2A_VACCINE_H0,LA-0896,896,24ae43a438e5db5f118a72ad93a0741789c35c3f4596402d10f4acd0d8696ba8,M2,A1_FINAL_NO_MEMORY_V1,certified,PASS,,,2c09446f1046136f4a94c551bb060e5c8a521fa3d7df7299768ddabfbf9399d2,fde8286fa85bb44bfd00efbbc6ad27f5b4055aecffc6698752bf792df8478aee,0.0,0.9,19137905.85543848,4.0,1.0,1.0,1.0,1.0,646c8a928da1ba7c8f8b62461e0f0354173be876be75c0c366c53a73bf4353b3,6,2,2,a1add87c27b7f74bab38051aae0e7cb05f88ec0d87fd79215a21e9b061c9b731,P1,1230314223.8282695,1230314223.8282695,19137905.85543848,0.0,0.0,19137905.85543848,h09,5,Katrina,1211176317.972831,0.0,1211176317.972831,1881134647.850906,0.0,1.0,0.0,0.0,NONE,False,False,0.0,10400000.0,1375244.743851572,0.0,NONE,True,False,0.0,8734647.850905988,0.0,0.0,NONE,False,False,0.0,1862000000.0,232fd68560ce85644d805edc055c842d8c6713ac18e1ea3bb74fd14ed7bb48d6
E2A_VACCINE_H0,LA-0897,897,3754f684dd6354b014e5ec35bbc6ddec8e1f620aa6a46ecf9acb67d06e5f6a06,M2,A1_FINAL_NO_MEMORY_V1,certified,PASS,,,1464cb1ba7b04cbf6681c39646d5000a426c29cce466aa179085475381b6c389,a44dabe8bf1b3adb61a7f4664f2a185ba19d14159a8b318b4aaca09433e269bf,0.0,0.9,19137905.85543848,4.0,1.0,1.0,1.0,1.0,f96810922da698fb32bd3da69e66d02a4dc6d41644cec09b680268066c62fd2c,6,2,2,83f61aa51730cba49f7d8561dbc99e9802018e58769cc866ccb51f6702dc8406,P1,1221180452.2660127,1221180452.2660127,19137905.85543848,0.0,0.0,19137905.85543848,h09,5,Katrina,1202042546.4105742,0.0,1202042546.4105742,1880970560.2617593,0.0,1.0,0.0,0.0,NONE,False,False,0.0,10400000.0,1375244.743851572,0.0,NONE,True,False,0.0,8570560.26175938,0.0,0.0,NONE,False,False,0.0,1862000000.0,70b3b0748306a002770b837b1bb80c98de1aa1387eaa8f15976367797ebe9146
E2A_VACCINE_H0,LA-0898,898,7a84304475fd6ea505e639b6bdf4081edf6be03001c088e4d4de1fee14231a1a,M2,A1_FINAL_NO_MEMORY_V1,certified,PASS,,,4c8a8d8bb4252e9ab0e8c104a6cad068bdef0bf80b02921093ef77ebcfe5ba23,ce98d9afae69c1130268b62987ef2d3ffbcb4b5d63bc2e4d12b9a323322ecc54,0.0,0.9,19137905.85543848,4.0,1.0,1.0,1.0,1.0,eea2ce34d3064fa30cd3025f99c6ef820571799ad7b1a2eea3133c985fec53bc,3,2,2,9d13b0da167792b9914f171001751a6264f8d7bcebeb6e9141953042e766a36f,P4,1202651283.1588168,1202651283.1588168,0.0,9708097.850458102,0.0,9708097.850458102,h09,5,Katrina,1192943185.3083587,9429808.004980374,1183513377.3033783,1686007966.4058821,195949377.65850422,1.0,0.0,0.0,NONE,False,False,0.0,10400000.0,0.0,0.0,NONE,False,False,0.0,9557344.06438629,0.0,300385026.7788202,R0,False,True,195949377.65850422,1666050622.3414958,c1306d28c17057315d329be776303231c77016d139b3559df9594b8abf5cdc2d
E2A_VACCINE_H0,LA-0899,899,492485d80a5f2cab2e075599e542bb8df6b5f3f50b4ea87e558e3fb0c21f43b1,M2,A1_FINAL_NO_MEMORY_V1,certified,PASS,,,2ff2c87db50eb69e8addbb559aac2898299451a9e199adcae5ebf3ecfe6778da,fc8ddfc7d31f821a94f0de9467983adf1a3924850a771c141ee7da805c876c87,0.0,0.9,19137905.85543848,4.0,1.0,1.0,1.0,1.0,3dce382f0363bc5755a743a89992e888d37a846eaae7a6c3786911b5a473cbf6,3,2,2,99b6515d907a6e24b733f9fcaddc852352304b9f96870568bf4841b364e76922,P4,1186195186.671349,1186195186.671349,0.0,2427967.1659723623,0.0,2427967.1659723623,h09,5,Katrina,1183767219.5053766,16709938.689466115,1167057280.8159106,1703585515.254933,178371828.80945322,1.0,0.0,17780031.11546363,R0,False,True,10400000.0,0.0,0.0,0.0,NONE,False,False,0.0,9557344.06438629,0.0,287167725.2647508,R0,False,True,167971828.80945322,1694028171.1905468,ea1b6548fdc4bc0432c13bd84d7dfb83f8055b04ac6728a200c24089b0312d6f
E2A_VACCINE_H0,LA-0900,900,e3d6e4fcfbfc4aa98bba15238b21324a67341ef1014882fd28236c53c36dce82,M2,A1_FINAL_NO_MEMORY_V1,certified,PASS,,,6171a074c30e8179093cd3e49b5cecd80f2d7ae23291b97a1ca239fa7c027481,01d44610b01f724296a1a3721aee162e45860eb8a74793e859322b1efe7f14cd,0.0,0.9,19137905.85543848,4.0,1.0,1.0,1.0,1.0,20f6aa1266a3a415ee96af59ddb8a861b9cdc61b62f8d63a5eb71c9bbd4c5621,3,2,2,054eeadb6f1b1752875fccd920375d7f5d7e8489929ea884225056f5d4fc362c,P1,1234645153.4121537,1234645153.4121537,19137905.85543848,0.0,0.0,19137905.85543848,h09,5,Katrina,1215507247.5567153,0.0,1215507247.5567153,1871296505.5970953,0.0,1.0,19200847.505949996,0.0,NONE,True,False,0.0,0.0,481569.19559030345,0.0,NONE,True,False,0.0,9296505.597095344,0.0,0.0,NONE,False,False,0.0,1862000000.0,67a906b6655606ff84a3954fcefef7adb406c9d208f877f9d2523b4ea75bfe24
E2A_VACCINE_H0,LA-0901,901,da674f2c5a79253899bbee3177fb488d4c8494e5ae10dc09a0c2bad34f3efdde,M2,A1_FINAL_NO_MEMORY_V1,certified,PASS,,,dd9b2dbc4bec762c51f40dc7179b11129284e0d3238252705c309e21e095f1b2,439fc0594eff3041c48f70ccf98f56da86e659f1543f3de4bd91576a8a06bce7,0.0,0.9,19137905.85543848,4.0,1.0,1.0,1.0,1.0,fc29e3c2d563353b8fac8e2ba937e5993fb7316fb28879878df6a3a0180bb26c,3,2,2,d57fd4ce8ce6d80c7484d54e1310f3b3bc834240c03c5dd8c0f3a0ccce7ae908,P4,1228397068.9158897,1228397068.9158897,0.0,3485428.661005347,0.0,3485428.661005347,h09,5,Katrina,1224911640.2548845,15652477.19443313,1209259163.0604513,1816159891.7075064,65797452.35687984,1.0,0.0,13773493.258498393,R0,False,True,10400000.0,0.0,0.0,0.0,NONE,False,False,0.0,9557344.06438629,0.0,73366965.05533369,R0,False,True,55397452.35687984,1806602547.64312,59766488f44fa89cd8119daccb5ac80687a2426b96a20050a1fa0eff89da0aa3
E2A_VACCINE_H0,LA-0902,902,7aa96a0ad44a8a022edfe11070387aba04e2e307031494d3782f95f5c32b8d2f,M2,A1_FINAL_NO_MEMORY_V1,certified,PASS,,,0c9fca3b291be493aa89c2fb9365e17cd120ce3ea7f219b0e140f19fa398d58d,c0fd027d5cb03e039fe6810a2fa2f0b1faef14528760f502641c91e8a8dc9ae4,0.0,0.9,19137905.85543848,4.0,1.0,1.0,1.0,1.0,2958fdd574b0debfaf6af86429824a7f5a68e3c19c75a61a80a7c4a6a855ad3e,3,2,2,f61ec5e8becf8a9398d388142b7fb499e3fed3f7c7d10f550ef8d7bcef339bde,P4,1199147983.3026912,1199147983.3026912,0.0,6575671.281996491,0.0,6575671.281996491,h09,5,Katrina,1192572312.0206947,12562234.573441986,1180010077.4472528,1676662843.0167289,205294501.04765752,1.0,0.0,0.0,NONE,False,False,0.0,10400000.0,0.0,0.0,NONE,False,False,0.0,9557344.06438629,0.0,466307544.3917346,R0,False,True,205294501.04765752,1656705498.9523425,169a5875e0b5e79bce7d22945586282e4edca83c7bafe26ce8dc8e46868f0533
E2A_VACCINE_H0,LA-0903,903,8d8c65282fcfa21f6ab81e339a81dbe1f53feabb4e1d999d367387d27ef67489,M2,A1_FINAL_NO_MEMORY_V1,certified,PASS,,,fc972d2d68bc70184e0ba5d4dc1f21285b5e1ae4357fa985a4b25e48dfca69c4,ab3bafaaa1feb382c64c6eb5644c0f58bf5ca906b5a0e05220cbae2d81f07d63,0.0,0.9,19137905.85543848,4.0,1.0,1.0,1.0,1.0,a7f38bb725bc934b488e21d9e6b91d95921199ce76cf102a5831cd2ed25d2d15,3,2,2,e0ed044d93a822577a75597f87203121ce10377c224a69a4aa4f7114e655b631,P4,1235122476.7666457,1235122476.7666457,0.0,3275759.30633123,1983757.1921548182,5259516.498486048,h09,5,Katrina,1229862960.2681596,13878389.356952429,1215984570.9112072,1834100053.4946275,47857290.569758944,1.0,0.0,11050017.40816722,R2,False,True,10400000.0,0.0,0.0,0.0,NONE,False,False,0.0,9557344.06438629,0.0,39798433.928712904,R2,False,True,37457290.569758944,1824542709.430241,a8156e39250cdbcf07122edf51a822500cf8fb91efa834dda0555c48061c45a1
E2A_VACCINE_H0,LA-0904,904,9b89d7ba88535ab02814fa313f1c5ebb571967f208e00c5463ecc771fe647f16,M2,A1_FINAL_NO_MEMORY_V1,certified,PASS,,,f451babbef7ea0599b6c122272fb9577c6c9715e2e9d53c3d4033140189e32d8,7945b859b4668614509cafd5e9b8a7fe6021110ed9329bef94f6d8c2e506e09a,0.0,0.9,19137905.85543848,4.0,1.0,1.0,1.0,1.0,08470c9688d5d3b037e772323f1eaa83577a6acca3803ee76bdddfc37c2dce5b,3,2,2,d7f3b0126f4300adaa7ea114932e21523f6a6540e820b43dfbb875486375955b,P4,1226056534.1067307,1226056534.1067307,0.0,3459513.831991691,0.0,3459513.831991691,h09,5,Katrina,1222597020.274739,15678392.023446785,1206918628.2512922,1809916467.654052,72040876.4103344,1.0,0.0,12657398.907477006,R0,False,True,10400000.0,0.0,0.0,0.0,NONE,False,False,0.0,9557344.06438629,0.0,75020496.32039344,R0,False,True,61640876.41033439,1800359123.5896657,4c9a204753705d4a0ed6385e68c17bb6a111ae7e6e76183f5e9b83720552652b
E2A_VACCINE_H0,LA-0905,905,0566989455b3cd4b1c72bcca08138b541c4894f343cabf6891ca282cfcbde522,M2,A1_FINAL_NO_MEMORY_V1,certified,PASS,,,2579254d4acbff28f3cca1bd39a6813700dbe3335b209e179506c64889dfd7fc,60d2de1a3ed05be54885015b335033cc06068e6e0e67b2521ed35672c7d160ad,0.0,0.9,19137905.85543848,4.0,1.0,1.0,1.0,1.0,6416b2278497049c0bc614402bd4adeba5a32267f3c311bec06ab25d9b71b7a8,3,2,2,489804475d9d88aea6b449cf8c6f9dfac39f680b69331aca1db7beb8cbcdf27a,P4,1220306356.9214666,1220306356.9214666,0.0,7013158.973481087,0.0,7013158.973481087,h09,5,Katrina,1213293197.9479854,12124746.88195739,1201168451.066028,1733103233.591781,148854110.4726054,1.0,0.0,0.0,NONE,False,False,0.0,10400000.0,0.0,0.0,NONE,False,False,0.0,9557344.06438629,0.0,222109267.89840332,R0,False,True,148854110.4726054,1713145889.5273945,81bbeed66c1c61655d4a9a576316e7727786175cf0fca937789b5351711519f0
E2A_VACCINE_H0,LA-0906,906,7e89524fd5211364f19e986aa9f2ad7af33ae72a5416dee2ab9e98f2cba493dc,M2,A1_FINAL_NO_MEMORY_V1,certified,PASS,,,6b4887d7d24bf1d63fd037b7c95a34b5fd1fea3f83581838ff492c504b13cde1,2194f67ad91a67b6a624f4eb0e4b6c5c0148d8c2722933c212f62c917786bce0,0.0,0.9,19137905.85543848,4.0,1.0,1.0,1.0,1.0,cb4b92a75baf60e16bdff2f6c77b759229b287be385e1768d4d115b9a157b2c3,6,2,2,8a4f744f402043c8eed4c8bc6269a5a0410fe6fcedbcec987283d6444a3fb86e,P1,1230962951.404513,1230962951.404513,19137905.85543848,0.0,0.0,19137905.85543848,h09,5,Katrina,1211825045.5490744,0.0,1211825045.5490744,1874680334.56402,0.0,1.0,11499246.519971354,0.0,NONE,True,False,0.0,3618392.288811138,840029.0230276682,0.0,NONE,True,False,0.0,9061942.275208795,0.0,0.0,NONE,False,False,0.0,1862000000.0,4320f4ded0c7ee1c9546b3bc70af9990e711dbeb58d3f341fa7d0833effe823c
E2A_VACCINE_H0,LA-0907,907,ab0b01036759ea293f6a11b4147bce84c737a610de4cedc849a92596ed3c51a2,M2,A1_FINAL_NO_MEMORY_V1,certified,PASS,,,8c86c8c9953e5f70264b07d92f51ab2646d80d05bac966028f2e77ccd90f8e49,38efb9fc27394610f419cd0640291b0adae6d8d124aba455385e22c39adf82ec,0.0,0.9,19137905.85543848,4.0,1.0,1.0,1.0,1.0,542fbd17517cad69bfa1a51bbf3c7ad0ef041a7743aa8cb7fffede658b67977e,3,2,2,9edd0eaf144b2938d49d5ef9288a6c89145604cec86c66fa3f840af7221e79c3,P4,1233389844.7148135,1233389844.7148135,0.0,5362147.257305523,0.0,5362147.257305523,h09,5,Katrina,1228027697.4575078,13775758.598132953,1214251938.859375,1880876655.6847563,1080688.3796301167,1.0,0.0,423458.97473498335,R0,False,True,328536.7534482088,10071463.246551791,0.0,969466.4390675274,R0,False,True,752151.626181908,8805192.438204382,0.0,0.0,NONE,False,False,0.0,1862000000.0,966072249affcf28313242e63529d2eb7510401f210453ba5a0941075259ddbe
E2A_VACCINE_H0,LA-0908,908,148ec6373d797adce1934dbb95070b06a87ee8ebecf520a3c915c70c6bfdcc99,M2,A1_FINAL_NO_MEMORY_V1,certified,PASS,,,d52827782234889df689fa2c87e3520b74897013de07b80ae52eee6c4eca9936,956f3633b00e484d4d89619a358bcccc0c783f1d72b908c8a9aac4c66968abc4,0.0,0.9,19137905.85543848,4.0,1.0,1.0,1.0,1.0,91e2fcbbdf8f0706ca70614f86cbc8dbd662abe9438a1259b79ae8fbaf619186,3,2,2,ffe6996fcdfce10f8ba1cafeae11121b1f9129e3607252db0afbe3256dd51adc,P4,1201960846.762148,1201960846.762148,0.0,4941930.876320496,0.0,4941930.876320496,h09,5,Katrina,1197018915.8858273,14195974.979117982,1182822940.9067094,1745640733.166795,136316610.89759132,1.0,0.0,16187110.014876911,R0,False,True,10400000.0,0.0,0.0,0.0,NONE,False,False,0.0,9557344.06438629,0.0,195983272.4326692,R0,False,True,125916610.89759132,1736083389.1024086,23b350ec76bbc4883a4c3faad61e15f6ce3a94e087d2f855f7aeada51e327915
E2A_VACCINE_H0,LA-0909,909,943af5b4927aacb94d1b9f8cc261cabeb24b0e3858149fb64d0248aebec1ca32,M2,A1_FINAL_NO_MEMORY_V1,certified,PASS,,,3b227629e20f7aa24c8903f3fd8019c4176e4c27e4aeb539ad53b116a7ae34c7,ff162f2d11f29733e2e3837a44c62119d0698842d2d4635fe8b55197f40e1ea7,0.0,0.9,19137905.85543848,4.0,1.0,1.0,1.0,1.0,c4022e8ff87bac584bb6257eaa2434568cd5b7c611af161a66a027e9e5f44e8b,3,2,2,63dc5a8525d500af3c9720516b9121a54badb589da4531771a995b7cd7b5bd23,P4,1235815012.6274734,1235815012.6274734,0.0,5413145.106936408,2061750.8158140318,7474895.9227504395,h09,5,Katrina,1228340116.704723,11663009.932688039,1216677106.772035,1835947406.9432714,46009937.121114984,1.0,0.0,15393479.376301436,R1,False,True,10400000.0,0.0,0.0,0.0,NONE,False,False,0.0,9557344.06438629,0.0,52707772.371661,R1,False,True,35609937.121114984,1826390062.878885,363b4c20746c0a59f72f76083b5cc3567d92fa99d519b746d4091d13f58d7b8a
E2A_VACCINE_H0,LA-0910,910,d2bb792cdf2fdfec29cbe0116d88f9888be70591a283e8ee270a8a3792f47299,M2,A1_FINAL_NO_MEMORY_V1,certified,PASS,,,96296d6c2ceeb4c8a3c3ed25f423b15cfd657a60b72f56246d7880cc69ba1978,7c4ee51cfed5adf78b5bf3dbdcfb50643ce0595a9579cd47a8363548f6499a11,0.0,0.9,19137905.85543848,4.0,1.0,1.0,1.0,1.0,4d872f349f9ccd37039904ab785115513314f9b0629b9e32db2fd9e3a1119c16,3,2,2,c9036db9079c887d185d86e18a04c91ed28ba68a082cdeabdcc8189c0532400f,P4,1208709081.4587286,1208709081.4587286,0.0,5299279.466801177,0.0,5299279.466801177,h09,5,Katrina,1203409801.9919274,13838626.3886373,1189571175.60329,1702167266.1815748,179790077.88281164,1.0,0.0,0.0,NONE,False,False,0.0,10400000.0,0.0,0.0,NONE,False,False,0.0,9557344.06438629,0.0,321717695.0256252,R0,False,True,179790077.88281164,1682209922.1171885,cf0c03cf603c660966c835486d0829ecf6c0f02d10700e12f4326916151a494f
E2A_VACCINE_H0,LA-0911,911,1fab38f857865f857de302b4f6ff2ab2455b67b4c9460828748396f36d346d99,M2,A1_FINAL_NO_MEMORY_V1,certified,PASS,,,919d3848b8deede4f50724649a7c727c5defbcad6d4c1d410fd3bf9fa2277259,0bf9de6c570c8f772d35db250b0ebcd30773559c6adebf20f09be4f230868341,0.0,0.9,19137905.85543848,4.0,1.0,1.0,1.0,1.0,24062da593dbf38f9e0d2950273994d030463f15c8660c28c4f65c2e68ce48ad,3,2,2,e3659309ff930d008586e31c7696ae5ad18d7b74b9373c4975788ccf7e8778e2,P1,1219019576.0985448,1219019576.0985448,19137905.85543848,0.0,0.0,19137905.85543848,h09,5,Katrina,1199881670.2431064,0.0,1199881670.2431064,1871015793.156135,0.0,1.0,13945487.894761518,0.0,NONE,True,False,0.0,0.0,726172.2726359186,0.0,NONE,True,False,0.0,9015793.156135136,0.0,0.0,NONE,False,False,0.0,1862000000.0,c1a8230ab4c19723c89833debaca8dd3292b7c8894655991dc7d90458f78e381
E2A_VACCINE_H0,LA-0912,912,6f0922c36446024ce6f1ea90ad99ff8c0f3a14d53346d2de9f21f2cefa469d44,M2,A1_FINAL_NO_MEMORY_V1,certified,PASS,,,03c1040d04757e2726aef06504e3d1b87a93e16acf5ce66f646107886ee4ad80,ed8e3406727dfafe99cf0665ecd5c76169508c0d7b71751297e4acfbaa48cb7e,0.0,0.9,19137905.85543848,4.0,1.0,1.0,1.0,1.0,21b8a035d24f8a04b18925e55a1278a54d09e571b7f185b6a133eef48076eab4,3,2,2,e3f6b33dcab7d1f7371a1d59415b56fd09893b287a18c4c85796fe55774fb769,P4,1202474425.349511,1202474425.349511,0.0,5226680.667358873,0.0,5226680.667358873,h09,5,Katrina,1197247744.682152,13911225.188079603,1183336519.4940724,1870718560.640523,11238783.423863284,1.0,0.0,12380152.523515355,R0,False,True,10400000.0,0.0,0.0,998487.1847715285,R0,False,True,838783.4238632849,8718560.640523005,0.0,0.0,NONE,False,False,0.0,1862000000.0,fe5d902663795caf3e4906dae774970b0ff0b2d532c89254e23177607a372df9
E2A_VACCINE_H0,LA-0913,913,132e1c63be0d88f31cc023ff2ef6d20b57c18f5962a09b812b00fc5c77926117,M2,A1_FINAL_NO_MEMORY_V1,certified,PASS,,,b5f0d8a5288e9dc02e40a964939464ef435b6de2f4a10a1d3c2ab5598d03118c,e78111eaf44dd1f6b93704aa8ea957d43f43e08325f0ba9312385059ee6bdacc,0.0,0.9,19137905.85543848,4.0,1.0,1.0,1.0,1.0,8264db0f989658d3da1c0ee0c5995fa64f3b57b92f4d3b6b8f57ff2221bd9f32,7,2,2,c09873d81ffa01efaf2cafa5113bcaa2b0bdbc0ac702593bae6694009c12f890,P1,1219957992.4888182,1219957992.4888182,19137905.85543844,0.0,0.0,19137905.85543844,h09,5,Katrina,1200820086.6333797,0.0,1200820086.6333797,1871032651.7431982,0.0,0.999999999999998,14178550.931384305,0.0,NONE,True,False,0.0,0.0,715324.6922377715,0.0,NONE,True,False,0.0,9032651.743198112,0.0,0.0,NONE,False,False,0.0,1862000000.0,31e61ad947b33d31d3415f8bc0a46375561887648242e7fdf65bf403c4ec4a2f
E2A_VACCINE_H0,LA-0914,914,ee8287c989d9f42998cac1b0ade9bc594e098eb99d83ed33e878189f5cc95b45,M2,A1_FINAL_NO_MEMORY_V1,certified,PASS,,,a3f1e53bf6be3e26662e4a8d52aff9be6762814aa30b3a0c76bda429cd6a8c76,663f493f16f0700e13d30c199b9ffec8598ea4a3081af7144c9ab504b83bf900,0.0,0.9,19137905.85543848,4.0,1.0,1.0,1.0,1.0,99110f4ee7edddd433c83c65da2e7d0633f6371c9d6bfe85dfbe2a6f3ce59433,3,2,2,b90f71ed954b7c9f26a910a236f8ea320b9ef4f5c18e63ddc63509da150ac6e7,P4,1212254701.0327225,1212254701.0327225,0.0,6883986.217102073,0.0,6883986.217102073,h09,5,Katrina,1205370714.8156204,12253919.638336405,1193116795.177284,1880810209.7437713,1147134.3206150215,1.0,0.0,0.0,NONE,False,False,0.0,10400000.0,0.0,2298064.8379316716,R0,False,True,1147134.3206150215,8410209.743771268,0.0,0.0,NONE,False,False,0.0,1862000000.0,6ca8f1e446d25126e60fd863b3330257007cac9d7fa1ca009c86f2e69e6a6b2f
E2A_VACCINE_H0,LA-0915,915,e58672579ae09ec124663f1099e1b7314845f690492baa0ca85c6f14acb8d502,M2,A1_FINAL_NO_MEMORY_V1,certified,PASS,,,449b9325cec0a84357b81902416421641fd1c268815913ba3d5d567793aa4487,1d4dd5dac633864084ef089cf68f84e71993ba6710a9f87bbb9fb4b39b592a2c,0.0,0.9,19137905.85543848,4.0,1.0,1.0,1.0,1.0,e809638f5814ae55d79a33a42c80d9c7a169f16f2bc8ca288b74e4c3defa1249,3,2,2,443bf89343a8c26350ecc697eabef35c830d1b49346ff24c97bf5dc85d0120ea,P4,1220325174.7946546,1220325174.7946546,0.0,7955693.725271636,0.0,7955693.725271636,h09,5,Katrina,1212369481.069383,11182212.130166842,1201187268.9392161,1733153430.6500077,148803913.41437867,1.0,0.0,0.0,NONE,False,False,0.0,10400000.0,0.0,0.0,NONE,False,False,0.0,9557344.06438629,0.0,226914813.19515702,R0,False,True,148803913.41437867,1713196086.5856214,a28b50245526026004c26187dee8f8ddb9249c5cb0c79fe820dcb7ef8d7226c6
E2A_VACCINE_H0,LA-0916,916,c6e6f7a688502f97b5baa067225c49777373c2dc1378cdb460f5d4a4d5f08b90,M2,A1_FINAL_NO_MEMORY_V1,certified,PASS,,,ee1ffd93c6edf91aef898f5b320c020aafc4be2595a9b4017e4fee3755a688eb,07f6f7a0117d15a66cfab1eae077f3897d563e3b684d63dc44a605b3f819ba8f,0.0,0.9,19137905.85543848,4.0,1.0,1.0,1.0,1.0,0e38f21a3f1e44eb6dc60e1f7223bbf6417867925ef194f43f31d098f77751ca,3,2,2,486ddb3757bc6cda9f2ecc68d795089f87b97d39f0fe6dfe882a8f52490d85ea,P4,1220083827.659578,1220083827.659578,0.0,4506302.3251594,0.0,4506302.3251594,h09,5,Katrina,1215577525.3344188,14631603.530279078,1200945921.8041396,1793984152.1206741,87973191.94371219,1.0,0.0,16936722.209551238,R0,False,True,10400000.0,0.0,0.0,0.0,NONE,False,False,0.0,9557344.06438629,0.0,126330346.4287357,R0,False,True,77573191.94371219,1784426808.0562878,74f287d841c49cd63f87fd27de09ae5e6a21ab513619e0d0778c9a096f7c37f6
E2A_VACCINE_H0,LA-0917,917,53b2f126dadb2bfdb0db5f2365c08e9d960d901a7515d6cd3bfe3def58112185,M2,A1_FINAL_NO_MEMORY_V1,certified,PASS,,,a1197d7468fd034d8b4152f0234966e1267e9ce57efdfd81819e9be8708bb694,1d4250f66a7d0368c1f536bb93430ae8c39074def63b01db8834f226c3790a90,0.0,0.9,19137905.85543848,4.0,1.0,1.0,1.0,1.0,2f18fcfd1ee64fff27503656d1427d2efc7dbb3bd891a18a260915af8381850e,3,2,2,54852427c38ecfca6f14805e66f7f058bf7099abbef3d7618521819754435894,P1,1221880613.7014701,1221880613.7014701,19137905.85543844,0.0,0.0,19137905.85543844,h09,5,Katrina,1202742707.8460317,0.0,1202742707.8460317,1871067191.503414,0.0,0.999999999999998,14681241.354140017,0.0,NONE,True,False,0.0,0.0,691927.6969216694,0.0,NONE,True,False,0.0,9067191.503413908,0.0,0.0,NONE,False,False,0.0,1862000000.0,f1c831d03de0c11d1783400e3e7eeb1cf84fd2095c733fb3fa0013903eb6e833
E2A_VACCINE_H0,LA-0918,918,f915c002b7595d6919c35ef0a1d53f7e1c94a4e7b910d1ce409454de4500b1f5,M2,A1_FINAL_NO_MEMORY_V1,certified,PASS,,,db0f280e4a0b7550d2071bfc5fd47edbf842238d29bd9acaa9d3a08a74239b5a,94dfe22ea4179a5532e4fa3ffb3576ea216a1982aab4bc8576054ac3eb2e4c1f,0.0,0.9,19137905.85543848,4.0,1.0,1.0,1.0,1.0,9f3a61a8f18bec16fc9ae54ae99341d73ab4d862ec5df1489e89ff8d4523939a,3,2,2,0e1d52f1c4fcc5474b848890bfdd2b25493ccd6d0e782b2b2b3c9547047fc67f,P4,1173825070.1006494,1173825070.1006494,0.0,4904706.463730552,0.0,4904706.463730552,h09,5,Katrina,1168920363.6369188,14233199.391707923,1154687164.245211,1609113458.6749616,272843885.3894249,0.9999999999999998,0.0,0.0,NONE,False,False,0.0,10400000.0,0.0,0.0,NONE,False,False,0.0,9557344.06438629,0.0,766236877.852381,R0,False,True,272843885.3894249,1589156114.6105752,18e06c439b8049ea54a9cd497dc56edf6d5d6ecb672e8410f20475809b4213fe
E2A_VACCINE_H0,LA-0919,919,8ae12f4ee6def6d39debe252f82181a0157c9834405d32dce6602884baf15309,M2,A1_FINAL_NO_MEMORY_V1,oracle_failure,FAIL,oracle_failure,Full exact certification was incomplete,55e9078424c82fdc0719385c6dd47fc4063df880e0ed80e5df4b30613fcc2930,576e362667ec57f60156a144fe7913adc7e09ee9578c1e6512cbc27bc59b6d02,0.0,0.9,19137905.85543848,4.0,1.0,1.0,1.0,1.0,d8611d792acc89f8df46658dec62dd5a3c592b48352c525b983dd619bf7625fd,3,2,1,,,,,,,,,,,,,,,,,,,,,,,,,,,,,,,,,,,,,,,b03b0d89649997fb88ac15ef6299664b3cd0634bbeda391363333d779f8d1510
E2A_VACCINE_H0,LA-0920,920,facc5e6b1b8b087f1db54b46a7ac8329a7c54bc20cfe54e9276d641b5492e508,M2,A1_FINAL_NO_MEMORY_V1,oracle_failure,FAIL,oracle_failure,Full exact certification was incomplete,79b8c38f0306d04d794056458d796a4a4084817d189b80b68a5e2b50c3e3f2a2,7a134e3e4c259ef7ee7578247d6a6f22738897757b42bbe1052610b6d604235f,0.0,0.9,19137905.85543848,4.0,1.0,1.0,1.0,1.0,ac0ea20ab363db9cf82a1fc55890a52d087feed0a2776cfaaa61533433e743c8,3,2,1,,,,,,,,,,,,,,,,,,,,,,,,,,,,,,,,,,,,,,,8114ce9139d5a966dd9945e95e5a81a7420a216d64ae3af91c1a9fe2a01e7388
E2A_VACCINE_H0,LA-0921,921,d8451c7b32c1dc3e8114533677b31fc780f2634a99a80ddf70e4272b8c26355d,M2,A1_FINAL_NO_MEMORY_V1,certified,PASS,,,97e3d98735b7ae97417ea03e4a5b44ee6dcdbbf6968d8cff2d12d07d82339de1,cbe21fbd918bef77e3a2e75ed61c79a6fdd08c5d414f995bec43c671fdbfd0b7,0.0,0.9,19137905.85543848,4.0,1.0,1.0,1.0,1.0,c28794e3cf8bddd6725c6dcbd4daa266450482847a6caa8acfa34993b21faf4d,7,2,2,4665fa62ad6611bef06fe6cc295c54546c7ffbf9e04938b81dfedefa4799a160,P1,1225590920.9545755,1225590920.9545755,19137905.85543848,0.0,0.0,19137905.85543848,h09,5,Katrina,1206453015.099137,0.0,1206453015.099137,1881049794.0338304,0.0,1.0,0.0,0.0,NONE,False,False,0.0,10400000.0,1375244.743851572,0.0,NONE,True,False,0.0,8649794.033830428,0.0,0.0,NONE,False,False,0.0,1862000000.0,ea57590a7e4806c22424d9146c4047d04d1e967e35ccb5b0a58a0c0615de6cbd
E2A_VACCINE_H0,LA-0922,922,b8d517ce6296bbcdc203cc85932e1d446893b5043ec89f38c4bcc2164b03dff0,M2,A1_FINAL_NO_MEMORY_V1,certified,PASS,,,a4d73553f338e3eaee37a1ff5049f33db1de1058ecaf9161cb41dec54bfd7301,d4e8d5965f6744e9043bf67fd34fa7f2aa1921c1b38b2de59d3dddccab9a7d06,0.0,0.9,19137905.85543848,4.0,1.0,1.0,1.0,1.0,6762926178bf0c388a4652279789cc519dcfe7c1d473e7fdf020cfadf39a792c,3,2,2,16bbd49127de3745b3f72d8ace63993ba166130b954c13ab8a6f75d35d666466,P4,1204078052.5074265,1204078052.5074265,0.0,2207699.462344428,0.0,2207699.462344428,h09,5,Katrina,1201870353.045082,16930206.39309405,1184940146.651988,1751288422.4147644,130668921.64962201,1.0,0.0,14669453.988549847,R0,False,True,10400000.0,0.0,0.0,0.0,NONE,False,False,0.0,9557344.06438629,0.0,169642251.19150352,R0,False,True,120268921.64962201,1741731078.350378,155779a49104b7b6625005877867d493d162e3404b163f2733fdab059b818b92
E2A_VACCINE_H0,LA-0923,923,86df9f8970c879fac20b8e9ef711983d5c6e554b1ebdb54b3419449ed043fa9f,M2,A1_FINAL_NO_MEMORY_V1,certified,PASS,,,4037b39975346624d28d71977dc050326ad886dca1f36e84322c668fdd242071,41ec494158d9deefba4d8141a4de59083582ecc62e4d1096958666761cdc1f20,0.0,0.9,19137905.85543848,4.0,1.0,1.0,1.0,1.0,daca81116728e66a77b41a57cb9dd1348c750561d131cb0387c74ae5ffc141fe,3,2,2,76de824cf4fe2951f9d8c61edfac712b88c5577d8ce597fb197a9d767871f04b,P4,1152764579.8615081,1152764579.8615081,0.0,41367.29671872924,0.0,41367.29671872924,h09,5,Katrina,1152723212.5647893,19096538.55871975,1133626674.0060697,1869825526.6241388,12131817.440247355,1.0,0.0,12781263.873211432,R0,False,True,10400000.0,0.0,0.0,2128347.66192606,R0,False,True,1731817.4402473555,7825526.624138935,0.0,0.0,NONE,False,False,0.0,1862000000.0,cc249321bd8076ff540d61624d3602b537da83ac54f9c9b76146a57a8e5cfbd6
E2A_VACCINE_H0,LA-0924,924,644cc77bdb375f8f6c96fa36295b971ac0b62af31e282103a28c9a533d6053fc,M2,A1_FINAL_NO_MEMORY_V1,certified,PASS,,,01803e1ead474521a3d22296bf82b2f2f2c02d735b1826c1ad481450ca679dd3,a13f55a4d5df1bab1b61e494a1f28cb81c5ded5114c3aa373ffa3ea626d36185,0.0,0.9,19137905.85543848,4.0,1.0,1.0,1.0,1.0,7228dd919d9bca7984e69ed6d0e383b0f95b5df9f8511b9081046c4eedf0908f,3,2,2,80e039efba8de799448c9011dfba70c38bdb3c2f26d911e7658777fdc0601bf9,P4,1232472045.4379601,1232472045.4379601,0.0,2698027.0168292196,3871640.5618247706,6569667.57865399,h09,5,Katrina,1225902377.859306,12568238.276784487,1213334139.5825217,1871257465.8591285,10699878.205257919,1.0,0.0,11234751.43596256,R2,False,True,10400000.0,0.0,0.0,323947.7978014698,R2,False,True,299878.2052579193,9257465.85912837,0.0,0.0,NONE,False,False,0.0,1862000000.0,56b1b0dd06b246d83bdac833d981090c1120f72bd13ed085398d2000ecd76bdd
E2A_VACCINE_H0,LA-0925,925,4dfda4bc0ee7248e080300b564d60d5217502a1f39ef08a8cf411018fa42116e,M2,A1_FINAL_NO_MEMORY_V1,certified,PASS,,,99edd23c804e6e877ba7448ed211d528110a8874ba389fc1d33dfff9f2d68536,77c99e40d35c344e62b05025b5418da1eec0553b2c31074f98c7abab17dfa2fb,0.0,0.9,19137905.85543848,4.0,1.0,1.0,1.0,1.0,f2be65a1d069afb072b646550f33c41c7337813ca5076eec30f4db4746606044,3,2,2,c8c4c7411259e07f13c322504d79abbdf6499054ea95aa9421b6d2582a6efcd4,P4,1227665391.629992,1227665391.629992,0.0,8627919.44117886,0.0,8627919.44117886,h09,5,Katrina,1219037472.1888132,10509986.414259618,1208527485.7745535,1881087061.7593877,870282.3049986497,1.0,0.0,0.0,NONE,False,False,0.0,10400000.0,0.0,1515150.0263708746,R0,False,True,870282.3049986497,8687061.75938764,0.0,0.0,NONE,False,False,0.0,1862000000.0,66d6e7d753a9055f950910ad6de245cbcc82a94084c83811d386bdf55c5f47ac
E2A_VACCINE_H0,LA-0926,926,865c0fe1a9365d3840774e5c5ed1646f9d29a10f925f7e663f4e726855231663,M2,A1_FINAL_NO_MEMORY_V1,certified,PASS,,,6d3cfb840ec1762e045ea1d1919026f09c05c913ffc0f620c4b5dba3ac27e0fc,1475ef2b51cd46834f5c89180cdbff6eb35a9ef2619535098853948f0a45c0eb,0.0,0.9,19137905.85543848,4.0,1.0,1.0,1.0,1.0,6754c58b5709b8d26a16b58c20c9fb1f952e05de1a1d14be41978bfbfdc8b136,3,2,2,58d62b3db2095aaa5bae8df59dff46095ec28aaacec08682e6806d263b6ab7d7,P4,1213056464.9792695,1213056464.9792695,0.0,2913247.037633844,0.0,2913247.037633844,h09,5,Katrina,1210143217.9416356,16224658.817804635,1193918559.123831,1870908666.2676744,11048677.796711832,1.0,0.0,14083205.055425528,R0,False,True,10400000.0,0.0,0.0,878409.8486533037,R0,False,True,648677.7967118315,8908666.267674457,0.0,0.0,NONE,False,False,0.0,1862000000.0,1e7bd6d9c3cb73c0fcc48209ffe18036a00a42231354f2cdc426b1f23db3db65
E2A_VACCINE_H0,LA-0927,927,180dc572142d09eae64ab1ff4cdef1f3b9eae566ddd5fbe1049bd9da1419be57,M2,A1_FINAL_NO_MEMORY_V1,certified,PASS,,,598ee18b557b87cf4dc9325ddbe497f89b0c94bf70eff9df38735830ed587240,d8ff1d43537fef6c7e3b80efbfb0468334565b132d095a4a505543b883f497fc,0.0,0.9,19137905.85543848,4.0,1.0,1.0,1.0,1.0,37852e1ed7c7113012f6202a76c28a84a12d2eb1c37a5ddee0a348a3c14e0496,3,2,2,b413ed04383478f630c5c8e230309b0ca62d0499f7ce9bbc102daf87c2d55971,P4,1227771228.688384,1227771228.688384,0.0,7542687.4118541675,1462741.377203173,9005428.78905734,h09,5,Katrina,1218765799.8993268,10132477.066381138,1208633322.8329456,1881088963.1149926,868380.949393735,1.0,0.0,0.0,NONE,False,False,0.0,10400000.0,0.0,1187424.5347835147,R1,False,True,868380.949393735,8688963.114992555,0.0,0.0,NONE,False,False,0.0,1862000000.0,883edd241ce3f2ec4850ce36d335635e8cbb1b7d556acecceec9ffc29a63adb5
E2A_VACCINE_H0,LA-0928,928,3876c4b5409bb53973ba98f41564b3c80296a2ec3754233040481a971535c43b,M2,A1_FINAL_NO_MEMORY_V1,certified,PASS,,,d36c30b51e3858570d9c4a3674ae26a3e99a5ef67fd69b51dd0fd50e13b1484c,477f70c81db1b9f7b1d31f133723dafe6666fd7fdda43512cd587b5a177e0b33,0.0,0.9,19137905.85543848,4.0,1.0,1.0,1.0,1.0,3a77cc77ba0edd140f33bce0c396d8583e0bb1900801dc1117bfa788cf45430c,3,2,2,2f62a43d00e1a941426eb1280097b83717c0f6f0fb63b46f543baef5464a92c5,P4,1234076341.462944,1234076341.462944,0.0,2909470.585050066,1938804.9153641404,4848275.500414207,h09,5,Katrina,1229228065.96253,14289630.35502427,1214938435.6075056,1769834946.5171902,112122397.54719606,1.0,0.0,0.0,NONE,False,False,0.0,10400000.0,0.0,0.0,NONE,False,False,0.0,9557344.06438629,0.0,175634764.09495673,R1,False,True,112122397.54719606,1749877602.4528039,23ca81ef561f9c1fe574ad798bd05bce4c9be1ba51409feeac50153b445a3e5c
E2A_VACCINE_H0,LA-0929,929,c90fe358f2a680438d98c93b67b3bbfc99d084a3c0027d775a0d0d850db28b6a,M2,A1_FINAL_NO_MEMORY_V1,certified,PASS,,,41fe49b1fcdb8cbf80b91cd679d6a44d6e9848967e439cff77e8de4887a484a0,0cac7973d86085d1b673e2d82c0e474fdc454a620351f474a49efcfdaf71847a,0.0,0.9,19137905.85543848,4.0,1.0,1.0,1.0,1.0,3b182f530a53b3b50afe4dbf384b7575a597e21f6787bd2367c398e8db1ddc08,3,2,2,62de5900432a2e03d61f057b48c1d154664cb25d72384b11b925bc9e5bd64335,P4,1224443965.4041293,1224443965.4041293,0.0,9659831.777990693,0.0,9659831.777990693,h09,5,Katrina,1214784133.6261387,9478074.077447785,1205306059.5486908,1744140388.1016576,137816955.96272883,1.0,0.0,0.0,NONE,False,False,0.0,10400000.0,0.0,0.0,NONE,False,False,0.0,9557344.06438629,0.0,228729796.6868472,R0,False,True,137816955.96272883,1724183044.0372713,8d0128e8c0b45e4cd38be1b593bb407e205ee4bdd798fd65ec8e31e26bcbba60
E2A_VACCINE_H0,LA-0930,930,d733d147cd567bc1b4389530bbaa6a62ee7daa1f91430d98a94b27d7c899856c,M2,A1_FINAL_NO_MEMORY_V1,certified,PASS,,,802b18438c58d53c7430550aaf3a1b676b5a26c44825d124a4907910642c553c,5512873538bca09decf7a7b67a3a68d0452c9d2b691d0effe341be87fe86216a,0.0,0.9,19137905.85543848,4.0,1.0,1.0,1.0,1.0,b51bfd9d155ad19f92fd7fd0aad7069959ce47160f1d1dc70e82b3302782d28a,3,2,2,39861342b019da7c0ff1678ad1eaadaf51165409bbb1d9d0791cdb781fe3074d,P4,1240627528.9231884,1240627528.9231884,0.0,5899990.219352914,0.0,5899990.219352914,h09,5,Katrina,1234727538.7038355,13237915.636085564,1221489623.06775,1787310371.880625,94646972.18376142,1.0,0.0,0.0,NONE,False,False,0.0,10400000.0,0.0,0.0,NONE,False,False,0.0,9557344.06438629,0.0,146043677.14290228,R0,False,True,94646972.18376142,1767353027.8162386,7b530cf5b7710e97c866f71319cbb1185277bc97099e24bbf9ee22925e63a9ec
E2A_VACCINE_H0,LA-0931,931,f78111fd83629cd3566f605ec444dedf6ee71ab83de3b78f6fe6e438534bdbf6,M2,A1_FINAL_NO_MEMORY_V1,certified,PASS,,,a7f9aa8c7c908241ffc14b2ff0858ce7026d3d5cb9da0b7ad79322a8696355c8,a6f5da3ea46dd3f5435fba96ddf70083f9a233ad53d96bbd51d9a5ea40e2243d,0.0,0.9,19137905.85543848,4.0,1.0,1.0,1.0,1.0,145b94233063c5a829a8967b68948f5d1885e66cc4bb5a6fb20ce5f25c9c2312,3,2,2,9dc02ff16bdba459e7f7937846d1b3d0dbd6393e1932712c7f4bf31619be91b6,P4,1233096119.9609916,1233096119.9609916,0.0,7165567.402680063,0.0,7165567.402680063,h09,5,Katrina,1225930552.5583115,11972338.452758413,1213958214.1055532,1828694705.6349018,53262638.429484494,0.9999999999999998,0.0,19660532.729299497,R0,False,True,10400000.0,0.0,0.0,0.0,NONE,False,False,0.0,9557344.06438629,0.0,81029067.8564433,R0,False,True,42862638.429484494,1819137361.5705154,1b58a9e387415aeec82db87061e5200faaed75004abb5e8187cffbe2f2a30ee9
E2A_VACCINE_H0,LA-0932,932,0f662ef02e9c89aa449a153b94a6863e0186e5b5965876ba8d2251ecb22c7422,M2,A1_FINAL_NO_MEMORY_V1,certified,PASS,,,22adf4134895faef154cffb85431e6b62235feb04db7883a00a0125d64526bd4,33578806e027d8326ac8004053c484dc745e3c3146aea55dedd8958cb9d2d3b4,0.0,0.9,19137905.85543848,4.0,1.0,1.0,1.0,1.0,0199672bb8109ec1308cbf40a7402d42a942d627ec966b26ec64c43fa24776f5,3,2,2,3eafd72247675c0d793afd989a960fe57625bcb55b195e5893dfaf681e03ca47,P4,1218658895.432893,1218658895.432893,0.0,2801096.1974331504,0.0,2801096.1974331504,h09,5,Katrina,1215857799.2354598,16336809.658005327,1199520989.5774546,1790183116.5181215,91774227.54626493,1.0,0.0,12508780.458957655,R0,False,True,10400000.0,0.0,0.0,0.0,NONE,False,False,0.0,9557344.06438629,0.0,97874264.1724512,R0,False,True,81374227.54626493,1780625772.453735,c1670b451a247f39bfd8ef8d71156d427e136c4f66162cb211733a05f355ae20
E2A_VACCINE_H0,LA-0933,933,6a51ce71da772812bff1f3545f73b627f2a56e4185c26c60e557d0ca2dcbb8ca,M2,A1_FINAL_NO_MEMORY_V1,certified,PASS,,,aaf387228adf153109392392f912d75f7e21a78f43f5e5f30c66061522a6739c,0d1f9fce990e3526a9cae94b7d4187a3f9e7275fe322b2f4a48f3307ec1514a5,0.0,0.9,19137905.85543848,4.0,1.0,1.0,1.0,1.0,ed1008cc1d7d22f183eea858699531a4e711d240198d3fcece160afda2e0793b,3,2,2,dac7e1ca3ace09c32c219833c2052a7c81bbe549b3bdb7092037c91133912342,P1,1237274425.1280901,1237274425.1280901,19137905.85543848,0.0,0.0,19137905.85543848,h09,5,Katrina,1218136519.2726517,0.0,1218136519.2726517,1871343740.2858696,0.0,1.0,20500836.59612322,0.0,NONE,True,False,0.0,0.0,421063.0922771967,0.0,NONE,True,False,0.0,9343740.285869712,0.0,0.0,NONE,False,False,0.0,1862000000.0,a0d216892d6014f13a4461fef76397317e1ec96df0d0a6c54727678c9d3ac68d
E2A_VACCINE_H0,LA-0934,934,3e99079f343295d1a192f27492c09e07f91cee4dd524309416e4f2fb7aadb9a2,M2,A1_FINAL_NO_MEMORY_V1,certified,PASS,,,5c4769576b22c4acd7ff9a7c4ea1e6648cd0c4b37b2b33ae5d2a856fbb783214,339c8ad1a88845b95061bd5c16f63fc61e75b4877be0b72aa10b0913a6c742a5,0.0,0.9,19137905.85543848,4.0,1.0,1.0,1.0,1.0,f5990271023e569d04b2e34e1392633930bd29ca8db952ab8513c37a225085fc,3,2,2,603f37e6e58d205477045134f95655c742d97878abb430e5c7c77c82a9f736d0,P4,1177625743.09311,1177625743.09311,0.0,2765752.419542752,0.0,2765752.419542752,h09,5,Katrina,1174859990.6735673,16372153.435895726,1158487837.2376716,1619251830.9339795,262705513.1304069,1.0,0.0,0.0,NONE,False,False,0.0,10400000.0,0.0,0.0,NONE,False,False,0.0,9557344.06438629,0.0,325752101.7347084,R0,False,True,262705513.1304069,1599294486.8695931,60e0ceb5a60d454ce2853af4d9935a9a0ada5fe135e9ccdd4da7a6f75df69ab5
E2A_VACCINE_H0,LA-0935,935,361ac60ffd230d82417e3831ee7d0fbcff277cbce49e8d82ca7ce0891ab65f9d,M2,A1_FINAL_NO_MEMORY_V1,certified,PASS,,,e7bae7e8847e760a59b629ec304cb24fadfa4baf74b8dc14d881ad096aa2abc3,276065268189939300e5966cf37c1c0a5750e871066dbc7d59caaabd29063063,0.0,0.9,19137905.85543848,4.0,1.0,1.0,1.0,1.0,97f93c6385aec75654c2ecc33482479d10dab3f6839f4cf5076e04d828b2a22d,3,2,2,13d0f88078af46365f5557abb65e1e5d297223de25adb2ebd87f889541029140,P4,1236472696.1694214,1236472696.1694214,0.0,5505900.275594373,0.0,5505900.275594373,h09,5,Katrina,1230966795.893827,13632005.579844104,1217334790.313983,1776227271.2783866,105730072.78599979,1.0,0.0,0.0,NONE,False,False,0.0,10400000.0,0.0,0.0,NONE,False,False,0.0,9557344.06438629,0.0,320297368.54306626,R0,False,True,105730072.78599979,1756269927.2140002,0606e12ea02b76ebb736602d79dd638686fb0194195379e760b07871c1bcbb09
E2A_VACCINE_H0,LA-0936,936,6d3097d19551331dca2d5ad1d1218cf94fa1ee8868b2d04d37794dceb4136207,M2,A1_FINAL_NO_MEMORY_V1,certified,PASS,,,248f011eec37c0d40da3d67b97f1be9f4fab4ce258bcf846642cb2597e4bf8a9,a1102b971ac1d95421294e86ad6421e2f0b5b961669b5f6a0c1a952f33eae258,0.0,0.9,19137905.85543848,4.0,1.0,1.0,1.0,1.0,05ce3a2cca68a6338eb86bafe9e573528406ef7377d1260a518597d1b83b6fbf,7,2,2,c3a847d873221e9f272eb0b9b7446caeba39947af92025ef2ffcab342bfe963e,P1,1226741760.4756222,1226741760.4756222,19137905.855438437,0.0,0.0,19137905.855438437,h09,5,Katrina,1207603854.6201837,0.0,1207603854.6201837,1881070468.788089,0.0,0.9999999999999979,0.0,0.0,NONE,False,False,0.0,10400000.0,1375244.7438515692,0.0,NONE,True,False,0.0,8670468.788088957,0.0,0.0,NONE,False,False,0.0,1862000000.0,52743d7edf77dc6c9d713bd93717bf9a3729dcda3e4c0f3683040061b49eaec6
E2A_VACCINE_H0,LA-0937,937,ffd2d36be4dcc2e05fd1633983973b3a1ed3bf998e70ffb805a202a18fe06cd5,M2,A1_FINAL_NO_MEMORY_V1,certified,PASS,,,f09e233ea039c6913b24759d7ac0c4bc02c074f0893c33df9038eb71ee8226aa,93bbe365bcd8be8463884668c45b3c62386b94a86be3d4ad34aa20eb4963ad81,0.0,0.9,19137905.85543848,4.0,1.0,1.0,1.0,1.0,1da75bf871ffd3a4bc3c71f01cda5589043be7be0d4d47a4eb26a13cb65d4b7a,3,2,2,fe351e12262a3f49e329314b7f429e036b55ec5f78fcadc96cc34044fb38bf1c,P4,1198299948.410344,1198299948.410344,0.0,6923983.8564520795,0.0,6923983.8564520795,h09,5,Katrina,1191375964.553892,12213921.998986399,1179162042.5549054,1735875212.5954013,146082131.46898508,1.0,0.0,19787014.627540953,R0,False,True,10399999.999999996,3.725290298461914e-09,0.0,0.0,NONE,False,False,0.0,9557344.06438629,0.0,258148492.31468678,R0,False,True,135682131.46898508,1726317868.531015,4f465e05d443c24eae1a0f7381486ef1374fd46abdbe96c95962b85b45bdb511
E2A_VACCINE_H0,LA-0938,938,076847df596d6eff65d44a5956999e1640785296725219e3ae7ee004a30c6793,M2,A1_FINAL_NO_MEMORY_V1,certified,PASS,,,a03667bd1019d5860641e968db71a53882bdd74df0b0a12bbbbcb17d40672daf,3cb44a19e9ff187e7cccfd281034d71ef54872772bd31a9a15a9ce715a19ae4e,0.0,0.9,19137905.85543848,4.0,1.0,1.0,1.0,1.0,e1b349ee6a12a256c0f52827933cb11c6527cd85bb8a012f47d8adf807d6db93,3,2,2,ba66a5d2b7963657f0e82b950544ddc13e271edcfdae7ffa0af5918e92addc00,P4,1211664872.6840863,1211664872.6840863,0.0,6257825.811972952,0.0,6257825.811972952,h09,5,Katrina,1205407046.8721135,12880080.043465525,1192526966.8286479,1771526419.0447786,110430925.01960786,1.0,0.0,13869051.885410903,R0,False,True,10399999.999999996,3.725290298461914e-09,0.0,0.0,NONE,False,False,0.0,9557344.06438629,0.0,133397508.58101816,R0,False,True,100030925.01960786,1761969074.9803922,341a618bdd62be37b666c26855b412cf66d6403d4336b6335a952d99d07c6f6f
E2A_VACCINE_H0,LA-0939,939,a0c8a9cca5ca8e5f8377635e0a23ed1c0a6c0410d94fa71a6bccad14838fb5a5,M2,A1_FINAL_NO_MEMORY_V1,certified,PASS,,,ff7fe0d388c0f205036763aa84d3f928534192658686304c72bb045d1be39f63,311839fcd0f24456a2f2f66bbdb5be582abf0f6df5b2256e9c0f87e8883a2f24,0.0,0.9,19137905.85543848,4.0,1.0,1.0,1.0,1.0,5f8a98f5faeccbf95f3f77c4b53b91e7b59338a6f380676e635c5d77d41e8f75,3,2,2,ab6346bc21277843dd127598c095dc0eccaa0c154b4811cf8249b0b2be6ef06c,P4,1162800072.8181982,1162800072.8181982,0.0,2285524.7103729467,0.0,2285524.7103729467,h09,5,Katrina,1160514548.1078253,16852381.14506553,1143662166.9627597,1870005813.5772269,11951530.487159362,1.0,0.0,12414147.249216314,R0,False,True,10400000.0,0.0,0.0,1852012.3008889079,R0,False,True,1551530.487159362,8005813.5772269275,0.0,0.0,NONE,False,False,0.0,1862000000.0,041d82d4812283a0aec135f45b5d02dd48879ac0a3c27740fe6f0cbc6df2d20a
E2A_VACCINE_H0,LA-0940,940,632f1a0f541abb9eb174adb23ec4da436b4ea64bed42e5bce0f806a045033b38,M2,A1_FINAL_NO_MEMORY_V1,certified,PASS,,,019fef2c03d3c6c9f40eba54a0de8efa827c101c48eb786a5d2071356112251c,7aebf06629ed8116e42438fbd1ee3a689fb81421c26bbad2aeda2e1eb162759e,0.0,0.9,19137905.85543848,4.0,1.0,1.0,1.0,1.0,34b472a029e5c10bdfd36e2a1811991294c45a2d1ae96351719bea931f5c7269,3,2,2,35b9008f7ebb5a87dbbb619f5b56c2c48b378aaa4bbe49f5e6afa15e84c9a5c2,P4,1200220455.979159,1200220455.979159,0.0,2902653.7190929446,0.0,2902653.7190929446,h09,5,Katrina,1197317802.2600663,16235252.136345532,1181082550.1237206,1740998205.4699621,140959138.5944243,1.0,0.0,18635364.427224,R0,False,True,10400000.0,0.0,0.0,0.0,NONE,False,False,0.0,9557344.06438629,0.0,233943954.52034068,R0,False,True,130559138.59442432,1731440861.4055758,c4fdb2917e32f638a6a676093e0745de3faf5f1a9398c63d7ea900ac06d99fe0
E2A_VACCINE_H0,LA-0941,941,3aa675bd6f5032f2c845caa684197dbd6cd646285ef35e502d757c6bf68368be,M2,A1_FINAL_NO_MEMORY_V1,oracle_failure,FAIL,oracle_failure,Full exact certification was incomplete,236e48081466d9794087f58ca6f04c24f2e1b3708439f4b8364d3f6859c68b4c,bcd0c2f6215e42438fe51a9048f447385bd1637e97ddee3e6bf7273c7030c4a3,0.0,0.9,19137905.85543848,4.0,1.0,1.0,1.0,1.0,669e583c9b7aca7f76d8de3a9f74d738721d07fa62de0e45ed43d7e095e1dcf3,3,2,1,,,,,,,,,,,,,,,,,,,,,,,,,,,,,,,,,,,,,,,da2ed85c8121770a8a454118fad0fadcac30ede350d85482497ae135fbeff4e4
E2A_VACCINE_H0,LA-0942,942,46a438cb85eb21c7e897b9a2659dd0f78517b4a321178fae810508f4b4af1be2,M2,A1_FINAL_NO_MEMORY_V1,certified,PASS,,,c599c84cc677a7e6597af266aa0b2d19400c2ef86bb8e45e2d95a6b10e558513,2ffccac4a3038264b88ca4b7d1f8d92cc7945ae4b8ea62b35f06dbf41b966a24,0.0,0.9,19137905.85543848,4.0,1.0,1.0,1.0,1.0,2d5726d369fb571232f27cab306758d92007b8d07eb63ed5a461f6bfab3fcbdf,6,2,2,8c1973e0f0e6343a911247eeadcdc88b368300d6411b0213031949f2fd66d207,P1,1228291433.1465037,1228291433.1465037,19137905.85543848,0.0,0.0,19137905.85543848,h09,5,Katrina,1209153527.2910652,0.0,1209153527.2910652,1881098308.552944,0.0,1.0,0.0,0.0,NONE,False,False,0.0,10400000.0,1375244.743851572,0.0,NONE,True,False,0.0,8698308.552943828,0.0,0.0,NONE,False,False,0.0,1862000000.0,30d51f08c0c3ad6deb07b4378976b9f553658e49cca65cb5afb3099550631d9c
E2A_VACCINE_H0,LA-0943,943,0bf9483cccf0a0ad6ede20b25ea8ba7c18e4e0c1839f6c6c48ab577def64784f,M2,A1_FINAL_NO_MEMORY_V1,certified,PASS,,,95b282856ccc64d888f03a67f06ba2efc51e6b6d6bc93aa1607b99760342caa1,8602949e0c0113b0223ea6264ab36779ba460523de6ca8a01babd01778d485fd,0.0,0.9,19137905.85543848,4.0,1.0,1.0,1.0,1.0,596f4b77a45cd4ba42eb2c84e5f9ce577ee96726487cc31ef195b22a247a6469,3,2,2,9a6ef01b12dea75ec19e54a8eafffa71aff9816983f2b6a0face10904a45a113,P4,1202281148.0060956,1202281148.0060956,0.0,2964212.928838202,0.0,2964212.928838202,h09,5,Katrina,1199316935.0772574,16173692.926600277,1183143242.1506572,1746495143.228542,135462200.83584416,1.0,0.0,30133241.22247137,R0,False,True,10400000.0,0.0,0.0,0.0,NONE,False,False,0.0,9557344.06438629,0.0,362358602.4615051,R0,False,True,125062200.83584417,1736937799.1641557,af88d3a18a80635becae13a20349c3f66ae6dd608c5dab8cacbefcd0aab01df3
E2A_VACCINE_H0,LA-0944,944,b7f213fdb43ad174ca717754aa2b1354bf9923af536af0c86406f811c15223ae,M2,A1_FINAL_NO_MEMORY_V1,certified,PASS,,,b4d47db178a15e765560dafe966e25ab4a1e33b805e14007f3f3b85f3e81cc64,94e9ef43128c39b36fc6ecc84caf2507ddaabcf51b1bbdd328aabf643069d580,0.0,0.9,19137905.85543848,4.0,1.0,1.0,1.0,1.0,9ca0ebaf93e7c779d06ca359ab5aa94f0614ad490ce70d22d82af0d66c33b9b7,3,2,2,db2cf6f74b20d2ee12203fd7dc058460b5e7b1d84038c47015850bcf274ab658,P4,1221975118.757569,1221975118.757569,0.0,1626019.1498982522,0.0,1626019.1498982522,h09,5,Katrina,1220349099.6076708,17511886.705540225,1202837212.9021306,1737554689.6206498,144402654.44373658,1.0,0.0,0.0,NONE,False,False,0.0,10400000.0,0.0,0.0,NONE,False,False,0.0,9557344.06438629,0.0,191933457.00724047,R0,False,True,144402654.44373658,1717597345.5562634,a9bcbdd77768ef63cbea1b647e1ca6b937e8257d8745173d2b1b30e824125558
E2A_VACCINE_H0,LA-0945,945,53f2be69d0cf57310d24ed833497de58626744659590cf0bd3eed5d35f6b361a,M2,A1_FINAL_NO_MEMORY_V1,certified,PASS,,,6b07f2ffc53d308b311295b2a4448b21af7d36256f4925789e17355e9612ac12,c512eb499516cb865caa4220c4cbc75de5544ae61498d038b940eee62266ec33,0.0,0.9,19137905.85543848,4.0,1.0,1.0,1.0,1.0,7d49cb3d7392f90c8c9809dad4117e1720f0d9093d0caa5228d91c7876ed6134,3,2,2,b9a9e5fe5812ae578fbbe7b1108c2249a18639cd954e71b120301bb791737727,P1,1226354111.5163982,1226354111.5163982,19137905.855438437,0.0,0.0,19137905.855438437,h09,5,Katrina,1207216205.6609597,0.0,1207216205.6609597,1881063504.7007215,0.0,0.9999999999999979,0.0,0.0,NONE,False,False,0.0,10400000.0,1375244.7438515692,0.0,NONE,True,False,0.0,8663504.700721467,0.0,0.0,NONE,False,False,0.0,1862000000.0,5e9d5ea871b996e1ab003b154e5e9fdf17e183bf2d4d0f0cab109deb84ced758
E2A_VACCINE_H0,LA-0946,946,5f9ba22a7c27af2e17dad826cae0fc9a840b227da627e537daef020aa6c5cec6,M2,A1_FINAL_NO_MEMORY_V1,certified,PASS,,,9dd6eb5e88a95543c90c39522d776f269c771ec8561ae429c901698c8b6eed6f,7fcd8fe2f87a0f7dc43d7f8bf54c77c8ed03ad469dc9db956a96bab000fa056f,0.0,0.9,19137905.85543848,4.0,1.0,1.0,1.0,1.0,76911f0f4b754c392ac864ae2b91583214c3aebb9305f45b9e00c5666295b30c,3,2,2,03308e9981c7853236ec0c80e884e04817a80ca8cb13b4146ca640d186bfd512,P4,1219414751.4717436,1219414751.4717436,0.0,3618703.871586869,0.0,3618703.871586869,h09,5,Katrina,1215796047.6001568,15519201.98385161,1200276845.616305,1730724857.97899,151232486.08539632,1.0,0.0,0.0,NONE,False,False,0.0,10400000.0,0.0,0.0,NONE,False,False,-1.2224291331980783e-10,9557344.06438629,0.0,285647758.76253814,R0,False,True,151232486.08539632,1710767513.9146037,e14bd97aca3cb45c4abafb7cc8deafd8efe9e1db7ad84af88ff9f6a2b19de350
E2A_VACCINE_H0,LA-0947,947,b2f5e3ad7b573f22c1e4eff743ff5e7436fe4ea52f35ed6e2577f6a61c3cbf4c,M2,A1_FINAL_NO_MEMORY_V1,certified,PASS,,,e1b1e49f9fffa3fbe4c98890cbdb38ae4f813147fbbe786587e6501ba061786c,1c475fc8ba7361c9e1186182a2b37e4937342a7db0b6deb4a9725b229acb668e,0.0,0.9,19137905.85543848,4.0,1.0,1.0,1.0,1.0,f78bb932f3a448e99505e7e106add899efe17289775f194c3019be6daaf7f00a,3,2,2,46094d15806d367fa8afbc0fbb13de9cdc8b25e8de4e2f702d670bdcb26a9ef1,P4,1234118773.556758,1234118773.556758,0.0,10544217.268345375,0.0,10544217.268345375,h09,5,Katrina,1223574556.2884126,8593688.587093102,1214980867.7013195,1881202996.329788,754347.7345982855,1.0,0.0,0.0,NONE,False,False,0.0,10400000.0,0.0,1519999.518790039,R0,False,True,754347.7345982855,8802996.329788003,0.0,0.0,NONE,False,False,0.0,1862000000.0,cb6af1868a863d8d92f28053628378bb5a0ec3d53465372689c675180b3fc562
E2A_VACCINE_H0,LA-0948,948,6c77cba3f20b780ab14fd1cfc5763532c3d1996438621c7819cb6940c15f7d02,M2,A1_FINAL_NO_MEMORY_V1,certified,PASS,,,c80f5f988737aae9d21392aa5e346839734db51126b0bd1631d4f13d61b02c55,28a2f33fd3c792339b949fc1026536693dfc24bba5b1c5ef53f1ae091139b3d6,0.0,0.9,19137905.85543848,4.0,1.0,1.0,1.0,1.0,76bee9498596cf10aa84074f11f7c2f2d720eb14ac5361193846f3f20534db31,7,2,2,268d8179dcef79211802608c95c1849ea8ff3523e3fa4ce5dabaa4f16f98a310,P1,1222512738.3791838,1222512738.3791838,19137905.85543848,0.0,0.0,19137905.85543848,h09,5,Katrina,1203374832.5237453,0.0,1203374832.5237453,1880994494.6917892,0.0,1.0,0.0,0.0,NONE,False,False,0.0,10400000.0,1375244.743851572,0.0,NONE,True,False,0.0,8594494.691789042,0.0,0.0,NONE,False,False,0.0,1862000000.0,4d7d315d24e809e6db33ceee4743256a062f0aafbbab1f8a217f189693977d6a
E2A_VACCINE_H0,LA-0949,949,77677f81e58cf3856a948799657564d4b4621775ba9e3bda98b1e9efe11fcbd7,M2,A1_FINAL_NO_MEMORY_V1,certified,PASS,,,992a6a3b0bb5348fa640f056e387c1dd839ff3820fa553cbde1af3f7f2acbc66,c7cfa1129ce113611746e9145a4205f65268f4fd2e33f7d189aac6e22137d7cf,0.0,0.9,19137905.85543848,4.0,1.0,1.0,1.0,1.0,abd058344f3604fd64882f7f9d7a88a93762f68d8bb2098aa3f82bc18bdd51f9,3,2,2,3d43779f4c876b955ced5d00919baf387e22d967c00f64dade5b7ae202a8ebd1,P4,1215838096.9010298,1215838096.9010298,0.0,8096198.082856444,0.0,8096198.082856444,h09,5,Katrina,1207741898.8181734,11041707.772582036,1196700191.0455914,1721184059.4015417,160773284.66284457,1.0,0.0,0.0,NONE,False,False,0.0,10400000.0,0.0,0.0,NONE,False,False,0.0,9557344.06438629,0.0,251426728.0508772,R0,False,True,160773284.66284457,1701226715.3371553,5917c39a44dfe145c5e65aa8a6721f32fc3c0dd4ec677e2197c1eb89e9f2721f
E2A_VACCINE_H0,LA-0950,950,1efabca699df9e83171ef833e0be79272e0bd732f98316621d2b7e38f60deaaf,M2,A1_FINAL_NO_MEMORY_V1,certified,PASS,,,4cd4b0b47d18e1abcecfb3a17a0634b1149ba04a82ff369d10318d375e2ce192,0ac500df6e6f4e1a76f06a17740a245ab78d0a2f30ac5136b58dfaed36334fc7,0.0,0.9,19137905.85543848,4.0,1.0,1.0,1.0,1.0,f0566d14f5144fd1252eecf3ecbfadee15c87a149ba4a7a82bc96d86b8fd405e,3,2,2,04418175270a0bb24dfe03b8fb5999118f6f44c6e5f7565baab7e982c5f244a7,P4,1219300881.3678648,1219300881.3678648,0.0,5922308.9479514435,0.0,5922308.9479514435,h09,5,Katrina,1213378572.4199133,13215596.907487035,1200162975.5124264,1791895627.014738,90061717.0496483,1.0,0.0,13481001.747331372,R0,False,True,10400000.0,0.0,0.0,0.0,NONE,False,False,0.0,9557344.06438629,0.0,103261514.10978134,R0,False,True,79661717.0496483,1782338282.9503517,3ab633ccf237d53fbe885f55831c3bbfe048d768b51a444297eb83d98e6f9203
E2A_VACCINE_H0,LA-0951,951,25fe99dfde3f2fa2a38b4fe3abf886ff5e709b342ab6a0222a300dac4f5125fb,M2,A1_FINAL_NO_MEMORY_V1,certified,PASS,,,2596631a40c60a0dbce5200bee453313d21bab4739fb9942405ad96a0bb99775,a820ff8d06ee722e2d5efaf3676481bbfbbf96590e8a123a3bf9ae55738dbdf2,0.0,0.9,19137905.85543848,4.0,1.0,1.0,1.0,1.0,f4f0c6cd8a521fee5180a85afe3f5a8d528dace35ec6ebc26744c0ee84d89982,3,2,2,f6f64a8c3285f1769ea6af098411b40de017bc347b6a5a1ee2a48c475fed832e,P4,1212006313.4672952,1212006313.4672952,0.0,1807069.9421275512,0.0,1807069.9421275512,h09,5,Katrina,1210199243.5251677,17330835.913310926,1192868407.6118567,1880805747.4779365,1151596.5864498043,1.0,0.0,0.0,NONE,False,False,0.0,10400000.0,0.0,1491129.5247212483,R0,False,True,1151596.5864498043,8405747.477936486,0.0,0.0,NONE,False,False,0.0,1862000000.0,b5bcc5f4464a176d5196491e8e6ebcf95897e9c7bff61f793d69d7b119697d00
E2A_VACCINE_H0,LA-0952,952,805fec8ed738c3e8be5bd50ff2d07b263024c7671f1c433bce05cfbc439f0fc5,M2,A1_FINAL_NO_MEMORY_V1,certified,PASS,,,872f3b05fc2d4243cbb2ada819ea11e92926946b7b1f9f5a514e6e97b2b2595b,c0d508e76144a41db6e990762f862d16bb4afc1370c7e4aa412f62c566648629,0.0,0.9,19137905.85543848,4.0,1.0,1.0,1.0,1.0,f8e13f3dd5a5cf8c2a04f1426c58a95f91d5ddf69a8c243bf2df8301dac61a3d,3,2,2,6fcabbd7d3d84cbcfe029004ef34d9b79675ed17e9830fca814cba3e648aed81,P4,1214258037.1268008,1214258037.1268008,0.0,3051871.8503576443,0.0,3051871.8503576443,h09,5,Katrina,1211206165.2764432,16086034.005080834,1195120131.2713623,1880846199.5413797,1111144.5230065444,1.0,0.0,0.0,NONE,False,False,0.0,10400000.0,0.0,1831998.6763024342,R0,False,True,1111144.5230065444,8446199.541379746,0.0,0.0,NONE,False,False,0.0,1862000000.0,5bc990341f3d83a62fd1cea8d6fcbdadab79098dfc1c402e27976409ad937ba3
E2A_VACCINE_H0,LA-0953,953,90bd8a1f237891406a96afd8d5452807d1fdcb56ea3ae307d9deb4e15517bc35,M2,A1_FINAL_NO_MEMORY_V1,certified,PASS,,,d5721266a3766416451811f48943e2ea04b58212e1e7f730f8e55eb9d6286560,6dc803bf53751e6387d251bbde5680b294739640980c038b61ae430441db438b,0.0,0.9,19137905.85543848,4.0,1.0,1.0,1.0,1.0,d937e600072839f208ac25cc1d592171578b73f6c9368a579b47a4ef18184e1f,3,2,2,da8fcb8401384eaf017cb8b16e44ca8be5654416c4fcb0027a3ddc0f14705d96,P4,1208273852.554446,1208273852.554446,0.0,5677108.5842310125,0.0,5677108.5842310125,h09,5,Katrina,1202596743.970215,13460797.271207465,1189135946.6990075,1701006284.2559385,180951059.80844778,1.0,0.0,0.0,NONE,False,False,0.0,10400000.0,0.0,0.0,NONE,False,False,0.0,9557344.06438629,0.0,459564964.9866567,R0,False,True,180951059.80844778,1681048940.1915522,a6164739dfd895aec2c051087d67f7860f1cfe53fe520dcf9d190cdf2045b495
E2A_VACCINE_H0,LA-0954,954,438bf8be3d7ba9f599cb016202b889d00632d54bb6ceb410e293bdec8e8727ce,M2,A1_FINAL_NO_MEMORY_V1,certified,PASS,,,e08ea72b5839a8d0442ccb9821729c206b9f206558668768ace0b12bcb4cbcf1,ad9b098236d14d20241785737a2bdcf7ac151534d1c59636d6d8242b84fd0c39,0.0,0.9,19137905.85543848,4.0,1.0,1.0,1.0,1.0,d8f2558904304e1c269c1c44b4cf1195078ea9d797beabd63b10a27c050673b9,3,2,2,5386e8b5ada33306aa62f66f1a116409816a06a9fc66b8ae54cb7f5819bcd48f,P4,1213627651.4552743,1213627651.4552743,0.0,10402940.950738752,0.0,10402940.950738752,h09,5,Katrina,1203224710.5045357,8734964.904699726,1194489745.5998359,1715287651.362288,166669692.70209846,1.0,0.0,0.0,NONE,False,False,0.0,10400000.0,0.0,0.0,NONE,False,False,0.0,9557344.06438629,0.0,228332643.9292319,R0,False,True,166669692.70209846,1695330307.2979016,f1f90b4c666c6b44f4cc5ac9230a4e0eec00e7bef284c31648bbded0658c4c2e
E2A_VACCINE_H0,LA-0955,955,ae4be61ea63b5f73c9a3ccdc39111f3368194850f09695def961fc843000d530,M2,A1_FINAL_NO_MEMORY_V1,certified,PASS,,,c599f96b80797371fb0a1260e900455a677dc25a23a86a4cc00464ce920eaa7e,d972b6341b8095c2efc54f7a8bd1dcc97fef2613afaae608de8edfa1694f6e0a,0.0,0.9,19137905.85543848,4.0,1.0,1.0,1.0,1.0,1a8b514b54d03e28b098192835b33752b00220c9cfa63a5c76d61e2636ebb06b,3,2,2,74208fa9b24b586b272b9db964ef338685f05b38a949e4022a271185b6970b46,P4,1212534890.6005201,1212534890.6005201,0.0,8257906.405593352,1745272.910796397,10003179.316389749,h09,5,Katrina,1202531711.2841303,9134726.53904873,1193396984.7450817,1712372689.6285222,169584654.43586418,1.0,0.0,0.0,NONE,False,False,0.0,10400000.0,0.0,0.0,NONE,False,False,0.0,9557344.06438629,0.0,237615923.89782545,R1,False,True,169584654.43586418,1692415345.5641358,243905c43f0960565dd46a1cfe2017611ad0ec3b238c926ae69da00ef6ba8c72
E2A_VACCINE_H0,LA-0956,956,db68c52c0a575297a434d546b0541514716f20611b16e38311ae907c606c82e3,M2,A1_FINAL_NO_MEMORY_V1,certified,PASS,,,f474a408798e24c5efea7dfa5c20514d9832161218a19b67cc09d098b7767328,ab1c8201316ad23b0b34d92c82d412c0f9f0b86c7496ad1acf230915f38038b9,0.0,0.9,19137905.85543848,4.0,1.0,1.0,1.0,1.0,09c0d070266db3cfc73affa41ae345d904f5754254565c642bf131fd33626b98,3,2,2,141715b6b45e4749a9bd047b44374f4ecfb4035d66bd9a91baccee0006a87aa8,P4,1197962315.2457306,1197962315.2457306,0.0,3665592.5096126143,0.0,3665592.5096126143,h09,5,Katrina,1194296722.736118,15472313.345825862,1178824409.3902922,1734974569.2839067,146982774.7804796,1.0,0.0,12730459.80558077,R0,False,True,10400000.0,0.0,0.0,0.0,NONE,False,False,0.0,9557344.06438629,0.0,167188608.12284487,R0,False,True,136582774.7804796,1725417225.2195203,fc6781c295375aa42ced7059b3c19d1fc7705594bdfbcfea4a91efd94b7ac4d9
E2A_VACCINE_H0,LA-0957,957,a709e152dac852a8b537f65d17210af43fc9be10d2eef12eae55173baa666296,M2,A1_FINAL_NO_MEMORY_V1,certified,PASS,,,995b8306fb6ba38a870dc4d472701b80bba1f7be04f467e97efa1636eb34114d,b499937034d3654783ba7409e6e4de9b5c48b0038c24205a1422c7eeccea39d9,0.0,0.9,19137905.85543848,4.0,1.0,1.0,1.0,1.0,6bfb827ca699f4dbb71e52d51169d616a1070ecbfdb6fdb3e5a552fb5880e835,3,2,2,2d25394137cd3e155f9b867138921798137663849c8db4cd9227e356d47eaaff,P1,1238812468.158057,1238812468.158057,19137905.85543848,0.0,0.0,19137905.85543848,h09,5,Katrina,1219674562.3026185,0.0,1219674562.3026185,1871371371.1250112,0.0,1.0,21346259.704404235,0.0,NONE,True,False,0.0,0.0,381714.10210519214,0.0,NONE,True,False,0.0,9371371.12501111,0.0,0.0,NONE,False,False,0.0,1862000000.0,7caf264a626792416afeb9ecc310e5fbfe1cf1804e4984739ab32afdb3939609
E2A_VACCINE_H0,LA-0958,958,83b2c65e8fe27137aaef0cb27e9cfe42104b8681f38c6b5aa5cf5508fb35e602,M2,A1_FINAL_NO_MEMORY_V1,certified,PASS,,,8704c218de27550cc65ba64cf057b067f850e4c1065ae82545bf031901e1965f,fc49aa4f841aa5891ca9976b2ffd468fcda4156f23c92b2a76796f1b5bbf6973,0.0,0.9,19137905.85543848,4.0,1.0,1.0,1.0,1.0,781f0f4065dae568ebc20d88a00f62dd57f67535b7ae24c64d4930c1fa17e24d,3,2,2,a6c19dc1dc46161af32962031edb6ab5924d69f2eb90dcc11381dca6d311d431,P4,1199856902.3254125,1199856902.3254125,0.0,546103.3079714444,0.0,546103.3079714444,h09,5,Katrina,1199310799.017441,18591802.547467034,1180718996.469974,1678553898.8818626,203403445.18252382,1.0,0.0,0.0,NONE,False,False,0.0,10400000.0,0.0,0.0,NONE,False,False,0.0,9557344.06438629,0.0,530774989.02150977,R0,False,True,203403445.18252382,1658596554.8174763,e525ea496460cb447b2bce005561261b331c159baab7f9922df58c340e0fd0ae
E2A_VACCINE_H0,LA-0959,959,5678edd621148dc11ecaf4fa0597c063442d95adf8e16a86e56f0be9c6c2d5b7,M2,A1_FINAL_NO_MEMORY_V1,certified,PASS,,,e7a27f9b7f272b80208793192a415b6c8a8ba1f1edd9783387c70be3a46296cc,e9a58860a6f928d1cc5f28a00747eb72c2420a7a20efb57b750bfcb43ef55c6c,0.0,0.9,19137905.85543848,4.0,1.0,1.0,1.0,1.0,06869d9966d11718eea6d919d79dc9402de712d6d7151260e788a5010440ab0b,6,2,2,8e6a1d94eace9f351f9b61d49ca844cbca6b58a3aeb20f00933769ac5a1fb267,P1,1231370062.8293421,1231370062.8293421,19137905.85543848,0.0,0.0,19137905.85543848,h09,5,Katrina,1212232156.9739037,0.0,1212232156.9739037,1881153615.9272404,0.0,1.0,0.0,0.0,NONE,False,False,0.0,10400000.0,1375244.743851572,0.0,NONE,True,False,0.0,8753615.927240292,0.0,0.0,NONE,False,False,0.0,1862000000.0,d3ec3e1f75157a99b3717c7679fb469fdc093b835a637bce533111bd0ca2f097
E2A_VACCINE_H0,LA-0960,960,e3d94ee27cd33338115fd602d837e8d2d64d2a8da4e1267513c9b9093f14eb2d,M2,A1_FINAL_NO_MEMORY_V1,certified,PASS,,,91f3795e617e863d0a1bde982e7b289916a80236ca3916fbedd9921ad4c1f0f2,802e147a97fbcf1840be6d2036d34aa2f3acdaf48277b74f71faff3a3c7940ba,0.0,0.9,19137905.85543848,4.0,1.0,1.0,1.0,1.0,d2abf3a34fb96ce05d279f4c7c469194ca408808c45b6fde52ee403bdf48595b,3,2,2,7ba3da881a63fe6041077f4ad8e3e5d44b0c158c3eebab7bb5552a7d000b2d2b,P4,1222967340.3970492,1222967340.3970492,0.0,7886784.154642389,2293480.6417978685,10180264.796440259,h09,5,Katrina,1212787075.6006088,8957641.05899822,1203829434.5416107,1740201460.9594252,141755883.10496107,1.0,0.0,0.0,NONE,False,False,0.0,10400000.0,0.0,0.0,NONE,False,False,0.0,9557344.06438629,0.0,212449547.61758456,R1,False,True,141755883.10496107,1720244116.8950388,98f38c80c65149fdfb4cc1dd2ed7f5b27bb767c3edc3aff6f70cb7d64a504485
E2A_VACCINE_H0,LA-0961,961,6ff72c32fcc38e5a876317c88baf8426aa9c2be2a48f5e9c3d8e7b9b16c81159,M2,A1_FINAL_NO_MEMORY_V1,certified,PASS,,,0e21291a98dd8dc59a2b5a819a9931a7210284ce76ad59330a430c904c851fba,4c0c5666208d8a396b65825dedc6fc4978843268cef1b919c03c18e6fa1e4bc8,0.0,0.9,19137905.85543848,4.0,1.0,1.0,1.0,1.0,fe0a288b69afaec1965180645174a0e5e19d52d746d038354256a9307a253f87,3,2,2,75dd88d48f67b19f0014bfe74db1d5b725b33659a41bf2de806b426d5b04e8c5,P4,1204288712.1902025,1204288712.1902025,0.0,168762.4744944533,0.0,168762.4744944533,h09,5,Katrina,1204119949.715708,18969143.380944025,1185150806.334764,1880667101.292303,1290242.7720831146,1.0,0.0,0.0,NONE,False,False,0.0,10400000.0,0.0,2075573.9827406458,R0,False,True,1290242.7720831146,8267101.292303175,0.0,0.0,NONE,False,False,0.0,1862000000.0,15b41354ad14fc147fa70b609af93040d2eef52132c9d0d04ad40b7643defc7f
E2A_VACCINE_H0,LA-0962,962,94051f5d79aaa9d30b40f544272cfd0efed889ed6139971b0f730f47cd1b503a,M2,A1_FINAL_NO_MEMORY_V1,certified,PASS,,,54d01e56cb8173bf2e26abf7f9c4cd66986ef8fff3392fa724d6730d54c48d13,6f3e5214d29b0be78617801c9bfa0c2f5c060dbb24850937ae32ac568505da15,0.0,0.9,19137905.85543848,4.0,1.0,1.0,1.0,1.0,a088f1cffcafde445739a0d57fda83ee5fa26c3ea910caf1c0abff363ee7d2a9,3,2,2,2cabbb80e923c1d194b716a71416f78b37c7f717cf4b67054457ef4a7f88ab9a,P4,1211776584.7782452,1211776584.7782452,0.0,10345425.177795837,0.0,10345425.177795837,h09,5,Katrina,1201431159.6004493,8792480.677642642,1192638678.9228067,1710349893.474353,171607450.59003335,1.0,0.0,0.0,NONE,False,False,0.0,10400000.0,0.0,0.0,NONE,False,False,0.0,9557344.06438629,0.0,244536320.52751648,R0,False,True,171607450.59003335,1690392549.4099667,83ac41a9d72bcb54a03e443c21dbeb409397d0151d77cd4723a4441135dc0efd
E2A_VACCINE_H0,LA-0963,963,33aded302c15ddf61600751991ed5be92cdd90c6dd4605dccd67e49aa5492cd5,M2,A1_FINAL_NO_MEMORY_V1,certified,PASS,,,9c4ebc0e780769fbf13ecedf63429a6f24ee8b9acc583a0635edd8f6a9211985,f368b911ac0417b144cc8c69962cbfaaf398a518d922f6b9eb09d8f5ec152a40,0.0,0.9,19137905.85543848,4.0,1.0,1.0,1.0,1.0,f060bf2a3fceff9472e87409a478a61933921e529b8c603777ff99a3c717ec1e,3,2,2,8598048ebf7fa38008de64d8395c4efdecb4649cd784c3c325f3a371965cc4f4,P1,1233114257.5016363,1233114257.5016363,19137905.85543848,0.0,0.0,19137905.85543848,h09,5,Katrina,1213976351.6461978,0.0,1213976351.6461978,1881184950.266711,0.0,1.0,0.0,0.0,NONE,False,False,0.0,10400000.0,1375244.743851572,0.0,NONE,True,False,0.0,8784950.26671094,0.0,0.0,NONE,False,False,0.0,1862000000.0,eac3a012a448e2f6eb44443673318326e3a2d8554911f085dfe4e0b6997290f0
E2A_VACCINE_H0,LA-0964,964,ff72aace98f938c5b7cc988745a4863fed42ba0f594a4968389ff0542325fd1e,M2,A1_FINAL_NO_MEMORY_V1,oracle_failure,FAIL,oracle_failure,Full exact certification was incomplete,321248810fd7c8b355871e005dec7a1eae0875b0d7a4a7a4da576e075dd77633,c8c1fad54d4c21b1f5f6b4127676977bb4fad98f7a2f96c549a700b6d76b7d1f,0.0,0.9,19137905.85543848,4.0,1.0,1.0,1.0,1.0,8619f6ca3b015b32a7e31d6f2093e57c5d86a53ad5bd566d927bdc2b4605daf5,3,2,1,,,,,,,,,,,,,,,,,,,,,,,,,,,,,,,,,,,,,,,64c6a1cc13ac34ab16526b3415522e0de8e745054a4b6766c112b9b526eaaf31
E2A_VACCINE_H0,LA-0965,965,a3a7cc71ca2ff8e7c54dbe9288fd180e55464cb8dc635072ce27d25766863be5,M2,A1_FINAL_NO_MEMORY_V1,certified,PASS,,,c434ac64d0c21b34b323272677e6ae7c651b07106aa958a8c6412594259fb064,10c06fdf44f6e6d899a0f823ece6d7547643ca7f5ced5386d2dbbdf24fd60dbf,0.0,0.9,19137905.85543848,4.0,1.0,1.0,1.0,1.0,a5c11e5ec4e4dca25d418e9f2263d40270ca0579edef14f31a1916003f39654b,3,2,2,df8158e84b591f4a68b03a74ce31eb60e3ddda8c91562ba45bb99871f386379b,P1,1223097138.4879928,1223097138.4879928,19137905.85543848,0.0,0.0,19137905.85543848,h09,5,Katrina,1203959232.6325543,0.0,1203959232.6325543,1871089046.2890298,0.0,1.0,15018150.220231984,0.0,NONE,True,False,0.0,0.0,676246.7632792628,0.0,NONE,True,False,0.0,9089046.289029792,0.0,0.0,NONE,False,False,0.0,1862000000.0,2c66994bf4592db42c9f4a8c93af73a94bc793b43d54e1873221b5fe354dfe7a
E2A_VACCINE_H0,LA-0966,966,96b381dd9f5cad43c47b222e3fc0cc56f85577b383b90ddf22d7fc096af41e46,M2,A1_FINAL_NO_MEMORY_V1,certified,PASS,,,6c94e51bcbf5eb3ad6deba7360c7ab9195a6626ebbf79fe9c43861f3520af850,6c7225a9bf8fd6eec9b3a6059571de189e1fd5ffa93f64d7cb5562d2b596413f,0.0,0.9,19137905.85543848,4.0,1.0,1.0,1.0,1.0,dc32960d44bc63c7799029d642e9317023f191885ae81d3b0c5fe5cc25fca5bf,7,2,2,a475982730021316f6fe0f4bc284cd011fa67f48262b859215b8cf1b1c6fd036,P1,1221595597.4282408,1221595597.4282408,19137905.85543848,0.0,0.0,19137905.85543848,h09,5,Katrina,1202457691.5728023,0.0,1202457691.5728023,1871062071.2053177,0.0,1.0,14604482.08142334,0.0,NONE,True,False,0.0,0.0,695500.3457387596,0.0,NONE,True,False,0.0,9062071.205317661,0.0,0.0,NONE,False,False,0.0,1862000000.0,2676566bf7fb1ab6b5bccd937017647e5abab0e2cda970f096e93213ae85cf65
E2A_VACCINE_H0,LA-0967,967,ac8ccf22d03250b335238d0dc3dce458bc66708ea503ee305485dff7b57e79b2,M2,A1_FINAL_NO_MEMORY_V1,certified,PASS,,,0a7a6eeb5566f5b63ce7aad78d11f89bcc81f06bba73d1462867a771bad80eff,0c2daf55a256d5011b4a8b28e3aeaf92d58921fe03a00c266410f8c8fd1d5d9b,0.0,0.9,19137905.85543848,4.0,1.0,1.0,1.0,1.0,a04c7f042884e2a8d4aece7597e18bfe38c160bf2cd9729bdf928ca168d0ce55,3,2,2,bc9ecbfe7f72b41d16a7fe18ecf649d9fb54788d50bb1a0d016184f2bd87813f,P4,1206656951.8010478,1206656951.8010478,0.0,6295603.629325628,0.0,6295603.629325628,h09,5,Katrina,1200361348.1717222,12842302.226112848,1187519045.9456093,1696693168.7165709,185264175.34781548,1.0,0.0,0.0,NONE,False,False,0.0,10400000.0,0.0,0.0,NONE,False,False,0.0,9557344.06438629,0.0,328422237.9596502,R0,False,True,185264175.34781548,1676735824.6521845,771421f9df86b826dacd6dafef371622fea9f66dac74882a7355a83fc2ebb7b5
E2A_VACCINE_H0,LA-0968,968,48b4bfde7aa031000874feeee632b1ce5bb5b5b8019f6ab8ecc8b815ac38b818,M2,A1_FINAL_NO_MEMORY_V1,certified,PASS,,,d7e45f6190bf0dbdbe95649266fbb43db2e9d8435f3d97950057028e37aacd3f,f1eef7c95d71bf8a3e09f734fd280ef10e4494e2b81b713b223cdd80996d3724,0.0,0.9,19137905.85543848,4.0,1.0,1.0,1.0,1.0,a7ec9eb0a84948ecc5ec2930558f917ddf30e31eae692cccbce43038105bf066,3,2,2,11a4586ff519d819659a018c4a36aae82866ebf376fbf70d62bc5e9fa446395d,P1,1218837596.9697442,1218837596.9697442,19137905.85543848,0.0,0.0,19137905.85543848,h09,5,Katrina,1199699691.1143057,0.0,1199699691.1143057,1880394535.4109354,0.0,1.0,748524.8682674295,0.0,NONE,True,False,0.0,9840000.0,1340405.7414674952,0.0,NONE,True,False,0.0,8554535.410935357,0.0,0.0,NONE,False,False,0.0,1862000000.0,6c20a1fb0e15f1faddb487cea89cf08dbfc0ebc8733f306b88e3225b3aa5dd22
E2A_VACCINE_H0,LA-0969,969,3a1901d8fbe570c7d6bb69127cc65874b5638c3064850b927ea651061553c553,M2,A1_FINAL_NO_MEMORY_V1,certified,PASS,,,15cf40e91bf04a82107bde823061d7f22fb4bf1c33f5a3dd6f2acf4d81dd8693,1fe9e526f671f28c52eb3b2c7b0657af59b1dbc241453de74e0df761a39e408e,0.0,0.9,19137905.85543848,4.0,1.0,1.0,1.0,1.0,2127c93ad04584fb0a4f288317130bd855a87e151a42fe80d72cb44f4e9468ea,3,2,2,b593823f969afe44620286c2cfaf856f277454f6954e93089b775a7b590796e3,P4,1238315939.8971224,1238315939.8971224,0.0,7525006.522090357,0.0,7525006.522090357,h09,5,Katrina,1230790933.375032,11612899.333348121,1219178034.041684,1781144161.290393,100813182.77399316,1.0,0.0,0.0,NONE,False,False,0.0,10400000.0,0.0,0.0,NONE,False,False,0.0,9557344.06438629,0.0,264598768.41116637,R0,False,True,100813182.77399316,1761186817.2260067,3d0a3975db817e4e96eab2b61a1162409673ee1a9eebaf596f62c71593e561fd
E2A_VACCINE_H0,LA-0970,970,acd3d83af35af09cf2cad85445ae0dcd9cbd1d0d0a0912ae1511ce8a391672c3,M2,A1_FINAL_NO_MEMORY_V1,oracle_failure,FAIL,oracle_failure,Full exact certification was incomplete,707ebde23e9f61cadba6ece4dfd5b16c0874a53c432354e8735fe67edc40bd2d,b8a49cb5b3e26e3ff5f5e1816a5763e2430a3b6aeb2f4a6f0db78e5fa9958c7a,0.0,0.9,19137905.85543848,4.0,1.0,1.0,1.0,1.0,432dc191f5b1d90be77ff6feaec973d76110f11cb4420aa522e680349a223510,3,2,1,,,,,,,,,,,,,,,,,,,,,,,,,,,,,,,,,,,,,,,5b4d6d8697bd34727d9c16791beee12c986fb1ae891f6836bd1c265fce95e31f
E2A_VACCINE_H0,LA-0971,971,5235b3b2efd35b3d97a8e72b96964803c43873ed8b004ee3d6b4af26da1d2148,M2,A1_FINAL_NO_MEMORY_V1,certified,PASS,,,f68e6fa42b55a80e05869533077f7a56850b5e722ba46411da204a0345d755c8,cd4c69d3682ba6076c2138318cb40f7edacc03c358b5f76eb30762cc8a6f6b80,0.0,0.9,19137905.85543848,4.0,1.0,1.0,1.0,1.0,abc6a9e52e8f8bcf09afdd8b43c57222a494a381126eb695c493efdbb72ed347,3,2,2,ceb233d60418ed4d46ef677d7eeeb7d37bfe558864622eb90693c5aa3e23c426,P4,1186322331.2571127,1186322331.2571127,0.0,7798580.650419106,0.0,7798580.650419106,h09,5,Katrina,1178523750.6066937,11339325.205019373,1167184425.4016743,1703924676.0150793,178032668.04930714,1.0,0.0,14379858.193391908,R0,False,True,10400000.0,0.0,0.0,0.0,NONE,False,False,0.0,9557344.06438629,0.0,231782114.9162476,R0,False,True,167632668.04930714,1694367331.950693,95e9cf73f571b823ba5edfa68fd90f4939203fdaddd13582f6e59470763b9924
E2A_VACCINE_H0,LA-0972,972,b2ffc054354e99ad70ebde91ba67512301b5426d3258e58dde6603e25f618e8f,M2,A1_FINAL_NO_MEMORY_V1,certified,PASS,,,3c632c48d7f0474b8a1f03ca196e3326c49ae787bd58321851c30f54792c8943,75dddce1a1e2898bf885c4072d33aec43e4d44617c710cfa85afe95f05b3a248,0.0,0.9,19137905.85543848,4.0,1.0,1.0,1.0,1.0,7898754c0c41e1f6014428050d036c3b6e0b099660f0b0231b6ad7b6c986280a,3,2,2,d35d926d4ef1b2fe398d6de34be782e8052fc97d1eb5c1cd23f19bdfcbffa2ba,P4,1186510679.3559616,1186510679.3559616,0.0,5279423.143675059,0.0,5279423.143675059,h09,5,Katrina,1181231256.2122865,13858482.71176342,1167372773.500523,1870431773.0220704,11525571.042315956,1.0,0.0,12296970.7538332,R0,False,True,10400000.0,0.0,0.0,1330876.3643000824,R0,False,True,1125571.0423159555,8431773.022070333,0.0,0.0,NONE,False,False,0.0,1862000000.0,416d28e84cb8fbccbef3140540728fbccf5d8e0d0b6523f897ed7f6207baa6d5
E2A_VACCINE_H0,LA-0973,973,d4b06ec2f3308480d52f46ba91166c85de00f25aedc90fe9ed8f4f256cd04dd2,M2,A1_FINAL_NO_MEMORY_V1,certified,PASS,,,67a499d7c4d02616ed7d694173b5805bc104a774470cd1f85f14eb16b1b673ef,b886b40528991163f80359b76af783df26332f8517f6f6b595dd9798c5fad003,0.0,0.9,19137905.85543848,4.0,1.0,1.0,1.0,1.0,52c9d35bd25c749856d7aba2af6e640805349012e2af740bb8d905c8d64b23c3,6,2,2,21f49eb38e82fb62fe4a26a5916ac44a2ddfe0547d727bdc82de837ca6952a94,P1,1219453995.3099566,1219453995.3099566,19137905.85543848,0.0,0.0,19137905.85543848,h09,5,Katrina,1200316089.454518,0.0,1200316089.454518,1880939544.5791628,0.0,1.0,0.0,0.0,NONE,False,False,0.0,10400000.0,1375244.743851572,0.0,NONE,True,False,0.0,8539544.579162799,0.0,0.0,NONE,False,False,0.0,1862000000.0,06f94ce91e8ce209f50e2ebac39abfd7c285aa60ec90a0b73a3d9b28afb9d42e
E2A_VACCINE_H0,LA-0974,974,1dde1287a7be07ec2aad2daeebb69326a4a5e2e20af27899bea353d5729bb721,M2,A1_FINAL_NO_MEMORY_V1,certified,PASS,,,de4175f78296e380743f3f5c435f52ffe52116d9e38b00b29a94221423455e89,c77ca34af4207d74d7a8d012f51908ac2e2c97ee6cf406453271bcdff4b8d8a1,0.0,0.9,19137905.85543848,4.0,1.0,1.0,1.0,1.0,f06b600f9e9e906e21fd1af2fe7c200e65252bbd2996fb5810ecfe9a12c4847c,3,2,2,e897c608fb404412821a0effb65d646d5d7e3ad0cd54fd3b0674eb1e6d2babf2,P4,1217257217.3811476,1217257217.3811476,0.0,8683457.246396333,0.0,8683457.246396333,h09,5,Katrina,1208573760.1347513,10454448.609042145,1198119311.5257092,1786444111.8986552,95513232.16573127,1.0,0.0,21895212.96766839,R0,False,True,10400000.0,0.0,0.0,0.0,NONE,False,False,0.0,9557344.06438629,0.0,179189648.52262402,R0,False,True,85113232.16573127,1776886767.8342688,5c34286f7a37b252a0a2ab140e51b41d7e4c7cc56afafc8c26bcbaca0d8867bf
E2A_VACCINE_H0,LA-0975,975,9b5367cf41be5bca700f52799fd9ccb6cc9624cbd0981e4b99a1c7784ec36c64,M2,A1_FINAL_NO_MEMORY_V1,certified,PASS,,,1ebc0364397f89eca1b7db359423e2ba0cad76673e393d704daeb3b12373e208,a941021a11fd148551837b3c2d09789e52d5d2488a61f67e422cbf851f293a86,0.0,0.9,19137905.85543848,4.0,1.0,1.0,1.0,1.0,b3fc5bb1ca083ba29f6dc084f8b99f675a95a3c1ccd1f7f60621893bc36b34bc,3,2,2,e80ee7d2b9b442c94cb9c4cf826cdbddaec2f49aa206d5fbf178c5cc685d1aa2,P4,1179580679.519311,1179580679.519311,0.0,5427598.298166019,0.0,5427598.298166019,h09,5,Katrina,1174153081.221145,13710307.557272458,1160442773.6638725,1685941183.329949,196016160.73443744,1.0,0.0,14632783.986706106,R0,False,True,10400000.0,0.0,0.0,0.0,NONE,False,False,0.0,9557344.06438629,0.0,261161652.35276374,R0,False,True,185616160.73443744,1676383839.2655625,558a8cc67173243d8ef5ae071b41128541f67236afbf79f5388afc60e21ac2de
E2A_VACCINE_H0,LA-0976,976,c649e11efae62a4f0f713e10c1efc11152d19ba019172ea5de07228ead73426d,M2,A1_FINAL_NO_MEMORY_V1,certified,PASS,,,181e76ddf024692c4a7687746bdb0498d08670ad24124cea464cc6c1dbba179d,97fa21dd78fdecc530542ba851160e10a13a1bbdd32b14ddffcf255601869b96,0.0,0.9,19137905.85543848,4.0,1.0,1.0,1.0,1.0,6c4c461f32ab1df21c3d46cb3f127a0f28e52742afbe3db4f711c2984e76723d,3,2,2,df993a0cb9f8f7fce5aa8f0a9f8444d847eac17ab0d50112642dd5043131f1ae,P4,1207977200.1601305,1207977200.1601305,0.0,1618293.7958871096,0.0,1618293.7958871096,h09,5,Katrina,1206358906.3642435,17519612.05955137,1188839294.304692,1700214957.9800224,181742386.084364,1.0,0.0,0.0,NONE,False,False,0.0,10400000.0,0.0,0.0,NONE,False,False,0.0,9557344.06438629,0.0,474671984.5083559,R0,False,True,181742386.084364,1680257613.915636,26d491fe6f22c5f6ce3d9fd2e2e1afd0488761a7583f9d4a7b60ac62ab525bfc
E2A_VACCINE_H0,LA-0977,977,d92bdc043e0ebf174d295cbce770e32fd293a4cbdea5f9663fe38c0dc7794613,M2,A1_FINAL_NO_MEMORY_V1,certified,PASS,,,815611b9a69f75b4a85537f9b854169bd180ec0995eb571c1e04a1770a4da391,1bd8e32bad791a3639b216745efa7ad668bd1a7a4836ed2b314e5c04c682f22e,0.0,0.9,19137905.85543848,4.0,1.0,1.0,1.0,1.0,f8f5da2cd3be6e9ed1fa80c674340b59ac9fd10774256ab2f0de576ca5250799,7,2,2,dfeac11d65efc07c67231e2bc06169be7b315aeeb70aaf075f1cbd18d6169911,P1,1220619742.369279,1220619742.369279,19137905.85543848,0.0,0.0,19137905.85543848,h09,5,Katrina,1201481836.5138404,0.0,1201481836.5138404,1880960487.1463394,0.0,1.0,0.0,0.0,NONE,False,False,0.0,10400000.0,1375244.743851572,0.0,NONE,True,False,0.0,8560487.146339472,0.0,0.0,NONE,False,False,0.0,1862000000.0,673d80a3a3ba47a67f54409384d74fe6ad4e55f9e4445f3121d367e8096c69ab
E2A_VACCINE_H0,LA-0978,978,4d8164fe0a8b7af6b958f7b5b0ebcc8dd1c2517306e5e8633b7304becf246e7b,M2,A1_FINAL_NO_MEMORY_V1,certified,PASS,,,7a29e2fe1fc8f729c9376b30204855ebd7dba1583192527aeeee5f10cd4ef903,47d2b0387f1e64c1674a5d3eaf5837ee02d99e8b3eee36e68262ae01e0118943,0.0,0.9,19137905.85543848,4.0,1.0,1.0,1.0,1.0,72e1d522066d20afccf03796143ec07250c5d69c14389192cc54e5b0c103a232,3,2,2,8d3bbb492fe7fe771e1c012bd56d4a4a4ced44b27b68b423f37f82307f401f82,P4,1189326154.9535575,1189326154.9535575,0.0,1302478.3427043732,0.0,1302478.3427043732,h09,5,Katrina,1188023676.6108532,17835427.512734104,1170188249.098119,1650462916.7759755,231494427.288411,1.0,0.0,0.0,NONE,False,False,0.0,10400000.0,0.0,0.0,NONE,False,False,0.0,9557344.06438629,0.0,509209919.8634898,R0,False,True,231494427.288411,1630505572.711589,3960a379e3da5aa75dcc24b5fbca0d2434ada791f9c1b5437b64915dd08a3356
E2A_VACCINE_H0,LA-0979,979,16cb21790d3fb180d4c2faca1b6ef758dcc26f033e88bba73fd3c7a446628f2e,M2,A1_FINAL_NO_MEMORY_V1,oracle_failure,FAIL,oracle_failure,Full exact certification was incomplete,4f5d2c8a29a7df7889bf0402c5d831e5b676038f3973d33ba200990b3d86c544,1a812f42f9ebd4fe3a7940fcfaf31d632a3ec25c1668640d664b4ee194f65b61,0.0,0.9,19137905.85543848,4.0,1.0,1.0,1.0,1.0,4df9d8be62b37dce3355f77c566d069ade3785ef5048d6a3163523ac6dc0265a,3,2,1,,,,,,,,,,,,,,,,,,,,,,,,,,,,,,,,,,,,,,,22a6e4b91817610f713c44430825b6c2c6255d28e247e96ec652868059fcf1a6
E2A_VACCINE_H0,LA-0980,980,01494db835f9752bcce216a4b094604e2aa645143d1c40d533b47172635e773e,M2,A1_FINAL_NO_MEMORY_V1,certified,PASS,,,aa96d24a5e054e8e62bdac45369b902b82c76c83c7f2a7bef47716824cf94d53,72c0a8456701f221a2f1a7864ce75e77b9fd93e0beb89e3357b98589a379640c,0.0,0.9,19137905.85543848,4.0,1.0,1.0,1.0,1.0,835b7f38bf91ed52ba6d0069f3b4f73ad56665f4efbfd6d6b23c331dab4c18fd,3,2,2,c3057772eaaed261a2bd09dcb47bcec35ca403cdabe36401ad959517479a2673,P4,1227117929.9144964,1227117929.9144964,0.0,5553382.43089839,0.0,5553382.43089839,h09,5,Katrina,1221564547.483598,13584523.424540088,1207980024.059058,1812747762.4891076,69209581.5752787,1.0,0.0,12485610.002550425,R0,False,True,10400000.0,0.0,0.0,0.0,NONE,False,False,0.0,9557344.06438629,0.0,70603221.15020241,R0,False,True,58809581.57527871,1803190418.4247212,8d2d364d3039e0b5411931b023386bcb1732d1601fe4e9a69db2818f946bbd79
E2A_VACCINE_H0,LA-0981,981,b62e62fe865d5f0ba606654a7223dfd467150794e14be954a4cd4ca4f781ae0d,M2,A1_FINAL_NO_MEMORY_V1,certified,PASS,,,b66b036453770f63c5d829772b520376fd71da3c95ca128ef1769d0090ab8ca1,14826af47f1e808eccdf21d7512896c6330696d1422ada84fc03284510e1902c,0.0,0.9,19137905.85543848,4.0,1.0,1.0,1.0,1.0,33baad69c8b5a369f0ef02844cca9b7c2948a0e4e82c89c09135f9ad01a85102,3,2,2,bf63aaf215dc97b914dff93e31a464e0fb38de2ced5637a2b0b904d411e1093c,P4,1221345226.1272128,1221345226.1272128,0.0,4131297.2443589424,0.0,4131297.2443589424,h09,5,Katrina,1217213928.8828537,15006608.611079536,1202207320.2717743,1735874438.2592645,146082905.8051218,1.0,0.0,0.0,NONE,False,False,0.0,10400000.0,0.0,0.0,NONE,False,False,0.0,9557344.06438629,0.0,195851398.76319587,R0,False,True,146082905.8051218,1715917094.194878,74ce2dd94dd6c595ee65b1ee6d97d8e640724723924040824f0b397baf99d1af
E2A_VACCINE_H0,LA-0982,982,182c98024aeab95a5710c14bc11bca9d2e1ac8582a207c393ca0f89cd98afbe9,M2,A1_FINAL_NO_MEMORY_V1,certified,PASS,,,d5f93c87bbf82847fa92cd779ae916e98d45defe8398c921f24b37ea7f92e5fa,49bb0f6d5f3e067505a23d3f4a05189f085eb73344c82efbe4e76ac243e051ed,0.0,0.9,19137905.85543848,4.0,1.0,1.0,1.0,1.0,9224e75f2a851a827522c4d9ba1d58309d59e3ac4f00cf8b62519978f0ccccd6,3,2,2,071869eac192d0f0a4774a171e6ae498586e8fb226349633134bef07e6469cf3,P4,1239392091.1770806,1239392091.1770806,0.0,6266658.701263944,0.0,6266658.701263944,h09,5,Katrina,1233125432.4758167,12871247.154174535,1220254185.3216422,1784014816.6466622,97942527.41772415,1.0,0.0,0.0,NONE,False,False,0.0,10400000.0,0.0,0.0,NONE,False,False,0.0,9557344.06438629,0.0,151981142.41404876,R0,False,True,97942527.41772415,1764057472.5822759,5c8d5024bb54d2684c83ebbc2f8a296aefcc9e9e2a3dba75a2fcfdfa0f65931a
E2A_VACCINE_H0,LA-0983,983,567927b558c755c7fe1121f92beb2bd1633a75fbb1fc5bf1b52887d50d800858,M2,A1_FINAL_NO_MEMORY_V1,certified,PASS,,,b136ed26a1461f4fa106eeb69479b564a294a5c7bb67275aa7508d6aa0bffef0,61e0b4fc618c175937ce0de44f22fa0e30671beb9c8f2c5c92d1da65806d88a0,0.0,0.9,19137905.85543848,4.0,1.0,1.0,1.0,1.0,c020fefde66d5765873435a7f28dfb4c8a614fdad3a7d97c12a77ef2ee85783e,3,2,2,6bca11f7b7a84dfac1bc3dfb4cc2ccbf939f08214a579e3a5f7023d54fadb800,P4,1216657161.7864609,1216657161.7864609,0.0,6730614.043137892,865377.116631184,7595991.159769076,h09,5,Katrina,1209061170.6266918,11541914.6956694,1197519255.9310224,1880889299.653834,1068044.4105521704,0.9999999999999998,0.0,0.0,NONE,False,False,0.0,10400000.0,0.0,1393197.7059594034,R1,False,True,1068044.4105521704,8489299.65383412,0.0,0.0,NONE,False,False,0.0,1862000000.0,b4d2d1da0d21837e5ef9c60c96e9fe35b9f046dbdd449c7a88de9604cedb13db
E2A_VACCINE_H0,LA-0984,984,1471fb26ef33e9b553fd44116d98e0a4ae319f44686885b4b22acbd023d1f820,M2,A1_FINAL_NO_MEMORY_V1,certified,PASS,,,95d5f763cbbddee6c897a012b42d54e4b152330aa817214cfc80210db8ae1b90,7bc39b890c09d77aa7b9b95ebec39bf3843795203e22692a0e3b82035a3f4db4,0.0,0.9,19137905.85543848,4.0,1.0,1.0,1.0,1.0,f95989c6e21443d2c27c15352cbe58b5cc9ca67dff700c1794cb0a66dac3a87a,3,2,2,9ff823499215f8edff91da73ffd4d611479942617b805d4ca4081c00c72e6245,P4,1191348949.6441498,1191348949.6441498,0.0,8482540.521032589,0.0,8482540.521032589,h09,5,Katrina,1182866409.1231172,10655365.33440589,1172211043.7887113,1655858762.6215587,226098581.44282776,1.0,0.0,0.0,NONE,False,False,0.0,10400000.0,0.0,0.0,NONE,False,False,0.0,9557344.06438629,0.0,538630798.7902024,R0,False,True,226098581.44282776,1635901418.5571723,393786cc206b10adc17104c8abd97dcef9aa4bd84c2604e914a44f374dcf495b
E2A_VACCINE_H0,LA-0985,985,c79ae8420df188e9e1b105ad7716f6f364d4b46bb95e32e16944085990255717,M2,A1_FINAL_NO_MEMORY_V1,oracle_failure,FAIL,oracle_failure,Full exact certification was incomplete,5c926d8334fd2b7cc5099a0ea187fca20ae038d5856df845a7691712aefdf026,7b680c754683f418dee0dd770eb1970b43c87258e1544020bbd019d147f970da,0.0,0.9,19137905.85543848,4.0,1.0,1.0,1.0,1.0,6f9ffeb18ac53b96db93ce6801fe051908c1b0c095001795cd4fbd8e3c0dcd91,3,2,1,,,,,,,,,,,,,,,,,,,,,,,,,,,,,,,,,,,,,,,ef358a37062cc9f3e69b30a0632f2108c1bc90214e78ae5435eec11dcd0091c2
E2A_VACCINE_H0,LA-0986,986,9c5c609ed7a36743b84cd937a6dc7e693e90b9c292c38d4ec9a21bfb55d97323,M2,A1_FINAL_NO_MEMORY_V1,certified,PASS,,,43130bdf45b5ab467ac020f24f8cb55a3fa23e21693a8ebac9afc0d1de555cd4,519d60c3aa027d15fb8a31159f1bc558f2ca736696736e4865fbaf8e25c03cf8,0.0,0.9,19137905.85543848,4.0,1.0,1.0,1.0,1.0,68a3209e12083d8da53e422cbfbbdff19e2542eff19e370a28729c41c990f0aa,3,2,2,2f73e5af269e751228e83cc465d1f9ad364627bc5a8cd4463068a9d5a03a1494,P4,1202890632.2617705,1202890632.2617705,0.0,6858845.469214554,0.0,6858845.469214554,h09,5,Katrina,1196031786.792556,12279060.386223923,1183752726.406332,1748120954.836723,133836389.22766317,1.0,0.0,17376079.51567173,R0,False,True,10399999.999999998,1.862645149230957e-09,0.0,0.0,NONE,False,False,0.0,9557344.06438629,0.0,206234664.8410847,R0,False,True,123436389.22766317,1738563610.7723367,b740b1cd11008252482143eb4c348174fe805b96b0f8549990216d4fc616ed1c
E2A_VACCINE_H0,LA-0987,987,ff9870d1fa4798a1c8889573721ee25bff9032f8c6932407d89773ba2fc1e919,M2,A1_FINAL_NO_MEMORY_V1,certified,PASS,,,0b14b728cadc645f1f1b55d889caa9289745b3dab6df55f42bd44b89551610c2,2f1ffa6c2eef1513af150536cf7f242c2cc0e98eb64df10b24a6b95b1a6f3dc3,0.0,0.9,19137905.85543848,4.0,1.0,1.0,1.0,1.0,beac3ffcc20ddd974a310e6f99d595ee4a85f043e0deff394eccbee3bfd75085,3,2,2,950258983b82d476bbde20e638c1916d873e926d2bf4bd4b4b4ad01837c2396d,P4,1218519519.3506823,1218519519.3506823,0.0,7312549.269502231,2385130.0816230653,9697679.351125296,h09,5,Katrina,1208821839.999557,9440226.50431318,1199381613.4952438,1728336808.1468801,153620535.91750625,1.0,0.0,0.0,NONE,False,False,0.0,10400000.0,0.0,0.0,NONE,False,False,0.0,9557344.06438629,0.0,331515902.9503651,R1,False,True,153620535.91750625,1708379464.0824938,beda34840b2b52cb80b19f1c603c64a1e7a9a157a7c6487631e597f3c5881853
E2A_VACCINE_H0,LA-0988,988,7e33ca8d07cd3699a84d5f73e5c1d546de9fc417bdeb1e4b64eadbba66a6b13c,M2,A1_FINAL_NO_MEMORY_V1,certified,PASS,,,d52e47f1b66da167127daf5a015390139e954b3a514eb4bf1c4d915d80549720,c26c5ae5185e8f179dead82be7bbc9049bb84d146122b93f185cf26ab2ee4fc1,0.0,0.9,19137905.85543848,4.0,1.0,1.0,1.0,1.0,8bb998d8fabccbf75bb77196e99579d2672ac3629cd708c90926ac4470d0c81d,3,2,2,2ad10f1d2dd3f3fd891e7ec8538f68f2622e52621b2a0f2749c127bad283dd48,P4,1188669419.957878,1188669419.957878,0.0,1468940.8029583422,0.0,1468940.8029583422,h09,5,Katrina,1187200479.1549199,17668965.05248013,1169531514.1024396,1870470554.6511648,11486789.413221449,0.9999999999999998,0.0,18486814.854118276,R0,False,True,10400000.0,0.0,0.0,1931853.3334269954,R0,False,True,1086789.413221448,8470554.65116484,0.0,0.0,NONE,False,False,0.0,1862000000.0,70c3949ad27eada8a0faf6cb33ce39228ecf519e8f74c8eac4474bdf15dc6f9c
E2A_VACCINE_H0,LA-0989,989,a24b503a07217b2e0170d985d0dc6702a263810ba65fbfccbd93b8938476d847,M2,A1_FINAL_NO_MEMORY_V1,certified,PASS,,,24d8133993b72e205b410c402b5627a5e595fb97a841af832a36f08f8155a107,785a62140e69d44e9643a9412ff36a097fd94e61d7ae74b98370ebab6636fe65,0.0,0.9,19137905.85543848,4.0,1.0,1.0,1.0,1.0,675cd388e399751ea52c79399625db60f2da707e3fdb68976b3c68e44577b9f5,7,2,2,e39917a951618c1d381bcde78f929fb953fce9ed7c9d0cf5c3a4d68140fab4c4,P1,1223629921.541488,1223629921.541488,19137905.85543848,0.0,0.0,19137905.85543848,h09,5,Katrina,1204492015.6860495,0.0,1204492015.6860495,1871098617.7005973,0.0,1.0,15170619.52452781,0.0,NONE,True,False,0.0,0.0,669150.3010492824,0.0,NONE,True,False,0.0,9098617.700597323,0.0,0.0,NONE,False,False,0.0,1862000000.0,bc9c4b3388c628c129b36e22dacbfb7012da1eaaed449cfefe419441f0ed4136
E2A_VACCINE_H0,LA-0990,990,40c1ea5ba649537d56d608c9041c2b2d83790e6e4baa54128f97f4ee8788cd67,M2,A1_FINAL_NO_MEMORY_V1,certified,PASS,,,274941c34f89522681eb087547d0bdeb51ae9ea8d2377760c1b49ad00f53417a,7dd39350cc3b3d439b780a7854c06b24fa85ac53dafc6f56dccc6cc439e05b8d,0.0,0.9,19137905.85543848,4.0,1.0,1.0,1.0,1.0,409f58ac8f2e8339488e80be504be309e34d7832cbb860f9bf4b44beae18196a,3,2,2,3f1f30535ce5fa7834bbf4e09ff7f10e92291259c523749ed0e4d793aa8e8d19,P4,1228583918.762035,1228583918.762035,0.0,4978074.894800921,0.0,4978074.894800921,h09,5,Katrina,1223605843.867234,14159830.960637553,1209446012.9065964,1881103563.03727,853781.0271163053,0.9999999999999998,0.0,0.0,NONE,False,False,0.0,10400000.0,0.0,1176797.7959313511,R0,False,True,853781.0271163053,8703563.037269983,0.0,0.0,NONE,False,False,0.0,1862000000.0,5588fed67f3569737a57b5496e14aebdee67f5706accded7cb176c002bef764f
E2A_VACCINE_H0,LA-0991,991,8f7c86dbc7e4378172c380dfbbce3c66751438e31006396a12e6716303e4ffe6,M2,A1_FINAL_NO_MEMORY_V1,oracle_failure,FAIL,oracle_failure,Full exact certification was incomplete,6497be07e2c1a855be519532be842a907552d5ea5cd659e16a72b788005e159d,031bfae862dcc5b40c5f777c959ca626817eb977b58aaa35c1132f3f8bfc2300,0.0,0.9,19137905.85543848,4.0,1.0,1.0,1.0,1.0,78d4014fb193fad35122d223078555d0d444c8da2c52e50606af8251230f03a6,3,2,1,,,,,,,,,,,,,,,,,,,,,,,,,,,,,,,,,,,,,,,9339e1d27b211cabf328b6d9cd8f776b433039bdf5dd3fd15fa5d4d1ffc692e0
E2A_VACCINE_H0,LA-0992,992,ceb7d7c74aae097df541d1874abfeaba4614079002b0d73bdea8a057f9398829,M2,A1_FINAL_NO_MEMORY_V1,certified,PASS,,,c14b913ed42f82aa9103aed9f1265eaa5dafa9c47db2a941d4df122124302204,b3a829233c0170d0ca7646a9a0c10592aaa8c29ff2d72bb2abd8ef48e115f3eb,0.0,0.9,19137905.85543848,4.0,1.0,1.0,1.0,1.0,28f91eaba4ef549b092462f3cb83e8824432bdef653d0428dd36e400c30bf52e,3,2,2,f61fc7c0da126e924ba5037b5dfa0b9e3941c95d32ca82393abbc5b94e71f5ab,P4,1239152959.5277414,1239152959.5277414,0.0,5999209.439295105,0.0,5999209.439295105,h09,5,Katrina,1233153750.0884464,13138696.416143373,1220015053.672303,1783376928.1240976,98580415.94028874,1.0,0.0,0.0,NONE,False,False,0.0,10400000.0,0.0,0.0,NONE,False,False,0.0,9557344.06438629,0.0,188956510.96681392,R0,False,True,98580415.94028874,1763419584.0597112,759f12cced31483e5c10f7853d6ec2f007b66899d4d4f9d2034dbce7d531b97e
E2A_VACCINE_H0,LA-0993,993,8d5821c7ed491cd9b93f912b837b8c687d6e2efd21f9b782247d91fd020e95b1,M2,A1_FINAL_NO_MEMORY_V1,certified,PASS,,,460590916d643bf950ded9a62103282b199aa68c866bad33937dec756c680aa4,a4a263787f603efa7de143fc7e73a882cbd9b0f33cc9f06c526f237ed8c91b78,0.0,0.9,19137905.85543848,4.0,1.0,1.0,1.0,1.0,2fa30db0b9ed61741ebb9cc5f1cf69dd4fabcc5cfd7daa54c4781d51af664eb6,6,2,2,64f5fb30755de59bec50c7b2790195f5add74e614416ff1b233567919c61e0c5,P1,1223562015.4081419,1223562015.4081419,19137905.85543848,0.0,0.0,19137905.85543848,h09,5,Katrina,1204424109.5527034,0.0,1204424109.5527034,1871097397.7714987,0.0,1.0,15151014.54969104,0.0,NONE,True,False,0.0,0.0,670062.7861169582,0.0,NONE,True,False,0.0,9097397.771498697,0.0,0.0,NONE,False,False,0.0,1862000000.0,b47988195ddc463cad607f8f971cc94cdb19537d783aad7251dbf731f23fd462
E2A_VACCINE_H0,LA-0994,994,c66ebd26e5f860efe501ec23ce102bfe5abce8199651ea9b2b5ae1efe4789b76,M2,A1_FINAL_NO_MEMORY_V1,certified,PASS,,,90cb2018ab410c65084afe34c56c95c96db867be0f2d366205cf043244d0cdb1,d79e845f925bf4997417a166f0e38503f93825680fbd4c1fa7a19679d83892a6,0.0,0.9,19137905.85543848,4.0,1.0,1.0,1.0,1.0,7dc2d6bc80b0510817d3cfbf49e0add3b3c1f7dc0015a27a49c0c43b76d3ea31,7,2,2,5a20b2cded8bdbb98187cba86ffda373694da362dec9cf40a88d8e99932a24fb,P1,1227883983.5121062,1227883983.5121062,19137905.85543848,0.0,0.0,19137905.85543848,h09,5,Katrina,1208746077.6566677,0.0,1208746077.6566677,1871175041.6365454,0.0,1.0,16508867.738186685,0.0,NONE,True,False,0.0,0.0,606863.4824241851,0.0,NONE,True,False,0.0,9175041.636545483,0.0,0.0,NONE,False,False,0.0,1862000000.0,fc8e87a0348e7c75494a8fc7920c2485218af9e5526030a1e5ddde2220857e6a
E2A_VACCINE_H0,LA-0995,995,d4747f09dd6375d42291ec28a40b0e884f278dcc7fe60847da2114e1fd306bbb,M2,A1_FINAL_NO_MEMORY_V1,certified,PASS,,,940aba3f92658639a48bbf716b167651e38718666c779a623aa71c91f5b53d1a,23bc6ff0a0a07067da8e35f5883f1879617a9b4afd9683e250fa3300e2db51e5,0.0,0.9,19137905.85543848,4.0,1.0,1.0,1.0,1.0,65af68c125555052da76edfd3d6a940eb352dbf18f33251a17e3af4585855c5b,6,2,2,16e3783928fb029614fca400f1b1191116eef527a7a6d168eddd8ce8dfa1d7a2,P1,1219628232.053245,1219628232.053245,19137905.85543848,0.0,0.0,19137905.85543848,h09,5,Katrina,1200490326.1978066,0.0,1200490326.1978066,1880942674.7304866,0.0,1.0,0.0,0.0,NONE,False,False,0.0,10400000.0,1375244.743851572,0.0,NONE,True,False,0.0,8542674.730486607,0.0,0.0,NONE,False,False,0.0,1862000000.0,e5317f1814d0db1d04cdae3ddee623255b88e7ffa82a791ab0fbe83142c48e18
E2A_VACCINE_H0,LA-0996,996,a5b9b742775224edfa4c03a26466f90ad468c07f13e3a2416dd5615acef85069,M2,A1_FINAL_NO_MEMORY_V1,certified,PASS,,,5da74c3a62e3e6ded94662800591df12f7e1a16495e1a75e4b271b32466a6552,909218ab4f12a656704c4c40b6bbeef7b7db6c5d0f00e38f201f9ca6a80a85df,0.0,0.9,19137905.85543848,4.0,1.0,1.0,1.0,1.0,97d2e27df391165e5c8f0c03c352ed1e447c980c66f8598dbe217301a1011fa8,3,2,2,ba28cfc2e120661e675aea828d4c33e1cd70c9785be1a8bf66211b7cd647007a,P4,1213117082.5311785,1213117082.5311785,0.0,471553.42248653487,0.0,471553.42248653487,h09,5,Katrina,1212645529.108692,18666352.432951942,1193979176.67574,1713925698.4064198,168031645.6579666,1.0,0.0,0.0,NONE,False,False,0.0,10400000.0,0.0,0.0,NONE,False,False,0.0,9557344.06438629,0.0,377472735.4178784,R0,False,True,168031645.6579666,1693968354.3420334,3f2e483f3e7fae73a7634ce805da802df8b78e003b6896d03ba68fe1d3a9a8ec
E2A_VACCINE_H0,LA-0997,997,e7607e8145e6de5781dc70ca788cd01cc03746672b89a1f1e14a78dddfe511d7,M2,A1_FINAL_NO_MEMORY_V1,certified,PASS,,,876a573d72b64f669c3d156e1113c560bbd54b3b280f9bc26d1e976c56ae34b9,1fb4c9ca4e17815a0edcb4339751e0407f069f02935c0dd8304f53b4364dce90,0.0,0.9,19137905.85543848,4.0,1.0,1.0,1.0,1.0,6653f1b2a203b0887cde73200b8fae943d74310934271dfdd53402a2210e4d66,7,2,2,c63916e40c7476bbbc24ec23ee1dd328134219388ecea0a81adfbb8e85ae8e97,P1,1220189954.8593907,1220189954.8593907,19137905.85543848,0.0,0.0,19137905.85543848,h09,5,Katrina,1201052049.0039523,0.0,1201052049.0039523,1880952766.0427556,0.0,1.0,0.0,0.0,NONE,False,False,0.0,10400000.0,1375244.743851572,0.0,NONE,True,False,0.0,8552766.042755682,0.0,0.0,NONE,False,False,0.0,1862000000.0,2f0e6e19f3998c49b90bb2fa2f7640baf8b7e1651438c19d06526efa3900c699
E2A_VACCINE_H0,LA-0998,998,234be674a34b047722c7891081688f29aff46904e7c1145ae3fccdd9f4cd33ad,M2,A1_FINAL_NO_MEMORY_V1,certified,PASS,,,89b2cb1d00696d5ec4430fa6f5a339e1776cf9ac56a2ca13b6efd3d5bfdb76a5,026a58a100cf49c8ee6162d29d03d4c5492ffa120fbda002a755e3495ca34754,0.0,0.9,19137905.85543848,4.0,1.0,1.0,1.0,1.0,0af37f3f49179e173d158fbaaaa90e6162f8dfa218e030b60380b335cfa67381,3,2,2,684121d863cdf8ffe7ae1a9d2aca93790d9d18a4aa82caced5de2da1ddae961d,P4,1218199164.7695155,1218199164.7695155,0.0,2392829.653930988,0.0,2392829.653930988,h09,5,Katrina,1215806335.1155846,16745076.20150749,1199061258.914077,1727482255.80702,154475088.2573664,1.0,0.0,0.0,NONE,False,False,0.0,10400000.0,0.0,0.0,NONE,False,False,0.0,9557344.06438629,0.0,479355904.34796184,R0,False,True,154475088.2573664,1707524911.7426336,6ccedbb5f5a9296187ce460d70b5bd511b52fa78e27604bd2ebbac446f17e57a
E2A_VACCINE_H0,LA-0999,999,763b37c09980bbdc1fc1b17613fcac2648630c41f36f572432a9eab7f3653a72,M2,A1_FINAL_NO_MEMORY_V1,certified,PASS,,,91bf557b0a08527180a573d6c7dc3688791526270db131d2f2918a4794f1d477,647d54a1f95e0aee764311855c83e5f7f2a83835c84fcf2c1cd6a618e1099ede,0.0,0.9,19137905.85543848,4.0,1.0,1.0,1.0,1.0,8047665146a5be36e9987da2390f234c7d07527e3f9a42d3b9705ba25ee4bfb1,3,2,2,221571a6424bc104cbae24e2a20cf764e71e5930cd26e2e5f189b2216c63e675,P4,1204628469.2130654,1204628469.2130654,0.0,8912699.159974065,0.0,8912699.159974065,h09,5,Katrina,1195715770.0530913,10225206.695464414,1185490563.357627,1691282150.2893875,190675193.77499896,1.0,0.0,0.0,NONE,False,False,0.0,10400000.0,0.0,0.0,NONE,False,False,0.0,9557344.06438629,0.0,392941678.9138684,R0,False,True,190675193.77499896,1671324806.225001,4dbc68f9cfb3269a2944a0c408e6061ae4e5db7a0b85945a249e293d8a510a2a
E2A_VACCINE_H0,LA-1000,1000,cdd041e17eebba1e685f1a3f70f21e86f4a1b2c1c132e3758d58ff32b79a7302,M2,A1_FINAL_NO_MEMORY_V1,certified,PASS,,,afdd5f2866ea5babc2eaac3544c6de61c4647234e793605a384bd9c7c8aefe13,0d3000790de1ac8a1785ecb0753b2cc6a0d3ad03e29afd2fc8c75c13bcab8569,0.0,0.9,19137905.85543848,4.0,1.0,1.0,1.0,1.0,57105cccfb57b2c8db0773be79aec6eadf240bf40ab4318b79a883717a6ec2c2,3,2,2,89d35181490339b74a3bed68aca4704d48eabb99bbfcb1121f1c421200537dd2,P4,1199748829.2870848,1199748829.2870848,0.0,4745647.684495392,0.0,4745647.684495392,h09,5,Katrina,1195003181.6025894,14392258.170943083,1180610923.4316463,1880585542.6026094,1371801.46177695,0.9999999999999998,0.0,0.0,NONE,False,False,0.0,10400000.0,0.0,1673696.2019359611,R0,False,True,1371801.46177695,8185542.60260934,0.0,0.0,NONE,False,False,0.0,1862000000.0,db96fb93279e93b7a806bc0a2c8ee05da43627da572a2f140767c5e614cb7898
