case_id,simulation_id,sample_index,input_sha256,model_kind,algorithm_identity,status,certificate_status,failure_type,failure_message,data_sha256,scenario_sha256,h_V_tau,a_C,budget,beta,lambda_Water,lambda_Vaccine,lambda_Crackers,gamma_D,result_sha256,iterations,full_exact_certification_calls,complete_full_exact_certification_calls,first_stage_sha256,policy_label,T_COST,certified_objective,C_Q,C_F,C_R,first_stage_cost,worst_scenario,worst_category,worst_hurricane,exact_worst_case_loss,worst_exercise_cost,worst_shortage_penalty,worst_total_shortage,worst_total_F_exercise,budget_usage,Q_Water,F_Water,R_Water,Q_active_Water,F_active_Water,worst_exercise_Water,worst_shortage_Water,Q_Vaccine,F_Vaccine,R_Vaccine,Q_active_Vaccine,F_active_Vaccine,worst_exercise_Vaccine,worst_shortage_Vaccine,Q_Crackers,F_Crackers,R_Crackers,Q_active_Crackers,F_active_Crackers,worst_exercise_Crackers,worst_shortage_Crackers,row_sha256
E2A_CRACKERS_A080,LA-0001,1,8eed2552771574a91080a1a09e19cc627254076a2b3b214743b9abc34586428f,M2,A1_FINAL_NO_MEMORY_V1,certified,PASS,,,3ba068bd57f991d066afb9cbd2b5ac5f9795588bead979cf950803ed34268763,e9923c8deda5bc80d34c2dd7d6f9010a393422b552344b0644dc26ca6f591a9c,0.5,0.8,19137905.85543848,4.0,1.0,1.0,1.0,1.0,240f1bfa88aaa717bfafd9a6ecb3d6e4c19355f604c2f2e7b4a0b01c4d06002e,3,2,2,b128e96ca5c73d91002ede115aad0dd151dbfeca3d97827567cc2a0de135b5b6,P4,1129507408.2703202,1129507408.2703202,0.0,98638.65331107801,0.0,98638.65331107801,h09,5,Katrina,1129408769.6170092,19039267.2021274,1110369502.4148817,1552369717.1301227,329587626.93426377,1.0,0.0,13509125.819073599,R0,False,True,10400000.0,0.0,0.0,0.0,NONE,False,False,0.0,9557344.06438629,0.0,414610174.2448552,R0,False,True,319187626.93426377,1542812373.0657363,f0a06046deca3a66b258d5c4ee928c150b089d51830bb54fbfb3c7665f9c9b62
E2A_CRACKERS_A080,LA-0002,2,ba30741249fd5b686feb55d0712b0c2a3c3c0b651171c2a2e35601989f1cea31,M2,A1_FINAL_NO_MEMORY_V1,oracle_failure,FAIL,oracle_failure,Full exact certification was incomplete,58b45e72a24cc3f94b1f218956080bb70b6f7d33cc3b87d5162cac1b7596ed63,1ded1b633d42f1ae88a2b71b2f881c5901e506492bdb8af975ef764e80b7fde0,0.5,0.8,19137905.85543848,4.0,1.0,1.0,1.0,1.0,5a006f37af21b364da241068bb91c6eae0f49add311c93a6202b7e681e40cc56,3,2,1,,,,,,,,,,,,,,,,,,,,,,,,,,,,,,,,,,,,,,,e06010d8c5fc11f63912cb0b6a5559a55913dded3202792e1e9cabff3d5ab7ba
E2A_CRACKERS_A080,LA-0003,3,59411aa182359257e699b7fb7a72fa14dc02ccf983236a3bbbfb7a7ce21e6809,M2,A1_FINAL_NO_MEMORY_V1,certified,PASS,,,93a5d3c4700efa549a5c82cc890b44b749bf743b292bcabc7f3671b4084144e5,317e375adf5a11bf0fe3533f3a0b6f7d7c2affc0fe9c859db6cc7aa7e4dce291,0.5,0.8,19137905.85543848,4.0,1.0,1.0,1.0,1.0,5c2952e82f4c4bea18900a160c2e9f64f6f2ea2e8dd30d77070d68e5960aeac7,7,2,2,6331ed36fb5d04e8fbdb591b42687149003aaede0d8b0e1b7a190f87d369a34c,P1,1220456158.4677374,1220456158.4677374,19137905.85543848,0.0,0.0,19137905.85543848,h09,5,Katrina,1201318252.612299,0.0,1201318252.612299,1871041601.2613592,0.0,1.0,14045150.246489204,0.0,NONE,True,False,0.0,0.0,696508.1881789276,0.0,NONE,True,False,0.0,9041601.261359207,0.0,0.0,NONE,False,False,0.0,1862000000.0,958ba116312e3f2dff572c785b2a99fb14274d74828eafe9b66897c3a30b7ca9
E2A_CRACKERS_A080,LA-0004,4,3e085f99b3a348286c0d548d80cd6e1da6cc4b923aae5629e1906dad041615e0,M2,A1_FINAL_NO_MEMORY_V1,certified,PASS,,,8e4e76f4530d967ddc617ff5ab703c364be9a48518adbe2dcecf2e3d11a41e31,ada55aa7028a785a0045252d4368255222b8528119142809cb96bfecda114cee,0.5,0.8,19137905.85543848,4.0,1.0,1.0,1.0,1.0,c0c5adf70a919b7240df9fdc980b67cdbcee71aa8ac21a2e47a7af32fef18e67,3,2,2,1e5c114a956a47ed8f8e5782290cfb49a036370a910005f948176fd45d29b8b6,P4,1219546842.7838023,1219546842.7838023,0.0,2483165.939070249,0.0,2483165.939070249,h09,5,Katrina,1217063676.844732,16654739.916368227,1200408936.9283638,1731077214.2318141,150880129.8325723,1.0,0.0,0.0,NONE,False,False,0.0,10400000.0,0.0,0.0,NONE,False,False,0.0,9557344.06438629,0.0,333528129.92772025,R0,False,True,150880129.8325723,1711119870.1674278,f12fc36eccfe3d161d46bb67e6b5424afab67021d8107864d3da3bae65bf59a7
E2A_CRACKERS_A080,LA-0005,5,f25e7e4de55bb57ace9ac01e69a42d863af1de15ec9409e930cff173c5fdddfd,M2,A1_FINAL_NO_MEMORY_V1,certified,PASS,,,fedc0072fcc85f0817fab072fe31c91d50ab9100a301a5fe3708f0ac9fa3f70e,0b3b06bb888b501c47d187b866593744e5e2b506461e28b0c686989eb0b18536,0.5,0.8,19137905.85543848,4.0,1.0,1.0,1.0,1.0,66c6d6d2f996f981f3d9fe4b0d3bc12ef152101c59b11f9055ca7e23a96c14a7,3,2,2,45aba5dad80bcbc4f2b0f5c3146e03097de101a01868b14f6dd6b7b261c351b5,P1,1231601707.3162727,1231601707.3162727,19137905.85543848,0.0,0.0,19137905.85543848,h09,5,Katrina,1212463801.4608343,0.0,1212463801.4608343,1871241830.293562,0.0,1.0,17637799.914796602,0.0,NONE,True,False,0.0,0.0,535093.150015588,0.0,NONE,True,False,0.0,9241830.293561982,0.0,0.0,NONE,False,False,0.0,1862000000.0,ca194217e2c7b963f5e540ffd86719a86caa6c8c45e508eac2bfb54cc8341d8b
E2A_CRACKERS_A080,LA-0006,6,de42add8841adf6cdadffe7a2c3028d510ddac8675da732fcd463e1eae700250,M2,A1_FINAL_NO_MEMORY_V1,certified,PASS,,,48a58a9a20659cbb2da1492ba3141fcf7736f4c6736a0dd30ceb618960e795b0,66fac1fa9b1c2d908709d7da62a70d5011d1a3de860ce746c14097a05dba78c6,0.5,0.8,19137905.85543848,4.0,1.0,1.0,1.0,1.0,413bc814cd69ab2c1b7e54d74020eb79e28cfa45ba5ccfc4fd69f96525838023,3,2,2,b0a742f842764c3c647327211e3623b372e7d9b3353ac4578b9f94c38b8f2509,P4,1228010902.1554124,1228010902.1554124,0.0,5188605.725132992,2400927.354830025,7589533.079963017,h09,5,Katrina,1220421369.0754495,11548372.775475461,1208872996.299974,1753655264.1987638,128302079.86562265,1.0,0.0,0.0,NONE,False,False,0.0,10400000.0,0.0,0.0,NONE,False,False,0.0,9557344.06438629,0.0,138001015.2037785,R2,False,True,128302079.86562265,1733697920.1343775,6065d6700dad38bf92d98d357b99f5fa54a224a955cc327bc3acf07f31cec15d
E2A_CRACKERS_A080,LA-0007,7,d6f6e8df5bb443f5b329818d8f0da90fcdb1c41f5a2185ec6fb08a0a554268b3,M2,A1_FINAL_NO_MEMORY_V1,certified,PASS,,,ca62eba6320f879048451cbc69296ee57036bc06d344651ecbb0c4f8ec0ba860,8d986dbb5e7852f166b07023296fe6b051397c80c4cfe6f71f52ab5d149a420f,0.5,0.8,19137905.85543848,4.0,1.0,1.0,1.0,1.0,9852db67123bf2e6fc37aa54425f050a4ec0c01f9aef05db5842de902fe4ef04,3,2,2,c39eae3c8614d02f315b08ce255dfb57e517b7514b7b668c2bd621566edca1de,P4,1224101753.973965,1224101753.973965,0.0,1537727.6813731613,0.0,1537727.6813731613,h09,5,Katrina,1222564026.2925918,17600178.174065318,1204963848.1185265,1743227532.1739895,138729811.89039683,1.0,0.0,0.0,NONE,False,False,0.0,10400000.0,0.0,0.0,NONE,False,False,0.0,9557344.06438629,0.0,295507077.09389716,R0,False,True,138729811.89039683,1723270188.1096032,5c9c518eb3be33511e65b6a9f009d444edcb9d802b10b5469f535a5e5f5f4f14
E2A_CRACKERS_A080,LA-0008,8,ac30e053d86741bf9a879366d9c9e2bce5e3aae131aedc9e7814d9d440230770,M2,A1_FINAL_NO_MEMORY_V1,certified,PASS,,,9ca960a7c7ccebdf924a0f3f505e221ff21ff55a32890afabff4ef3309c81950,d1e8240dca3ebd47a5dac04a043251a71fee898f3c213ace377a680db1ffe87a,0.5,0.8,19137905.85543848,4.0,1.0,1.0,1.0,1.0,5c3a8311e89163f6e8d8d05f821b2f3d11c365173195a68263bf69a3789f4e3d,3,2,2,0a0f50f8dc17054afd288eb8ad08382559716d3ff04aa9b022d695a4a5fdcd77,P1,1234247683.2378776,1234247683.2378776,19137905.85543843,0.0,0.0,19137905.85543843,h09,5,Katrina,1215109777.3824391,0.0,1215109777.3824391,1871289365.0722628,0.0,0.9999999999999974,18778115.09301475,0.0,NONE,True,False,0.0,0.0,483859.6496734721,0.0,NONE,True,False,0.0,9289365.072262846,0.0,0.0,NONE,False,False,0.0,1862000000.0,6a5a4d434696f2e49702cfe3a79c8cc2d736ea8cfb5884c80ac62a37f58db41e
E2A_CRACKERS_A080,LA-0009,9,3f9ef457cd3c688cef1bea2783ff0f7374d3b062b769b5658594d9d3df3f4303,M2,A1_FINAL_NO_MEMORY_V1,certified,PASS,,,bac380d24398f881c04c166db6044169cb9c48632fab1a32abe2d1d10430d758,c624a018749efba578bd3b366f1a2c90f1956874c075c25c9f4d318fe98311a5,0.5,0.8,19137905.85543848,4.0,1.0,1.0,1.0,1.0,55afcc209368547bf7e07334f6d3d257d81ff8e6b59c1832d83e8dc076573c1f,3,2,2,571d4d6e23609f31dee7c0c01ad5910d1b0b7dbdec42cf068e978334be2295ac,P1,1231866555.1965904,1231866555.1965904,19137905.85543848,0.0,0.0,19137905.85543848,h09,5,Katrina,1212728649.341152,0.0,1212728649.341152,1871246588.2678418,0.0,1.0,17745663.72808323,0.0,NONE,True,False,0.0,0.0,530246.9102912714,0.0,NONE,True,False,0.0,9246588.26784191,0.0,0.0,NONE,False,False,0.0,1862000000.0,6fa754138c4c90c789bcccd3a46d16a1663031418f32c07de551637e38f6aa39
E2A_CRACKERS_A080,LA-0010,10,06698b11d19baa7be4293ecf7d570cadf19ea3073caa2e34a72881399cc82472,M2,A1_FINAL_NO_MEMORY_V1,certified,PASS,,,5734c27efb7361c13caa154ecb27a952f13ebe730b737e07bc8e25fc37336f98,2cf6ef34d145697be4961db0aba478947fe26f91acbc974bb5ea676fdea569eb,0.5,0.8,19137905.85543848,4.0,1.0,1.0,1.0,1.0,c5beeb8556b53704ffd024033f2cf902d2a1c1cd678ceb0be3e1069e2990b650,3,2,2,589a9554d7c988c55f7fc61dab099f333f888e058a8ce7073e1dda5f3a542962,P4,1216833970.5307605,1216833970.5307605,0.0,5384998.5007976815,0.0,5384998.5007976815,h09,5,Katrina,1211448972.0299628,13752907.354640797,1197696064.675322,1880573780.3341582,1383563.7302281326,1.0,0.0,426298.26574119116,R0,False,True,334252.99689376773,10065747.003106233,0.0,1338265.7747305832,R0,False,True,1049310.7333343648,8508033.331051925,0.0,0.0,NONE,False,False,0.0,1862000000.0,b046743f2b17509f12dcc6b8d7c4d73dba46b20a91d2e6895a8f28750b579a07
E2A_CRACKERS_A080,LA-0011,11,d7c35ed9597b3fc9d08acf7141e130141104dec6b562dd2d3db68bb24ebfce1d,M2,A1_FINAL_NO_MEMORY_V1,certified,PASS,,,f286588d52f09bc96d887a6860c7c63f646a358fd77a4056987caee3c8ce7895,34e516166442f8c49a0f3a0ae0bc22cd8454582dbe88bbdb584f65196de845a4,0.5,0.8,19137905.85543848,4.0,1.0,1.0,1.0,1.0,c9bbad3c629b96d4a362a4800feaf02457aaa2e2c35b8d1e0b0616192f7a56ed,3,2,2,00f05c32ef1b1a622b30fef7cf81b84683ece1268c39d718f3f1f1822817fd12,P2,1219765134.0438602,1219765134.0438602,9008791.884475686,2391759.4779660185,0.0,11400551.362441704,h09,5,Katrina,1208364582.6814184,7737354.492996775,1200627228.1884217,1793134030.439822,78423313.62456433,1.0,13908895.91550978,0.0,NONE,True,False,0.0,0.0,0.0,0.0,NONE,False,False,0.0,9557344.06438629,0.0,98865787.7174083,R0,False,True,78423313.62456433,1783576686.3754356,1719b05870010df9d27713e1076e718887fcb75c9664b8c4087d2144c37f7d68
E2A_CRACKERS_A080,LA-0012,12,5c1441ad663de3d58521ae8885de5adade81efac16c906e57da0eb3982b22bde,M2,A1_FINAL_NO_MEMORY_V1,certified,PASS,,,c76746caebbef3864ef91648777573855e96c2ccee1202ba9b9a6005ad45e78d,be02d0b36c0dcffa7ec9d16fbeec04557e8cd80c7d58ca4209455f44e882ebeb,0.5,0.8,19137905.85543848,4.0,1.0,1.0,1.0,1.0,8b2c4799a23410c6c720d0a617acaa4a9f4d908fcf968aca69b07df4744c8b32,3,2,2,f9eac23a20726d0af71529e59a1f7aa5f794e6da9124e46535866ab7e5e61461,P4,1160699291.0929866,1160699291.0929866,0.0,190920.19598620152,0.0,190920.19598620152,h09,5,Katrina,1160508370.8970003,18946985.659452274,1141561385.237548,1869968073.1754375,11989270.888948876,0.9999999999999998,0.0,13035524.507019604,R0,False,True,10400000.0,0.0,0.0,1992017.2712678763,R0,False,True,1589270.8889488766,7968073.175437413,0.0,0.0,NONE,False,False,0.0,1862000000.0,b4685bc824d6cf37274f433122fe9dcbe7455c3f0cd598ae03c103ba3c1dbdec
E2A_CRACKERS_A080,LA-0013,13,bc772f5c68c2a5c12ac82feed6fbd90db6b85103f3312eab4179164c9d4e88f5,M2,A1_FINAL_NO_MEMORY_V1,certified,PASS,,,25549b1fdc41e69de7dd16ba728a5a1c7f55087b88122ecd0351c55e06805cdc,0145fb8d85835260f30f16b881d6374784fbb9ea43f7fc3811ac34251d06d8e9,0.5,0.8,19137905.85543848,4.0,1.0,1.0,1.0,1.0,f11873f9ad2c6ee932fd935d40fe561a0fcb1eed5e75f212fdaab1ec6b6f78d9,3,2,2,30ef7c81f00928ef5be53385ac6e4d9524adfb8574b5790fbe120bcd244079f5,P4,1216222844.6648905,1216222844.6648905,0.0,2198529.2713841423,0.0,2198529.2713841423,h09,5,Katrina,1214024315.3935063,16939376.584054336,1197084938.809452,1880881497.1760824,1075846.888303867,1.0,0.0,0.0,NONE,False,False,0.0,10400000.0,0.0,1434077.2415854274,R0,False,True,1075846.888303867,8481497.176082423,0.0,0.0,NONE,False,False,0.0,1862000000.0,bce80a6b3592ab29fe47a8dc43350fcc784affe7c3ff81e9e297dd55abdac73c
E2A_CRACKERS_A080,LA-0014,14,9d4bc8f108e222b9004ae3749404dd15c5af542ba54e3695e483c3ab081694fe,M2,A1_FINAL_NO_MEMORY_V1,certified,PASS,,,68a3755ebbdd6ac5448f2753a679c2b96991b7b6348ab3ff0b94dd7553d546e3,af34a87928de80fba20b877826da791a6f6efb35baf275e34bd5a71a57388711,0.5,0.8,19137905.85543848,4.0,1.0,1.0,1.0,1.0,c6b54a8ca3f5f5155ecdd0ac8964f20d45ec4524c6c64144e90045e8a7183191,3,2,2,1e3e2d1f7e249a74c2c6c94c6cd21c1bdfb570a45008f39e258ec31f4ce0c5c4,P4,1200327519.7788906,1200327519.7788906,0.0,7544927.028551883,0.0,7544927.028551883,h09,5,Katrina,1192782592.7503388,11592978.826886592,1181189613.9234521,1679809280.4799159,202148063.58447048,0.9999999999999998,0.0,0.0,NONE,False,False,0.0,10400000.0,0.0,0.0,NONE,False,False,0.0,9557344.06438629,0.0,497995297.7362803,R0,False,True,202148063.58447048,1659851936.4155295,a0896dd4accdf678c92c5fc7f034f9b842f1ab1d7d48c88524272dccf04814d4
E2A_CRACKERS_A080,LA-0015,15,092ddd62a98a4bd89bf76f067ac2de26c73a2fb505374668c940be8fe91083b9,M2,A1_FINAL_NO_MEMORY_V1,certified,PASS,,,99b182acdfd6556bb04ab5436ffc5439d984e536b0092ba06f50e7c067dd257b,1e36d66259d56c17df43518a122e4b1491c64db185c459cbead9c6cc56b99c04,0.5,0.8,19137905.85543848,4.0,1.0,1.0,1.0,1.0,31a57c5ce534ed57c31819cf05fc2a376cc9d0c0bb7e1b28928f8a096bde0de6,7,2,2,8955f6cd71ddd8c77e9b951dd911ff86ad2e9d970fda6a9c5105138668b95936,P1,1221380975.6720865,1221380975.6720865,19137905.85543848,0.0,0.0,19137905.85543848,h09,5,Katrina,1202243069.816648,0.0,1202243069.816648,1871058215.5399656,0.0,1.0,14286615.279506551,0.0,NONE,True,False,0.0,0.0,685659.346483219,0.0,NONE,True,False,0.0,9058215.53996565,0.0,0.0,NONE,False,False,0.0,1862000000.0,1a9f40c30998345ef44ed24283fb4a9041b06c79d2ad3b1ecf122ec88aeea30d
E2A_CRACKERS_A080,LA-0016,16,b2ff17041ea2f1be7864efa886f0891854b8633d52a824c042ee5a29d0f2043b,M2,A1_FINAL_NO_MEMORY_V1,certified,PASS,,,e05b649876c16959d116df82f81c28c1fc5451f65370c39c1d05e84ac30cb044,b12a082d39e2a98fbeb68592b33a2df00d0abff13c9f1decb40dcf6decf0a9aa,0.5,0.8,19137905.85543848,4.0,1.0,1.0,1.0,1.0,75c28e1763cec256ff56417e6eeaa813d7de262071b57307d9f5b60a11c2dd79,3,2,2,dccdfec1bdcc5b417c5bb8346851dd24a81442f281d64b94df9e22638b13e006,P4,1189246116.375355,1189246116.375355,0.0,1481770.4415039066,0.0,1481770.4415039066,h09,5,Katrina,1187764345.933851,17656135.41393457,1170108210.5199165,1880107988.3362346,1849355.728151688,1.0,0.0,459406.81926511566,R0,False,True,302975.28266156244,10097024.717338437,0.0,2344804.221636657,R0,False,True,1546380.4454901256,8010963.618896164,0.0,0.0,NONE,False,False,0.0,1862000000.0,d69ece4549f44d071345beb862932c57f129de4d7ad20d6131bfc2e5ddab15a3
E2A_CRACKERS_A080,LA-0017,17,9d8be22567afcabbf94ce470787e9f63ad71892883ca72fe79ea5ccd3e06ce5e,M2,A1_FINAL_NO_MEMORY_V1,certified,PASS,,,7d1cd898f4bd63e7f09de1f856a5ac0e7744b4d9f12412587e9e2f7ec1c42bd5,215e8a5743ccdf211c937d4ac5d60940cfb2bc1cb5cc6a016c50fd7d060a959d,0.5,0.8,19137905.85543848,4.0,1.0,1.0,1.0,1.0,59c301108e9404584b5be84902f9d8daffea95e510d483069810ebea9d4d2196,3,2,2,6086abf3d52ca20752634dd2c7e5217c23f837a206ded6c1d0aec571a4a4e3b1,P4,1179450447.9848735,1179450447.9848735,0.0,4952289.438373802,0.0,4952289.438373802,h09,5,Katrina,1174498158.5464997,14185616.417064674,1160312542.129435,1685593788.071633,196363555.99275327,1.0,0.0,15852570.715621822,R0,False,True,10400000.0,0.0,0.0,0.0,NONE,False,False,0.0,9557344.06438629,0.0,283461579.0291942,R0,False,True,185963555.99275327,1676036444.0072467,5caf53142fc120857a52267522006e994b94d59ef4b318652a338377a7813464
E2A_CRACKERS_A080,LA-0018,18,88740ccdbf47f9612cd99ce867900cdc74d3705aedf2a3bdefb1d376a8ffba59,M2,A1_FINAL_NO_MEMORY_V1,certified,PASS,,,547f389c56730b64ae2d791e57a87f627904261031c20526ff6dc1ef553ac009,f224365e4fe08d1e9fca00c37554fe14d02a7639055999e2ad7548ec2ff61b99,0.5,0.8,19137905.85543848,4.0,1.0,1.0,1.0,1.0,cae3e091ce80961d07579e402ef7ef31bf7d3aa928e08fd71a1c7fa4cb3b38f3,3,2,2,4c42b6fad138f2f6840393423f922578e0721081dfffab7cdc9ee361a94747a8,P4,1224801139.3738234,1224801139.3738234,0.0,519260.7922850375,0.0,519260.7922850375,h09,5,Katrina,1224281878.5815384,18618645.063153442,1205663233.518385,1806567676.7532108,75389667.31117563,1.0,0.0,23950916.57918333,R0,False,True,10400000.0,0.0,0.0,0.0,NONE,False,False,0.0,9557344.06438629,0.0,149669432.71911973,R0,False,True,64989667.31117563,1797010332.6888244,74c3fe609088de341273cdd5a9a157736ecbc284ddf66c3d51d58e457a48c68c
E2A_CRACKERS_A080,LA-0019,19,9770a34977e95b015e0cefe0df348623152eb9589c95eaf2349fbd268071b51a,M2,A1_FINAL_NO_MEMORY_V1,certified,PASS,,,cebbd4e545018f31931ea44164673088a2d97b3b76e7ee302dceb09d69e71b05,b777ffb99c86f113f96d82940a24a4bdabda7fc96af4f144cd1c9c016cf75582,0.5,0.8,19137905.85543848,4.0,1.0,1.0,1.0,1.0,00dce7b7b21e00270ae0d20a9aa4d566ff1bf84f9acba578e42980d3f8d645ef,3,2,2,70e4e67ec36b84d044a495a4abf6fbc3c07f7d759b5df7e9b19f363c09b6699f,P4,1214574557.7477093,1214574557.7477093,0.0,1656991.7378825236,0.0,1656991.7378825236,h09,5,Katrina,1212917566.0098267,17480914.117555954,1195436651.8922708,1880646511.4111857,1310832.6532006536,1.0,0.0,539573.0695696151,R0,False,True,215399.8760209231,10184600.123979077,0.0,2744040.697742192,R0,False,True,1095432.7771797306,8461911.287206559,0.0,0.0,NONE,False,False,0.0,1862000000.0,ec78ddd4dda5954b33ae77571581fa580582bdddad9a7bda34cc574704bf85f1
E2A_CRACKERS_A080,LA-0020,20,3c0d1d5974307dcb77a0b9e21ab6afb89052e6f263f5080ada8651af93c00448,M2,A1_FINAL_NO_MEMORY_V1,certified,PASS,,,ba11a706fbd1a021fe6bd37180d7f7134a0e400e969e713b6227c6cebfb393c8,4034b5506da211179360d9d42afecff794e47f5a0931df4eec18072524de37c3,0.5,0.8,19137905.85543848,4.0,1.0,1.0,1.0,1.0,a824f64af272400a184c3137e1a605d7ddba6b86aa87fd97b54bdd5d635e1569,3,2,2,74426227012d9ee999fbfebc5d419e004c2bdfc87950a8d81460b385f0357edc,P4,1186267961.9630404,1186267961.9630404,0.0,925334.4345956413,0.0,925334.4345956413,h09,5,Katrina,1185342627.5284448,18212571.420842838,1167130056.107602,1642305124.974553,239652219.0898333,1.0,0.0,0.0,NONE,False,False,0.0,10400000.0,0.0,0.0,NONE,False,False,0.0,9557344.06438629,0.0,322630420.1949839,R0,False,True,239652219.0898333,1622347780.9101667,69feb8763584fc312fb86e6865b58f3d22f53d7ddc6cc52f70c7451da899087e
E2A_CRACKERS_A080,LA-0021,21,9c0c8e916a30a3fa9f17a2b27ecaaa74ee626fafee16b17aef6e1fa739cc5936,M2,A1_FINAL_NO_MEMORY_V1,certified,PASS,,,57f0811dbde51d7573a31a266589003777675e6d84db45c9922a7b51ecd098a3,cf90ac8884db2cbc00c8e1bf27ef07477342ce2234e2ca26bd75adc27c64b1dd,0.5,0.8,19137905.85543848,4.0,1.0,1.0,1.0,1.0,2d3d274e8b8a943ff57003ab13473982517a863cd19fb041e601c43d5acdfd82,3,2,2,b7f0ed089ffc2d61171868abfac4e8818e7203616d9fe5c74e36bbf00b4969b8,P4,1233499223.9417398,1233499223.9417398,0.0,4315572.612170886,0.0,4315572.612170886,h09,5,Katrina,1229183651.3295689,14822333.243267592,1214361318.0863013,1768295473.8293853,113661870.235001,1.0,0.0,0.0,NONE,False,False,0.0,10400000.0,0.0,0.0,NONE,False,False,0.0,9557344.06438629,0.0,267830195.45473477,R0,False,True,113661870.235001,1748338129.764999,144f0a971853da5542ff22641c27fb9c2c5f208cab482f08686cb070987851a6
E2A_CRACKERS_A080,LA-0022,22,6bb63a048030f05350d49e0f95e43d5d1d8afce87fc056fd4148eceb507c86a1,M2,A1_FINAL_NO_MEMORY_V1,certified,PASS,,,85f141a8834ae541cd25f404c2805998917959d791af8d8b18c3c81e3e0f1f7a,12cd86c2bc25929194374d3cbab0d0c06ae240ce940c7018b1362c77f67af791,0.5,0.8,19137905.85543848,4.0,1.0,1.0,1.0,1.0,96346787ad3ef0b7efbcad139864e7f4a9e6674551c7d20509c6e1b11b9c89a5,3,2,2,5937628023a8661d51efcfe5898bd0b10d0498d6811d04bae1c8881bc308141d,P1,1227954038.5529468,1227954038.5529468,19137905.85543848,0.0,0.0,19137905.85543848,h09,5,Katrina,1208816132.6975083,0.0,1208816132.6975083,1871176300.170622,0.0,1.0,16275314.666641105,0.0,NONE,True,False,0.0,0.0,596308.5839244613,0.0,NONE,True,False,0.0,9176300.170622097,0.0,0.0,NONE,False,False,0.0,1862000000.0,64cfe771732eb031d49be429a9ff27c190f88ee8165f8b46587e9a1288ede5ad
E2A_CRACKERS_A080,LA-0023,23,6e9f2f6ea49a02cd8d73697d95a8c6eec0807082c1aeab51b67a21fc03ab6414,M2,A1_FINAL_NO_MEMORY_V1,certified,PASS,,,e3ef978b7fd6fd77e73577ab1087f7550e225c674a06cf9125bbd06968778b8a,189eec2a708d48ce444e367550133d42fd57574cdfb176ba7270e14045b90485,0.5,0.8,19137905.85543848,4.0,1.0,1.0,1.0,1.0,471aaa03c190cf49f579087d5f9407df81c4263dc64531c3aa9cfb1dce1fa535,3,2,2,b8b724547499f68d0124a2d5faf5256823039fce9e0dec86be1934392f1d7484,P4,1222756587.2336216,1222756587.2336216,0.0,4908145.73832661,682084.1134155421,5590229.851742152,h09,5,Katrina,1217166357.3818793,13547676.003696324,1203618681.378183,1880998875.4199874,958468.6443988131,1.0,0.0,0.0,NONE,False,False,0.0,10400000.0,0.0,1417919.3868370492,R1,False,True,958468.6443988131,8598875.419987477,0.0,0.0,NONE,False,False,0.0,1862000000.0,a17b01c4663793422ea5ffabf6ca1fbb5ea58d8036793fcb5d521e8eac7abddb
E2A_CRACKERS_A080,LA-0024,24,6d7ec27518715e008327d137620c14c125fdf032d00924b93febb86e631fc003,M2,A1_FINAL_NO_MEMORY_V1,certified,PASS,,,7b2746d5a76f156128b9d5a0e86dedecc4571fb4c721bc5a2184d0aedec24fdc,01010f669bf7241e93148a474f58a85c0cdf858b55c5cebf7b082105005da0ca,0.5,0.8,19137905.85543848,4.0,1.0,1.0,1.0,1.0,d38ee756ac3e38506aa15c6cc9ffee5d59f7e6c91bae97e2171f30911c7dd14d,3,2,2,c611152d76b299b3b6b7aa35e1955038774fd489c7c442207f426dcb367f2386,P4,1196806393.808849,1196806393.808849,0.0,4558379.772399051,0.0,4558379.772399051,h09,5,Katrina,1192248014.0364501,14579526.083039427,1177668487.9534106,1731891125.4168513,150066218.64753506,1.0,0.0,14160043.55248088,R0,False,True,10400000.0,0.0,0.0,0.0,NONE,False,False,0.0,9557344.06438629,0.0,190161513.3518667,R0,False,True,139666218.64753506,1722333781.352465,f390188abb0c48a1ec9fd164d0998a42edbd0fcfaa7b3d31e83a785ffe128dbd
E2A_CRACKERS_A080,LA-0025,25,b39feb6eea784bceddaca092dc4e701505742600b01cf7a26c64501d926a458d,M2,A1_FINAL_NO_MEMORY_V1,certified,PASS,,,b84bd7fcf13fec07c107cc9b60d6390699f68fc7f0d979ea71f02597c38d3666,baacab4f4160486e91719d47246308a9e831757552b65a2236202d384d26628a,0.5,0.8,19137905.85543848,4.0,1.0,1.0,1.0,1.0,e397e4b39d43428765cab25eb3472176f9d333f28fb8fa94c8c2d81ea789fb8f,3,2,2,7ce8cb0e92de513179ecf004ba77a88ca0bc9a4bf9abc1d7c7e41e2f259a3bc9,P4,1163292920.5081346,1163292920.5081346,0.0,4145933.5491147274,0.0,4145933.5491147274,h09,5,Katrina,1159146986.95902,14991972.306323752,1144155014.6526961,1642493255.9633875,239464088.10099882,1.0,0.0,19072084.405537892,R0,False,True,10400000.0,0.0,0.0,0.0,NONE,False,False,0.0,9557344.06438629,0.0,420070156.013444,R0,False,True,229064088.10099882,1632935911.8990011,deebf64e09fded1ce2a66f715428396e9f49260bd2977c4f0665715b223891a8
E2A_CRACKERS_A080,LA-0026,26,5bd990e15e3b22f43439e71e7147d7b7a93aff1ba487719ad0800d6c597820ef,M2,A1_FINAL_NO_MEMORY_V1,certified,PASS,,,21ebb73f5692864b5f128e6c6eb39fed60fbb9549655d1bb5ca399e8f4817679,c4dff66f7a8cc4d0736f1a7f869ea509971f38da2066dafe0a5d37b5909cc1b4,0.5,0.8,19137905.85543848,4.0,1.0,1.0,1.0,1.0,24a28d5a05a86efdefd8bf62b787711bba2f59049b471f11ecf8baa7e9f854c1,3,2,2,189d33ce5281256d263e98a80e3f6bb9d5398d690fd1c92f857545062c441ea2,P4,1202448913.1285603,1202448913.1285603,0.0,1898530.1475050803,0.0,1898530.1475050803,h09,5,Katrina,1200550382.9810553,17239375.707933396,1183311007.2731218,1870718102.315197,11239241.74918936,1.0,0.0,25643271.40964224,R0,False,True,10400000.0,0.0,0.0,2069317.6877659294,R0,False,True,839241.7491893603,8718102.31519693,0.0,0.0,NONE,False,False,0.0,1862000000.0,d9f942272d8db11ecd4c9cbe360fcc38bbd9417446c1be27ac1f82199d21af19
E2A_CRACKERS_A080,LA-0027,27,cfaddbaf41730539abdb391ae292a542c1e5974c9fd363235b711ece4c2723a3,M2,A1_FINAL_NO_MEMORY_V1,certified,PASS,,,e698ce4b663a66c240a7005375f66d3e2e281835467b80b0ce6c15893dd72a11,db46befd19207af76720bf86c5e33eaf5825de55ac5e41fb7791bee33756caf8,0.5,0.8,19137905.85543848,4.0,1.0,1.0,1.0,1.0,3af27cd149fcad63b762f94b1fb1c224084e56e8854fae175815f9436d478895,3,2,2,7987134965a1e2f7cf1bbbe8754c28d5e8dfdd92b2eb842e7ca8ae821bfb62d7,P4,1228983571.6778517,1228983571.6778517,0.0,7922102.930385798,0.0,7922102.930385798,h09,5,Katrina,1221061468.7474658,11215802.925052678,1209845665.8224132,1881110742.7749069,846601.2894794726,1.0,0.0,0.0,NONE,False,False,0.0,10400000.0,0.0,1613006.3295010433,R0,False,True,846601.2894794726,8710742.774906818,0.0,0.0,NONE,False,False,0.0,1862000000.0,f2c8d165b6405ac429876140bd6ebd41d09c40747c0b359a019f02dbbbfbd464
E2A_CRACKERS_A080,LA-0028,28,aab4e156e74d50b9f94f91a8b11877f4b196c90dbefd3a9eafa7abaf3557a3f5,M2,A1_FINAL_NO_MEMORY_V1,certified,PASS,,,a5533e12395cdea4b6c28998d1c6f4b7bbdd1a0ec240b716cc53c3f36d2439cd,46d772fee3592f7c31cf17f97a664c093b770d383d74c62e576b1e6c9cb01e79,0.5,0.8,19137905.85543848,4.0,1.0,1.0,1.0,1.0,1bac0aabf6c199c7f6194d645d200062a3a94f8b81700a5ec691fa3a01214d7c,3,2,2,8a27c69ac0d813ba2758520cd296a50905a0641686402e781c908538cd31a00a,P4,1217685362.5509434,1217685362.5509434,0.0,3927924.910591948,0.0,3927924.910591948,h09,5,Katrina,1213757437.6403515,15209980.94484653,1198547456.695505,1880624983.9849443,1332360.0794420382,1.0,0.0,409143.3694082499,R0,False,True,296591.65374554583,10103408.346254455,0.0,1428825.7213728344,R0,False,True,1035768.4256964924,8521575.638689797,0.0,0.0,NONE,False,False,0.0,1862000000.0,5206298d4aa1b0228aa3c46d258eba98b68834f1aa322a150981e1c58f8c170e
E2A_CRACKERS_A080,LA-0029,29,3ede3239a767640a2b33456598c460234d288524ff970adee2257294e953bd1e,M2,A1_FINAL_NO_MEMORY_V1,oracle_failure,FAIL,oracle_failure,Full exact certification was incomplete,f76fe72ca47f7b99e609caada5fb9d1caad9a2af3fd3d1e2c355e5d23f0ef4df,eccbe31353e2e3db4f0ee0bfbbcaa82b3653691bdd96af2caa15b11974b90c08,0.5,0.8,19137905.85543848,4.0,1.0,1.0,1.0,1.0,d621dfbbc2f74380f785613faab2d3c46e13a0112acb9e63941d65f1bdbb1baa,3,2,1,,,,,,,,,,,,,,,,,,,,,,,,,,,,,,,,,,,,,,,12adff538619971c9b7fe7eb471af596559e2f77f26b8e68c539119fefc26d2c
E2A_CRACKERS_A080,LA-0030,30,3d7857406de0967b7bf34da5156d7448d34b2cba7b03a628e6a34b750f8e0bd9,M2,A1_FINAL_NO_MEMORY_V1,certified,PASS,,,ec27f1f6b0ac3b4a58288dc3e44f314467b8d649440667eb7737001cb77e46f6,2ea3bd5886c1d78f5622d17d9962835144a46046ebde6d934a60ab440225cc92,0.5,0.8,19137905.85543848,4.0,1.0,1.0,1.0,1.0,8de9edcd51f50e759069c09515f3d43e5444a660f0aeb3fc419cc2bb569353c9,3,2,2,ddcbbcb1a8c97cad88f2fc3c43eed3cf9ef0ddac33cf251de7e8407cdce24ed4,P4,1218089373.0810654,1218089373.0810654,0.0,9695388.22136238,0.0,9695388.22136238,h09,5,Katrina,1208393984.859703,9442517.634076096,1198951467.225627,1870999082.1217597,10958261.94262668,1.0,0.0,14833931.495184828,R0,False,True,10400000.0,0.0,0.0,796271.097432015,R0,False,True,558261.9426266789,8999082.12175961,0.0,0.0,NONE,False,False,0.0,1862000000.0,8c726c5f84b9f96525ece34f8055196b4a2ba6d40f094066ecac535331556eca
E2A_CRACKERS_A080,LA-0031,31,b2c9f84e097e6d8b1c2a028c778645835d20281cce23904d36809ef099ff2353,M2,A1_FINAL_NO_MEMORY_V1,certified,PASS,,,861db4db8b5e460f42e0fc1710eb8368876531bd484e8d1979b8d4f88b7ffccb,bd34490503b2f392aa65b6742d5f072588554e8017de0bc73aa9f6ab38d4b55c,0.5,0.8,19137905.85543848,4.0,1.0,1.0,1.0,1.0,cc28226471fd85f5ca0c69aab6def1112d6c524e664ba334bca8730ebd7ebdb0,3,2,2,f40e73e82aaec23979fb5a1d2fb7fb053d2125f67375c19cb8c5aa61ced30e4d,P4,1203357369.8189716,1203357369.8189716,0.0,2072771.472116852,0.0,2072771.472116852,h09,5,Katrina,1201284598.3468547,17065134.383321628,1184219463.9635332,1687891466.8864484,194065877.17793807,1.0,0.0,0.0,NONE,False,False,0.0,10400000.0,0.0,0.0,NONE,False,False,0.0,9557344.06438629,0.0,271553345.334871,R0,False,True,194065877.17793807,1667934122.822062,af3df27884ac645bc764a830b4e7fbce3fd171a33e45f4712989d15b82251223
E2A_CRACKERS_A080,LA-0032,32,f4f35be64e2a6a66797bef3bd06352c0e954577920dbaa334c40d418f72f6054,M2,A1_FINAL_NO_MEMORY_V1,certified,PASS,,,ac43c141e2965b617e72c72b699045163f94f9ac3dab3303eb084a941c5a8a68,72c001b9150e829f44177621506bf97007ce93c5778ccd71e69ecd6a197ade46,0.5,0.8,19137905.85543848,4.0,1.0,1.0,1.0,1.0,a8041899a08b76f6f7ba1144adb8e87855880c4b0c3d85e5d269ae7d1cd4b236,3,2,2,52cbd407ca92bb8e30388664b500446db62a153bb94064497cdd7b8a00c490bf,P4,1212143165.3748326,1212143165.3748326,0.0,9528673.306337446,0.0,9528673.306337446,h09,5,Katrina,1202614492.0684953,9609232.549101029,1193005259.5193942,1880507642.365669,1449701.6987173439,0.9999999999999998,0.0,419814.5571520834,R0,False,True,315235.8417581385,10084764.15824186,0.0,1510822.115554034,R0,False,True,1134465.8569592054,8422878.207427084,0.0,0.0,NONE,False,False,0.0,1862000000.0,f390b4423e9237ff6c6e157b2c3f31467d1401e5dbe46e9a0ad910fa95b22fbc
E2A_CRACKERS_A080,LA-0033,33,242bd65776afa513ff3a5e721f1af0cc3162b4bb19d3be12cea27cfa5d59ec75,M2,A1_FINAL_NO_MEMORY_V1,certified,PASS,,,3b77b60dd90fced0fc643a62df4113b91bf736f812b99a2cda155b22010e1c6d,9edc58b015b798d1b9c9e1c22de428423e0a6fbd38b1a20f56be4131185d80b2,0.5,0.8,19137905.85543848,4.0,1.0,1.0,1.0,1.0,5ec1b18b3d03e0fae006691f5d562bca5b1f9046debb0475058e8e1864e12670,3,2,2,f3a64c1a5832a42c47aae9d24b3cc9d68be4239646f342c0d3fe18fa5ad7a864,P4,1222697539.4130766,1222697539.4130766,0.0,1289664.475692853,0.0,1289664.475692853,h09,5,Katrina,1221407874.937384,17848241.379745625,1203559633.5576382,1870232506.941124,11724837.12326228,1.0,0.0,0.0,NONE,False,False,0.0,10400000.0,0.0,1527270.886343543,R0,False,True,886536.7996739998,8670807.264712289,0.0,18671554.917687695,R0,False,True,10838300.32358828,1851161699.6764116,22e210e3b9320385cbf2815fbf683c87fe7ffc0709e5035323843a1ccbcc75cc
E2A_CRACKERS_A080,LA-0034,34,b6a09f1b58b2fbf1794374e4eee392d33de36403806d9cac077fea29336b5fb6,M2,A1_FINAL_NO_MEMORY_V1,certified,PASS,,,92dadbf112ccd8e8dcd198658279478b1d3596433503ca315d91301ad2377767,3e235adced1dd2128dcae4f06f01e66a73a0f4b858e46631d9dd2c1fc6e4fb22,0.5,0.8,19137905.85543848,4.0,1.0,1.0,1.0,1.0,639ed876e29f908c5436fd0f2b510ff641fd11f93a2b1743a59424e2ca0a2684,3,2,2,9e5e51792da1bcba3acbdcadc946f39531d5850d04be0de45d1d82511fb94ce9,P4,1240279385.2554855,1240279385.2554855,0.0,8371288.212632782,3424164.995214509,11795453.20784729,h09,5,Katrina,1228483932.0476382,7342452.647591187,1221141479.400047,1881313671.3028178,643672.7615685418,1.0,0.0,0.0,NONE,False,False,0.0,10400000.0,0.0,1402204.0578126786,R1,False,True,643672.7615685418,8913671.302817747,0.0,0.0,NONE,False,False,0.0,1862000000.0,86f26e15cf3b9ecd5dac2b4c2304e3a975dd292711f5ac86ea2dac6d123a6961
E2A_CRACKERS_A080,LA-0035,35,61f86ea9a5d637c6ba13dfbab345847baad40c87477b380ef07cefed17bc2ee7,M2,A1_FINAL_NO_MEMORY_V1,certified,PASS,,,b749b92cf6a2c66e5a181469c112cb6b1e79298d6f1ed9a30f563725eed18340,0504e6ed052e392b68bb0b6e0754d97c413f60c51d9487e0d3ab2216c8b0a656,0.5,0.8,19137905.85543848,4.0,1.0,1.0,1.0,1.0,a1eb019d8b416ab6ae9de813f0693f7235f261aacf6ff25d4d6984a696adef72,3,2,2,eb49e2805217e94da501a1791c1fd6594cb8f132ae280e7f9bdc5b6b1724886f,P4,1216954715.5455225,1216954715.5455225,0.0,7645864.534062511,0.0,7645864.534062511,h09,5,Katrina,1209308851.0114598,11492041.321375964,1197816809.690084,1724162662.273108,157794681.79127827,0.9999999999999998,0.0,0.0,NONE,False,False,0.0,10400000.0,0.0,0.0,NONE,False,False,0.0,9557344.06438629,0.0,193845582.80638677,R0,False,True,157794681.79127827,1704205318.2087216,9381c25c8be0341454e7d8579cc1e8cbe4c7cfd6030592261644718c96b790b0
E2A_CRACKERS_A080,LA-0036,36,dc589e9611db23a52a37f76fc3061c6adf7b0550514c9a79a8599a2a229640c3,M2,A1_FINAL_NO_MEMORY_V1,certified,PASS,,,2b15d32e9ca709305322c4381c7edf930d898d1b6a3c5b4a443852f63ccad5e8,8413dab636388149d2fc26d4a89e46872e5be664a2d4384c5486a3588ca2e5b4,0.5,0.8,19137905.85543848,4.0,1.0,1.0,1.0,1.0,63c6e57d7e5739eb3273e72ee39a6494b08a040957148c50b4ecf073f53f0063,3,2,2,a26fb681f185e5eb7aa98ffea091acb5b4ab60e6fa8e24e9399f975123c2eef1,P4,1220352199.2657697,1220352199.2657697,0.0,8515851.604923373,0.0,8515851.604923373,h09,5,Katrina,1211836347.6608462,10622054.250515105,1201214293.410331,1880955680.752557,1001663.3118293227,1.0,0.0,0.0,NONE,False,False,0.0,10400000.0,0.0,1667956.2725802127,R0,False,True,1001663.3118293227,8555680.752556967,0.0,0.0,NONE,False,False,0.0,1862000000.0,f4ccac021a7e50c15cb83be79da03670179dba2e11c249af31464076853b159f
E2A_CRACKERS_A080,LA-0037,37,076714fd9cb671dae097942b2788699ab4a59bd70d0226aa5bff62ff1898008c,M2,A1_FINAL_NO_MEMORY_V1,certified,PASS,,,8fb1bff41c5e8570361e19f7e26a843a6b941972cb41e0cc57fca28a984adb9c,0e11a635377e008fa823adb261f0f9b0f41bd6dfc34f04416bc33aa2558a1e12,0.5,0.8,19137905.85543848,4.0,1.0,1.0,1.0,1.0,b3caf5247583503766038956444ff42c5c6b8048e2ad924e4e89889748c7eb7f,3,2,2,b4d7341527cdbec64afd0b7a57b6d21f6e6aca92f3e9f126bf0515dd7ab1b662,P2,1220776667.6759942,1220776667.6759942,9163532.719448593,5305344.457577605,0.0,14468877.177026197,h09,5,Katrina,1206307790.498968,4669028.67841228,1201638761.8205557,1795832316.9105163,75725027.15387017,1.0,14147804.105988253,0.0,NONE,True,False,0.0,0.0,0.0,0.0,NONE,False,False,0.0,9557344.06438629,0.0,199750023.04504958,R0,False,True,75725027.15387017,1786274972.84613,3899a705c99dbc35aa81d07014a9f157142c676b1c7e525e9054969d13f8477f
E2A_CRACKERS_A080,LA-0038,38,89f966ec01f9161594e9c468aea3d0124920b3e6697dcb8ee83c1208d6d6accb,M2,A1_FINAL_NO_MEMORY_V1,certified,PASS,,,f2f3129c0688b22f42523786ffea2e5cb727c926a527b9072f8b244b439bd933,f06162473517f85409d92c3f51e59510648bf303c48b7a7d4dd7afc84cd5b3c0,0.5,0.8,19137905.85543848,4.0,1.0,1.0,1.0,1.0,4a0597547b2456c09713c7433c8730eabdd40cdbfeb59e672bdebc354ab9cea1,3,2,2,fac6d30a374e2ce7532446c6ddd3cb5bf97ec8c3701e895cef1b9ea7fef21930,P4,1205437121.4968786,1205437121.4968786,0.0,7907329.953894476,0.0,7907329.953894476,h09,5,Katrina,1197529791.5429842,11230575.901544001,1186299215.6414402,1693439246.6503916,188518097.4139947,1.0,0.0,0.0,NONE,False,False,0.0,10400000.0,0.0,0.0,NONE,False,False,0.0,9557344.06438629,0.0,513905117.03311175,R0,False,True,188518097.4139947,1673481902.5860052,ecc2ff7e5f845509717c4fefcc2a3b56ce7ef340d817b2dfae659dcde9bdb56f
E2A_CRACKERS_A080,LA-0039,39,989083481f8c8e1d92827ab6e3b3a1a7daa5639541c84d86e9938502fbe4d1ff,M2,A1_FINAL_NO_MEMORY_V1,certified,PASS,,,3c2ab4f64d68240fbaea9f95535dd87e9cd72869b70dda76ef13b92306ce5c12,526544647198003917f04003261932128150df74932d4b0fcc07e6850fa68c6c,0.5,0.8,19137905.85543848,4.0,1.0,1.0,1.0,1.0,4cca69dd11489de7f50a615db13d52e49328e2d5dbacd97e59e0d52ed1e5250b,3,2,2,bbc7f89274b85e82f8c2d742eb90bc843be6e573035aa63408a9441c901a2abe,P4,1225381018.7940474,1225381018.7940474,0.0,4911836.560904333,3037377.0737544657,7949213.634658799,h09,5,Katrina,1217431805.1593885,11188692.220779676,1206243112.938609,1746639997.0162923,135317347.048094,0.9999999999999998,0.0,0.0,NONE,False,False,0.0,10400000.0,0.0,0.0,NONE,False,False,0.0,9557344.06438629,0.0,176414737.2898815,R2,False,True,135317347.048094,1726682652.951906,49f07599adc03040b724839c7e47d24864ee02ad0484575d9c7a0eaf3d7f58e2
E2A_CRACKERS_A080,LA-0040,40,d96f96c92f75caf4a165983b3537136207ba37cdf9fac7b8c2d861d19fafc5ef,M2,A1_FINAL_NO_MEMORY_V1,certified,PASS,,,5ebe9a30e56a63e8c9d1c84c198c635d3991a867047820b2b649a838f7de7302,a4934d4fc36e380533229a3ecca0e0aaf269b3c4d67787e209a11ac4f1717408,0.5,0.8,19137905.85543848,4.0,1.0,1.0,1.0,1.0,a8d8f1544ffc4b5cf1ba53714546c8657d0c4e46437c8d343c88006e5e770e0e,3,2,2,7f6c71f21f264bdc460f6abdfcde857384ba39082f908a4947a78f40ee348a12,P4,1233045740.0937648,1233045740.0937648,0.0,6824552.21946298,0.0,6824552.21946298,h09,5,Katrina,1226221187.874302,12313353.635975499,1213907834.2383263,1860041042.906429,21916301.157957118,1.0,0.0,18811557.18444769,R0,False,True,10400000.0,0.0,0.0,386090.1739786281,R0,False,True,213450.58093847657,9343893.483447812,0.0,20444636.53623594,R0,False,True,11302850.577018643,1850697149.4229813,feef87c875709e7377219ef7bb565f6f02985af0cbc6b6856e9e85151d300d07
E2A_CRACKERS_A080,LA-0041,41,9cfb0aa8009501c8cf4ad5bb5f9eb0103a867118c526a601262f68d58cce0c0a,M2,A1_FINAL_NO_MEMORY_V1,certified,PASS,,,2981589ad55ede665c326466fd0e9ea9b0ad1ebdaf9a11d708fe96b2e35e16a6,a030777bff99795ca52bd3d4e409c2d6f649373e8e39e6d73840158c5dda6345,0.5,0.8,19137905.85543848,4.0,1.0,1.0,1.0,1.0,402b9b7772e1de3c793f371c6925f3a62681def34969e30b6ed0c431d6dea040,3,2,2,5ec8cec8a7d0b8e05a1723de03b730c4d26e78dd45ffd1f3de75c687de23cdc7,P4,1221881234.2535002,1221881234.2535002,0.0,1691331.4677638737,0.0,1691331.4677638737,h09,5,Katrina,1220189902.7857363,17446574.387674604,1202743328.3980618,1737304250.8027115,144653093.26167497,1.0,0.0,0.0,NONE,False,False,0.0,10400000.0,0.0,0.0,NONE,False,False,0.0,9557344.06438629,0.0,214484498.20109877,R0,False,True,144653093.26167497,1717346906.738325,5f1f200d67aa9300ead42ccbb7896dda8691bb619fd0b12f2edbb0124b1e256a
E2A_CRACKERS_A080,LA-0042,42,393faeb85edb61ac878ab484b8811ee87e96c23c3f5d345b8e5bbf065782fdb1,M2,A1_FINAL_NO_MEMORY_V1,certified,PASS,,,eab41004d71f16f4656fb1447bdbfea9c7750da134a3f8d19936931cc35f416a,4cbbbfb127e2c39e978fb076338e65ebb1fe594b7ef55c321d84394635879a10,0.5,0.8,19137905.85543848,4.0,1.0,1.0,1.0,1.0,b66ad3f99f38ee6eab7275800f9b8951091a4e3fb7c27ebb2aceeb42fe961145,3,2,2,6dd5315048b34704fa124daa8674bb710529f1fd7c67bbd96eef3a225afc6ac7,P4,1199070292.309761,1199070292.309761,0.0,5989511.459093544,0.0,5989511.459093544,h09,5,Katrina,1193080780.8506675,13148394.396344936,1179932386.4543226,1880573352.7316456,1383991.3327406566,1.0,0.0,0.0,NONE,False,False,0.0,10400000.0,0.0,1824199.2662123914,R0,False,True,1383991.3327406566,8173352.7316456335,0.0,0.0,NONE,False,False,0.0,1862000000.0,606ccbbd911ea2cfa7a888f53b1ce5f60934a34b9ae8399ea1326dc6c82d1613
E2A_CRACKERS_A080,LA-0043,43,bdc5747811a264908bd755c96486e7c3da7a6a1accb92f6f33a43cd1292740ff,M2,A1_FINAL_NO_MEMORY_V1,certified,PASS,,,0188a563476b23d332f8c4d22192fd159e6f28482f79c7632cf58d30b3a25b2f,b4c4b4334a03cf105b745a5f26223649a41911ad5438550f3e425ccef0457344,0.5,0.8,19137905.85543848,4.0,1.0,1.0,1.0,1.0,2c677ffc459d547a2990c9620f4e05f2bed4537a03d93fde2dadf7866ece1830,3,2,2,514986d21a34feaa2f3e21a2ddcc8578e9074ffcd2ddaec6824bf4b14c1212c6,P4,1239869157.2526345,1239869157.2526345,0.0,7036286.646998398,0.0,7036286.646998398,h09,5,Katrina,1232832870.6056361,12101619.20844008,1220731251.397196,1846761919.9211874,35195424.14319888,1.0,0.0,17936142.20430848,R0,False,True,10400000.0,0.0,0.0,0.0,NONE,False,False,0.0,9557344.06438629,0.0,42762908.98543834,R0,False,True,24795424.143198874,1837204575.856801,55407542ed5e43a6448fcb96f162870540954efb0b923ab4240e9c9eda65d817
E2A_CRACKERS_A080,LA-0044,44,a038cf45cee562876a7617518296aa0442df2ad4ac8f6514371e7f89246f5f5a,M2,A1_FINAL_NO_MEMORY_V1,certified,PASS,,,27628f7880e7682e52dfabd6ce0e5f71ac347cf2c8dc3fc11ce03ba6c406f002,8a631e7a6564fb4bb35ddb5d11383c2d115abded53f046b705138aa3cf9cb54b,0.5,0.8,19137905.85543848,4.0,1.0,1.0,1.0,1.0,5eec50755701d8b7d138f0f74e98a0b1d75a9e45c7614f3f6eeef8449897ed7a,7,2,2,7020750c70c0c017700b054fb7c89b8a4998bdf7e7dde269d62b0fc255649ad8,P1,1224325286.7951932,1224325286.7951932,19137905.85543848,0.0,0.0,19137905.85543848,h09,5,Katrina,1205187380.9397547,0.0,1205187380.9397547,1871111109.8904095,0.0,1.0,15113854.054483818,0.0,NONE,True,False,0.0,0.0,648492.1326546412,0.0,NONE,True,False,0.0,9111109.890409505,0.0,0.0,NONE,False,False,0.0,1862000000.0,c9f00d803b836a0fd52489a6639b5758d2488ce1776868d2529378ac94c0a4ef
E2A_CRACKERS_A080,LA-0045,45,dcfa9d2ea24f4d13a681c78f3478e0d05b21b1da8abdbf8fdf1901b220016805,M2,A1_FINAL_NO_MEMORY_V1,certified,PASS,,,5a2f6495c5877f13108240c4dfbc6444fa8080c8319811da2f85d53b89fe8eec,b8319b11072c339a3b4ae8f5c6702d9ef4309a0c5774f99be660d3b3944c747b,0.5,0.8,19137905.85543848,4.0,1.0,1.0,1.0,1.0,28df1b021e77b5e4aa9c03f65e4abe773918c5464c54255325078ba86c1584a2,3,2,2,9132c66df8d684397fbe8fff81aaadba8a0b1273c7a134f5328185f101eb5ee6,P4,1217601800.0664032,1217601800.0664032,0.0,2125893.663007644,0.0,2125893.663007644,h09,5,Katrina,1215475906.4033954,17012012.192430835,1198463894.2109647,1880906270.0167248,1051074.0476615753,1.0,0.0,0.0,NONE,False,False,0.0,10400000.0,0.0,2944340.484127957,R0,False,True,1051074.0476615753,8506270.016724715,0.0,0.0,NONE,False,False,0.0,1862000000.0,9107432b26c1993a40e0ea79ca866ab981db3b8b582369894e3166f1872402cb
E2A_CRACKERS_A080,LA-0046,46,3cba3e3157cbcca2cddfbd5c637816c67179bbbef11619437f20dd61d190c530,M2,A1_FINAL_NO_MEMORY_V1,certified,PASS,,,dcb5634bc33d5e36e4a566f37f42ce4d87def2bbeb509180036da8390e3e6512,cd7797fa7b65c0db04495f6eba07f2372b048f0f93447b27cd71d6e610f82eb2,0.5,0.8,19137905.85543848,4.0,1.0,1.0,1.0,1.0,a84c01bdf568b43f52e96fe3698d1707da2290f4d79c700369e7ac2f736efe54,6,2,2,f23b42800a14036867224beb18e02559ef502fa08ca40c185675fbd46a9ac3ea,P1,1222439656.2749527,1222439656.2749527,19137905.85543848,0.0,0.0,19137905.85543848,h09,5,Katrina,1203301750.4195142,0.0,1203301750.4195142,1871077234.6654842,0.0,1.0,14573428.152085623,0.0,NONE,True,False,0.0,0.0,672773.0605807866,0.0,NONE,True,False,0.0,9077234.665484231,0.0,0.0,NONE,False,False,0.0,1862000000.0,8cc087b3d8120333ae3a97d57fbaf1baab8462c4fd3dde124dd5cdd705154856
E2A_CRACKERS_A080,LA-0047,47,fd2ce38681f35c0793562ad74e3fe7246a6d119841da06d92a85d136281118ab,M2,A1_FINAL_NO_MEMORY_V1,certified,PASS,,,b0a389befba5d9b33a8429638948038dae1e8166b533f7b19e8b971e1057831c,7e36d137872d04505aafcc5fbe9059be930ed686fff4627bf72d4e821617abe1,0.5,0.8,19137905.85543848,4.0,1.0,1.0,1.0,1.0,d285a1eb34fc0fbd64cef79aff8881a35e3a4a132568f6af08371d1c1d606e57,3,2,2,336ca1816b4aa0c180fada80f9673e3a1ad0265535e7d2ab0cac38d4966d0e69,P4,1177457350.1292937,1177457350.1292937,0.0,5831519.610264963,0.0,5831519.610264963,h09,5,Katrina,1171625830.5190287,13306386.245173516,1158319444.2738552,1680277159.135494,201680184.92889228,1.0,0.0,12998265.094838079,R0,False,True,10400000.0,0.0,0.0,0.0,NONE,False,False,0.0,9557344.06438629,0.0,239068322.2207109,R0,False,True,191280184.92889228,1670719815.0711076,84eebb1db32a9480c85eecfad62e07e86404d2fd4cd8f7436fa6af887f50dbb8
E2A_CRACKERS_A080,LA-0048,48,094350cdea0997d0c0c41a1c2a14236c8020c9c96601c54849ba12b930a914a4,M2,A1_FINAL_NO_MEMORY_V1,oracle_failure,FAIL,oracle_failure,Full exact certification was incomplete,5d6f923b849830738adea81f67cc98dff2670144712a026d1f1ffec3efd2553b,79a18b87b598bd2bac3ebf609641e3bea297ef5c29775c0b9928e55533cca442,0.5,0.8,19137905.85543848,4.0,1.0,1.0,1.0,1.0,91b75f6197322f7a621aadbafcf011f1274c6739388241a13bf13d868191fd62,3,2,1,,,,,,,,,,,,,,,,,,,,,,,,,,,,,,,,,,,,,,,5653bf5e0ac3437976262ae1ea24d8779516bf63d3b028e5c46ee4cb9a7dfb4a
E2A_CRACKERS_A080,LA-0049,49,2095319ddb1639bb7caea136d97f9321b89043cb6f9f0bac4ba4a22b99e05087,M2,A1_FINAL_NO_MEMORY_V1,certified,PASS,,,fe503c4650f94e62f557ba9363b0288c641bd99522ca67ad49b44e8aca4dd24d,54c28a1ffe98dec1bcbdbc530df2c0f347ad3cd7da7738956cb6e60a0da1cb1c,0.5,0.8,19137905.85543848,4.0,1.0,1.0,1.0,1.0,e65d068bbda026f985501f329e64225b82d53cd1e80cfdcdddf0c5cd5c8d93a6,3,2,2,b052a6bee025b30afc58d6567c60db0b1844bcf1ebc8948cd0b3df5b01ba7809,P4,1232196967.5157568,1232196967.5157568,0.0,9883275.86939232,0.0,9883275.86939232,h09,5,Katrina,1222313691.6463645,9254629.986046156,1213059061.6603184,1764821678.4122307,117135665.65215556,1.0,0.0,0.0,NONE,False,False,0.0,10400000.0,0.0,0.0,NONE,False,False,0.0,9557344.06438629,0.0,232081623.07241672,R0,False,True,117135665.65215556,1744864334.3478444,b7bf3861d22874f66671681d69455362e9ac16482ba669bb05026a38728f98c0
E2A_CRACKERS_A080,LA-0050,50,c0506d4ba38d90166b8124e9708158837f721cd06ef88fe92e1fde8a5c6c0e7c,M2,A1_FINAL_NO_MEMORY_V1,certified,PASS,,,23d427cb1a19e169a0c9ccb2a91aed9019f3dad8aad90fa7b37149728e519a34,57b33b8ffb0c7ed89a840a981ae454bf87085f4f2bc6b7e58661cf9b650bb885,0.5,0.8,19137905.85543848,4.0,1.0,1.0,1.0,1.0,7c2e0def2530b81e06a9eccdb1f21ccc316a0cd853a55779a6c71870123602a7,3,2,2,1c66064fdd89183c213bb274c0c601fd308c3200c6ee1c3c16b08995481d7a03,P4,1224461335.2104447,1224461335.2104447,0.0,7590050.007749366,0.0,7590050.007749366,h09,5,Katrina,1216871285.2026954,11547855.84768911,1205323429.3550062,1744186722.4121451,137770621.6522413,1.0,0.0,0.0,NONE,False,False,0.0,10400000.0,0.0,0.0,NONE,False,False,0.0,9557344.06438629,0.0,291198643.0893208,R0,False,True,137770621.6522413,1724229378.3477588,96b7181c2bbe318b83b54ae9e1004321e1ce53495364f05152e803b429840ae2
E2A_CRACKERS_A080,LA-0051,51,d77f3bce26b0e3330ae0a4a5c88c1048624bc0c3991e65d6872d2d0ba4466cd8,M2,A1_FINAL_NO_MEMORY_V1,certified,PASS,,,04bf903c714945b9d596e8dbb41e9c649eef52f2ad124d2b53716ef9a4f1b596,d14d70b589dfbbf8befd17a12bca7893db0c1093526030d6ac1fec0169c417ba,0.5,0.8,19137905.85543848,4.0,1.0,1.0,1.0,1.0,a04a72a5e768ca3c3888fb63a4b5635c82cd0651c13a56039db2a0709430fab4,3,2,2,76c013e8ea55da045e2afa1318f05ea722f9093eb279b16f54027e8785ae2b6d,P1,1223002661.7088614,1223002661.7088614,19137905.85543848,0.0,0.0,19137905.85543848,h09,5,Katrina,1203864755.8534229,0.0,1203864755.8534229,1871087349.0200744,0.0,1.0,14730696.088928668,0.0,NONE,True,False,0.0,0.0,665707.1308712112,0.0,NONE,True,False,0.0,9087349.020074427,0.0,0.0,NONE,False,False,0.0,1862000000.0,25603fbaddefecf28eb1f35796a6d392da12dbe44dd041437fee6b2ee478101d
E2A_CRACKERS_A080,LA-0052,52,8393d2ec315cc810dc2bb9cf9dff8524763ca7deae7190abebab5fe855333c96,M2,A1_FINAL_NO_MEMORY_V1,certified,PASS,,,627fcdda428055ef7d0d1cffd17fbaca18c061c1b798ba011204ead0d216ae5f,96e215a41460f8f0dc037361e8acc3f8f2d7e958aa1333ed4defcdd4ec2ed89a,0.5,0.8,19137905.85543848,4.0,1.0,1.0,1.0,1.0,1b4062b872d30f14804079b1da930a9bfaccd77a9836010e78ee475d24c0a00a,3,2,2,62b712be5b6872347ced5fae90a98df89a4af69b0a7af613cdb4b179979a3ce3,P4,1207189043.8717558,1207189043.8717558,0.0,2802240.859318931,0.0,2802240.859318931,h09,5,Katrina,1204386803.0124369,16335664.996119548,1188051138.0163174,1870803258.4438114,11154085.620574897,1.0,0.0,13696723.648717353,R0,False,True,10400000.0,0.0,0.0,993125.2262005663,R0,False,True,754085.6205748967,8803258.443811392,0.0,0.0,NONE,False,False,0.0,1862000000.0,68cef5d4cbc0c6a5b24ea52af8791e31b8307c68a22235d348c1452ddc9d3335
E2A_CRACKERS_A080,LA-0053,53,53e2d715810797ff98b1ca17b5309d98726e650bca30e977506b2277192de74d,M2,A1_FINAL_NO_MEMORY_V1,certified,PASS,,,d00794526ed7d4e7b390322db010ff28d65a534b9e63f5efe663733c0efb1f5c,32d4f08407b27c38560cdd2c87877684f77adcb5e25bb6ece42a86599b17b6ea,0.5,0.8,19137905.85543848,4.0,1.0,1.0,1.0,1.0,ee7b5a9304bb3c3845f095dd583bd4f765acf9f0d63cb553e726ff376cdce2b8,7,2,2,6ea37286a38ac61f83779dc6f5ed02a0f1908f13aaaf95a9bf6e7aa404c6be8d,P1,1220313956.392968,1220313956.392968,19137905.85543848,0.0,0.0,19137905.85543848,h09,5,Katrina,1201176050.5375295,0.0,1201176050.5375295,1871039046.6106915,0.0,1.0,14008744.148395497,0.0,NONE,True,False,0.0,0.0,698143.8866899774,0.0,NONE,True,False,0.0,9039046.610691458,0.0,0.0,NONE,False,False,0.0,1862000000.0,60ef2d7adbf3f9f1205d2bd33929dda87f8add091bb1ce7b443e174224db1076
E2A_CRACKERS_A080,LA-0054,54,21d638d203a99770e141be90350ad5da2f5b6ae17715b0da72949c5332332f9b,M2,A1_FINAL_NO_MEMORY_V1,certified,PASS,,,dfcd3307c86be3b6af7a04aef21d91a9822f508b4ac77a12773c0ef86cd9950e,03ba4ac1c949813f76823cbb6dd05088f666899c1b1a1e574b51cc8b34741df9,0.5,0.8,19137905.85543848,4.0,1.0,1.0,1.0,1.0,02796deced05b29069ccdb4ab63d64969535680ea489dcb8ad352fdbb6a932b3,3,2,2,663f92224bd94952957b11121d9bb87d5321e0a86c06a8438a00814b2a3ca7a1,P1,1230839975.792267,1230839975.792267,19137905.85543848,0.0,0.0,19137905.85543848,h09,5,Katrina,1211702069.9368286,0.0,1211702069.9368286,1871228145.8381867,0.0,1.0,17334755.235251628,0.0,NONE,True,False,0.0,0.0,548708.7187545783,0.0,NONE,True,False,0.0,9228145.838186773,0.0,0.0,NONE,False,False,0.0,1862000000.0,efc1decfadc8c03016c00a8a72840074bc94668fc2ee3a390c31ad1bf1d6da10
E2A_CRACKERS_A080,LA-0055,55,06c0ef20aea9653ad5a779277c36240676b88f03edc359c93c68f8260d243087,M2,A1_FINAL_NO_MEMORY_V1,certified,PASS,,,57cc4352daff3cd160d5e1595f3ac8ec82490bcd3e22d48f86d590b27345fb3f,85892cc62b3e88b9c3f6d58b93441871e7b7b2cc4222a70145947c60813d114d,0.5,0.8,19137905.85543848,4.0,1.0,1.0,1.0,1.0,0f32f999676caca3f1cc6e36ff94b948242301afb37a1c43a8d2b54329b7fc3c,3,2,2,d0bbd53a6190c26a0504342709741e8a98f9cb8e58bd411b47879ae98108677d,P4,1216551758.268655,1216551758.268655,0.0,6779633.017711663,0.0,6779633.017711663,h09,5,Katrina,1209772125.2509434,12358272.837726817,1197413852.4132166,1723087765.567849,158869578.49653754,1.0,0.0,0.0,NONE,False,False,0.0,10400000.0,0.0,0.0,NONE,False,False,0.0,9557344.06438629,0.0,295185581.90629256,R0,False,True,158869578.49653754,1703130421.5034626,589599b8c6dffc09d2bd870216a29110f287c020da8bd2a72064fb8ebb653692
E2A_CRACKERS_A080,LA-0056,56,1738ad1dd29775b4c1243f37df4a477fb45779e43f85cfc3b12da636f8161850,M2,A1_FINAL_NO_MEMORY_V1,certified,PASS,,,dd57ab0e9233bc2ab4c7935ba69ac110d75c86147106cdcb24d999b707a396ca,1cafa169f08f1604b1e89c19fe1619b02a54b4f2bc17128c73b1b76b0bb4bf29,0.5,0.8,19137905.85543848,4.0,1.0,1.0,1.0,1.0,12524c35d4656449228570cc031be1160befc3b15d536f60ce234b75d5925cbe,3,2,2,3753047f7cefe9703c89ed40c387365c607e7962a8a2ac5f4c553dd23d88c61f,P4,1216460540.2040946,1216460540.2040946,0.0,9620888.099131262,1608567.658958927,11229455.758090189,h09,5,Katrina,1205231084.4460044,7908450.09734829,1197322634.3486562,1722844439.531356,159112904.5330302,1.0,0.0,0.0,NONE,False,False,0.0,10400000.0,0.0,0.0,NONE,False,False,0.0,9557344.06438629,0.0,218357250.86584362,R1,False,True,159112904.5330302,1702887095.4669697,150bcb30a99c0c1f6faf07367ba8d42301156e1f8e03ac3c3351a39228f0ac88
E2A_CRACKERS_A080,LA-0057,57,67c9f9bb758d93ffbccbac1635454c75bb5203e28d2fb661c0e378c9317ac525,M2,A1_FINAL_NO_MEMORY_V1,certified,PASS,,,a75ec5f5531c86bad06dc053acee86df8b5f8803c9164d478692e80b4eaf907b,166e33c7dc2c3c547853add30bde38046420b3a219057ef10248706ec9b692d0,0.5,0.8,19137905.85543848,4.0,1.0,1.0,1.0,1.0,4be35c1b0e24b22cb57ae3b2d3ed3edef9e5ca8ddf5198e06c96f3a2a6891711,3,2,2,a93fded815dd71ec25fcb13b958a65c253104aea4ae4e7cf4e30438d2b0ff839,P4,1232396293.193521,1232396293.193521,0.0,8308268.417077906,0.0,8308268.417077906,h09,5,Katrina,1224088024.776443,10829637.438360572,1213258387.3380823,1826827903.5449772,55129440.51940906,1.0,0.0,31745311.59128213,R0,False,True,10400000.0,0.0,0.0,0.0,NONE,False,False,0.0,9557344.06438629,0.0,136533656.40311164,R0,False,True,44729440.51940906,1817270559.4805908,6ec9a30380e71d4fe5556319f91a1fc41bdd5f5bf56e644ce536a7e2f2e7eef0
E2A_CRACKERS_A080,LA-0058,58,ab541dc98200b019e81148b07d3780d58c0cc1c0de650caaaee9e46421e24ae8,M2,A1_FINAL_NO_MEMORY_V1,certified,PASS,,,74ce0434c27a6669f1d3bbe2ad19e5903791c8c592bdc29e2fd9915f7789c4de,516ee5c397c50fcca6398f7b7708db4ab4d3d1d96df220e599047f35227fbdc3,0.5,0.8,19137905.85543848,4.0,1.0,1.0,1.0,1.0,7320106f27479fdfdac371ab68e1bbda0e438bc8bab420a314066ed0e49545a4,3,2,2,39e1724130766cad92b19a200bc68df27b2b6adf76d3c9d291db60815bae128c,P1,1220206981.2533357,1220206981.2533357,19137905.85543848,0.0,0.0,19137905.85543848,h09,5,Katrina,1201069075.3978972,0.0,1201069075.3978972,1871037124.8095338,0.0,1.0,13981480.884464473,0.0,NONE,True,False,0.0,0.0,699368.80456235,0.0,NONE,True,False,0.0,9037124.809533942,0.0,0.0,NONE,False,False,0.0,1862000000.0,9f63edf507c95688ec63ff9ab06625faa0ca2115aeae87e342496edae03d40a8
E2A_CRACKERS_A080,LA-0059,59,42d335dd7883a97e5a3f03b495e345323e1b1d46e7b2a98de20ea6667112457d,M2,A1_FINAL_NO_MEMORY_V1,certified,PASS,,,24dfc06f51db3687a258442ac705f0a5921b51cf4bae420897bc38feb51b9d35,7f52e863f8cf2da518a9a72d8f5b045bee4d9410320d935f17f6c29b0f179689,0.5,0.8,19137905.85543848,4.0,1.0,1.0,1.0,1.0,8a1e31ebbdfac4c4218ec09b9cde961011ae5e06374bb2cf16ec3d087e59a36a,3,2,2,87a318fd1cc51db3969f9043e51a0d5493973e7ff76a5bd21c5a48480b450d66,P4,1219734855.9786031,1219734855.9786031,0.0,4175282.1267609987,3405252.156327079,7580534.283088078,h09,5,Katrina,1212154321.6955152,11557371.5723504,1200596950.1231647,1871028643.1108646,10928700.953521732,1.0,0.0,12480877.331626575,R2,False,True,10400000.0,0.0,0.0,634485.7448094947,R2,False,True,528700.9535217324,9028643.110864557,0.0,0.0,NONE,False,False,0.0,1862000000.0,47d6932e1d8a8b4a4e8c4b5eea545a6867ce61c559ab728924e427c24aafd0e2
E2A_CRACKERS_A080,LA-0060,60,3fbff512e96462ac99227b6ccf0461dceeb78c53d1cad8a9a62586e56ff6ae78,M2,A1_FINAL_NO_MEMORY_V1,certified,PASS,,,72f82281142b670bb86aa2978eb36dc4d6598eb8604b59d94cac2aea3bac713b,5290e5de09e08a1d550a2322be614a052b5fa705a8bd137b7bcdbef688836034,0.5,0.8,19137905.85543848,4.0,1.0,1.0,1.0,1.0,54199c0c8a9b8121ae3f9877fdc29dd883bc5ccf3a7d18eaabbc193d5a2d569c,3,2,2,4637aec27aa84dd9d2297c1eac147226a7993d7cdb66da9a72f8d617b952c52e,P4,1228595212.7699392,1228595212.7699392,0.0,6401211.522743116,0.0,6401211.522743116,h09,5,Katrina,1222194001.247196,12736694.332695361,1209457306.9145007,1755213924.608833,126743419.45555338,1.0,0.0,0.0,NONE,False,False,0.0,10400000.0,0.0,0.0,NONE,False,False,0.0,9557344.06438629,0.0,195802945.80655378,R0,False,True,126743419.45555338,1735256580.5444467,e60533c996162567d01ea222ba365c75250ed1f5cf1ad616a21a24b03a19cf4a
E2A_CRACKERS_A080,LA-0061,61,cd7ba256524cb036f33013c1005baf2ca2bf23e5fdc7a9fa10871d5c2a2e0738,M2,A1_FINAL_NO_MEMORY_V1,oracle_failure,FAIL,oracle_failure,Full exact certification was incomplete,62d71547d90fd1f2b8ebb7aaf47830e8301d77a0d8fe7d2a31746832286897bd,daa8b3e265002fd5f2669fc635ced95e5886a2081d347fce6d27dbda1657aee8,0.5,0.8,19137905.85543848,4.0,1.0,1.0,1.0,1.0,79f1c0ed2c92faab6c2874b14ee44d7e299c002054daa5cd9adfb06b2705d920,3,2,1,,,,,,,,,,,,,,,,,,,,,,,,,,,,,,,,,,,,,,,49a90e4c0725b24d9d10b39330ee92790f0d9db3221d7b57b933b8b27f44b757
E2A_CRACKERS_A080,LA-0062,62,0a8476101aed9a3c938c73fcf4aa585e93a174a4346c5bbb4dd77fc8e931e499,M2,A1_FINAL_NO_MEMORY_V1,oracle_failure,FAIL,oracle_failure,Full exact certification was incomplete,efe569f78eefc0ee963c7374878ddd483a535058c2bef9e199b2414ef87a31e4,bf7ad3025570fa6cd1fd3916f0c218c0312a39580ede1ae7d74fe9f81fcb1ad9,0.5,0.8,19137905.85543848,4.0,1.0,1.0,1.0,1.0,2dd048b299de11f63ec292fd5ae8df303bb0d40fd6471ab0a9c046e228ee9899,3,2,1,,,,,,,,,,,,,,,,,,,,,,,,,,,,,,,,,,,,,,,2800e1eabb164fce9a0356fa2e2416d6a32aabc8d1dcb7a5182b027af8c24ab2
E2A_CRACKERS_A080,LA-0063,63,c09e21ecbc8cb0da475b3b11188d3df9b258c4e2729dc9d43f3a17441930e6da,M2,A1_FINAL_NO_MEMORY_V1,certified,PASS,,,a5a888e708f5fc85fd679121d6e6ba1fe7e4e46cd3c1c21fcda515d3f2fd48dd,4e34dc6a7078afa078796a9bb223668851a712660833b450ea2a832b04243368,0.5,0.8,19137905.85543848,4.0,1.0,1.0,1.0,1.0,84822408c9946002e021a2a755b1775243718f2e5c8692bf7612b8540afecb9f,3,2,2,2496df84d8d3a76a5db5ef3c457b431b16400247bf6aa15504845a56fcf5aee1,P1,1227608829.293301,1227608829.293301,19137905.855438434,0.0,0.0,19137905.855438434,h09,5,Katrina,1208470923.4378626,0.0,1208470923.4378626,1871170098.5095909,0.0,0.9999999999999977,16157195.48781577,0.0,NONE,True,False,0.0,0.0,601615.5894825306,0.0,NONE,True,False,0.0,9170098.509590805,0.0,0.0,NONE,False,False,0.0,1862000000.0,5e6f10172120ec93688a20d7fa67448d3dd91b25a67657da8f8b56b1f41f5cf8
E2A_CRACKERS_A080,LA-0064,64,0c0505f8d265afb56b5051fb03264061417d45d1f0a35c46f861c1ae95389ba4,M2,A1_FINAL_NO_MEMORY_V1,certified,PASS,,,93f8b548276c7b8ac4c41d9b12fe5055a46f115b530dbf7593843455b36c6cdb,8a2acbb84db4cc8dac9bee4db8a8aa1829bd7317a44c0aee6438f972f628bb06,0.5,0.8,19137905.85543848,4.0,1.0,1.0,1.0,1.0,bb7ebb3d0dbd5b59df2c9494d47a86c4c87a1df09624983eac0b8eedd592b12f,3,2,2,299fcaedf0f0329203e3b8971a22e36fca80baf5b066e39ccc950bbbbf87714c,P4,1209888919.0571122,1209888919.0571122,0.0,5500767.865417147,0.0,5500767.865417147,h09,5,Katrina,1204388151.191695,13637137.990021331,1190751013.2016737,1766789026.7406437,115168317.32374254,1.0,0.0,19903172.059389643,R0,False,True,10400000.0,0.0,0.0,0.0,NONE,False,False,0.0,9557344.06438629,0.0,200502100.58338273,R0,False,True,104768317.32374254,1757231682.6762574,9b17424ce3d1a144b78ff52f6d7109c8fa3a555258d35d9923c1efaf07367d6e
E2A_CRACKERS_A080,LA-0065,65,d256eadfc4945b86a5b851692b96cf9234577168b1f35668db33d3fc2eb72510,M2,A1_FINAL_NO_MEMORY_V1,oracle_failure,FAIL,oracle_failure,Full exact certification was incomplete,e727ba6137c855f99dba8c034279b358a7c31c881288fd626cf6780a94f718ec,f8c692d2c177de18a3914e5fcae2561b7b169c2e6ad922172677c41c58809fa6,0.5,0.8,19137905.85543848,4.0,1.0,1.0,1.0,1.0,7e0fed78b660d19bfc93c23f56b833c592a84edcaba5fadef4c8390cbfb6ddf7,3,2,1,,,,,,,,,,,,,,,,,,,,,,,,,,,,,,,,,,,,,,,7f165735b4cdcf7cfacf8ac1521d55128fb970fc8b635addd5738ffa41487ca4
E2A_CRACKERS_A080,LA-0066,66,44308e8523479a7c82a4272406e1acb57a90d106661f280302640a9eb1bd5eab,M2,A1_FINAL_NO_MEMORY_V1,certified,PASS,,,f590009dc6cae77553cfeeb1faa168d6e4dab58a9e123a005f44dc2ba7aff9d8,7901b2435e2bd93e1c46df879e6aff10f82e09f89fee8ad88fabaf4bfe6e9b74,0.5,0.8,19137905.85543848,4.0,1.0,1.0,1.0,1.0,d3443807b4a77d5ce863472399528fa593397eb183f33c376e3b3c7708b02ea9,3,2,2,2e7ab33fb363b79deb283c124de1d84636428fa63393a6ad0598c5a429ad6978,P4,1200173153.5286977,1200173153.5286977,0.0,3837380.483437185,0.0,3837380.483437185,h09,5,Katrina,1196335773.0452604,15300525.372001294,1181035247.673259,1880593165.5589476,1364178.5054386933,1.0,0.0,0.0,NONE,False,False,0.0,10400000.0,0.0,2191241.993310563,R0,False,True,1364178.5054386933,8193165.558947597,0.0,0.0,NONE,False,False,0.0,1862000000.0,00d9949106609e5fe7b931663c67483992f273d4dcca502bd8c128aa2829df6a
E2A_CRACKERS_A080,LA-0067,67,8545392c59e5fbad14745c8557475b4e270611e74a1ec2ca369eed91fcab4baa,M2,A1_FINAL_NO_MEMORY_V1,certified,PASS,,,ee80823a80ef6e2627045aa9920effa39d7f53899b87c9ac6bc4c6149ec7f134,b08568d8a3c33e6858ca3033444493075bed20cba493e3ec80f22752dc148830,0.5,0.8,19137905.85543848,4.0,1.0,1.0,1.0,1.0,6b85ed5ec841a6c8c8164f29214fbf7b78df149603a2e863be02b08f3cc37690,3,2,2,ed45f788dd0a087c30584b26ec4583d042dde18c121bd1ce968a931f972f398d,P4,1216939912.8327909,1216939912.8327909,0.0,9865278.439619422,0.0,9865278.439619422,h09,5,Katrina,1207074634.3931713,9272627.415819056,1197802006.9773521,1724123175.7367978,157834168.32758868,1.0,0.0,0.0,NONE,False,False,0.0,10400000.0,0.0,0.0,NONE,False,False,0.0,9557344.06438629,0.0,368848377.6659031,R0,False,True,157834168.32758868,1704165831.6724114,1d7af35cb88e57d30ad7f4b58fe0ef9b6287355a2e46c9e9962870e9079057ee
E2A_CRACKERS_A080,LA-0068,68,60cb9806f6539dee04a0c52f4acd201386b18ff64aaf42e6767f8696c9abba82,M2,A1_FINAL_NO_MEMORY_V1,certified,PASS,,,a87e8dc190f3087b7d224d2c92cc2019359bba883b790ad81a3402c153cbd4f8,420cf18a8fe1b65e0001eafe2b20127e2a6d432ed3e6c5cf9052495dc07608bc,0.5,0.8,19137905.85543848,4.0,1.0,1.0,1.0,1.0,705aa65da7935256eaf53624af50bdd10341a52004325041f97597c7858d75f2,3,2,2,22494fbe6045491105e0fd13d5f2321117899e406c2ee1a8e25a502c9385c6de,P4,1228941262.896655,1228941262.896655,0.0,1508173.5251242914,0.0,1508173.5251242914,h09,5,Katrina,1227433089.3715308,17629732.330314185,1209803357.0412166,1817611540.1837263,64345803.88066016,1.0,0.0,12758031.054654911,R0,False,True,10400000.0,0.0,0.0,0.0,NONE,False,False,0.0,9557344.06438629,0.0,66177138.574787095,R0,False,True,53945803.88066016,1808054196.11934,5fef2b3d613db96a06a66c772d1629bd699ccf1476e9f20652ba78538689a9f6
E2A_CRACKERS_A080,LA-0069,69,0f70ab6ebe1757f095619020bd3db7cac560cb722425c0dd13af6aee0c7c9359,M2,A1_FINAL_NO_MEMORY_V1,certified,PASS,,,03a0af39dfcb992771a4e57d8b1c720908cf1fc934ab96ec133e04b1b0fc922a,15e8dce5ed692f77f882b254271459fa8bd60d1db19080281c7a4019fca811dc,0.5,0.8,19137905.85543848,4.0,1.0,1.0,1.0,1.0,f9319c68390afdf91ec44061031b91ddee1e7e9489591d848c3cf03cdefed952,3,2,2,4a5ddfda115ea0c03f146589f2a830f9a0737483164242ccd0d2d1f95b05ba55,P4,1215557508.7454784,1215557508.7454784,0.0,7936079.626616467,3223039.0252202614,11159118.651836729,h09,5,Katrina,1204398390.0936418,7978787.20360175,1196419602.89004,1720435584.8082018,161521759.25618452,1.0,0.0,0.0,NONE,False,False,0.0,10400000.0,0.0,0.0,NONE,False,False,0.0,9557344.06438629,0.0,177179552.2056202,R2,False,True,161521759.25618452,1700478240.7438154,990cef613ec44294fd1ac551d4ebf86495961a8802f0e087ae02764e6330f64c
E2A_CRACKERS_A080,LA-0070,70,0da904d3aa0e12971440714cbc0b97c44dfb896ace9791d0a729a0b8cdccca6d,M2,A1_FINAL_NO_MEMORY_V1,certified,PASS,,,938265cd1c2e724a41bcc6e0f4188fe721203b9dbbb139d6624e24f9b3315059,759d618490f2d9cac6b5ef29d137880ef8ecb84c351d0621c6f2698fed195b83,0.5,0.8,19137905.85543848,4.0,1.0,1.0,1.0,1.0,7f49cc9832256025df124e7adba364a8878fb89c26354ef78de37437f6740dc5,3,2,2,a039f78d334cb128bb6757e19274e632c7810197cbd21bf332d5964c45d727e9,P4,1223984442.7101173,1223984442.7101173,0.0,910431.5008600795,0.0,910431.5008600795,h09,5,Katrina,1223074011.2092574,18227474.354578394,1204846536.8546789,1742914601.9994068,139042742.0649795,0.9999999999999998,0.0,0.0,NONE,False,False,0.0,10400000.0,0.0,0.0,NONE,False,False,0.0,9557344.06438629,0.0,204691925.05277327,R0,False,True,139042742.0649795,1722957257.9350204,83aba7791e1e9737911d0500ce0ed60ad1cb54ad33a77f2331cc92c7e287fc1c
E2A_CRACKERS_A080,LA-0071,71,41a3ac70d325d533f1e3697acce5d23d974ab1cae2ed698a4a07bfb123138f7f,M2,A1_FINAL_NO_MEMORY_V1,certified,PASS,,,2ccdf7071811a7394817d964cb97937fbcd64419e1c58d395469415df97e8932,368581e44349c6ba5d7d26f370900c76a0817ce3d132f1a1cca572eb9739d89a,0.5,0.8,19137905.85543848,4.0,1.0,1.0,1.0,1.0,c3fbb6cea60cebd97e6baac127c276f6238dfa0bd10ed6fc4bd4eaf93a7e57dd,3,2,2,7bd56aa29b35b9aa8c5b110adab67972845bd93b7b6345f7d049f0af7fb6587a,P4,1211147983.5965352,1211147983.5965352,0.0,10446931.328551961,0.0,10446931.328551961,h09,5,Katrina,1200701052.2679832,8690974.526886517,1192010077.7410967,1708673087.078413,173284256.98597345,1.0,0.0,0.0,NONE,False,False,0.0,10400000.0,0.0,0.0,NONE,False,False,0.0,9557344.06438629,0.0,314045892.32731414,R0,False,True,173284256.98597345,1688715743.0140266,5451d77b7aaeaee1e0d3f62c665c23a2468acc4c0784033221f1e5929b66f74d
E2A_CRACKERS_A080,LA-0072,72,52a3bb08b988a4f5497ecff308f3c9174f9e7fc47174b5cd5329d2036ce75adf,M2,A1_FINAL_NO_MEMORY_V1,certified,PASS,,,52c281e56f8876122b6ce36c513d868aa88565d96b696f3a545302d956d6f4b0,936fcd5c108fd94ecbb0c1731334d191c79f6f030e4cdc3b23a3edfa8f0cc4d8,0.5,0.8,19137905.85543848,4.0,1.0,1.0,1.0,1.0,93f900da1e7fd10ec8ad2f8be8449a6f70376ae750afd72736f43ad2e729683d,3,2,2,6404dd698b2176e4fa8c7a02fc01b8e69750c9a4d16fca6966a35f994adc9698,P4,1216689201.6802607,1216689201.6802607,0.0,5743995.308856316,1793224.0496860119,7537219.358542328,h09,5,Katrina,1209151982.3217182,11600686.496896148,1197551295.8248222,1723454398.6547186,158502945.4096677,0.9999999999999998,0.0,0.0,NONE,False,False,0.0,10400000.0,0.0,0.0,NONE,False,False,0.0,9557344.06438629,0.0,336750925.6573032,R1,False,True,158502945.4096677,1703497054.5903323,32b7dcb497a8656ebaae9a0c1c72eb0f5707bab34e4952faa61697e5d22d0f1b
E2A_CRACKERS_A080,LA-0073,73,099bf77c42033cdfe0e5d91256d98dc75616afed8ad0be0c023061af096284ad,M2,A1_FINAL_NO_MEMORY_V1,certified,PASS,,,12669a969fac9cfcabd4851a6992c9123059be970a1447cba6eebe6ba13180a6,49906cca408508f69352cd10d70ba6c1a6c6427fbfe71c078fc5f5d85f4e859a,0.5,0.8,19137905.85543848,4.0,1.0,1.0,1.0,1.0,25dc9b1b394308753480f352317d1465fbdaf1c5c4594a4cff986e7053349f57,3,2,2,bb145f3813cc21e9f369904c4e5af8620628c29b2ba94a841395dc3b0262e481,P4,1230256011.5853055,1230256011.5853055,0.0,2426016.448957305,0.0,2426016.448957305,h09,5,Katrina,1227829995.1363482,16711889.406481173,1211118105.729867,1759644139.1184533,122313204.94593318,1.0,0.0,0.0,NONE,False,False,0.0,10400000.0,0.0,0.0,NONE,False,False,0.0,9557344.06438629,0.0,184466378.05325732,R0,False,True,122313204.94593318,1739686795.054067,99621803a45096d33f60b47b1cdbfdfd626a5914fe40cbbe9e22a8439d10430b
E2A_CRACKERS_A080,LA-0074,74,819a1660302e57c1b01749c09673c1de0f85225cb0f1e73870f580a6c0ecd321,M2,A1_FINAL_NO_MEMORY_V1,certified,PASS,,,670724cd222dad3209c507542e1e7814843a7ac6ea67d5a768fa1e07e7ea347a,a08a5d30c4feb33426431ae15a1b8acb2f4f2fc28be7e2d06b2b00ea05dce210,0.5,0.8,19137905.85543848,4.0,1.0,1.0,1.0,1.0,2c999813366a06e4fce7fd72c0fb3fa20f7a518174187ca141cc75666224b637,3,2,2,23d96102a361510a3a7fd59fc124027d19172aca08a0a71f0b406e9bde1ca766,P1,1230080557.0338588,1230080557.0338588,19137905.855438475,0.0,0.0,19137905.855438475,h09,5,Katrina,1210942651.1784203,0.0,1210942651.1784203,1871214502.9314892,0.0,0.9999999999999998,17042822.25688989,0.0,NONE,True,False,0.0,1.862645149230957e-09,561825.0471455946,0.0,NONE,True,False,0.0,9214502.931489298,0.0,0.0,NONE,False,False,0.0,1862000000.0,22c280318ea102e55e8e19ed3d6ca271b2e50a26fa2a7394770d34b8c4b05727
E2A_CRACKERS_A080,LA-0075,75,9d546685b9fd14893cf0a89d22cad2b369bd129b2c8f0fd26a9ed507173a5df6,M2,A1_FINAL_NO_MEMORY_V1,certified,PASS,,,f653d8c2a3de74948071d4d1361a6feb04bd3c23e6331cf827b6ba61f0fbf8a4,5ddcd05bf796656a54f11a4b9c8fc30ff19ff53a83ae56f465462b5537b542f3,0.5,0.8,19137905.85543848,4.0,1.0,1.0,1.0,1.0,03075349abbc57b23eea229df5db37c1395db0c899f94517b506541f55883d49,3,2,2,e8c8fbf5fd9923c82f5ac3d96fa5bc3bf25a23c7306db252984854caed600801,P4,1187784743.7219725,1187784743.7219725,0.0,7587249.1838123,0.0,7587249.1838123,h09,5,Katrina,1180197494.53816,11550656.671626179,1168646837.866534,1646351171.066455,235606172.99793154,1.0,0.0,0.0,NONE,False,False,0.0,10400000.0,0.0,0.0,NONE,False,False,0.0,9557344.06438629,0.0,475871588.4540931,R0,False,True,235606172.99793154,1626393827.0020685,1c343d367870f61de801b23897f1af8d5f27e954233de13a2b28215a69f0b90a
E2A_CRACKERS_A080,LA-0076,76,5969f9a8224a0ba47a7c495ef92a60b0ba6fee8c2bfacc1be2a6d961c497617f,M2,A1_FINAL_NO_MEMORY_V1,certified,PASS,,,00536bf0b7b5a4976e199f2913c9c6cd69375f6ee7b0add709a53bc545c77831,88dd4d2ad040319c4c4fe879fc75ecd7c19853415d3ba48c1a256ca0a10fe4f6,0.5,0.8,19137905.85543848,4.0,1.0,1.0,1.0,1.0,7c1d7b1b2b924e5b895117c79c126bb58fc95a3fbd48f1a539876e92a39a63a2,3,2,2,4cb7ace85e806de89a71d0ae51d5e39ffba6cca3ee5e8fb6dd5e4065b4e2e797,P4,1168846020.279349,1168846020.279349,0.0,4508125.753139828,0.0,4508125.753139828,h09,5,Katrina,1164337894.5262094,14629780.10229865,1149708114.4239106,1657306262.1819494,224651081.88243693,1.0,0.0,22439557.29477081,R0,False,True,10400000.0,0.0,0.0,0.0,NONE,False,False,0.0,9557344.06438629,0.0,462278791.0930361,R0,False,True,214251081.88243693,1647748918.117563,7971473f080917829853ff6569c0ce23b42ec074343f9364332e55475e87404f
E2A_CRACKERS_A080,LA-0077,77,7d9cc46d7bee503dde23209717fae1de2e732e718ef5ba00780155d3a1f06991,M2,A1_FINAL_NO_MEMORY_V1,certified,PASS,,,a9920ebb52be7981a088eba6f8dfcbf8e235002abaf9854425aef6a1d2776ff4,f4b477cf54ed96c5ca37e9cf8641705deb39318ed751866938cfce9087385dec,0.5,0.8,19137905.85543848,4.0,1.0,1.0,1.0,1.0,4449bb558f6ff0436acc71dadb7ddaa72587f32694bfb0ea54c97fe1368679f9,3,2,2,f529979547cabb7d9c99b19d6b652c1a1a883c5441da95ad7bb720bb2c33e5cc,P4,1224073726.1622624,1224073726.1622624,0.0,5182299.511809821,3017997.5864042924,8200297.098214114,h09,5,Katrina,1215873429.0640483,10937608.757224364,1204935820.306824,1743152767.418061,138804576.6463254,1.0,0.0,0.0,NONE,False,False,0.0,10400000.0,0.0,0.0,NONE,False,False,0.0,9557344.06438629,0.0,150588264.60242915,R2,False,True,138804576.6463254,1723195423.3536747,79395e32ac4489e27a1b782cde20bc7d391872e661b6dacb20196d6ed2cc1423
E2A_CRACKERS_A080,LA-0078,78,0e6c07467da95d2598dd4b958a314028b6e8fdcab22f8158aff76a718a31cfc6,M2,A1_FINAL_NO_MEMORY_V1,certified,PASS,,,8d0e866817b9a554258eb0ab5ca296162b88e36fc54b0895b2d7b5c76c23b21f,0a48239dc0556e4b0d2b7575def1cee28f126b7cb6848f3b90d0305fafcd48a9,0.5,0.8,19137905.85543848,4.0,1.0,1.0,1.0,1.0,88b6eba5ee47486da6312bc49809e27d3f2d43e30a136b3822e9d08b1488181b,3,2,2,725695e8f5991f82af8780194b6e27011d84885c523b2dbe202eaae516babbb7,P1,1220523780.4527647,1220523780.4527647,19137905.85543848,0.0,0.0,19137905.85543848,h09,5,Katrina,1201385874.5973263,0.0,1201385874.5973263,1871042816.0857525,0.0,1.0,14062529.06896357,0.0,NONE,True,False,0.0,0.0,695727.3708012467,0.0,NONE,True,False,0.0,9042816.085752483,0.0,0.0,NONE,False,False,0.0,1862000000.0,6b37a255170dacce4b793ef800816745959a6f45dce58cef772101a88c0e092e
E2A_CRACKERS_A080,LA-0079,79,2db5bba1310fc6d403128044ad0bc9238ffbb7f184f6e79ebb15cf3ce219c71b,M2,A1_FINAL_NO_MEMORY_V1,certified,PASS,,,a2c6de7eae7699f0ba801813bc2984adaab8c3d209e4d40253efad4edb31d46a,4a5ad11c146d43379f6ebace7b8d0e04ff50fde4d768f89feadf53634f7fe926,0.5,0.8,19137905.85543848,4.0,1.0,1.0,1.0,1.0,a9df9e9dd6e4cacc3eede4efc4dab352922200ecf876811f963c2f1f0466834e,3,2,2,d09bc743e79c92d6ecf3953128fda863fbf8824873989c8956e0b64861a8f0fa,P4,1205260724.143529,1205260724.143529,0.0,2714489.557808852,0.0,2714489.557808852,h09,5,Katrina,1202546234.58572,16423416.297629623,1186122818.2880905,1868626070.3532422,13331273.711144153,0.9999999999999998,0.0,402827.53472533147,R0,False,True,337605.1322524018,10062394.867747597,0.0,1404969.6690139207,R0,False,True,1177488.950057689,8379855.1143286005,0.0,14098963.715386601,R0,False,True,11816179.628834061,1850183820.371166,4ed94f9108ac75ba1f1401603042141aebcec1fff67c580d0808dd0baf4341c1
E2A_CRACKERS_A080,LA-0080,80,767df1245d20d80741dfd4fbe80031014f35f4df4a9f845ee1a0c50bb9fc1ab8,M2,A1_FINAL_NO_MEMORY_V1,oracle_failure,FAIL,oracle_failure,Full exact certification was incomplete,65dd86b65fc305be86eeb112e054e5964f35a1ed5a6a6f0d32556df0c04d2fd5,dde24ec2378867c80a11582d44c0b3baa1509fba4e822b7fa01e4c63cde42de7,0.5,0.8,19137905.85543848,4.0,1.0,1.0,1.0,1.0,1210b4acf828dc96c82576b8758a8d4c6bcc3e17b4857de18aa230109b1575f7,3,2,1,,,,,,,,,,,,,,,,,,,,,,,,,,,,,,,,,,,,,,,164780921dc4775bb68fcfaedd65bd1ea6d55a8d214aa4b504c6871d5f8889f6
E2A_CRACKERS_A080,LA-0081,81,5ed46d1e32037f41dc7e4d48ec1ad95679d145611efe334d983f328487f47433,M2,A1_FINAL_NO_MEMORY_V1,certified,PASS,,,74e84d1dc4905db195140051836e751541549921769fb648c67458e339528ac3,dade76c267ba3fb78f39c5428b902054295266d67dec9eeb282213fb28f73e8d,0.5,0.8,19137905.85543848,4.0,1.0,1.0,1.0,1.0,87689278faefc07814ad093156ca6601d4e61662ea438eea6ca5104b5acbeb93,3,2,2,83098c1f88bfedd850124d446037d1316027c9b6ce687a4ca0afd6c7a840bd3a,P4,1214248021.7988744,1214248021.7988744,0.0,8563852.857997343,1620445.058600662,10184297.916598005,h09,5,Katrina,1204063723.8822763,8953607.938840473,1195110115.943436,1716942501.8307045,165014842.23368192,1.0,0.0,0.0,NONE,False,False,0.0,10400000.0,0.0,0.0,NONE,False,False,0.0,9557344.06438629,0.0,334232158.3374437,R1,False,True,165014842.23368192,1696985157.766318,8e3e9f6848e1782ba85956c52984305a7caf1737de6a9ece2d31abcf93fe1d17
E2A_CRACKERS_A080,LA-0082,82,3da360d3c2d49535757fde4ce0a609aae7546beb14c59b767b4bf786fc6fd480,M2,A1_FINAL_NO_MEMORY_V1,certified,PASS,,,c12f14dd940c6c6d5f1d6a36173fe71ebc6f446045767bf536fedd9436177c3c,4f1076c317ddffa77497827d137c131008e2157e053cfe57f53bae49fce8cc55,0.5,0.8,19137905.85543848,4.0,1.0,1.0,1.0,1.0,8eef87a031cbe4eebf49e3c8fb552983e0118f701d50f0778c22a9c5c76d12e6,3,2,2,c8b5e0ccc905cedaf9b140d8b7c9334d7a956cd51c7d37541000f84cc17b45c6,P4,1188656095.4875,1188656095.4875,0.0,649377.8154706911,0.0,649377.8154706911,h09,5,Katrina,1188006717.6720293,18488528.039967783,1169518189.6320615,1880074828.8450923,1882515.219294016,0.9999999999999998,0.0,442511.7579555412,R0,False,True,326636.3588184864,10073363.641181514,0.0,2107832.368096814,R0,False,True,1555878.8604755297,8001465.20391076,0.0,0.0,NONE,False,False,0.0,1862000000.0,3e5a43e8645f6093d055e769eba7603300957651c51afee6d878c80d480cfabc
E2A_CRACKERS_A080,LA-0083,83,a5228df1055d490679fdd9d6298c014804b6b251a772e20eabc5cabfe6a6f64a,M2,A1_FINAL_NO_MEMORY_V1,certified,PASS,,,018c0edcb7501a79084bb8d8206ec8efbd61d1f6dc6616cfbc9ac2cae37423f3,f6700abc0539db80662e604084d8bfc140f6d31b9afdda90a409571bc2beb1f6,0.5,0.8,19137905.85543848,4.0,1.0,1.0,1.0,1.0,db9478aab17006321ae7ac1f6f2dd529b16359ab89fa4cca45d2ab1779f67e96,3,2,2,02363d87e7cdfcd6d866f134b74bff4da7fa4dbe74b192f83ffd87153f51bd19,P4,1218743945.6247818,1218743945.6247818,0.0,135783.68904078758,0.0,135783.68904078758,h09,5,Katrina,1218608161.935741,19002122.16639769,1199606039.7693431,1880926788.584531,1030555.4798551176,1.0,0.0,0.0,NONE,False,False,0.0,10400000.0,0.0,1289851.565147384,R0,False,True,1030555.4798551176,8526788.584531171,0.0,0.0,NONE,False,False,0.0,1862000000.0,e18532d25cdb3bd7ea6b660c13a5ac8b673d4ea0f9137168d67a930da72b2fbb
E2A_CRACKERS_A080,LA-0084,84,452c3c78fd656a973d7af41d0ebe4577827d2893ba70adaee7f1600da04f8cce,M2,A1_FINAL_NO_MEMORY_V1,certified,PASS,,,cf8aa217965fc647fd22213d80bb0a3370ce273561a459f69ea5f2e1ad97122f,605314bf54a419b74b4608505840f7ef8a12d71d19a570d95d1423c49dd14f07,0.5,0.8,19137905.85543848,4.0,1.0,1.0,1.0,1.0,6b641f606896556d1113c8259fd31c12bdc786947a78fc703961a46eb006f50b,3,2,2,c16cdffaf880a87a04c14ed1ea3874a63133682558979ce9ed193a2c6aab666f,P4,1223678172.131067,1223678172.131067,0.0,6457773.894728516,0.0,6457773.894728516,h09,5,Katrina,1217220398.2363386,12680131.960709963,1204540266.2756286,1859499605.6821272,22457738.382258903,1.0,0.0,12357128.263107423,R0,False,True,10400000.0,0.0,0.0,450569.6738735629,R0,False,True,379208.2196213033,9178135.844764987,0.0,13876259.148488618,R0,False,True,11678530.1626376,1850321469.8373623,19c058c1b6505c14669bf5717368cefe7aadab531c2b75f5a66d733e87744bea
E2A_CRACKERS_A080,LA-0085,85,92ddeb682e0a88f56f8964b6505371edba64d812ac8567a7874c4b86a25887f9,M2,A1_FINAL_NO_MEMORY_V1,certified,PASS,,,566c9c50afdaf7ec1fc7867ce97c66b0ec364266e6e8c8a516123c4e26748610,74bc2a2e73d66ed5cc1c92290073f4388702f2a2d499b7698df37d659ef3fcdc,0.5,0.8,19137905.85543848,4.0,1.0,1.0,1.0,1.0,e58b714bc36f54ea7bbfcb1381fd52d4f35d4949d870458c07646ff482d13bf6,3,2,2,d5ffe0722ccf1b9ed42a5d91cca39ca9dd421519d81d2575d9491228ea767e0a,P1,1229724802.587282,1229724802.587282,19137905.85543848,0.0,0.0,19137905.85543848,h09,5,Katrina,1210586896.7318435,0.0,1210586896.7318435,1871208111.8268871,0.0,1.0,16909420.001470003,0.0,NONE,True,False,0.0,0.0,567818.7098006628,0.0,NONE,True,False,0.0,9208111.826887101,0.0,0.0,NONE,False,False,0.0,1862000000.0,b7ed1ee64727c2beb754892d08dcf95471d640f8b0daf65beab9613e28f943f5
E2A_CRACKERS_A080,LA-0086,86,78b0e42b8034387220c039146144af1d18e990c3c80dfbf66557f8829ab7c942,M2,A1_FINAL_NO_MEMORY_V1,certified,PASS,,,fa6433d628e992e2b85ae535ee7f48efc57ebebb615970d90eee6ff7660c6b46,22659e6c9f2ee379963c249203da543257690cef1d960b06d1416d89d35f7537,0.5,0.8,19137905.85543848,4.0,1.0,1.0,1.0,1.0,0128af8b1643c2fb360dffda277ab5b70dc6caabb9718d7768f228c2536f2d7d,3,2,2,c123bba3a251d4b8057ddd6e82f6d0136251c249a28e6800000a4b1fb0bb3307,P1,1230630272.5222373,1230630272.5222373,19137905.85543848,0.0,0.0,19137905.85543848,h09,5,Katrina,1211492366.6667988,0.0,1211492366.6667988,1871224378.5331059,0.0,1.0,17253147.025850445,0.0,NONE,True,False,0.0,0.0,552375.3140118717,0.0,NONE,True,False,0.0,9224378.533105755,0.0,0.0,NONE,False,False,0.0,1862000000.0,86bafe1be8770ca2e32360eb11b1e9509dbce8581f90d2d6d37e050ea23b5461
E2A_CRACKERS_A080,LA-0087,87,55ad7ba1be0ec7f17db04c0250b5e74afc2587d0ed02a266c8c1a09988b0a9d9,M2,A1_FINAL_NO_MEMORY_V1,certified,PASS,,,d2390f588fb1840e5681a7e97965e42a4fe8a594b6646edef776ec5c52b7931b,e4962efec394329a81e8ac9ef5def91fb387adf1ac79872ac1d2e62ebac0859c,0.5,0.8,19137905.85543848,4.0,1.0,1.0,1.0,1.0,5b72a299a5286893d148a8493ef96a6a2cbe60c7cb52cac905297088c5cc2f90,3,2,2,5f276d42d2d0499c74c92f6278db6dd841200a770824861e72c2c38e346365ea,P4,1169562345.129831,1169562345.129831,0.0,4298064.308102852,0.0,4298064.308102852,h09,5,Katrina,1165264280.8217282,14839841.547335627,1150424439.2743926,1597742553.3964233,284214790.6679631,1.0,0.0,0.0,NONE,False,False,0.0,10400000.0,0.0,0.0,NONE,False,False,0.0,9557344.06438629,0.0,596065255.50164,R0,False,True,284214790.6679631,1577785209.332037,1e113f3a1c47f091aa2266f9d401d881b8ffe9a04e4bfe5c0f26f54531eb47ac
E2A_CRACKERS_A080,LA-0088,88,6d7390404bbf6e027e4d60b1dba12f8ec171920f5a2a619ec2b42e63393c1006,M2,A1_FINAL_NO_MEMORY_V1,certified,PASS,,,a25aa5343c966717596555ad2aeb21e208cda11055a721baf444ca2a8b1ef8e5,392af87369ec2df4ae5a954d94d64b2d2ad3ecd5d58c93907df19d5147701843,0.5,0.8,19137905.85543848,4.0,1.0,1.0,1.0,1.0,b74a8c00a2ef6539cc4bce3806f2ba709806f3e6f6fea52fa168da8d2df47da1,3,2,2,8a7b9b0dd7208996b9b32552ebe33600d05be7547eba2f7e7e9d67498b240b29,P4,1215412965.8730557,1215412965.8730557,0.0,6085224.741384489,0.0,6085224.741384489,h09,5,Katrina,1209327741.1316712,13052681.11405399,1196275060.0176172,1781524533.6120253,100432810.45236115,1.0,0.0,13846608.988903996,R0,False,True,10400000.0,0.0,0.0,0.0,NONE,False,False,0.0,9557344.06438629,0.0,119870107.93326476,R0,False,True,90032810.45236115,1771967189.547639,ab50de2ae92472282baab2a9efbaf055cc985885c78909e9daf047d4108ac006
E2A_CRACKERS_A080,LA-0089,89,1d40bca4e9cab04e8c9d5b356b62d85bc42550f2568eb9649d88c04022d92728,M2,A1_FINAL_NO_MEMORY_V1,certified,PASS,,,8df12943e3001ff9cfee5fba4ac1a4262185dd87db0b1c333aac1d1b1e0ba127,3244f2dd71b70a86777de02bc02f73f6c8cccf1bdc55221a7b2ecc7e10b3a2ec,0.5,0.8,19137905.85543848,4.0,1.0,1.0,1.0,1.0,11e5c7a3ab5d6a77a8db86220ac2599c1fc4dc4b6848bd21abe1d0e2c697a0d5,3,2,2,1676365e839066a2120946780a80d745780b29863cb8f994072baef52af43448,P4,1222116437.0981648,1222116437.0981648,0.0,6844659.033208299,522831.9158743906,7367490.94908269,h09,5,Katrina,1214748946.1490822,11770414.906355787,1202978531.2427263,1880987375.166045,969968.898341338,1.0,0.0,0.0,NONE,False,False,0.0,10400000.0,0.0,1144783.2622424169,R1,False,True,969968.898341338,8587375.166044952,0.0,0.0,NONE,False,False,0.0,1862000000.0,25ca8f3f4aef4aff7b952c1d211e69502cbad9efcfff485c1cb00d58db29a8aa
E2A_CRACKERS_A080,LA-0090,90,ad39719dc60273e05438709eaa87ce655222480fabaa49761b962d3505a2dd08,M2,A1_FINAL_NO_MEMORY_V1,certified,PASS,,,5254467f62242a4f9ae47d62c44f61ef674a24589ff4b078063c66c75d806615,b188269dea9e8d788ea873c36e0fde718949479e0d44ab2e946c9e805b78c600,0.5,0.8,19137905.85543848,4.0,1.0,1.0,1.0,1.0,fa3b1a76a5bf51749f1b5abef9c16a6fd52b4ae9150d4f71c05517137a4b57c8,3,2,2,a11225bf53e466f60b9903b4ca7298894e093a1fd961fea0d84decc31c72babd,P4,1181656322.408014,1181656322.408014,0.0,3405559.156474407,0.0,3405559.156474407,h09,5,Katrina,1178250763.2515397,15732346.698964069,1162518416.5525756,1691478002.8153925,190479341.24899387,0.9999999999999998,0.0,20219045.535955172,R0,False,True,10400000.0,0.0,0.0,0.0,NONE,False,False,0.0,9557344.06438629,0.0,350099269.3075209,R0,False,True,180079341.24899387,1681920658.7510061,d546dfbf9bcee1c81daff41f6ff0e43f2696346036ec3e20100fac95d7df3f9e
E2A_CRACKERS_A080,LA-0091,91,b27c1077c290d99c969c87b18ee48fb6ce999c0739c08490b5959806588066bd,M2,A1_FINAL_NO_MEMORY_V1,certified,PASS,,,415c4edba8b3e68ee2a0fdbdcc31cb02c304c71f0b393f5fbc5c217f39cf7c37,36b5887257933f63c0cbfc3fb5a1318bcfcffad17f9655ad05efc49631a1a37d,0.5,0.8,19137905.85543848,4.0,1.0,1.0,1.0,1.0,825983f51e3fcb8f10217f07bec511171d5639353d6ba043dca12ac3f4b83c55,3,2,2,d69255ab38bf00ad8127838feb605f59aaac092e82e90b688f8ceb4e78a8b380,P4,1212711220.9320724,1212711220.9320724,0.0,8763347.383101638,0.0,8763347.383101638,h09,5,Katrina,1203947873.5489707,10374558.472336838,1193573315.076634,1774317574.209061,107639769.85532553,1.0,0.0,26179286.725218832,R0,False,True,10400000.0,0.0,0.0,0.0,NONE,False,False,0.0,9557344.06438629,0.0,244775751.55162096,R0,False,True,97239769.85532553,1764760230.1446745,55de267e5b30eb9813cc73166e0a7e3ddbc869ded287b8f5eeec628bb6fe2ac9
E2A_CRACKERS_A080,LA-0092,92,ad66cde18674d3c6319f6333c0a0747db37265ec8b615f5104037c0758ed9f3f,M2,A1_FINAL_NO_MEMORY_V1,certified,PASS,,,78c8709a13df5a2a0fa7ecacefeed1f37637d662c4294a89951edc8efe09a198,ffa750bcc12fde3ffc245ce0442ac601ee8c31578cf1f1446ed46fa5ab83c171,0.5,0.8,19137905.85543848,4.0,1.0,1.0,1.0,1.0,5a7f0dc8d06ed9c4a34b91918143cbf1023cb860b1b2945e011d1b6ec07ecc35,3,2,2,bb618360f061587672c30695b32e37cd368264ce6367f99929ee79f24b45a328,P1,1227649169.5463824,1227649169.5463824,19137905.85543848,0.0,0.0,19137905.85543848,h09,5,Katrina,1208511263.690944,0.0,1208511263.690944,1871170823.2195125,0.0,1.0,16170910.041168481,0.0,NONE,True,False,0.0,0.0,600999.4049510026,0.0,NONE,True,False,0.0,9170823.219512504,0.0,0.0,NONE,False,False,0.0,1862000000.0,bbb7e25393a242123f10e0ec162aa23fcd8b8c8034777e1ccdfc484deb6ae6df
E2A_CRACKERS_A080,LA-0093,93,cd231b2c22006fa7da74ec6c380af80fd01b240b9e4feb8d86623aa441352f7c,M2,A1_FINAL_NO_MEMORY_V1,certified,PASS,,,6b560fd9aceb57702949751abc675d04a2aa031bdef0ec9f23fddd6c845fd64f,69187c73e3bda7d36db9bd674cbbf1979afdf77fb2a8cb4828d73844fa8ad8c7,0.5,0.8,19137905.85543848,4.0,1.0,1.0,1.0,1.0,70b4149858d08e823e19f5580efb89130acdfc56d2763a854f40d68eafb304ca,3,2,2,1a008fb6c7ba5c5205426dc4098b3783cc04ac2a34af2422e6763c4b340971ef,P4,1232189904.606097,1232189904.606097,0.0,7048826.772675544,0.0,7048826.772675544,h09,5,Katrina,1225141077.8334215,12089079.082762932,1213051998.7506585,1862028640.493472,19928703.570914105,1.0,0.0,19995243.339331232,R0,False,True,10400000.0,0.0,0.0,466055.43423064245,R0,False,True,242406.47806793806,9314937.586318351,0.0,17854016.35507532,R0,False,True,9286297.092846166,1852713702.9071538,3ddaf6c5fcfbb6f1f3df6292dc5db24cb36904bd71c9e309792fbce5163b8cfb
E2A_CRACKERS_A080,LA-0094,94,5fd2d85ef75ed01c712217a95b9318f91a994babb5b22e9c4df7c689d0ba389e,M2,A1_FINAL_NO_MEMORY_V1,certified,PASS,,,df85e6e611f90b8b1024dd2418a921b9d585a106feede301704e6797af665a03,b1162f5ae65f59884f93ad1a61995a1599053c47dfea44ab040c2873fae75a4b,0.5,0.8,19137905.85543848,4.0,1.0,1.0,1.0,1.0,d53d1f271a86729a7e9685e5f468bdf0e67edf7f85d00e16fba76298f7a159e1,3,2,2,ea15e8de8b96efa79ac72d865c7eb60e5581228800ec283fc745d29e286ea896,P4,1197772782.2262328,1197772782.2262328,0.0,3723128.2438283674,0.0,3723128.2438283674,h09,5,Katrina,1194049653.9824045,15414777.61161011,1178634876.3707943,1672994466.2656126,208962877.7987737,1.0,0.0,0.0,NONE,False,False,0.0,10400000.0,0.0,0.0,NONE,False,False,0.0,9557344.06438629,0.0,279813135.96465516,R0,False,True,208962877.7987737,1653037122.2012262,cf01646fe621648234f06fc6b603c7c65b09d69bdf224af7c3a6e281c5725df9
E2A_CRACKERS_A080,LA-0095,95,7f3f2c84c8f8b4f7a3f661e79b4732174f31d16f47aba108d9ec70607a7e10a6,M2,A1_FINAL_NO_MEMORY_V1,certified,PASS,,,fa07124284ce27fbf7d1afcae8618f60cb9100c353b1e4fe50712d6345352884,f45df8da75b4b1b48e7d8bf3731d49f03730c24d815ec6630bee7bb0153c7de0,0.5,0.8,19137905.85543848,4.0,1.0,1.0,1.0,1.0,5810d9b47240a4fd8a34457934e2226a9cca54dafc60bee4f387bd61a7b8fd33,3,2,2,975f9ffe87f5206dfdeb8c75c0fa16ce8ec3e5e5e04cceabe7312ce7bfa7fa0a,P4,1172191117.8530586,1172191117.8530586,0.0,2494368.8160219425,0.0,2494368.8160219425,h09,5,Katrina,1169696749.0370367,16643537.039416537,1153053211.99762,1666229377.7754984,215727966.28888798,1.0,0.0,15877474.295728104,R0,False,True,10400000.0,0.0,0.0,0.0,NONE,False,False,0.0,9557344.06438629,0.0,313470144.8986486,R0,False,True,205327966.28888798,1656672033.711112,375b91437b14bb6ff272d029a085ad5522c8c297b059f7683c92bd0f8dac22e3
E2A_CRACKERS_A080,LA-0096,96,6d19e469e9ab769200b8c8fd23f473eb61bbc41f39f15015d9caf251c7b42c01,M2,A1_FINAL_NO_MEMORY_V1,certified,PASS,,,fef89a03b2351832033e7b2cd96364b838f3b3e8640c2b0ace5b86915be18ad2,d7b0e8d909fff0afd7c7ddca144182e83a2981229003d94f118af1e9c92e105c,0.5,0.8,19137905.85543848,4.0,1.0,1.0,1.0,1.0,49088f30ef02c5fe2c120b5bb69e09ff14f871bed8e53722a98e865ac4c4d50a,3,2,2,30b1fd3676b15fd0a6773150a7386648adbe8dd80314a5ab32cdbc881ac0c063,P4,1215220022.5597534,1215220022.5597534,0.0,5554847.284895264,529928.408313948,6084775.693209211,h09,5,Katrina,1209135246.8665442,13053130.162229264,1196082116.704315,1880863481.5447023,1093862.5196838805,0.9999999999999998,0.0,0.0,NONE,False,False,0.0,10400000.0,0.0,1739908.5507626282,R1,False,True,1093862.5196838805,8463481.544702409,0.0,0.0,NONE,False,False,0.0,1862000000.0,06f2accba26ee8e3982e09f3dc1d2f1eeeaa46fd6d7fcab6284a816b6b253b28
E2A_CRACKERS_A080,LA-0097,97,edf70a375e08de6a4bb2a98690a88cad1ad1a880e532f9766c33642307104234,M2,A1_FINAL_NO_MEMORY_V1,certified,PASS,,,001e815cd62110be0ab8317dc078cce310cbc3f0024a56c12cead7fa5d98cb77,096cba88ac41ebdd21940a3f471a8f03dc1a6b223f64b102bb72c4917afe2cab,0.5,0.8,19137905.85543848,4.0,1.0,1.0,1.0,1.0,1b39d46d772986e598fcac1ace1ba7d232b8dc9f163ad83250f0c068f5ebb060,3,2,2,4f14b2d32695e2fdc748a4b3824a3ec41d235ba6b39d64f0c3122fae5305f09b,P4,1210993722.3456886,1210993722.3456886,0.0,151264.61818037066,0.0,151264.61818037066,h09,5,Katrina,1210842457.7275083,18986641.237258106,1191855816.49025,1708261592.0644176,173695751.99996886,1.0,0.0,0.0,NONE,False,False,0.0,10400000.0,0.0,0.0,NONE,False,False,0.0,9557344.06438629,0.0,268985055.95246524,R0,False,True,173695751.99996886,1688304248.0000312,f916418142469a3f340781247feb8543245624b953093349c6ac4f478514aa19
E2A_CRACKERS_A080,LA-0098,98,013e0e1d22a2b4571c505d4b63e9049aa369067fa9f467ef9066da824c3ce638,M2,A1_FINAL_NO_MEMORY_V1,certified,PASS,,,18e9f42b41234674fc2def716db67da6f72464eb6c77354fc631c0576d54f176,812a8e99359a5154b96f7e6dee03adf063b64badc07bcb186b0cbb35354515bb,0.5,0.8,19137905.85543848,4.0,1.0,1.0,1.0,1.0,d788ffc45812cac368b9ed36a988131d9dde63d0bfd4f77e594833f6dc2fa399,7,2,2,d31ade1fc4193894dfefb271287a156c3c29c5ddb61f1812798d67abdfd03955,P1,1224133452.0137904,1224133452.0137904,19137905.85543848,0.0,0.0,19137905.85543848,h09,5,Katrina,1204995546.158352,0.0,1204995546.158352,1871107663.5915196,0.0,1.0,15057049.251776762,0.0,NONE,True,False,0.0,0.0,651044.3295687201,0.0,NONE,True,False,0.0,9107663.591519687,0.0,0.0,NONE,False,False,0.0,1862000000.0,08f6a5593d0417e28e0bcd2a09364cd7e294ffbd76c55bf7bb9b6042cc4769a0
E2A_CRACKERS_A080,LA-0099,99,b829dc14128adbea04f3b65d0574792a25510f5aa3afd71e43c7ebb5c51b5754,M2,A1_FINAL_NO_MEMORY_V1,certified,PASS,,,94da23a61341cc75e3fd5e75fd0821b56f14b53a2ac2b5129765530ee5afae0c,8376277f851c2a652655e28003f0764d8802f86bb04285fc649554aa0f9f3790,0.5,0.8,19137905.85543848,4.0,1.0,1.0,1.0,1.0,745b8e0e5a00e662491438b5928656aa739720f31f2f2100154b5a01d4735794,3,2,2,cd062de5e952805dffbf854c3591a58cb03671d4e10725b7856b28e3a4ce4b6b,P2,1229453603.2908099,1229453603.2908099,11021712.839697644,1739580.5839962848,0.0,12761293.423693929,h09,5,Katrina,1216692309.867116,6376612.43174455,1210315697.4353714,1818978218.5718899,52579125.49249643,1.0,17016694.209815722,0.0,NONE,True,False,0.0,0.0,0.0,0.0,NONE,False,False,0.0,9557344.06438629,0.0,66832734.86199032,R0,False,True,52579125.49249643,1809420874.5075035,bdf188764dc0337c3ee25be343fb3a43acca3231d5df1f1be34bb1c3abd781d2
E2A_CRACKERS_A080,LA-0100,100,23acce877ac9c1b6da536ca2f6452dec87e245fbdcc093402afd582bc64c7d24,M2,A1_FINAL_NO_MEMORY_V1,certified,PASS,,,3b272d9c56590afae664354d8cbe0056370feb479dbca832b696a745f6e51f3d,000934157c4d307d3be60f56dd2c7bf67ef54fb07b3f5ac8b775f47075f702af,0.5,0.8,19137905.85543848,4.0,1.0,1.0,1.0,1.0,3fe54ca21aa8c2e703734f217813e5620ded93922c222f13c2add3a05acbd1f9,3,2,2,9701149e49b2f9853fea52f3677de275cd5dce385c64e6002d30a6cb6e3f091e,P4,1220802593.0762777,1220802593.0762777,0.0,7558685.545940223,0.0,7558685.545940223,h09,5,Katrina,1213243907.5303376,11579220.309498254,1201664687.2208393,1795901473.4413626,86055870.62302372,1.0,0.0,14788126.64644728,R0,False,True,10399999.999999996,3.725290298461914e-09,0.0,0.0,NONE,False,False,0.0,9557344.06438629,0.0,107577749.6462024,R0,False,True,75655870.62302372,1786344129.3769763,042f57a8bb42eedee93b4bcd18497439c2b6563872c056f34236528865fc652e
E2A_CRACKERS_A080,LA-0101,101,46423fd7bd412f27bd38da1d616236542376e6a3ccb8a53ca95614ae4224bb6d,M2,A1_FINAL_NO_MEMORY_V1,certified,PASS,,,52668889ff8629fd5380486ce69ff3abb8c56ec2bf60bf58b118a6b44f8e5bf5,135d04bd4bbfe0f52e682e149fb3c19e4a7891991fe30349ad659fb05f74877c,0.5,0.8,19137905.85543848,4.0,1.0,1.0,1.0,1.0,564493cd089dc5787f1a72d3afb39ed7dc245b6980a12e89c411be94ad4541b3,3,2,2,3309adaea62516c5009b6a1efdbad8df509ca94e48865b1e77cfe16a570a0f00,P4,1208975517.8820977,1208975517.8820977,0.0,3782934.046563818,0.0,3782934.046563818,h09,5,Katrina,1205192583.8355339,15354971.80887466,1189837612.0266593,1702877990.7424188,179079353.32196772,1.0,0.0,0.0,NONE,False,False,0.0,10400000.0,0.0,0.0,NONE,False,False,0.0,9557344.06438629,0.0,531425963.5479718,R0,False,True,179079353.32196772,1682920646.6780324,b319254bdd9eee2c23ea216174f29324e25563804497b961a70267d96c436cff
E2A_CRACKERS_A080,LA-0102,102,cdb6afd9b29eb2b550b3cc275aaac1a466442ff6233fcc0e0f86751d09ddf5ad,M2,A1_FINAL_NO_MEMORY_V1,certified,PASS,,,1a0ea144c34d6e318f34ac9be0d0d1cd5adb9f5e37677cbfdecbac3e291542ce,fcd3966e531c58dba326edce94a5303b59b355feb13317d5b4c7d42e7e50a683,0.5,0.8,19137905.85543848,4.0,1.0,1.0,1.0,1.0,a2800e2ba6888e0de0a473cf0825b82779927711c193fb570aedb4fc966a1809,3,2,2,2e0f9dbd8dbe1336aaa78f53377a6bb33d79ee85996601fbe05edbc28beecde1,P4,1226447912.1628826,1226447912.1628826,0.0,8167497.402830344,3616199.653864072,11783697.056694416,h09,5,Katrina,1214664215.106188,7354208.798744062,1207310006.307444,1881065189.8229995,892154.2413867922,1.0,0.0,0.0,NONE,False,False,0.0,10400000.0,0.0,1375278.4387094334,R1,False,True,892154.2413867922,8665189.822999498,0.0,0.0,NONE,False,False,0.0,1862000000.0,2ce98a8a5a1b93fa1d3fe9231d2666bdd3083077db9a0dab336ecc1564720dfd
E2A_CRACKERS_A080,LA-0103,103,df1d73f9ded0745380418ef8366c146852a901f468bb9dc8b3a8546d58bb60c4,M2,A1_FINAL_NO_MEMORY_V1,certified,PASS,,,21b8f1dbb9d64cc0919f88758b24e82aec881af155bd2aeab3a153daba410377,b07447b488f8783199e48634912b92278d801ba6b4a73ecb6c86de32d878c411,0.5,0.8,19137905.85543848,4.0,1.0,1.0,1.0,1.0,8f14ec5899a31b0a27d865d5b69bb1280adb4fd5c270ae7adef5ba91b01940fc,3,2,2,a226454fadd9fbbec91098ceb1d631e43b4984fe4f1bef7e1a772c3772e8f307,P4,1231217863.3259778,1231217863.3259778,0.0,8506754.439916201,0.0,8506754.439916201,h09,5,Katrina,1222711108.8860617,10631151.415522277,1212079957.4705393,1881150881.673443,806462.3909431455,1.0,0.0,0.0,NONE,False,False,0.0,10400000.0,0.0,1396337.4783314092,R0,False,True,806462.3909431455,8750881.673443144,0.0,0.0,NONE,False,False,0.0,1862000000.0,8af9624d0df7ac5a12df5a2f8923c5283086ecb5a7bf9ebaf332c052e9c0bb35
E2A_CRACKERS_A080,LA-0104,104,3fc5fe4f89e524f970ecf605df1f8e2b6db356444338757f09655d7ee6e8222b,M2,A1_FINAL_NO_MEMORY_V1,certified,PASS,,,fe7e2d3849ca2e45b412178ad99824fde6befa1686337d9c11a32d5eef545928,03c726b386c60d42302931fc5ccf3e1da5a76245312dd482d7042e86d1e41cb7,0.5,0.8,19137905.85543848,4.0,1.0,1.0,1.0,1.0,1c568f4eaa43d55fa147a6f718717cb9e13a7c49f731a2257b1a76dec67948a5,3,2,2,71d05ab6162990956f0970f2219089cf8678bc00b551ed8350656fea2a2a42af,P4,1217744447.1288176,1217744447.1288176,0.0,4617438.617360048,0.0,4617438.617360048,h09,5,Katrina,1213127008.5114574,14520467.23807843,1198606541.273379,1787743807.1282485,94213536.93613794,1.0,0.0,13725422.1006682,R0,False,True,10400000.0,0.0,0.0,0.0,NONE,False,False,0.0,9557344.06438629,0.0,110613093.48061906,R0,False,True,83813536.93613794,1778186463.063862,52559592ebdd4ba4b3fd8ccacc42be825d93b9e565870dd2efef523607d93862
E2A_CRACKERS_A080,LA-0105,105,642f0850175685dc6c38e0ad36b478de797b9a46c9c62af62834484e36409f24,M2,A1_FINAL_NO_MEMORY_V1,certified,PASS,,,76904dc0d65baa79259a58a412b865587f71dad17c10cfe113ee363a24e52155,c5934db3104622e725cfe4b376f77cc21f2a219a863b9df678ec8ec10ac69920,0.5,0.8,19137905.85543848,4.0,1.0,1.0,1.0,1.0,6c0a6492c738dc370f4aabcb06ad3f1f294de247602ece588c43ce48d46ebf90,3,2,2,67af733d52ee07980109ca685e702c45ebf42b70dde90a5204241d325df75a11,P4,1160345319.1295152,1160345319.1295152,0.0,1595797.556368615,0.0,1595797.556368615,h09,5,Katrina,1158749521.5731466,17542108.299069863,1141207413.2740767,1869961714.0930238,11995629.971362492,1.0,0.0,16918554.64198924,R0,False,True,10399999.999999998,1.862645149230957e-09,0.0,2595745.467201162,R0,False,True,1595629.9713624942,7961714.093023796,0.0,0.0,NONE,False,False,0.0,1862000000.0,ac1b7e6d87a68570c25aae9bd1391ab7b4e15fa33da16a1e6b41c0ca97913a77
E2A_CRACKERS_A080,LA-0106,106,be0b3155610cedaab7ed585daba4b1c1d721f42c04bef541cb3c937dcf973f8e,M2,A1_FINAL_NO_MEMORY_V1,certified,PASS,,,bf4adf9de08af17a588263a82691b4aa8a3e0bdf78a4824302e45638d00767c8,8a81bf2d9976379397925cd12385ac2b8c3456f123625be24848903ebb94d317,0.5,0.8,19137905.85543848,4.0,1.0,1.0,1.0,1.0,4089da48a46c838d93b5cd898329077d628f17f11080678a8871d6775b093966,3,2,2,70033febaed9f5c2c27e546a39cc2fd087b41469ee27a1ead83b3befd99a424e,P1,1234843950.0478733,1234843950.0478733,19137905.85543848,0.0,0.0,19137905.85543848,h09,5,Katrina,1215706044.1924348,0.0,1215706044.1924348,1871300076.9652276,0.0,1.0,19055741.708747093,0.0,NONE,True,False,0.0,0.0,471386.0953581428,0.0,NONE,True,False,0.0,9300076.9652277,0.0,0.0,NONE,False,False,0.0,1862000000.0,13966769dfb0650139694f88cafe6413ce09dad80fd556dfa5c3755af6ff81e2
E2A_CRACKERS_A080,LA-0107,107,19b75788c0fe39d45cc6915d734ad37ee5e59bdd7bf9d963f1a5fd2948c2ec10,M2,A1_FINAL_NO_MEMORY_V1,certified,PASS,,,31282b4796c884beca791102d71e3f1839f708f145f88e5c7af4518225fdde82,0c1f4018f4c3b4141b93ce7b4b103a582059a16b72363b3b78a53096590e6286,0.5,0.8,19137905.85543848,4.0,1.0,1.0,1.0,1.0,927b660701bd22e2f9dc31860404d5d50a503d95f035c6275c01be0d1e3088c1,3,2,2,edaa05bafd0eb5e9227719bb8e801890ed14ebc7ce5743ca70ea73aebeefbce3,P4,1223628731.0630054,1223628731.0630054,0.0,5952606.688304844,0.0,5952606.688304844,h09,5,Katrina,1217676124.3747005,13185299.167133631,1204490825.207567,1881014543.4249706,942800.6394156269,0.9999999999999998,0.0,0.0,NONE,False,False,0.0,10400000.0,0.0,1250652.8794484243,R0,False,True,942800.6394156269,8614543.424970662,0.0,0.0,NONE,False,False,0.0,1862000000.0,873891e003a13a8ddf4f439a2a434fb81476bea9d1fb804acf72e42ff6bb458c
E2A_CRACKERS_A080,LA-0108,108,d8bd07e86570eac51a1e6fb3791f9e8c45b850b28a4db605a54bf7d514e4e17e,M2,A1_FINAL_NO_MEMORY_V1,certified,PASS,,,b407b082db79b4ae1c8ca280d05631de1b0bb55a0eb6ff13fff5de64ce20e87d,e379544c51fbe12b3f5077bdee5a5cd0a8a639b77ed5a2712592409e6db15ed7,0.5,0.8,19137905.85543848,4.0,1.0,1.0,1.0,1.0,653bac392ede5e0532fed7bab9e43e0e9f176aae825fb915125ff5638ea0ac1b,3,2,2,a92c65cbeb7fc9a760a0e95ecccd9873f04409ad08a257f4f1e79eba68918c47,P4,1153746388.3249652,1153746388.3249652,0.0,2835666.0689833183,0.0,2835666.0689833183,h09,5,Katrina,1150910722.255982,16302239.78645516,1134608482.4695268,1617027687.8264654,264929656.23792094,1.0,0.0,15789623.475509796,R0,False,True,10400000.0,0.0,0.0,0.0,NONE,False,False,0.0,9557344.06438629,0.0,386435330.32189566,R0,False,True,254529656.23792094,1607470343.762079,80a22d55db8790a44857f24e2e8e89882fcca3394e19efba6e65e7d83d5633c0
E2A_CRACKERS_A080,LA-0109,109,273c1bf699eeebe2266ad272bfc4e066be02716036b95620b65ba8472f022347,M2,A1_FINAL_NO_MEMORY_V1,certified,PASS,,,e19284758a4b3dde62fde2878a25c8c4350807221520df17f4b73f2499f79e9d,9eb571267da78f7d841b4bed2197b3a4e03caa429d085d9fd523724a002aa35c,0.5,0.8,19137905.85543848,4.0,1.0,1.0,1.0,1.0,bcd44166439fdf7523d266589cfb4152f7a1e573b93c7c450bd0fabaf04d5cf7,3,2,2,714ad53600103e572a023c42f96dfbfb2ad94552e4c1932ddf1d75bbb03439a8,P4,1190407213.724286,1190407213.724286,0.0,4202014.182501289,0.0,4202014.182501289,h09,5,Katrina,1186205199.5417848,14935891.672937188,1171269307.8688476,1714821182.809716,167136161.25467038,1.0,0.0,19279000.84787247,R0,False,True,10399999.999999993,5.587935447692871e-09,0.0,0.0,NONE,False,False,0.0,9557344.06438629,0.0,290549671.7039487,R0,False,True,156736161.25467038,1705263838.7453296,5acbee8df11f5cbda4a79afc08f2b947c5be9b98134902678ad77988c1df6ab7
E2A_CRACKERS_A080,LA-0110,110,e0c60e18b84e8530fd9ebcb77c830bd52d2e93b2ec786cdc9de3605c81a91c31,M2,A1_FINAL_NO_MEMORY_V1,certified,PASS,,,313f954bf04b6162e6dbdbdc5ffb03609faf488f1904ee8ded0e8c9a8d646b94,f2556851bb55c51a3501095663cd40a5941ce6e627d9c49217bffc8a1715d569,0.5,0.8,19137905.85543848,4.0,1.0,1.0,1.0,1.0,c34c16c0073b41b75f040fbf3a1e35c491eeb4fc66d9057547b1ce813564554d,7,2,2,17137e8c53650a500af75233c6395ae12666d5c6205b9ebee513970055115630,P1,1227635687.4859333,1227635687.4859333,19137905.85543848,0.0,0.0,19137905.85543848,h09,5,Katrina,1208497781.6304948,0.0,1208497781.6304948,1871170581.0152073,0.0,1.0,16166323.929588297,0.0,NONE,True,False,0.0,0.0,601205.4554830837,0.0,NONE,True,False,0.0,9170581.015207224,0.0,0.0,NONE,False,False,0.0,1862000000.0,10a3acb2907c75c6e50cead415786e58e2701e0b92a7b58be089344db1ace9dd
E2A_CRACKERS_A080,LA-0111,111,867ea19cb2f7ae70ee54003730d82f5c28994a006ded68209315efa1f209f4df,M2,A1_FINAL_NO_MEMORY_V1,certified,PASS,,,f82d5f7b9b981b71369099203f78885cfe237253a0f55f54def95e33f19496a3,965ffdb56bccaaae3fd56e59af7d9cce40b0c52eafe29effe431d250cee274e9,0.5,0.8,19137905.85543848,4.0,1.0,1.0,1.0,1.0,883dd441be9186fdde646377749ec1e6523f6cecd7f824be40303fb5cd825cea,3,2,2,7cb351dca253bdbdf672c3ea6719821b2ba03304f703d28bb93c39bf696ac865,P4,1204085370.2977197,1204085370.2977197,0.0,3855576.4422743865,0.0,3855576.4422743865,h09,5,Katrina,1200229793.8554454,15282329.413164092,1184947464.4422812,1689833422.9223752,192123921.1420111,1.0,0.0,0.0,NONE,False,False,0.0,10400000.0,0.0,0.0,NONE,False,False,0.0,9557344.06438629,0.0,569379383.4625983,R0,False,True,192123921.1420111,1669876078.8579888,47d778526e24abdbcdd988ecfb2fff76db1a8c1e429ccf1d10f22c4bea254073
E2A_CRACKERS_A080,LA-0112,112,33bfdcc8e1269806bcdaab2adeda0ccd40faedaa6bb03a333c1d170e250b996a,M2,A1_FINAL_NO_MEMORY_V1,certified,PASS,,,a3efd7788fdbb95762b57c12999aa32d7a05be10f354bd342af981b0f159ac57,403c0ce4ec3281f4314d6966d564a259766eb817bafa9a2b5a3398838a55db2f,0.5,0.8,19137905.85543848,4.0,1.0,1.0,1.0,1.0,21fc138bb4f70e6b48a96ca1eee4c93f11a3dd58f7bb03cf3efd894830ac39c8,3,2,2,5a3d558bc9d9476b820b167a396fd49a88e9d18db195be18e97e1fc064625442,P4,1216741803.1682322,1216741803.1682322,0.0,5629688.337803598,0.0,5629688.337803598,h09,5,Katrina,1211112114.8304286,13508217.51763488,1197603897.3127937,1785069234.0366313,96888110.02775495,1.0,0.0,21709832.125369105,R0,False,True,10400000.0,0.0,0.0,0.0,NONE,False,False,0.0,9557344.06438629,0.0,180542533.60990503,R0,False,True,86488110.02775495,1775511889.972245,1481fe1d0b91adbfcff5a80e9bc9116e5374e81046acafb16cc7af79802c81d3
E2A_CRACKERS_A080,LA-0113,113,a2f8b8d126e69d1c5e3fe4387f4da702b434457c7914bfc33dbe7264e8dee060,M2,A1_FINAL_NO_MEMORY_V1,certified,PASS,,,60d48e2c0e0fc7534d59942718274da54c2890f20447d5cb1cb76bc1f57c6102,de9d4edd90803b5b0a645ee2f9fa62914dd6a5aebd984056beed83cd941e1ec8,0.5,0.8,19137905.85543848,4.0,1.0,1.0,1.0,1.0,4c0500eb773c038806a1144dc048d60c0b48d92a54633db78c9eb14c9df476e5,3,2,2,a9270fc378fb5139eb3bf4784db4eb1066ebfedf679e34342cf6afddfec2ccb8,P4,1204051689.0878658,1204051689.0878658,0.0,8181692.501233593,0.0,8181692.501233593,h09,5,Katrina,1195869996.5866323,10956213.354204886,1184913783.2324274,1751218097.4586163,130739246.60577008,1.0,0.0,15456867.52041945,R0,False,True,10400000.0,0.0,0.0,0.0,NONE,False,False,0.0,9557344.06438629,0.0,178852672.33581483,R0,False,True,120339246.60577008,1741660753.39423,88188eedf74c9c21c2120f8b3cacfc2876a686103a0002fcd9f0cd2afbc1f117
E2A_CRACKERS_A080,LA-0114,114,52d06d19e62b5438dab950965a0373907f48a7a4817e2b74ff951a80ce958d18,M2,A1_FINAL_NO_MEMORY_V1,certified,PASS,,,c077e86cfcbdf905db4d76be3955ec991d001ef877b01ffe5cbb43858b2aa82c,ef18cc8b668b8fec7d14227c0dec417e6f91984fa07a4be4a4f021e8ba2c6e63,0.5,0.8,19137905.85543848,4.0,1.0,1.0,1.0,1.0,873123c51adc529cebc81640dcdc426819edef129e6e775597a6179ab405c100,3,2,2,4e2195d411fd54b82a8d9b918b63ac984926fdfb0bd673b8d5fdc3d3fd522a10,P4,1226451400.5175707,1226451400.5175707,0.0,7352208.954272105,0.0,7352208.954272105,h09,5,Katrina,1219099191.5632987,11785696.901166372,1207313494.6621323,1810969781.810155,70987562.25423148,1.0,0.0,26246135.667742454,R0,False,True,10400000.0,0.0,0.0,0.0,NONE,False,False,0.0,9557344.06438629,0.0,152902824.87522608,R0,False,True,60587562.254231475,1801412437.7457685,02b4711a8310b54d3b1c33a83679ff70f1282febc861262cf02b84b34b1553ac
E2A_CRACKERS_A080,LA-0115,115,7a292a6564f57df562c61130f79c32c77121485bf0331ddbe8d5b39cd5907cd6,M2,A1_FINAL_NO_MEMORY_V1,certified,PASS,,,cc60cec6c0180e01a806b3b0490279d3d1118fb8f20acc5a9406132a50bdaf34,5ed15400246135711b69eaea3b125a04cad72a758b74f8b91e7c55aa22542cd3,0.5,0.8,19137905.85543848,4.0,1.0,1.0,1.0,1.0,8519d0e448d5dcbe8202ad7ad4c35758a9f81ad82058d0a18e4399228bc87ad9,3,2,2,2c32413c18aa5972024368c36b3b84efecdf916b9373476c107846e4a2d54030,P4,1214283784.0671365,1214283784.0671365,0.0,2971181.216282274,0.0,2971181.216282274,h09,5,Katrina,1211312602.8508542,16166724.639156204,1195145878.211698,1778512418.2526588,103444925.81172748,1.0,0.0,30231648.264673524,R0,False,True,10400000.0,0.0,0.0,0.0,NONE,False,False,-1.2796694756385335e-10,9557344.06438629,0.0,270471295.18776804,R0,False,True,93044925.81172748,1768955074.1882725,d49d285a8ab69d61584411f5269facf53be73925e6083f362f46030452a629e3
E2A_CRACKERS_A080,LA-0116,116,eee7d7cadd2df98a957bcce527a651580363520b9b2911b3872414e22cc8b5f2,M2,A1_FINAL_NO_MEMORY_V1,oracle_failure,FAIL,oracle_failure,Full exact certification was incomplete,33d1a0454a6f2c1999156b9ee1153c91e12df1d7438967e7ff8ac352fefe0cd1,5955b877bce9f1e716c74ea464314d3d820806deb483f15e8a3f0e24067b2dfa,0.5,0.8,19137905.85543848,4.0,1.0,1.0,1.0,1.0,917a629095681da876ac1e03c3a28e826b3e8f1299e6e729211312fcf3a43687,3,2,1,,,,,,,,,,,,,,,,,,,,,,,,,,,,,,,,,,,,,,,28032bced5323d3a1b2b0a11f71a8f2ce610d0e61ff877c851b5adbc119aec74
E2A_CRACKERS_A080,LA-0117,117,f1b340380ce298d72fdb1b7cd0f34e4b4acdcebfb8e5bd4b05aafbb8b7578d92,M2,A1_FINAL_NO_MEMORY_V1,certified,PASS,,,02c4b5c8557afa85ced0664473bfd00c1d0276dd21fdc5903d865e0a32d566c2,252fd5872bc9ea0893bc22f6471d4449778afb11dd34a5460221389b5d8c25cb,0.5,0.8,19137905.85543848,4.0,1.0,1.0,1.0,1.0,2862ba6b8bac08840eef18320812c4980417f5ef8b98f5cdd585a0bf2739c680,3,2,2,8aed74a0f62ca5204580baf01071223f8144feb9bb74ca09289512e090b31b22,P4,1200061796.2918408,1200061796.2918408,0.0,397494.0647530715,0.0,397494.0647530715,h09,5,Katrina,1199664302.2270877,18740411.790685404,1180923890.4364023,1880591165.0337095,1366179.0306768473,0.9999999999999998,0.0,0.0,NONE,False,False,0.0,10400000.0,0.0,1696992.6207112132,R0,False,True,1366179.0306768473,8191165.033709442,0.0,0.0,NONE,False,False,0.0,1862000000.0,85351edb5064965d7af1164136a30db31a82b3aecd33ba00b9694e71e4492156
E2A_CRACKERS_A080,LA-0118,118,f5ec08cb544d4e04c772a97a8723c5f56429ced62d75f0800b7dd079ad7beae2,M2,A1_FINAL_NO_MEMORY_V1,certified,PASS,,,5a3bc16956cd527c3e050d8ac43cb750225094cc9c081098e84883ac4a35be59,d498702d76635fea2dbc01bca57ed68a74d12d90ee72c8dbee4bcafcf83d404c,0.5,0.8,19137905.85543848,4.0,1.0,1.0,1.0,1.0,6be80003ece50967632b8452b43af6818e2581eb45d1e86a37b280ee28de7d9f,3,2,2,29697b31a8c3dd9a1adc25f0b9fab2ad099ab3c1686ae030ce1ff58570b3c3c0,P4,1202434906.2802196,1202434906.2802196,0.0,8193700.584392848,1725770.4136567449,9919470.998049593,h09,5,Katrina,1192515435.28217,9218434.857388884,1183297000.424781,1880633797.7943516,1323546.2700348045,1.0,0.0,0.0,NONE,False,False,0.0,10400000.0,0.0,1863174.8413687018,R1,False,True,1323546.2700348045,8233797.794351485,0.0,0.0,NONE,False,False,0.0,1862000000.0,a123a8d3ad65a051cc105bf9756e633037cf75a13fcff747a86625c3f62ce64b
E2A_CRACKERS_A080,LA-0119,119,9ded5c68cd0b0e99a38f9cc7db3512579bf1729d3fa5267c87d43e99ff82e3ee,M2,A1_FINAL_NO_MEMORY_V1,certified,PASS,,,24bd084faf7c4a395b86358241f1252e789b31a47c4037471828bc41c2263353,1cf7a7391208a9dff16016e520fe91beec611ecff1782d26af5e6f4f6bf4f80d,0.5,0.8,19137905.85543848,4.0,1.0,1.0,1.0,1.0,e7d16133115ab54376f67c3878c84de4580196f7fbdd3211fb13b7c1864e591d,3,2,2,bdc1763f15d2a7f46d0604373f85d2e225a0491e3f3ecfb34b7c0fa35766dc72,P4,1169690188.1969986,1169690188.1969986,0.0,2331697.995191769,0.0,2331697.995191769,h09,5,Katrina,1167358490.2018068,16806207.86024671,1150552282.3415601,1880045541.1458313,1911802.9185548704,1.0,0.0,0.0,NONE,False,False,0.0,10400000.0,0.0,5518182.811609539,R0,False,True,1911802.9185548704,7645541.145831419,0.0,0.0,NONE,False,False,0.0,1862000000.0,e36d0c7fdfd117c7e7ca3e0acb665f8950cd10ddee16aea0135f010c2a026f56
E2A_CRACKERS_A080,LA-0120,120,dcb80b654ab21716af1c3fba71c854c2b5e8f2ab0511c85b235a3e410f4810b5,M2,A1_FINAL_NO_MEMORY_V1,certified,PASS,,,5774b3f0a767554758928b2184a9e35be0441c9dd06d98657d062e85bafbc70c,8bdaf3a01e7b970e822535518c1c10e878cf0d145b99c409510ee9ecf2adc63e,0.5,0.8,19137905.85543848,4.0,1.0,1.0,1.0,1.0,721b18f47c39fe14e07b7d4f54e2fedef6d246e9fe4e3a2a5eb0586c53cff63f,3,2,2,12f93e2f17c8e2f6b77e0c09bcdc00a1106dcdc3fbad6ede0d7f3942ebe3f633,P4,1215777307.5997186,1215777307.5997186,0.0,9570144.804505052,0.0,9570144.804505052,h09,5,Katrina,1206207162.7952135,9567761.050933426,1196639401.74428,1721021902.7079031,160935441.35648322,1.0,0.0,0.0,NONE,False,False,0.0,10400000.0,0.0,0.0,NONE,False,False,0.0,9557344.06438629,0.0,370053049.6062205,R0,False,True,160935441.35648322,1701064558.6435168,4ab20172d3133e5a665b0bca5b271e4390d9dd6508125e791a6f5ad97c60f334
E2A_CRACKERS_A080,LA-0121,121,e09b25a104a5b5737a982329f643abe6a52b268e29f7b3b8ee4ba27e2e2804a2,M2,A1_FINAL_NO_MEMORY_V1,certified,PASS,,,968585a99e290290b7db725344cb1a42a10d8e26565c50d187f05bdaf5bb054a,897e3ad114c6cb384bb6da25a0868eef94905b738b7aab727d3a75869ff392a0,0.5,0.8,19137905.85543848,4.0,1.0,1.0,1.0,1.0,a33a879e06b3c14c4387403b34aa568d3c2277541712f6b0709efeb6b3815d8b,3,2,2,1f1a7297fa0d3342980e31b1e2a414eae5dfcef9b57d2a15d8ca9c3724a37fd4,P4,1202465282.961027,1202465282.961027,0.0,1144536.1747331948,0.0,1144536.1747331948,h09,5,Katrina,1201320746.7862937,17993369.680705283,1183327377.1055884,1880634343.5093703,1323000.5550159896,1.0,0.0,0.0,NONE,False,False,0.0,10400000.0,0.0,1616875.3005582804,R0,False,True,1323000.5550159896,8234343.5093703,0.0,0.0,NONE,False,False,0.0,1862000000.0,a53606211ff874652a346c86e87ab3c6e55881bfed793330a1f71391476c3f47
E2A_CRACKERS_A080,LA-0122,122,1ad927fbeddd0a52c342a8643f1c602c8bbfb4ba53c30b55c7a156c59776d00d,M2,A1_FINAL_NO_MEMORY_V1,certified,PASS,,,4ca5ac41d54a0220d4eef3b54091df5576d0a61d86956edcc3d2cebe77c57592,f769bcc9b5d5c6bf4c02abccd14ef2d4f31d75f7b55d11cda77efb36ae10b3ea,0.5,0.8,19137905.85543848,4.0,1.0,1.0,1.0,1.0,dc84582defdc20b934ccc7889a66f64b4fb5beab7152bc449bd064f4487f9bf8,3,2,2,62e1e35fb40496aa6f189a960b24dd15c570abd90fc2cb3eaa11ed961e718b97,P4,1221347103.4974067,1221347103.4974067,0.0,5847904.467493804,0.0,5847904.467493804,h09,5,Katrina,1215499199.029913,13290001.387944672,1202209197.6419683,1735879446.182317,146077897.88206938,1.0,0.0,0.0,NONE,False,False,0.0,10400000.0,0.0,0.0,NONE,False,False,0.0,9557344.06438629,0.0,263320564.77577275,R0,False,True,146077897.88206938,1715922102.1179307,e47014b42ae0757e13362ada74f97549d728c52e8676194221aea7b747a65d8e
E2A_CRACKERS_A080,LA-0123,123,7db26285aeb70f4f87f8b7ef0a039a3debdca506f3de3352f9fba7ef8f08efd7,M2,A1_FINAL_NO_MEMORY_V1,certified,PASS,,,f9ad7ae7174c53d8148b4a2196b644bbbc1f6a256f5a0e9765918ad2a2a4a194,ca143425c5f552f0f2d66c27ba9835ff89e92d9ec14fd1df57844937130e4612,0.5,0.8,19137905.85543848,4.0,1.0,1.0,1.0,1.0,a5bc1a49d8d8a586f2adb216d3f042af09084c22416e02b878ac5cfafbf24a6c,3,2,2,c89478408a59bfba556e0849653e854ccaf9513c0e43e5030d5cb8a0fe77ec51,P4,1220079012.1860561,1220079012.1860561,0.0,306928.7798553607,0.0,306928.7798553607,h09,5,Katrina,1219772083.406201,18830977.07558312,1200941106.3306177,1880950772.9651232,1006571.0992630926,1.0,0.0,0.0,NONE,False,False,0.0,10400000.0,0.0,1904037.2817990116,R0,False,True,1006571.0992630926,8550772.965123197,0.0,0.0,NONE,False,False,0.0,1862000000.0,f91e754cf00a0e4ab0730a33a5134c8316ab71c3274efa13e40ec2b55701bded
E2A_CRACKERS_A080,LA-0124,124,7d1d5106634a8f9d6d47fe2a683ed3cc1824c2e131af21e856866c413fd221e1,M2,A1_FINAL_NO_MEMORY_V1,certified,PASS,,,3ef48c1c84f51fb71ea3f0fa960fdc46689199d44f132eacf626cac855b11f03,ab32023c6ae86d85b025ace5eddd34b14efc541dbd91555ace4ad4080da59cde,0.5,0.8,19137905.85543848,4.0,1.0,1.0,1.0,1.0,0c7347ae56258a5f5e5427e0a0f7fe511e109951ef7d7cac4f691f44641f87e5,3,2,2,a52167d0570ac3181255fa4c0f742df360427e6ea6c0ca467d62b74708eddea5,P4,1192424689.778955,1192424689.778955,0.0,625539.2848418904,0.0,625539.2848418904,h09,5,Katrina,1191799150.4941132,18512366.570596587,1173286783.9235165,1720202841.0861483,161754502.9782382,1.0,0.0,28153096.78053862,R0,False,True,10400000.0,0.0,0.0,0.0,NONE,False,False,0.0,9557344.06438629,0.0,409720958.70352507,R0,False,True,151354502.9782382,1710645497.021762,a91426f3a154396cecba41e7ab4e0294c89b1625537e95f30584777928d45c8e
E2A_CRACKERS_A080,LA-0125,125,52eceaf9a4f21c0efd8f533e64a335850220b66dc5611968b88e2f1b1741d654,M2,A1_FINAL_NO_MEMORY_V1,certified,PASS,,,4f71e5977b205f59e28ca40474c92c467995134c1dc0c0f8ceff0a97082638ba,2424923b0d7809c273a829206fc331abf73c414389c760bc5552dbbd28c40b19,0.5,0.8,19137905.85543848,4.0,1.0,1.0,1.0,1.0,9d8d0aa6a92f1cf0e59d91ffae8a1723c15db5803752e669224650b252980ef7,3,2,2,2eef7ac4fe21a19b7fac55f6847cbfa27bf0edff742bcb989c7f05441c85807c,P4,1235797742.4830198,1235797742.4830198,0.0,5860880.851671719,851982.026171306,6712862.877843025,h09,5,Katrina,1229084879.6051767,12425042.977595452,1216659836.6275811,1774426818.63647,107530525.42791624,1.0,0.0,0.0,NONE,False,False,0.0,10400000.0,0.0,0.0,NONE,False,False,0.0,9557344.06438629,0.0,175051168.6147452,R1,False,True,107530525.42791624,1754469474.5720837,727b2baab31b577c67224828fde1b5b3923c71d8feebbc29df4be54164d6863d
E2A_CRACKERS_A080,LA-0126,126,cd126e1ba3e7611b4e0b28132534d2a4168599f4657e0c890eead56f18930ac6,M2,A1_FINAL_NO_MEMORY_V1,certified,PASS,,,8b6daab2062456f91a12f1e1558e2844351122eb6d090e9a01077426d5bd5b72,cdd604054319065f90b20c2c97d0b4f4e0b4fc9e6ab997e3ce07f8596ee124cb,0.5,0.8,19137905.85543848,4.0,1.0,1.0,1.0,1.0,b91bf5b3f78ee21823ea502ca48a2ee54a09fbfbf4ed4aa6e3b0ee933a1f97dc,3,2,2,32eef57a04d41ffd7c12492b7c34a7ef70efdbcdc07fb49b11d3e432fa805142,P4,1217161574.1674254,1217161574.1674254,0.0,1552039.4423502702,0.0,1552039.4423502702,h09,5,Katrina,1215609534.725075,17585866.41308821,1198023668.3119867,1786188981.6870608,95768362.37732553,1.0,0.0,13973279.075642237,R0,False,True,10400000.0,0.0,0.0,0.0,NONE,False,False,0.0,9557344.06438629,0.0,114699610.74316604,R0,False,True,85368362.37732553,1776631637.6226745,3afabd61c96302ca6f8906ad47a85816b701d0f4e0c474ead5269556d1cfcc81
E2A_CRACKERS_A080,LA-0127,127,c8caf9ce6dd8547a5f94104adfef0dd9a11d31cd29f601d60e9b109d36fa88a1,M2,A1_FINAL_NO_MEMORY_V1,certified,PASS,,,a624f1877815a32ca8c282723c20d6d966a457e878944f6934e5ff0fc3e82e57,3a37a4be766ed6671d6d43f589e07d56a6a3772b471878d9e68474e77303ed41,0.5,0.8,19137905.85543848,4.0,1.0,1.0,1.0,1.0,ee6fc8827c69123b6353923cec793e173907fa6968846202b9d8d9a8c9c1f21d,3,2,2,027900707c20570b1061b21fa3495f54ade8da7c3c14f1d3aed01d2272189c23,P1,1228275109.4519808,1228275109.4519808,19137905.85543848,0.0,0.0,19137905.85543848,h09,5,Katrina,1209137203.5965424,0.0,1209137203.5965424,1871182068.1876354,0.0,1.0,16386735.2387326,0.0,NONE,True,False,0.0,0.0,591302.5417113882,0.0,NONE,True,False,0.0,9182068.1876355,0.0,0.0,NONE,False,False,0.0,1862000000.0,172be7ef860d905523caaeb7d792ab1365bea5da42de6ad978afb574701cfb24
E2A_CRACKERS_A080,LA-0128,128,4b9343b6385ee109a2550e921469caa559ff0ee750835bc13009661b165780e4,M2,A1_FINAL_NO_MEMORY_V1,certified,PASS,,,51dca406fcc19b2dbc196cb526dc8682654a9d73ce759d209e78c7e0860df036,b9260345da62ad6e76eacdcf1018570d10ee3c2a8b8be600a7a9ed25f2201b72,0.5,0.8,19137905.85543848,4.0,1.0,1.0,1.0,1.0,6a3d6e5844d45a1fecf46700befd693c1405f0c024e45343e350c9c7e96904d3,7,2,2,467922b1944e79d5a6e438011c3edb517d15d19df78204d7bba4d09670676a9d,P1,1229788273.1147623,1229788273.1147623,19137905.85543848,0.0,0.0,19137905.85543848,h09,5,Katrina,1210650367.2593238,0.0,1210650367.2593238,1871209252.070626,0.0,1.0,16933067.16523982,0.0,NONE,True,False,0.0,0.0,566756.2605794012,0.0,NONE,True,False,0.0,9209252.070625968,0.0,0.0,NONE,False,False,0.0,1862000000.0,b266120c6ec15026b6304e0bc31b8b42422e9b5a6df5fcbacffe03ac743136a4
E2A_CRACKERS_A080,LA-0129,129,05d5177207c024ba14c28a7fb0c3c36ecc93815714c381fa57cfedd0ad5998f8,M2,A1_FINAL_NO_MEMORY_V1,certified,PASS,,,52f8ff21d37fbb2c21131507d9c8f34805437c192f9bfae54ec3227d6944a375,0220d481b766747c017efd6d4a9d6f14ea5ccd98121ed045f4d5a73e93df5daa,0.5,0.8,19137905.85543848,4.0,1.0,1.0,1.0,1.0,2ce782f802b9c19ea1657e596f5924e178b519b0a0aab14e66edf20004e18c29,3,2,2,ed8f1b69a14ef51d6cdc5dd716853e95bf2c48f5f38c5b42362b051ed691755d,P4,1229414447.660951,1229414447.660951,0.0,7453661.423573011,0.0,7453661.423573011,h09,5,Katrina,1221960786.237378,11684244.431865467,1210276541.8055124,1757399250.289082,124558093.7753044,1.0,0.0,0.0,NONE,False,False,0.0,10400000.0,0.0,0.0,NONE,False,False,0.0,9557344.06438629,0.0,204193492.79758906,R0,False,True,124558093.7753044,1737441906.2246957,e2f7484af3b3f03d8e40e66bf60d53bde6a9f569c5af93b4e4902521f94a08cb
E2A_CRACKERS_A080,LA-0130,130,a23a1e55059ccabde3c0bed4dd5c181ba6b67c09c1af7c664372b0d5924cf4b5,M2,A1_FINAL_NO_MEMORY_V1,certified,PASS,,,3161bd4323aa8910c175e7979a1b5cf7a99ade535c5e78912046a8c7072f0368,bd209afad61443991ae24eac50760d0f4718fce63e4aba780c7d9c8d89905af5,0.5,0.8,19137905.85543848,4.0,1.0,1.0,1.0,1.0,ecea305d877542856725df32573b2266a24798fec01d939d39439fcfdfecfc1a,3,2,2,aead87bc21a5fd5dcc15b5b76575b112f83ccc43c11994dcca8ffafac4b3c252,P1,1228486893.4825904,1228486893.4825904,19137905.85543848,0.0,0.0,19137905.85543848,h09,5,Katrina,1209348987.627152,0.0,1209348987.627152,1871185872.8734398,0.0,1.0,16461069.031321863,0.0,NONE,True,False,0.0,0.0,587962.7805113281,0.0,NONE,True,False,0.0,9185872.873439781,0.0,0.0,NONE,False,False,0.0,1862000000.0,055205ee9a3b280cb4481da5418a6f5f204c46848b8d1ca3895df733cbd1039e
E2A_CRACKERS_A080,LA-0131,131,b93d2178146cb9352e1c27cd2b3df3c48d7a3c4be3e8b41ae42304e01d606dd2,M2,A1_FINAL_NO_MEMORY_V1,certified,PASS,,,9c46ceb20af4cf58ac4451a4d144fdc8985ab3acee07c8880b5d335a33187bb9,bb8750910d61197847ac3dcc30df5306d7b2af257bdbc5bdecfc75a30ae9237d,0.5,0.8,19137905.85543848,4.0,1.0,1.0,1.0,1.0,4415e514068113d46f24fcfee7ff85843caf374030766c7b3136b2fafce411ec,3,2,2,831558445d6a20b7daa73baf958405bef5f7ba1bf6dc0eb37c16118787810ed7,P4,1158034062.983481,1158034062.983481,0.0,2439450.761727964,0.0,2439450.761727964,h09,5,Katrina,1155594612.221753,16698455.093710512,1138896157.1280425,1628465146.9027455,253492197.16164082,0.9999999999999998,0.0,12392035.795709774,R0,False,True,10400000.0,0.0,0.0,0.0,NONE,False,False,0.0,9557344.06438629,0.0,289654539.3158453,R0,False,True,243092197.16164082,1618907802.838359,6ec7c44a56694841249c9893e987b68c1e4d43f998e4832ae037efd74067e850
E2A_CRACKERS_A080,LA-0132,132,76d75825544741af7272815c5c1c85cde66749cf39e6556274449ad0761d176b,M2,A1_FINAL_NO_MEMORY_V1,certified,PASS,,,a99783008958131972d12f1dcfeccbba8bab1fcb90d9322a98890c4bcb509f99,fe375bbd65c5120647b181dca303850b04fde8a9293f9e38109c61195c899f0d,0.5,0.8,19137905.85543848,4.0,1.0,1.0,1.0,1.0,b72c8e53ba3c12c08b687605049075a46a7e480b38126de8bd16ab8982594852,3,2,2,bc13837e31a830bc876f4b7baa44fe676779149cf00ee55f0097948c07fcf51f,P1,1234945873.5671198,1234945873.5671198,19137905.85543848,0.0,0.0,19137905.85543848,h09,5,Katrina,1215807967.7116814,0.0,1215807967.7116814,1871301908.0143661,0.0,1.0,19104021.75542917,0.0,NONE,True,False,0.0,0.0,469216.9092984881,0.0,NONE,True,False,0.0,9301908.01436622,0.0,0.0,NONE,False,False,0.0,1862000000.0,9c6d6d7a136d77633d837ff124398b69072c2bcb5d86427c4c56d9e07c861ea1
E2A_CRACKERS_A080,LA-0133,133,3f3295e6536aadbf2750fe43fc1d6b54e9284bfb9fcba6c1c52c8ecc317417ea,M2,A1_FINAL_NO_MEMORY_V1,certified,PASS,,,bef66c5f38a8840a6cafbbee1c5ae1421b2b464283720c86b091cddfb71a6223,b915df65673778c07ae2bd0c679319bff728680064e2bc3903651585f577f6ba,0.5,0.8,19137905.85543848,4.0,1.0,1.0,1.0,1.0,bf237b35926caf76ace75da3bcc6d73d488e9671ac7acc9db82d58cda0255c14,3,2,2,17d9092687c06bdefc54347ba8e050b4ff9bd703150e004ba89a144bffb357bf,P4,1232302084.8002093,1232302084.8002093,0.0,7221307.310813385,4919651.59386251,12140958.904675895,h09,5,Katrina,1220161125.8955333,6996946.950762579,1213164178.9447708,1765102080.8995667,116855263.1648196,0.9999999999999998,0.0,0.0,NONE,False,False,0.0,10400000.0,0.0,0.0,NONE,False,False,0.0,9557344.06438629,0.0,160927690.73374337,R2,False,True,116855263.1648196,1745144736.8351803,190f73302cbbc461a81468fa10c91be5a631932630846b9d60455e3849ebedd2
E2A_CRACKERS_A080,LA-0134,134,cba4baccfc14585d8dd0d9ed25dd947aef2d569a788af1d49c7c11869f9ca6b9,M2,A1_FINAL_NO_MEMORY_V1,certified,PASS,,,1a7878b18b0abf14aac93c5def346fdc8c0aaac697b62a9194530b1fe11d13fb,962eed676862bdd0b8c2443a2b8fb839fe616be544235381d8804afa05ddcf07,0.5,0.8,19137905.85543848,4.0,1.0,1.0,1.0,1.0,b17c492b27b583d6c194198d4e01d91337fe95081fd1bf5483dc892319f79e5c,3,2,2,fcd39c77bf987b57eb315c81c2015540f845a3af5921a02bf866a1acc3ad5dde,P4,1221098301.5695791,1221098301.5695791,0.0,6952073.344752503,2776117.8707764256,9728191.215528928,h09,5,Katrina,1211370110.3540502,9409714.639909549,1201960395.7141407,1880969084.430047,988259.6343392096,1.0,0.0,0.0,NONE,False,False,0.0,10400000.0,0.0,1574742.476060607,R1,False,True,988259.6343392096,8569084.43004708,0.0,0.0,NONE,False,False,0.0,1862000000.0,501c703c1df2ba2d33b0f001ad63558eeaaed7b8a54bba01facc61607f0e6d28
E2A_CRACKERS_A080,LA-0135,135,2d0ff6badf2b9579aae6f32f41972f323d0d47c4a13bbe2a0ef78ba14604d799,M2,A1_FINAL_NO_MEMORY_V1,certified,PASS,,,606907991d9ac846c1e3830845624086bdddcd1d0fac5cc52c3c9102794757a0,2b9e667dc948114fb0d645e63e47e20a3c7a30ab0c6f3215f6994e448e00d99d,0.5,0.8,19137905.85543848,4.0,1.0,1.0,1.0,1.0,ec6b0195da2251efbba8ce3576653a803aa84b6d20f9d0109be35fbf35cef35b,3,2,2,2d03c10f561600b9f9fd04a5068c070d51e9decdc812cdecbf0beef1a2982998,P1,1224507970.9296124,1224507970.9296124,19137905.85543848,0.0,0.0,19137905.85543848,h09,5,Katrina,1205370065.074174,0.0,1205370065.074174,1871114391.7985444,0.0,1.0,15168349.095065234,0.0,NONE,True,False,0.0,0.0,646043.7116096508,0.0,NONE,True,False,0.0,9114391.79854437,0.0,0.0,NONE,False,False,0.0,1862000000.0,780547c9812295246efd0f166ba1e764425ff0ab7fb9011dfbdd85884da32775
E2A_CRACKERS_A080,LA-0136,136,14e1731a17ead415c1a77c1f3e74fd6840c26712aae79ea5179cfe08ef4713b4,M2,A1_FINAL_NO_MEMORY_V1,certified,PASS,,,2ca17d87e77b66dd3914ff5bb123a7e5e2d6efa4d5fc3f2633784ceb1c3a8679,a1772541079445e1262bc29a73b8e2bb4f5a89010e0afa4bdf02a685d16d31e9,0.5,0.8,19137905.85543848,4.0,1.0,1.0,1.0,1.0,24e855bb9aa88f4355d89eb03d6fb6081fc25ff9c564649c4f94edae366f4401,3,2,2,6636a3bbae5e22da21b9a2a4bdffe65bdac3d55e3fed08468bdbf8c48eaa6986,P4,1226017607.4508903,1226017607.4508903,0.0,4955022.390683292,552507.0505274447,5507529.441210737,h09,5,Katrina,1220510078.0096796,13630376.41422774,1206879701.5954518,1881057459.4279149,899884.6364714459,1.0,0.0,0.0,NONE,False,False,0.0,10400000.0,0.0,1301238.6565453643,R1,False,True,899884.6364714459,8657459.427914843,0.0,0.0,NONE,False,False,0.0,1862000000.0,b20a2553c8bc86764e63ec2cf9f600ca04c401cf72a7af62e3e93de151f636e5
E2A_CRACKERS_A080,LA-0137,137,27228fea8d30706dd9daa787dd8b79b9746191a4e48698afd06c19ab83cbd9ba,M2,A1_FINAL_NO_MEMORY_V1,certified,PASS,,,1a2bd749dbe6642ffdb691b0a2d92f6f6f998b284bdb32e3f463d92b3ae8054c,877dfdd367a5b83e8788759d15b184d41617f7af569c3fa06712285c8d1530b6,0.5,0.8,19137905.85543848,4.0,1.0,1.0,1.0,1.0,be51ff25b0e8f511b0fcbde67146f19332b98d2340156d19a01705205ffbdcec,3,2,2,1321cdef83a625f460f8f6414de8d06acf8f28640c746ef722bbb0f1cb81f594,P4,1227097267.6209898,1227097267.6209898,0.0,6545214.618247854,4631358.937552633,11176573.555800486,h09,5,Katrina,1215920694.0651894,7961332.299637992,1207959361.7655513,1751218125.555938,130739218.50844845,1.0,0.0,0.0,NONE,False,False,0.0,10400000.0,0.0,0.0,NONE,False,False,0.0,9557344.06438629,0.0,163135611.84714627,R2,False,True,130739218.50844845,1731260781.4915516,8a15d0bfd3aacc3990a7b056799147249acb9bceb16fe02ff3276a5bde88641e
E2A_CRACKERS_A080,LA-0138,138,0e63223b21ebec1fcb42a54f90493ae49725d226d80e7aa01a8a75182c17063e,M2,A1_FINAL_NO_MEMORY_V1,certified,PASS,,,4d9d45a5c1b8605be76b28935c9eebe3015c04f8815f59bd988d89ebf09c7cc0,f6a8e25a8e18a9e8c10922f1e97f72560826a55f6490571e8c89afcdb69579f5,0.5,0.8,19137905.85543848,4.0,1.0,1.0,1.0,1.0,9ef770c88f22dfd8757d2fdb7b8b670ec229322b62081c58df61b9866b603242,3,2,2,11b02bc60e4e1eaef2dfc538234c2c1db7fc8440c51e451179975779a9154f05,P4,1156151752.9096365,1156151752.9096365,0.0,2935336.7935338533,0.0,2935336.7935338533,h09,5,Katrina,1153216416.1161027,16202569.061904624,1137013847.054198,1869886376.9591513,12070967.105234988,1.0,0.0,18570348.83691644,R0,False,True,10400000.0,0.0,0.0,2983696.3499255953,R0,False,True,1670967.1052349883,7886376.9591513015,0.0,0.0,NONE,False,False,0.0,1862000000.0,e50d4f592d3558405730b3d847284f2b43fefde5a146dac1d8ba716c4a847f08
E2A_CRACKERS_A080,LA-0139,139,e8d86725609f7aab00e21e6616ae0b9ef2d81c4d54b03a6855e21b0684080b1f,M2,A1_FINAL_NO_MEMORY_V1,certified,PASS,,,0d81538ae1116a045b2ea2c50fa5bf116d369af7578d60e3c07e2816f0ea182c,aefd8614734c8b982e1b3ba053363e80724752da4d25d0d5530abb3cfa1e184b,0.5,0.8,19137905.85543848,4.0,1.0,1.0,1.0,1.0,490c22652f3b83cc489c5ec7a187cea29b167c02cb7c59abf1bcb597ddeb986b,3,2,2,79c892de69eec01bc5fd87d4d0cd64a2095fa377d05bb5642558ecfc6c46af38,P4,1231130932.103386,1231130932.103386,0.0,10766563.163629794,0.0,10766563.163629794,h09,5,Katrina,1220364368.9397562,8371342.691808683,1211993026.2479475,1881149319.9599013,808024.1044849651,1.0,0.0,0.0,NONE,False,False,0.0,10400000.0,0.0,1907167.3925799313,R0,False,True,808024.1044849651,8749319.959901325,0.0,0.0,NONE,False,False,0.0,1862000000.0,4e25ae6abd3fa5e5f16e6de3c43141f4a387b524961dbd5432ed3a61cf37f4ce
E2A_CRACKERS_A080,LA-0140,140,6a963df29f758b8110288d1c0b1c81706cdf15bf4d34b3231109c25b36aee0ac,M2,A1_FINAL_NO_MEMORY_V1,certified,PASS,,,4958fa8ee6b889f516353afe86ef2e4d505a81d3ff7490daf43ad0868b8fd1a6,e7d025a19e180313f2233727477e2725de2e605115702b886887006e10ff3206,0.5,0.8,19137905.85543848,4.0,1.0,1.0,1.0,1.0,3ca150f478d1550e204bf38f60204fbb82a92d84018c437c39b0fc791c3162e0,3,2,2,85f7ce2cfabbfaa90db40d36f372c3297871b9394058850ef44b3cf98ec675a4,P4,1223976332.773505,1223976332.773505,0.0,4162132.760777356,0.0,4162132.760777356,h09,5,Katrina,1219814200.0127275,14975773.094661122,1204838426.9180663,1742892968.5790787,139064375.4853076,1.0,0.0,0.0,NONE,False,False,0.0,10400000.0,0.0,0.0,NONE,False,False,0.0,9557344.06438629,0.0,219185384.69935077,R0,False,True,139064375.4853076,1722935624.5146923,e27b1e7dde088e4a4b2ff9db113e9db746cf68890f5628bf7699f56f35c57f76
E2A_CRACKERS_A080,LA-0141,141,c190377fd263d9d2c3b5a497906a09304bdf784fbab8de4fc3061d36f781991d,M2,A1_FINAL_NO_MEMORY_V1,certified,PASS,,,907cb0507e73455c1b7a54e428b718eb703f3921569ea79e7a24607bf8e3ecd4,44626eaa8e784f27a754b856b4d8a09f49856dba8b7f247e6167effd11670da3,0.5,0.8,19137905.85543848,4.0,1.0,1.0,1.0,1.0,baa3db483627265b61b3c2e7662ac729d6d1f6f6839b1825078ef7ec22ec6013,3,2,2,283973d5dee687b5096814011b39c79795ff7771826437f45d707affa412116c,P4,1229351255.6112618,1229351255.6112618,0.0,6394233.42472314,1689104.5764741737,8083338.001197314,h09,5,Katrina,1221267917.6100645,11054567.854241164,1210213349.7558234,1757230684.215434,124726659.8489524,1.0,0.0,0.0,NONE,False,False,0.0,10400000.0,0.0,0.0,NONE,False,False,0.0,9557344.06438629,0.0,158467296.33812925,R1,False,True,124726659.8489524,1737273340.1510477,8c372cbd2a7ae8c0a6b454249da7f95971fea14ac51acf763367a87141e67cb0
E2A_CRACKERS_A080,LA-0142,142,0a02aed634c7110f31eba62b260cc250260ad14398df08c44b842077ff8a3312,M2,A1_FINAL_NO_MEMORY_V1,certified,PASS,,,8010076bc4e1b68d1c760fee9cfc38ef201d8d283678c1907b81a2df51872a5b,27e7bc719eb01d3827ebfab02f9435a56a4527b3526aad82ba0dd1a639bb262d,0.5,0.8,19137905.85543848,4.0,1.0,1.0,1.0,1.0,33144e60aebabfe736e3c978e84ffe46894e6186b73b5d7160ce4b067617b4d1,3,2,2,c4c259acadea4adccf889bb5d978b931a24e178b9c591ce0df8c269dbd01cd53,P4,1202376001.5954041,1202376001.5954041,0.0,210779.70219186333,0.0,210779.70219186333,h09,5,Katrina,1202165221.8932123,18927126.153246615,1183238095.7399657,1685273647.2546532,196683696.80973318,1.0,0.0,0.0,NONE,False,False,0.0,10400000.0,0.0,0.0,NONE,False,False,0.0,9557344.06438629,0.0,269163088.5233014,R0,False,True,196683696.80973318,1665316303.1902668,11565acc67702679282ce4f6a6f2d708a804391361bf8ca00d11ef7d5843c29f
E2A_CRACKERS_A080,LA-0143,143,3ccf529ea0bd28947c797972a381e51d779f0f26825b72909923b36a2b8f0e4b,M2,A1_FINAL_NO_MEMORY_V1,certified,PASS,,,eba2b7faab75f4708f9c758e61cde3f27e3a49a37e552c6223dd1ce8dbd96adf,e7b709f982ad9e147214e0f6f1be8047eb2e1eac42399b2315c9d8875e51cab0,0.5,0.8,19137905.85543848,4.0,1.0,1.0,1.0,1.0,fe23c6eafdd9fb1e6e5703931c687e6804aac0c51bfd7c0e1b007dbcd47dedb9,3,2,2,d15a5404331d71e9a18fc0b8c0506053f16664bf9a1805e2908805dcbc5d8893,P4,1226282798.5340583,1226282798.5340583,0.0,2922955.2598344265,0.0,2922955.2598344265,h09,5,Katrina,1223359843.2742238,16214950.59560405,1207144892.6786199,1749045512.7546911,132911831.30969533,1.0,0.0,0.0,NONE,False,False,0.0,10400000.0,0.0,0.0,NONE,False,False,0.0,9557344.06438629,0.0,187640551.11906806,R0,False,True,132911831.30969533,1729088168.6903048,b44d157064c4157b4b75b0089388a8e135824b132fa7272b6f359423c0c03e0d
E2A_CRACKERS_A080,LA-0144,144,9079e5fe82b1645513ec3070f0e833cc0b367949c4c0c614f7d52c80b87709ab,M2,A1_FINAL_NO_MEMORY_V1,certified,PASS,,,a8956e10da193fb7d63be8853435d2ce62abce34abd0dd0010da5be6c239d804,218160ffc14b48fa789b79ad94ae263c20f54a330324d2865a1873f40077742f,0.5,0.8,19137905.85543848,4.0,1.0,1.0,1.0,1.0,951fa70b2239df025868c57397770a491ebd38115e5676df2868b98500a455cd,3,2,2,5356ebca76437b8e83b55f15d409daeb38585908c1bf0068236c547fd9576190,P4,1214944305.717354,1214944305.717354,0.0,3690796.42655701,0.0,3690796.42655701,h09,5,Katrina,1211253509.290797,15447109.428881466,1195806399.8619156,1780274373.1454716,101682970.91891478,1.0,0.0,15067033.896307342,R0,False,True,10400000.0,0.0,0.0,0.0,NONE,False,False,-1.3249752931175915e-10,9557344.06438629,0.0,132246501.63374291,R0,False,True,91282970.91891478,1770717029.0810852,e3fe5ff4ba1f40797917c73b0c4e7a95ddbebe724bef3bde9d32feb740971540
E2A_CRACKERS_A080,LA-0145,145,48d93c2d7a022271bd3a828c93f4edea50a4971ca346ffa3fdaf294c558926e2,M2,A1_FINAL_NO_MEMORY_V1,certified,PASS,,,5350fdd3d31fd29d6f063fe2257f2fe1da41ede777b6ab7783ea3df5fbf153a1,7dbb552bff3f7e06ced15c07c42719de411d8fce1d302d1e580dc03e26e9d0af,0.5,0.8,19137905.85543848,4.0,1.0,1.0,1.0,1.0,1eebe4e02d79d244407fed1ff3a5640ca39995157ce10ced8f77a1c6997cbbd9,3,2,2,e083ea3b2379505c2d680742d0322cc748b42c4d4484d2419eab556d30caab65,P4,1214756458.9816096,1214756458.9816096,0.0,7025459.952824261,0.0,7025459.952824261,h09,5,Katrina,1207730999.0287852,12112445.902614217,1195618553.126171,1779773288.1696272,102184055.89475928,1.0,0.0,12628211.491854278,R0,False,True,10400000.0,0.0,0.0,0.0,NONE,False,False,0.0,9557344.06438629,0.0,111448891.29030718,R0,False,True,91784055.89475928,1770215944.1052408,322f305e187b867fc38e93790257d6467f93ba883c56f13814af272bf9315726
E2A_CRACKERS_A080,LA-0146,146,9fc956653a31aec1282b742c24601978481a47163bd9f378ea475db8dbcb6ec0,M2,A1_FINAL_NO_MEMORY_V1,certified,PASS,,,4d6278a1bc6c7fe2fb68bc66a4ffd458d4eca3b241e1ce38d1b28040a8b51b3f,ca3ec62d46daba8bb10a23780e7356af4b4c878c874120399fbcccc172dbc223,0.5,0.8,19137905.85543848,4.0,1.0,1.0,1.0,1.0,7d8c02a077abd0d3bf68239141b1b127c7f98a57b68cc30507e75cb1fafc2c0d,3,2,2,a4173a2651cda34577e89c6ef4a7c0708b162b56eaf4d781e3c21fc7a15d0f3d,P4,1179471464.5032446,1179471464.5032446,0.0,4649925.480221828,0.0,4649925.480221828,h09,5,Katrina,1174821539.023023,14487980.37521665,1160333558.6478062,1870305314.0027273,11652030.061659105,1.0,0.0,21149239.05305037,R0,False,True,10400000.0,0.0,0.0,2546104.1418878646,R0,False,True,1252030.0616591044,8305314.002727185,0.0,0.0,NONE,False,False,0.0,1862000000.0,6f28cb2fe0e27d2d6b00eeba2915910bc018201a478d70b06eaaaea29597518b
E2A_CRACKERS_A080,LA-0147,147,4957ecd7a5b1e3e78350f8920ef8c1313ad193aade70e0a1411a60095c8e4f1f,M2,A1_FINAL_NO_MEMORY_V1,certified,PASS,,,0d6fea7d8fefb21f94efab6747851d13347a3cd078dcb0837e83c537d57fe90a,df2c47d201b0157c91aad7f2fbb77ffd5b8fe66f5626ea5bef5b45a703c6c2c2,0.5,0.8,19137905.85543848,4.0,1.0,1.0,1.0,1.0,4b8dcf59aa3d03470c55391907b89008af291275a8d0aca38e00da6e8e46617e,6,2,2,a9c8d0c0689b13451dede308ffdb07552e911537b223a302dab1065358fa91d3,P1,1223501021.1824198,1223501021.1824198,19137905.85543848,0.0,0.0,19137905.85543848,h09,5,Katrina,1204363115.3269813,0.0,1204363115.3269813,1871096302.0143538,0.0,1.0,14872765.41656473,0.0,NONE,True,False,0.0,0.0,659324.0632026569,0.0,NONE,True,False,0.0,9096302.014353644,0.0,0.0,NONE,False,False,0.0,1862000000.0,13350f2d1210910f47c5b048ac58524ca29dba2fb2b3bdbf2866822e123671b7
E2A_CRACKERS_A080,LA-0148,148,7151e912cd4a11e3ecf51701a50a70afb496f08ac17c31ec24434fead2eac7fd,M2,A1_FINAL_NO_MEMORY_V1,certified,PASS,,,0b000ac1fdf20b484456361aba74ece65bbcb542569b9c5874e9fdf94a8bb94e,02cf3e213965b52416d4cc06db651e7a6598e5563a55e7a199c466e6a67ce357,0.5,0.8,19137905.85543848,4.0,1.0,1.0,1.0,1.0,3c8b4e46cffbf0cdf988cfef6597ecad734a4741df4d46977e36cd3e9222cd77,3,2,2,8d65bf21478ba3bca29dc98e65de658fa4356c6a9712fbafcf8383fc8bbf9203,P4,1237050663.6348436,1237050663.6348436,0.0,6218638.30879087,0.0,6218638.30879087,h09,5,Katrina,1230832025.3260527,12919267.546647606,1217912757.779405,1777769011.209624,104188332.8547623,1.0,0.0,0.0,NONE,False,False,0.0,10400000.0,0.0,0.0,NONE,False,False,0.0,9557344.06438629,0.0,134080467.9226798,R0,False,True,104188332.8547623,1757811667.1452377,6139b4b7703362a3ed9cb77270f8cbac2a78b4ed95b61f6f9e93e31686298e9e
E2A_CRACKERS_A080,LA-0149,149,3191c1fb0ab074cb6835832ca5798d4e1f0f4d0b8aa3383dd32f2cfaa08942de,M2,A1_FINAL_NO_MEMORY_V1,certified,PASS,,,bb191294c28e7904917c2f5ba835e53cc7ca7ef05cc6d3b893b50cd55baacdb1,179e0f1263d2ec26e7d66656022109889cab6a1cbbdf69bcef292c6b36f114c8,0.5,0.8,19137905.85543848,4.0,1.0,1.0,1.0,1.0,85a422abd25d1b224862b7cd08f8463424c42dfdbc22016ccbf9516ab314348d,3,2,2,a422a9d2810ef0b4d3a347c961f06482d532c625f70fb78a7af794b8fb1389d6,P4,1233994653.6521556,1233994653.6521556,0.0,5942729.279559388,525563.4164373314,6468292.695996719,h09,5,Katrina,1227526360.9561589,12669613.159441758,1214856747.7967172,1769617042.6258423,112340301.43854402,1.0,0.0,0.0,NONE,False,False,0.0,10400000.0,0.0,0.0,NONE,False,False,0.0,9557344.06438629,0.0,132883749.11941373,R1,False,True,112340301.43854402,1749659698.561456,39ca97d6d048edd45abe001b2de4f8c2a116617effd3f154a09b4c6a648c30af
E2A_CRACKERS_A080,LA-0150,150,57e4ffc89d313dbacf36d4c5948ba60e18d918df4f9d44ec547bfd96ad560683,M2,A1_FINAL_NO_MEMORY_V1,certified,PASS,,,78210b496b586f4b47bf20c2514192f94c35a7937a881ce28f335ac98eeb0004,c665154c98d207533ea39259340b4b23fab0c09c938da4e7f01a76403bce88c4,0.5,0.8,19137905.85543848,4.0,1.0,1.0,1.0,1.0,4e9f04f6003bf0da5773976cb99c9ee7d4c91f8f988a4c89de78207b53eba8a2,3,2,2,4091632f3354e12ec2407120d9f46036e85b5f4663f40610dc4720f44c7fc618,P4,1220174869.9899292,1220174869.9899292,0.0,3761298.8791856947,1043212.4280277477,4804511.307213442,h09,5,Katrina,1215370358.6827157,14333394.548225032,1201036964.1344907,1880952495.0440948,1004849.0202915305,0.9999999999999998,0.0,0.0,NONE,False,False,0.0,10400000.0,0.0,1517763.6106366196,R1,False,True,1004849.0202915305,8552495.04409476,0.0,0.0,NONE,False,False,0.0,1862000000.0,7bde20a2bee1464ddad53dab2d5bb1afe2bbe557535fe4cf9357a56789627cfd
E2A_CRACKERS_A080,LA-0151,151,ae26106cc1d3fb1fef79b55166ed3410fe388b2aba94748bc9fc596a74275a88,M2,A1_FINAL_NO_MEMORY_V1,certified,PASS,,,3d7848757eb6f6f0dcc9e57db57c7c8804f44bfda5fd552aaf66c2fda314d6f3,de20dd497d857be87094831ea37fe9e68b6f4a120188a2d9b5324bc984005232,0.5,0.8,19137905.85543848,4.0,1.0,1.0,1.0,1.0,38959471861dbcdf4837d8342c969eff22c984d493e859d369fa4d9a43f374be,3,2,2,fb69e23ac61f7ee912e3dc03ce7eeb08c1387ec3517617bfe37845311ace1269,P4,1206746472.6403644,1206746472.6403644,0.0,5423098.598350272,0.0,5423098.598350272,h09,5,Katrina,1201323374.0420141,13714807.257088207,1187608566.784926,1758406487.2166681,123550856.84771836,1.0,0.0,33524241.3940342,R0,False,True,10400000.0,0.0,0.0,0.0,NONE,False,False,0.0,9557344.06438629,0.0,364740061.43314594,R0,False,True,113150856.84771836,1748849143.1522818,c6fc1cc89a3d101d5cb79675bdac9df4d18b887755bfaf58649da802d907decf
E2A_CRACKERS_A080,LA-0152,152,5eb7ad53744eea62f3b6cf9739623594810e3eefde14ccb640914b95f60136e0,M2,A1_FINAL_NO_MEMORY_V1,certified,PASS,,,cdd8ec7fe2a7725bbd74cb583b5ffc82c0be6350094abbfd3ce212ef9f872c81,e9ba276106c6b800a6702350cc68bded2968ea9aa509be16d7c9953a101b655a,0.5,0.8,19137905.85543848,4.0,1.0,1.0,1.0,1.0,b562b6c97b8d0c47439037d0054659e655e6c807a6309d2b07675629ecee68a9,3,2,2,b1807a05f0ef4667f4cbb9c81d2907c68957cf9b4f0e5686c221b7856c586341,P4,1219893533.8544698,1219893533.8544698,0.0,21438.498271422555,0.0,21438.498271422555,h09,5,Katrina,1219872095.3561983,19116467.357167054,1200755627.9990313,1732002019.691341,149955324.37304547,1.0,0.0,0.0,NONE,False,False,0.0,10400000.0,0.0,0.0,NONE,False,False,0.0,9557344.06438629,0.0,304099460.11698246,R0,False,True,149955324.37304547,1712044675.6269546,6b3f7e48763f87b823f8596e9080fc9f52c106202a482e7f416ca1b6b2413429
E2A_CRACKERS_A080,LA-0153,153,2d9932a34bbbb835b65b028a931d0a9429b078e57196e5e078562229bedf0996,M2,A1_FINAL_NO_MEMORY_V1,certified,PASS,,,3c0c97bcce7e0d4d5d6e6e02336e33e9fa64c42e4db4967527058276ba7516a9,c51092cae0154ad9fec919ed9aeefb830b8c38e76655695c351b21e29bb1e058,0.5,0.8,19137905.85543848,4.0,1.0,1.0,1.0,1.0,94d2bdc799e2eceb5ec93a27f1d1c6ab27a27261b3fa23e26db5a8677453141f,7,2,2,204ca92844cf05abcbf01ac4e74e9d2613d233e0607a6852b4b2530b78b45ccc,P1,1230396229.0659122,1230396229.0659122,19137905.85543848,0.0,0.0,19137905.85543848,h09,5,Katrina,1211258323.2104738,0.0,1211258323.2104738,1871220173.9582222,0.0,1.0,17162969.179732703,0.0,NONE,True,False,0.0,0.0,556426.9365791902,0.0,NONE,True,False,0.0,9220173.958222078,0.0,0.0,NONE,False,False,0.0,1862000000.0,5c0489580ba8188c3e84589ccd628cf07cf8ac03638ccb52463bcd456f6a1703
E2A_CRACKERS_A080,LA-0154,154,5981ad8affb88f959adca326eb83e0af7dd4423a088a27b5f5768e1cf89564db,M2,A1_FINAL_NO_MEMORY_V1,oracle_failure,FAIL,oracle_failure,Full exact certification was incomplete,5f538cc8a14b4c8f3587b0268c09e3417a1c2086a6559e57dc803af1e2782904,a6f69110b720d141f7ddc37efd4acd29c3962d1248814b788856be62c18c4399,0.5,0.8,19137905.85543848,4.0,1.0,1.0,1.0,1.0,ae581f52d292019313c8bac4fb1e1e51a14fda7fabe6781e1f4f67974b5b8dd6,3,2,1,,,,,,,,,,,,,,,,,,,,,,,,,,,,,,,,,,,,,,,a1949fb7e1435cd89e4855b4b54ad49c5d07ad5d72c04e27df0a1cb4f162a853
E2A_CRACKERS_A080,LA-0155,155,3fcc4dd2753474d68cd851d15eacac48c7d042ba2135fbd7e11dc71542591490,M2,A1_FINAL_NO_MEMORY_V1,certified,PASS,,,d98962ba3537df5cadcab415d3c5b34ced4082af1d7fe0dcc7947ee7e1f61544,416e343a7653a26cac05db415364c8aeb699e3587e3a48a3146c75de39202f95,0.5,0.8,19137905.85543848,4.0,1.0,1.0,1.0,1.0,277d46af36e8441463d71ee9171c84c00099bf6120a6a4cf3e6fdce75246c38e,3,2,2,bd67dc684ad917e2aaded71b91097af6d688ea03ecbee1659fb431688ba07f40,P1,1224571322.3819919,1224571322.3819919,19137905.85543848,0.0,0.0,19137905.85543848,h09,5,Katrina,1205433416.5265534,0.0,1205433416.5265534,1871115529.9031072,0.0,1.0,15187338.842243215,0.0,NONE,True,False,0.0,0.0,645190.5166008287,0.0,NONE,True,False,0.0,9115529.903107096,0.0,0.0,NONE,False,False,0.0,1862000000.0,e443009de74b95bc4d29124ee00d2b93463b2caa3c33b49a9e920c7b4b9989fc
E2A_CRACKERS_A080,LA-0156,156,ede0f25f8a6b0fd60df144524ba4d02e2a103ff7991cd5634de5358915c8e124,M2,A1_FINAL_NO_MEMORY_V1,certified,PASS,,,afc05758df3ac2f0f47dc5eb680ffb34ad5452bab4405c841e9627216e228a85,004c3eabafc380cb4b7d793257d1ba99c71d55d81f0ad0f309732f642b8b4ea6,0.5,0.8,19137905.85543848,4.0,1.0,1.0,1.0,1.0,f1f17106f04e0eec4b1a34b4ee06b475bce653e68c9764a4b6c446c3bfe9e300,3,2,2,0eb69224341062270535c3d3708acc2f386eab1778873d3bc0a87045e33dd49f,P4,1211256881.525067,1211256881.525067,0.0,2886716.4872721597,0.0,2886716.4872721597,h09,5,Katrina,1208370165.0377948,16251189.368166318,1192118975.6696286,1770438094.3568275,111519249.70755878,1.0,0.0,18133780.81562015,R0,False,True,10400000.0,0.0,0.0,0.0,NONE,False,False,0.0,9557344.06438629,0.0,176314837.54200315,R0,False,True,101119249.70755878,1760880750.2924411,a06575c1bcc5319595049099b70b20f4c58ea51c59da9608e6eb5f0ce37eb6d7
E2A_CRACKERS_A080,LA-0157,157,eb13590194231cb222310ab6327794ae2094891636f388dc0ab04527ffa8f25f,M2,A1_FINAL_NO_MEMORY_V1,certified,PASS,,,495e86a0098cd240cf47750d8f35dc2f12d2b6444ddb3438dc5b2abc7929ea0c,ce87417a3cb6bd73abcbfc08827489218b6b23d87e5d5a6141b2f6e7b72c8b2c,0.5,0.8,19137905.85543848,4.0,1.0,1.0,1.0,1.0,eb2c10f80c32e7502e3c5f353eff5f9a32faec465a255339fd6fec37695f770e,6,2,2,cb70c414130e840c34f673cd0bf849eab83183a5ccb55f7c04d3eb4166fce0c7,P1,1226662485.1182342,1226662485.1182342,19137905.85543848,0.0,0.0,19137905.85543848,h09,5,Katrina,1207524579.2627957,0.0,1207524579.2627957,1871153097.5004096,0.0,1.0,15842008.73895603,0.0,NONE,True,False,0.0,0.0,615776.6922320101,0.0,NONE,True,False,0.0,9153097.500409521,0.0,0.0,NONE,False,False,0.0,1862000000.0,4b3de013ab4e06eaaeb36b8666e977776244063a5d25dadc0887e6ad34dcd017
E2A_CRACKERS_A080,LA-0158,158,c6bd2306267b0f1e89480d80c036f99276c0b35c952949b54d672acc747becdc,M2,A1_FINAL_NO_MEMORY_V1,certified,PASS,,,62af6e6e2fc4d55efa7954d9532d252e0d9ceff3db5d6ef40e172ad4e2ce6eef,4085c3dc99e2514d3f81c2e19b8c739997c773083686e08d19f44ee173183096,0.5,0.8,19137905.85543848,4.0,1.0,1.0,1.0,1.0,7d3d4b5b1bc2bc06860873b9693290eea5f1aa5af2fb18f92ecaed61c2189875,3,2,2,a160b21ed040ed88f24068165d02b679c019b0a3327bccdf43b7a1bdf902207e,P4,1220388424.994921,1220388424.994921,0.0,5239685.072795036,0.0,5239685.072795036,h09,5,Katrina,1215148739.9221258,13898220.78264344,1201250519.1394823,1733322151.8414984,148635192.2228879,0.9999999999999998,0.0,0.0,NONE,False,False,0.0,10400000.0,0.0,0.0,NONE,False,False,0.0,9557344.06438629,0.0,311333703.0144597,R0,False,True,148635192.2228879,1713364807.777112,847743f022d7df00ea4d29abd764d29a7414eba28d2f78fe2c90632cf068fc55
E2A_CRACKERS_A080,LA-0159,159,4c8693058e00d4e117f1a8fa3857c25422ab10524aaec91de6b0b43e4b441543,M2,A1_FINAL_NO_MEMORY_V1,certified,PASS,,,7b6cbce374921131ba6d21da5834ffda79d0e2c913218de1c870940200011151,d1ac9c4c240008639acb29073c96124dd368b49475257199472784c9c6252884,0.5,0.8,19137905.85543848,4.0,1.0,1.0,1.0,1.0,d07488fc3d24c91c2400a415c684334fe45c27418461248ff6342ba13d2c34de,3,2,2,45aafebc930f1505e6e3319d50e935d84b0c48f3c8a4be5508a12ee8495af9d4,P1,1221581233.6244404,1221581233.6244404,19137905.85543848,0.0,0.0,19137905.85543848,h09,5,Katrina,1202443327.769002,0.0,1202443327.769002,1871061813.1605527,0.0,1.0,14339999.248392645,0.0,NONE,True,False,0.0,0.0,683260.8450509545,0.0,NONE,True,False,0.0,9061813.160552636,0.0,0.0,NONE,False,False,0.0,1862000000.0,364c15691bb5275b5f03e4e04829d84a22ae7daf0fdbeeb071b05418c4049bc5
E2A_CRACKERS_A080,LA-0160,160,186f6b0d3f8d1f7d34c64669776d4c85647be2b2932361e1e13bcb2b6825d911,M2,A1_FINAL_NO_MEMORY_V1,certified,PASS,,,2f39e8fac63c2da80d110bf32f7da9000b7ff9fee9cac066b2638be42a6973be,66bcd93a4ded11b55ac4f9c36bf9bb6912e6a7963f6d986fcd7d0491ace93b9a,0.5,0.8,19137905.85543848,4.0,1.0,1.0,1.0,1.0,03993a1508f55934c66d836ecc40ff25204db7268a9cb916ff037299ca5a15ae,3,2,2,dcc35939abc05d359acd90e8334ff396615ffe980f7eae70f6cad31bc08b730b,P4,1221521294.9646144,1221521294.9646144,0.0,4708124.249611029,0.0,4708124.249611029,h09,5,Katrina,1216813170.7150033,14429781.605827449,1202383389.109176,1880976683.4778166,980660.5865698197,1.0,0.0,0.0,NONE,False,False,0.0,10400000.0,0.0,1232624.0172055643,R0,False,True,980660.5865698197,8576683.47781647,0.0,0.0,NONE,False,False,0.0,1862000000.0,4dd05ae1ff35e172db2bed59b66f66e5f864b59959d30da34a9d59d1b61cb40c
E2A_CRACKERS_A080,LA-0161,161,c4e9e4b2097005b797ccdf40c9f33dd8383da789d894125b5e3589586824439b,M2,A1_FINAL_NO_MEMORY_V1,certified,PASS,,,657ea12a921ab5a33ca18c31baac3df81fc928558e44f5c1333a739cddcdab8a,6f94d4fc0fd810a17b4127d1e28e0df7e6e55eb6fefe170a86787dc6b1686d46,0.5,0.8,19137905.85543848,4.0,1.0,1.0,1.0,1.0,441cf8a327c6672245281f448ded6cf480a873e68ce54d13907a84a52ea74e14,7,2,2,2afaebe4576055b67b3c4e6019b75af29151914664c032b9e420e3544458a831,P1,1226850568.1522229,1226850568.1522229,19137905.85543848,0.0,0.0,19137905.85543848,h09,5,Katrina,1207712662.2967844,0.0,1207712662.2967844,1871156476.3994105,0.0,1.0,15903668.208773322,0.0,NONE,True,False,0.0,0.0,613006.378788568,0.0,NONE,True,False,0.0,9156476.399410471,0.0,0.0,NONE,False,False,0.0,1862000000.0,7f6e5bd1e8b6a5113b869f792624abb6ed82a76a8474e709aae149f2e1287e11
E2A_CRACKERS_A080,LA-0162,162,17d7974661c5e9b889c1fdc7d19b6495fed6dab66ad18cdc4c43ea4157bef527,M2,A1_FINAL_NO_MEMORY_V1,certified,PASS,,,ee2a93c294128b5d80083d0f8cdfad6414f55521fce6fe7b711418da2731100a,46bbd877a4d8f7fa1684523e7b3c675c0098127af72b1dd0e7ed952aee9725c5,0.5,0.8,19137905.85543848,4.0,1.0,1.0,1.0,1.0,6615ab087a08bb8a9b761dd2b21f12ab3ce9264cc25086cc42a9cb8fd2b562fb,3,2,2,677ba5b96fc1d242635ef4c6c7383d1cdd27c80ff7583f8cf082ce3aad825c00,P4,1213495629.2948854,1213495629.2948854,0.0,1904309.451732691,0.0,1904309.451732691,h09,5,Katrina,1211591319.8431528,17233596.403705787,1194357723.439447,1714935479.5729449,167021864.4914415,1.0,0.0,0.0,NONE,False,False,0.0,10400000.0,0.0,0.0,NONE,False,False,0.0,9557344.06438629,0.0,243986610.95890838,R0,False,True,167021864.4914415,1694978135.5085585,cd6a26ed621e411e7849d0ba6129c10b081c9210af8df74a6d2632c844d0249c
E2A_CRACKERS_A080,LA-0163,163,65454389a367164b929229d639a52e01ad167161caec040dc40d00f168009ba1,M2,A1_FINAL_NO_MEMORY_V1,certified,PASS,,,30f42882b0edc7dfb3626f542b63f27c40abadceb816dc781dd962751250a56c,249c0b4c22b8d35773fea7f38ec693284520a4b4131a776502fa0684d16a5f30,0.5,0.8,19137905.85543848,4.0,1.0,1.0,1.0,1.0,166f19cd903dd851a17122a0bcced1af5ba637b2fd9f095ca5249ba732b4b19f,3,2,2,03ef477644be1dfba55d301b4ec5e69ef88a0990c2de5fe34b9ea44a03066321,P1,1225602633.415799,1225602633.415799,19137905.85543848,0.0,0.0,19137905.85543848,h09,5,Katrina,1206464727.5603604,0.0,1206464727.5603604,1871134057.3361664,0.0,1.0,15503303.27541669,0.0,NONE,True,False,0.0,0.0,630994.4730820676,0.0,NONE,True,False,0.0,9134057.336166292,0.0,0.0,NONE,False,False,0.0,1862000000.0,ba71a7b39f7d4c0cfd1aba33847cd7301b1b36449d232fac20c6692bc97e3858
E2A_CRACKERS_A080,LA-0164,164,0d2d3647e67aaad9aeb4df18649d48b7f85ffcbd68339831e75ef9a752b0be74,M2,A1_FINAL_NO_MEMORY_V1,certified,PASS,,,0fce6aca537cbcc7535c114c967d33ff56d057bdfc01765bb7f502ec0c556345,dfe2a1544d94ae256d0a2d9a27beae7e185cf96b7b9d22b4e9aa442d141d2dd3,0.5,0.8,19137905.85543848,4.0,1.0,1.0,1.0,1.0,7237b6b9d3646b48cafad2045f6e0c8028f20d1e9c8e1eea436673d4d20c7887,3,2,2,3e4a5e907660dff0c136b26d1b8f53e832761c9b9d62d8189fb7b4500a6e6c0f,P4,1215052439.5095685,1215052439.5095685,0.0,10551341.624347221,610487.4796782928,11161829.104025513,h09,5,Katrina,1203890610.4055429,7976076.751412965,1195914533.65413,1719088302.3820655,162869041.68232086,1.0,0.0,0.0,NONE,False,False,0.0,10400000.0,0.0,0.0,NONE,False,False,0.0,9557344.06438629,0.0,285017322.8191267,R1,False,True,162869041.68232086,1699130958.3176792,e1629a6d9184551269a1e70fb79d6b52716690ebfbd7b69251efac8b3a0f0df8
E2A_CRACKERS_A080,LA-0165,165,b369982bfcd100b32c7e7971b2f27fc53e66b7bb3c1582d5fc65e4f26173c3b3,M2,A1_FINAL_NO_MEMORY_V1,certified,PASS,,,71dbfbae36ee605c69dab6d98d438dc3a4e67a4c3edd7b6525148f3e6c9cf7a7,32ff63d5ea93796c36af7d9c03629a927bd2c686fc71d1c67c30694d025235dd,0.5,0.8,19137905.85543848,4.0,1.0,1.0,1.0,1.0,5a28b2051115c4e9d2d8c76304bb7882a81e84f34f8f496bce7c8408ff252ad1,3,2,2,533f07f37486de04487b7fe097d2a21711b21d13ab4fe4f271c49ba5eba01a62,P4,1229683953.3442376,1229683953.3442376,0.0,3215636.560283459,0.0,3215636.560283459,h09,5,Katrina,1226468316.7839541,15922269.295155019,1210546047.488799,1819592682.009331,62364662.05505538,1.0,0.0,13634130.481075583,R0,False,True,10400000.0,0.0,0.0,0.0,NONE,False,False,0.0,9557344.06438629,0.0,68124325.27534829,R0,False,True,51964662.05505538,1810035337.9449446,21af82ec5bfa48d89014047f072e56db2960883bea47cfa1f197d25e03e3b06c
E2A_CRACKERS_A080,LA-0166,166,a63051c7d24b321f17e1ff40c6e3871ef6554189f0db92c472b05cd3483c1cff,M2,A1_FINAL_NO_MEMORY_V1,certified,PASS,,,5e19de156cbe14e0e224a4d5485fe78ddba264b18e25e1198563540f4b8f56f8,9aa6163e626683181f10c46f36a7ad4db9a29e01c443cf54c64e6c080bf0e244,0.5,0.8,19137905.85543848,4.0,1.0,1.0,1.0,1.0,35e4b21cb01b37854e5f5a7119f26c9d7b06a0c6fd97b90d6af8ba783a08f68a,3,2,2,be1a19d5700d6880745e7d094566afd18e8d613ffb77b11c6c56c47e1f1da908,P1,1223980609.1878989,1223980609.1878989,19137905.85543848,0.0,0.0,19137905.85543848,h09,5,Katrina,1204842703.3324604,0.0,1204842703.3324604,1871104917.7804768,0.0,1.0,15012095.199258564,0.0,NONE,True,False,0.0,0.0,653064.0812207758,0.0,NONE,True,False,0.0,9104917.780476797,0.0,0.0,NONE,False,False,0.0,1862000000.0,dea7f0b3bfcef46af30bd19041e7d5cda034a1eaa46608270b3399a2e1534587
E2A_CRACKERS_A080,LA-0167,167,d19f682603b56c129a6d6b3454e4916ba494da2cc20f2c5003ab6156fee18d0d,M2,A1_FINAL_NO_MEMORY_V1,certified,PASS,,,05e5f8872989dc3b374accb9c413a90822f6b29d55405f9f5e56d0dd55369adb,a60ac2f1149d17f39f0fcc5ad3c8a67063be8182f51ea61f4c1540ba55c3ddd1,0.5,0.8,19137905.85543848,4.0,1.0,1.0,1.0,1.0,303238e53f5c793e1ac059851a90950ba21d09891363515d096020eac72b141b,3,2,2,d0531e319eca106d04a5288c219593fef077742d7255a553f82a7de92ddc1ddc,P4,1204572970.676932,1204572970.676932,0.0,8093720.434806447,0.0,8093720.434806447,h09,5,Katrina,1196479250.2421257,11044185.42063203,1185435064.8214936,1691134106.8191216,190823237.24526474,1.0,0.0,0.0,NONE,False,False,0.0,10400000.0,0.0,0.0,NONE,False,False,0.0,9557344.06438629,0.0,243802289.28661683,R0,False,True,190823237.24526474,1671176762.7547352,f76816b4312df053990cde1bc4ac37d8b2d3b81f337c0b360ace607f9433b8bb
E2A_CRACKERS_A080,LA-0168,168,8fdb26ac985bb5ebdfe0d474dd96d132088387252909a47daf8aa7674c54077b,M2,A1_FINAL_NO_MEMORY_V1,certified,PASS,,,24f5d22a65469dbc6078e62464c82ff1537a49fae90d392a896a33e5e4e375d2,09735f048a571c3dcb668394393c9f613143254c83a8d33f8ce6c9ca873a829c,0.5,0.8,19137905.85543848,4.0,1.0,1.0,1.0,1.0,9407812bda0947e7c8b1746ec58b7262ffab73660de5a8abcf770546a8dd8edb,6,2,2,592a397fe58b968e5768fc99bc64e4add731023c4b19ada224beb85a0b7b2e28,P1,1222095320.6702127,1222095320.6702127,19137905.85543848,0.0,0.0,19137905.85543848,h09,5,Katrina,1202957414.8147743,0.0,1202957414.8147743,1871071048.6996043,0.0,1.0,14478886.880339487,0.0,NONE,True,False,0.0,0.0,677020.7285684373,0.0,NONE,True,False,0.0,9071048.699604308,0.0,0.0,NONE,False,False,0.0,1862000000.0,b880d05608489f065ec9094dbb27674de7dd38fb80af561115a7f8315d35ab4f
E2A_CRACKERS_A080,LA-0169,169,b0f2032de2442051dcc2a77a5d1150a6cc6f7c2c5317099a77f5cb39892e418c,M2,A1_FINAL_NO_MEMORY_V1,certified,PASS,,,d72c2e75d23036b1caf945e03198095c3ebca8002d0694ace1236927eb615e41,f5a9075c416dfa5a555e46b39cbd768ff4c206a17a2bdce149fab9e920dd5e11,0.5,0.8,19137905.85543848,4.0,1.0,1.0,1.0,1.0,d9ceaf8a531ae5abb07a46e058bd9c05b6f564e2ef31926bd7fe8351d735ff69,3,2,2,053fc9552e65196978df9b87974a0e54bbfa207b1ceccb551f937d2530513bad,P4,1222868566.832414,1222868566.832414,0.0,6269567.556036332,1185696.2126213869,7455263.768657719,h09,5,Katrina,1215413303.0637562,11682642.086780759,1203730660.9769754,1739937980.4733088,142019363.5910776,1.0,0.0,0.0,NONE,False,False,0.0,10400000.0,0.0,0.0,NONE,False,False,0.0,9557344.06438629,0.0,183235869.3832734,R1,False,True,142019363.5910776,1719980636.4089224,a5a6aae50a0f0d7f584028d85d6c44eef571cc77f9775db80b536fc2365928dd
E2A_CRACKERS_A080,LA-0170,170,e20bc3fe56ecbfa50edae2fdc3bb38c9a5ba56e6bd20d5bb830aff856918c573,M2,A1_FINAL_NO_MEMORY_V1,certified,PASS,,,b15b2ef2977979c79e4e349469e856636617ee90d9626cb60d08e80be2b85f7f,02eb42d042adec86a86f45f0b96227a16b8cfdfc1f8ebdf435b9da2c53674dc4,0.5,0.8,19137905.85543848,4.0,1.0,1.0,1.0,1.0,6925ad8003b7658f89b646599cc33d01478e781a8e18f535bca8b6b1bd3fd270,3,2,2,e0a63a67750e5582ce6ecb27462449f11da2a06930b745b28d146247372f21d5,P1,1228626321.657972,1228626321.657972,19137905.85543848,0.0,0.0,19137905.85543848,h09,5,Katrina,1209488415.8025336,0.0,1209488415.8025336,1871188377.6911924,0.0,1.0,16510375.98286994,0.0,NONE,True,False,0.0,0.0,585747.4563910667,0.0,NONE,True,False,0.0,9188377.691192396,0.0,0.0,NONE,False,False,0.0,1862000000.0,7349e35b4d661250e88845246b45b4a5efb84309f58dd31a3a5904ce4980cea0
E2A_CRACKERS_A080,LA-0171,171,3bccbb9d9ce3593b4eb53716980111cf89d90022d8b034df908d48ce2623beca,M2,A1_FINAL_NO_MEMORY_V1,certified,PASS,,,6aab6a01c7a081b3a2b2fe57fedeb9caae4c88e037332d9a4735fc462f68194a,2c3233f44d45c8a5349f515e3cd36ebea44e0a7c8a3ce9e8d0f378952a184b92,0.5,0.8,19137905.85543848,4.0,1.0,1.0,1.0,1.0,f7b618976de3d59f3bb8802c0011bc04bd74a1e6639d6f4dfbc9c926665f963b,3,2,2,13dead1e535f47cfca38e9a7378625a186107608ccb7f5f871161e7d4f5ace38,P4,1209180238.1922557,1209180238.1922557,0.0,5981377.580777438,0.0,5981377.580777438,h09,5,Katrina,1203198860.6114783,13156528.274661038,1190042332.3368173,1869704211.4555352,12253132.608851062,1.0,0.0,396748.7216049864,R0,False,True,309391.4984665993,10090608.5015334,0.0,1429871.7537357025,R0,False,True,1115038.6640534876,8442305.400332801,0.0,13886205.256174523,R0,False,True,10828702.446330976,1851171297.553669,5923b0d5a74cda1dfa990fdeb62d8d9cd37f116cf6fe97adb3c5646b9d048c4a
E2A_CRACKERS_A080,LA-0172,172,84a890bda107c2affe9940ec8a32906871be70610d62d2687f2ad7d0de24af36,M2,A1_FINAL_NO_MEMORY_V1,certified,PASS,,,4bcd82fe8af437a8ace4c4d00e1426b7881a63344b4f4d2782f8a7521532d8c3,d0483295886aff7f3db82a8d385750fabc0eece13ba87ed50f9434c3bbd7cf8c,0.5,0.8,19137905.85543848,4.0,1.0,1.0,1.0,1.0,ea12aea5139c909a24a99db82050b68fa1fabcf22cd9337270d88f1007702d21,3,2,2,329a2212b1a317f155955c555abdeee82967901d0dc09afda0ee932a5578371a,P4,1178483183.737531,1178483183.737531,0.0,5049461.073304734,0.0,5049461.073304734,h09,5,Katrina,1173433722.6642263,14088444.782133743,1159345277.8820925,1683013591.0823493,198943752.9820371,1.0,0.0,13758616.47464577,R0,False,True,10400000.0,0.0,0.0,0.0,NONE,False,False,0.0,9557344.06438629,0.0,249432806.34328827,R0,False,True,188543752.9820371,1673456247.017963,05daa0a462e9c1f1256f95c58e8529d93ba1428a66fd86913df7422ef4543a4e
E2A_CRACKERS_A080,LA-0173,173,3fdce90559a3fa35fc5a790f6b3ef13b885ad9fdec179bd496c9207d1c078563,M2,A1_FINAL_NO_MEMORY_V1,certified,PASS,,,929add5a8a080a10f6606129b14719906cefb16e72cecf88c4bf620d75719f9c,59cdd6bd22fbb4ee34d24d04fd9c1aa25442713c228f153500131d339d174847,0.5,0.8,19137905.85543848,4.0,1.0,1.0,1.0,1.0,9e41bb9b31444ad6389b94bba7b067b739d5243fa03deac1d2d08b1ee1f3d58f,3,2,2,8bf02efd8976a730f71fadc5370390d7ec7d2691633fc2b2310df5659219a672,P4,1224265799.0073102,1224265799.0073102,0.0,10337754.368210062,0.0,10337754.368210062,h09,5,Katrina,1213928044.6391,8800151.487228416,1205127893.1518717,1805139645.4724987,76817698.59188774,1.0,0.0,22737307.26966383,R0,False,True,10400000.0,0.0,0.0,0.0,NONE,False,False,0.0,9557344.06438629,0.0,145207655.8680452,R0,False,True,66417698.591887735,1795582301.4081123,41ca37718df10379200e24405723c9b881b939c66727caa1a5bf5f42937a99da
E2A_CRACKERS_A080,LA-0174,174,4f344505002ff21d8109eed718bb5f8b8002bb30f9d928a87bf9a1d0f7b50adb,M2,A1_FINAL_NO_MEMORY_V1,certified,PASS,,,c7ee901af4710e46c30ec003cc4e81ab0c5bdfe12351e5dc7c62b317f95f294a,6401f64cef8c4a4a041e5b4520e8ef4a6ed38588888244f38a17a461ab355a41,0.5,0.8,19137905.85543848,4.0,1.0,1.0,1.0,1.0,a86c882cee4c205920a8e66aedf3ef3c5736e2938c2f935bb889e59abd13f495,3,2,2,a4070988c79cfc449733d73b1da1375247a6ae8ef6da5999b5adffd8a1abca06,P4,1229257448.4612556,1229257448.4612556,0.0,7513160.614530262,0.0,7513160.614530262,h09,5,Katrina,1221744287.8467252,11624745.240908215,1210119542.605817,1881115662.9528208,841681.1115654873,1.0,0.0,0.0,NONE,False,False,0.0,10400000.0,0.0,1635708.494920758,R0,False,True,841681.1115654873,8715662.952820802,0.0,0.0,NONE,False,False,0.0,1862000000.0,bcb1224514d86bd7ce101ebc65efbc0b0ee73d153105350b0a4e926da5e270ba
E2A_CRACKERS_A080,LA-0175,175,a912a0bb463baf4b784ea1818052bd1732b8e8372ae51bc27018c35d799c5f16,M2,A1_FINAL_NO_MEMORY_V1,certified,PASS,,,33b461e98c7e8fc16570d7c3d46a879b84aa36c1f828c49826f3a4ebbf266b95,35fa1d301a4b9ae95d2a998a2e2905d550c3cb4cfbe60c825d4a52f70d4d3640,0.5,0.8,19137905.85543848,4.0,1.0,1.0,1.0,1.0,047832174e4a7fa8a31b1719ec10bc055ea61733f08b308f166bf16078a74c41,3,2,2,910fb954a58989e0df32d3911742e3501dc892539734860b3c3ab7df2b51ddc4,P4,1220911773.4817803,1220911773.4817803,0.0,4506331.9490697635,0.0,4506331.9490697635,h09,5,Katrina,1216405441.5327106,14631573.906368714,1201773867.6263418,1734718194.5401206,147239149.52426577,1.0,0.0,0.0,NONE,False,False,0.0,10400000.0,0.0,0.0,NONE,False,False,-1.2623513257487533e-10,9557344.06438629,0.0,316153255.338479,R0,False,True,147239149.52426577,1714760850.4757342,a8e3bfb6e639366229038a56bea84572eadcea63bb6971820a246a231c97a0a8
E2A_CRACKERS_A080,LA-0176,176,8dda0ef35966165b367315cca6b45e7b0a369af9a2f908b0948dd31a0642bd3c,M2,A1_FINAL_NO_MEMORY_V1,certified,PASS,,,8c9da8fc1c155cbc9afca36523e55dd6e4ca348bfe6d4e44b7df6f9129045d26,0c68406f7c6a9652af4345670a37ed8952b8c77334ae7c7362d22a60f1961279,0.5,0.8,19137905.85543848,4.0,1.0,1.0,1.0,1.0,3cd29841670b036d366826cf6d4d3bcf36beaf33985bbe53005532865e26de0c,3,2,2,d400d19bee2e214b8734b62f56d5f7f8461149e4f0de16a75982df59d25255d8,P4,1200616640.0804284,1200616640.0804284,0.0,5393958.610821724,0.0,5393958.610821724,h09,5,Katrina,1195222681.4696066,13743947.244616754,1181478734.22499,1742055034.5919993,139902309.47238702,1.0,0.0,21635298.125476886,R0,False,True,10400000.0,0.0,0.0,0.0,NONE,False,False,0.0,9557344.06438629,0.0,269405872.4396983,R0,False,True,129502309.47238702,1732497690.527613,1eac3339265786c2c1b62199e4e68edd89ac2b4bf1b76325bbbf527cf97b922a
E2A_CRACKERS_A080,LA-0177,177,349972c31a9c23bfc9f28b230d0d49461f58a66f02fa1d54a1dfe0c2269dad7d,M2,A1_FINAL_NO_MEMORY_V1,certified,PASS,,,5782204aea1dca732edaf4504537e7f055ed859e212f5e6a775d904613c5d440,467337d69fc0a3e251752c1f671cae843046274773e05fa5f77e78d3ad7c2a11,0.5,0.8,19137905.85543848,4.0,1.0,1.0,1.0,1.0,aa56ef6469246cfc52164610e9399fadbcb82b343df803dd577c2619d42d546a,3,2,2,6fe0c3dc991086d79577e2fc83084da654fd22361f5ca11da13f6c447c928468,P4,1220963757.0486314,1220963757.0486314,0.0,1443704.0464488342,0.0,1443704.0464488342,h09,5,Katrina,1219520053.0021825,17694201.808989644,1201825851.193193,1734856861.7585673,147100482.30581912,1.0,0.0,0.0,NONE,False,False,0.0,10400000.0,0.0,0.0,NONE,False,False,0.0,9557344.06438629,0.0,190903623.42769462,R0,False,True,147100482.30581912,1714899517.694181,e18c9afb722886c32f6d150791d9a4e96170eff50981857303ab4d6fee81afb0
E2A_CRACKERS_A080,LA-0178,178,9e6e4cfc9023c6b94b41acc93c5cc1e9da7543d1d1a5d5bdca4165f0287c210b,M2,A1_FINAL_NO_MEMORY_V1,certified,PASS,,,0a38eb216c853759c2ab9ed1f8c5c2186feedcaa170167c147d6dcdf947a5af8,3a158096a687cb797f9ccbe825159a66ff743512e6c045190553707868e9b2a7,0.5,0.8,19137905.85543848,4.0,1.0,1.0,1.0,1.0,604909d646aae720256eb1e127fe22ae3a670ebf1d0e5ee6164d5491fe62b5cf,3,2,2,577f98a04d8a430f684b7ec4af0122fc161b7bc379f3d4bd7f516e5cbc6d13bd,P4,1219100587.3460743,1219100587.3460743,0.0,5821375.885731503,0.0,5821375.885731503,h09,5,Katrina,1213279211.460343,13316529.969706975,1199962681.4906359,1729886818.8046696,152070525.25971672,1.0,0.0,0.0,NONE,False,False,0.0,10400000.0,0.0,0.0,NONE,False,False,0.0,9557344.06438629,0.0,243642546.19960594,R0,False,True,152070525.25971672,1709929474.7402833,4309b8e533727db6f43c598de6ba6de90ca9c5be5efd6c36989adec75cca384b
E2A_CRACKERS_A080,LA-0179,179,1fb4960aa84b46eb37d3c5daaa1d2e544bbc4709d0b898d967690d88b8373469,M2,A1_FINAL_NO_MEMORY_V1,certified,PASS,,,fa7d0e2e87f50fdef5df800e1e839a0bfec7fc369e785065f754db2d5351f738,21cdc9632f37ba23d75aa223c6e56b160d6d9b517bd3214d250b2e3d74176544,0.5,0.8,19137905.85543848,4.0,1.0,1.0,1.0,1.0,307ea1b5409658cf18e0c299fcb2b743cb0aa7910fcdd2e67393cbb6fbb4f555,3,2,2,0835dc877edfb3eeab4966dde30a5c76392aade3c4ddba257334ced8429d42ce,P4,1186272767.9722197,1186272767.9722197,0.0,7333968.919235183,0.0,7333968.919235183,h09,5,Katrina,1178938799.0529845,11803936.936203295,1167134862.1167812,1642317945.101472,239639398.96291456,1.0,0.0,0.0,NONE,False,False,0.0,10400000.0,0.0,0.0,NONE,False,False,0.0,9557344.06438629,0.0,345127553.3752019,R0,False,True,239639398.96291456,1622360601.0370855,ff3040d9673c582c3b1bc6c01ede23ed54302279e1b82166f42064ab887af16f
E2A_CRACKERS_A080,LA-0180,180,b145dd9c8cfc5155696db0031bc4064abe43f4293e451bc31c0f9c145adcff92,M2,A1_FINAL_NO_MEMORY_V1,certified,PASS,,,cb03eb3a86166125aefe4ddff8e623a96905cd6b5a2bae78fc2c5eedd29ec518,ea13542327529cd4e7d864f5215c9b6d2173d972fefa5d5ad07d6a53e90e7cb8,0.5,0.8,19137905.85543848,4.0,1.0,1.0,1.0,1.0,413993c4112b74b1c984df9b13c18cfcac39f2fcd0cee322172e4ebb99bc6cc1,3,2,2,84349cfc84dc23dc52ab53f4937e324baca1aea75b3d76d48bafc086081e723c,P4,1193052766.8541737,1193052766.8541737,0.0,1599485.0145194288,0.0,1599485.0145194288,h09,5,Katrina,1191453281.8396542,17538420.840919048,1173914860.9987352,1880465248.2933087,1492095.7710775966,1.0,0.0,0.0,NONE,False,False,0.0,10400000.0,0.0,2336585.647153755,R0,False,True,1492095.7710775966,8065248.293308693,0.0,0.0,NONE,False,False,0.0,1862000000.0,e519eced34237b4902e1c1df3b9af3357808179f0e7f5c7ca62cb4e6ce341939
E2A_CRACKERS_A080,LA-0181,181,060d6c34408ab0d9201a98d0b431f21c8baac34b4d031c8897f92b6e83fd3a42,M2,A1_FINAL_NO_MEMORY_V1,certified,PASS,,,bba2a30d9cf5f63a2689f4806451d6d420b9e13e8aac5308101cf4901fa765a9,b3a939ab44b28aad1cd24252a4a49100e04d95c7a54b35b0a505d8e112e76120,0.5,0.8,19137905.85543848,4.0,1.0,1.0,1.0,1.0,c86685188a64ab40e59b96e562dabdc4758b0ebcec5ef73447274fd17a00f470,3,2,2,9650fcb4971732e416161e856fc471d7c1ca7f3aabd3ecc792b07aaac07fd09b,P4,1234039742.554662,1234039742.554662,0.0,2152758.2817888185,3998267.457017542,6151025.73880636,h09,5,Katrina,1227888716.8158557,12986880.116632117,1214901836.6992235,1881201576.5431738,755767.521212544,1.0,0.0,0.0,NONE,False,False,0.0,10400000.0,0.0,812623.687718412,R2,False,True,755767.521212544,8801576.543173745,0.0,0.0,NONE,False,False,0.0,1862000000.0,b41e9c6cdf31a1075650467f2b76c3e8390bd16b3e345db8ed90f54d96e6a1f9
E2A_CRACKERS_A080,LA-0182,182,5cfd88baf24039e2769004dece62af8b6dbec8698589dee7c9804a26216af56d,M2,A1_FINAL_NO_MEMORY_V1,certified,PASS,,,d01e4addddc6c60d6300110e140e5b8e863723236541d6788c7b319fc9d2d8ba,df588daecae49fd12772c2d8c5e1d93325da4b649de3e31b8bf73f81b5dc7fc9,0.5,0.8,19137905.85543848,4.0,1.0,1.0,1.0,1.0,1dd2bd0c51789a4ae56844426f27c932afa4e1225bcfd8c35fd43538b120739f,3,2,2,4fddc241beefbd38bfc5bdfce9314448914cafc1ef4d27b78170c674c8c319e5,P4,1206262021.6947834,1206262021.6947834,0.0,6885611.06457792,0.0,6885611.06457792,h09,5,Katrina,1199376410.6302056,12252294.79086056,1187124115.839345,1757114204.4979823,124843139.56640413,1.0,0.0,22450086.121125758,R0,False,True,10400000.0,0.0,0.0,0.0,NONE,False,False,0.0,9557344.06438629,0.0,247044071.0805565,R0,False,True,114443139.56640413,1747556860.433596,845ffa024e806ce069f1c0672b1a05d289e67ecf1fc948abb7bf960fdf18ff39
E2A_CRACKERS_A080,LA-0183,183,e441a7404cab0227668f92769d6fde5120e994cce1bc171452796d3e56b752bb,M2,A1_FINAL_NO_MEMORY_V1,certified,PASS,,,4ebae214bdc4ee2418aa71a47b21b334542ad7d6eeb679ac0cda775a70e5282e,7ad170728a741a9681cbdbdb438c771fb411c44726641d0de87c5646106c85b9,0.5,0.8,19137905.85543848,4.0,1.0,1.0,1.0,1.0,a0d99f85ec55347648c05ecd452980e3c45ec8829da45c61b46325362e065f1e,3,2,2,32642cfddb1829353679d7e1258e3db66af5cbc7feb3da2b2ff1b2b2850d8e8e,P4,1200585068.4274375,1200585068.4274375,0.0,2697931.184037779,0.0,2697931.184037779,h09,5,Katrina,1197887137.2433999,16439974.6714007,1181447162.571999,1741970816.5675893,139986527.49679714,1.0,0.0,13087157.488487603,R0,False,True,10400000.0,0.0,0.0,0.0,NONE,False,False,-1.537226734706439e-10,9557344.06438629,0.0,163069162.859309,R0,False,True,129586527.49679714,1732413472.503203,b61acf8f0bf2bf4ede713b072fa36c2c7eb356dbc84d8fb4a3edfc1c5b44a7b9
E2A_CRACKERS_A080,LA-0184,184,628c0e26c3aaf4ef8acf1fe43c689320c1d9f0b37d9812af2f407c30475de9f5,M2,A1_FINAL_NO_MEMORY_V1,certified,PASS,,,fbf48f5c1ccfd3f8f75a75a8b20dc4aed9d1a2cfadb0d4388462464bfa445862,982e9a32d48eed6b3802895324002a6ba9b7f53e4e1d50260e03b8d80965b229,0.5,0.8,19137905.85543848,4.0,1.0,1.0,1.0,1.0,e8ce755f247411e685ec35122a5acf3970067f4991220717eb7aaf16f0d19ddb,3,2,2,9fbd7af051015973f8ef10e0f1c9b032980caa76742fc0fc8829f36edb017f9b,P4,1215390922.6701977,1215390922.6701977,0.0,4248940.809275074,0.0,4248940.809275074,h09,5,Katrina,1211141981.8609226,14888965.046163402,1196253016.8147593,1781465732.921516,100491611.14287043,1.0,0.0,13483132.49570482,R0,False,True,10400000.0,0.0,0.0,0.0,NONE,False,False,0.0,9557344.06438629,0.0,116799724.01834989,R0,False,True,90091611.14287043,1771908388.8571296,05b831789a5f6dee41e6d9f539ab2bb6741e7c1a8fa9473779ac85c0e7d33a41
E2A_CRACKERS_A080,LA-0185,185,9e103addc9ed57efe655316af9bc38b8c92f6c2ab130474d6efe41f82b2f5ef8,M2,A1_FINAL_NO_MEMORY_V1,certified,PASS,,,1d3feaea8c620278e1cac162711011d6e2b76fa0186bd7bc49b506ec5111bc90,0c15ef151b4a1ac1e9ad371954af18cbe38ae4ecc5c35b416b4922c6b8a80e51,0.5,0.8,19137905.85543848,4.0,1.0,1.0,1.0,1.0,1cd3854850f040544bed6b50345c15b3ceaa45911ec82aaf78ade8a440bead12,3,2,2,27dd48f5517e727c10231d280c0da7b404d15d1c9dc39916adfd1ec5ec1b08f9,P1,1226493594.9685056,1226493594.9685056,19137905.85543848,0.0,0.0,19137905.85543848,h09,5,Katrina,1207355689.1130672,0.0,1207355689.1130672,1871150063.4002779,0.0,1.0,15787047.300761808,0.0,NONE,True,False,0.0,0.0,618246.0681697458,0.0,NONE,True,False,0.0,9150063.400277866,0.0,0.0,NONE,False,False,0.0,1862000000.0,3fce38020600ac69eff8c0c80c9774455777de64bd603ec25bb331ad5f62fa15
E2A_CRACKERS_A080,LA-0186,186,ad1879d20a25fa7fb3a6a0748ebcb2db03bb2ffdfd6666f96c0b3d44fc01510f,M2,A1_FINAL_NO_MEMORY_V1,oracle_failure,FAIL,oracle_failure,Full exact certification was incomplete,989781ba2ff7204ec064deb9cbf857455c2e229ecd0d2aa4a2379d31c36373d9,f1db7ee17dae4a3fc055f14b73ec095ced6aa5832fc7c02e756c99a61ffe74b8,0.5,0.8,19137905.85543848,4.0,1.0,1.0,1.0,1.0,e085afb632b023266f4dcf2645afe5d08ec676a5a7471e59878d0c16bde9f4ad,3,2,1,,,,,,,,,,,,,,,,,,,,,,,,,,,,,,,,,,,,,,,92998c27a0dfbc984b360dcf4786cc51aedd5987817809abe7e36e8cb640ce70
E2A_CRACKERS_A080,LA-0187,187,ebee8966197c6778cdfd3c9b74795a537c827852e85459ac6b6a5f4b809fd5f9,M2,A1_FINAL_NO_MEMORY_V1,certified,PASS,,,86b3dca09e460b7d9b10b3d849d027ae9ebdaefb254b81c5241e064b2a336573,a7c8a83bc3960d787a73a8a44352e6f8145af255268c331de05f3fec82ad4118,0.5,0.8,19137905.85543848,4.0,1.0,1.0,1.0,1.0,b791d4653208f44acbf69eae18c14e6fbf38b61ee4da83376e3b2bd9e80449df,3,2,2,229a3a7e292eae741c974d3d2aea4850f153c1caf5f2a8466d67c8ca5a6cd445,P2,1224255052.0053172,1224255052.0053172,9857220.992325677,274149.81021590217,0.0,10131370.802541578,h09,5,Katrina,1214123681.2027757,9006535.052896898,1205117146.1498787,1805110977.6268072,66446366.43757912,1.0,15218806.534391966,0.0,NONE,True,False,0.0,0.0,0.0,0.0,NONE,False,False,0.0,9557344.06438629,0.0,80140447.14419809,R0,False,True,66446366.43757912,1795553633.5624208,917cdfe045f48cd5d5f8ea46e3a7ccc9333f51f68798559cafa8b6b131684250
E2A_CRACKERS_A080,LA-0188,188,a12874d824774d3f0b261800d9aaf05f0bd46a255c9b46a67182d2e3a86b5523,M2,A1_FINAL_NO_MEMORY_V1,certified,PASS,,,72e4570a03a508070c95ec7140e05666cb6bb3be19f680e6544f9ce55f2803bb,6d445bd534a060dc63186256237c6246e015d1b18edf1ad6922239f70e3f6675,0.5,0.8,19137905.85543848,4.0,1.0,1.0,1.0,1.0,dc9eff40dcd8e9550c801c6e5d00073abc50642d576a0765795cc6090d55adf4,3,2,2,33c9aefc403ef94fdc1901f5786563f61d554f306ca9171ee782f1dc092ac485,P4,1222834566.6630867,1222834566.6630867,0.0,6499220.29526226,3507063.8463991834,10006284.141661443,h09,5,Katrina,1212828282.5214252,9131621.713777034,1203696660.8076482,1881000276.3151705,957067.749215835,1.0,0.0,0.0,NONE,False,False,0.0,10400000.0,0.0,1096121.2215360845,R2,False,True,957067.749215835,8600276.315170454,0.0,0.0,NONE,False,False,0.0,1862000000.0,bf10b98272c0d7d313479d5ed233c5ca0a39e317f2d99c17696ae7ca3dcd7aae
E2A_CRACKERS_A080,LA-0189,189,540e975fa23e1d9c4323a59e0d826910650ed03b00a52c4a1d1c23a2d8f021c3,M2,A1_FINAL_NO_MEMORY_V1,certified,PASS,,,4b25bcc91c9242b8442f2c6e3bc10e08c1b84948c132405cc453b95931a21d4e,6e9039d9a32135357b8db29cdf2ff0cce57f6626d0980e61fc2d811f4ac1c979,0.5,0.8,19137905.85543848,4.0,1.0,1.0,1.0,1.0,8b8720c84ef037fcf9cec0da15cb62a9e0da681b6a6f2747036613ee20eb8aa3,3,2,2,b216ee7f0a2e93cc74430c381b4fad9aca5a6e6d59dbf68984b774d4473962c8,P2,1228922732.0029454,1228922732.0029454,10926131.29447686,2798202.4484218056,0.0,13724333.742898665,h09,5,Katrina,1215198398.2600467,5413572.112539812,1209784826.147507,1871193702.683018,363641.381368416,1.0,16869123.505445205,0.0,NONE,True,False,0.0,0.0,0.0,590465.5471533219,R0,False,True,363641.381368416,9193702.683017874,0.0,0.0,NONE,False,False,0.0,1862000000.0,aad08014b52d0d6e3ecb221fa6969937b722d96354a0edece1c3e655e2617775
E2A_CRACKERS_A080,LA-0190,190,0473e62cfcac9d4e684fa3a0a59959fb0898aac76cebad5adbbecd86af07a745,M2,A1_FINAL_NO_MEMORY_V1,certified,PASS,,,c6eb734c1cd42e6449907576d3a623101737db0856efb01c041a77cf3c08efd6,d72a9e421feb0b5837037e7147b3b6443e90b35569b29a808d8a2953c5becab3,0.5,0.8,19137905.85543848,4.0,1.0,1.0,1.0,1.0,f617d4dfafeccc80f634ad9e150cc02f6612c6c36bec1ca1edd6a5e0cd6d4d81,3,2,2,dfe087d73f7fef3fa7e776551170c33aa1a0d732909c7d9fd5cdc66255f91a0d,P2,1228869674.6166825,1228869674.6166825,10860374.228561288,2189421.149669046,0.0,13049795.378230333,h09,5,Katrina,1215819879.2384522,6088110.477208144,1209731768.761244,1817420576.9955792,54136767.06880715,1.0,16767599.550040584,0.0,NONE,True,False,0.0,0.0,0.0,0.0,NONE,False,False,0.0,9557344.06438629,0.0,97741251.47969577,R0,False,True,54136767.06880715,1807863232.9311929,e8e77f7ae01020d03e0d365476a1adce898d28c0a55cecdaec44c633649e3133
E2A_CRACKERS_A080,LA-0191,191,04a6cfc381e575596828fde088abd01bbb90a6f8e060f1baf34851f7bff52a71,M2,A1_FINAL_NO_MEMORY_V1,certified,PASS,,,4235d0b15d96b1c2b69d2e5b22d83833f80bf9cf7984e273e741e66b5c4b6de2,8a214aefcf013b3df7f045b85c8fbb40eefd0b76de68b9dccc31be94d6b09196,0.5,0.8,19137905.85543848,4.0,1.0,1.0,1.0,1.0,78837081c20bdf37b7a762c3e60ee01de82337ff9239e10ccf02e27135d2d2ba,3,2,2,74583b7c1d315e519854a7c80a722e4783af1482ec7fc67ca7097c274e375140,P4,1210667033.40115,1210667033.40115,0.0,4114294.8257106035,0.0,4114294.8257106035,h09,5,Katrina,1206552738.5754395,15023611.029727874,1191529127.5457115,1768864662.528196,113092681.53619038,1.0,0.0,12513734.265659066,R0,False,True,10400000.0,0.0,0.0,0.0,NONE,False,False,0.0,9557344.06438629,0.0,123564319.9780615,R0,False,True,102692681.53619038,1759307318.4638097,34348fa34881259ae25a6dff450b8a301688d6d2094996eef492894d11b4ac39
E2A_CRACKERS_A080,LA-0192,192,5c5bdef810f8771fd56289e99baab5fd72dfdf3cf610e4ddcdfbfdfedccf027a,M2,A1_FINAL_NO_MEMORY_V1,certified,PASS,,,ba8880184f2894c5cbf56a240bc87591b00fa02c3293997e096b59e40abcda29,b4024db6202683ba11f2dbc927b6d64267c102fa5c96d7dece4c0a940421ebed,0.5,0.8,19137905.85543848,4.0,1.0,1.0,1.0,1.0,2001feabe238dddf44b9d84f434f576a144be3efe5628fecd65ed7fa9f02433b,3,2,2,e3eb04e4c6716d56b3dbd44cb913772a587ee2cd869992a8b82c8ebc393c0fb5,P4,1239160311.541744,1239160311.541744,0.0,7614083.298081253,0.0,7614083.298081253,h09,5,Katrina,1231546228.2436628,11523822.557357226,1220022405.6863055,1844871059.616849,37086284.44753736,1.0,0.0,25415808.458680045,R0,False,True,10400000.0,0.0,0.0,0.0,NONE,False,False,0.0,9557344.06438629,0.0,65216682.1146598,R0,False,True,26686284.447537366,1835313715.5524626,80cb4fbdfe022ed9cc337d76ca2624fdda05aa25a16f6a8bd59b87c7d7ef825c
E2A_CRACKERS_A080,LA-0193,193,dbb94712d2a7aca8ed8533ed1a7a1b023bb5fd47b8e0863a834f8576151b0edf,M2,A1_FINAL_NO_MEMORY_V1,certified,PASS,,,d42cb3abcb9b3a50198b41ef9a20322c6d456d4628e72f5d29c74916a92aeed0,c55e32a6d90e7a98a8d479ae0a1b2c3a4e945ba363b684b505b1232721e89513,0.5,0.8,19137905.85543848,4.0,1.0,1.0,1.0,1.0,056a6a7070006ff3d1febbbe3189eb865c29eab293c5148a4f98569929ae9b8c,3,2,2,3138ba8190a01acb8058779a15987d1bf3c8be43ec8d415e18aaaad9a8c1a29c,P4,1225929656.1482756,1225929656.1482756,0.0,2347083.3472061334,0.0,2347083.3472061334,h09,5,Katrina,1223582572.8010695,16790822.508232344,1206791750.2928371,1748103498.2813056,133853845.78308089,1.0,0.0,0.0,NONE,False,False,0.0,10400000.0,0.0,0.0,NONE,False,False,0.0,9557344.06438629,0.0,221237112.90514356,R0,False,True,133853845.78308089,1728146154.2169192,f3d3d750a44765d3d36c0cd7be9f16aca5c74f76a9848cb8bd71a6e47d4f74db
E2A_CRACKERS_A080,LA-0194,194,ee1b34bb796dae0fff09e7d705c3288214fc78f0c947e0371bf56606f70ab6be,M2,A1_FINAL_NO_MEMORY_V1,certified,PASS,,,6fcda21be546b97f00ee1d5cd18898d4ea9cdef68a07b12b66682b5e3a4ce38f,c2aa8126e949d8b0fd644fc9d9b8167700db416068a44cb84b95e5c3b801f950,0.5,0.8,19137905.85543848,4.0,1.0,1.0,1.0,1.0,0b3aa5133ee567561103a9af10e49f60488075a11c3188d169e49dac18238106,3,2,2,212370e822eecb9031be35121cbe446b06435fa43debd10d0d132a4c0c516fd5,P4,1209372605.6121173,1209372605.6121173,0.0,3457587.7491117404,0.0,3457587.7491117404,h09,5,Katrina,1205915017.8630056,15680318.106326737,1190234699.7566788,1870842485.9829814,11114858.081404852,1.0,0.0,17291536.373631336,R0,False,True,10400000.0,0.0,0.0,1188557.1650573357,R0,False,True,714858.081404851,8842485.982981438,0.0,0.0,NONE,False,False,0.0,1862000000.0,ae9baf81f536b23777fd01ffbf64eb56414c906f8950600c7bcacbb07b74ae3d
E2A_CRACKERS_A080,LA-0195,195,f2613aced52600c65bc8cdd53750eff7573085e465ad10361232f8fac93ba787,M2,A1_FINAL_NO_MEMORY_V1,certified,PASS,,,66fb4a453cf1d92ca2756a038a44bf1a23ca6aa78bc68c5db1ec94d4a8586d88,79948f4895ba1fa345c8416ee50aec4353facbd4e9340d1c304478e02e821323,0.5,0.8,19137905.85543848,4.0,1.0,1.0,1.0,1.0,50ac10e477b2030fd7f32227932936e38da23eea0d4ec9bc7e14fd5e1808b520,3,2,2,9c1f15babd638924b0ba62b510ce932dd4374193a6191c68482a31e2211d364a,P4,1227230531.6421328,1227230531.6421328,0.0,11745593.371730208,0.0,11745593.371730208,h09,5,Katrina,1215484938.2704027,7392312.48370827,1208092625.7866943,1751573610.034019,130383734.03036736,1.0,0.0,0.0,NONE,False,False,0.0,10400000.0,0.0,0.0,NONE,False,False,0.0,9557344.06438629,0.0,250908286.55634165,R0,False,True,130383734.03036736,1731616265.9696326,96038a30fb0b70e4d7601a23cd598b84b415ec9d52412a0462f68ee51cbe23c1
E2A_CRACKERS_A080,LA-0196,196,ecca1844ab06c3365026ff85aeaba74e3706fb644552a123e50dd69343dc2045,M2,A1_FINAL_NO_MEMORY_V1,certified,PASS,,,920b05d459c5877ad20b46b82ea63d89b71a23afd5173bcc0f5c87b666fd4d06,506e353d69d52c36f085df6eca3b7d8cefc92f3d276a946760ca18ed2b4ab9eb,0.5,0.8,19137905.85543848,4.0,1.0,1.0,1.0,1.0,9af1f4b96d1ab1f10122dd35487a17f9091f70802f260a5a8001ac1582389cf5,3,2,2,78924edd99f693231a5fdc1c8b9d17121b41947122df1e81bfd4d188e9a92b95,P4,1179681496.6998324,1179681496.6998324,0.0,1875001.5659783147,0.0,1875001.5659783147,h09,5,Katrina,1177806495.1338542,17262904.289460164,1160543590.844394,1624735595.356521,257221748.70786545,1.0,0.0,0.0,NONE,False,False,0.0,10400000.0,0.0,0.0,NONE,False,False,0.0,9557344.06438629,0.0,349019595.1761549,R0,False,True,257221748.70786545,1604778251.2921345,2f510f72394c3818082f4d52e6eca9801091e9c5c264581ff49f51e78cd4bfac
E2A_CRACKERS_A080,LA-0197,197,b3c6834eaa541b9262f7238445c6b1ba82033509df39012d82f2863040ec0ecc,M2,A1_FINAL_NO_MEMORY_V1,certified,PASS,,,f2027bc59631bffc9fb9928151c313dc6478694d18b74f4db4f28b70097be686,bb16480a8921089b106035c7b3bb5f9156377d93d546adf4d7768bbcbc133237,0.5,0.8,19137905.85543848,4.0,1.0,1.0,1.0,1.0,51033aadd5b10621d5ccb604c064ae3ee4e5df896ec7ab726f83e8856baa9e06,3,2,2,1fe527fe269c3360fdfdc8c13b40f9a86235627ba640339bf86e5bc436c7cc47,P4,1219966389.5701478,1219966389.5701478,0.0,4792388.868109674,0.0,4792388.868109674,h09,5,Katrina,1215174000.702038,14345516.987328803,1200828483.7147093,1732196363.7899275,149760980.27445883,1.0,0.0,0.0,NONE,False,False,0.0,10400000.0,0.0,0.0,NONE,False,False,0.0,9557344.06438629,0.0,432793263.8548299,R0,False,True,149760980.27445883,1712239019.725541,d4fc27a097652db4b8bd3bca2aa4f63798f4cb1a5507ea07c8907b9996502f2e
E2A_CRACKERS_A080,LA-0198,198,28d04d1396e976e176b3ad1ed972b6a74cc27bae42c442017a1ee4600c2bc65c,M2,A1_FINAL_NO_MEMORY_V1,certified,PASS,,,d3261d0984128720565b419eaf7ff99d58905e1fa704ea908a8fcdec23d50b40,a42d5ed7db326422c53fcb713037d121fb81cf89ff624da1d76646984613cd35,0.5,0.8,19137905.85543848,4.0,1.0,1.0,1.0,1.0,f30cf2063aac36b8d9ebbbfe36f0876679c96a1ffb23413ab70ba1fe273a90b9,3,2,2,8f64746fb98e8b3fb39888d7e0bb9f6526ba180d442a73e3686f330edae66957,P1,1224273524.7048018,1224273524.7048018,19137905.85543848,0.0,0.0,19137905.85543848,h09,5,Katrina,1205135618.8493633,0.0,1205135618.8493633,1871110179.987952,0.0,1.0,15098484.439235728,0.0,NONE,True,False,0.0,0.0,649182.6778680284,0.0,NONE,True,False,0.0,9110179.987952055,0.0,0.0,NONE,False,False,0.0,1862000000.0,72923462f891e52b51cc4673a83d3a2c0039d60856320dbb7fb97252738b50e1
E2A_CRACKERS_A080,LA-0199,199,d1c9720b2467c7b41bbb1bad91de73ac79a2817a1a0aec29b42ba803608c2733,M2,A1_FINAL_NO_MEMORY_V1,certified,PASS,,,c9c915f6d204f7aa38ad75a8dfad8e1196efec0211fdf96597ae94c74ff34bb5,a2f7c21a24fda9a125e053c28c3a0adeabcb70baaa981f8ec413e62f213a9915,0.5,0.8,19137905.85543848,4.0,1.0,1.0,1.0,1.0,7555ff2b04f4485d4f5aff498e9a976c8ca7af42af2a201c1982a4a3e41862da,3,2,2,1ba65b01ce4c68791cd5ea5f4e3b979ae20ac99c2529439a6e5b7b188bdea361,P4,1208978199.7226763,1208978199.7226763,0.0,2105708.3672989737,0.0,2105708.3672989737,h09,5,Katrina,1206872491.3553772,17032197.488139503,1189840293.8672378,1880751347.619058,1205996.4453284098,1.0,0.0,0.0,NONE,False,False,0.0,10400000.0,0.0,3594015.7857666784,R0,False,True,1205996.4453284098,8351347.61905788,0.0,0.0,NONE,False,False,0.0,1862000000.0,0a78b9d7362d828cc5a09f8d97a8677cabc6a24df724786195ba0a36a382dc90
E2A_CRACKERS_A080,LA-0200,200,f2534f7fe860fe08da03ba5287d920a0459e5fbf1e54cb66a0bfbb1664b672a9,M2,A1_FINAL_NO_MEMORY_V1,certified,PASS,,,31b9dac11192464c66074d6629f77c4b6207030984d8eeefcfa8eedb373de1e0,9cc88aa870f72168ef82e889db0b003042f63d241c23409a1e75261ac7a01992,0.5,0.8,19137905.85543848,4.0,1.0,1.0,1.0,1.0,067cf1844706758b63c2a640cccf968b9ef12086a93b7177b475788ff185a414,3,2,2,d5f2c29ae7a0ea03807745f5f7d934cbbc9d9a939edb1b5230901d1b1fba3e92,P4,1210165290.462493,1210165290.462493,0.0,8174363.987067105,0.0,8174363.987067105,h09,5,Katrina,1201990926.4754257,10963541.868371371,1191027384.6070542,1767526253.0674164,114431090.99696992,1.0,0.0,20393898.041668374,R0,False,True,10400000.0,0.0,0.0,0.0,NONE,False,False,0.0,9557344.06438629,0.0,203999948.36112782,R0,False,True,104031090.99696992,1757968909.00303,84a2793c8a89dd85ae662de8fc2308ae78602c1a2c560a7ade0546d289e81edb
E2A_CRACKERS_A080,LA-0201,201,8ecfcdba737c4ffbbf85bddf5eec30ec72a3ee53522bd9225c7d7adbd2912825,M2,A1_FINAL_NO_MEMORY_V1,certified,PASS,,,ae11933b22245e0d6ec4058df3d2dace0acffc88b2b7c84fb8c6b6e5cef22b7d,31124c186d1ad625d636539bbf0e2c85f0c16078bf6b84d807ddf102d8ef88cc,0.5,0.8,19137905.85543848,4.0,1.0,1.0,1.0,1.0,e6ca5c22f3189f2db02d71b00fca42dde760f0e0833c99e8c6d5903446483151,3,2,2,258e3ea230aaecdbe22fb44317929d2de320400b79b5f06fc23d018ee889122c,P4,1224344964.3651104,1224344964.3651104,0.0,4365230.030802737,0.0,4365230.030802737,h09,5,Katrina,1219979734.3343077,14772675.82463574,1205207058.509672,1743876300.8230116,138081043.24137473,1.0,0.0,0.0,NONE,False,False,0.0,10400000.0,0.0,0.0,NONE,False,False,0.0,9557344.06438629,0.0,334799012.4133439,R0,False,True,138081043.24137473,1723918956.7586253,a10c677542f7886b31dce0480217084da1e1d24b61b127b2a665a5b11541007f
E2A_CRACKERS_A080,LA-0202,202,84052096e398a045e260837ad8a1eaba88a7c1f75a94b2ae2b14a6c0b6895cd7,M2,A1_FINAL_NO_MEMORY_V1,certified,PASS,,,72220488232e6f672102f1576b6e858e2bdcded55876a403303a90a6fd45ef51,5c9ed3f6232d110b4fee11f020c6bbee75c346f2d21f263665c303257d84a622,0.5,0.8,19137905.85543848,4.0,1.0,1.0,1.0,1.0,55a220ec5422b8bba2c437ba3b669cb4c1ddff95dd378c6727884b8937a417c6,3,2,2,5e71dee2a2245ea3708e464697f67748bcb9c88d91d38703de506dd374dc66ff,P4,1209512217.1403656,1209512217.1403656,0.0,10128884.97238702,0.0,10128884.97238702,h09,5,Katrina,1199383332.1679785,9009020.883051457,1190374311.2849271,1765784166.7407856,116173177.32360086,1.0,0.0,19490602.02578449,R0,False,True,10399999.999999998,1.862645149230957e-09,0.0,0.0,NONE,False,False,0.0,9557344.06438629,0.0,198229125.40548432,R0,False,True,105773177.32360086,1756226822.6763992,09fab2db273afad1fef4f2ad2a51b925780145fd5ac570bc9c6840d2f4f0dd60
E2A_CRACKERS_A080,LA-0203,203,75f52792602025983e1e240022e273feaa2e8955ea59a2b5528dbaf6a94c34b2,M2,A1_FINAL_NO_MEMORY_V1,certified,PASS,,,970fb3206ae12f29f68ec2024f45c3d0f0c1b3342532ec961bc23e978bf49650,f10e104aa77b55c9bbcf2de21643dafa55d99a661cc1c58195e0863387e6fe24,0.5,0.8,19137905.85543848,4.0,1.0,1.0,1.0,1.0,53d0c8698a69c601aa37c879962bab7a68c69d2ff2fd3e93afdc9cb31faae21f,3,2,2,3447d0a40252381aa12fa876401579607f10552d7ca13aec3aba587adf729d80,P4,1219200052.5521383,1219200052.5521383,0.0,8316447.928828317,0.0,8316447.928828317,h09,5,Katrina,1210883604.62331,10821457.92661016,1200062146.6966999,1730152144.2583184,151805199.8060679,1.0,0.0,0.0,NONE,False,False,0.0,10400000.0,0.0,0.0,NONE,False,False,0.0,9557344.06438629,0.0,179045989.4005783,R0,False,True,151805199.8060679,1710194800.193932,caba2cb7123c3a981ec2cf82b4b232bf1762b1674bd729166f6663ff2a0497eb
E2A_CRACKERS_A080,LA-0204,204,68bacba53fe9875039b1d3566104bf08443258df24c10e3efe45f99707de2509,M2,A1_FINAL_NO_MEMORY_V1,certified,PASS,,,4139134b6e8042885f1ee4807d9711ee683491def587788d3922a5baa5bf4aa9,f72b2261c47afbbd16275c5c71cf20620dbea026328c5b8a5992d5422f85a09b,0.5,0.8,19137905.85543848,4.0,1.0,1.0,1.0,1.0,cf060748d117e7c7fc23eafd8a6610730cf8b3a9b1ad27ed89c6b3d6cdec2832,3,2,2,ff85c9b8ac78e3d965a72784fe9b849e3d4515abdcd1b41d6a3751a59dcad203,P4,1183179391.2434928,1183179391.2434928,0.0,4202774.582882513,0.0,4202774.582882513,h09,5,Katrina,1178976616.6606104,14935131.272555966,1164041485.3880544,1695540819.8114417,186416524.25294477,1.0,0.0,22246717.03566498,R0,False,True,10400000.0,0.0,0.0,0.0,NONE,False,False,0.0,9557344.06438629,0.0,376518250.8323581,R0,False,True,176016524.25294477,1685983475.7470553,f42eb73013a79d3ecf520077f0c47b0c066c895758ff7c745650bd3e0ea052c8
E2A_CRACKERS_A080,LA-0205,205,23884bb8c90f192c69fd9bf16e5ebb5435e6ef34e9ccca458cad5799c9599c75,M2,A1_FINAL_NO_MEMORY_V1,certified,PASS,,,0ee236486deef86f2a14512271310f0036c375161f18da0da9f947ee3d337825,c763180599e9d4cc67606fbf7025803b10dfad8ff6a770a6cb94a45968c57c04,0.5,0.8,19137905.85543848,4.0,1.0,1.0,1.0,1.0,7f1a0cda6f6da81f1afdf317293ec7e7354b8585bc2239b538231f9642db6989,3,2,2,ba3aaf7c3a862a4d9deebd61eacc4c3773a79d49f5b7346fa42b0612ec76db1d,P4,1220218410.0448766,1220218410.0448766,0.0,5712529.0330890715,632229.0877382029,6344758.120827274,h09,5,Katrina,1213873651.9240494,12793147.734611204,1201080504.189438,1880953277.2382407,1004066.826145451,1.0,0.0,0.0,NONE,False,False,0.0,10400000.0,0.0,1958806.5876235897,R1,False,True,1004066.826145451,8553277.238240838,0.0,0.0,NONE,False,False,0.0,1862000000.0,2684c2869a46e8f084ede622000e766708019ab4b5c9280333f2ff925ba12b16
E2A_CRACKERS_A080,LA-0206,206,9184c594f2b02431e1496a521621bbbbb00b8d592886ccc1a42cce343c9031c1,M2,A1_FINAL_NO_MEMORY_V1,certified,PASS,,,3688844ba3de4b1d8fbb0533673d9026b65a03851e31ea32e230c12a02bfaf19,4b5ec4ec2776a126ff3993dae7988865a49ab880a57a9a98449174f84efc37ba,0.5,0.8,19137905.85543848,4.0,1.0,1.0,1.0,1.0,2e595dcb67c37e9cc1c4c90a8b0a7ceff2269b10fbe5d9fe0b3b3ae0fbb2170f,3,2,2,a7fad3b7d1aea39b20e2b0cbc662bf55a2b4e8a54deb4d1f04c6c611bed15dd2,P1,1231823279.210701,1231823279.210701,19137905.855438434,0.0,0.0,19137905.855438434,h09,5,Katrina,1212685373.3552625,0.0,1212685373.3552625,1871245810.8176787,0.0,0.9999999999999977,17727948.762413334,0.0,NONE,True,False,0.0,0.0,531042.8303290313,0.0,NONE,True,False,0.0,9245810.817678615,0.0,0.0,NONE,False,False,0.0,1862000000.0,be7c940ba8ab2daa0fa52c7e64457f8660cb2e65af2f5fe713285b5eb1ba65cc
E2A_CRACKERS_A080,LA-0207,207,f7596145dc855b8f83857ff3b76d0149c9a793c0608518405bfeeb8bd5d1a283,M2,A1_FINAL_NO_MEMORY_V1,certified,PASS,,,51dbc7179f854043f759726e0a5d07d166133ee6069c9c5da64ae7246178216b,e06005d596691b950f9044b472030393017e14979420e4067be89a62ec71c0c3,0.5,0.8,19137905.85543848,4.0,1.0,1.0,1.0,1.0,4a52537cd67be11ae58312bb4bb13f9ed5721b26aea7e0ecf8107467639eedea,3,2,2,487f1888bde149cb2415fd5a35216d5eda2e3aa2d784b7c5d408567d128d7ee0,P4,1237282953.5976288,1237282953.5976288,0.0,7223231.265325602,1324029.8622390777,8547261.12756468,h09,5,Katrina,1228735692.4700642,10590644.727873798,1218145047.7421904,1778388649.394604,103568694.66978244,1.0,0.0,0.0,NONE,False,False,0.0,10400000.0,0.0,0.0,NONE,False,False,0.0,9557344.06438629,0.0,226416764.39259818,R1,False,True,103568694.66978244,1758431305.3302176,e9baa8b53db95fa019ceb7a5dd67fbde33e394ef0c46f3fdfceec115ac2d9541
E2A_CRACKERS_A080,LA-0208,208,86f8dee9613183fc59f97a4e65221bcd624a99be001735564d47f13ecd95937f,M2,A1_FINAL_NO_MEMORY_V1,oracle_failure,FAIL,oracle_failure,Full exact certification was incomplete,99f29ae47974f94b95a75102c196e152ffacf14bc68c181a06334c94f39e4c9d,dec12963c7a12301e3f98b03d002fe2ada265a57f4a46e74e6882f26ca6dc659,0.5,0.8,19137905.85543848,4.0,1.0,1.0,1.0,1.0,d4812ea22a86ef6d1b01c5805ff2db9b694923457a32121f05169cc255161b1b,3,2,1,,,,,,,,,,,,,,,,,,,,,,,,,,,,,,,,,,,,,,,2e6ffba5881583ab9690cacf7d67cdb2e905e154397b79d7848f0be3cdffbf4b
E2A_CRACKERS_A080,LA-0209,209,e526c4d8714286be126cc93233722f4436728e28184cffcf1aac0e4be1e06064,M2,A1_FINAL_NO_MEMORY_V1,certified,PASS,,,031cfaef226eedaa8c49a38a51e43a2798a1c4b7ea767fe434edef8beaf154e6,0514734ce500a466f089d760501ee101f91cb9b98fe53cbcc0d0febb899981b7,0.5,0.8,19137905.85543848,4.0,1.0,1.0,1.0,1.0,cd050d6b43098b9744ae0d5907a44ed58ccd087cdadd7822bea66e9d35b26b5b,6,2,2,584834001d91f532f84564da9217e568b258c34e310cae8c04cf8c6c24acb543,P1,1224983749.0385365,1224983749.0385365,19137905.85543848,0.0,0.0,19137905.85543848,h09,5,Katrina,1205845843.183098,0.0,1205845843.183098,1871122939.1201332,0.0,1.0,15312136.609108755,0.0,NONE,True,False,0.0,0.0,639583.4471225538,0.0,NONE,True,False,0.0,9122939.120133266,0.0,0.0,NONE,False,False,0.0,1862000000.0,5aebecb675ddd9dbce08b3707ed18160164e42cfad5c16635148400e085a6f52
E2A_CRACKERS_A080,LA-0210,210,83c2596975cd51e628c363b9d0b1e44c3d23dbe6c6d62c564575a741a19cda06,M2,A1_FINAL_NO_MEMORY_V1,certified,PASS,,,64c5ce5bbdd9cadd1226258bf05934a28dcbf6876b25b854d8652e3a94638945,f48f8cfaf55e84f26d72c8009449073afe4b4739c3dac8db111db81e9e1ba80d,0.5,0.8,19137905.85543848,4.0,1.0,1.0,1.0,1.0,c22b411ef8ea0659cbd79459be1fefe7c71d441e71ed6898edde682e558439ff,3,2,2,eb136167fd7f9c4cc5facb409755e94da0e7a4a2b6dcc79ce7de87a401ce5ee9,P4,1204571857.0773478,1204571857.0773478,0.0,3495294.4628120675,0.0,3495294.4628120675,h09,5,Katrina,1201076562.6145356,15642611.39262641,1185433951.221909,1880455683.5088973,1501660.5554889934,1.0,0.0,393991.8052000757,R0,False,True,227073.25698563352,10172926.743014367,0.0,2211519.5654862965,R0,False,True,1274587.2985033598,8282756.76588293,0.0,0.0,NONE,False,False,0.0,1862000000.0,b72c5e14ed7da7038c732e386b399cea335e955eefb229e237c90d9bbaf4f1a4
E2A_CRACKERS_A080,LA-0211,211,92d6db19e1caa7d5151d909586e63316a48805f07be2e71a5fecf25ca6e04c62,M2,A1_FINAL_NO_MEMORY_V1,certified,PASS,,,5a97efc2292a1a212039c7bd596cc9698dea1a4c783248edf5a21a411f186c61,23180f73294022f1796e9f64a9bf262efe8c084a8d660f835c6472c6ab32a9fb,0.5,0.8,19137905.85543848,4.0,1.0,1.0,1.0,1.0,f99ea7815a19fbe1dc2da1fedfa771817b325c5c001a490f560eeff1f1bfbba1,3,2,2,c4305e199a3aec6d0d847743d0db9f51f8a99a6b2dcba1b53b4f709a16801427,P4,1203937479.6045265,1203937479.6045265,0.0,6759139.299459563,1272314.505910944,8031453.805370507,h09,5,Katrina,1195906025.799156,11106452.050067972,1184799573.749088,1689438921.5000715,192518422.56431475,1.0,0.0,0.0,NONE,False,False,0.0,10400000.0,0.0,0.0,NONE,False,False,0.0,9557344.06438629,0.0,245884131.43743905,R1,False,True,192518422.56431475,1669481577.4356852,6c10c00c0a7b675b2e8417df2dec0306f272da93d5fd129677d17a7f4675d29d
E2A_CRACKERS_A080,LA-0212,212,8896fa619231c76be7c870b5bd6b196c4740fc6e25a8f3c6f1bf214cddd7f732,M2,A1_FINAL_NO_MEMORY_V1,certified,PASS,,,f66ca7d1fabeff0a85f7b3bef297281d6e06ca35709bcbedb8af51157de0c067,93f35f1e84eb3adba5f19c03f444e783a70c8a2dac09ff877804d95afec76b3f,0.5,0.8,19137905.85543848,4.0,1.0,1.0,1.0,1.0,667b8f3442bfcc2201eb9396643220f23534ab7ee65b47d8595c94d4b0eea909,3,2,2,188c42161969592cfe985e36ee17f421e05f23da0dc20718b3418228e3dd908f,P4,1205166052.7842877,1205166052.7842877,0.0,2057084.1740157618,0.0,2057084.1740157618,h09,5,Katrina,1203108968.610272,17080821.681422718,1186028146.9288492,1754190685.2104883,127766658.85389817,1.0,0.0,18804852.935954582,R0,False,True,10399999.999999998,1.862645149230957e-09,0.0,0.0,NONE,False,False,0.0,9557344.06438629,0.0,212217573.01268336,R0,False,True,117366658.85389817,1744633341.146102,a6284960cf71007649727ad43e22491cc9b6abc8b889b6601865a2b07df63ef3
E2A_CRACKERS_A080,LA-0213,213,ae1e170a5cf218e07ea93f50a6e5e3bc19ad858f758a5e43880d2eb9b8f17537,M2,A1_FINAL_NO_MEMORY_V1,certified,PASS,,,b113594a09de97c758ec8ed726704698e243b8aa699a472dd4485d27144c1445,8fa15c992caacc80b1243533a4bdd76ec8877524a1037b539a81fe8c31209ef8,0.5,0.8,19137905.85543848,4.0,1.0,1.0,1.0,1.0,9eda883e1038edaccd01787d0c4d87d542ed3a7362419899fc73c5f2bfcaf5f1,3,2,2,ca2c484c1211bb745aa95c633b58e2a25e12a9e8b5171f3b48606e249b81f792,P4,1230521564.5506852,1230521564.5506852,0.0,8688267.895068854,0.0,8688267.895068854,h09,5,Katrina,1221833296.6556163,10449637.960369622,1211383658.6952467,1760352507.0371995,121604837.02718681,1.0,0.0,0.0,NONE,False,False,0.0,10400000.0,0.0,0.0,NONE,False,False,0.0,9557344.06438629,0.0,188881630.698522,R0,False,True,121604837.02718681,1740395162.9728131,78ae5826e81c2df26630e7ffc21e6573586b5ab0077386b8a488769cb14b4cba
E2A_CRACKERS_A080,LA-0214,214,9efce6e2880d1e62f9f9070735f458410132cd0efd7181e5ae450433b6048b6a,M2,A1_FINAL_NO_MEMORY_V1,certified,PASS,,,2f90d9ac273c02e888a687721d4bb2f9df92661a3a9bf186a346bc61a7884f9c,c9f9772bf2fdec9a29d11282a530be86571c5682524ef68991bc05be6529376e,0.5,0.8,19137905.85543848,4.0,1.0,1.0,1.0,1.0,395e17cf146c421bde3d3d4ce80f10c94679b291fe3fc8c23ba0f29cd39ad6d4,3,2,2,688db500d356a6973d366561b3863e910c732ee5444a2a348aa23a52a8ade7ff,P4,1231717601.5820162,1231717601.5820162,0.0,6923578.911058146,2226653.74132785,9150232.652385995,h09,5,Katrina,1222567368.9296303,9987673.203052483,1212579695.7265778,1763542960.065718,118414383.99866849,1.0,0.0,0.0,NONE,False,False,0.0,10400000.0,0.0,0.0,NONE,False,False,0.0,9557344.06438629,0.0,174915468.74880093,R1,False,True,118414383.99866849,1743585616.0013316,6895980030db436886a7e8b8a96071c995ff37f930fea1414dee23d97f824b92
E2A_CRACKERS_A080,LA-0215,215,3c19dfe670aa6e691fcff3daec1b632b01af2e3c05e95ca411e0df62a87ea30d,M2,A1_FINAL_NO_MEMORY_V1,certified,PASS,,,59a82b2f3d0e779199e1bb5f928c402e745a95df01ad7d911b396cf3ea810e2c,ac7f23ea723905070d759c2ef700d66d26fd40045a98a0a85082434d7698205e,0.5,0.8,19137905.85543848,4.0,1.0,1.0,1.0,1.0,e7b3c3bc2ba8dd80b7fd5ecf33515ef9d2d79832354bfb30c737224cdd6ea981,3,2,2,06efb50e07738d2fc767318f9ede40cfcc83e76bea46cab764192c1a2ee25d16,P4,1234345741.5900526,1234345741.5900526,0.0,5614649.6116569955,0.0,5614649.6116569955,h09,5,Katrina,1228731091.9783957,13523256.243781483,1215207835.7346141,1832028096.6641934,49929247.40019289,1.0,0.0,33907410.290091015,R0,False,True,10400000.0,0.0,0.0,0.0,NONE,False,False,0.0,9557344.06438629,0.0,128878308.65931286,R0,False,True,39529247.40019289,1822470752.599807,68e4fad252d2e5d95fb7146d6159f8919cd023850b9bca7d4b905e62585989e3
E2A_CRACKERS_A080,LA-0216,216,dbb498be1c3f008cc6fb508e6ceee41fe53337982ef2d1543830b70fdcd42b01,M2,A1_FINAL_NO_MEMORY_V1,certified,PASS,,,ea4555e216371f1f07c6771a73667e2362194b98cc744cf1b7deda88f94e0620,39569a34d675a2a68918da04198bb09d37a2cc2be29dab6f05dd4bbc6390583e,0.5,0.8,19137905.85543848,4.0,1.0,1.0,1.0,1.0,2e6fc4486bfc2da31636ace14228a1720e0234f9e5e6074e10832055e98d453e,3,2,2,468721b64da0b92ee724e497e49d8f382a020894a2c4d89997ed9c5d78ac977d,P4,1235031757.209995,1235031757.209995,0.0,5149644.220303088,0.0,5149644.220303088,h09,5,Katrina,1229882112.989692,13988261.635135388,1215893851.3545566,1833858057.2380905,48099286.826295935,1.0,0.0,19509434.498602815,R0,False,True,10400000.0,0.0,0.0,0.0,NONE,False,False,0.0,9557344.06438629,0.0,70720362.20977506,R0,False,True,37699286.826295935,1824300713.1737041,872f62a6002e09840073341b18a03e6cb5610578d5cec6ae9583d55f05206fcf
E2A_CRACKERS_A080,LA-0217,217,f9d410e023a2c1a6046f9072a31a748482f1f7416899506cb757e0779ebbac7d,M2,A1_FINAL_NO_MEMORY_V1,certified,PASS,,,6c66ab0c201b89741788dc22bdefcd33bf72c94d1f3496736ed328dd9bf30680,f06603a4c66a2cd441efeeae8c906502408f481c01deef99e8a168b7577f11a2,0.5,0.8,19137905.85543848,4.0,1.0,1.0,1.0,1.0,8ae9ea2ddb9afc3d4159a4f6a7fe2ba410617934150daea50213e4cc84719407,3,2,2,50abc3771632b4938bc76bba520dd1e19baaa0f61a763c9813b9aade313f6a15,P1,1221469526.39822,1221469526.39822,19137905.85543848,0.0,0.0,19137905.85543848,h09,5,Katrina,1202331620.5427816,0.0,1202331620.5427816,1871059806.3477793,0.0,1.0,14310171.680028029,0.0,NONE,True,False,0.0,0.0,684600.9751862044,0.0,NONE,True,False,0.0,9059806.347779203,0.0,0.0,NONE,False,False,0.0,1862000000.0,8bb43f951bf6e92cfe0f0f369ed3dd0a40ccca50745358720447cb4fec5d8326
E2A_CRACKERS_A080,LA-0218,218,fbdd04d57bbc0f2b162896c7c023e8273c6e35389e763e185b0d0f93d38db844,M2,A1_FINAL_NO_MEMORY_V1,certified,PASS,,,fc8b2be06f62484772b7e97186bddeaa5582f0e9b01c25585b8e88ac68313846,c187123fa22d7641c28faac3ee8f970c3e59d94dea84d00488cbc9f4360fbf53,0.5,0.8,19137905.85543848,4.0,1.0,1.0,1.0,1.0,a8555324590f2b5947a93f8ed6e16acef602fe8153861203fddccfc20b35a109,3,2,2,05267b6a1e110dad9d9deb6b659d9691bdba10e525880534df60f14ee2a63eb8,P4,1211583167.4507778,1211583167.4507778,0.0,6483030.609370776,0.0,6483030.609370776,h09,5,Katrina,1205100136.841407,12654875.2460677,1192445261.5953393,1880798145.6883326,1159198.376053807,1.0,0.0,0.0,NONE,False,False,0.0,10400000.0,0.0,1386104.3595103726,R0,False,True,1159198.376053807,8398145.688332483,0.0,0.0,NONE,False,False,0.0,1862000000.0,e437b094fd7e3de5967a9796a07a40216a99905cf6a0ced09fef8256438f2b7c
E2A_CRACKERS_A080,LA-0219,219,5bef757b1be3533cf676a85395ee0324314ac146193a8d3071a96ed0904cd65d,M2,A1_FINAL_NO_MEMORY_V1,certified,PASS,,,711bbb55f722a88a4d88cffadced9e89b3b285dda08660ca6c6b9c6c87310deb,49d0fdcffe995efa457218c2ab779bb012915075b87d3a6ba3312f6634b7ce6e,0.5,0.8,19137905.85543848,4.0,1.0,1.0,1.0,1.0,ee5e1afaaf81a5e24bc8b89b1eab24c102c9a2be185dd0d3094cd34c972e13de,3,2,2,6908df0d9ae771b0e1e1b918b6cb12ed017a629dd843b60e813e3fe92c993649,P4,1189316014.7628834,1189316014.7628834,0.0,1419089.8162455352,0.0,1419089.8162455352,h09,5,Katrina,1187896924.9466379,17718816.039192945,1170178108.907445,1711910387.4581294,170046956.60625687,1.0,0.0,14892190.585738482,R0,False,True,10400000.0,0.0,0.0,0.0,NONE,False,False,0.0,9557344.06438629,0.0,228605086.94360563,R0,False,True,159646956.60625687,1702353043.393743,f9255ef9f6e91221cd50666d5ed1eb90f0afdb1b02c5a983d703bef6e22c9908
E2A_CRACKERS_A080,LA-0220,220,244497016d8f27d5db6f7899ca9a66ccf62b69016ea3e49dc7ba93a709ba3973,M2,A1_FINAL_NO_MEMORY_V1,certified,PASS,,,4de7c1370b43f8a456cd7e0e0f39e0aea185e9d65da92f69204f98d3e27b0a40,fc5c49d89e95e73f43b93caf7b90e095aded5de30a489f843aad06edd8d1b2fe,0.5,0.8,19137905.85543848,4.0,1.0,1.0,1.0,1.0,7705e0f492e64aaf1cbb2b16d677e9fa855181d0571f3de1696c58617a46cce4,3,2,2,ce73788e5981af2ff10a0a172b3a1645bbf25403dbebc6aefc1e40864792ef33,P4,1222632015.524519,1222632015.524519,0.0,2534462.0516521465,0.0,2534462.0516521465,h09,5,Katrina,1220097553.4728668,16603443.803786332,1203494109.6690805,1739306975.063858,142650369.00052845,1.0,0.0,0.0,NONE,False,False,0.0,10400000.0,0.0,0.0,NONE,False,False,0.0,9557344.06438629,0.0,231321471.46376982,R0,False,True,142650369.00052845,1719349630.9994717,3eebf91e64a417831b78fbf47e0ae77a6ff61ab3736329ff79a77da99b49368b
E2A_CRACKERS_A080,LA-0221,221,2b7f0f9adcc4e5c60f04eb9202d3c271703e808e39e3c28423e9a43b14a88a6e,M2,A1_FINAL_NO_MEMORY_V1,certified,PASS,,,08e80ece7a41c106e83d227b7d5a75859a917aae2ea536b67819d1ed20d873b0,69fd10ccd4395eaf2fb6b1856da42a326abbded194ee99fbd4b88e337e09ed16,0.5,0.8,19137905.85543848,4.0,1.0,1.0,1.0,1.0,47899b20c6664d0bba5c138ad927c495dec8328c6b75877df0931d7763dad9e7,3,2,2,84efb43dea2fee6a7f6d754e7ce4e079b525bfb1370d93047f905e512d2a2f99,P4,1230319077.674871,1230319077.674871,0.0,4716747.686308239,0.0,4716747.686308239,h09,5,Katrina,1225602329.9885628,14421158.16913024,1211181171.8194325,1759812369.1909175,122144974.87346897,1.0,0.0,0.0,NONE,False,False,0.0,10400000.0,0.0,0.0,NONE,False,False,0.0,9557344.06438629,0.0,159683672.6858088,R0,False,True,122144974.87346897,1739855025.1265311,07cdd57a63ca0b1283edd1da6e1910184af24536b4f8a741fb915483c2946f0d
E2A_CRACKERS_A080,LA-0222,222,b4857d22595373a3c8a611d1ebdf1d18a9f544bc795d256727fccea25734b07a,M2,A1_FINAL_NO_MEMORY_V1,certified,PASS,,,a938f00d0a9cb804a4261dac61a281133ac456e8db0908470156c669ee5a31b4,cee470f70d814c0d6f1de0e6e54fddf475d34eadcee7ea9e1852944fa1e137bf,0.5,0.8,19137905.85543848,4.0,1.0,1.0,1.0,1.0,471909405bf56ff59e85a942bf246601f84ee9c942a8a8f10d948a5785e442fc,3,2,2,f8b0ad8e1c4ebe0353c13b6f2deb3993a745c258db4606b2cbaf9a2ab842da85,P4,1197951730.928874,1197951730.928874,0.0,7207901.688104792,1177955.324733458,8385857.01283825,h09,5,Katrina,1189565873.9160357,10752048.842600228,1178813825.0734353,1880553257.8519948,1404086.2123915497,1.0,0.0,0.0,NONE,False,False,0.0,10400000.0,0.0,2151157.081962004,R1,False,True,1404086.2123915497,8153257.85199474,0.0,0.0,NONE,False,False,0.0,1862000000.0,452421248461f4720013540284e7d565b7d72efcdad8bffb81df0b6a41564723
E2A_CRACKERS_A080,LA-0223,223,aa7445b5aef9746dda532765389b063f98842db71739dfc3334e1e0943417b11,M2,A1_FINAL_NO_MEMORY_V1,certified,PASS,,,c50f71b517cbb7c1d2e9d4fcbfe43d965ae3d1e7d51a783e7d52e794d7fe95d0,83323d7564d0e7faaa41f74d28f5434bb445dd93cba9fb42d3c3ce53650d6537,0.5,0.8,19137905.85543848,4.0,1.0,1.0,1.0,1.0,064ce63d72066a5dd1a32dde401ce19510d049681e802f31180e1b24cf79a166,3,2,2,e797fc40d58891130abb1ed644880246a7b2fd0f685279f14cf006b81039a62d,P4,1218695867.1863906,1218695867.1863906,0.0,3044221.3519405825,904675.9087552935,3948897.260695876,h09,5,Katrina,1214746969.9256947,15189008.594742602,1199557961.3309522,1880925924.858633,1031419.2057532043,1.0,0.0,0.0,NONE,False,False,0.0,10400000.0,0.0,1583999.057885118,R1,False,True,1031419.2057532043,8525924.858633086,0.0,0.0,NONE,False,False,0.0,1862000000.0,9b6f695d0a5a317fe41b5dc52845ae3fa3ce4953d69fc857c4d9c6695cef730d
E2A_CRACKERS_A080,LA-0224,224,ec7ba463fcc8875675b20bf2012612b7aee4f014952e4a882082e58cd770069d,M2,A1_FINAL_NO_MEMORY_V1,certified,PASS,,,b67d807a54d1224fbd286f5bfd3dd7eeca40a9c96244b46a778a102d08f97624,06b18efaf838b2aab78bea77117898debce74d79e1eaf423dfd63202911e3369,0.5,0.8,19137905.85543848,4.0,1.0,1.0,1.0,1.0,6048521c54229460dfa65a1e8a07753d1382a2690827d9d41c7687e5c1d4b0e9,3,2,2,dcc1e99019f76d0f3e35cd5cff96226e236c3e229a80855ff5f26d9a069b4192,P1,1226314675.6520805,1226314675.6520805,19137905.85543848,0.0,0.0,19137905.85543848,h09,5,Katrina,1207176769.796642,0.0,1207176769.796642,1871146849.126844,0.0,1.0,15729236.578657832,0.0,NONE,True,False,0.0,0.0,620843.4602831437,0.0,NONE,True,False,0.0,9146849.12684396,0.0,0.0,NONE,False,False,0.0,1862000000.0,981049bd4205edfa8fff128dd52e288d10af7f2c0587815fe356b21a8c102f65
E2A_CRACKERS_A080,LA-0225,225,32db4626f4583c27c0d2c73d99b4e2f234fdf139fc9c44a741e1fbffdc7408b3,M2,A1_FINAL_NO_MEMORY_V1,certified,PASS,,,dcd87d611f758199960fd24629f046f5b62225577422f826bd057c68f1087af5,f036d788ea48a58204e267eddbc93f1c90b75488eaa9323d10a3845e7544fca3,0.5,0.8,19137905.85543848,4.0,1.0,1.0,1.0,1.0,3c2895afcd92a21b087fbd836e26f5fc40e16e59901e41a968a774724f25e23c,3,2,2,156522fc90adb6e3903909b6cbc909569d59606ab23626211b521be8f1905f2a,P4,1227314690.6329393,1227314690.6329393,0.0,1395050.4877253396,0.0,1395050.4877253396,h09,5,Katrina,1225919640.145214,17742855.36771314,1208176784.7775009,1881080761.4396648,876582.6247214988,1.0,0.0,0.0,NONE,False,False,0.0,10400000.0,0.0,1341411.5462441307,R0,False,True,876582.6247214988,8680761.43966479,0.0,0.0,NONE,False,False,0.0,1862000000.0,656a02794a0f0f7b0a19a6f003c1124726a661c1baa3de085a940b3fc8e525ba
E2A_CRACKERS_A080,LA-0226,226,5db8c42897c778381794c8f901390f4c88266f301e22be8cb9b2f0e6799a6d25,M2,A1_FINAL_NO_MEMORY_V1,certified,PASS,,,31def594cb43f5e0c3f81615fa9587d515733ab943dc53c9bd763afa0e657090,d167cdb72d30cae6255f874a530c1ece2477cb03735d3fccec3ad432e11324db,0.5,0.8,19137905.85543848,4.0,1.0,1.0,1.0,1.0,7d06ee7017a44f5fa4b11a53047b717a0fb743836c7a1bdb0b9f8fbb12021d76,3,2,2,ec00670e026f3ba1703460110f3949db9e92414efcca54a03d03cdef4ced6b1f,P2,1231343639.6377041,1231343639.6377041,11399627.230902184,2435316.412685458,0.0,13834943.643587641,h09,5,Katrina,1217508695.9941165,5302962.211850836,1212205733.7822657,1871237194.1251485,320149.9392377979,1.0,17600165.556433816,0.0,NONE,True,False,0.0,0.0,0.0,598150.9883744641,R0,False,True,320149.9392377979,9237194.125148492,0.0,0.0,NONE,False,False,0.0,1862000000.0,0708d39547e30ef1cd2261b1b1f0f8f98e0b218619ade419167ea1eb592ab4a8
E2A_CRACKERS_A080,LA-0227,227,2a72832f6a49efaf3ad9c76999af9764709bbda0604b5532f5feeda06ac1bea8,M2,A1_FINAL_NO_MEMORY_V1,certified,PASS,,,f9f8edfe269766650772c85b6080bab395e6a7b9d3b044d0b3cdc96305f2d2f9,781cb534cc42fc7e8b3bdc5b9d8cb648be6c84a455ae8f6bc0786034d7b98fdb,0.5,0.8,19137905.85543848,4.0,1.0,1.0,1.0,1.0,ee2f5a0b982cd62eb3f3b6e58e7ea6482b96409558f9b92ac59ae8c7702f1e22,3,2,2,7169e9280a02020ea6ca9690f83de72647880e3419fc6510f5f68b2509a68572,P4,1222488098.49828,1222488098.49828,0.0,3858231.0332914544,0.0,3858231.0332914544,h09,5,Katrina,1218629867.4649887,15279674.822147023,1203350192.6428416,1800397593.3250644,81559750.73932199,1.0,0.0,12569061.820752302,R0,False,True,10399999.999999996,3.725290298461914e-09,0.0,0.0,NONE,False,False,0.0,9557344.06438629,0.0,86001087.13383293,R0,False,True,71159750.73932199,1790840249.260678,0eac0a5022bf9243c531548d595beb5422e3b473bb1f4d036c3baccff2fc8846
E2A_CRACKERS_A080,LA-0228,228,9a7cf482266b21d433ac9d5b4c7a3c408df6990466426254b045b477ff91c73c,M2,A1_FINAL_NO_MEMORY_V1,certified,PASS,,,5990a50dedc855e5324cfd386814c8ddd8d9c05b95f7707ca08ccf8c18754f85,179ae4fe648eb833aa95872fa2db912c160d2fcdcb6dde7e38e60010845e80c9,0.5,0.8,19137905.85543848,4.0,1.0,1.0,1.0,1.0,112c4a3ea6067523ad53d8895c412d6a9e66ab74dc9afd68d20309d6429611c7,3,2,2,3e7e511e6d5624190a97cde6b76fc98902df6f900bfa2ae9c277c43c43d83bc0,P4,1215218891.078079,1215218891.078079,0.0,9408038.002532888,0.0,9408038.002532888,h09,5,Katrina,1205810853.075546,9729867.85290559,1196080985.2226405,1781006835.161916,100950508.90247026,1.0,0.0,12883173.102809303,R0,False,True,10400000.0,0.0,0.0,0.0,NONE,False,False,0.0,9557344.06438629,0.0,112170950.07096146,R0,False,True,90550508.90247026,1771449491.0975296,4283a2d6da5545432ef2f24083444707f06232bc59ab2c05cb3deaa204f4ec83
E2A_CRACKERS_A080,LA-0229,229,8fe0b0a129a27ec3b9201d2b52a5a40b1581770750ada369214e69d9d2fa5500,M2,A1_FINAL_NO_MEMORY_V1,certified,PASS,,,a5116e4e0c34b7b3f51a8b5ab4b2ea5b4278f04280c4668077ea1d356e924849,a915052e012c06d1fe82be698c7cfb46deebf778ea69bb4d2778b84cfe012c1d,0.5,0.8,19137905.85543848,4.0,1.0,1.0,1.0,1.0,6675765a4ba49ce7ded226b9a3504128248feb7f296a6e7e52370f1c722c3a2c,3,2,2,0bf0a10c4a3f24438017b4d69b547cda263ba5d588a6fa6ac509fa7b66901bc2,P4,1211975904.7857907,1211975904.7857907,0.0,7490307.433105163,0.0,7490307.433105163,h09,5,Katrina,1204485597.3526855,11647598.422333311,1192837998.9303522,1710881583.635326,171075760.4290604,0.9999999999999998,0.0,0.0,NONE,False,False,0.0,10400000.0,0.0,0.0,NONE,False,False,0.0,9557344.06438629,0.0,267273072.93511498,R0,False,True,171075760.4290604,1690924239.5709395,1de52df688b51450b08641389a20ed287208a797a031b01934fc59759d03b95f
E2A_CRACKERS_A080,LA-0230,230,6722e072a7e54ba3bc9227e09b9f6e8e3d8d965f2aa22fe5f185f73ef262702f,M2,A1_FINAL_NO_MEMORY_V1,certified,PASS,,,298fa67dcacc410c04f16ed1baf15cbfac3fc14df3305d79da25540bc65f4f02,2349d7e6956df608b31a1183bc8c72cf2ec6bf6ed042b18a8e562d7472847b66,0.5,0.8,19137905.85543848,4.0,1.0,1.0,1.0,1.0,8290c7bbb044596e97345a8141076e151869210b6537f3b9864f549bf8400b3b,3,2,2,f0812e737fcbcc69ac27009840c7d2c689d446e91a35c00f5eb83afd2c889cf5,P4,1153281214.955219,1153281214.955219,0.0,998491.4998447846,0.0,998491.4998447846,h09,5,Katrina,1152282723.4553742,18139414.355593693,1134143309.0997806,1554312308.5857856,327645035.47860074,1.0,0.0,0.0,NONE,False,False,0.0,10400000.0,0.0,0.0,NONE,False,False,0.0,9557344.06438629,0.0,518056315.54713833,R0,False,True,327645035.47860074,1534354964.5213993,207913b99fa80f8c149149817a74d0601e91342c10988d3a8c2a1ec6ad1c5bdc
E2A_CRACKERS_A080,LA-0231,231,c19ae09cb55a3839287aec3371ba5d67a0a8141e47c80fb39f7629bea09a231e,M2,A1_FINAL_NO_MEMORY_V1,certified,PASS,,,5a47ce629bfa5b27c6ac9930f44c89d298a9243ab8e603502bc29efec42ce858,b4a8d14342238fdc94c7df2680e599d7735a1a84aa1919c0a823afb74b4bc3ae,0.5,0.8,19137905.85543848,4.0,1.0,1.0,1.0,1.0,cb6a0798208b24b809982b80349a4bd7dfab8e748cece30018fda0c76c3b4e10,3,2,2,0500172bea581c34245fb52c58e48b27491e9ea30107299114c6e498815f2111,P4,1228519390.2996926,1228519390.2996926,0.0,4564897.694355091,0.0,4564897.694355091,h09,5,Katrina,1223954492.6053376,14573008.161083385,1209381484.4442542,1816486186.4786408,65471157.58574558,1.0,0.0,23065274.498055216,R0,False,True,10400000.0,0.0,0.0,0.0,NONE,False,False,0.0,9557344.06438629,0.0,122137631.4077767,R0,False,True,55071157.58574558,1806928842.4142544,ef9589f9894fb6795e40dbca3f49403d5c8d5aa588c4be5b786f3524bf3281e3
E2A_CRACKERS_A080,LA-0232,232,7c6f707dc90b1b6f1a0ecba913cae8658b14029bd1c1dd9f235ed106786c2bd0,M2,A1_FINAL_NO_MEMORY_V1,certified,PASS,,,c1f651626d01abf883c35d4fa3d7ebf4d0769ceb01d997b697dc2247b92aad4d,e50b8f0afdd98051d97518e28d965c3121632b7abc8df194c862eab71128a19f,0.5,0.8,19137905.85543848,4.0,1.0,1.0,1.0,1.0,7a482c5c34eb037fdc456e43607c242fe5e9f2cbadf4af56cd386eb384ef1da6,3,2,2,6312432b9706a24efe0cbb8fb0b9e56f1b9b3d7547825b82d8cce0b059084ebb,P4,1208370973.0594308,1208370973.0594308,0.0,6059505.173059725,0.0,6059505.173059725,h09,5,Katrina,1202311467.8863711,13078400.682378752,1189233067.2039924,1762739875.0182757,119217469.04611064,1.0,0.0,13657827.478217945,R0,False,True,10400000.0,0.0,0.0,0.0,NONE,False,False,0.0,9557344.06438629,0.0,142904828.73539427,R0,False,True,108817469.04611064,1753182530.9538894,efc0c8cda4f00d12c5fde24fddfa273a9e1e9cf0c0b87d05f10191e78457f975
E2A_CRACKERS_A080,LA-0233,233,fadeb3e9ff215d9cb978aa304ce8f4e6030eff3b535dd9b7565b61ce8e62fbf3,M2,A1_FINAL_NO_MEMORY_V1,certified,PASS,,,cd6e0d17654e9b9d5e936d89c8a3b7a23740ab2c7520ef1729534f0597dd70c5,f810414002ef5677607745e8e015e1a7f8cbe5bf30a919c41b28f57f0d08fdf4,0.5,0.8,19137905.85543848,4.0,1.0,1.0,1.0,1.0,9cd50692b8bfe6b3bcc828d60bdb9d0b877c5c568d695c393237c59638a4bb8e,3,2,2,f2bb776c8b6980b9a1c05015055536ec92c2b276bbb092b5b19c9cb58a16ed7c,P4,1232156631.7494042,1232156631.7494042,0.0,8169220.942456219,0.0,8169220.942456219,h09,5,Katrina,1223987410.806948,10968684.912982259,1213018725.8939657,1826188601.7841024,55768742.280283876,1.0,0.0,21098930.911326442,R0,False,True,10400000.0,0.0,0.0,0.0,NONE,False,False,0.0,9557344.06438629,0.0,92041534.51014273,R0,False,True,45368742.280283876,1816631257.719716,d7963bc1c1eb497a2b8908f31a99ec792ca59d4165e85580647c394c3567cc60
E2A_CRACKERS_A080,LA-0234,234,8e316c08f7d87d64aec2e3e6f08cf315a53267d5c84dae77db84879e2cf7e9b1,M2,A1_FINAL_NO_MEMORY_V1,certified,PASS,,,32260816db9368c66127d60ecb909e1c40cd6236d89ece3bc1d742e56a56bb40,0c63e5162dd9e278c38e84a79eee7f585849abb4282224667332c8e42257f9b5,0.5,0.8,19137905.85543848,4.0,1.0,1.0,1.0,1.0,91c877b4d9ec1693d932ec94a47ef8d03a145fceeafad214725afaabdd538e1f,3,2,2,93cb0d5f2373660ebe62f5b9bbf946d62809eb8a10176f62be5a3c0c92edd08a,P4,1188303790.2823021,1188303790.2823021,0.0,3236332.9107935824,0.0,3236332.9107935824,h09,5,Katrina,1185067457.3715086,15901572.944644894,1169165884.4268637,1647735738.288845,234221605.77554137,1.0,0.0,0.0,NONE,False,False,0.0,10400000.0,0.0,0.0,NONE,False,False,0.0,9557344.06438629,0.0,652149065.9082102,R0,False,True,234221605.77554137,1627778394.2244587,c8bb1e83b1a474aae6c9a4aa7658ca96f269045ef6d27646ba54cd79595d2c84
E2A_CRACKERS_A080,LA-0235,235,45e98c81afa1f2024dacad5dbe95ff337089e8f5882cfa9c9cab69d4c02cbfd7,M2,A1_FINAL_NO_MEMORY_V1,certified,PASS,,,71a24e03a379458900fba99accc873e2880e847db9ff96fac53c7b7f5917e8b7,302ad8d8dd3b27e3d5e9f0bedf410934765fb25314d256bf3ea496811b1efcc9,0.5,0.8,19137905.85543848,4.0,1.0,1.0,1.0,1.0,7bfee825494537c0a3cb30c3e0c04d0ec54e66c02526282f1b86e3551d077696,3,2,2,ec4fc54a0c5af0aa62eb2a7a3fc0dfb7e46e904f3ebfdcffe7115e20b1107622,P4,1191933008.484025,1191933008.484025,0.0,1110046.7922008603,0.0,1110046.7922008603,h09,5,Katrina,1190822961.6918242,18027859.06323762,1172795102.6285865,1657416751.417641,224540592.64674547,1.0,0.0,0.0,NONE,False,False,0.0,10400000.0,0.0,0.0,NONE,False,False,0.0,9557344.06438629,0.0,593008768.4347476,R0,False,True,224540592.64674547,1637459407.3532546,4411c007ef323a20429f1966a47ba5acd6be971daf8f2a1ff686b4b892f2b49f
E2A_CRACKERS_A080,LA-0236,236,7e019841ec52d8a83157a12ba9adb5a0b8cc4a41916aeeb09586b9fec714a77f,M2,A1_FINAL_NO_MEMORY_V1,certified,PASS,,,a0c2d1dc13b1417b740c0316f1636b1dadf178ffd496a08abccc60c07870d3df,9f6b63efc4c091736a14361d3cb97139570104dfd1eaff6659965b31ec656400,0.5,0.8,19137905.85543848,4.0,1.0,1.0,1.0,1.0,ff9d0c86e06e84b086f871640fb9f2ac13e07f741c3e3fbf1a1fa925592f2ad6,3,2,2,5c7f48ba3e954b29dd385049db75f0a301013b6d53a7f125546c22228b7cf6ee,P4,1204626473.6383934,1204626473.6383934,0.0,7172083.896343822,0.0,7172083.896343822,h09,5,Katrina,1197454389.7420497,11965821.959094657,1185488567.782955,1691276827.0534933,190680517.01089314,1.0,0.0,0.0,NONE,False,False,0.0,10400000.0,0.0,0.0,NONE,False,False,0.0,9557344.06438629,0.0,230870902.00079873,R0,False,True,190680517.01089314,1671319482.989107,fcea79099f4051cce3e2a8c1b234267304cd28fff4c3b8223713ecf8f2fc42fd
E2A_CRACKERS_A080,LA-0237,237,1b9d17016cb75ff947174012309ba745452f8e70311d2a2fd1630e3fe2239b96,M2,A1_FINAL_NO_MEMORY_V1,certified,PASS,,,633f2dfc853b4ecfd68f2a3758a9dcf776f385e0d91e69c2056d8a3fe44bf669,7aaaf4a7455ecd96da55d5cf0151fabd56b596e494a278e33589c9ce9f025438,0.5,0.8,19137905.85543848,4.0,1.0,1.0,1.0,1.0,22cb22afb6b74608b550a04aa4e97dda9c53c6d7664e883409049b1873031ed3,3,2,2,d47ac46e1b2c6f12fa1f1fb03f21837543c05fb879cfe175bac63223eb04b860,P4,1223532563.4714236,1223532563.4714236,0.0,10242883.464512272,0.0,10242883.464512272,h09,5,Katrina,1213289680.0069113,8895022.390926206,1204394657.6159852,1741709204.9691737,140248139.09521273,1.0,0.0,0.0,NONE,False,False,0.0,10400000.0,0.0,0.0,NONE,False,False,0.0,9557344.06438629,0.0,225132408.96082243,R0,False,True,140248139.09521273,1721751860.9047873,b670aeb7f8ca566750de8ebc0a741b76b81b47b9c064e14dabbc77e6431ad66a
E2A_CRACKERS_A080,LA-0238,238,347fe1e04cd1b5e2826a2145f31f5f8e5b51650cfb5055ec15af3f7920b4d0f8,M2,A1_FINAL_NO_MEMORY_V1,certified,PASS,,,47e74c8b2789697d07efd52ddbb63d33d578e1794e777fffb80d0e26a45a1fb1,83a0d9a7e3a321ccc80ae10f65e8eaef7f5211997eb4cee53072eed13e7c9d6b,0.5,0.8,19137905.85543848,4.0,1.0,1.0,1.0,1.0,ad8d331aa7c25a9e68c0baa39b8ba2f4603d3bf02801b525d980094f0ba64d25,3,2,2,d82747d6984030f07cc835338645ab6ca251a1c41637500a5ac3bb8a978cd600,P4,1220360436.7352376,1220360436.7352376,0.0,7549595.437863291,0.0,7549595.437863291,h09,5,Katrina,1212810841.2973742,11588310.417575186,1201222530.8797991,1733247492.5913832,148709851.47300324,1.0,0.0,0.0,NONE,False,False,0.0,10400000.0,0.0,0.0,NONE,False,False,0.0,9557344.06438629,0.0,201942618.92996758,R0,False,True,148709851.47300324,1713290148.5269969,efe21f95b52d338b6bd03195c693928f87bef3ad3033948b76608148cec24c57
E2A_CRACKERS_A080,LA-0239,239,dd6f81b30c0ccd002fbeea466009b4c503517651964b11433f76f849d243c5e9,M2,A1_FINAL_NO_MEMORY_V1,certified,PASS,,,e49d64a7bb519804d6e5058698a06dfabb63112345729eab4f35bc4c43e9b5fc,662c2febf578e32b6942a7c07b69632f81b18093a226df472d797716f2560b11,0.5,0.8,19137905.85543848,4.0,1.0,1.0,1.0,1.0,b58fbe3d7e1e512d5d0d21ba59278b7dd92ae95e989db2e5243444ad299e05a3,3,2,2,907fb3e76bc61ea979eb3fff616115b9f85fae95dcab47aa13c4ba420be352b1,P4,1219016056.0277982,1219016056.0277982,0.0,5554763.658037748,0.0,5554763.658037748,h09,5,Katrina,1213461292.3697605,13583142.19740073,1199878150.1723597,1791135849.6458025,90821494.41858399,1.0,0.0,25768223.340685174,R0,False,True,10399999.999999996,1.862645149230957e-09,0.0,0.0,NONE,False,False,0.0,9557344.06438629,0.0,199261445.1509364,R0,False,True,80421494.41858399,1781578505.5814161,c3fbfc10d05653d535dacf22b667d748bfebef1bad73d1ca13d8c5f6ca51c0eb
E2A_CRACKERS_A080,LA-0240,240,456ab94e95f6c4c22089c52fc66aa76bff495fbe9e7b34fc46077478105cafdc,M2,A1_FINAL_NO_MEMORY_V1,certified,PASS,,,76eb0a22b34b912ae4a292ebad1a59be194b2f93768d9fa809423b2755c2446f,e84ffb7b5bed82e01557835a8f0e2520b83605ccc96cb3ff0db72eebef9c52a7,0.5,0.8,19137905.85543848,4.0,1.0,1.0,1.0,1.0,dfe0ad49c3d0c968de9c0fc78236dda3b398d71ad629b20fa4f68ba0b73dfabe,3,2,2,a1ceff32f905f062ac35d46155237b235192580753178ce32554d77f7d8b379e,P4,1174915473.3193264,1174915473.3193264,0.0,3889120.554400987,0.0,3889120.554400987,h09,5,Katrina,1171026352.7649255,15248785.30103749,1155777567.463888,1673496651.2130456,208460692.85134065,1.0,0.0,14427839.480618743,R0,False,True,10399999.999999993,7.450580596923828e-09,0.0,0.0,NONE,False,False,0.0,9557344.06438629,0.0,274768065.7576226,R0,False,True,198060692.85134065,1663939307.1486592,f2a1b18d2052ffc75ec2ab2a39dab1c38438ce61b5e23e89f984e3fb060220b8
E2A_CRACKERS_A080,LA-0241,241,2cf6628e1d5fa070cdf66ed0f55df7b7bfec99e19ed82e25bc4e19be4c5658ec,M2,A1_FINAL_NO_MEMORY_V1,certified,PASS,,,6f52a7be9430b83fe38154ffb7ce10baa56f15ea88f64e3a951d0f489c481c7c,57b10cffdda423a3b7c06a95e0983bd4d2982b3883d7735b70b1465c7f15cb7b,0.5,0.8,19137905.85543848,4.0,1.0,1.0,1.0,1.0,c58fa3f11c98191224ce10bc8ab24b8e2ce98b64be5a27852880b9a6691ba95f,7,2,2,46e068ef25b994df06065c0d0dd6529d79689d2d8e094dd541bfc491e96a656c,P1,1228660840.053436,1228660840.053436,19137905.85543848,0.0,0.0,19137905.85543848,h09,5,Katrina,1209522934.1979976,0.0,1209522934.1979976,1871188997.8118353,0.0,1.0,16522628.612714507,0.0,NONE,True,False,0.0,0.0,585196.9549794181,0.0,NONE,True,False,0.0,9188997.811835252,0.0,0.0,NONE,False,False,0.0,1862000000.0,b4e86cab1c83b90481f3175554ad01a2f251d428f1e6da067b524987b96018e2
E2A_CRACKERS_A080,LA-0242,242,1d6b1d95ad51ea5a0e204255eadb8d8f584be35a61144cb58e7670d50b244c22,M2,A1_FINAL_NO_MEMORY_V1,certified,PASS,,,4bfdb268a567dd60fb7528b6c9dc6de6a961b32b51182a3fa7bbc766670a54e1,acfea849af645bd715537c5cf178ba0c6c6afd86b938fa99f91368979d306ccb,0.5,0.8,19137905.85543848,4.0,1.0,1.0,1.0,1.0,aa719f10cb03b154fa0b6e16704b26c422a8dad3b4ab61373faabb302dead082,3,2,2,bbf3f54a816952713ce0c1a1347485c7d5bd9cbea58430f5ea4716e5b3813bb0,P1,1235134941.0863252,1235134941.0863252,19137905.85543843,0.0,0.0,19137905.85543843,h09,5,Katrina,1215997035.2308867,0.0,1215997035.2308867,1871305304.5995777,0.0,0.9999999999999974,19194231.836889897,0.0,NONE,True,False,0.0,0.0,465163.8384215346,0.0,NONE,True,False,0.0,9305304.599577583,0.0,0.0,NONE,False,False,0.0,1862000000.0,ff9686d31833e06a5d7a215d6e61acda9530953e9417363f3873ac657d51541d
E2A_CRACKERS_A080,LA-0243,243,bb5534151a5bfe970974910485c7885c830b0148d140d0d1e8e98c7988b70212,M2,A1_FINAL_NO_MEMORY_V1,certified,PASS,,,506f095c983335d8f9ba17e7a0e46dea179d29dce43fa0b76d06910b0748922a,db5cadd93453121d5451556e9e4d018aa7175baa1bdc664616bfc62228fcbccf,0.5,0.8,19137905.85543848,4.0,1.0,1.0,1.0,1.0,005500ac2fbe01ef33d44a8889a9e37f42783258186dd5f5a7c2fb47238ead84,3,2,2,1873dd4b1e2bd1cff3a123528c3c7cd6407f61456e8b7d34a552a0b7f2cbd6cd,P4,1219558792.8393934,1219558792.8393934,0.0,11085591.387133388,0.0,11085591.387133388,h09,5,Katrina,1208473201.45226,8052314.468305089,1200420886.983955,1731109091.2473688,150848252.8170176,1.0,0.0,0.0,NONE,False,False,0.0,10400000.0,0.0,0.0,NONE,False,False,0.0,9557344.06438629,0.0,257235924.07916537,R0,False,True,150848252.8170176,1711151747.1829824,1c3fbef45ce4a6479738c0c9c78303c78d14c877bf786cbc844a1054d2c55eea
E2A_CRACKERS_A080,LA-0244,244,d869b7279d23184e6902cf86beddffed885605a57341894b099de1ca586febd6,M2,A1_FINAL_NO_MEMORY_V1,certified,PASS,,,96f8636e5338e1f95e9e75ce4731c17a1cec8424b7966cde54d06945d398362a,acad7a17717002eb16dbb7ef89cadda2ea890df3b0e5651c1cd0a38046dbb200,0.5,0.8,19137905.85543848,4.0,1.0,1.0,1.0,1.0,3e79470a919cc007103a69c1c201e66b2b6e3e1593bae763b6afb518a2a2762b,3,2,2,93edf6a6f877525556c1b2a02fa5f48d4f4b0d5e6d40fd27b8d25d168e9b1f40,P4,1216124800.862711,1216124800.862711,0.0,8077560.29482953,0.0,8077560.29482953,h09,5,Katrina,1208047240.5678813,11060345.56060895,1196986895.0072725,1721948848.0317202,160008496.03266612,1.0,0.0,0.0,NONE,False,False,0.0,10400000.0,0.0,0.0,NONE,False,False,0.0,9557344.06438629,0.0,281183486.90505666,R0,False,True,160008496.03266612,1701991503.9673338,4407e522c3c0b0ede6925bee1eac28bd793af76170342dc2e84df017e24062c1
E2A_CRACKERS_A080,LA-0245,245,d2dc66b254479f2e6988759a0683da73e92a52123b92d44bad2554adbeeae137,M2,A1_FINAL_NO_MEMORY_V1,certified,PASS,,,4768dd19f119c08521294560a1c86a351234834a7d6a109d37ab3e54e6f6dc9c,c3f02e810d7a6b363a6457d8f920f4d183c23808af8ed130b387d33b36a77476,0.5,0.8,19137905.85543848,4.0,1.0,1.0,1.0,1.0,3a4050b75b045c3edbb5cdb13b99cb7673c56a3bde75a80249ee11efcda2f353,6,2,2,b9c5481b58cd9f5b1c01fe49b77b166ae19abc14d2adf2f3465bdbffe6fb012a,P1,1227065729.5747647,1227065729.5747647,19137905.85543848,0.0,0.0,19137905.85543848,h09,5,Katrina,1207927823.7193263,0.0,1207927823.7193263,1871160341.7598326,0.0,1.0,15974796.052820886,0.0,NONE,True,False,0.0,0.0,609810.6584369027,0.0,NONE,True,False,0.0,9160341.75983268,0.0,0.0,NONE,False,False,0.0,1862000000.0,dd31c4a8bed06e7b2362326dff1ab89b620e86f352e8d32184abdd626f7b09c4
E2A_CRACKERS_A080,LA-0246,246,1f3b2e2a3a67b00cf6c54720eb065550dd89a19e5ebcd6e7abef74b176a99d8b,M2,A1_FINAL_NO_MEMORY_V1,certified,PASS,,,d0b5618ebbb746b756adf437f0c883dc13a52010e17defe2e3aa8c4099bbc763,1d727fe50c4387da8623453cc8302b4a680b792be4bd5a9e8b369f3a248d7330,0.5,0.8,19137905.85543848,4.0,1.0,1.0,1.0,1.0,2eff7c597f693f1bd9c837fc3c857366f84a2fa451c825bdde40bf181f7aeb92,7,2,2,1bb6c9fc478411b952db2a62a50fd54bffa86892fe2c6e2e8bb1e492f9c7f161,P1,1228724673.9330823,1228724673.9330823,19137905.85543848,0.0,0.0,19137905.85543848,h09,5,Katrina,1209586768.0776439,0.0,1209586768.0776439,1871190144.5831711,0.0,1.0,16545335.026940418,0.0,NONE,True,False,0.0,0.0,584176.7729251643,0.0,NONE,True,False,0.0,9190144.583171241,0.0,0.0,NONE,False,False,0.0,1862000000.0,40f575979c2b394ed4778cfa89e14b6ead543bc9c85db5c9364efeacf19d2cf6
E2A_CRACKERS_A080,LA-0247,247,cafab4bb9591f96f74fbacb07c81aeae29172a9e9425babce8f3c2a4d7627bce,M2,A1_FINAL_NO_MEMORY_V1,certified,PASS,,,60aae3858678d5cbc313075f5ac0084afe65e56e409712699acffeaf7ad360cc,c23d0bf874215b9f5e84c788ad15962ec0dea8ce061a739afbed7bd4a4e49303,0.5,0.8,19137905.85543848,4.0,1.0,1.0,1.0,1.0,874ef3d41d9c3ef88c0b2137b6842796df320925f878636e345c184a27ae5160,3,2,2,66b049b71b8db90a9545c39e05e5c10bc4ed1f2db489dc9e19d33bf72b842933,P4,1226982406.7848396,1226982406.7848396,0.0,8498918.321757281,0.0,8498918.321757281,h09,5,Katrina,1218483488.4630823,10638987.533681197,1207844500.9294012,1750911731.9469159,131045612.11747047,1.0,0.0,0.0,NONE,False,False,0.0,10400000.0,0.0,0.0,NONE,False,False,0.0,9557344.06438629,0.0,243764841.17411003,R0,False,True,131045612.11747047,1730954387.8825295,fa21491259bce9776a5b3894c41fc04d44670cb2aea629fd783de78c35bd83f4
E2A_CRACKERS_A080,LA-0248,248,5307af164a6996b7fe150e6061a6fb611ca85e3861ec87d3eff546c5283a391a,M2,A1_FINAL_NO_MEMORY_V1,certified,PASS,,,ec9562aeafd4a1a5654aaa775db14e5d29058efa773159785654f8276f0144d0,2469159fc62277a817b326254a08306630f6fa4fc45346f59154fe6042acfd25,0.5,0.8,19137905.85543848,4.0,1.0,1.0,1.0,1.0,b53fcd596a05e7e656dc599d5ad0709d2d95e336223ff5e24f38fa38deae1869,6,2,2,b8cee6e06df01bcc4cd63035dd508765b465da93ac86eebbe79e7cd1a0c3f161,P1,1221280555.623522,1221280555.623522,19137905.85543848,0.0,0.0,19137905.85543848,h09,5,Katrina,1202142649.7680836,0.0,1202142649.7680836,1871056411.5005765,0.0,1.0,14259995.052117981,0.0,NONE,True,False,0.0,0.0,686855.3732090498,0.0,NONE,True,False,0.0,9056411.500576377,0.0,0.0,NONE,False,False,0.0,1862000000.0,92f5d957c34e222c97c3c9e01bd09e213a27a35ae12eb2577d0b75e03ef4a745
E2A_CRACKERS_A080,LA-0249,249,146da0e0e6aea1f7a59231966d2e650e4f12af806ffbc15f14ebeb711ae0f5d0,M2,A1_FINAL_NO_MEMORY_V1,certified,PASS,,,cd81df9ecf291010b90f2948a5ac38ba3264bde9a5e96d1870ec88bf98c15276,ee3a2e7ce817799fd6ea5e74d35335d6873f2f59e0b3a4b188c4629115bf3e51,0.5,0.8,19137905.85543848,4.0,1.0,1.0,1.0,1.0,7cee8fe5f1ac2a760e997ed34792a6d6b2b98db8fc59be6953e549b504e705a8,3,2,2,17787ad662ca47e15657f8ccb0eb2e5df04edb28d444125956af5667e5c997ea,P4,1205339150.3899312,1205339150.3899312,0.0,3861749.291494233,0.0,3861749.291494233,h09,5,Katrina,1201477401.098437,15276156.563944243,1186201244.5344927,1880408573.0110264,1548771.0533597916,0.9999999999999998,0.0,489607.92618313426,R0,False,True,290940.74690641736,10109059.253093584,0.0,2116732.339423815,R0,False,True,1257830.3064533742,8299513.757932915,0.0,0.0,NONE,False,False,0.0,1862000000.0,90f5941ad2f7a7d68ca62f03cd3208b779698018de86b28b451a44fbe7583643
E2A_CRACKERS_A080,LA-0250,250,19ca0510839167604cd01166b5b065367759e25f27e437fcbafe9de56384a30c,M2,A1_FINAL_NO_MEMORY_V1,certified,PASS,,,984c019389a53860e813b83bc29997d45538da275c7a8b8b938341f7b8ed454d,d2b2e14bc3b40ecdba8f194c5772a64868cbb0153abd644ebad3c60f0d8c6ddb,0.5,0.8,19137905.85543848,4.0,1.0,1.0,1.0,1.0,6bb4019b8a37a9b933efbbc179740b046df441cfc19aa012b37c27c33ea911f9,3,2,2,0ed51442313b38b87a5f5d2eabcb9f7edabb4d475e64386d64534aa21ce231ee,P4,1222224983.918922,1222224983.918922,0.0,12307529.033638256,0.0,12307529.033638256,h09,5,Katrina,1209917454.8852837,6830376.821800223,1203087078.0634835,1738221210.0041137,143736134.06027257,1.0,0.0,0.0,NONE,False,False,0.0,10400000.0,0.0,0.0,NONE,False,False,0.0,9557344.06438629,0.0,403435126.52160215,R0,False,True,143736134.06027257,1718263865.9397273,036ea97c75fdc6805031af1df0b64213c54499ce19f0ccd69305fd93a04480d6
E2A_CRACKERS_A080,LA-0251,251,347e956fe65cc2b94ea2a0fc4a245738795104572a19188d39eee4a3d1c98ad2,M2,A1_FINAL_NO_MEMORY_V1,certified,PASS,,,db54250fc7622d7294650f08f66f594107c194a2b47eb2e1410f3322f15d1942,fea1fc4d271c381559b98290e83cfe07699dce307f3eb58bc15e4b1a84f6a1a7,0.5,0.8,19137905.85543848,4.0,1.0,1.0,1.0,1.0,f2ec1c18ca9ef27885e256327f77816b00947ddcc82b41bc9a1b9d5da486239b,3,2,2,8e6079c1be4560b4f2707ad3f39b37d7385faa6b98fb69fef91474d52216e478,P1,1221653928.8668115,1221653928.8668115,19137905.85543848,0.0,0.0,19137905.85543848,h09,5,Katrina,1202516023.011373,0.0,1202516023.011373,1871063119.1256714,0.0,1.0,14359476.888880685,0.0,NONE,True,False,0.0,0.0,682385.729363933,0.0,NONE,True,False,0.0,9063119.125671402,0.0,0.0,NONE,False,False,0.0,1862000000.0,dce65e805281d4e83811db100528ac1f4a81ddc91ac619f87a8500b4fdfecbcf
E2A_CRACKERS_A080,LA-0252,252,ebcbb6754023d7b2880c4a4e4a2478d6a78d4c0fd647ff136422e5364d6081e5,M2,A1_FINAL_NO_MEMORY_V1,certified,PASS,,,3abc82fd6912c36086f61fe04b17d26b9ca7df203a0ffb4d95a782c1588222d3,d3935446eb21e80a26e4b282c034d729f1fabaf5abceb87399c5323b62aaed73,0.5,0.8,19137905.85543848,4.0,1.0,1.0,1.0,1.0,be13180bb65124c44532453ace29fd6c1bb7998bf9e39c4d4ebc5f8016ce9102,3,2,2,4a942a2b026ee6e6bf97a9f6ee3541c93be189a914ac68632584f2f4d6848507,P4,1203460748.8822446,1203460748.8822446,0.0,7391994.292550103,0.0,7391994.292550103,h09,5,Katrina,1196068754.5896945,11745911.562888376,1184322843.026806,1688167232.633549,193790111.4308374,1.0,0.0,0.0,NONE,False,False,0.0,10400000.0,0.0,0.0,NONE,False,False,0.0,9557344.06438629,0.0,322511862.4135191,R0,False,True,193790111.4308374,1668209888.5691626,ff05af1ec700486249aefe0a4e2ec63137518d91b88e2880928dce2403e5a8ac
E2A_CRACKERS_A080,LA-0253,253,c28ffb0779ced402f5c1a0497803fa78e2290b15089b4f3801708b6d275028fe,M2,A1_FINAL_NO_MEMORY_V1,certified,PASS,,,56b30a86975b6554210e50a03edefe0ebe7f33f3adf38e2a10e5cd27436c1f5c,8e299531c2fb53e5584e2104046c1f2b1313a316ddfad2ddfeb64568b1a7e031,0.5,0.8,19137905.85543848,4.0,1.0,1.0,1.0,1.0,3789cec5b7d146ff237413e30e573db26e8dc505c6bca6fc9f123710f87ff8e7,3,2,2,64ff4adb2702c8693ea0771f7274fb655a56a05e16bef7995703da144587231e,P4,1208484257.1443372,1208484257.1443372,0.0,8909052.71012316,0.0,8909052.71012316,h09,5,Katrina,1199575204.434214,10228853.145315317,1189346351.2888987,1880742473.9740028,1214870.0903833671,1.0,0.0,0.0,NONE,False,False,0.0,10400000.0,0.0,1550512.4879937833,R0,False,True,1214870.0903833671,8342473.974002922,0.0,0.0,NONE,False,False,0.0,1862000000.0,42fb40fd7acd4e2ef0246908a084d33b7e088f0cdff4bdd366e927e53b70cebc
E2A_CRACKERS_A080,LA-0254,254,5da1dec2c596e9855c012803cd98509c640ded5f12af6f99383775e5def92055,M2,A1_FINAL_NO_MEMORY_V1,certified,PASS,,,825dd8c18e4655defae9f3e035d612a3b1e58d5558b83be252712e2b1f5945e1,d9e07ad287a8c945a6ef24a71fe760d8a7f876b7b85a47184f20591d45d1a10e,0.5,0.8,19137905.85543848,4.0,1.0,1.0,1.0,1.0,c3e362e3cc854dffae45e14077c16b74970769c52fc341663c46052b99175960,3,2,2,89fdefe548dd2b539ac7916023ae7995ad59a69a796a58e217172203f8755e1a,P4,1229703883.1588352,1229703883.1588352,0.0,1774722.6289950507,0.0,1774722.6289950507,h09,5,Katrina,1227929160.5298402,17363183.226443425,1210565977.3033967,1758171325.3474588,123786018.71692745,0.9999999999999998,0.0,0.0,NONE,False,False,0.0,10400000.0,0.0,0.0,NONE,False,False,0.0,9557344.06438629,0.0,191368492.0228248,R0,False,True,123786018.71692745,1738213981.2830725,1ac2fc4299f1eb8378aa6e5be6d24e271a4bfb3e3625e3587074c53e4deb0c66
E2A_CRACKERS_A080,LA-0255,255,af22707d33dcb01199c079b6c32714b728b7af2f1fe334d40e1bf8c1bb0fc457,M2,A1_FINAL_NO_MEMORY_V1,certified,PASS,,,09511033f7b48a70d69d7b4346bd569a609b5bd45e241ad89d15bed1ecacd595,27b7cda05e9350a76ce14be1ce27d0b4febb8062705412238f89b1fffe9933df,0.5,0.8,19137905.85543848,4.0,1.0,1.0,1.0,1.0,0cb2f23281d0160ae830db7a47b1ac9c3f233bf1f388d17881caef99a6965a7c,3,2,2,9df868189f12cfc0a372091579241f39ddff6e3b515da0ea9d9fa33af5675a9d,P1,1222983303.3276093,1222983303.3276093,19137905.85543848,0.0,0.0,19137905.85543848,h09,5,Katrina,1203845397.4721708,0.0,1203845397.4721708,1871087001.2480628,0.0,1.0,14725232.260278173,0.0,NONE,True,False,0.0,0.0,665952.6165688336,0.0,NONE,True,False,0.0,9087001.248062858,0.0,0.0,NONE,False,False,0.0,1862000000.0,c7577e7bed935e01203e27e785aa6fe91e995ee8a821298c5a4bd60cdbd2454f
E2A_CRACKERS_A080,LA-0256,256,5128bcece17cb3a18b6cd3de9cea9319781eb35b13a59ecbc186a3a22e80cc55,M2,A1_FINAL_NO_MEMORY_V1,oracle_failure,FAIL,oracle_failure,Full exact certification was incomplete,4fafc7f1bd634bea7bf0e58341258ebf62602c3be2adc7ca92a7b500a5d2cab0,110e320160b5bb4c3a9972fe66a48bc18516e9528acd5f80d53a19d24e371811,0.5,0.8,19137905.85543848,4.0,1.0,1.0,1.0,1.0,5af9b29ca9422dcead89608ad3385b6bb59059d8f5cf6521378d0eec51bd50db,3,2,1,,,,,,,,,,,,,,,,,,,,,,,,,,,,,,,,,,,,,,,61141a6c7977667fcd764fefd43412c708c64e415caa31f8e228aea011a120af
E2A_CRACKERS_A080,LA-0257,257,9dc6ebe22f7c60db98511c7a181c116d231c0ee5cffa2b07eb15f50a1c5333bd,M2,A1_FINAL_NO_MEMORY_V1,certified,PASS,,,cd4aa5d4bda4fc67a4724055aa6e8f75e14f91142f248560638a2261c0e7b1d2,475e71225bff24bbe70026764c685bedc5d95788ec23b16b25c0cadc9bd193d1,0.5,0.8,19137905.85543848,4.0,1.0,1.0,1.0,1.0,4a7fc7e997f6b43ac88c46d24a41c280c9a2782d7a38d49a90b5d25353f6d69e,3,2,2,a8063e2851329c866a78706e07a931d187e593b3e831dfc580338452d0ddcc04,P4,1220156723.30647,1220156723.30647,0.0,4698152.561317527,645316.9942102217,5343469.555527749,h09,5,Katrina,1214813253.7509422,13794436.29991073,1201018817.4510314,1880952169.040152,1005175.0242341034,1.0,0.0,0.0,NONE,False,False,0.0,10400000.0,0.0,1684571.1078068384,R1,False,True,1005175.0242341034,8552169.040152187,0.0,0.0,NONE,False,False,0.0,1862000000.0,56437095fa523cb7be136b135a97cf66d48fa32054515de8d4fd7639d383bb43
E2A_CRACKERS_A080,LA-0258,258,8076e9721a659a74df944c7f3513bfeefb1089acb1efc0ccefd86e56dfaeff6c,M2,A1_FINAL_NO_MEMORY_V1,certified,PASS,,,cb6957815623f798022577574deab29dbd99163391de4542d9702913e946b48d,b406e41707f870d921a750b84197270c0629f3a4dee4aa5c2820b62956e94157,0.5,0.8,19137905.85543848,4.0,1.0,1.0,1.0,1.0,4ba25fd2317d726a7d7b6c136bce2cc9839a90899ad07cd291bba3a2b6d04322,3,2,2,8c7ce2602ce239e8225bf6447b2c2df437bdf469bc89cd875ffec5f3fd37ba63,P4,1204901032.9690244,1204901032.9690244,0.0,6305702.285927083,0.0,6305702.285927083,h09,5,Katrina,1198595330.6830974,12832203.569511393,1185763127.113586,1753483739.480486,128473604.5839005,1.0,0.0,15108415.30025261,R0,False,True,10400000.0,0.0,0.0,0.0,NONE,False,False,0.0,9557344.06438629,0.0,171529332.1203249,R0,False,True,118073604.5839005,1743926395.4160995,2bff312d9775b722f205ac69fadb9d2f377ff46f212c89dbdb571c04e43f2879
E2A_CRACKERS_A080,LA-0259,259,b8b746d5fd3251850a6946a5dc62e955b7cda834c4bef659011599f4c9b2b648,M2,A1_FINAL_NO_MEMORY_V1,certified,PASS,,,3e5c38da590e2da66401de9c7704ee1f987ce78e35831f12c31d89123e600a4d,fa0416a50d6f20a6c40c184449f5abf14850c511076c8b519793ab3db19d7511,0.5,0.8,19137905.85543848,4.0,1.0,1.0,1.0,1.0,a5fe39e5df552f5e47464ec4d1ad4a725248fd62eae91acc81e2ee0e3eb49d21,3,2,2,62c02c64c15fa2cca4832b7b1f835c8f250b9b9b321efcf38eeb2655256a3c13,P4,1211532062.8865993,1211532062.8865993,0.0,6015827.107373331,0.0,6015827.107373331,h09,5,Katrina,1205516235.779226,13122078.748065148,1192394157.0311608,1869279929.5077593,12677414.5566271,1.0,0.0,420685.6342112121,R0,False,True,322453.1392994226,10077546.860700577,0.0,1394793.8641429408,R0,False,True,1069101.5418478881,8488242.522538401,0.0,14723997.197392423,R0,False,True,11285859.87547979,1850714140.1245203,edd3324f880c3526196589323a0ac40d259b8351e3be22dc641a31370b14d6e8
E2A_CRACKERS_A080,LA-0260,260,1af97b5528590fc86937e5ca622e565e8824964a3be9e077849f1bd84899efdb,M2,A1_FINAL_NO_MEMORY_V1,certified,PASS,,,aff11ca4a17ff9f5b2b2a392299098cf9ba8ddc175ccb78ae4967ac0dd1881c2,29545042f590684242a24165e4475aadc42c77233c208b1382327e361fd6f2ad,0.5,0.8,19137905.85543848,4.0,1.0,1.0,1.0,1.0,8cc5bd5902c11fde4963b911940af9cd0fdaacdbbcfb111208fc9cbea846cb1f,3,2,2,bd63eff8cee36c4c92f19ec260e45bbf5b1bd69efe839661847db4bd0207cd04,P4,1226334229.76076,1226334229.76076,0.0,2759646.505054026,0.0,2759646.505054026,h09,5,Katrina,1223574583.255706,16378259.350384451,1207196323.9053216,1749182706.594591,132774637.46979554,1.0,0.0,0.0,NONE,False,False,0.0,10400000.0,0.0,0.0,NONE,False,False,0.0,9557344.06438629,0.0,190384346.3787763,R0,False,True,132774637.46979554,1729225362.5302045,f0fc72bef846d06e63be3aae3b32573667de64b871fa130094d16345b06e121b
E2A_CRACKERS_A080,LA-0261,261,bb07020453fe8e94583bdc6e37cedeaac09e9f3c9e1d2be8b1e90ae84e0ca878,M2,A1_FINAL_NO_MEMORY_V1,certified,PASS,,,4eac7f5aee9f9fbb47ab80487aab02c324fbca70215dd343ba3fdac9667e4ae2,67aaa49a5f799bdfc370ccc016ea58cb4ec1b497b1321fded62acc5c2592b1ad,0.5,0.8,19137905.85543848,4.0,1.0,1.0,1.0,1.0,2751f775f30218964787ba117c6154a18fd75b75a6096f54d06000abc011a04d,3,2,2,fab5aeab26bcc14aac34c600b1c66dcdee2db27cd852f85f5d12c57e4e0b582e,P2,1229467807.8359265,1229467807.8359265,10913269.083930172,2449303.2800230845,0.0,13362572.363953257,h09,5,Katrina,1216105235.4719732,5775333.491485222,1210329901.980488,1819016109.4839597,52541234.58042674,1.0,16849265.221445378,0.0,NONE,True,False,0.0,1.862645149230957e-09,0.0,0.0,NONE,False,False,0.0,9557344.06438629,0.0,88787671.52936278,R0,False,True,52541234.58042674,1809458765.4195733,2acfa48e5f37de9957fb88d5aa391fa0dd86b1724da5ef56dbf3d3cd63fff9e0
E2A_CRACKERS_A080,LA-0262,262,54821f79bc5e458dbcb70e3d353177c5b5a6b2bd8cf3c4ddf416d187cf4dc141,M2,A1_FINAL_NO_MEMORY_V1,certified,PASS,,,8395aca0472c8e9a6e7652f55461785cae584222a568e5663c380f59cc727ad8,daeb4eca80d82c8d1d36d0c32e6db5f06330aff5783d0b4193d57db546146c0b,0.5,0.8,19137905.85543848,4.0,1.0,1.0,1.0,1.0,6cc20dfb44176a8552865b7dcbd9e3b6c21d6c9224339dd490e31e8613cbd9c9,3,2,2,8a409f3640226d2aa4486c1ad94fdaedcdad034b93c29953761cc808c7a9d390,P1,1221919960.582495,1221919960.582495,19137905.85543848,0.0,0.0,19137905.85543848,h09,5,Katrina,1202782054.7270565,0.0,1202782054.7270565,1871067898.3674736,0.0,1.0,14431209.622018488,0.0,NONE,True,False,0.0,0.0,679162.8318019633,0.0,NONE,True,False,0.0,9067898.367473707,0.0,0.0,NONE,False,False,0.0,1862000000.0,e5a7dac1fbb8b93af5099c6f21ded6842e925d15a3b9ea0022683fafa8e7a907
E2A_CRACKERS_A080,LA-0263,263,48965136489a77f4d7c57cd0a107a4d1c0934b07cceb9d015aa5db8c3e0b22aa,M2,A1_FINAL_NO_MEMORY_V1,certified,PASS,,,7af5e3ffe0f0830554c53762a85757520e28e843f2d204e70bd77c710aad0876,b5e8f70ff46fbdac5c639d8a5c3f687d5f846424f10846ce87929c1821b50b79,0.5,0.8,19137905.85543848,4.0,1.0,1.0,1.0,1.0,5c1262838322aac7fddab2e97b5b4b03c8adb161310d04f3bd624c3a115fb3fe,3,2,2,895ed37f3e7692ba02b9db79c928e45078c921523c7f717e3ef65abb221c10c5,P4,1204444647.5754464,1204444647.5754464,0.0,9522966.474599125,0.0,9522966.474599125,h09,5,Katrina,1194921681.1008472,9614939.380839353,1185306741.720008,1752266322.1907458,129691021.87364063,1.0,0.0,20908775.36014651,R0,False,True,10400000.0,0.0,0.0,0.0,NONE,False,False,0.0,9557344.06438629,0.0,239829728.7344496,R0,False,True,119291021.87364063,1742708978.1263595,f8e39f4d7473cdc555405d3ab964276bedc7e9d0d49be2b21c8fc757bd222ca0
E2A_CRACKERS_A080,LA-0264,264,5aa36faf5fe506bc2db165aef309bafd7c3e93967ba7c755fc8b07dba4087865,M2,A1_FINAL_NO_MEMORY_V1,certified,PASS,,,3ed6a67f8bf52ac4122b8735d50d1e9f8597ada6958d6bea66bf93d5126b1b41,7fcafc90589bfb21de8fcab841ea26721de81a390444f4e1ab637be950526910,0.5,0.8,19137905.85543848,4.0,1.0,1.0,1.0,1.0,6fac1763dc3c1774195ad9404fd3c17103cc881283563dacd5df9c0b89f50add,3,2,2,e45ea5c7564dc481275e8fc9c9b177b927ca02d8e137933613622ea4fc173684,P4,1223141602.9290018,1223141602.9290018,0.0,7829804.6088629225,0.0,7829804.6088629225,h09,5,Katrina,1215311798.320139,11308101.246575557,1204003697.0735633,1740666309.7962599,141291034.26812646,1.0,0.0,0.0,NONE,False,False,0.0,10400000.0,0.0,0.0,NONE,False,False,0.0,9557344.06438629,0.0,200387478.50951865,R0,False,True,141291034.26812646,1720708965.7318735,6d9f93ddaf816de98b12b114a134f11d0b10ce6d57cc658c50ec7b89d51bb070
E2A_CRACKERS_A080,LA-0265,265,862d03ad8b7eb2495cdfce8f0a74e4edca9fbfdc9da2e9dfecdfdb8c20c43b16,M2,A1_FINAL_NO_MEMORY_V1,certified,PASS,,,5b8ad0925107358bc45799c3cc06047caa6ac6d4d10e63b4ee63d2de8d78808e,062e0ac66bcd04bab490c2213a2e664d825b0d2b274ff93c1e1946a9e37e6d89,0.5,0.8,19137905.85543848,4.0,1.0,1.0,1.0,1.0,85f014b35c1edfd1c81f46ad3e1c9feea73b64220acb04756abeecf8c7374c6c,3,2,2,8c86d307424641ae69eb8657269c5c5586ba6e3da81b72bd8c21ca0c075cce8d,P4,1233490449.153621,1233490449.153621,0.0,6173772.713014041,0.0,6173772.713014041,h09,5,Katrina,1227316676.4406068,12964133.142424436,1214352543.2981825,1768272066.9041855,113685277.16020086,1.0,0.0,0.0,NONE,False,False,0.0,10400000.0,0.0,0.0,NONE,False,False,0.0,9557344.06438629,0.0,222031886.7501203,R0,False,True,113685277.16020086,1748314722.8397992,b57a5e05363d58199b13203bda8c48639ae47e510fe6a488f842ca69277b43db
E2A_CRACKERS_A080,LA-0266,266,eab26d7ebf4c5345cb3622197d28a1aedea07a1f2294362c05938c5a511198f7,M2,A1_FINAL_NO_MEMORY_V1,certified,PASS,,,dc016d223a67ac20b81dde1e4fa34315f1788b07654baf0a94af5df501fcacfc,b6242f1e19c216bfb53987e7a3ffef2332d26a1d6a38938a60b8cf3d9ba71f44,0.5,0.8,19137905.85543848,4.0,1.0,1.0,1.0,1.0,a7129082e5195542324e7623517b8d01615a32826ed571fa8383c634e17c9257,3,2,2,4fce6f5dd3dea5f230c868a93770ea573c5eb3b37097bc36340b33b87d63a48c,P4,1181826527.8987134,1181826527.8987134,0.0,2307390.236913167,0.0,2307390.236913167,h09,5,Katrina,1179519137.6618001,16830515.61852531,1162688622.0432749,1870347622.5575466,11609721.506839676,1.0,0.0,17200295.366992086,R0,False,True,10400000.0,0.0,0.0,2000727.61821588,R0,False,True,1209721.5068396751,8347622.557546615,0.0,0.0,NONE,False,False,0.0,1862000000.0,b49b233351c69169aeaa19599813e5130a84af0513879ff518f01086058e23b7
E2A_CRACKERS_A080,LA-0267,267,6eae671f5585cb18e3e7c982f8cc203ebda7a751b2b05ca40208762b7e981b65,M2,A1_FINAL_NO_MEMORY_V1,certified,PASS,,,9a3668858d9ff1ddf583a38844f90ddc75938c34ad03d54783f0a15e9f9b1736,4c4780998842ec4cec15aadc2d48cb9224a110b7f2905f348636db89394aeea3,0.5,0.8,19137905.85543848,4.0,1.0,1.0,1.0,1.0,24145360b6e58c6da124b983a2a91979035f4ce7066952e475c908c9696fe613,3,2,2,620cdcdea225b6a75a4e7eb227026b4207f1a07d0ba6dd0b98c634c9ed9f4369,P4,1195332935.9303405,1195332935.9303405,0.0,5280213.595195696,0.0,5280213.595195696,h09,5,Katrina,1190052722.3351448,13857692.260242783,1176195030.074902,1727960646.6542914,153996697.41009492,1.0,0.0,17134720.413222045,R0,False,True,10400000.0,0.0,0.0,0.0,NONE,False,False,0.0,9557344.06438629,0.0,236585505.9984637,R0,False,True,143596697.41009492,1718403302.589905,aaca6461852b064729be866d279afee494a06f0ef6b373c78cf644deba2b0d78
E2A_CRACKERS_A080,LA-0268,268,074b7731a42c2cd981411c89954570f913a3b46b63deacef6774fd61ccbe4819,M2,A1_FINAL_NO_MEMORY_V1,certified,PASS,,,35c826eb69085eda143c2acd2b56f49d854cc662265ecf62a96dcae54a2a8177,d641cdec4b1ac325ff4b45f418a52f0c525d64beca32f1298a6bbfd67dfeb31d,0.5,0.8,19137905.85543848,4.0,1.0,1.0,1.0,1.0,2f71b01965b34754d433c9448428fa0aad72a4e080ad1d26c0ac064f7f17e6c8,3,2,2,b3d206996f204879552c76cd85245badcf2033608ab4aa7956a10dd92c50661f,P1,1222267620.4113657,1222267620.4113657,19137905.85543848,0.0,0.0,19137905.85543848,h09,5,Katrina,1203129714.5559273,0.0,1203129714.5559273,1871074144.0528157,0.0,1.0,14526039.914371157,0.0,NONE,True,False,0.0,0.0,674902.1783365898,0.0,NONE,True,False,0.0,9074144.052815594,0.0,0.0,NONE,False,False,0.0,1862000000.0,083740d19e241a6aa70cd02c0b1b8e64e099af15f966496054f0c28a5fe84a2c
E2A_CRACKERS_A080,LA-0269,269,5fb884c2bccd04f62a96123efe36e4e4a5b59a4222d7158ec0e4b92a770a7605,M2,A1_FINAL_NO_MEMORY_V1,certified,PASS,,,9ca552ab342766677af714806d7045f621ba7dc994a6b853e47ae04507fe54af,555910f97b905d7adbd416186bf7335f8132df6fb9a297770fdf02af0f2a2844,0.5,0.8,19137905.85543848,4.0,1.0,1.0,1.0,1.0,646f0e10904f33493bf28230d0cd83f469f971e0570bd041e35df2468a5a10f5,3,2,2,d9436521c53efb267d8da8ac115783886ea1a53a88bd4199fa86f7a13bbd7da3,P4,1218034167.1316845,1218034167.1316845,0.0,10671968.376546094,0.0,10671968.376546094,h09,5,Katrina,1207362198.7551384,8465937.478892382,1198896261.276246,1788516641.1094344,93440702.95495194,1.0,0.0,18464789.23631977,R0,False,True,10400000.0,0.0,0.0,0.0,NONE,False,False,0.0,9557344.06438629,0.0,147435488.2787523,R0,False,True,83040702.95495194,1778959297.045048,6205e59647c725722a213b422fbf85a6cd44ad7776e3be7d5577fee0b9cb6453
E2A_CRACKERS_A080,LA-0270,270,f76bdb11a90d1c3be166763110f448844a5fbdf90ca067cb1bd915a885c31dab,M2,A1_FINAL_NO_MEMORY_V1,certified,PASS,,,af96a82266a18c0f5f003acdd217b9d3fb0530511fe152fb17ce7c899aac95c1,e971df85a97e4a67dc98ce37d603f08bb5bc0d2dfc65f174dcd11291ebb9a5ee,0.5,0.8,19137905.85543848,4.0,1.0,1.0,1.0,1.0,7158ab086a477808a499172d5c75c6e18220c67bcb63e9273d984eb613aebb04,3,2,2,c99dced0b7fee3fddfb1cc107e015eb87f3167cffc448cb459a357da471102d5,P4,1220397779.541002,1220397779.541002,0.0,4805488.085513028,4370002.739034798,9175490.824547827,h09,5,Katrina,1211222288.7164543,9962415.030890651,1201259873.6855636,1871040552.4878838,10916791.576502493,1.0,0.0,11843849.191589188,R2,False,True,10400000.0,0.0,0.0,588538.6053441497,R2,False,True,516791.5765024933,9040552.487883797,0.0,0.0,NONE,False,False,0.0,1862000000.0,1e8988be839e0bc679fe215966613eda729a0cb4e92f69dbdb87e3d8a3354745
E2A_CRACKERS_A080,LA-0271,271,79d2cb046ece26ccc5350dfbd1328348ec31f81624fdbfe69cba00e4d822ea2e,M2,A1_FINAL_NO_MEMORY_V1,certified,PASS,,,e5570a7381e32b10c7728421453913bd07cca36fefcffc11be0a62a12a0c2cb2,48fe7792508bf3120f848785b16edcd4010fd13290b047317dc74432265f9af9,0.5,0.8,19137905.85543848,4.0,1.0,1.0,1.0,1.0,d592d885cee2cecafd88e3f24cb6f5db7bd32aea62dd83d87b4c0282c41f51fc,3,2,2,50b999dbb32feb330e0a74a1c12481d35aa429ec5f46d466ba30a8dd958e1ca5,P4,1216512218.9720478,1216512218.9720478,0.0,8019251.479114177,497030.3649979078,8516281.844112085,h09,5,Katrina,1207995937.1279356,10621624.011326395,1197374313.1166093,1722982293.692563,158975050.37182343,1.0,0.0,0.0,NONE,False,False,0.0,10400000.0,0.0,0.0,NONE,False,False,0.0,9557344.06438629,0.0,188865473.37527424,R1,False,True,158975050.37182343,1703024949.6281767,1354207abddf49ff88e8cfe8b81403b1afeaa7bd8696c58e7502dc9d6991e5c1
E2A_CRACKERS_A080,LA-0272,272,fc2b4890bd66f8b7351daedf3e3b9c5ba4c9bc6879e49f3580a3e9610ba1c45c,M2,A1_FINAL_NO_MEMORY_V1,certified,PASS,,,8b3554cf33f138ac5a3c8dd200c88a4f060b467fe4a2be6fd321f9e7228082f9,2144a0e6e90c8552c5f0191b3992f2cf97c4bf67c27eeb6cffd2ec08fc68fe1d,0.5,0.8,19137905.85543848,4.0,1.0,1.0,1.0,1.0,eedbd40eeb2689097d2d91d269faec4fdec4da8da88ef8a573450afd9bc297e7,3,2,2,9581183caa5196732c5f9edb978ea3b926871db5bffae27e68b7bc3badf4d963,P4,1223022691.825772,1223022691.825772,0.0,6077757.78614978,3874716.838443089,9952474.624592869,h09,5,Katrina,1213070217.2011793,9185431.23084561,1203884785.9703336,1740349112.0176916,141608232.04669467,1.0,0.0,0.0,NONE,False,False,0.0,10400000.0,0.0,0.0,NONE,False,False,0.0,9557344.06438629,0.0,171043846.67005062,R2,False,True,141608232.04669467,1720391767.9533052,e487d8ab3b1aa1901f50a30bd889e2a0c54461eb80653becf57b3a17fca2be09
E2A_CRACKERS_A080,LA-0273,273,6e3027e413984f86afddb8861f666c4f7f39e3f7b8fc8923bc2837cef8f6b96c,M2,A1_FINAL_NO_MEMORY_V1,oracle_failure,FAIL,oracle_failure,Full exact certification was incomplete,94f6e2188df63cad607ee4f2b95b0f6bc7e656314baa8cb725989ef08ee62403,0873eea3985d2fe53528db528e3c2c33e02ab5621c569e643550184d49f6a47e,0.5,0.8,19137905.85543848,4.0,1.0,1.0,1.0,1.0,1e3c90566475aaeead62be4f01fcbfc756701bc4e194f9dfbe86b9aad549753d,3,2,1,,,,,,,,,,,,,,,,,,,,,,,,,,,,,,,,,,,,,,,e8637bd28122a61c818b94b4359a612ae32efbd1de623a78e78615b7edb219b9
E2A_CRACKERS_A080,LA-0274,274,72e47053d3d43eff3113870b865c528ec5d4a597ac9794f41f912feeaf40401c,M2,A1_FINAL_NO_MEMORY_V1,certified,PASS,,,cfdc64210a4f533a9f38a087cc0d6912d28710e82c1e8c638727345d2dd5c339,04a7dc7e311dd2a5f86612ba3ed62a4da2d91f22dd5987bc40de0bad5f648afb,0.5,0.8,19137905.85543848,4.0,1.0,1.0,1.0,1.0,610e66d9610d5384cbe945720281c7e0c0bbcc103ce20f478c6221dbd3f4c771,3,2,2,d242d33145d842429ce6c1ce346a03011e777c65a0627ef42f32034d7cc25f0a,P4,1227596928.6379309,1227596928.6379309,0.0,3893079.9981235377,0.0,3893079.9981235377,h09,5,Katrina,1223703848.6398072,15244825.85731494,1208459022.7824924,1752550981.448333,129406362.61605342,1.0,0.0,0.0,NONE,False,False,0.0,10400000.0,0.0,0.0,NONE,False,False,0.0,9557344.06438629,0.0,180172677.9462426,R0,False,True,129406362.61605342,1732593637.3839467,2ccabdb779d5a727d057dcd8211a4d03135cd10682af62ee18bfad310b265815
E2A_CRACKERS_A080,LA-0275,275,a884f11b96f7f6cc30c5b0287f3a961347a0c8491c07a8f7b0c9618a06315c03,M2,A1_FINAL_NO_MEMORY_V1,certified,PASS,,,3aa8059a0843af52b37051dac0e65b9bf5884f87057d65fbd8eb73e2a008d293,843ad9fb323e7b04576ae801a96b4ee0ec65f34dba44de003149856d10a0e042,0.5,0.8,19137905.85543848,4.0,1.0,1.0,1.0,1.0,60a9ec8aded895803f79bfa63caba66c3d99f504c9afa73bb71b2e1c0a31a867,3,2,2,6aef9b47b33307a076ad3025f2a2e3411497e71e25d5ebb8065267bb6eddaae9,P4,1193762848.4255285,1193762848.4255285,0.0,8125303.17601562,0.0,8125303.17601562,h09,5,Katrina,1185637545.249513,11012602.679422857,1174624942.57009,1723772406.4045796,158184937.65980676,1.0,0.0,14512229.335542887,R0,False,True,10400000.0,0.0,0.0,0.0,NONE,False,False,0.0,9557344.06438629,0.0,206220087.27481002,R0,False,True,147784937.65980676,1714215062.3401933,c1427e74f5c163fae3404f054eb4bd6535508ac9b804a8d1b41562b3438dcb47
E2A_CRACKERS_A080,LA-0276,276,c51076246a9ff6b4d421612276c636df380dc5d215689c0303c11159f4565041,M2,A1_FINAL_NO_MEMORY_V1,certified,PASS,,,9a72cacb3b082ffc6bbe13ffe1aff45ec4b0de5bcdfa04e0978c857f035e445a,278bb160129728b2570d165d6d679564b16723de0f2442fa3112741540755642,0.5,0.8,19137905.85543848,4.0,1.0,1.0,1.0,1.0,76c8e452bdf7ddfa9c45b12f1ed0a458e3339d541c0b4e5bd928839c58d13a2f,3,2,2,d0aa21ec274689741de8a771a7788346df64ca39d756e9b78af036dcd71a0436,P1,1232895570.6462111,1232895570.6462111,19137905.85543848,0.0,0.0,19137905.85543848,h09,5,Katrina,1213757664.7907727,0.0,1213757664.7907727,1871265074.4608862,0.0,1.0,18177573.12441784,0.0,NONE,True,False,0.0,1.862645149230957e-09,510841.547083313,0.0,NONE,True,False,0.0,9265074.460886257,0.0,0.0,NONE,False,False,0.0,1862000000.0,7610bb1b53ae56bf44a661ddbb58dd297fc97befc2c5e01dcc89cfa9c35b565b
E2A_CRACKERS_A080,LA-0277,277,fa6eb16a7926409595db7724d5f79014deb47ae928eb2c85046e98fd29b980ee,M2,A1_FINAL_NO_MEMORY_V1,certified,PASS,,,776421e810528bc9310e00546196c639f10697cfb930c113e1ee40aea9502fbc,c2dbb376d7e0c2195ff855f7384b6396b6a34976901fd0e6ab365668fd14694e,0.5,0.8,19137905.85543848,4.0,1.0,1.0,1.0,1.0,fccbf5a78d18025c344051c2135fb9c25a0678bf517bbb1e42277d6b4ef76ae0,3,2,2,dedebdf9453bf34aeda82650ac453badc1d1b629fa5011dba8b25b83a8647add,P4,1238647273.1707034,1238647273.1707034,0.0,5500255.132623275,0.0,5500255.132623275,h09,5,Katrina,1233147018.0380802,13637650.722815204,1219509367.315265,1843502519.361192,38454824.70319438,1.0,0.0,16999270.309167366,R0,False,True,10400000.0,0.0,0.0,0.0,NONE,False,False,0.0,9557344.06438629,0.0,45856879.673644945,R0,False,True,28054824.70319438,1833945175.2968056,1ba8e068058f0a6e335cde2781929d7bbcc003d29798a8bd7dcd109da8066110
E2A_CRACKERS_A080,LA-0278,278,8a9f5389b2d59254c37d2e9eac512e3b4d1d2b6c3c04e1a747a3d642668d13f6,M2,A1_FINAL_NO_MEMORY_V1,certified,PASS,,,d1e005ccbc5c4073e699f79603c4913dc956b4c7fed3869734b4d757db3489a6,d916aed0a781b119b44d046c9d2b2f251062d7ccb895cdf1c5596b75d3b6d95f,0.5,0.8,19137905.85543848,4.0,1.0,1.0,1.0,1.0,d3769cb28945a3f75684220ce5e11e68aa40e150c1bcfaaf1a136a49cae99d99,3,2,2,a3ce1978daa03f74aa96afc35e7fd957d40fa119c1231b9ece699fccfd945993,P4,1215561468.8613775,1215561468.8613775,0.0,8898848.15314229,828888.9605162347,9727737.113658525,h09,5,Katrina,1205833731.747719,9410168.741779953,1196423563.005939,1720446148.4976463,161511195.5667401,1.0,0.0,0.0,NONE,False,False,0.0,10400000.0,0.0,0.0,NONE,False,False,0.0,9557344.06438629,0.0,202288951.101019,R1,False,True,161511195.5667401,1700488804.43326,d38556dbd97b5652c0cfff26104886df00afaa58ca55e81d05918a7f405a97c2
E2A_CRACKERS_A080,LA-0279,279,884524026d868e658e8e6af549f40f34a635fc9067018f62e686a8103b0a5ece,M2,A1_FINAL_NO_MEMORY_V1,certified,PASS,,,55e15504ad51efe427cf629b109f688089daccc01340542be70aede19bb5cb82,bd91c3a8264f1374a6fe3eaa186ee045e7f8d9ea71b087afb621863ad7c3f509,0.5,0.8,19137905.85543848,4.0,1.0,1.0,1.0,1.0,cf1d7aa145141aa3d90de5dd42947c521ca7868b41df2c7edf0b3428044d4ebc,3,2,2,ff598740b799b2cd4b9b35441490141b7610bda8462091573e686fe7bcc9f48d,P4,1222574060.820696,1222574060.820696,0.0,2707430.123773041,0.0,2707430.123773041,h09,5,Katrina,1219866630.696923,16430475.731665436,1203436154.9652576,1800626899.562837,81330444.50154954,1.0,0.0,14875233.602169078,R0,False,True,10400000.0,0.0,0.0,0.0,NONE,False,False,0.0,9557344.06438629,0.0,101452589.56406142,R0,False,True,70930444.50154954,1791069555.4984505,d8aeb88dc685384289c221c0881e83e9293216c642f2725485a7e04ea2429cc9
E2A_CRACKERS_A080,LA-0280,280,a5dd025efc27aa6977a88147fa5579486a90dbcbc8f92b32d7ba46e5fb0e70db,M2,A1_FINAL_NO_MEMORY_V1,certified,PASS,,,2a05b935ee4e5e9f89db13239ae7c28e3127264f3fbbde90e39a17ee9ca4e823,3353358c22c4e9591cebcde77840b96f47941ad7815a66426b5f45ecc32d40d6,0.5,0.8,19137905.85543848,4.0,1.0,1.0,1.0,1.0,f5cf943bc1970814569e56351325bdb324668e6e13a9bd1355cb8e41aefe9294,3,2,2,b1a0ba695256b3d7723114d73bef4f350be2e4188237c25c0ab76e23f0ecfbad,P4,1207997210.349287,1207997210.349287,0.0,2264097.411205298,830899.863277864,3094997.274483162,h09,5,Katrina,1204902213.0748038,16042908.580955315,1188859304.4938486,1880733724.2112288,1223619.853157333,1.0,0.0,0.0,NONE,False,False,0.0,10400000.0,0.0,1782045.1296542827,R1,False,True,1223619.853157333,8333724.2112289565,0.0,0.0,NONE,False,False,0.0,1862000000.0,4144b5fd76b95522797494119dfa18a0e2cb4df16ce8f2e538d54f3134e8c289
E2A_CRACKERS_A080,LA-0281,281,be62759edebfecf2c4d7118c8ad4f87ebda453d6226d0ca6f89bf45e590b70a6,M2,A1_FINAL_NO_MEMORY_V1,certified,PASS,,,d2dc4ff9dce574e3a0c2967ba10d1f29aa69f78dfc94fa926d9c1308b2b0158f,da887a15c148528792a99460cf7b0fa0ada5c4ca0051781349a01c19df0e8e8c,0.5,0.8,19137905.85543848,4.0,1.0,1.0,1.0,1.0,77ea5766f565bac3ecefda24bc12d7fc775532db2471285a53117748570617d1,3,2,2,07c162291333962cb47ed30e958c9448acadce63938438f6abba4398c3ef20a8,P4,1233262561.7755358,1233262561.7755358,0.0,6615799.617050888,0.0,6615799.617050888,h09,5,Katrina,1226646762.158485,12522106.23838759,1214124655.9200974,1767664172.7031474,114293171.36123894,1.0,0.0,0.0,NONE,False,False,0.0,10400000.0,0.0,0.0,NONE,False,False,0.0,9557344.06438629,0.0,196357554.19610196,R0,False,True,114293171.36123894,1747706828.638761,d63426f59a25e7d132f61646ef19295db0b8d59d593a5fb5e5ca4d10a84b84eb
E2A_CRACKERS_A080,LA-0282,282,7bf93d4839686e9e22b27fa5856c4544b4422fec44e817cbd0bd0d92188f2ee5,M2,A1_FINAL_NO_MEMORY_V1,certified,PASS,,,435112381d12458346036a4a490cfbe1afeb9723f949405eb46ee095fc977c0d,e3da0be0764a40dd26bd6126e23e04b4c97d817b94df16a2cd41b3347a8e4357,0.5,0.8,19137905.85543848,4.0,1.0,1.0,1.0,1.0,1138c8f48b7d37cbdd6ebcae50f45c93a0c70cd86798379fdbf6a076f3d01073,3,2,2,8ef369be542e718ef14d37356185e571fbcbc8947850bc5c04029b1c5dfe2bf5,P1,1239290880.9076436,1239290880.9076436,19137905.85543848,0.0,0.0,19137905.85543848,h09,5,Katrina,1220152975.052205,0.0,1220152975.052205,1871379965.7777414,0.0,1.0,21417268.794022296,0.0,NONE,True,False,0.0,0.0,365284.46570132056,0.0,NONE,True,False,0.0,9379965.77774154,0.0,0.0,NONE,False,False,0.0,1862000000.0,52d80d312e219a33a68444c4f9a2cce3805ed287c33c1b83b39a049e5b7631d7
E2A_CRACKERS_A080,LA-0283,283,f79e86775b923cd8f48f3b6f43816a492f6470b6b2a54186816c17f459063653,M2,A1_FINAL_NO_MEMORY_V1,certified,PASS,,,ea2bb05a33ac37c47602ab0cf0e53e48f479a5ea5dcea88ceb8e821012ab4bab,981851bd731d0620c1580db191e8f961818ef029cd3c9df9ebdd51250cebd2cd,0.5,0.8,19137905.85543848,4.0,1.0,1.0,1.0,1.0,07a66d306edf2bc5292d507c33c48f596ffd642b7017ff4c96af322fa9b5f2b7,3,2,2,08ed1a61f79fec71a595a749c4bfe16ee35e1c4b806383def69b57fef6d4138d,P4,1236911716.6143475,1236911716.6143475,0.0,7405505.6872573765,1763187.4669814326,9168693.154238809,h09,5,Katrina,1227743023.4601088,9969212.70119967,1217773810.758909,1777398367.2155561,104558976.84883022,1.0,0.0,0.0,NONE,False,False,0.0,10400000.0,0.0,0.0,NONE,False,False,0.0,9557344.06438629,0.0,213613289.66852713,R1,False,True,104558976.84883022,1757441023.1511698,5e2565e0df4100d63b09c8efa931b8d31eaa875a3e5e139bdd189b1e0062847b
E2A_CRACKERS_A080,LA-0284,284,c6fae62d6d52ba04be3d2b85b07a208343d56e3898224c33cbaad4f8f0890fd8,M2,A1_FINAL_NO_MEMORY_V1,certified,PASS,,,de86a582e189dd2b76682894658cd2e569492fd454c73fbb11fdae28b63f5d84,9488d176f1d576128d747d09269b5016fb818901d26215d954fe110f88164b35,0.5,0.8,19137905.85543848,4.0,1.0,1.0,1.0,1.0,081f149b62961edc6fe1450004e53c40d4b532b96676c16bb87cb9f4523cd5be,3,2,2,0f0ff5b90e172bba15bbf67789f2f048a115ade93152b32a434db7397a52144d,P4,1233722890.470781,1233722890.470781,0.0,6844763.674129896,0.0,6844763.674129896,h09,5,Katrina,1226878126.7966511,12293142.18130858,1214584984.6153426,1880878972.164618,1078371.8997682154,1.0,0.0,436921.7767538157,R0,False,True,332382.408523363,10067617.591476638,0.0,980614.6342172193,R0,False,True,745989.4912448524,8811354.573141437,0.0,0.0,NONE,False,False,0.0,1862000000.0,6c0accadff66a99c71b9775b4a77c716737be3922dd070eb25b35dc1853360f9
E2A_CRACKERS_A080,LA-0285,285,99a8425dc45cd2ee0cefe3f09f98b07802b60958c867aa71719c9568623adacd,M2,A1_FINAL_NO_MEMORY_V1,certified,PASS,,,3ed0853ec38e04ced613a62fe1e804ae2df76ded12ca7605ce8e7e8f8157ec83,29b86a1050c89b2bb032f21278ad494f90f1bc31cef9117f4cec701e2abb98f7,0.5,0.8,19137905.85543848,4.0,1.0,1.0,1.0,1.0,545bd6b6f7645b831bec0baaa9e80d1b048d155c9c5ab0fee04b6e21fda7247b,3,2,2,7261713ec279967dbe98f7c16dfb449e5a895ad74a9e9fc836f32077417a9d20,P4,1228351538.3093421,1228351538.3093421,0.0,1549500.6330513675,0.0,1549500.6330513675,h09,5,Katrina,1226802037.6762908,17588405.222387113,1209213632.4539037,1754563918.0451405,127393426.01924585,1.0,0.0,0.0,NONE,False,False,0.0,10400000.0,0.0,0.0,NONE,False,False,0.0,9557344.06438629,0.0,184090327.0052032,R0,False,True,127393426.01924585,1734606573.9807541,e593bd6ef011b2b19257da15e4373a096a17247314efd5fcb6d4cd41d805a5d4
E2A_CRACKERS_A080,LA-0286,286,6baaa33555436c6ac3e813258e2307c08f082445ff5442dc255c0053c1af1067,M2,A1_FINAL_NO_MEMORY_V1,certified,PASS,,,e66b4009bf5e562151384f87147b5a5e4b302c23c0f14d727a7f429fc02ca4df,650d48604e1dc7e87a3af405e1b2a3696960bc9cd55e475b30b382fcd4c53600,0.5,0.8,19137905.85543848,4.0,1.0,1.0,1.0,1.0,992cb1f82aea72c4db3ed21084935a74d68762d3dfacc80b5c65d6197a4e7302,3,2,2,d72612ac63b99236d9962c2f247a8147424fa391d499533e700480503e7c5715,P4,1234356415.7156703,1234356415.7156703,0.0,3947204.140862816,0.0,3947204.140862816,h09,5,Katrina,1230409211.5748076,15190701.714575663,1215218509.8602319,1832056570.1106775,49900773.95370882,1.0,0.0,24516035.523272324,R0,False,True,10400000.0,0.0,0.0,0.0,NONE,False,False,0.0,9557344.06438629,0.0,93115613.21594958,R0,False,True,39500773.95370882,1822499226.046291,be49bd16b67e9c9d41342faad4baf5884a97eb5f40efe56bcac816bb3bab3228
E2A_CRACKERS_A080,LA-0287,287,6976b8c8cd5fa35b0ae0a06c7cc30e9084d607ef478d90c7ef5d00a8c768ad1b,M2,A1_FINAL_NO_MEMORY_V1,certified,PASS,,,dbb8ae89360f1cffaf5fd77da8c7c06e36952d770965079ce28c1331342bbbd8,0a88bcafb48616af8507527a10c5d27a8625e9257840928b962000a254ec404a,0.5,0.8,19137905.85543848,4.0,1.0,1.0,1.0,1.0,88cb66f479e8bc325ec44722cf98e4b24b6bdaa30c6f4aa68329bb67cab098f3,3,2,2,ba0f7800cafcadd96d39928958aa3183a8357a6ba22c326a8b665cce89624b77,P4,1215479788.5974307,1215479788.5974307,0.0,4339234.898032653,2846238.8161000176,7185473.71413267,h09,5,Katrina,1208294314.883298,11952432.141305804,1196341882.741992,1720228264.737651,161729079.32673526,0.9999999999999998,0.0,0.0,NONE,False,False,0.0,10400000.0,0.0,0.0,NONE,False,False,0.0,9557344.06438629,0.0,189663294.36075905,R2,False,True,161729079.32673526,1700270920.6732647,9d863a3eaa5a557774c1e625fe6f699ef7163b434f04c6bc42380ad15e0d7275
E2A_CRACKERS_A080,LA-0288,288,450f26fba029230cf0c4fa363512fdfa8719494c3757aa0888f30e8609682010,M2,A1_FINAL_NO_MEMORY_V1,certified,PASS,,,c4d3830639b666c8223b6905b28e1daf9397bfa6cfa755af029a441b13be0947,cd68f23fa10440b1e5bf3ef86f185276774f8a8f403a2ae3390ff4e0dfd83857,0.5,0.8,19137905.85543848,4.0,1.0,1.0,1.0,1.0,aa2f5444fef68334fb6bcf815cb7b6ea9511f5fc2b1eb5164a92f682bd3ff204,3,2,2,3bad88a24e4afc0f4720bab269c9588a8ce856b43e11718ac684c2020b71179c,P4,1212902310.4891243,1212902310.4891243,0.0,3205562.031918156,0.0,3205562.031918156,h09,5,Katrina,1209696748.4572062,15932343.823520321,1193764404.6336858,1774827309.4764845,107130034.58790193,1.0,0.0,14737942.706886204,R0,False,True,10400000.0,0.0,0.0,0.0,NONE,False,False,-1.3275094380488777e-10,9557344.06438629,0.0,137077087.28765574,R0,False,True,96730034.58790193,1765269965.4120982,cdf1207858567ab4b2f5960a67dd30f2efae6e5e2d444b753258046979aae0ae
E2A_CRACKERS_A080,LA-0289,289,fa2f1df2a5a81adf302bb6baff73cd4c0130b16333573323ae44149beefce25b,M2,A1_FINAL_NO_MEMORY_V1,oracle_failure,FAIL,oracle_failure,Full exact certification was incomplete,5ebcecdc5fa4b6064d0c3f3cd2e9e3984cf230664a423b4f7ff6d9e0b089f3ec,f5050af7f63a853b3a1a03842de04d75123d3b263beef34ccb528ba400bf72ac,0.5,0.8,19137905.85543848,4.0,1.0,1.0,1.0,1.0,679a522fb20eae24e719c6581dcc78b74c7897365e9bfab6a1d28cb34cffa3c4,3,2,1,,,,,,,,,,,,,,,,,,,,,,,,,,,,,,,,,,,,,,,7add9fbdb4b1d58e9a24486256d5a18011248358cae6030ce640d74f5709f8da
E2A_CRACKERS_A080,LA-0290,290,6e110f55da4ccfd8ca5b014fcb2a6adf3d90454959137e173c5d55811540e697,M2,A1_FINAL_NO_MEMORY_V1,certified,PASS,,,5c206fa3b4eed18784d8b282cd44f3cd3e0c8a0e7d16e9c13fec26534faec3f0,b98b4f3afa6e4dbec828524bbac713e562fd7bc23713ef52940cee96bfee3528,0.5,0.8,19137905.85543848,4.0,1.0,1.0,1.0,1.0,c905a2e8d1238ad935276ba481a048d95a895cc4eab6c594873ef84e58f307df,3,2,2,a89936caef57c1c6b0141172de21070b9ffb6b6edaa09d19e4aee540deba1181,P4,1231683611.8515985,1231683611.8515985,0.0,8156785.794216873,0.0,8156785.794216873,h09,5,Katrina,1223526826.0573816,10981120.061221607,1212545705.99616,1824926811.617101,57030532.447285466,1.0,0.0,15474067.12356202,R0,False,True,10400000.0,0.0,0.0,0.0,NONE,False,False,0.0,9557344.06438629,0.0,69381152.79776269,R0,False,True,46630532.447285466,1815369467.5527146,34c3762deb79328ac6042ceab08aaadf4a877bf5e4dd8ed72489edf7c5c7e109
E2A_CRACKERS_A080,LA-0291,291,9c295c9cdc825318f593bdb2682c866fda5557c46098cfc294a300c2218d33e5,M2,A1_FINAL_NO_MEMORY_V1,oracle_failure,FAIL,oracle_failure,Full exact certification was incomplete,375e1a0bd8bf9caa924f62c462432807bda2c1861513bfb6180e005ec0b7aa23,5b9ba5e860fc78fc1a0854f39fe4e7a0be7dfa50984a99f7fb0dfa455df153a3,0.5,0.8,19137905.85543848,4.0,1.0,1.0,1.0,1.0,8e1d893b96b41c57382e0f4526a6f192b3a29941547f4fdbfe8905d3b21e1909,3,2,1,,,,,,,,,,,,,,,,,,,,,,,,,,,,,,,,,,,,,,,328dcf51a824d12b1e67580fe2913489f5858f13e34e25880d74811b2b3486f4
E2A_CRACKERS_A080,LA-0292,292,03acbdeb07372f2727b8a1dbbee7a33c46f61c79455f3e6bf5ea11b9b50aa908,M2,A1_FINAL_NO_MEMORY_V1,certified,PASS,,,3bd1822a2082c3ab2cfc453039cfc0f642fedb630cf225464d40a8d14fbb783d,c96585702ceb9e8b68e90df8230fbeebc02068fcfc40ea8c333d1dd7936090d5,0.5,0.8,19137905.85543848,4.0,1.0,1.0,1.0,1.0,90a27f9c10c8462c3dc31bf5334f69df25b291c01e67df35097f4ef636a6fa01,3,2,2,b8529b87468489da66544f7d000d7430db8194560e0576c2e476997cfa314569,P1,1227475329.853421,1227475329.853421,19137905.85543848,0.0,0.0,19137905.85543848,h09,5,Katrina,1208337423.9979825,0.0,1208337423.9979825,1871167700.201171,0.0,1.0,16111974.83712912,0.0,NONE,True,False,0.0,0.0,603647.3191890918,0.0,NONE,True,False,0.0,9167700.201170998,0.0,0.0,NONE,False,False,0.0,1862000000.0,e70e43823b34d7948f444267571db03a1a1b9e9b236618f8c706283d02f87d4c
E2A_CRACKERS_A080,LA-0293,293,4ce04e00eddc3248b8c14149e07b6db89830abccb3fab6d5ccea4d16dce435cf,M2,A1_FINAL_NO_MEMORY_V1,certified,PASS,,,f000fb5bf60032378dd7b93f4dde3daeec212bc9f18334fe94990543f5d09bef,57e911c1ab0c5e953804222d5c5debfdd03e1c9e8fddac609b7e83ab82d0fe18,0.5,0.8,19137905.85543848,4.0,1.0,1.0,1.0,1.0,12e9fb37f6ef7d66df71a98e2a609e878e8de4b7f3bc068d3537a49f87956ffc,3,2,2,23ca187ed06f4afe34ca6d368fa37873916e42a16c28a185c85d741e1b476d7b,P4,1155828168.0428019,1155828168.0428019,0.0,1841755.5808673997,0.0,1841755.5808673997,h09,5,Katrina,1153986412.4619346,17296150.27457108,1136690262.1873634,1879504769.1858065,2452574.878579719,1.0,0.0,386757.4094265277,R0,False,True,305983.25008905475,10094016.749910945,0.0,2713253.8042199775,R0,False,True,2146591.628490664,7410752.4358956255,0.0,0.0,NONE,False,False,0.0,1862000000.0,07bab1ad8ca9f644701add77be09b1ce48df1de5b2facef0980061b768934ac6
E2A_CRACKERS_A080,LA-0294,294,9e0ed541557993bdfd0dc39f2a95a6fdc8e1e15decb3d9f5e16a74590958c8d8,M2,A1_FINAL_NO_MEMORY_V1,certified,PASS,,,d11be4e09ed6acc684ff7d1f068028bdaddb6d9d081487c1f9b7b9e51aea5af0,997fe178bf587615971937ff49f87d61b00a309405aa17974471ff782f2d8339,0.5,0.8,19137905.85543848,4.0,1.0,1.0,1.0,1.0,9ffeae8239d7190f7a3bfb049fa74fca8b3ad24847038ef1a774073f7d484f42,3,2,2,8445f2b6732b06325ce795f3ab43ef18cb4126baaf73cca065b69ae5a4e150f0,P4,1218532448.9259627,1218532448.9259627,0.0,10781700.046542214,0.0,10781700.046542214,h09,5,Katrina,1207750748.8794205,8356205.808896264,1199394543.0705242,1789845817.8974152,92111526.1669712,1.0,0.0,15893483.87962792,R0,False,True,10399999.999999996,5.587935447692871e-09,0.0,0.0,NONE,False,False,0.0,9557344.06438629,0.0,124873156.14562999,R0,False,True,81711526.1669712,1780288473.8330288,da3da2267d69cc4f9cbad22ef9ff4b6566c7582eb3579f7fd8de3adfc65a9c9d
E2A_CRACKERS_A080,LA-0295,295,facd52b2013a8debe94566b9aac3a1d115d73bb17c648ae61829714e20c560fa,M2,A1_FINAL_NO_MEMORY_V1,certified,PASS,,,d69bfe1747e81e543fd47d8fb965e9e264ff3d3e0a638f51bf334fa17d1891fa,f1793280e0f5014ccf3f826c608e28f049165a2dd7f1974f10cdefc54abc65e5,0.5,0.8,19137905.85543848,4.0,1.0,1.0,1.0,1.0,4e6bf04971ad1a738bf1016afeda34c1f9562edb32a0e560e1b51aff1a92025d,3,2,2,073ccef1552674d86344c915307527eeca63a8c886345eb90f564bbf483805f7,P4,1180923055.3341317,1180923055.3341317,0.0,5199382.629012666,0.0,5199382.629012666,h09,5,Katrina,1175723672.7051191,13938523.226425812,1161785149.4786932,1870331391.7339518,11625952.330434484,1.0,0.0,21280724.458423994,R0,False,True,10400000.0,0.0,0.0,2508572.4753018296,R0,False,True,1225952.3304344842,8331391.733951805,0.0,0.0,NONE,False,False,0.0,1862000000.0,c19b543b8f412fd3c6afe2c9ef4eceb860619eed6396c2a54c180c985017955a
E2A_CRACKERS_A080,LA-0296,296,4bd78bae92612d7d93f3c93f9c6b103a5e633eef6f2af03ef7f5ddd15553036f,M2,A1_FINAL_NO_MEMORY_V1,certified,PASS,,,b99ce9a7c1bb102755ef1e46ca56a635c756b8e38a8b46d8fb644a892924b043,6aad20e9ad72384edfb05311b546309fb4965a412718537206a8f13ace3ac582,0.5,0.8,19137905.85543848,4.0,1.0,1.0,1.0,1.0,cd93dcccf85f34b2dca5d6eb0453dbcacbc8807626dea9a97cb61c8088e3619e,3,2,2,0b416b7b5cba337d4a53fc4803680b991aa59210d1021b74b519c1d255551801,P1,1229874116.9420161,1229874116.9420161,19137905.85543848,0.0,0.0,19137905.85543848,h09,5,Katrina,1210736211.0865777,0.0,1210736211.0865777,1871210794.249184,0.0,1.0,16965155.35024296,0.0,NONE,True,False,0.0,1.862645149230957e-09,565314.562644708,0.0,NONE,True,False,0.0,9210794.249183992,0.0,0.0,NONE,False,False,0.0,1862000000.0,c98fe032cc6e24f1bf2df703f000a9ab6d587450cb77912db9b8747698e4cf5c
E2A_CRACKERS_A080,LA-0297,297,e2c9c3d87cfcee6be8d7a48d347ef73fc50977ae573fbc9b66fabef2f82bac8a,M2,A1_FINAL_NO_MEMORY_V1,certified,PASS,,,c060a4bdb9ae3208163d7976900f7729eed46e8f9dfc88779263c55b13a45413,151e6e9f2ac132101b96decfc33adf7b4e1a9e76fdac261e7e7c16684513ef4d,0.5,0.8,19137905.85543848,4.0,1.0,1.0,1.0,1.0,b4dcaa63dd75d1bdebe8abe11b6b4db69cb8a6b69975091508adf5bfb69812d0,3,2,2,266483aacf5102b0071f1ec3a61af8013aea4f419d32d12dbea7af2845b9aa02,P4,1219045918.5269282,1219045918.5269282,0.0,9230630.674223714,0.0,9230630.674223714,h09,5,Katrina,1209815287.8527045,9907275.181214765,1199908012.6714897,1729740988.621288,152216355.44309822,1.0,0.0,0.0,NONE,False,False,0.0,10400000.0,0.0,0.0,NONE,False,False,0.0,9557344.06438629,0.0,436006386.1845794,R0,False,True,152216355.44309822,1709783644.5569017,f3a094ed3142e16b27828eb777339a6773bb0ab44fa8bc7824714ba59a89805d
E2A_CRACKERS_A080,LA-0298,298,5ffcb8416097009ab57f63954644fb5c0775284c4e0ff34e8b6a48fa18cf6edd,M2,A1_FINAL_NO_MEMORY_V1,oracle_failure,FAIL,oracle_failure,Full exact certification was incomplete,66b346c4b528d44ee9e1306257badabb311757d805492146a58bacb7d447c18f,80215ebf98e749e34484404041687eb2719d6b5531458981ad7858f9ad9054d9,0.5,0.8,19137905.85543848,4.0,1.0,1.0,1.0,1.0,0f06a05af78019b8dcc28d80e6534c22818f3209bede1b4c8bd87202d5c7b1fd,3,2,1,,,,,,,,,,,,,,,,,,,,,,,,,,,,,,,,,,,,,,,45a405e6caaf89fafd4fc88cb70fc12c3de37d80b205e18565b0394821f692cb
E2A_CRACKERS_A080,LA-0299,299,d07bca572e398a462441d1017fdcda497111b49a35d9d6a51c94c6d2acfa21e2,M2,A1_FINAL_NO_MEMORY_V1,certified,PASS,,,a7ee2abbdd36409aed65c75dce3ee9f6c1ef695c925ee7b8cb50b7d12e60fd5f,f1c54a7f0cedaec31bf43e3fb94effd94281d1171480416490124567de18ae18,0.5,0.8,19137905.85543848,4.0,1.0,1.0,1.0,1.0,929bfd3e25670a3f18d2c6c9095ceaf86574d5e1cec2b98e9d1a568930705104,3,2,2,d1fa5405a3eb80d78a4918f4be1395c4a38055f2941497ef43335a78a306b241,P4,1224642301.5335283,1224642301.5335283,0.0,3973547.1288824435,0.0,3973547.1288824435,h09,5,Katrina,1220668754.404646,15164358.726556035,1205504395.6780899,1881032752.1500087,924591.9143774917,1.0,0.0,0.0,NONE,False,False,0.0,10400000.0,0.0,1627118.0281273664,R0,False,True,924591.9143774917,8632752.150008798,0.0,0.0,NONE,False,False,0.0,1862000000.0,62d9a34acd13ab57deb8d34bad447154024c4293682954ead35c407a78045417
E2A_CRACKERS_A080,LA-0300,300,9b6ec726adf9f2c41357489a91739705f48bdbd36e70ab42ebb76d80c50b8f22,M2,A1_FINAL_NO_MEMORY_V1,certified,PASS,,,77d6418d6afc4f1c5da35389f6622d4a541c65452db29278bfb47921f4f4077b,e561cc908dea2491f4d2f0b12b3ba57b280b855e6e8569783eb2331c8befe5f6,0.5,0.8,19137905.85543848,4.0,1.0,1.0,1.0,1.0,7cfda35377e89662e0a6682dc6a0238bc2cecc448c94ff1575837deb8ac676b3,7,2,2,86c33472d65e7a4c8808b8cceebb883d637ac9d50c19cdd880830d9cf392a0cb,P1,1220391092.9258854,1220391092.9258854,19137905.85543848,0.0,0.0,19137905.85543848,h09,5,Katrina,1201253187.070447,0.0,1201253187.070447,1871040432.3632948,0.0,1.0,14028468.92993161,0.0,NONE,True,False,0.0,0.0,697257.6671421874,0.0,NONE,True,False,0.0,9040432.363294894,0.0,0.0,NONE,False,False,0.0,1862000000.0,f1e695096807c41a0c002ffaefcf47a1cc0da4eddb7b5b7903ede977b96fc838
E2A_CRACKERS_A080,LA-0301,301,3b4c1d840294790627a2d1193efbde7e703fe0fa9296e55504c3ef51f216c985,M2,A1_FINAL_NO_MEMORY_V1,certified,PASS,,,27f475629ab8004b5f1f7f4e0dc6d274ed1551c52b8db2b0162b42b620f2a065,d2432ea4f2094df8c973016bbffe96412902be5c4e971971f2210c7b1928861e,0.5,0.8,19137905.85543848,4.0,1.0,1.0,1.0,1.0,fe63d3049cfae75434a05755cbfd7e2a2cab5819d7b7903f5d0254b3238c39d5,3,2,2,882f59bd881b56e62c5d8cb1daaf4a877653e12eb9996e48cf21ec1de873e116,P4,1235605931.952571,1235605931.952571,0.0,7220686.001020739,0.0,7220686.001020739,h09,5,Katrina,1228385245.9515502,11917219.85441774,1216468026.0971324,1835389680.0042446,46567664.06014176,1.0,0.0,17671929.791878004,R0,False,True,10400000.0,0.0,0.0,0.0,NONE,False,False,0.0,9557344.06438629,0.0,61456963.46221678,R0,False,True,36167664.06014176,1825832335.9398582,b9f79ef3e57586a1511ac74b5c1e2af0dac86cc801669e1b87e76edcfe122891
E2A_CRACKERS_A080,LA-0302,302,ee30301ae5d9ebcffe4f347cb88e044583d130a04d060a932d6b5e1d5e66f19f,M2,A1_FINAL_NO_MEMORY_V1,certified,PASS,,,152170d2dffa1613935716980acb6864b8a43119d03717017f1dd080acf33865,d84bda920d9a2c7bebe880f137834eaafb860459bf96f8c4b616345c21a2346f,0.5,0.8,19137905.85543848,4.0,1.0,1.0,1.0,1.0,52e9b0998ddec87949ca066c759fc804b5c7965e42166bddc9963195c8ad2212,3,2,2,1835fa89faf20be22319a6316ece5787c2ad1819fb228906119bc7534159277f,P4,1231964682.2858036,1231964682.2858036,0.0,4989289.019353056,4718046.5201375075,9707335.539490564,h09,5,Katrina,1222257346.746313,9430570.315947913,1212826776.430365,1764202052.8521762,117755291.21221007,1.0,0.0,0.0,NONE,False,False,0.0,10400000.0,0.0,0.0,NONE,False,False,0.0,9557344.06438629,0.0,127194018.51963937,R2,False,True,117755291.21221007,1744244708.7877898,a1a7473a8126ecb8b2ed4b0a1725f5a18165230eb7b1fdc6a2aae4790cdca606
E2A_CRACKERS_A080,LA-0303,303,c16fbaeb493f56ea949022f93f62f201d42df69eddaf0b529a63d6d3052c8179,M2,A1_FINAL_NO_MEMORY_V1,certified,PASS,,,8d46af3b5d5cca61fae3f0f90e01daab8ccc0d80c70e066ee4e347deb0ae8c0c,2c79486353a6d412be917da53a50a9a9fca6745803dd5dcec981e970f467be74,0.5,0.8,19137905.85543848,4.0,1.0,1.0,1.0,1.0,2805c713a33f3e0ed214bc476e9a75de410f3a78fa354184cb9d0637a71e8b02,3,2,2,f1f64e1f6490d1e9d9fa98a9e0f0a3c2897938095e20c7114b271ebcf864cc7b,P4,1225287708.727059,1225287708.727059,0.0,4202793.56885462,0.0,4202793.56885462,h09,5,Katrina,1221084915.1582043,14935112.286583858,1206149802.8716204,1746391090.5209107,135566253.5434756,1.0,0.0,0.0,NONE,False,False,0.0,10400000.0,0.0,0.0,NONE,False,False,0.0,9557344.06438629,0.0,222879616.13254395,R0,False,True,135566253.5434756,1726433746.4565244,e1af5d4a2cca7e655ec095d6c8f7b3e4196f64c2d4b09329e9d787da981b26b4
E2A_CRACKERS_A080,LA-0304,304,ccd5a3e45a3a17fa1330e500ecc1b33a94cf04f0f52f25a1edc22eb0cdd179a3,M2,A1_FINAL_NO_MEMORY_V1,certified,PASS,,,925df8c659bf11c826e9ba6c6104d38634f9942eafe5a8bf46c01ffb2f6c7fbf,6579eb9fe4e149d7d852b2c4667b7bc1ac093d68b4955ffdb4b3964cb8c42f5a,0.5,0.8,19137905.85543848,4.0,1.0,1.0,1.0,1.0,a3fe7c5e9d3dcb59e7dc14f5d74b1bb8429bca349753a008ae021ac76dd44e26,3,2,2,357fdfb7e00bbadb99aac3af05b8c1e8f85c87b5ed2bb7233c23b8c7616fc4c1,P4,1193155363.5605457,1193155363.5605457,0.0,1765500.2338835218,734883.2862886661,2500383.520172188,h09,5,Katrina,1190654980.0403736,16637522.33526629,1174017457.7051072,1880467091.4362085,1490252.6281778414,1.0,0.0,0.0,NONE,False,False,0.0,10400000.0,0.0,2164137.487728794,R1,False,True,1490252.6281778414,8067091.436208448,0.0,0.0,NONE,False,False,0.0,1862000000.0,f995d8a32aa0e62e96431920378aa121723f8c14c2934aa5579c1bbde55120e8
E2A_CRACKERS_A080,LA-0305,305,f663668923934c0c068ef34648887563acfd965684da967f6917923fff66d889,M2,A1_FINAL_NO_MEMORY_V1,certified,PASS,,,a7f9855df198309c44c526ea357bd25547af841f52155ab7e65f224b1d3024ee,aea92386603e583eb83085db659c71d7825099b4b561eae4aeb2c265b4b88c1a,0.5,0.8,19137905.85543848,4.0,1.0,1.0,1.0,1.0,91fccc5fd9948e245e77ac14396c6642397f4b75e3de244dbe2d1ed95d22d9e7,3,2,2,a477422ae93465a5ace1c5d24904ab48b0841b0039635b2458612a0dd1370ee0,P4,1223944549.2106218,1223944549.2106218,0.0,8055854.699318533,0.0,8055854.699318533,h09,5,Katrina,1215888694.5113032,11082051.156119946,1204806643.3551831,1742808185.2807348,139149158.78365162,1.0,0.0,0.0,NONE,False,False,0.0,10400000.0,0.0,0.0,NONE,False,False,0.0,9557344.06438629,0.0,208386406.64921317,R0,False,True,139149158.78365162,1722850841.2163484,8e220979400e0a5b84daf6b351c52ef4b6857ec3f8c27b1be28878f07e43e658
E2A_CRACKERS_A080,LA-0306,306,c2643f9f338b34f9d8b143361a225a7209edbf555f9394edcb89adddc186dc34,M2,A1_FINAL_NO_MEMORY_V1,certified,PASS,,,e563b8ce4261878a1583b60b16205a8b21dcd1ffe967805789e77eb49e30989f,4e92573844c56c84af6d660bd178d87a1514ce8566a32a879ca1d5ac24aa7267,0.5,0.8,19137905.85543848,4.0,1.0,1.0,1.0,1.0,110aadd83946b868921f99a1d075253976d0ba4b8a800f6c959b99a5db8633bf,7,2,2,65b034b3c5543be91e6bfb262ac79bdb0a5c60d120289b3d0cb648835e1c399c,P1,1223333414.0052617,1223333414.0052617,19137905.85543848,0.0,0.0,19137905.85543848,h09,5,Katrina,1204195508.1498232,0.0,1204195508.1498232,1871093290.9627376,0.0,1.0,14824680.122086812,0.0,NONE,True,False,0.0,0.0,661484.4991927615,0.0,NONE,True,False,0.0,9093290.962737555,0.0,0.0,NONE,False,False,0.0,1862000000.0,094bf19ad24e00e9c473f981876f556e8908c77c7f22679097eca910577e556f
E2A_CRACKERS_A080,LA-0307,307,f82e17236737fbf0c426f35a06db33697cf0e90bf6de2998fff660aa75054ced,M2,A1_FINAL_NO_MEMORY_V1,certified,PASS,,,beb7381990bb0a4fc72d1570a21a27e8b7b765cef550aa343b5c16bb4e966eea,2de9b1f7c4e49e94329c17d1f2933812c6647ed351ab4ead0e29596dbe26889c,0.5,0.8,19137905.85543848,4.0,1.0,1.0,1.0,1.0,3565b1a08bbc7f50dccf7754ef06d681adad2b31cf897f1f9e8f73ed8c9b1d1d,3,2,2,455703a17d583daa0912a4b8e055e23e3cc2c26dd1d945e4eb9ac0e3d731ce8b,P4,1207148863.0414283,1207148863.0414283,0.0,4220273.245444411,872400.8207029555,5092674.066147367,h09,5,Katrina,1202056188.975281,14045231.789291112,1188010957.1859899,1880718483.7091475,1238860.3552387278,1.0,0.0,0.0,NONE,False,False,0.0,10400000.0,0.0,1684176.0222849292,R1,False,True,1238860.3552387278,8318483.709147561,0.0,0.0,NONE,False,False,0.0,1862000000.0,76ffcba16dc17ffc72dc99f9bc210721accb1aab91bca7c415ab9975fdd3e783
E2A_CRACKERS_A080,LA-0308,308,600885755cbb533d7636a4202c2db8b488a60f166a9a98443bcdf11f9246f81c,M2,A1_FINAL_NO_MEMORY_V1,certified,PASS,,,d872321a3b84ffae8c66246950e9dd4b69d722cd4dc98a2ba6eee43387c52585,4328fbd4dd4f0e2054dd30d13d9bdd5e294d6bd44606956724024984e9abbe22,0.5,0.8,19137905.85543848,4.0,1.0,1.0,1.0,1.0,d40af96d7ace11d547be9df09ad40bd8272e234779801b9c05d278ff353007dd,3,2,2,52987d4a0a4b00f40f71745ce418f9193887d75f8a6eb994a8cc6fb188fc882b,P4,1230108314.139982,1230108314.139982,0.0,4074890.3040468064,0.0,4074890.3040468064,h09,5,Katrina,1226033423.835935,15063015.55139167,1210970408.2845435,1759250153.1887598,122707190.87562664,1.0,0.0,0.0,NONE,False,False,0.0,10400000.0,0.0,0.0,NONE,False,False,0.0,9557344.06438629,0.0,396768548.6716461,R0,False,True,122707190.87562664,1739292809.1243734,8939f58322835b9555963575a552ce3264ee2d409d7fda78b3e02cccb662fb67
E2A_CRACKERS_A080,LA-0309,309,edfd44d35059942c0924ebc0728653f9cebdd3f8cfd1c30418d1215f86295896,M2,A1_FINAL_NO_MEMORY_V1,certified,PASS,,,e91d1efd23b8e72fb80732e3f80036d2938c1c4ad564859d17befb241fd8b9f0,2fa5b1e70b9878d061c6400e949080474086fd8d6d14a1a72519bae8a554dcfa,0.5,0.8,19137905.85543848,4.0,1.0,1.0,1.0,1.0,cc612d5b07d36d44c227d383b5275fd7d5450abe47e385b1c437ec0457cf4e1b,3,2,2,e0b785a2cbbba488cb950eebd364b7ab256658aea727db0e8d910d8ed7f1c55a,P1,1232955943.267746,1232955943.267746,19137905.85543848,0.0,0.0,19137905.85543848,h09,5,Katrina,1213818037.4123075,0.0,1213818037.4123075,1871266159.050954,0.0,1.0,18203567.24003402,0.0,NONE,True,False,0.0,0.0,509673.6510868787,0.0,NONE,True,False,0.0,9266159.050954074,0.0,0.0,NONE,False,False,0.0,1862000000.0,a7f87d4769de753559f3d7a58785651b40814e2bba7ae632991ed9a4254b75e2
E2A_CRACKERS_A080,LA-0310,310,8833ca4e19d3b03159b311cfa63fc1c647b4095e9b3f8e9833bfd331e6212f29,M2,A1_FINAL_NO_MEMORY_V1,certified,PASS,,,34be3d7db1caaa34ec94409b1ef5399533c598096d96c90278a7d307ef7fdf93,e3c87b083b553d9f46bf667e04d554300501a08dd5ede5e65158a2d553567a83,0.5,0.8,19137905.85543848,4.0,1.0,1.0,1.0,1.0,35c03ccac34741089712809381341ff49f2f14d5b17c1dea151a964f176bc6cf,3,2,2,b15539d09bbd59396882a6ad880fbf22c450e828cf009a1015e8299d2d279c30,P4,1193190136.730869,1193190136.730869,0.0,542111.9470540745,0.0,542111.9470540745,h09,5,Katrina,1192648024.783815,18595793.908384405,1174052230.8754306,1660770166.5020523,221187177.56233403,1.0,0.0,0.0,NONE,False,False,0.0,10400000.0,0.0,0.0,NONE,False,False,0.0,9557344.06438629,0.0,262139197.63002923,R0,False,True,221187177.56233403,1640812822.437666,e73b3efd40599184dd6a0fae98a7ce1d1f8b8efe25e7cddb9ef67d0db7de3e30
E2A_CRACKERS_A080,LA-0311,311,2ad8e27d064113cd71ac096661d5484eb440cd01ba5469c5108f0c31297668ed,M2,A1_FINAL_NO_MEMORY_V1,certified,PASS,,,d42dd83fc9f858f3903ddda4780b7c18c4216f8c35259b77f64d3ba56ea316e0,89d6cf34c8dfa106f35910227ea0ad896bda2cb19e57e4ef92244144276dd0ff,0.5,0.8,19137905.85543848,4.0,1.0,1.0,1.0,1.0,55a91e12f6b7707fbf8ea396df3f95ea97ef939130f1d264cb03352d55df4097,3,2,2,3e048a803f9ad9e1e1c7a1e447e76aa92e2216d5a6aadfb59f5e1ec48962e908,P4,1236978775.4104733,1236978775.4104733,0.0,6700929.6899489695,0.0,6700929.6899489695,h09,5,Katrina,1230277845.7205243,12436976.16548951,1217840869.5550349,1777577247.9137154,104380096.15067112,1.0,0.0,0.0,NONE,False,False,0.0,10400000.0,0.0,0.0,NONE,False,False,0.0,9557344.06438629,0.0,182303745.17672804,R0,False,True,104380096.15067112,1757619903.849329,081715e5e2bc07e5804e2366a7621d4a662b4de952756279a0081d9a2d5d5258
E2A_CRACKERS_A080,LA-0312,312,891e6a4d67e32ec6052911199efcca3b63de6ca3246fabd04a3a20fed806b879,M2,A1_FINAL_NO_MEMORY_V1,certified,PASS,,,fe33aa7d96c534bc6c7b8488809bdb2bfefcfd58d43c74d67cb6a972ddde7c3a,0f05c96ceff184e3b3fb639f27d19f39bcedbcd432bf85d080d43ab3187c1895,0.5,0.8,19137905.85543848,4.0,1.0,1.0,1.0,1.0,0f0dac66228e67873556acd344f38117d0c0e890d0c61f271c0eeb402e07344f,3,2,2,702a8007c3076e525c831bb3c86b9d15ce38ad1e9beb6242b54afbdf9d03be86,P4,1238535307.4111469,1238535307.4111469,0.0,6959609.913994261,0.0,6959609.913994261,h09,5,Katrina,1231575697.4971526,12178295.941444216,1219397401.5557084,1843203848.427676,38753495.636710316,1.0,0.0,24582062.452823367,R0,False,True,10400000.0,0.0,0.0,0.0,NONE,False,False,0.0,9557344.06438629,0.0,67018019.27860267,R0,False,True,28353495.636710316,1833646504.3632896,d6d08e459d362d48943cfbbba2850e27af36c019c2a616c37a09226dd466c173
E2A_CRACKERS_A080,LA-0313,313,70b5516fb27b651f24787b50ef8d3e51bd503b2d2133c121f201a223f54539fc,M2,A1_FINAL_NO_MEMORY_V1,certified,PASS,,,e38c8224b15f1713387257e9848b17c448f3713def1c7aa75c598f35d6d37766,17a3458723136a43a310fe256b0c5e5aa73f59554c1d0d0d8f774d6e1d18ea34,0.5,0.8,19137905.85543848,4.0,1.0,1.0,1.0,1.0,51d4f59022cd2a36ce9d4bb4e72889582d0854f17712a37190ab7e87312425d6,6,2,2,bf5b8fc95252f99a3420825ba9a0ea0c37dd698d49b22f9ae9ef06f7f97a2b29,P1,1221093146.9630098,1221093146.9630098,19137905.85543848,0.0,0.0,19137905.85543848,h09,5,Katrina,1201955241.1075714,0.0,1201955241.1075714,1871053044.7166493,0.0,1.0,14210579.525283461,0.0,NONE,True,False,0.0,0.0,689075.5755349874,0.0,NONE,True,False,0.0,9053044.716649385,0.0,0.0,NONE,False,False,0.0,1862000000.0,273597de4e4cb8018a4ec5f6e04e74adce944c2b91cb8e89022867b9ca2806bf
E2A_CRACKERS_A080,LA-0314,314,eadbad8963a4a1062cbc7ee3cda149ceeaf781652d677f8b4b40a4d8d1edfa53,M2,A1_FINAL_NO_MEMORY_V1,certified,PASS,,,ec089bc17174d40e0c36936ec24e7dfd15c5d74008d72580142a71899fa2ae50,59c8aa7597d5872ac9f3506834b67f34a412a7aa9da8666017781c9eba20081d,0.5,0.8,19137905.85543848,4.0,1.0,1.0,1.0,1.0,fc54329a946bed8a41564236bae2bb8267e8aa6973e85ac56f223e4045f7ac62,3,2,2,9b345c86ff86cf436e37c7d47debbdc9dc23f6d54d73e93a0eb5bba3d4bca019,P4,1214178911.23727,1214178911.23727,0.0,9506888.067758322,0.0,9506888.067758322,h09,5,Katrina,1204672023.1695118,9631017.787680155,1195041005.3818316,1716758148.006536,165199196.05785048,1.0,0.0,0.0,NONE,False,False,0.0,10400000.0,0.0,0.0,NONE,False,False,0.0,9557344.06438629,0.0,264196686.49908918,R0,False,True,165199196.05785048,1696800803.9421496,2b08a96014f8f18ac39a2aec97a94dc0fea06319c3dbec10e00a0bfd4c6a0f77
E2A_CRACKERS_A080,LA-0315,315,4bf4ebd6394bf482ac222f814def0101e33aff41cc6463d49d32021d2a3fa25f,M2,A1_FINAL_NO_MEMORY_V1,certified,PASS,,,eccba49b54dc563a10c03fa978e52552e5e961d37d87b6eab9657a1c57abe4a6,115b09466b441268f48dfdce7da6a455460405ad265dfa1e001ced51b6a57b47,0.5,0.8,19137905.85543848,4.0,1.0,1.0,1.0,1.0,c28bb743a33ce6ab08f973d4f11c7cc5ceefb6eab1c8aab44a20be75d5daf69c,3,2,2,e5593573faef4f8c7b4d9a1dd89d546f04f7600cc7da6c890c7369dac660214a,P4,1177926598.3871117,1177926598.3871117,0.0,2566723.0393784842,0.0,2566723.0393784842,h09,5,Katrina,1175359875.3477333,16571182.816059994,1158788692.5316732,1681528888.3763654,200428455.68802094,1.0,0.0,12676478.166292695,R0,False,True,10400000.0,0.0,0.0,0.0,NONE,False,False,0.0,9557344.06438629,0.0,231624189.37533814,R0,False,True,190028455.68802094,1671971544.311979,51b48afb2b0c736d4a5b6dd980927514dbfe73ffb511a54c22182f2456dcc342
E2A_CRACKERS_A080,LA-0316,316,1e7b00c7cecb5e0b010879c58fefa90fc9c1c340d932af1fc0b6a1628a822e89,M2,A1_FINAL_NO_MEMORY_V1,certified,PASS,,,97c6b1687f9b43e9a4a481ea725b9ea14c5dd64626757a0ac872fa2810151862,bb4b318b27c7971609e9913f311cd0ed38ae148de9ef0b6e6c340a3324224b83,0.5,0.8,19137905.85543848,4.0,1.0,1.0,1.0,1.0,729dce8a14c2582d7a63c0ae80dcab6486f460000a686d4c389b4d6f96382a98,3,2,2,edd6d2968167cd931339801a1fefd57c2b8df069fb3287636eab5165c3a398ca,P1,1231931885.891131,1231931885.891131,19137905.855438434,0.0,0.0,19137905.855438434,h09,5,Katrina,1212793980.0356925,0.0,1212793980.0356925,1871247761.9293563,0.0,0.9999999999999977,17772473.925855987,0.0,NONE,True,False,0.0,0.0,529042.3483394498,0.0,NONE,True,False,0.0,9247761.929356359,0.0,0.0,NONE,False,False,0.0,1862000000.0,116f769066c468d51b3c1e8fc5a820584718aec1196bd2d45a00d83076bb282e
E2A_CRACKERS_A080,LA-0317,317,73c7f09c65a4bfb94a7264d0b132b7c9576b043aa21579fb4ef97e5a17b53d8f,M2,A1_FINAL_NO_MEMORY_V1,certified,PASS,,,c27d223357b729364ac70ef703859d89003deec77b50ca3a17c2b48607a38891,fb49c54c6ed1a675ffa3a0f5c218ab9deabbe4403a1b536b5973153518d9df2c,0.5,0.8,19137905.85543848,4.0,1.0,1.0,1.0,1.0,36ab3ae9123677cd430af2f8b61b337737c4b27af0720f2a4c7c7e5bc4950e58,3,2,2,32afaf1d16d22a251036613685655ca93226db846362f72c690248e87dd0d8b1,P1,1225953662.7195268,1225953662.7195268,19137905.855438437,0.0,0.0,19137905.855438437,h09,5,Katrina,1206815756.8640883,0.0,1206815756.8640883,1871140363.5538964,0.0,0.9999999999999979,15613869.061397122,0.0,NONE,True,False,0.0,0.0,626026.8357638401,0.0,NONE,True,False,0.0,9140363.553896382,0.0,0.0,NONE,False,False,0.0,1862000000.0,64af5cc0ab3664b82bb3ebf6169e414f51e4dfbf95de1bd91eb4a0abea404a71
E2A_CRACKERS_A080,LA-0318,318,fc30e1b9af57f0faf022641a0e2c8aa3d0b2050fd1f2023b6c908babc8409514,M2,A1_FINAL_NO_MEMORY_V1,certified,PASS,,,5bb9e9e6a94adc6221e0e85985d28b8480b5a0acd85f6c6e071f4f7d39a3beba,9dc989d5492385f8fc39f5b0b3949af233c8024cc5d97cafb566955040b6e27f,0.5,0.8,19137905.85543848,4.0,1.0,1.0,1.0,1.0,8dd61fbc440443c1165543d4e6893bfa46e16924bb520af9dd9b7dcf10e001df,7,2,2,d43df80eab88b5c27f10e4b03d41ea58d125fc333cb35e060b4c6202ea03715c,P1,1229484573.3543408,1229484573.3543408,19137905.85543848,0.0,0.0,19137905.85543848,h09,5,Katrina,1210346667.4989023,0.0,1210346667.4989023,1871203796.1249444,0.0,1.0,16820512.908597086,0.0,NONE,True,False,0.0,0.0,571813.2383837503,0.0,NONE,True,False,0.0,9203796.124944352,0.0,0.0,NONE,False,False,0.0,1862000000.0,04e52c676c6b7958b4ebe70ca89879e18c5cc451d282781f2b390ccc044d6028
E2A_CRACKERS_A080,LA-0319,319,9b9fb544aaad37aaa33540256d8967369380dd29d6cf629eb2b97627f27a5b9e,M2,A1_FINAL_NO_MEMORY_V1,certified,PASS,,,5acb90694238693c2b619181c4cdc9aa015fd1f3889a5de4388415905fc08294,b213c30aa152dff7a496e602c7bbd507963f249c29de47b08df0f43ea9692ff0,0.5,0.8,19137905.85543848,4.0,1.0,1.0,1.0,1.0,939dfc642f43308902f3d70c59b618bd4d9d494b720c53b526cd3e1502fffba1,3,2,2,47a8af15a87112c7e251c2b8863fab2c64ad6e579d7363300436bb08616b32b0,P4,1229583741.064656,1229583741.064656,0.0,4410779.149992798,0.0,4410779.149992798,h09,5,Katrina,1225172961.9146633,14727126.70544568,1210445835.2092175,1819325363.7219276,62631980.34245878,1.0,0.0,20554616.916373804,R0,False,True,10400000.0,0.0,0.0,0.0,NONE,False,False,0.0,9557344.06438629,0.0,103231571.80026993,R0,False,True,52231980.34245878,1809768019.6575413,41a93112a1bb5f57313cf50a1babc9c5e7d974c16b81bc43e9b902db13dd3e2f
E2A_CRACKERS_A080,LA-0320,320,1d0c180d869a3469429ef3804fc013ac3594aa2768be7d792e4715987c7a477c,M2,A1_FINAL_NO_MEMORY_V1,certified,PASS,,,4fd15bf011beb3b3c72cb839f1dae748ba35e97ad861edb158b891cd5bbdf8f0,8e9784b23eb1c1834a7af2ccbd4ffd059315b8eca393a06af87d848fb6a67f63,0.5,0.8,19137905.85543848,4.0,1.0,1.0,1.0,1.0,129f5278b62e36e6fb5603e9957bd8740dc232452aa4f417cdfa3c2d4b22635a,3,2,2,378a66197875cc9dc3f5bb48dcd4acdca2f58401016810200a5e70d5fa9b7406,P1,1230646549.6422343,1230646549.6422343,19137905.85543848,0.0,0.0,19137905.85543848,h09,5,Katrina,1211508643.7867959,0.0,1211508643.7867959,1871224670.950467,0.0,1.0,17259453.92008871,0.0,NONE,True,False,0.0,0.0,552091.9500136668,0.0,NONE,True,False,0.0,9224670.950467015,0.0,0.0,NONE,False,False,0.0,1862000000.0,0b2e82e683b386d662aae05e9f861cf998a4160bd9b088be6039a31575f27d14
E2A_CRACKERS_A080,LA-0321,321,930a81ffe7164e44dc88476cfb0a379770e8d79f79b607f6cdbb7bc0e25b5c04,M2,A1_FINAL_NO_MEMORY_V1,certified,PASS,,,ee64f20602cd3a82ff0ed107b88b9e93f043c66ebe20aad29a39946d8f3c5836,754e012668798f85916749a573eef002935b855440194f9b8f75a4cb267479d1,0.5,0.8,19137905.85543848,4.0,1.0,1.0,1.0,1.0,78e19f5257827181727f629f4f0791e63f0b02357849f744a26cbd5c55ccc9ff,6,2,2,91b996df934b95c0f8dfda7c651768ba71bc10aef26fe86b8627d325d5b2f3c8,P1,1223693110.42505,1223693110.42505,19137905.855438404,0.0,0.0,19137905.855438404,h09,5,Katrina,1204555204.5696115,0.0,1204555204.5696115,1871099752.8846223,0.0,0.9999999999999961,14928259.48388905,0.0,NONE,True,False,0.0,0.0,656830.7566400848,0.0,NONE,True,False,0.0,9099752.884622224,0.0,0.0,NONE,False,False,0.0,1862000000.0,48116fd4e0c394e0ce0e523c6c53a8eb54e6c0f06bc31398ca4b3a38eeeaa9ce
E2A_CRACKERS_A080,LA-0322,322,b3d497f2e51a319dc60654f2085b0be33560e603d3405ee0e498a32092cb1667,M2,A1_FINAL_NO_MEMORY_V1,certified,PASS,,,c0811030e4315b5bfd33424bf34adcb1447f3f4fc04b43c07ef10a05423a9093,52ecc28d3fc88fb8987ea0be785261fbdc01919c0f00ad8011de10e266d632ff,0.5,0.8,19137905.85543848,4.0,1.0,1.0,1.0,1.0,b0f90fd2f79802bc6468c2425e146d0c92dd0975290a0c6d46d258cce0abf85f,6,2,2,c09b127d7fe949596ec0af148143894f939c1c32cae5fd887281228015ff7db0,P1,1224754575.1807868,1224754575.1807868,19137905.85543848,0.0,0.0,19137905.85543848,h09,5,Katrina,1205616669.3253484,0.0,1205616669.3253484,1871118822.027259,0.0,1.0,15242537.967230016,0.0,NONE,True,False,0.0,0.0,642710.4615748887,0.0,NONE,True,False,0.0,9118822.027259061,0.0,0.0,NONE,False,False,0.0,1862000000.0,a606649daaa6cec813fb260e70cebc27c0a855c8fdd95c01cf395f3814023b53
E2A_CRACKERS_A080,LA-0323,323,84f7e678f27751b2bbd207e340bb72ce61a883b53fb6018f15243e79f340208a,M2,A1_FINAL_NO_MEMORY_V1,certified,PASS,,,16706c3a3d2391bc6729966d9efada80bafc7fc357d4be274ae9978a0dc1b246,9a4b1b64969251cf911b13757995d781fe225e6658d04dc533817931c6a08b5e,0.5,0.8,19137905.85543848,4.0,1.0,1.0,1.0,1.0,caa21f661a6ce6b69bdeb8083913c6be208fd0d3b36326c047713bd0d87c63a4,3,2,2,18b886a1f07e76b7fe9394ad68a780fe6415a9212b51943b1a8046295cf6020b,P4,1225691874.7400048,1225691874.7400048,0.0,970298.8384107399,0.0,970298.8384107399,h09,5,Katrina,1224721575.901594,18167607.01702774,1206553968.884566,1747469211.5541635,134488132.51022285,1.0,0.0,0.0,NONE,False,False,0.0,10400000.0,0.0,0.0,NONE,False,False,0.0,9557344.06438629,0.0,216585329.918131,R0,False,True,134488132.51022285,1727511867.489777,f222288671ce7c72c178bfcbb1f784111971dd28c3e4e053b68a18413481b25a
E2A_CRACKERS_A080,LA-0324,324,e8bffda3ffe3400e77d32a9772b52f84d6fcc8a7b56af8f9de733066f3aa0ceb,M2,A1_FINAL_NO_MEMORY_V1,certified,PASS,,,09268415caa63509c96449c6adb3bdfaa5a42076862640b76d26e6779aae40d8,11ad74853d4ffec5bafce224708f0d5980accc318709765cad8b646b5573c78b,0.5,0.8,19137905.85543848,4.0,1.0,1.0,1.0,1.0,f84c33bdcb4b5b8b134b4214ff2f737ac0b8ae3e54348bc84b1bb3bd7de23fa3,3,2,2,efda6aeccf98bc07517c1f27414ce9383c5349942098ddc01ff33ff0773e24a5,P4,1205711795.9334621,1205711795.9334621,0.0,10020261.606189415,0.0,10020261.606189415,h09,5,Katrina,1195691534.3272727,9117644.249249063,1186573890.0780237,1880378851.7894657,1578492.2749207397,1.0,0.0,546379.674453703,R0,False,True,329134.17825217557,10070865.821747825,0.0,2073998.7374111486,R0,False,True,1249358.0966685642,8307985.967717726,0.0,0.0,NONE,False,False,0.0,1862000000.0,3266977b7559ba1bbf5b2884dbd6f34cd5eef6367547bd7f94a4670696ef30c2
E2A_CRACKERS_A080,LA-0325,325,ee053b011bcec6468ff0b659ca14db2c3cda3815407a3e20302f1b30d5cfd97b,M2,A1_FINAL_NO_MEMORY_V1,certified,PASS,,,9082bfd58707b61e9f2f1cafb300425bebd18403add942844aacc444949e519e,7605a64fe4ecba9cb8f508045c84ccdb59d06ac0f8ca000edf2508a506e8e331,0.5,0.8,19137905.85543848,4.0,1.0,1.0,1.0,1.0,b80e1e999e419712bf2db57ce8ace460748f523c0e1bda76369438e4e8f332fd,3,2,2,8d0efb0c4c0cecaaea51f5947549b9cdf84f59e8cf07a35124b3f7e4e4e48c22,P1,1225195499.2187395,1225195499.2187395,19137905.85543848,0.0,0.0,19137905.85543848,h09,5,Katrina,1206057593.363301,0.0,1206057593.363301,1871126743.1978173,0.0,1.0,15377011.123688519,0.0,NONE,True,False,0.0,0.0,636668.684144383,0.0,NONE,True,False,0.0,9126743.197817279,0.0,0.0,NONE,False,False,0.0,1862000000.0,17092ced8eb9c259d9c077792a404ef328291587a2aa59f6fc38cae0417b541d
E2A_CRACKERS_A080,LA-0326,326,d68ccbea86551acae8f087744ebb98a961f848783774d959493dfa6aea975c1f,M2,A1_FINAL_NO_MEMORY_V1,certified,PASS,,,ab24ab9a4b1ae5543ddae68b1968b5723b278e45ba1f28dd313234af8c8ddc95,1436954f6719e6180f2011748181bd2ff0bf3b21bf48fec6b4de3ae911ce2239,0.5,0.8,19137905.85543848,4.0,1.0,1.0,1.0,1.0,c6f5f35d61e9ecbfe37f5c05a6b21db77e85730485de48030f8daa6648fbfa8e,3,2,2,730bd4706118d27fc5bc336082fd3ef75f70f3878a8dac9f69574f72e5990701,P4,1221654627.8012068,1221654627.8012068,0.0,6312682.815659275,3414671.5436814507,9727354.359340725,h09,5,Katrina,1211927273.4418662,9410551.496097753,1202516721.9457684,1736699773.497191,145257570.56719536,1.0,0.0,0.0,NONE,False,False,0.0,10400000.0,0.0,0.0,NONE,False,False,0.0,9557344.06438629,0.0,179537992.22431976,R2,False,True,145257570.56719536,1716742429.4328046,fc03688b53d6e0b21f85621b9244be5f3ae18463b2de03b00d4689b71d40d9d4
E2A_CRACKERS_A080,LA-0327,327,26b0ad5717f7a58cc774343f1b9c7b20588ccb2ed4387459b73a4ebb14338ef5,M2,A1_FINAL_NO_MEMORY_V1,oracle_failure,FAIL,oracle_failure,Full exact certification was incomplete,33c4c907af289216cc8d7ca5cea7f2a34cc2c4c651871c8ca26313d47aad36a7,451c3296693ce823d2d54db30d87c28dc34d70d80e683eab665c4a069080457e,0.5,0.8,19137905.85543848,4.0,1.0,1.0,1.0,1.0,7c2979b946310112ce43e73b27cdd426e32697d4dbfbf1319a5ffdaa8edb4a9e,3,2,1,,,,,,,,,,,,,,,,,,,,,,,,,,,,,,,,,,,,,,,2e74e77dfedaaf861bb799a777855901f4a332f6a5d75998a4f0e49697f70874
E2A_CRACKERS_A080,LA-0328,328,3944eef91acbacb81fbe4abd4a9e73c6b0443e8df0f924a04d1fdce3debe1c65,M2,A1_FINAL_NO_MEMORY_V1,certified,PASS,,,ef3bec802ff360cbbc1abd62b6f397441c645e2241059ae304fbe2ec7e4261c0,bca83be4602af4558f8b2b6c4c60b451972e74ad19f9a3eee17cd203b9199108,0.5,0.8,19137905.85543848,4.0,1.0,1.0,1.0,1.0,e8c031de5dd09ebe5406f1919925ba735977c87657102e87828d903c449a4a1d,3,2,2,6dc173991969ffda30090b56a0b3b2ffb36ff59e9cd1a942a3b1a515e65d3db2,P4,1206674258.6738608,1206674258.6738608,0.0,963619.4365619655,0.0,963619.4365619655,h09,5,Katrina,1205710639.2372987,18174286.41887651,1187536352.8184223,1696739335.1506639,185218008.91372254,0.9999999999999998,0.0,0.0,NONE,False,False,0.0,10400000.0,0.0,0.0,NONE,False,False,0.0,9557344.06438629,0.0,300943061.4623974,R0,False,True,185218008.91372254,1676781991.0862775,f4ef55ab74f7c24485ba668a7b116ccb08135d4aa00db377e53b5d19b6fba8f0
E2A_CRACKERS_A080,LA-0329,329,0ce0ad7ed585a5d18815d9c0c940fc6baee2d508621dbd3aafee8ee425123696,M2,A1_FINAL_NO_MEMORY_V1,certified,PASS,,,6d650bd48ddb3c964cc1d1585fa5eb974a48e1eebb656da879ec7b4206d3eaec,35c78713bba989c44ca262ce29c01fff84d956395fdbb91c79bbf0c3670f7ad7,0.5,0.8,19137905.85543848,4.0,1.0,1.0,1.0,1.0,8c6eb191fd5bdeb171b62d699a6d7e037c77286840aa62bca93910d2859158ca,3,2,2,347ee44d25d78b353a99149c81675a9600556318d3de20baaa66242209f16d24,P1,1228743079.841221,1228743079.841221,19137905.85543848,0.0,0.0,19137905.85543848,h09,5,Katrina,1209605173.9857826,0.0,1209605173.9857826,1871190475.2440677,0.0,1.0,16551893.807734612,0.0,NONE,True,False,0.0,0.0,583882.0918541043,0.0,NONE,True,False,0.0,9190475.244067669,0.0,0.0,NONE,False,False,0.0,1862000000.0,fdeeb9388d2d51ad3491938c4fb9bcb2a26be7ac77165503e0328f05378246a1
E2A_CRACKERS_A080,LA-0330,330,81ef53386cef89bec9abff4fa14183a62dc7971976634c1b90c786d54e939676,M2,A1_FINAL_NO_MEMORY_V1,certified,PASS,,,f2550da2454bab9d6d0ab4e102c3663c6e495f87764bb1633a8a79892de1f546,9ef5174142125a8421f6abc2e9e5ec451964b3f8dab4c5af8a0fb83306980c84,0.5,0.8,19137905.85543848,4.0,1.0,1.0,1.0,1.0,4ae3867f7bfb6a3f4fccbb24408a17df70efe3e0646bab04a6ae0285c58b4e48,3,2,2,7f57bdb154cf344d321b37f762f25d0d23a91e23bc8ff7b6fe51c7a498a74d21,P4,1141403543.3704278,1141403543.3704278,0.0,1742406.9965309459,0.0,1742406.9965309459,h09,5,Katrina,1139661136.3738968,17395498.858907532,1122265637.5149894,1584102898.6818402,297854445.3825462,1.0,0.0,12253662.47917122,R0,False,True,10400000.0,0.0,0.0,0.0,NONE,False,False,0.0,9557344.06438629,0.0,338689399.2168345,R0,False,True,287454445.3825462,1574545554.6174538,a402586d9bca5f0b0829aae568483017429fe08e9278c9c3a27648ff3ae852e1
E2A_CRACKERS_A080,LA-0331,331,b6b342f3550ac49e8948a098b2157d58a6505475b90dc444123283c3751853fc,M2,A1_FINAL_NO_MEMORY_V1,certified,PASS,,,89945db9b85ff6c8e403684145d5a0d873842b4e3c62afffbabe68ce40633a69,4b84f99261148c71079a8902717ffe08e1b9b5ba3ca13b9ec53f05d7bff916b9,0.5,0.8,19137905.85543848,4.0,1.0,1.0,1.0,1.0,f61354e5adace3f9401ddf74da6e577a4826be4008ee51ef5adf7cdff8f93d20,3,2,2,239fbae8a42fd786984affe94c3951cf31bbc04e4eea8da16a06dd2f0d4341e7,P1,1234174928.6460853,1234174928.6460853,19137905.85543848,0.0,0.0,19137905.85543848,h09,5,Katrina,1215037022.7906468,0.0,1215037022.7906468,1871288058.0409358,0.0,1.0,18744792.74031719,0.0,NONE,True,False,0.0,0.0,485356.79783123155,0.0,NONE,True,False,0.0,9288058.040935736,0.0,0.0,NONE,False,False,0.0,1862000000.0,0df6bc2aba2e19f962c492495494101aab9ed76699e33ff0f27a9c90567058d2
E2A_CRACKERS_A080,LA-0332,332,e72945f554486e507866170923fae8dc20b6f10350f6e26cbc10eea70765f04b,M2,A1_FINAL_NO_MEMORY_V1,certified,PASS,,,8934a46b5633bd9e4579c6444d2fad21ef1be062c55713486987e54fccbf3305,834276233c8d1c5a307e30ba38fd750a90cd85a2f92f8b15545e1515ba0da643,0.5,0.8,19137905.85543848,4.0,1.0,1.0,1.0,1.0,ceccbd3c0a78b87a1d88abd8595fec263f9e1440d13ee445935b7005eb674ffa,3,2,2,31483e30a12373b706aae8a15c801a692c8eb683d5e05a09eb9b9a80b48de629,P1,1233420826.1511803,1233420826.1511803,19137905.85543848,0.0,0.0,19137905.85543848,h09,5,Katrina,1214282920.2957418,0.0,1214282920.2957418,1871274510.640553,0.0,1.0,18406245.835375894,0.0,NONE,True,False,0.0,0.0,500567.454763146,0.0,NONE,True,False,0.0,9274510.640552994,0.0,0.0,NONE,False,False,0.0,1862000000.0,57ed22dbda455aa1ef19b8d6ee8025e8f75973382bcffd72a02710f6810c7884
E2A_CRACKERS_A080,LA-0333,333,5c673c01584f28e1d05ed1040050c21bac23574b4c8c80fe200f143ae7f457f2,M2,A1_FINAL_NO_MEMORY_V1,certified,PASS,,,44c09d43309c3da469d2c9917c3a03104304b908b87608b60f94823d50af0f91,39020f248f5bd6154fc2ad34afb47152c93b49add2ab22db62481a84b1a7e58a,0.5,0.8,19137905.85543848,4.0,1.0,1.0,1.0,1.0,2654571a6a92855e933485c0f27c94753cb826007255892a37b91f0b5d0d8c55,3,2,2,9e86e14b5b0001db2c1d0dfe2b98c8e5fedf00277d2005effd3754faaf6325d7,P4,1213622365.6872766,1213622365.6872766,0.0,6543971.3014184665,0.0,6543971.3014184665,h09,5,Katrina,1207078394.385858,12593934.55402001,1194484459.8318381,1776748071.315346,105209272.74904037,1.0,0.0,15496946.04355694,R0,False,True,10400000.0,0.0,0.0,0.0,NONE,False,False,0.0,9557344.06438629,0.0,141274440.79045692,R0,False,True,94809272.74904037,1767190727.2509596,931d1fe385d7120dbc9ea96e53be3d14ce3396295eb64fe70f0ae1f0fce6b05e
E2A_CRACKERS_A080,LA-0334,334,edaf1d3f884b2a1b1bc5dfef3d1a8ae510e3ba39112540125e89d3ae561834b0,M2,A1_FINAL_NO_MEMORY_V1,certified,PASS,,,07b9018665b64b220332ad39377dfcd354a481b18e21d434686f8c2f3cd00f30,dfcb4cb0c3a31cc625229332ea177ead411bcdbc9a62105ff67c9ce2e224a241,0.5,0.8,19137905.85543848,4.0,1.0,1.0,1.0,1.0,1a9b58bb3a78185123effababbdeb58c06374aecfa558c722b6ad92b24e9070a,3,2,2,705d55af8842df63d108fa553da8459290a1bb6e9843c12702cf13f6e55c08e2,P4,1224359243.616294,1224359243.616294,0.0,481001.9125290711,0.0,481001.9125290711,h09,5,Katrina,1223878241.703765,18656903.942909405,1205221337.7608554,1880716349.758429,1240994.3059572245,0.9999999999999998,0.0,406888.4396914717,R0,False,True,326514.4141988771,10073485.585801123,0.0,1139586.1257755752,R0,False,True,914479.8917583473,8642864.172627943,0.0,0.0,NONE,False,False,0.0,1862000000.0,8a36a7dac2bdea7799b7ae50818e90f91e7dab4741363bbda2d685b8889e3e18
E2A_CRACKERS_A080,LA-0335,335,cc1bb69c71a636da651af52730ba7aef77401a4bd6ccfe1248d0ebf3071c249a,M2,A1_FINAL_NO_MEMORY_V1,certified,PASS,,,0fbb5a70a277e1076ffd57414ba15d14fe90d67f6a2536ec5db26e05886b0aeb,6f9eeb51d5d237a86dc7585d239892adb3b60ad8fd89fdbd30918d0f960dc2a5,0.5,0.8,19137905.85543848,4.0,1.0,1.0,1.0,1.0,53c340a2e11b991cede96a2b48cfd92762dbc200b2363a2e2ca03ae0fcc6274c,3,2,2,ade4de995b09304ebcbafc8b535848e4e69d10e236db6add3b3de0a03428470f,P4,1224849190.251035,1224849190.251035,0.0,2804273.6568307877,0.0,2804273.6568307877,h09,5,Katrina,1222044916.5942042,16333632.19860769,1205711284.3955965,1806695853.4423153,75261490.62207112,1.0,0.0,31858893.990842555,R0,False,True,10400000.0,0.0,0.0,0.0,NONE,False,False,0.0,9557344.06438629,0.0,198693784.02082616,R0,False,True,64861490.62207111,1797138509.377929,74bbc3b5ea03242a38c057aa45df75655f2cb6f3de0a74d663a2227d1efe26b0
E2A_CRACKERS_A080,LA-0336,336,4bd72dcc8d08a9e2c2f073636634dd75fb19bd87a4052ad7c43219dffdc0c241,M2,A1_FINAL_NO_MEMORY_V1,certified,PASS,,,69c633533567f523da45c134faabcbcfe4020cec12ae459ad7d5b460fbdf8928,c53b66bfd5a6035109eebd9dc8efd91515b089cdaf7c19426bb51e6b22d0063c,0.5,0.8,19137905.85543848,4.0,1.0,1.0,1.0,1.0,0a4aacec4e086b29ae35b439f0436b4bbd9acbdd6b4cb147a66b999f700ec707,3,2,2,f9aeaa410e11a9ca52b5830b5f23a1560e30b7e9223a96637815948d074f6453,P4,1235939664.09418,1235939664.09418,0.0,4919365.696956167,0.0,4919365.696956167,h09,5,Katrina,1231020298.397224,14218540.15848231,1216801758.2387416,1774805397.4114394,107151946.65294704,1.0,0.0,0.0,NONE,False,False,0.0,10400000.0,0.0,0.0,NONE,False,False,0.0,9557344.06438629,0.0,212084335.8302521,R0,False,True,107151946.65294704,1754848053.347053,994aa4e0a36f0d14fd729cc08918e7223a60729817510936115a7858554079dc
E2A_CRACKERS_A080,LA-0337,337,fdf3c3b07ec9b9796fefeddd997a22e2387248693de1792909eb70c06cb37384,M2,A1_FINAL_NO_MEMORY_V1,certified,PASS,,,cb165fc61afaeca8e066fff10597f064b7c033a8abc8c22466f5d47088778575,4645341de9393b13a561c5ddba8eb441f35c8cf58020d822c32aa33f801f64e7,0.5,0.8,19137905.85543848,4.0,1.0,1.0,1.0,1.0,0213ff2f4861bc8d50edd62dd644bb83b8341ec94eac743c78bf628aa05670ab,3,2,2,7a37b730ba8f2d3a36a8e6c4ea95b2f1dc6e6df86bdcf27a99b76f00ddc4bbbb,P4,1225073649.3589787,1225073649.3589787,0.0,3689433.589529292,0.0,3689433.589529292,h09,5,Katrina,1221384215.7694495,15448472.265909186,1205935743.5035403,1745820082.8168983,136137261.24748814,1.0,0.0,0.0,NONE,False,False,0.0,10400000.0,0.0,0.0,NONE,False,False,0.0,9557344.06438629,0.0,213323865.73799074,R0,False,True,136137261.24748814,1725862738.752512,d9a6f22876961a1d91bff77e3f7375f84a8edbc66b42666b1be9b6a867923f36
E2A_CRACKERS_A080,LA-0338,338,9c3df1e34c5a50110c09d4d4a0e44b42ccb5952f0ae47eaa9372b81ff08f33e1,M2,A1_FINAL_NO_MEMORY_V1,certified,PASS,,,52a91de06eb3d47ac46fb80734d67949619bd13a220112ad6ccc68cfcbc75199,b516ff89bb7de707309892a03948cf3e2a0718d31499e0b6cb2df24da6deba47,0.5,0.8,19137905.85543848,4.0,1.0,1.0,1.0,1.0,77171fe4c0384dd8d484fc8057a59c1956f6bd77bd0874aa96223d53591182af,3,2,2,3ed6e3ad29a8b7f76179f302b483e2b987a39fd229ced05f2b47c5126631065f,P4,1234047756.9017742,1234047756.9017742,0.0,3893616.0307340133,0.0,3893616.0307340133,h09,5,Katrina,1230154140.87104,15244289.824704465,1214909851.0463357,1769758696.62077,112198647.44361639,1.0,0.0,0.0,NONE,False,False,0.0,10400000.0,0.0,0.0,NONE,False,False,-9.232693323701913e-11,9557344.06438629,0.0,201331308.11606967,R0,False,True,112198647.44361639,1749801352.5563836,2d606bedacb5e8c695d116f1133f4b504ba68fb197c15daa6c424fd881afb8e5
E2A_CRACKERS_A080,LA-0339,339,3bac671ad61b504a163f944f484fa94aa1e7765fb1a6931391f02da78e127f61,M2,A1_FINAL_NO_MEMORY_V1,certified,PASS,,,348c1f9199092d6719ce825bebfffba6e5b4103a908c3ebfea2417efd2ca67bd,d9185309df02a06762eac9ceb95ecfeefe09e7a67840c7859accac091637c5ff,0.5,0.8,19137905.85543848,4.0,1.0,1.0,1.0,1.0,dfa04cd3e628444c03ddc68fc52de01f06ab39093f72f127b587386dd907ca43,3,2,2,eaed847501cd0170c0b816e226e3a19b4bc07bb554bea07e5491754bfc1ba95d,P4,1174286245.7661762,1174286245.7661762,0.0,3437118.058724858,0.0,3437118.058724858,h09,5,Katrina,1170849127.7074513,15700787.796713619,1155148339.9107378,1870212161.8983676,11745182.166018624,1.0,0.0,19861528.54371755,R0,False,True,10400000.0,0.0,0.0,2568978.2679691045,R0,False,True,1345182.1660186234,8212161.898367666,0.0,0.0,NONE,False,False,0.0,1862000000.0,33c9b57efc81a694416899c339c6ddc57e3896b09818483f4a856efc26ca4cc2
E2A_CRACKERS_A080,LA-0340,340,2aa46ccf3899a1ff2f7880ddc668bfd9f5a447fba883a8190040cafe3891a2df,M2,A1_FINAL_NO_MEMORY_V1,certified,PASS,,,7f1f1ee7d606cc86cd0b979b1dabb0f5fe7ddb970c1225b9d52468a9942307cc,84e0fc21d7d9fab8c5da1233f49709bc81780effe8e79de5d78861d3df2c8007,0.5,0.8,19137905.85543848,4.0,1.0,1.0,1.0,1.0,6e7e3e462f2617e766cfd93e4cc90233a9433f7f806cd9c04ec0597f3c598602,3,2,2,d9256d49d837cda72564a11ebdf0edde1480f70e063dbc6ccd766b3d249653df,P4,1231123541.9674778,1231123541.9674778,0.0,5137377.339456853,0.0,5137377.339456853,h09,5,Katrina,1225986164.628021,14000528.515981626,1211985636.1120393,1761958294.000475,119999050.06391156,1.0,0.0,0.0,NONE,False,False,0.0,10400000.0,0.0,0.0,NONE,False,False,0.0,9557344.06438629,0.0,166511455.33742437,R0,False,True,119999050.06391156,1742000949.9360886,b7be221bad4d01f31e757438ce0f9239edfb3124a1f5b4298fbc70bdb8dcc493
E2A_CRACKERS_A080,LA-0341,341,f2d3138755398256b3e9efc5771397a5512c34859f76ef7b01bdb392b39d6ad0,M2,A1_FINAL_NO_MEMORY_V1,certified,PASS,,,e2094fccb7d9ed5fd8365a29d3362a54a80da138117a820ebbc065751dad96c3,9b0c1dc9814c1ffbaa8f1b85a9a43757056d48850d218a0d5c4d466242a6137e,0.5,0.8,19137905.85543848,4.0,1.0,1.0,1.0,1.0,0836f16089a5eaaa89e9377d3f77d0ba31ae119118b910681f30da1f6ae87409,7,2,2,37c19b0e85414a812a5bcbaa4ac6e21d1b27072454010405eb4de0b0171508e3,P1,1221339897.2103198,1221339897.2103198,19137905.85543848,0.0,0.0,19137905.85543848,h09,5,Katrina,1202201991.3548813,0.0,1202201991.3548813,1871057477.5681748,0.0,1.0,14275713.837085895,0.0,NONE,True,False,0.0,0.0,686149.1400636754,0.0,NONE,True,False,0.0,9057477.568174785,0.0,0.0,NONE,False,False,0.0,1862000000.0,85968e72bac43687f2d845cb9bcb4f72351f8c32a1c53fafc1b14e33132ef994
E2A_CRACKERS_A080,LA-0342,342,5975c8e611dac33b7a7dca31507f61ea3c00713614dd3bcbeabe2dc4d6bb8896,M2,A1_FINAL_NO_MEMORY_V1,oracle_failure,FAIL,oracle_failure,Full exact certification was incomplete,cf108da81d92ba8dbfeb1178f43597fd0df6881ee4fcfc8cb9056cb795aa877c,030bf60f3276b2f284aac60cd189b63316f1d522c481b0c6bfc521ec3830ccc2,0.5,0.8,19137905.85543848,4.0,1.0,1.0,1.0,1.0,07bc352b39d8ba8f793946ba65b80ae65fc062a82bd6f4344b02e1f68568c1c1,3,2,1,,,,,,,,,,,,,,,,,,,,,,,,,,,,,,,,,,,,,,,eb3c5ba9f7ce04854275c40498a2c7c7f8a1caf55ce93e6fb1d100e1dd9026ab
E2A_CRACKERS_A080,LA-0343,343,a53e1f4776b3d613a2264b00f84c5f2dad7ff0d68d08e4ff15fb56ca69f8c3e5,M2,A1_FINAL_NO_MEMORY_V1,certified,PASS,,,0093d92225ab3eb245b97977bef5013f15c1057f31785d44b1f1268e2b15b44a,0e2f8a046e7f410d3d810b393d98bdce3bbfb776c28c5b531579a9ef9903b236,0.5,0.8,19137905.85543848,4.0,1.0,1.0,1.0,1.0,ace208cfa4c15b296c8a226ba18b9a234bec1313ba7ad6249c39b3888066b6f6,3,2,2,dd9174fe8dad2d00eb5a65acc64e764155f6d8659153b7615d97d5a36419f4ec,P4,1220931766.2757833,1220931766.2757833,0.0,4673633.17481983,0.0,4673633.17481983,h09,5,Katrina,1216258133.1009634,14464272.680618647,1201793860.4203446,1734771525.72344,147185818.34094647,1.0,0.0,0.0,NONE,False,False,0.0,10400000.0,0.0,0.0,NONE,False,False,-1.2764898089670266e-10,9557344.06438629,0.0,217080323.31515712,R0,False,True,147185818.34094647,1714814181.6590536,76880da5701eb5c7cb5c84469dece874f46b2c2cede08b66fa02ab2c8133b970
E2A_CRACKERS_A080,LA-0344,344,c2d451ce912c81fde73274640c4ee850dbe90495fa615b651882d0c40ff5a306,M2,A1_FINAL_NO_MEMORY_V1,certified,PASS,,,ff081ca26fff862fe870971cdac555ad67b2019d241a5de1e673ca2aad98ba99,a1716e5d1e26447a0d99fdda411b709b95d4f0fc3f292f59e63c99ea3236b9e7,0.5,0.8,19137905.85543848,4.0,1.0,1.0,1.0,1.0,ebd65049657cd4a5553d9b4d76c5d9d1e83d3fffad23e60ad35f7d6291a16898,3,2,2,30909d93f217b7b82ae484d75006eb1cc9847faa02927e4b72200a650e9bf3d0,P4,1214667365.2184017,1214667365.2184017,0.0,4336811.847257842,4474434.531751263,8811246.379009105,h09,5,Katrina,1205856118.8393927,10326659.476429373,1195529459.3629632,1718061108.9037077,163896235.1606786,1.0,0.0,0.0,NONE,False,False,0.0,10400000.0,0.0,0.0,NONE,False,False,0.0,9557344.06438629,0.0,182863515.2848275,R2,False,True,163896235.1606786,1698103764.8393214,18e04b476f4fb659a0a6c75d3725aa88beb9a8a9391e47bad03fe40b6a4b6ca0
E2A_CRACKERS_A080,LA-0345,345,33acfae446e0a06866be96cd15c23236d9cd234a7c90925b249c7e99987db23e,M2,A1_FINAL_NO_MEMORY_V1,certified,PASS,,,6c445b204282c5fe6a86257a8c5c6106ee5900a9fe7e815f544c948a3798b767,e69aaceb7e5c67e2d896a3bae6e18422fd5315ee6e82339e8b0de82f7c644439,0.5,0.8,19137905.85543848,4.0,1.0,1.0,1.0,1.0,93c627d607da01775179c4a61f536c28190745ca7c510dadbbf8c27a081bf780,3,2,2,b9f41efd6b36ceffb9bea216f795053df88c36066c9867deceba7d21a0d27e8d,P4,1223977754.6052659,1223977754.6052659,0.0,3400680.7435080614,0.0,3400680.7435080614,h09,5,Katrina,1220577073.8617578,15737225.111930417,1204839848.7498274,1742896761.3441262,139060582.72026002,1.0,0.0,0.0,NONE,False,False,0.0,10400000.0,0.0,0.0,NONE,False,False,0.0,9557344.06438629,0.0,180769166.96051592,R0,False,True,139060582.72026002,1722939417.2797399,8f278828bf9a46cbb37048c5b9ecba5d6eec14adaf0aa58828866691ba97ca40
E2A_CRACKERS_A080,LA-0346,346,3dd7ad95cf861f6cbd70370bf67711991efcc8b5b2ab195318535f2389bee8a7,M2,A1_FINAL_NO_MEMORY_V1,certified,PASS,,,820518192a2c523828b1034630512a7fdaa8e91faf6571c35b9d978f9f48bbe7,a9df2e61d890cd023a20a05cb52582ed750b34c88d0806f605250abb4f490298,0.5,0.8,19137905.85543848,4.0,1.0,1.0,1.0,1.0,de80e37f694cd4d98d9e909701fb770cc38e79983e39e1a8d5998482700a16d7,7,2,2,e0896e895c2a1ac8a69117ca953f7b0c4d45d118a402fe9ae9d0323001512cd7,P1,1221238317.8018615,1221238317.8018615,19137905.85543848,0.0,0.0,19137905.85543848,h09,5,Katrina,1202100411.946423,0.0,1202100411.946423,1871055652.7009633,0.0,1.0,14248827.894733448,0.0,NONE,True,False,0.0,0.0,687357.1051622935,0.0,NONE,True,False,0.0,9055652.700963335,0.0,0.0,NONE,False,False,0.0,1862000000.0,00603c1179ad2d0710a511cb4d734987a505e63db0031d86fa804bfd450ad1c6
E2A_CRACKERS_A080,LA-0347,347,6cc502db2cac41fe892b2a1a02be586f31c7e73bfabe1919611198aa5fcca6ed,M2,A1_FINAL_NO_MEMORY_V1,certified,PASS,,,ab2ec1eb9892b093c1b62b8fa2c16b6d3eda42f9253322aab097d0ee48eeae42,ce08ea0b0951e06a91b2b99e160cc6b00c4696ad34254fc992d99674fa6e8b12,0.5,0.8,19137905.85543848,4.0,1.0,1.0,1.0,1.0,ad8f0963a73d97737c6b52360af2664c931d9a9995fef4abbf493714b5b96aa2,3,2,2,177e55a98f166afcd6ff664668faaf84598c985ae53da6c434c43037b7e4e885,P4,1216508963.603415,1216508963.603415,0.0,4424353.127661646,3434284.9865601948,7858638.114221841,h09,5,Katrina,1208650325.4891932,11279267.741216637,1197371057.7479765,1722973609.9307387,158983734.13364762,1.0,0.0,0.0,NONE,False,False,0.0,10400000.0,0.0,0.0,NONE,False,False,0.0,9557344.06438629,0.0,170649446.83347103,R2,False,True,158983734.13364762,1703016265.8663523,c6f59a5e1f3a3c1dcbe21310e6403e3c09fa6d49c5d28dde90e69bf96eedc7c6
E2A_CRACKERS_A080,LA-0348,348,318b797222852e730be8b3eebcbf9febd49a5c4338f21e33e0e0e7a6efd5f024,M2,A1_FINAL_NO_MEMORY_V1,certified,PASS,,,c9a1503bee60a1c8b78d09aecf49682de5894f444ae38d202f5efbdcb8247e2c,130b08f539ad9abf7980317473ac992a56be51d6a8f9470bc677b326585ffd39,0.5,0.8,19137905.85543848,4.0,1.0,1.0,1.0,1.0,ee3e41b2f298c269f1d34fd09648f3c479113abc992b8a874cc819277b36f4ce,3,2,2,8099ac52a6237aad06f2a6deb1ffac7798338acac95bde7c96e172e3ead2f79e,P4,1171042950.8466673,1171042950.8466673,0.0,4402468.110377787,0.0,4402468.110377787,h09,5,Katrina,1166640482.7362895,14735437.74506069,1151905044.9912288,1663166619.008983,218790725.05540344,1.0,0.0,16670790.523265542,R0,False,True,10400000.0,0.0,0.0,0.0,NONE,False,False,0.0,9557344.06438629,0.0,334042127.34519756,R0,False,True,208390725.05540344,1653609274.9445965,c1c45bac2521444ba01d4216311a044a9543d1f3e2db69a390cec3fb24596337
E2A_CRACKERS_A080,LA-0349,349,a13fac328519453bbee1dec8c125b0a9799e9407a66ec9ae666070e54c274bb7,M2,A1_FINAL_NO_MEMORY_V1,certified,PASS,,,6a63a52b08b11f9b5b55c7492a7d95b848a9f2f802b797093013f32159865b9b,e4c1641dba37414f80a7812dc262635a5f88a48ea8e344a0c6d15f0f027754d3,0.5,0.8,19137905.85543848,4.0,1.0,1.0,1.0,1.0,2d47b756dbf6ae0a1e608731777946075e8ae8775ce938e203f91f0c2d65ead5,3,2,2,afcb95241107faddcc99f3475d06f9c619321634e221f02da75875cce29c86a8,P1,1239632077.264095,1239632077.264095,19137905.85543848,0.0,0.0,19137905.85543848,h09,5,Katrina,1220494171.4086566,0.0,1220494171.4086566,1871386095.347238,0.0,1.0,21622869.407663703,0.0,NONE,True,False,0.0,0.0,356046.9853006866,0.0,NONE,True,False,0.0,9386095.347238012,0.0,0.0,NONE,False,False,0.0,1862000000.0,8f9ef7135f162060faef85675774908e411fc67895751b26c1d1592e119875af
E2A_CRACKERS_A080,LA-0350,350,6f6cc94474cb93bf0b7f910d95037abb1027f5c4c91ee99da7a96a1dab0f8743,M2,A1_FINAL_NO_MEMORY_V1,certified,PASS,,,8cb44527598076fe9440f4820aee791a89ef91c9c869aed29e7e75076cc911c9,97b6324da7013b71a758a5896d187168922a632fd4f0be10f819c68c54d51521,0.5,0.8,19137905.85543848,4.0,1.0,1.0,1.0,1.0,50f0c64a90c8c77cd8e7f93a006234446003e9b7f2795c4c4aec970dbd6c179f,3,2,2,e16390d8c78710864728761e2bd66bff4ed54f3a85941922b1171e06f4aba485,P4,1227421178.8107421,1227421178.8107421,0.0,3753549.080243548,568975.6474366403,4322524.727680189,h09,5,Katrina,1223098654.083062,14815381.12775829,1208283272.9553037,1752082165.2213035,129875178.84308279,1.0,0.0,0.0,NONE,False,False,0.0,10400000.0,0.0,0.0,NONE,False,False,0.0,9557344.06438629,0.0,161498904.8166096,R1,False,True,129875178.84308279,1732124821.156917,dfffae555c4914c35df3a3aa6cf40497d363f54426f2dc7e5d30e3de8b10eb1e
E2A_CRACKERS_A080,LA-0351,351,f3014d60172507cc6bb29f0401f255d8c1e3a8702a3b2baa99dff2998e300dd3,M2,A1_FINAL_NO_MEMORY_V1,certified,PASS,,,9b99dd0add70459836a5d9869258c3fa82e34299e20877f926a845ef944831c9,db97e58e293b5ddf2d51df385c7af36b7bdadb02d3678263b856f9a3654a032e,0.5,0.8,19137905.85543848,4.0,1.0,1.0,1.0,1.0,288e6f4db435db0da170150f4a3be7a9486cdd34975c0cdf20637b492874fd12,3,2,2,42e5fb29e299a4ba09ea75b91194863e36f8a8b281a6de7c6502302a02b366a3,P4,1201549238.3285189,1201549238.3285189,0.0,4056568.765544466,0.0,4056568.765544466,h09,5,Katrina,1197492669.5629745,15081337.089894012,1182411332.4730804,1744542759.3254886,137414584.73889792,1.0,0.0,13134719.801893104,R0,False,True,10400000.0,0.0,0.0,0.0,NONE,False,False,0.0,9557344.06438629,0.0,160413555.89415693,R0,False,True,127014584.73889792,1734985415.2611022,fb74f66fe203338bd27b53e7b1f1d950b464cf1ff7b6c894e17744a90345556e
E2A_CRACKERS_A080,LA-0352,352,ac8b1a8f6840d38fda588e4e7b0ae078e171d0cb71993537b634e75a6af9ed2f,M2,A1_FINAL_NO_MEMORY_V1,certified,PASS,,,c08625b3ddca4f3da67b8f73e54553ad06c223d4b127fd5ad07d0828cc6738e8,23006af5b6dee8d8599b6c101c3467557fecd61c78ba6a180e1443eb5d6453c1,0.5,0.8,19137905.85543848,4.0,1.0,1.0,1.0,1.0,c0aafce78662cfad880cd8ae6b9154c3816007c772da660d7c449cb779d2b907,6,2,2,052e3d95804e2242baddacbeabe2e92a50118d86629b5474f864cbe76ca6dbb0,P1,1230739203.0323558,1230739203.0323558,19137905.85543848,0.0,0.0,19137905.85543848,h09,5,Katrina,1211601297.1769173,0.0,1211601297.1769173,1871226335.462362,0.0,1.0,17295442.32911782,0.0,NONE,True,False,0.0,0.0,550475.0179570522,0.0,NONE,True,False,0.0,9226335.46236198,0.0,0.0,NONE,False,False,0.0,1862000000.0,65a518ccea4ef25e4f4f5e6e2425ea7060a0270bb5b20656b401acd6bee1f559
E2A_CRACKERS_A080,LA-0353,353,021c8d252140c33d3bba0da6f129eb5c541a0a1aa63a39f9d3711612fb02085e,M2,A1_FINAL_NO_MEMORY_V1,certified,PASS,,,d33cfd7207a9bea5dccb71480fb81f15eb9662a0ab500345a8283f8d3d419de0,cbd482d8ce4a23ba675183a5e3b7782036f279f5715c3aad49b900c4371903e7,0.5,0.8,19137905.85543848,4.0,1.0,1.0,1.0,1.0,2c897b55d5f7444528185f388388fd477c690f3f96bfd40bf42c2dd413428742,3,2,2,a2df77729b6b7dacab06e03ba8cdcba1cd11f6d2617801e8d7bed0c1372db3fe,P1,1224917169.5904088,1224917169.5904088,19137905.85543848,0.0,0.0,19137905.85543848,h09,5,Katrina,1205779263.7349703,0.0,1205779263.7349703,1871121743.024845,0.0,1.0,15291851.438470911,0.0,NONE,True,False,0.0,0.0,640494.8445297495,0.0,NONE,True,False,0.0,9121743.024844967,0.0,0.0,NONE,False,False,0.0,1862000000.0,b4f82b2a22030c9dca16722758e7ad05c100158662476dd5140d23f6c81273f3
E2A_CRACKERS_A080,LA-0354,354,c17d41a53215417e5264499caf66e812c1888c03f25a53be7db763b45211baf3,M2,A1_FINAL_NO_MEMORY_V1,certified,PASS,,,a8503c82fabdbdb513bb0f03db6a00ce16649104e485cb285d53cdd3a9a29bf4,6cc6f11e4970950b2ad75ee66b17b2cdb7488b1247bbc813a836421731133157,0.5,0.8,19137905.85543848,4.0,1.0,1.0,1.0,1.0,5b8dab3a20a3fb57b07b0468c776d32866bcd8bff715eb521ee2c4d410babc40,3,2,2,ea19042696028c60221880aa86f694004809f9d9f0f1ed49938dc832a41b3b2d,P4,1210820771.2177095,1210820771.2177095,0.0,9634718.053533686,0.0,9634718.053533686,h09,5,Katrina,1201186053.1641757,9503187.801904792,1191682865.362271,1707800241.4242685,174157102.6401178,1.0,0.0,0.0,NONE,False,False,0.0,10400000.0,0.0,0.0,NONE,False,False,0.0,9557344.06438629,0.0,216183144.11076793,R0,False,True,174157102.6401178,1687842897.359882,78466122bf611bd8e66c26645739a2588b0c303a05b531d8c3a804f069c0a9d7
E2A_CRACKERS_A080,LA-0355,355,3458675177d843ecf6982085731c917a10e2e388354f60e93bab711b3d5419a4,M2,A1_FINAL_NO_MEMORY_V1,certified,PASS,,,023e59f9b706d13998e65df5a240fb09fae8e3138ceba4e06fb7e28cf5b6cc9e,265aa0d24782f65838c8bfa1a9199bc81b59a26fefb7d2cbfcbfc175459eff0e,0.5,0.8,19137905.85543848,4.0,1.0,1.0,1.0,1.0,27b6d4cf52f2141585623b820098b3fa4ac9e3ac2e94cfdcfd59df3a0ffe74ed,3,2,2,ae0eaacf466df08064fb607688d66d9b10d9d472c718d7a4e24ef0e8a00c41ab,P1,1223406998.3492155,1223406998.3492155,19137905.85543848,0.0,0.0,19137905.85543848,h09,5,Katrina,1204269092.493777,0.0,1204269092.493777,1871094612.9005063,0.0,1.0,14845752.598742407,0.0,NONE,True,False,0.0,0.0,660537.7287203815,0.0,NONE,True,False,0.0,9094612.900506198,0.0,0.0,NONE,False,False,0.0,1862000000.0,cf08ce88917581ea0b70da7ddafe15e50ce46340f13a9c9d1e02ea8646ff49c7
E2A_CRACKERS_A080,LA-0356,356,06cb055d8c505b6ed314c54dc47e353a06355a26e06a2ef6d826c99ff2345570,M2,A1_FINAL_NO_MEMORY_V1,certified,PASS,,,7901bea030206fc5d3851f98526312ab7107a2b53adc7ed0f195009c04dd9a11,8a276ce9f29ca347f2a9257af4131dc975cd0bbca0ef4485f04f386de8804337,0.5,0.8,19137905.85543848,4.0,1.0,1.0,1.0,1.0,85182fb4f5b96630a39c9a7aebc963953cb4dd3f785a438f66f178c41f652372,3,2,2,57d9fa5d77fb74ca226dbe1413c5f9827a6a0aaa43926888b91711276b3f244a,P3a,1236014845.091615,1236014845.091615,12822537.791896299,2360659.6921519907,1331826.9202503995,16515024.404298687,h09,5,Katrina,1219499820.6873162,2622881.451139789,1216876939.2361765,1836480464.0926037,35076879.97178273,1.0,19797032.255513813,0.0,NONE,True,False,0.0,0.0,0.0,0.0,NONE,False,False,0.0,9557344.06438629,0.0,62146078.141317815,R1,False,True,35076879.97178273,1826923120.0282173,a36aa4ab8098896e361e1e867db2a8cae1eb94adc1768f41917e2cac2b151bc2
E2A_CRACKERS_A080,LA-0357,357,0a28eeb76ac37dbaf3e900b6414119d91259b9ec72797db1a3b1a9cc574c42f2,M2,A1_FINAL_NO_MEMORY_V1,certified,PASS,,,b5fc15e2d841efc6bce61a90f34d279ee1b7bb5ce8b87a6607920a7837197a7f,aa27e3a04dd0ec04ec31d9392550e8ff05a9df789a33cd5b146611598d78d2f5,0.5,0.8,19137905.85543848,4.0,1.0,1.0,1.0,1.0,ba0f3680ff760571248649a72e693beb6679a14dfa36196a9950c172ec50dccd,3,2,2,46bb6bb9b7b04fc60e56b470f70f234b3a85ef9975cb33cee3e35909a6657b9a,P4,1221575248.9687448,1221575248.9687448,0.0,9599967.205337856,0.0,9599967.205337856,h09,5,Katrina,1211975281.763407,9537938.650100622,1202437343.1133063,1797962548.69869,83994795.36569655,1.0,0.0,18341334.34729733,R0,False,True,10399999.999999996,3.725290298461914e-09,0.0,0.0,NONE,False,False,0.0,9557344.06438629,0.0,129791033.4637662,R0,False,True,73594795.36569655,1788405204.6343036,eca932eb6c36c7f277039def3bb86cd6172753827d0f4cc231c9b7d83fa4d215
E2A_CRACKERS_A080,LA-0358,358,65f12d3443be917eb572e0eca29833f1866f1a45141d44db32bfff161cc2c593,M2,A1_FINAL_NO_MEMORY_V1,certified,PASS,,,e5596666fd877b6b37e5d7980ef408da08b46b09a35effe8c981ef63fa7e783b,dba0f2fd04b4d9003b835f260817787fcc69acbc22a653076f34b70045485ed8,0.5,0.8,19137905.85543848,4.0,1.0,1.0,1.0,1.0,5cf07e46bfb0a993ddbb491fcfd07bc1b687cca706cb5eef27aef5121a727710,3,2,2,0654ee5a0634f4fb9620dc4103d7bf1c55e401a8556f8a0f1a7bb8c6b03da27c,P4,1168155110.8672476,1168155110.8672476,0.0,2849430.888074171,0.0,2849430.888074171,h09,5,Katrina,1165305679.9791734,16288474.967364307,1149017205.011809,1593988727.471905,287968616.5924814,1.0,0.0,0.0,NONE,False,False,0.0,10400000.0,0.0,0.0,NONE,False,False,0.0,9557344.06438629,0.0,868192363.9856374,R0,False,True,287968616.5924814,1574031383.4075186,696e9e93d41234be613d10a0df9d7704a38dcdec781437f1fc937bd745cfe2ee
E2A_CRACKERS_A080,LA-0359,359,21c636b766ade4363144acab6923276c2bf5d40693d9a586c4a2f8dd660e900b,M2,A1_FINAL_NO_MEMORY_V1,certified,PASS,,,65acab536a21186649cc7c1fc67e4ec2cc21329d90d55ba26f0765892e681057,8bde92ae56ac188880c3f5c8a186453d0a09df85d3e4e317e68c3a83417fd15b,0.5,0.8,19137905.85543848,4.0,1.0,1.0,1.0,1.0,b37bde1f3794c545ff2784d3be81076faa54211487cd8184141cb77c84e27864,3,2,2,3c8e86c1ed12b079f5861b567806cb65433a980dea45d94010bd01674870aa2e,P4,1233716222.3189225,1233716222.3189225,0.0,9067484.548289387,0.0,9067484.548289387,h09,5,Katrina,1224648737.7706332,10070421.307149092,1214578316.463484,1768874321.3997617,113083022.66462475,1.0,0.0,0.0,NONE,False,False,0.0,10400000.0,0.0,0.0,NONE,False,False,0.0,9557344.06438629,0.0,239989611.84330428,R0,False,True,113083022.66462475,1748916977.3353753,8327718fda2720afc559a0370941a422dab16e83b1e879650552a34e86a261fc
E2A_CRACKERS_A080,LA-0360,360,0a56397007d7cfb3146d559cf64815a63814bb2efffbfd8165672b8d1d540978,M2,A1_FINAL_NO_MEMORY_V1,certified,PASS,,,56caf06df97567c555e670271c59aba094542b5912514c44e0152f40436eeb86,ef9c01d2349968e17fd6e686cb4c7aaec7510954b5e94577a37b1344e49e5ed6,0.5,0.8,19137905.85543848,4.0,1.0,1.0,1.0,1.0,84375d609726d3d42e3c97777ad7c5b79f230ecb2bf4e03d76c1eeadeed63471,3,2,2,234302d55cadd36315b2e0cddcc093250f4ed761bc11eaa66652fe8a81f9f754,P4,1235493312.2511883,1235493312.2511883,0.0,5446778.4539999245,0.0,5446778.4539999245,h09,5,Katrina,1230046533.7971883,13691127.401438553,1216355406.3957498,1835089264.6676495,46868079.3967369,1.0,0.0,15381126.5568214,R0,False,True,10399999.999999998,3.725290298461914e-09,0.0,0.0,NONE,False,False,0.0,9557344.06438629,0.0,53934629.27744435,R0,False,True,36468079.3967369,1825531920.6032631,d45cb051660d890a5c101bb5bea4aeace06ef09c7ec85f02643608a060c6e704
E2A_CRACKERS_A080,LA-0361,361,b0d57db8f02142b21b1c200ea874bd8b892e7704696e5db341379a9f846904f0,M2,A1_FINAL_NO_MEMORY_V1,certified,PASS,,,3f7c3cfba52b2f9d8aa2ce79b278f5b7a97ca587cd9d9593c6429e75db437e43,616042a16644a1ce6c4ec5914b6d588d7b16e6e50df568c69b96a14d2a578464,0.5,0.8,19137905.85543848,4.0,1.0,1.0,1.0,1.0,c07fae67dce20292dd75a2442c32d2ea1a960edd36a39de80411620bf64c12ef,3,2,2,eb4cd2d3a2968454b8b27fcd70852e2e7859f59f05265cb1fb014d9cb3cc3c9f,P4,1228519239.0378919,1228519239.0378919,0.0,3333767.1659050123,0.0,3333767.1659050123,h09,5,Katrina,1225185471.8719869,15804138.689533466,1209381333.1824534,1755011263.1383696,126946080.92601685,1.0,0.0,0.0,NONE,False,False,0.0,10400000.0,0.0,0.0,NONE,False,False,0.0,9557344.06438629,0.0,180129498.32894242,R0,False,True,126946080.92601685,1735053919.0739832,7609183701a529e2054b064207d972b78f70308d9daf73703564db112fc183e4
E2A_CRACKERS_A080,LA-0362,362,15eef0707ea29686f6e972f8e38dfed1d1bfaa115a3c5dbbde17a75769203c35,M2,A1_FINAL_NO_MEMORY_V1,certified,PASS,,,01b60b12eac4e9f54f2a96fc117c3a3e56db6577121b89df9669b3bcd5c8821f,ca95575369953f3bb6c6c3f66959d078d78fe8fcb9476d78e087a7a609039a41,0.5,0.8,19137905.85543848,4.0,1.0,1.0,1.0,1.0,44ec36fc6b515c2840b28b4a2f83c139cb3c2b2fa201aa22ac6ed3b427358322,3,2,2,8c26ad70e71446c781a200e75268e2ba089ba4b0be1ab34dd51ffb02c2fde6f1,P4,1225491149.4012575,1225491149.4012575,0.0,7695802.557137918,0.0,7695802.557137918,h09,5,Katrina,1217795346.8441195,11442103.29830056,1206353243.545819,1808408292.4900708,73549051.57431549,1.0,0.0,20357794.312458284,R0,False,True,10400000.0,0.0,0.0,0.0,NONE,False,False,0.0,9557344.06438629,0.0,123613019.51699373,R0,False,True,63149051.57431549,1798850948.4256845,a4804fee6daffcadcddcf1357ae314057d351eaa17fcde7a84135b9b3509545b
E2A_CRACKERS_A080,LA-0363,363,fb61ab34a92b508f1bd1a8101dbe86d067d16b0d105e50f9044685bc512b44e2,M2,A1_FINAL_NO_MEMORY_V1,certified,PASS,,,b71b068dc8718def6d715090560b48b37bc1f7dc38d2fc95346d8c0cbf6b3a2b,f01ed0e6117fd75a756088fbc08cb03667adb3ac1d37d473de15c87b31f2302e,0.5,0.8,19137905.85543848,4.0,1.0,1.0,1.0,1.0,6e9e63c29392663897e8d94c4932c6409aa33b8e11a70485447fbaa47ad35db7,3,2,2,aa25f885836d1bf294cc5b2995d4c88ec0f2017ddc94f508ed726b5507d76031,P4,1213702558.598515,1213702558.598515,0.0,7826742.526048671,0.0,7826742.526048671,h09,5,Katrina,1205875816.0724664,11311163.329389807,1194564652.7430766,1776961987.5318377,104995356.53254871,1.0,0.0,20071533.37893156,R0,False,True,10400000.0,0.0,0.0,0.0,NONE,False,False,0.0,9557344.06438629,0.0,182564793.85913298,R0,False,True,94595356.53254871,1767404643.4674513,84d92d93cd94ba67684632bba6f20a26ebde70ded5de02d484335e9a1fc1aa37
E2A_CRACKERS_A080,LA-0364,364,effee79a86334191156eb830e2e1c96a6e6dc1d51a6dac553399a06a3ca0103c,M2,A1_FINAL_NO_MEMORY_V1,certified,PASS,,,54ba5cc270e19fa7a66344b26eb921cff83fea4b2cb4353da3ae757fc4ad500b,c0ace3952fbc7200e43cf3ecd46a3aff2bcf2342cb18d430de7d5bbff93c7564,0.5,0.8,19137905.85543848,4.0,1.0,1.0,1.0,1.0,953361cb66c0ccb54bd65410088c71cdb651cb72a1cf8014982be584fdcf8de7,3,2,2,6e9eac4f2a73e04ca0dd0ebfc5274e400572966d0ee2d2219a7856260376efa6,P4,1206499669.9569087,1206499669.9569087,0.0,9418478.810215803,0.0,9418478.810215803,h09,5,Katrina,1197081191.146693,9719427.045222675,1187361764.1014702,1696273616.2087307,185683727.8556557,1.0,0.0,0.0,NONE,False,False,0.0,10400000.0,0.0,0.0,NONE,False,False,0.0,9557344.06438629,0.0,226700462.94007444,R0,False,True,185683727.8556557,1676316272.1443443,08d203e65e38b06d55404efdf848a824849a497d9efa6fbb3d529378698b6e27
E2A_CRACKERS_A080,LA-0365,365,03571409f530a57950103a16cc3d0f31cfa9635ee41d994996c4ed270bbb4e53,M2,A1_FINAL_NO_MEMORY_V1,oracle_failure,FAIL,oracle_failure,Full exact certification was incomplete,7898e6ce47dedb8dbb9aa74ebe9fc016254c68aeb5fdfa85e17bf8b94eb458ac,f24d3ff0dfe887a5d1365e6725192357c7d98850a13e764e6b5f51eb3c8c8743,0.5,0.8,19137905.85543848,4.0,1.0,1.0,1.0,1.0,65bebcb68eb8e4778062ee32924681ab0113048b8134fdcaab41d2bec74f6e80,3,2,1,,,,,,,,,,,,,,,,,,,,,,,,,,,,,,,,,,,,,,,f19848393979dc73bbf6265d0496adbf49ab1bf986870c20ad7cbbadbee32064
E2A_CRACKERS_A080,LA-0366,366,8b25210d1d676141cef8ecab69833d63fbcfb4a694ecb8073dab9c68775d4f9e,M2,A1_FINAL_NO_MEMORY_V1,certified,PASS,,,e3994387e5094d66478969f42b14c31041e7f798b2add240940ead8436ea1525,d4fd3aae364f5220e18797efc01b70ab2d5bab61d6856ac5bcc964b16a45c8f3,0.5,0.8,19137905.85543848,4.0,1.0,1.0,1.0,1.0,5e6bd71fe1ada04ed9eff2222d0fa96fa2acf15c0cfe13b97cc694a581b271ed,3,2,2,402dc031d2d6a166b98d4f1658e73b6c8fe1a5a601a6d8643d11e4b8e803e312,P4,1207543748.90965,1207543748.90965,0.0,10367381.172866564,0.0,10367381.172866564,h09,5,Katrina,1197176367.7367835,8770524.682571914,1188405843.0542116,1699058717.9819415,182898626.08244497,1.0,0.0,0.0,NONE,False,False,0.0,10400000.0,0.0,0.0,NONE,False,False,0.0,9557344.06438629,0.0,322164138.06313515,R0,False,True,182898626.08244497,1679101373.917555,2ea73d46aa913e43cb2177754b1c4ed63a50b2545c79ce91b4dee1edb9ceda81
E2A_CRACKERS_A080,LA-0367,367,f1573a599fa38365c2f773c368a487ae4544184c7812970daeffa7a98e94d3a9,M2,A1_FINAL_NO_MEMORY_V1,certified,PASS,,,8c71348512c1ca2d5831bcf621251b905dd04110792748108d3574769eea2803,574ab6abddde5f22c9fd754d22c06949fb61d141ce75ec04ee60e83a9ca12315,0.5,0.8,19137905.85543848,4.0,1.0,1.0,1.0,1.0,497a1b0f03dcdbb6d46660a1117989c230547f2ba92e3d1a5a2b7ab516d4594c,3,2,2,9cbae20fd419e9991ee2bf8dd33015887d5c3df7b6c6b80d27e259a29a65762d,P4,1200341966.5364485,1200341966.5364485,0.0,8671701.747752175,0.0,8671701.747752175,h09,5,Katrina,1191670264.7886963,10466204.107686304,1181204060.68101,1679847817.4985828,202109526.56580356,1.0,0.0,0.0,NONE,False,False,0.0,10400000.0,0.0,0.0,NONE,False,False,0.0,9557344.06438629,0.0,306164751.97331196,R0,False,True,202109526.56580356,1659890473.4341965,af3d2cc2e812fc9e6fda92ecd8601c50be6bf3304e8aa2e216ee966bab0ff6ec
E2A_CRACKERS_A080,LA-0368,368,4fdc3d14138594902a64cb7f35a439db51263b34087e0642dcbfff56920eb672,M2,A1_FINAL_NO_MEMORY_V1,certified,PASS,,,747c41e654713c36be8c17bda4add8818e3fd4a45c9aba52a5750c79ee223cf2,052629551858f5363c15678ca2639f246a05dca1f25a937826397eec2fa66ee8,0.5,0.8,19137905.85543848,4.0,1.0,1.0,1.0,1.0,e591fea9ebeae5f3539055dd123373311d9169e0d57ec659bdb1cdaf717857d7,3,2,2,ff0801e01b79085961a48f8ce2ed8affb09d910f7539fa4960d3d1a2c689ba09,P1,1222078326.1552813,1222078326.1552813,19137905.85543844,0.0,0.0,19137905.85543844,h09,5,Katrina,1202940420.2998428,0.0,1202940420.2998428,1871070743.3942914,0.0,0.999999999999998,14474252.595700348,0.0,NONE,True,False,0.0,0.0,677228.9434796979,0.0,NONE,True,False,0.0,9070743.394291513,0.0,0.0,NONE,False,False,0.0,1862000000.0,c7129b7b3ed5c2101e9aed47e3e76b73e9cb11dd2a91e8acded5181d7fe0d9d2
E2A_CRACKERS_A080,LA-0369,369,d1453ef1a1439de09343783e82c221eff6c8db9afe5fcd7a117848f9fa808383,M2,A1_FINAL_NO_MEMORY_V1,certified,PASS,,,0b92decdc69befcad5acd85a9fd1157c013242044f1f58b15bed4ea765c9ec50,a6e2ee31cd068c00270ad465e4c0967ab06af5b38d14259388312f6aa3ec34d7,0.5,0.8,19137905.85543848,4.0,1.0,1.0,1.0,1.0,b692a165599a51fde815aa6110b8923e229647e41a0b742a19368748d769e2d1,3,2,2,d1215cb908465334ec6692189a74f7ca64f149261751adeb141a028d2af5eb2d,P4,1209149440.7779374,1209149440.7779374,0.0,3294633.274780193,0.0,3294633.274780193,h09,5,Katrina,1205854807.5031571,15843272.580658285,1190011534.922499,1703341933.593037,178615410.47134942,1.0,0.0,0.0,NONE,False,False,0.0,10400000.0,0.0,0.0,NONE,False,False,0.0,9557344.06438629,0.0,306392396.25489813,R0,False,True,178615410.47134942,1683384589.5286505,9d3fa02873fdc3bd4559fb7414b63867541e635fdef6f4949b947857ff30c4f1
E2A_CRACKERS_A080,LA-0370,370,e4502392d71252cc2415a30a47a695f90e3cba906159d007ab0f39fc3b4791d7,M2,A1_FINAL_NO_MEMORY_V1,certified,PASS,,,9e022a86bbe2998136170b975a71f94b8ac2c939e15ac6934ce80b30ef8cd941,029a7de7340e9a038060bad5d3bd529c606f5b3cc440d9244dae2b1112ba8120,0.5,0.8,19137905.85543848,4.0,1.0,1.0,1.0,1.0,eac46dc3ff6f3a148b9f649f7d6bd15dbe5ac8fe7d99348152c43e7f3ca59bfd,3,2,2,6278529f1ab940a0b1431fc00caf4d8159a7a021a7621c7a140531617f286ff6,P4,1165294785.574013,1165294785.574013,0.0,3428387.559698642,0.0,3428387.559698642,h09,5,Katrina,1161866398.0143144,15709518.295739835,1146156879.7185745,1647833271.6107378,234124072.45364857,1.0,0.0,17887119.14524556,R0,False,True,10400000.0,0.0,0.0,0.0,NONE,False,False,0.0,9557344.06438629,0.0,384786455.7344194,R0,False,True,223724072.45364857,1638275927.5463514,c15b78fba3e09e7bb525bac6209df431984e9e1f9e284c9f9431066d3eca4ed7
E2A_CRACKERS_A080,LA-0371,371,f6f1fb3846596328a42c754a67cbb4512e569e2ce357a40cb0bd6d0fc5fbf719,M2,A1_FINAL_NO_MEMORY_V1,certified,PASS,,,446925ecbf4f9d97e097c99463f61a47b99a0f1a407dfaf1423f346e38f50d86,ba245921f2f35a7e6c5ad59b655e79aa2cde709082ecbdcf85973802a8588587,0.5,0.8,19137905.85543848,4.0,1.0,1.0,1.0,1.0,a483a32d40557c72a28bf1668e27181203392e3e05364d34c858294e163e1665,3,2,2,151c69b77b2b9e6b5e87b8f333c2907b238b997b23e964777a23a4b8996eab03,P4,1214220541.3928328,1214220541.3928328,0.0,7497136.987648255,0.0,7497136.987648255,h09,5,Katrina,1206723404.4051845,11640768.867790224,1195082635.5373943,1716869197.2904742,165088146.77391216,1.0,0.0,0.0,NONE,False,False,0.0,10400000.0,0.0,0.0,NONE,False,False,0.0,9557344.06438629,0.0,246836800.34686473,R0,False,True,165088146.77391216,1696911853.2260878,546d91724b6dcaeca3cd1335d74c601629e23626d3f0185fdbccb272a100b172
E2A_CRACKERS_A080,LA-0372,372,647987d84fb67df13afa4c5a1b9153539394d3218a92d476ead95ee7401e455b,M2,A1_FINAL_NO_MEMORY_V1,certified,PASS,,,02168eb87d32a3ecd3382966d8dbe4ae5c5fc7c8b97b82e7031d19f445c880ac,4d0900114a98051f436bfe26c344d6ec7e94babef3a3111520c9c65c216387c4,0.5,0.8,19137905.85543848,4.0,1.0,1.0,1.0,1.0,c60d9cbec1f61427ee4387d00f78b7ca8772c505cbe63d82a5d099359fee3086,3,2,2,474169e76c3a2fafdb7ef3f7c3d0111ae43433623ab81fc3c2642be68fe03212,P4,1174204684.4057198,1174204684.4057198,0.0,3094998.266074724,0.0,3094998.266074724,h09,5,Katrina,1171109686.139645,16042907.589363752,1155066778.5502813,1879928575.4589784,2028768.6054078662,0.9999999999999998,0.0,654492.843926307,R0,False,True,207737.12912932184,10192262.870870678,0.0,5737308.851740733,R0,False,True,1821031.4762785444,7736312.588107745,0.0,0.0,NONE,False,False,0.0,1862000000.0,bc02f49b8834c58327f6b4379230141f050948e26f57f5f4bfc313bf0ba3490a
E2A_CRACKERS_A080,LA-0373,373,f49b084b7c455b1f02a5df48309a6df8c541e5e9a91b1af54086c1c0db360705,M2,A1_FINAL_NO_MEMORY_V1,certified,PASS,,,f1a757236bf6a01787ae7938304534bd62be226d148b498d50febb03fe7e6bfe,a14214b59481e6b3e5803dba093fabd89a1fa6e9b24269e8c325d4298a3a65d1,0.5,0.8,19137905.85543848,4.0,1.0,1.0,1.0,1.0,18cf09f4653c4b1e8aff9dbb91b1df6037ab08944fa90085a9aa41338aecf925,3,2,2,0392068977ac1dd68ebd76cf9ab1d711ada9fa2ab31bd60cb2852575202eaf00,P4,1214814299.8449612,1214814299.8449612,0.0,4862618.41184285,1624130.7750509884,6486749.186893838,h09,5,Katrina,1208327550.6580672,12651156.668544639,1195676393.9895227,1880856192.763537,1101151.300849306,1.0,0.0,0.0,NONE,False,False,0.0,10400000.0,0.0,1628199.030818099,R1,False,True,1101151.300849306,8456192.763536984,0.0,0.0,NONE,False,False,0.0,1862000000.0,3cb57ae1fe08ae0719d1cb03d88bc6eab4d495270942e94af7454e7acc0f0104
E2A_CRACKERS_A080,LA-0374,374,7e1971ddc86b3bd821e7416c29484e656bb42690d3e2c869476c0afddaa070d5,M2,A1_FINAL_NO_MEMORY_V1,certified,PASS,,,b10a89b57412bdf5a9be30498d569e0d42a77e9c332292aaa1d9ca5659d02ce1,5010598fecec19ff0af52d8be3b212495da3107114795ba2a1f4004b94653646,0.5,0.8,19137905.85543848,4.0,1.0,1.0,1.0,1.0,547c4210767044d03a518839d8606c7176f9698f8946f524d9a34b4dd6d24f26,3,2,2,c5d54ed4d864d1c9550aa46050306394ec4c40b7bbc6de9de64444cd5b888105,P3a,1236266691.2061822,1236266691.2061822,12905927.343513658,1498261.3525820218,675130.3245193326,15079319.020615013,h09,5,Katrina,1221187372.1855671,4058586.834823465,1217128785.3507438,1871325636.4140332,231707.65035309395,1.0,19925779.440348398,0.0,NONE,True,False,0.0,0.0,0.0,475415.5846246806,R1,False,True,231707.65035309395,9325636.414033195,0.0,0.0,NONE,False,False,0.0,1862000000.0,725a9930a75b25beffa44fa60760bb39461bf3d058234cab89d962f560967756
E2A_CRACKERS_A080,LA-0375,375,86fa0693fb6b9310a82b2f4f0e0ffaf3e0633f6a406ddd0ab540da479f47008c,M2,A1_FINAL_NO_MEMORY_V1,certified,PASS,,,dc8bca3985c3a75b04d09c7c1fa267617d63c928db5b5732f6a370f0ae988585,32e32f2eacfac7d20adaa3a15d82161fe2d046627b2fb2d197d64884ffa3634f,0.5,0.8,19137905.85543848,4.0,1.0,1.0,1.0,1.0,4b0b563ab1f566b404799190518e50095f16c639b1d9bfbf9cabb8e286e5abe8,3,2,2,0cbbc648875a691526f7156d053ed883d0e804686cf624a4f1b6e98e10ce5deb,P1,1224847570.0407217,1224847570.0407217,19137905.85543848,0.0,0.0,19137905.85543848,h09,5,Katrina,1205709664.1852832,0.0,1205709664.1852832,1871120492.6736362,0.0,1.0,15270703.494376063,0.0,NONE,True,False,0.0,0.0,641445.0056972184,0.0,NONE,True,False,0.0,9120492.673636159,0.0,0.0,NONE,False,False,0.0,1862000000.0,b3dceff563824e1994f8a4fde551c3b4f118117e47dd4859b92bb58595c45c15
E2A_CRACKERS_A080,LA-0376,376,accf2f786359cbca37bbc8409f5bc01cfc162de1cb340188b890d1d5f662c772,M2,A1_FINAL_NO_MEMORY_V1,certified,PASS,,,073a71a279f86967f8fa94c7c86b8898d169477cb67733d1ee538989e48f35ec,53adb5bdc09109efc4a09cf9441fd0bff5d01e2c5e4c7988a39fdacac880fee0,0.5,0.8,19137905.85543848,4.0,1.0,1.0,1.0,1.0,8beda9e42781c26225b13b17c7bd8ff48eefd7a6b8857b9a60b658d0ef22a2e4,3,2,2,52d5ec1db4c9e8126ed6b1c7a08a87652a69f397639579e24b3842c6310118fe,P4,1236036527.7239497,1236036527.7239497,0.0,6970159.781103329,0.0,6970159.781103329,h09,5,Katrina,1229066367.9428463,12167746.074335149,1216898621.8685112,1775063783.1075807,106893560.9568057,1.0,0.0,0.0,NONE,False,False,0.0,10400000.0,0.0,0.0,NONE,False,False,0.0,9557344.06438629,0.0,284693736.6653404,R0,False,True,106893560.9568057,1755106439.0431943,8ff0e2aa4be70a71cb3d1b945267686bd963ec5bcf82fd67ec93eeeda9c9ce6f
E2A_CRACKERS_A080,LA-0377,377,61cf1e5a0e28513d3cba20e312483f5e64ddbf49159ecda32545e69365c99760,M2,A1_FINAL_NO_MEMORY_V1,certified,PASS,,,729a6b9408fc14875f87614bec1214c73ade3ef3a6e5bd4a9995b13fe3426d55,d4fde5ae5534cf3cc0baff1d3d2fe64503b26d1c6602599a52af63af68b9ca38,0.5,0.8,19137905.85543848,4.0,1.0,1.0,1.0,1.0,7c2131e53ca7ad76d49c1311a389aa73623dd381fa762f292fc024aa75c1ef36,3,2,2,71ce46634c025f9cc36d48e4010ad6b0f5cce70a5b4432d77beb16dbed0a9672,P4,1221924536.072384,1221924536.072384,0.0,690242.1571281574,0.0,690242.1571281574,h09,5,Katrina,1221234293.915256,18447663.69831032,1202786630.2169456,1737419759.2824483,144537584.78193808,1.0,0.0,0.0,NONE,False,False,0.0,10400000.0,0.0,0.0,NONE,False,False,0.0,9557344.06438629,0.0,278578939.9427544,R0,False,True,144537584.78193808,1717462415.218062,b721800c1ff1944d99883911299f2111258ce54641d3cbcd095dc04547dfeee4
E2A_CRACKERS_A080,LA-0378,378,06507cbe40de792b44cc4fdf8b9f80f180483c7d128bc669a76995e8462d3927,M2,A1_FINAL_NO_MEMORY_V1,certified,PASS,,,3a324f50e40e5077d95cc99760a5ad0894242493f1ac875971357db69600b228,1fb3d3a07c256c32344feba8712f5fab3bdd9287d9adbe74fc82993a8a38a733,0.5,0.8,19137905.85543848,4.0,1.0,1.0,1.0,1.0,517930d7ab80b0e7edbf13e79b588f46c379aef32958cc4aff9f8872df6758a9,3,2,2,5d1735da02a56983a3010cf08157e86524af86c4bf11818a56c9b87de7baed34,P4,1209948419.9702868,1209948419.9702868,0.0,10231895.983280974,0.0,10231895.983280974,h09,5,Katrina,1199716523.987006,8906009.872157505,1190810514.1148484,1705473226.786457,176484117.2779294,1.0,0.0,0.0,NONE,False,False,0.0,10400000.0,0.0,0.0,NONE,False,False,0.0,9557344.06438629,0.0,251048183.40264463,R0,False,True,176484117.2779294,1685515882.7220707,5a6e9a5fdbd49a01f64d6b8c6996b4d2829c28f0e3c6174aaece5a181c4bf996
E2A_CRACKERS_A080,LA-0379,379,073df7cdd66c0e13088d064a7a99c7cde8c02fda86ee80ed124b17b9218b9b79,M2,A1_FINAL_NO_MEMORY_V1,certified,PASS,,,da4d47b695dd581f5f3db3018adbcb7ae34c4aa3e9ce9d8ffc8450e05d97a017,21ffedfccf0126da9c00026e2bef7fe9c114207b44717c0917296a4e2afe1fa9,0.5,0.8,19137905.85543848,4.0,1.0,1.0,1.0,1.0,10e663864b4f64700a2b69c13530f44dd08458b897e2b8750bbaef19046675c2,3,2,2,5993dbb870d4274e7bb1ddd539ac2cd6f022a7c49f8a9f7bcd0298276a203b2b,P4,1230629908.4293323,1230629908.4293323,0.0,8090425.781818406,0.0,8090425.781818406,h09,5,Katrina,1222539482.6475139,11047480.073620072,1211492002.5738938,1760641516.5299625,121315827.53442389,1.0,0.0,0.0,NONE,False,False,0.0,10400000.0,0.0,0.0,NONE,False,False,0.0,9557344.06438629,0.0,175609450.07155526,R0,False,True,121315827.53442389,1740684172.4655762,b3150ea6aa251d2ce4e4ebdcd24057f8153e4e9ac25704155f73ed3f1dab3261
E2A_CRACKERS_A080,LA-0380,380,161de19718d2bd0a3b0517e0db756832d30637d3b533a27ec6702e218f211680,M2,A1_FINAL_NO_MEMORY_V1,certified,PASS,,,7f4d31469eac3322c5029e0724f9601ee519633e5a24b54c9df7bb1e083bd699,97c53aa7cd43998a2c333ede4d414d7520a11641c764b76f4a76490146815927,0.5,0.8,19137905.85543848,4.0,1.0,1.0,1.0,1.0,f52276dc98220943d1f0739bdfd30250daf6c5467b50fa90b81c0eb72425b408,3,2,2,20b59fb5275fe803fcb9f337a17c5805eac8d14e1bd2439be4c140a686bf1cce,P4,1211554116.7469158,1211554116.7469158,0.0,987702.6032104263,0.0,987702.6032104263,h09,5,Katrina,1210566414.1437054,18150203.25222805,1192416210.8914773,1771230975.3370042,110726368.72738217,1.0,0.0,12638292.589231225,R0,False,True,10400000.0,0.0,0.0,0.0,NONE,False,False,0.0,9557344.06438629,0.0,121918654.07613012,R0,False,True,100326368.72738217,1761673631.2726178,534af23b73da469253fa444a33f25453c1f33c8642ebb9e532713e309ecb8d5c
E2A_CRACKERS_A080,LA-0381,381,90c1b97959a7a888bf5869290be7bf4c732f55f66260320440fae64c4e714e6d,M2,A1_FINAL_NO_MEMORY_V1,certified,PASS,,,c02720936e71568bc745614c193e3dfdbc06ab54bde03f208b9dd4a72b5e345f,25d0f6e67b8b7a56ef8c5039dca515e7a1d5b51582d9317fd49c5509450e24a4,0.5,0.8,19137905.85543848,4.0,1.0,1.0,1.0,1.0,d54b9023b882e37e809bcc0c89e73ad966f5ee16d5bf030f63b2bb2888e92768,3,2,2,2aaf42de0280c58f3c47cdb539db43fe406b81a5588f3380541a05859e508bf2,P4,1224996873.6627991,1224996873.6627991,0.0,7777256.745651283,0.0,7777256.745651283,h09,5,Katrina,1217219616.9171479,11360649.109787194,1205858967.8073606,1881039122.0143604,918222.0500258321,1.0,0.0,0.0,NONE,False,False,0.0,10400000.0,0.0,1339229.3189009218,R0,False,True,918222.0500258321,8639122.014360458,0.0,0.0,NONE,False,False,0.0,1862000000.0,cbb1645f0a0405f309ef3ce30dbd92307bb4cf398958093174149637516b47db
E2A_CRACKERS_A080,LA-0382,382,8443a8f00073657b2344aa0cc16006597979e5d47ae929f4e4d94a7979dcadf6,M2,A1_FINAL_NO_MEMORY_V1,certified,PASS,,,00c69e09298e8bbe3b774741c54edb82a43969ec168a39ae12020210fd1c342e,6947e0db49046e7a803f7b8a565513095d0fde94fdcf581f63ec0833db533231,0.5,0.8,19137905.85543848,4.0,1.0,1.0,1.0,1.0,aad0b5410cfeff173a8f785ffb975742f6319cd968a322be62a38b44ffe891cc,3,2,2,2648d718a87c7b13d64eb7514e05a39731e729ac69d4c0cc3292c2f39ce400d9,P4,1200460829.8701575,1200460829.8701575,0.0,385811.1347430962,0.0,385811.1347430962,h09,5,Katrina,1200075018.7354143,18752094.72069538,1181322924.0147188,1680164887.8509855,201792456.21340075,0.9999999999999998,0.0,0.0,NONE,False,False,0.0,10400000.0,0.0,0.0,NONE,False,False,0.0,9557344.06438629,0.0,277524485.6756644,R0,False,True,201792456.21340075,1660207543.7865992,06ae170d0332a7357c47cc1da88b0ee192c3a2eeecab9d8660e58a1655423619
E2A_CRACKERS_A080,LA-0383,383,d9bc9e10cb7d887e13c11bb324c909d2b0a56792655b93008f11fe567fdce922,M2,A1_FINAL_NO_MEMORY_V1,certified,PASS,,,9c2f13e213eab354a645248df08ffd6d4db07cdd5b4d6162392ae122adbd46be,be3824fbe17715ac3cb092fb5c8155775423b091ceddeae3e2e3073ed690e23f,0.5,0.8,19137905.85543848,4.0,1.0,1.0,1.0,1.0,924cdb5fe136e023659146d93b49ec54a73e875071389071120391c51e004a95,3,2,2,22038239cdb231d139017025d3f03a85b5cb1cac9234d6bc12753ee9ce53f2a5,P4,1206887633.3687463,1206887633.3687463,0.0,4799301.812541098,0.0,4799301.812541098,h09,5,Katrina,1202088331.5562053,14338604.04289738,1187749727.5133078,1880713790.7357235,1243553.3286628795,1.0,0.0,0.0,NONE,False,False,0.0,10400000.0,0.0,2674484.898765976,R0,False,True,1243553.3286628795,8313790.73572341,0.0,0.0,NONE,False,False,0.0,1862000000.0,e63212a1955c45eda4f12a16418c0fe3ca82ab062f38087d9689239e9e36b29a
E2A_CRACKERS_A080,LA-0384,384,d4022e764ba0b2670bc8670d25849cda9c42642fe553f03a259ece45d627c82f,M2,A1_FINAL_NO_MEMORY_V1,certified,PASS,,,a151eddbb48884fd25acc8ee30fe096ab84202a313b39fc6b7f3eb54065c7ecc,e4ccc6db57911197466bc9f248222ae5b4ba801ce536020b788a4bfa4e1088e8,0.5,0.8,19137905.85543848,4.0,1.0,1.0,1.0,1.0,0f9d8b6a9647ea4e56586c7e5f8a98a58b37015d2306b2745a83ce9f3ff96a0a,3,2,2,4f759a48f288335834dc3c56d228c8ffea43889812de419ddfce8d9bbcc6ec03,P4,1238390980.4649274,1238390980.4649274,0.0,5857421.420673836,0.0,5857421.420673836,h09,5,Katrina,1232533559.0442536,13280484.434764639,1219253074.609489,1881279746.2383137,677597.8260726758,0.9999999999999998,0.0,0.0,NONE,False,False,0.0,10400000.0,0.0,1053290.1735406665,R0,False,True,677597.8260726758,8879746.238313613,0.0,0.0,NONE,False,False,0.0,1862000000.0,9cff1faa440c1363c7128961bb8d93cbd6a249066b8779bdbfd9a687d10e8bbf
E2A_CRACKERS_A080,LA-0385,385,0a1cf623223695cc11492f9307bc6e5450aa8728061bc47308736ecedd079c3e,M2,A1_FINAL_NO_MEMORY_V1,certified,PASS,,,41e77c15ecde77b32de86511c120995491ae82f26f2b4d01f87a2e84eb3fb3cd,5d77de1eea239f3786c2ccfb6c0586d57b4cbd453aefd3c62715b5faf7595330,0.5,0.8,19137905.85543848,4.0,1.0,1.0,1.0,1.0,472dd92f4dbf7a06781d34f1c852d41835840e1222c0dbd7c05eaeaad7e31aa1,3,2,2,dc11f3bd364319d064b9f59ee92661f6132b02e8964022d9ed7a748ce76c720d,P1,1230126575.869739,1230126575.869739,19137905.85543848,0.0,0.0,19137905.85543848,h09,5,Katrina,1210988670.0143006,0.0,1210988670.0143006,1871215329.6567674,0.0,1.0,17060232.494466163,0.0,NONE,True,False,0.0,0.0,561042.8183110949,0.0,NONE,True,False,0.0,9215329.6567674,0.0,0.0,NONE,False,False,0.0,1862000000.0,9947ab391e7ed737127386f31ed092b50e2c3da8d7db2c7361b5e6f1d46ea676
E2A_CRACKERS_A080,LA-0386,386,d475b8f6571f108c243fd1184a11c77b8d25ed10fe868b77cd2a6e43c3d9ce42,M2,A1_FINAL_NO_MEMORY_V1,certified,PASS,,,b2e494c3dd4c19341cfe5505cc6b7d8fe655fcf0492890d8911f48564fd46a27,36c6d280061750798ed80dcc0e3f12e9fbbc4ddd3029b86fc105a565b219788c,0.5,0.8,19137905.85543848,4.0,1.0,1.0,1.0,1.0,ac560990741b74ab4a5aa4377c8e430f57db1d81a41844b4d380c2a5c3339c3e,6,2,2,cb8c8e61de4b95ffb969d2cda46c7e16b48a04bd1814fec1749c646efcd36524,P1,1231121101.5210226,1231121101.5210226,19137905.85543848,0.0,0.0,19137905.85543848,h09,5,Katrina,1211983195.665584,0.0,1211983195.665584,1871233196.2429144,0.0,1.0,17445377.17785909,0.0,NONE,True,False,0.0,0.0,543738.5583614834,0.0,NONE,True,False,0.0,9233196.242914343,0.0,0.0,NONE,False,False,0.0,1862000000.0,6833823cf0173ef40a41c0dc05f01360503e3d3c5b72367b425ffd260d861c50
E2A_CRACKERS_A080,LA-0387,387,48fcba6c7c2a3d4267839a4393ace4972c243786c86322d2cb41fe8ab394ca26,M2,A1_FINAL_NO_MEMORY_V1,certified,PASS,,,cac12b8f7d10c5ffdbdcdc13419c379c49937549f9121f627718b7b2cb59db32,49f823c722fec6ab628fe27409a6d3caff10399b436c95b32a7290af17ffa56d,0.5,0.8,19137905.85543848,4.0,1.0,1.0,1.0,1.0,6e74d5132c5120ce49571ee837ea634f77f4a81d2ffd63edef38de7821790077,3,2,2,b4ad6621e493dbe062d6beabf7e84161df62d6162a147e32dea5b3eab594125a,P4,1226530906.6932118,1226530906.6932118,0.0,7319236.972573199,0.0,7319236.972573199,h09,5,Katrina,1219211669.7206385,11818668.882865278,1207393000.8377733,1880752121.7717295,1205222.2926568743,1.0,0.0,514891.4319637584,R0,False,True,329914.4301874995,10070085.5698125,0.0,1366077.01112029,R0,False,True,875307.8624693748,8682036.201916914,0.0,0.0,NONE,False,False,0.0,1862000000.0,b16532a06897e72ba1007808a01c49479028237d8e3d1fd208e5cf0890a0a4d6
E2A_CRACKERS_A080,LA-0388,388,fdca913a94e2deca5c3d878ee4d22190e47159203b4668585127ef840c11fd20,M2,A1_FINAL_NO_MEMORY_V1,certified,PASS,,,42d8f769380854b57ce1902a3527b33666e25e5d511f4dd7bf083237a4d084b2,e2222e2b3654c6df5b3810e27ad2027a875aff8edaea76ebdc53fd9ad0900229,0.5,0.8,19137905.85543848,4.0,1.0,1.0,1.0,1.0,84e16a50417fa6acf0d862d7f953bd50115f45b3bc9f6214f58ce0439f3f9a63,3,2,2,4d1cb65ef72025f302a5d1085991bd565f997babddf3482d77c2e90687c39170,P4,1217778138.9317636,1217778138.9317636,0.0,8080400.884300874,3633288.9166769003,11713689.800977774,h09,5,Katrina,1206064449.130786,7424216.054460705,1198640233.0763252,1726359160.8492956,155598183.21509072,1.0,0.0,0.0,NONE,False,False,0.0,10400000.0,0.0,0.0,NONE,False,False,0.0,9557344.06438629,0.0,175175755.13308895,R2,False,True,155598183.21509072,1706401816.7849092,13035f94c7bd8bb2225be77a68a62ec2bbbbac6e8eeec60aaa2eac4f69a9b634
E2A_CRACKERS_A080,LA-0389,389,4392a1f4f1d46e70d32e6576d27c39733d64a203469bfd434033f44dbf895eda,M2,A1_FINAL_NO_MEMORY_V1,certified,PASS,,,3c0b557246cbed8cd39120a1d4d74c9fad69017325ef2fa25acfdc102c81dcc1,7f7d6b59995f7b882b91cb8d7e850ddbfb6806c62389c8235fabf822666bd75b,0.5,0.8,19137905.85543848,4.0,1.0,1.0,1.0,1.0,a9df36e7c4b871605b23abf4cb80187378bf477122fb3913a4b2755cfa8b9f32,3,2,2,d3b3f758fc7838ddd5c949c2b53249ab97bcd2d7c6168c72b0e749956bdb0fb2,P4,1190333107.4140637,1190333107.4140637,0.0,6447527.906775606,0.0,6447527.906775606,h09,5,Katrina,1183885579.507288,12690377.948662873,1171195201.5586252,1714623502.7248287,167333841.33955753,1.0,0.0,16649902.924227282,R0,False,True,10400000.0,0.0,0.0,0.0,NONE,False,False,0.0,9557344.06438629,0.0,251243579.21439612,R0,False,True,156933841.33955753,1705066158.6604424,b82b547f9a0563c278f6cd1c8bb24c8af3bd16147b9a783d696db62b43961ecc
E2A_CRACKERS_A080,LA-0390,390,15cb98729b9ca7d7e25706a81e0df53b3255da570bee0a4d1c6c6a30a80aea4f,M2,A1_FINAL_NO_MEMORY_V1,certified,PASS,,,72ce07f33da76bfe60344d4a0e8f90283fcb81cc347de6f81763f488c26ab616,717071ff07869e9a39406a18165495e96fe6b7ca4f6be281626665f154435941,0.5,0.8,19137905.85543848,4.0,1.0,1.0,1.0,1.0,d456ca4ae9943b320f301752472326e14ea4d1196eb615d4a1a7bd3d440c9aa7,3,2,2,410df34005b95cf4c6a0e1aaf6287f618f6d11d514f8cdc52205d9836fec4623,P1,1220627690.4578235,1220627690.4578235,19137905.85543848,0.0,0.0,19137905.85543848,h09,5,Katrina,1201489784.602385,0.0,1201489784.602385,1871044682.8219745,0.0,1.0,14089317.876114871,0.0,NONE,True,False,0.0,0.0,694523.7699139063,0.0,NONE,True,False,0.0,9044682.821974434,0.0,0.0,NONE,False,False,0.0,1862000000.0,1893e7a73be9e9981d64002aee2dce9ca363392d852d5cbd925a7c7858eeb640
E2A_CRACKERS_A080,LA-0391,391,eb112f3e120f170e1f22478b249072e7daa28f93ad687bb03f3b7b033f4ea641,M2,A1_FINAL_NO_MEMORY_V1,certified,PASS,,,3aee5936e1f762d5824ffdf5a062c18c5cebfe00169667b5b8084f2b2e78d9f5,b5067bd613b8d1aca1ec480fee7fced87a4302cc74139d9f3a39a4a25039c177,0.5,0.8,19137905.85543848,4.0,1.0,1.0,1.0,1.0,58b1ae7cd37740f439d77b453ea6eb15258848bdd009f578b8c1e022555593c6,3,2,2,eff15f8211d75adc70c23c1493eb4ebfc72375153d4940dd5f794d5380211f7a,P1,1229919963.4810088,1229919963.4810088,19137905.85543848,0.0,0.0,19137905.85543848,h09,5,Katrina,1210782057.6255703,0.0,1210782057.6255703,1871211617.8791602,0.0,1.0,16982342.52932108,0.0,NONE,True,False,0.0,0.0,564542.3556601842,0.0,NONE,True,False,0.0,9211617.879160143,0.0,0.0,NONE,False,False,0.0,1862000000.0,b90199583e8c1f1eb65860fa8d2df77cdee6fb284663c3b399c45b51717f12ad
E2A_CRACKERS_A080,LA-0392,392,3b633fb4b0767df770b0e83e4404981c044de1d7945400be03cf9153280d6fc0,M2,A1_FINAL_NO_MEMORY_V1,certified,PASS,,,647e659d57cef81cafc5bb922e524f82dc5e45f7980b4831c88f1434a3460497,b68234fa712adc64f526cdaf544168a07483675888b1f19039d38d79857d233d,0.5,0.8,19137905.85543848,4.0,1.0,1.0,1.0,1.0,d390d616b3b7a9942299305536e9fa81b360a4b846c305f07d6d39fb1b1f6362,3,2,2,031b07bb63e0ae0d5d087a1a20d619bd42b1f11952797ffb503c9c5b5d1e5e7d,P4,1230267120.2571723,1230267120.2571723,0.0,4551241.977737951,0.0,4551241.977737951,h09,5,Katrina,1225715878.2794344,14586663.877700526,1211129214.4017339,1759673771.7258658,122283572.33852059,1.0,0.0,0.0,NONE,False,False,0.0,10400000.0,0.0,0.0,NONE,False,False,0.0,9557344.06438629,0.0,188360508.05963847,R0,False,True,122283572.33852059,1739716427.6614795,f903493dea72a126df166897248a95fbea143eda527321c0b07aac409b9ea47c
E2A_CRACKERS_A080,LA-0393,393,60c5e59d75689c8de8158f6026f5ec29425caede4a642cdbd98a4bbda2d34198,M2,A1_FINAL_NO_MEMORY_V1,certified,PASS,,,83c58d14969ad3cac0060e0d1093bf36da8d58ba53b3f680dbafd97d3b439103,5bd31432c1b51cd635af140f467bde66fec8238e073153c4b3d2824418b64e96,0.5,0.8,19137905.85543848,4.0,1.0,1.0,1.0,1.0,889a5de1bceae645f24eb49e74361cfb774ef2a79fb46bc717ead445c13414ba,3,2,2,13c2fd26b6981633477b76f25b3f10e5a706b36c8fb0b08d0c2fa1402ca5e491,P4,1197982857.8981593,1197982857.8981593,0.0,1298142.8089559486,0.0,1298142.8089559486,h09,5,Katrina,1196684715.0892034,17839763.04648253,1178844952.0427208,1880246154.993527,1711189.0708592418,1.0,0.0,438630.89607584104,R0,False,True,322680.759461105,10077319.240538895,0.0,1887446.4218271123,R0,False,True,1388508.311398137,8168835.752988152,0.0,0.0,NONE,False,False,0.0,1862000000.0,4d4705fa23aa567a5de901d497f749e5aa52a58bc77f53e486dd2e9c6735504a
E2A_CRACKERS_A080,LA-0394,394,dfc05ce7760c04780e33d1a817586f359ee47f2126fa64c95d1d66ec20378754,M2,A1_FINAL_NO_MEMORY_V1,certified,PASS,,,b1be40f8e88b1c4927bc76cabb8e15ac5eeebc74d45f5159f99471e2692f8774,bf903a502de4789e693e945ceab57b6dd472fba4c1ab355467b8b96ede96216e,0.5,0.8,19137905.85543848,4.0,1.0,1.0,1.0,1.0,7d6b346a64454222f2d60afe9c9cafa3bc9a65dc7e64862e05a9048cc48b8ab0,3,2,2,ed10d7358442b064ad0c3678031a6fc0fd388c530cf76b18a5bb2f40923c255b,P4,1241427652.1474178,1241427652.1474178,0.0,4233987.301312998,4076460.2807949465,8310447.582107944,h09,5,Katrina,1233117204.5653098,10827458.273330532,1222289746.2919793,1881334299.839968,623044.224418278,1.0,0.0,0.0,NONE,False,False,0.0,10400000.0,0.0,760311.1856794318,R2,False,True,623044.224418278,8934299.83996801,0.0,0.0,NONE,False,False,0.0,1862000000.0,6740b966af089cfc2e204fad0be63549cddec02ba537c0417e219e7910199b88
E2A_CRACKERS_A080,LA-0395,395,880bb771a56eb8bc39f31ac9e4116c956a788083f271f4533cc506e299b1f33e,M2,A1_FINAL_NO_MEMORY_V1,certified,PASS,,,f99b4d0dd88c404f93db825a0479cd68527d996cadefd3a29872c18cd1943292,ff5a9e9b2f2efc485b0740e405d987a74e080c496d8cd768d42e22bbec07b197,0.5,0.8,19137905.85543848,4.0,1.0,1.0,1.0,1.0,45cb2f2c4e5bb0d6a688845097a86a4807b14b0439a7e7181f9434c26a93194a,3,2,2,da32261dbc071a394acc66410698c04ec0b41b8de98e5b0ad81d3cbab13df97c,P4,1223000992.1371422,1223000992.1371422,0.0,7465055.079870113,0.0,7465055.079870113,h09,5,Katrina,1215535937.057272,11672850.775568366,1203863086.2817035,1740291227.6583498,141666116.40603662,1.0,0.0,0.0,NONE,False,False,0.0,10400000.0,0.0,0.0,NONE,False,False,0.0,9557344.06438629,0.0,320840294.7338527,R0,False,True,141666116.40603662,1720333883.5939634,75b3951675449cde054be5e18662defb53b19f98c8f75dcc74fdb1518a91a91a
E2A_CRACKERS_A080,LA-0396,396,4a8ce3956cb01a1d091e6fc01863a6d00473bea19495791f759d72580abea560,M2,A1_FINAL_NO_MEMORY_V1,certified,PASS,,,9c6c6bd6e9fc2cbc81d760891096a3698e974dbd03ca378e59d49477d44a5b0e,15cfdb765b791e74408fa2af35f9876e005e17106ccaa9b3f7daa14f2218a0b2,0.5,0.8,19137905.85543848,4.0,1.0,1.0,1.0,1.0,5261681c74272427cbdcf2b6e875d5ec608e728560ce655bc2d1b46b639bc67b,3,2,2,4c683fe5fa7b61df43cc3650839510d176b3b3702ddb2083c31a779f64b67228,P4,1195686432.2114403,1195686432.2114403,0.0,4635306.158064613,0.0,4635306.158064613,h09,5,Katrina,1191051126.0533757,14502599.697373863,1176548526.3560019,1728903605.1506095,153053738.9137769,1.0,0.0,12283041.448163489,R0,False,True,10400000.0,0.0,0.0,0.0,NONE,False,False,0.0,9557344.06438629,0.0,168482864.2128283,R0,False,True,142653738.9137769,1719346261.0862231,ac437c2c58717c97c0fd4ac1cf52c94a01ea5efb3cfbf4df3ca3b2c8a3b3bca2
E2A_CRACKERS_A080,LA-0397,397,108f19b24100d1eb9d5d81d5c632ef7f2b75f55f7c5a96f56ebcaba286f85ad5,M2,A1_FINAL_NO_MEMORY_V1,certified,PASS,,,816ec7c9f177f0ab51fdbbf2b51da448fb94f018a4ecbad04ffc28d277350226,73f490b3dbb97779fdc301928e0176bb671ee7c68489333bc457390fd3ced92d,0.5,0.8,19137905.85543848,4.0,1.0,1.0,1.0,1.0,1be5cecdaab1423987b26533b528628f54d254c085ca7c42d4067d2d802519fb,3,2,2,5044d1c76393135fe36e14131afed22992a7b81b1b89547494cbcb993e8acd33,P4,1178648180.999279,1178648180.999279,0.0,3353114.3740839553,0.0,3353114.3740839553,h09,5,Katrina,1175295066.625195,15784791.481354523,1159510275.1438406,1621979204.7767267,259978139.28765956,1.0,0.0,0.0,NONE,False,False,0.0,10400000.0,0.0,0.0,NONE,False,False,0.0,9557344.06438629,0.0,373453730.0582289,R0,False,True,259978139.28765956,1602021860.7123404,ef9d19c5cc0cf95c83a61ebe9952357944c3851cd4b975e9d58d5446487aa2a4
E2A_CRACKERS_A080,LA-0398,398,c067c0f1a575b9f201e8fd2d3f7f7af4cb50fef6c9f4e831f8b662a8e1bdca04,M2,A1_FINAL_NO_MEMORY_V1,certified,PASS,,,1ad5293e5238a8532ae713506abe529763151280d21c388a4f9bc60c49d70ef8,9871fb7d674785af37e6e80f721e0a8b6e638baf12caf8736bc8f981681c2235,0.5,0.8,19137905.85543848,4.0,1.0,1.0,1.0,1.0,9306ee35e3de907fc79cd67d046f11058046c453519891a9de7e4c9c0748e916,3,2,2,eab2f80d1fc8394a6aa0e683bd88501589049d206db5afd799ccc2af9c0791c9,P4,1182369212.0450184,1182369212.0450184,0.0,3113753.4498843416,0.0,3113753.4498843416,h09,5,Katrina,1179255458.595134,16024152.405554136,1163231306.18958,1880273318.9528165,1684025.1115697469,1.0,0.0,0.0,NONE,False,False,0.0,10400000.0,0.0,2081466.1637059452,R0,False,True,1684025.1115697469,7873318.952816542,0.0,0.0,NONE,False,False,0.0,1862000000.0,ffdce93f27c377e60c07bbf118cb48fdaede9b43c0316679ce057d3a35086b23
E2A_CRACKERS_A080,LA-0399,399,58750481483bf294e9f583a3f7b32c0c52bfff823f41afb6850800b31208d0e8,M2,A1_FINAL_NO_MEMORY_V1,certified,PASS,,,48c233b08159b5da2aa9f7620903a0dee6ec41768f8ba4a1f59b7d36559c58f9,8f675a481140a55826c04e6bae0d4bf77a4a109545b328ab16de0cec7a98e540,0.5,0.8,19137905.85543848,4.0,1.0,1.0,1.0,1.0,18eff422b4bc9d5cfbf4576d2c026ae31d63c70aee4b842f3f5472eb43371470,6,2,2,7dfe5faf61f7f3e2ec535b6ec85a809419864a5d08f718db42524c8d57d1e26e,P1,1226213231.8001776,1226213231.8001776,19137905.85543848,0.0,0.0,19137905.85543848,h09,5,Katrina,1207075325.944739,0.0,1207075325.944739,1871145026.694897,0.0,1.0,15696646.690650336,0.0,NONE,True,False,0.0,0.0,622307.6993551785,0.0,NONE,True,False,0.0,9145026.694896864,0.0,0.0,NONE,False,False,0.0,1862000000.0,98bed33bce6f84313860b809825af668b5a17c564f6387ce492e9829855f2507
E2A_CRACKERS_A080,LA-0400,400,cd7136b6403ca2690cbfe2e024339a6ec30a741e53ebe5d101a60d5f8cab8c3b,M2,A1_FINAL_NO_MEMORY_V1,certified,PASS,,,e0d3f082294bc667f9fc5b2d36856e94728be6fcdc8446d9540c8d94b37befdc,ca4df8f877b34fe76fb544beeeabc36c5a230a1b41f13317ad1994b41814cb6b,0.5,0.8,19137905.85543848,4.0,1.0,1.0,1.0,1.0,564f0886d7d00c6ca97635cc42a1a90c105c10a77cdabf1db86f48c3256a4b36,3,2,2,2bfa75c087730d241b8fffaf94da3ed71fe4ff9ad4a6f0df9b1354747c05e795,P1,1231855940.035068,1231855940.035068,19137905.85543848,0.0,0.0,19137905.85543848,h09,5,Katrina,1212718034.1796296,0.0,1212718034.1796296,1871246397.5671823,0.0,1.0,17741315.14998533,0.0,NONE,True,False,0.0,1.862645149230957e-09,530442.2886232643,0.0,NONE,True,False,0.0,9246397.56718219,0.0,0.0,NONE,False,False,0.0,1862000000.0,0d1deb8cd6379a44222b6100167d82b84ccffc8c28d6ac4bf8ac77c64c8b3b45
E2A_CRACKERS_A080,LA-0401,401,ee271ef9718cdc04e53a56d334f734e132720c54e299672c5b10062c0c5b4cb8,M2,A1_FINAL_NO_MEMORY_V1,certified,PASS,,,1cbf6f1f59eb80866ecf9c68938bdaf249d3e08d32064597ef47de0870dc2d39,d3d665fed9270d0f028d26bab665190d28bb4379aed20aaeac071d3f933b0ea3,0.5,0.8,19137905.85543848,4.0,1.0,1.0,1.0,1.0,e0bdeaeeb81ddd62fba7a40d62d661ddeffe20cc5b3026e5ed2037d96d05a68f,6,2,2,b9f626fcea342e1a1c671a21fe6faec9385ec3731c666f1752d410bcd261fdc2,P1,1225665817.662002,1225665817.662002,19137905.85543848,0.0,0.0,19137905.85543848,h09,5,Katrina,1206527911.8065636,0.0,1206527911.8065636,1871135192.4368813,0.0,1.0,15523089.084326472,0.0,NONE,True,False,0.0,0.0,630105.5116204371,0.0,NONE,True,False,0.0,9135192.436881352,0.0,0.0,NONE,False,False,0.0,1862000000.0,e42d5ac1bcb2f04c89ec50f941f1aa04a88907ab725dd7dac40b5ccbb9b8f0a3
E2A_CRACKERS_A080,LA-0402,402,a0755f542a5f6ca1b97d3df3067a8ef0be1405e78679a42c2f4b13977c7c960d,M2,A1_FINAL_NO_MEMORY_V1,certified,PASS,,,a9a20b449da0fe22312cb45194b90006dc7b6a5fd83a5589df090ef917c066d8,1af0b27ed59614f5996e310cd95ef5e2cb9d169192fb0b171dd9eb4eed856a48,0.5,0.8,19137905.85543848,4.0,1.0,1.0,1.0,1.0,861ba9b0b0ac8923d69203bbac2b55bd7448cad38abeddb09189b989a9c64a07,7,2,2,66bafc5db53550e5549039bc5be412363530a84eea0a9b0f486987182bb6e28a,P1,1224364931.5985618,1224364931.5985618,19137905.85543844,0.0,0.0,19137905.85543844,h09,5,Katrina,1205227025.7431233,0.0,1205227025.7431233,1871111822.1066241,0.0,0.999999999999998,15125646.885049243,0.0,NONE,True,False,0.0,0.0,647962.2896775836,0.0,NONE,True,False,0.0,9111822.10662409,0.0,0.0,NONE,False,False,0.0,1862000000.0,fc2ea2ce44046ba2c7b16da75df26828f2554306c1665695dc0fe24f3667aca4
E2A_CRACKERS_A080,LA-0403,403,0972dfd9f4cbb755fbca09ad8d4be0f69ea0c583c844d213231a18cb8e68f16d,M2,A1_FINAL_NO_MEMORY_V1,certified,PASS,,,727e1d3716274b21dccd4c38a99d091b8f9aa0b5cf6c9bb6d06354db5d69f322,04ead88e7aa1666d693ed5c209388db9e47315bae0d8043c24d69cb5e2d1fcc3,0.5,0.8,19137905.85543848,4.0,1.0,1.0,1.0,1.0,03015bcbf992e5351d7b0b5e1f32080e77457811b666e73dcc561b1387b4514b,3,2,2,a1b229b3490d086544630b13aa03f0a22e2dc1259f3cdea7d8440749c33b890f,P4,1172551396.3352573,1172551396.3352573,0.0,1093857.5122700173,0.0,1093857.5122700173,h09,5,Katrina,1171457538.8229873,18044048.34316846,1153413490.4798188,1605715908.0843937,276241435.9799926,1.0,0.0,0.0,NONE,False,False,0.0,10400000.0,0.0,0.0,NONE,False,False,0.0,9557344.06438629,0.0,434849424.28836906,R0,False,True,276241435.9799926,1585758564.0200074,cf0ae52072a0a9fbb0195272c506fe5bdb0bcd5798f48085ab8005e1e3ad3133
E2A_CRACKERS_A080,LA-0404,404,226cdd6c85ebb1b9777a64d0c787f9bae05ef0d471c2a47dd09b6766a5decfc7,M2,A1_FINAL_NO_MEMORY_V1,certified,PASS,,,233e0db19d5ae43d0a262947e3a5c3454a719a106f47596c912bec879a0c001b,13242beb2e95f05ce4d6eff0dad8e7dd8aa0238401609224d09fd657f4cada2a,0.5,0.8,19137905.85543848,4.0,1.0,1.0,1.0,1.0,17e8b2ac525a96b88ffe76608832686cace381209e7f438059e089f52ad1f1e0,3,2,2,9550efca4f67ef80c08087cc0599e72a5a61c70549314db1cdf61a48b95c613f,P4,1218155774.0837455,1218155774.0837455,0.0,1799514.9799038507,0.0,1799514.9799038507,h09,5,Katrina,1216356259.1038415,17338390.875534628,1199017868.228307,1880646715.3465486,1310628.717837756,1.0,0.0,521227.02979270776,R0,False,True,282662.9104336902,10117337.089566309,0.0,1895556.6674792941,R0,False,True,1027965.8074040659,8529378.256982224,0.0,0.0,NONE,False,False,0.0,1862000000.0,914f95b35923b135640633d5b965fefba4a61c3751a060ce524cacb75485f24e
E2A_CRACKERS_A080,LA-0405,405,42e2c45b27aff00643e23613d2888dd87b6df6e731f7d0751cceaad9e87dc3f1,M2,A1_FINAL_NO_MEMORY_V1,certified,PASS,,,e03a5c33a23268ed44552f857165255550174104911e7b064b34848e46cc8e0d,fdf8d950f3896900bd2e760ccb4b88716b1f433592a5a9ef501fe6ef1c81134c,0.5,0.8,19137905.85543848,4.0,1.0,1.0,1.0,1.0,c0a049920ddb21b282daa2bc4610909aee1ead9696960203dbff0ffd14ea174b,3,2,2,7521f9708e1638fa4bde307a04f5257498d40353100e74b7b8c1f142f76afd69,P4,1224606921.0417676,1224606921.0417676,0.0,7223715.575360165,0.0,7223715.575360165,h09,5,Katrina,1217383205.4664075,11914190.280078314,1205469015.1863291,1744575075.568683,137382268.4957034,1.0,0.0,0.0,NONE,False,False,0.0,10400000.0,0.0,0.0,NONE,False,False,0.0,9557344.06438629,0.0,291278832.163684,R0,False,True,137382268.4957034,1724617731.5042965,f4eec40a9aa0921ce02990fa41b024da6874680411392ec6b5c19ae3f857438e
E2A_CRACKERS_A080,LA-0406,406,43303d66b80307395ed570c527452ae2545ccf68ef7c3e344c42aa91a033c37f,M2,A1_FINAL_NO_MEMORY_V1,certified,PASS,,,36c3660837f55f88768fad8f03ca67ef1dbf85dc1d8df130cb955fd84ca0ddc2,7ba9ce31fb2f26dbbea26ef1b27b03a66f03a45caaefed9b964060da9fec6305,0.5,0.8,19137905.85543848,4.0,1.0,1.0,1.0,1.0,868e12238e2cae72acd57e88420a6fcee8d2204a69ae8b4f294fd7a51e98e1e5,3,2,2,715b134b0f8d60cd4f31495056579319a814d1e86a023d5eb4653f29826cabe9,P4,1222431960.8075776,1222431960.8075776,0.0,10602974.595343279,0.0,10602974.595343279,h09,5,Katrina,1211828986.2122343,8534931.2600952,1203294054.9521391,1880993043.5281715,964300.5362147772,1.0,0.0,0.0,NONE,False,False,0.0,10400000.0,0.0,1635029.2259593592,R0,False,True,964300.5362147772,8593043.528171513,0.0,0.0,NONE,False,False,0.0,1862000000.0,ca423ccd7da22503ba03a1073f40a8bd4315fbd0e0921d5ac44f115e00aca1da
E2A_CRACKERS_A080,LA-0407,407,0b337d20e02f5fe1e826fbf130a32406296d21b224e0eccd784effafd44599d7,M2,A1_FINAL_NO_MEMORY_V1,certified,PASS,,,b3eb460c4fed4addcad9ce50207f1e77b9084824fd2202409f5faebfcfc9a649,2d770487a0de375524e4ce24666f7c182000ff38481d57c3b309d6e837354f12,0.5,0.8,19137905.85543848,4.0,1.0,1.0,1.0,1.0,55f382dfcc800ae7962e5a88f71bab5af69b14561205045306cf933d239f653b,3,2,2,08304380021e031fa422d8076920875c933838ae607fbfc0181a0036428f04b9,P4,1220040663.1418483,1220040663.1418483,0.0,6679214.617555994,0.0,6679214.617555994,h09,5,Katrina,1213361448.5242922,12458691.237882484,1200902757.2864099,1793869009.8945491,88088334.16983719,1.0,0.0,31951077.95397928,R0,False,True,10400000.0,0.0,0.0,0.0,NONE,False,False,0.0,9557344.06438629,0.0,238675578.95915964,R0,False,True,77688334.16983719,1784311665.8301628,bc04bca2dca8d6e3e1aeed6b9edc3d1f408637dd437d74cb75199b85cf756840
E2A_CRACKERS_A080,LA-0408,408,22ef7bf23419ed393d6dc00ca37ae46b74b1de9a6aa519508155f294ab1c260a,M2,A1_FINAL_NO_MEMORY_V1,certified,PASS,,,e687c5c2c2a5a8b6ce04823766917a03cda25e044b5a3f27080b42b2d967a3b4,216cc565ed59185a88bb46531d2c185466f79b0191d50b2495c113f680b6ac44,0.5,0.8,19137905.85543848,4.0,1.0,1.0,1.0,1.0,5c44d2e657219909f7b154a2eec01dd96b7f79a7a241438786cbf840c213416a,6,2,2,73691aeea623027e6d7f14aec0f83ebd8ce0824261beb8c508e410a7bd4aaafd,P1,1221830226.7545414,1221830226.7545414,19137905.85543848,0.0,0.0,19137905.85543848,h09,5,Katrina,1202692320.899103,0.0,1202692320.899103,1871066286.305316,0.0,1.0,14406933.847166311,0.0,NONE,True,False,0.0,0.0,680253.5240447321,0.0,NONE,True,False,0.0,9066286.305315875,0.0,0.0,NONE,False,False,0.0,1862000000.0,7bc65c96dedee66126c0fcc493e2e31a26576bfc68e193676a6d44c5ade58bd0
E2A_CRACKERS_A080,LA-0409,409,d913442f3337a0a02afd4970b676443ebc901b83c7b357c423a98df6473ae779,M2,A1_FINAL_NO_MEMORY_V1,oracle_failure,FAIL,oracle_failure,Full exact certification was incomplete,ab52ea0d0443e2bc780c3696230be85f3f1a750f1fdc80bd8fb27603a743fc8e,b519e6ecf1ac1307272789b76d48c05916fdab75d87094d8d774d3919845bad2,0.5,0.8,19137905.85543848,4.0,1.0,1.0,1.0,1.0,1fae521c3280116a2bc36f38dbaf6e514301deab3921adc7488a15ce40e43a54,3,2,1,,,,,,,,,,,,,,,,,,,,,,,,,,,,,,,,,,,,,,,1c8d811b3f7f8dea21af53578574c6cf971eb320973ba9fd3233c98cf27da303
E2A_CRACKERS_A080,LA-0410,410,ace3856344a78e7d1dd524f1b1d0f174b0f2af6971133122152dcc812694be2d,M2,A1_FINAL_NO_MEMORY_V1,certified,PASS,,,84fbe56f65b3577cb05d9f24fbe96b5c71f9b2a015ff0a2c40aeba820f5d51d1,cfd8c5744895a22aff7a1366728bb59caf7497c3ba3660cf3d1759372c0efa1d,0.5,0.8,19137905.85543848,4.0,1.0,1.0,1.0,1.0,befdbd5b40df9062543bc8ed16010dbf5bd61c332215f4efda9a7372dc92d54b,3,2,2,066ff27d18cb0ea1f20cd96e048ad5c250b90e7428b1f42095c0b1871313cf5f,P4,1216786319.2792413,1216786319.2792413,0.0,7022160.13255667,2761353.947519005,9783514.080075676,h09,5,Katrina,1207002805.1991656,9354391.775362803,1197648413.4238029,1723713461.8188796,158243882.24550667,1.0,0.0,0.0,NONE,False,False,0.0,10400000.0,0.0,0.0,NONE,False,False,0.0,9557344.06438629,0.0,172892050.9032423,R2,False,True,158243882.24550667,1703756117.7544932,356c6fe0970b36c9f15ed7c3c84d532d58c83a1a8b5e029d92139e378d750b4f
E2A_CRACKERS_A080,LA-0411,411,73a969f2144b9cb69e864808271f70164c7a698b2ae477125dd93e8141e92a84,M2,A1_FINAL_NO_MEMORY_V1,certified,PASS,,,750196486248317d48799b5daece0c87eb200133b5c53f58f6fe5662b99e6a65,7e716fd875a8fb5568a594a465969920acc12e5a3f13b66fd0804828c19d4b4e,0.5,0.8,19137905.85543848,4.0,1.0,1.0,1.0,1.0,e4666db0e0534800f6f425fb2c90979be09e0acaf4b7fbb5fdd973d55de6fdc5,3,2,2,32a361bec0bdea16620971bc8d5c9b7c3683b59c9fc2f0c46fb0abdc2b7923ab,P4,1206301275.1783254,1206301275.1783254,0.0,8988886.934660867,0.0,8988886.934660867,h09,5,Katrina,1197312388.2436645,10149018.920777611,1187163369.322887,1695744394.1147716,186212949.9496148,1.0,0.0,0.0,NONE,False,False,0.0,10400000.0,0.0,0.0,NONE,False,False,0.0,9557344.06438629,0.0,220898521.11141917,R0,False,True,186212949.9496148,1675787050.0503852,e3f361925a6b6ffc03f754adf52b5f62f1c29c83939f44c7e381518540c82ba6
E2A_CRACKERS_A080,LA-0412,412,9ab8fd65493da1befdf9f5030c1af0a210ea1e451d00cea6e6afb5ad755b260f,M2,A1_FINAL_NO_MEMORY_V1,oracle_failure,FAIL,oracle_failure,Full exact certification was incomplete,ab44946c909773413d617b10ad4552fb52a02aa732dc3e62fb2d0bae834586c8,232c1efe661e46ccbbb02ed95576dae2e0f35d14acc8150405b8ededd3db8117,0.5,0.8,19137905.85543848,4.0,1.0,1.0,1.0,1.0,1b095ef6d0f7a862b7cf6eaae6741da1c88f9cb61f82412b0e8ef6c8250a6ec3,3,2,1,,,,,,,,,,,,,,,,,,,,,,,,,,,,,,,,,,,,,,,02ba4b2b89628519be6e0ba4cd21fa088892500d01968088bbd332f366835a3a
E2A_CRACKERS_A080,LA-0413,413,c9774da1ca73d9ec653c39c7155dd75f3a02530be13a4bc17e0b8f5965e060b4,M2,A1_FINAL_NO_MEMORY_V1,certified,PASS,,,b271b1a79265e328dd20f6a9b3b45baca35366cddf64376b1f8c902011670c4b,df41fa16d0aaf30d9b1a86314b307eeedb247eed039e98caa4644e35bb0b46f8,0.5,0.8,19137905.85543848,4.0,1.0,1.0,1.0,1.0,3b7713ca76cb253881c32f50d50c313d2cbf2cb4d5ab791e3a4b9c5106387e7c,3,2,2,581e00881f9a1ea1159d1a6fc249efdf43aaabb0681cb6c361b9478d2c219bca,P1,1222022027.9975765,1222022027.9975765,19137905.85543848,0.0,0.0,19137905.85543848,h09,5,Katrina,1202884122.142138,0.0,1202884122.142138,1871069732.001691,0.0,1.0,14458921.653572492,0.0,NONE,True,False,0.0,0.0,677917.7511389827,0.0,NONE,True,False,0.0,9069732.001691183,0.0,0.0,NONE,False,False,0.0,1862000000.0,d5e9b5ff1d6f9791b43e44ecd9f2fc8fee149f4f1f91678186bd1c574754322b
E2A_CRACKERS_A080,LA-0414,414,ed0cc2a869eb8687720ec480d68ba469aaee92002b945ee278882976a98d3be2,M2,A1_FINAL_NO_MEMORY_V1,certified,PASS,,,21080966c2d44b1271fb3e89e0a460a029af2642581782cfaf52cc2bc03dbb0d,6773e6a114f0d93ec7a3e0fe24505ce1bc7771a8726db5bbbf14d6faffee77f4,0.5,0.8,19137905.85543848,4.0,1.0,1.0,1.0,1.0,386519eae432af06762bd1f4f022bbdb737477014fcaae7b12d339915eb767e1,3,2,2,5cd606187dd42f69bc9c64835d61367d74351dafda3a91655f2a6a888d1ca70c,P4,1211496569.3919003,1211496569.3919003,0.0,2540162.465722942,0.0,2540162.465722942,h09,5,Katrina,1208956406.9261773,16597743.389715534,1192358663.5364618,1870880642.8488154,11076701.215570865,0.9999999999999998,0.0,25164132.079785515,R0,False,True,10400000.0,0.0,0.0,1637365.2660746772,R0,False,True,676701.2155708644,8880642.848815424,0.0,0.0,NONE,False,False,0.0,1862000000.0,84293e40fc143ef593b8931f620ece1220e1f24bf0b314193523466b00423306
E2A_CRACKERS_A080,LA-0415,415,cec688ca7df4bae05c2b242791368e16e746ca8f07cf180a1af1202c302cf924,M2,A1_FINAL_NO_MEMORY_V1,certified,PASS,,,be084abbb023f7a3b1b608a46b60070e15139304ea809de8ed29127fa701537e,1d974657b086695eeda801b142585d8301bbe8798968ca8fae9d4dae0b2d3116,0.5,0.8,19137905.85543848,4.0,1.0,1.0,1.0,1.0,64d7dea94f91e4faf195ce0775984d7583426f69f38508d885ba26c36d368af7,6,2,2,93a37be423b64010426ad76a46169c07a22bc53018d075f22dc9d257e9b560a6,P1,1220100215.5966141,1220100215.5966141,19137905.85543848,0.0,0.0,19137905.85543848,h09,5,Katrina,1200962309.7411757,0.0,1200962309.7411757,1871035206.7717228,0.0,1.0,13954376.60928268,0.0,NONE,True,False,0.0,0.0,700586.5791902113,0.0,NONE,True,False,0.0,9035206.771722756,0.0,0.0,NONE,False,False,0.0,1862000000.0,a77794972dcbdfdc8b1912f06125ecebd52f1229b83c43ceea1af84990196fcf
E2A_CRACKERS_A080,LA-0416,416,669e449e72b58dc8c22a12ea129611eccdb1ec6b9fcc545c816093c674e68f3a,M2,A1_FINAL_NO_MEMORY_V1,certified,PASS,,,07d9f14c6b34a658e84555a06c9cccc9337b25cdf1be2e1036070d6ff3747264,196e4764770d5eb92c5b568befa76ba1eb3b61c69d5eec01f5fe19d6c632da52,0.5,0.8,19137905.85543848,4.0,1.0,1.0,1.0,1.0,d33d3f1a67d95baafbe7104fcb97d1b57c7ddae3e80f442fb16c5c7d8b216962,3,2,2,7bd64dc48fd4ad0e254775696485f4b2fde903d81e75f77b89e36f1d9bf0d40a,P4,1206524278.0228066,1206524278.0228066,0.0,293789.53035086265,0.0,293789.53035086265,h09,5,Katrina,1206230488.4924557,18844116.325087614,1187386372.1673682,1696339258.7233963,185618085.34099004,1.0,0.0,0.0,NONE,False,False,0.0,10400000.0,0.0,0.0,NONE,False,False,0.0,9557344.06438629,0.0,352524105.2033898,R0,False,True,185618085.34099004,1676381914.65901,061d194e68dbbf7dc125f3447b9a348c73b9fef7d09d23315811e9fa51e50b8d
E2A_CRACKERS_A080,LA-0417,417,7b77c5a7809113dfccfc724fb993b09b45d0f9b9534509f0bee71391bb3e1ce5,M2,A1_FINAL_NO_MEMORY_V1,certified,PASS,,,3baeddb73afe30234e44ec50dfcd6839a713e20f3ce21688beccb5b58ebb7532,8c8008db0ffaa48ca4f69e47f3762c34b8ddd0cfa97d0b5ed9deffc0a64a77ae,0.5,0.8,19137905.85543848,4.0,1.0,1.0,1.0,1.0,c7829a0472d308f44992ee05b805299b2321db5aecb6a99de741837ba6f1e3f4,3,2,2,ac671439b4d8a1a86327127ea780ba32013949d7914342fb95bfcfdf903276c8,P4,1239135078.874275,1239135078.874275,0.0,7667328.053793345,0.0,7667328.053793345,h09,5,Katrina,1231467750.8204815,11470577.801645134,1219997173.0188365,1844803750.9648294,37153593.099556856,1.0,0.0,20462901.253031265,R0,False,True,10400000.0,0.0,0.0,0.0,NONE,False,False,0.0,9557344.06438629,0.0,52640012.86153948,R0,False,True,26753593.099556856,1835246406.900443,4fa761fd40c63a3aa29bde01f7ec1da17a0a1b43ff20193b1aa3c4c820d5bb9c
E2A_CRACKERS_A080,LA-0418,418,a1a57ef11efc58777d4895f9cb33b07895c7ed86a130788a7a108c4aea542b22,M2,A1_FINAL_NO_MEMORY_V1,certified,PASS,,,3e0589ee36f12c8b023fb54bd690d26fb42fd2ee279c0b06c690a4c7c131add6,3065d03ef9abf418ac41145b8fc55cbaeea3f66ee83e9f8dbeb35e4d6a5aa9e0,0.5,0.8,19137905.85543848,4.0,1.0,1.0,1.0,1.0,f13fe39253259ddc7a2f8555f78b0ca9c938a7a80db2a2372764c8438ca7f6d6,3,2,2,b433c8330c415e51615e5dd6c1882a9339eb3009b922f6f857239ba7559f18f8,P4,1215712795.9105673,1215712795.9105673,0.0,4421067.939360698,0.0,4421067.939360698,h09,5,Katrina,1211291727.9712067,14716837.916077778,1196574890.0551288,1880560123.2640016,1397220.8003846603,0.9999999999999998,0.0,414497.5697275878,R0,False,True,327451.6834813451,10072548.316518655,0.0,1354143.8981525751,R0,False,True,1069769.116903315,8487574.947482975,0.0,0.0,NONE,False,False,0.0,1862000000.0,06172d6026db5de9b4f71a880735396e7bbe12c02b75c070b352ade51a87c908
E2A_CRACKERS_A080,LA-0419,419,980ed4843284f015912efec4bdfc93012b77d07b8b05807719cf0508fa21d36a,M2,A1_FINAL_NO_MEMORY_V1,certified,PASS,,,96278c5c0b2a897bcc2f921fe04c1bd4326d649a83ffe33d5bd1c27e19dc56a4,2c521e7af9d75a549ffde8df3f797eedde775caf25f18e2815ef8fedb7b4d239,0.5,0.8,19137905.85543848,4.0,1.0,1.0,1.0,1.0,a6d45aeeee4cf34dbdc27f484c60de3f58b07e1335a6ffd74164ba863a84dab5,6,2,2,95155bea6161c84f856fd965d045bb5ae21cf8096d177dbc992ebabc31ecfff3,P1,1223547655.3658326,1223547655.3658326,19137905.85543848,0.0,0.0,19137905.85543848,h09,5,Katrina,1204409749.510394,0.0,1204409749.510394,1871097139.7943087,0.0,1.0,14886199.94916811,0.0,NONE,True,False,0.0,0.0,658720.4597920568,0.0,NONE,True,False,0.0,9097139.794308605,0.0,0.0,NONE,False,False,0.0,1862000000.0,e2581dac436a0816f403c58033cb3eacec14e3dd9326f8bf5c5db3dcf22a1bec
E2A_CRACKERS_A080,LA-0420,420,44dd35ee7eec6c0c01e88ef4a6c5181d8ca1090dd72c4a0bc9649023e3942e24,M2,A1_FINAL_NO_MEMORY_V1,certified,PASS,,,1ac37a258da6da9501932c83327dc8bbb4c78e816d00028de4f7921dfcac36d4,05df21329d966b72a8dd35eecea17a5686aa910cc1ef71f817e294ebf0a1e4bb,0.5,0.8,19137905.85543848,4.0,1.0,1.0,1.0,1.0,8d1b5a557e25748b66246357da8358ee7ba41ee63a0c4ecbf429ba6dfc9f4425,3,2,2,a09f9bfe4dcbcb2871ec7f39fd0d87062317b187e99338b8ccefe695b25d7cc3,P1,1240662526.8156593,1240662526.8156593,19137905.85543848,0.0,0.0,19137905.85543848,h09,5,Katrina,1221524620.9602208,0.0,1221524620.9602208,1871404607.3038268,0.0,1.0,22268483.974312868,0.0,NONE,True,False,0.0,0.0,327040.0100774164,0.0,NONE,True,False,0.0,9404607.303826904,0.0,0.0,NONE,False,False,0.0,1862000000.0,fe56f2032f44bbcabb5c10593de990f71a69d0861810f0b4370501b98f0144c1
E2A_CRACKERS_A080,LA-0421,421,0b1dc9e549a2abd4a771c0a2747727b70a3a24f194e67688125788161444a05f,M2,A1_FINAL_NO_MEMORY_V1,certified,PASS,,,d480e8de957b0b847d6070a73ff59c859d48317de9f47ecc5aa05c3a5d88fa89,3520268e4e1b75865ae80d42e6ef2de931e227ac988f69360afd8ab01005d05d,0.5,0.8,19137905.85543848,4.0,1.0,1.0,1.0,1.0,91261d911fc5c7598dd09c2f25bfd586fc67e8e56d17f296edbf181a06b3974c,3,2,2,7535e644c225c2726211d5a22f47ff0439431534ed919d132b7d19bd94ec6512,P4,1236608547.2423298,1236608547.2423298,0.0,5502102.844444483,4110545.6188229816,9612648.463267464,h09,5,Katrina,1226995898.7790623,9525257.392171012,1217470641.3868914,1881247724.9458697,709619.1185165822,1.0,0.0,0.0,NONE,False,False,0.0,10400000.0,0.0,839081.4194696791,R2,False,True,709619.1185165822,8847724.945869707,0.0,0.0,NONE,False,False,0.0,1862000000.0,50d7841dd22819611ac350f2597ce16da1392c122629c08037e3a928fa46fa93
E2A_CRACKERS_A080,LA-0422,422,009903ddc3ca6e1651e7f7f0154966d57cbadba4e2b625012b73dcbe6be1fc13,M2,A1_FINAL_NO_MEMORY_V1,certified,PASS,,,735784cb11efad2842a79f4988618d17034bd342ea9e3bb44ee96894deeea4c8,7d31a7ba0bfec88cee9c4f1e21cdc9dd3cdc694cbd998258dbabc85e0bcb862c,0.5,0.8,19137905.85543848,4.0,1.0,1.0,1.0,1.0,c80c2d1e4d93d483786c138348cc1ab8755a39d24a1bb47a9bdf3d618d5f513e,3,2,2,42acf05fd0ba559e47f562776a72fd3f64e95c48d832572ef6e6b725c11d3d58,P4,1237329874.8817704,1237329874.8817704,0.0,8140829.715250772,0.0,8140829.715250772,h09,5,Katrina,1229189045.1665196,10997076.140187705,1218191969.026332,1839988332.717645,41969011.34674153,1.0,0.0,18560232.68892857,R0,False,True,10400000.0,0.0,0.0,0.0,NONE,False,False,0.0,9557344.06438629,0.0,56339249.64951433,R0,False,True,31569011.346741527,1830430988.6532586,6c067224c79a20111ac85801a51c8a591b452ad6f5b633f1e4c9930ccbf212ce
E2A_CRACKERS_A080,LA-0423,423,b253320b04b468a2aba2695c908ca0cf5fa5497e4fa109f2c28407bb458338f7,M2,A1_FINAL_NO_MEMORY_V1,certified,PASS,,,825fa4fed87e1422a145c6656fc4510d45e306824cfc50d107f461ee97f03e19,fd4ec54bc2c5f7a191a8bcb7168e85466256f76e94dfd7dd542e0954e45d70fa,0.5,0.8,19137905.85543848,4.0,1.0,1.0,1.0,1.0,dc9483e302f45ecf76ef0040f560d874f651ea909cb10cc83744fd5172db4648,3,2,2,6bcb809ba5295cfdb6733d68bf0bcc64fe802a9966bfcadffae664c8e03a0d66,P4,1195996004.5894756,1195996004.5894756,0.0,8771145.340053892,0.0,8771145.340053892,h09,5,Katrina,1187224859.2494218,10366760.515384587,1176858098.7340372,1729729395.7450275,152227948.3193587,1.0,0.0,15744855.4454274,R0,False,True,10399999.999999993,5.587935447692871e-09,0.0,0.0,NONE,False,False,0.0,9557344.06438629,0.0,214717360.0394087,R0,False,True,141827948.3193587,1720172051.6806412,802f833efd15a7eee433756673b824b1a277743c1a32620723613fd843a36765
E2A_CRACKERS_A080,LA-0424,424,1a03172878809a173b00193c10d0c89b66fb89edfa20cda3ab033908ec5d97ed,M2,A1_FINAL_NO_MEMORY_V1,certified,PASS,,,24d205fd32495aa60e19a6e80b8ca3e5df07c00dea0c939a60dd4ab0d38f27c5,0c4fb322f35c2ed5a014c0c72e61f1fd5507c8cca8ad793d69b02cc3879e69f9,0.5,0.8,19137905.85543848,4.0,1.0,1.0,1.0,1.0,249b5a1e74502a9a520fc13862a2ad70f147f73ab902620408fc94dffc18053e,3,2,2,aa4fbeb15fe984e8201fb038766ccf5eb26896ffa8d72e7dd50fe4b961fd489b,P4,1195731624.5824482,1195731624.5824482,0.0,4058189.6352883475,0.0,4058189.6352883475,h09,5,Katrina,1191673434.94716,15079716.220150128,1176593718.7270098,1729024156.7164657,152933187.3479206,0.9999999999999998,0.0,19953022.19520897,R0,False,True,10400000.0,0.0,0.0,0.0,NONE,False,False,0.0,9557344.06438629,0.0,273458447.18335944,R0,False,True,142533187.3479206,1719466812.6520793,e28b89cce0e2973de9f29747f6ea7383b35b33d65e2fdf74e9b056cc0e2dd0a3
E2A_CRACKERS_A080,LA-0425,425,ea0afba4ecab0747a75c88d4f3a6e5c7448f19fb8de97012973b0981aa673bd5,M2,A1_FINAL_NO_MEMORY_V1,certified,PASS,,,fd17c45b01d458095447f3d8ac2062e45f7c4330b9c10672a8561fef50a90361,e199e31ba7ca8d2b68bb0fccfc5ae7dbfd1ef097e183a55bdb9aaa1692e3f2af,0.5,0.8,19137905.85543848,4.0,1.0,1.0,1.0,1.0,01693a50cfffa4dcc3e8d254385ef7967384fd26f81029cb023e7d68057777b6,3,2,2,a77af03caeff7009ea34f39b92bf90d29bcbf9871f28d048a4b83c297c8a80c7,P4,1231334509.6640632,1231334509.6640632,0.0,12574890.649954202,0.0,12574890.649954202,h09,5,Katrina,1218759619.014109,6563015.205484278,1212196603.8086245,1881152977.2170277,804366.8473586887,1.0,0.0,0.0,NONE,False,False,0.0,10400000.0,0.0,2040959.4373507584,R0,False,True,804366.8473586887,8752977.2170276,0.0,0.0,NONE,False,False,0.0,1862000000.0,c666c3c44f6c1445e742fc4c96668175906833ce8237faad25a70d44a0a76bd8
E2A_CRACKERS_A080,LA-0426,426,a1cfe988c469087db9089ef0e3cfb91a724cde4710dbc66612f90bf1d1380d0e,M2,A1_FINAL_NO_MEMORY_V1,certified,PASS,,,5ab925e18a950e431b6f9134e429f60f486166334df8723db497e0ee61831185,3255ce7f337b454b56efb0b9e920fe72abac960667bb9cd06e86ab21d6ff272d,0.5,0.8,19137905.85543848,4.0,1.0,1.0,1.0,1.0,6e1ac2f7f99c37ac9fa4adc6bdd948054188721e22cae078f38abb3206df2927,3,2,2,4c0d03bedabc5343aa0bfc51cc64e4d0a6b414e4944aea9b7bc392ce4f4842e5,P4,1207321814.679629,1207321814.679629,0.0,3975497.8974756654,0.0,3975497.8974756654,h09,5,Katrina,1203346316.7821534,15162407.957962811,1188183908.8241906,1759941223.770405,122016120.29398142,1.0,0.0,18874507.091517314,R0,False,True,10400000.0,0.0,0.0,0.0,NONE,False,False,0.0,9557344.06438629,0.0,202567235.96311554,R0,False,True,111616120.29398142,1750383879.7060187,4d10634eabde22697c73e09ad66ac1a9fb8c3f7c16f727b7e3aea8423ff79c6d
E2A_CRACKERS_A080,LA-0427,427,f8502b1dc3dc74effda7a6d21fa16d2a2e6767583b8f04eaa3563bc53ea75b1a,M2,A1_FINAL_NO_MEMORY_V1,certified,PASS,,,fcef43fcf92cc103cb9cc95b7eb458ddf243c78ef382615391d35a16d264a665,60bf21dec30473d6beebffaef8fcc31ce7104f8acff315ae72caf1c98a7c5e2c,0.5,0.8,19137905.85543848,4.0,1.0,1.0,1.0,1.0,450566aa361a360993f60c4c433cd5681f8b972906eff1e0786372bb9510b527,3,2,2,92c6d7895bf0a4ac8ccd54a2fd5b4e6bfbf4c27335a73a0d0ca2c11634d65c0a,P4,1224013630.147467,1224013630.147467,0.0,7096573.646187466,0.0,7096573.646187466,h09,5,Katrina,1216917056.5012794,12041332.209251013,1204875724.2920284,1742992460.080258,138964883.98412845,1.0,0.0,0.0,NONE,False,False,0.0,10400000.0,0.0,0.0,NONE,False,False,0.0,9557344.06438629,0.0,360011507.6863111,R0,False,True,138964883.98412845,1723035116.0158715,df7b7cb9aeb64ec62a330352985a5165be2b304fb0882ec85fc72b37ecb9db22
E2A_CRACKERS_A080,LA-0428,428,26ce3ddd9c3399e71d32afe48e2f6432a6e553d988c137a3d1c2d6b87f052b9a,M2,A1_FINAL_NO_MEMORY_V1,certified,PASS,,,7b7597cd2c1b90c731ac183634c82f0221e720f7132c72397d8948da5206fea3,2deb97d0483088043ae647d7be2fe5290160395bf6233b66716b6b5eb181e783,0.5,0.8,19137905.85543848,4.0,1.0,1.0,1.0,1.0,7815edb1e769bf641b4a0d1fc05e916834ae5764da3b61f002950209d4423362,3,2,2,0b67cbccdc1d6f3e22d6b013a845bd875c2f4991aa33cc46e2f76072ccda9906,P1,1232147688.4134176,1232147688.4134176,19137905.85543848,0.0,0.0,19137905.85543848,h09,5,Katrina,1213009782.557979,0.0,1213009782.557979,1871251638.8070922,0.0,1.0,17861612.91083956,0.0,NONE,True,False,0.0,0.0,525037.4010188468,0.0,NONE,True,False,0.0,9251638.807092179,0.0,0.0,NONE,False,False,0.0,1862000000.0,aae8a3a07278d20df541d2fd5d7a152f3a5e0678d6af579df18e999868d0f07f
E2A_CRACKERS_A080,LA-0429,429,9ed9067097afa38d710d89f20562fb337d8b96da06be022abc155cc8ce8d63ce,M2,A1_FINAL_NO_MEMORY_V1,certified,PASS,,,ea3f67cea620e4061ebb7587db536305dc797f1a0e7df3fd4b24f1bb2b22220f,a5a383c1b0881bb04b9a8d03ac495668b84d81fe84328cf83a330d5413594335,0.5,0.8,19137905.85543848,4.0,1.0,1.0,1.0,1.0,9437ee53c56cc5efc9d2e24af6ee72c1608d2d9cc2f5ed8b44aeec800e5c9be6,3,2,2,39b934de98e7e21610aa7aa213133c1f1e4848c8892d32df785ab6ba39a7e1a9,P4,1218731270.506471,1218731270.506471,0.0,5764043.925523831,0.0,5764043.925523831,h09,5,Katrina,1212967226.5809472,13373861.929914646,1199593364.6510324,1790376178.4941614,91581165.57022509,1.0,0.0,14564653.076068362,R0,False,True,10399999.999999996,1.862645149230957e-09,0.0,0.0,NONE,False,False,0.0,9557344.06438629,0.0,113689953.1578071,R0,False,True,81181165.57022509,1780818834.429775,ba9237b2b9b4c0fbef7896cb9c0597a931ed1dff7ea3d19ef4e6a7b91ef7a5b0
E2A_CRACKERS_A080,LA-0430,430,14738c5d85ad0379549f114ff1b1e4c355eed2029c0e4677e41d07ddaeec0454,M2,A1_FINAL_NO_MEMORY_V1,certified,PASS,,,02f70144673c9f03bfeddea658c43349b5b26daf73c6ec15ca83ecbe44d3b14a,657d40b294110193c1ccccb638c3da438521e0441d6185930c12b0c08b6111ed,0.5,0.8,19137905.85543848,4.0,1.0,1.0,1.0,1.0,0564daaa75cb2429167055f082f180eb382e155beb6ac20a2440caf824a9952c,7,2,2,bc456bdb03f8c00dfd3c4713a1905b3c6863cd8b181362cde08ccc14793c4f04,P1,1220772746.4739504,1220772746.4739504,19137905.85543848,0.0,0.0,19137905.85543848,h09,5,Katrina,1201634840.618512,0.0,1201634840.618512,1871047288.743506,0.0,1.0,14126885.588490834,0.0,NONE,True,False,0.0,0.0,692835.880949845,0.0,NONE,True,False,0.0,9047288.74350589,0.0,0.0,NONE,False,False,0.0,1862000000.0,36918df95b410144affc9982df8a296a572c1a99fd64af452e1531a7595f81ee
E2A_CRACKERS_A080,LA-0431,431,a32ead894adcc12a4e14a7ccb66a1ce67ce13fdd1975eb92268300a3cc22808d,M2,A1_FINAL_NO_MEMORY_V1,certified,PASS,,,6ed64bfe992bb54151aa4d9d6cfa52f00ebcf6dd9d05c1bdf3b3783491533b27,1937d0d65096605de810794e968eb7f1a50699c84e363315bf5b4c84a06fc518,0.5,0.8,19137905.85543848,4.0,1.0,1.0,1.0,1.0,57a79ef4f8f94e05b7c5c0717fafca9945d9b443a509b73d2d5b4f97c6d5b274,3,2,2,68c119594a2b4d3f6741d89ecf6a1dbf42a301f9bc162682ad6fa5ff36fdb283,P4,1231980190.806105,1231980190.806105,0.0,6400341.96954515,6671525.753032634,13071867.722577784,h09,5,Katrina,1218908323.083527,6066038.132860694,1212842284.9506664,1825717941.9908373,56239402.07354896,1.0,0.0,12905357.171914442,R2,False,True,10399999.999999996,3.725290298461914e-09,0.0,0.0,NONE,False,False,0.0,9557344.06438629,0.0,56882101.567898534,R2,False,True,45839402.07354896,1816160597.926451,229ce004251647c1e6d9f51e558c2a63d0701975bc73466804c5f87b4612a571
E2A_CRACKERS_A080,LA-0432,432,4f4d97a7e6abad40bb69e0f9f007c3fa630a0481cfb4b97be8ade7612d310f61,M2,A1_FINAL_NO_MEMORY_V1,certified,PASS,,,51fd88744ebe02f3157d995aa02cd37d8ccfa61a16d9f2f8038965a86ac84247,5921979916357fdf0e17e8f90b1110eadc67c48e2efd4421fcc52062747085d2,0.5,0.8,19137905.85543848,4.0,1.0,1.0,1.0,1.0,5088a3e939b86b18af3d05e1a4b6d7fc2b3877dca5ec5e5c0aa7b0d85bd6222b,6,2,2,bb02e36ae851eab5d18c9d0ffcb1e8392b968044be902bb701732d965b6c42b1,P1,1222913832.11816,1222913832.11816,19137905.85543848,0.0,0.0,19137905.85543848,h09,5,Katrina,1203775926.2627215,0.0,1203775926.2627215,1871085753.2024777,0.0,1.0,14705657.607258765,0.0,NONE,True,False,0.0,0.0,666832.0909556724,0.0,NONE,True,False,0.0,9085753.202477753,0.0,0.0,NONE,False,False,0.0,1862000000.0,c2adda0feb29991c9a5d6245bb10c40f32b109ac9930edecec5879079c2343a7
E2A_CRACKERS_A080,LA-0433,433,2122d3f36328d1fe940c02204634c6c71ee92980e3f03170baef3e1d272ea5e1,M2,A1_FINAL_NO_MEMORY_V1,certified,PASS,,,aeeff99f7364dfaad712886f377b4bdc05f3d423a43904b1d1c1f45b39b60860,cab67d8259bdb2c253545f706b92114276b1ebf3c01d39960744a8ee3c178781,0.5,0.8,19137905.85543848,4.0,1.0,1.0,1.0,1.0,3e16b36a2b81e8137b6f2d8c53c00dcf540870e27f0c708eb87e65495f64c130,3,2,2,e77ddaa9c243a4cd6f193123132051fc93bd404d47d9d7f18a6cbb764ae7be2e,P1,1230239603.001635,1230239603.001635,19137905.85543848,0.0,0.0,19137905.85543848,h09,5,Katrina,1211101697.1461966,0.0,1211101697.1461966,1871217360.1815572,0.0,1.0,17103145.23447843,0.0,NONE,True,False,0.0,0.0,559114.7812893173,0.0,NONE,True,False,0.0,9217360.181557138,0.0,0.0,NONE,False,False,0.0,1862000000.0,2c21d4902f0d52f2679caafbeaa1d06109f1c7d6b51183721639a79bb7079744
E2A_CRACKERS_A080,LA-0434,434,eaedf29b3f0adcc63ef9891f0af185763f8d102f02654270b1c9ecc613eea483,M2,A1_FINAL_NO_MEMORY_V1,certified,PASS,,,9ffb62846855a574b95f774d28c66cf2d2927de8689efaa9a2044d493160c1d5,97ca4381ddaa989d78d4af459a21a54d2fb13dc46220747f86c0a6c348770fb1,0.5,0.8,19137905.85543848,4.0,1.0,1.0,1.0,1.0,793af4cfa17c7ea79bef55e70536f005cf4aa091e438fc46e6aed2a28ac6dd71,3,2,2,a2ed86a70de5cbadef35e052f9eec3865f79f4e733d04ed827ebad98a5ebc259,P4,1159816079.7637694,1159816079.7637694,0.0,3818876.487551288,0.0,3818876.487551288,h09,5,Katrina,1155997203.2762182,15319029.367887188,1140678173.908331,1571744192.9449148,310213151.1194716,0.9999999999999998,0.0,0.0,NONE,False,False,0.0,10400000.0,0.0,0.0,NONE,False,False,0.0,9557344.06438629,0.0,559629255.0204587,R0,False,True,310213151.1194716,1551786848.8805285,4bbe8257e304185057837490e7043b844b35fedfb53498fbd0db9f4629f18a9f
E2A_CRACKERS_A080,LA-0435,435,5d41e2ec244437cebb14d9c76232f1fb4b4214787adc9196bd6d0f10ed5b1a62,M2,A1_FINAL_NO_MEMORY_V1,certified,PASS,,,06aa3bd4746e2e20f5bfae329d27eb6c67c88e9faffffa2f4fc6359524d5139d,63d3e6cb8a00112985cb3639ce4a45a53bbdf00124302d486041610a595e6121,0.5,0.8,19137905.85543848,4.0,1.0,1.0,1.0,1.0,aaee2ca8cdbdd42033bafa3dfd8f5a1d4e8d643742f41356fac2a4fa2a1d14ee,3,2,2,3d33804305231ebd77bd8afe2349c4f90f20bc70f329e75f7added9495569a39,P4,1213843650.2489145,1213843650.2489145,0.0,2805302.776339224,0.0,2805302.776339224,h09,5,Katrina,1211038347.4725752,16332603.079099253,1194705744.393476,1777338352.3696506,104618991.69473568,1.0,0.0,12678312.724691568,R0,False,True,10400000.0,0.0,0.0,0.0,NONE,False,False,-1.2756902751134423e-10,9557344.06438629,0.0,114859407.81836312,R0,False,True,94218991.69473568,1767781008.3052642,c551b6d0ae1ddf6015224dfcade15bcd7fe1448916597937bea8de585a7c02f3
E2A_CRACKERS_A080,LA-0436,436,1e77197beadf8e9a715f7bb85ef8f315c51adce8c616488cfab3d9650af78639,M2,A1_FINAL_NO_MEMORY_V1,oracle_failure,FAIL,oracle_failure,Full exact certification was incomplete,ec1ab23b73d440ebbd83569c81fa3db530a6cf0ca12a0c464812d7923b635b30,0686ccc21ee6964040f87147d1dffc1c4173f099a8d4c8fc7ec69a961bbd672e,0.5,0.8,19137905.85543848,4.0,1.0,1.0,1.0,1.0,6231240726d55cde5fe07553d92460b00d55c7aa8ceaed3ba35492b7fefbeb17,3,2,1,,,,,,,,,,,,,,,,,,,,,,,,,,,,,,,,,,,,,,,24d961f8641159ba4bf0d0df2f8b41edca430546d50827e71e46006cc07c9dcb
E2A_CRACKERS_A080,LA-0437,437,add61a82d144be4e264312ecc7aa29cea6b9324261682313f492c4ab4fb974d8,M2,A1_FINAL_NO_MEMORY_V1,certified,PASS,,,1d4f01dac73defb0102f12eda352fd9ab143d0abead1e80839edf2560524ade0,be0c8540d6a09994dc600a00d74bfcb190815d6708d7cd29dc2874af7344ff71,0.5,0.8,19137905.85543848,4.0,1.0,1.0,1.0,1.0,661a6de6a57d86a38e8d89581012598e1baa1bcad17d85a438c9baeb86edb2ed,3,2,2,d1cc928177cadb243fd418cc5c927aaf3a0568352f1c48fe2e9b7e8d3bd23241,P4,1182197621.075134,1182197621.075134,0.0,5115184.868085073,0.0,5115184.868085073,h09,5,Katrina,1177082436.207049,14022720.987353405,1163059715.2196956,1870354289.2213943,11603054.842991931,1.0,0.0,34617641.201799534,R0,False,True,10400000.0,0.0,0.0,4004511.625075189,R0,False,True,1203054.8429919318,8354289.221394358,0.0,0.0,NONE,False,False,0.0,1862000000.0,2596280645b5007c996d7ee8c97e35c6482e70d738691441fe95442d8074e215
E2A_CRACKERS_A080,LA-0438,438,4b66646992cf08f6faaaea2bbb380bc848a52ab4c1e39fada80dc6e3fc8093b5,M2,A1_FINAL_NO_MEMORY_V1,certified,PASS,,,ca324aeddc9149c6a8048b3ae89b1623731db582ac40ea985ea1fe9939a73638,7552a369b51efc2534c184fd1a109567986d084e429e4a121fa6023d0d66998b,0.5,0.8,19137905.85543848,4.0,1.0,1.0,1.0,1.0,311e003036bbedcfc2cd9fb4c825d333497662fa430697c5e5db8a27c08659d3,3,2,2,a6581988c5dbdc4568b1a01d8e0a8aa36c7025c276985169689857e18426bdfc,P4,1200873343.0358481,1200873343.0358481,0.0,447329.35981991776,0.0,447329.35981991776,h09,5,Katrina,1200426013.6760283,18690576.49561856,1181735437.1804097,1880314117.9016626,1643226.1627236991,1.0,0.0,388293.7978185088,R0,False,True,305862.43720490194,10094137.562795099,0.0,1697789.518686544,R0,False,True,1337363.7255187973,8219980.338867492,0.0,0.0,NONE,False,False,0.0,1862000000.0,659ad79c2c2519f595544d9a68826178e53509cfb0ff09fc816204eef53e14b4
E2A_CRACKERS_A080,LA-0439,439,d020cec9fb7bcea1d78e488ac0f1527c18b213e5e100355ec860ed88de64f4d8,M2,A1_FINAL_NO_MEMORY_V1,certified,PASS,,,b362dde07e463e9d407db4e81a9b79efa17ef14b551bd85e970c28908e1d9994,49390d6e10594afefac8ecb26e60d656a7c58b779a6373c910a371da57e9309d,0.5,0.8,19137905.85543848,4.0,1.0,1.0,1.0,1.0,616c1e45f727d894df786041c51d84a574d540286ccdfeff068137b0bff1c338,3,2,2,dc60d0c07ec2a2ec4ef182b29382319908a84b343f2b2dc3319ebe8ffc8d7987,P4,1192383219.2038996,1192383219.2038996,0.0,8454807.72892617,0.0,8454807.72892617,h09,5,Katrina,1183928411.4749734,10683098.126512308,1173245313.3484612,1658617697.6400974,223339646.42428896,1.0,0.0,0.0,NONE,False,False,0.0,10400000.0,0.0,0.0,NONE,False,False,0.0,9557344.06438629,0.0,326380109.72436863,R0,False,True,223339646.42428896,1638660353.575711,4eb966e1ac83f3182347d7f5bdafa60d2a959ffc3e9b01f1b478900544939679
E2A_CRACKERS_A080,LA-0440,440,e53253b54a74d2997e52ece4810ae42a688a5221d40d6409f01d8428ca5a5526,M2,A1_FINAL_NO_MEMORY_V1,certified,PASS,,,9d3627611e8142c288ccb66e9ffa25383286a66a73b8189d3e9bf91092d5eaff,a71665bbde98b94e72cf1713d7af09e021ccde4df924caeda55627e7fc83289b,0.5,0.8,19137905.85543848,4.0,1.0,1.0,1.0,1.0,cd8258aa87fd3c059bb6f3b78f512907fec19ae62821b71023873866d4df24dd,3,2,2,307b872177bc74ed8305e5e1f7e6b8258f7e260f299dbaed34f70a06e66a36d7,P1,1225911139.01782,1225911139.01782,19137905.85543848,0.0,0.0,19137905.85543848,h09,5,Katrina,1206773233.1623814,0.0,1206773233.1623814,1871139599.6184676,0.0,1.0,15600391.240053521,0.0,NONE,True,False,0.0,0.0,626632.3841048705,0.0,NONE,True,False,0.0,9139599.618467618,0.0,0.0,NONE,False,False,0.0,1862000000.0,5b56ccb784da826146507450b56f4ac7529afa921d2c7ab705cddd1493dd6c23
E2A_CRACKERS_A080,LA-0441,441,9aae17c473a90f235374ff7ea856c9d4a8615e777d70a4904bd7b1843bddfa86,M2,A1_FINAL_NO_MEMORY_V1,certified,PASS,,,3769486c2ef61da19f9f0bf44609f0a75c27a3e0dafd472835c99276415311b0,75c9c80112a3f76efe07f98bda9633438e54defb2f33b6002e2d42d3dac7927d,0.5,0.8,19137905.85543848,4.0,1.0,1.0,1.0,1.0,3b627fcce96cfa520c200f0ca5a67f72b6fd4dd851f1d0782859149671fb82f2,3,2,2,b5c958a218093d685b7bf3751e452d58494036d26acb089e1cd75e8b44f78cb0,P4,1207091168.8296988,1207091168.8296988,0.0,5884180.2892029565,0.0,5884180.2892029565,h09,5,Katrina,1201206988.5404959,13253725.566235522,1187953262.9742603,1759325971.2897968,122631372.77458943,1.0,0.0,19614289.34252519,R0,False,True,10400000.0,0.0,0.0,0.0,NONE,False,False,0.0,9557344.06438629,0.0,211667174.89515397,R0,False,True,112231372.77458943,1749768627.2254105,751524fb5c6b55ef9c6b2c2a835f01dc2acfa1942fecd95559a2aad0b90b9b29
E2A_CRACKERS_A080,LA-0442,442,aeca1c7c7a283b4fae678a82db42413910fc32cd7662248f0b418f498dcaec24,M2,A1_FINAL_NO_MEMORY_V1,certified,PASS,,,7eb99916d0f3e0856d970a10c85acad74ca75959ed5af5378a742064faecf4d6,0ae3c753ec5dfcfff3f9a74294661c302b8d524155a722161a405ed52033f896,0.5,0.8,19137905.85543848,4.0,1.0,1.0,1.0,1.0,c59f79d59fc87e0cbdaf0a6f087ee6c3dd0179e5ecc3de02a66aad7e9c0ff7a7,3,2,2,ee74e0f68fca75f11f251cabb1bde6c5803fbf70cf37639785c0d7d21b437417,P4,1213784712.743624,1213784712.743624,0.0,5745026.693333589,0.0,5745026.693333589,h09,5,Katrina,1208039686.0502903,13392879.16210489,1194646806.8881855,1777181135.3794394,104776208.68494703,1.0,0.0,17970431.764171574,R0,False,True,10400000.0,0.0,0.0,0.0,NONE,False,False,0.0,9557344.06438629,0.0,163075117.1475055,R0,False,True,94376208.68494703,1767623791.315053,23376cbea8a3471e35343f51b8e8c6c12cf5f3a1cf3bf5fbf7a71f384c4f12e2
E2A_CRACKERS_A080,LA-0443,443,4b804916f893620056232fecbbaaeaa814edf0e49c76f1af6bb668d8421f36be,M2,A1_FINAL_NO_MEMORY_V1,certified,PASS,,,e8bb3695d2fc6455d6091dd8f40f9b478de5ce4125328c7a137cdbb519037a43,634c6c90907406308366f6551bbfbc4a2b537d2fe877c494d4b628f0c23004aa,0.5,0.8,19137905.85543848,4.0,1.0,1.0,1.0,1.0,01a7868e3c716c7f2fee61417c7ed71baad57f60862b5151a3d8bc7d1da93567,3,2,2,41f74e717d21eef26d2b3c7cd007591125cc17e7998211bc20ccd282b633d237,P4,1225391380.8529265,1225391380.8529265,0.0,5913094.772286491,777049.277130657,6690144.049417147,h09,5,Katrina,1218701236.8035092,12447761.80602133,1206253474.997488,1881046209.309383,911134.7550034234,1.0,0.0,0.0,NONE,False,False,0.0,10400000.0,0.0,1327955.3230376223,R1,False,True,911134.7550034234,8646209.309382867,0.0,0.0,NONE,False,False,0.0,1862000000.0,23bdaac7b67796b238b2b335e845774bae4e4a9193c5909a65931f0a8dc6c4a0
E2A_CRACKERS_A080,LA-0444,444,ad9d182a79a73279b9bd30149944efcc579192ed367999a512805f26873ca455,M2,A1_FINAL_NO_MEMORY_V1,certified,PASS,,,b281dd001c8e6b4a6f671558de83a89aaabefe43ba8654856f0fa70e97b621d4,a2a85abe07e06d0e0ca0a9d822a79b8cf67438fe2057fd060ed0b5579849ef4f,0.5,0.8,19137905.85543848,4.0,1.0,1.0,1.0,1.0,662ce36effd2105ce1baa5fe7b711bc6d68e63bf620768e045477906ea3f1d63,7,2,2,59728bd09ce6b82ef8d51ed224a3b61e6d0b02ece19f61de4d55934e6a7f0e47,P1,1221634689.832204,1221634689.832204,19137905.85543848,0.0,0.0,19137905.85543848,h09,5,Katrina,1202496783.9767656,0.0,1202496783.9767656,1871062773.4977143,0.0,1.0,14354316.920570016,0.0,NONE,True,False,0.0,0.0,682617.5628458156,0.0,NONE,True,False,0.0,9062773.497714242,0.0,0.0,NONE,False,False,0.0,1862000000.0,b779f8c080b46c27c35ba03dfd6a0a9a959f70f758d13e7b47e63863a1af33ee
E2A_CRACKERS_A080,LA-0445,445,cb79a726ee4bf9c0d0f01919b7dabfa940ec2a3484fb4715a6d10afc160b77a6,M2,A1_FINAL_NO_MEMORY_V1,certified,PASS,,,4649bbd4112ca80eb3c077b9c859e6257ae1123515243d77523e0182437557fd,eeaa640c505b11e63153cf0a0485e580839f4670fac976f9dd50ce1187ab636e,0.5,0.8,19137905.85543848,4.0,1.0,1.0,1.0,1.0,ae3d75937fd76bfea7c176c5f515da5b155c3f73ec55ab67d5f3f3a3b48ca3d6,6,2,2,c282e8b4e87074af42379f35791305a88ea8b6329ca14e184329577fe108532f,P1,1228259763.2803953,1228259763.2803953,19137905.85543848,0.0,0.0,19137905.85543848,h09,5,Katrina,1209121857.4249568,0.0,1209121857.4249568,1871181792.4946995,0.0,1.0,16381374.983770942,0.0,NONE,True,False,0.0,0.0,591543.3739213401,0.0,NONE,True,False,0.0,9181792.49469957,0.0,0.0,NONE,False,False,0.0,1862000000.0,9fa3bf265ab3912ccbaa4ff08bcc8825adc23556ac0a41593370a92c169beea2
E2A_CRACKERS_A080,LA-0446,446,158f38ab0c9f58e91011abed655b810dbd3885ea73cd7e5251f840705844af14,M2,A1_FINAL_NO_MEMORY_V1,certified,PASS,,,2a9e44bbce5478214e0f1f7ba11692a32bad2d2354a74659da11af29100d3651,68075bd649580b251ea19550493573d710726d4172c3a8e7d2a0d24538fe56bf,0.5,0.8,19137905.85543848,4.0,1.0,1.0,1.0,1.0,56f3a1789159d81fe6856e71ecea7c2e62c4f84f523401c266f785f2e98b04a1,3,2,2,5acad9abc1e1b784cdc4a68e8985d9c8fb927663dd777924b80a59243f1274fb,P4,1214465780.6325448,1214465780.6325448,0.0,8107774.125285925,3263676.936757612,11371451.062043536,h09,5,Katrina,1203094329.5705013,7766454.793394941,1195327874.7771063,1717523377.9341788,164433966.13020748,1.0,0.0,0.0,NONE,False,False,0.0,10400000.0,0.0,0.0,NONE,False,False,0.0,9557344.06438629,0.0,177424951.71674347,R2,False,True,164433966.13020748,1697566033.8697925,36b774745c57478d06cd3bb205f938f470fe50a75cb7c652a13c6636ffe745ea
E2A_CRACKERS_A080,LA-0447,447,371254fb910af829f6e7a6d45923de5b40c44f36af06cf93e77a1399057a5a62,M2,A1_FINAL_NO_MEMORY_V1,oracle_failure,FAIL,oracle_failure,Full exact certification was incomplete,fd4c18b587efcae2d5892a8bfe70b070067841fe12a63e0461265eb62036a85e,3ce825801141f0aae35d8849f82cfabe008d679f7d40b2df3b285d11aaba7243,0.5,0.8,19137905.85543848,4.0,1.0,1.0,1.0,1.0,dc7d9768d57b342417e6bd2b6fc2de776260f97b7cb959f65c941aa2cc482f26,3,2,1,,,,,,,,,,,,,,,,,,,,,,,,,,,,,,,,,,,,,,,cd2f68a36d310bae063bb63819f7105d83d9513566796d5bfe2d5eca2fb3c1bc
E2A_CRACKERS_A080,LA-0448,448,8af6569ede8e229d7b0a6d2058abb5984a20997389b03e906d77a7cfb1ce3879,M2,A1_FINAL_NO_MEMORY_V1,certified,PASS,,,145e6bdd70069a1f0792a534f741269a7ea1e9d5308643938a2896c393c7f990,07bf0b84d9575247c14d78174a6ab154ca3f2195c4a46b50b061dcf9136e20cb,0.5,0.8,19137905.85543848,4.0,1.0,1.0,1.0,1.0,f55d77a58ac781facd0365f3506d26d7553d99ce81a2e8e76c1f67a8845adae1,3,2,2,dc92a07c7f81f346277242b3d124dd47b3660f1967a8daf3faf045056261131b,P4,1220722527.5570054,1220722527.5570054,0.0,7592239.101743168,0.0,7592239.101743168,h09,5,Katrina,1213130288.4552622,11545666.75369531,1201584621.701567,1871046386.5640552,10910957.50033112,1.0,0.0,17067756.149381123,R0,False,True,10400000.0,0.0,0.0,838547.8863797024,R0,False,True,510957.50033112115,9046386.564055169,0.0,0.0,NONE,False,False,0.0,1862000000.0,c12b0e6379062d58f3ced4ee0301e68d97189b14f90e6f61dfd8f7e4d88765d3
E2A_CRACKERS_A080,LA-0449,449,b99e0b8184bdd18eceee93dc36767e3a4085f25705345953926bcb96a5b5308f,M2,A1_FINAL_NO_MEMORY_V1,certified,PASS,,,f0bdb8ac4d0f1bd6b69cdcea383ee051cc6564277d148fd8531c55d875926c0d,2e9ab7c9a49165ac92c9eba6f7eeb61d1477fbf3c221508d4503d549db3ae528,0.5,0.8,19137905.85543848,4.0,1.0,1.0,1.0,1.0,4f32c3a2b88642886370fdd7aacd29d459a5a923ce586df6ecc72ea044ac6cac,3,2,2,e4afe1ccef0313d41ae7002fc408bf93074dbac8602af434499415e414704d58,P4,1234153064.020469,1234153064.020469,0.0,5042577.142427584,0.0,5042577.142427584,h09,5,Katrina,1229110486.8780413,14095328.713010894,1215015158.1650305,1881203612.3556523,753731.7087339767,1.0,0.0,0.0,NONE,False,False,0.0,10400000.0,0.0,938430.7743696186,R0,False,True,753731.7087339767,8803612.355652314,0.0,0.0,NONE,False,False,0.0,1862000000.0,7453eb3aa5a6c204e791ae891338ac03f73afe8a401dabaa3ee94675c2626f61
E2A_CRACKERS_A080,LA-0450,450,20098389e254fdb1275d17d5f3e977311a6695d39acfe5b7031fc1fe9443912b,M2,A1_FINAL_NO_MEMORY_V1,certified,PASS,,,47327fb1bcac69e983255607cb78f2bcc02376d6d23bba9f0a6b8e01ea8b5340,952a4c6e26f750efc8a983ba42aef379bc6a0049d5d2db9a938d901369b07777,0.5,0.8,19137905.85543848,4.0,1.0,1.0,1.0,1.0,96a5c01aa17ecd05aa8cc51155f6eaab29065f23c0679723228f715e560613a0,6,2,2,cfa9d251b1738c3085c0cdb69672af778c7e6b61d717513fbe458effba6ebe58,P1,1225449718.6837838,1225449718.6837838,19137905.85543848,0.0,0.0,19137905.85543848,h09,5,Katrina,1206311812.8283453,0.0,1206311812.8283453,1871131310.2333348,0.0,1.0,15455626.946593983,0.0,NONE,True,False,0.0,0.0,633136.5345539369,0.0,NONE,True,False,0.0,9131310.233334744,0.0,0.0,NONE,False,False,0.0,1862000000.0,bc994aaa93f40ce18f332f5ba1e19db18f32a5b46a9e22fde8af7abf1b105c9e
E2A_CRACKERS_A080,LA-0451,451,693a8df6d2355f1eb547690276a71a4dbecc5a0ef7592b8a9ef9df863c4d13d1,M2,A1_FINAL_NO_MEMORY_V1,certified,PASS,,,0df43b55067b3ab4b154c7165b25272c75130307c5b6ae79b33a311015e16883,8ce617af707eb562e4967890e1459c9e082dcc097cfddd620cb652e30c3bff33,0.5,0.8,19137905.85543848,4.0,1.0,1.0,1.0,1.0,ab79efdb11b2bd971064ba5b04ffc1fdee0f5a0d953527b5ae4d0ef2ffaee16d,3,2,2,946de757898829d233825af56d8a9e4c5d11280f300da26cff6703e27191cc85,P4,1216950088.2571068,1216950088.2571068,0.0,416022.5994715467,0.0,416022.5994715467,h09,5,Katrina,1216534065.6576352,18721883.25596693,1197812182.4016683,1870978614.9468539,10978729.11753252,1.0,0.0,12728644.893933794,R0,False,True,10400000.0,0.0,0.0,708311.291043376,R0,False,True,578729.1175325192,8978614.94685377,0.0,0.0,NONE,False,False,0.0,1862000000.0,b4238a6d96bceda354c7bf810756910bdf22feb1915c71e143b2c0edb842e73b
E2A_CRACKERS_A080,LA-0452,452,a1c25c90e535aa3daac09fd10eda257d9d2ddd86d9184850d14ad2b76f46315b,M2,A1_FINAL_NO_MEMORY_V1,certified,PASS,,,8cacf67ffa0bc38c6db45836fe7a92d72d41d3aa27f6a74d0f4696cd25687184,1000e6bb3c8411ee82f43501d1d1a95b09e03f7d1edca25ac6d98ca4681c6323,0.5,0.8,19137905.85543848,4.0,1.0,1.0,1.0,1.0,65fff57c29b3195b55eb72026e290fa4bca42f7a6e09989f0cd8dc00326464aa,3,2,2,c62d58e3281684a0d765cde957ae57d1513dde8b48ae3558fb8cf1e318a1d219,P4,1217951236.051198,1217951236.051198,0.0,9223764.816528065,527604.4742063655,9751369.29073443,h09,5,Katrina,1208199866.7604635,9386536.564704048,1198813330.1957595,1880912547.6105878,1044796.4537984849,1.0,0.0,0.0,NONE,False,False,0.0,10400000.0,0.0,1717827.6250041896,R1,False,True,1044796.4537984849,8512547.610587806,0.0,0.0,NONE,False,False,0.0,1862000000.0,668cb4ee0b4398563f2c8afd8612881576fa2a1e7b72b4728ee23e8916d48fe0
E2A_CRACKERS_A080,LA-0453,453,1c029e139aaa74c9679fc4cc9c4dda19a408838f57cb622959e73bbc99311ed2,M2,A1_FINAL_NO_MEMORY_V1,certified,PASS,,,26384b93847cbd1248ae12b597e80f01abce02515cea2fd4315639f5ae08d5e8,db364bfc1c14583e0b24ed9048749a8705fb639300ef57384a7d1fc2e164a686,0.5,0.8,19137905.85543848,4.0,1.0,1.0,1.0,1.0,c19463389dfeb446209961f8f38799a67f2713ffa4374d9e0af18c428c7b6fac,3,2,2,468ee89c00f2b2a52a42cd815c8579fcf4b677b5351b695dbd05d6c2730505fd,P1,1226948272.298066,1226948272.298066,19137905.85543848,0.0,0.0,19137905.85543848,h09,5,Katrina,1207810366.4426274,0.0,1207810366.4426274,1871158231.647791,0.0,1.0,15935888.4798549,0.0,NONE,True,False,0.0,0.0,611558.7463260585,0.0,NONE,True,False,0.0,9158231.647790806,0.0,0.0,NONE,False,False,0.0,1862000000.0,3557f585e8d3e500d365fd6e661622e82d427dccb2337d76e38402f5068e3d17
E2A_CRACKERS_A080,LA-0454,454,a9ebdae5e826c8382ac8bf18a00b75154afcd90479aefe7ed7bd33d779ac8250,M2,A1_FINAL_NO_MEMORY_V1,certified,PASS,,,fff19ff2949580b2168d9b44a6b86f21da52b1de418cdca3ba14852d0bb12d60,123ce75c98ce2791a31f2494a0517473e0851de2c42d8c5b6f2ecf1c7bca4070,0.5,0.8,19137905.85543848,4.0,1.0,1.0,1.0,1.0,a16b3cf734a3f6aa36d244671751ee812d87cea4e3f9a4c5a51a2e87a4985351,3,2,2,2edea6d6c29bbb2fd2874f7f49b867741847189aa5b4e16072a6bf56cc9aace3,P4,1231559230.8082755,1231559230.8082755,0.0,4720841.526759932,2865920.4547014465,7586761.981461378,h09,5,Katrina,1223972468.8268142,11551143.8739771,1212421324.952837,1881157014.317204,800329.7471824061,1.0,0.0,0.0,NONE,False,False,0.0,10400000.0,0.0,921142.1803509908,R2,False,True,800329.7471824061,8757014.317203883,0.0,0.0,NONE,False,False,0.0,1862000000.0,ff26e3ff58bcef524609e828e2132597b104eb52d9880bbff6538c5de6c26efb
E2A_CRACKERS_A080,LA-0455,455,8a338124155aeb609da6f8dedd60c7089de26d28575344d15f10d7741aa0bfdb,M2,A1_FINAL_NO_MEMORY_V1,certified,PASS,,,5005400a7cf37054b0756f17963611ba71886a6cb40e397190132bcc1ae76e56,c5727455e7a4c3faec36e591d1c2fc4384261a1578f21f98099f0468207eea1a,0.5,0.8,19137905.85543848,4.0,1.0,1.0,1.0,1.0,bdf58e7f9841b6ebd71d8cef47acb11c25e1ab3a348a5646932314edea69588f,3,2,2,11248d37fd463b3ada4624d49d377ba10b94480f4c684e42c5318ba7118d4bed,P1,1228509755.5523987,1228509755.5523987,19137905.85543848,0.0,0.0,19137905.85543848,h09,5,Katrina,1209371849.6969602,0.0,1209371849.6969602,1871186283.5889795,0.0,1.0,16469133.707749864,0.0,NONE,True,False,0.0,0.0,587600.4406859663,0.0,NONE,True,False,0.0,9186283.588979596,0.0,0.0,NONE,False,False,0.0,1862000000.0,491f971fd5d8478da293ce099c2a1e0aa30cd7ff8c11e37711a42e9cb0362273
E2A_CRACKERS_A080,LA-0456,456,b066efd1277392e47a13fc2f7059978a970609a31cf8da91e84df2298f8679ae,M2,A1_FINAL_NO_MEMORY_V1,certified,PASS,,,5fa8920f09e35938db57a1142c6296c372afa5fb684d279fa0e2b9268a3b2120,8df0a3ec0033c730496748fc8103abeca5fb570bf01873b086bd19cce5cafef1,0.5,0.8,19137905.85543848,4.0,1.0,1.0,1.0,1.0,3e6215179134a76ef81921d2db4274161ef007547842c0ad8235806945d1b14e,3,2,2,f1b2d567515fea12a74537bd4da0eabd619c64d3565a4d24c89c966bdce4ebc1,P4,1210323366.1338835,1210323366.1338835,0.0,1445635.4813369696,0.0,1445635.4813369696,h09,5,Katrina,1208877730.6525464,17692270.37410151,1191185460.278445,1706473403.2791924,175483940.78519398,1.0,0.0,0.0,NONE,False,False,0.0,10400000.0,0.0,0.0,NONE,False,False,0.0,9557344.06438629,0.0,263993623.27480674,R0,False,True,175483940.78519398,1686516059.214806,6ad93b2e3b089861f031ffe2e41c50d92a61203e08797492ef644e7deaab08e9
E2A_CRACKERS_A080,LA-0457,457,2c54acfdc86319157a6efed952092426e060cff7863ea9e41454c893c9c5bf4b,M2,A1_FINAL_NO_MEMORY_V1,certified,PASS,,,025e740e947f749dd2a2bd1413e8db0d52820d23ac0aeaa481038b7ec37b6e35,c1ba36f3f7d296f4144f37f417c43093aa532c7b3e45b555a915eceeee723694,0.5,0.8,19137905.85543848,4.0,1.0,1.0,1.0,1.0,d9a4d9591c05a2af186be9f7f026b9e770c736dd59d2e033d8e912a462c5700a,3,2,2,4b03b240c0ee27f230d12ffbe68a02f4580176e28eb13e77005749950d67436e,P4,1222873465.3894806,1222873465.3894806,0.0,6536104.363965379,1096045.7715664266,7632150.135531805,h09,5,Katrina,1215241315.2539487,11505755.719906673,1203735559.5340421,1739951047.4735937,142006296.59079257,1.0,0.0,0.0,NONE,False,False,0.0,10400000.0,0.0,0.0,NONE,False,False,0.0,9557344.06438629,0.0,181940480.45646456,R1,False,True,142006296.59079257,1719993703.4092073,975cfc33c233b5c9182a9e759dbb847acdac2f701d38745333f21636b5ea9621
E2A_CRACKERS_A080,LA-0458,458,b7412cb2955145b22c9732804fddcb674e2ec33c62dc030a26d8f5d42f399cdc,M2,A1_FINAL_NO_MEMORY_V1,certified,PASS,,,12f6d76bf95cf2a30092df11040e490b288eb70f5c7c3aa1e973b8c8cbc537aa,94e226778927d03d016a8d5233571ee8b83a919d1c2c1021d752bcc39b82dc0d,0.5,0.8,19137905.85543848,4.0,1.0,1.0,1.0,1.0,b88822d895c49d72d3ba86e3c87725b5c89a89f40c42fbe39d799acb7b58c145,3,2,2,79ebaeabf560043390a56f7d2237342b244c156176b2eacdb02a3ba0f9a481b8,P4,1235848990.6560667,1235848990.6560667,0.0,4318705.723109702,0.0,4318705.723109702,h09,5,Katrina,1231530284.932957,14819200.132328775,1216711084.8006282,1774563524.1770349,107393819.88735151,1.0,0.0,0.0,NONE,False,False,0.0,10400000.0,0.0,0.0,NONE,False,False,0.0,9557344.06438629,0.0,282543281.48643583,R0,False,True,107393819.88735151,1754606180.1126485,60d485ed36a5e2cb6d4e71a7fc3c3bc26ba19f9c38e7e3f1aca54bf8acea559e
E2A_CRACKERS_A080,LA-0459,459,a56ac69cf919a90d19e799921f99faeb5cdd064c9a205142dc78b401f948506a,M2,A1_FINAL_NO_MEMORY_V1,certified,PASS,,,fedc8e23771a9161882605ae77aca30be95abaa7c6d868412c826bee112a4806,ad919e2645c0a055119769020a9124b7b7aa95a7b01547f3f64d7bdff18a7283,0.5,0.8,19137905.85543848,4.0,1.0,1.0,1.0,1.0,4cde949ca66510fb678d4a72c78dee8206e797c6f07b0dc9312c3c53720af874,3,2,2,c0fb307ca7fdca3134cfbb630a05325d8ae2d082bffc1ee156c40cc0ecee6a6e,P4,1231430721.788251,1231430721.788251,0.0,6723817.201517973,0.0,6723817.201517973,h09,5,Katrina,1224706904.5867329,12414088.653920505,1212292815.9328125,1824252222.2462418,57705121.81814456,1.0,0.0,14609849.947918624,R0,False,True,10400000.0,0.0,0.0,0.0,NONE,False,False,0.0,9557344.06438629,0.0,66453916.49337533,R0,False,True,47305121.81814456,1814694878.1818554,6f046233d3dc7e66e1293a42b079e4288bab85ce2c5d1e82b70a2a8c3eacb4d9
E2A_CRACKERS_A080,LA-0460,460,37dfad7be959263ecce1cd54aabb1f0f5b60556d7a5f449d2dde0296e586db54,M2,A1_FINAL_NO_MEMORY_V1,certified,PASS,,,87629d6517a91fbd3eb3ffb907ca84bb7c9ea22964da14910ead65dd1cbdaab2,7a93ca15b91e245db0bbda5708a80775ac16bed02ce896b1d1e28a39103f889c,0.5,0.8,19137905.85543848,4.0,1.0,1.0,1.0,1.0,35b44dede4b0d91191facc934a9df61ba5472830100e04a4143e0b3fa1ccf5b7,3,2,2,3c07ecdb5d4355c9a6274ff041fe33cb44bf87addff452aecbe863067d35b84f,P1,1223726355.2354798,1223726355.2354798,19137905.85543848,0.0,0.0,19137905.85543848,h09,5,Katrina,1204588449.3800414,0.0,1204588449.3800414,1871100350.125396,0.0,1.0,14937905.886059597,0.0,NONE,True,False,0.0,0.0,656397.351070871,0.0,NONE,True,False,0.0,9100350.12539597,0.0,0.0,NONE,False,False,0.0,1862000000.0,da4b60e7ec9097bd9d7291cac7e7cc4e0dbe908fcfd95d4e1ee147d7f44e19dc
E2A_CRACKERS_A080,LA-0461,461,184b287513636ebe7bd9ca5488dcb7410b9ca7e7664c6aee5bf73b97632c0a92,M2,A1_FINAL_NO_MEMORY_V1,certified,PASS,,,0151af2f396c5cf8582ad1d545bc80dbfa5f3d9080eab9e74ecd446dbe8bb3e3,26838961e60054b1b9c52984c25c48f9b2c488d2fe30f36ae0aaf556bc0bb084,0.5,0.8,19137905.85543848,4.0,1.0,1.0,1.0,1.0,61253ce2d7c463ff467104b68918bd61ed0a6daf7ec5e6246ec6667deb9ae018,3,2,2,d04f482e7410e4f86f45d6637f1840fd2307f07afe4b60c6cfc684e086aec2e7,P4,1219154934.06695,1219154934.06695,0.0,11068187.13115231,0.0,11068187.13115231,h09,5,Katrina,1208086746.9357977,8069718.724286166,1200017028.2115116,1730031789.7843852,151925554.28000107,0.9999999999999998,0.0,0.0,NONE,False,False,0.0,10400000.0,0.0,0.0,NONE,False,False,0.0,9557344.06438629,0.0,257070351.20397592,R0,False,True,151925554.28000107,1710074445.7199988,808d16cca9ca6c5839b339aeec885011c660c6920db2c1d083c57e871b0e489f
E2A_CRACKERS_A080,LA-0462,462,b607caa4229d67fc618afa7c14998e918f1eed96e2dec8ba9a22afdb7ab5233c,M2,A1_FINAL_NO_MEMORY_V1,certified,PASS,,,316ab017468750a807366dd4d365205210116a3146ad56223ddf02bf0476071c,d5ed68b6216387bfa9f5735f0dff10c15fe6b38b1dad5c352a289f2458085284,0.5,0.8,19137905.85543848,4.0,1.0,1.0,1.0,1.0,3578d10c72781fc64c88b506db5183a54ee82f3c9dee50ed5465526fc3305613,3,2,2,dc8bb3e5046e04d9b38b379d60078d0100c4aa8b782d95956ca77ce0d1fb7abe,P4,1223952303.7092245,1223952303.7092245,0.0,1029617.1044331458,0.0,1029617.1044331458,h09,5,Katrina,1222922686.6047914,18108288.75100533,1204814397.853786,1804303390.409317,77653953.65506925,0.9999999999999998,0.0,13240865.241267787,R0,False,True,10400000.0,0.0,0.0,0.0,NONE,False,False,0.0,9557344.06438629,0.0,85625051.66242702,R0,False,True,67253953.65506925,1794746046.3449306,5232f58dcedf243036d4321fc672741f8eed44c744021c5935350e75484c66ff
E2A_CRACKERS_A080,LA-0463,463,34da6e3300275972bfaef4b391900a38ebc3d7d605998a70c1bf50e69f00dc6f,M2,A1_FINAL_NO_MEMORY_V1,certified,PASS,,,339bec238c2e698c310a3e4914d3e18efeb43678488722d27c413aee8b363532,f27c883c951cb9bb7a1bb82aa4aa0e2904f01be92964057c6eeadc1e4eeb120e,0.5,0.8,19137905.85543848,4.0,1.0,1.0,1.0,1.0,545d9055983df3a21ff638f82c9e1413445a0dd639f2066be44e06420311e739,3,2,2,08bff17ab05413ac8b17895ba1cae3ce24cb92b55e8aad78ebf165e393ab10ac,P4,1209197925.9814885,1209197925.9814885,0.0,9702386.26933779,0.0,9702386.26933779,h09,5,Katrina,1199495539.7121506,9435519.586100686,1190060020.12605,1870839347.8752165,11117996.189169811,1.0,0.0,14591701.903891455,R0,False,True,10400000.0,0.0,0.0,1007383.3038938417,R0,False,True,717996.1891698119,8839347.875216478,0.0,0.0,NONE,False,False,0.0,1862000000.0,fdc4b0f65cc75b58407eee5c16aabb762e3b017cf71e32983a23d0ab0d11d857
E2A_CRACKERS_A080,LA-0464,464,68d187af8c67b9ff2c2e8b77cfc61c7c43e85627ac77e90547a7fe6bee08e884,M2,A1_FINAL_NO_MEMORY_V1,certified,PASS,,,ea7b2488e6654aa83a1eba32c3a29b9355d5edaa838000b6f407339193650f87,609ec8f0f869b12bf4c76933866c041d293d060c32bf8fd73f56ddc4973f6643,0.5,0.8,19137905.85543848,4.0,1.0,1.0,1.0,1.0,79f03a28cea69b9ddf876f26eb052409b75416bd427c91dc83f1c38f5ddb572c,3,2,2,77564dee56a9b3bdddaf142287aea02a21d7e13c3fa6025973a42ba606e1ad0c,P4,1207897831.8176615,1207897831.8176615,0.0,8078863.886556905,0.0,8078863.886556905,h09,5,Katrina,1199818967.9311047,11059041.968881572,1188759925.962223,1761477761.163791,120479582.90059538,1.0,0.0,16948405.797349654,R0,False,True,10400000.0,0.0,0.0,0.0,NONE,False,False,0.0,9557344.06438629,0.0,179391677.01945028,R0,False,True,110079582.90059538,1751920417.0994046,79669725ce1382fb32b526592072de74c99eb8a1ed002424633cdd35eb328745
E2A_CRACKERS_A080,LA-0465,465,097d30bb5f13dbe92a1273fad269e279452a1910b12a9a489a383fe6df2be4c6,M2,A1_FINAL_NO_MEMORY_V1,certified,PASS,,,63ea8b78e895461fd1ad6680843d98112a2e2c1c5803cc6dd9b9250de463781d,f20427dff4ec9dd01031ebde2df3110491afe214550c567763a1265d90d1bc4a,0.5,0.8,19137905.85543848,4.0,1.0,1.0,1.0,1.0,95bac23bf48839a5de192de65b4e5ebee3f29e9ff2384fd909e7db633b9eb2fe,3,2,2,ec43ecaf669e7538944dc9ecf6fb1440b4e2e7fa8b6e567cd6729c798ac04699,P4,1179302131.9801335,1179302131.9801335,0.0,4651316.32462759,0.0,4651316.32462759,h09,5,Katrina,1174650815.655506,14486589.530810887,1160164226.124695,1879914485.559226,2042858.50516017,1.0,0.0,450574.50687146175,R0,False,True,318560.4402209087,10081439.55977909,0.0,2438861.3657447784,R0,False,True,1724298.0649392612,7833045.999447028,0.0,0.0,NONE,False,False,0.0,1862000000.0,2d0aa369ba697fb56ac50ed7fd3bb7a6b1ac7bee0b5cf8238a3c0a5e737f0239
E2A_CRACKERS_A080,LA-0466,466,e03c34d71160a0dd46037686247fb970a854c7ab12c525d44059d8af4e8043b2,M2,A1_FINAL_NO_MEMORY_V1,certified,PASS,,,4b62e7c2433213360e70afdf22044fc0b02e9dc4f087fffc908d0b8a785997a3,21762fd274a7b97ce0b6fd18c09abeb8a37e366ed46655af20c60968d18f9978,0.5,0.8,19137905.85543848,4.0,1.0,1.0,1.0,1.0,33004d0b7c34bbf7067a2951fb50ec0dfc4d31ba69ef8a5b3bebc2c581e1c57d,3,2,2,90666474eeff6a3ebff38fbd4ca591fbb39c7b0637c25fed12a3ee13f37c297e,P4,1221344006.1992958,1221344006.1992958,0.0,2109051.640613881,0.0,2109051.640613881,h09,5,Katrina,1219234954.558682,17028854.2148246,1202206100.3438573,1797345703.9231648,84611640.14122143,1.0,0.0,15928750.267149692,R0,False,True,10400000.0,0.0,0.0,0.0,NONE,False,False,0.0,9557344.06438629,0.0,113663334.87741324,R0,False,True,74211640.14122143,1787788359.8587785,c7f9c2af3d7e618f909a95d96a26aa825f1277818a5665f3569f6490eb517dab
E2A_CRACKERS_A080,LA-0467,467,10bba651114fcf8a3e1f592ebce456644653baea223751f04413e110919e8399,M2,A1_FINAL_NO_MEMORY_V1,certified,PASS,,,a6a40d0e68073360157ec732793a3e3f57690410c55035b9c59baffd637d1165,84d3ed63a907a0ce646917e3248ec6fa8d786775cf8b8b995e5155801c8ef810,0.5,0.8,19137905.85543848,4.0,1.0,1.0,1.0,1.0,226d3d0f4ad82bfa2d4a8f2ad3dd62c0109b0e20cd861e8a778e0d1fa770c43f,3,2,2,978a5da9ebb431d67b0188e7dff2e18474a997b9237d822eb04a9b1a9d37ef5b,P4,1229783603.3591182,1229783603.3591182,0.0,12405967.512762703,553878.3677921938,12959845.880554896,h09,5,Katrina,1216823757.4785633,6178059.974883583,1210645697.5036798,1871209168.1787813,10748175.885605033,1.0,0.0,23179337.24593857,R1,False,True,10400000.0,0.0,0.0,776008.295513691,R1,False,True,348175.88560503296,9209168.178781256,0.0,0.0,NONE,False,False,0.0,1862000000.0,fdb5e8ab646ea8e2b28104e3a177f0c44dfff9f2c1252c0aa644f426f1150a61
E2A_CRACKERS_A080,LA-0468,468,f922a46364042f1ae3f71fa284944e885fd8aaf4721f44f6d221a68b57ebd6f3,M2,A1_FINAL_NO_MEMORY_V1,certified,PASS,,,ee95bb6a6265ddcac47c937cb937833b1b7b2a0b2a28a851e42d981476ef522d,a2b4792fd7df5d896d3f288486625fa30599e81a74485c463145b882eeb76ecb,0.5,0.8,19137905.85543848,4.0,1.0,1.0,1.0,1.0,42a073a2063f625dcbe7c637783327a108f33225d73f7a8295a54d5e59ddb024,6,2,2,70caa56366ba2153223a6aa1521731d8823241ca8000ea332e1c3787543c9fa1,P1,1235863556.043625,1235863556.043625,19137905.855438426,0.0,0.0,19137905.855438426,h09,5,Katrina,1216725650.1881866,0.0,1216725650.1881866,1871318394.118069,0.0,0.9999999999999972,19549992.580734976,0.0,NONE,True,False,0.0,0.0,449179.7766992495,0.0,NONE,True,False,0.0,9318394.118068889,0.0,0.0,NONE,False,False,0.0,1862000000.0,9e7f742be2a3f2cb4baceb856307eca2293bccdb6ad99ebac52b0e2fccbc4c56
E2A_CRACKERS_A080,LA-0469,469,4779a4dfdd54c71ca2e251c5677b246ba4beef473e66d6f1b034eee38ce6e0f5,M2,A1_FINAL_NO_MEMORY_V1,certified,PASS,,,4c71f0a97e49ccaf2a9a711614791e9f3e3bdb6fc596b8f1c948011e78d9b479,961f3511a0460fed2d12ce7e987b7e39472125648dc501bf3d7ffc218532c7ec,0.5,0.8,19137905.85543848,4.0,1.0,1.0,1.0,1.0,cd89a9e773025ba68724fea67eff7783264681d01ef584cc3a031410738c386a,3,2,2,987d10655757fa556cd53bd28253ba568705388282bdeb1cee18946b4f7b0ae4,P4,1227491878.105072,1227491878.105072,0.0,1043749.2269979436,0.0,1043749.2269979436,h09,5,Katrina,1226448128.8780742,18094156.628440533,1208353972.2496336,1881083944.600633,873399.4637533209,1.0,0.0,0.0,NONE,False,False,0.0,10400000.0,0.0,2312172.6191181825,R0,False,True,873399.4637533209,8683944.60063297,0.0,0.0,NONE,False,False,0.0,1862000000.0,a9fddf14b65ab2cfaba4c3deda8fb6bda15f2bd284813a45e91481813b68db5d
E2A_CRACKERS_A080,LA-0470,470,32bc94e17908f4505d116399543a23c4549fbff545e55fe714b9e227cfa7c908,M2,A1_FINAL_NO_MEMORY_V1,certified,PASS,,,afa1901d50a359df6bf90aa5dfe5b3bcefd80a2e70c132f82c484f6cc8d272a8,146f09fa7ffc75ca491e69b273ddda61d1e5a5c2271eb63b02d4983d84c49fd5,0.5,0.8,19137905.85543848,4.0,1.0,1.0,1.0,1.0,8c2d95cf3054ebed8dc46f2585d0899457c614b07169b4fa7b40f64834c86d61,3,2,2,3f05bd2f1831f3946afaf15cd0bf2fc282bd9f0f90edc8b9b093d2ba03c22b2a,P4,1197207607.761662,1197207607.761662,0.0,3383743.6069185203,0.0,3383743.6069185203,h09,5,Katrina,1193823864.1547434,15754162.248519957,1178069701.9062235,1732961371.7698524,148995972.2945339,1.0,0.0,17814750.10075579,R0,False,True,10400000.0,0.0,0.0,0.0,NONE,False,False,0.0,9557344.06438629,0.0,237408904.9421533,R0,False,True,138595972.2945339,1723404027.705466,2984c07c4f1c47e97fc00e99688ae1ac2170d0b9ab0aa80c80ed621aa30490d9
E2A_CRACKERS_A080,LA-0471,471,6bd1c90b1c2922b3cc8ab662b3d170880f119f7799b9fceb74bf28c0976902b2,M2,A1_FINAL_NO_MEMORY_V1,certified,PASS,,,fd49116f8b19bb6bfff55475605b04f9c5bd3ed6d896f6e2a25c4972e6eaad87,e190eebb0e04840bad289347564135a279b715758231e8524ec6ad0fcd87b334,0.5,0.8,19137905.85543848,4.0,1.0,1.0,1.0,1.0,c0e9b6dedcafa1ecb8f8976361ff0d59369da63f57e6f40a1bea0c6e26588db6,3,2,2,09ed40aa805b05a1dd3b6b761222f769b6dc79455be2325f882e29f4ebee2496,P4,1202011461.1284308,1202011461.1284308,0.0,8577129.965636507,0.0,8577129.965636507,h09,5,Katrina,1193434331.1627944,10560775.889801972,1182873555.2729924,1745775748.0149677,136181596.04941875,1.0,0.0,15355437.789200291,R0,False,True,10400000.0,0.0,0.0,0.0,NONE,False,False,0.0,9557344.06438629,0.0,185714564.72722796,R0,False,True,125781596.04941875,1736218403.9505813,41d97ee065c4df041621995853da6159dac6bea12985f7908ec424b6fdfcfbf7
E2A_CRACKERS_A080,LA-0472,472,a81150ee321fc78d1c30068462a732eee7c8fccc1bd6425dc016cfa3981cc7d8,M2,A1_FINAL_NO_MEMORY_V1,certified,PASS,,,6ed99cc637dbb79d7c24b31c404e0f7c59434d84a754992ad1a0a526e4bcb800,c0afa9d3ce9699a3084715e8868f33d5cc8afbe448f4f193a14b4826a4db28b6,0.5,0.8,19137905.85543848,4.0,1.0,1.0,1.0,1.0,5cc141bb34fe84de86492878ba4a329f94f8436749bc62f459943e8fff5d5f8f,3,2,2,f2c5c28554ab43018e3b882a1695a7007ef32b77c4b2eaac416cb5bbf4e3d862,P4,1208172170.3365061,1208172170.3365061,0.0,3845234.6388833486,0.0,3845234.6388833486,h09,5,Katrina,1204326935.6976228,15292671.216555128,1189034264.4810677,1762209564.7245157,119747779.33987063,1.0,0.0,21068289.92455735,R0,False,True,10400000.0,0.0,0.0,0.0,NONE,False,False,0.0,9557344.06438629,0.0,221516415.16720355,R0,False,True,109347779.33987063,1752652220.6601293,e4e51db56b293a5e7a7be703986be9e690c982cd95082fef82e998c7bf6ef7d3
E2A_CRACKERS_A080,LA-0473,473,cf206bcceecb865c4676fcccca90d842fdc002d14efe4c00c58eee8458808cbd,M2,A1_FINAL_NO_MEMORY_V1,certified,PASS,,,500fd6b886eb54e525b3d95fa8f792539efa76282ffe7226ea5a13f7cd9706bd,dfcf16aa9fd3425f829efe91850e800da95e44f43f170b8641e42f9d50a86dad,0.5,0.8,19137905.85543848,4.0,1.0,1.0,1.0,1.0,af4011d73a819d41ac86b001a39a2b0626e476860a72deb2d4960c19b9f0812e,3,2,2,a6748a421e299ca095c970ef50130c7dbeae662fe1bd81838bbac587f1adb347,P4,1207310102.2590895,1207310102.2590895,0.0,10454200.789018584,0.0,10454200.789018584,h09,5,Katrina,1196855901.4700708,8683705.066419894,1188172196.403651,1698435460.804817,183521883.25956944,1.0,0.0,0.0,NONE,False,False,0.0,10400000.0,0.0,0.0,NONE,False,False,0.0,9557344.06438629,0.0,329830081.804823,R0,False,True,183521883.25956944,1678478116.7404306,0f86525efb088126e20c3269d3b556d4e2401a564b65a15648465fe88c6540b1
E2A_CRACKERS_A080,LA-0474,474,f4a8ccf4bb978d75a720db4bd933115899e4eb34499800a333dfadd90374446c,M2,A1_FINAL_NO_MEMORY_V1,certified,PASS,,,9f313fa3f5629c75e3fda6f5b82e31a56227b6fcd4f2f1ccb7f0fdf83e0b90fd,3afc6842022abf46c9797af7f536576cc1ac18555370c72734e983fa07542300,0.5,0.8,19137905.85543848,4.0,1.0,1.0,1.0,1.0,487358b1e4ddb572825c2642196143cf743a7817a499946591f12a078b4eef57,3,2,2,a0d0f993aef822b0284a6e9818d1341219ba96fe38db5331cb5aba3d23027bf1,P4,1197609956.3249547,1197609956.3249547,0.0,1072421.3684789164,0.0,1072421.3684789164,h09,5,Katrina,1196537534.9564757,18065484.48695956,1178472050.4695163,1880547117.8943217,1410226.1700647122,1.0,0.0,0.0,NONE,False,False,0.0,10400000.0,0.0,3609960.26356048,R0,False,True,1410226.1700647122,8147117.894321578,0.0,0.0,NONE,False,False,0.0,1862000000.0,23e6705077528ba81b6b033d74f2a2c80ba49851822e050e8b0eb0f851934cba
E2A_CRACKERS_A080,LA-0475,475,25209deb3c0fed6a636ef92ff9c2b74c62eece1f4ee6c11337d9039162861011,M2,A1_FINAL_NO_MEMORY_V1,certified,PASS,,,15aa50e104f2230b52006e58b07985639995a5ec8c21ec1c87d84b82f5563607,212b45a6e9b2b8be03a85de0306001640173a8ff8eff7a191a6c457d2e073698,0.5,0.8,19137905.85543848,4.0,1.0,1.0,1.0,1.0,9dd6a32dcf56dd21b17a52e357d9aac6ac8404b5c52e6d7a0a91aa93c504f15e,6,2,2,95cd6b888fc72699a8539a6e915da14afddd51f1fc14f9ee09e482c81c393383,P1,1231658931.2348387,1231658931.2348387,19137905.855438475,0.0,0.0,19137905.855438475,h09,5,Katrina,1212521025.3794003,0.0,1212521025.3794003,1871242858.3173935,0.0,0.9999999999999998,17660994.13419909,0.0,NONE,True,False,0.0,0.0,534051.0512429054,0.0,NONE,True,False,0.0,9242858.317393651,0.0,0.0,NONE,False,False,0.0,1862000000.0,fa9bce14e61d3f14c17a7624212b7aaebab80fdc55221be9b40d86463eeaded1
E2A_CRACKERS_A080,LA-0476,476,2c38ba8603b19625d68e15fb19eabb6ac6deee09658303618a7ec46323718de4,M2,A1_FINAL_NO_MEMORY_V1,oracle_failure,FAIL,oracle_failure,Full exact certification was incomplete,d1ad95dc977306f1f4ff316883868eab653370289432676bde378656c2b0e37f,3800dc495f53740ae6df2c796914bbbaa91d4fdf60a595e6c2462d6877399ba0,0.5,0.8,19137905.85543848,4.0,1.0,1.0,1.0,1.0,a9715a75850519a38e6e06f65cca4acdb5512787312701d24eaffafea58bf9f0,3,2,1,,,,,,,,,,,,,,,,,,,,,,,,,,,,,,,,,,,,,,,00f658680ce6c4a460543cb715914d2fe46c15efed36e823bc5c81e9fd7420e4
E2A_CRACKERS_A080,LA-0477,477,0b1babee6d4db71c3411cbeaa0064089662b8b7c27268b0cfc424e8fc084c64b,M2,A1_FINAL_NO_MEMORY_V1,certified,PASS,,,133586d01115a10e8e529e7b611b1d27e150a6a560a0c370acd1eb99a9fbf0d2,3424fd463b0e258190a6ac5de6251fdb769cc1d83fabfeb84935eb3c6fd3cb83,0.5,0.8,19137905.85543848,4.0,1.0,1.0,1.0,1.0,524c307cc8319fb1ac5a66ca34e4cdd4d6a56786021268de7a3c13597d6ccee9,3,2,2,1d9b9775ad5b8f5c25a518f7dd92f1e24f65e148d236a403800d6a1f8679ef61,P1,1240720693.3263164,1240720693.3263164,19137905.85543848,0.0,0.0,19137905.85543848,h09,5,Katrina,1221582787.470878,0.0,1221582787.470878,1871405652.2612617,0.0,1.0,22306078.92390549,0.0,NONE,True,False,0.0,0.0,325350.8973657665,0.0,NONE,True,False,0.0,9405652.261261819,0.0,0.0,NONE,False,False,0.0,1862000000.0,bf87a83b39c56be5e6b9b69d156dfd8bbc80e5188b917f971e65f4177ebc43a9
E2A_CRACKERS_A080,LA-0478,478,788a573526ade631922fb22555f44be7d29186360644d0eef6e38264fda97695,M2,A1_FINAL_NO_MEMORY_V1,certified,PASS,,,8fe2a50274d6bf04c54e0988edd78e1f99488601e958c90b309dcbe295dd2afa,8a2decd7bca391667d9ca5b19ab9f8ee71690a983574e7ed3b737539b1534c17,0.5,0.8,19137905.85543848,4.0,1.0,1.0,1.0,1.0,036516d8b93922dea25ce974f19d5725ec3dac83471963ec32cd66a7d22e3fee,6,2,2,2c1ce3424352dd0b41a72dad6fffa1a2d6e26a22fcce260a3d04050363f3e3f5,P1,1221203148.4567153,1221203148.4567153,19137905.85543848,0.0,0.0,19137905.85543848,h09,5,Katrina,1202065242.6012769,0.0,1202065242.6012769,1871055020.8860533,0.0,1.0,14239542.891061224,0.0,NONE,True,False,0.0,0.0,687774.2733697365,0.0,NONE,True,False,0.0,9055020.886053408,0.0,0.0,NONE,False,False,0.0,1862000000.0,f82cb9ab67f932bee12f7b6c1fcf34b63a7f3a918e10432dab5a65bb7a35cce1
E2A_CRACKERS_A080,LA-0479,479,14b6d5511703b10299839ebd90facf85e476c9ebfb75c9f005d549f7e411618a,M2,A1_FINAL_NO_MEMORY_V1,certified,PASS,,,082d8742ebf784bc0ad46d1d8d4aaa442db42225bca2bb0d367be330230da7d5,5655030cac303e227e77fff700bbee3d2811ade82d9a4ad8b4287327a44f7b84,0.5,0.8,19137905.85543848,4.0,1.0,1.0,1.0,1.0,d205ab9073d0fa848114602780193ea7ac51809ce1eab40179888eb713d8bee3,3,2,2,247cae51d470188256acc253f5f04fc4e3d400a935d03dba60792774ce51054a,P4,1228986963.2024364,1228986963.2024364,0.0,2339811.3873749413,0.0,2339811.3873749413,h09,5,Katrina,1226647151.8150616,16798094.468063537,1209849057.346998,1817733446.6758876,64223897.38849882,1.0,0.0,29980839.619456746,R0,False,True,10399999.999999998,3.725290298461914e-09,0.0,0.0,NONE,False,False,0.0,9557344.06438629,0.0,155162080.31718075,R0,False,True,53823897.38849882,1808176102.6115012,ef417f98e87dddd41ca542da8f37ab2359e2b710d3cb5b2478c79cad2a534136
E2A_CRACKERS_A080,LA-0480,480,422271c04980bde3cf9c4e479a9febf991188cc92cdd71a3be263016670d14cb,M2,A1_FINAL_NO_MEMORY_V1,certified,PASS,,,3cfceed593ec06ced609ff9365065f07aec0eb82cef18472cd52557232892a6e,514568e2ccdb74ccc78b01587001d7eca097f978588ee221146c53fba5ea650d,0.5,0.8,19137905.85543848,4.0,1.0,1.0,1.0,1.0,4a1951e5502b6e37fc20ad2f080e4b83bf3a41197cff2d262928cfad74442be2,3,2,2,4208e323aae769cc7c7d5fa402e3e9e92477e8017a5e2fe72e489a70ef840cbc,P4,1223973663.1489446,1223973663.1489446,0.0,2537606.298480681,2737961.3735679383,5275567.672048619,h09,5,Katrina,1218698095.476896,13862338.18338986,1204835757.2935061,1871104792.995356,10852551.069030114,1.0,0.0,12229587.370537885,R2,False,True,10400000.0,0.0,0.0,532164.695993662,R2,False,True,452551.06903011276,9104792.995356176,0.0,0.0,NONE,False,False,0.0,1862000000.0,b4368cf76af076244394410ead078dfe5808b11af8da5efae6cf518bc54ece10
E2A_CRACKERS_A080,LA-0481,481,50fc88ad5a6f285c464f798a4f897fbcaa26f476f9ef8c6d2cf81a1507ee0cf7,M2,A1_FINAL_NO_MEMORY_V1,certified,PASS,,,5c1e46b366ff88933e6ee35863e683d151b4f3c62b5076003dd8707ab60f3989,bb3daa5de61fa937f3367b550417fbce39db9566a2963270bc082a50afb576d8,0.5,0.8,19137905.85543848,4.0,1.0,1.0,1.0,1.0,cc058b7e8076683ca0182eebf62f5c070b0d9690d7001a5ec3c674fdf717e003,3,2,2,494cad46fae913a25b1c04d3da615b83655fb46b4af53cfccc5c272ab49e47cc,P4,1209133619.0373054,1209133619.0373054,0.0,326661.3411069134,0.0,326661.3411069134,h09,5,Katrina,1208806957.6961985,18811244.514331564,1189995713.181867,1703299728.7791443,178657615.2852422,1.0,0.0,0.0,NONE,False,False,0.0,10400000.0,0.0,0.0,NONE,False,False,0.0,9557344.06438629,0.0,244090832.24177432,R0,False,True,178657615.2852422,1683342384.714758,d70a994d1a64d7a3448e2eb66d8a0c67696f0c29c4bdeddc7f78ed7caa258806
E2A_CRACKERS_A080,LA-0482,482,0bd992751094c8330bc67c579f397c5ba346cdd3b763d1659766bf862c8572cc,M2,A1_FINAL_NO_MEMORY_V1,certified,PASS,,,ae3e43131c98ef20f7bc3137c02c5a84f8c1d8f09c1e4d8ca0a6c197d80392f6,39dacc9fd4068eac1b7f37c13c6e3ef11c6a4ac459ae2e02437b5d008b228a8a,0.5,0.8,19137905.85543848,4.0,1.0,1.0,1.0,1.0,0df661ed5953456d73b8b51e2cd03dc63360d15f37cf9eab65d105763c2dd437,3,2,2,77c6f935560c58b362aefa73476536ef82914754645f1b5530e2f5c558386f57,P4,1225508087.4866183,1225508087.4866183,0.0,465243.2661027438,0.0,465243.2661027438,h09,5,Katrina,1225042844.2205155,18672662.589335732,1206370181.6311798,1808453475.1761591,73503868.88822728,0.9999999999999998,0.0,16015968.462868473,R0,False,True,10400000.0,0.0,0.0,0.0,NONE,False,False,0.0,9557344.06438629,0.0,97179766.73065722,R0,False,True,63103868.88822728,1798896131.1117728,003fa5f1715497f1d35b1d38300f8048983cac3fe7af0d3aa603f52069f10673
E2A_CRACKERS_A080,LA-0483,483,a899e89acb5b24ba40fabe1d24b5fc269af65c395c6365e522c304346135ea77,M2,A1_FINAL_NO_MEMORY_V1,certified,PASS,,,de968bc7f0e9556765168170597487364aaf343b54d5d03dfac349097af84da5,880f87686cf491affcde99aa66ebb6dea77eda9ce4c4e97b7511d0f450b579d2,0.5,0.8,19137905.85543848,4.0,1.0,1.0,1.0,1.0,2623875c5fafd20f8358ca409132331ee7b6a1b407efc4972c71a224bf418358,3,2,2,61ac7e2b4e9dd7098dac04aa426c0f3d1300a0c0dc5e66597c57a75259c66217,P1,1234079173.9398518,1234079173.9398518,19137905.85543848,0.0,0.0,19137905.85543848,h09,5,Katrina,1214941268.0844133,0.0,1214941268.0844133,1871286337.8141062,0.0,1.0,18701115.93120958,0.0,NONE,True,False,0.0,0.0,487319.16390080686,0.0,NONE,True,False,0.0,9286337.814106304,0.0,0.0,NONE,False,False,0.0,1862000000.0,a89d92960e763179b0d3ff070286a365a75eba08083931e794c411c61e7de63e
E2A_CRACKERS_A080,LA-0484,484,7067f640214d2c650309acea667e0a0350c99c1f26c9e0d86a368a18f04033cf,M2,A1_FINAL_NO_MEMORY_V1,certified,PASS,,,f46cc87822e23c71795a866fbda07bed7b416e486932144649c4aca58253c1e7,c3072bb152fedd8936e8cb8219d3d07abde76cf6b9a0c26d95f5e840d4d686a2,0.5,0.8,19137905.85543848,4.0,1.0,1.0,1.0,1.0,8e3ad537e7ec57e00f1ab57479f8a857124e10e02498184281e581fa0f54f6de,3,2,2,1f3ace2f2a37d3c70201085c2781bb6391777cef92354468dbaa80aed2137521,P1,1220020297.4552088,1220020297.4552088,19137905.85543848,0.0,0.0,19137905.85543848,h09,5,Katrina,1200882391.5997703,0.0,1200882391.5997703,1871033771.0477107,0.0,1.0,13934156.704110062,0.0,NONE,True,False,0.0,0.0,701495.0442693111,0.0,NONE,True,False,0.0,9033771.047710733,0.0,0.0,NONE,False,False,0.0,1862000000.0,6ea3d72a07aafa2b786eeea49d6355e533a3335e5cd05fbdc4f9a26a18e56311
E2A_CRACKERS_A080,LA-0485,485,f0be7eadaa0a998f0b20b0cb460bb4d469302bbaf5f8f1647e10ea3c9bc51ff0,M2,A1_FINAL_NO_MEMORY_V1,certified,PASS,,,514c83bcd81d33bd5746f684f8ab71ed6c0facf6903dd032fc50a714d24dd068,12d592e8e4e00e35bdfcd0f7d268881b88c42b291501d051319d7bc074d3cc1f,0.5,0.8,19137905.85543848,4.0,1.0,1.0,1.0,1.0,f4e946f18d83d2c0476f035d5834167965c7879352fd922fbb86a24e8c27afa7,3,2,2,bf7255f330ac9cf8639b1d87875f53e292a9586ac0c4ba3ce7c930dfd29fe5a5,P1,1236646078.1213,1236646078.1213,19137905.85543848,0.0,0.0,19137905.85543848,h09,5,Katrina,1217508172.2658615,0.0,1217508172.2658615,1871332452.0743363,0.0,1.0,19947060.416232094,0.0,NONE,True,False,0.0,0.0,431339.8185242059,0.0,NONE,True,False,0.0,9332452.074336404,0.0,0.0,NONE,False,False,0.0,1862000000.0,894eef4fbb98be78de7c46bfff566881e9f44a595b8c079c889231f90c1318df
E2A_CRACKERS_A080,LA-0486,486,b13c168f7862f913e7c469ebd82ce437b7d900a37e3942af20d81098581ef287,M2,A1_FINAL_NO_MEMORY_V1,certified,PASS,,,d89b625f36e171fed66f15ddf27c4c79308382d2d9dc17f370efa11e11084a05,d69a290cc6ca0011d436fe61265167f0786e721354bc51a5cb54379239e89675,0.5,0.8,19137905.85543848,4.0,1.0,1.0,1.0,1.0,f1052cdc807fd292da5871fc06217a928497737b71e277d4e9abdcedd1bd9949,3,2,2,e709f332357a69ea9f9d7da8f16229f76be3f9c3f6838366d7ba854486f60de8,P1,1223139652.5079625,1223139652.5079625,19137905.85543848,0.0,0.0,19137905.85543848,h09,5,Katrina,1204001746.652524,0.0,1204001746.652524,1871089810.0505269,0.0,1.0,14769477.392769998,0.0,NONE,True,False,0.0,0.0,663964.7161585287,0.0,NONE,True,False,0.0,9089810.050526803,0.0,0.0,NONE,False,False,0.0,1862000000.0,f051a765f3355dd4aaaf57e5fd51075612637f3aad5ab74350e7e6a05c4a9c82
E2A_CRACKERS_A080,LA-0487,487,2ed2fd3ac3bdfd01f945e7b10ec90ba7ed378c9a0b1428d2cbf75c91c3205c2c,M2,A1_FINAL_NO_MEMORY_V1,certified,PASS,,,f2a89c46b29a75cc21567ad10e34f5bce065a397b15066d569f8f3202f1cd97c,d460a523a082843fd9c654d6c2474cbf5e12c1a400be16219e9704a930698c58,0.5,0.8,19137905.85543848,4.0,1.0,1.0,1.0,1.0,b671055a056c2143cd0836eed819742ce9d089c49afe75f8bce9df8e20796e1b,3,2,2,84230c545a6ea9cd81ac29fa4153a7e83dc3d2857dc96deb7c624dd7fa9c50b7,P4,1218631901.2415822,1218631901.2415822,0.0,4944197.207770668,0.0,4944197.207770668,h09,5,Katrina,1213687704.0338116,14193708.647667808,1199493995.3861437,1880924775.7147553,1032568.3496309076,1.0,0.0,0.0,NONE,False,False,0.0,10400000.0,0.0,1251031.982692822,R0,False,True,1032568.3496309076,8524775.714755382,0.0,0.0,NONE,False,False,0.0,1862000000.0,13fad171f12f6f87179a5b88784a9b39503c3cbbf9bb0fea78f22a75ed209e9d
E2A_CRACKERS_A080,LA-0488,488,a1c8e52d0d582b81669d0fc62ef43207af83301f2a7d6efff05cf8d29b3f7c05,M2,A1_FINAL_NO_MEMORY_V1,certified,PASS,,,b30454f21093e5532e35d2a86dbd82dbbbfa302b4d5b58fd6b52a5b9b627355f,4d714502bf3dcef3992ef1c76528315f8eb45000df2cb3f03b3b42a6a887db6b,0.5,0.8,19137905.85543848,4.0,1.0,1.0,1.0,1.0,5c5d8122163333c08661f657fe42b5a6e8d4040a8a2d66fe2c67c0ea6f54ac77,3,2,2,08f10243975ce5ece992568fa7eda7185016302b07e7049f3d5a0428e6879e8b,P4,1211411541.8980565,1211411541.8980565,0.0,8352907.7626930615,1996504.9930583043,10349412.755751366,h09,5,Katrina,1201062129.1423051,8788493.09968711,1192273636.042618,1880795062.4468708,1162281.6175154564,1.0,0.0,0.0,NONE,False,False,0.0,10400000.0,0.0,2222778.2330648643,R1,False,True,1162281.6175154564,8395062.446870834,0.0,0.0,NONE,False,False,0.0,1862000000.0,d80666615d22ce98ac50577264c27d3e7f84aa147d636f1d5b8908543f442ab9
E2A_CRACKERS_A080,LA-0489,489,1f10563211457a715e5c6de57bad28151ba86aa8dfb1055bbc92223978d2cd9c,M2,A1_FINAL_NO_MEMORY_V1,certified,PASS,,,ef6212841c85c9ba3334b480656dad6f9ab5f4d652e3662ade74fa7b096ba1c9,e9a28f134b438bf4ebe24359d60d390265ec53f892aa6f7d2cf261b2dfd965b4,0.5,0.8,19137905.85543848,4.0,1.0,1.0,1.0,1.0,bfbb0411b6a80b5d89278f75160cc3985d93cf093bc1d036073c45ccd6a152ea,3,2,2,3e1fe1cf68f90d232e0e42f1e6bc0df9efced57ea1a1faf6c4d5b2fe4afc8e62,P4,1226780519.4288723,1226780519.4288723,0.0,8742032.046268849,0.0,8742032.046268849,h09,5,Katrina,1218038487.3826034,10395873.80916963,1207642613.5734339,1750373193.3319795,131584150.73240678,1.0,0.0,0.0,NONE,False,False,0.0,10400000.0,0.0,0.0,NONE,False,False,0.0,9557344.06438629,0.0,298507725.3649666,R0,False,True,131584150.73240678,1730415849.2675931,0bebbdba675139ef1ca6e1a2bb102c543c1f73d38cb08b8077f274933160a7f9
E2A_CRACKERS_A080,LA-0490,490,ac0e1bb642f6279bc9de90ea6bead1e6aee4fed8a4a783e9a7776da7ea19f949,M2,A1_FINAL_NO_MEMORY_V1,certified,PASS,,,70f44bf39d47819c664fb3909fbceb2cb10dac55018dbb2be2689a7438762b6c,5e4708bb26898dba18a7e224bc0efe4adb349e350f8ba0b0af106f30c451d19d,0.5,0.8,19137905.85543848,4.0,1.0,1.0,1.0,1.0,850138ad303945cae7c93b4dfc8c63d10a4bcabc1fc9038304808fbc1cee507d,3,2,2,1ca02ae651339c89aa954cb1ddf0c3c2c6680f92350deaf1601d8b3a4f4e7e46,P4,1220055457.6767082,1220055457.6767082,0.0,7449478.917536151,0.0,7449478.917536151,h09,5,Katrina,1212605978.759172,11688426.937902328,1200917551.8212698,1871034402.698715,10922941.365671327,1.0,0.0,12439132.196109325,R0,False,True,10400000.0,0.0,0.0,625474.69023073,R0,False,True,522941.3656713277,9034402.698714962,0.0,0.0,NONE,False,False,0.0,1862000000.0,62e02d8b3aa91ba2b86981780e123f4e611c4609c36e9c466565a3ae639f74ba
E2A_CRACKERS_A080,LA-0491,491,4272b8672a7563862b057ad232e179bf46625614639551f28138b451cfd622b3,M2,A1_FINAL_NO_MEMORY_V1,certified,PASS,,,ddd7ede80fc8fc493154d8c2566c19171fbb28cdea9568020dfb0d4e0eb08934,2716c39b0e7f416f9180204c2e92e6e8151772b6f9d9d5bb74a6916f68858234,0.5,0.8,19137905.85543848,4.0,1.0,1.0,1.0,1.0,f08bb56328588ed0fca611f3120363d2eb908680f1a895f28f163930a31a5639,3,2,2,63d14b5238ebacf630de759a164fbbf2ac70a9911a55ee1450df63927ee698b4,P4,1213959303.7186337,1213959303.7186337,0.0,8433309.140991874,0.0,8433309.140991874,h09,5,Katrina,1205525994.5776417,10704596.714446602,1194821397.8631952,1716172340.4984367,165785003.56594965,1.0,0.0,0.0,NONE,False,False,0.0,10400000.0,0.0,0.0,NONE,False,False,0.0,9557344.06438629,0.0,402578328.93997514,R0,False,True,165785003.56594965,1696214996.4340503,d1d74a96ba7a106f24af89bef31b5c141ef45959c9a74aadb429c43786d79643
E2A_CRACKERS_A080,LA-0492,492,12ef2746456cf5a77c74b4c82e4b425d99de836f2bc702dc87adcd3961dabb6e,M2,A1_FINAL_NO_MEMORY_V1,certified,PASS,,,8a5d419e64ded75b5b83ad3e834b05e099776801a1afe7d35b3f264373d70841,9c25cecc18015806e241da32bf76bbf6ec3355fe3dde74259b6f3e4f9865571c,0.5,0.8,19137905.85543848,4.0,1.0,1.0,1.0,1.0,2588a9eb4b4f4fc494e34c8c109936b18c73ae68af2be2aeb8e17dbfebb7b794,6,2,2,b38b43334e6a584e82a75114f7ab0af69fe3c4110ab343be4d4c8def3d0f34ed,P1,1227899667.655367,1227899667.655367,19137905.85543848,0.0,0.0,19137905.85543848,h09,5,Katrina,1208761761.7999284,0.0,1208761761.7999284,1871175323.4011197,0.0,1.0,16256596.292378554,0.0,NONE,True,False,0.0,0.0,597149.5863530028,0.0,NONE,True,False,0.0,9175323.401119726,0.0,0.0,NONE,False,False,0.0,1862000000.0,c3dd8b33120c36f931db193c6c0bb477dd310c0eec96599c8fa1244ab3679275
E2A_CRACKERS_A080,LA-0493,493,8cb97839a8b14a062fafce316822d6848d15831f7bae61e0821ebe56eea4422d,M2,A1_FINAL_NO_MEMORY_V1,certified,PASS,,,29575cdea0cf545766110e0702e63302afbbbf8c97bb6f38c4f83f66d9b8db7f,7a5ff28578735d69a4e172a6d23ac5b82aac418a0109ad855dca943914edada4,0.5,0.8,19137905.85543848,4.0,1.0,1.0,1.0,1.0,4dce4bdfd3eadf0be0e8bc38c667673529d0102bcd2138536d8606ad13ec2f3e,3,2,2,400283e5ff17ebb25fc40d81be601dd9e7196f7478591ec6ab9c0a406a1d2d89,P4,1206018763.7685027,1206018763.7685027,0.0,5759427.152840126,0.0,5759427.152840126,h09,5,Katrina,1200259336.6156626,13378478.702598352,1186880857.9130642,1756465309.0480232,125492035.01636314,1.0,0.0,16548144.18014206,R0,False,True,10400000.0,0.0,0.0,0.0,NONE,False,False,0.0,9557344.06438629,0.0,183130729.7535323,R0,False,True,115092035.01636314,1746907964.9836369,e3f5ac4c985b8119f8c025f4aacc80ac4b2c9b52b7bb1155c78301a4c52abbe3
E2A_CRACKERS_A080,LA-0494,494,786699722043330c907a2d4917a523708b69479ff57a3034a23d91e55abb203f,M2,A1_FINAL_NO_MEMORY_V1,certified,PASS,,,886b63f6b500626dc56b1a10d5356609faf66dde0ab065d1a072d1a3ff0d9f7c,f34471e5cfd9a19f4f68bf7d89911b6a924a754648eb3c887228bb08cbbd2bee,0.5,0.8,19137905.85543848,4.0,1.0,1.0,1.0,1.0,ead81d14b64a96eeb77d4cf8baf43f38794145f014e370d39c3f96d7fc5aac41,3,2,2,e95c42292f1515297af7bedf3d6005f0fc51568b8b7f40c36c45eceb718e83c1,P4,1208858393.5106907,1208858393.5106907,0.0,5809061.593991167,0.0,5809061.593991167,h09,5,Katrina,1203049331.9166994,13328844.26144731,1189720487.6552522,1764040078.9535608,117917265.11082564,1.0,0.0,13389015.292306503,R0,False,True,10399999.999999994,5.587935447692871e-09,0.0,0.0,NONE,False,False,0.0,9557344.06438629,0.0,138418298.72652087,R0,False,True,107517265.11082564,1754482734.8891745,113e435af0bc878e04d1b91696dc2aa7bc7fbe0cc0cb3f6878fa0b71997bfa81
E2A_CRACKERS_A080,LA-0495,495,7bc13e8e4617f5526c866da54cb9011a6de5916d88e0fd2c8324951716bfa3c7,M2,A1_FINAL_NO_MEMORY_V1,certified,PASS,,,158b87c4b2adbf2803f5022edc17faf0b69f7c19bf3a6f2e18c81c1e183b883b,8b29a06237d58fca20b4ea46a0f2cf60065a914ccc62a7aac1d2df0d397b3033,0.5,0.8,19137905.85543848,4.0,1.0,1.0,1.0,1.0,d3e9b03b7d934c05e171100f5452b08ea03437735d2f7acb305221fe75190545,3,2,2,e3c3c9b45bd45b04d82db469621c4e7f28095358adcacec90364a215821459cd,P4,1233524018.3437493,1233524018.3437493,0.0,10884480.72046955,0.0,10884480.72046955,h09,5,Katrina,1222639537.6232798,8253425.134968929,1214386112.4883108,1829836133.2457578,52121210.81862856,1.0,0.0,25903470.31279483,R0,False,True,10400000.0,0.0,0.0,0.0,NONE,False,False,0.0,9557344.06438629,0.0,103915783.25521147,R0,False,True,41721210.81862856,1820278789.1813715,21cc45c719bd61936771b33302c9533e40f15cb6c9c35cbfd67b4e89b3f22042
E2A_CRACKERS_A080,LA-0496,496,9d697be546915ba9e9c742825e409d88ae9ad0b34a692676c63c615990de25f8,M2,A1_FINAL_NO_MEMORY_V1,oracle_failure,FAIL,oracle_failure,Full exact certification was incomplete,0b085cb5a1a95b62b534f860dafb92c29ef5057513b00afa0ff5f9e4b40900bb,dd933f0cbcf74a922e71da031e43d5d5b72788f58a3cad8442c17fc25cccba8d,0.5,0.8,19137905.85543848,4.0,1.0,1.0,1.0,1.0,f01fc21c71eabaf14191de67ad0bffb8febfd851824bc6d6a387c14f2d9fdc73,3,2,1,,,,,,,,,,,,,,,,,,,,,,,,,,,,,,,,,,,,,,,30add742e2f66f82b1ad015a553be63733f5f066c096562f22a195aa5cf6f27b
E2A_CRACKERS_A080,LA-0497,497,4441a15e56e6f0821af4d5abdcb1b989a83f3d4f9fc015cfbb40167864a8e0d0,M2,A1_FINAL_NO_MEMORY_V1,certified,PASS,,,b69e09344a79d8c7c65159f859d321ebe00ca64f6fd9abb3e38cb11f3e25c63c,ae511a4d81d9f2fb66110fbda1642d54faa9f3465091720addea790e48e0796b,0.5,0.8,19137905.85543848,4.0,1.0,1.0,1.0,1.0,9cb37ad381f494dcf0741134db3494769c9ed0cb5d22e6294d480a01ac76d0a4,3,2,2,fcd3c3e39598270e06edaabdc9c619c3119050a020a1b8d718f455b64690fe3e,P4,1221159529.0695226,1221159529.0695226,0.0,3943505.7349254293,0.0,3943505.7349254293,h09,5,Katrina,1217216023.334597,15194400.120513046,1202021623.2140841,1735379087.593211,146578256.4711754,0.9999999999999998,0.0,0.0,NONE,False,False,0.0,10400000.0,0.0,0.0,NONE,False,False,0.0,9557344.06438629,0.0,187215173.70072326,R0,False,True,146578256.4711754,1715421743.5288246,7f76916477d2ff9fe73174fe5e898769fafc3601a7fc183647af4c8554e9310e
E2A_CRACKERS_A080,LA-0498,498,b2484405400c97dd9fe8d69826f086031e6776213609a9116430f4fde4a18286,M2,A1_FINAL_NO_MEMORY_V1,certified,PASS,,,d93495da3c723e9994d4517a1992a3444a3d3ceb536222f4910d53fdf90b550a,7b8a6a2f7a304567f754871ad984850db496791a3a15c9286c26c43872f9deb7,0.5,0.8,19137905.85543848,4.0,1.0,1.0,1.0,1.0,727af6c0bb8ae24fe457ca9890d073c462d5c24591a11be838b02158fbd24e36,3,2,2,e7d4e5e90629f0f32b5d4765b8c7254a7985be41affa15b699e499dd5fa2a564,P4,1225473231.2361238,1225473231.2361238,0.0,3653709.6192568056,1819976.1796526345,5473685.798909441,h09,5,Katrina,1219999545.4372144,13664220.056529038,1206335325.3806853,1881047679.7459881,909664.3183981242,1.0,0.0,0.0,NONE,False,False,0.0,10400000.0,0.0,1685514.82579416,R1,False,True,909664.3183981242,8647679.745988166,0.0,0.0,NONE,False,False,0.0,1862000000.0,a5d71ea9ac04b423b9d4e0c3750f5dcb50869b2e3bf4c78d0d323917257a89b3
E2A_CRACKERS_A080,LA-0499,499,b6f14b3a94a95e16d479eb52ef30dd7c29ae4c7904c3d9817da89fc99bd97371,M2,A1_FINAL_NO_MEMORY_V1,certified,PASS,,,1d6b4478c263d379385fa4eda0869abbbfb17f1358d06fb1bbcca0d7da692d44,7c63859bd926a9252b39b6ac3f47d269b9355fd2bb844217a258afb374122b0e,0.5,0.8,19137905.85543848,4.0,1.0,1.0,1.0,1.0,4ba1e3a6e6234a13dc6ac3f06bfecc3f4fe03b6d49782afbb94d15b01fcbbc31,3,2,2,c14a51b703ce961fe876409a792fdd812d0ef7790267c97375365424bd9e9bfc,P4,1209050694.7406392,1209050694.7406392,0.0,528141.5017384411,0.0,528141.5017384411,h09,5,Katrina,1208522553.2389007,18609764.353700034,1189912788.8852007,1880426043.9102736,1531300.1541126992,0.9999999999999998,0.0,446519.35061439365,R0,False,True,342549.547864676,10057450.452135324,0.0,1549557.2890203504,R0,False,True,1188750.6062480232,8368593.458138267,0.0,0.0,NONE,False,False,0.0,1862000000.0,e725edcee0918dd45bd0208bfbf0dd559750e5cb8d1bc3c53d4227a630c6c33d
E2A_CRACKERS_A080,LA-0500,500,53a02a0b0b38e323b3424d93284e2247638fd23b056f5d094d29854370fd887c,M2,A1_FINAL_NO_MEMORY_V1,certified,PASS,,,156f027cc9361745b0c810b329d282fbbb3d02e5fae50422149e2757e8b8d00c,65ae5f98ec71831fb5d598985974d9cf86b8d76654fde1604bfdbb4161110da0,0.5,0.8,19137905.85543848,4.0,1.0,1.0,1.0,1.0,c5812124ece532d4c95cc62e148d2aa68726b7077c938eda5b96b37122315ecc,3,2,2,577182f6177db5536dbdce2e5050141046d625ff4093755aefd12000a0cfabd8,P4,1233772654.0488791,1233772654.0488791,0.0,7982839.383005401,0.0,7982839.383005401,h09,5,Katrina,1225789814.6658738,11155066.472433073,1214634748.1934407,1769024854.1834705,112932489.88091591,0.9999999999999998,0.0,0.0,NONE,False,False,0.0,10400000.0,0.0,0.0,NONE,False,False,0.0,9557344.06438629,0.0,177581627.05121726,R0,False,True,112932489.88091591,1749067510.1190841,c0bfbb8516c48e85503ffb7c45d3afbc251c0bfc417c58dc8898dddaf3a24619
E2A_CRACKERS_A080,LA-0501,501,e444e6da16969403af646e5903e2b44be5d624d1728053a03722028b29b3dc1a,M2,A1_FINAL_NO_MEMORY_V1,certified,PASS,,,60f63fae328924b20ceb392bf2030c8ac8fca57a2a97f542054e0bbbb9d56a6f,ebc02d3ca250e544caeeec1ba59d65491251b5aa7720bfd65a59c8c6c533e371,0.5,0.8,19137905.85543848,4.0,1.0,1.0,1.0,1.0,50639a8d22899ac682b7de2fab409d65dc3fb82caeda10b7571628adf0eac35b,3,2,2,1f859d56f000d203ab1ca5a125865567c064fdea5247624626420a58fb184c05,P4,1215430568.8361983,1215430568.8361983,0.0,5961374.32190367,0.0,5961374.32190367,h09,5,Katrina,1209469194.5142946,13176531.533534808,1196292662.9807599,1720096970.0267248,161860374.03766155,1.0,0.0,0.0,NONE,False,False,0.0,10400000.0,0.0,0.0,NONE,False,False,0.0,9557344.06438629,0.0,213664851.6355809,R0,False,True,161860374.03766155,1700139625.9623384,0ca919e05052812f67b6f1af54a0e38ebec9a5506dc83efa053c604b83ffd851
E2A_CRACKERS_A080,LA-0502,502,04bebad735bf6a99c88427bdd89530b0ef854bb71ef88b677e14ac1792409ea2,M2,A1_FINAL_NO_MEMORY_V1,certified,PASS,,,fb7a109ad0dabcdc21b7f49aa2b15e2d48b6d163d72a40e2be905338dc8aea74,7d2f93f17912ecd02c564159903399ecdf1ef1c9b811112f183bdff56686b3c4,0.5,0.8,19137905.85543848,4.0,1.0,1.0,1.0,1.0,cb2924bb17712e1205b0002b04cc361e3b44c115d467eaa91765ddbd8d2633ca,3,2,2,d8ca67de1aedece16249d90d1c76012e5169f92c0c657dc10563e61e982707eb,P4,1216663929.8428502,1216663929.8428502,0.0,1788211.0194273312,0.0,1788211.0194273312,h09,5,Katrina,1214875718.823423,17349694.83601115,1197526023.9874117,1880889421.24151,1067922.8228763063,1.0,0.0,0.0,NONE,False,False,0.0,10400000.0,0.0,2384240.879064724,R0,False,True,1067922.8228763063,8489421.241509983,0.0,0.0,NONE,False,False,0.0,1862000000.0,865644c8d7152805b72f1de5c73e79420b8cabf62eac88e39dea10d5e501c064
E2A_CRACKERS_A080,LA-0503,503,c7bb7bd147dc6ccc135fe874223009ecca540856753c781e902e57e283a78b9d,M2,A1_FINAL_NO_MEMORY_V1,certified,PASS,,,26ef05b13c312b2a0b4536d771a5e7c9a2f6f1c195c380cc7604b228c919f647,81d9023f759b8256f457d0e4034cf7f95f4662d12e0dbf88da84215f49a86525,0.5,0.8,19137905.85543848,4.0,1.0,1.0,1.0,1.0,937223d348234d8d860b7500e9ea6f40e792aafc2ca81e7999940a10f91628c0,3,2,2,eaed4b37e4ccb68705786927d35df3de326f09023fdd5e2f3364fcae0e0f2e7d,P4,1216124994.7553477,1216124994.7553477,0.0,8565587.539016325,1078427.0688616398,9644014.607877964,h09,5,Katrina,1206480980.1474698,9493891.247560512,1196987088.8999093,1721949365.244259,160007978.8201272,1.0,0.0,0.0,NONE,False,False,0.0,10400000.0,0.0,0.0,NONE,False,False,0.0,9557344.06438629,0.0,187771050.59126538,R1,False,True,160007978.8201272,1701992021.1798728,c0cc881c2463b0ebfa138e4d2d56cd116b23111c20900a4bec929112055069a3
E2A_CRACKERS_A080,LA-0504,504,ed71f2f85e64fda188216aa4764e6f849413b10da2384834f54e69fb5e4e1f4b,M2,A1_FINAL_NO_MEMORY_V1,certified,PASS,,,b39a537ba69761af3b05bafa6b014db55b14ede8e26f777ef44953a38e5eceb4,36e1003ad3a04be5af44756c452a509d748d12f0f57acb1cbd24ea5c9bb3342f,0.5,0.8,19137905.85543848,4.0,1.0,1.0,1.0,1.0,464193726e1773ad8f248f4829248e52c130d9351bb35019d215b41388e99593,3,2,2,549cb05eb407fa59cb55f5f9986db6a7c25c3469ceee0135f494de06283e50d3,P4,1215571936.937305,1215571936.937305,0.0,5581050.232854403,0.0,5581050.232854403,h09,5,Katrina,1209990886.7044506,13556855.622584075,1196434031.0818665,1720474072.3024042,161483271.76198217,1.0,0.0,0.0,NONE,False,False,0.0,10400000.0,0.0,0.0,NONE,False,False,0.0,9557344.06438629,0.0,231659650.62857273,R0,False,True,161483271.76198217,1700516728.2380178,fab400e68f0f4139645e159dba030afd886cb3be75fec0d4c452ca7e1d7a5ff5
E2A_CRACKERS_A080,LA-0505,505,15ea7787298e09a0af687db8446dbea2408eeb76e9ec37491355d90a6716791e,M2,A1_FINAL_NO_MEMORY_V1,certified,PASS,,,182eea2ddb8374d40fbeabbe6207808115d15f2c38329fc4b4332e7cf90d2b69,f456b1a28cb849c389515ae5f95d703ee18196c8e028cdc5c38ac21efddad7ac,0.5,0.8,19137905.85543848,4.0,1.0,1.0,1.0,1.0,e2f5b26a2d948d3c87d8ae0384d468a68af598f9b2adb0bba463ee1d7a2c035a,3,2,2,0e11867cfd178528196d9428c3d7f21f32a990432cb4141eccb679997842b609,P4,1232465577.3887644,1232465577.3887644,0.0,3872502.1110272612,0.0,3872502.1110272612,h09,5,Katrina,1228593075.2777371,15265403.744411217,1213327671.533326,1765538200.694048,116419143.37033832,1.0,0.0,0.0,NONE,False,False,0.0,10400000.0,0.0,0.0,NONE,False,False,0.0,9557344.06438629,0.0,160858011.75459766,R0,False,True,116419143.37033832,1745580856.6296616,68a1608ecd306059cead84fb7cc9ef90d8282057ee58f1bc8cebbe3444154b8f
E2A_CRACKERS_A080,LA-0506,506,a2a65063932d7c3c78c22cc2a0f80424a23974368a59bf20372a132ed4131cc4,M2,A1_FINAL_NO_MEMORY_V1,certified,PASS,,,fe542db370918d0a5fb5b9ece0109fe953f906bb0c4866506f4df70c01615b06,31a8a941d18001003f1a2f30b1555ab1f3dadfb9f1cc745573b03f51accf0b03,0.5,0.8,19137905.85543848,4.0,1.0,1.0,1.0,1.0,59c7801a6ae2ba72d9c9da6e984a411cf526c6a403f0b629c4ad7b82358cfc02,3,2,2,6875837ebed4228d96a7d24db27ffc7a417e13ab6f68c8f692d124ebffe95e3e,P4,1210507122.6067097,1210507122.6067097,0.0,7132861.137861224,0.0,7132861.137861224,h09,5,Katrina,1203374261.4688485,12005044.717577253,1191369216.7512712,1768438097.242131,113519246.82225548,1.0,0.0,31153809.742160402,R0,False,True,10400000.0,0.0,0.0,0.0,NONE,False,False,0.0,9557344.06438629,0.0,308899749.6399448,R0,False,True,103119246.82225548,1758880753.1777446,18a3de420be726747bc0229c06d996f513a7d012b90da4d6d3df33cfe9743d46
E2A_CRACKERS_A080,LA-0507,507,0cf3bb04405329d6d6c09086a06c51e8b4504ef76cc8d32b6363edeb799515d4,M2,A1_FINAL_NO_MEMORY_V1,certified,PASS,,,e26813a696a306b8d6b59fb78959bc94442b66782a3380fceedb1154742f0bfa,177fa8e0cc057135fc67e271e6bbc8e0e37bbb8e94d657e8d72f868cb6331769,0.5,0.8,19137905.85543848,4.0,1.0,1.0,1.0,1.0,ab08653f9df023f27e8e16f6e7e365048a244b9fc2bbb76d67dcf8f87a097b4b,3,2,2,51707c7ffb9a8532cf1db39998baf539bc7deb2093d01be8f51f797f7b401887,P4,1191385411.9178386,1191385411.9178386,0.0,1095555.6583484276,0.0,1095555.6583484276,h09,5,Katrina,1190289856.2594903,18042350.19709005,1172247506.0624,1655956026.4758291,226001317.58855718,0.9999999999999998,0.0,0.0,NONE,False,False,0.0,10400000.0,0.0,0.0,NONE,False,False,0.0,9557344.06438629,0.0,456873871.767334,R0,False,True,226001317.58855718,1635998682.4114428,0a1de9482ded796d40d7dbbd784b05950b46d4d47e63f8a1b94b714084b3d07b
E2A_CRACKERS_A080,LA-0508,508,6972a5324b14d65002ca17cf12553bd31a0875f31af14cb6b51ec16623fb1977,M2,A1_FINAL_NO_MEMORY_V1,certified,PASS,,,d97db014eb000ff3b658983f2c3831c6dcd50299db08a272eef9c983e4e2cad9,76216e36b6f18462bec8cbdb7b1ceadfef9ca75a0643bee4b4f86e3765c4369e,0.5,0.8,19137905.85543848,4.0,1.0,1.0,1.0,1.0,94e3d46404131f12850113dc14bd6410fad842cbc0c807955e9eb4d9ef4bce62,3,2,2,b7a1c9b17387eac1f18bcff41885bb4fc2c056080460496c98f803817ab5755e,P3a,1226034228.2630029,1226034228.2630029,10255689.245447207,2505681.30028542,181958.05823193336,12943328.60396456,h09,5,Katrina,1213090899.6590383,6194577.251473918,1206896322.4075644,1871141810.908443,415533.1559434128,1.0,15834011.49520952,0.0,NONE,True,False,0.0,0.0,0.0,498649.84214348113,R1,False,True,415533.1559434128,9141810.908442877,0.0,0.0,NONE,False,False,0.0,1862000000.0,7f005d6ef24f911190a5c5d6817cf7bce32d71a7275ee88731883ce92e7e34fe
E2A_CRACKERS_A080,LA-0509,509,afaaed77442620fed7cdc6117bbea079e42aba1c3bc4bffc87431fcfc07ea9bc,M2,A1_FINAL_NO_MEMORY_V1,certified,PASS,,,a9ec1002d7b382733a8a185a7cea7338ad10c7042f157ca837fa61fc283ee5f9,2c8b4b54a1c2e6a3b601e67f15e327f66ec79b98fba104570bbd527664d0afcc,0.5,0.8,19137905.85543848,4.0,1.0,1.0,1.0,1.0,1c4e1d6f21a86744f731cecb5de80feef269d4413324d47422a480e24e8ab2c4,7,2,2,3611e4be0666e360972a2804c612982727fbcd633e10952de93423c658bbc0bc,P1,1227295330.4219646,1227295330.4219646,19137905.855438434,0.0,0.0,19137905.855438434,h09,5,Katrina,1208157424.5665262,0.0,1208157424.5665262,1871164466.5235436,0.0,0.9999999999999977,16051402.33719921,0.0,NONE,True,False,0.0,0.0,606368.7958958454,0.0,NONE,True,False,0.0,9164466.523543514,0.0,0.0,NONE,False,False,0.0,1862000000.0,a74d88ebdad4c1ce9c2c2df5e5b881572aaaadb10cdabd42e66c2b082c275b31
E2A_CRACKERS_A080,LA-0510,510,9c8bd7bfb178c309c2e7609d6e33b2c382aea3042ff0bcb7aa68760819cabc82,M2,A1_FINAL_NO_MEMORY_V1,certified,PASS,,,5099cea14515e58eb82c23a470ec5208dc252fb8710bf7535a59d26c5462db67,bf81552d206ce7d4762d6259ea1694e8e8f1aed32d7f93ad2ff0803372d12e58,0.5,0.8,19137905.85543848,4.0,1.0,1.0,1.0,1.0,10e65fcc40a4729888fe1857888449031ecab048c413289e78b2c7c3c53211e6,7,2,2,7c6fad89735d58ec9f9f163536075855796d080051d9e7607bedbe333f92f711,P1,1225767003.3293345,1225767003.3293345,19137905.85543848,0.0,0.0,19137905.85543848,h09,5,Katrina,1206629097.473896,0.0,1206629097.473896,1871137010.23056,0.0,1.0,15554880.24845246,0.0,NONE,True,False,0.0,0.0,628677.1586095878,0.0,NONE,True,False,0.0,9137010.230560074,0.0,0.0,NONE,False,False,0.0,1862000000.0,69963d3ddc00c370cc43c216c757844a03330a95f40acf90fdacc8a15f2d29d4
E2A_CRACKERS_A080,LA-0511,511,62323a8bbb37db96af200fc550f3ca9759e5437996d609189fcfd5900f185b99,M2,A1_FINAL_NO_MEMORY_V1,certified,PASS,,,744ca88e7ed2aa91af6ccb7d723c7045e0f6d063b69ba8bedf3a28a1ef82e606,189c1bd5f5f5d62a3d2e89516bca5c88cbce7c2d1ca30e0a0bb225691f367f12,0.5,0.8,19137905.85543848,4.0,1.0,1.0,1.0,1.0,0afcead695fb79d64e1cedabbc7d5d2a07eeeb7ad1774408428c007b3bdef643,6,2,2,2ef54ac37177c9fc4b48d5930a04ddea153fa8632a76d30eac688c4a47182800,P1,1219776421.7064767,1219776421.7064767,19137905.85543848,0.0,0.0,19137905.85543848,h09,5,Katrina,1200638515.8510382,0.0,1200638515.8510382,1871029389.836358,0.0,1.0,13872814.905333916,0.0,NONE,True,False,0.0,0.0,704251.0849926262,0.0,NONE,True,False,0.0,9029389.836358115,0.0,0.0,NONE,False,False,0.0,1862000000.0,3d1a30915ade2a8bf1bf8dca9dfad82958d5c46c81ef4db74988e655c1f87a35
E2A_CRACKERS_A080,LA-0512,512,a5cc02b575cbfc3191e440064eee267a2631cd4654bdf60a0cc929426552141a,M2,A1_FINAL_NO_MEMORY_V1,certified,PASS,,,06de85de77d03b700dc4f3e97dcad2a8c4cba30024d5801877379ee56176e4ee,cb1add752555bdce43f4073ec68a043dbc329bc3101088fa0552dce801572fc9,0.5,0.8,19137905.85543848,4.0,1.0,1.0,1.0,1.0,b32f518c7bc006669d21a7bda2b0c63f3b59eb7275a107e5943f007826f469df,3,2,2,362b5759e1dc8c366e4efbd78c03fc43ddbd5fcc1ed19ff95d9d1edd1b354673,P4,1206780357.5693579,1206780357.5693579,0.0,5720245.875216939,0.0,5720245.875216939,h09,5,Katrina,1201060111.694141,13417659.98022154,1187642451.7139194,1758496875.9517128,123460468.11267342,1.0,0.0,15717879.972778777,R0,False,True,10400000.0,0.0,0.0,0.0,NONE,False,False,0.0,9557344.06438629,0.0,170872198.7943445,R0,False,True,113060468.11267342,1748939531.8873265,014b23c7891b70b7db7bf166de95ad4d7dbd88e0ea485b6244c8001f144cb416
E2A_CRACKERS_A080,LA-0513,513,71004c4d3556ea462a974d757473e7bb255c893ad63b556eea83e286aadfae44,M2,A1_FINAL_NO_MEMORY_V1,certified,PASS,,,04a8851ebc7aa1153884977d4bfbcd7f7c241f41c4bf6f979e37d44c632b02ab,c5aa270e3b299d3075f66d3e7a25d095575f83c01e15a23d73a2f7dc63af456e,0.5,0.8,19137905.85543848,4.0,1.0,1.0,1.0,1.0,c95fce0bc7552879044db23341c3301469a7884f928bc5903c144ca513072fcb,3,2,2,b09bb401d663b08ebb052e99565be3f0febb631b8cbe8edb9b26e3c664461c33,P4,1232808992.8743656,1232808992.8743656,0.0,3906805.744907652,426640.3381039501,4333446.083011602,h09,5,Katrina,1228475546.791354,14804459.772426875,1213671087.018927,1881179466.208302,777877.8560842079,1.0,0.0,0.0,NONE,False,False,0.0,10400000.0,0.0,962625.9203133521,R1,False,True,777877.8560842079,8779466.208302082,0.0,0.0,NONE,False,False,0.0,1862000000.0,9322af809e9786e66af2a507c18c67500b54084ddaadd0feb7de6b04373c3a0c
E2A_CRACKERS_A080,LA-0514,514,b386b7e1efa4629cc5a5e664f03f1ee969ab94cf6e105ab01f57c5f06cd21d73,M2,A1_FINAL_NO_MEMORY_V1,certified,PASS,,,2de4272ce48d9a1506dbbd85f8610bd90fa0b404f2bafa6d367fecb34efabea9,ddce5c5659867ab56ed5ab85160e81c87a9a84bcc06cdae456dc5a0b3e1da8cf,0.5,0.8,19137905.85543848,4.0,1.0,1.0,1.0,1.0,05c18e42cb11a0ef68ce7330ffb0f90c3370416e8ffcc5ced5fd95d482abd44d,3,2,2,80da9cc83840e3a563ad1cabb5fa0539495f61401177bd047590e028d72efee7,P4,1141915291.4121783,1141915291.4121783,0.0,1632790.246873226,0.0,1632790.246873226,h09,5,Katrina,1140282501.1653051,17505115.608565252,1122777385.5567398,1585467996.9579556,296489347.10643077,1.0,0.0,12771534.344663842,R0,False,True,10400000.0,0.0,0.0,0.0,NONE,False,False,0.0,9557344.06438629,0.0,351326915.5973304,R0,False,True,286089347.10643077,1575910652.8935692,4ec8bcb1ef7ab7cbdb966aa6de287a913f08f5fc1e206c795a74aedf79de9829
E2A_CRACKERS_A080,LA-0515,515,ee72304c9d44b9c69fcab2a252b2354f6d796e7938b23d5faa4812904ffb0e30,M2,A1_FINAL_NO_MEMORY_V1,certified,PASS,,,a991df830d3801e12453b03c0d870d284227067ec24b4577eef57a9d2cb42d23,2f6ccc07ed61ff216aa8ba68b40cb9b3939e031dc183af8481c089a2f683d430,0.5,0.8,19137905.85543848,4.0,1.0,1.0,1.0,1.0,d4988bf8366d9f3d427c44c0875333b712587d15295ba9687b0adafcee09b311,3,2,2,003743ca1a9bb9d8244782ce08db958667999b4529bac3d23f4beaf4e0494ca2,P4,1142774950.0241172,1142774950.0241172,0.0,1509210.30437346,0.0,1509210.30437346,h09,5,Katrina,1141265739.7197437,17628695.55106502,1123637044.1686788,1526286633.8869433,355670710.1774429,1.0,0.0,0.0,NONE,False,False,0.0,10400000.0,0.0,0.0,NONE,False,False,0.0,9557344.06438629,0.0,571919697.7200377,R0,False,True,355670710.1774429,1506329289.822557,fe3b4267186e71eb6e0f28a9facffe59bd90351844309a181cefca3746166b6f
E2A_CRACKERS_A080,LA-0516,516,16166a95aa22d711f37cc694c48a73f8b0d062f90a0661b8cc1ba0090e529811,M2,A1_FINAL_NO_MEMORY_V1,certified,PASS,,,dcc73262498e5b7b1628477d4bbd964bb0549de9a98fe6088879f9ee4e22cde8,cea93ad83d79c98835341d41314781511a5a41e5718eeeaa11529439368978be,0.5,0.8,19137905.85543848,4.0,1.0,1.0,1.0,1.0,6d38311787462fb6f3d1828c7652716bba45e51153902aa3aa1df215fc925d6d,3,2,2,6eff5838d4a1a9d1a4fcb3f8a13fa6c66882015c77a601bfcd07d15f69fc93ee,P4,1216425604.8290403,1216425604.8290403,0.0,4231029.141403989,0.0,4231029.141403989,h09,5,Katrina,1212194575.6876364,14906876.714034488,1197287698.9736018,1784225768.5564997,97731575.5078866,1.0,0.0,21244524.693306204,R0,False,True,10400000.0,0.0,0.0,0.0,NONE,False,False,0.0,9557344.06438629,0.0,178395943.49833003,R0,False,True,87331575.5078866,1774668424.4921134,8203c24417dc91ea828bfb77a2daffe34a9b3906452cef2366f43dfaddadcd40
E2A_CRACKERS_A080,LA-0517,517,01f9dbff879140556e59f9a001cc439461386f2ba28402c50eb02bf9448b3a90,M2,A1_FINAL_NO_MEMORY_V1,certified,PASS,,,38726b669d9db26acfc1d38f55ca7901a0e5e42d62922f49b7d7d12f588eecd0,2fbc901ec9679f2e9d33a32d9a3b93b1ec051fa52b92edc3278933e95000fe66,0.5,0.8,19137905.85543848,4.0,1.0,1.0,1.0,1.0,232d10a76985c81fd06df55e0dd4d9fc5d403ffe2e45ff55ba0908c37aec81ce,3,2,2,8a9354a87d3e4bc73799a85c9b2d4ec4a2617ac0ce1f7b0862657188234e792f,P1,1236926929.1871407,1236926929.1871407,19137905.85543848,0.0,0.0,19137905.85543848,h09,5,Katrina,1217789023.3317022,0.0,1217789023.3317022,1871337497.5447633,0.0,1.0,20093532.167791277,0.0,NONE,True,False,0.0,0.0,424758.95327136986,0.0,NONE,True,False,0.0,9337497.544763263,0.0,0.0,NONE,False,False,0.0,1862000000.0,a03f615f7b4e78d7627a8dfa429122c092b6e0bd9c979da2eee8f98060cffcf8
E2A_CRACKERS_A080,LA-0518,518,3d59d65dc356f74dfc53fb69587a6d6a28a2e9a786a2484d24980a5a82bdfda1,M2,A1_FINAL_NO_MEMORY_V1,certified,PASS,,,7ae55fcc6955adf07dddd1b56d94bdd0c84cb83e5109e830a402e39fa8f7da50,9a9b6027b1dcce6e6d08d11fae079a3484cdf12302ebe2c250da42d44de59f06,0.5,0.8,19137905.85543848,4.0,1.0,1.0,1.0,1.0,3f31fe0d584433231c0c912371bd01ee800d0d61ed76d644bb5ff7d4608dbb41,3,2,2,63edd2eed43f88340bfef9c8a9b876344688cd1aaf9426f527536764a3fa7e95,P4,1214596625.9425397,1214596625.9425397,0.0,5787517.761786662,1636117.4406239036,7423635.202410566,h09,5,Katrina,1207172990.7401292,11714270.653027913,1195458720.0871012,1880852282.2665834,1105061.7978028373,1.0,0.0,0.0,NONE,False,False,0.0,10400000.0,0.0,2206228.146944154,R1,False,True,1105061.7978028373,8452282.266583452,0.0,0.0,NONE,False,False,0.0,1862000000.0,0332efff438e2307400be7ee4fe7e4aa3a251707c3904093ebb179309d773d51
E2A_CRACKERS_A080,LA-0519,519,d60cb59c6410052cfdcd80b0a9f4d9f0f84325e7a06df379176097622df03c68,M2,A1_FINAL_NO_MEMORY_V1,certified,PASS,,,e433d5ae5cd8170c78d543d62251a0f0728ee4ed6617f58d85f0d8cc68d0b4f6,dfbb79e07dc9173c471e26f41fa529567dfac996bdefc837e15a6e098922f9db,0.5,0.8,19137905.85543848,4.0,1.0,1.0,1.0,1.0,c0320df537634b30c9ab4353d1efe0c4d0c45083909306943fdc6f39e89ff830,3,2,2,0a14597a86c3af60c3639aa688d2583c44d04a4e0033c0009085017a6fbff8a3,P1,1234498949.2231374,1234498949.2231374,19137905.85543848,0.0,0.0,19137905.85543848,h09,5,Katrina,1215361043.367699,0.0,1215361043.367699,1871293879.0487156,0.0,1.0,18894114.252796,0.0,NONE,True,False,0.0,0.0,478647.8949710396,0.0,NONE,True,False,0.0,9293879.048715487,0.0,0.0,NONE,False,False,0.0,1862000000.0,7d6632f9b739b1971b928c57d5a177c0c53ae5668ec4afc53a0e6b0cff71df19
E2A_CRACKERS_A080,LA-0520,520,9bd6a5466e8ed0b36a788d7cff4c0815f32f8ff00e553d955c6198104c061c33,M2,A1_FINAL_NO_MEMORY_V1,certified,PASS,,,7389bd24a6e3fbb86756216da8c9c1a6ccb8ac6dfc17917b57cc19aed4c52568,2310812755a48268a89086e065239dc505f576e727410c5f26631249b0c0ee72,0.5,0.8,19137905.85543848,4.0,1.0,1.0,1.0,1.0,c742dd06f6a6dcd1a7462e0064bae768773c1e757cd87e64ae07504b56f64d89,3,2,2,7341f3f381afef8203a8c549a105b6d5514234da616c3f3bb38f5d622600a985,P1,1226190834.1170857,1226190834.1170857,19137905.85543848,0.0,0.0,19137905.85543848,h09,5,Katrina,1207052928.2616472,0.0,1207052928.2616472,1871144624.322033,0.0,1.0,15689469.394873211,0.0,NONE,True,False,0.0,0.0,622630.1698376179,0.0,NONE,True,False,0.0,9144624.322033042,0.0,0.0,NONE,False,False,0.0,1862000000.0,d987674ff61cdff590a5b8973155d0bd0cebab12583f2b06c1b7fc98573bebcb
E2A_CRACKERS_A080,LA-0521,521,88b0f3f39bdd4dbd741e3fa928b2231bed3c9f0d076f312a491384c053092abe,M2,A1_FINAL_NO_MEMORY_V1,certified,PASS,,,81e7c4dbf133617d770bc5f3f147dc3c694438320fdf775d8ce07a337cbf8b51,32360c4dff1784963121465ef889ca364505c0294deff86dadf898825d853db6,0.5,0.8,19137905.85543848,4.0,1.0,1.0,1.0,1.0,c87d84ef226814fd67a838fd3774f760c51a255b03b4f6123cc1d055123cfe7e,3,2,2,a4f6d1893bdbbc8d3860171b68a5437b1b3bc76046c51aabe5ee67ef353c2417,P4,1230496080.970525,1230496080.970525,0.0,4686890.375730226,1675278.3857191738,6362168.761449399,h09,5,Katrina,1224133912.2090757,12775737.093989078,1211358175.1150866,1881137914.9021826,819429.1622037934,1.0,0.0,0.0,NONE,False,False,0.0,10400000.0,0.0,1623892.324090186,R1,False,True,819429.1622037934,8737914.902182497,0.0,0.0,NONE,False,False,0.0,1862000000.0,4badb1c52a41f15cfa15c0f221ff807ccaffe0a33cb7ff53f0224946bc6926fe
E2A_CRACKERS_A080,LA-0522,522,fa73e43a6ff65b24cdbe40b85b809e8fcb8a82f0412c33b7b3461e885dff43b4,M2,A1_FINAL_NO_MEMORY_V1,certified,PASS,,,3b98d4cd4a5867dabf879e5c0e8552eff1ee860b68b51dee000f97a31e8dede5,ac23279aa7e1c2e8301307ac373c3fefa75efd7f856bc1829bc0062ce95b8786,0.5,0.8,19137905.85543848,4.0,1.0,1.0,1.0,1.0,4d4e2ec8e9cf63ddabaf12cf8c678c2e900e8bcb67d7b4a6153d6bc78a8e6047,3,2,2,fb81151895e137d726f6f679195df5277c7d7b73e707209195aa1de12ffda9cf,P4,1216178423.6630857,1216178423.6630857,0.0,10126954.51974153,0.0,10126954.51974153,h09,5,Katrina,1206051469.1433442,9010951.335696949,1197040517.8076472,1722091887.9388225,159865456.1255639,1.0,0.0,0.0,NONE,False,False,0.0,10400000.0,0.0,0.0,NONE,False,False,0.0,9557344.06438629,0.0,287552292.42930263,R0,False,True,159865456.1255639,1702134543.8744361,b40dc76e702336c45e34c187aa46abb51f097208713706df5de184e8de1e73f8
E2A_CRACKERS_A080,LA-0523,523,d31aa80ffad076f8dd285ed039d40993d844b1d27fe990b838b50f90d2c56fa9,M2,A1_FINAL_NO_MEMORY_V1,certified,PASS,,,73f3a7cee82518175809b3d6526d86f3c867cdf235379281c1e901dea398de45,4557c413d3157b196360f951cbc1ec11c39a99f1e87374cebd71fc4c38f1f250,0.5,0.8,19137905.85543848,4.0,1.0,1.0,1.0,1.0,328730e27236a7f44f87644a1bca824de29b2cfb521a352677ec3d437f8847f2,3,2,2,9d7b6451c37e0775307dc01ee5a435530ae970a49eb991058b2a466ddf18e2b6,P4,1228926930.9048302,1228926930.9048302,0.0,2743514.170740227,0.0,2743514.170740227,h09,5,Katrina,1226183416.73409,16394391.68469825,1209789025.0493917,1756098789.4586277,125858554.60575874,1.0,0.0,0.0,NONE,False,False,0.0,10400000.0,0.0,0.0,NONE,False,False,0.0,9557344.06438629,0.0,372179340.18546396,R0,False,True,125858554.60575874,1736141445.3942413,2c2b56be77c267d17f8f313f2764cc72438d5f8cc6d454f310ee4194a008d047
E2A_CRACKERS_A080,LA-0524,524,3c3d93c2bc8f6e7d3b518ca19430267ac14815825171d4d23d0a904ab234aa1c,M2,A1_FINAL_NO_MEMORY_V1,certified,PASS,,,16a9d53d5ca2b3ae9c978c37db67247040947e1e18a87ac411b989b0209cbfb5,0153fb9e72bd889698e6a948963ae751a79d769e99e670400f893c0e72c2ef55,0.5,0.8,19137905.85543848,4.0,1.0,1.0,1.0,1.0,807b8a8b0811e87a7358a20503784265d7b048750fb571bebfa1b0fe65fa5b31,3,2,2,0a02c867b7253b33b3ebfc7c66041519ae84493fda4e1e99deb54475d6a7fb66,P4,1191052620.5660477,1191052620.5660477,0.0,2738689.268938575,0.0,2738689.268938575,h09,5,Katrina,1188313931.2971091,16399216.586499901,1171914714.7106092,1716542818.6445475,165414525.41983885,1.0,0.0,14059704.215764001,R0,False,True,10400000.0,0.0,0.0,0.0,NONE,False,False,0.0,9557344.06438629,0.0,209563305.43749657,R0,False,True,155014525.41983885,1706985474.580161,415f70f97a751c3bc9b22433a6fa583a6426207e9a616535509e2152421b8876
E2A_CRACKERS_A080,LA-0525,525,83af71f8ba5ee33ca66c978cd2649cf74ae3bce9b598a5f4db626a4d7733bd9d,M2,A1_FINAL_NO_MEMORY_V1,certified,PASS,,,70e3f562f5718c4ed01f0d8b09e212a22d8110fa56fada120fd7f06cc539c554,309c60e037894031631949bc0df294138fc58803ccf3efb187106825287a6505,0.5,0.8,19137905.85543848,4.0,1.0,1.0,1.0,1.0,06469d8c64ca80e624629b0047b7f9fc591d76937cd7797bb98beba6db99ca96,3,2,2,2f5b74956ff0a8d39c67cca2218fd37ee24a3cdac76001dcd15036231b45c3a6,P4,1178808246.750184,1178808246.750184,0.0,4911327.111832061,0.0,4911327.111832061,h09,5,Katrina,1173896919.638352,14226578.743606418,1159670340.8947456,1880209346.4518313,1747997.6125548452,1.0,0.0,0.0,NONE,False,False,0.0,10400000.0,0.0,3165565.750312587,R0,False,True,1747997.6125548452,7809346.451831444,0.0,0.0,NONE,False,False,0.0,1862000000.0,90dc596351120c56d02d751bcc9651aa6cb9e4dcaea35464bdc5801ad08f6555
E2A_CRACKERS_A080,LA-0526,526,29243bf437f140fdbfe523bc861322ac1c7619b38c771048583e252d065b0011,M2,A1_FINAL_NO_MEMORY_V1,certified,PASS,,,4f8b1d365a2612696f6619d19a8db4dbd7eb0d430713346cc8997e1a4c263f08,13a452dc2c541177a6f39de4ac5cb9c824acd0308b85d224bea3b0e801346bc5,0.5,0.8,19137905.85543848,4.0,1.0,1.0,1.0,1.0,a004d12898f8ec39172c24466d12c6691dd5a2079029df8d10c291acaf2c5203,3,2,2,5f492fa3163e9316e6ddd15e0be19422067e6b968542df2c5c6273e109215878,P4,1220458087.76437,1220458087.76437,0.0,5445793.3204137655,3946990.831542112,9392784.151955876,h09,5,Katrina,1211065303.6124141,9745121.703482602,1201320181.9089315,1880957583.0322816,999761.0321045375,1.0,0.0,0.0,NONE,False,False,0.0,10400000.0,0.0,1075544.3018919674,R2,False,True,999761.0321045375,8557583.032281753,0.0,0.0,NONE,False,False,0.0,1862000000.0,4f60083bea77d6f03d787548922a90cef67279b27128acbec69a4d2c34896e4b
E2A_CRACKERS_A080,LA-0527,527,59a4486b0eeb705c15e29f7b2ada095461350d05bb79bd6d20a01371d67cf833,M2,A1_FINAL_NO_MEMORY_V1,certified,PASS,,,ec9369d96f9fd3e206bd4b8b6adbce4ca335cd38bdec4534eaf7a1eb06bb4d39,5343064652907c27f21151dc6fad0625ad4da7c2c410ae06d5ce259a5e70fca2,0.5,0.8,19137905.85543848,4.0,1.0,1.0,1.0,1.0,0dc612f7356bdc2015811f6cc68020dc8c017314b012da55055514d79208d33a,3,2,2,2e17bb028c5138ab6e454b1867d1155b89f62e630f184bcfdc2ec1f9cd6832b1,P4,1229422634.3147156,1229422634.3147156,0.0,7637478.068656449,890102.9615263585,8527581.030182809,h09,5,Katrina,1220895053.2845328,10610324.82525567,1210284728.4592772,1757421088.353969,124536255.71041737,1.0,0.0,0.0,NONE,False,False,0.0,10400000.0,0.0,0.0,NONE,False,False,0.0,9557344.06438629,0.0,216212047.1430248,R1,False,True,124536255.71041737,1737463744.2895827,b5b6807cf3fc92ef3ca733c1347aea141b25a6c045ac3c5996e4f5700ffae2d0
E2A_CRACKERS_A080,LA-0528,528,6be2fb705b657f16b0d243c4d71dd16622e5b8779b782f6910b99be278e7ef27,M2,A1_FINAL_NO_MEMORY_V1,certified,PASS,,,60d3b1eb3b31c986c600b81f3e85d21aae1f2d3a981f6b0fce4c57011729d4de,4c18d8b2b20dc47b592192189b9a8eb6b4e1be5e031e89593f8a6b3e7a6891e4,0.5,0.8,19137905.85543848,4.0,1.0,1.0,1.0,1.0,c4b1523d0e9e0ac9dab2bcb66e484aa31ce6a80e42d4a94f9e3e5098fc573e37,7,2,2,7040eb27343c887eccbca2588f48432959c406563131dbedfbde398a7a384b79,P1,1221788872.962194,1221788872.962194,19137905.85543844,0.0,0.0,19137905.85543844,h09,5,Katrina,1202650967.1067555,0.0,1202650967.1067555,1871065543.3872297,0.0,0.999999999999998,14395773.838575201,0.0,NONE,True,False,0.0,0.0,680754.9348080802,0.0,NONE,True,False,0.0,9065543.387229726,0.0,0.0,NONE,False,False,0.0,1862000000.0,a30d8ae7919fcd4f51df78b105376b6207fc9edf950b9a0e21b953c08e8b6018
E2A_CRACKERS_A080,LA-0529,529,dc86ebb90df2923f220cd9907884ebf15719f985892970696dab4758aaa4c2ed,M2,A1_FINAL_NO_MEMORY_V1,certified,PASS,,,610e8fbb1489491d535ef3148609db71919f89f53d8349083169c65b2369aaa8,040bd079890b4fd5a8ac49a82de8ebfbc7ac47de7698bbeffda490c6f2c82713,0.5,0.8,19137905.85543848,4.0,1.0,1.0,1.0,1.0,4e038b7d1d6413b04755f6e43304d358244a99dd60d24af0e6d53c05157a5e7e,3,2,2,984ffbfffa0e6d18d95f1e0bf50f91347f41d0e6d4709ac8f104e49f0c011b0a,P4,1221884529.2100956,1221884529.2100956,0.0,2091799.9097930363,0.0,2091799.9097930363,h09,5,Katrina,1219792729.3003025,17046105.94564544,1202746623.3546572,1880983208.9565008,974135.1078855497,1.0,0.0,0.0,NONE,False,False,0.0,10400000.0,0.0,1447253.055972397,R0,False,True,974135.1078855497,8583208.95650074,0.0,0.0,NONE,False,False,0.0,1862000000.0,f193dd1ae055934acc3c1e999c72a7b7bf26440d756aaa7c11b42601f54a0289
E2A_CRACKERS_A080,LA-0530,530,caea929a1b1cec4e2cdb37bf6e7d252442a92cb1665b7ab64349eeb4f9ea1bd8,M2,A1_FINAL_NO_MEMORY_V1,certified,PASS,,,79f3e655d1a22c0fbc7a44fbccf2140bc5437e38505b384cce668469b38dd8b4,03f693895f76dc4e2ee88a82f281d53aa53b6e90c3b00a6677d38039e47588f2,0.5,0.8,19137905.85543848,4.0,1.0,1.0,1.0,1.0,1fe9a23ab08606e17f91197f1f8b81a847cbf7665ad47c4591cbe4e46d3ee06b,3,2,2,b0fcc10dbe4713ff59d9b25cb7fad71cf104247a816a59706aa085e4e2fddc62,P4,1229702898.5431273,1229702898.5431273,0.0,3853478.8064091215,0.0,3853478.8064091215,h09,5,Katrina,1225849419.7367182,15284427.049029356,1210564992.6876888,1881123665.4334524,833678.63093399,1.0,0.0,0.0,NONE,False,False,0.0,10400000.0,0.0,981214.2491007929,R0,False,True,833678.63093399,8723665.433452299,0.0,0.0,NONE,False,False,0.0,1862000000.0,5fbd10abc0416464fbbf090d1c38a6aaf9f5538250df85f8ae329fc292caad3a
E2A_CRACKERS_A080,LA-0531,531,473e5acbfdcf84b5f69ef19f52c6a51a7575b57b7da58d61a4f2e44ff0f89498,M2,A1_FINAL_NO_MEMORY_V1,certified,PASS,,,feb50fd97711e5777acb8c84615fb9aa9cf1fc13b25807f18f65c1c06e52fc76,c86fe526b39145772436ba9cbc49161272ea6aad3851c14561b39427d7cfa018,0.5,0.8,19137905.85543848,4.0,1.0,1.0,1.0,1.0,c2398b92f7e3f848b6802658353bb4a6100eaf0651ebbdf3a321e9a145cd9419,3,2,2,013b9bc30675cf4c717795048fa53b95546cc2608daa37df2bddf0f71458e8b8,P4,1222391219.0918128,1222391219.0918128,0.0,3730926.9973134813,0.0,3730926.9973134813,h09,5,Katrina,1218660292.0944993,15406978.858124994,1203253313.2363744,1738664645.6979117,143292698.36647457,0.9999999999999998,0.0,0.0,NONE,False,False,0.0,10400000.0,0.0,0.0,NONE,False,False,0.0,9557344.06438629,0.0,187141551.671161,R0,False,True,143292698.36647457,1718707301.6335254,70f85bb9752fd6c171bdb68e6e83fcbe196dda4b6cb351f61fe9e536960ed864
E2A_CRACKERS_A080,LA-0532,532,f40a0936f32d675b802a80ed0adbf53e95be1c900369f26453f2a739eaffd919,M2,A1_FINAL_NO_MEMORY_V1,certified,PASS,,,a91b498c475ce92cae09fe1ce8ce4ac8180899558d39355d2122332100e79aa2,ff599bbdcbbc90f1f3d5ac20e8fba736a9c763c9e573de14880ba42fbce7e5e3,0.5,0.8,19137905.85543848,4.0,1.0,1.0,1.0,1.0,824110af6e1aa66d7aeabb81e1607e054cc74f7b1f16e6ffa4c74dfc6921bad7,3,2,2,747ef5080f3fc99b2c294d18b79f3a04029c1c14fbfd8ca929ce2bdd46193cb9,P4,1228246586.442299,1228246586.442299,0.0,8457266.64285672,0.0,8457266.64285672,h09,5,Katrina,1219789319.799442,10680639.212581757,1209108680.5868602,1754283956.812097,127673387.25228925,1.0,0.0,0.0,NONE,False,False,0.0,10400000.0,0.0,0.0,NONE,False,False,0.0,9557344.06438629,0.0,269744701.33456844,R0,False,True,127673387.25228925,1734326612.7477107,d1b6419b8a4bd8de202db8758bfefd2d3d6399572aca09d3ae6171f9777bbd96
E2A_CRACKERS_A080,LA-0533,533,6ca967e577c08c83aa85910faabff8682b506254c8a58ca858dc31caee4fca12,M2,A1_FINAL_NO_MEMORY_V1,certified,PASS,,,1528cc580517c1c1470d581fd2694b58440a9b2dbafb4a63fcf557b41e45c037,bc0731f333db6e66d8263ceff1d1c1a73717286789a534bcb12aee6a0e9aad25,0.5,0.8,19137905.85543848,4.0,1.0,1.0,1.0,1.0,c618f212a6f8f959cc66ea9878aa3350fbdb785bcb09298b040c53654b9be08e,3,2,2,a63b6eb1d93ad90f97187134caf0895fa16c40e834bea49d24e56a747382016e,P4,1216676542.3493161,1216676542.3493161,0.0,2078581.959340477,0.0,2078581.959340477,h09,5,Katrina,1214597960.3899755,17059323.896098003,1197538636.4938776,1880889647.8243368,1067696.2400495994,1.0,0.0,0.0,NONE,False,False,0.0,10400000.0,0.0,1291301.523841354,R0,False,True,1067696.2400495994,8489647.82433669,0.0,0.0,NONE,False,False,0.0,1862000000.0,9bfe0337eadbdfdfbadd40041865dbbca87e17daac2a54d21186981c2bf3d0bb
E2A_CRACKERS_A080,LA-0534,534,76613688246fc21bd3cc4da9ace6e6631a784ba3b2caea1552cebedc2b08edfe,M2,A1_FINAL_NO_MEMORY_V1,certified,PASS,,,22588b4bb563bf94429a4c27c713675fda5b9030f5be65c239348dba03e4eee2,7b1d0d02e5ae8983e531a922f050c936b9402af142a6cec304c7e5f7512d34dd,0.5,0.8,19137905.85543848,4.0,1.0,1.0,1.0,1.0,4232ead71d1c2a8d99e1040aebeffcc9def7eed1f7616a71711a7fad10d7d97e,3,2,2,8dc6a81e00a32312d8c31b791d9a31bb4df31cd8dcef34a84a032cd1cf39ad40,P4,1211326987.3463883,1211326987.3463883,0.0,1081775.8165567832,0.0,1081775.8165567832,h09,5,Katrina,1210245211.5298316,18056130.038881697,1192189081.4909499,1709150583.2101164,172806760.85426998,1.0,0.0,0.0,NONE,False,False,0.0,10400000.0,0.0,0.0,NONE,False,False,0.0,9557344.06438629,0.0,220976382.0362221,R0,False,True,172806760.85426998,1689193239.14573,2cf42a9c35df5e5568c7ed945ef3a9b2a01fd2cb1a375e1b10197e0f40a44dea
E2A_CRACKERS_A080,LA-0535,535,356e2e799ef138457c0ccda7b657de651f2ba16d9571fa79c0f713a04c306599,M2,A1_FINAL_NO_MEMORY_V1,certified,PASS,,,25e38838c66e774ff2b1438eaae056326b5bcd4caa707613a4d57a9dc9c6a61a,4b8a47c5359b037bfe421539493276a09ffffc8a5f3794ffac8c064292181c82,0.5,0.8,19137905.85543848,4.0,1.0,1.0,1.0,1.0,cb08178b081d224dbbc7a88648f4bb26ba1cdb27d94f0f4e066569bd092e1832,3,2,2,a8ed31a022297e7e583b0ebb3cf99180778d1ea866eed770cb26306c9676163d,P4,1221524298.0855188,1221524298.0855188,0.0,2334537.3993829796,0.0,2334537.3993829796,h09,5,Katrina,1219189760.6861358,16803368.456055496,1202386392.2300804,1880976737.4286807,980606.6357056292,0.9999999999999998,0.0,0.0,NONE,False,False,0.0,10400000.0,0.0,1556903.7921503466,R0,False,True,980606.6357056292,8576737.42868066,0.0,0.0,NONE,False,False,0.0,1862000000.0,21077f9aa8cc44a551ec278487292bf5985404be88a37c7bc356ecd9d5765ece
E2A_CRACKERS_A080,LA-0536,536,88e5f0191710c9ddf4690630ac0c81e710bcf8811d1e5c7537b630c417ca0d6f,M2,A1_FINAL_NO_MEMORY_V1,certified,PASS,,,b0b194c7dbec543347db905d709f3212dd7322d17ca613954f8a977ed0464130,a2e67e8ca5e92b918d4c9486ee80e3c9c8fca864689f5c2c855015d65a09b7ae,0.5,0.8,19137905.85543848,4.0,1.0,1.0,1.0,1.0,a424ae331d0377f59e208cd6ae678fd9998be0707b6d7a6ad512266654f2cd7d,3,2,2,808d70468567c05bb01f6bfd4635f76dc5431ffe8aab53e394627b4f700f411c,P4,1214531049.897401,1214531049.897401,0.0,8378477.487930104,0.0,8378477.487930104,h09,5,Katrina,1206152572.409471,10759428.367508374,1195393144.0419626,1779172004.8677478,102785339.1966387,1.0,0.0,28042777.590996318,R0,False,True,10400000.0,0.0,0.0,0.0,NONE,False,False,0.0,9557344.06438629,0.0,249109761.5153936,R0,False,True,92385339.1966387,1769614660.8033614,cfc455bf4ad9a59d4741dac10e49e16eb190118655b1b878dff662e5496132a7
E2A_CRACKERS_A080,LA-0537,537,8cc3f0d9b6151900abab4598bd88273e02d9ec429f1852718dda2b1fe78019b9,M2,A1_FINAL_NO_MEMORY_V1,certified,PASS,,,8ec9ad020158ba61f3fb457ae102dd675de545c86c41f374926e8047d3bd132c,1cc6606d6191a800354fc88f7c280d0bc279cd02c433d1372c3f8b396abe6f47,0.5,0.8,19137905.85543848,4.0,1.0,1.0,1.0,1.0,e63afb1d5b3500b6268270a014acff0fad23a93a7951e73878ad876bd5826d59,6,2,2,afc7f27b6cc5f4f24a94009eb6e8ec0e58601da96ae2c0b18ff8a1e4b0c9a18f,P1,1226390248.0939023,1226390248.0939023,19137905.85543848,0.0,0.0,19137905.85543848,h09,5,Katrina,1207252342.2384639,0.0,1207252342.2384639,1871148206.7806566,0.0,1.0,15753603.104275709,0.0,NONE,True,False,0.0,0.0,619748.6906769631,0.0,NONE,True,False,0.0,9148206.78065651,0.0,0.0,NONE,False,False,0.0,1862000000.0,03e3b1a0beff00c4fe8f389273cbfd9c76e73701aa22c384dfa120c66af3dea4
E2A_CRACKERS_A080,LA-0538,538,bb258092ace55c12f6803dbf9c2e9f9ca7929da87dfb0a40296ec047254940f3,M2,A1_FINAL_NO_MEMORY_V1,oracle_failure,FAIL,oracle_failure,Full exact certification was incomplete,acee14475ecb8953bdb4c2cefd03d2c378e6e1923287af4de5ee2ad24fcb2235,0404ec60f7b2e6c2986199568be09fc3f5170a297bcb9fd7de2febcc5ee80ec3,0.5,0.8,19137905.85543848,4.0,1.0,1.0,1.0,1.0,5b4a783b89ddb91d2c08e76fbca4b5cf02818a36f5407165cb3cbfe0e3becf30,3,2,1,,,,,,,,,,,,,,,,,,,,,,,,,,,,,,,,,,,,,,,c87f1c5f49f650580121e4a6257c9b32ca5c469e26542d952f99edb3037a777f
E2A_CRACKERS_A080,LA-0539,539,38b363b234a7c060faae0441c55f6a3fd6b9eab446463cb665ae20148e7cb7b9,M2,A1_FINAL_NO_MEMORY_V1,certified,PASS,,,0db36061afaf684e76d8ccf93ad49a788daf6145a3ba0c3f23ea7ac608bf3791,f4c2756d6f900985667d7979ffaac2cabdcca1239db0515ca19e3e7198ca8b6a,0.5,0.8,19137905.85543848,4.0,1.0,1.0,1.0,1.0,55d23c58bf5fe2433cdf23774adf81ead629711e5cd480e091cc64addf6d5742,3,2,2,36c8ff369d6255ace27748aa604317508f5fd1500a283c1ff40001d0dae4cba5,P4,1221453232.7320273,1221453232.7320273,0.0,1998118.0619060283,0.0,1998118.0619060283,h09,5,Katrina,1219455114.6701212,17139787.79353245,1202315326.8765888,1736162548.0672412,145794795.99714518,1.0,0.0,0.0,NONE,False,False,0.0,10400000.0,0.0,0.0,NONE,False,False,0.0,9557344.06438629,0.0,179820765.82621947,R0,False,True,145794795.99714518,1716205204.0028548,fec7d46ab2d484c539b5629b49fe9cf3fd41e5e16ee43885632d5a2c3e0b4b40
E2A_CRACKERS_A080,LA-0540,540,d39404d9be341d8913169521cd3183913ef2c5028e15ab06c6acb7af66a6d5d1,M2,A1_FINAL_NO_MEMORY_V1,certified,PASS,,,02ab358a81c04526f0ff696a5b0d2fdfe9e6a50d7af4d87793085add21af7c8d,105d44c268c84215bfc13569a80e6d780e85dca0cff7b4dee0c7c453b0107a08,0.5,0.8,19137905.85543848,4.0,1.0,1.0,1.0,1.0,c52469661989b9d77cb7d1a13e552b0df0a477a25758c710bd2ac195939f7c22,3,2,2,d4e4cfdb381a5bb7265a5d0e281b554f2e32287b02179f43053f24c42fccdc7f,P4,1197941926.3758304,1197941926.3758304,0.0,435359.5082504981,0.0,435359.5082504981,h09,5,Katrina,1197506566.86758,18702546.34718798,1178804020.520392,1870637134.6026227,11320209.461763553,1.0,0.0,14316893.672690282,R0,False,True,10400000.0,0.0,0.0,1266782.7904492635,R0,False,True,920209.4617635529,8637134.602622736,0.0,0.0,NONE,False,False,0.0,1862000000.0,1171c2988b1ebe9c3633c5769a62e8cb82f18a5387ebe73338a9b4a4551139b2
E2A_CRACKERS_A080,LA-0541,541,04d1b35d27b3ba8780541d7818178d4a2540ba3ca7eba219c7d74b1f4a8ae6fe,M2,A1_FINAL_NO_MEMORY_V1,oracle_failure,FAIL,oracle_failure,Full exact certification was incomplete,2542a3fcf3eebd402dee0914d81766fe496a562dbda8115f9c9d72e5e9550a23,f8fb73fc9bc18f031e6c0f191467fb918736fef68598ebc839f531e774ef8aa6,0.5,0.8,19137905.85543848,4.0,1.0,1.0,1.0,1.0,3ad57a0fd1de071e33f8e24a2ccb7288175644f4ccd8ef1c45ef15d9aecad77f,3,2,1,,,,,,,,,,,,,,,,,,,,,,,,,,,,,,,,,,,,,,,2aec35c5646816a673d9781f31ff390fc4ac11befd4997bf5763edb1dae1253d
E2A_CRACKERS_A080,LA-0542,542,1161156c87dae282dae299a2132a74d24ca7475441323130948534e24801c96d,M2,A1_FINAL_NO_MEMORY_V1,certified,PASS,,,94499a425a088e37b1426c5c2a8f248ae9cd5549ed64394aa34d592f1ec917e1,f2da10c5fc79d085cebcfe519fb0fbf917593f835a0f113532020cf08d44b5db,0.5,0.8,19137905.85543848,4.0,1.0,1.0,1.0,1.0,9442809c9609e990e6e374511ed5c6ded66fd5a0bd73bd36e09f2af463cba0de,7,2,2,b883bec618fd5674a2b8fe80eb23d6e5fafb8a5d9dd9b06f38de96b0a77c78a1,P1,1224031781.2451756,1224031781.2451756,19137905.85543848,0.0,0.0,19137905.85543848,h09,5,Katrina,1204893875.3897371,0.0,1204893875.3897371,1871105837.0830293,0.0,1.0,15027115.977500651,0.0,NONE,True,False,0.0,0.0,652389.2089907953,0.0,NONE,True,False,0.0,9105837.083029196,0.0,0.0,NONE,False,False,0.0,1862000000.0,3a76740abcad5ba865c488c18f4ac6b3c2c2a7e3b23ed62f9a12a6d12b080ed8
E2A_CRACKERS_A080,LA-0543,543,49ae5ffd9b1cc91bfadb4a63a8ac1bc24b994d461a180f23699e0c05d21d97a4,M2,A1_FINAL_NO_MEMORY_V1,certified,PASS,,,cce3c2351578b4369377de043b6a85a22bf1f71539d5f317d50dfe616740028a,5da85c2cbde69eb2978385ee0e658109257aa1e4f89f0912ee512734e4e83608,0.5,0.8,19137905.85543848,4.0,1.0,1.0,1.0,1.0,6d87a09edf8f74a21cf0506802ea8a095c32d0b513adb42bf56595332287f025,3,2,2,8df56a0b404ea829fe52c5c69746e2c7458bac8372d778ee85c9a89e98d022fc,P4,1220502332.7591116,1220502332.7591116,0.0,6385013.347701833,0.0,6385013.347701833,h09,5,Katrina,1214117319.4114099,12752892.507736644,1201364426.9036732,1733626003.111747,148331340.95263943,1.0,0.0,0.0,NONE,False,False,0.0,10400000.0,0.0,0.0,NONE,False,False,0.0,9557344.06438629,0.0,312703500.7056756,R0,False,True,148331340.95263943,1713668659.0473607,28fe482396ff81e41915fe626b67c208e0fd0fa9d0b12e3a8ca9d38e9d98d902
E2A_CRACKERS_A080,LA-0544,544,bf58ef60c709440bbba27f7294b4dfd1d5b7f3b597edd87f84a2868b0309de03,M2,A1_FINAL_NO_MEMORY_V1,certified,PASS,,,4aaf7bb708b5ffb5436f99432426f553c174b6066fad8b0a5a94476445607e99,86766ccde0b0ac2b4ba709b5f1dbc55e0a66b07b0481b1d251dc2fb37f72a8fb,0.5,0.8,19137905.85543848,4.0,1.0,1.0,1.0,1.0,f1523903159808335f5e2bcabb841affb7e634137ed0d6767026e305dea47e3e,3,2,2,80466a58d34b844300ffc416fbe42ffea60fe0a0e3cdbf81fc2c572f7b10a9f0,P4,1216888101.6315682,1216888101.6315682,0.0,8352438.415366889,1011317.4042718201,9363755.819638709,h09,5,Katrina,1207524345.8119295,9774150.035799768,1197750195.7761297,1880893448.4725518,1063895.5918343759,1.0,0.0,0.0,NONE,False,False,0.0,10400000.0,0.0,1293014.1874779249,R1,False,True,1063895.5918343759,8493448.472551914,0.0,0.0,NONE,False,False,0.0,1862000000.0,e5f6a3c5f591e8a10879cec87c93a8009deee0dcbf80caeb2ef5ab8bf77f3815
E2A_CRACKERS_A080,LA-0545,545,9e4fbefe12a971359fbd81cd4bf78d092843a092459723b486a5514c0ceac702,M2,A1_FINAL_NO_MEMORY_V1,oracle_failure,FAIL,oracle_failure,Full exact certification was incomplete,1ec2045f347c2c6f9a5e6aefa45d32687487d94d0b0da29e028cd42c34366620,c327176b05186ff937b1d7ad5e43abf00d404a56b71d0cebaae90a150ef95413,0.5,0.8,19137905.85543848,4.0,1.0,1.0,1.0,1.0,132246b368f0b84e9c4442cfadad47c28fe6644da5afc22874c06da1c8ec5acd,3,2,1,,,,,,,,,,,,,,,,,,,,,,,,,,,,,,,,,,,,,,,7269a815af52a98556712d9cbcb96dbec7bfce932999b02893ae4208685ac09c
E2A_CRACKERS_A080,LA-0546,546,af81dbea29f68ba003ff59d5a30ff9905f9ae3c4cc7f920b8352938ecd0e6490,M2,A1_FINAL_NO_MEMORY_V1,certified,PASS,,,bc409fea34690f94a604870eda134f7d090f3970e790568849142f5f1f136220,f0e24d2903d6f3d1714b7869f47ac4e4c361a366514f9bd7ff86dcb4b0d0a509,0.5,0.8,19137905.85543848,4.0,1.0,1.0,1.0,1.0,0664ffc62db148be1956f60809940ded3f2af4aa2170ade5d1dae2b770bce8cf,3,2,2,4145d405b34d6366d3316e6b0c3487034a4f186b45d98d1b154720b407f3b842,P4,1230628951.9814641,1230628951.9814641,0.0,6834229.415072027,0.0,6834229.415072027,h09,5,Katrina,1223794722.5663922,12303676.44036645,1211491046.1260257,1760638965.1858847,121318378.87850168,1.0,0.0,0.0,NONE,False,False,0.0,10400000.0,0.0,0.0,NONE,False,False,0.0,9557344.06438629,0.0,149355567.23196644,R0,False,True,121318378.87850168,1740681621.1214983,c445dccfe770c2f138adb3d263d251ea567f8fc97c0be3620d10dd298c55207a
E2A_CRACKERS_A080,LA-0547,547,86baa67558c8129b76e7f735ff26155cf25cfea4be5c34b2d241bb95b8f253af,M2,A1_FINAL_NO_MEMORY_V1,certified,PASS,,,e1095d93e2eed9dcdcc1797cef1d7eb08a27181745a2d24b8e84978980297693,7b253bbaa420dff4714ef252e50740cea60754bdbc3cbc067bf03a66de96b04a,0.5,0.8,19137905.85543848,4.0,1.0,1.0,1.0,1.0,5eb63aebc2a150a01d4ba617efe17b8f5891b75427ec2e520326d48a9d5a3eba,3,2,2,12107a64ca1fff1aa2e60792577d73c0d7c878393db02121dd0ef9463e88624d,P4,1231090457.0838327,1231090457.0838327,0.0,3484160.2823229753,0.0,3484160.2823229753,h09,5,Katrina,1227606296.8015099,15653745.573115502,1211952551.2283943,1761870039.402617,120087304.6617693,1.0,0.0,0.0,NONE,False,False,0.0,10400000.0,0.0,0.0,NONE,False,False,0.0,9557344.06438629,0.0,385861282.9835397,R0,False,True,120087304.6617693,1741912695.3382306,8dc7fc123cfff3e7d5fbc36a06da474a2508c68f42d4471280c506b8da4848d3
E2A_CRACKERS_A080,LA-0548,548,81e95ae6d6860441be87a1bfea512cd27d07b2def54215479eaa35fc63c9e114,M2,A1_FINAL_NO_MEMORY_V1,certified,PASS,,,b8a60f75d26cf443281df1d8a0246e732d4a4aa790518d678e6bb0269569701e,98f80295d5db73d981e6fed0162935428910318a59acb9efe354014379aa793f,0.5,0.8,19137905.85543848,4.0,1.0,1.0,1.0,1.0,8af4c5b93dfaf9886003c6dbc1bff5e8628d9e078a1d0980dd981860deaa3b27,3,2,2,45dfff26d38aeabc894c4b1397adfb4d42a9023d26f7f769ede40c7841b14e6d,P4,1202335619.5497198,1202335619.5497198,0.0,5378050.672296977,0.0,5378050.672296977,h09,5,Katrina,1196957568.8774228,13759855.183141502,1183197713.6942813,1685165927.3291185,196791416.73526782,1.0,0.0,0.0,NONE,False,False,0.0,10400000.0,0.0,0.0,NONE,False,False,0.0,9557344.06438629,0.0,245539478.96300733,R0,False,True,196791416.73526782,1665208583.2647321,c5f260dba758687272068ee4ea4a31e0cc2cbf81e690443596e5344bf57b64c2
E2A_CRACKERS_A080,LA-0549,549,9d9d2add973e40e786e1954d21bd7c9b75e57b0da7abe54e042abd240cd7f6fe,M2,A1_FINAL_NO_MEMORY_V1,certified,PASS,,,d9823d91f9e1813fe4546d49d2a3cfd20c8e0ada68aba8cba9690d5023d41f8d,7d36e79cafa7e32d70638b72554dabb643f9ed0c436d66950633e760bdd0c5cf,0.5,0.8,19137905.85543848,4.0,1.0,1.0,1.0,1.0,54a23d5a11f5806665f561daf6b87ae3ab38fa4705b2ba622c66ebfb7c2fd897,3,2,2,ec4fa7fe7bafa6ec68e213169c76041662ccd0dafe30c8a67a86d5536079937b,P2,1233076122.6625445,1233076122.6625445,11901633.806597605,2679564.2807359393,0.0,14581198.087333545,h09,5,Katrina,1218494924.575211,4556707.768104933,1213938216.807106,1828641362.435886,42915981.62850034,1.0,18375225.886363447,0.0,NONE,True,False,0.0,0.0,0.0,0.0,NONE,False,False,0.0,9557344.06438629,0.0,92211203.674794,R0,False,True,42915981.62850034,1819084018.3714995,652dcd0226984630d1ab23a109bcc4eafaeec80806f8323b8489259de85551b6
E2A_CRACKERS_A080,LA-0550,550,6e404a09dfbe7b1ffe1354cc5eeced564af5fc43b47d3098a0f3f3b089ddba66,M2,A1_FINAL_NO_MEMORY_V1,certified,PASS,,,99901b41ae1521d56620b5040147abff5b6d5153158bd5173cb8d6b03a264fd0,bee425b5e18ca0c09b764132d92ea75e546443f5a721ad997d3ebf601dddf85f,0.5,0.8,19137905.85543848,4.0,1.0,1.0,1.0,1.0,65898e2edda0bd8ad4ffd58c59e1af873dcad35601e93291c3a46ef002c714f5,3,2,2,cc95f36f7db78ea71d141afbec224a0e818370a8875a913d481ea1122fe728cc,P2,1219730713.2062037,1219730713.2062037,9112316.536414862,4609312.457845441,0.0,13721628.994260304,h09,5,Katrina,1206009084.2119434,5416276.861178174,1200592807.3507652,1793042212.1575546,78515131.90683183,1.0,14068730.17819185,0.0,NONE,True,False,0.0,0.0,0.0,0.0,NONE,False,False,0.0,9557344.06438629,0.0,103434819.15333809,R0,False,True,78515131.90683183,1783484868.0931683,38c24f3579549a5a333976d6156fade92711ad30a2b28cc78918e6b1b96c9280
E2A_CRACKERS_A080,LA-0551,551,5ca97503917f9093c7238ab30aee0d41be12643096ecf92a5499c1417a0299ab,M2,A1_FINAL_NO_MEMORY_V1,certified,PASS,,,766d7eef3861cafdb18ec28e59c31309cb5a11aeabe476e0b30424a5941769dd,81947c446a2c46afa5c03835308e3c82ea3cfcbedd8cc8950356aabdcf07b7a1,0.5,0.8,19137905.85543848,4.0,1.0,1.0,1.0,1.0,6fdfa860a16942ba559ddad54e8d944b2354b7c4816eb46bfeca5e132f656731,7,2,2,bf0aaad22ff1d57797dea3059a5467e8efece106c60e0e85eb25807e4aa9077a,P1,1222414252.4050152,1222414252.4050152,19137905.85543848,0.0,0.0,19137905.85543848,h09,5,Katrina,1203276346.5495768,0.0,1203276346.5495768,1871076778.286677,0.0,1.0,14566411.066467902,0.0,NONE,True,False,0.0,0.0,673088.3329416771,0.0,NONE,True,False,0.0,9076778.286676787,0.0,0.0,NONE,False,False,0.0,1862000000.0,02074e686804558d43077f4792b9928986a2a964753d8b66f97796972076e139
E2A_CRACKERS_A080,LA-0552,552,198ec1ddcb3db0a71ccca302703ea0be69a7ec5c7587fffba5c006c6d15c23ec,M2,A1_FINAL_NO_MEMORY_V1,certified,PASS,,,db6f86c360d1d28a7c9c1d04eff9f8da584857db243e31de740456cfe74f15f3,5baf082adc871baff03c4d7413f65ee6109fbee2ee0ac628c495f0fa094bf29a,0.5,0.8,19137905.85543848,4.0,1.0,1.0,1.0,1.0,d87d66c0dcd7e0af5c087d5abea8421b97f9a81745a4136902309f81e30cc7f1,3,2,2,02b63c820ed66a7eb30ef3a1ce345e31f6482051bf60d46b9749bec234de520a,P4,1181201917.9883482,1181201917.9883482,0.0,5460653.61703109,0.0,5460653.61703109,h09,5,Katrina,1175741264.3713171,13677252.238407388,1162064012.1329098,1690265869.8137226,191691474.25066385,1.0,0.0,18410610.383740384,R0,False,True,10400000.0,0.0,0.0,0.0,NONE,False,False,0.0,9557344.06438629,0.0,320931413.3002764,R0,False,True,181291474.25066385,1680708525.7493362,885c59b000119b7d87757723f34515be732ef758b0f2583709c99ecdf99be69d
E2A_CRACKERS_A080,LA-0553,553,bd83e8236c9549d262a50a6d63dd7be5a1e957a5b3de52cfb664b9e46694de98,M2,A1_FINAL_NO_MEMORY_V1,certified,PASS,,,0d3fbdb005eed194701325a759bd6dda57675c398c8029e4e3566bfae973a74d,42301d95fa24664660ca406a15827b875d4174e0b1fdd0f8dea83016acd4c4b1,0.5,0.8,19137905.85543848,4.0,1.0,1.0,1.0,1.0,0fbd1dd9606ef06208283a5d153f07af940bf89a5091b3ae429a7dbc28c86244,3,2,2,9d4dfd04f9a9ac939b28cfb51537fb35e2dd4cd41c3f008457f432d074e37233,P4,1227508707.024079,1227508707.024079,0.0,2325011.684229005,0.0,2325011.684229005,h09,5,Katrina,1225183695.3398502,16812894.171209473,1208370801.1686406,1813790168.351204,68167175.71318246,1.0,0.0,16411632.753417315,R0,False,True,10400000.0,0.0,0.0,0.0,NONE,False,False,0.0,9557344.06438629,0.0,91159007.01989217,R0,False,True,57767175.713182464,1804232824.2868176,783aa51136c52f1287b3cc7a908fab921d871f33514ed37d46a1021bd5011a0c
E2A_CRACKERS_A080,LA-0554,554,6c16c5fd59fca7d715b490b54d5aba30bb669d8f1722185bcb0cfdd576e6a780,M2,A1_FINAL_NO_MEMORY_V1,certified,PASS,,,f37f2aa351d5afaa31acf3da08057cd0a5776fe409ebd576b7e207403fef8f4c,020e32ab6442988e21d32c95afeab03962981f14890d12fac174bcf1846f416d,0.5,0.8,19137905.85543848,4.0,1.0,1.0,1.0,1.0,36401c7e3f55639d6b395b20fdef914dc79fc953790713364f91cc4e529969b3,3,2,2,581c6c11852417e0c395b94a0d7b61658185c7f96304638192fa0128c01d81bd,P4,1220383039.7192166,1220383039.7192166,0.0,4741107.333274353,0.0,4741107.333274353,h09,5,Katrina,1215641932.3859422,14396798.522164123,1201245133.863778,1871040287.6879811,10917056.376405224,1.0,0.0,16558785.68152495,R0,False,True,10400000.0,0.0,0.0,823252.4732846154,R0,False,True,517056.37640522415,9040287.687981065,0.0,0.0,NONE,False,False,0.0,1862000000.0,81dacddf4698f86d6513bf7d818795661d128d83fa5e234e05a45a7526116403
E2A_CRACKERS_A080,LA-0555,555,5845f9219dca1f2f1c816dd7c599103b020a9cb0f99d5c6a1bad95d782c8a812,M2,A1_FINAL_NO_MEMORY_V1,certified,PASS,,,75a63e9f8a3be101ba7ac53927492a0eac3046dfc04df3f5bae867f8ad57d3d9,aa8cb82453ba8c5d244d214c0322c3dfc5fa738bc52216c25f10ac24a79ee601,0.5,0.8,19137905.85543848,4.0,1.0,1.0,1.0,1.0,37b2e97c4ea241d0247d04afa9e00467e502a0f376cafdbd12c092ada9fea1ec,3,2,2,49fef7192f9dfe2313ca283bcf298e0e675536a1ba4642e90291f3b038f0e9fc,P4,1207615867.248937,1207615867.248937,0.0,1643146.0648639062,0.0,1643146.0648639062,h09,5,Katrina,1205972721.184073,17494759.790574573,1188477961.3934984,1870810926.2969513,11146417.767434966,1.0,0.0,22294457.47247085,R0,False,True,10400000.0,0.0,0.0,1600094.151228411,R0,False,True,746417.7674349655,8810926.296951324,0.0,0.0,NONE,False,False,0.0,1862000000.0,632fc81cbb9c9c53266a22be3451e2a57c6720664029227ac02dd97565a36b02
E2A_CRACKERS_A080,LA-0556,556,2985d972c1e5dddf81bdae702bddaf1b506ca25a3c8185378f0c085f43122eef,M2,A1_FINAL_NO_MEMORY_V1,certified,PASS,,,8dc31265bdbb949be635d28b44ac2d9708e174bcf6a7d1c847c5a90b83eb4f4c,7079aab09f12e81b41b7392d78348b77c04f822851c29c9f20c4636d0324af6b,0.5,0.8,19137905.85543848,4.0,1.0,1.0,1.0,1.0,02b97a67885ec141c318bcab994af6d8f5fe1bbd862b9bb0918730eb8dcb9692,3,2,2,3c067ab2640833c51f5286e4496492b53a8ea499da76a7b13e326c0682a913ce,P4,1213591314.2267396,1213591314.2267396,0.0,1683924.9194981402,0.0,1683924.9194981402,h09,5,Katrina,1211907389.3072414,17453980.935940333,1194453408.3713012,1870918274.7982771,11039069.266109105,0.9999999999999998,0.0,14538148.920126932,R0,False,True,10400000.0,0.0,0.0,893354.2462471534,R0,False,True,639069.266109105,8918274.798277184,0.0,0.0,NONE,False,False,0.0,1862000000.0,c2d84beb4ed8892efb20fa8e9d52f4020da0d1db7a9b163db27c517dc3099b2e
E2A_CRACKERS_A080,LA-0557,557,d71eeae9cc9159840968944719cfe7c3e5f7d0dde14a196afa443e35bc867766,M2,A1_FINAL_NO_MEMORY_V1,certified,PASS,,,27429853b41ff2e35d9ae08c7d75af57cf26460439f0fef61b685fa97daabe83,597ba82ac76d6aedb8bfcdc4d60c97d61559d1f7d2e4db041d31c77566a182fe,0.5,0.8,19137905.85543848,4.0,1.0,1.0,1.0,1.0,13289aa28ad11a3822b4c40e1d4a900236fbf60028385567de0a992233e21b54,3,2,2,bbabd7cd71af69d4d580de8fc002a5188798546ff034b69d21800f53b339080a,P4,1218050053.1077156,1218050053.1077156,0.0,3232073.339149343,2809301.678825174,6041375.017974516,h09,5,Katrina,1212008678.089741,13096530.83746396,1198912147.2522771,1880914322.8523333,1043021.212053056,1.0,0.0,0.0,NONE,False,False,0.0,10400000.0,0.0,1344175.0078232596,R2,False,True,1043021.212053056,8514322.852333233,0.0,0.0,NONE,False,False,0.0,1862000000.0,64145bcb901ca0e30782296234d8221c55bbc9c1e4743add65c22807e86086f5
E2A_CRACKERS_A080,LA-0558,558,e9a3132902176fce699c64e46a10c17a7b03f29f6a830eb35e2c532b20bf7082,M2,A1_FINAL_NO_MEMORY_V1,certified,PASS,,,d1be1ec12db5611c2bba76d831ce28a6fb4e6a0dd3e4a684135f7abb987bfd50,7f4262961414dcefde8b21f5f448b73d0c7dbe634575ccfefcfa5d67e1e34c22,0.5,0.8,19137905.85543848,4.0,1.0,1.0,1.0,1.0,1d1de56bbf15e1dc23db58b28d3a418f2505ee5c358e41c64a09f39db74b22d7,3,2,2,ff71d958901ec9f4cfeac9ecc797da790cfdb902cb49e92f9dc4385a688cc319,P4,1206653159.4803255,1206653159.4803255,0.0,7647364.824289993,0.0,7647364.824289993,h09,5,Katrina,1199005794.6560354,11490541.031148486,1187515253.624887,1696683052.6241615,185274291.44022486,1.0,0.0,0.0,NONE,False,False,0.0,10400000.0,0.0,0.0,NONE,False,False,0.0,9557344.06438629,0.0,246124100.0243889,R0,False,True,185274291.44022486,1676725708.559775,7b64fdd63c0ceb042b9b7eaad213d6f4061dfa0219af51f833619d65d765ebc4
E2A_CRACKERS_A080,LA-0559,559,38944a37260798b40473266bb6dbfc9ff5d6eb3a9c77f1e4a075d76223cac0af,M2,A1_FINAL_NO_MEMORY_V1,certified,PASS,,,9195c83062c33ecc725a9d27daa310061a19741fb100d0482851d91d2c90fb38,0192d8728aa31d0864321291e5766b8b56b78d5e8255c67c261600dd8fcfa9a9,0.5,0.8,19137905.85543848,4.0,1.0,1.0,1.0,1.0,32a982049574b17df55a308b5a4bab4cada62bfeba487f95cab53e283ae3c58a,3,2,2,e4bb1e8ec8a24088dd065ce42e4be7e964891f198d16c7130701d381e433f8d1,P4,1229310860.416438,1229310860.416438,0.0,2147748.4386335355,0.0,2147748.4386335355,h09,5,Katrina,1227163111.9778047,16990157.416804943,1210172954.5609996,1757122929.2143042,124834414.85008216,1.0,0.0,0.0,NONE,False,False,0.0,10400000.0,0.0,0.0,NONE,False,False,0.0,9557344.06438629,0.0,260804777.03166863,R0,False,True,124834414.85008216,1737165585.1499178,1d9642eaf493a5a0e9526f33c66bde48ea42479264ba393044b458e4267bff71
E2A_CRACKERS_A080,LA-0560,560,3ea1b4ad1a127e4b381d0969551389ac6d5385709173428545ce3edd3d5ac5dc,M2,A1_FINAL_NO_MEMORY_V1,certified,PASS,,,68fac086a228ef014c8b6a8a3f2db0298c4bfb43783e218abecdfaa484da4c1e,0cff822919dc63c63af28d74d71938ae2dbf6e87be34b20cdb2a5d707cf4fa82,0.5,0.8,19137905.85543848,4.0,1.0,1.0,1.0,1.0,39f1805286a0ab2ce8488c250f37f1c380a4211700d418009e499138524ac5c2,3,2,2,f356d2aecb22a2fb63e93dd482dece340e565aeb22cc4032d081a44318293e03,P2,1222409561.6630247,1222409561.6630247,9496738.801413275,2233105.9595548296,0.0,11729844.760968104,h09,5,Katrina,1210679716.9020565,7408061.094470373,1203271655.8075862,1800188094.7248316,71369249.33955471,1.0,14662249.191621544,0.0,NONE,True,False,0.0,0.0,0.0,0.0,NONE,False,False,0.0,9557344.06438629,0.0,184127435.21498755,R0,False,True,71369249.33955471,1790630750.6604452,9c31fe04d9e93528e1e61b334e7b90ca9cf2500bbb98ab6c76950da88dbb6263
E2A_CRACKERS_A080,LA-0561,561,73dd93caf509846cc5710ab0f5b4d5b3114929efd58489783f34388ee3b681ab,M2,A1_FINAL_NO_MEMORY_V1,certified,PASS,,,65e18d2ab3e12448f776a1d2dd0654bf49f9bf412cfd1e567072971b573ebb81,3eb5bf25b4c392fcb8fb0c03cd82c20fe8c53f684d212d05ef7cc01555f178aa,0.5,0.8,19137905.85543848,4.0,1.0,1.0,1.0,1.0,439f65888abd3d2cab782d5176c3ac1e622464c4dd26bf24c8dfdeb2798adf8d,3,2,2,91fb5467f94833653120f4825f499f633be490cc51b6cfafb4b7b1c1e6682605,P4,1211485977.8549132,1211485977.8549132,0.0,7272078.821726525,0.0,7272078.821726525,h09,5,Katrina,1204213899.0331867,11865827.033711953,1192348071.9994748,1709574693.614846,172382650.44954044,1.0,0.0,0.0,NONE,False,False,0.0,10400000.0,0.0,0.0,NONE,False,False,0.0,9557344.06438629,0.0,521824479.949944,R0,False,True,172382650.44954044,1689617349.5504596,f07ebab9273681f009e334952a56d5d7d45cd72e1abcf547c6a49eb84696055d
E2A_CRACKERS_A080,LA-0562,562,055a0eafcb42f58b1e284da1eed39982c07944c7f55121d4443bf8d41206cb72,M2,A1_FINAL_NO_MEMORY_V1,certified,PASS,,,c01fdb388a47c86ba86333abbce16723ca3f8d38c7be8be6b79ccf61623de116,93efacc00f0f3318b2e90c333486c51750e97335a4d299f0cd1d72f5911f4e7d,0.5,0.8,19137905.85543848,4.0,1.0,1.0,1.0,1.0,8693de53e998d295d0fc79167f0def4b5598daef48b754c228058ae29544f4b0,3,2,2,fd31c7b470eacdd2ddcbf63e02bbf1a764eb74ed23390e72ac3f3c278113716f,P4,1222255482.0272188,1222255482.0272188,0.0,4455025.566124188,0.0,4455025.566124188,h09,5,Katrina,1217800456.4610946,14682880.28931429,1203117576.1717803,1871073925.9875643,10883418.076821968,1.0,0.0,12810338.681322306,R0,False,True,10400000.0,0.0,0.0,595456.6623810478,R0,False,True,483418.0768219682,9073925.987564322,0.0,0.0,NONE,False,False,0.0,1862000000.0,67102eeb60ea939db82eeb2127f0553d80ca2921ac26fcd42757c7413e846c09
E2A_CRACKERS_A080,LA-0563,563,a93264f0e144faccdd338cf2e8d48a820c54bc1f6a529a554fd7b4af6e8e27f0,M2,A1_FINAL_NO_MEMORY_V1,certified,PASS,,,6d4509e3867d84c333b2e426d64bf5e466220827090a3fb030a508bd9217eca3,c32c1f6f834f6117b1b99126dabbefcd2466ecb321149fedaf142801b4a9ad5f,0.5,0.8,19137905.85543848,4.0,1.0,1.0,1.0,1.0,3e3c0b31924f5cf273a1fa9a6378ca0e0796ef8ac73787c8899fc38481686716,3,2,2,18f7a69adff8431c61c674a16fe9a8e559b27802754c43741c8ad163c5a4acc0,P4,1141896801.8584664,1141896801.8584664,0.0,286968.47143994115,0.0,286968.47143994115,h09,5,Katrina,1141609833.3870265,18850937.383998536,1122758896.003028,1523944155.8522367,358013188.21214974,1.0,0.0,0.0,NONE,False,False,0.0,10400000.0,0.0,0.0,NONE,False,False,0.0,9557344.06438629,0.0,429883239.9494833,R0,False,True,358013188.21214974,1503986811.7878504,0a57a92ad3ee54a4dbad51a33dc0eba889a7f3ceb203dca83ec7f4ab70f0aa2e
E2A_CRACKERS_A080,LA-0564,564,91bc40d7af94675a40a15d0d92bd7a506707936187c923afdc8f35273468bd2b,M2,A1_FINAL_NO_MEMORY_V1,certified,PASS,,,eb47cd4d5d47ce48affab950f26ff836fef5cfe1ea49e39dfbddd83b97428122,e73daf552a98fb0b68821ceecfe987975a6d03d1a8a382971f56f4563ec7c8f8,0.5,0.8,19137905.85543848,4.0,1.0,1.0,1.0,1.0,0824e49d6abde083421d68731e6d739a4134f235cdf8c4f140a6718b6ccb4667,3,2,2,199886f2813614bfe1fa84dd241cf7589ee8c7933c7fb751cfdcbb631b87a627,P4,1201126248.942369,1201126248.942369,0.0,2755898.989231584,0.0,2755898.989231584,h09,5,Katrina,1198370349.9531374,16382006.866206894,1181988343.0869305,1743414426.5626047,138542917.50178176,1.0,0.0,19211615.141000062,R0,False,True,10400000.0,0.0,0.0,0.0,NONE,False,False,0.0,9557344.06438629,0.0,236714655.20088002,R0,False,True,128142917.50178175,1733857082.4982183,115c03e6308f729f0a69c0558cdcec4b2190f69cee6612b8d6fbdb33cacec44b
E2A_CRACKERS_A080,LA-0565,565,6b3ed578625072eaa3f19b9d6452714e37c3b34b053f93f8cdcd91db8bc5e379,M2,A1_FINAL_NO_MEMORY_V1,certified,PASS,,,e85aa9701e71b917988002fb594eaf315d08c8bbdb0005cc4c03da2d05501d99,6e3557c4613ab9a8ce40083353577539caeac90e12c111182984753e19423426,0.5,0.8,19137905.85543848,4.0,1.0,1.0,1.0,1.0,e27f018094c3890f1a88ab4cb96f55402ba466acb7dfc51d0be041d89fc00da0,3,2,2,9f12390e43365b885391eaeeefeef7d2da3ffd08c6c0d225f581d6a5705a68f3,P1,1238358044.8164442,1238358044.8164442,19137905.855438426,0.0,0.0,19137905.855438426,h09,5,Katrina,1219220138.9610057,0.0,1219220138.9610057,1871363207.4403744,0.0,0.9999999999999972,20874605.662193775,0.0,NONE,True,False,0.0,0.0,389665.91065729153,0.0,NONE,True,False,0.0,9363207.440374494,0.0,0.0,NONE,False,False,0.0,1862000000.0,f38bbe3790382beeaa0e0d5405d9754a02c94a730f8868ae013382ebfce9da52
E2A_CRACKERS_A080,LA-0566,566,869aedf18e460bb0cd22682bc86b8ae68880a23650fafea937ccf1518708bbb8,M2,A1_FINAL_NO_MEMORY_V1,certified,PASS,,,b75aa0acc87923c6c1de5eec3b15c62289b019f8b5a6448f6c4d4de51894fb2c,c0de1444c508d5bd3606be1064478ce4dc08c5b3251d6ad4cd4c0d9ac9de80eb,0.5,0.8,19137905.85543848,4.0,1.0,1.0,1.0,1.0,9122b669a6a8de474af574abefb96e2b47e77311a559fbd287f3655b1dd97d41,3,2,2,4040a7ed643615239fec7bde656ee09c495e481af4014230acbabe0bbb322842,P4,1233193774.4151359,1233193774.4151359,0.0,4040552.425285917,2074420.426029604,6114972.851315521,h09,5,Katrina,1227078801.5638204,13022933.004122958,1214055868.5596974,1881186378.7826908,770965.28169555,1.0,0.0,0.0,NONE,False,False,0.0,10400000.0,0.0,849969.9732036759,R2,False,True,770965.28169555,8786378.78269074,0.0,0.0,NONE,False,False,0.0,1862000000.0,de61ea51a305f925bb3f798d6ed4da55a857034f8bf7664ce60be2d8454a3114
E2A_CRACKERS_A080,LA-0567,567,e771b93b2a8f26af6360191770da8ac089e1cca8b7d62fc9f6d57035ce571fb2,M2,A1_FINAL_NO_MEMORY_V1,certified,PASS,,,a0562507c5027a28101add86ed1d9d16fd55d64c209a639f9c3b2c28d0066fae,8b5ac11806f20afba7ed39f0ee8929afe39816c885f81bc93e46f50d7105a7c0,0.5,0.8,19137905.85543848,4.0,1.0,1.0,1.0,1.0,ace9ac4026bea69fda112701d69f579fbdf9b10222af8a39c8a52bf6fa7db692,3,2,2,6d62949b6cdda9647814f5f1f0ba77f784302d835d4ed2dde4d7c63b7b7f5b5b,P4,1222314710.23531,1222314710.23531,0.0,3995377.6824325803,0.0,3995377.6824325803,h09,5,Katrina,1218319332.5528774,15142528.173005898,1203176804.3798716,1738460556.7721143,143496787.292272,1.0,0.0,0.0,NONE,False,False,0.0,10400000.0,0.0,0.0,NONE,False,False,0.0,9557344.06438629,0.0,193701090.41437367,R0,False,True,143496787.292272,1718503212.707728,a1326a196b31b5b72eabc570fb49fb9ff4cf506c887b47b7daed219946dcade0
E2A_CRACKERS_A080,LA-0568,568,892be4e601bc7b28e19d70e67c8042fbb6425f462aefb05dc2f00fdb6d1c8992,M2,A1_FINAL_NO_MEMORY_V1,certified,PASS,,,512e8fc720ce316bf9961683aedb728d8fa1a9fb20704db57a174a852f2a36ba,a47ebcccca161e17e52bae11f2266001b4f2a09f9ce25fb2fc3fb2603f395ae1,0.5,0.8,19137905.85543848,4.0,1.0,1.0,1.0,1.0,63919cab10eadccf04a23e28a37763a00a575f773953672bb25fde7972fc4260,3,2,2,50ffb80d7e935bdaafb759e35b529713f69157be3d26f4b888323fb5c9bf868e,P4,1238060229.0029867,1238060229.0029867,0.0,5007823.055857617,0.0,5007823.055857617,h09,5,Katrina,1233052405.947129,14130082.799580859,1218922323.1475482,1780462047.2962198,101495296.76816663,1.0,0.0,0.0,NONE,False,False,0.0,10400000.0,0.0,0.0,NONE,False,False,0.0,9557344.06438629,0.0,274833874.91706544,R0,False,True,101495296.76816663,1760504703.2318335,2733da5adf6b30157f7c609924022a5e7c273fedddd78a9d7efbdbfe91026bfc
E2A_CRACKERS_A080,LA-0569,569,8074e066047b180b133d579a648346cc2d7af24311bb52f2b44388139b7c2c45,M2,A1_FINAL_NO_MEMORY_V1,certified,PASS,,,bd178ec186ae0986d4bdd788acebfe627eec4eb4ca2f33535b27b969f43e7a5c,df447eb4586fc62389704720e4f4c2a8c864c1890124786cc9f3efd7203aff69,0.5,0.8,19137905.85543848,4.0,1.0,1.0,1.0,1.0,5ba90f8639aaaf686cbf50e8356e93daea3c1d54ce18b3d541b742b20e0feaf8,3,2,2,db17fe5b191d38f5bcd83056f6f4c25373136ab6ec908200807d9a7454e0c42d,P1,1220358512.3704045,1220358512.3704045,19137905.85543844,0.0,0.0,19137905.85543844,h09,5,Katrina,1201220606.514966,0.0,1201220606.514966,1871039847.0558164,0.0,0.999999999999998,14020130.9002513,0.0,NONE,True,False,0.0,0.0,697632.2885228687,0.0,NONE,True,False,0.0,9039847.055816434,0.0,0.0,NONE,False,False,0.0,1862000000.0,3286268d6d3f89ecae60b276c5d62dfeb3d5837b44dbb4af6865ad0b4fcaea22
E2A_CRACKERS_A080,LA-0570,570,6e163098c5a5a66c816a8c3d42de8464b16b5f73e1461b91a75fd28512602a3c,M2,A1_FINAL_NO_MEMORY_V1,certified,PASS,,,f207a1bf97f7a4f849ee7bebb5a57849265e5299455744cfc9c08a7bcbd4b7c8,d87f74cdff459b0356fab1c208a610ff4936c82436a0b4a4cdabbac60b37de67,0.5,0.8,19137905.85543848,4.0,1.0,1.0,1.0,1.0,9dbaa8f7995adaaab17e9e65774eee0213c9d0baf151767930091ff80814da3e,6,2,2,4021bf825b04085b7089980f121ee9115a91b972aeb3187090ca2f6f2ce860cc,P1,1229845062.1672258,1229845062.1672258,19137905.855438434,0.0,0.0,19137905.855438434,h09,5,Katrina,1210707156.3117874,0.0,1210707156.3117874,1871210272.2821174,0.0,0.9999999999999977,16954281.14954765,0.0,NONE,True,False,0.0,0.0,565803.1322750014,0.0,NONE,True,False,0.0,9210272.282117479,0.0,0.0,NONE,False,False,0.0,1862000000.0,853f4b97169e1669b4d0836510df5a6449c1f3a6b0cb1569753428a8e50236f3
E2A_CRACKERS_A080,LA-0571,571,b7c7753adf378d2f2f322a2f495e49944018add5544f41d7879e9662a5b2eb30,M2,A1_FINAL_NO_MEMORY_V1,certified,PASS,,,4795afa471b3d77a9783cd97b50f0bc48c5c27e807a2eaf820978b232844181c,27b7e74b4328229344aed271207a6e9cf9d63485dc7c7c3f754476a8d979c1aa,0.5,0.8,19137905.85543848,4.0,1.0,1.0,1.0,1.0,57305aa6d8733b63ff981f96e22efde0efdeb66aa3926f3e10dbc2f864161783,3,2,2,ac46251a9c89abdcdce6e9a83edf022d4036f5debb9236cce1ebb2cb3f61ba09,P4,1202918383.2862666,1202918383.2862666,0.0,2916967.1843705056,0.0,2916967.1843705056,h09,5,Katrina,1200001416.101896,16220938.671067972,1183780477.430828,1686720461.410816,195236882.65357032,1.0,0.0,0.0,NONE,False,False,0.0,10400000.0,0.0,0.0,NONE,False,False,0.0,9557344.06438629,0.0,235564645.16280818,R0,False,True,195236882.65357032,1666763117.3464296,e568c595bfbe5a801f1e276d4a29c987cced9ed897ef0ad963ee612708ca0dce
E2A_CRACKERS_A080,LA-0572,572,1b7fcd7cefb3bdf638af1eaeb65efef59898a8745cf0c2ba44a310272e14f4bc,M2,A1_FINAL_NO_MEMORY_V1,certified,PASS,,,ddb017aa288d47f1ac6e754a8c315a01e0ff66b192a133016786c0c438f268f5,ef6eefa6022e39512b688d53387c4015578fa64a448889566113858ee034c990,0.5,0.8,19137905.85543848,4.0,1.0,1.0,1.0,1.0,7c6e32f5c852260e69c4a2e43f9b32226e83a26c34852755804ef05f0390bbb0,3,2,2,b97917d7be521356bd40fe31ef148d9dbd995a5dd80c7405bab12ed6f0fab355,P4,1228055937.591531,1228055937.591531,0.0,1996366.4432054062,0.0,1996366.4432054062,h09,5,Katrina,1226059571.1483257,17141539.412233073,1208918031.7360926,1881094077.891206,863266.1731802607,1.0,0.0,0.0,NONE,False,False,0.0,10400000.0,0.0,1066041.3769348694,R0,False,True,863266.1731802607,8694077.89120603,0.0,0.0,NONE,False,False,0.0,1862000000.0,f270f162432d9b98047d6535570abcc83be63c1d3c948a105be452a4b066e6a4
E2A_CRACKERS_A080,LA-0573,573,cfd088cc5e34aae682fadaa4623778872914e9179cd8d5caa45de271fced25ce,M2,A1_FINAL_NO_MEMORY_V1,certified,PASS,,,93b6d6f16d635bb4da686483b82bc58e318be462849fc73490c5889d9da9cc13,6be915c62e39094510a35c58e46618947376dc8c33f4985df74b3a57a9d29549,0.5,0.8,19137905.85543848,4.0,1.0,1.0,1.0,1.0,53b60936573dfbb22c0c9df547f5213a40a7c9ed8b5621d5b1a6f2adeb74a7a7,3,2,2,f2b9f51010bcd667f4e5c0141dc1c4b9779bdaa88acfa5cfd3de104c90c22802,P2,1227480736.66063,1227480736.66063,10496348.995547878,3181925.764286253,0.0,13678274.759834131,h09,5,Katrina,1213802461.900796,5459631.095604348,1208342830.8051915,1813715556.8396559,57841787.22473038,1.0,16205572.017211482,0.0,NONE,True,False,0.0,0.0,0.0,0.0,NONE,False,False,0.0,9557344.06438629,0.0,69348953.52054326,R0,False,True,57841787.22473038,1804158212.7752695,9ed519f93ddc3ed9981f773d586d0807ead0f8e5c6b8fbe1e4b702b997a5a10f
E2A_CRACKERS_A080,LA-0574,574,b143113ec1f2e817a46d9ef9824fa874efd91615efe1b48fc0a2871735a443b0,M2,A1_FINAL_NO_MEMORY_V1,certified,PASS,,,5f49df672bae33f77d6ebc3b877b16603f5af60a940e1e10571f87d4235a9fa9,fcf25ee3a82cf0597d6b75f8c068027969fe19f7fc689579adfa06b07cc3d90c,0.5,0.8,19137905.85543848,4.0,1.0,1.0,1.0,1.0,2df5c7f922b0c27311c8d00bb637e0f876a05a52235a38030f982527f0a4e9e1,3,2,2,6324c2f617c4dfad32d003502f887064fdffc21c2ae8e081fb44aa0a916a9577,P4,1190315884.16698,1190315884.16698,0.0,2627189.100589771,0.0,2627189.100589771,h09,5,Katrina,1187688695.0663903,16510716.754848707,1171177978.3115416,1714577559.3640635,167379784.7003229,1.0,0.0,14412138.67546894,R0,False,True,10400000.0,0.0,0.0,0.0,NONE,False,False,-1.7387660188964484e-10,9557344.06438629,0.0,217539848.6871453,R0,False,True,156979784.7003229,1705020215.2996771,4420a658d770a79bda47bda38f10f19cd6e1d617f180b9a562cd52299a826b03
E2A_CRACKERS_A080,LA-0575,575,30d07b6a2bff226fdc421bad06d9b3880909b6f6bd889b9fa0ccf06484e40ad5,M2,A1_FINAL_NO_MEMORY_V1,certified,PASS,,,75b505d65997ef34b62a3ad57dd7f485de680b4a2b72d14534d9ea2efa10892b,73a00909d767f24f7ada9a5d19a21bf8e44c04baa79b1353e5111538234be0e0,0.5,0.8,19137905.85543848,4.0,1.0,1.0,1.0,1.0,466fee93341bb5a12980bd9450859d144cbe6860b4e97930594937f1ad9c0d00,3,2,2,0de6b36031996ccbb6ce4453779c50116928ac5eb3425d1e5cbb9976eea41ff3,P4,1189106348.8280747,1189106348.8280747,0.0,5654354.432347026,675584.9852201705,6329939.417567196,h09,5,Katrina,1182776409.4105074,12807966.437871281,1169968442.9726362,1880394351.160043,1562992.9043432428,1.0,0.0,0.0,NONE,False,False,0.0,10400000.0,0.0,1916092.5587494017,R1,False,True,1562992.9043432428,7994351.160043047,0.0,0.0,NONE,False,False,0.0,1862000000.0,d5ad56cfff8939d00bcf26f5de91b26145ab5483f58fa9cbc8463da55fa0ea76
E2A_CRACKERS_A080,LA-0576,576,7e81548d9f6415a31ce50d10c97fd3272e227aeea06b27c6c6ff4c38e03ece7f,M2,A1_FINAL_NO_MEMORY_V1,certified,PASS,,,2fed01f31c259d935b71ada5c68c0d726b0ba8afe03b2aea0f895b8beee01434,025b56b8ff19d9425787aaf145795115529f219887a53f234ef3de1a4b9a8de2,0.5,0.8,19137905.85543848,4.0,1.0,1.0,1.0,1.0,926a1669c469950d7c0112b6e31898c7b8f8424a6bbb31e9468e94e51ffbd5bd,3,2,2,f15914d602700afc15dfdc7cbf6fde327dcbd78764d67c5374253f0eda36d87d,P4,1229053586.6197658,1229053586.6197658,0.0,5957600.102750785,2738426.7369369427,8696026.839687727,h09,5,Katrina,1220357559.780078,10441879.01575075,1209915680.7643273,1881112000.588609,845343.4757773628,1.0,0.0,0.0,NONE,False,False,0.0,10400000.0,0.0,1385747.9867826828,R1,False,True,845343.4757773628,8712000.588608926,0.0,0.0,NONE,False,False,0.0,1862000000.0,dcdaf8af256ec0e9c2675659d7875287be0a6441f22a65715d02b6c5b443c300
E2A_CRACKERS_A080,LA-0577,577,0c33b9f7b2f39324b95707b25eb2e07af1ba08cb92c0be0bab15e3a2ae1e62d9,M2,A1_FINAL_NO_MEMORY_V1,certified,PASS,,,709655d05de91ba1d8d00945641ffaf6852cf61fcec8258ec8e9d5cbc5a98d93,924ab70c19871807c0ff6c8ef35776db8536c1e50a11c2e153b6d9f7a9e8817f,0.5,0.8,19137905.85543848,4.0,1.0,1.0,1.0,1.0,bb4e205e2910bc17bd0549009c1f89ec52dc30c0a3d0ad786f2f10179aca0f1a,3,2,2,88a1b1da20c3c030fa74c8402bc1faadcee2d37603675e99816ad6cabfb92048,P4,1220405769.6559544,1220405769.6559544,0.0,7418955.310406781,0.0,7418955.310406781,h09,5,Katrina,1212986814.3455477,11718950.545031697,1201267863.800516,1880659882.0550234,1297462.0093629593,1.0,0.0,423705.97720952804,R0,False,True,311247.6558733454,10088752.344126655,0.0,1342547.9951354868,R0,False,True,986214.353489614,8571129.710896676,0.0,0.0,NONE,False,False,0.0,1862000000.0,bf82bc660413e09700685811968e02da4547e3a67aba8d6a3e256ff63bffb906
E2A_CRACKERS_A080,LA-0578,578,e9f3200c256a531b1f03827d8bcbf4bc90a74541acc6d1e7b0fb2fec51ec7dcb,M2,A1_FINAL_NO_MEMORY_V1,certified,PASS,,,90ae336c770bf890269625f9a411da30fc1f3ea43b6c194782cea2e017febe14,bc36a36fc112c5c7c6a5a094f90d3505f767ca5abb8ca083979c09d3d7236a60,0.5,0.8,19137905.85543848,4.0,1.0,1.0,1.0,1.0,f7b2397eb8b387cf2805671daf4c684c150054d5263a8ffe23b6635a0d0dd089,3,2,2,ea153c323dd9f7494b749793b521698c732240fc69587ae2563c9e2a3f59aaa6,P4,1173688842.8154151,1173688842.8154151,0.0,2167293.034198698,0.0,2167293.034198698,h09,5,Katrina,1171521549.7812164,16970612.82123978,1154550936.9599767,1870201429.5947106,11755914.469675586,1.0,0.0,15210271.861654732,R0,False,True,10400000.0,0.0,0.0,1983060.3562420246,R0,False,True,1355914.4696755854,8201429.594710704,0.0,0.0,NONE,False,False,0.0,1862000000.0,e1c8b6ec748be87940a05a927677a02136aa30d71f17654c1e6e5bdf0d56fdd9
E2A_CRACKERS_A080,LA-0579,579,7bd0787ca643d66e5a9bdbf9be666a17fd0de37d798ce473c9e4f24ef111841e,M2,A1_FINAL_NO_MEMORY_V1,certified,PASS,,,4c6e75e2e2e51e456a4569c655a6ad323e17a5f272b3feaa0751efb28a912314,f43f4c177345dac6e5e25abb513aa41c382bfd6561e2a37ffcbe47d837b67f91,0.5,0.8,19137905.85543848,4.0,1.0,1.0,1.0,1.0,5e3783a2e9af96cec36c3211175eda6b1ff7202ff97871846241985904c5016b,3,2,2,db31b0e14ced387599b279ea34a999c7da8a01d666bcb381e1152e0358ada187,P2,1231572629.7786252,1231572629.7786252,11459386.975820532,3107285.5351266544,0.0,14566672.510947186,h09,5,Katrina,1217005957.267678,4571233.344491288,1212434723.9231868,1871241307.9175622,316036.1468240105,0.9999999999999998,17692430.100078017,0.0,NONE,True,False,0.0,0.0,0.0,684072.9391456291,R0,False,True,316036.1468240105,9241307.91756228,0.0,0.0,NONE,False,False,0.0,1862000000.0,728e1e9c45bb645ab00e838b5c371dbd0df4b8d8e2f27a1c01c39861da70a65e
E2A_CRACKERS_A080,LA-0580,580,a98d8839ce3abc6204fb767fc7db0c8ec24dcf5c8ad37f4de32f87180ccd655c,M2,A1_FINAL_NO_MEMORY_V1,certified,PASS,,,5085f2977bb5d2db660042f1b19d2fa663ffd8f49f03cc4cd10fdfeb1f44dc41,872339c48fc49e0f05b22e78e85ef4ed597b32c8cb7e23eb229cb7cf849fc646,0.5,0.8,19137905.85543848,4.0,1.0,1.0,1.0,1.0,8ad62ad72bd7cdbea43e3d9073b07ebd87e3d7e15c646c9f19690b0db3846e24,3,2,2,87098f0a026d72288c1a341894d15d28cb7d526c682faab64c111665a4d10392,P4,1235211324.985984,1235211324.985984,0.0,4494902.136502752,0.0,4494902.136502752,h09,5,Katrina,1230716422.8494813,14643003.718935726,1216073419.1305456,1834337057.920946,47620286.14344048,1.0,0.0,14654706.180366103,R0,False,True,10400000.0,0.0,0.0,0.0,NONE,False,False,0.0,9557344.06438629,0.0,52447342.055891536,R0,False,True,37220286.14344048,1824779713.8565595,8a63a7c12c6ee144ad3a42a3d50044a4857f00dacd990ffe329672b7784dc12f
E2A_CRACKERS_A080,LA-0581,581,065a2372c1e7accb6a913f8f95adb7ffbd0b0f68a3bfc7ff243e4410098be0c2,M2,A1_FINAL_NO_MEMORY_V1,certified,PASS,,,e070962dc4d51b4c4d92c113eb494608924fc6d8c13d96948407728d10033065,954074fafa38ab782a5b21706938e08c1c479ec36f0bc0bdd7ff5915707f9778,0.5,0.8,19137905.85543848,4.0,1.0,1.0,1.0,1.0,d34ad16077f0ccc297114c10555789eaad8de103a5f462c39606688c2b155bdc,7,2,2,7ef088b2219ae522087ad7bcf82d632960c3f96eb624a172751bca8abdf549cc,P1,1220445372.7591538,1220445372.7591538,19137905.85543848,0.0,0.0,19137905.85543848,h09,5,Katrina,1201307466.9037154,0.0,1201307466.9037154,1871041407.496833,0.0,1.0,14042382.295010917,0.0,NONE,True,False,0.0,0.0,696632.550149827,0.0,NONE,True,False,0.0,9041407.496833058,0.0,0.0,NONE,False,False,0.0,1862000000.0,0321af1de5be38e56ed7cbaa5ed57e685349db5845795c2dd9cd9bfc00dd43fe
E2A_CRACKERS_A080,LA-0582,582,42ff058f221c0afb80b3d8c532a9b0506125c4ec20ad64cbef7eabea12af7dcb,M2,A1_FINAL_NO_MEMORY_V1,certified,PASS,,,37b7af2e90091ead25c8bf326a1349944acc78b71f1bc9e732cad95931964324,f12358b6c960b930bbe2727dba0fcfd13687f74153126feb89917e1efa290dd6,0.5,0.8,19137905.85543848,4.0,1.0,1.0,1.0,1.0,0177586790bcaebbbe667d949d40b46967aa44fa1075ea4f0dc8c0b86e35d7a6,3,2,2,334fe523c39e0794f7be70bff9d455415cc5d2778a29a7378481a68e2684b0e7,P4,1226523611.4233286,1226523611.4233286,0.0,4392677.205036379,5484975.333545062,9877652.538581442,h09,5,Katrina,1216645958.8847473,9260253.316857036,1207385705.5678902,1881066549.7551,890794.3092862214,1.0,0.0,0.0,NONE,False,False,0.0,10400000.0,0.0,1025727.5354484799,R2,False,True,890794.3092862214,8666549.755100068,0.0,0.0,NONE,False,False,0.0,1862000000.0,944d7e9cc00e6870fdbdb5a96da7f96874f38ad8b2dbf86fa994a3da51c43fa4
E2A_CRACKERS_A080,LA-0583,583,739612d085fc35eeeef843ecc30468e996e1874ffb5807ac0a6d49de50dc4809,M2,A1_FINAL_NO_MEMORY_V1,certified,PASS,,,71316d2c6b1e881a8d7ec41d4f504f36539d636a4377eb53950f9532bb14fc1c,89987b8008abbcac4271f41bd2e63a441e7a7d4a5ba76fb360236407b00898d6,0.5,0.8,19137905.85543848,4.0,1.0,1.0,1.0,1.0,f97a6896d7876736cfed99a0daad318472d638e4a13efa90669f66f664d67e34,3,2,2,f531306cd9f9b08c87a16a01f451ec1548656a5633bf71c6970cb450c151a29f,P4,1222171163.6517704,1222171163.6517704,0.0,5341540.844449468,0.0,5341540.844449468,h09,5,Katrina,1216829622.8073208,13796365.01098901,1203033257.796332,1799552163.1967309,82405180.86765546,1.0,0.0,15899205.933488755,R0,False,True,10399999.999999996,3.725290298461914e-09,0.0,0.0,NONE,False,False,0.0,9557344.06438629,0.0,110079346.04739986,R0,False,True,72005180.86765546,1789994819.1323445,56b11d8eb22762670cea9309bee0274998870e8c83fa6a8638f6f558fa07cd6d
E2A_CRACKERS_A080,LA-0584,584,556c45d9728bc708d48ca90ab05bcc9fc0894a145ce274429533fd65d664d455,M2,A1_FINAL_NO_MEMORY_V1,certified,PASS,,,f5a2b1457a194e9bc8f0d41ece5168f21f5845224fdebe8cb2601e2899caea6f,32aec8c5e24d24e5161522522d708dc3d1a2ef2cff7e218ccc582726ff979623,0.5,0.8,19137905.85543848,4.0,1.0,1.0,1.0,1.0,d90316a9df910618addac239e0518a12a344d0caae7824a42778243c0e20cfd8,3,2,2,b5d30a5453053239920ce2bdc77d519b30dfbd0843acfb860faad4a3856280b1,P4,1228304756.3934624,1228304756.3934624,0.0,8552168.976374112,0.0,8552168.976374112,h09,5,Katrina,1219752587.4170883,10585736.879064366,1209166850.538024,1861069283.7233992,20888060.34098725,1.0,0.0,18535396.971837226,R0,False,True,10400000.0,0.0,0.0,545673.828099381,R0,False,True,306171.3661086513,9251172.698277637,0.0,18146668.66082189,R0,False,True,10181888.9748786,1851818111.0251215,0be48a2f7d2e63a99b0b16cf02767ad9704fa88b5de7d3e1fa95419aa0071f60
E2A_CRACKERS_A080,LA-0585,585,b6c742b80223b0a3e065faaa17dbfd23df287c46854306a5c8b136d01169e583,M2,A1_FINAL_NO_MEMORY_V1,certified,PASS,,,bf26ac105200328171a59e918eb133a8692702d7b249950e3595310ca6b2d90f,06dda6d4a2ba42435b80318594eb177ae7e3216ab6818b79357761dbc12d2f2e,0.5,0.8,19137905.85543848,4.0,1.0,1.0,1.0,1.0,12490c450f64a8a6a7208523b470064dd007f10866af7c9e34343c87f7f087d4,3,2,2,f3a2aab82a9dd10f28cc13f7f5c8e8e8293bcea2ac1be5122924e0d388b4de7f,P4,1224313895.2435381,1224313895.2435381,0.0,598563.3772084855,0.0,598563.3772084855,h09,5,Katrina,1223715331.8663297,18539342.478229992,1205175989.3880997,1743793423.3113484,138163920.7530379,1.0,0.0,0.0,NONE,False,False,0.0,10400000.0,0.0,0.0,NONE,False,False,0.0,9557344.06438629,0.0,195609138.74125826,R0,False,True,138163920.7530379,1723836079.246962,6016e3d0d4d3c67cdb304bf501b6d9d172a7602d848c87788b114b28cee52fdc
E2A_CRACKERS_A080,LA-0586,586,5c219e43d6c1365300ac71a4b0b487a33250e26d33d65b33cd3acaba29b55cab,M2,A1_FINAL_NO_MEMORY_V1,certified,PASS,,,2e5a00ef66388917273addb784c1204b81c4f2e0d358a15c4af9b18be8abb165,b9b6ca05a736b97c8ddd60ae958faa555f0ae639d29877c5a2b357943658bc28,0.5,0.8,19137905.85543848,4.0,1.0,1.0,1.0,1.0,17b8af6d87a7288ab7a912452efadde80ade6299f46644c8f909f63fce23dc9a,3,2,2,25d49a3e88c6d047aab38b16468830b4df09c710efd912755301b4e96ed60096,P1,1226151204.4200666,1226151204.4200666,19137905.85543848,0.0,0.0,19137905.85543848,h09,5,Katrina,1207013298.5646281,0.0,1207013298.5646281,1871143912.377203,0.0,1.0,15676786.200360263,0.0,NONE,True,False,0.0,0.0,623200.0161948624,0.0,NONE,True,False,0.0,9143912.377203006,0.0,0.0,NONE,False,False,0.0,1862000000.0,689344e8685a820abd66ec2c4f84901032ac4e1ec5cc78a5ac3f8086482c896d
E2A_CRACKERS_A080,LA-0587,587,b4696fa3c107613293f8f281621074f39d6fa5a34d3ddd33bf4ec7b0ea9870ea,M2,A1_FINAL_NO_MEMORY_V1,certified,PASS,,,773915a83823d197569aab63f35d79fa87d60792bc1ad3b2e58749fc04152023,48bc17bbc5e8f9a926d0bedb045fb5ea8dfee5440435d4ec6f8a9bcca5df7d66,0.5,0.8,19137905.85543848,4.0,1.0,1.0,1.0,1.0,64e571d946c2d493cfa9ba7351e18f21a431da01b69821b6487dad8f5347f72b,3,2,2,8359e355b011803c65144fcbac9af1ea7629a7995643e7a581dc56b73dd6886c,P1,1223928861.0323615,1223928861.0323615,19137905.85543848,0.0,0.0,19137905.85543848,h09,5,Katrina,1204790955.176923,0.0,1204790955.176923,1871103988.1283581,0.0,1.0,14996935.823196502,0.0,NONE,True,False,0.0,0.0,653745.1805462058,0.0,NONE,True,False,0.0,9103988.12835806,0.0,0.0,NONE,False,False,0.0,1862000000.0,a62bd2ffa24bbed75574c1f1760fbe34036c92d3fbf4b57749ba9837d3ab8fd3
E2A_CRACKERS_A080,LA-0588,588,dcc5008a3ff00e5624cbd06d105feb2e21d9d494faca2dace1c7035891aaa832,M2,A1_FINAL_NO_MEMORY_V1,certified,PASS,,,db039935877ab1fb7bac38d6da62cc29c2f0facae77bf182ac1c169091966b1a,a15834368baa3d59fd679e20b4dc15e86ef40dbc0f1487a27ed9339eecbd36a4,0.5,0.8,19137905.85543848,4.0,1.0,1.0,1.0,1.0,079547a8d04429b6f792321dfb0f779ab142e8882d57b2f0190ca054e36efdb4,3,2,2,b49512ff781cd64c97af3ff1f2872dbfdd9a6a9ed49f5ebefc74cab0e9e2c594,P1,1221519598.4634552,1221519598.4634552,19137905.85543848,0.0,0.0,19137905.85543848,h09,5,Katrina,1202381692.6080167,0.0,1202381692.6080167,1871060705.8890488,0.0,1.0,14323526.342270575,0.0,NONE,True,False,0.0,0.0,684000.9602906371,0.0,NONE,True,False,0.0,9060705.889048876,0.0,0.0,NONE,False,False,0.0,1862000000.0,b245de9f0da49e5e7c8f29fbbbb10ffcfbe2fd69089f8d914a513dd95034ed4f
E2A_CRACKERS_A080,LA-0589,589,3715661f1cf57d73e747b7ce3f6adc64b317459abd80e4dd0177916aa2c41e8d,M2,A1_FINAL_NO_MEMORY_V1,certified,PASS,,,b979906d729c7bf1ce953ebd0865434332a7cf0cf307e29150751683faea59b0,476e088dcc173cd668ddc003642931f4470051fc368c7724196d296a01e701b1,0.5,0.8,19137905.85543848,4.0,1.0,1.0,1.0,1.0,5445574215c59c7f329cbff0c0d750253ecd32cc3139bee6c5970b67690f5d3d,3,2,2,ee9cbc56abee49e7d6e3bc5d53b5f47e6e3e4c280f7e227abe4523e14b030ef5,P4,1224333027.2256992,1224333027.2256992,0.0,4559873.890373042,0.0,4559873.890373042,h09,5,Katrina,1219773153.3353262,14578031.965065436,1205195121.3702607,1805318978.1079798,76638365.95640665,1.0,0.0,14292851.783789879,R0,False,True,10400000.0,0.0,0.0,0.0,NONE,False,False,0.0,9557344.06438629,0.0,91032225.67455325,R0,False,True,66238365.95640666,1795761634.0435934,16e611e58fb8394d304781e8927fc00264a24a3adf3a1dce5e815329de4b1926
E2A_CRACKERS_A080,LA-0590,590,2ef976504d2279ddc50761b79bb51400d5855406a739a1823873da3144d79722,M2,A1_FINAL_NO_MEMORY_V1,certified,PASS,,,00d19b2c7490aca648e3dcca158df659e21b3c49a9b5bb9da35079f17f3bc882,30a41eac97d0d2d8ab30d6d0e8115f5213f12da2c551597564f828d1c2e46ee1,0.5,0.8,19137905.85543848,4.0,1.0,1.0,1.0,1.0,1d8149f7cb82fa58ac5b2e46dcc37788c0bddba2dd5c436db2647e05493c4c00,3,2,2,d8b05c319648cb90659830c2adfc67ee5dfed6678a7752f103144830506a904e,P4,1199649248.0437794,1199649248.0437794,0.0,1859351.7701941445,0.0,1859351.7701941445,h09,5,Katrina,1197789896.2735853,17278554.08524433,1180511342.188341,1677999976.8757994,203957367.18858695,0.9999999999999998,0.0,0.0,NONE,False,False,0.0,10400000.0,0.0,0.0,NONE,False,False,0.0,9557344.06438629,0.0,296347302.31088114,R0,False,True,203957367.18858695,1658042632.811413,4a12576bb2dc8769bd04b422efec530a50c6f389453fba38572d0f78d7535458
E2A_CRACKERS_A080,LA-0591,591,7ed35c1b5f3a3cb38aea16cd11617ddd3d277a5ab83f8e2a152dd97abece5de2,M2,A1_FINAL_NO_MEMORY_V1,certified,PASS,,,efcfe2c72fdc6a86570a7cd089b11488b39493cb75641a94cdc74781bbe8dcce,42978b11e3edcbe5b6f53eb36afa988b97d557b55d4d0abe8c71cca0df563d35,0.5,0.8,19137905.85543848,4.0,1.0,1.0,1.0,1.0,27fe28824d50146b0e273b1ad8fb88ebaf0d3b3073648a7b739796c0f04686d2,3,2,2,485284562346a397d41f6b699a557a3585efc937b086aa5451a7ecf7f5333e91,P3b,1243661166.3035135,1243661166.3035135,15797462.063222937,865412.6648756071,720109.2920379383,17382984.020136483,h09,5,Katrina,1226278182.283377,1754921.835301995,1224523260.448075,1871458477.6596737,98866.40471262058,1.0,24390091.18916618,0.0,NONE,True,False,0.0,0.0,0.0,129772.10644172931,R2,False,True,98866.40471262058,9458477.659673668,0.0,0.0,NONE,False,False,0.0,1862000000.0,771c4a41fcd7f4604065b85dd4f6e4220dc37533e7ae18fbd5be78bb4f27d76c
E2A_CRACKERS_A080,LA-0592,592,b04472ba7f98667d930fb45886a490d30b84b6afe4d021d08d7461daa687c381,M2,A1_FINAL_NO_MEMORY_V1,certified,PASS,,,c129de6bd5066fbaf609b464a330349619628409c2c5818d04f7553ab61cae46,2f9968981d42b8d2f0a36668fd92552742ffdb3d5b2b0fe703819565e1c0c7ae,0.5,0.8,19137905.85543848,4.0,1.0,1.0,1.0,1.0,2916c5b447dcee8801aafd18deb447a388c5e57af91634a12f6ee672f3616b1c,3,2,2,321305dfb3688f96e34345cf0c052305a654449bc55b3accbdafa547c4a9ccf2,P4,1219275607.7951427,1219275607.7951427,0.0,6671841.665314963,995899.266568384,7667740.931883347,h09,5,Katrina,1211607866.8632593,11470164.92355513,1200137701.9397042,1880936339.859509,1021004.2048773745,1.0,0.0,0.0,NONE,False,False,0.0,10400000.0,0.0,1325302.3925726365,R1,False,True,1021004.2048773745,8536339.859508915,0.0,0.0,NONE,False,False,0.0,1862000000.0,692e5f4e81d273876072dd33d81b390d744dc711dadcb88fbdf6558856e15f21
E2A_CRACKERS_A080,LA-0593,593,372077df2fc439610902aac2117de1f2841e0d1f7c912dde44a145aa7868f6d8,M2,A1_FINAL_NO_MEMORY_V1,certified,PASS,,,6a507c5276ec7e3d8e1afc4ae529ec911c467de2386453c4671afdae98c2bc26,7b62841f33099712d9ad1709e219d1fc3e732b5840f4405a4705da6b7a9ea2c1,0.5,0.8,19137905.85543848,4.0,1.0,1.0,1.0,1.0,0bd82aa12798c6420d39b906de9b9ef266201f7e5f44b4b97c2bd6403c5c8fb0,3,2,2,895971f8290df9f1003af16a673add85682f34476f67af7e10146a825f564a2c,P4,1217798269.3319983,1217798269.3319983,0.0,905953.9112026877,0.0,905953.9112026877,h09,5,Katrina,1216892315.4207957,18231951.94423579,1198660363.4765599,1880909799.57381,1047544.4905762892,1.0,0.0,0.0,NONE,False,False,0.0,10400000.0,0.0,1651491.420929603,R0,False,True,1047544.4905762892,8509799.57381,0.0,0.0,NONE,False,False,0.0,1862000000.0,86d78bb0d8938708a4e2a8ddaa3599192e9bf374e9b41fa1a8c5141d55a8454b
E2A_CRACKERS_A080,LA-0594,594,28c0c9eeea06bec6801e484cc8c6140c3fd9f75ef97f37e18600af5a877f6952,M2,A1_FINAL_NO_MEMORY_V1,certified,PASS,,,c8c0c81d710957083c35cc35c7821a732e70ce408325de4037f3fa6da334d553,df2942f99c02b80d1d0305e1f7b11b15f85b06e1273aec4a57d9b02fe3c5d0f0,0.5,0.8,19137905.85543848,4.0,1.0,1.0,1.0,1.0,7c418b14d4553c3cb1f5bc30e20ab33ee224e46b0de064fb99ec43bf85688f90,3,2,2,5f7a35efded816373e6d8093316b797a973a60a87ffce732febdb466743dec27,P2,1230387114.371735,1230387114.371735,11246660.510505393,1017024.9921938397,0.0,12263685.502699234,h09,5,Katrina,1218123428.869036,6874220.352739246,1211249208.5162966,1821468378.3054721,50088965.75891414,1.0,17363996.465192825,0.0,NONE,True,False,0.0,0.0,0.0,0.0,NONE,False,False,0.0,9557344.06438629,0.0,64627781.03779767,R0,False,True,50088965.75891414,1811911034.2410858,c585b901f939b004343df06f64df83e814cec3d512191e0087bb7c7efa83bfdd
E2A_CRACKERS_A080,LA-0595,595,34ad64d8b9570debc6a350edcfbc2dc758c597e27f15f3f5bd4fc1e9324afedf,M2,A1_FINAL_NO_MEMORY_V1,certified,PASS,,,f460c2369a71a6fc831947aa4aca344b19d56bd7b4f6c01306e40d4e49990418,eae3f85739a644188ad1dc8426fe59f6d425d3c304171c38f2fa21b18b633027,0.5,0.8,19137905.85543848,4.0,1.0,1.0,1.0,1.0,aa90e6de11b99c5f5c3f9f8517179cc84f8852d3fdf8146f667fb40bf67388e6,3,2,2,17c8668ee6370f0fc086502a4e5e0e2e704777ce09c0b3ef08b246721686564b,P1,1225275503.833856,1225275503.833856,19137905.855438437,0.0,0.0,19137905.855438437,h09,5,Katrina,1206137597.9784176,0.0,1206137597.9784176,1871128180.4753237,0.0,0.9999999999999979,15401665.684471777,0.0,NONE,True,False,0.0,0.0,635560.973335604,0.0,NONE,True,False,0.0,9128180.475323685,0.0,0.0,NONE,False,False,0.0,1862000000.0,0285cd04fb32a8ebf057eb0612a49528c6f3a23f5735317f4ebfac96d99aaae2
E2A_CRACKERS_A080,LA-0596,596,2c5a81b844c7c97bed0f391e82d62d0b6ab179d5fcd1973a01072447f068ddaf,M2,A1_FINAL_NO_MEMORY_V1,certified,PASS,,,7d3cc551a5462be69ab7f060c670d8c3f17c3055f4f7b35df3f21ff858e344de,47bb93da041d1cdef2cba842523d5c128db05634b32c236586b77ec06c804076,0.5,0.8,19137905.85543848,4.0,1.0,1.0,1.0,1.0,924786f40a00a8befbabb4b0f49716ca24c02bcb2ad036f51f1c25fa4fc23dc0,3,2,2,265163b3477802e56a24a5d57a0894a7319dc6ccf52885323bf169aa0e3b0f88,P2,1224792506.2034156,1224792506.2034156,10006973.147294398,390852.4957150204,0.0,10397825.643009419,h09,5,Katrina,1214394680.5604062,8740080.212429058,1205654600.3479772,1806544647.5961263,65012696.46826007,1.0,15450012.578808704,0.0,NONE,True,False,0.0,0.0,0.0,0.0,NONE,False,False,0.0,9557344.06438629,0.0,179245465.50410601,R0,False,True,65012696.46826007,1796987303.53174,cd815f2ce350e6c3bf5417395f011c65d33ed7104a1f99f8f03ea8fb26916d85
E2A_CRACKERS_A080,LA-0597,597,8248560c6f86aa5d3dbb17b97329c32ba259e57b901253a31f08800ddebf8804,M2,A1_FINAL_NO_MEMORY_V1,certified,PASS,,,a92e55a297a689fad479b57f20b347dfe8d0a35b8a2b6035e018cf4f85c36a67,1d6961063ec2e221f3bb9c1e2f385ee036bcf68b6bf55663411b3ae26d1bea90,0.5,0.8,19137905.85543848,4.0,1.0,1.0,1.0,1.0,f6a3b1e5a61e7a949289f74dd0a68e8a547eae83114e6746dfc3091a4db0a8c1,3,2,2,5c76b638ed0f33796aef260bc7dbb19cccba9ae97c06491f7f9a84c5669d251d,P4,1223248394.64774,1223248394.64774,0.0,3479665.1860646172,0.0,3479665.1860646172,h09,5,Katrina,1219768729.4616752,15658240.66937386,1204110488.7923014,1740951178.8709989,141006165.19338748,1.0,0.0,0.0,NONE,False,False,0.0,10400000.0,0.0,0.0,NONE,False,False,-1.1296479624399874e-10,9557344.06438629,0.0,256922124.64995933,R0,False,True,141006165.19338748,1720993834.8066125,faf01e208ad335b1aa2cfde36d1b6484a5e028f6d01e7e37959566a5742f919c
E2A_CRACKERS_A080,LA-0598,598,242e4b2709d58e8d94223acc7cd58866ffb48aeb717b44660a55306eaf0e733b,M2,A1_FINAL_NO_MEMORY_V1,certified,PASS,,,b376d4be6d70f666c3990cdc403305229ad94f9453c2d2a44c9454620f99e4b7,09b955f181489b43197b53c4787e05fb02018fafc5c2652cc76e0cc844ba77c9,0.5,0.8,19137905.85543848,4.0,1.0,1.0,1.0,1.0,4da326ea27df10e5d0133deb4116d68ca836e3d20af03a2d38c01c1259e809db,3,2,2,a49068b224f91169efc08b464a552272da40989b090aa41dc1380c4c07a648ff,P4,1215678719.9426825,1215678719.9426825,0.0,835794.0130240134,0.0,835794.0130240134,h09,5,Katrina,1214842925.9296584,18302111.842414465,1196540814.087244,1720758918.1340766,161198425.93030986,1.0,0.0,0.0,NONE,False,False,0.0,10400000.0,0.0,0.0,NONE,False,False,0.0,9557344.06438629,0.0,269726589.2650498,R0,False,True,161198425.93030986,1700801574.0696902,8b3e2d673e4391da6d23430af74399577bab4cafeacbc46f783298235b6d34b7
E2A_CRACKERS_A080,LA-0599,599,75c0b35c7ab77970b27737bf02625310162af1a4b94f50487a9b3f915b6e8f38,M2,A1_FINAL_NO_MEMORY_V1,certified,PASS,,,75c9155b5a0666fca39f3f55876a0431bca8e5307dca809eed0de242f4873d89,b89d5917a10a3d7bc1fddbb00354f54253e190ba31862528523598de1e62de09,0.5,0.8,19137905.85543848,4.0,1.0,1.0,1.0,1.0,bab2feadfb97e95540f8dbffb099327c1aa2a466f0deaac1af36dba0a74beb2a,3,2,2,a1b9432a2653034a4e35c60bacf4b78190999bfa0b2688bffdf65eba02480088,P4,1204567385.6931658,1204567385.6931658,0.0,8588733.453333642,0.0,8588733.453333642,h09,5,Katrina,1195978652.2398322,10549172.402104836,1185429479.8377273,1691119208.7616997,190838135.30268663,1.0,0.0,0.0,NONE,False,False,0.0,10400000.0,0.0,0.0,NONE,False,False,0.0,9557344.06438629,0.0,241240504.5506979,R0,False,True,190838135.30268663,1671161864.6973133,6432af5867511615a871cec8628f1132264f1a67420cc2ea903e6379df309190
E2A_CRACKERS_A080,LA-0600,600,32247ebd0adf41ed54de7488fdd56421e883bf4141c3cc51b4593283f7fdfbaf,M2,A1_FINAL_NO_MEMORY_V1,certified,PASS,,,23fe880006545c34519c250b574c2e405fedd3a665275e57401d0baae82f9445,9cd0bb5022c8bf78a8cd162a52716128412576d6b779d37fc1f884e00ac8a8b1,0.5,0.8,19137905.85543848,4.0,1.0,1.0,1.0,1.0,385d999c67cc8c4e78d161d55eaee0ab05d8732b3f27f25c0578df8cb23e1fb8,3,2,2,73782724093ea363ac28342f7fb8174babad6f59015794d2c2f5a6d608a17873,P4,1186525477.963261,1186525477.963261,0.0,3262991.5565929306,0.0,3262991.5565929306,h09,5,Katrina,1183262486.406668,15874914.298845546,1167387572.1078224,1880035163.6458855,1922180.4185008684,1.0,0.0,482630.10445216234,R0,False,True,328092.9531902386,10071907.04680976,0.0,2344928.753903032,R0,False,True,1594087.4653106297,7963256.59907566,0.0,0.0,NONE,False,False,0.0,1862000000.0,69808aa493f93551e161b4d353537e3ce4d8a690c3dcd0f87faf5bc993525410
E2A_CRACKERS_A080,LA-0601,601,5dc2452a582b104cfc980de7b4572140337bc86a3279c156a0839b62c8fd369d,M2,A1_FINAL_NO_MEMORY_V1,certified,PASS,,,d9fd59a0b46be5dd63703824311c5232a6e517fc1c88f3aac6900e614a776ada,ce4b0b48f37d3c767ab3093890d94f568aad5c48f06467e6f9f7b4cc295a2b28,0.5,0.8,19137905.85543848,4.0,1.0,1.0,1.0,1.0,c5d24d73c64fcec4198bb8d64040ce5100c3f79fe5ce19601c30523fbd3aa054,3,2,2,c79f1e241b043610707c89cfecdf5c40fc5e1f8418727c9b0ddd249dbda08feb,P1,1228541619.0657356,1228541619.0657356,19137905.85543848,0.0,0.0,19137905.85543848,h09,5,Katrina,1209403713.210297,0.0,1209403713.210297,1871186856.0148444,0.0,1.0,16480386.866021853,0.0,NONE,True,False,0.0,0.0,587094.8447777554,0.0,NONE,True,False,0.0,9186856.014844373,0.0,0.0,NONE,False,False,0.0,1862000000.0,8d61ced47f979450370254b86e2c0a100e4152a00ea1ae3e3123335fa67ae883
E2A_CRACKERS_A080,LA-0602,602,be3b93a2dd22051f3ec5265b175cd27a4d24bf454dc5e4c44e360edd083a02df,M2,A1_FINAL_NO_MEMORY_V1,certified,PASS,,,180f13d70df6000fde02488cea142aab9f00882d71c55dde89f61488fb048bf7,d1a2a41746162a09fdc54b8c85377a62012e6c5da271b3d2bbc2a17602925be0,0.5,0.8,19137905.85543848,4.0,1.0,1.0,1.0,1.0,e7e6c5aee38d0deabcf9a83176e80795b0db330024ecbdae182d95fc149bbafe,3,2,2,ffef24841fb5f868d9e44c460b3d681d8317360d8eb3d1ccd6abe3d45f48d22b,P4,1222388145.8093543,1222388145.8093543,0.0,2770728.018460048,0.0,2770728.018460048,h09,5,Katrina,1219617417.7908943,16367177.83697843,1203250239.9539158,1738656447.654648,143300896.4097384,1.0,0.0,0.0,NONE,False,False,0.0,10400000.0,0.0,0.0,NONE,False,False,-1.0983053306139744e-10,9557344.06438629,0.0,174487646.63119817,R0,False,True,143300896.4097384,1718699103.5902617,37e2786d82277be2daadfd7927157b039a2f0b56a8f960a2852a6ac9c0de5794
E2A_CRACKERS_A080,LA-0603,603,16c165a354e167aabb184bf13b90adae8dd62102f9dd358de4c48835c4a13fa9,M2,A1_FINAL_NO_MEMORY_V1,certified,PASS,,,d55891c84ca338033ccfd687c515cfd93a2b79b08d665976c4442687dd1c397a,51501736355afd5f60dfb289e8851f84dfc8279bab172d7722c091428e135611,0.5,0.8,19137905.85543848,4.0,1.0,1.0,1.0,1.0,2af549ce9837a0b92562d2946698adcd6c3dc62177743f06bdae439fc2d31857,3,2,2,2299c2c62a6f776a252e903114d0417447ff724a4da6b142ea21e690a15b1644,P4,1230150571.305577,1230150571.305577,0.0,4147862.0826731706,0.0,4147862.0826731706,h09,5,Katrina,1226002709.222904,14990043.772765309,1211012665.4501386,1820837394.881021,61119949.18336533,1.0,0.0,13642200.353713732,R0,False,True,10400000.0,0.0,0.0,0.0,NONE,False,False,0.0,9557344.06438629,0.0,66531895.06631241,R0,False,True,50719949.18336533,1811280050.8166347,47ffeab3d6b3a7c035f66f1f73de504fb98a88bde6e02a89b45f76169921f344
E2A_CRACKERS_A080,LA-0604,604,168794ef76dd626f292c5fb78698926badc549c31cf8b72d36a8ddbfae359c7e,M2,A1_FINAL_NO_MEMORY_V1,certified,PASS,,,d314728a712183f48df6c05ede2f40d6c364142bb6b84035220d0a2af1713daa,52c99fe965cdbcedef6004f55c23ee822e3dbd9b4074c77f162bcba5f2022266,0.5,0.8,19137905.85543848,4.0,1.0,1.0,1.0,1.0,122a4d8d5ca143fb21b6365043b205ddf86470fa0b2686aeedff6ab1096069ab,3,2,2,94436b1e88c9978c1c89897c3f83a31fce4303d9c59d390a5cf75afd1b0933f9,P4,1227207672.6364827,1227207672.6364827,0.0,3149549.5755590615,0.0,3149549.5755590615,h09,5,Katrina,1224058123.0609236,15988356.279879415,1208069766.7810442,1751512633.1730232,130444710.89136313,1.0,0.0,0.0,NONE,False,False,0.0,10400000.0,0.0,0.0,NONE,False,False,0.0,9557344.06438629,0.0,211100376.59843698,R0,False,True,130444710.89136313,1731555289.1086369,8aac7e4d35edc0ca5571562fb78aa4f4d27c8fd4f8a57be4381c478c282b2f80
E2A_CRACKERS_A080,LA-0605,605,35bc2e127af5ee8d7fa65789fff7b88eb7732b16601d08fe56f7590f31d9359c,M2,A1_FINAL_NO_MEMORY_V1,certified,PASS,,,f4d92a6c45c570064d6159e4e36167456017564d5bbe7e3da3742d0045ba7c99,6172352ba608ed7695856bc9eb2a74a8ed10d056bc826f7a4b3796508f8590aa,0.5,0.8,19137905.85543848,4.0,1.0,1.0,1.0,1.0,f11f0184a7ee6af1883b8fdc0cd095c3bd6a8b789a772bcd78309a92d04f13fa,3,2,2,dc122a836ac75bad49a09af662f019c72ba66e3e771767e965e9f62f3ece4b51,P4,1215378427.3456619,1215378427.3456619,0.0,9222136.65947488,0.0,9222136.65947488,h09,5,Katrina,1206156290.686187,9915769.195963599,1196240521.4902234,1781432401.389997,100524942.67438945,1.0,0.0,15532250.336799564,R0,False,True,10400000.0,0.0,0.0,0.0,NONE,False,False,0.0,9557344.06438629,0.0,134600304.9238776,R0,False,True,90124942.67438945,1771875057.3256106,8c7fff3d42314eab13d7f2fe050c9884055d6f92d686f8d395dacba165057618
E2A_CRACKERS_A080,LA-0606,606,bd7b30a8ebc2c06b6f0ad0d29f0fe3184fc13d763f2d6be49f3d8d2f61be50f7,M2,A1_FINAL_NO_MEMORY_V1,certified,PASS,,,778bc13649944c72a9a8cf5f062d0d30f4ad10dbd86e69c84ead96919b5d7f22,32011aeb6529c285411462d0d45abf6a819a80914ab5d70bed082770e4fd21d6,0.5,0.8,19137905.85543848,4.0,1.0,1.0,1.0,1.0,47dcf9976c2e1a13cd470f112bad8b63cfcfbafb9d7feef1c3cc971e16eb3d33,6,2,2,5334d76d8744550e16adf65a12b31454b0843f9e218d07b27f1e16e234e4d0b7,P1,1221098222.4362485,1221098222.4362485,19137905.85543848,0.0,0.0,19137905.85543848,h09,5,Katrina,1201960316.58081,0.0,1201960316.58081,1871053135.8971832,0.0,1.0,14211913.303100716,0.0,NONE,True,False,0.0,0.0,689015.6499042829,0.0,NONE,True,False,0.0,9053135.897183277,0.0,0.0,NONE,False,False,0.0,1862000000.0,0db3a7b516ba51240056beca9ce7941cd9438c88392dd0d4e9b164468529605e
E2A_CRACKERS_A080,LA-0607,607,a5dd6d57f2ad3b74589329aeff95f67299f08ffb11b3cf53f16cd23946da86a0,M2,A1_FINAL_NO_MEMORY_V1,certified,PASS,,,e10e7f86e8f83b53a9f48e406b1484e9ad48b72353c1d9704e13f87a4875e2fa,7431b1406f4e22456ba3ba3e18db51fdbd4c6a20e9f0e51ae5c6f48a85099f20,0.5,0.8,19137905.85543848,4.0,1.0,1.0,1.0,1.0,7d9b5f462e14a67a5734b916396b16b07b70c07f0f80d227ffd9e70e4db2ee65,3,2,2,2f16072b43984d9b3309e171c7c3d2bd0b757f67902302a6abb133d04d5ae31b,P1,1229278698.4967318,1229278698.4967318,19137905.855438475,0.0,0.0,19137905.855438475,h09,5,Katrina,1210140792.6412933,0.0,1210140792.6412933,1871200097.597034,0.0,0.9999999999999998,16745060.712978661,0.0,NONE,True,False,0.0,0.0,575203.2485878327,0.0,NONE,True,False,0.0,9200097.597033868,0.0,0.0,NONE,False,False,0.0,1862000000.0,e4dcc989c09b95e46c934258f87ba4ad7baca7006d0862cfffbe929141667381
E2A_CRACKERS_A080,LA-0608,608,e3c04bc7945a0e7475b2f43fb0a410091ff7b96c3a5b919ab6606a9bb8a991c5,M2,A1_FINAL_NO_MEMORY_V1,certified,PASS,,,356b7c540c77523a05ff89b8e23fc0aeb68b2a227da38e95f58debe7feaf3c9c,40ff99ec19d8ad520259863509912077622cfdb085bf2b3c42a46c1dfd1e7d57,0.5,0.8,19137905.85543848,4.0,1.0,1.0,1.0,1.0,1614d9376d9a0063c199ff9383bdc266488c1e7b613ad4c0c0284d31d926f87d,3,2,2,abf442b38fefda3f90d17ebe113fc4c2a2b0a3a22f4c85e9e63c127a43efb93f,P1,1226805959.5980117,1226805959.5980117,19137905.85543848,0.0,0.0,19137905.85543848,h09,5,Katrina,1207668053.7425733,0.0,1207668053.7425733,1871155675.0097473,0.0,1.0,15889000.757665109,0.0,NONE,True,False,0.0,0.0,613665.3762970855,0.0,NONE,True,False,0.0,9155675.009747291,0.0,0.0,NONE,False,False,0.0,1862000000.0,cc35807631b33ecb0354a1c549ff4fb19a01a1cca4a19722eab321e1f5bdae94
E2A_CRACKERS_A080,LA-0609,609,1df79adcd69fa452f4b1aef2cd540518db42a5f2f34a54b0740a4057366b57a1,M2,A1_FINAL_NO_MEMORY_V1,certified,PASS,,,2eec8207676e875f9870464939f993e0ab63c1652057764daf6b2be15ffd3012,818c58c3f4d63674d1899ecaf63c28b3ff3987369ae4d3f31f9be86cc04955d7,0.5,0.8,19137905.85543848,4.0,1.0,1.0,1.0,1.0,c52458ba22ab82c2685e182de6938d38e558ed710b2c038cb410b087bc707322,3,2,2,c0cc0e26e6418b7d2fc8f794949951af5066d971ddb1f672fe4403c61a230cfd,P4,1173393986.568649,1173393986.568649,0.0,1987461.0524807605,0.0,1987461.0524807605,h09,5,Katrina,1171406525.5161684,17150444.802957717,1154256080.7132106,1870196132.5221546,11761211.542231742,1.0,0.0,13374142.84247842,R0,False,True,10400000.0,0.0,0.0,1750484.3850613155,R0,False,True,1361211.5422317432,8196132.522154546,0.0,0.0,NONE,False,False,0.0,1862000000.0,d7e6b80b67fe29593be905f536176d4fe58c6b1820730cb58f196e941978ffa1
E2A_CRACKERS_A080,LA-0610,610,a7f7ceb25853f2b787b8e566376cece273db6419960152c6d53dbe20e69b48ed,M2,A1_FINAL_NO_MEMORY_V1,oracle_failure,FAIL,oracle_failure,Full exact certification was incomplete,af834efc952af96b3a64e9847f235554d8898ad7cf43f3c9c3432d69eec6f08c,8df8ad3c04095f74c19f2a15ca53025363362b779cefb40e916314554b3d1b93,0.5,0.8,19137905.85543848,4.0,1.0,1.0,1.0,1.0,524f3243dbd827754eb30b02343be02da4befa7e7d674c09c15fe42bd6c63412,3,2,1,,,,,,,,,,,,,,,,,,,,,,,,,,,,,,,,,,,,,,,a41716c1c8f8e7a2ca98d3cce82f270941b195669617c744ac4033b068ba7c45
E2A_CRACKERS_A080,LA-0611,611,7f0f205a2367c6b286612b5c83bd466e403a76a853ea3c65e54c168aca01ade9,M2,A1_FINAL_NO_MEMORY_V1,oracle_failure,FAIL,oracle_failure,Full exact certification was incomplete,f19b2408bad3601354e8fa6458470ea109b67ced760febdea67bde39ee25bdbc,c762af0f54c224a43be23b0a1c229155a8e4984f5d53ccdf93d78c29233afe13,0.5,0.8,19137905.85543848,4.0,1.0,1.0,1.0,1.0,22cb79d3259b859ee21a14d0f8f11397250da651ca01397133f9b7321b6d2edd,3,2,1,,,,,,,,,,,,,,,,,,,,,,,,,,,,,,,,,,,,,,,9f266ea756fb9f2f1aeb5cd43e2a6edafce49ee6a46d39ae737f50addbdca58a
E2A_CRACKERS_A080,LA-0612,612,b84ae81cdd7f7acbc672454ccda876cfadfaf23bc60bf592546c5b2f4eb2f576,M2,A1_FINAL_NO_MEMORY_V1,certified,PASS,,,662d1cda5a5a0ad68885b3a60794c55d0bee90e0bd65d4025b94bc46ecc6b00f,63577a11dd6cee7d54c098f978a2ff6de8b39049bdac29a0f7f58eae8bde6066,0.5,0.8,19137905.85543848,4.0,1.0,1.0,1.0,1.0,c27317c113ce7f12ca3263cb26135a5a70c48b2160177b1db4c67ccda970d966,3,2,2,f40df77b7bf8222ac9410a0f9a96e3eb1591ec7c118cdca0d81f92b03df7a28a,P4,1221064286.170459,1221064286.170459,0.0,1768230.3250275934,0.0,1768230.3250275934,h09,5,Katrina,1219296055.8454313,17369675.530410882,1201926380.3150206,1735125025.2290845,146832318.835302,0.9999999999999998,0.0,0.0,NONE,False,False,0.0,10400000.0,0.0,0.0,NONE,False,False,0.0,9557344.06438629,0.0,212133426.40577632,R0,False,True,146832318.835302,1715167681.1646981,d838cced4f74393509ec48d3c9a593e9df3821912c8ff6e8fd1dc39041fd9a71
E2A_CRACKERS_A080,LA-0613,613,d0b071186c66596d06ccec74980b67d1ae45e073b9da77574ee178dcec30e567,M2,A1_FINAL_NO_MEMORY_V1,certified,PASS,,,434f1ebfce8edbc58a3e56c5513f2b53bab0fa418e8327961c46dfd69e19e7a1,ee59eb9887dd7e0cb3d992abf430ce2deb6afd51ff1083cb123c637c633bb377,0.5,0.8,19137905.85543848,4.0,1.0,1.0,1.0,1.0,678bdee1ee3be97be730675b65f10dc89c62129f72bc0457cfbb51d1ef8306e7,3,2,2,ee4278093a795cdb63bd4013558edf0525ad3b1060b822779fb1bbac7b6ece50,P1,1228570021.6464727,1228570021.6464727,19137905.85543848,0.0,0.0,19137905.85543848,h09,5,Katrina,1209432115.7910342,0.0,1209432115.7910342,1871187366.2652888,0.0,1.0,16490430.706660578,0.0,NONE,True,False,0.0,0.0,586643.5825981146,0.0,NONE,True,False,0.0,9187366.265288772,0.0,0.0,NONE,False,False,0.0,1862000000.0,f5b187e803e1e6c8b41cc3cbe005dcf26907d5b8b3ec88ac7160a4179943982d
E2A_CRACKERS_A080,LA-0614,614,6083468c53584df609bc794d6b1cb1da104e8eecf42e278d7660590b146ab9c3,M2,A1_FINAL_NO_MEMORY_V1,certified,PASS,,,2248c921fcccd878697ecd0cdce8753807f597826d073bc4a66cc723652fda5d,b3c0288070c9aaf5b47ca3059670904a7d1d9c9b42d042758ea10f9814d3ace3,0.5,0.8,19137905.85543848,4.0,1.0,1.0,1.0,1.0,c2cb05c71bbf9cbf8458b009d12fb977f264d6dc2c4f0721e86a077d3d7619f4,3,2,2,8cd10833691cdf22dc68694f9a0dd8776f58403da7c93aa95e08f0cf1169b955,P4,1216363292.7322094,1216363292.7322094,0.0,116151.77141580314,0.0,116151.77141580314,h09,5,Katrina,1216247140.9607937,19021754.084022675,1197225386.876771,1870968073.204886,10989270.85950035,1.0,0.0,29298411.02922887,R0,False,True,10400000.0,0.0,0.0,1660067.2931911787,R0,False,True,589270.859500351,8968073.20488594,0.0,0.0,NONE,False,False,0.0,1862000000.0,10224d79f2e0ac6fdea7928f6ad94af27485c3246551bfcb02d7826580e4b292
E2A_CRACKERS_A080,LA-0615,615,57b9187e54af61cd814095dcbfe1528ca3d6853aaa8602ec6f9b4c8e8f6327cf,M2,A1_FINAL_NO_MEMORY_V1,certified,PASS,,,6f8e73c11d08a084c05d7cc17ba6662df7609fd58b5f0938c26dd339d05ae18e,baea7a5cfd343f62ce448589fc18ffd8f9ea95a68ebd8bb19fb921683169b165,0.5,0.8,19137905.85543848,4.0,1.0,1.0,1.0,1.0,3b94278c461b7d7fbbb99aba9a10c4ea207a021273f4127d1c7ccaaa46489885,3,2,2,77f813ce0b6447460219e30703f2b7db378ca974227a617063f682c1b1ab695d,P3b,1233247088.324703,1233247088.324703,11983231.968822332,1976684.596156116,952377.2373527914,14912293.80233124,h09,5,Katrina,1218334794.5223718,4225612.053107238,1214109182.4692645,1871271389.452236,285954.612150294,1.0,18501207.300945394,0.0,NONE,True,False,0.0,0.0,0.0,319421.1759160883,R2,False,True,285954.612150294,9271389.452235995,0.0,0.0,NONE,False,False,0.0,1862000000.0,3734e8af70b3fd20ca7a65b27a0a5ef92df976105f208316174d9b06e3da63eb
E2A_CRACKERS_A080,LA-0616,616,f3a11ade9061f064469e9b94ea58e3da7d6e0ada37a46a81f06d8696b0d7c214,M2,A1_FINAL_NO_MEMORY_V1,certified,PASS,,,6905c8cbb5cef0ee15f3c29670ff9807c9364c375c38f164c571c52d5a9d70fc,e25886657fbd82962abd744a415073ccd6c5a2b7b8b1763416a8c47488f007f3,0.5,0.8,19137905.85543848,4.0,1.0,1.0,1.0,1.0,ff90bfb887b1fc4cfb08ef95be5129808473b4c9360d0fec7e6b901fb1d01ffe,3,2,2,9128c908558a2582a1dcf2c0b2d5046436eb7b56a6259250889cb42fb97c27ea,P1,1224207558.2089214,1224207558.2089214,19137905.85543844,0.0,0.0,19137905.85543844,h09,5,Katrina,1205069652.353483,0.0,1205069652.353483,1871108994.9043095,0.0,0.999999999999998,15078942.382866219,0.0,NONE,True,False,0.0,0.0,650060.6877119859,0.0,NONE,True,False,0.0,9108994.904309481,0.0,0.0,NONE,False,False,0.0,1862000000.0,36f4e14d00b4f4ce7bc5a1a635ff1eff96ba3f1de0ec4d6ab20911631c30ff8d
E2A_CRACKERS_A080,LA-0617,617,d59dafe265604f537375b55f1b3ec24bef30d0f3cbae8ad14a4a1043bdd27c49,M2,A1_FINAL_NO_MEMORY_V1,certified,PASS,,,6c87c4610dd06c3658499fe3b5306ab0a1cd07e6d5d21f5fbef8a5f8a7b69266,d74286ed0c191dbe812986ef6c13650bd0b68b12c950aa9e35d94e1f4d9acc97,0.5,0.8,19137905.85543848,4.0,1.0,1.0,1.0,1.0,886a0564a1c49c8dd310ca913ad6cfe35ac93e8c7f23ee7c28318ae55cdac6aa,6,2,2,823d61ca57f554e4f63b259d72324d49f69b036bd60b00d9276cbaa57c57dbe9,P1,1220909713.443281,1220909713.443281,19137905.855438404,0.0,0.0,19137905.855438404,h09,5,Katrina,1201771807.5878425,0.0,1201771807.5878425,1871049749.345858,0.0,0.9999999999999961,14162542.696402738,0.0,NONE,True,False,0.0,0.0,691233.8340023828,0.0,NONE,True,False,0.0,9049749.345858047,0.0,0.0,NONE,False,False,0.0,1862000000.0,f6219408639e7f83df4dc11361b646852a73552f7370232e5a29bf2e069db3c5
E2A_CRACKERS_A080,LA-0618,618,cc51d9aa8025dc8c3cad333a7d884bcd02747b3bb5b1eb75c4d4790786d456cb,M2,A1_FINAL_NO_MEMORY_V1,oracle_failure,FAIL,oracle_failure,Full exact certification was incomplete,60b0d455257ec51815bfa0574fdb95f7af63f574ad1248e282bb14e6bf0a363f,eb9b77ec111652bfd88e8f386e8c1948fc2aaf3ec06eab5c74679f32ee5d37e7,0.5,0.8,19137905.85543848,4.0,1.0,1.0,1.0,1.0,4b6887f79cf89b6f86bc68f6b4cf1178b9b363d8eda1529e89878abb18b97b4a,3,2,1,,,,,,,,,,,,,,,,,,,,,,,,,,,,,,,,,,,,,,,be829ccb3d49361e1aab3133d8359c4a8db57f6da904541ed565223d523bbac0
E2A_CRACKERS_A080,LA-0619,619,9298f5fa007a94c43db3240911aa6dfca9adba39438ecaaf7df189147ae08773,M2,A1_FINAL_NO_MEMORY_V1,certified,PASS,,,6ebe4071a75f533596f07b7585b2d3c0aae693be0b6b02cd7066e496751b89c2,911fa6345d610d42b0bdf009772aa2479ce99e1a51430ed90a5d6cc38522f848,0.5,0.8,19137905.85543848,4.0,1.0,1.0,1.0,1.0,53616bea65d76781902e7b44b9f84df5f6f4cc7f6d148a129c03d1d4e1a1b3cd,3,2,2,abfde647abf9d6fe2e6ea4a3bc17003122b189dfe5f4b26a99292b4f489bfca7,P4,1179550996.2991662,1179550996.2991662,0.0,4763647.587632186,0.0,4763647.587632186,h09,5,Katrina,1174787348.711534,14374258.267806292,1160413090.4437277,1870306742.7860687,11650601.278317597,1.0,0.0,15612157.58275886,R0,False,True,10400000.0,0.0,0.0,1877363.8682975005,R0,False,True,1250601.2783175977,8306742.786068692,0.0,0.0,NONE,False,False,0.0,1862000000.0,676a26cc31b2bb2a96aa990bdc114b358a039071d6c81080f688b9283504a30f
E2A_CRACKERS_A080,LA-0620,620,113d206617ee4dbb85bf187766801f5ac4031380e8edf58481b89c6578f97fb4,M2,A1_FINAL_NO_MEMORY_V1,certified,PASS,,,83e25351aca77de41087aba4837ffb0c8823bf2254b38b9f8e368e43da7050c4,8ac5dd07d920f81054fd4e9486974b2845cbf99665400147eb8603cf2620b3dd,0.5,0.8,19137905.85543848,4.0,1.0,1.0,1.0,1.0,e1eca98f5520480e48228ed4edbcef8a9d62ca848fcd69343e15e2bd22b966da,3,2,2,6ad53ebdf76323c6865a2c8f6af558c951ad75a49f4dd931115285a8b696a7bc,P4,1210838638.1314547,1210838638.1314547,0.0,3273704.3935306566,0.0,3273704.3935306566,h09,5,Katrina,1207564933.737924,15864201.46190782,1191700732.2760162,1769322421.625253,112634922.4391335,1.0,0.0,13305692.039303295,R0,False,True,10400000.0,0.0,0.0,0.0,NONE,False,False,0.0,9557344.06438629,0.0,130798691.69588158,R0,False,True,102234922.4391335,1759765077.5608666,e15599818d5ae05edeea19c3fead44c2162be3ba9b58671b407c88142a3f2677
E2A_CRACKERS_A080,LA-0621,621,30f4e2b5bdd3e36658139015d040a4b63ff5870c69b61c5fb4b414b7a24e1a81,M2,A1_FINAL_NO_MEMORY_V1,certified,PASS,,,28dd94a6d49c6d71afe389f0750cdea42c3c3d2c53616d110728c7e334528b82,2b274f579f2b06fa69f8823b63832e68dbfd53166474b7944b2b3f03a2819e40,0.5,0.8,19137905.85543848,4.0,1.0,1.0,1.0,1.0,ab75fa69f8443081463b7ed8cd5a95d84d8e011fa62c5614f4d368d3b1818d10,3,2,2,fb4abbbe666d99517d1db7be0deddc202bac6facc16244781eb199d9b9becfaf,P4,1230417914.324083,1230417914.324083,0.0,6316546.004375848,0.0,6316546.004375848,h09,5,Katrina,1224101368.3197072,12821359.85106263,1211280008.4686446,1821550537.8027725,60406806.26161373,1.0,0.0,20088429.645522833,R0,False,True,10400000.0,0.0,0.0,0.0,NONE,False,False,0.0,9557344.06438629,0.0,96592135.51766519,R0,False,True,50006806.26161373,1811993193.7383862,2921df40d1b157b0fb343f5a4d114555309e37cc8f11cab0d3508100cab2bf6f
E2A_CRACKERS_A080,LA-0622,622,b9d0fecb7db75e22ae34b15233cd4e6f0ff155368d8bbb9d347e9e7a27d7434a,M2,A1_FINAL_NO_MEMORY_V1,certified,PASS,,,443ed1e479d428d513df4bcb4d04efe9a24774836487294d2b9da8c3cc0675da,fbea6facb0cc4a3a3daf585554082176d5e0b101fdddbddd3982f3141e5bd90a,0.5,0.8,19137905.85543848,4.0,1.0,1.0,1.0,1.0,992337395ddd404fb25a0e3fdb01701504548d1b1b291690c57abc00e06991c0,3,2,2,4adcbcd0d596fa07c04c84236f28b620777a9cbeb36914a151089b830cbc9ea9,P4,1226399096.1981652,1226399096.1981652,0.0,6169081.727235137,0.0,6169081.727235137,h09,5,Katrina,1220230014.47093,12968824.12820334,1207261190.3427267,1810830258.9777675,71127085.0866189,1.0,0.0,13529659.305349628,R0,False,True,10399999.999999996,1.862645149230957e-09,0.0,0.0,NONE,False,False,0.0,9557344.06438629,0.0,79001612.67585886,R0,False,True,60727085.08661891,1801272914.913381,ddfa93f3006776df5ecab88c109291e251d6334d8c60f18ce7bf695f8cdd1fd8
E2A_CRACKERS_A080,LA-0623,623,3adc26c37f58953be33f2785efbc13949f524d834304a91819216205b5595ee1,M2,A1_FINAL_NO_MEMORY_V1,certified,PASS,,,c745ac33a62a750382f95534785a7ccf4d82ba680ecb0893271bd4d341d60d75,c08627e55df49790a1158e08a6acb8c3baa7eeec9e4badcb12417ddf4f9cff0b,0.5,0.8,19137905.85543848,4.0,1.0,1.0,1.0,1.0,f723640199899ed6265919012eab31a131abfe83deb05680c90a8919f2073def,3,2,2,673aee9cb5335656cadb0fa6064736b92b815623565ed7fe890fac55bd393e33,P4,1226689124.8406093,1226689124.8406093,0.0,1275302.225496627,0.0,1275302.225496627,h09,5,Katrina,1225413822.6151128,17862603.629941847,1207551218.9851708,1880767513.2974415,1189830.766944794,0.9999999999999998,0.0,400873.4039151023,R0,False,True,316752.6886712583,10083247.311328743,0.0,1104943.3631940198,R0,False,True,873078.0782735358,8684265.986112753,0.0,0.0,NONE,False,False,0.0,1862000000.0,7890853aebb7a0260b03c4bd628355ffb38f4c818736a30109c53124cd6e5c63
E2A_CRACKERS_A080,LA-0624,624,a5d87dfc044d99c1808dfa2078b88e7d3fa889603a6fa05613e9bbdf178be0d7,M2,A1_FINAL_NO_MEMORY_V1,certified,PASS,,,3d0c8e513c7faef21d14ceba5ca49aeedef1949037bb2c1122537506a3f3ed16,dde16f4e162cf860d631f2641ca169f2af00e1770bedbdfe02a62161691959e3,0.5,0.8,19137905.85543848,4.0,1.0,1.0,1.0,1.0,222661f577cfd195493f14ee7fd15188ba31a42f579a56b4279bd258bb478595,3,2,2,766c7dd7d739acf7330b291faee0d6fd08b3561a5390a4020cd6a6fcdf1f19e3,P4,1222973358.2668705,1222973358.2668705,0.0,9269179.017621694,982896.9336111357,10252075.95123283,h09,5,Katrina,1212721282.3156376,8885829.904205648,1203835452.411432,1881002769.6969573,954574.3674289739,1.0,0.0,0.0,NONE,False,False,0.0,10400000.0,0.0,1456567.5823575114,R1,False,True,954574.3674289739,8602769.696957316,0.0,0.0,NONE,False,False,0.0,1862000000.0,53ae7c59b32c4152486b2dc3bb8a80ebf7b09bd224e2d495979a4786719c7328
E2A_CRACKERS_A080,LA-0625,625,bed5aca9dd4d16db43ddbe6455bb416e59c283dff8e1e58459181d2870ba59f6,M2,A1_FINAL_NO_MEMORY_V1,certified,PASS,,,1098b47c44edb6a28e1b2ca8f4980134884aaff2910dbc45676de0ac907bd1d3,319feab06a7ec6b3805e1af3b86ecc2695c171057b90c56470de6028c0e11395,0.5,0.8,19137905.85543848,4.0,1.0,1.0,1.0,1.0,0a135c994d900fc99390b3f9c6a6df7c4bdbb7b1ea6caaf78e23ac237711b22f,3,2,2,b6bb5d5b228a16b9e010e84a7808b0ff607799fe98ade649fe1a4f1a87a83a3e,P4,1210954090.312456,1210954090.312456,0.0,473960.0533496066,0.0,473960.0533496066,h09,5,Katrina,1210480130.2591064,18663945.80208887,1191816184.4570174,1708155872.812303,173801471.2520834,1.0,0.0,0.0,NONE,False,False,0.0,10400000.0,0.0,0.0,NONE,False,False,0.0,9557344.06438629,0.0,366791016.6951169,R0,False,True,173801471.2520834,1688198528.7479167,79c28aa6104d782161e1816fc98ac4ad4b11a95c659a92f2b22bcad52cd96ca5
E2A_CRACKERS_A080,LA-0626,626,81b33dbcce8673f59fa5904bd23c93aba001f02b0f5c90d8d13e9f9ae0d7a9f6,M2,A1_FINAL_NO_MEMORY_V1,certified,PASS,,,075be31442f5aa931fb8b4046e8ab36d77895c5096c2f0b4dbdb20c45568faf7,a2cd3878d17d769fee43ef3902aaf0becc9c95b69804b6617fdc3361812f1aee,0.5,0.8,19137905.85543848,4.0,1.0,1.0,1.0,1.0,e923a06914d67ba7fdd0e8df32dd8828ee388dfb990cfadea1f95c9ffe8d51ad,3,2,2,638d4a2721e6dcd1f11430aec1addc0b38f56bdb4b6eb80cc7b9452ef6e34196,P4,1221973070.127017,1221973070.127017,0.0,2825149.6534710107,0.0,2825149.6534710107,h09,5,Katrina,1219147920.473546,16312756.201967467,1202835164.2715786,1737549224.8571203,144408119.207266,1.0,0.0,0.0,NONE,False,False,0.0,10400000.0,0.0,0.0,NONE,False,False,0.0,9557344.06438629,0.0,338344958.1581727,R0,False,True,144408119.207266,1717591880.792734,4491e4adf3fb5a68f86b9bfc8228a1e88e1b90e4578efaba09c4466416d89901
E2A_CRACKERS_A080,LA-0627,627,1f0372d36502fa93f7f7778b59ddfd8636a7835370ee0bc252b1f05e2ea4ad8f,M2,A1_FINAL_NO_MEMORY_V1,certified,PASS,,,09c216713235cc3e398cafc70543eb2a8a0b44b50bc4581c89667b0f188638d3,339576b01a68d473cc3f3349000e69430f29c1bee7845151a96bb57338fa404c,0.5,0.8,19137905.85543848,4.0,1.0,1.0,1.0,1.0,a5d5f78a5daec7881cd18d1b5027e4bd0f573fda8d4fe046a9ea861a60431a32,3,2,2,aba4a7473cdd38150e603613d9e62050655630e9e5a99979f74b17c74724c4cb,P4,1202000377.8948796,1202000377.8948796,0.0,5255130.972285461,0.0,5255130.972285461,h09,5,Katrina,1196745246.922594,13882774.883153014,1182862472.039441,1745746183.2647772,136211160.79960924,0.9999999999999998,0.0,15996667.711535204,R0,False,True,10400000.0,0.0,0.0,0.0,NONE,False,False,0.0,9557344.06438629,0.0,193515320.54941085,R0,False,True,125811160.79960924,1736188839.2003908,ab2641a684068a540181694ba3c0b29feb6195d81b88dc1d6111c2805761eda9
E2A_CRACKERS_A080,LA-0628,628,b5a2a0c146bec94cfa63cfaffc80633f1df8ee53e7f03719d210910befc3532a,M2,A1_FINAL_NO_MEMORY_V1,certified,PASS,,,b7ad02d064702ab789f5589f7e900aea6e1199daa9f099a0be01758b711ede45,3116ce4fb565995a4242d6ddd397b8ed329543b7be5360edf26984237404c358,0.5,0.8,19137905.85543848,4.0,1.0,1.0,1.0,1.0,623add8239162d5707ebbabbce38149e4e2dfc03c061ccd91c752fe615006175,3,2,2,4481208fd9ee0603e4a292a74780466eaba76371c84c0c38bf08ffc6ccde52ff,P4,1231155339.2280765,1231155339.2280765,0.0,4792939.43286492,0.0,4792939.43286492,h09,5,Katrina,1226362399.7952116,14344966.422573555,1212017433.372638,1823517633.6841035,58439710.3802828,0.9999999999999998,0.0,16337605.163717832,R0,False,True,10400000.0,0.0,0.0,0.0,NONE,False,False,0.0,9557344.06438629,0.0,75466713.49734782,R0,False,True,48039710.3802828,1813960289.6197171,9a30db706fe014b3c737b4e1ea6e1e492024553577481807714a99193331539b
E2A_CRACKERS_A080,LA-0629,629,2a0d5e5f26afafe18293160257030cf153fdd99cb38b0d8b7e3947944055a70e,M2,A1_FINAL_NO_MEMORY_V1,certified,PASS,,,a14895d5a19669410ad665f58d93fd753fa81c62e1cf8677c220bcb9fd0286b0,11237ea8a33e00bd869e820d7935303c49fd22235d28ce65e8fc34f7b2b3ce6d,0.5,0.8,19137905.85543848,4.0,1.0,1.0,1.0,1.0,3a931600e4b3387a63847a85e95f99050be26106d36ceaf2a557fc30688a9cfe,3,2,2,ada7aac173d5b6aff9c348647beb985289ae83e3d6ff88aca69424846966b549,P4,1218923483.9571326,1218923483.9571326,0.0,1614935.9579082374,0.0,1614935.9579082374,h09,5,Katrina,1217308547.9992244,17522969.897530243,1199785578.101694,1790888911.770574,91068432.29381229,1.0,0.0,25535266.302590895,R0,False,True,10400000.0,0.0,0.0,0.0,NONE,False,False,0.0,9557344.06438629,0.0,198066336.61875194,R0,False,True,80668432.29381229,1781331567.7061877,b4178353d2097d069fcce87f4242d30e4667952d0f722e7cd10835d747d7c8fc
E2A_CRACKERS_A080,LA-0630,630,2ba9baed29f4b4da99898ac12ebab6c15de57cd95ad01cedebfb430fb8299700,M2,A1_FINAL_NO_MEMORY_V1,certified,PASS,,,e8a27beefd300809b869f96fa8a5b9f5b696a3a2592d956a1eed49cf67336103,c4dde96c4f3c7cd8e0682290c81ae2c9fe324ac0d6ed4213dba0a60b158b29ad,0.5,0.8,19137905.85543848,4.0,1.0,1.0,1.0,1.0,5ef216f2064df1eb8f11c064d213133fd933e2bac7487d08c4d6ba03d693b9da,3,2,2,5d7bbb10bd9fa26d5c9de9cf62bd053f43d84e9988c30c6ab4548537f41be69d,P4,1213952665.337001,1213952665.337001,0.0,5303485.108689167,0.0,5303485.108689167,h09,5,Katrina,1208649180.228312,13834420.746749314,1194814759.4815626,1880840713.5578034,1116630.5065829945,1.0,0.0,0.0,NONE,False,False,0.0,10400000.0,0.0,2673277.48709085,R0,False,True,1116630.5065829945,8440713.557803296,0.0,0.0,NONE,False,False,0.0,1862000000.0,558ad157d61f6cac529899c2ee4c53f36b7aee10957eacfcfd3d9cac1aec0555
E2A_CRACKERS_A080,LA-0631,631,07d3cad6cf5a0d9c3c1ef47e5f6e9390bfdc4304c3135b83808496244f25881a,M2,A1_FINAL_NO_MEMORY_V1,certified,PASS,,,a3c137e1fe4150d132a5e4d89b641620091f9cf590a8531b3a0643a83a730319,7d4d3dc074c38006b6ce940719ba062b655fab53a097782e90a45a2e73f63d99,0.5,0.8,19137905.85543848,4.0,1.0,1.0,1.0,1.0,55b3078e1ec5bdc30ef0a22f494aebb257525f5152952513beaad34ba65bc18b,3,2,2,faee7d90f3b8e9c3703cbc3a2c5b4bb516245e3f4b306729be67dc4281e650b9,P4,1225624361.9278798,1225624361.9278798,0.0,1912180.6538950251,0.0,1912180.6538950251,h09,5,Katrina,1223712181.2739847,17225725.201543454,1206486456.072441,1747289119.7591224,134668224.30526394,1.0,0.0,0.0,NONE,False,False,0.0,10400000.0,0.0,0.0,NONE,False,False,0.0,9557344.06438629,0.0,192189274.72734597,R0,False,True,134668224.30526394,1727331775.694736,159ae539f4ff39baa36c516014996e2f31cf5c2dd5aedc73d0f63bfb7e8ec4c9
E2A_CRACKERS_A080,LA-0632,632,09fa919dce5aca4e4a9326da31ac6f126fe2a5563c26fb6e5b4f3863fa371daa,M2,A1_FINAL_NO_MEMORY_V1,certified,PASS,,,83d769eb9cfb1ac8d15474f82603ce900929dd552c0c56615a8f6ec01e6ea74b,4e226d9511bad6d4be1975df8dca614e6c44d421e9799c448224627f42380e02,0.5,0.8,19137905.85543848,4.0,1.0,1.0,1.0,1.0,6587ee594e3ad3295d18820eebeada1e623abe2e435439db7e601c95f0cd7da3,3,2,2,e5f70002378d28e13d5f515907a118a19fce9b39f3e1633e67af150f7243e7b0,P4,1235609927.7465334,1235609927.7465334,0.0,3919419.0697357124,1741218.7490653605,5660637.818801073,h09,5,Katrina,1229949289.9277322,13477268.036637405,1216472021.891095,1881229784.8140826,727559.2503036718,1.0,0.0,0.0,NONE,False,False,0.0,10400000.0,0.0,1164295.9112328484,R1,False,True,727559.2503036718,8829784.814082617,0.0,0.0,NONE,False,False,0.0,1862000000.0,a61b3a85f25e3b4889c621a85f0313f20e0d02d8e4cb551ac9fe93de045c5743
E2A_CRACKERS_A080,LA-0633,633,633a6a723b977918919fa56852b0aba2c042d2f3438fff7b6bd1d9fbb3cf24a0,M2,A1_FINAL_NO_MEMORY_V1,certified,PASS,,,086c10dbbddb9a0069dd8b92e3c6d01f8c5b0df213a89fcc241bf586c77a550e,a12858c514601a2977bd5c8e4fc5859e284aa1c7518ea6f50d4d5ad2791f7497,0.5,0.8,19137905.85543848,4.0,1.0,1.0,1.0,1.0,d143297f83433b139f4bae8b45f56181b36848f45682c6cbcd6f095e28a5569b,6,2,2,cec5a709903c905da77801cc72c312aee81e6399b4bcd0a30812ed94d3cba2ee,P1,1219943975.937116,1219943975.937116,19137905.85543848,0.0,0.0,19137905.85543848,h09,5,Katrina,1200806070.0816774,0.0,1200806070.0816774,1871032399.9367936,0.0,1.0,13914901.397747755,0.0,NONE,True,False,0.0,0.0,702360.1706518629,0.0,NONE,True,False,0.0,9032399.936793573,0.0,0.0,NONE,False,False,0.0,1862000000.0,84f8f813b4c6a6dd0ec0a57d3b06fc86b550a8e6a739dd2016bdb8f000ef3d8b
E2A_CRACKERS_A080,LA-0634,634,6ba89c16ac37b206f82ca95c1de169efebaaca3744abaf7346380d1b8b390378,M2,A1_FINAL_NO_MEMORY_V1,certified,PASS,,,2ee8d0082f05fe99ec3d78ced287ed854ed565044d1864d2e484fb2068948521,c5209d04daf6e54f7e5abe53d6c137a7ff8b11f480061cd61ec990fdeebf018b,0.5,0.8,19137905.85543848,4.0,1.0,1.0,1.0,1.0,d6eb08b487377457cc4af6cd8542daa7292e33e79b170fa2d7857d260b580e2f,3,2,2,bbeec8197991c4b354a868cb3d6f9aaf6d4ad3e4378ecf4fa47a7935acfc3f2d,P4,1213450744.94648,1213450744.94648,0.0,3000814.284644216,0.0,3000814.284644216,h09,5,Katrina,1210449930.661836,16137091.570794262,1194312839.0910416,1714815749.6636262,167141594.40076008,1.0,0.0,0.0,NONE,False,False,0.0,10400000.0,0.0,0.0,NONE,False,False,-1.2992934911402637e-10,9557344.06438629,0.0,202745305.22504094,R0,False,True,167141594.40076008,1694858405.5992398,c63c674c07065f1c643efdfb84ded769ffce52ddc18a4b067409b98e8b4b15b0
E2A_CRACKERS_A080,LA-0635,635,a4962a555538274a67cfa945b5acb20d72f60a5bbc9c7c8c916af1f972f6fc8e,M2,A1_FINAL_NO_MEMORY_V1,certified,PASS,,,c47ffac42fcc0685a99d1ab01a18de796e784202aba58651c1566b164ea079c0,5460030d8d4b14b371b5bc588fdb714b7a747fff896261f9c4a3434942247d94,0.5,0.8,19137905.85543848,4.0,1.0,1.0,1.0,1.0,43592d7de1ee5c50daee94bc8bbae19bf1be84053fa5c05292a52b16f4f8ed29,3,2,2,3c1d75e9b5d75648781eeb57429d2a43f54f9a225e757c6e835ae844499c948f,P2,1222012514.283299,1222012514.283299,9455884.203826007,3414529.6675893418,0.0,12870413.871415349,h09,5,Katrina,1209142100.4118836,6267491.98402313,1202874608.4278605,1799128962.7900107,72428381.27437574,1.0,14599172.771076124,0.0,NONE,True,False,0.0,0.0,0.0,0.0,NONE,False,False,0.0,9557344.06438629,0.0,166079425.51394922,R0,False,True,72428381.27437574,1789571618.7256243,d995116de8748d1b287e9434ad9c2b8a4d27aa8b94c8009518ed3808a09178fc
E2A_CRACKERS_A080,LA-0636,636,7797de0ff3db60fd6af5b341d4ad5965b4e9d3f131a27235078f0afb56b9ec7d,M2,A1_FINAL_NO_MEMORY_V1,certified,PASS,,,a03d146e861d0a36bd130d3ce1b0114578f94520925f7ac03dc8c2df47164a44,debbfc9750434a696a3431396c0cb0291ded1aad772390849a3127262623f6af,0.5,0.8,19137905.85543848,4.0,1.0,1.0,1.0,1.0,7f60bf047d9c2674598d148c7361ddd7c7e01e0e925b597df5486b3e9cd2806d,3,2,2,07dcbb1b30fb4b7a1535c45520b92f03bca0f9ad0fc24b8d578beee7a798462f,P4,1219017696.813474,1219017696.813474,0.0,5101224.810311049,0.0,5101224.810311049,h09,5,Katrina,1213916472.0031629,14036681.045127429,1199879790.9580355,1871015759.3949058,10941584.669480506,1.0,0.0,13188309.327106668,R0,False,True,10400000.0,0.0,0.0,686787.1296084357,R0,False,True,541584.6694805054,9015759.394905783,0.0,0.0,NONE,False,False,0.0,1862000000.0,0b15de8f3eef2cdf63689559e05a40a4cb4b08bbc6b8c786a81370c78b758b58
E2A_CRACKERS_A080,LA-0637,637,e71b6dc65ca73efe64c962e7f9ab0724f8378067927874baf7145d46126176ab,M2,A1_FINAL_NO_MEMORY_V1,certified,PASS,,,bbc3f2b00fbfb4f9eeafca9fae25fc79afb17872eac4b3f98b274558ff8f54f4,55e99c5163030f3cdfc3a13fd72689b96450ff2e718dbec29f7f60f7b1e2332a,0.5,0.8,19137905.85543848,4.0,1.0,1.0,1.0,1.0,b256f71a5cfa075eafb5b027b3f76474a46b6e689fe2a83af4dd873f32dec8db,3,2,2,eb74a8cbda9a26042036c7deb415010099d12c76953168bb202e04971bd3a24d,P4,1219147526.488505,1219147526.488505,0.0,7498774.84582004,0.0,7498774.84582004,h09,5,Katrina,1211648751.642685,11639131.009618437,1200009620.6330664,1730012029.9187074,151945314.14567888,1.0,0.0,0.0,NONE,False,False,0.0,10400000.0,0.0,0.0,NONE,False,False,0.0,9557344.06438629,0.0,265032896.79715973,R0,False,True,151945314.14567888,1710054685.854321,db41a3446a2b87a3ea4ffdba461cbc0d1bf1b47f26b2eb82bb02cc73cbd4b0cd
E2A_CRACKERS_A080,LA-0638,638,12552ffda333a1c4f0a9c3027dfc500335d8cb4d9f60d2b64a346e70ebeed018,M2,A1_FINAL_NO_MEMORY_V1,certified,PASS,,,19eb1bc84b6755faa707a1e2daaaadbd71000a8e59173bc0dbf5119333f8fcbf,891e78c9fcddc1a802be9a55f1749ee3495c5ad3197e7fbca22050906d42efb8,0.5,0.8,19137905.85543848,4.0,1.0,1.0,1.0,1.0,316a5fbdc9c0a0ccb19dfd48545ba797bca81fbfd162eaf1bd0757234e464af6,3,2,2,0d3975f3aa52c0471c9e2471c79680a0d6b3de76a8a268cb11174511a0dbe0f6,P4,1214608943.0696352,1214608943.0696352,0.0,6275830.657794919,0.0,6275830.657794919,h09,5,Katrina,1208333112.4118402,12862075.19764356,1195471037.2141967,1779379786.4838226,102577557.58056383,1.0,0.0,13000928.923560519,R0,False,True,10400000.0,0.0,0.0,0.0,NONE,False,False,0.0,9557344.06438629,0.0,115230180.23579976,R0,False,True,92177557.58056383,1769822442.4194362,f524ef7eff4d5b6353b52999b824048e422bdbf57f2a8c4d08071491aec178eb
E2A_CRACKERS_A080,LA-0639,639,4a72df578edeb421326e6855903210ae8cc935dd231e6acc2d3b66d5a4861908,M2,A1_FINAL_NO_MEMORY_V1,certified,PASS,,,9d2672b919359af014bf1d0e7d5fcd149ea84e788ccd6a0823954c77fec6bf3a,496cfec3ef38143f40e3d9367135f4a41246f92b0678515765c1cd69e7f2ed8a,0.5,0.8,19137905.85543848,4.0,1.0,1.0,1.0,1.0,2a9776230116121a1c3604fb70320f8d2dd81de6973506e0ae00395c9bb7da9f,3,2,2,c584c26327d6f22bd4f8245c0ccad65698937ec927c96c02eca8e03905242a20,P4,1212957053.1448011,1212957053.1448011,0.0,10549067.587328477,0.0,10549067.587328477,h09,5,Katrina,1202407985.5574727,8588838.26811,1193819147.2893627,1713498816.773958,168458527.2904285,1.0,0.0,0.0,NONE,False,False,0.0,10400000.0,0.0,0.0,NONE,False,False,0.0,9557344.06438629,0.0,311989388.15496486,R0,False,True,168458527.2904285,1693541472.7095716,5750509455b288f2cc2e8b9fdb076e4fd7acf01f4a179c4b4f876cb8814390b9
E2A_CRACKERS_A080,LA-0640,640,556736df794676bfcfdd155f45ceac1062e109abce1a2289402e71788afcd5ae,M2,A1_FINAL_NO_MEMORY_V1,certified,PASS,,,54f8226c639143c50ed242bf4b45a95bc39dc7d3a34a3bc60b714c4aabc0ee60,22baae4bd1c3ecea100739fd53c6cf13a1e9d579543d945982461266f8039810,0.5,0.8,19137905.85543848,4.0,1.0,1.0,1.0,1.0,a98139e40f6d94e79eabc1ed0bda513286ae722aa5f624673d627017ee7c63c2,3,2,2,3198067c805b12f001e57636e8e06657ec4d6a43923bd7ae3ec5ff92f4b8b067,P4,1190542149.769012,1190542149.769012,0.0,4296452.767869761,0.0,4296452.767869761,h09,5,Katrina,1186245697.0011423,14841453.087568715,1171404243.9135735,1653706607.5982504,228250736.46613598,1.0,0.0,0.0,NONE,False,False,0.0,10400000.0,0.0,0.0,NONE,False,False,0.0,9557344.06438629,0.0,328209684.55278367,R0,False,True,228250736.46613598,1633749263.533864,4ecb91868cb0cc0f74d63c6e01ce4af36d258c74eb6f32b0b84f4f9f2819fd0a
E2A_CRACKERS_A080,LA-0641,641,4512c598ef900c7549d2933d16da725602014ce1f53d09c6ef3d34b215f54e33,M2,A1_FINAL_NO_MEMORY_V1,certified,PASS,,,459ba2394084285d4766d9e051a73054f2d488b3cb304eb99adec90a05dde35b,c0c7c0f6742b15d7287f0baf02d7e10062507f8a6281205437f857d2aa1540f5,0.5,0.8,19137905.85543848,4.0,1.0,1.0,1.0,1.0,f72eaa31e793a993c48d598cc2b9f2ea1d8c3c981949f9e643426133d885bf4b,3,2,2,8c65f96fd8205a69f2d02524f9a6240240f34224100e8843486b4e9290402e92,P2,1223152144.5755742,1223152144.5755742,9575106.12942824,583293.6090812266,0.0,10158399.738509467,h09,5,Katrina,1212993744.8370647,8979506.116929011,1204014238.7201357,1802168949.6985557,69388394.36583056,1.0,14783242.44160605,0.0,NONE,True,False,0.0,0.0,0.0,0.0,NONE,False,False,0.0,9557344.06438629,0.0,121432980.04827687,R0,False,True,69388394.36583056,1792611605.6341693,6a9e40dc46bb83d085b2810954b5058ce7ba18e4c04f6e080f1a64d6372306c1
E2A_CRACKERS_A080,LA-0642,642,df36bdc338b56dbdb6049ba0f8338289089a63b99a8d10e273f60fe82107fd03,M2,A1_FINAL_NO_MEMORY_V1,certified,PASS,,,8589f7d4580a1786e86129edad5c86de7593bfe1615e267514659c88dc254f35,838f7b2cf72dadf93254870bff0c3d4d70a6ef253054161c13854ebb2bac251a,0.5,0.8,19137905.85543848,4.0,1.0,1.0,1.0,1.0,2f2ad0b3a7bcca0aad1f7a4903faa07a45a0d838e28946cefc514e79d43db008,6,2,2,9473c2db66c1f7ce9072c4a44dc470795345335ef61f5a9b3f6bd53fd6437e06,P1,1221165897.9019191,1221165897.9019191,19137905.85543848,0.0,0.0,19137905.85543848,h09,5,Katrina,1202027992.0464807,0.0,1202027992.0464807,1871054351.6823528,0.0,1.0,14229721.617536936,0.0,NONE,True,False,0.0,0.0,688215.5357769008,0.0,NONE,True,False,0.0,9054351.6823527,0.0,0.0,NONE,False,False,0.0,1862000000.0,ec336d32f235218c402d3bc0279d4ebd4d906e12c0c8a117d4a0ac654d09ac0a
E2A_CRACKERS_A080,LA-0643,643,476f3dd0902c8ebb208b2a74f433d48c8c604c57c41e863f53fd6f283fa2058d,M2,A1_FINAL_NO_MEMORY_V1,certified,PASS,,,82506e5e4ba0f1cd4f72e1e5932abd8819d47dde2ec00449a695acc2e16e8c58,e5822c66c9d8b493bdd13708175cc94d9d39b9bf9bf21099c97756db0ba7e4a8,0.5,0.8,19137905.85543848,4.0,1.0,1.0,1.0,1.0,9dd280c941fcc82363277ddfcf0f6d1f7530e279ae7591e6011eb5574755451b,3,2,2,b1a5641e9309cd833c003d9c07521ca780d553282066bb0c9c3968d6e7bbb685,P4,1194156298.869964,1194156298.869964,0.0,4725282.602151018,0.0,4725282.602151018,h09,5,Katrina,1189431016.267813,14412623.25328746,1175018393.0145254,1880485073.1714308,1472270.8929554645,1.0,0.0,0.0,NONE,False,False,0.0,10400000.0,0.0,2238724.346670035,R0,False,True,1472270.8929554645,8085073.171430825,0.0,0.0,NONE,False,False,0.0,1862000000.0,9d6cb06016ecb7129851c4186709054fa174a70e2510087c426b9dd602859d86
E2A_CRACKERS_A080,LA-0644,644,103819d6efae8e8d55afb623531c8fcc5caedfe82e8359c199034866e7596adb,M2,A1_FINAL_NO_MEMORY_V1,oracle_failure,FAIL,oracle_failure,Full exact certification was incomplete,9f49cded8a37416183527ece81833b590ead8de4e5bbe5f2e3714742e8797aa0,923e1e2b57610fc7740e2fd24a768713c9758a7184ac2a373f934d0a1a48a9a3,0.5,0.8,19137905.85543848,4.0,1.0,1.0,1.0,1.0,55530d5ec4d1dc153ea85f683528b9b775504b6c14bd8aa79d05a7388e63a372,3,2,1,,,,,,,,,,,,,,,,,,,,,,,,,,,,,,,,,,,,,,,42ef23940860d9fe4b371aa077e0387d82c94f2db712915ce2652d5f95e7c4e6
E2A_CRACKERS_A080,LA-0645,645,491eaa63b3f4abf29305ce1314ef34b5062b2ed3d78ba7986c583a977115529f,M2,A1_FINAL_NO_MEMORY_V1,certified,PASS,,,5058dfde1abda7175ec400d7e1e791f7ad56b16cf4e21f8c2e9809d0714ffd94,7ce3c0e70150c12389e9b6ddbfb4ec4e88c7a2b3586e190a13c484f25f7f94ce,0.5,0.8,19137905.85543848,4.0,1.0,1.0,1.0,1.0,7787d1cf1c772cab484af44b98004483149b99e4e91452573c5d4e48c5c696cb,3,2,2,ca2ba6e1aab31d974d35fd3eabc678991d50ffae029eb40e5b9311eaee2566d2,P4,1205477404.6309388,1205477404.6309388,0.0,7639044.1677242145,0.0,7639044.1677242145,h09,5,Katrina,1197838360.4632146,11498861.687714264,1186339498.7755003,1859758998.2914684,22198345.77291793,1.0,0.0,12971176.144869573,R0,False,True,10400000.0,0.0,0.0,885731.2305274339,R0,False,True,710159.5641447466,8847184.500241542,0.0,13829501.580876011,R0,False,True,11088186.208773185,1850911813.7912269,f68dae9135b9ceb421b44bec3b2d294c69d4ddc2b9d6ce5c9b37391529ebd515
E2A_CRACKERS_A080,LA-0646,646,22a0bacd90599d7c88030899afc42006c5478242a84e990047e8e3cd7ed3a54e,M2,A1_FINAL_NO_MEMORY_V1,certified,PASS,,,08c596ed354475b3c686132f22c3f6fb5a117ed874bcb4ebca2d844f5bd6e865,6e5490b82cee806964808b97afa9ddfd6b0bc4b9362c1563f0c71f80640d4e10,0.5,0.8,19137905.85543848,4.0,1.0,1.0,1.0,1.0,bfbc51654c3215ee61ab8c91d5594ff29f603a0dba02fc2a8529bd52c60a50bd,3,2,2,0887fcb321c636e1e7f0e23e3401c2d9e861ab1e3fd289bdf21f046c1060957c,P4,1217994669.9729517,1217994669.9729517,0.0,2202007.293225724,0.0,2202007.293225724,h09,5,Katrina,1215792662.679726,16935898.562212754,1198856764.1175132,1726936761.7914314,155020582.27295488,1.0,0.0,0.0,NONE,False,False,0.0,10400000.0,0.0,0.0,NONE,False,False,0.0,9557344.06438629,0.0,255190639.58896714,R0,False,True,155020582.27295488,1706979417.727045,ff5989c7baac43b9a337a23360a115f827bdecf087a9cbdc1b5f5ba11fac3f84
E2A_CRACKERS_A080,LA-0647,647,9f75b37c7ea35e63988ae11a092a8defc68ea622b5abe84163c8de5e4133e10d,M2,A1_FINAL_NO_MEMORY_V1,certified,PASS,,,27b7af0e907d45690f1401d050159f44c6eb462587690e03e15cf3bf08965972,f74909dee6624bcf06043e4d6c2774dee54e2be4fb9309b920c53e19aa4ffbf6,0.5,0.8,19137905.85543848,4.0,1.0,1.0,1.0,1.0,81a23954804248c22b266adc6796a3f3cb71bb3f67648e8eb629552cdb381981,7,2,2,0c5cfde8ce4e14b93987ed491ae1c6de0be96268f6a664c8d7de24ad0ee5bf9e,P1,1221137618.0575635,1221137618.0575635,19137905.85543848,0.0,0.0,19137905.85543848,h09,5,Katrina,1201999712.202125,0.0,1201999712.202125,1871053843.6368592,0.0,1.0,14222274.553538851,0.0,NONE,True,False,0.0,0.0,688550.1267419092,0.0,NONE,True,False,0.0,9053843.636859102,0.0,0.0,NONE,False,False,0.0,1862000000.0,e4caf783e72b35ea5e7d44f931d8ad47470e371f5f3716d744b22d231d08b099
E2A_CRACKERS_A080,LA-0648,648,11c1b64f15bc6da32ddaf8da712da6024392b6c8099fcdbec7dd43ca9c10688b,M2,A1_FINAL_NO_MEMORY_V1,certified,PASS,,,ff0023df36292f0b0407650fe2b3a750be421fd363132688b122a4721f20ab92,1c3db9515d7ba1050621a2de273f2f2d600cfc7206d06f9258dcd6a554542bb5,0.5,0.8,19137905.85543848,4.0,1.0,1.0,1.0,1.0,53d0493b7659b8b02ee29dca6067cebc3dc174e22bf2e7ba005d4ac524533a53,3,2,2,64c3f5e79baac34c581473190c895ee18d457fa9af198c1d237a283723d32149,P4,1227318467.49491,1227318467.49491,0.0,3043143.584515093,975701.7944808035,4018845.3789958963,h09,5,Katrina,1223299622.115914,15119060.476442583,1208180561.6394715,1751808180.7040389,130149163.36034743,1.0,0.0,0.0,NONE,False,False,0.0,10400000.0,0.0,0.0,NONE,False,False,0.0,9557344.06438629,0.0,174416154.0676397,R1,False,True,130149163.36034743,1731850836.6396525,7d8571aef3b98d6a6bb0ae1d6f4a613466acc609d3be3e51f1524a70feccd86a
E2A_CRACKERS_A080,LA-0649,649,8bdb499cfb7da607adb470d692cc7569cfddef59031fe66cd17753dbcc98d428,M2,A1_FINAL_NO_MEMORY_V1,certified,PASS,,,c977bf7280ef8e51303d53e0dcce4402fd68d3ab484164fc57f425e8d9673ea4,c8abdf3f219000392c58a738c717fb8c88fcff0fa6c4a9143e69ea9b22db4d6e,0.5,0.8,19137905.85543848,4.0,1.0,1.0,1.0,1.0,0d8566504f55f5ae9032fe0be16d70bb97c97637411b78cebd04838caa11c327,3,2,2,867adc830a7321f0a024de5d258cae7adad8bd43d70abea4bfcbd5594467f938,P4,1180395423.052388,1180395423.052388,0.0,3780087.629485925,0.0,3780087.629485925,h09,5,Katrina,1176615335.422902,15357818.225952553,1161257517.1969495,1626640008.3755019,255317335.68888453,1.0,0.0,0.0,NONE,False,False,0.0,10400000.0,0.0,0.0,NONE,False,False,0.0,9557344.06438629,0.0,369454459.2992035,R0,False,True,255317335.68888453,1606682664.3111155,3228af1730d61b1a0e14a699188c8d62cd8d2b036a5aada87b27144c8e142c11
E2A_CRACKERS_A080,LA-0650,650,896e1ab448726f2971ba9a04b3ebaf173c1cdfc6a202764ddb5b4de5a49689f7,M2,A1_FINAL_NO_MEMORY_V1,certified,PASS,,,8967875cf1311954c835d8ecff8b78e42376a0a17876cb7d9afd27d061c3d9e5,124f37c6e6a2bd256a75b71b8219d476403ad8efaf0bae6c04160baa7cba9d17,0.5,0.8,19137905.85543848,4.0,1.0,1.0,1.0,1.0,bd19734782f38b24ccbf024810a8d06ecf86589595b6ae3e100813a2d9bf736c,3,2,2,7d6fd293d8c2b1eda364b1c4deff0dc84418303fec6ded9d0972a13f0e36e044,P4,1173592870.5655491,1173592870.5655491,0.0,172172.9871782699,0.0,172172.9871782699,h09,5,Katrina,1173420697.5783708,18965732.868260205,1154454964.7101107,1870199705.4597247,11757638.60466168,0.9999999999999998,0.0,15656541.240527626,R0,False,True,10400000.0,0.0,0.0,2043838.923424806,R0,False,True,1357638.6046616805,8199705.459724609,0.0,0.0,NONE,False,False,0.0,1862000000.0,c9a44fb8c64fd2dfb9390f6509d41cdf14dd0a9df82186d63e971b84561ff6c5
E2A_CRACKERS_A080,LA-0651,651,c486e6a3009e360e307e99848a7b8540e0c6bd938c9884e3af76cf8be54c6799,M2,A1_FINAL_NO_MEMORY_V1,certified,PASS,,,4ef2b06806ba81327cd18be533bb98bbcc4f4e91b0a70e6ff67d76e09ba70287,2cb4931766de971a9957586fffe2a2e6abd0a8f25c3cd11464c957d24b52a94d,0.5,0.8,19137905.85543848,4.0,1.0,1.0,1.0,1.0,58d2c01de49447201eff0dcc7acc9d45d3d2a38a82e81f6dfc52b2cfb7062a0d,3,2,2,581f3155636f6f19a0402733a5e3be08cf2895d0166c7593bc97d4698ff2bca5,P4,1228746933.3691587,1228746933.3691587,0.0,4692748.285290682,5512401.830279849,10205150.11557053,h09,5,Katrina,1218541783.2535882,8932755.739867946,1209609027.5137203,1755618642.3831067,126338701.68127963,1.0,0.0,0.0,NONE,False,False,0.0,10400000.0,0.0,0.0,NONE,False,False,0.0,9557344.06438629,0.0,135743770.0551011,R2,False,True,126338701.68127963,1735661298.3187203,f67f0aee5012076b921a6a45de2439a332d141c7f620b63fbf13bff4f7e36f7a
E2A_CRACKERS_A080,LA-0652,652,618cb1f836844a095ccc3291336c875b65e64fd8ef9b62a3c3e1ed575c4e7c36,M2,A1_FINAL_NO_MEMORY_V1,certified,PASS,,,b3a50025d09cb997d52a75abb55a2183852aa2f56810d62a047cee2925e6f12e,0de1d403a6c4d8a84dd4bea3abf1acfd40740fb022493c6818cd9c0928fe45e9,0.5,0.8,19137905.85543848,4.0,1.0,1.0,1.0,1.0,696ac124dc3c239d8473a9e376b67e27b115124687196fb6ebd34bec8a9e7281,3,2,2,590165c368e9c7fa6e037e34163cf524c2d5c5ac280ad7abc62a98d832bd3949,P4,1231177187.513909,1231177187.513909,0.0,3308871.985677693,0.0,3308871.985677693,h09,5,Katrina,1227868315.5282314,15829033.869760785,1212039281.6584706,1823575914.4294958,58381429.634890534,1.0,0.0,14011948.15646643,R0,False,True,10400000.0,0.0,0.0,0.0,NONE,False,False,0.0,9557344.06438629,0.0,64645510.049733475,R0,False,True,47981429.634890534,1814018570.3651094,70a37cebb981971ab26f548a25e18a940f191ba5e11c6c721c189fd1b697a397
E2A_CRACKERS_A080,LA-0653,653,195798ab08b968fb6c4ee37bb25c36d5da051d533e0131a34d45e6918a9dcc43,M2,A1_FINAL_NO_MEMORY_V1,certified,PASS,,,39553c7e7720d787a5d9e81ac69122283a5b3b01d8849ba1e60b6501431a59c7,f67c36bf8678d316d629cc373261e160a3ad39177d226705040accaf5ac88f7c,0.5,0.8,19137905.85543848,4.0,1.0,1.0,1.0,1.0,a1a1c1e09d1fb63388edfc931b3ffb23c658e4d7e1220033f46e84a44d637c7e,3,2,2,4b8f3697cb5deb7e62cae80a84cfa9a090f924e6173a9038f18f28bce61bd704,P4,1204080203.9180856,1204080203.9180856,0.0,10018807.359378671,0.0,10018807.359378671,h09,5,Katrina,1194061396.558707,9119098.496059805,1184942298.062647,1689819641.499962,192137702.56442422,1.0,0.0,0.0,NONE,False,False,0.0,10400000.0,0.0,0.0,NONE,False,False,0.0,9557344.06438629,0.0,304494421.3113062,R0,False,True,192137702.56442422,1669862297.4355757,e34f9e7eb163cfae250ba85512099b394dc1bacaf4421724a89e30e0b7cf5e17
E2A_CRACKERS_A080,LA-0654,654,4ef1d9df69d5d7130d3d42e294c1182123f2593437574be71ff64cfbe18e8424,M2,A1_FINAL_NO_MEMORY_V1,certified,PASS,,,3bf09e214e4cd21187313996cb0ae74afbf26467ae5ff898b7ad013cfd4d1e8d,6daf25212f4c17aafd559619767cccade067337e2fb03da9a5af7bd4f2a25ce9,0.5,0.8,19137905.85543848,4.0,1.0,1.0,1.0,1.0,6c44c6c37746a36ff1ce98aecbbc78bd2f257e6212315adfcfb723cd27fdb4a2,3,2,2,18b46a994648e49ad1e8d9a79d762da93fb65b19787ccab979a65ef6b074b532,P4,1233140816.294296,1233140816.294296,0.0,4798686.507158036,0.0,4798686.507158036,h09,5,Katrina,1228342129.787138,14339219.348280441,1214002910.4388576,1767339414.163776,114617929.90061037,1.0,0.0,0.0,NONE,False,False,0.0,10400000.0,0.0,0.0,NONE,False,False,0.0,9557344.06438629,0.0,140517193.10517624,R0,False,True,114617929.90061037,1747382070.0993896,83c0dc371c0ff5f2c8eac96f9e28022079456a8244318ef5c4facde2600a6782
E2A_CRACKERS_A080,LA-0655,655,45489cb4e0a7fca0bb86ea1f9af348ada1ccef4291e4db2c2a29812789df4bca,M2,A1_FINAL_NO_MEMORY_V1,oracle_failure,FAIL,oracle_failure,Full exact certification was incomplete,377980724628596c14e2c546112030a89d7524c46923d92003120baba8db5f2f,2018ed779c79734026b57facb6c8560ded17ba137e1189e244f5b773607f59be,0.5,0.8,19137905.85543848,4.0,1.0,1.0,1.0,1.0,ff02cf41fca7f93e713f4c4e3169dbcd3fc76375d51ce659cce5e049b4125d39,3,2,1,,,,,,,,,,,,,,,,,,,,,,,,,,,,,,,,,,,,,,,0c113af8833b81cf62560cc6cc4c564fe4ca52613b84462211f3007a9b88c433
E2A_CRACKERS_A080,LA-0656,656,e0d4ce5e0d8d85d543955719abd8351ccac93a90d05264c33c1df52a3cad0e0c,M2,A1_FINAL_NO_MEMORY_V1,certified,PASS,,,a1a2449fca5364006e3065bb08615f28041013ac52125e0b368f6df743a260d3,14903d138e0cfe5097c6ef8da99cc0d97024fc5d970aab3fe02cca659ad5e28e,0.5,0.8,19137905.85543848,4.0,1.0,1.0,1.0,1.0,1687584ace12a401e5516533926084dbf7296aaa40e67d2929cb765b31b50485,3,2,2,c73aced6d4994da541aa45aa6e57ca02d124af9ad7e58bcf2483679dded38ca7,P4,1222364399.6860554,1222364399.6860554,0.0,8675861.837021727,684119.5403633537,9359981.37738508,h09,5,Katrina,1213004418.3086703,9777924.478053398,1203226493.830617,1880991829.797187,965514.2671992935,1.0,0.0,0.0,NONE,False,False,0.0,10400000.0,0.0,1811449.3483419488,R1,False,True,965514.2671992935,8591829.797186997,0.0,0.0,NONE,False,False,0.0,1862000000.0,a9bf9c62c1ce08455f35673b505cef842d4bf2e07ab70ae847a68895e5418cf3
E2A_CRACKERS_A080,LA-0657,657,f9ef6ee3c5c9a319a187f6339c5aee9e0c4c0419506a224a9a90dd598c9e874c,M2,A1_FINAL_NO_MEMORY_V1,certified,PASS,,,f1b9debf0ed74a7215a51841f4d6bec999aeda958c8e58ac54f0ba0c51d82a63,e50b77d59e759461c98cefca3c8aef3c1551409ca94567dbe57cc516dbfda50c,0.5,0.8,19137905.85543848,4.0,1.0,1.0,1.0,1.0,a5c5421c3087e56387246bd2ac3827d840167e9e79104e48732c1b23a09829ad,3,2,2,de46a6bae13a508585dd190f2603761e2cc8c9932e6a72cdeb88ad29739c239f,P4,1214988701.2890565,1214988701.2890565,0.0,5255763.228888918,0.0,5255763.228888918,h09,5,Katrina,1209732938.0601676,13882142.62654956,1195850795.433618,1780392799.2330263,101564544.83136006,1.0,0.0,24275465.522900835,R0,False,True,10400000.0,0.0,0.0,0.0,NONE,False,False,0.0,9557344.06438629,0.0,212794400.47736812,R0,False,True,91164544.83136006,1770835455.16864,0849d1a756b89f34cd5405f979c4932f81aeff8c0266212c83a73d366f4eed48
E2A_CRACKERS_A080,LA-0658,658,a06ac5f944e152077f015a26b4594a06abac302d9ee8d12168cc1855c3b7c784,M2,A1_FINAL_NO_MEMORY_V1,certified,PASS,,,5e293378b4d985567e85c30405738bb44d5002045b513c603f0fef6141a28443,7c0a5f3fd1cb68dcb8420621a5bdd07be609b3ba239e08e576173836c5c8b61e,0.5,0.8,19137905.85543848,4.0,1.0,1.0,1.0,1.0,a8e6a58db3508d9750292ed28f6b99a3e7ea92ef440aeb3a788edbfc57b2fdf2,3,2,2,2883839dfce0d836ef0e1b95646ff3e5876d38d1648e0f6096365005108e53d4,P4,1197577802.7998314,1197577802.7998314,0.0,7295605.1064479835,1015170.9554537579,8310776.061901742,h09,5,Katrina,1189267026.7379296,10827129.793536738,1178439896.944393,1880546540.2584147,1410803.8059716444,1.0,0.0,0.0,NONE,False,False,0.0,10400000.0,0.0,1711108.9069772817,R1,False,True,1410803.8059716444,8146540.258414645,0.0,0.0,NONE,False,False,0.0,1862000000.0,f99de1b8affd495cc622181a945303f5c2fa8974ee41900f5dfc5c56566ebd3b
E2A_CRACKERS_A080,LA-0659,659,ff2742c89e2584765813c265a87b00bcf2298dc47b57a0723381f98b2e85b160,M2,A1_FINAL_NO_MEMORY_V1,certified,PASS,,,3884ca6e9c322aef6ff41bf5ff52d187a90d736e1afedd36921b6e47b09a0f5c,d55bb1ec4a901f41b533254f55096ac62c7444fd09f7a30e8b0dae6435990b45,0.5,0.8,19137905.85543848,4.0,1.0,1.0,1.0,1.0,3d15eb5658d2cf6b4c36fc8e23f4af8ac23b92ebb59575d694e4b96899419f52,3,2,2,ebfb2c8cee6384c98bcf12af4cf8d321af3f2a5236bdaa8dacdc9dc486c49a52,P4,1221788283.2369628,1221788283.2369628,0.0,5064321.646607061,0.0,5064321.646607061,h09,5,Katrina,1216723961.5903556,14073584.208831416,1202650377.3815243,1737056302.0816877,144901041.9826987,1.0,0.0,0.0,NONE,False,False,0.0,10400000.0,0.0,0.0,NONE,False,False,0.0,9557344.06438629,0.0,335214422.3414589,R0,False,True,144901041.9826987,1717098958.0173013,f7de756f10b65ab8b96c19fdd1aea3dc4f8ff8c2a63e3fd647892f0c92c22221
E2A_CRACKERS_A080,LA-0660,660,14a609fa2b4cae99483035bbbc217a5848bba0547b137dfdc5f0bc4a8c2c9097,M2,A1_FINAL_NO_MEMORY_V1,certified,PASS,,,62a56d373a043be627bfeec3c4b45f1879c861d25473da7c6fd266f0dd6ed0e3,7d5cd27c8ccb8cb77953a1598a95deeaec1d06cd1210dba50ba77b9a2723219f,0.5,0.8,19137905.85543848,4.0,1.0,1.0,1.0,1.0,c5af3a78b385a272e607b9446934438640b1b7ba0892af4ec9ed468bfdd4f5ba,3,2,2,7d336afcfeae798d018db97d59c7121909461efef6d2406c33d464c23aaa7502,P4,1181746087.2291002,1181746087.2291002,0.0,2473729.260722154,0.0,2473729.260722154,h09,5,Katrina,1179272357.968378,16664176.594716324,1162608181.3736618,1879956128.8555224,2001215.208863857,1.0,0.0,477830.3163157262,R0,False,True,320933.0652732655,10079066.934726734,0.0,2501735.829207628,R0,False,True,1680282.1435905914,7877061.920795698,0.0,0.0,NONE,False,False,0.0,1862000000.0,775ccccf62b85ce1586c025e17711946f3ab6e77d01734a9aab804caac570efa
E2A_CRACKERS_A080,LA-0661,661,49ff78a183a4c1d8000619d9ba5e880a1c0353490469ac3a78684199f5d38ab8,M2,A1_FINAL_NO_MEMORY_V1,certified,PASS,,,eb5718ebc222e0fb51b5c22596024dc4a792ac3bafbf6a2e245b743dee5fb386,4034f938c198c4a5a9be4402cbd50d7d137e81c2079477f56ca085c488b9228c,0.5,0.8,19137905.85543848,4.0,1.0,1.0,1.0,1.0,63c176c9f66458c24ae5beab1de874e95487f837083daed1db81b23e0ead070a,3,2,2,8b42aabca54f48db253edae0e7597293f5244e073a02e9d84b163ad8972ca8dd,P4,1213911635.514469,1213911635.514469,0.0,1701761.5208502465,0.0,1701761.5208502465,h09,5,Katrina,1212209873.9936187,17436144.33458823,1194773729.6590304,1716045184.5974422,165912159.46694413,0.9999999999999998,0.0,0.0,NONE,False,False,0.0,10400000.0,0.0,0.0,NONE,False,False,0.0,9557344.06438629,0.0,510886805.67903525,R0,False,True,165912159.46694413,1696087840.5330558,a16d44f15a0d79c549e11cd30d51554fab7b5126b287ff3a9769a93977ec1547
E2A_CRACKERS_A080,LA-0662,662,7528e40a00262a4e0a2dbbc3afdb22346360eeda109b1066d365a1c10db747f1,M2,A1_FINAL_NO_MEMORY_V1,certified,PASS,,,4aa04d611a33ac6505d4d39889c69c30424e2a273cac9b8b6d7f4fb60e125d9a,962d3009f1104016d3bc2eaa3b7c25f4caa006eafca039b90bca9a0cb478a5a7,0.5,0.8,19137905.85543848,4.0,1.0,1.0,1.0,1.0,ca204d801adc206128f3f360b8c3ad1d47d853d8f0b11a6e2ace47e3801a2efa,3,2,2,4acd824c9527c8bbcce69ce97513893efa70b5a490f6519f039b3d193ba3788c,P4,1171464987.398077,1171464987.398077,0.0,2279874.5195441535,0.0,2279874.5195441535,h09,5,Katrina,1169185112.878533,16858031.335894324,1152327081.5426385,1602817890.2195296,279139453.8448568,1.0,0.0,0.0,NONE,False,False,0.0,10400000.0,0.0,0.0,NONE,False,False,0.0,9557344.06438629,0.0,430440731.8526531,R0,False,True,279139453.8448568,1582860546.1551433,099e3cd155f067bedd63f75052ea891bc7827ad744b78e16badad6e32a85aeae
E2A_CRACKERS_A080,LA-0663,663,1c934d645b4f92e9294648171da37858a2e83fadae65ec86d01c14f73ec9ebf0,M2,A1_FINAL_NO_MEMORY_V1,certified,PASS,,,3493fe85f879f05f2c1958d30bd86a87e2601b2aebbbb9a0c5a675672d305d76,4491b7ea4854417e2def1e14ee0af765599b411384f6454f5cbfdddd7153efde,0.5,0.8,19137905.85543848,4.0,1.0,1.0,1.0,1.0,3d6c1fc08aeb20bd085f934bb3f61208cd4c41f1ff46cabaa1888630a37bcb14,3,2,2,f58ca87f481272678d46d4efd43bf516628d62d4bd97d4200d289b18a7521250,P4,1217419677.268459,1217419677.268459,0.0,7355452.177649954,0.0,7355452.177649954,h09,5,Katrina,1210064225.090809,11782453.677788522,1198281771.4130206,1880583823.9725764,1373520.0918098283,1.0,0.0,435575.34998157556,R0,False,True,334754.9008449553,10065245.099155044,0.0,1351617.289130485,R0,False,True,1038765.1909648731,8518578.873421416,0.0,0.0,NONE,False,False,0.0,1862000000.0,6ec60d14f21e80f8de54cc2b54dc65ca1cbb3b8c8e459a4e043474701205a577
E2A_CRACKERS_A080,LA-0664,664,5497f1c9a446434f8dd9be045670011511bc6bb3d13d795ab51e1e389b7e6bc4,M2,A1_FINAL_NO_MEMORY_V1,certified,PASS,,,9d12ff29cf7572be4fd64c12fae1ebde5a10f85b828e0e1c27b238de46aa8bf6,dc5a4c02406cf240f472b5f5e289b40063329565cf5a713e70a3418fbd4d6822,0.5,0.8,19137905.85543848,4.0,1.0,1.0,1.0,1.0,071c27d1397128085a4b507c44c35e33741b776290e465cfd0a6433a3f5c6959,3,2,2,9f306c2d1ba7b6761253e25c4aa9c1b00033b5d5152d99521576116caa810fa6,P4,1229764698.0617654,1229764698.0617654,0.0,6076667.214618967,0.0,6076667.214618967,h09,5,Katrina,1223688030.8471465,13061238.640819512,1210626792.206327,1881124775.6576302,832568.4067560991,1.0,0.0,0.0,NONE,False,False,0.0,10400000.0,0.0,1029807.8230045033,R0,False,True,832568.4067560991,8724775.65763019,0.0,0.0,NONE,False,False,0.0,1862000000.0,50c8a69149ce1b7e7099b935a7c75b6dc648c1bc93ef84a2a5121965d0450797
E2A_CRACKERS_A080,LA-0665,665,cfc4590f21baaefd8421013da22da811289c9a85a408dbc4caa38817492f1bbd,M2,A1_FINAL_NO_MEMORY_V1,certified,PASS,,,5ca33868df97606dfb14716b0024912fee03ef1529e761dbae21286a435fd4a5,fb8f04c9985b1ac7133c8280fa605bce09e27d87a4db742edae91a7c42e4e1bb,0.5,0.8,19137905.85543848,4.0,1.0,1.0,1.0,1.0,a2f77d54ce2fa0f5295845de9b9f39a6fa20c0e9b7846edca4925144ccc3dae9,3,2,2,76d113386de71877697fe6a0f4e72fdf62b3a148cc264d7777b2d9af6d935858,P4,1212215496.624901,1212215496.624901,0.0,5079806.335908791,0.0,5079806.335908791,h09,5,Katrina,1207135690.2889922,14058099.519529687,1193077590.7694626,1772995219.5697854,108962124.49460092,1.0,0.0,16802515.079632297,R0,False,True,10400000.0,0.0,0.0,0.0,NONE,False,False,0.0,9557344.06438629,0.0,159239575.29818538,R0,False,True,98562124.49460092,1763437875.505399,22ed9554616684da0f5743d44e76fe0ee85634dd61cf59cbb39ed51fc115d54f
E2A_CRACKERS_A080,LA-0666,666,8f0afc448251b9df2ad2a2757a0b6fcc90ee3b5d73cc8dd1149a9974aa13aea2,M2,A1_FINAL_NO_MEMORY_V1,certified,PASS,,,e77d490d45bc95b94210d9f67f3fa06013257f97e41a4f56ba57d124c5254b12,71a256339bee36e7c2d650d5132d4f92e7d4e03e3ecf42f5a73a8fd0f74fb03c,0.5,0.8,19137905.85543848,4.0,1.0,1.0,1.0,1.0,b40b168b7398fa31002ed8702d8668d72999e8f92b599889475ccb7c729fea81,3,2,2,e0ae74414bcd506035158b2013db6f1adc41f1bc35c2f2a11592c2c6cbe5688b,P4,1221675364.1197798,1221675364.1197798,0.0,59909.44005527173,0.0,59909.44005527173,h09,5,Katrina,1221615454.6797245,19077996.415383205,1202537458.2643414,1798229607.8937259,83727736.17066057,1.0,0.0,23258650.954127364,R0,False,True,10400000.0,0.0,0.0,0.0,NONE,False,False,0.0,9557344.06438629,0.0,163990790.4663206,R0,False,True,73327736.17066057,1788672263.8293395,1b0a67899c36c44a180bdb6054a74e7d94a510a22b7e76ef9209304261d5eaa0
E2A_CRACKERS_A080,LA-0667,667,1547ef812fe1610f17432bfb8261cbaaad6687ef6302d7e94639761d2c20548a,M2,A1_FINAL_NO_MEMORY_V1,certified,PASS,,,e268595d501c953baaa14d675972e5e07a5b69f83d3e08da9d4a66243749a42f,60d6b54b3e3bca91ec9ab8dce29a0d7f7d0f5accc6349467603192a1b50b4d78,0.5,0.8,19137905.85543848,4.0,1.0,1.0,1.0,1.0,9c0389461dab210b63dee1642e9f5b691d970af8a6951449fc38103f10751a29,3,2,2,99bc395e3f805c244c2f7bae1b4e8212548a990b53f50f645ba282fc1cc82801,P4,1221349958.1493835,1221349958.1493835,0.0,11202082.617841598,0.0,11202082.617841598,h09,5,Katrina,1210147875.531542,7935823.237596882,1202212052.293945,1735887061.0243378,146070283.04004848,1.0,0.0,0.0,NONE,False,False,0.0,10400000.0,0.0,0.0,NONE,False,False,0.0,9557344.06438629,0.0,257985848.10136274,R0,False,True,146070283.04004848,1715929716.9599514,9a3048cfdf39436a607ae93735f3917e64fffc5bd9ae5cc5815d86aa656a81cf
E2A_CRACKERS_A080,LA-0668,668,974dcd92b4eb18d8265b15eb2b40eae35ea219e715c05573ec794f1112f888eb,M2,A1_FINAL_NO_MEMORY_V1,certified,PASS,,,b127823018339c29802b4dddcc9795190db6bf34df6a59208d8d0516b64a7f3d,4d661f9211e60dc5aebb47f9bb0b16dd414f3285c0a8c71c79c6452e20c1e0d0,0.5,0.8,19137905.85543848,4.0,1.0,1.0,1.0,1.0,0d8949cc172bae8271015896f8c680d948ff6d0a869721b8c6b160f9c1c37702,3,2,2,b0396184559d3515a4b45ec246a95f78e0bd59fd0482dea38dbd28db57420dc7,P4,1206786685.7645657,1206786685.7645657,0.0,8525046.98457081,0.0,8525046.98457081,h09,5,Katrina,1198261638.779995,10612858.87086767,1187648779.9091272,1758513756.5407226,123443587.52366371,1.0,0.0,21546946.84438812,R0,False,True,10400000.0,0.0,0.0,0.0,NONE,False,False,0.0,9557344.06438629,0.0,234206170.3337806,R0,False,True,113043587.52366371,1748956412.4763362,81ba0083d37733d9abc2d553e3eb94438c7b40f6b4e38318d51f5aadbec73139
E2A_CRACKERS_A080,LA-0669,669,32b87869f4d2e2a986d6690691b45a79a8f924708158b97f739bd8aa425e9e22,M2,A1_FINAL_NO_MEMORY_V1,certified,PASS,,,f240ed66f794f14e515fa5f91213b223bfad6be5325fa2169ab84254463dcc69,68da3114e33f51ac84b5becd4b51dea684fbe629c7346c07ba409f1d3939dfbd,0.5,0.8,19137905.85543848,4.0,1.0,1.0,1.0,1.0,f4e784b67598c78f4f28ad2b28a661fb95e3cc5c414ffa88312a463f8bc30c35,3,2,2,320de41c76d5e93c1f4c48b2e94057499be8fd337eb68feda4638205a03b0060,P4,1223932685.6895993,1223932685.6895993,0.0,967852.0923606321,0.0,967852.0923606321,h09,5,Katrina,1222964833.5972385,18170053.763077844,1204794779.8341608,1742776539.0978966,139180804.96648967,0.9999999999999998,0.0,0.0,NONE,False,False,0.0,10400000.0,0.0,0.0,NONE,False,False,0.0,9557344.06438629,0.0,329906042.40388906,R0,False,True,139180804.96648967,1722819195.0335102,1116c50aabbdf072b0ea98aec84a1a823eb77b804e8766f405457cc4fa245840
E2A_CRACKERS_A080,LA-0670,670,fd5fad55404a6c0f5d1cf6d6e6baaed87f72a25a7d664b80cf4f01cad207ee7d,M2,A1_FINAL_NO_MEMORY_V1,certified,PASS,,,f95a401928796800374ef64eedc4973be49b762a54665c53cf230dca3c1a4111,f6aa61c310b898db7f35e6eac63cc2a8d0de63e38de8306cbe9c70f0d675494a,0.5,0.8,19137905.85543848,4.0,1.0,1.0,1.0,1.0,f2a6af42f5d81105b0e20ae1d0e090529c8e1f1067c2b9124f1679cc2b71e142,3,2,2,e5d409908da21dbeb4b4c922fe7d0ee545ffd9539a18c2a6e9e71a9826bc6043,P4,1202278008.8396919,1202278008.8396919,0.0,1718075.9279467964,0.0,1718075.9279467964,h09,5,Katrina,1200559932.911745,17419829.92749168,1183140102.9842534,1870715032.0311916,11242312.033194616,0.9999999999999998,0.0,23954270.022893514,R0,False,True,10400000.0,0.0,0.0,1940093.2583342565,R0,False,True,842312.0331946156,8715032.031191673,0.0,0.0,NONE,False,False,0.0,1862000000.0,51d2c77b8f1850f8431ee0decc8c931714fb5f271d8a90829cf8e46a455f2043
E2A_CRACKERS_A080,LA-0671,671,942fb721765250f53d531bb6e5b970d0a0c78a7989fe46d19ff34f0287782c4d,M2,A1_FINAL_NO_MEMORY_V1,oracle_failure,FAIL,oracle_failure,Full exact certification was incomplete,c8ca3077d5a34996514b297cff6dbaf46abc33bf426ebd44b492956f7e5c2be8,3be5c3d6eb74e5b6437c56af735d9f606d539d852688a560d8f983854bef64df,0.5,0.8,19137905.85543848,4.0,1.0,1.0,1.0,1.0,ba5e4d978fd096aa048dddacbd385340c57fb0c8d04fe57328fb2aa2159e7ebd,3,2,1,,,,,,,,,,,,,,,,,,,,,,,,,,,,,,,,,,,,,,,c7c8f592b1c36826e2cd4b33f7e70aea996e59288293bf7e82ccba098bd0f69c
E2A_CRACKERS_A080,LA-0672,672,cfc7d8a4a29a1874a559261f9b9bed31e89a00e1e8046d9b72386c1834491f78,M2,A1_FINAL_NO_MEMORY_V1,oracle_failure,FAIL,oracle_failure,Full exact certification was incomplete,65f89d175c4fc562fc7bb45727b99d3955c24d5bcb652f08578c54782946a47b,7ac867329707bdcd231cefc3f4c01495e506fe9602ed45d473208ba0cc6c8de9,0.5,0.8,19137905.85543848,4.0,1.0,1.0,1.0,1.0,6909bf3183442dbf6469df882370ec6b48c7609da63677baf90fea11e3e291ad,3,2,1,,,,,,,,,,,,,,,,,,,,,,,,,,,,,,,,,,,,,,,23f60e37a9903f1b7933117ef8aaff4d636d763d83a015014500653ace812f91
E2A_CRACKERS_A080,LA-0673,673,361657be0bfa39e1f3c152fc51d9730941b0e6dd46c81836f5a882f6d679be41,M2,A1_FINAL_NO_MEMORY_V1,certified,PASS,,,a0ae393ccdeff6814d34ff5bee8171c8b6276b70afec46a4ac0ff2fe33c5c757,69282d42d09fec5ccd01739e5e8cc74ac31c360330cd708cd11c8df95167b5c0,0.5,0.8,19137905.85543848,4.0,1.0,1.0,1.0,1.0,2c4a39ea0ce36da753d46692ac892b502d9b8dc85445937219a9cf2d4c46fd86,3,2,2,b7c7140b7dc40d30cffa5d9ee8ae0332ec73a8491bc5a5f09f08f9ffe9c9ec6d,P4,1220331229.9332016,1220331229.9332016,0.0,5179024.361829334,0.0,5179024.361829334,h09,5,Katrina,1215152205.5713723,13958881.493609143,1201193324.077763,1794644102.7011895,87313241.36319682,1.0,0.0,14713011.86885666,R0,False,True,10400000.0,0.0,0.0,0.0,NONE,False,False,0.0,9557344.06438629,0.0,108810137.79316844,R0,False,True,76913241.36319682,1785086758.6368032,79dcf65f3b850be95800ca4cd4cd65c1a2a1fe2aaeb7f8b244b0e5d806f1f2ab
E2A_CRACKERS_A080,LA-0674,674,e13f757dca3cc428340e0cdc24653f8976b21bb382584561268fd881cac6d579,M2,A1_FINAL_NO_MEMORY_V1,certified,PASS,,,1ce2c9d79a814c69c6a40a3f9865151a88db29f21a412d6da1e29527a5c6070f,223269b5573280f17bff0e4d1b9dd95f5dc43021969b07bdaf4822d12825b318,0.5,0.8,19137905.85543848,4.0,1.0,1.0,1.0,1.0,43ec7ed09557eeb37d3f503e80035cdd9b72865b807359efe2e921daa707a1ca,3,2,2,0d9eb405e5f95e9eab2f7d1d68d80827e0ba8c756da45ed6ab283549d9fd083d,P4,1210257294.504754,1210257294.504754,0.0,4133111.1614449644,0.0,4133111.1614449644,h09,5,Katrina,1206124183.3433092,15004794.69399351,1191119388.6493156,1706297155.8690097,175660188.19537672,0.9999999999999998,0.0,0.0,NONE,False,False,0.0,10400000.0,0.0,0.0,NONE,False,False,0.0,9557344.06438629,0.0,307086635.7808601,R0,False,True,175660188.19537672,1686339811.8046234,4f78cd5e960a99bf7d85f28f9e5c5b919b50781c7f606981b15c3cf932c01cee
E2A_CRACKERS_A080,LA-0675,675,491bf922be7d5f940c1e726f7e4f8777f0e67c2e6ae75e5a5691e8204bcba683,M2,A1_FINAL_NO_MEMORY_V1,certified,PASS,,,5adba3ea7fc4b5ac9ebc66ebee3908505083df2912e8f3560a3d073a5083eadb,6fe6ba4a79ddf6336af48539840e000469b2a978f891e4b3c0e386e19903b599,0.5,0.8,19137905.85543848,4.0,1.0,1.0,1.0,1.0,815a836e85ddc6655f6d57ec5a1a90a9cc5fe9b353f2f6c1bd331dbd362a6070,3,2,2,ec621f7eb84b08dced8f3f5463dc8e5465d473fbb9b8d8ed41ba9b2ef23e3bf5,P4,1187020716.894539,1187020716.894539,0.0,267291.9089592639,0.0,267291.9089592639,h09,5,Katrina,1186753424.98558,18870613.946479212,1167882811.0391006,1705787633.861394,176169710.2029925,0.9999999999999998,0.0,25499872.57512074,R0,False,True,10400000.0,0.0,0.0,0.0,NONE,False,False,0.0,9557344.06438629,0.0,406452546.8260578,R0,False,True,165769710.2029925,1696230289.7970076,888a1002965095810533c4dc5a13d8721e0e98c8f6dcbdad324cd307f3cff2ac
E2A_CRACKERS_A080,LA-0676,676,174e84dd87ff71d445a4dc616aa42de3b542ef93cbe874f43a77d0bfc354e58c,M2,A1_FINAL_NO_MEMORY_V1,certified,PASS,,,a0516a30df1c326fb868765732c3af5150953e57b376cc1c4b937a15a50146cd,3b39eda5a40bb0b9ee8fcc4641d39c433d4596db34def6dd6739d8d51c057037,0.5,0.8,19137905.85543848,4.0,1.0,1.0,1.0,1.0,8a7f3d64202e894576556cd73b2de15350b687a3fd534165061a585950a3391d,3,2,2,efbf62f4d50575720fbaf8c445f54509dfc43f0d82e37749a85934573b87b7c6,P4,1193495418.1188624,1193495418.1188624,0.0,3891370.2984919995,0.0,3891370.2984919995,h09,5,Katrina,1189604047.8203704,15246535.556946479,1174357512.263424,1723059030.639892,158898313.42449424,1.0,0.0,17986873.454705287,R0,False,True,10400000.0,0.0,0.0,0.0,NONE,False,False,0.0,9557344.06438629,0.0,256828881.90418667,R0,False,True,148498313.42449424,1713501686.5755057,c89acb928e3f35581b732f43e0fa39f850604f007957b1d3e9e06c42a1d6cbc8
E2A_CRACKERS_A080,LA-0677,677,77aa08c41895bb34047cc2e14bc832245753e486bd4d89a0df03cfe2e3b3c117,M2,A1_FINAL_NO_MEMORY_V1,certified,PASS,,,369415c3912d1d8d6eda9205ace2cb1281c9e807428b2f6b90f42164fbedbbd3,aa9d0ad3acf88067601d19968132add64c46db13670b4a8341856be80fe02321,0.5,0.8,19137905.85543848,4.0,1.0,1.0,1.0,1.0,27b590fbe1091acbd64ebee3e7ee1a1a45d279f4cef7b74920ea81a3f67a01d2,3,2,2,41aa9ba1718beb678221b3c824838702cae7e18e5f521214f312334ab2334348,P4,1219773615.5153618,1219773615.5153618,0.0,7320584.581677569,0.0,7320584.581677569,h09,5,Katrina,1212453030.933684,11817321.27376091,1200635709.6599233,1731682135.0906477,150275208.97373855,1.0,0.0,0.0,NONE,False,False,0.0,10400000.0,0.0,0.0,NONE,False,False,0.0,9557344.06438629,0.0,245543984.4505347,R0,False,True,150275208.97373855,1711724791.0262613,4fbc98c13b415668cdf28d4f527aeed3204cae51bd4f743db14b4891a86a9915
E2A_CRACKERS_A080,LA-0678,678,0120535af37455acde02d53e74dcc35fa5a28b4edbb1d1c5646c9f2ca123d935,M2,A1_FINAL_NO_MEMORY_V1,certified,PASS,,,88d42df5c8a95ce493a552026114320fcc60e8c7683dda15b0001bd179103eea,65728eef01da1c82a599990b58681eabc656df84bf877e71e03f36cd015d669f,0.5,0.8,19137905.85543848,4.0,1.0,1.0,1.0,1.0,81fd85a29a9a7c025abcd5077e29863831877ba2a07be0462f57c54a4cf1673a,3,2,2,5fc0c287b059d0e7975ed8b7fdc68d3ec758b71422bef90f4b6f6e0b8b71f4bf,P4,1210722571.2200797,1210722571.2200797,0.0,5043600.816497755,0.0,5043600.816497755,h09,5,Katrina,1205678970.4035819,14094305.038940724,1191584665.3646412,1769012810.786118,112944533.27826841,1.0,0.0,12559350.095739795,R0,False,True,10400000.0,0.0,0.0,0.0,NONE,False,False,0.0,9557344.06438629,0.0,123835835.94673201,R0,False,True,102544533.27826841,1759455466.7217317,a32e6679078618c935a83774bbfb5e691fc102beaecdccbca63b3c608258bdfd
E2A_CRACKERS_A080,LA-0679,679,a9e843a279dff96d9d8afcc63acdec3d42ca21ca57b5e13b52584b83cbd84baf,M2,A1_FINAL_NO_MEMORY_V1,certified,PASS,,,54491421e6a6d0bd05b7a1d63f488efb779df4a8cefe3b8bdaea8913a231ecf5,bb3f7e99fb1a7b77fd7552893bdd2d44096979bded1bf7df0bc375f995bfd3a9,0.5,0.8,19137905.85543848,4.0,1.0,1.0,1.0,1.0,76d9c2066dc94bf902d0909239f25b98044e415164d287ac94fb0a6950f11e43,3,2,2,5f9bef96b33dd4ce0e9508944b83f6a138f9cebd3c5abc3955f199262d9dc910,P1,1237584289.6202862,1237584289.6202862,19137905.85543848,0.0,0.0,19137905.85543848,h09,5,Katrina,1218446383.7648478,0.0,1218446383.7648478,1871349306.9805412,0.0,1.0,20444920.948773786,0.0,NONE,True,False,0.0,0.0,408971.32054090576,0.0,NONE,True,False,0.0,9349306.980541242,0.0,0.0,NONE,False,False,0.0,1862000000.0,6ea873af816040c670e599861559dd7db32009af2655f305d348b5989dad9c79
E2A_CRACKERS_A080,LA-0680,680,9a021a83f7ebdb5b85dea2e41da98f21e3de2adecdb2b5c554be3c4a632b6234,M2,A1_FINAL_NO_MEMORY_V1,certified,PASS,,,d7504c60db4a9005a76891382021f9df2b904b5178722bcb5f5c1bdae3e36ca4,cf84fb66170a6bb7ae350fde3089dfe9375336b29eaa68fcf3fecb1458376480,0.5,0.8,19137905.85543848,4.0,1.0,1.0,1.0,1.0,6231e0eddbcd8ecd820eafe72c315e07eff561db3c69cec8612e953927512584,3,2,2,583204c5a1749b1474c5e8cbea50890bb04936702f15c81c3cd21564df997fb6,P4,1213763174.4775698,1213763174.4775698,0.0,1867889.5972329415,0.0,1867889.5972329415,h09,5,Katrina,1211895284.8803368,17270016.258205537,1194625268.622131,1777123681.6180906,104833662.44629581,1.0,0.0,22928739.42309237,R0,False,True,10400000.0,0.0,0.0,0.0,NONE,False,False,0.0,9557344.06438629,0.0,208196619.13455576,R0,False,True,94433662.44629581,1767566337.5537043,b5c05f620706b9e26d25feb2a34445cebc3307c6523dc9cfe5147c428cf56db7
E2A_CRACKERS_A080,LA-0681,681,22ba5bbc43b5e79ba5df2d801818aab56045cec53724e0f58c19cb74d764467e,M2,A1_FINAL_NO_MEMORY_V1,certified,PASS,,,389c603cf2aa783f76bd13f319685f1d8915e953baaa421c6806d1cd8f2d14fa,29abd4321d063f8f0ce5e42287cb9bca0e2e2d2921f9a3f85fd489bad6d17339,0.5,0.8,19137905.85543848,4.0,1.0,1.0,1.0,1.0,784ff226e00afccc9d31f1e2255fe9fbbacaffba133ae7103f7450cf4421461c,3,2,2,cae71268a04652f43454a15c273c59757ad9b96f25c9d3657f804b3ff85efc6a,P4,1184316989.470815,1184316989.470815,0.0,6682469.211086239,0.0,6682469.211086239,h09,5,Katrina,1177634520.2597287,12455436.644352239,1165179083.6153765,1698575386.145527,183381957.91885942,1.0,0.0,13986885.488010004,R0,False,True,10399999.999999993,7.450580596923828e-09,0.0,0.0,NONE,False,False,0.0,9557344.06438629,0.0,232642195.85604346,R0,False,True,172981957.91885942,1689018042.0811405,cfe3075706369779484b6e66a469ed9cb522362c82f4e21861700bf2be2e1d38
E2A_CRACKERS_A080,LA-0682,682,4a696f2d5d01b31984773805a1ec40f57483cd0a8f75718f9a7b2e1b2583bdb7,M2,A1_FINAL_NO_MEMORY_V1,certified,PASS,,,bd5c3a3757b97d9c16ae3cbd22418370ed0615cd4d84f8c4996dd353060a2a46,4a6aac30f3530f40c7f8a8c7d89cbe573b828e6bf8f9d550d27e998e2d4e7d13,0.5,0.8,19137905.85543848,4.0,1.0,1.0,1.0,1.0,7ce4b9f45ddf2eb21988db95f1e5249009d160a80eb657ffe68f0c006931d649,3,2,2,22cc4b5eb029c26ee47f3814e29837402ca2728173562e26991ff5fdb3d9e17d,P4,1208436809.3941512,1208436809.3941512,0.0,5585646.233520369,1421958.0309496752,7007604.2644700445,h09,5,Katrina,1201429205.129681,12130301.590968432,1189298903.5387127,1880741621.5783758,1215722.4860104525,1.0,0.0,0.0,NONE,False,False,0.0,10400000.0,0.0,1950753.823572526,R1,False,True,1215722.4860104525,8341621.578375837,0.0,0.0,NONE,False,False,0.0,1862000000.0,f29f5df9711a35c8d7a834782bfbd4acee2ce5125d52f4dc8e5ba19c656e1c3b
E2A_CRACKERS_A080,LA-0683,683,2329c344b92b8bfb76e4b197e79e37f5fd62bc6a9b6fc822cbba7df24cad0806,M2,A1_FINAL_NO_MEMORY_V1,certified,PASS,,,9ec8aea79d5a4954e137ee36f66c565a237644fc646be04ce774c0beab81144e,9ba47be4ed154ddf6db1ae9469fc5062e8a57d692a980e2f38ff4edcb2d949e2,0.5,0.8,19137905.85543848,4.0,1.0,1.0,1.0,1.0,286afb5bb7f74464fd86be2803c02e6be7b47ec3b6b7af52c3bac823e6c68f67,6,2,2,33d9a6e85aa86119210ed1bb04c9cdea646fc0296c7fc5f288887ca96e7c3233,P1,1222586016.2049675,1222586016.2049675,19137905.85543848,0.0,0.0,19137905.85543848,h09,5,Katrina,1203448110.349529,0.0,1203448110.349529,1871079864.0117407,0.0,1.0,14613987.90213083,0.0,NONE,True,False,0.0,0.0,670950.7416223877,0.0,NONE,True,False,0.0,9079864.011740604,0.0,0.0,NONE,False,False,0.0,1862000000.0,6223df7543afc9ab8d70d901e45722161398db60ca939172bf54522781a9d27c
E2A_CRACKERS_A080,LA-0684,684,e9900854b8ba64d964d9f3d200cdc85617cafe9943d2c2fd590546dfdb352533,M2,A1_FINAL_NO_MEMORY_V1,certified,PASS,,,5c66bd45ac3e23e602587f7a0a98c2a97d44681868fa5f3fd888c4136660c0a3,be473a0475ccc68823da3205aac217b78933ec04b5fbb4184913d7d2c7de0ade,0.5,0.8,19137905.85543848,4.0,1.0,1.0,1.0,1.0,90e6ffc6dbe7995d0c336d6a052c9c823b2fffa9a7ec43fe83fc21272fefa2f6,3,2,2,ccf2495123c3653989eb5b77302a7e6b2c1a4aa347f1edc220302af77b8a1b07,P4,1203022693.2677894,1203022693.2677894,0.0,3080399.9089143365,0.0,3080399.9089143365,h09,5,Katrina,1199942293.358875,16057505.946524141,1183884787.412351,1686998710.4012203,194958633.66316602,1.0,0.0,0.0,NONE,False,False,0.0,10400000.0,0.0,0.0,NONE,False,False,0.0,9557344.06438629,0.0,333770799.8679867,R0,False,True,194958633.66316602,1667041366.336834,7e6dccb564338d1758a74092e38ba895387cdf25a94290bffa0134e610c4cc8a
E2A_CRACKERS_A080,LA-0685,685,4529a36125c58c8ddf3806d07e1c40bf8bc3ca0e4703af998b7b5a7ed1ab262f,M2,A1_FINAL_NO_MEMORY_V1,certified,PASS,,,90711a391853ac9517d11483437817ddb8cb1ccd2c7266add4661b2ec95612fe,47e9643ccd24dab00b0018c84b1f9d6fbbe81591489d30e7c358cc4d92e3cd15,0.5,0.8,19137905.85543848,4.0,1.0,1.0,1.0,1.0,1b95c89e3a2b67d3d1885390fe305048d838344e539f399359618db86f46b5c8,3,2,2,2cf7d91e3b03d04b9588b5c26fe312f646010fb7ac2983e21f545631bf47bca9,P4,1220098704.3032608,1220098704.3032608,0.0,5607973.115430009,0.0,5607973.115430009,h09,5,Katrina,1214490731.1878307,13529932.74000847,1200960798.4478223,1732549316.0229435,149408028.04144293,1.0,0.0,0.0,NONE,False,False,0.0,10400000.0,0.0,0.0,NONE,False,False,0.0,9557344.06438629,0.0,246720220.60899633,R0,False,True,149408028.04144293,1712591971.9585571,3d0e3336d6db4400c3a99d9b5e002f70ab86d7cbbc24e06afabe5dfd34a88988
E2A_CRACKERS_A080,LA-0686,686,3463f3b48e18027751475cd4d05e305f0c067696ed1b1e3d4520b5691fa63bae,M2,A1_FINAL_NO_MEMORY_V1,certified,PASS,,,4b93a57c8ad6b7a42930e746f24462222a09a623c128e9ef759aadf87cfc2cad,8f6033c56d75bfcdf602619fbfad44818cebf626f2dc710a3640c0ffcf2b1150,0.5,0.8,19137905.85543848,4.0,1.0,1.0,1.0,1.0,a9f0098b6d3f4a99ced3600b6b60745f8cf6945b44112e7da90f53d1912bcab6,3,2,2,420f59ff3a801f296563a0f98bf532c0dec0606bcbfdd9337fe2c12aecdba0d3,P4,1232602094.590452,1232602094.590452,0.0,4540077.4405844575,0.0,4540077.4405844575,h09,5,Katrina,1228062017.1498675,14597828.41485402,1213464188.7350135,1765902363.0971835,116054980.96720293,1.0,0.0,0.0,NONE,False,False,0.0,10400000.0,0.0,0.0,NONE,False,False,0.0,9557344.06438629,0.0,147436621.73266795,R0,False,True,116054980.96720293,1745945019.032797,6ab6e134122ad896a52e72f29ab88ff6261de631fcfc38ddbe33e716a85e322a
E2A_CRACKERS_A080,LA-0687,687,401ade7d922211d6db6d15e388dd43ba9973bf14f4aff2e84c0ca5ad53a11d9c,M2,A1_FINAL_NO_MEMORY_V1,certified,PASS,,,980b9af0b4f220da9983a76a45634f5f4a816d673ecf2a661f5ae1f7a3b19a10,94ced18fc3b9f7f9fb9eef05df3e39debee5b9a18a90e695b7966ac99c837de8,0.5,0.8,19137905.85543848,4.0,1.0,1.0,1.0,1.0,eb3168412af553602252568a1e9358d9a2d98dbefbaa09ac533296cbc1a574dc,3,2,2,b8887d1555751b76af644991b2602fd597a049adbbcf02255e14638af792a961,P1,1237115027.1112585,1237115027.1112585,19137905.85543848,0.0,0.0,19137905.85543848,h09,5,Katrina,1217977121.25582,0.0,1217977121.25582,1871340876.7112644,0.0,1.0,20192839.264782853,0.0,NONE,True,False,0.0,0.0,420297.16035229067,0.0,NONE,True,False,0.0,9340876.711264374,0.0,0.0,NONE,False,False,0.0,1862000000.0,122dd98bea18eb53e53e725bd84de2da6478ef6cb9603ebadfe4ff56fc571693
E2A_CRACKERS_A080,LA-0688,688,791fb3e04be9fc9f181aa44c1a3402c7c1ddd2562ffacd5b68e4a6cac71b3c21,M2,A1_FINAL_NO_MEMORY_V1,certified,PASS,,,698d6a90654aa15be0911938964839ccb84f1e2ed0a46be12459b7772f94eb9b,f504a005886c96fb37a073371e28413831146800eeca1aaeec0a4246d8c21ae9,0.5,0.8,19137905.85543848,4.0,1.0,1.0,1.0,1.0,f0884d262f8f4f93927d1f5118d235744f21bd3570686a0d99ba98cee938ef3c,3,2,2,38b50fe14eaaa05f67a783298b245acbed81a9fd11da9b93e736c3b051e64cca,P4,1223635538.285554,1223635538.285554,0.0,1060312.6329802892,0.0,1060312.6329802892,h09,5,Katrina,1222575225.6525736,18077593.222458187,1204497632.4301155,1881014665.716264,942678.3481223577,1.0,0.0,0.0,NONE,False,False,0.0,10400000.0,0.0,2048613.530632271,R0,False,True,942678.3481223577,8614665.716263931,0.0,0.0,NONE,False,False,0.0,1862000000.0,488e04f48dd2d507cbe2a84e8eac6c773e89075db168aafa3d4659c1d81736b8
E2A_CRACKERS_A080,LA-0689,689,2d7a15fc5385848581519e563138f1e253c4e77999e9c4ce44eec70ab4d90260,M2,A1_FINAL_NO_MEMORY_V1,certified,PASS,,,73dc8a882a8a77abcb32771177dd5de1d0e7fb2e11586c05363c71d2d383f278,ac6b48437d60e7130cb08bd0ce374ac37cbba127974f7a81328fad0ae0117f25,0.5,0.8,19137905.85543848,4.0,1.0,1.0,1.0,1.0,c86f4ff717f7f127f96f7ee387f1d9dbec16a8824d0204331e7fab744ebc1efa,3,2,2,3a24ae01f66cb227d7d24a1f0a4ab077762e35636b07888ac3ec1bb88a112934,P4,1223395037.984412,1223395037.984412,0.0,1042326.6500198634,0.0,1042326.6500198634,h09,5,Katrina,1222352711.334392,18095579.205418613,1204257132.1289735,1802816872.7908456,79140471.27354063,0.9999999999999998,0.0,29621972.36153728,R0,False,True,10400000.0,0.0,0.0,0.0,NONE,False,False,0.0,9557344.06438629,0.0,195791186.55614117,R0,False,True,68740471.27354063,1793259528.7264593,9b68fe8e73ebb1e60d57a1a8b4736da28461ecd0086c614b8afb798660cfa5b2
E2A_CRACKERS_A080,LA-0690,690,fc64964f497cf1822f5edcec1a81f065ca1e8adc2680b86f65b3f22a3f27bb28,M2,A1_FINAL_NO_MEMORY_V1,certified,PASS,,,3ec4503beea4150c0d196ec4fd1e83c660039db6e9dae4ce80d4b407e38a1bba,e0a701a8bb0befb25386ceaa333475e0f14177b46ded0ac2d9cefa7a87ae56bd,0.5,0.8,19137905.85543848,4.0,1.0,1.0,1.0,1.0,69aac3a63251105d1e90af94207d1ecb1b07f38463204b29568332800638e72c,3,2,2,369fc741d8ca8a42a1338f82adcda531dfd152539da7ebd896d51d354648f91f,P4,1225617610.3368106,1225617610.3368106,0.0,9218163.544536706,0.0,9218163.544536706,h09,5,Katrina,1216399446.792274,9919742.310901772,1206479704.481372,1808745629.5994208,73211714.46496549,1.0,0.0,26696760.22759013,R0,False,True,10400000.0,0.0,0.0,0.0,NONE,False,False,0.0,9557344.06438629,0.0,161237430.82259983,R0,False,True,62811714.46496549,1799188285.5350344,ca439154c3ddbb36cd3f43cdd6d6165a0119bbc81e3e83b8da80b8a021ba85a1
E2A_CRACKERS_A080,LA-0691,691,1b2669551e3ea85e1b55a667645fdb4775525679381bd71196b4ecb4510da91b,M2,A1_FINAL_NO_MEMORY_V1,certified,PASS,,,3f26ff9d2602064d653ca13b202fcac9e1ca66249349442d4591ab808d1c0086,051e8d41d7d5e32483d636d132f1f996a00712b4f3a847ecb1014fed185e7529,0.5,0.8,19137905.85543848,4.0,1.0,1.0,1.0,1.0,d0ebb9e1b0c9538c6bc40fcd771b4a1349af75dfa33f3cc6fa9f1ce17320f47a,3,2,2,f33bda6e5ceef95f89d82bf572d10a58f128b9745f3bb4051eb42050cfc677ab,P4,1224422676.2555041,1224422676.2555041,0.0,10569144.870171044,0.0,10569144.870171044,h09,5,Katrina,1213853531.385333,8568760.985267434,1205284770.4000657,1805558118.712453,76399225.35193357,1.0,0.0,31438579.035025224,R0,False,True,10400000.0,0.0,0.0,0.0,NONE,False,False,0.0,9557344.06438629,0.0,199511717.54588497,R0,False,True,65999225.35193356,1796000774.6480665,4813e5d887c0129e486720ae6d8d8f09da09dff95db15720c6e9d81b53ce50e4
E2A_CRACKERS_A080,LA-0692,692,75f338892ce9f8534d6d4304abf64e6971a1c5e259f48e31316e0ffee45b48a5,M2,A1_FINAL_NO_MEMORY_V1,certified,PASS,,,bdd472183a08f3977258618cfb71f0bd4a21a3aa506e2be5b95ec4acabae1037,602708328d639c9f3e2c6172dc876781a9143bceef6656554991e114a86b3ba4,0.5,0.8,19137905.85543848,4.0,1.0,1.0,1.0,1.0,d48b72a1f4222d1568bd3d521775e7fef7a45021fb47c521105cb626dfb7778b,3,2,2,9b2bf6355788f77e960fba1a9e84bd443a29cbec112808c7d581adeb92492f3b,P4,1223665269.5325713,1223665269.5325713,0.0,5696380.865806939,1145745.6696325338,6842126.535439473,h09,5,Katrina,1216823142.9971318,12295779.319999006,1204527363.6771328,1881015199.8361082,942144.2282779806,1.0,0.0,0.0,NONE,False,False,0.0,10400000.0,0.0,1296361.665303425,R1,False,True,942144.2282779806,8615199.836108308,0.0,0.0,NONE,False,False,0.0,1862000000.0,006b68ddf47b2270a2c3b2c939f78a4c0a5a5ff95b818ff3b2871cb5112e7e8a
E2A_CRACKERS_A080,LA-0693,693,37f6ade176555409553877b62a6c9a72c709e3b30c205f228a9481ce108f5930,M2,A1_FINAL_NO_MEMORY_V1,certified,PASS,,,6c7a68e379413ac29bb6b213f75126c039b90dd57053d17b0d423bd3008358ff,510ba3070799cc79374436ffe227d716825ccba8d460ebf64d047e8e71f06665,0.5,0.8,19137905.85543848,4.0,1.0,1.0,1.0,1.0,bb683ae3bd44d0c0f5366b6eef86554e04ec06c1c7d9f8415dbdfcea4656bc89,3,2,2,e508efd90e2b3669a21bcae0e406fb63e6858b930e123f447ef7545c38c43d3f,P1,1233210841.8956826,1233210841.8956826,19137905.85543848,0.0,0.0,19137905.85543848,h09,5,Katrina,1214072936.040244,0.0,1214072936.040244,1871270738.287587,0.0,1.0,18314141.27792613,0.0,NONE,True,False,0.0,0.0,504705.64301649015,0.0,NONE,True,False,0.0,9270738.287587024,0.0,0.0,NONE,False,False,0.0,1862000000.0,9aa32b57c2f883151d82a73453150270441e9067af3e9cb3336eeac9d90117eb
E2A_CRACKERS_A080,LA-0694,694,f8f56a91dcf1a720d5133bf653ff16aee2e68ff05f2496223ddf91985d71cba4,M2,A1_FINAL_NO_MEMORY_V1,certified,PASS,,,7b82ff543287c4609015cd10a0b1412290256c8689c38549585c36bb6f940b7f,b76398e2b77eeac91256e88132e296eb6a0f1e11cfcda785cd1312263e772527,0.5,0.8,19137905.85543848,4.0,1.0,1.0,1.0,1.0,81fffbc1094b119e200cd31311d96e7722ff638ffbb4a75d1327fd8bcfbf485b,3,2,2,ef138a3b22619ee9bb2342de8c4a4437835e35f1160ec15f7b2d4a6fe58c0d7d,P1,1226261695.1679301,1226261695.1679301,19137905.85543848,0.0,0.0,19137905.85543848,h09,5,Katrina,1207123789.3124917,0.0,1207123789.3124917,1871145897.336025,0.0,1.0,15712199.185223317,0.0,NONE,True,False,0.0,0.0,621608.9375117463,0.0,NONE,True,False,0.0,9145897.336024929,0.0,0.0,NONE,False,False,0.0,1862000000.0,ddaf09d302d4a73d8dff32fdce2d95e6bba95921eb1e5567f08ffc46c76dd57b
E2A_CRACKERS_A080,LA-0695,695,34260d440e449966f1f72b0d54c554a8f1d4d359d480e4acfe4ba4847ab475c3,M2,A1_FINAL_NO_MEMORY_V1,certified,PASS,,,eb086cf8c68bcfc780fff98191ca5fc0fe94367f5312785fecf065ea73679810,acc9c462954d79c1bcfef36e2d17135a2aa96f5230341edf7523458bcdf34808,0.5,0.8,19137905.85543848,4.0,1.0,1.0,1.0,1.0,841f553c36817a21b133c8046704dbbc7a995e338137341ba44521bb9a08e0cf,3,2,2,e5bc705cd9637716cb80577f87ba861f453313a843e7292c364077f44df183ff,P3a,1228228229.2660387,1228228229.2660387,10705870.821317494,3629004.306181789,707017.6052122952,15041892.732711578,h09,5,Katrina,1213186336.533327,4096013.1227269,1209090323.4106002,1815709508.5186164,55847835.545769885,1.0,16529057.930087222,0.0,NONE,True,False,0.0,0.0,0.0,0.0,NONE,False,False,0.0,9557344.06438629,0.0,86675765.60610251,R1,False,True,55847835.545769885,1806152164.45423,3263cae5556c8d54f41e036d6e4b40df0c46afde162fad06f6dd902c39bb3593
E2A_CRACKERS_A080,LA-0696,696,e21ea052107519dc7aa0ad1bccef5eb368be040899d494f1b0cb44c4e764dc09,M2,A1_FINAL_NO_MEMORY_V1,certified,PASS,,,6b9fb84e29f617aecb58553fb6f94cc5d928c51ffb79a3619641952732c3c8e1,c295cdf8eaa946a2507b88bb3334257760a02fc081295ed03506345194d2e13e,0.5,0.8,19137905.85543848,4.0,1.0,1.0,1.0,1.0,8db19464a5e8e9d0aada311725b788b13346eab0abde1337ddc0317b7ab5c829,3,2,2,79aa064cfad5a29ade0ca2fd405d32725eb58e28d46ff5d8cec630d0a1381c7a,P4,1219363474.5262399,1219363474.5262399,0.0,4273135.3641436305,0.0,4273135.3641436305,h09,5,Katrina,1215090339.1620963,14864770.49129485,1200225568.6708014,1792062595.5336645,89894748.53072183,1.0,0.0,17783367.652438518,R0,False,True,10400000.0,0.0,0.0,0.0,NONE,False,False,0.0,9557344.06438629,0.0,135931186.49615124,R0,False,True,79494748.53072183,1782505251.469278,bf1ea94b7ddd07c1a8d52ad8f7a5b84cf3ff2d0ff7b67ea57376def45cfe8471
E2A_CRACKERS_A080,LA-0697,697,e2a6316000586d37724efeafcf7780b7377df24127f7ccffd7a0d3e78b9f85e0,M2,A1_FINAL_NO_MEMORY_V1,certified,PASS,,,649db1dfd2560165e6fd4ad0242811e2ad598c775f2abc901ed0bef3b19cd4fd,9ef5374d3354d636693622aa649f828df45830de49f3ac7170b830b020efd774,0.5,0.8,19137905.85543848,4.0,1.0,1.0,1.0,1.0,33c9ba36004083ef3974c9e7207693a5962a60474f00e217d3a6c56c18be3465,3,2,2,3640c6aaf1a6e37f292c4a8930a47e0555592b7904c2e0d820d9db6e1163e7ea,P4,1235553363.593301,1235553363.593301,0.0,5065861.261025555,0.0,5065861.261025555,h09,5,Katrina,1230487502.3322754,14072044.594412923,1216415457.7378623,1773774932.993814,108182411.0705724,1.0,0.0,0.0,NONE,False,False,0.0,10400000.0,0.0,0.0,NONE,False,False,0.0,9557344.06438629,0.0,166194942.26165763,R0,False,True,108182411.0705724,1753817588.9294276,af14893b9dcd4e64c8b31ab0bf47db6ec992c9c21f33e36c5751758f0ed4d4d2
E2A_CRACKERS_A080,LA-0698,698,43569d31b9f79d3637d1c1e4f64d207d034c7653575cce9d766e52e5ff7f70d5,M2,A1_FINAL_NO_MEMORY_V1,certified,PASS,,,8a7312857a69fca69d209faa8b987004605c40cc380c8e8eec588f5b91aa39a1,0cd2fdfe46e467e6ed3900fa6c2c47dc904de7eaae1ff0a53d397d8020c917f8,0.5,0.8,19137905.85543848,4.0,1.0,1.0,1.0,1.0,77bd49547f2e17cdad131e836c15f3814f8d5e791b4847093eb525c30ebcd90c,3,2,2,6264a3e55856ff243358ab6d59a300a2091a9b9d252bd93881db02c05619f909,P1,1227816873.7104776,1227816873.7104776,19137905.85543848,0.0,0.0,19137905.85543848,h09,5,Katrina,1208678967.8550391,0.0,1208678967.8550391,1871173836.0134923,0.0,1.0,16228175.217811218,0.0,NONE,True,False,0.0,0.0,598426.5237834456,0.0,NONE,True,False,0.0,9173836.013492366,0.0,0.0,NONE,False,False,0.0,1862000000.0,b94e0033691bbb0d79f2a9cc61d747f990f2f08f35e239ca30327f081f8e695a
E2A_CRACKERS_A080,LA-0699,699,1ccdc16f8745b665e2160f0ed767deabcfbfadf0ead9060e4f990fb73ab4977e,M2,A1_FINAL_NO_MEMORY_V1,certified,PASS,,,dc6fc9dd7c9bf079e729f680d998cea2e46c9e83cb975829a3b6978cbf2fdcda,2a000936c6b40704c21c90ca5ae37703aec25c9e11ba913c0abe7b75ccb3ccbd,0.5,0.8,19137905.85543848,4.0,1.0,1.0,1.0,1.0,e19dfdf4c87dcb4a42f2af0259303de93dd5ace80afb4b7286e8bf0db35d396a,3,2,2,cd7e0f01c833dfdcd985872f636300e4d71e6b6a3c0580d67ff80d6155f3fbb3,P4,1192582214.8276765,1192582214.8276765,0.0,5934961.362066704,0.0,5934961.362066704,h09,5,Katrina,1186647253.4656098,13202944.493371774,1173444308.972238,1720623042.3471422,161334301.71724427,1.0,0.0,19970329.606430598,R0,False,True,10399999.999999996,3.725290298461914e-09,0.0,0.0,NONE,False,False,0.0,9557344.06438629,0.0,289827668.67402035,R0,False,True,150934301.71724427,1711065698.2827559,dbbaf3b8b3f932068aebd190a44c50583a395c94482efd0930f6c3cbe9c69a77
E2A_CRACKERS_A080,LA-0700,700,34760519ea33f8b449aca642ef11b1e39fcb24d222b2f211fb1c46dee6a61d0d,M2,A1_FINAL_NO_MEMORY_V1,oracle_failure,FAIL,oracle_failure,Full exact certification was incomplete,fe2cf9dde62b719fa238e0dc559f9dfe6044f989bb764c1fcfb734140b59b644,efb8bc35305f2e68f0ab1443cff20389aff4343988e7c2c396f7c0ffb049f21c,0.5,0.8,19137905.85543848,4.0,1.0,1.0,1.0,1.0,dcb700d8fb4e4674d107aeed8cfdfc80937806e577220f83665e1364b0d19bb9,3,2,1,,,,,,,,,,,,,,,,,,,,,,,,,,,,,,,,,,,,,,,ad9b511c49720386cdd0a6ae1e4cd2201894031a5b7ab484f64167f9945b194a
E2A_CRACKERS_A080,LA-0701,701,9990e0b579368f892514eb33244a4e189d4598ec1e922323ea210b2f155eb8bd,M2,A1_FINAL_NO_MEMORY_V1,certified,PASS,,,086d8385c14fbf492803bbb3f0058e689be275cc08cfa0bc595c3172b5a07eb3,58932d385cfd0f992e45f788798e740f237fb8fe0fd301173f9a7fd38d0dd0a5,0.5,0.8,19137905.85543848,4.0,1.0,1.0,1.0,1.0,4cc91f613292b97f09c4cb6781e6652ede4bcf3272f762b4ad28bfd692be5437,3,2,2,a0513067f4ec17990619b863d0fd968ca9711fedfda9555a1707ecd5bbbc0d2e,P4,1187312067.3338215,1187312067.3338215,0.0,3554016.9116646517,0.0,3554016.9116646517,h09,5,Katrina,1183758050.4221568,15583888.943773827,1168174161.478383,1706564817.0647726,175392526.99961382,1.0,0.0,12745724.501575299,R0,False,True,10400000.0,0.0,0.0,0.0,NONE,False,False,0.0,9557344.06438629,0.0,202206662.88036558,R0,False,True,164992526.99961382,1697007473.0003862,274761c696e5cc96b0fdff28389cf6fb2b00289291ed7ef526f785f2e4e09042
E2A_CRACKERS_A080,LA-0702,702,728cba086e16608759b8286d59c0052b3c586c2d5ac5246894348f6f09e56d5b,M2,A1_FINAL_NO_MEMORY_V1,certified,PASS,,,bc74f51f6d81eaa70fe552062038ed34dffed7afa5d46fa32cd3fe4c39ed7999,ce8f88c03515700cc0af231c3cc24a272ea5c02a9c4b2583a9f30998d167ec59,0.5,0.8,19137905.85543848,4.0,1.0,1.0,1.0,1.0,0a3bca3269f9d80ccd934621f40ebedf4b1068a5348019fb1016514639a13ede,3,2,2,7aab6e83768fcdc0094f71e15ec80284fd3f70feed9f6445e7f18745a633599e,P4,1222282241.5311024,1222282241.5311024,0.0,8033319.565428032,794453.5426102773,8827773.108038308,h09,5,Katrina,1213454468.423064,10310132.747400168,1203144335.6756637,1738373945.845397,143583398.21898925,1.0,0.0,0.0,NONE,False,False,0.0,10400000.0,0.0,0.0,NONE,False,False,0.0,9557344.06438629,0.0,223808905.4935675,R1,False,True,143583398.21898925,1718416601.7810106,0d316e44a51038d4053605c2cdb29a30a07cf03623899f602446a542b9ed233a
E2A_CRACKERS_A080,LA-0703,703,5553a3eb42acd0ec4628a24ea119b2f2fbf8b81df3a57396b9af9aad79c2b1b4,M2,A1_FINAL_NO_MEMORY_V1,certified,PASS,,,746257c21b9606aa2faeff7c588c321ade558007aab94b09b670364d6a3e937c,a8721f97bf2a803ec1694d4e2fd2246ed23726515de4080f771db2c1009af643,0.5,0.8,19137905.85543848,4.0,1.0,1.0,1.0,1.0,051c5f676d85a2bfbecd0f49f38b52f5bd51154d512b8827e7ecd649fb2154a8,3,2,2,a42b0e75178ccd66ad3668e3ee8c620e1a1099968ab77b1c852ff9ad9ff654de,P4,1215383096.7157984,1215383096.7157984,0.0,3756052.4826994324,0.0,3756052.4826994324,h09,5,Katrina,1211627044.233099,15381853.37273904,1196245190.86036,1880866411.1609004,1090932.9034858881,0.9999999999999996,0.0,0.0,NONE,False,False,0.0,10400000.0,0.0,1767937.145768394,R0,False,True,1090932.9034858881,8466411.160900401,0.0,0.0,NONE,False,False,0.0,1862000000.0,ca359fcde51493532464f179baa4102095bf2b18667f192f7c67d25ecca2dda7
E2A_CRACKERS_A080,LA-0704,704,fd4c77d0d0fc6b3edb42c4c8ea17724ef8c59f58bcd3488bc5c258affec8a3b6,M2,A1_FINAL_NO_MEMORY_V1,certified,PASS,,,fdcb83cc9ef8c4e0b400fc633afb4fb630abfb912dcfb7175459f06b943de715,9235fbad73042a4e7cd6812c362f8721fe56d98f1b37ce8c2067c90fa5198159,0.5,0.8,19137905.85543848,4.0,1.0,1.0,1.0,1.0,fcff4b4d34112d26b63b08b6174d3a18087593223d5d1a52486ae88dafd24526,3,2,2,0e8544b49d2ef03b502715eaf81bb845fdc02659b79503b0256e9259d9a4e83c,P1,1230697854.8860412,1230697854.8860412,19137905.85543848,0.0,0.0,19137905.85543848,h09,5,Katrina,1211559949.0306027,0.0,1211559949.0306027,1871225592.6457064,0.0,1.0,17279363.36505799,0.0,NONE,True,False,0.0,0.0,551197.4336771931,0.0,NONE,True,False,0.0,9225592.645706428,0.0,0.0,NONE,False,False,0.0,1862000000.0,c0b37be9d83c6f1b07caf18e7edd0eadad65b2c6dfda92433790783998430795
E2A_CRACKERS_A080,LA-0705,705,d9218239b3e94d56e76af1d3f93433ee8747a2f690d48d0f7537e2c9cce61118,M2,A1_FINAL_NO_MEMORY_V1,certified,PASS,,,ba615613d85af0148bfeefe63e8229cc61624d8339e39050d4a64db43fa4e44e,2d0649d7b109a86a8264448ccf54e7bfec82b3e6a2d9eff7be0d35e341795972,0.5,0.8,19137905.85543848,4.0,1.0,1.0,1.0,1.0,9b4bd0a2531b12c691130f3b76d6ef875b69cd87e8dfc6babcc7236927bf178c,3,2,2,5cbc62c444d2a2d7cee9be02197e33c341d184d5a70ac2df26ce100c930af7da,P4,1206728819.550862,1206728819.550862,0.0,2150192.7882718765,0.0,2150192.7882718765,h09,5,Katrina,1204578626.7625902,16987713.0671666,1187590913.6954236,1880710937.6562128,1246406.408173591,1.0,0.0,0.0,NONE,False,False,0.0,10400000.0,0.0,2116029.6225825055,R0,False,True,1246406.408173591,8310937.656212699,0.0,0.0,NONE,False,False,0.0,1862000000.0,14df3bc950c7152221915ca21bbd73b9a9c6db713313ac6ec484e74b2f866b48
E2A_CRACKERS_A080,LA-0706,706,23553cc77e0e5e2b52da417bd4de1f3bddfb047c09a979f7ce47bc0acdfc69ee,M2,A1_FINAL_NO_MEMORY_V1,certified,PASS,,,b0c1eed4308aaa3e1a44e37e6c7305ecee1d56182eb2ef2ed1d134c0bdf08dac,16d51fc0390dcef1d9d40faa07b4b341e220225de4aa825a2a98ad2a11adb3ec,0.5,0.8,19137905.85543848,4.0,1.0,1.0,1.0,1.0,359a329aac034d89cc6a9c3858ea7ca71591f3c92d53d64d188e6e97e5fa24a1,3,2,2,93806de38a384d6fdb435f06187a04ac288f490ae03d7576e5ba6ec88287249a,P1,1223831863.0153186,1223831863.0153186,19137905.85543848,0.0,0.0,19137905.85543848,h09,5,Katrina,1204693957.1598802,0.0,1204693957.1598802,1871102245.5655339,0.0,1.0,14968603.03798749,0.0,NONE,True,False,0.0,0.0,655018.1512024126,0.0,NONE,True,False,0.0,9102245.565533923,0.0,0.0,NONE,False,False,0.0,1862000000.0,2e3f098e6f4a53d5fdf4147f233d368e42c38e4ffd70455336954fc41d706206
E2A_CRACKERS_A080,LA-0707,707,c24e65a7388d1119f6cc562136274cfd0c8cd69579945a23b9d48775c0288b36,M2,A1_FINAL_NO_MEMORY_V1,certified,PASS,,,5ac082fa7603ae78bbf23de5a0eb0f348255bf419e9dfa3ca99ff36147dcd89a,0910baa10c56bb89e9a493153529e77f2fe0d8aceddc48c13024769316e0316d,0.5,0.8,19137905.85543848,4.0,1.0,1.0,1.0,1.0,3b3ff0762a368f55d7ae33a50e9ef2aca9da7b979844d7ea18d18120878e3293,3,2,2,3ad246d5b683dbf4137e69d47add7e939c7e6e2efc7002fed4efae2d6bcc5ef6,P4,1230147966.7912638,1230147966.7912638,0.0,10883349.10786942,0.0,10883349.10786942,h09,5,Katrina,1219264617.6833944,8254556.747569058,1211010060.9358253,1759355927.439938,122601416.62444842,1.0,0.0,0.0,NONE,False,False,0.0,10400000.0,0.0,0.0,NONE,False,False,0.0,9557344.06438629,0.0,309848666.17588365,R0,False,True,122601416.62444842,1739398583.3755517,22356935272df4b6126f97602782040015aa0c8530eb6bd2508adbd9dba59ff4
E2A_CRACKERS_A080,LA-0708,708,d3c6eda58e8661e64cd46e674356cf54fd4a8c92cf4d85e0a552622c1ddb4e89,M2,A1_FINAL_NO_MEMORY_V1,certified,PASS,,,911bda114b71a5af3bd8f251b63bff152a6103ba866c48817974fa4873af3baf,ad9ae470b78779f515df0c93759781f3d75688a7d225d88dbcc09523fa3ac618,0.5,0.8,19137905.85543848,4.0,1.0,1.0,1.0,1.0,12758c56c7ea8f864dcd75374a34bb65edd8f33a248cc3359d3d579a0db3cb0b,7,2,2,f92896657b39c060fabf19d1945e52ab33c3aa4a5ef5862c415430979d74bceb,P1,1224942187.171491,1224942187.171491,19137905.85543848,0.0,0.0,19137905.85543848,h09,5,Katrina,1205804281.3160524,0.0,1205804281.3160524,1871122192.4639993,0.0,1.0,15299467.392389352,0.0,NONE,True,False,0.0,0.0,640152.6654680837,0.0,NONE,True,False,0.0,9122192.463999216,0.0,0.0,NONE,False,False,0.0,1862000000.0,5549d29a9568ce4f90c4157eeda2cc0fc03b8ca5da6c61e9fad29795fca5fde9
E2A_CRACKERS_A080,LA-0709,709,df237b9f2da4e18df46ce1b7786ab2abe94cf23b181c22fdd6aafc509423dd83,M2,A1_FINAL_NO_MEMORY_V1,certified,PASS,,,735798a8b9cb430c3f052c421d47e3c369d8d3874ce12a33c786f2e785aa8ebf,d2f3d85dbdef7c623acb2d9f0a0c0406861bc12d6bd247e042b62d8fd349a9f6,0.5,0.8,19137905.85543848,4.0,1.0,1.0,1.0,1.0,d22b2d3f3aa9a4b5d624289637118b92c440e0bf1273dcd51164087ed3a384d2,3,2,2,8205afe7fcc924006be0c3a4c26a016b3c1a38ecbc74e3aee272a794ec2ed4fa,P1,1221725725.2811017,1221725725.2811017,19137905.85543848,0.0,0.0,19137905.85543848,h09,5,Katrina,1202587819.4256632,0.0,1202587819.4256632,1871064408.9434044,0.0,1.0,14378765.705764396,0.0,NONE,True,False,0.0,0.0,681519.0973789454,0.0,NONE,True,False,0.0,9064408.943404414,0.0,0.0,NONE,False,False,0.0,1862000000.0,981ac5dcc24bbd8309757fe4c50c2fa963de7baa4fffb5db3027a8cfa6fdbfb6
E2A_CRACKERS_A080,LA-0710,710,2b6d15a768bc1d4bd4cc6fc62dfa66a3a7f0a1e78bb62905036631e5b50898fc,M2,A1_FINAL_NO_MEMORY_V1,certified,PASS,,,e0a9fa7779b350e00eaa6ab7f5f469bb3f03004cad8283fa383da56fda93fc4b,bf8ef2a9960941111c68896165940dcddcaa9a7715d273b2bbaafa9474c8c3aa,0.5,0.8,19137905.85543848,4.0,1.0,1.0,1.0,1.0,f8e74ac0a18e9d310f4947ed19258a73a938acef328cc6c3ca74436a98b7929e,3,2,2,b5444c96e00d0fb2776ea36fcfc398a912638027f0cd4611668cd3e1fa9ff961,P4,1218084436.809666,1218084436.809666,0.0,486068.9102099763,0.0,486068.9102099763,h09,5,Katrina,1217598367.899456,18651836.9452285,1198946530.9542274,1880716023.5000076,1241320.5643787761,0.9999999999999998,0.0,463339.5617126202,R0,False,True,208627.30812932295,10191372.691870676,0.0,2293504.3596382765,R0,False,True,1032693.2562494532,8524650.808136836,0.0,0.0,NONE,False,False,0.0,1862000000.0,a81f106dd172b34dc8c6ef0b0b0c9ce610c6998c99915a5401da1b0280f4805e
E2A_CRACKERS_A080,LA-0711,711,a9992fcbcf8745c23b081c03625a6d81732df00f7800122a612e590631b94360,M2,A1_FINAL_NO_MEMORY_V1,certified,PASS,,,71c67270d7c10d87089ab12819825fedc974bec2bf8218a1592f39321345f07c,fb5b61dd1d42a39a3c3831993982af3ba9fca32aaebb82367631a55fd202d39d,0.5,0.8,19137905.85543848,4.0,1.0,1.0,1.0,1.0,68329804edbe8983fe7cf4e86c8610ec7f0772f7cf32b819241b1137b359792c,3,2,2,262ddb6c4d1813b94bc0e764abf947a5b3bbd144d89f5872e35970adcfafd85b,P4,1224046332.6546946,1224046332.6546946,0.0,4821451.568939137,0.0,4821451.568939137,h09,5,Katrina,1219224881.0857553,14316454.28649934,1204908426.799256,1804554214.5276213,77403129.53676519,1.0,0.0,20453048.153791837,R0,False,True,10399999.999999994,5.587935447692871e-09,0.0,0.0,NONE,False,False,0.0,9557344.06438629,0.0,131770984.12213562,R0,False,True,67003129.53676519,1794996870.463235,acce39443d542dc5939789dd46b3bfdbccc10f71af6f0714295351cf5fc8b40f
E2A_CRACKERS_A080,LA-0712,712,077468298f55d0ed9177bd4456c6135b89242df0eec9becb775a7b7fe8159615,M2,A1_FINAL_NO_MEMORY_V1,certified,PASS,,,61657c4faab3ff2252e43b894b1c0f65220e8f3656e14a0ff38215c31b1859ac,ad27dc9a0963852e23a4da3738f9f72e4d91ea7e8debd431fe3747365e7c40d0,0.5,0.8,19137905.85543848,4.0,1.0,1.0,1.0,1.0,9804dc7e9b4dbb0bfb75fb1e484b40a7c6a15bf9226cdb5c9ad0a5e9d1b9fc12,3,2,2,93f27f20abee0ac299b047276d8f95f136676a43b87c684aa5a6f32cfd075a45,P4,1231675909.1206977,1231675909.1206977,0.0,5874401.2554113045,424690.77442741103,6299092.029838716,h09,5,Katrina,1225376817.090859,12838813.825599762,1212538003.2652593,1763431744.5799131,118525599.48447311,1.0,0.0,0.0,NONE,False,False,0.0,10400000.0,0.0,0.0,NONE,False,False,0.0,9557344.06438629,0.0,159523392.612822,R1,False,True,118525599.48447311,1743474400.5155268,5988026d8a6202dbd98292731ded4f7360cf5dc6b04ce3ae2fb3d4d5f478f4b5
E2A_CRACKERS_A080,LA-0713,713,aeb82a21e02a366b466a844febacd1278646031c164a26e9001c9c67626e6773,M2,A1_FINAL_NO_MEMORY_V1,certified,PASS,,,7bb960cee2c36b85bd47152df453be7aa95c0240e0b55516b8d472933f6a9a1e,16e1ec51cd16ad6d72466ed59e6cf872edc4969a715aa2f3bce11c338ad81cb2,0.5,0.8,19137905.85543848,4.0,1.0,1.0,1.0,1.0,22b8c8f02e983e78381129e9bf3a1ee6a88d725e4cbfb1df29fb3866a23733ac,6,2,2,4449d69530f51d45302580b384ca1b608f6f44591881e99dde0b951b57ffb93d,P1,1223600148.0011964,1223600148.0011964,19137905.85543848,0.0,0.0,19137905.85543848,h09,5,Katrina,1204462242.145758,0.0,1204462242.145758,1871098082.8209572,0.0,1.0,14901351.269717628,0.0,NONE,True,False,0.0,0.0,658039.722394726,0.0,NONE,True,False,0.0,9098082.820957134,0.0,0.0,NONE,False,False,0.0,1862000000.0,3f609390a385407e77cf6a46ce2d29eb2fb85edf7ef88a3ffc0f92366d0c8740
E2A_CRACKERS_A080,LA-0714,714,8d752d13d5edd4cc693df1dc1ccb96a5acf809c87278fa5135563e5d8f41aa2c,M2,A1_FINAL_NO_MEMORY_V1,certified,PASS,,,e894c14b46f7672a3e9ea336969393b3416023c5222fd468357c2aee4f00d86a,121e12d96e4da67697d5138e4b84ee07717f71b8a2eab9ae550e57a52ba096a1,0.5,0.8,19137905.85543848,4.0,1.0,1.0,1.0,1.0,d9b68e1a183a1c4789b6e351923f431ba1014871849536ffbf050dec0aecb5ad,3,2,2,bdd2dabea48d1814ae31cc8518521f9b889885b332943b52005ee45cb1c809e8,P4,1200056583.0196764,1200056583.0196764,0.0,5032425.578484766,0.0,5032425.578484766,h09,5,Katrina,1195024157.4411917,14105480.276953712,1180918677.164238,1870675124.2663882,11282219.797997994,1.0,0.0,27568055.53719193,R0,False,True,10400000.0,0.0,0.0,2338565.8064633626,R0,False,True,882219.7979979949,8675124.266388295,0.0,0.0,NONE,False,False,0.0,1862000000.0,a54d97567c6d3931287eef4ca3504331498e353a82ba325ba14ec5999dad1011
E2A_CRACKERS_A080,LA-0715,715,d04229981299fb90f591da35b8335a5a3bf625916cb076b444213022ff17344f,M2,A1_FINAL_NO_MEMORY_V1,certified,PASS,,,df676751314a418d2e30b4007183f7865e08994e3b4e835cfbeef97d538e4c79,b5cd82fc24c6bd924caaa9fe9984690f30ac939ec30d83dcb8a2542c585df190,0.5,0.8,19137905.85543848,4.0,1.0,1.0,1.0,1.0,14555c9b7c8264d69c0e8fcf06abe095df504022af05d55dbbdbc3e77575bbc9,7,2,2,b206f4ff65ea2ce230a4ac8d865e03ad3899fbcf53a614e9137e974e945fbd5b,P1,1222645987.4565635,1222645987.4565635,19137905.85543848,0.0,0.0,19137905.85543848,h09,5,Katrina,1203508081.601125,0.0,1203508081.601125,1871080941.3912246,0.0,1.0,14630672.615784645,0.0,NONE,True,False,0.0,0.0,670201.1100301584,0.0,NONE,True,False,0.0,9080941.391224578,0.0,0.0,NONE,False,False,0.0,1862000000.0,714e673d0ce8e23386d3db006a46959bf50e0f4e7d3dd26991636205e5d61acc
E2A_CRACKERS_A080,LA-0716,716,30d0fb73898ee1e897ae6fddc62c450ff390cc8be0160490f95bcd97624fdfa6,M2,A1_FINAL_NO_MEMORY_V1,certified,PASS,,,8be55fce330929424236fde14450de4dd1c0fb99bee934f5b36712e32c1b94b3,ef14105ee848a03f9668d0f633c08ce4ad21e9f893f798a428b7927f191ca3ee,0.5,0.8,19137905.85543848,4.0,1.0,1.0,1.0,1.0,7fcb682bdb4ce5a14e4eefbc95350515ff8b3667da981688c2807ea674fb0d03,3,2,2,a6064ddc70d95f89a4a252f85f097b8c6bb709671a4a4609fd08599ab9e2e3e8,P4,1214345183.7561243,1214345183.7561243,0.0,9503436.486776313,0.0,9503436.486776313,h09,5,Katrina,1204841747.269348,9634469.368662165,1195207277.9006858,1717201683.3214478,164755660.74293837,1.0,0.0,0.0,NONE,False,False,0.0,10400000.0,0.0,0.0,NONE,False,False,0.0,9557344.06438629,0.0,218693629.32905778,R0,False,True,164755660.74293837,1697244339.2570615,533369a570a2a4065c111a945ed7a7f914b9b5e68800030e42ad55eb70a441ea
E2A_CRACKERS_A080,LA-0717,717,2d5d06a8dbc0affafad8231aec32fe434393de4a4052472462416c2a083b6d66,M2,A1_FINAL_NO_MEMORY_V1,certified,PASS,,,076c0abb754c60db2bdcd5f6d82ab44593402f7ab79df70e47d70d7dc83956c0,cbcfd1790aac330c120beaa8cdecc6196a0a31cef79273c7d6e1179248d2a7d4,0.5,0.8,19137905.85543848,4.0,1.0,1.0,1.0,1.0,239ce53b5a10ec09feb7313ddf3a91b2ff2ef79d2b8efbacc9df520d3843c7c5,3,2,2,dbfaa0e980621d39b353ef7e06d733c08f24056565d7b984e8943d8e9ccb428e,P4,1229230781.8223581,1229230781.8223581,0.0,7938046.854604317,630115.3142623581,8568162.168866675,h09,5,Katrina,1220662619.6534915,10569743.686571803,1210092875.9669197,1881115183.8884542,842160.1759320014,1.0,0.0,0.0,NONE,False,False,0.0,10400000.0,0.0,1341456.4879336744,R1,False,True,842160.1759320014,8715183.888454288,0.0,0.0,NONE,False,False,0.0,1862000000.0,a45d205b568516d9722d35ce1c08f9f5423ef640cd6327429d31c190aa5b0345
E2A_CRACKERS_A080,LA-0718,718,e5a0a9e3756ac75f7bc4803ff404f00170cd3d4602e958dfe083a970fc7af97b,M2,A1_FINAL_NO_MEMORY_V1,oracle_failure,FAIL,oracle_failure,Full exact certification was incomplete,6f17334b2e5574c160ffbeb7a83d063eff98e1ed4576f1b34d686458c1606cb8,53c986a1aab14e0d8dc056c5ee5dbcff5a0fd3fcc82e8efb2e776d84910e0efc,0.5,0.8,19137905.85543848,4.0,1.0,1.0,1.0,1.0,094edc48eec01023264303a4cc1855abc678fb41d8f633b0e5179352b85f428a,3,2,1,,,,,,,,,,,,,,,,,,,,,,,,,,,,,,,,,,,,,,,1ce88e2975c91439381a0638c9cf4214b534204b5d2c75545bcdac6af9ed9da0
E2A_CRACKERS_A080,LA-0719,719,ece9bc8bbf86c6cfcafa30ccc274f02ec4c067565eed8fe081c857dada9d9ca1,M2,A1_FINAL_NO_MEMORY_V1,certified,PASS,,,00b09bdb1a2d8fef0f792bf151739480a28b70a9ea5511628ce8857b9a67ad84,e8e04e1a58c0792e3bb6e985a009305789cb31c1abbceb9d0bf0fe89b0d0e398,0.5,0.8,19137905.85543848,4.0,1.0,1.0,1.0,1.0,0c38efdebe2975f1223d3f1a8921ae1be8bdf3a8649e1588672b619e0386a8cc,3,2,2,6f024ce017cfd18594afee88a5b90938e9c8426bff950f2a110a9336063f25d5,P4,1201224354.5927882,1201224354.5927882,0.0,2154246.3657567236,0.0,2154246.3657567236,h09,5,Katrina,1199070108.2270315,16983659.489681754,1182086448.7373497,1870696103.2038183,11261240.86056785,1.0,0.0,12793368.949624768,R0,False,True,10400000.0,0.0,0.0,1059439.6234362335,R0,False,True,861240.8605678485,8696103.20381844,0.0,0.0,NONE,False,False,0.0,1862000000.0,8592c6d38ccd77adc9c901eb245e58aade025524f28376bd3bc11d1d9ae2ebfe
E2A_CRACKERS_A080,LA-0720,720,5452cc9a725f1a04dd451f6365760d021e9e0b12561e3c7029b08de2ce799da0,M2,A1_FINAL_NO_MEMORY_V1,certified,PASS,,,26ec1e9a40f7171baca354291628459f49128cc7ea1cb69ba3c59cc345bbd645,c8228f0300d621c83dd360e4f4c755055f471ddeaef4e2cc025b8df40e54f91f,0.5,0.8,19137905.85543848,4.0,1.0,1.0,1.0,1.0,28925d4dc278a2f3662008f6004e5f679b1377e1241cea49d115cc50b79c1be3,3,2,2,4c76b0db25f8a6fd8976ad37d16f39edc752c7da697308f7af1ecb7d91a9feca,P1,1223944915.8391275,1223944915.8391275,19137905.85543848,0.0,0.0,19137905.85543848,h09,5,Katrina,1204807009.983689,0.0,1204807009.983689,1871104276.551877,0.0,1.0,15001635.725609167,0.0,NONE,True,False,0.0,0.0,653534.0174779008,0.0,NONE,True,False,0.0,9104276.551877137,0.0,0.0,NONE,False,False,0.0,1862000000.0,373db2a637cf95401177e7228d7c5341eedf3145c1c6997a92c2466a925d5fcb
E2A_CRACKERS_A080,LA-0721,721,f63a5332db1b0a4a94ddc208ca8869696a1838b622519e38858ba101befa8f2a,M2,A1_FINAL_NO_MEMORY_V1,certified,PASS,,,229bacd29c0637f8f8a9c0425c4393ebc5c10f60ec77c31859d7ddb6de780da6,2e64d472023fa1b0f04c131968f721b2f4fd8cb7640f7dc0c4992a180b9cee39,0.5,0.8,19137905.85543848,4.0,1.0,1.0,1.0,1.0,63600e9b5bf91e7c3f58b15bc06376ec22a15dd634e153d56826990d987e4ac8,3,2,2,d6cd29c0ec918cb03d458ad1e430e473f3d6a1039670108b8a513c655e34bd0f,P4,1221388844.0038078,1221388844.0038078,0.0,7451807.903469905,674500.5612506468,8126308.464720552,h09,5,Katrina,1213262535.5390873,11011597.390717927,1202250938.1483693,1735990789.8293536,145966554.23503274,1.0,0.0,0.0,NONE,False,False,0.0,10400000.0,0.0,0.0,NONE,False,False,0.0,9557344.06438629,0.0,173995506.81710243,R1,False,True,145966554.23503274,1716033445.7649672,41a16031f47aa827fae3f23a91f533a3486a6d3279e717e0f17b8fda3dc20b83
E2A_CRACKERS_A080,LA-0722,722,bc028472f9a9c3bbdd659f7715f51cb273e07bec6665594bfe3ea271b330ac01,M2,A1_FINAL_NO_MEMORY_V1,certified,PASS,,,12cc17433a414bfd0977b7bc2198367bad19362ea1b12a520d00e7b02f924abb,41ee02661191150deefecc1d8976d68eccec6cdd4c52a145e36abe72f0cc24f8,0.5,0.8,19137905.85543848,4.0,1.0,1.0,1.0,1.0,d7edceba74c9defc14a4427be036814c11a52c56f52f7ff3934741aba1b3aa89,3,2,2,ec8e6192d8ab9bc56911e9162753710d858a384d44c99d4b8250699e0796d47c,P4,1225972540.180416,1225972540.180416,0.0,6564289.3639867995,0.0,6564289.3639867995,h09,5,Katrina,1219408250.8164294,12573616.491451679,1206834634.3249776,1748217892.306435,133739451.75795123,1.0,0.0,0.0,NONE,False,False,0.0,10400000.0,0.0,0.0,NONE,False,False,0.0,9557344.06438629,0.0,167741179.98837018,R0,False,True,133739451.75795123,1728260548.2420487,548b1a1e68450cec412c7c26a81ecd662cbc1d4abfc1765e8ed6ac3032a5c104
E2A_CRACKERS_A080,LA-0723,723,f673f3852e308dbde1d1a7ffa45d0773f2a9a2594756108e5c3af3bb435d9d5e,M2,A1_FINAL_NO_MEMORY_V1,certified,PASS,,,9ae6b95d04a005e6d904162e2f726773ea08e8fe960ccd758527107104ad3728,2f1df7ef4abf98996caebcacee31d1ac624cb20004f277070a5cbe0019e72326,0.5,0.8,19137905.85543848,4.0,1.0,1.0,1.0,1.0,fcc78420c81e1490b4d3c1d8aca99871a8435531e9cef808308344549d24792c,3,2,2,d713d2c1fa7fd18ba7f82361648a3dc01f3c805a02b24d157ef57df00aa82619,P4,1220378453.7577782,1220378453.7577782,0.0,8274088.476807695,0.0,8274088.476807695,h09,5,Katrina,1212104365.2809706,10863817.378630782,1201240547.9023397,1733295553.3642724,148661790.70011392,1.0,0.0,0.0,NONE,False,False,0.0,10400000.0,0.0,0.0,NONE,False,False,0.0,9557344.06438629,0.0,276872874.79901016,R0,False,True,148661790.70011392,1713338209.299886,0dd440ea69d471332adff5986f662c417aa6a55d1d2042df4a45e7c77755cd0a
E2A_CRACKERS_A080,LA-0724,724,1ebff7e28a3aad4ec0ba013bd5cff3fb767cea0c4000fbbb6682bd75d3a93a78,M2,A1_FINAL_NO_MEMORY_V1,certified,PASS,,,6f8f25ae526d0a8a8766e35ae58481d7c9702da502e5ec18163c9693dbcafb29,b0ff5463e79a5b5120fe1249c7d5a212911e66e9670ec5219bc8f3c80f25415a,0.5,0.8,19137905.85543848,4.0,1.0,1.0,1.0,1.0,8fea025dedf2605b698696fdeb7bd78b9f3e3d14b37109eae9d14ee6e1cd81ba,3,2,2,1809f56a5455a185d83ee7e261a59247bae0765ee4a778dc2cf2a2c834be8ea2,P4,1214063703.0330226,1214063703.0330226,0.0,7972487.464781231,0.0,7972487.464781231,h09,5,Katrina,1206091215.5682414,11165418.390657246,1194925797.1775842,1777925347.6324232,104031996.43196319,1.0,0.0,15670284.686658483,R0,False,True,10400000.0,0.0,0.0,0.0,NONE,False,False,0.0,9557344.06438629,0.0,141080773.06433216,R0,False,True,93631996.43196319,1768368003.5680368,38f86a210ddc6f599aeeadfe03b608fc0c9812835f0579c462973f6d3244d9f0
E2A_CRACKERS_A080,LA-0725,725,9c45622b4317f688cc178b9c6db92120dc46609f22e3ff9f0e37f0967f3b323a,M2,A1_FINAL_NO_MEMORY_V1,certified,PASS,,,fb23688d2192b0e9f0c807708af233f55641a0e81624999af19d590fcb0a57df,3532088ed631483d125a897ead566bd1cb6c7cccd4f085b7289fe169606301ee,0.5,0.8,19137905.85543848,4.0,1.0,1.0,1.0,1.0,a1676a4d38788ee95cfb30e682e5157e412e42582ccd8062184761fef40986f3,3,2,2,6a3f21053faebc961b1d5a22aad81dd07a5a77ae1148bb7641a66624bc611a49,P4,1194620728.365992,1194620728.365992,0.0,6424367.451150475,0.0,6424367.451150475,h09,5,Katrina,1188196360.9148417,12713538.404288003,1175482822.5105536,1726060818.537698,155896525.52668843,1.0,0.0,12343894.280320037,R0,False,True,10399999.999999994,5.587935447692871e-09,0.0,0.0,NONE,False,False,0.0,9557344.06438629,0.0,172691704.73608917,R0,False,True,145496525.52668843,1716503474.4733117,d17261f13084b6ed01fa4f41ce5fb8ce6434f6fbb7d53558499d7d769d173964
E2A_CRACKERS_A080,LA-0726,726,5569a7405a50eb8d9ce7555de2983e6a581c3159ebfd2ba1263d8b453e7d281e,M2,A1_FINAL_NO_MEMORY_V1,certified,PASS,,,4275434ffdae18a2884d5bbca4de3078be6ef66ec8e72284fc7baf75061a3b79,29acbffd1222575beee8bbb5d1dd72d7b2d9d35e2df79b63cf01793177da533f,0.5,0.8,19137905.85543848,4.0,1.0,1.0,1.0,1.0,335577bd2030966d24bae26647c16727aeeace521cea792134b8f78ef1ac5e80,3,2,2,b85a5257447efdc3a576ed9117639862acb4ff68dc7a59f13416a5b4e7400659,P4,1193065505.7947814,1193065505.7947814,0.0,6763087.817011204,0.0,6763087.817011204,h09,5,Katrina,1186302417.9777703,12374818.038427275,1173927599.939343,1721912230.7997267,160045113.2646597,1.0,0.0,14047873.530389741,R0,False,True,10400000.0,0.0,0.0,0.0,NONE,False,False,0.0,9557344.06438629,0.0,202134194.76757574,R0,False,True,149645113.2646597,1712354886.7353404,f79e9ccb23b89217e7a92efd03a2b1bbd8110bb472975101b84acb1f5f3e3bd1
E2A_CRACKERS_A080,LA-0727,727,f884143be498d32e8540429c629a64fce753672568861eb16315b4b20cba3fa4,M2,A1_FINAL_NO_MEMORY_V1,certified,PASS,,,c5bb138351ff9f898b18a5cf2f5aab7b33a09ce88f7db537f75b467039026de8,28397fc9a8f727b293cabc32c17db44c95541296f742e493a90231cf28bfe687,0.5,0.8,19137905.85543848,4.0,1.0,1.0,1.0,1.0,928baa325996ed691a2e8a523efb4466a481b8fb4fbebd5d3ebb1ddf512626a6,3,2,2,ea468026aa01a0b716ef93a64cfd638be0d3847251ea30cf7fa0f123be5da8d0,P4,1202359432.939799,1202359432.939799,0.0,7550257.963573416,1819291.769068859,9369549.732642274,h09,5,Katrina,1192989883.207157,9768356.122796204,1183221527.0843606,1880632441.920889,1324902.1434973741,1.0,0.0,0.0,NONE,False,False,0.0,10400000.0,0.0,1598501.3418074597,R1,False,True,1324902.1434973741,8232441.920888916,0.0,0.0,NONE,False,False,0.0,1862000000.0,b2296bc4f2207e28871ba5dfe83d14333c12d6b9d337fcd5193221d35c04429e
E2A_CRACKERS_A080,LA-0728,728,4f4224e8a98f7c66319d068600875aeae16b05fd995d72f810aeb83eafec23b3,M2,A1_FINAL_NO_MEMORY_V1,certified,PASS,,,d0061c9b90ac9b06e73ceea2bbd7ea016a321cb16b3f38571c8a16cd608a5a64,cbc4dcd80b35599ae67e85892415cd18154f0f9b1d23867231c92df74db2e608,0.5,0.8,19137905.85543848,4.0,1.0,1.0,1.0,1.0,ca396ff25245b276b9fd03fb4ef58001659a78ca943218e2cf90ecad9850eba6,3,2,2,e61ca2b70c5cfbe4f5b730e26514869b96254b06983c773b6d4bdceee8648461,P1,1226684424.7845447,1226684424.7845447,19137905.855438437,0.0,0.0,19137905.855438437,h09,5,Katrina,1207546518.9291062,0.0,1207546518.9291062,1871153491.645033,0.0,0.9999999999999979,15849176.600043053,0.0,NONE,True,False,0.0,0.0,615454.6456430738,0.0,NONE,True,False,0.0,9153491.645032808,0.0,0.0,NONE,False,False,0.0,1862000000.0,9d20344725f888b4078bba4a88d028524229b6ba09cb15de5471ad38b9adc19f
E2A_CRACKERS_A080,LA-0729,729,7f2517d77452ef41ed3e76bef173a7599ab23cda67c2eb876ec5347f0c123e72,M2,A1_FINAL_NO_MEMORY_V1,certified,PASS,,,f815ee3c4865debb9fba03479324bdf78939aaa6fcf72183516522712106cd27,64ba719e63e0279960aaf0a2a815eae6a8da72e56bd8910ae9cb32bc072da2e8,0.5,0.8,19137905.85543848,4.0,1.0,1.0,1.0,1.0,380b18ba8398d52b89f4ec3c60d7da75c039bea4626fbd38e0ed07bbfb525f43,3,2,2,2e92a44aeaf56da00a565f9306db2fd8dec35872d76a13c29d4f028abf972fa2,P4,1229951481.542966,1229951481.542966,0.0,8235367.9706352735,0.0,8235367.9706352735,h09,5,Katrina,1221716113.5723307,10902537.884803204,1210813575.6875274,1820306318.9030788,61651025.16130767,1.0,0.0,17472836.724848382,R0,False,True,10399999.999999998,1.862645149230957e-09,0.0,0.0,NONE,False,False,0.0,9557344.06438629,0.0,86105845.6369832,R0,False,True,51251025.16130767,1810748974.8386924,64dc7576f8a8586bcfa7fc46daf11f9fbeee38264ec9c15d25faf3bbc7f76c00
E2A_CRACKERS_A080,LA-0730,730,ac7ea81a01e19b8e69aa53df155dce744d37233040b5c9aac80351f76719a7b7,M2,A1_FINAL_NO_MEMORY_V1,certified,PASS,,,e4c5d6e99b5038981b89806a43a8d620583291624b1efbe4fe91133a8748cd74,4d01e2d8c5f2596050b222e881ecea3135d227e8565caca2ff1924acbe2c5ee5,0.5,0.8,19137905.85543848,4.0,1.0,1.0,1.0,1.0,d7b7a354b6f1b57b36ad63d7e03dcafd2f1b2b7c8cb1014b08d6523f73774d2f,3,2,2,dcaa470e9e1a327ee8b9e26e1201b8e6f569f29020a364a0907a64b47649a07d,P4,1211045342.3244224,1211045342.3244224,0.0,291371.62348760385,0.0,291371.62348760385,h09,5,Katrina,1210753970.7009346,18846534.23195087,1191907436.468984,1708399289.4041893,173558054.66019696,0.9999999999999998,0.0,0.0,NONE,False,False,0.0,10400000.0,0.0,0.0,NONE,False,False,0.0,9557344.06438629,0.0,256589969.74644712,R0,False,True,173558054.66019696,1688441945.339803,3f190a167c46b5877356faa10ec4e7a97728a7e817400184e53b9d70d976a2e8
E2A_CRACKERS_A080,LA-0731,731,51654db73a8951e31cd4c85be0f23694c5855501babb9abd3a0a54c941af64a0,M2,A1_FINAL_NO_MEMORY_V1,certified,PASS,,,8cc8bd000a6386006bc9c4cc23dbfc3c687ed3682d22149610c5118002cac8dd,80653904e2d9b733990ce822c271b8be8de3d1f89c880fa5b75178847cbf7448,0.5,0.8,19137905.85543848,4.0,1.0,1.0,1.0,1.0,d9528fd5c604d038a018c0d6ce234bcdf438d311638d8a27cc4483e7a5df28de,3,2,2,2cf0078a41deff90743d07c436f8bfe4a30fb0b32c3f3c0fa75b5f74584d80a1,P1,1228225074.570964,1228225074.570964,19137905.85543848,0.0,0.0,19137905.85543848,h09,5,Katrina,1209087168.7155256,0.0,1209087168.7155256,1871181169.3143778,0.0,1.0,16369271.498240475,0.0,NONE,True,False,0.0,0.0,592087.1743915179,0.0,NONE,True,False,0.0,9181169.314377796,0.0,0.0,NONE,False,False,0.0,1862000000.0,ba4e6e521d206bc095e03944a645eb1b04cd4fb51558028c3342f3a6231e4e7e
E2A_CRACKERS_A080,LA-0732,732,086e2d645bef16addd208458cd6e52cb4a67c07c954ae44077b275ebfce7818d,M2,A1_FINAL_NO_MEMORY_V1,certified,PASS,,,292131a42ad67b61826a4e72b85cf05246e697efe8cabb9c4de325f1c30b2831,51ba7594af849733a0560078673ebf76be8fc28da07823254c2dd597531324a5,0.5,0.8,19137905.85543848,4.0,1.0,1.0,1.0,1.0,ff5cc652ad34017d930315376490c540b22aeb25d9e55c2bb537a5a6d7c1abab,3,2,2,500779de4c5ab26e86eafdc56c0ba2ac30588b7e08818895b2c2cbb1d9e5f503,P1,1229004811.9493644,1229004811.9493644,19137905.85543848,0.0,0.0,19137905.85543848,h09,5,Katrina,1209866906.093926,0.0,1209866906.093926,1871195177.243711,0.0,1.0,16645725.605005931,0.0,NONE,True,False,0.0,0.0,579666.3000191549,0.0,NONE,True,False,0.0,9195177.243710943,0.0,0.0,NONE,False,False,0.0,1862000000.0,3d9b6f9b526dc200539f6e14d1f069d2897bee7a3e2f90bb623a906d9a0cd623
E2A_CRACKERS_A080,LA-0733,733,edc601c6c2ffbe79d7fe0cb8db5da19e33b5e06b749f30e40ab25036d4081173,M2,A1_FINAL_NO_MEMORY_V1,certified,PASS,,,15bc33b471e3ba684375ee8c0bc3ffa64327b282051ee9128897fb3f02b1ff92,4169d87e109aee3110d5b4d70defe9be7b820cfaf4189e8a3dfcc180325b062c,0.5,0.8,19137905.85543848,4.0,1.0,1.0,1.0,1.0,6779924c99b77fdc83187f86acbd693107dc7728dc97cc813359d9a64fa145c7,3,2,2,5aba0caf0a3f604f41267fa86253baa309d60e20f47f920c81e86da7577de3be,P4,1209322176.5183637,1209322176.5183637,0.0,888843.6782743147,0.0,888843.6782743147,h09,5,Katrina,1208433332.8400893,18249062.177164163,1190184270.6629252,1703802709.682522,178154634.3818643,1.0,0.0,0.0,NONE,False,False,0.0,10400000.0,0.0,0.0,NONE,False,False,0.0,9557344.06438629,0.0,323589233.3889181,R0,False,True,178154634.3818643,1683845365.6181357,ef0bea8f542026f0eb2a7dc30cc3f6a87004946a2bd92cf8ef5403bbc5123336
E2A_CRACKERS_A080,LA-0734,734,12e799fc78af354e664a13c6737226bda8439a8efaafbd34bb8017839b6be271,M2,A1_FINAL_NO_MEMORY_V1,oracle_failure,FAIL,oracle_failure,Full exact certification was incomplete,d292db8ec98aff64a3835cc345d4cf17d818201b21325ac341d58c0654023866,1e8cfb0b931a68a56dd2694dd7a1db43e439579636e1ebfdcbc37893c3018775,0.5,0.8,19137905.85543848,4.0,1.0,1.0,1.0,1.0,90d6662d508991ca611c2b68ce6fd36f97700c3695f67d9681d6c7b20aa1672b,3,2,1,,,,,,,,,,,,,,,,,,,,,,,,,,,,,,,,,,,,,,,9dbace6fee38d40ee278de3f117480a8f2b7568c6b440558d7c4efdea8e7f95d
E2A_CRACKERS_A080,LA-0735,735,af998b706f3003bea4d34c41b9da8c751ff69adf5c3306ff105b466b3b972034,M2,A1_FINAL_NO_MEMORY_V1,certified,PASS,,,fc5329154393b3c873bca8f1767f147b992128086216b8e539ff01a92e315e71,345d596f171953e8bbcef46a36f65ae830d0a397a5fe3670a2726635da9d8652,0.5,0.8,19137905.85543848,4.0,1.0,1.0,1.0,1.0,eaf0caaef1bcfe23e5a4ff4fdf3889eeafbf5dd5e284ab0c3f1612a328ecb481,3,2,2,1c695063dd0256459de3c462954ae04d62d6a5a199d8a961d5aa0f285c2b4e9b,P4,1233723222.1364288,1233723222.1364288,0.0,4002475.1232538363,0.0,4002475.1232538363,h09,5,Katrina,1229720747.013175,15135430.732184641,1214585316.2809904,1830367513.4012194,51589830.66316696,1.0,0.0,16620757.433990415,R0,False,True,10400000.0,0.0,0.0,0.0,NONE,False,False,0.0,9557344.06438629,0.0,65827517.71150372,R0,False,True,41189830.66316696,1820810169.336833,390df04106d78d5ac69315257ff663e2b17e225229d3c5aef1cb2610b95a96f3
E2A_CRACKERS_A080,LA-0736,736,5fdc55b208a6dc260ce19154b9261de4a4557f37e57199cf004ea3b9339ce9e0,M2,A1_FINAL_NO_MEMORY_V1,certified,PASS,,,42fc934428cb014ddb817a5af705bcf3971d0981154f469fbbc8ab72812d0ae4,e7479f6943476da4421c2b2c06f1d8062aba7a5268b8beeb5ea09f52cc60264b,0.5,0.8,19137905.85543848,4.0,1.0,1.0,1.0,1.0,f4f78c5d0a1b25e088b23eeec62a08311d32ce80a0c539b0632394a3f025b77c,3,2,2,8163e813fa5506ddf9c2834d12a0956d8e5fe00785475762107149e79f8ad644,P4,1234126554.6603944,1234126554.6603944,0.0,6020514.150458379,0.0,6020514.150458379,h09,5,Katrina,1228106040.509936,13117391.7049801,1214988648.804956,1769968891.239369,111988452.82501753,1.0,0.0,0.0,NONE,False,False,0.0,10400000.0,0.0,0.0,NONE,False,False,0.0,9557344.06438629,0.0,276755206.45779717,R0,False,True,111988452.82501753,1750011547.1749825,1a233a66b290b2ac030c579968444e13f7ea6f00079969ad13485a4814ae05dd
E2A_CRACKERS_A080,LA-0737,737,c7ed8530e676f1740e5d25e8c53f84f84cec83b699932dd32bc91be5f2cfd576,M2,A1_FINAL_NO_MEMORY_V1,certified,PASS,,,30a420a923ff2bba2f9fa16aa66f928c5846a2b39773b4dc2ad3f05d9f77d33c,2ac580254c9de9bfaf1d52c81c0e6b1738053c20faed0377b0b785f9b8cb9ece,0.5,0.8,19137905.85543848,4.0,1.0,1.0,1.0,1.0,510483272af3eaa48cb53e23a64664f66318ab6e3d6a39b892d91972a64f95aa,3,2,2,713c18b8fc05e984bcd3629677ebec295431f37a1685ba09c1af123ed8a12573,P4,1227000010.801967,1227000010.801967,0.0,2685914.7187528964,0.0,2685914.7187528964,h09,5,Katrina,1224314096.083214,16451991.13668558,1207862104.9465284,1812433210.8658428,69524133.19854358,1.0,0.0,19041557.517160606,R0,False,True,10400000.0,0.0,0.0,0.0,NONE,False,False,0.0,9557344.06438629,0.0,108251498.36080118,R0,False,True,59124133.19854357,1802875866.8014565,9808bc124724a52311f69a867b0438b95a12b6950c561aa06e4af2553f2407a7
E2A_CRACKERS_A080,LA-0738,738,e2f39a862f7eac6d3a1344994c06c5b247aa5f818f77aedd580d9581284b1c9d,M2,A1_FINAL_NO_MEMORY_V1,certified,PASS,,,3bcaa32eb60a31a023f820209db166ae0d4bc2cfdd6937bf57c4e7b74aebfb43,cfa579fc4bcc7f28f1ca6c088c2c4aaade2180fe4397df6fab93c3557af5bc34,0.5,0.8,19137905.85543848,4.0,1.0,1.0,1.0,1.0,8c959f5664b2404a097cdc7628226e4027026a170fa2fa1c7d1c1fb185cdd9e0,3,2,2,d4ccc5f4f29f6e237273ff16be0119d7cb4beaa0dd16c4bf847572ddf58cf603,P4,1222709004.557952,1222709004.557952,0.0,8707908.085738147,0.0,8707908.085738147,h09,5,Katrina,1214001096.4722137,10429997.769700332,1203571098.7025135,1739512344.871351,142444999.1930354,1.0,0.0,0.0,NONE,False,False,0.0,10400000.0,0.0,0.0,NONE,False,False,0.0,9557344.06438629,0.0,196610107.96226993,R0,False,True,142444999.1930354,1719555000.8069646,f209ef0e9258efc038a5984b4d839a51bbcd9720daa5ba722cd75edbb344d40f
E2A_CRACKERS_A080,LA-0739,739,bbd650364570c550bb4f12e609906b97dbaef08ae036657ddaafe7706d0eee2e,M2,A1_FINAL_NO_MEMORY_V1,certified,PASS,,,4c59f18c590ba035b16582f50cd919cb463dd96fe3bfe858e7fa7a51d934aa85,84c349815873f6c2b88fc62043dce635f16a9a3e944a913bf41f82f0b6526520,0.5,0.8,19137905.85543848,4.0,1.0,1.0,1.0,1.0,7b26f9a91bb202e65cf4a82e4bd9d51821ffc89c9b19dc47d5d2091620a3eed1,3,2,2,d715762b8a22e3bfcaa5d9f02b2012f9abab61b3cb94e22eafcd688907eedb34,P4,1204543378.3307054,1204543378.3307054,0.0,5361068.874941198,0.0,5361068.874941198,h09,5,Katrina,1199182309.4557643,13776836.980497278,1185405472.475267,1880671676.3523152,1285667.7120712043,1.0,0.0,0.0,NONE,False,False,0.0,10400000.0,0.0,2152327.5680532428,R0,False,True,1285667.7120712043,8271676.352315085,0.0,0.0,NONE,False,False,0.0,1862000000.0,530080f1d97f23a8704e8f513fb8c21b7b5e327b2cae9afb59f6ef39e73dda57
E2A_CRACKERS_A080,LA-0740,740,5326ec912917902faffe5be81915dfb8bf5f115b0f007b4049f2e7d02f369edd,M2,A1_FINAL_NO_MEMORY_V1,certified,PASS,,,6e49911e5840f431523b0a4fb80a276effd86217a41041d96b110aff46fbc0d0,cad19b7505c2cbd0ad037e1ed86983ea5f7d0d6dbbf4160055ecb0ad06a161c4,0.5,0.8,19137905.85543848,4.0,1.0,1.0,1.0,1.0,5d284468a512583a204862443de98bfa6b49dcd357ac6f54518251a12a8c4f3d,3,2,2,8b2bfb35834efc4d83f5a07614f705d100cb2c3b491b96805c9ab7e1d4274337,P2,1222051795.0282571,1222051795.0282571,9531730.866419137,5966163.850757445,0.0,15497894.717176583,h09,5,Katrina,1206553900.3110805,3640011.1382618966,1202913889.1728187,1871070266.7643867,487077.29999963794,1.0,14716274.303565132,0.0,NONE,True,False,0.0,0.0,0.0,1078488.1428602017,R0,False,True,487077.29999963794,9070266.764386652,0.0,0.0,NONE,False,False,0.0,1862000000.0,ddc0d412175bc9dbc0ba8af473ea939b84ddc9f840b2fe6cf558e6dd0c2897fb
E2A_CRACKERS_A080,LA-0741,741,cd706f6f95bfd3e423e08f8f37f52685b7c010f94728021798d0f88dbc03a9a8,M2,A1_FINAL_NO_MEMORY_V1,oracle_failure,FAIL,oracle_failure,Full exact certification was incomplete,33c23b60d04184790dedf20065af4bc05ded8fb0d9f12b3c6c387c70db41b858,e1895ed2c6b825604116ee283e1b8b1870337170351b0b4e41bbe6ab9adbf9f8,0.5,0.8,19137905.85543848,4.0,1.0,1.0,1.0,1.0,3a060b539e2a59b9cc2069b62d557536bba044be6476197de64d8ad0c0cb81e9,3,2,1,,,,,,,,,,,,,,,,,,,,,,,,,,,,,,,,,,,,,,,b4a2eb894905198ed8fc0d4dc7b98b4aa9d0df640370f0f87b3d40b5272fca4d
E2A_CRACKERS_A080,LA-0742,742,fa7c40aaf4394633133e11289327791db3f58eb169515367acc9a0fe975e0019,M2,A1_FINAL_NO_MEMORY_V1,oracle_failure,FAIL,oracle_failure,Full exact certification was incomplete,a76483d9a7c0e6ee8d4b1924d6c02cc42ae13fff1572dd3b9a12f802578f89d0,9d6feb28b45f1adf0b293baefb656c9f0f40c25fcd9b51c4e2f5da0bee0be0ae,0.5,0.8,19137905.85543848,4.0,1.0,1.0,1.0,1.0,9edcd2b628c2882df618453648d4965c2af1b1f46563afb2ab7d9097c9f56bca,3,2,1,,,,,,,,,,,,,,,,,,,,,,,,,,,,,,,,,,,,,,,e170defb9b6ce2703126983e1fb907c5cf47c4580093365968c68642ade7c632
E2A_CRACKERS_A080,LA-0743,743,2d62edb0a62651780d47594384dd24fe739c45b2b273b5f8659f272781220a03,M2,A1_FINAL_NO_MEMORY_V1,certified,PASS,,,582c7c579ea3285dd79e1c9ee8f1d34a020bc8e84858836003752d776601e23d,ffa289bed2ebc4fcf066c9a8f4ef1a7e7167d4cb9b8dd6107d8893b7057d0bd9,0.5,0.8,19137905.85543848,4.0,1.0,1.0,1.0,1.0,9633090a392994d3fb943c4ceb4e796c1a6127fe5eb609e2ad1ceb8b4a2c6626,3,2,2,e6101371882127364bc2b6a31f587470a1f3a0f7c6c8fbafdcd8cd155dc9e80b,P4,1227476177.9987156,1227476177.9987156,0.0,3231045.911451646,0.0,3231045.911451646,h09,5,Katrina,1224245132.087264,15906859.943986833,1208338272.1432772,1752228876.67023,129728467.39415646,1.0,0.0,0.0,NONE,False,False,0.0,10400000.0,0.0,0.0,NONE,False,False,0.0,9557344.06438629,0.0,197586576.45635995,R0,False,True,129728467.39415646,1732271532.6058435,c6f37f95713c9a5196cd232eca0c5c84df70d54a7afdbb5d9e294eac62e5edbf
E2A_CRACKERS_A080,LA-0744,744,60c71465235da1498e0ae4b1a35a1896c33be7d1b1a9983ddde874a98a503486,M2,A1_FINAL_NO_MEMORY_V1,certified,PASS,,,b0019955f35aa60dd21ef4225f28249702ae19448707465c6d5588a69185f564,46c2db68fd60c28f18829430cf011ab36f7f88dc822f04771bc4cc3dcf8587a3,0.5,0.8,19137905.85543848,4.0,1.0,1.0,1.0,1.0,91a497f8c161f235d86494d36c66dc78eef14ef4324a2caf4a2f34e014d7c86d,3,2,2,7e4dbe351ff917d0a6cfbafb459191d32b5dd92919344f78dfa9df78e9a7edd6,P4,1213254825.730576,1213254825.730576,0.0,7478388.938708819,516500.5533056181,7994889.492014438,h09,5,Katrina,1205259936.2385616,11143016.36342404,1194116919.8751376,1880828176.9164116,1129167.1479746485,1.0,0.0,0.0,NONE,False,False,0.0,10400000.0,0.0,1390313.4786965535,R1,False,True,1129167.1479746485,8428176.916411642,0.0,0.0,NONE,False,False,0.0,1862000000.0,30722cb7c9991f290d941439ae676559338f3a6296e93282c8aa10034c84519d
E2A_CRACKERS_A080,LA-0745,745,a9f88ec9725e08a9930cac7d250f3cf5d8a6e956c012a20c79dc97a41680ed8f,M2,A1_FINAL_NO_MEMORY_V1,certified,PASS,,,31c840f217d0a40381f2cd6ebe4126c6e4e7968f63d5f6f8a05f78f32ddf3745,7100a5c5608b57f23d97100af953f15c02a3a1abea3c2fe263bc1610fe5ccc60,0.5,0.8,19137905.85543848,4.0,1.0,1.0,1.0,1.0,51986fd2e3500a9f3679fc7bb30b60db9ac89731627864e60c2f5d5a21d12477,3,2,2,906087506c913f9bff8e9d754477763368950a7356be846e49d8bdd9fa8246b6,P1,1241320733.2026844,1241320733.2026844,19137905.85543848,0.0,0.0,19137905.85543848,h09,5,Katrina,1222182827.347246,0.0,1222182827.347246,1871416431.9371092,0.0,1.0,22701445.0518465,0.0,NONE,True,False,0.0,0.0,307587.3956269074,0.0,NONE,True,False,0.0,9416431.937109191,0.0,0.0,NONE,False,False,0.0,1862000000.0,08b8ed414939d323883668de4de53e68d3f311bdc15a6733805a9b38f82af520
E2A_CRACKERS_A080,LA-0746,746,8dec8f2e8b5070bfbb36f3cedb0041bf993bda0e9e3745c2dbde1b08bba5abe1,M2,A1_FINAL_NO_MEMORY_V1,certified,PASS,,,dc48859962fa8d19adb9fa74ea3884b26d90ea6ab1969540865f4971332dfa45,da40bb16d3643f3b220011ad8c8f69f2d7da5f39f4e51bfc1845a8c3f6bb5665,0.5,0.8,19137905.85543848,4.0,1.0,1.0,1.0,1.0,77a2cc8044e399df0a5fde1528b3e6a9e788bbb0252b148653f03eb2e4210b97,7,2,2,f762d1c5c5a1bfc95b488a317ac93ddadb477eae0529d7ee495e50ac97ffded0,P1,1219875338.887289,1219875338.887289,19137905.85543848,0.0,0.0,19137905.85543848,h09,5,Katrina,1200737433.0318506,0.0,1200737433.0318506,1871031166.8768296,0.0,1.0,13897630.214086164,0.0,NONE,True,False,0.0,0.0,703136.1518989226,0.0,NONE,True,False,0.0,9031166.87682974,0.0,0.0,NONE,False,False,0.0,1862000000.0,7f7d0d82a25bb36d93f23e460c92b6c14c418e449de0c41c226b37975a4d7802
E2A_CRACKERS_A080,LA-0747,747,9f8a2564a65cb50a9ca783a1d129e44731a1bd896d0cb67bc8564b22c69e6ab5,M2,A1_FINAL_NO_MEMORY_V1,certified,PASS,,,35d8a394210fbfa68a70cf84bb06cd5855d690f0742811d358ffeafdff6d1172,430842e9a9bf838034aa131c15fa74821be8da673660d63d4b8ca5378f6ffe95,0.5,0.8,19137905.85543848,4.0,1.0,1.0,1.0,1.0,9b7317871a95cb681b308956fb066aab3a592ae2a5393be814d1eb07bb538d7d,3,2,2,9f652d600357f4c7f190b05d07564b8c7cd9be0e2fc8fcf3cf5936c78a1fa4a8,P4,1194349093.6356745,1194349093.6356745,0.0,8413113.328326488,0.0,8413113.328326488,h09,5,Katrina,1185935980.307348,10724792.527111989,1175211187.780236,1663861707.5413322,218095636.5230541,1.0,0.0,0.0,NONE,False,False,0.0,10400000.0,0.0,0.0,NONE,False,False,0.0,9557344.06438629,0.0,271365227.51417464,R0,False,True,218095636.5230541,1643904363.4769459,8fba0018da4d89300952d650bbdd0f64bf6311f63bd3a59a35a75fb7b996e0ad
E2A_CRACKERS_A080,LA-0748,748,9a72f3547ad420b3e1d2e7053e1d79f70af5c5fc4cd6b8bcc8ac8d7264672ac3,M2,A1_FINAL_NO_MEMORY_V1,certified,PASS,,,5e56ff249c29cb25ca302ab4896c40821ce9a1897e728973d7fc18f282f7c2a5,ee7f4e7c62c7642dc7007292ee5eed16a16d0b4d110554c3d696361340f7cca7,0.5,0.8,19137905.85543848,4.0,1.0,1.0,1.0,1.0,9e6a0f08f691ab680e79dd89ba329ce5834a57f3934d9af4d32083eba8b228ff,3,2,2,eea8fba6b117ba8e62173e32c12c2b50c0a09c8cd991f2b1836fd9d639697b08,P4,1225236891.5837047,1225236891.5837047,0.0,5073805.031337938,0.0,5073805.031337938,h09,5,Katrina,1220163086.5523667,14064100.824100537,1206098985.7282662,1881043433.9200969,913910.1442895256,0.9999999999999998,0.0,0.0,NONE,False,False,0.0,10400000.0,0.0,2228952.68304798,R0,False,True,913910.1442895256,8643433.920096764,0.0,0.0,NONE,False,False,0.0,1862000000.0,19aed1d413b9e13c0105eb133b31aa2d181e9dc3496871d4211125380cf1785b
E2A_CRACKERS_A080,LA-0749,749,f2010991b5388ab110f6e2d314dc0d1c1f49a55d4280c4578fc52dac5241209a,M2,A1_FINAL_NO_MEMORY_V1,certified,PASS,,,2c9ce89b3f61719876fd33f3b8e9abce79d3ac22329b712c9b548d6a50bc54d8,c06c88e7bd9692bf48c26a676a8dc3f08cb91e570d59b67680aca42c3380ab32,0.5,0.8,19137905.85543848,4.0,1.0,1.0,1.0,1.0,491625dbfd5599aafc4ee79a5881f772c471306fdf31487fdcd680d71972fe7d,3,2,2,28cbea1d7698dfe944677937cb4486e270da9fe7eb6a5df4a2802b45b9720a28,P4,1239342259.9259334,1239342259.9259334,0.0,3708611.869056723,4572100.007424299,8280711.876481022,h09,5,Katrina,1231061548.0494523,10857193.978957456,1220204354.070495,1845356410.6203413,36600933.44404501,1.0,0.0,11730859.519755865,R2,False,True,10399999.999999998,1.862645149230957e-09,0.0,0.0,NONE,False,False,0.0,9557344.06438629,0.0,29553795.146015882,R2,False,True,26200933.444045007,1835799066.555955,54f75d450c674400f9bf62ad28b0fdf47b91a861f65d7579cbbb9f8a458387c3
E2A_CRACKERS_A080,LA-0750,750,132017ed4b92d624f4a8a004437fd96fcbfc03e831e148154b313993a3a5d969,M2,A1_FINAL_NO_MEMORY_V1,certified,PASS,,,8ced6c31f16d3102f028e545cecbbed6d644b196c37d8a0764a677f43b7c3030,e143baae6143840580ae6d5afc624d6a1d038f036c34e357d82077b820488bfd,0.5,0.8,19137905.85543848,4.0,1.0,1.0,1.0,1.0,3cf30e0920835bb6b662f4f77d344c4cb905aef6a3275c605f5f370327b925b7,3,2,2,43925416ad30064bac80047e317316712cb5ecfd162c90374d99b7b816cd7ac5,P1,1220182278.754831,1220182278.754831,19137905.85543848,0.0,0.0,19137905.85543848,h09,5,Katrina,1201044372.8993926,0.0,1201044372.8993926,1871036681.0308168,0.0,1.0,13975200.377412565,0.0,NONE,True,False,0.0,0.0,699650.9830041869,0.0,NONE,True,False,0.0,9036681.03081691,0.0,0.0,NONE,False,False,0.0,1862000000.0,4664fa775f4cb155bd4b52f92411caf3dd136bbb1f3f7a8ee7a7aedb5fc3c18e
E2A_CRACKERS_A080,LA-0751,751,79eef204de41371d5e89de96ebce35f83affc3181b8f7c142fb847c7e50dc8c9,M2,A1_FINAL_NO_MEMORY_V1,certified,PASS,,,f00c12a3ea8699132be370ff5820aa08c59618c4e6d7198547332a245419c0ed,3649144ce1160955251b813e3aaffa14f15f3a42acc5f8dd87bee2320c9854f4,0.5,0.8,19137905.85543848,4.0,1.0,1.0,1.0,1.0,e32d83777df805e6300db392b2652758955ecb5e753a0eba0da53ab1e692fae3,3,2,2,4201827e17881a7973eea9b6946777a13b505fdb293f3307091bbdd4533ce399,P4,1189529292.777633,1189529292.777633,0.0,548796.7343315277,0.0,548796.7343315277,h09,5,Katrina,1188980496.0433013,18589109.12110695,1170391386.9221945,1651004791.0399413,230952553.02444503,1.0,0.0,0.0,NONE,False,False,0.0,10400000.0,0.0,0.0,NONE,False,False,0.0,9557344.06438629,0.0,287105794.1414695,R0,False,True,230952553.02444503,1631047446.975555,dfa7c4c4e187fe62abf7eef1280e5ff1aca51354ae9ddd168c613cdaf250ab2c
E2A_CRACKERS_A080,LA-0752,752,a67cbf0b6a8032f4a985a2b133980b10264b5752aa31758648180af2706297d6,M2,A1_FINAL_NO_MEMORY_V1,oracle_failure,FAIL,oracle_failure,Full exact certification was incomplete,15a178fbdf1e5135a68dc86817d5fe0a3409a744b276c4d6eb4b6828ba5edc7d,7a087560905fa9b7422c33873747bf0a590695266a712cbee3a947fe3ab5f9b8,0.5,0.8,19137905.85543848,4.0,1.0,1.0,1.0,1.0,c72da534a6670c487d93a9138bd7575e74fd68a0398fcff90c3a1650bc4f691e,3,2,1,,,,,,,,,,,,,,,,,,,,,,,,,,,,,,,,,,,,,,,c9574b57556682bdcd98c5f213df9eb914d4bbe0064c4d8035140c05454f6e3a
E2A_CRACKERS_A080,LA-0753,753,e3a0ddb2a5a294640f2c1eed3892746b8c7cad96d03ca1f213ce0c89afeae26e,M2,A1_FINAL_NO_MEMORY_V1,certified,PASS,,,8e2fbfeb7bcf292154cdee69d1cfef09def3cccaf553552719996f9b170ff10f,bb1596a302d0db2b3fb415748cdf6679022b57b6c6d1d84e43561066fe7a5478,0.5,0.8,19137905.85543848,4.0,1.0,1.0,1.0,1.0,63b27989f76ca8d237d8035dfd9f11684c28939830450e3dc9e8bdfb5b28faa5,3,2,2,77a6d69c8bc5b38283a4360c811a9a75867848296181fb8e961ad6d64f16f552,P2,1232794627.1525764,1232794627.1525764,11852773.844355028,2530979.8723463328,0.0,14383753.71670136,h09,5,Katrina,1218410873.4358752,4754152.138737119,1213656721.297138,1827890467.456244,43666876.60814229,1.0,18299789.785942607,0.0,NONE,True,False,0.0,0.0,0.0,0.0,NONE,False,False,0.0,9557344.06438629,0.0,102454484.98855801,R0,False,True,43666876.60814229,1818333123.3918576,b20a654244ce04306e785ed6b1ef3e1dd10052253daca5799694ea40e169d4d2
E2A_CRACKERS_A080,LA-0754,754,dd028bee899037b6148ef60600826693ede965eec9bacce3301563a598af3800,M2,A1_FINAL_NO_MEMORY_V1,certified,PASS,,,e935e72d7af89d8118a0835912522b836751408459edd08a21a8be510d47c4a4,e32b181dac08e9fd8064b42f28edf5585d95e99868f32743dab3738b88936c13,0.5,0.8,19137905.85543848,4.0,1.0,1.0,1.0,1.0,3f64d0c9f68daff371908811cca9ebdca351a03e0f0584f6bc19830cf016ebb3,3,2,2,7246969071baa7557aad2e44947ce51e5aa3b125a6cdea89159a05fe0b9a84e4,P4,1220690879.1843116,1220690879.1843116,0.0,2280901.5327174785,410045.4020635143,2690946.9347809926,h09,5,Katrina,1217999932.2495306,16446958.920657486,1201552973.3288732,1880961765.1144164,995578.9499699144,1.0,0.0,0.0,NONE,False,False,0.0,10400000.0,0.0,1235577.900840662,R1,False,True,995578.9499699144,8561765.114416376,0.0,0.0,NONE,False,False,0.0,1862000000.0,c58c4a30300d3be9429fbacd094402415ffc96c87e2d5556a97e0fe394b92c97
E2A_CRACKERS_A080,LA-0755,755,bd132e4f46c1c341735e47d7bab25fef16b2934de4240fb4a33fd24a8b133a87,M2,A1_FINAL_NO_MEMORY_V1,certified,PASS,,,85d79c50fe052fe83e7cfb2ec91637383971a9f2b54bb6aa992f2f2b5758f212,2157ed15b089964afe8bde657316a6aede2193c14f7e3dda397deaab7cf89649,0.5,0.8,19137905.85543848,4.0,1.0,1.0,1.0,1.0,1517b958006c32f06319ce604ceb66ef654299eeaaa7cf90bcfbd4ddc5abadad,3,2,2,4b697e4087b9c2beba77a6384b7d41b4582be5681a3c8109c4f8d57e1f91f883,P2,1219424939.9637687,1219424939.9637687,9091198.640755791,2062631.2063716974,0.0,11153829.847127488,h09,5,Katrina,1208271110.1166413,7984076.00831099,1200287034.1083302,1792226555.834371,79330788.23001519,1.0,14036125.738390908,0.0,NONE,True,False,0.0,0.0,0.0,0.0,NONE,False,False,0.0,9557344.06438629,0.0,98687146.0032226,R0,False,True,79330788.23001519,1782669211.7699847,909102ef2963af7a82719618fd3aad1802d52a0ab5a347470d23d1a27cdd135c
E2A_CRACKERS_A080,LA-0756,756,6e9cfad82c5ef04e1b092705c53caf3323a3ddf130511ee10eb5a399ce4e820e,M2,A1_FINAL_NO_MEMORY_V1,certified,PASS,,,286f8e4da81be8dad714234e72abfffd4bc5feaba1f23f3efea35c9c530a97a9,6228987cd794dd726d43e134c6c65351c6839ec669b5ee1ef43e3a84da2cf038,0.5,0.8,19137905.85543848,4.0,1.0,1.0,1.0,1.0,4e73ff69c94fd72188d45cee1ac823c105fe4f29b78d15edeffef78c78da9f3a,3,2,2,5d8558ae777f476c9a4af70a866b6bbfce932dfb126765d5eb401c2cfc723b71,P4,1224394609.8036323,1224394609.8036323,0.0,3568583.553933379,682253.2486187535,4250836.802552132,h09,5,Katrina,1220143773.00108,14887069.052886343,1205256703.9481938,1881028302.3848124,929041.6795739572,0.9999999999999998,0.0,0.0,NONE,False,False,0.0,10400000.0,0.0,1231948.9385207251,R1,False,True,929041.6795739572,8628302.384812333,0.0,0.0,NONE,False,False,0.0,1862000000.0,84788079072afc1999f95620f691702462eed6ff50ddfcb61bc0f874767cc22d
E2A_CRACKERS_A080,LA-0757,757,91f7bfce04026e24772e42d9fd32e4f354724fc41ad5e0e9c7b6df2e9130b6cf,M2,A1_FINAL_NO_MEMORY_V1,certified,PASS,,,9facedf4aac72b90bb1399f0241f30fd5c16988c404e4dbbcd5275edea8694b3,b0c4d3d3c1a410d221412f1c500bf66eca64e39f3cec20020ebf7ade3eaf4d13,0.5,0.8,19137905.85543848,4.0,1.0,1.0,1.0,1.0,b0cfb5984831d8904b8eab15ce5820966f035f062b80700e5e49ea006a88189e,3,2,2,17030e614a0a58fb81346a9baa2f8e055624c96aef90abfda6dff3abadb58b22,P4,1222425635.9953496,1222425635.9953496,0.0,4203306.4385373285,0.0,4203306.4385373285,h09,5,Katrina,1218222329.5568123,14934599.416901147,1203287730.1399112,1738756453.4858353,143200890.578551,0.9999999999999998,0.0,0.0,NONE,False,False,0.0,10400000.0,0.0,0.0,NONE,False,False,0.0,9557344.06438629,0.0,206271269.88410786,R0,False,True,143200890.578551,1718799109.421449,a99c08bde2ca2070bcf4e982add2ddd590e27fed9dc299c8cd4f057130ef8a81
E2A_CRACKERS_A080,LA-0758,758,65dfbf56050f03b54ff46c8be21d44467ac1c89802d9accd48cf2337381696b4,M2,A1_FINAL_NO_MEMORY_V1,certified,PASS,,,3cd27a341f9697b4b6ce2e5b0aba80291827eb17dc8bfff9d7ab4d61635d6419,530b9c76a614103ca6f1a2207c710ff6dad40c3f9954ec2c92a328be934fd04c,0.5,0.8,19137905.85543848,4.0,1.0,1.0,1.0,1.0,fd1a09f37817a1d8771a489745d0b3ecb1702aaf753890ef9474addfd8b49412,3,2,2,e43ef4f8be62ec4b5db7ebd42ba7135550b691af9e8f11fbc5d7776c2585461e,P1,1223661528.1057193,1223661528.1057193,19137905.85543848,0.0,0.0,19137905.85543848,h09,5,Katrina,1204523622.2502809,0.0,1204523622.2502809,1871099185.5103889,0.0,1.0,14919107.007149398,0.0,NONE,True,False,0.0,0.0,657241.970512473,0.0,NONE,True,False,0.0,9099185.510388777,0.0,0.0,NONE,False,False,0.0,1862000000.0,6dade14272dbd229dbb328c2efef6dc07f2c990967b8e3ce9d583d54e680f099
E2A_CRACKERS_A080,LA-0759,759,a0ec5bef98c22d899b17b78065cfc59bbff5eb9515f01d3847aa5a9079dde680,M2,A1_FINAL_NO_MEMORY_V1,certified,PASS,,,5040c96ff7df91fd1d3146058cdefac82e0ee31dd050e7875731ec46ef3a0b05,b5ee351f465f8b5ace8753476cde2839718eccde80b79eba60f8fdff1c32bd85,0.5,0.8,19137905.85543848,4.0,1.0,1.0,1.0,1.0,a729ca436e71ba19230a4383f049e39619c0e06ed9aebdaaf16bbccdea7ad105,3,2,2,b0ef82792d50517f5b6816088cedd9a4e1b6f289bf6b3537df6e55de4dfb03b8,P4,1210905408.669804,1210905408.669804,0.0,450791.29039574845,0.0,450791.29039574845,h09,5,Katrina,1210454617.3794084,18687114.56504273,1191767502.8143656,1769500533.3899498,112456810.67443657,1.0,0.0,15704553.727282401,R0,False,True,10400000.0,0.0,0.0,0.0,NONE,False,False,0.0,9557344.06438629,0.0,154111217.92997858,R0,False,True,102056810.67443657,1759943189.3255634,57310425ef1986cc5747dec659c947720440578c8fe1a83f66c6817f423484db
E2A_CRACKERS_A080,LA-0760,760,078e6ac1a137ff83f5bd292590d3836baae7bbc05ba55d2eaa287c54428deb4f,M2,A1_FINAL_NO_MEMORY_V1,certified,PASS,,,7852b7ef48d2a0864fee0e803d4801c52034d5d33c952f530e5cf6423bb94a13,31a4f24caa8a965b6001a586189cc0726331fd396883122d5362aa07b0330c55,0.5,0.8,19137905.85543848,4.0,1.0,1.0,1.0,1.0,314bc25439bbc43bec1f4dc5c89bf2cc5800ebb482c0c61d41562e48beb0aa13,3,2,2,d153176292f778222f61c1d51644f1c5e0cbb6430fc38875ce7d53f3af4d3918,P4,1196606202.2835963,1196606202.2835963,0.0,131809.52530925474,0.0,131809.52530925474,h09,5,Katrina,1196474392.758287,19006096.330129225,1177468296.4281578,1731357110.464726,150600233.59966037,1.0,0.0,19107773.731406443,R0,False,True,10400000.0,0.0,0.0,0.0,NONE,False,False,0.0,9557344.06438629,0.0,257587917.37621513,R0,False,True,140200233.59966037,1721799766.4003396,0a705bf3e503c7cdbea57656ff83ec78fd64b581604be3a0bac8aee8e517543f
E2A_CRACKERS_A080,LA-0761,761,0c5c240e662b976646957642eb48b5a8f9a03e99dc1d52d93eebd12c8367a925,M2,A1_FINAL_NO_MEMORY_V1,certified,PASS,,,df65ecaaeca72e8551832c542a8fcb0d994a825c08e92cc075734451483f93ab,b47f819d781d111ec29e9bad439cc5bd7ed2305d31f24142177f9f54c44a5029,0.5,0.8,19137905.85543848,4.0,1.0,1.0,1.0,1.0,c69d19a37e82418b3783f7971d31494b5845f973eeaa9d6b578ccca8661c4bf8,3,2,2,f665b0c4432b5e6f4188857831faa434fcd2d72c8f55e983b1d53c7abaaa73db,P1,1226774135.3903177,1226774135.3903177,19137905.85543848,0.0,0.0,19137905.85543848,h09,5,Katrina,1207636229.5348792,0.0,1207636229.5348792,1871155103.2900057,0.0,1.0,15878553.369568503,0.0,NONE,True,False,0.0,0.0,614134.769559445,0.0,NONE,True,False,0.0,9155103.290005732,0.0,0.0,NONE,False,False,0.0,1862000000.0,c939e4256f43e51a79b6cc3b4d23b1fc063c2a37ad8a9bad96ce645ee33aab1a
E2A_CRACKERS_A080,LA-0762,762,095407ae67c8b46e1a66896562c4127ec2ed6eecb14adc1e518a55ecd1007a5a,M2,A1_FINAL_NO_MEMORY_V1,certified,PASS,,,c023fb994eb8dbf03532d0741da7cdaa645935d1b258b69f3bf588fabf3389e1,768904455065a166b94ca4e6e53a51efbf85a6f118112d1443b3b073a6260aa3,0.5,0.8,19137905.85543848,4.0,1.0,1.0,1.0,1.0,a063b20fd97f0b80c65d74c9193c83b1531382f6ab1f5ab4ca775a495a6c13db,3,2,2,74defe9efb39b71aa3535e8b7ef8269705256baba4703194921ee3117613aa9d,P4,1143291233.3428607,1143291233.3428607,0.0,475948.05495732743,0.0,475948.05495732743,h09,5,Katrina,1142815285.2879033,18661957.80048115,1124153327.4874222,1527663830.1063833,354293513.9580029,1.0,0.0,0.0,NONE,False,False,0.0,10400000.0,0.0,0.0,NONE,False,False,0.0,9557344.06438629,0.0,495397012.32460743,R0,False,True,354293513.9580029,1507706486.041997,aa1bca444f8b6ad8e8415aa0afad04852b48def9ab65cf6619435abe31f0e591
E2A_CRACKERS_A080,LA-0763,763,ec3cc554ef237c5df62019db5bcf6828caeffba0c7e99a0a467705e22c76ae79,M2,A1_FINAL_NO_MEMORY_V1,certified,PASS,,,aa70ccb9b80aba1a20c54502585f31175b17cd5588b58c7faafac98a3368e893,4a9dbcf8adf764ce83aecc29c2ea8875ddb6c32f589d5bc0ea78e60785198702,0.5,0.8,19137905.85543848,4.0,1.0,1.0,1.0,1.0,44af43e4da8f27d06dc7e6fe691d5702bcafc5584ca64b8d4a50b348f64ceb2a,3,2,2,476639053fd7a0807142ebb51ecb6ad4382611bcbf668c0da1dcda523293f47f,P4,1229243013.823558,1229243013.823558,0.0,5772665.524638984,0.0,5772665.524638984,h09,5,Katrina,1223470348.2989192,13365240.330799494,1210105107.9681196,1818416466.8986835,63540877.16570276,1.0,0.0,12378844.504936604,R0,False,True,10400000.0,0.0,0.0,0.0,NONE,False,False,0.0,9557344.06438629,0.0,63252178.39328564,R0,False,True,53140877.16570276,1808859122.8342972,52afda475ecbb6f996e09940475ca260faf33bc7493176a06a7d47158f90435e
E2A_CRACKERS_A080,LA-0764,764,51a894b34e0b73014eca57a5ba2d8ecc7c518f94bed46bb7aceb0828bd80e457,M2,A1_FINAL_NO_MEMORY_V1,certified,PASS,,,7cc3c12579f3571adfb77b30fcbc9e8b3df7edc6bfb2da81f02921400492efab,3f7c15c2ba528b9c448b1afbcd32c77ac17b32b0f37dd64353ee22248ac3c184,0.5,0.8,19137905.85543848,4.0,1.0,1.0,1.0,1.0,6cb83264cabe94bc97b9672541b8f4560e81c4bf039a936b68be245de0f38d71,3,2,2,26795016a5d3021d5dd22075d6bbab928f90951d72d49f77c4255c0e1785b564,P4,1232625166.6425738,1232625166.6425738,0.0,6211838.855752991,933956.8910030623,7145795.746756053,h09,5,Katrina,1225479370.8958178,11992110.108682426,1213487260.7871354,1827438428.110313,54518915.95407339,1.0,0.0,12283878.775805445,R1,False,True,10400000.0,0.0,0.0,0.0,NONE,False,False,0.0,9557344.06438629,0.0,52110713.00959485,R1,False,True,44118915.95407339,1817881084.0459266,ecb97bd62a2b4ab8c95eb15b9b385870da01160e0b9593c7869ee4b36d9903b9
E2A_CRACKERS_A080,LA-0765,765,029044c21e5aaa3ef1fdc23ba9f93ecbcab421d4ba2aea33a2a93e86bd5dc97c,M2,A1_FINAL_NO_MEMORY_V1,certified,PASS,,,483863f6198cfffbb432dae5a45a7a737593aa2649c999f417a8b76b7fc2777b,3b50a601f0d7492d5e9b297e39ce5dbdbcb31f8499d382c4c3f9f6d074b7a2a1,0.5,0.8,19137905.85543848,4.0,1.0,1.0,1.0,1.0,ab70e68c07d12e49a9eed1b4d8086e99ecb7c055d274927970f870926817b9da,3,2,2,af9c1c16111658464f874fb816d7fac7b4b635c9d38b08928b297b3c3fd719c8,P4,1224998391.0126872,1224998391.0126872,0.0,301374.93643616757,0.0,301374.93643616757,h09,5,Katrina,1224697016.076251,18836530.91900231,1205860485.1572487,1745619329.652442,136338014.41194448,1.0,0.0,0.0,NONE,False,False,0.0,10400000.0,0.0,0.0,NONE,False,False,0.0,9557344.06438629,0.0,248652680.22669795,R0,False,True,136338014.41194448,1725661985.5880556,5f5c84ae4775a0ba840d3037515f7f88b6d06782a1393bacf50f6c53d5e1aff2
E2A_CRACKERS_A080,LA-0766,766,f1c87a316e018fbff01d24a14b9a777642776df81fc0ce089fcda8d3483ceaa6,M2,A1_FINAL_NO_MEMORY_V1,certified,PASS,,,45c61a387dfee2c5419110fffd7103c450752fa40723faf49b555d46fd2e926a,d62eea5d4858aea4b2f99ba6a057ea95fee4aa7b962a5f4e96a1adbf631d3051,0.5,0.8,19137905.85543848,4.0,1.0,1.0,1.0,1.0,4a20de23d28cc0de556759afc91f33b9c24054b745e284940394137c5802b057,3,2,2,84067274b8c2db1b1f9f8e5805f83fa8eb495821c903168ce9b8f89faac7efbc,P4,1187557012.9590697,1187557012.9590697,0.0,1531724.9362277223,0.0,1531724.9362277223,h09,5,Katrina,1186025288.022842,17606180.91921075,1168419107.1036313,1645743694.639591,236213649.42479542,0.9999999999999998,0.0,0.0,NONE,False,False,0.0,10400000.0,0.0,0.0,NONE,False,False,0.0,9557344.06438629,0.0,471037571.0001496,R0,False,True,236213649.42479542,1625786350.5752046,e874feda61a462864427119e0d4f465fbb8c84a3513f8df1df1520dc9657f225
E2A_CRACKERS_A080,LA-0767,767,343e1d3b41b6f4bea29e9581979ad80a9e77f192046e329a1eb6f6a25a05080f,M2,A1_FINAL_NO_MEMORY_V1,certified,PASS,,,fa89c8a2d216cdd2ed19012878dd9de4efd17f1aedb3c32e536df148a41468a5,912c2d8bb0cc033f3a87ca3d0d175d470d2bebb5dd0307819b1dbfe3e70e8ae7,0.5,0.8,19137905.85543848,4.0,1.0,1.0,1.0,1.0,ea60c767472169ddc1e073715c17a8a236d3ba2fdc8677f87d33318c6c795231,3,2,2,9855910f16440980bf0e7bb95884451269e6aa64d6a8b2414d7b5a80a2ba44f2,P4,1217598876.5234692,1217598876.5234692,0.0,4592692.802842128,5223693.513061484,9816386.315903611,h09,5,Katrina,1207782490.2075655,9321519.539534865,1198460970.6680307,1880906217.4954734,1051126.5689129014,1.0,0.0,0.0,NONE,False,False,0.0,10400000.0,0.0,1136297.3003976734,R2,False,True,1051126.5689129014,8506217.495473389,0.0,0.0,NONE,False,False,0.0,1862000000.0,ac21347e3a06d9cc6efeffb2a805ad9389da1063e173042fa80eef51f79acaeb
E2A_CRACKERS_A080,LA-0768,768,dec10e7255c10ecb967c468565df9aa53a115c9f4ec82ec5c96c548f8cf778cd,M2,A1_FINAL_NO_MEMORY_V1,certified,PASS,,,b304501439a47860a3647bb1652a384230ea206afd1d89f288c409e7e833298c,0a6dd450f4529255c8fc7c7e0dd0bff965e3505cf641c01956a7322663f390e2,0.5,0.8,19137905.85543848,4.0,1.0,1.0,1.0,1.0,7e9e46a6f96ace000c4977ed0188679f5aae2056dbea6ffc8cca5cb6cc684b1e,3,2,2,98daf2accf89e6b749a41cb55bcf642b30d0af792919eee50bb31b6d6a200276,P4,1213812287.8271427,1213812287.8271427,0.0,4922081.748296145,0.0,4922081.748296145,h09,5,Katrina,1208890206.0788465,14215824.107142333,1194674381.971704,1777254692.473759,104702651.59062743,1.0,0.0,22763710.763375554,R0,False,True,10399999.999999998,1.862645149230957e-09,0.0,0.0,NONE,False,False,0.0,9557344.06438629,0.0,206411373.56042504,R0,False,True,94302651.59062743,1767697348.4093726,d036654bf51b56bdd36da0bb6069a967d70ee6a5f8d1e97ba69445d35aa5164b
E2A_CRACKERS_A080,LA-0769,769,cd9a068bd11fcd88b9b2cf7c8f2bec5dbf1dd17bc4a7f2ed77f1dbc288c441dc,M2,A1_FINAL_NO_MEMORY_V1,oracle_failure,FAIL,oracle_failure,Full exact certification was incomplete,2757bf30ba8043652e0bc257922b5ed7defa315868ac6179d7cf1c26da8d1589,0d26fca31f8f97ce43c2e97433d6be0a6c562184aec693ea518ec0e5c1467fb6,0.5,0.8,19137905.85543848,4.0,1.0,1.0,1.0,1.0,ba033e0998b7f8c027a1bd96910a4cc01e09dff7f8ba7538fae228bc2fee6396,3,2,1,,,,,,,,,,,,,,,,,,,,,,,,,,,,,,,,,,,,,,,a178c40d29cfedf345279126ddf437e68ac0c0fb83eec772f09b9d325091b624
E2A_CRACKERS_A080,LA-0770,770,f1fd6d3034dacc36645a1be8d00f7901ca6d2a318a9c60c3b379ff82db5a4f4d,M2,A1_FINAL_NO_MEMORY_V1,certified,PASS,,,74cb10205539b835a9e0e4a5309507aa596c90364748a9a56c886eabcbce5bdf,e98b7f8b8e6a40540a7afd4a823b42bb2c31452819d98de098e52ba08e5c4b84,0.5,0.8,19137905.85543848,4.0,1.0,1.0,1.0,1.0,692467cbe4b28c1021849e16468bd0145aa2b1cba2f32c6a3acab91b923d9e01,3,2,2,05fcca945933ff43d389c463aa00de105abe0a214d1b62f23e5f8e1847973960,P4,1196396479.2715743,1196396479.2715743,0.0,615622.8668775888,0.0,615622.8668775888,h09,5,Katrina,1195780856.4046967,18522282.98856089,1177258573.4161358,1669323150.2320595,212634193.83232686,1.0,0.0,0.0,NONE,False,False,0.0,10400000.0,0.0,0.0,NONE,False,False,0.0,9557344.06438629,0.0,705091681.5506603,R0,False,True,212634193.83232686,1649365806.167673,a12a3f0f7afda053808a826ef9312e90e44f40524202753c04738e1e3349def3
E2A_CRACKERS_A080,LA-0771,771,1af97d7121e738bd7118f9315c5bc017b1b0c78ae8702859b8f0c2362c18ca0a,M2,A1_FINAL_NO_MEMORY_V1,certified,PASS,,,4e4e942c01ad31ebb0bac68d54ebf2fb54353b481a0009dce558671198c45993,8aab27d1f4964d9ffd09e8316cbea30b83c1ab49098db673c9e84984e42b683f,0.5,0.8,19137905.85543848,4.0,1.0,1.0,1.0,1.0,474ad64174dea0805f5c8602e2ceacedd174572afc90b1ec9169274abe2448de,3,2,2,0cfb49d6e560857d9bbf053d5f7a42b19bbcd100745be44005cddb5b9cd9c4a2,P4,1221597252.8364685,1221597252.8364685,0.0,3764525.8698526523,4958274.062772541,8722799.932625193,h09,5,Katrina,1212874452.9038432,10415105.922813283,1202459346.98103,1736546724.61558,145410619.4488063,1.0,0.0,0.0,NONE,False,False,0.0,10400000.0,0.0,0.0,NONE,False,False,0.0,9557344.06438629,0.0,180685423.39662766,R2,False,True,145410619.4488063,1716589380.5511937,fcf6ef4a8e28d2bc321e5c91343170fd6b542fc0e6eaf6af00f19acf7915b414
E2A_CRACKERS_A080,LA-0772,772,5e6d76642ba7b031db28d75aad1f8bc892fc1603aac81b65f343648b8672e307,M2,A1_FINAL_NO_MEMORY_V1,certified,PASS,,,cf786be2e51ed2214ebb7b151e32159c75c2dca5d6415e40855c05bcd059e8bc,b588c36a6d1d04ebae0ed2088a17495008462958888a22f43b1ec84d6cd45ac5,0.5,0.8,19137905.85543848,4.0,1.0,1.0,1.0,1.0,f7427709b88ecd905a0d7305fcd9bc670f263c9f8d753c609f8e3b4dbb152ce0,3,2,2,272adc019159dc7240cf1c3b346fef1c2ee1d19d43039363a513937d17c1dcda,P1,1235733242.3203473,1235733242.3203473,19137905.85543843,0.0,0.0,19137905.85543843,h09,5,Katrina,1216595336.4649088,0.0,1216595336.4649088,1871316053.0408328,0.0,0.9999999999999974,19485399.10340721,0.0,NONE,True,False,0.0,0.0,452081.912885792,0.0,NONE,True,False,0.0,9316053.040832654,0.0,0.0,NONE,False,False,0.0,1862000000.0,2a3ab6ffdce76ca5c342abb3fab9ba78664037843101ffedeaccc438594fe96d
E2A_CRACKERS_A080,LA-0773,773,352684c43c955d5fdf1b7efe1809d560e18ff6e9a14fec08d2d438ec511cdc73,M2,A1_FINAL_NO_MEMORY_V1,certified,PASS,,,6bc2debf0530da7eed0f94c3dcfe3bbe8b6c103495d5e664f8b6c39e055aa969,873c997c25e64648764dc082eee914deea399a9dbeeb2175cb0711c56b29896e,0.5,0.8,19137905.85543848,4.0,1.0,1.0,1.0,1.0,dbfa588c6bc634af74b7ffd0f26d0d98e48867f84e04557ae42e65a783f6985d,3,2,2,b656cc8af779582e831cad2a5a76cab2de0dc04ff61515e2ec495e6896f15bbd,P1,1229415026.048705,1229415026.048705,19137905.855438434,0.0,0.0,19137905.855438434,h09,5,Katrina,1210277120.1932666,0.0,1210277120.1932666,1871202546.7122965,0.0,0.9999999999999977,16794948.201460715,0.0,NONE,True,False,0.0,0.0,572961.8413812658,0.0,NONE,True,False,0.0,9202546.712296396,0.0,0.0,NONE,False,False,0.0,1862000000.0,f4168291f61f6eb1736ec2edf0002328ba9393656def1e4f7f829958dec1f353
E2A_CRACKERS_A080,LA-0774,774,0c98ebc644844d7ca0172872306d87c11039cd5d0dd7f629de88cecc21bb4875,M2,A1_FINAL_NO_MEMORY_V1,oracle_failure,FAIL,oracle_failure,Full exact certification was incomplete,4e47ff19a5ecf67cf3ee53a772a12182bdc294132be8d9bc411e8b7e92f5d742,9ab9f2d49eae8e4257629d6b677db573d3972dbac0611d634d3021d52dd7efb8,0.5,0.8,19137905.85543848,4.0,1.0,1.0,1.0,1.0,db6bd11df436ba17af9251b773c718cf826f7796acfd6c5c948136982d95f751,3,2,1,,,,,,,,,,,,,,,,,,,,,,,,,,,,,,,,,,,,,,,bebc153b2b12f982ee3fca9c0bcf1498dcde24ba6fc76119e3bb469e87d2e659
E2A_CRACKERS_A080,LA-0775,775,a5407d055a6ce8b5d8bb311a59e4e375579876ceccb3e5820a86f856113f2909,M2,A1_FINAL_NO_MEMORY_V1,oracle_failure,FAIL,oracle_failure,Full exact certification was incomplete,df235afa8aadd3eb8ae6f3e1db1d69fcb8f79d1c3a311825c6d4d2ff00fad89d,5433fe9dd63b313a56aecf83519175822fb7bf0ffe29fd1aadd34597c065ff57,0.5,0.8,19137905.85543848,4.0,1.0,1.0,1.0,1.0,68d872f8f07c365f06b7e0ee81c876985ba0a15b6ec15e31c6e6a19983a71f83,3,2,1,,,,,,,,,,,,,,,,,,,,,,,,,,,,,,,,,,,,,,,1a8a69a83659ce56900f60e13b94933ef9635b6deee3a9c9a2fe1adeee8f0183
E2A_CRACKERS_A080,LA-0776,776,cd519f7252a6e964455647d5bf4fb8e7cfff18e4952277c9a70b98850ef2c3da,M2,A1_FINAL_NO_MEMORY_V1,certified,PASS,,,96fcd79184b1d337897c8fdc672c318c10821615432331bbfef54f7bc2ea06a6,61b23d401204a6c81a683b91b8a03c65b10277c961150286cb0d666f7559faf8,0.5,0.8,19137905.85543848,4.0,1.0,1.0,1.0,1.0,ee2e73acd07f5359deda9acbecd1992362e417b9f5b8f9b94ca4e41e729831e9,3,2,2,77fc36e191380726f295e6b32b198f4daeecb198c044df85acb51f7e4add2cf8,P1,1221685223.8503346,1221685223.8503346,19137905.85543848,0.0,0.0,19137905.85543848,h09,5,Katrina,1202547317.9948962,0.0,1202547317.9948962,1871063681.3379364,0.0,1.0,14367878.229520587,0.0,NONE,True,False,0.0,0.0,682008.2634696165,0.0,NONE,True,False,0.0,9063681.33793648,0.0,0.0,NONE,False,False,0.0,1862000000.0,202e9af6cf30201a1705016f8baf2903907b680fa94fd011f52e225fed8249c8
E2A_CRACKERS_A080,LA-0777,777,d4767bae67168a136de3ac42ad173e8423bac7f7786554993496edbc61a2162c,M2,A1_FINAL_NO_MEMORY_V1,certified,PASS,,,b837bd16c9386f0012f86e6bddcf633f72fe8271cee22c37379581da6d629e0f,fd833b8283c5210dfe19b3288613b34b8bf32c8bade99bb06e088f7914964a61,0.5,0.8,19137905.85543848,4.0,1.0,1.0,1.0,1.0,6cce4d05f69b44b3bd85e16d77640713431f3f81f6e68932c253dd301846d6cf,3,2,2,8fecd3e21cb3dfa718de25bc258edbb9c44a435ecc84574745da5ffcd8df19cf,P4,1181870813.5558805,1181870813.5558805,0.0,7063033.782560749,0.0,7063033.782560749,h09,5,Katrina,1174807779.7733197,12074872.072877727,1162732907.700442,1630575642.4543872,251381701.60999906,1.0,0.0,0.0,NONE,False,False,0.0,10400000.0,0.0,0.0,NONE,False,False,0.0,9557344.06438629,0.0,362772349.35732985,R0,False,True,251381701.60999906,1610618298.3900008,7a6bdbf79ee0d3373ac06e3005156c8c0c067fe5cfcfa2200a8fca48be3a35d0
E2A_CRACKERS_A080,LA-0778,778,2d6de0ae702702dd0db8a40e28faeb1b166521aa4fe6a25a2d05f7b2b51d49e3,M2,A1_FINAL_NO_MEMORY_V1,certified,PASS,,,a9990d0ca512d1412c286074163dbb119f852a4771660e0f2c008bc7ce6aaf65,e6d2ab251bcc494813568a65e85745b1a689ee2026f0dc64173df23789445e9e,0.5,0.8,19137905.85543848,4.0,1.0,1.0,1.0,1.0,75860a2ab4690c45ac165442f653dbcd5945e92b76c15f843f48f08862eff740,3,2,2,3e2d9e8ec4afbc6d2878de0b8372bf920a9c14e85e7116417924ec137f901034,P4,1153647488.5368123,1153647488.5368123,0.0,3394105.0633470705,0.0,3394105.0633470705,h09,5,Katrina,1150253383.4734652,15743800.792091405,1134509582.6813738,1555289350.7902064,326667993.27418005,0.9999999999999998,0.0,0.0,NONE,False,False,0.0,10400000.0,0.0,0.0,NONE,False,False,0.0,9557344.06438629,0.0,893509032.8667613,R0,False,True,326667993.27418005,1535332006.72582,8f04ada324253272ae2f33cfb095168c33936dd3510ca6bcad6d7a55d3fa27de
E2A_CRACKERS_A080,LA-0779,779,66b61dcd77aad2821e8b510d711ff8b12dd4f5269ae28317b27f8b5038b24b0c,M2,A1_FINAL_NO_MEMORY_V1,certified,PASS,,,8ac9d7ec9ef4529db44cd4a67dd11265a0cd7d23e545ac098dc56339b036d965,0775316bcfa511c85f669b4aed9d31d290bc5b9dd8062f3e9875e6c2116d7cef,0.5,0.8,19137905.85543848,4.0,1.0,1.0,1.0,1.0,0f0501c4338c147b78db10ba321b46962f8fbdfd6f6b84482eef64a6278b9789,3,2,2,dadc81caa348df0c8bf4f39ca9c6370a45e27ee1c884f58bad8f3b58290c9920,P1,1223358884.3029568,1223358884.3029568,19137905.85543848,0.0,0.0,19137905.85543848,h09,5,Katrina,1204220978.4475183,0.0,1204220978.4475183,1871093748.5349152,0.0,1.0,14831967.322627027,0.0,NONE,True,False,0.0,0.0,661157.0907722636,0.0,NONE,True,False,0.0,9093748.534915175,0.0,0.0,NONE,False,False,0.0,1862000000.0,5d74171b9ea5f67c8c60dcc10e3da2abb57a40500297917800d15d5a545f82a1
E2A_CRACKERS_A080,LA-0780,780,24f5fb75be874fab46788adbdc7db9da108568504bf700ec7d7f099bed33c73b,M2,A1_FINAL_NO_MEMORY_V1,certified,PASS,,,4206232695a4ce5309524734d3a881ffe91f06fb82fd3a3524ff29764b20012a,a071f1d109cfb3c039b169eb9fc6392c1bc8459e49bf86c28aaef06ec226babd,0.5,0.8,19137905.85543848,4.0,1.0,1.0,1.0,1.0,529a7834812e09fe516711d26933683a2824e65725b102fef0916a85e0b8f43c,3,2,2,21cef0335128da1d5a3df821e8b92459da9a3fe2dea40cc78332088859d39521,P4,1222778762.8500125,1222778762.8500125,0.0,5349362.708111007,0.0,5349362.708111007,h09,5,Katrina,1217429400.1419015,13788543.147327472,1203640856.994574,1801172946.3759942,80784397.68839219,1.0,0.0,21831482.384331148,R0,False,True,10400000.0,0.0,0.0,0.0,NONE,False,False,0.0,9557344.06438629,0.0,147749590.21787423,R0,False,True,70384397.68839219,1791615602.3116078,adca7fd9c9b81ecce329828e9f8ab6d25c91163ab8d18a0057abe1d4f7e03fdc
E2A_CRACKERS_A080,LA-0781,781,13faee16c05c65d8aa84f2b60df048492c10af908ca2b4d83c8afa9c908bc6b1,M2,A1_FINAL_NO_MEMORY_V1,certified,PASS,,,d318e82f85b89f58976f890d2bb34d6f228f70ac45d39cee4889779a77071279,f16d413a417bb6196233d044b175290be38824dd7ffbbff45c44bfd037c402e4,0.5,0.8,19137905.85543848,4.0,1.0,1.0,1.0,1.0,bd998d2b618be8384c92d6ce843caefad835a1af40742d169883cc93754c2680,3,2,2,08b52ddad583dcc2fef0532411dd798e5dca0d7430beedc2d201ede81f914460,P4,1201670859.7410731,1201670859.7410731,0.0,6279601.352242912,0.0,6279601.352242912,h09,5,Katrina,1195391258.3888302,12858304.503195565,1182532953.8856347,1744867186.9091265,137090157.15525985,1.0,0.0,17716539.210644074,R0,False,True,10400000.0,0.0,0.0,0.0,NONE,False,False,0.0,9557344.06438629,0.0,215818378.54267508,R0,False,True,126690157.15525985,1735309842.8447402,3550efa08ce819dc66a211ef02cd013875437874d6986242b4d3f505b9b07646
E2A_CRACKERS_A080,LA-0782,782,63422a84780b8954d79149930efcb05d402e38e8a8b4744140c869847cc9a317,M2,A1_FINAL_NO_MEMORY_V1,certified,PASS,,,e504fc19263a552610be7d506091d767d773681671baf64cc658b1f56d1353cc,56057166d24bc52e07227e5ecb21323019edceb53003dec978af67a484ee6b62,0.5,0.8,19137905.85543848,4.0,1.0,1.0,1.0,1.0,d33708d6d5e91fc2c717cbaa4e6f5ab4c1057153f52a7ece4fa21473226e0c7a,3,2,2,16d7134e74e0f46a5b3fa13ad6c2208256570e9388adbc6712fb9f2be10549e9,P4,1185229912.847266,1185229912.847266,0.0,7593599.326293939,0.0,7593599.326293939,h09,5,Katrina,1177636313.520972,11544306.52914454,1166092006.9918275,1639536107.9136953,242421236.15069103,1.0,0.0,0.0,NONE,False,False,0.0,10400000.0,0.0,0.0,NONE,False,False,0.0,9557344.06438629,0.0,289563103.9730588,R0,False,True,242421236.15069103,1619578763.849309,46d2d45f2e2b8729a5a47b875b4201436492699dfdec09f8be2b13dadb13a885
E2A_CRACKERS_A080,LA-0783,783,b532f42ac1d1247a545abed2992d2ff15b916300c3984eab4343263b0474c9e5,M2,A1_FINAL_NO_MEMORY_V1,certified,PASS,,,f0ce3cdda18f274f079c9738fa52e6f1511c736cda7aa5098ddbc5af33b6fc55,5a346dceaedfefd9e9ad58cfbb9da4904aae7cf9f7f3a6e26f5b017863e2f33c,0.5,0.8,19137905.85543848,4.0,1.0,1.0,1.0,1.0,77225e74078c4dbcf5abb2b3ee55a781ee9526b67d048c38b8c398d8c31eba67,3,2,2,519e155410b1dc095e52d8a236f7c2ed9faf2ebf402b29b46e5f6afed2f131b2,P4,1225320480.3978133,1225320480.3978133,0.0,6836621.992484818,0.0,6836621.992484818,h09,5,Katrina,1218483858.4053285,12301283.86295366,1206182574.5423748,1807953029.4633844,74004314.60100187,1.0,0.0,14691248.165260145,R0,False,True,10399999.999999996,3.725290298461914e-09,0.0,0.0,NONE,False,False,0.0,9557344.06438629,0.0,89848727.9023652,R0,False,True,63604314.60100188,1798395685.398998,1200ddf8688e00aafc10a9e179a64075312714edeb0c2d5b8c1dbe15b93839e3
E2A_CRACKERS_A080,LA-0784,784,bd5fc92cb2e539865d8839cd2eb55629984c3aaa0568c074e4f9b0c7130eecbb,M2,A1_FINAL_NO_MEMORY_V1,certified,PASS,,,4b66b8775cf0b4afb100b8f2dec38e1f190cfb8773dc815edce0af8bf1163d99,9b393dfbe4923a509d37c3283784e1ba96847e42944348ce0503e70e53f1d533,0.5,0.8,19137905.85543848,4.0,1.0,1.0,1.0,1.0,e8c0899605782f5d64ee0b5f866634c8b01b3d2e20854f3dda9fbc6a9f23f596,3,2,2,967f165689b1b7e785fa9025b625862c6171d2f41756695db1e1026681688ba4,P1,1239938487.913416,1239938487.913416,19137905.85543848,0.0,0.0,19137905.85543848,h09,5,Katrina,1220800582.0579774,0.0,1220800582.0579774,1871391599.9938555,0.0,1.0,21810902.123368423,0.0,NONE,True,False,0.0,0.0,347598.817295557,0.0,NONE,True,False,0.0,9391599.993855588,0.0,0.0,NONE,False,False,0.0,1862000000.0,f14d636d58f1545d35180d818b0b70faf01f2fa80b88dcc05019fc4b40b513c7
E2A_CRACKERS_A080,LA-0785,785,8e346a58426a8b8791a228ec082f2a836b5daa0cd6764def52ffff7e66d3e4e4,M2,A1_FINAL_NO_MEMORY_V1,certified,PASS,,,744400827d736a5387e318052dcec87a2f29973332b471759605447fd2ea02d3,af26f9384a451363f5aa99c26662a4ab00e591a53ce1d5004579585f08f50382,0.5,0.8,19137905.85543848,4.0,1.0,1.0,1.0,1.0,64c029408c02b8852eb6a8c64fefaf86039caa3dd721449ff23ed769786cb992,3,2,2,d3558ef33800e6cd716f9a171fad9f69d03afb872eb77b3795c0ad558c7b12f2,P4,1227241566.9455297,1227241566.9455297,0.0,1199407.6289220576,0.0,1199407.6289220576,h09,5,Katrina,1226042159.3166077,17938498.22651642,1208103661.0900912,1881079447.7775598,877896.2868264465,0.9999999999999998,0.0,0.0,NONE,False,False,0.0,10400000.0,0.0,2732725.75251749,R0,False,True,877896.2868264465,8679447.777559843,0.0,0.0,NONE,False,False,0.0,1862000000.0,c7d45149f6d995b4ec3a70b7cc4201c683913ca7096bf90df307db5d79a09c88
E2A_CRACKERS_A080,LA-0786,786,1174073a28d0c3a2e594e8b47c88e882eba16d3e0d1322847cbf623cbfca3d1b,M2,A1_FINAL_NO_MEMORY_V1,certified,PASS,,,d8ac638123dbf6ef865214b3a7cfc053bace4af89732140a941af0c9ca4bc589,b26745991d602ee624d75ca26c60585976d66278f8ad6be69cbc58faa25ec42c,0.5,0.8,19137905.85543848,4.0,1.0,1.0,1.0,1.0,fe4479a632518bb473391c016bd65fb36b9df538bf697b56b3aac564fdc732da,3,2,2,cc61087b07565fbb7f8d7ee529236046a13c0729390c83fa8c81f310e1211e91,P4,1177058567.6564925,1177058567.6564925,0.0,5557462.768068279,0.0,5557462.768068279,h09,5,Katrina,1171501104.8884242,13580443.087370198,1157920661.801054,1679213398.8047185,202743945.25966796,1.0,0.0,19836655.36556331,R0,False,True,10400000.0,0.0,0.0,0.0,NONE,False,False,0.0,9557344.06438629,0.0,366871207.09315467,R0,False,True,192343945.25966796,1669656054.7403321,ece45c2be8fe21536fa6a71edc141f3f478ecbdbe5ba5f3a69baaee2602519ac
E2A_CRACKERS_A080,LA-0787,787,c07770a6a5daf4bfdff983037c9831ee79d17e09ffdffb14cdf87cb7e253a835,M2,A1_FINAL_NO_MEMORY_V1,certified,PASS,,,7e4d0d8d4d130e6dad21803962def2e02d6e48069bc78fd88254fb6fcb4996dd,43cf440f6a9aefbdfa19e1b8dfd739baa7b014a90edbbd6fee55ee04619f7a88,0.5,0.8,19137905.85543848,4.0,1.0,1.0,1.0,1.0,3600b686074f40452d5b940bd912b1284405f03c29495f78ba4cf1826a662080,3,2,2,38599a3023fcded5cc8f01c74bb99194918d8bac421be8396383091a05a7454b,P4,1149772817.1713123,1149772817.1713123,0.0,1659824.8052207415,0.0,1659824.8052207415,h09,5,Katrina,1148112992.3660915,17478081.050217737,1130634911.3158739,1544953586.3709257,337003757.69346076,1.0,0.0,0.0,NONE,False,False,0.0,10400000.0,0.0,0.0,NONE,False,False,0.0,9557344.06438629,0.0,398700814.7302376,R0,False,True,337003757.69346076,1524996242.3065393,4fad8ddbc4a03322de468bb2d052c8e1460d7c1b1cf8ab35b0ffb3614404e2fa
E2A_CRACKERS_A080,LA-0788,788,685234e4e9ac8d72f11ea72e8bc1159e58cbd33dc1a32ceadd2cc6f2cf231abc,M2,A1_FINAL_NO_MEMORY_V1,certified,PASS,,,a9da8f246dae47c8da113f63b5a769518c4a38e0ef2652b395b732f2d7a7e040,837907be800a6d2d24f422f0046caa1a716a94f4b0c421bf5fa66007e8165708,0.5,0.8,19137905.85543848,4.0,1.0,1.0,1.0,1.0,78564c82081913a2115c03bd8270204f3b802e5df5ef2e3f15ffb84e50963765,3,2,2,c2e0db72fc5bfef7bab478fc611e5e34fa0667d592716e197db3c4529bfa2810,P4,1213733765.6940775,1213733765.6940775,0.0,6716216.206156864,0.0,6716216.206156864,h09,5,Katrina,1207017549.4879205,12421689.649281612,1194595859.838639,1715570713.2455657,166386630.81882074,0.9999999999999998,0.0,0.0,NONE,False,False,0.0,10400000.0,0.0,0.0,NONE,False,False,0.0,9557344.06438629,0.0,242773518.06267154,R0,False,True,166386630.81882074,1695613369.1811793,2a00e05bb02b6adf311604aaade8ecc23d9000d67fa5ae391cb0e21cc026be80
E2A_CRACKERS_A080,LA-0789,789,dd409690bb74eddb2067923113a702a5d5efd305aeab1ebf4a34374bda2af1e1,M2,A1_FINAL_NO_MEMORY_V1,certified,PASS,,,c67a5a3175b6ad8931361ef1eac9cb294aa749a1917c7217ef2974e8b0eba2db,03e178e65e6e416400ca312b77acf66b4abf8fcfcab81154f0bb909a32feb47a,0.5,0.8,19137905.85543848,4.0,1.0,1.0,1.0,1.0,fefd555fd9ac7a2d83cc00c031dc00818dea7185ffbcd6477236f41dd6858889,3,2,2,5be0a619925ea779306f85980e2e84fad858fc3cdc8e7dba9d53f5662de35db4,P4,1212371308.855561,1212371308.855561,0.0,4291308.084985451,560642.1804257416,4851950.265411193,h09,5,Katrina,1207519358.5901499,14285955.590027286,1193233403.0001225,1880812304.5954318,1145039.4689543683,1.0,0.0,0.0,NONE,False,False,0.0,10400000.0,0.0,1603070.123394555,R1,False,True,1145039.4689543683,8412304.595431922,0.0,0.0,NONE,False,False,0.0,1862000000.0,647514c88edb3ea3df01fad1c45fd40a228d425df8d4097c52292401d6cce01a
E2A_CRACKERS_A080,LA-0790,790,ffbebd5001c4d0038f37afa4b34f69df28a27732cd8e4b86163c2c654f09c93e,M2,A1_FINAL_NO_MEMORY_V1,certified,PASS,,,1631198dc53bc826092da9ee3ba853d6c04120e7468646d79c522082f0d84fe1,8f13a59d90eeb70af0b2ba27fc026b4eb350a6d3889e54b229f30bbadb4aaaa2,0.5,0.8,19137905.85543848,4.0,1.0,1.0,1.0,1.0,322bfeaf155c8cebe41d3e0e9697857a33d34631d72c3bbbc845e31e6264dfcd,3,2,2,4be6c9d3976fa626d67c810a07a9c0815b60ba03c02fbb2ade3a4ad98bdadfd4,P4,1216500862.9756906,1216500862.9756906,0.0,7869157.529268373,3593223.5877753966,11462381.117043769,h09,5,Katrina,1205038481.8586469,7675524.738394708,1197362957.1202521,1880886491.7562563,1070852.3081299637,1.0,0.0,0.0,NONE,False,False,0.0,10400000.0,0.0,1342144.7599287543,R2,False,True,1070852.3081299637,8486491.756256325,0.0,0.0,NONE,False,False,0.0,1862000000.0,0d80286609ec0bf4380084a994f6517471970aa434c33b0a33a5e54ed349263b
E2A_CRACKERS_A080,LA-0791,791,974c0523ed42b48d695bec3664fbe5aa70e6485628d8c74806de9399eec7942c,M2,A1_FINAL_NO_MEMORY_V1,certified,PASS,,,3651b83d35323bdc6ac6d1610672ef0dd52298e618959ce29846ba3f598c7de9,f502420e963247067d257f3dc5e005c1c4b67247fac4b7521599307df2d0de1f,0.5,0.8,19137905.85543848,4.0,1.0,1.0,1.0,1.0,ba125ec0a0ae8528353ce962908ea39c4849a8bc7340bdea901100f08534358f,3,2,2,4a4a17ab039de25a01d6aa5f53d29b4204fab292f166fb3945ef05e55fa3039c,P4,1211976443.4665885,1211976443.4665885,0.0,7993058.559154082,0.0,7993058.559154082,h09,5,Katrina,1203983384.9074345,11144847.296284396,1192838537.61115,1710883020.5772748,171074323.48711157,1.0,0.0,0.0,NONE,False,False,0.0,10400000.0,0.0,0.0,NONE,False,False,0.0,9557344.06438629,0.0,211802815.97359008,R0,False,True,171074323.48711157,1690925676.5128884,0cf519f7b43216116d54a89b769e17da7b1c6cb03e737f1ccdf11d4052d6f9bd
E2A_CRACKERS_A080,LA-0792,792,eca1094e8a93d953c7b9ca4d4c4f09c9bf1da2081e20536c4902dbcef0ff14d3,M2,A1_FINAL_NO_MEMORY_V1,certified,PASS,,,2c00472b74d1dbd9843edd28ad3e5d9ba56d22ae568ee9520d527628eea7fb6f,e95ed2f6e874e52efd6441346f8a69c486393d564ac50130e1113cd5d552bbbe,0.5,0.8,19137905.85543848,4.0,1.0,1.0,1.0,1.0,b243d920704609ee29675114e6e121a0fe5124e1dab353a5a98cd6d58691d20b,3,2,2,206f8e177a11b8915a686d0658b112757f2190401ec5d1cfa149bd45abe2fbff,P4,1239552632.3658717,1239552632.3658717,0.0,5897054.954713495,0.0,5897054.954713495,h09,5,Katrina,1233655577.411158,13240850.900724983,1220414726.5104332,1784443063.522439,97514280.5419473,1.0,0.0,0.0,NONE,False,False,0.0,10400000.0,0.0,0.0,NONE,False,False,0.0,9557344.06438629,0.0,186434292.49489686,R0,False,True,97514280.5419473,1764485719.4580526,766fbfe95062a3661f5bc9eb4a15e4cb614361a80640af23f1bd6cd3ac4eafed
E2A_CRACKERS_A080,LA-0793,793,5baae0039e1476b3799f9656e10b5353f1dae7e8f21eb6a57a77d9b280a0a6ba,M2,A1_FINAL_NO_MEMORY_V1,certified,PASS,,,b138d789ba439760ab8c7fa2531b7edbcd3c481c782cf0dcc1c618cd8e96914f,bd0c608052ce5ad1fb02865952150ce8531b1b3d3f3f4987af7a1b8bb05aefdd,0.5,0.8,19137905.85543848,4.0,1.0,1.0,1.0,1.0,91dbba15e177c7e802def422e336ef1de156276c543c30a9baa63e79f8840050,3,2,2,a46d4acb9681c455b332ece691caa1d5084511aff4d7ce4fb7aad2a4e8c53fb9,P4,1210657317.9439275,1210657317.9439275,0.0,4093444.3720499678,0.0,4093444.3720499678,h09,5,Katrina,1206563873.5718775,15044461.48338851,1191519412.088489,1880781512.8644814,1175831.1999049555,1.0,0.0,0.0,NONE,False,False,0.0,10400000.0,0.0,2195192.510790941,R0,False,True,1175831.1999049555,8381512.864481334,0.0,0.0,NONE,False,False,0.0,1862000000.0,42257adb338dbe717b9eff9e035b6ade2f6e94808377bc3e2c28bc75547f60dc
E2A_CRACKERS_A080,LA-0794,794,d0d85f9cd66da153740509f79b919ee666f8bfe331d90a70e9bb78669a2f49b6,M2,A1_FINAL_NO_MEMORY_V1,certified,PASS,,,bc18bdbfc6583226b3f02e522bbb4d8d63cdbef0a12c01579fa5e8f587fb0a67,05fcdf5058840f3550f92e88682d7fe87e00b7d6aae4788e8fe649deefe6da8b,0.5,0.8,19137905.85543848,4.0,1.0,1.0,1.0,1.0,586f76c95cfbb0f4080d9f82e0cb756c737a1c066640badbf61fc38af0d29c53,3,2,2,8fe71cf736d48dbe6c94674242e6008cc8848e56ea092df943606ee7e3b0ff61,P4,1236234805.4347498,1236234805.4347498,0.0,4885423.545170229,0.0,4885423.545170229,h09,5,Katrina,1231349381.8895795,14252482.31026825,1217096899.5793114,1775592692.920855,106364651.14353138,1.0,0.0,0.0,NONE,False,False,0.0,10400000.0,0.0,0.0,NONE,False,False,0.0,9557344.06438629,0.0,214146763.36272946,R0,False,True,106364651.14353138,1755635348.8564687,1c10c2a0fbd5ce13350c1bc338bc62a2faef2f55d5f49d332bc3086b3543193d
E2A_CRACKERS_A080,LA-0795,795,1bd621fc53d7a860dcafa58d8063124d573a69bf2582be6d9cb20a37923fb75a,M2,A1_FINAL_NO_MEMORY_V1,certified,PASS,,,1acb488f32ea1d96b3e63198205e43641435fda8c69adf0e54d5d1da37f1562e,fbee60ac2c94cf1129f3fd5a25ae9ca481f6f6e0dfbfe41a115bbfd3e2d7b904,0.5,0.8,19137905.85543848,4.0,1.0,1.0,1.0,1.0,51742b2ff6de4800e70bb28d7cec27c4ff70f476a5d7b84228a868d3def8e15d,3,2,2,445f20f5395caaea86fdb15b6ec830594051f865b170cd0496add4c355e84573,P4,1189018854.6260755,1189018854.6260755,0.0,1702119.4526201414,0.0,1702119.4526201414,h09,5,Katrina,1187316735.1734555,17435786.402818337,1169880948.770637,1649643186.9224703,232314157.14191613,1.0,0.0,0.0,NONE,False,False,0.0,10400000.0,0.0,0.0,NONE,False,False,0.0,9557344.06438629,0.0,631157212.2196549,R0,False,True,232314157.14191613,1629685842.858084,b8101d8fb5bf0661ba94fe74ee6cc437a2de0562164dbb4af71a9a0930960247
E2A_CRACKERS_A080,LA-0796,796,779e6284d44a3658415e422f28cf8b3c5c70805e76037da02a6cd105161b0ad3,M2,A1_FINAL_NO_MEMORY_V1,certified,PASS,,,47a1b1b47be1c5a0e1f7499427365b194a9692c4ef52f4db52102a7f7905f1d9,1b23f692fce7cde989377e350964f2b581d989454edefd1c647912626e58706a,0.5,0.8,19137905.85543848,4.0,1.0,1.0,1.0,1.0,54306b4ae2b1300eed8510109129f1c2d6ac3c8462e4432773e3a7320ca55478,3,2,2,d54db1f17b84b0fcb5d43c8bb7193dbaf4901ebbf1e00323ccec53bbfc0dd71a,P4,1224018700.2211683,1224018700.2211683,0.0,5854590.837551169,0.0,5854590.837551169,h09,5,Katrina,1218164109.3836172,13283315.017887307,1204880794.3657298,1743005984.6046429,138951359.45974356,1.0,0.0,0.0,NONE,False,False,0.0,10400000.0,0.0,0.0,NONE,False,False,0.0,9557344.06438629,0.0,201542251.53129143,R0,False,True,138951359.45974356,1723048640.5402565,e85b8a2622eedcada771c365241d0ff87184e584b25cfae3e3ace62f5805bd6e
E2A_CRACKERS_A080,LA-0797,797,8f7c6ae29d642bf5d4f78f54c33031c0ad82475f94c87de3039e65618b18f23a,M2,A1_FINAL_NO_MEMORY_V1,certified,PASS,,,7361220db255406f439765bd1357e52dd76da59a8d5631464081f1d83da80515,43294dff886fd366034050ad7b229c41e50e988ca5e3f20fe88ec573aee7cf0c,0.5,0.8,19137905.85543848,4.0,1.0,1.0,1.0,1.0,88136d3a8b582712e78c1d655627e4524d8bf91b86e8a65d4278946fec5395db,3,2,2,a800ba4190c0d21c2d01712fe64016d1341e755afea2c6ddcd7d5043a59fadad,P4,1240409472.309592,1240409472.309592,0.0,8667647.60161476,0.0,8667647.60161476,h09,5,Katrina,1231741824.7079773,10470258.253823718,1221271566.4541535,1848203221.289512,33754122.774874374,1.0,0.0,24958424.52686314,R0,False,True,10400000.0,0.0,0.0,0.0,NONE,False,False,0.0,9557344.06438629,0.0,56046356.79498054,R0,False,True,23354122.774874374,1838645877.2251256,45d8513dde95eeb9ad346274d4dbae7e695785d7a443f18218ffa2a57d03a020
E2A_CRACKERS_A080,LA-0798,798,b3066e2f289fd9405550c5f50b21b7917edd3dcb6b1ec139f1e93ba778d96dfe,M2,A1_FINAL_NO_MEMORY_V1,certified,PASS,,,c55927b4011860bfd40afbc19dc8c965bb20874cf825f7ead5537372da9552ac,ae0be66302a93a553be3dade9e574282e96120356bd6e746478301d49bd93aa7,0.5,0.8,19137905.85543848,4.0,1.0,1.0,1.0,1.0,917b021801122cd1d1bb0e59d531910074b7955973dc5c566a5348633fbdc3fb,3,2,2,2441aa35a2fbf75067431eaee130a3e0c61e9ca886f0d33f6daee993d92ee397,P4,1223884525.5635636,1223884525.5635636,0.0,2924.672791215356,0.0,2924.672791215356,h09,5,Katrina,1223881600.8907723,19134981.18264726,1204746619.708125,1742648070.9853384,139309273.07904795,1.0,0.0,0.0,NONE,False,False,0.0,10400000.0,0.0,0.0,NONE,False,False,0.0,9557344.06438629,0.0,333909633.12908524,R0,False,True,139309273.07904795,1722690726.920952,50c298156d021118dd7e51a41beb3e7338185c313f3fede05e74645c9d57ec58
E2A_CRACKERS_A080,LA-0799,799,2b823709ce852b2d6e351887370c0475a4e8be187eeb3c861d58db177f62805a,M2,A1_FINAL_NO_MEMORY_V1,certified,PASS,,,0d50e3ab456f62e7ab1eac19fd000cf33da5be87920203bd82d39a6b6d87ece8,5c86b1d715faf5e079d97fb09f58fec0767b73555ab06962c0e8da32553e027c,0.5,0.8,19137905.85543848,4.0,1.0,1.0,1.0,1.0,e12494205f9880a64312a0a524aaccaa9e00e302b0592f3218f5c09aa69a1a71,3,2,2,78663b4f327777d8c98c8d7fff515be2581c1d925376109d6442bcb8e9876805,P4,1213742374.6864603,1213742374.6864603,0.0,7870210.584157551,0.0,7870210.584157551,h09,5,Katrina,1205872164.1023028,11267695.271280928,1194604468.8310218,1777068197.7536294,104889146.31075697,1.0,0.0,19690894.939454768,R0,False,True,10400000.0,0.0,0.0,0.0,NONE,False,False,0.0,9557344.06438629,0.0,178901524.31960437,R0,False,True,94489146.31075697,1767510853.689243,a27933ccd7717547270e1a1f43af30d37b41f9d77a5f1ad174c962508cbf1293
E2A_CRACKERS_A080,LA-0800,800,ff13f8d0dba72ef747962df03f8dcb74640d3949112a9474ed7f575d1b65b818,M2,A1_FINAL_NO_MEMORY_V1,certified,PASS,,,98002d2fee6dc7da0387d9d5c24df0fe931bccf092231d1a520bccefb9ee8244,5850a547ae4aaf5f876b641cb389557f8c0ed8af171a7142f226ff38fd1673a2,0.5,0.8,19137905.85543848,4.0,1.0,1.0,1.0,1.0,bb2ee8998b1c87aabd12b70f26cf7a14fc323f2c00b29047a92cd9351031a113,3,2,2,99aba910403c190f9c66a883b448a65ae5b47df8d39af4cd5936cc98d19dc717,P4,1208818389.6619143,1208818389.6619143,0.0,8807977.20138262,0.0,8807977.20138262,h09,5,Katrina,1200010412.4605317,10329928.654055856,1189680483.8064759,1763933367.875946,118023976.1884404,1.0,0.0,13367466.762139332,R0,False,True,10400000.0,0.0,0.0,0.0,NONE,False,False,0.0,9557344.06438629,0.0,138332685.04887038,R0,False,True,107623976.1884404,1754376023.8115597,5fde5fe2fe5c320b936ace606d7f3fa766d37fcc6f2955f1cb18f19fcaf25ccd
E2A_CRACKERS_A080,LA-0801,801,130a8d9f0997de4ffc8bbffec49a40055721c06682ace8ccfd95478fb4eb5ea8,M2,A1_FINAL_NO_MEMORY_V1,certified,PASS,,,c5fbbe93a591307f11952d761e2310c323c037e851934509c60ba9fe968125b1,08613b4caec3643581f18e29522cbedd3bcd04641a88153f8898a49847c392fe,0.5,0.8,19137905.85543848,4.0,1.0,1.0,1.0,1.0,38e222605f399db2d3085a21710c633c5600e55626b8062d76f7a3c0d839cd11,3,2,2,2488afede020aee2cf46416fa61a08185f4854712138e7d248608a69d913e775,P1,1219963979.723139,1219963979.723139,19137905.85543848,0.0,0.0,19137905.85543848,h09,5,Katrina,1200826073.8677006,0.0,1200826073.8677006,1871032759.3034582,0.0,1.0,13919943.04435833,0.0,NONE,True,False,0.0,0.0,702133.653274666,0.0,NONE,True,False,0.0,9032759.303458259,0.0,0.0,NONE,False,False,0.0,1862000000.0,26be4dff2f4a7057d61fae130ba8c1edb9309f097e54920d8a006b36d9b93d56
E2A_CRACKERS_A080,LA-0802,802,08d200d068730669000640f9037f4ea66dcff16c72d21874b825ba042565721f,M2,A1_FINAL_NO_MEMORY_V1,certified,PASS,,,b92fcb386cf045ff97488a78a267ed085dbb9a8f2fb1d5de63ff6a80d21af905,da223cdfa2b470b81c36af832a8aea97cd5aa8e81eb2840b7c8398688c2572d1,0.5,0.8,19137905.85543848,4.0,1.0,1.0,1.0,1.0,3d4de77eeb1240c87e50408269f1fd26c839c8cf08019aeb3b641ca363a7dc21,3,2,2,cbc33d2f64abc3c0b74470dd23721439d164f425ea7f3bbdb3fc6373e78d93b0,P4,1228589997.4005196,1228589997.4005196,0.0,5078928.578451205,0.0,5078928.578451205,h09,5,Katrina,1223511068.8220685,14058977.276987273,1209452091.5450811,1816674532.3515255,65282811.71286092,1.0,0.0,12280877.45567742,R0,False,True,10400000.0,0.0,0.0,0.0,NONE,False,False,0.0,9557344.06438629,0.0,64808565.87198676,R0,False,True,54882811.71286092,1807117188.2871392,eb8f2677ac9872d439622dcd508e018edd9ca135c2974c445d3c9608b2918f69
E2A_CRACKERS_A080,LA-0803,803,6fab487f0e10f651a0bddc12ba6823cef3f62e8a9cc929292030385a0f8776dd,M2,A1_FINAL_NO_MEMORY_V1,certified,PASS,,,610e8147683658aa2b5a9b5599ed8794cd9d65a5d0194f619638fdab898af170,271ffde7009436b2b69bb211786bdf3c98f2a92fc35ca51c5846fd6c3f567cba,0.5,0.8,19137905.85543848,4.0,1.0,1.0,1.0,1.0,f08fbd56c11fcd78f61c4ee3fd2c652e7ef921b2f78913a7eac159a0d814a852,3,2,2,1ffa25e9ad2c4c472bf1b1fc4a2eba66b072f66cd3c4974153b1e0350252ce83,P4,1196349260.8235512,1196349260.8235512,0.0,5717317.313129113,0.0,5717317.313129113,h09,5,Katrina,1190631943.510422,13420588.542309362,1177211354.9681127,1669197194.064691,212760149.9996952,0.9999999999999998,0.0,0.0,NONE,False,False,0.0,10400000.0,0.0,0.0,NONE,False,False,0.0,9557344.06438629,0.0,534173843.99826574,R0,False,True,212760149.9996952,1649239850.0003047,53e37751e7e900c6d7246d12693d50fba6b99ad0d3ed5de9918353008c0edc8b
E2A_CRACKERS_A080,LA-0804,804,9ab69d62c2bfa3180d5e4cebce0d5f7b64074f26b8f1b63bebed584510dbdaf4,M2,A1_FINAL_NO_MEMORY_V1,certified,PASS,,,f0c5e2fa9321199769e87344a552d1e9c239fbc0779fe52e6c32e51f7f4aa7c8,946f81043546831422d98ff5451cc488f68bc7edf9f47249db9528756c20a583,0.5,0.8,19137905.85543848,4.0,1.0,1.0,1.0,1.0,9cd18d0ff4f3907e39cf4c657894b6978633e57a3231a0bdfec2a406e47fc406,3,2,2,fda6ea346acb779268b327105da1245b76fb596dcb7acdf59168a67dc780d6b1,P4,1210415241.0801337,1210415241.0801337,0.0,2603392.1012462135,0.0,2603392.1012462135,h09,5,Katrina,1207811848.9788876,16534513.754192265,1191277335.2246952,1768193001.4072607,113764342.6571256,1.0,0.0,12888658.119535575,R0,False,True,10400000.0,0.0,0.0,0.0,NONE,False,False,0.0,9557344.06438629,0.0,128098814.8325211,R0,False,True,103364342.6571256,1758635657.3428743,5ecf1648ff8096ee529815857149c37738cdaa9a1356a4004c6d167d4839cef6
E2A_CRACKERS_A080,LA-0805,805,f156cefb18635c4c57ed918a8d78e6812f4f02183bcb19658dc3c20c5a377907,M2,A1_FINAL_NO_MEMORY_V1,certified,PASS,,,b63bb9124d64381825856033fc960a8436187d3ceb1f98c70f4a98397bc3eebf,0b8865b03b7921e5ebf16f618eb085ad4ee7705447452d32df256577e2feeec7,0.5,0.8,19137905.85543848,4.0,1.0,1.0,1.0,1.0,86258f10c356abd73161a6e7147fe17dd6ab60af3a61fa42b69634c298d51bcd,3,2,2,49f2871edc084398cfe30bc8b5d47f1991b9e39cce680f0be18268d025592337,P4,1239803426.433088,1239803426.433088,0.0,3850349.2870012834,3128610.2633188013,6978959.550320085,h09,5,Katrina,1232824466.882768,12158946.305118391,1220665520.5776496,1785112061.7811255,96845282.28326094,1.0,0.0,0.0,NONE,False,False,0.0,10400000.0,0.0,0.0,NONE,False,False,0.0,9557344.06438629,0.0,110921239.17085753,R2,False,True,96845282.28326094,1765154717.7167392,729b11be88edf1e1ff77c966fcdcdde2d59474285a42d7917d207020850dbcb3
E2A_CRACKERS_A080,LA-0806,806,e494b69bb75679d4263548470ffe118c7a283a677dd94efc44719a09f764b700,M2,A1_FINAL_NO_MEMORY_V1,certified,PASS,,,02c0c2445cfd02f6903e80b58dfc08462a1d52f8b42340e4fe917f8822296b67,a85165034ddeb1a8a5d9515cbb57678c616a9c571044386051ca7601c1a23017,0.5,0.8,19137905.85543848,4.0,1.0,1.0,1.0,1.0,ab55bfc44ead62137a82d06fcf1e00af162dd95d87d0338f1a15b28e26e65ee9,3,2,2,96bcb8c49d1a8f572c4cac255209b7eb39d9f18a3e7ac066f5069c623d288505,P4,1201864282.3130262,1201864282.3130262,0.0,5092083.1568486,0.0,5092083.1568486,h09,5,Katrina,1196772199.1561775,14045822.698589878,1182726376.4575877,1683908625.694746,198048718.36964047,1.0,0.0,0.0,NONE,False,False,0.0,10400000.0,0.0,0.0,NONE,False,False,0.0,9557344.06438629,0.0,441887098.04781306,R0,False,True,198048718.36964047,1663951281.6303596,507986e12d22fae52fe4797fa2a288b16174c83c2be66277df808d45a140a646
E2A_CRACKERS_A080,LA-0807,807,ae31859720c70e0d7ddc33ef4c0116d1b1e34af5de49fcd2c4ed4c389f627b03,M2,A1_FINAL_NO_MEMORY_V1,certified,PASS,,,879482358d82c98a41491ac4c3159614bb4831a8cc1705f39cddd135c13a45eb,311f52abdf8dfdfb6bec84fca4fe946e4f3c06f0cbb92fa559b9684207818812,0.5,0.8,19137905.85543848,4.0,1.0,1.0,1.0,1.0,e145c20ce2f36b0769acae82acb4425f45f416054042ce4431ce588f71eaf967,3,2,2,01314f45438bf28d232a8a4e5a9aadc25885facb40541ad948c2f5569dafadfd,P4,1236890503.8349268,1236890503.8349268,0.0,7144677.72572601,0.0,7144677.72572601,h09,5,Katrina,1229745826.1092007,11993228.129712468,1217752597.9794881,1838816301.542752,43141042.5216344,1.0,0.0,20411629.424875688,R0,False,True,10400000.0,0.0,0.0,0.0,NONE,False,False,0.0,9557344.06438629,0.0,64259425.66689412,R0,False,True,32741042.5216344,1829258957.4783657,c197ce8e4dbd982147dafd7c5ae9045bf72c00b41e52c1aa2b72ba85286b63b2
E2A_CRACKERS_A080,LA-0808,808,0683fb44f7456ecc78ce87deb1e44286aa4dd14dd50d42cce53bccc10630a436,M2,A1_FINAL_NO_MEMORY_V1,certified,PASS,,,fd11be8c4689005be1741c7b7336414964e7cad87ac56c1cf73bf88e3fd9a628,1849bdbf39170db3092e80d13db423cf8a15d2a0d1088569eda421819c28fb3b,0.5,0.8,19137905.85543848,4.0,1.0,1.0,1.0,1.0,95e4c7f9b2e16bd02c5b77dfeda479a42b52353ebf68bda16c548bc7c7951ed5,3,2,2,7915d59eb45ad6df21f2a89955a67735f46372b3d35fa7a6b8db36188f48ce84,P1,1234425015.0638595,1234425015.0638595,19137905.85543843,0.0,0.0,19137905.85543843,h09,5,Katrina,1215287109.208421,0.0,1215287109.208421,1871292550.826538,0.0,0.9999999999999974,18859833.359036155,0.0,NONE,True,False,0.0,0.0,480188.1096552935,0.0,NONE,True,False,0.0,9292550.826538175,0.0,0.0,NONE,False,False,0.0,1862000000.0,1eb93d21b4a43798395182d7784a7fcfd696cc63fa8ed8705bad147ee758648c
E2A_CRACKERS_A080,LA-0809,809,69b46bd9f5f9e4910363194ac5e5f9b9bc743b44edede2beece0be0d4bd40dde,M2,A1_FINAL_NO_MEMORY_V1,certified,PASS,,,1b518f10a62405709e1e1b13b125a3e691e639d0460c2dedfa8821a695bc3235,4fb94726b57bdf909bed24c9299967dfa9c050772d44aec691b82e21c29f82ea,0.5,0.8,19137905.85543848,4.0,1.0,1.0,1.0,1.0,5cddcf57cba7c6bf3339dbcae5c2140a3be340a9a7b852ff07cd10536894d073,3,2,2,5f08fd9199015ca66c49322baf516444689179cbb04f7a946e0313704e868bdb,P4,1228459350.4974391,1228459350.4974391,0.0,1941443.448877629,0.0,1941443.448877629,h09,5,Katrina,1226517907.0485616,17196462.40656085,1209321444.6420007,1881101325.176811,856018.8875754144,1.0,0.0,0.0,NONE,False,False,0.0,10400000.0,0.0,1200284.9718222173,R0,False,True,856018.8875754144,8701325.176810876,0.0,0.0,NONE,False,False,0.0,1862000000.0,204843183db911a476b5e2073aeb58f7785b2279c0cbd1ed572a094e3788c2a9
E2A_CRACKERS_A080,LA-0810,810,02548da34bb70fbd57dc90a9a0442b4f0c84561dce7c69578872ec000c1ee761,M2,A1_FINAL_NO_MEMORY_V1,certified,PASS,,,1c8cdfbcb418347c8afef7c35a8ed157e6661f258b7e6f0f9eb03f4b5258183e,e8d62a146b68dc7176c718af829585e6a36e61bba9db24b7e1eb4e930faa52df,0.5,0.8,19137905.85543848,4.0,1.0,1.0,1.0,1.0,3fd68775a529cdf2498f06cd3592c68c802107f8bba150812fdeeeca542e70a7,7,2,2,62af5893046210f688925e19fab3be6ecd7fdecfa4d7e0fa8f7165c7272d1a26,P1,1225963971.5703118,1225963971.5703118,19137905.85543848,0.0,0.0,19137905.85543848,h09,5,Katrina,1206826065.7148733,0.0,1206826065.7148733,1871140548.7517045,0.0,1.0,15617139.94355356,0.0,NONE,True,False,0.0,0.0,625879.8774971446,0.0,NONE,True,False,0.0,9140548.751704395,0.0,0.0,NONE,False,False,0.0,1862000000.0,deefef688c66440b8d41b252556f561b13369f665a386a362816fd60d59adbf0
E2A_CRACKERS_A080,LA-0811,811,312297d7ffeb4cd6ed51258762dbdb3024fb17d65df4453dadcb169489869a9e,M2,A1_FINAL_NO_MEMORY_V1,certified,PASS,,,40e3e768efcd65ca9f04a78d6d334ea085c91fa497d862ab84f9dbb3eee5d7eb,48bf4a0038461840a536381f3f2ae571dcf3d2d0992f866ab510aaad210721c6,0.5,0.8,19137905.85543848,4.0,1.0,1.0,1.0,1.0,e826946e9b2c020b65232f44c95cb9c14912e8aa76094e0fc100740f7d298199,3,2,2,f5620e50315e08ce11127354807c72075e52688745427447bc62d6f629e6202b,P4,1207878884.8068366,1207878884.8068366,0.0,6188274.516660547,0.0,6188274.516660547,h09,5,Katrina,1201690610.2901762,12949631.338777931,1188740978.9513981,1699952699.7819486,182004644.28243786,1.0,0.0,0.0,NONE,False,False,0.0,10400000.0,0.0,0.0,NONE,False,False,0.0,9557344.06438629,0.0,259911282.07970685,R0,False,True,182004644.28243786,1679995355.7175622,b04d829ff850548bc5bc5dafa1976600594d33e366bfaf6b4123f4cc87a9cec4
E2A_CRACKERS_A080,LA-0812,812,bcbc89e6952ba2c7f23dfdf3868686586ad95f5505a9aefb9f98a9bdcce2d7bf,M2,A1_FINAL_NO_MEMORY_V1,certified,PASS,,,eae7169c1eac59d8bac80a60b6f1c81eff2b6340fc9573ca71542ad0821e9fce,dbfd5efe9adc735c2d5779cf43258cf2b00296fee54009a9195e096379a68b57,0.5,0.8,19137905.85543848,4.0,1.0,1.0,1.0,1.0,a6d1a4116e25bc3dcad1bbf7ca50d4eac4b14a80d9f64cd2e3ac86bedf583828,3,2,2,3f2d1cd0f56b796faaaef36193ca565c8196a8744db4a3c4930aedb298111c75,P4,1237322402.453883,1237322402.453883,0.0,5100790.969057893,3435744.333622427,8536535.302680321,h09,5,Katrina,1228785867.1512027,10601370.552758157,1218184496.5984445,1839968399.864765,41988944.19962155,1.0,0.0,11325673.695104828,R2,False,True,10400000.0,0.0,0.0,0.0,NONE,False,False,0.0,9557344.06438629,0.0,34400584.07478731,R2,False,True,31588944.19962155,1830411055.8003786,62f6e28888df15ae79f4b3544242564bbf0b8919c67ed42aa094765532dd41db
E2A_CRACKERS_A080,LA-0813,813,92281bbc6a8ec9104aa6945558937cc9273fee3e3871716dd43e77ceca8869d5,M2,A1_FINAL_NO_MEMORY_V1,certified,PASS,,,ec8ae8611a91891f90847270060d8f230d4ec5552a688169865b43ef9bdb0679,7fb39f2429e8878ab2945e3bdea3b17543f43af3219d880b97aad4dfa6c2e208,0.5,0.8,19137905.85543848,4.0,1.0,1.0,1.0,1.0,cce373bc5db5f7486800e920d973d5e7a9c6e513a5a329463e25d9a55ea9090d,3,2,2,23493b0db7aee2b51c8b34e4907762f8c9238a4febd47381112bba4ccc5405d4,P1,1223905720.6526835,1223905720.6526835,19137905.85543848,0.0,0.0,19137905.85543848,h09,5,Katrina,1204767814.797245,0.0,1204767814.797245,1871103572.4130003,0.0,1.0,14990166.86098433,0.0,NONE,True,False,0.0,0.0,654049.304909748,0.0,NONE,True,False,0.0,9103572.413000233,0.0,0.0,NONE,False,False,0.0,1862000000.0,37b1628525b4da0161d0f71e0bff5876f278d755ef41be82b9c2974bd6e57888
E2A_CRACKERS_A080,LA-0814,814,40c804a4dfd5fd80fb434378b2ece88893d2f079a5368913575cd0db54d7c969,M2,A1_FINAL_NO_MEMORY_V1,certified,PASS,,,b036fad4d5aac3ca07ac94f6184bb9b8b34490e0fde36e0fd93f04bde15c83e5,b712d36ea31108a355f1d0d04c024bb222825461a1bf2e5771331adaffb33f7e,0.5,0.8,19137905.85543848,4.0,1.0,1.0,1.0,1.0,eefd4b122af8c5afc404ee5c161cf307592c90c31e6744878e5cbbb6e9d39bf1,3,2,2,ac2e64419481a4d0dc451a9f595cb01bd3d8610ca27e4fcffba516b8598cc744,P1,1228176645.8955712,1228176645.8955712,19137905.85543848,0.0,0.0,19137905.85543848,h09,5,Katrina,1209038740.0401328,0.0,1209038740.0401328,1871180299.2964957,0.0,1.0,16352403.787141168,0.0,NONE,True,False,0.0,0.0,592845.0279208618,0.0,NONE,True,False,0.0,9180299.296495631,0.0,0.0,NONE,False,False,0.0,1862000000.0,c9402efd432eb035a85f54b9d465b66ebec86e0b9de9cd5c5628d9edcd26b92a
E2A_CRACKERS_A080,LA-0815,815,47130ec179402d557d1d06494f2e951c7c4d952a0aca31958068027ec49dcb62,M2,A1_FINAL_NO_MEMORY_V1,certified,PASS,,,764d82f9dcbb30a8f07737dcb6c619391334a441d60f2252678c2cc279972ca0,9ea72469cabb1b9857304231e8c0439816efa5c0735d79ed82f7d8dd70a2f9ab,0.5,0.8,19137905.85543848,4.0,1.0,1.0,1.0,1.0,39fbf672407c6f7a3a7fad3235bd077e8e5905d63983cdc47cfe5b79a3e49e2d,3,2,2,6d20c809c8a1d71c7497762ec29efae5c12b278a6a2c688bbe7fd8cf5728fa72,P4,1217223748.8238902,1217223748.8238902,0.0,9429845.649215251,0.0,9429845.649215251,h09,5,Katrina,1207793903.174675,9708060.206223225,1198085842.9684517,1786354833.843658,95602510.22072834,1.0,0.0,22193422.45472258,R0,False,True,10400000.0,0.0,0.0,0.0,NONE,False,False,0.0,9557344.06438629,0.0,181820702.2626387,R0,False,True,85202510.22072834,1776797489.7792716,f2a7e98cb95bfe2c6350875dc8a0f10a3b617271510060f1b7f785443956e77a
E2A_CRACKERS_A080,LA-0816,816,af0227d8c7fb016984aacc037bd180901f98dff0e53e6bb46f414d29acce3b5b,M2,A1_FINAL_NO_MEMORY_V1,certified,PASS,,,aac5bc175789795fe40215a3b9596c92a037849e19ecd8b34d8dea18cfd0225d,eadfd30b08573056ea2f062de6bf69190bc67498af339d183638dbe95d57acc2,0.5,0.8,19137905.85543848,4.0,1.0,1.0,1.0,1.0,3c08955ce41af5e73f1d2402cf9f23bbbf9457fe5027bbdcd38def0d9a6272fa,3,2,2,bb7ce4280870e8399e1146e06f59d632a0a42b59e8deb7db3f2991a40de1c7f8,P4,1223372217.9563267,1223372217.9563267,0.0,3570030.953337241,0.0,3570030.953337241,h09,5,Katrina,1219802187.0029895,15567874.902101237,1204234312.1008883,1802755999.9032943,79201344.16109215,1.0,0.0,23306391.117318098,R0,False,True,10400000.0,0.0,0.0,0.0,NONE,False,False,0.0,9557344.06438629,0.0,154183753.50150225,R0,False,True,68801344.16109215,1793198655.838908,d7922c0349f36d920a3982825710374fcc620207dad3dc3d9b43c05ac7447fea
E2A_CRACKERS_A080,LA-0817,817,0d177fcf62f8f686342e0eb4198aa944da022752cf463e996c08add317c17b13,M2,A1_FINAL_NO_MEMORY_V1,certified,PASS,,,6522f5482d5de50366ad148860c04f4c5222b3b2c93358f285a9dcddbbea0e0a,e4dea5acd781d29258cf465857ca4d5292d41a13d56dac2eb197ca40edaddbc7,0.5,0.8,19137905.85543848,4.0,1.0,1.0,1.0,1.0,47e6433072e4fdb594bebb4afab6782b0211a615c52105e0ccb668a239e9eb3a,3,2,2,6b62fff2651681c102ec692ab9fcfd49864f3d9c982c25c655853c90cc776a11,P4,1224211986.48314,1224211986.48314,0.0,1847522.4183477715,0.0,1847522.4183477715,h09,5,Katrina,1222364464.0647922,17290383.437090706,1205074080.6277015,1743521579.6269743,138435764.4374119,1.0,0.0,0.0,NONE,False,False,0.0,10400000.0,0.0,0.0,NONE,False,False,0.0,9557344.06438629,0.0,203391406.9767934,R0,False,True,138435764.4374119,1723564235.562588,ff54c1bed1f3370a354e61f2467c46aa24bb72529bde722ce1c4d9416688eb95
E2A_CRACKERS_A080,LA-0818,818,eff11661a0d1ff4c2cf40202c88046cf713057dea705241e476bc8fec54053b5,M2,A1_FINAL_NO_MEMORY_V1,certified,PASS,,,ce6ac77fe8a96c6db35528810c5a9e98dc05f394f423cbb05be2dffdd2cc04a8,17d02f891acb1ff56e08a28f8a09d0e5f535dbd99c7f852838dff78074acee06,0.5,0.8,19137905.85543848,4.0,1.0,1.0,1.0,1.0,fbeb0e45c89b4ab3bd1aa7574c92bf3ebdc8d990be9c28dc928fd5475d04d7bf,3,2,2,ff9aecaa2dad8509d9f70b9e9860af8e358789837744471ec4ff659fa6234068,P4,1213861691.8188837,1213861691.8188837,0.0,7790455.036738802,0.0,7790455.036738802,h09,5,Katrina,1206071236.7821448,11347450.818699677,1194723785.9634452,1715911958.776952,166045385.2874344,1.0,0.0,0.0,NONE,False,False,0.0,10400000.0,0.0,0.0,NONE,False,False,0.0,9557344.06438629,0.0,210452889.11117968,R0,False,True,166045385.2874344,1695954614.7125657,6285b80bb962cc756daf6d82d33d98c111d29e4a94f8f36b9a7ea374ab623921
E2A_CRACKERS_A080,LA-0819,819,44d02b4dd90865d3198a2f35e2a4573b642e525a76e7929933bda45f674eb656,M2,A1_FINAL_NO_MEMORY_V1,certified,PASS,,,26bd6bb72059e96c67a65b4147e88f992da30b239f15952278ab8ff7978c1e09,08400c0eb087ed2b221772485710feeb2372797e4da0f8a210725ad5b36ebec6,0.5,0.8,19137905.85543848,4.0,1.0,1.0,1.0,1.0,eba65da7cdadbfaf50e95e48928de919ec5f1ac2aad00e5827bfc56fc5429a80,3,2,2,b88f68839cc2d4189c867536a0dc0e968dd1f831268a57166efbb3db8117b60c,P4,1218450870.2009628,1218450870.2009628,0.0,5717164.868997577,0.0,5717164.868997577,h09,5,Katrina,1212733705.3319652,13420740.9864409,1199312964.3455243,1789628204.99462,92329139.06976628,1.0,0.0,24175215.908653144,R0,False,True,10400000.0,0.0,0.0,0.0,NONE,False,False,0.0,9557344.06438629,0.0,190447560.2136221,R0,False,True,81929139.06976628,1780070860.9302337,7b161e3ab1c0e0c54aada4b9512ff2e2d511530f4c306c89e893fd96b3e501b1
E2A_CRACKERS_A080,LA-0820,820,aa1c00a7484e0f33ed7a8831163cf88f55dfedb23fd25ec53dd1ae18ff2c5d0c,M2,A1_FINAL_NO_MEMORY_V1,certified,PASS,,,7891b1f6f2e25ab73e6470bddf3fec62cf994479c0bcd17dbbf0a2605cbe0917,8acf30d78aa21bef9442cbf89e40ae5e86867e5cc3f7440c3ec3c00dccc230f6,0.5,0.8,19137905.85543848,4.0,1.0,1.0,1.0,1.0,b28ed0702f0feab458735b18ab5effaf3ac9adffdf54990e96edb54d81313f36,3,2,2,867fc2fc11f4e47450848a405c095bb197cd708180f8fad2a122151417087daa,P4,1204342658.7139592,1204342658.7139592,0.0,5709196.084161975,0.0,5709196.084161975,h09,5,Katrina,1198633462.6297972,13428709.771276504,1185204752.8585207,1870752123.3267195,11205220.737666672,1.0,0.0,12476053.677534519,R0,False,True,10400000.0,0.0,0.0,965959.3409032066,R0,False,True,805220.7376666726,8752123.326719617,0.0,0.0,NONE,False,False,0.0,1862000000.0,91892290cce9009a104b2d4e5f5082b85873a1a7a75dc6bba998ffed04055191
E2A_CRACKERS_A080,LA-0821,821,7ec5475d5d83caf4de7b00abefb6fd0b2c83ff488529e5cbd8982eee61435cfe,M2,A1_FINAL_NO_MEMORY_V1,certified,PASS,,,e758ba6a916a4ac8f0c5b8cd2bf8c744240edfd6494c4f3b0f722635d2f78d98,c5637d32ca5a3deebde022cad7d57709b84b28b7172797c177abcc2774952a86,0.5,0.8,19137905.85543848,4.0,1.0,1.0,1.0,1.0,f8b474538a388f1dca038d605b8f6bd43315160aaf0940cd8dcc8200ec57b46c,3,2,2,b1a976247f24665bbbbf0ec75ee66c173d4cb03464dcd970d8265c74d052a34f,P4,1214449021.1348238,1214449021.1348238,0.0,1657839.570888281,0.0,1657839.570888281,h09,5,Katrina,1212791181.5639355,17480066.284550197,1195311115.2793853,1880849630.5561833,1107713.5082030224,1.0,0.0,0.0,NONE,False,False,0.0,10400000.0,0.0,1614429.976368801,R0,False,True,1107713.5082030224,8449630.556183267,0.0,0.0,NONE,False,False,0.0,1862000000.0,6dd69c6471a6ddc8d6eae48e5bb2db54f9da7ef009a325bb63d427b8204b9ce9
E2A_CRACKERS_A080,LA-0822,822,8ad932e336b432a3706e65ef3fac89afc4966ac1c4aba6ff98cbed8ddf118ae3,M2,A1_FINAL_NO_MEMORY_V1,certified,PASS,,,a07b25e65174b276e383391f977b5f812ca793f0cd8f1ba1001bf88ca601fbcd,bba4d61219fb4d515521d3de378355a23c17f335b34529ae5b946eaf0813da72,0.5,0.8,19137905.85543848,4.0,1.0,1.0,1.0,1.0,9c014a9234df3fcdb401d8f624033336c47c169d5ebbef36432ca86162f3737c,3,2,2,d900b72f52f7559a67e1fd5f333e60dcf582fca9f61cd4bcf908d32de61da8d4,P4,1227036238.36566,1227036238.36566,0.0,8171181.165855518,0.0,8171181.165855518,h09,5,Katrina,1218865057.1998045,10966724.689582959,1207898332.5102215,1871159811.952253,10797532.112133102,1.0,0.0,27738250.732461113,R0,False,True,10400000.0,0.0,0.0,1060273.5962070022,R0,False,True,397532.11213310173,9159811.952253187,0.0,0.0,NONE,False,False,0.0,1862000000.0,6de04194027db265580e8f01dcc9a67f12e9cf62a74280e228dbd1b425392c4f
E2A_CRACKERS_A080,LA-0823,823,6f809ad11a745d82be62dae74e5bdc412b9cebba096be162e1e10af3be8563cd,M2,A1_FINAL_NO_MEMORY_V1,certified,PASS,,,b02062139a79561fc13f14ae70ae203674614a58d8a4312f37b6912d6e60724f,b7abee03f8ba597c23e8995f0451568ced3cf59a329d0c7e9cb90fe007531cae,0.5,0.8,19137905.85543848,4.0,1.0,1.0,1.0,1.0,24dc7658eb8876938ac6a4ad54032493da78263a9accf593a016867cee6eedb2,3,2,2,99a56cfad12a0451134f3ae2620ad5f62a8cc57f1d191c4557c49a660c2a1178,P4,1181415325.3977563,1181415325.3977563,0.0,5612821.110833179,0.0,5612821.110833179,h09,5,Katrina,1175802504.2869232,13525084.7446053,1162277419.5423179,1690835138.4047608,191122205.6596256,1.0,0.0,13752139.445547482,R0,False,True,10400000.0,0.0,0.0,0.0,NONE,False,False,0.0,9557344.06438629,0.0,238972785.87866166,R0,False,True,180722205.6596256,1681277794.3403745,282dfaa5d991eb7d3989acaca3ae784007d64f482bcf8c5e92f1abeeb1005729
E2A_CRACKERS_A080,LA-0824,824,3942f6be29995dfa793bfcc6e2fc4ef04bf1df25f3d5b2c24ad373cb26ecf750,M2,A1_FINAL_NO_MEMORY_V1,certified,PASS,,,de035884808312d6cb7976b53b96baf019db44791b1826f8c162bca7762e4e20,9f6fa8404ead95fdcc5db2183ded99a8a7f99b9f7ac29504dd1f1f6a8627ed14,0.5,0.8,19137905.85543848,4.0,1.0,1.0,1.0,1.0,7d3382521a00788fe8ab7d5d783dc37edb1ec6df9605f83216d4f4202a6b627d,3,2,2,caf83e83570c6e39284967f1c165243a7b5065612da22e4b4cb62f7372896d18,P4,1186384699.2763784,1186384699.2763784,0.0,2492221.5968791135,0.0,2492221.5968791135,h09,5,Katrina,1183892477.6794994,16645684.258559365,1167246793.42094,1704091043.9708667,177866300.0935196,1.0,0.0,13408666.874513764,R0,False,True,10399999.999999996,3.725290298461914e-09,0.0,0.0,NONE,False,False,0.0,9557344.06438629,0.0,215913445.25589976,R0,False,True,167466300.0935196,1694533699.9064803,8c6ed9c0869f8d07577af2ee21aa4bf6ecc9a70e294688bf59cfa1f494ad010a
E2A_CRACKERS_A080,LA-0825,825,c82c22a79c826fb2e653aaf3a81d4cc3ee0a057d3fc5a4280807c6b8190a18f8,M2,A1_FINAL_NO_MEMORY_V1,certified,PASS,,,b85e41b178b32a6ef184f6d5cb06fb7263eaacc4e40f7c6cedd1441e27342d06,21b3c612d43113cd91a7ecf5d2e3445febd85d5a30d9bb6314869c28b90bf812,0.5,0.8,19137905.85543848,4.0,1.0,1.0,1.0,1.0,485defdd686fe5d26e0a7939b38a3c24f50deec85c2754b89bc664f4835c13c8,3,2,2,7cbfb449f315b83e940edd0efd727e2532dbe5285f232f85ddc0a981ea957acd,P4,1205472974.5578682,1205472974.5578682,0.0,575665.7898683414,0.0,575665.7898683414,h09,5,Katrina,1204897308.768,18562240.06557014,1186335068.7024298,1693534885.4174364,188422458.64694995,1.0,0.0,0.0,NONE,False,False,0.0,10400000.0,0.0,0.0,NONE,False,False,0.0,9557344.06438629,0.0,315908611.4338653,R0,False,True,188422458.64694995,1673577541.35305,a1742a3c174c5002013cd7bdd47576bfd9bb740f269b2d95d50157c00e39b4f6
E2A_CRACKERS_A080,LA-0826,826,5a06f063a98ff2478975aba0dd18f084bcaaf50a7dbd390fb2a7665e8c530fbf,M2,A1_FINAL_NO_MEMORY_V1,certified,PASS,,,0b75bba1b1c8f90bc14f7f3786dedc0d6fce648339f40a692e97a8669d366c0a,622dd55db86d7e0c5443fca72685cdd780a13b27c3354a9f1818e5736d66c9ed,0.5,0.8,19137905.85543848,4.0,1.0,1.0,1.0,1.0,b24fd3b57c3847d28e24f62e52a97e3992becc8b9280cfb5a2fee6a3fd987e43,3,2,2,41bc51fdf189aa8213576c29ea68b6e29b2a91a1ae45c95f0a3a3031ec7f4818,P4,1234202292.9419734,1234202292.9419734,0.0,4941536.814506862,0.0,4941536.814506862,h09,5,Katrina,1229260756.1274667,14196369.040931616,1215064387.086535,1831645444.4872854,50311899.577101044,1.0,0.0,25845584.93036596,R0,False,True,10400000.0,0.0,0.0,0.0,NONE,False,False,0.0,9557344.06438629,0.0,99187152.90886562,R0,False,True,39911899.577101044,1822088100.422899,49a30ee733848f6201a42308f125cebbc4d1325bb3a9b9745551798a9048d40b
E2A_CRACKERS_A080,LA-0827,827,a33c79939e0f5b78b9e71b6209feedc41d8dfc1f7c45b77853a03100a5dc81cb,M2,A1_FINAL_NO_MEMORY_V1,certified,PASS,,,5c21b17b9d12b7f920839608e58d3747c365a888375e673b9472df86236d8cd3,e15cdafdfacf448684e1b64ecf7258c7d6b0a2cfb8e23413410759573f6e4096,0.5,0.8,19137905.85543848,4.0,1.0,1.0,1.0,1.0,c00805ff5bccfc462e64f1aedfe21b75c9c843dc65eef4f9deb5900d85756e2b,3,2,2,8c45788e2c083b3d2976f7170c86d03861a10eb0670454f45ace87fe13e73ecf,P4,1178290109.0948436,1178290109.0948436,0.0,4134786.646370372,0.0,4134786.646370372,h09,5,Katrina,1174155322.4484732,15003119.209068106,1159152203.2394052,1682498560.5587492,199458783.50563714,1.0,0.0,12347596.20653044,R0,False,True,10400000.0,0.0,0.0,0.0,NONE,False,False,0.0,9557344.06438629,0.0,224463607.50244856,R0,False,True,189058783.50563714,1672941216.4943628,22ade34f91b00f165d6019269d440e1d10cfd98cd1b880957ff27f8599a56c14
E2A_CRACKERS_A080,LA-0828,828,17dda93be428d06ee0d31da35d52e87443ebb79c75759b3d55de7e1f30b57a07,M2,A1_FINAL_NO_MEMORY_V1,certified,PASS,,,6b8cf4184817574043fc894741ca2f7d363c0c35ca26fbf5ba55448cd5089e6c,0648eb7d42fab16448249e0d4acdedf4a623b445a372c5d2c81fc17bd191af95,0.5,0.8,19137905.85543848,4.0,1.0,1.0,1.0,1.0,9945bd2cb5feb8a63f6fff3159a8cf37eb012321d7735ac93c632310e4c9fc66,3,2,2,a570873669c2cc88159ce85194fde08a8d4f028c2f1f6d33a4a0660c64f3c29a,P4,1205476470.2364147,1205476470.2364147,0.0,2143346.0211352757,0.0,2143346.0211352757,h09,5,Katrina,1203333124.2152793,16994559.834303204,1186338564.3809762,1755018730.0571778,126938614.00720851,1.0,0.0,12250569.56676092,R0,False,True,10400000.0,0.0,0.0,0.0,NONE,False,False,0.0,9557344.06438629,0.0,137275422.895116,R0,False,True,116538614.00720851,1745461385.9927914,0cadd7e77798d9f6ef0dcf649984ff8a76aaf4b9c7fd6d91db99fa44e74ed2e3
E2A_CRACKERS_A080,LA-0829,829,9134153884355e3578d3066f3e9ff0c515706037ffc3a01dc892f7caa5906c2a,M2,A1_FINAL_NO_MEMORY_V1,certified,PASS,,,f138e9b9d9c7bca97613f7392f3f0cd20b32be603c022ce3fa82dd02b4d7be12,b820504f6eb16df36426abdfb1aaff2ee3112c1dc4d44986cbd5089dbabb6955,0.5,0.8,19137905.85543848,4.0,1.0,1.0,1.0,1.0,d2d1848f592e8ed7b684509150317aac8df586336efef21246c89407d6aabc9d,3,2,2,c179d908195fad195541fec92d75e09ae9c2a5cde6c41e4dbca9cf41816908fb,P4,1205832448.1467519,1205832448.1467519,0.0,3935761.7358068293,0.0,3935761.7358068293,h09,5,Katrina,1201896686.410945,15202144.119631648,1186694542.2913132,1755968308.3497972,125989035.714589,1.0,0.0,16577189.917648748,R0,False,True,10400000.0,0.0,0.0,0.0,NONE,False,False,0.0,9557344.06438629,0.0,184244365.1383294,R0,False,True,115589035.714589,1746410964.285411,bd3783331c795e8c7a0c4f51435c7d1a1ef0942ef0986dc0415147b5c6a3475c
E2A_CRACKERS_A080,LA-0830,830,d3ee969e918a57189ffdcc4b2346eba4e488e5bf12564d76711939aaa4328688,M2,A1_FINAL_NO_MEMORY_V1,certified,PASS,,,00215a4654b50e2fec4e4de276658ccb1a3f3ce64adbd724eea190e8eca503ac,8a8d7ec7b4ae60dc5e6873898ac4d3fc95c16a4560738e0ef63453d56aaa26ed,0.5,0.8,19137905.85543848,4.0,1.0,1.0,1.0,1.0,053cb6c66c0465f5f9bffccf2e48f1d1e8de32c759bb9d820172faa520e590ba,3,2,2,2685afc06906c41780c57fc4b5c4d6b46a466c91559a35a703f6ecb0d25c18b0,P4,1193092855.7993,1193092855.7993,0.0,7437439.636067985,0.0,7437439.636067985,h09,5,Katrina,1185655416.163232,11700466.219370494,1173954949.9438615,1660510667.6449003,221446676.41948593,1.0,0.0,0.0,NONE,False,False,0.0,10400000.0,0.0,0.0,NONE,False,False,0.0,9557344.06438629,0.0,577118402.8441825,R0,False,True,221446676.41948593,1640553323.580514,1ae36e5a47b67198b8453a10937516eecfca538d706779babfce000b09cb2d96
E2A_CRACKERS_A080,LA-0831,831,d60d3f8024a62c1fa4fa42f7ad083a51f7968883fc9a0db46544dbe4df4d6eed,M2,A1_FINAL_NO_MEMORY_V1,certified,PASS,,,a0ff0a37a16627ae8e2a0d7bc440a3b21c1fbf6c3086e43743c3c0457c5c44ee,eefda2f5a3c826964fdfd9c621d271f2f56d36d8e2f3f25454f9028db10f776b,0.5,0.8,19137905.85543848,4.0,1.0,1.0,1.0,1.0,61aede3aac8447214afe59343e0d9bc8c8b6fd489fbd6e3d7b2da715b238f311,3,2,2,d15f14b695528774855159c40eb5c3fe9f718451b909a5007ee723e4cf152e60,P4,1209653907.3620348,1209653907.3620348,0.0,1235035.4324958648,0.0,1235035.4324958648,h09,5,Katrina,1208418871.929539,17902870.422942612,1190516001.5065963,1704687608.4332452,177269735.63114107,1.0,0.0,0.0,NONE,False,False,0.0,10400000.0,0.0,0.0,NONE,False,False,0.0,9557344.06438629,0.0,518389935.31655854,R0,False,True,177269735.63114107,1684730264.3688588,b77ee1032f2dd95fa5462f0f1f36491bbe75be00681c04c105660e64bb511ce5
E2A_CRACKERS_A080,LA-0832,832,7121769988bc743e6a21c95dfc455b011d37fd8686d1bd9f9ce1fb845d9ca7b1,M2,A1_FINAL_NO_MEMORY_V1,certified,PASS,,,456eddc598b58bb205a3dfff0df3368c05389f1546b699dd195c33c2c7bc32b1,754e5bc123c2036604fe8f28f1e6647e8f12675066a3963266ed4780c16a25bf,0.5,0.8,19137905.85543848,4.0,1.0,1.0,1.0,1.0,d6dd7c64b0a0ab63807d2173fc1ea1170dc2ce2b7f08e7d7467045a32d3ae144,3,2,2,b3778b40ac606df807f1ced19642f7d312f042ca39b3360306d837eced6baeb2,P4,1211888312.8669515,1211888312.8669515,0.0,4704702.705305717,0.0,4704702.705305717,h09,5,Katrina,1207183610.1616457,14433203.15013276,1192750407.011513,1880486406.3520877,1470937.7122986566,1.0,0.0,418866.1196802868,R0,False,True,332706.5982248492,10067293.401775151,0.0,1432993.67248875,R0,False,True,1138231.1140738074,8419112.950312482,0.0,0.0,NONE,False,False,0.0,1862000000.0,e3163f4cbcf8394538b0279a32968bf90eaf2576b99fd68fb66dbd287a03022f
E2A_CRACKERS_A080,LA-0833,833,f80890ab4046ed4aeeaa39d5891e8580b3418a0790b7638eeffc36766f1f1126,M2,A1_FINAL_NO_MEMORY_V1,certified,PASS,,,09df720b58cfdc302534d9c47d9e335d64dd7e74959c89975d40cf93ff24d357,54a4bf72149864d384410c8b0cb78643f772f215e38bc697341191a8cf990188,0.5,0.8,19137905.85543848,4.0,1.0,1.0,1.0,1.0,33f5e84d1dcd28b47946a094c8e155e1c1be2b78aae495bcb25bd67cc835660d,3,2,2,ee0cf25768b9f937eee4e4ecd4c669a1ca5301c1e040815fe76dd4364d262e0c,P1,1232452892.8599386,1232452892.8599386,19137905.85543848,0.0,0.0,19137905.85543848,h09,5,Katrina,1213314987.0045002,0.0,1213314987.0045002,1871257121.784358,0.0,1.0,17989217.53493155,0.0,NONE,True,False,0.0,0.0,519304.2215637702,0.0,NONE,True,False,0.0,9257121.784357935,0.0,0.0,NONE,False,False,0.0,1862000000.0,2f252277ccf547d41227c6cde3c8dd8207f853b4a9b44785e8efcb9eb5174091
E2A_CRACKERS_A080,LA-0834,834,d8569e0364abd3062fb537ff4887daee55424ae800cb96eb1e75c7efb89e79a2,M2,A1_FINAL_NO_MEMORY_V1,certified,PASS,,,52d1faa822d137b339fa853338c1311ad3a2832701028da768dea712dd1e1585,d7fefa429faf18f00ecb85668c2bc1e90507d3ebdeb0ee5701bbdea6f29f4290,0.5,0.8,19137905.85543848,4.0,1.0,1.0,1.0,1.0,d1519e17ae6a29081e455221e9db0123609d6092b59d36864d6da31f916df783,3,2,2,44837d66fc1bcc21f5326b981b48c422599d338abdf0a8ef04ff0584387bc4fe,P4,1218641092.659876,1218641092.659876,0.0,3751094.572916301,0.0,3751094.572916301,h09,5,Katrina,1214889998.0869598,15386811.282522177,1199503186.8044376,1870120226.474161,11837117.590225466,1.0,0.0,0.0,NONE,False,False,0.0,10400000.0,0.0,1407809.3034909894,R0,False,True,959143.4002446992,8598200.66414159,0.0,15966448.045081478,R0,False,True,10877974.189980766,1851122025.8100193,d9f05a615ad14883304203b9b11cf6e9193f0b204a0ff1f1e8e966ac17bdd0a7
E2A_CRACKERS_A080,LA-0835,835,f36a8909e685892f65aacb5bcd0aa133b41e63edc3018b97b9539a2ca91191a3,M2,A1_FINAL_NO_MEMORY_V1,certified,PASS,,,4e6b86d94e07e4ecd4a5441e2d7a747717c995e060cadf76cb22f94f9a23cf0f,e66592975380c5176c68778e2f1664d85a1a6359a5234546268e52a0bbc17149,0.5,0.8,19137905.85543848,4.0,1.0,1.0,1.0,1.0,71d64cfb4ea25cdaf5cbcb2aa4ddc5143986d462996fce4e9d842047e51f337a,3,2,2,d2ce08b6bfd0ade192cd8a7af86a8edac2291e96bc68b39bf936c0fcb6d28d53,P1,1230477823.2533076,1230477823.2533076,19137905.85543848,0.0,0.0,19137905.85543848,h09,5,Katrina,1211339917.397869,0.0,1211339917.397869,1871221639.792287,0.0,1.0,17194300.505048394,0.0,NONE,True,False,0.0,0.0,555019.2437790394,0.0,NONE,True,False,0.0,9221639.7922871,0.0,0.0,NONE,False,False,0.0,1862000000.0,16d6767d005a5dfb452a980a5e428c51bad81d6f4b343672737c96b014d66826
E2A_CRACKERS_A080,LA-0836,836,e24a565e8a735b190355be57713702a0784f5a50aaac329a4337a93992bda8f5,M2,A1_FINAL_NO_MEMORY_V1,certified,PASS,,,29b29301df4efb31d850e8222100aaf97b3cedb064a20d8d00d01c1f2be67409,3ba34bc5b52bd16f738da61669bedf1a664118f6c86e4009f1854dc439eeb594,0.5,0.8,19137905.85543848,4.0,1.0,1.0,1.0,1.0,bf1276fed5a090755cd4972647392fced641973bd128a054f3ed461988fd4bf6,3,2,2,aaa0dfca98b196da9a9a160a252bf1cf3dd45d0d8971830f34ace3a26737df3e,P4,1216523138.9082136,1216523138.9082136,0.0,9016098.999147395,0.0,9016098.999147395,h09,5,Katrina,1207507039.9090662,10121806.856291084,1197385233.0527751,1723011422.8436666,158945921.2207199,1.0,0.0,0.0,NONE,False,False,0.0,10400000.0,0.0,0.0,NONE,False,False,0.0,9557344.06438629,0.0,244390017.95010856,R0,False,True,158945921.2207199,1703054078.7792802,b587dd84a8eb9308d7a60879fb173ee2dd8db667a11863a6908ebcee996bb0bc
E2A_CRACKERS_A080,LA-0837,837,e01bc2b6463a9e0d96299c98acc8e947f9238aa1841dcdf9bfa89437e3e09f8c,M2,A1_FINAL_NO_MEMORY_V1,certified,PASS,,,cbf72a0fed20de6a5ee704a19bf2fe2dba421019618356114c964b2f7157edd5,b9d3a04e93d16ea15f9211ee0566461bf095955edca3470005bc816e503c9f66,0.5,0.8,19137905.85543848,4.0,1.0,1.0,1.0,1.0,56318157a2586e1fa818863006b63306616caa0ebef9966acbb1f48719c906bd,3,2,2,0ebbe5c9df2b6f8881fe4d1b18f3b3c4c6fc0ab681e0c29b14c6c5e0ee8e886d,P4,1233932943.2171147,1233932943.2171147,0.0,9413893.452616436,0.0,9413893.452616436,h09,5,Katrina,1224519049.7644982,9724012.402822042,1214795037.3616762,1830926948.6356564,51030395.428730056,1.0,0.0,28318456.66844435,R0,False,True,10400000.0,0.0,0.0,0.0,NONE,False,False,0.0,9557344.06438629,0.0,110633662.72790879,R0,False,True,40630395.428730056,1821369604.57127,31701640b80b0ec4b4b2a60b11dd4429718d9c244f91fbad585fc4da7418f0fd
E2A_CRACKERS_A080,LA-0838,838,34f281d9a670cbd311b1e31cb76867df4589834c3221b135b4a0720b635a66fb,M2,A1_FINAL_NO_MEMORY_V1,certified,PASS,,,01c7a57c97e87767d34d809a4f1ff57f98db1069babd589641cbe6f442c08975,70d76bcfd285ca0cbaa649065c7b54cb9d2a316b3375064f38942e920b32f627,0.5,0.8,19137905.85543848,4.0,1.0,1.0,1.0,1.0,1b201699a4e2bded910e47a624d9f000890d68ea19219ac7316223e41893967d,3,2,2,079e0eb6d81e06d6d773d2a13e3a94c2da0703f4da6a54ab3d8fc647deb897a3,P4,1211782065.8979356,1211782065.8979356,0.0,3477442.296866775,0.0,3477442.296866775,h09,5,Katrina,1208304623.6010687,15660463.558571704,1192644160.042497,1870885771.7742615,11071572.290124705,1.0,0.0,13252441.93558184,R0,False,True,10400000.0,0.0,0.0,855766.6135022469,R0,False,True,671572.2901247045,8885771.774261585,0.0,0.0,NONE,False,False,0.0,1862000000.0,0bb204ee6e00a00f578e3dd749c16dda69ee32887e9c59044a5fe7cee1d718b3
E2A_CRACKERS_A080,LA-0839,839,5534c8bd86cd5dd95b3b13d3f26e5fcde865090597190351b06675718f6bc554,M2,A1_FINAL_NO_MEMORY_V1,certified,PASS,,,aacb80a2fac1ebad233b13f47445a2eef3abb32a62ec7aad21026f315b9f0d8a,0096820c423ade970a27334323177c2ba6e725d4e8c6208ad36d48de89a35385,0.5,0.8,19137905.85543848,4.0,1.0,1.0,1.0,1.0,0d67347e32ca5de54a953b2d1c8a97f4c8e36e52234aab8e4b2b4d2250aedcdd,3,2,2,95add48bb675772d22ac0ab83243b4fa1bf1bc9db6b6b3fa99bfb7e142302528,P4,1190796280.9983041,1190796280.9983041,0.0,5087120.077989857,0.0,5087120.077989857,h09,5,Katrina,1185709160.9203143,14050785.777448617,1171658375.1428657,1880122398.5355783,1834945.5288079241,0.9999999999999998,0.0,407179.68556568853,R0,False,True,317069.6897573831,10082930.310242618,0.0,1949250.359898091,R0,False,True,1517875.8390505412,8039468.225335749,0.0,0.0,NONE,False,False,0.0,1862000000.0,ea4713dd1b2947ff70403a9a72a646173dafb8f1f60af172da6083bc8ab53445
E2A_CRACKERS_A080,LA-0840,840,8479278c50e200f3d0f47523f1ace13c60509c2c6ab58a9be31e9cb1aca64b05,M2,A1_FINAL_NO_MEMORY_V1,certified,PASS,,,260d4c231af8108f25be12dabaf6fec4999eb590f0b81b1f3ae568b2629e96e2,46256dc157ffc5cb4e2f898f8c7c2754001c06bed204cde060e8d6ccae3c5c2a,0.5,0.8,19137905.85543848,4.0,1.0,1.0,1.0,1.0,21b7a327a4c89169379aa25b1e75a5637fb5d3c83cafd7b422b08d53494a04d1,3,2,2,e2612befa67cb7539ccfa92893bf792cf354c4be7e31bf6ca9928fda8f21b6df,P4,1232565989.3983061,1232565989.3983061,0.0,7541166.62848613,0.0,7541166.62848613,h09,5,Katrina,1225024822.76982,11596739.226952348,1213428083.5428677,1765806051.7651687,116151292.29921772,1.0,0.0,0.0,NONE,False,False,0.0,10400000.0,0.0,0.0,NONE,False,False,0.0,9557344.06438629,0.0,193556177.64905477,R0,False,True,116151292.29921772,1745848707.7007823,f4c265993c18f050e2db48cef45398d3920d22150ad5117ac8f353a72d0b578e
E2A_CRACKERS_A080,LA-0841,841,5d1b4858a9dc233e1641cfa9997da38d032b11ee7bab8d5b8eab9124b4b01791,M2,A1_FINAL_NO_MEMORY_V1,certified,PASS,,,2ba1d01e611c4ec9005245181228f4845893bae4eb204b0c17a0b747b5924a8c,e6ddcb9556c2a30b952df8c7362e9f1549a721bb9133b50a7eaf7c6240d71bb2,0.5,0.8,19137905.85543848,4.0,1.0,1.0,1.0,1.0,2a418b164bd0f8456766155173e529746a0d51b8ef5e1c3280dfbd648e625144,3,2,2,56f4d42ac79504aa83d471b46a240ef14ad0c034da9e2e4a700f85934ba02613,P1,1226007955.607607,1226007955.607607,19137905.85543848,0.0,0.0,19137905.85543848,h09,5,Katrina,1206870049.7521684,0.0,1206870049.7521684,1871141338.9219635,0.0,1.0,15631110.993612891,0.0,NONE,True,False,0.0,0.0,625252.1687621676,0.0,NONE,True,False,0.0,9141338.92196336,0.0,0.0,NONE,False,False,0.0,1862000000.0,361c7f2814b54660e4b2a15366bb44db376f174fbc38cbd1b09c9fce1908f5b6
E2A_CRACKERS_A080,LA-0842,842,466c5fdd8cbfea6918620048fa7f1f9789c57c69c8a9622cf593d5e3d2c29739,M2,A1_FINAL_NO_MEMORY_V1,certified,PASS,,,9cbc2eb2a742fbe4ce4450c2d2dfb9e413639089afe859c42cec4c0c8e2dcc69,6a30f7aea6c94a2b0d396d6927b91d7fd1f254ecf4b540091fd10bc865701366,0.5,0.8,19137905.85543848,4.0,1.0,1.0,1.0,1.0,e6446df50d36c65e227e632c3f731b1a99c0a2ab3e59efc92ad60ff4a7cc99a4,3,2,2,8de180eba47e7e7eff878358b8d92afd94ae563752aafaf4141074e3dc7daf5b,P4,1205964331.3658745,1205964331.3658745,0.0,4228108.635587054,0.0,4228108.635587054,h09,5,Katrina,1201736222.7302876,14909797.219851423,1186826425.510436,1694845589.6641452,187111754.40024105,1.0,0.0,0.0,NONE,False,False,0.0,10400000.0,0.0,0.0,NONE,False,False,0.0,9557344.06438629,0.0,230599286.2700812,R0,False,True,187111754.40024105,1674888245.5997589,83eefc14375197dd43f60833111d91bbefdccaade5731f4bc178df5f98c1d0c5
E2A_CRACKERS_A080,LA-0843,843,fab4c6739202c5ba7eaf5e1549c07a1aead78a870176384ba7dd1f290ab3911e,M2,A1_FINAL_NO_MEMORY_V1,certified,PASS,,,0509bc04626491f67ad526cc6160afdb79320f91081c2ded2ba032a8da71a047,c2e86cd28d6d0c09a25539011bfa77f9a4087dd0834bcb2ac5cb76c2dafbadd5,0.5,0.8,19137905.85543848,4.0,1.0,1.0,1.0,1.0,b37650d3e06888c1ce83e3df813039b9baaaad71601cefd1e76df6e174b1bf7f,3,2,2,91f55a812374635cef1e609238463ad186c01f5c0b2baabfb20a32ef59882d89,P4,1172762268.8112533,1172762268.8112533,0.0,4781295.916146279,0.0,4781295.916146279,h09,5,Katrina,1167980972.895107,14356609.9392922,1153624362.9558148,1667752934.5355139,214204409.52887258,1.0,0.0,12458660.018174032,R0,False,True,10400000.0,0.0,0.0,0.0,NONE,False,False,0.0,9557344.06438629,0.0,244147100.81970495,R0,False,True,203804409.52887258,1658195590.4711275,19e4caf6dc40f10de94e975418d9ccd45607c1dd179c18f9eacc4be0a68c172f
E2A_CRACKERS_A080,LA-0844,844,134ebf8f464567ac234d0de213d0c3359ac9b30e6e165e8b173c85b807a8f18a,M2,A1_FINAL_NO_MEMORY_V1,certified,PASS,,,15db302312b3beec1d5096a85066f59ca363f0470c39dfb965fa09b96074149a,c1cbca3be4292ae6e274f0d5281eac2329c2aa43ed240233743f66c133491990,0.5,0.8,19137905.85543848,4.0,1.0,1.0,1.0,1.0,b2be3c0a827fabe8c0e944ae28f8120935eaf406a16edb04fd49bee1a87c648c,3,2,2,f58d1e41b6fe379fc58b19e0c43cbc7cc7bb7b1f8cf334753693f6c9dfc0ff13,P4,1229142685.4907086,1229142685.4907086,0.0,5753424.620134618,1226708.1773473904,6980132.797482008,h09,5,Katrina,1222162552.6932266,12157773.05795647,1210004779.63527,1756674319.1904845,125283024.8739018,1.0,0.0,0.0,NONE,False,False,0.0,10400000.0,0.0,0.0,NONE,False,False,0.0,9557344.06438629,0.0,167818571.75754693,R1,False,True,125283024.8739018,1736716975.1260982,3cff0819dcbdf89dba587f50c13190adbf1771079638ef101f80a4cf46da952a
E2A_CRACKERS_A080,LA-0845,845,e140d33748675c14eeeb04f124e356cc79a0c0f3369b8fbe53a3cd57fcb8a86c,M2,A1_FINAL_NO_MEMORY_V1,certified,PASS,,,a762a7e5cb5f15822e00a6e6f4c4fbd7daefbb4671dacff4a295d6689b2fd8d5,1951d98f6b16362708dce956aec8cd75426b31e59465d260cff966ac00132b7d,0.5,0.8,19137905.85543848,4.0,1.0,1.0,1.0,1.0,f6f4b36c4cb36b9071caf66db8cd395150352350a15de91ab5e39183d6481eda,3,2,2,42e6206e3625c0c74b97def72c7d83a0b9f85b8a3c33bcc4cb979e2981c3652b,P2,1230806762.5274358,1230806762.5274358,11233355.432062129,3165910.7497487464,0.0,14399266.181810874,h09,5,Katrina,1216407496.345625,4738639.673627604,1211668856.6719973,1871227549.1641276,329794.9002587161,1.0,17343454.42652791,0.0,NONE,True,False,0.0,0.0,0.0,612189.012523319,R0,False,True,329794.9002587161,9227549.164127573,0.0,0.0,NONE,False,False,0.0,1862000000.0,20fe5ca8bc93f1b5bb616214d7abf1cd26f957e6ee7540e35d47e3bb77bb8934
E2A_CRACKERS_A080,LA-0846,846,f1a9a63b656c52c3778066b8e764dc42f3d0ebdc6986dba4d477101046eb4e28,M2,A1_FINAL_NO_MEMORY_V1,certified,PASS,,,e49c6ae952f602c14588f73e6614f02180e774844f8f8a500261c63f1085066f,a873f370d5491b2cb64df1ff63b5b1bea30c126d43b1c159270e76a3754e531a,0.5,0.8,19137905.85543848,4.0,1.0,1.0,1.0,1.0,de289ec78a01c1e254316721bcc1196f6b57f52cb16900c1f0d110e26394a314,3,2,2,9441161b3b37a84c6abea52fe48d4bc5b6b82fa27766f1506ff7aabb00cf021e,P4,1192652032.3475778,1192652032.3475778,0.0,7574639.092137462,0.0,7574639.092137462,h09,5,Katrina,1185077393.2554402,11563266.763301015,1173514126.4921393,1659334762.1505497,222622581.9138366,1.0,0.0,0.0,NONE,False,False,0.0,10400000.0,0.0,0.0,NONE,False,False,0.0,9557344.06438629,0.0,423843743.46144354,R0,False,True,222622581.9138366,1639377418.0861633,d54f6f3dfe019ad8a82cc6c7737d634d1cc04863624e61bb938c54042a738364
E2A_CRACKERS_A080,LA-0847,847,100bec52027c8c0ee2f26331aca4ebeb59a7c78efc561520fe23a219e781e0f4,M2,A1_FINAL_NO_MEMORY_V1,certified,PASS,,,cefe4192262eb06f8702b8b40b447fc482a08f538810e8169b972322eb342854,b423a20c1b9c2a93e67fd1f4c7d3e034a930e105d136a1e64b5df1cf568d6179,0.5,0.8,19137905.85543848,4.0,1.0,1.0,1.0,1.0,7db652a1b057b8d0264122f8cf2df8025c2632d175f151d2526ecc6dea84a64a,6,2,2,8c37eb7f398cfd7868b6114402b102bc761db9f3679f90ec9f8b37172076af64,P1,1229037227.9706724,1229037227.9706724,19137905.855438482,0.0,0.0,19137905.855438482,h09,5,Katrina,1209899322.115234,0.0,1209899322.115234,1871195759.595344,0.0,1.0000000000000002,16657420.943886107,0.0,NONE,True,False,0.0,0.0,579140.8372699395,0.0,NONE,True,False,0.0,9195759.595344096,0.0,0.0,NONE,False,False,0.0,1862000000.0,2ce0657adfba14164b619199d96aeddfbce3c01f1213ea19efd561992bc1c1b5
E2A_CRACKERS_A080,LA-0848,848,18ba8bd3477f961ccfad64773589b0d508a04ad4a7dddfb195e0cb1d64a01127,M2,A1_FINAL_NO_MEMORY_V1,certified,PASS,,,0633e60fc51fa0060f44421bbfa7801720d725389f9d458474e5f1e5bf1b9e27,4ab73a39d6f6fc7f409e92758dff34d765c8f427f5910c8b9a7b60b9f4d31db6,0.5,0.8,19137905.85543848,4.0,1.0,1.0,1.0,1.0,4e58a1960361674a19deaef17c59791b5e25854ab2949054bb1af69d9585e283,6,2,2,0a8da449ddded94a003e45e2ccc27b7e88f822bb15cfeabf3ff87eb7ee07bcf4,P1,1222469787.724126,1222469787.724126,19137905.85543848,0.0,0.0,19137905.85543848,h09,5,Katrina,1203331881.8686876,0.0,1203331881.8686876,1871077775.9749334,0.0,1.0,14581759.86495683,0.0,NONE,True,False,0.0,0.0,672398.7230095684,0.0,NONE,True,False,0.0,9077775.974933308,0.0,0.0,NONE,False,False,0.0,1862000000.0,18fbaf9096429e53a234b14a0f227788f67ef8732a93785ec23a04aebfdc864d
E2A_CRACKERS_A080,LA-0849,849,3104e5bfd5e5004d0f395b55f817d6a8c52b8ee7790e3a2cda0b6ba516a1a170,M2,A1_FINAL_NO_MEMORY_V1,certified,PASS,,,f5ebe5d269d4a382d1c4f58336f38b7b8718625c456c21af047f06fe616153ca,e59779588f309a286909b00b61ad7c3c2fe5aba8fd1c0d9e7ce7a313f371a3fb,0.5,0.8,19137905.85543848,4.0,1.0,1.0,1.0,1.0,b944b353d2c6a5bd3f97dad31bb917d56d612b4475b8c414f8a07d86748af415,3,2,2,a875fca8b2c74de0ae458f3e5efe6b5f689b6fa20e336fd5bc96884ec4b2e54c,P4,1187453551.2408357,1187453551.2408357,0.0,2612773.0272677597,0.0,2612773.0272677597,h09,5,Katrina,1184840778.213568,16525132.828170719,1168315645.3853972,1880038770.3349042,1918573.7294821502,1.0,0.0,428078.9909007334,R0,False,True,341796.86665385263,10058203.133346148,0.0,1974813.4467210846,R0,False,True,1576776.8628282975,7980567.201557992,0.0,0.0,NONE,False,False,0.0,1862000000.0,958ce6d174d9df5a4a3b9274f198359d6448d968cbd5229551d8ce76bad35b89
E2A_CRACKERS_A080,LA-0850,850,e8015a38bcfbabd19515009b1fa82e54dbec571df885106a527a34fc8a940433,M2,A1_FINAL_NO_MEMORY_V1,certified,PASS,,,92393eb0f4512b68edae32796311adf483a2f52e205a246da00163d95fecac0d,d450ba084447e7f9025b4fe85ef25a9d802fd8ac255d320c66c0af85725e9397,0.5,0.8,19137905.85543848,4.0,1.0,1.0,1.0,1.0,c4676c5f52e6bf85c6faadc11f1ed41a8eea0818c25534087de375fc716acee6,3,2,2,12673788311fe92ef08c8477f7b10507a0e7f988edcf713cd2c71d21299faa5c,P4,1219619488.9897091,1219619488.9897091,0.0,7379509.698348204,0.0,7379509.698348204,h09,5,Katrina,1212239979.2913609,11758396.157090275,1200481583.1342707,1792745519.3051891,89211824.75919715,1.0,0.0,20858968.744820647,R0,False,True,10399999.999999994,5.587935447692871e-09,0.0,0.0,NONE,False,False,0.0,9557344.06438629,0.0,158070518.20907456,R0,False,True,78811824.75919715,1783188175.2408028,907a38b2ad365962a7661761422d470a3b31721462a74f7b8ca707fd01939b79
E2A_CRACKERS_A080,LA-0851,851,64fbf7c5ac53ddf90ab9e56623fd27e066ce5b54f9b5e964ce23cf675660d44d,M2,A1_FINAL_NO_MEMORY_V1,certified,PASS,,,b5f9f3bdb4802d0d6d6b579a3b037a75eeeb45fe576b4f42550d174439ac2a77,57e5a4415e95379ec6494a15da72ed6fc0b16d1c6479c8e06a06342643087def,0.5,0.8,19137905.85543848,4.0,1.0,1.0,1.0,1.0,478c2051b92dc9870c6b627c237bb05771aefe708b382f1d444e6d483afc7da5,3,2,2,fbeebad47eb97b20165685a3edc646e7c644d1016bf7b7cee5b7acb2b2f24e94,P4,1233387231.9560459,1233387231.9560459,0.0,6253923.212706469,283781.9485100553,6537705.161216524,h09,5,Katrina,1226849526.7948294,12600200.694221955,1214249326.1006074,1767996732.9371161,113960611.12727013,1.0,0.0,0.0,NONE,False,False,0.0,10400000.0,0.0,0.0,NONE,False,False,0.0,9557344.06438629,0.0,147726759.88166398,R1,False,True,113960611.12727013,1748039388.8727298,1088a308c6cbe43fac8464d23848fdb6a8ae74666aec6a28738ddd634fa0e618
E2A_CRACKERS_A080,LA-0852,852,95ddd8edb736b33e9c1717ae5d5ca905109ffe59d265f931608d667e03a189d8,M2,A1_FINAL_NO_MEMORY_V1,certified,PASS,,,b7a262c5c6df607842b6073293a1c6110c03aec19f00b4bd0254801aed838eb8,c9a7cbd341830efd6b9668d817b234e3ce0f4ac77f7049be907147f66d6f06d6,0.5,0.8,19137905.85543848,4.0,1.0,1.0,1.0,1.0,1fc15e3c9ebdc51aa3666227544669e4702cd13cf4f91185e9cf01e8367edaec,3,2,2,e0ca87dda60afbe927d8295ca2a2c5b1ff7346691013fc02c97e640cfb54aa89,P4,1200419371.007778,1200419371.007778,0.0,5448817.47171819,0.0,5448817.47171819,h09,5,Katrina,1194970553.5360599,13689088.383720288,1181281465.1523395,1741528815.3414373,140428528.72294897,1.0,0.0,16279689.906743392,R0,False,True,10400000.0,0.0,0.0,0.0,NONE,False,False,0.0,9557344.06438629,0.0,203540781.40766203,R0,False,True,130028528.72294895,1731971471.277051,d93efb55ee18c0fbca34de039893a901f1430d8f52fec70ff79b893a10cf8663
E2A_CRACKERS_A080,LA-0853,853,2010dc4b4f88ff2547d1e2cc5b1be6490307c83b91a28df220a8f21c7d098575,M2,A1_FINAL_NO_MEMORY_V1,certified,PASS,,,a6e876d7d3648038cbf88156cb3e4a2840d6403be05a9c9d71ba1c847588dc7f,4cc93d720cc56deec6ad670feaf741a8be9026b93ab33bc427a700130e72df67,0.5,0.8,19137905.85543848,4.0,1.0,1.0,1.0,1.0,b2be276a80deec5b40818bb25624befdf1f4609c3f0de511567c5f0752531847,3,2,2,d74182765aba195bc13c64f3cfaebec3e23dc4514cd351550b49c39e1971dfe9,P4,1237313201.5078242,1237313201.5078242,0.0,5314165.086963375,441402.1919436199,5755567.278906995,h09,5,Katrina,1231557634.2289171,13382338.576531483,1218175295.6523857,1839943856.1546211,42013487.909765214,1.0,0.0,13836399.232464166,R1,False,True,10400000.0,0.0,0.0,0.0,NONE,False,False,0.0,9557344.06438629,0.0,42059311.52405679,R1,False,True,31613487.909765217,1830386512.0902348,e1231444e4efb9bf6e818071f610a4a23c191759ae1790da5ee09070ef0b5521
E2A_CRACKERS_A080,LA-0854,854,7ca67d2d1bdcf621c560c0091c4547a16b2156227081c9f634b009cb261bfce9,M2,A1_FINAL_NO_MEMORY_V1,certified,PASS,,,2009cc5845e7543f6e8ab7ee1782f477a5740bce7eb2cafe3102c97c45f64817,54d1eea6f40794428552170494519294e2c3d312481b461483694c952a376879,0.5,0.8,19137905.85543848,4.0,1.0,1.0,1.0,1.0,64084ae27600a535d39aa1d6e1ae95e9356465ccd8ea27efe38b8aa14d8871ff,3,2,2,107fe5eb2ac8326530df280fc4512bfd993874982e8c0448019fb8e84e8790a9,P4,1235205257.7227948,1235205257.7227948,0.0,3189546.2184715993,3453227.776139167,6642773.994610766,h09,5,Katrina,1228562483.728184,12495131.86082771,1216067351.8673563,1772846353.5270352,109110990.53735103,1.0,0.0,0.0,NONE,False,False,0.0,10400000.0,0.0,0.0,NONE,False,False,0.0,9557344.06438629,0.0,117952447.49592593,R2,False,True,109110990.53735103,1752889009.4626489,e5bbb40ec8ab3d6da46bbb253033567d6bc6d856e9603a99ca0c7c782e221d38
E2A_CRACKERS_A080,LA-0855,855,180156333d55d9a85e6f41be522acb01ef74398f9989bf6602a86b9ce3b9e979,M2,A1_FINAL_NO_MEMORY_V1,certified,PASS,,,11f63eb5812380c636aa189dad0291412b8b7d0b93bef85ecadc1ee5c2663a5d,0cbede78e4e5b494ff041ebef4ca71e6c24e4b85be1c648681f58d008c2b0524,0.5,0.8,19137905.85543848,4.0,1.0,1.0,1.0,1.0,7ad858282e261829c1dfa983438c2853949ae76361020413aee0c6b5549624c2,3,2,2,9cfe390fdd84cd327165a523d671dd3128e01f1a4d44df7ec8946e7bbb431f0b,P1,1223739720.2537177,1223739720.2537177,19137905.85543844,0.0,0.0,19137905.85543844,h09,5,Katrina,1204601814.3982792,0.0,1204601814.3982792,1871100590.2270458,0.0,0.999999999999998,14941787.429378249,0.0,NONE,True,False,0.0,0.0,656222.9562590279,0.0,NONE,True,False,0.0,9100590.227045834,0.0,0.0,NONE,False,False,0.0,1862000000.0,cb212b111e622c6f8d0c3dd8506692ee16225fb580f2fa700e05deac5e3bf41c
E2A_CRACKERS_A080,LA-0856,856,bc94d827ccfcee5cc63f8ea664968475aa084c76ddda6fd3e9f652d9017ccccf,M2,A1_FINAL_NO_MEMORY_V1,certified,PASS,,,1b3ba7e129dacda979fcfb296e703d6cb89469e1274642f9cb3616f3ff347316,f59569d4073b3c8797f687a39fd327c07a3cc36a39423ec46126aed0539565c7,0.5,0.8,19137905.85543848,4.0,1.0,1.0,1.0,1.0,2d84372afc304f253f200be6d42cee3bf0c743db9c457f75cf172e1967f22905,3,2,2,dbb508b00e6a5dd05e43d49c88331279ced4c1169d79a1b58216a698bd418d94,P1,1225077956.099869,1225077956.099869,19137905.85543848,0.0,0.0,19137905.85543848,h09,5,Katrina,1205940050.2444305,0.0,1205940050.2444305,1871124631.5436265,0.0,1.0,15340931.377401091,0.0,NONE,True,False,0.0,0.0,638289.7199150798,0.0,NONE,True,False,0.0,9124631.543626588,0.0,0.0,NONE,False,False,0.0,1862000000.0,3fb952295913e8e69c943d481c39ebf152770bec1cd040abcd0c12f37172bc4b
E2A_CRACKERS_A080,LA-0857,857,bfe1f3086663b3b8a0ddb0f8144ea3689c46055c5db89cdf3154a1f6aae6494f,M2,A1_FINAL_NO_MEMORY_V1,certified,PASS,,,7c878675285a6b297da570a022a655522d08a703d3aae952e2742bd313a2dd02,a7f5c01b9c2320f519f62908165c687df448f19637ea24c8eee9838840c3cb5f,0.5,0.8,19137905.85543848,4.0,1.0,1.0,1.0,1.0,7a6db59f7cfdb0a178bc294fd7bbbbef44404b0afc58aaafe6cb808bda109f20,3,2,2,0a92e1443718eef2b5d662419b984c10db70b081ea44f528abd7525dcb7333ba,P4,1222482241.035454,1222482241.035454,0.0,4183260.143021273,1787808.3675539852,5971068.510575258,h09,5,Katrina,1216511172.5248787,13166837.344863221,1203344335.1800156,1880993946.809069,963397.2553173119,1.0,0.0,0.0,NONE,False,False,0.0,10400000.0,0.0,1427396.0482402663,R1,False,True,963397.2553173119,8593946.809068978,0.0,0.0,NONE,False,False,0.0,1862000000.0,ed258b60658ac7aef0359a1367abc8076d5c37a8bd108625fdbcd9eb2c63d7a1
E2A_CRACKERS_A080,LA-0858,858,f661e0e58db6ebbd7a9c7dd060beefe85d885b3a34c80057be156cb9c853d8e1,M2,A1_FINAL_NO_MEMORY_V1,certified,PASS,,,df29a3a986cfdfda4b89b4a9e0313912cb6deaf6b54db81096fe4a01390bbb41,95318fd1f653d67ebd8340f893d8c6ac5c3552778a9ebbc70dbf72dfc2674771,0.5,0.8,19137905.85543848,4.0,1.0,1.0,1.0,1.0,0ba4904010c78fdf9dc4bbb40857ed6da02cc5b65c505a8aed9a37c7c0498c19,3,2,2,09b9fef95326f779afa2db8cf55328b23f244128d16214685a9c38975dfac109,P4,1223027580.306051,1223027580.306051,0.0,6720051.877861618,0.0,6720051.877861618,h09,5,Katrina,1216307528.4281895,12417853.977576856,1203889674.4506125,1880714251.0919511,1243092.9724352749,0.9999999999999998,0.0,382461.89001530973,R0,False,True,303624.4595813168,10096375.540418683,0.0,1183405.6568810998,R0,False,True,939468.5128539581,8617875.551532332,0.0,0.0,NONE,False,False,0.0,1862000000.0,dc7302f9575c6b48dda228ec040f0be3de0b5454f025bed2cf6795e6b1ef0cc0
E2A_CRACKERS_A080,LA-0859,859,ed2a565889144395e654250ec9fecba100bdf2e5828b3b26c5a6b2f64adae66e,M2,A1_FINAL_NO_MEMORY_V1,certified,PASS,,,0192c1165c83a953a7b26956f502f015c68798394ba8d155b86db8f3c35f0efa,4f4b20cac44214ee8dd11ac910852cd870c710f921cf22718575951071f0929b,0.5,0.8,19137905.85543848,4.0,1.0,1.0,1.0,1.0,658b439316af889f6e96547d9d352ff51412a07f6730bbd28ed4c011d8c2e744,3,2,2,d498cd0c6be6bca23956b0b9b75f6518c1b5e6ab5060234f9c3aa02be6d513a6,P2,1227527130.9385989,1227527130.9385989,10559922.865160769,1931935.7971147674,0.0,12491858.662275536,h09,5,Katrina,1215035272.2763233,6646047.193162942,1208389225.0831604,1813839314.516696,57718029.5476903,1.0,16303725.282014463,0.0,NONE,True,False,0.0,0.0,0.0,0.0,NONE,False,False,0.0,9557344.06438629,0.0,70217462.03827956,R0,False,True,57718029.5476903,1804281970.4523096,ad19e5e9dd6c46e5b61f42a3f14b9d1da226b28f9bf326088a203d0f7d64ca06
E2A_CRACKERS_A080,LA-0860,860,ca94af9af335cb451dda82a8bac72ed429bc747d43fec3dadef9d1f81ec9bc59,M2,A1_FINAL_NO_MEMORY_V1,certified,PASS,,,3b168be79ac9aede69598da6151f9d92d1a83913313964829fb65d1241d3f780,54514125d4d10eec891e94561e413fc41541eabbfb618c0093803cdaaaf217f8,0.5,0.8,19137905.85543848,4.0,1.0,1.0,1.0,1.0,34cf68428546d300f55aabb39b043915f36332f2db32f4f145e4fc3452d3c6bc,3,2,2,1735fa1f0174bb082fb06cbf8c011215fe27a678c50a5cb030ae18a8065f2308,P4,1224796868.024327,1224796868.024327,0.0,2606898.4600949557,0.0,2606898.4600949557,h09,5,Katrina,1222189969.564232,16531007.395343523,1205658962.1688886,1806556282.8418357,75401061.22255057,1.0,0.0,20529902.358297773,R0,False,True,10400000.0,0.0,0.0,0.0,NONE,False,False,0.0,9557344.06438629,0.0,128313984.62352876,R0,False,True,65001061.22255058,1796998938.7774494,6d23c8f5a21dbe3b63ea85bd3d9088d9a15b15310d185df714b6a18733922c50
E2A_CRACKERS_A080,LA-0861,861,ffc1e96a5bf502145b083b5451c73e59822e593e2f149ae8bb8b5c8232039204,M2,A1_FINAL_NO_MEMORY_V1,certified,PASS,,,3a8ff0414abb07dd6b026745851f9d3384e76a76ac0c1f5c04cea7998d831970,c69b5634c710cbc120ff152aae61638394a9064f5bb975897f976fe07074982d,0.5,0.8,19137905.85543848,4.0,1.0,1.0,1.0,1.0,5729d4b09d672167b230872ecb3bb8cc870a3a22c22df505814966d9e506aab2,3,2,2,ec22eeaa10ebad6d5b0cf98bd946324b07ba30fcd37d1e7c9b9f0f343b7cf4e2,P4,1225434248.952037,1225434248.952037,0.0,3475113.9319578074,0.0,3475113.9319578074,h09,5,Katrina,1221959135.0200794,15662791.923480669,1206296343.0965986,1881046979.4318876,910364.6324985577,1.0,0.0,0.0,NONE,False,False,0.0,10400000.0,0.0,1967186.1054320307,R0,False,True,910364.6324985577,8646979.431887731,0.0,0.0,NONE,False,False,0.0,1862000000.0,4672f5cb57cc63064df7f76ee4e94b4c34b499251325430bbc58ea094505eeeb
E2A_CRACKERS_A080,LA-0862,862,1c4582bc1dfe30339b657dd77bde26401a840d7b9e14e11ca62b5a7daa755775,M2,A1_FINAL_NO_MEMORY_V1,certified,PASS,,,bc2a125bc3ed708de5d035bf2c0316ce464c2ee6478e61939e1b5babf045331e,7c3196a6f3184f4decf02ff62e2aa7466b147905c532370dfbc70830698ad25c,0.5,0.8,19137905.85543848,4.0,1.0,1.0,1.0,1.0,0d00cdc8350297f515c61fab0dc112f703fc99fe9ffb2e8dc5af2a252ff62b42,3,2,2,1159a17e34a128cdfc474e85a0592c3a9de99800f181cc6e6b84f15e5599326a,P4,1230428497.6722949,1230428497.6722949,0.0,10244477.166596336,0.0,10244477.166596336,h09,5,Katrina,1220184020.5056984,8893428.688842142,1211290591.8168564,1821578769.098685,60378574.96570137,1.0,0.0,25281244.99071838,R0,False,True,10400000.0,0.0,0.0,0.0,NONE,False,False,0.0,9557344.06438629,0.0,121492365.19181545,R0,False,True,49978574.96570137,1812021425.0342987,2519af93ea10f58f3ae9848632523a927c805e71324b99ff4142c9cb6fc9e039
E2A_CRACKERS_A080,LA-0863,863,cecd5f045ae418128e0556bca7eeae90f128a1381cb1a3def8a90796cbe039fe,M2,A1_FINAL_NO_MEMORY_V1,certified,PASS,,,65b6cfd65a1c64e7705a10c3c32449ef60e4398a83f286a3912717f24b2ab883,2f07bd43892607929614f16df3bfd7ad3d4e7853defff8efada926096c20f139,0.5,0.8,19137905.85543848,4.0,1.0,1.0,1.0,1.0,314b4c8a70f8efe44c28f500c095df272420d09e0e96fca8ce23ac3f9805e52a,3,2,2,ecba749efa863d2cc6b5fcdbc9a9a0c4e2dfce528261be04d07ef1a9b45a8634,P4,1213135277.696913,1213135277.696913,0.0,7372577.022847402,677183.7683277023,8049760.791175105,h09,5,Katrina,1205085516.9057379,11088145.064263374,1193997371.8414745,1880826029.2440622,1131314.8203241557,1.0,0.0,0.0,NONE,False,False,0.0,10400000.0,0.0,1617941.2849582331,R1,False,True,1131314.8203241557,8426029.244062133,0.0,0.0,NONE,False,False,0.0,1862000000.0,0378f96203514c0df09efcdca740bc0242987fe95155392cb6b07e6330b797a5
E2A_CRACKERS_A080,LA-0864,864,6e9c080510d68ad7eaee7b2b6f33430d7a56e3bfd4b1674ac3ac724b80c44956,M2,A1_FINAL_NO_MEMORY_V1,certified,PASS,,,5b4edf57ffb4f73ff80711978586d97849ee79a0ec9397dfb64f40778fee3255,b8716cdbf8c47df68f74a561126d14e1aa43d4bee91c3fdb65decb1becfbe99c,0.5,0.8,19137905.85543848,4.0,1.0,1.0,1.0,1.0,d9cd29ed5d2c523a839070c343e877a34920fd714b1e356f57208473a8896ba1,3,2,2,5530e65578146b39674a8c163d074dea7847434c8ac1db836073ce8e71235839,P4,1212475580.1543627,1212475580.1543627,0.0,9142711.774682602,0.0,9142711.774682602,h09,5,Katrina,1203332868.3796802,9995194.080755876,1193337674.2989242,1773688997.657338,108268346.4070485,1.0,0.0,30481122.865561508,R0,False,True,10399999.999999996,3.725290298461914e-09,0.0,0.0,NONE,False,False,0.0,9557344.06438629,0.0,286840104.9502481,R0,False,True,97868346.4070485,1764131653.5929515,f9193339bb4434254d9cd8d8839bd030ed0c1787de6cbd97fe54cae327a2f49f
E2A_CRACKERS_A080,LA-0865,865,298551a2a715552c1d8ae19d7daae19d0f7c54388d951a3a3b0042a11eaf9aaf,M2,A1_FINAL_NO_MEMORY_V1,certified,PASS,,,1da72231a019646b9df10805f20a1d12eaf73f4344b2060ca1d2fd4032d366cd,a8bfd582d1976461a44bcbed4afb2f51829a9f1e79c115ab072d75237abce573,0.5,0.8,19137905.85543848,4.0,1.0,1.0,1.0,1.0,45b3854390107355e00bf37942f1997256260604a0a15602a118f599d760586e,3,2,2,6c033c9648ec995138748f22361c7c0cfcdb05a914a6c526477f1658cca92534,P4,1198623440.8314047,1198623440.8314047,0.0,630491.5616127445,0.0,630491.5616127445,h09,5,Katrina,1197992949.2697918,18507414.293825734,1179485534.9759662,1675263615.3404417,206693728.7239447,1.0,0.0,0.0,NONE,False,False,0.0,10400000.0,0.0,0.0,NONE,False,False,0.0,9557344.06438629,0.0,273123759.1626417,R0,False,True,206693728.7239447,1655306271.2760553,902c31564973dd3f7d1b33d3830ade16e8e53aad54ad9cd627cbf9638291dadb
E2A_CRACKERS_A080,LA-0866,866,7903ddb4b2f869dd9596563499c8fc97369af99ec3fb0f55cccc31f99aaa9351,M2,A1_FINAL_NO_MEMORY_V1,certified,PASS,,,9df34a938e0a1bf9a86cf0110e8a43a09343f5bf630d60d9bc341a692981ab80,8b50ab9be86adb75934ae638231901b9ce0b7286dbabe0abf284d24ce0ebd1b2,0.5,0.8,19137905.85543848,4.0,1.0,1.0,1.0,1.0,044ada1f21bf81b77bf7b5c654908275fd6252e15f46d56efaf7fecddd394e0e,3,2,2,6bd9c78aef93e46f68249babbef60ea028a8f418273e0be83fa2cb69a07057b6,P4,1189062615.3284183,1189062615.3284183,0.0,4390223.177680986,0.0,4390223.177680986,h09,5,Katrina,1184672392.1507373,14747682.677757494,1169924709.4729798,1711234439.3294883,170722904.7348982,1.0,0.0,16762133.946744649,R0,False,True,10400000.0,0.0,0.0,0.0,NONE,False,False,0.0,9557344.06438629,0.0,258399423.4516871,R0,False,True,160322904.7348982,1701677095.265102,141030199e934597b9f2f176c8383bef90fd7bf4ad5dfe629e3cc4209fad7082
E2A_CRACKERS_A080,LA-0867,867,28d7dc1f1b6dced946b0bc1468f120ff95e0d44e9be3e0ae9a3210a423a24db5,M2,A1_FINAL_NO_MEMORY_V1,certified,PASS,,,2ff8fbff104dbd390f9e16016cc265b8cce0e30fc11b87a048c2579861e79cf0,b3bdff28740b1eac33d6fba4f8eb5a7b8d53fc1a378298676b30412222b9808d,0.5,0.8,19137905.85543848,4.0,1.0,1.0,1.0,1.0,6f1257a3ecadbf6303fdcd3e0211dbfc10cb31f470dd5bd1ee80bac10a1705d5,3,2,2,cbc2ffeedbc5b74d5c115529ba6e9a00c70a8dacccd5f3f4350d276d95dd9cfe,P1,1238675341.8834758,1238675341.8834758,19137905.85543848,0.0,0.0,19137905.85543848,h09,5,Katrina,1219537436.0280373,0.0,1219537436.0280373,1871368907.6607509,0.0,1.0,21056075.468363512,0.0,NONE,True,False,0.0,0.0,381512.60922443337,0.0,NONE,True,False,0.0,9368907.660750885,0.0,0.0,NONE,False,False,0.0,1862000000.0,853d89e8ac1e935c925480d758982015838c751816ba14adb4ad391a14812dd4
E2A_CRACKERS_A080,LA-0868,868,0881855ff2a1f8ea7ab82f23db691f8248cd0558cc7b990c41980ad296b3db89,M2,A1_FINAL_NO_MEMORY_V1,certified,PASS,,,7a12ff5aaf30a6a89ac056617adc76d574e6b8a1d48db930068fc8f797899646,f54d4c9a3e76c3dcd8afa75af735488ce73474267eeff9f5e90297d96ce06130,0.5,0.8,19137905.85543848,4.0,1.0,1.0,1.0,1.0,92d6b86f18fcac796aae8ad40c47a9ffbede74e866409d892b696d12f5e4f227,3,2,2,3c50e660bb08fedc93b72b7d90379837bfdc5175630c3f02b54f9f907864c4d3,P4,1200100407.9445202,1200100407.9445202,0.0,7562535.018360047,0.0,7562535.018360047,h09,5,Katrina,1192537872.92616,11575370.837078432,1180962502.0890818,1740677974.903811,141279369.1605753,1.0,0.0,33374804.71006283,R0,False,True,10400000.0,0.0,0.0,0.0,NONE,False,False,0.0,9557344.06438629,0.0,420007056.37600195,R0,False,True,130879369.1605753,1731120630.8394246,d9e5176991ca0e2d5ace224bd49def4a760ed92d1de902643323719f6a4400ca
E2A_CRACKERS_A080,LA-0869,869,136844f974e29510a79375c73e58c7a6b26db4bab584d54598e68c76b65cfe15,M2,A1_FINAL_NO_MEMORY_V1,certified,PASS,,,8449c05a946608ce0ba80a444908797aaa582a61807c2a6915a82c4b211b9598,4da611a5dee1cceacc8e9456d4fc1e4e8516da8b5a3db64412dba5e3e7117ad5,0.5,0.8,19137905.85543848,4.0,1.0,1.0,1.0,1.0,6a35c90d26ecdf8026a9ec15640ba59b53d8de478166c1c096b706b73d30c55b,3,2,2,08c7d1fce0d9896ef1ddb54b215630b9e50eadce906a0997bec992468bb52c70,P4,1181442005.8544214,1181442005.8544214,0.0,6186524.71908404,0.0,6186524.71908404,h09,5,Katrina,1175255481.1353374,12951381.136354437,1162304099.998983,1690906309.0638113,191051035.00057495,1.0,0.0,13442294.996460235,R0,False,True,10400000.0,0.0,0.0,0.0,NONE,False,False,0.0,9557344.06438629,0.0,233496586.9128453,R0,False,True,180651035.00057495,1681348964.999425,50d618c2ad29228dd9aa5f541e4912b36b0301f970e08881e348e447585c1cb9
E2A_CRACKERS_A080,LA-0870,870,7da58d025487dfe864e13961520d49119983573e5dcdf0647955d36ba4f95760,M2,A1_FINAL_NO_MEMORY_V1,certified,PASS,,,e6bc0cbf2d0b628ca5a9f746e0f61298e6514c863656453ed818b40b99a662b3,d49b65d7adb9f766acdda688dbb7bc830d50386f22eea30df2ca3f117c2bc1f0,0.5,0.8,19137905.85543848,4.0,1.0,1.0,1.0,1.0,5deda44f894a92cd6306b842d7d64b3cab50da65334632c653dd18e475967e61,3,2,2,36a14da2388ba84f15e415e4f3897a91224aa3c83e4a35b3c487cd0ab574d930,P4,1223234794.909889,1223234794.909889,0.0,5070596.590632203,0.0,5070596.590632203,h09,5,Katrina,1218164198.3192568,14067309.264806274,1204096889.0544505,1802389421.140923,79567922.92346326,1.0,0.0,12564774.908510694,R0,False,True,10400000.0,0.0,0.0,0.0,NONE,False,False,0.0,9557344.06438629,0.0,83565325.23293585,R0,False,True,69167922.92346326,1792832077.0765367,e5cff5168374fa9fc4ee039096991a6ffa57b822c77dcc991d17e47d22b68d2b
E2A_CRACKERS_A080,LA-0871,871,cdc339f80037fe3b725889579fbae0be1e86caf4d4fe11ed053ca38bcde4ce38,M2,A1_FINAL_NO_MEMORY_V1,certified,PASS,,,358f0b8dac22d43b62de0008b7e826b046cf2375a73511727eb5b6812d12b46e,c3e99ac7dc1110e93b2c1aa9918b3312496fbe3b4b7b190337af7329c743951f,0.5,0.8,19137905.85543848,4.0,1.0,1.0,1.0,1.0,51408bd897af493ce9a568b061b52d50d6464710c4d3fc738da21d8b34faf0d9,3,2,2,c8fe2c830d3d0271dc930a7ac896e5642be42ff2a4385680a9a1b6356932b005,P4,1223178545.6306996,1223178545.6306996,0.0,11065020.304982591,0.0,11065020.304982591,h09,5,Katrina,1212113525.325717,8072885.550455887,1204040639.7752612,1740764855.2019844,141192488.86240202,1.0,0.0,0.0,NONE,False,False,0.0,10400000.0,0.0,0.0,NONE,False,False,0.0,9557344.06438629,0.0,347314594.8650883,R0,False,True,141192488.86240202,1720807511.137598,ff346e7ef6a4c0909824f171fe22bad34a9aae803b49f058dd7d68c4eefcf1c0
E2A_CRACKERS_A080,LA-0872,872,eaef5359c6fdb787d9d7236889049e4978f1a354c593cb98294331dc6d7becb8,M2,A1_FINAL_NO_MEMORY_V1,certified,PASS,,,7804d15b45e2f42d7629838f37738cc38037c29e6430458abcd76032ebee565f,90e3726f40286823f569c2d240af32d75d2177a89b9e4307a0462a6ff62ce642,0.5,0.8,19137905.85543848,4.0,1.0,1.0,1.0,1.0,d12f00dbc5ca6f455ba84831a553f008dea79dc8276d3cf8760229a9942c04fe,3,2,2,0f87b2e36eac7e54cd96ac5ed7dcab0a2f62a8b492d9b5eff1e04bf21d28caf4,P1,1223298526.8689618,1223298526.8689618,19137905.85543848,0.0,0.0,19137905.85543848,h09,5,Katrina,1204160621.0135233,0.0,1204160621.0135233,1871092664.2176905,0.0,1.0,14814710.322544767,0.0,NONE,True,False,0.0,0.0,661932.4347618086,0.0,NONE,True,False,0.0,9092664.217690488,0.0,0.0,NONE,False,False,0.0,1862000000.0,3e26c18b77360e077674b2d818dc1bda1744321dfab77bf82a6d0b273bb5d373
E2A_CRACKERS_A080,LA-0873,873,62d8f2da72996ab47088a679ce3531db4fe4083b6480d3cf8e951b952bac03ae,M2,A1_FINAL_NO_MEMORY_V1,certified,PASS,,,a629e6cc34fe02e77b438dc7def981ce2ba3292907c07cbbdb22637690400dfc,823c0a28815d78a6dd6d4843a315fa9063da542b91298ff373644962955635e4,0.5,0.8,19137905.85543848,4.0,1.0,1.0,1.0,1.0,7acf663c61cb736e3547ecc6f0d54b87703353f38ae685de162693b997c2e30f,3,2,2,3f7d9c9cb5ec76fbb5a7095fb57c8957c005ec54a6a953420eadf1aa6ac603a3,P4,1240954803.5067713,1240954803.5067713,0.0,5388195.696447663,2674511.3969802046,8062707.093427868,h09,5,Katrina,1232892096.4133434,11075198.762010612,1221816897.6513329,1849657903.3135717,32299440.750814643,1.0,0.0,14409950.081864683,R2,False,True,10400000.0,0.0,0.0,0.0,NONE,False,False,0.0,9557344.06438629,0.0,30343254.619230025,R2,False,True,21899440.750814643,1840100559.2491853,537500284424104f956b5ef11c21bb44d13448a2f88c23b0cb23bf8d54da8873
E2A_CRACKERS_A080,LA-0874,874,55661982e6aa07987adc949c6147b6b6971a0074bdaaeb39d1d071357bd028c3,M2,A1_FINAL_NO_MEMORY_V1,certified,PASS,,,19726baf1f304f3447c624b3ae002c1dce71ef462a9fe321d3427de21b2a4c51,fe088ab023f11621b81f648dafda66762cefb8b6c0ecf57ad8326e65842b0a55,0.5,0.8,19137905.85543848,4.0,1.0,1.0,1.0,1.0,1aa6de7a90f567796093106b129409a4fab841c3ebdce1d67abe80b40014e36f,3,2,2,22f610bd2c00658cf5c80363fa6bb385aba5407ed42d95445ba1224089f8a416,P4,1204555150.1842186,1204555150.1842186,0.0,1521160.979267572,0.0,1521160.979267572,h09,5,Katrina,1203033989.204951,17616744.876170903,1185417244.3287802,1752561090.1398814,129396253.92450504,0.9999999999999998,0.0,14270936.454758717,R0,False,True,10400000.0,0.0,0.0,0.0,NONE,False,False,0.0,9557344.06438629,0.0,163287305.58759075,R0,False,True,118996253.92450504,1743003746.075495,77ed99ef7bcbc71757a35e11bd8f430dc1feafc021dcbab22887a96d4f5d7de1
E2A_CRACKERS_A080,LA-0875,875,120c41c1ed3234495f315194105d865f85ad133242ea95bcfd1c3c5a98f5faf3,M2,A1_FINAL_NO_MEMORY_V1,certified,PASS,,,05e8ce96a299bfc731c972f72687c5a5ac13f0af9a72bd2d9682a058d9fbb94f,f4486b8e32fd2353d3ab96872e229845f6c18a18501266522e9699593a1028c6,0.5,0.8,19137905.85543848,4.0,1.0,1.0,1.0,1.0,dc28338582b37bc21492b572c680f04dddbefd250b4656b84b501890d25b6f9b,3,2,2,41efbc0ef8eeb62183e6c3a244983964d4f9b425d9bcdb92835c83c4eba5dac0,P4,1218443965.8260887,1218443965.8260887,0.0,3489297.5520784063,0.0,3489297.5520784063,h09,5,Katrina,1214954668.2740102,15648608.303360071,1199306059.9706502,1728135267.5883183,153822076.47606814,1.0,0.0,0.0,NONE,False,False,0.0,10400000.0,0.0,0.0,NONE,False,False,0.0,9557344.06438629,0.0,192996254.84266558,R0,False,True,153822076.47606814,1708177923.523932,ac9ae21fb6943cdb8c52c99ac614f41fd3cb4ec2ed71c0a3ea137de9e3ccbc51
E2A_CRACKERS_A080,LA-0876,876,be0c23e47bebe8324051f6b7aa0bacf3ab34f3429813f135062dae8f6ac7dae0,M2,A1_FINAL_NO_MEMORY_V1,certified,PASS,,,6d9e4282f6714fd6ee7b7a62ccd376be7e5a25a9e93dfde44d6fdb3fd09807b3,215b234021ac7c025916cfa1825a50e3469407ed76cad7dc622f6b2af4148dfa,0.5,0.8,19137905.85543848,4.0,1.0,1.0,1.0,1.0,a4f570d98fa2336f8428205aeaff591da77c9c772766afd8b65a281ccde56aeb,3,2,2,514432896ebde2f95f5db5b2d35899e4bc1a4f7fe4570bdfa4e020bbb6af29bb,P4,1219381645.0551708,1219381645.0551708,0.0,7370031.799315762,0.0,7370031.799315762,h09,5,Katrina,1212011613.255855,11767874.056122717,1200243739.1997323,1792111065.787962,89846278.27642438,1.0,0.0,23689711.573954217,R0,False,True,10400000.0,0.0,0.0,0.0,NONE,False,False,0.0,9557344.06438629,0.0,180967251.7300575,R0,False,True,79446278.27642438,1782553721.7235756,a8764b25df56a98cb1e65106c962edd0adf805fbdb2738cff95f69bd1a513daf
E2A_CRACKERS_A080,LA-0877,877,3957ae1293d94526a37aa72d0f1cf8db1861d34b034285536904117cc8d0b576,M2,A1_FINAL_NO_MEMORY_V1,certified,PASS,,,8e4b2c9970dfb29a4f551c32f398a119cca5b0a225c7d687f61c8615d8c0263a,f0c0510a78f36ac9015390c6d9f119bf95efa192cfd79d8bf71bfe6349d49fcf,0.5,0.8,19137905.85543848,4.0,1.0,1.0,1.0,1.0,517f6f79a3c66e9a589843d6b36e071cf5b8d8ac6a0c8297fb532ba8db399ce8,3,2,2,450d7bcc648e21a963a83ac1a190a0b307c4f7886624072503bad395d421e25c,P4,1231213317.590195,1231213317.590195,0.0,4773153.917345421,0.0,4773153.917345421,h09,5,Katrina,1226440163.6728494,14364751.938093057,1212075411.7347565,1823672292.1404588,58285051.92392753,1.0,0.0,19401743.801138017,R0,False,True,10400000.0,0.0,0.0,0.0,NONE,False,False,0.0,9557344.06438629,0.0,89332068.20502241,R0,False,True,47885051.92392753,1814114948.0760725,4453cea5b01f692deebf4def51bfe054aa08c9c40013aa53b0f9544a95ba0ef6
E2A_CRACKERS_A080,LA-0878,878,162fde37286438739129eec3d00bad8c125ee5fe8a45cf11f126fb022814e333,M2,A1_FINAL_NO_MEMORY_V1,certified,PASS,,,0c79fb86e490e2f2404dae702e038e1279e0ae3dfa1729638a03df59c7e4b044,ad1a3d1c61d14c7da8e29107d931c65533a852241ec11ff1450fce0cbdd292cd,0.5,0.8,19137905.85543848,4.0,1.0,1.0,1.0,1.0,c171e496a8c542240b8ae3af6d91fc73cdf22be3297c847f99ffabd79180a5c0,3,2,2,38b6abb7c8645cb58fe1d7bd943fb2d4eae887cd94395397f1fc5cb453777f0b,P4,1225552798.6592262,1225552798.6592262,0.0,7344124.110258524,0.0,7344124.110258524,h09,5,Katrina,1218208674.5489676,11793781.745179955,1206414892.8037877,1747098223.289176,134859120.77521035,1.0,0.0,0.0,NONE,False,False,0.0,10400000.0,0.0,0.0,NONE,False,False,0.0,9557344.06438629,0.0,297615235.2255257,R0,False,True,134859120.77521035,1727140879.2247896,b55bb31de2cdc2235937cc9df08931db224fa4292f5c81d490d8ed462dc06f27
E2A_CRACKERS_A080,LA-0879,879,846aac5859ad72c50ff322807a49bbf1f560e675fc2c5cdfaf70d99836cf1b78,M2,A1_FINAL_NO_MEMORY_V1,certified,PASS,,,2d18bca5e490553395b3959cd6365bf48cb2ea84b133d4656cd613535bfc3bea,540ac00b1b65d63ca94d79f603a4b688feb056e2547b14850729c1e86c0b838d,0.5,0.8,19137905.85543848,4.0,1.0,1.0,1.0,1.0,8180132671ef3b63a9123b17dbf774db1e2d45cd33f5c8c2281f1c94aa8ee3cf,3,2,2,8a83e35ebe4e4a5d0d0d96f8f1d71166be02779799e0dec9ee7a2cabf10c01c8,P1,1233320244.6793177,1233320244.6793177,19137905.85543848,0.0,0.0,19137905.85543848,h09,5,Katrina,1214182338.8238792,0.0,1214182338.8238792,1871272703.701205,0.0,1.0,18362012.865334272,0.0,NONE,True,False,0.0,0.0,502554.8087237423,0.0,NONE,True,False,0.0,9272703.701205073,0.0,0.0,NONE,False,False,0.0,1862000000.0,2584a7ba8fa54e478e299fdc89bd6bad06343dfb849d0ab41557f6b8b05bd710
E2A_CRACKERS_A080,LA-0880,880,3a4ca7ec27358cd9e8df5fc49b030749872cd1a2c7d7115cbc2b0dc7c0ad6aa2,M2,A1_FINAL_NO_MEMORY_V1,certified,PASS,,,94f0531b6a7b2c7a9e6850e419a825e83317495dd45eab3de02c6114a66c69de,9e61db3c0375b41163d8c21f480b83d46941d47ddce51929cf5a4102d6f40b7e,0.5,0.8,19137905.85543848,4.0,1.0,1.0,1.0,1.0,20d76263efe8700b2a162148450e6112c3b3084f5ab42e5ab87bf93a0803f12b,7,2,2,3bea41710bdca092e2ef2326f751387e1e527de04ae4bdbd6eb9851fefdce5d6,P1,1220253695.9227064,1220253695.9227064,19137905.85543848,0.0,0.0,19137905.85543848,h09,5,Katrina,1201115790.067268,0.0,1201115790.067268,1871037964.0354137,0.0,1.0,13993373.338536872,0.0,NONE,True,False,0.0,0.0,698834.4855763142,0.0,NONE,True,False,0.0,9037964.035413692,0.0,0.0,NONE,False,False,0.0,1862000000.0,4bdf99dfc572e9e5b87df2c3274ad84f8604fd4041904369313abd162f695813
E2A_CRACKERS_A080,LA-0881,881,c86f52737c564eddfefadec8dfdfe43f23b9c0af6f353a9358a51a886da450d1,M2,A1_FINAL_NO_MEMORY_V1,certified,PASS,,,b3b0260ad9aec132832f4da3a9cc24e5141a9472821aa824c4560cd5ed480262,c94cbd0d7ceaa53d1bcc859c6f43d80c2fb18f849159afb7251f3c08b624ae85,0.5,0.8,19137905.85543848,4.0,1.0,1.0,1.0,1.0,f24d4a30b4cd8e90650151789967c86c10589c82bd1dc7edd8dd08fe047ebc4b,3,2,2,295707beaabf9cb338517bd738b2bf698662ebe66f3ad03a60022d3a74ca0b79,P1,1225709124.0719392,1225709124.0719392,19137905.85543848,0.0,0.0,19137905.85543848,h09,5,Katrina,1206571218.2165008,0.0,1206571218.2165008,1871135970.4336107,0.0,1.0,15536679.450146964,0.0,NONE,True,False,0.0,0.0,629494.9067410022,0.0,NONE,True,False,0.0,9135970.433610603,0.0,0.0,NONE,False,False,0.0,1862000000.0,d4cbce7ced794c808a2e568ec1a48e99c6adbbe60243ad84bacf748137f0e732
E2A_CRACKERS_A080,LA-0882,882,06128a6e0e09e9939d0c6926b2cc3ffb5f0e73b05562e6f80ef12ebee5b92eae,M2,A1_FINAL_NO_MEMORY_V1,certified,PASS,,,192e4eac77f69e69d69abda28398ef12cbd936843b21d336b01581883a53bfe2,aaa136db5e21ba6e8383908c5464303cfd12d5278fd51b2f4ccff889cb8e3f48,0.5,0.8,19137905.85543848,4.0,1.0,1.0,1.0,1.0,5e164c7976bd90412a733ad561294e53f88979528ede44ab280b7059f52ba3a8,6,2,2,96fba4d09aa0c27355c505af9fa48261f2191cdbd76c33dce43448ff0a7c0079,P1,1220564596.8568144,1220564596.8568144,19137905.85543844,0.0,0.0,19137905.85543844,h09,5,Katrina,1201426691.001376,0.0,1201426691.001376,1871043549.3496943,0.0,0.999999999999998,14073039.697689595,0.0,NONE,True,False,0.0,0.0,695255.136185134,0.0,NONE,True,False,0.0,9043549.349694163,0.0,0.0,NONE,False,False,0.0,1862000000.0,34f10472791b73373e63bd63fa4300edfc51ac70e4f440357a660f777eb5a45a
E2A_CRACKERS_A080,LA-0883,883,fada39189a7557433f084d1ad3fafe262fae6edaefdcaff185d3f211f8902be0,M2,A1_FINAL_NO_MEMORY_V1,oracle_failure,FAIL,oracle_failure,Full exact certification was incomplete,50f1d443f284afa1d07884a673c811e5a9e56bfba41424279fcddd34e1532a08,1a87f3d9092c1745a03dd34ba5af76a1abcba722b466e5a3c9994505caf17ae0,0.5,0.8,19137905.85543848,4.0,1.0,1.0,1.0,1.0,64ea4374f7ef71dd5881626de3def77d48d9621549f5afedff291fd956004543,3,2,1,,,,,,,,,,,,,,,,,,,,,,,,,,,,,,,,,,,,,,,42277a6f67f96c7904a84529c5faf56894468bab9fd82fcaa2c582068b445226
E2A_CRACKERS_A080,LA-0884,884,dbbad4bbef6d53a28e1ce7041c9183261f0a7cdc258b1f31ac5a9fd73db5591a,M2,A1_FINAL_NO_MEMORY_V1,certified,PASS,,,fced35eaf78fcccc513ae9d30f6158a46be4662fce601706e51d06f5d1899909,c0a3bf09263b6bf13bc956ae0177106cddd5d4e8886ebb57bb90af3349e629b1,0.5,0.8,19137905.85543848,4.0,1.0,1.0,1.0,1.0,358379def1f5342efd9ce7bfe49fea1ad34d0a16a02bd85eee877f1459b33e8e,3,2,2,20d1fd3bfbd298ab302e706502295a5ad749bb2974cae6bf737df0d0d918137a,P4,1223444116.3901596,1223444116.3901596,0.0,9819371.15272296,0.0,9819371.15272296,h09,5,Katrina,1213624745.2374365,9318534.702715518,1204306210.534721,1741473270.5868,140484073.47758615,1.0,0.0,0.0,NONE,False,False,0.0,10400000.0,0.0,0.0,NONE,False,False,0.0,9557344.06438629,0.0,343923421.28578705,R0,False,True,140484073.47758615,1721515926.5224137,858126fde127b1e7eaaaaed3f5f4878e8b91c615f0b661f08f8fa997ac05b9ee
E2A_CRACKERS_A080,LA-0885,885,c5befdc340565f290308ffa868950f1350a4df538566ef9b065d58908617991c,M2,A1_FINAL_NO_MEMORY_V1,certified,PASS,,,836e037a5818efba008dd3c5be8efdd3e4714e0b7dd9f4e5b6253a175e1c7688,e24ea796b67226569ea282936315a7967695cae86a6e92719ce97db1fab1a9df,0.5,0.8,19137905.85543848,4.0,1.0,1.0,1.0,1.0,359e7bbdb22635bcf2d899138116cd08ffbf2ce447e0139363f928a077cb7e22,3,2,2,4f1a930823f7dd5bcc74b5ec741bd647b99a625b1ef1d0a0a1a44bef08ee3899,P1,1222239799.3528898,1222239799.3528898,19137905.85543848,0.0,0.0,19137905.85543848,h09,5,Katrina,1203101893.4974513,0.0,1203101893.4974513,1871073644.2493794,0.0,1.0,14518405.38254407,0.0,NONE,True,False,0.0,0.0,675245.19208967,0.0,NONE,True,False,0.0,9073644.249379333,0.0,0.0,NONE,False,False,0.0,1862000000.0,e2ba052f19fbeec527178b14c5606c6bb63221a5fb3d3ccae52a8d4618535b7d
E2A_CRACKERS_A080,LA-0886,886,dc352d6a5ba428a45d2b9dc47bc22c2273e69340ae726e6483d7d14ec3277db8,M2,A1_FINAL_NO_MEMORY_V1,certified,PASS,,,f2555a7f30447e59f022f4a632a496506cde787d217bf67148a69fc98d59253f,8f87373ee01a6a0ef2b2f0c36b77fc683e2c02ea5247065fc7d72d22b2fb8514,0.5,0.8,19137905.85543848,4.0,1.0,1.0,1.0,1.0,58badd7f35b5582a065c26019d3225a8c487a843105c70353d79068b42b093c1,3,2,2,be93670a49372c5d319a925c6c6a175c960323999779d599eb173c38249a1b4e,P4,1208039274.0091617,1208039274.0091617,0.0,1181483.0420123115,0.0,1181483.0420123115,h09,5,Katrina,1206857790.9671495,17956422.813426167,1188901368.1537232,1700380541.2307453,181576802.83364105,1.0,0.0,0.0,NONE,False,False,0.0,10400000.0,0.0,0.0,NONE,False,False,0.0,9557344.06438629,0.0,270955658.0597606,R0,False,True,181576802.83364105,1680423197.166359,a7c0c4b8b8143b23442c7e19559414332459d80d9b5fc5aaa8bd1ebd49990689
E2A_CRACKERS_A080,LA-0887,887,7e151843b8c9f3033c1c6a2e64fa930eb8fe75490a6f0d9495c2d7e3291fb7ed,M2,A1_FINAL_NO_MEMORY_V1,certified,PASS,,,8d94941d2ce3f2dcea103f0c1084c75b09a8b3ef522d6e79d5610f1839ad8769,56cd8e0cd9bce19d5f80c6580b77dafebec6db1e5989bbadef9adc3ee4c220ab,0.5,0.8,19137905.85543848,4.0,1.0,1.0,1.0,1.0,8ccd7f500e670cc9e564b2cdd8bf401ad752398b926c356368ee9c88d80e0ef1,3,2,2,fe9272f240aff6f333fbbed23b492e2243cc69bbe7f0c51dd2583983656bda27,P4,1219634309.4762516,1219634309.4762516,0.0,2379387.1100503225,0.0,2379387.1100503225,h09,5,Katrina,1217254922.3662012,16758518.745388154,1200496403.620813,1792785053.253499,89172290.81088735,1.0,0.0,13889843.844327807,R0,False,True,10400000.0,0.0,0.0,0.0,NONE,False,False,0.0,9557344.06438629,0.0,105205271.02146189,R0,False,True,78772290.81088735,1783227709.1891127,82d8e79ccbb48fac85ce9e88e415abef8fb7368b7dabf1b2522cbff0e8cc7069
E2A_CRACKERS_A080,LA-0888,888,aa6b80d4302ddc17be78cb57963bd2b1af2c4e430118c80a4decd25094b4b5ff,M2,A1_FINAL_NO_MEMORY_V1,certified,PASS,,,9a279619f61f559b247037f80a8a3000e4d690d3b63d69f2c2471b295c8fdcee,900f1708a38602805b5d277f8f7ebce798214aa55ce4a7b0e1a3f48a6f9aa033,0.5,0.8,19137905.85543848,4.0,1.0,1.0,1.0,1.0,18759ef3854917674562ee01d815096d7368e6855cc5a150b1ebc19d56930c96,3,2,2,d6613c5ddcad45750345923c25dc61cb2168e3fddd4e3f8f0eb6b13752cb45d9,P4,1224182024.4691343,1224182024.4691343,0.0,6362769.213978462,1593075.8699529727,7955845.083931435,h09,5,Katrina,1216226179.385203,11182060.771507043,1205044118.6136959,1743441655.34719,138515688.7171965,1.0,0.0,0.0,NONE,False,False,0.0,10400000.0,0.0,0.0,NONE,False,False,0.0,9557344.06438629,0.0,194094978.08298272,R1,False,True,138515688.7171965,1723484311.2828035,1f74e9a9dac340293cf646dd7bae43cd04265ef2d4bdfced154da67824d4f780
E2A_CRACKERS_A080,LA-0889,889,bd7281cc6145bfa727007cedacbce96bd33c37a958cb14e368c759fdbcda52b8,M2,A1_FINAL_NO_MEMORY_V1,certified,PASS,,,5750ab3bc74167040709e476003ceceb1bb3e7c42dda2ff0a4804240d15e4050,d8f495d14fc09c5685e2ea39d63e5c49176321a83bd30e1b10be5fd22f87b1e1,0.5,0.8,19137905.85543848,4.0,1.0,1.0,1.0,1.0,f6b16bb8bd089b2d068e809429d1e3c1cc1e9d42c41d54a1356253363008c5a7,3,2,2,3a84bbe3295b80909667ddb1551fbe3d21b5a7a6e3e449562dbe460e59628d5c,P1,1233569084.9383616,1233569084.9383616,19137905.85543848,0.0,0.0,19137905.85543848,h09,5,Katrina,1214431179.0829232,0.0,1214431179.0829232,1871277174.0996501,0.0,1.0,18471835.941427257,0.0,NONE,True,False,0.0,0.0,497620.5408002249,0.0,NONE,True,False,0.0,9277174.0996501,0.0,0.0,NONE,False,False,0.0,1862000000.0,ff229ade7522fdcf1982bddefed40162f3402c18ebb1434fbb34ea7e61305c72
E2A_CRACKERS_A080,LA-0890,890,a923dd4dcfc74d3d775512a114cd0c68d831ada21063a55b288a909c2c62b105,M2,A1_FINAL_NO_MEMORY_V1,certified,PASS,,,8e7ecb4e17b464401dd596738055695521db3b1b0b08c3da1f2b6ddddcec0859,ae3d73a64f2f2ae2c0272d328721e5e67efe30d1c71c6686e7c1b146d69b9a74,0.5,0.8,19137905.85543848,4.0,1.0,1.0,1.0,1.0,7af8a5c01f59acaa4d9e4f5023231928c59cd0613c4acb7a9a022e53cc08fb3c,3,2,2,2f291bc1df9bfbd0db161deae4e6bc6fe8bcb23d06ad8e5db60758c2945a6f32,P1,1236510855.662824,1236510855.662824,19137905.85543848,0.0,0.0,19137905.85543848,h09,5,Katrina,1217372949.8073854,0.0,1217372949.8073854,1871330022.8120039,0.0,1.0,19877297.011643942,0.0,NONE,True,False,0.0,0.0,434474.2356407252,0.0,NONE,True,False,0.0,9330022.812003905,0.0,0.0,NONE,False,False,0.0,1862000000.0,ce60461247e643bd614fd7de47754f6902e68a5551f793119acd2555f4540ab2
E2A_CRACKERS_A080,LA-0891,891,660a5251c6014b24da74ac86cceb95f9b95846079884ce51e564f76aa0a4bfc5,M2,A1_FINAL_NO_MEMORY_V1,certified,PASS,,,f72b315940611e373df38e10a243e57d552f278ef0e2df906ff3204d6b9dfcf5,a7f1d21dbff6d3c4842eac1f35b342eac79661c56fb0174f50e0240fee6de4de,0.5,0.8,19137905.85543848,4.0,1.0,1.0,1.0,1.0,db48b6ac98d0591a73747607980095d56e1af7d0250bc0eb24b746ed3b863067,3,2,2,fc9e78ff7963ba8fa08c651684ee1473a86e4f34e9278ead57def8108c0a71da,P4,1195124114.7865589,1195124114.7865589,0.0,7116113.160816626,0.0,7116113.160816626,h09,5,Katrina,1188008001.6257422,12021792.694621854,1175986208.9311204,1727403612.0197906,154553732.04459584,1.0,0.0,13544225.979285296,R0,False,True,10400000.0,0.0,0.0,0.0,NONE,False,False,0.0,9557344.06438629,0.0,187735646.40089867,R0,False,True,144153732.04459584,1717846267.9554043,da3a644a14d7ed2a19dfaf095966fa49a538ec81574ed457866823b9b79768c8
E2A_CRACKERS_A080,LA-0892,892,e130e348f913593e404e5b0d8249082940400a1954bdd8a597f872bdf8696f44,M2,A1_FINAL_NO_MEMORY_V1,certified,PASS,,,90b277400007c965a858b757b834ade6169162069b4e77729590d91b6a75525f,f68aecbea48d33fcb635f2049b532d5ad0d98ba24d9c38f66520679b42d7ca6a,0.5,0.8,19137905.85543848,4.0,1.0,1.0,1.0,1.0,86ada745616a0a6ffc2381ba2c34ea82f19a56dcb4d50d96261684a827b1826b,3,2,2,e29b308a0a01205b7bcc4bccb42d374434941dea6526d019971e66133cb47572,P4,1237386832.326878,1237386832.326878,0.0,5576843.715776079,0.0,5576843.715776079,h09,5,Katrina,1231809988.611102,13561062.139662398,1218248926.4714396,1840140267.8571765,41817076.20720984,1.0,0.0,14652549.977317285,R0,False,True,10400000.0,0.0,0.0,0.0,NONE,False,False,0.0,9557344.06438629,0.0,44263488.39108922,R0,False,True,31417076.207209837,1830582923.7927902,6ba2adc6b7184e15de9f7e2f2bb7354bfc5c19c5cd423c21e429302cf5f20b99
E2A_CRACKERS_A080,LA-0893,893,ad9c6a813bfa72fbc5e8cb59a653f02e2b9f4fbe7e5d99a8f53e57ff8c95da22,M2,A1_FINAL_NO_MEMORY_V1,certified,PASS,,,96ee2aefe32da9348e8c161438f3f66efa5e0735dbb7b4bb48a91410fb87379e,6fe7c16750fec90e8a52b4d76a6ea8dbce1cd85aaf697246a2afaf1e07855296,0.5,0.8,19137905.85543848,4.0,1.0,1.0,1.0,1.0,da5bc57ac52bcbb692c7dadf2021ebc152990dfb28df24a317adc4ff60939d46,3,2,2,3afcbb3ca212cb06d0324488ddca586cedb0dc4a6dcfe3a82c0c69f0c6827ecf,P1,1225480003.945124,1225480003.945124,19137905.85543848,0.0,0.0,19137905.85543848,h09,5,Katrina,1206342098.0896854,0.0,1206342098.0896854,1871131854.306009,0.0,1.0,15465046.098050518,0.0,NONE,True,False,0.0,0.0,632713.3391877883,0.0,NONE,True,False,0.0,9131854.30600901,0.0,0.0,NONE,False,False,0.0,1862000000.0,5e11d74f5c7cd3fa127804bae0a565aec6a505796946f9ecd20311ab1702e158
E2A_CRACKERS_A080,LA-0894,894,7e662c6869de7f543eda3ec2be61465f3195b8e5fe96e3877496861913647fee,M2,A1_FINAL_NO_MEMORY_V1,certified,PASS,,,734668430dc0478a07c3da951a25f8d021efbf2e52119bc190ae91fdf67da379,9c43e6071087ec14ca8f0e24544a9b99a90e1f3d1eec91017ccd27ce7ef50b67,0.5,0.8,19137905.85543848,4.0,1.0,1.0,1.0,1.0,93e2c63c3cb23744d5c0d864fe6b8987df83990b0b3a89cddf98a8c66fad5cc9,3,2,2,b032f3ab3328f9b2093498c46fbf1694480133fd0fcebf14bc25bc2356eaf006,P1,1224237880.701807,1224237880.701807,19137905.85543844,0.0,0.0,19137905.85543844,h09,5,Katrina,1205099974.8463686,0.0,1205099974.8463686,1871109539.645846,0.0,0.999999999999998,15087918.897321828,0.0,NONE,True,False,0.0,0.0,649657.3796922234,0.0,NONE,True,False,0.0,9109539.645845942,0.0,0.0,NONE,False,False,0.0,1862000000.0,174e846442e72a6d1061b882951c0933d6773db02d02d3e13d635e131f0e3c35
E2A_CRACKERS_A080,LA-0895,895,8e0dcb221855d3c86af66e9a1ad4f7d36f9b3f7df7dbd24cf22a5d1289681ce8,M2,A1_FINAL_NO_MEMORY_V1,certified,PASS,,,051171f9e99e1362cd79f3c2c20707234dbf33d3f4a0fc40a2b9bc659767a342,3a0738dc147fc44fa8290f831c6dedc9fe43f1b5ed0334bca3ab67a9fc01d040,0.5,0.8,19137905.85543848,4.0,1.0,1.0,1.0,1.0,8daa4f7f5699e6b863401d15f36f5e36f1e416e7974771d0e0852cd6bb3e967a,3,2,2,ad387df437370d70c087c9249184d9586d3f24c0c6333989f42c2a14ee8157ef,P4,1180051431.2246797,1180051431.2246797,0.0,2799249.7300797515,0.0,2799249.7300797515,h09,5,Katrina,1177252181.4946,16338656.125358727,1160913525.3692412,1870315733.0657022,11641610.998684198,1.0,0.0,13076408.130218718,R0,False,True,10400000.0,0.0,0.0,1561135.7844002906,R0,False,True,1241610.9986841974,8315733.065702092,0.0,0.0,NONE,False,False,0.0,1862000000.0,decba261f7a58f87f8cb606626fa7ce51cb8b125609bf8cffa0341a168ece3e4
E2A_CRACKERS_A080,LA-0896,896,24ae43a438e5db5f118a72ad93a0741789c35c3f4596402d10f4acd0d8696ba8,M2,A1_FINAL_NO_MEMORY_V1,certified,PASS,,,dccb02ab1cb9e1c2a8f7121c40731a99a89aa24315bf1d94e19c98c2a53d7e09,fde8286fa85bb44bfd00efbbc6ad27f5b4055aecffc6698752bf792df8478aee,0.5,0.8,19137905.85543848,4.0,1.0,1.0,1.0,1.0,78e60605f3f5ddec9994f5715217f9063b94ad0433219308307a39933802c968,6,2,2,472d92a619107cef1ababbab110ac94965cc4ac69748e26ec5784993ba057320,P1,1230968019.681043,1230968019.681043,19137905.85543848,0.0,0.0,19137905.85543848,h09,5,Katrina,1211830113.8256044,0.0,1211830113.8256044,1871230446.1379995,0.0,1.0,17384965.558005214,0.0,NONE,True,False,0.0,0.0,546452.8068478426,0.0,NONE,True,False,0.0,9230446.137999505,0.0,0.0,NONE,False,False,0.0,1862000000.0,bce1a423cb39063f6cb8346b441e9c6fa4c41de3152663a46f7f0721cbba1349
E2A_CRACKERS_A080,LA-0897,897,3754f684dd6354b014e5ec35bbc6ddec8e1f620aa6a46ecf9acb67d06e5f6a06,M2,A1_FINAL_NO_MEMORY_V1,certified,PASS,,,4be643e1d5ae0d985bfcc24dc92046d2cb95e4be5c1dcfdaa78f62c7239a9f24,a44dabe8bf1b3adb61a7f4664f2a185ba19d14159a8b318b4aaca09433e269bf,0.5,0.8,19137905.85543848,4.0,1.0,1.0,1.0,1.0,c7f803cb648e5032ffd62d1896f2cd9663cfe3e63ed7ea6f7da3abdb3f36e6c9,6,2,2,27dc74da315bd2a51fbf28f061fed72c5695f8052ac050df1a4c323352f5a4f1,P1,1222151040.9726381,1222151040.9726381,19137905.85543844,0.0,0.0,19137905.85543844,h09,5,Katrina,1203013135.1171997,0.0,1203013135.1171997,1871072049.7110736,0.0,0.999999999999998,14494102.252166735,0.0,NONE,True,False,0.0,0.0,676337.1133955359,0.0,NONE,True,False,0.0,9072049.711073577,0.0,0.0,NONE,False,False,0.0,1862000000.0,35b2d76d65e8a3b20e4bbce9dbd0e9f767bc4f5f40928311d04d647ddb09efb8
E2A_CRACKERS_A080,LA-0898,898,7a84304475fd6ea505e639b6bdf4081edf6be03001c088e4d4de1fee14231a1a,M2,A1_FINAL_NO_MEMORY_V1,certified,PASS,,,8da8a949b9fbd36c82a768c145bd07253af40653c83988e27f8d40f559acb038,ce98d9afae69c1130268b62987ef2d3ffbcb4b5d63bc2e4d12b9a323322ecc54,0.5,0.8,19137905.85543848,4.0,1.0,1.0,1.0,1.0,edba909e54acc8606b7972eb0351c6ce388c5a3fc2b4398e1024da33de9a72c8,3,2,2,fdb9977b14522cedba9ec3a4fff7452d7e30bc51608d0ad5493616e8b9d07d77,P4,1202651283.1588168,1202651283.1588168,0.0,9708097.850458102,0.0,9708097.850458102,h09,5,Katrina,1192943185.3083587,9429808.004980374,1183513377.3033783,1686007966.4058821,195949377.65850422,1.0,0.0,0.0,NONE,False,False,0.0,10400000.0,0.0,0.0,NONE,False,False,0.0,9557344.06438629,0.0,300385026.7788202,R0,False,True,195949377.65850422,1666050622.3414958,10b37823af536289bf20a394d2c453149b7db2914dbdf8e332a6505013fcc9f0
E2A_CRACKERS_A080,LA-0899,899,492485d80a5f2cab2e075599e542bb8df6b5f3f50b4ea87e558e3fb0c21f43b1,M2,A1_FINAL_NO_MEMORY_V1,certified,PASS,,,61bce5211f5c4c2acca70ba92e156a9c096ce6755cbb95aa41252ab82bf91201,fc8ddfc7d31f821a94f0de9467983adf1a3924850a771c141ee7da805c876c87,0.5,0.8,19137905.85543848,4.0,1.0,1.0,1.0,1.0,26c21d5f6eba55edddf0c0f9d0064d2812ed5b3d380e3ad645f2e719232c1ed8,3,2,2,1604d21051d42f97d1b0d728bd633877db8df0e8f024604bb654ed3d726adb2c,P4,1186195186.671349,1186195186.671349,0.0,2427967.1659723623,0.0,2427967.1659723623,h09,5,Katrina,1183767219.5053766,16709938.689466115,1167057280.8159106,1703585515.254933,178371828.80945322,1.0,0.0,17780031.11546363,R0,False,True,10400000.0,0.0,0.0,0.0,NONE,False,False,0.0,9557344.06438629,0.0,287167725.2647508,R0,False,True,167971828.80945322,1694028171.1905468,47b7ae0ee36a743a73df1f5406a642eb6fadf425ecd4e72a78db4636537b243e
E2A_CRACKERS_A080,LA-0900,900,e3d6e4fcfbfc4aa98bba15238b21324a67341ef1014882fd28236c53c36dce82,M2,A1_FINAL_NO_MEMORY_V1,certified,PASS,,,3f9d52000a220aa1e3f05f16334ef3eb0e3aa4252021733fc2b3a63a275abb65,01d44610b01f724296a1a3721aee162e45860eb8a74793e859322b1efe7f14cd,0.5,0.8,19137905.85543848,4.0,1.0,1.0,1.0,1.0,8379f84467ee7ffbcb8b0ad5a9aba51bc6865a6c654d46b3f91909a8bc410cc4,3,2,2,ba8a2071d7956a58680d035f878398c602b4c256f766923b398563d2301a2aab,P1,1235148736.668372,1235148736.668372,19137905.85543848,0.0,0.0,19137905.85543848,h09,5,Katrina,1216010830.8129334,0.0,1216010830.8129334,1871305552.4362772,0.0,1.0,19200847.505949996,0.0,NONE,True,False,0.0,0.0,464866.60140362533,0.0,NONE,True,False,0.0,9305552.43627719,0.0,0.0,NONE,False,False,0.0,1862000000.0,44eac6966317fcc6b1392a5ef870b3073a9e910b74c54012bc22b8b11c08be37
E2A_CRACKERS_A080,LA-0901,901,da674f2c5a79253899bbee3177fb488d4c8494e5ae10dc09a0c2bad34f3efdde,M2,A1_FINAL_NO_MEMORY_V1,certified,PASS,,,0b24ca2595d1e7efc919a33dea1abb390849c7c69a03cc5ba0ff617df7128356,439fc0594eff3041c48f70ccf98f56da86e659f1543f3de4bd91576a8a06bce7,0.5,0.8,19137905.85543848,4.0,1.0,1.0,1.0,1.0,8f97a7f1e53833afed88a5f12038d8b2a3723622f128f6b8953dadd7df35b090,3,2,2,5c5bb6018c8ff103c95576bec41ebeb871c0074e91a6e1a65bf0648215b516a2,P4,1228397068.91589,1228397068.91589,0.0,3485428.661005347,0.0,3485428.661005347,h09,5,Katrina,1224911640.2548847,15652477.19443313,1209259163.0604515,1754685371.8611557,127271972.20323066,1.0,0.0,0.0,NONE,False,False,0.0,10400000.0,0.0,0.0,NONE,False,False,0.0,9557344.06438629,0.0,168555735.6862493,R0,False,True,127271972.20323066,1734728027.7967694,948bcbde35e8c9bc9bfff0ee4c90b2696d3cb19085fe56626e784f8b22855beb
E2A_CRACKERS_A080,LA-0902,902,7aa96a0ad44a8a022edfe11070387aba04e2e307031494d3782f95f5c32b8d2f,M2,A1_FINAL_NO_MEMORY_V1,certified,PASS,,,baf0016f346739b7c6b84b2f3b0a09a2e4872a7c77d34816f111c7dac9b61260,c0fd027d5cb03e039fe6810a2fa2f0b1faef14528760f502641c91e8a8dc9ae4,0.5,0.8,19137905.85543848,4.0,1.0,1.0,1.0,1.0,f39b51441599a23cd3a4b52f0e1966ddd67f33eefca0af8fbce30171c8b9d70a,3,2,2,1d97b85cbe7e22b128adb1c6079a8fbf7dc252a96f781e9c4bfc195e18eaf389,P4,1199147983.3026912,1199147983.3026912,0.0,6575671.281996492,0.0,6575671.281996492,h09,5,Katrina,1192572312.0206947,12562234.573441986,1180010077.4472528,1676662843.0167289,205294501.04765752,1.0,0.0,0.0,NONE,False,False,0.0,10400000.0,0.0,0.0,NONE,False,False,0.0,9557344.06438629,0.0,466307544.3917347,R0,False,True,205294501.04765752,1656705498.9523425,b421859e83dfe29d3bfe7eb40b5b6e9ec841e6d10370e29a85ac89cf5cb46a5b
E2A_CRACKERS_A080,LA-0903,903,8d8c65282fcfa21f6ab81e339a81dbe1f53feabb4e1d999d367387d27ef67489,M2,A1_FINAL_NO_MEMORY_V1,certified,PASS,,,e06809730c384daac09d55176f4a0f2e2df8222c8f6a40b5064e541faa2bd1b1,ab3bafaaa1feb382c64c6eb5644c0f58bf5ca906b5a0e05220cbae2d81f07d63,0.5,0.8,19137905.85543848,4.0,1.0,1.0,1.0,1.0,850406e4ce15d3ed90948c4266151dd06c060d68573b310297e5eb9063aa93f3,3,2,2,1c9c5f73e58ccb670b5a906eacd3067bb1f845f1308b74d1d1a57d67ed75fcc4,P4,1235122476.7666457,1235122476.7666457,0.0,3275759.30633123,1983757.1921548182,5259516.498486048,h09,5,Katrina,1229862960.2681596,13878389.356952429,1215984570.9112072,1834100053.4946275,47857290.569758944,1.0,0.0,11050017.40816722,R2,False,True,10400000.0,0.0,0.0,0.0,NONE,False,False,0.0,9557344.06438629,0.0,39798433.928712904,R2,False,True,37457290.569758944,1824542709.430241,380e5c5da70a3da6fdcf7feab73a15b20a448fefa03266a3c2bbcdeb676a3cb4
E2A_CRACKERS_A080,LA-0904,904,9b89d7ba88535ab02814fa313f1c5ebb571967f208e00c5463ecc771fe647f16,M2,A1_FINAL_NO_MEMORY_V1,certified,PASS,,,a2d4099c403aaaa687ec63d7f73aefd895eeb56789a585c371801dc15c6cb262,7945b859b4668614509cafd5e9b8a7fe6021110ed9329bef94f6d8c2e506e09a,0.5,0.8,19137905.85543848,4.0,1.0,1.0,1.0,1.0,48e4ebae4cbcab8cf2e3000dd6d1b9b9e699476a05c42a2650f1b43619133c48,3,2,2,93a86986ab9df06be847406336ad06622c810c4e11c7433531cfcf524f7da15b,P4,1226056534.1067307,1226056534.1067307,0.0,3459513.831991692,0.0,3459513.831991692,h09,5,Katrina,1222597020.274739,15678392.023446787,1206918628.2512922,1748441947.807701,133515396.25668526,1.0,0.0,0.0,NONE,False,False,0.0,10400000.0,0.0,0.0,NONE,False,False,0.0,9557344.06438629,0.0,162495926.02987766,R0,False,True,133515396.25668526,1728484603.7433147,47b690ee9215281c1b185ddd6d67862a0aad24c25c68392786df9b28efff3b9b
E2A_CRACKERS_A080,LA-0905,905,0566989455b3cd4b1c72bcca08138b541c4894f343cabf6891ca282cfcbde522,M2,A1_FINAL_NO_MEMORY_V1,certified,PASS,,,412e1dc391c0a87310d5887d3bb0ff24409a6a40ade826622e617e883d681946,60d2de1a3ed05be54885015b335033cc06068e6e0e67b2521ed35672c7d160ad,0.5,0.8,19137905.85543848,4.0,1.0,1.0,1.0,1.0,744cb413012171ec7923f27ea6491d836e68247d5a9c906e29abff3ce01c6a49,3,2,2,3112e8c4f3c8073a438a949b76f53addc9f4f57ea3afe68b0d2e12d7c013498b,P4,1220306356.9214666,1220306356.9214666,0.0,7013158.973481087,0.0,7013158.973481087,h09,5,Katrina,1213293197.9479854,12124746.88195739,1201168451.066028,1733103233.591781,148854110.4726054,1.0,0.0,0.0,NONE,False,False,0.0,10400000.0,0.0,0.0,NONE,False,False,0.0,9557344.06438629,0.0,222109267.89840332,R0,False,True,148854110.4726054,1713145889.5273945,87cf56f9017503f91c7a19b74c4e56d57585f64531b6e000553a87dfebc7c696
E2A_CRACKERS_A080,LA-0906,906,7e89524fd5211364f19e986aa9f2ad7af33ae72a5416dee2ab9e98f2cba493dc,M2,A1_FINAL_NO_MEMORY_V1,certified,PASS,,,762174b23adc53b981d78518a1960dec10d4d24ccc37eeb9382bd76252bf64a2,2194f67ad91a67b6a624f4eb0e4b6c5c0148d8c2722933c212f62c917786bce0,0.5,0.8,19137905.85543848,4.0,1.0,1.0,1.0,1.0,8c7864fbb34e9511ea8e764c7b0054520254accb00981582dbde687a2bdc9078,6,2,2,abd29e9da731c37230840dea90c1fb6acf700bc281b6781dca5a161e8848325b,P1,1231594246.9945142,1231594246.9945142,19137905.85543848,0.0,0.0,19137905.85543848,h09,5,Katrina,1212456341.1390758,0.0,1212456341.1390758,1871241696.2693856,0.0,1.0,17634780.556591168,0.0,NONE,True,False,0.0,0.0,535228.8075009973,0.0,NONE,True,False,0.0,9241696.269385524,0.0,0.0,NONE,False,False,0.0,1862000000.0,4149c84a8bd302a254f0f4b093a0f7eb3ae596cc7eb197452671b07bd4608854
E2A_CRACKERS_A080,LA-0907,907,ab0b01036759ea293f6a11b4147bce84c737a610de4cedc849a92596ed3c51a2,M2,A1_FINAL_NO_MEMORY_V1,certified,PASS,,,d48174e9b48d3fe5810abcaba6a90a4ec61454ca7d50339a2efa6cbc65e638d5,38efb9fc27394610f419cd0640291b0adae6d8d124aba455385e22c39adf82ec,0.5,0.8,19137905.85543848,4.0,1.0,1.0,1.0,1.0,dcb4a3a77f643d2a163b766546d7636478f19d96132dbc93d70cbc2046d5f595,3,2,2,4d274f50a79af0a4e2de4c3ba8c2c6d9f5737221011ed11c9aa84706929c5d50,P4,1233389844.7148135,1233389844.7148135,0.0,5362147.257305523,0.0,5362147.257305523,h09,5,Katrina,1228027697.4575078,13775758.598132953,1214251938.859375,1880876655.6847563,1080688.3796301167,1.0,0.0,423458.97473498335,R0,False,True,328536.7534482088,10071463.246551791,0.0,969466.4390675274,R0,False,True,752151.626181908,8805192.438204382,0.0,0.0,NONE,False,False,0.0,1862000000.0,ebed8ffed9ab1b0cacfdf4cc5b201fade1673166c08d870b99aa77cb466d12a5
E2A_CRACKERS_A080,LA-0908,908,148ec6373d797adce1934dbb95070b06a87ee8ebecf520a3c915c70c6bfdcc99,M2,A1_FINAL_NO_MEMORY_V1,certified,PASS,,,878effac220896ba2fae201c8546c83d3af531789481da743c34e4a19b638edf,956f3633b00e484d4d89619a358bcccc0c783f1d72b908c8a9aac4c66968abc4,0.5,0.8,19137905.85543848,4.0,1.0,1.0,1.0,1.0,1f704c8f6f001c92334461b8ad7afa822a9bb9b32251c7422572955bbed766e3,3,2,2,e6fad8b1f1d5730e3b69d59ad88a1fb1a2fd791d650eb1f7aae1e1950e919a40,P4,1201960846.762148,1201960846.762148,0.0,4941930.876320496,0.0,4941930.876320496,h09,5,Katrina,1197018915.8858273,14195974.979117982,1182822940.9067094,1745640733.166795,136316610.89759132,1.0,0.0,16187110.014876911,R0,False,True,10400000.0,0.0,0.0,0.0,NONE,False,False,0.0,9557344.06438629,0.0,195983272.4326692,R0,False,True,125916610.89759132,1736083389.1024086,d11b8126b96f70d89e7d054991e501b398d412b36a44423360f00b98af47bc8f
E2A_CRACKERS_A080,LA-0909,909,943af5b4927aacb94d1b9f8cc261cabeb24b0e3858149fb64d0248aebec1ca32,M2,A1_FINAL_NO_MEMORY_V1,certified,PASS,,,90b5b672c57fc0571cf9e4c50c53877fc384140e7bbd7a9bc1f6f851e6ff2c14,ff162f2d11f29733e2e3837a44c62119d0698842d2d4635fe8b55197f40e1ea7,0.5,0.8,19137905.85543848,4.0,1.0,1.0,1.0,1.0,47efdddcdcc34ad8e9b15a9a3a422d3e06eba54e9537e41235e9ac4a37eee620,3,2,2,11a9f1e76804b5becbda58ece31e70aab9b4fd047d1ee36ccebe75ab58648f4c,P4,1235815012.6274734,1235815012.6274734,0.0,5413145.106936408,2061750.8158140318,7474895.9227504395,h09,5,Katrina,1228340116.704723,11663009.932688039,1216677106.772035,1835947406.9432714,46009937.121114984,1.0,0.0,15393479.376301436,R1,False,True,10400000.0,0.0,0.0,0.0,NONE,False,False,0.0,9557344.06438629,0.0,52707772.371661,R1,False,True,35609937.121114984,1826390062.878885,6f52c7c53ae3df75676002c2bd32b159fe3d19603278712b8cdf82d9acc97e52
E2A_CRACKERS_A080,LA-0910,910,d2bb792cdf2fdfec29cbe0116d88f9888be70591a283e8ee270a8a3792f47299,M2,A1_FINAL_NO_MEMORY_V1,certified,PASS,,,899bfd0a5893cde05e6331ca39d35f38aeca667a23f448a36566eddba0b10502,7c4ee51cfed5adf78b5bf3dbdcfb50643ce0595a9579cd47a8363548f6499a11,0.5,0.8,19137905.85543848,4.0,1.0,1.0,1.0,1.0,6ccdbe8eccc9c26feb1a476913e26d53623af4ebde7b880e68e25bec76ba2f8c,3,2,2,4233b81bdcb741ffb20dbead447b7b738065e6be8121b5c4d3fd7a6334fb7bac,P4,1208709081.4587286,1208709081.4587286,0.0,5299279.466801177,0.0,5299279.466801177,h09,5,Katrina,1203409801.9919274,13838626.3886373,1189571175.60329,1702167266.1815748,179790077.88281164,1.0,0.0,0.0,NONE,False,False,0.0,10400000.0,0.0,0.0,NONE,False,False,0.0,9557344.06438629,0.0,321717695.0256252,R0,False,True,179790077.88281164,1682209922.1171885,16c0aa66b716a1a2358916a888be135265f1b9a1d7e4dd37351076295b58d095
E2A_CRACKERS_A080,LA-0911,911,1fab38f857865f857de302b4f6ff2ab2455b67b4c9460828748396f36d346d99,M2,A1_FINAL_NO_MEMORY_V1,certified,PASS,,,aae1d1edea1be832dcd2ad3bc65d12199e0e58fdea43d677e36125447f06beaf,0bf9de6c570c8f772d35db250b0ebcd30773559c6adebf20f09be4f230868341,0.5,0.8,19137905.85543848,4.0,1.0,1.0,1.0,1.0,7ebd51552d07fab6559a2b3ad978f3ec029776dd551037165794d71f8110284e,3,2,2,a4125c5191b21376882b25c6d681387dbee525137b8bcc5093b2b2f2a0771979,P2,1219042788.8936634,1219042788.8936634,9032492.509437036,3169243.775356074,0.0,12201736.284793109,h09,5,Katrina,1206841052.6088703,6936169.570645369,1199904883.038225,1791207160.1074574,80350183.95692888,1.0,13945487.894761518,0.0,NONE,True,False,0.0,0.0,0.0,0.0,NONE,False,False,0.0,9557344.06438629,0.0,108731789.69122693,R0,False,True,80350183.95692888,1781649816.043071,22ccb446054fb6443e6fea0a408d6d90e44474783972f6df109c2710af708e96
E2A_CRACKERS_A080,LA-0912,912,6f0922c36446024ce6f1ea90ad99ff8c0f3a14d53346d2de9f21f2cefa469d44,M2,A1_FINAL_NO_MEMORY_V1,certified,PASS,,,1245e2623c2731f859f5e681f88a1b6b964fee585a7dd8df9636e7a509078849,ed8e3406727dfafe99cf0665ecd5c76169508c0d7b71751297e4acfbaa48cb7e,0.5,0.8,19137905.85543848,4.0,1.0,1.0,1.0,1.0,ce5e09f080a75ea4dcf340d7d561f67021e499f77139b7302acd2a203b64f820,3,2,2,4c98ede294c836548021f326a21f26b242a4918d46ad64abb01cadab5f931693,P4,1202474425.349511,1202474425.349511,0.0,5226680.667358873,0.0,5226680.667358873,h09,5,Katrina,1197247744.682152,13911225.188079603,1183336519.4940724,1870718560.640523,11238783.423863284,1.0,0.0,12380152.523515355,R0,False,True,10400000.0,0.0,0.0,998487.1847715285,R0,False,True,838783.4238632849,8718560.640523005,0.0,0.0,NONE,False,False,0.0,1862000000.0,ff1b4e405179be0721e39aa8032af619c488a32e18f1bb15964537c54c6ec84f
E2A_CRACKERS_A080,LA-0913,913,132e1c63be0d88f31cc023ff2ef6d20b57c18f5962a09b812b00fc5c77926117,M2,A1_FINAL_NO_MEMORY_V1,certified,PASS,,,c4bc48cf8a38c1f31d0017fcf389666a3a56a1412e8f41fbf744919c26822d3e,e78111eaf44dd1f6b93704aa8ea957d43f43e08325f0ba9312385059ee6bdacc,0.5,0.8,19137905.85543848,4.0,1.0,1.0,1.0,1.0,eafa5958986518860bdc69d06386381a5330e36d02f696921469f452183ffc25,3,2,2,a1d4ce1a6260b44c63a2cce15b30487d7101383b92ebf70c8d5ab2324ec49dfd,P1,1220970980.6050298,1220970980.6050298,19137905.85543848,0.0,0.0,19137905.85543848,h09,5,Katrina,1201833074.7495914,0.0,1201833074.7495914,1871050850.0062804,0.0,1.0,14178550.931384305,0.0,NONE,True,False,0.0,0.0,690514.596086353,0.0,NONE,True,False,0.0,9050850.006280387,0.0,0.0,NONE,False,False,0.0,1862000000.0,d9fa6ef68850d25bc2279cfd2dbc75d736ccc77666c1ceed01a084af391e8286
E2A_CRACKERS_A080,LA-0914,914,ee8287c989d9f42998cac1b0ade9bc594e098eb99d83ed33e878189f5cc95b45,M2,A1_FINAL_NO_MEMORY_V1,certified,PASS,,,1d29fe8a71c67a387e7a61ce0e85ebcd8968d5e3e8207dd2d385117de2e2b74b,663f493f16f0700e13d30c199b9ffec8598ea4a3081af7144c9ab504b83bf900,0.5,0.8,19137905.85543848,4.0,1.0,1.0,1.0,1.0,2101246f2b46199d5f29e249b8bffe021c0421fe1e3b66e69c14008a71d750af,3,2,2,657b9451359ca912579ad299713963bd897609405bf4398a498250c1985d6efb,P4,1212254701.0327225,1212254701.0327225,0.0,6883986.217102075,0.0,6883986.217102075,h09,5,Katrina,1205370714.8156204,12253919.638336403,1193116795.177284,1773099798.122446,108857545.94194025,1.0,0.0,20834416.584864948,R0,False,True,10399999.999999996,3.725290298461914e-09,0.0,0.0,NONE,False,False,0.0,9557344.06438629,0.0,197240916.1613329,R0,False,True,98457545.94194025,1763542454.0580597,b8bbc57e9046a868d18a250506ae74e9631fa976f6ec822f17191f149ade7097
E2A_CRACKERS_A080,LA-0915,915,e58672579ae09ec124663f1099e1b7314845f690492baa0ca85c6f14acb8d502,M2,A1_FINAL_NO_MEMORY_V1,certified,PASS,,,a57a3de02b9ec90e1bb6eac5c0e5ce1880f9e01a2266c3f997bb1fc4e57679ee,1d4dd5dac633864084ef089cf68f84e71993ba6710a9f87bbb9fb4b39b592a2c,0.5,0.8,19137905.85543848,4.0,1.0,1.0,1.0,1.0,23048b059fb25853a7a93dbe1f21473d2df996aa9d07aca2c75e44eed4bee3e1,3,2,2,b5f5da42ef39eb17c9b7f8b5b6c7b84b44fcb7a523c89198c409595ce2c25333,P4,1220325174.7946546,1220325174.7946546,0.0,7955693.725271636,0.0,7955693.725271636,h09,5,Katrina,1212369481.069383,11182212.130166842,1201187268.9392161,1733153430.6500077,148803913.41437867,1.0,0.0,0.0,NONE,False,False,0.0,10400000.0,0.0,0.0,NONE,False,False,0.0,9557344.06438629,0.0,226914813.19515702,R0,False,True,148803913.41437867,1713196086.5856214,d82aa90af495fa33580044ffee79ee789fe489cb06bce3ef6ccfb88fb5f00c5a
E2A_CRACKERS_A080,LA-0916,916,c6e6f7a688502f97b5baa067225c49777373c2dc1378cdb460f5d4a4d5f08b90,M2,A1_FINAL_NO_MEMORY_V1,certified,PASS,,,d1df65fdf0327e7a2e4c389f036312fddb262ba92512f84b97b1bfbc4162e424,07f6f7a0117d15a66cfab1eae077f3897d563e3b684d63dc44a605b3f819ba8f,0.5,0.8,19137905.85543848,4.0,1.0,1.0,1.0,1.0,758d709afb2d6ff8878f4eec2e0bf1815063e7c4e8d625466df47e4ec9ef5b98,3,2,2,73b4778fcb8ca59ed86db0d39649b128d927dba8351f0a1eee515b48c28cdf3c,P4,1220083827.659578,1220083827.659578,0.0,4506302.3251594,0.0,4506302.3251594,h09,5,Katrina,1215577525.3344188,14631603.530279078,1200945921.8041396,1793984152.1206741,87973191.94371219,1.0,0.0,16936722.209551238,R0,False,True,10400000.0,0.0,0.0,0.0,NONE,False,False,0.0,9557344.06438629,0.0,126330346.4287357,R0,False,True,77573191.94371219,1784426808.0562878,fb833503fc16c2932230c001662e2034345212d8fa428e9ef2119616e0b35653
E2A_CRACKERS_A080,LA-0917,917,53b2f126dadb2bfdb0db5f2365c08e9d960d901a7515d6cd3bfe3def58112185,M2,A1_FINAL_NO_MEMORY_V1,certified,PASS,,,5f31d8066c39410db00cef29de31cd0d96ac066b7a6df2241dc6b097f5331a60,1d4250f66a7d0368c1f536bb93430ae8c39074def63b01db8834f226c3790a90,0.5,0.8,19137905.85543848,4.0,1.0,1.0,1.0,1.0,bbd58ecf56140041b45c95d2f9a7aee88c6d6f260dfa9e548d57c141ce434f66,3,2,2,66c9eec0faa2e3c0634376a1f08a91a5a0a6f4304639c1e59f99a117c62c90e4,P2,1222659294.76379,1222659294.76379,9509040.02507649,3260022.2990702186,0.0,12769062.324146708,h09,5,Katrina,1209890232.4396431,6368843.53129177,1203521388.9083514,1800854262.834001,70703081.23038521,1.0,14681241.354140017,0.0,NONE,True,False,0.0,0.0,0.0,0.0,NONE,False,False,0.0,9557344.06438629,0.0,91526193.76050085,R0,False,True,70703081.23038521,1791296918.7696147,9e877d1945740b226abdb4b6cca4017eb4f02cca736bb73e852a0c36cd07147e
E2A_CRACKERS_A080,LA-0918,918,f915c002b7595d6919c35ef0a1d53f7e1c94a4e7b910d1ce409454de4500b1f5,M2,A1_FINAL_NO_MEMORY_V1,certified,PASS,,,6a11caefa26391922783ae342f364d73a2c8b65a6805c24f3c21135f6712be09,94dfe22ea4179a5532e4fa3ffb3576ea216a1982aab4bc8576054ac3eb2e4c1f,0.5,0.8,19137905.85543848,4.0,1.0,1.0,1.0,1.0,37a810033668a7b4d01c4c047ed1b1ee6b6775526faacd38d3a1737812fe2bce,3,2,2,bb3528cf72e64801bd0fd1955fe085ef7dc3fe502a17f244d0ec7e8618c7ff6f,P4,1173825070.100649,1173825070.100649,0.0,4904706.463730553,0.0,4904706.463730553,h09,5,Katrina,1168920363.6369185,14233199.391707923,1154687164.2452106,1670587978.5213122,211369365.5430741,1.0,0.0,29206678.09099315,R0,False,True,10400000.0,0.0,0.0,0.0,NONE,False,False,0.0,9557344.06438629,0.0,564389188.9968939,R0,False,True,200969365.5430741,1661030634.4569259,d2e877de80832a63e46cab767b4eb48ad9551035e6cc9341a418ad6f8697f9c1
E2A_CRACKERS_A080,LA-0919,919,8ae12f4ee6def6d39debe252f82181a0157c9834405d32dce6602884baf15309,M2,A1_FINAL_NO_MEMORY_V1,oracle_failure,FAIL,oracle_failure,Full exact certification was incomplete,df6c4b2f489f4bb3919c33f068fd839ccf4dae0b94340eec72133dea402fee5d,576e362667ec57f60156a144fe7913adc7e09ee9578c1e6512cbc27bc59b6d02,0.5,0.8,19137905.85543848,4.0,1.0,1.0,1.0,1.0,338661d7674e90f45b186729654d9944d60d199e1a7c2bd3458aa9a1e29f5966,3,2,1,,,,,,,,,,,,,,,,,,,,,,,,,,,,,,,,,,,,,,,5c04fc0a05354771fab8a22fda73612346437a2c69072f099a24aec42ec3bc75
E2A_CRACKERS_A080,LA-0920,920,facc5e6b1b8b087f1db54b46a7ac8329a7c54bc20cfe54e9276d641b5492e508,M2,A1_FINAL_NO_MEMORY_V1,oracle_failure,FAIL,oracle_failure,Full exact certification was incomplete,093b055d41ab3a344caae16175f292926061a0b19fd45b545519bbdf23c831ef,7a134e3e4c259ef7ee7578247d6a6f22738897757b42bbe1052610b6d604235f,0.5,0.8,19137905.85543848,4.0,1.0,1.0,1.0,1.0,a77ede1f2f12d8732c9a935273653a40a2dab41cc54f5a826b6bda828631e90f,3,2,1,,,,,,,,,,,,,,,,,,,,,,,,,,,,,,,,,,,,,,,669e34691e4217babe4e710e8697192d925945261e30484468ca09a641cf4db2
E2A_CRACKERS_A080,LA-0921,921,d8451c7b32c1dc3e8114533677b31fc780f2634a99a80ddf70e4272b8c26355d,M2,A1_FINAL_NO_MEMORY_V1,certified,PASS,,,d6a57d18ff5903faa7a862cf00cc13d669c2f71ebaf8a33522947287d0801293,cbe21fbd918bef77e3a2e75ed61c79a6fdd08c5d414f995bec43c671fdbfd0b7,0.5,0.8,19137905.85543848,4.0,1.0,1.0,1.0,1.0,22e43d91c9f954276a1f27e6c18cc5ba9e296e6b652546631d2e5fa924a5ae00,7,2,2,8541d65860af0063d20e2e00d44f1e48b5410ca44f7c3d31c14e923ee5cff2f4,P1,1226408538.35541,1226408538.35541,19137905.85543848,0.0,0.0,19137905.85543848,h09,5,Katrina,1207270632.4999716,0.0,1207270632.4999716,1871148535.363969,0.0,1.0,15759511.712314371,0.0,NONE,True,False,0.0,0.0,619483.2213771129,0.0,NONE,True,False,0.0,9148535.36396902,0.0,0.0,NONE,False,False,0.0,1862000000.0,9da8025a16da89e688de537f6bded43925b7fcacaa03aed757bad9426deeb07a
E2A_CRACKERS_A080,LA-0922,922,b8d517ce6296bbcdc203cc85932e1d446893b5043ec89f38c4bcc2164b03dff0,M2,A1_FINAL_NO_MEMORY_V1,certified,PASS,,,9a583e666b499f07d93f08bcd8f01f4ab358a354536eb4a8d504ea0669584e3a,d4e8d5965f6744e9043bf67fd34fa7f2aa1921c1b38b2de59d3dddccab9a7d06,0.5,0.8,19137905.85543848,4.0,1.0,1.0,1.0,1.0,1986ad21c66a420b28105e79c6f8b6618c6ca10eb1f7a0648e095cdaadf0568f,3,2,2,052d8fe610b803e7095b32c19700e3ba303f9b8849d498cfca1cc61f3f9e7d3a,P4,1204078052.5074265,1204078052.5074265,0.0,2207699.462344428,0.0,2207699.462344428,h09,5,Katrina,1201870353.045082,16930206.39309405,1184940146.651988,1751288422.4147644,130668921.64962201,1.0,0.0,14669453.988549847,R0,False,True,10400000.0,0.0,0.0,0.0,NONE,False,False,0.0,9557344.06438629,0.0,169642251.19150352,R0,False,True,120268921.64962201,1741731078.350378,8a2e9507af30ed086b8e11eed36c835fea3219f43de26843ac9b2ccd24370b50
E2A_CRACKERS_A080,LA-0923,923,86df9f8970c879fac20b8e9ef711983d5c6e554b1ebdb54b3419449ed043fa9f,M2,A1_FINAL_NO_MEMORY_V1,certified,PASS,,,d28c16e336096e0a4e27410b1ba0b507be0596808d33e876c439d1d020d52722,41ec494158d9deefba4d8141a4de59083582ecc62e4d1096958666761cdc1f20,0.5,0.8,19137905.85543848,4.0,1.0,1.0,1.0,1.0,12c3773e80b10300ff7aaae1cc14972b79dd3bfef9310f44c6291d6afbc2c79e,3,2,2,e0495c14414877a0384573bdb31cbd2cddeba6d97cd1576a842a9d4352b0f4b0,P4,1152764579.8615081,1152764579.8615081,0.0,41367.29671872924,0.0,41367.29671872924,h09,5,Katrina,1152723212.5647893,19096538.55871975,1133626674.0060697,1869825526.6241388,12131817.440247355,1.0,0.0,12781263.873211432,R0,False,True,10400000.0,0.0,0.0,2128347.66192606,R0,False,True,1731817.4402473555,7825526.624138935,0.0,0.0,NONE,False,False,0.0,1862000000.0,a6a284f6a5e0727e5e5cd40e1fc41019b8153bdc1269fcc8bcec0d8eeb8c1da8
E2A_CRACKERS_A080,LA-0924,924,644cc77bdb375f8f6c96fa36295b971ac0b62af31e282103a28c9a533d6053fc,M2,A1_FINAL_NO_MEMORY_V1,certified,PASS,,,791da12955acfbabf9710ab936ca6f7240f1ab6d6144f69cb797ee4bb486c86d,a13f55a4d5df1bab1b61e494a1f28cb81c5ded5114c3aa373ffa3ea626d36185,0.5,0.8,19137905.85543848,4.0,1.0,1.0,1.0,1.0,441bbbd2dccda6c6ece207c80329f0dd29b7e700184984067663e73fd4b059b9,3,2,2,d9342705e24a3848180fce9a4f01c780309f3268ffe5d293ed57e5360d027714,P4,1232472045.4379601,1232472045.4379601,0.0,2698027.0168292196,3871640.5618247706,6569667.57865399,h09,5,Katrina,1225902377.859306,12568238.276784487,1213334139.5825217,1871257465.8591285,10699878.205257919,1.0,0.0,11234751.43596256,R2,False,True,10400000.0,0.0,0.0,323947.7978014698,R2,False,True,299878.2052579193,9257465.85912837,0.0,0.0,NONE,False,False,0.0,1862000000.0,82cbc621264f58b7909af955d015ccaa68aaead274801c8491d55decfc275333
E2A_CRACKERS_A080,LA-0925,925,4dfda4bc0ee7248e080300b564d60d5217502a1f39ef08a8cf411018fa42116e,M2,A1_FINAL_NO_MEMORY_V1,certified,PASS,,,336931515853758b3dd26b385dff8b803ce5eb2d42dc58186b98dcb9a6dda0fc,77c99e40d35c344e62b05025b5418da1eec0553b2c31074f98c7abab17dfa2fb,0.5,0.8,19137905.85543848,4.0,1.0,1.0,1.0,1.0,fb9c05c3dc8d947858a444470e992a5012199387a003edf688d11b6c0b02896f,3,2,2,36d5f39fb673ad983a08978b77456a62aa72174eb35a323f8f3958e3cb8abf74,P4,1227665391.629992,1227665391.629992,0.0,8627919.44117886,0.0,8627919.44117886,h09,5,Katrina,1219037472.1888132,10509986.414259618,1208527485.7745535,1881087061.7593877,870282.3049986497,1.0,0.0,0.0,NONE,False,False,0.0,10400000.0,0.0,1515150.0263708746,R0,False,True,870282.3049986497,8687061.75938764,0.0,0.0,NONE,False,False,0.0,1862000000.0,7efe97b03b9d2ea4cff83064d097e34a0915dbe1d2081a2af9e3ecb93a6069e8
E2A_CRACKERS_A080,LA-0926,926,865c0fe1a9365d3840774e5c5ed1646f9d29a10f925f7e663f4e726855231663,M2,A1_FINAL_NO_MEMORY_V1,certified,PASS,,,6d34526e77ad9340d93954f0ce1dfa6d19ae92d12a1a718e6f152394dbb0c168,1475ef2b51cd46834f5c89180cdbff6eb35a9ef2619535098853948f0a45c0eb,0.5,0.8,19137905.85543848,4.0,1.0,1.0,1.0,1.0,55c4c05429e1fd0ed57ff9e54071718334e1b411f42e8f64922dd50298c28f2e,3,2,2,edb60d8ca041a95dbcfcfa91b38e34c789a4b79db500a68d19110203518a2025,P4,1213056464.9792695,1213056464.9792695,0.0,2913247.037633844,0.0,2913247.037633844,h09,5,Katrina,1210143217.9416356,16224658.817804635,1193918559.123831,1870908666.2676744,11048677.796711832,1.0,0.0,14083205.055425528,R0,False,True,10400000.0,0.0,0.0,878409.8486533037,R0,False,True,648677.7967118315,8908666.267674457,0.0,0.0,NONE,False,False,0.0,1862000000.0,1cb3c5af728f3ecd1244a6974fa5dc8218e9eab2db8e9ffe6b46d9d4e9f62646
E2A_CRACKERS_A080,LA-0927,927,180dc572142d09eae64ab1ff4cdef1f3b9eae566ddd5fbe1049bd9da1419be57,M2,A1_FINAL_NO_MEMORY_V1,certified,PASS,,,43069c9bdf679cdd11ba36bbea87029216f0c3d931b16cbf9c7189fc13b71650,d8ff1d43537fef6c7e3b80efbfb0468334565b132d095a4a505543b883f497fc,0.5,0.8,19137905.85543848,4.0,1.0,1.0,1.0,1.0,1c37ccac172c23f80229a48ada7f6ce65caa82d57c2223ee6abe26c6415e62c0,3,2,2,dbc9589632413aa7bc34c3604b351d11ff9b1407d27ce6f7ab3e0fa6a4c41734,P4,1227771228.688384,1227771228.688384,0.0,7542687.411854168,1462741.3772031728,9005428.78905734,h09,5,Katrina,1218765799.8993268,10132477.066381138,1208633322.8329456,1753015930.3665287,128941413.69785765,1.0,0.0,0.0,NONE,False,False,0.0,10400000.0,0.0,0.0,NONE,False,False,0.0,9557344.06438629,0.0,176314552.13452187,R1,False,True,128941413.69785765,1733058586.3021424,3f90df1dc44d650e6f85e87acf2807e407f7a3f07ced762bf1f9c93abd71dbff
E2A_CRACKERS_A080,LA-0928,928,3876c4b5409bb53973ba98f41564b3c80296a2ec3754233040481a971535c43b,M2,A1_FINAL_NO_MEMORY_V1,certified,PASS,,,420b4972bd4358732ed6d419995734250f8fdad6b02e090294071abb9c74b413,477f70c81db1b9f7b1d31f133723dafe6666fd7fdda43512cd587b5a177e0b33,0.5,0.8,19137905.85543848,4.0,1.0,1.0,1.0,1.0,45721de58fbc525874214730a88b090cc2f05f985fc9ad8c810012df20823442,3,2,2,7eee3a198cb818bc0f23f11bf656833ba698192eedffa267713d48593506ade7,P4,1234076341.462944,1234076341.462944,0.0,2909470.5850500655,1938804.9153641404,4848275.500414206,h09,5,Katrina,1229228065.96253,14289630.355024269,1214938435.6075056,1881202234.040089,755110.0242974428,0.9999999999999998,0.0,0.0,NONE,False,False,0.0,10400000.0,0.0,1182846.3704354228,R1,False,True,755110.0242974428,8802234.040088847,0.0,0.0,NONE,False,False,0.0,1862000000.0,b7462332b423c86ffc7cec594561f84abbc37a66c70f5b1ccbc6bc8efd8595c9
E2A_CRACKERS_A080,LA-0929,929,c90fe358f2a680438d98c93b67b3bbfc99d084a3c0027d775a0d0d850db28b6a,M2,A1_FINAL_NO_MEMORY_V1,certified,PASS,,,b44146846d788e4e6c56a32fdc53ebe9b25b1ae7d1547cf29a8158ddbc4fd1e0,0cac7973d86085d1b673e2d82c0e474fdc454a620351f474a49efcfdaf71847a,0.5,0.8,19137905.85543848,4.0,1.0,1.0,1.0,1.0,858a67f4c13b536209e243f3e28bd2f63613f7198c152c38c1f2d44897f3d7c2,3,2,2,f70c79644bed81703e5178b67072414e13d11b0240aa96cba0893e98b09c9781,P4,1224443965.4041293,1224443965.4041293,0.0,9659831.777990693,0.0,9659831.777990693,h09,5,Katrina,1214784133.6261387,9478074.077447785,1205306059.5486908,1744140388.1016576,137816955.96272883,1.0,0.0,0.0,NONE,False,False,0.0,10400000.0,0.0,0.0,NONE,False,False,0.0,9557344.06438629,0.0,228729796.6868472,R0,False,True,137816955.96272883,1724183044.0372713,db43c3fe3d2895ce20d1308e988214dd6ec504d3712f5fd4fa3878471c0ea839
E2A_CRACKERS_A080,LA-0930,930,d733d147cd567bc1b4389530bbaa6a62ee7daa1f91430d98a94b27d7c899856c,M2,A1_FINAL_NO_MEMORY_V1,oracle_failure,FAIL,oracle_failure,Full exact certification was incomplete,df48d8c07630ab36676cae0eea566fb6930858c40593cad2dc1081ac172304c0,5512873538bca09decf7a7b67a3a68d0452c9d2b691d0effe341be87fe86216a,0.5,0.8,19137905.85543848,4.0,1.0,1.0,1.0,1.0,e08fdcef5b8ac2727f112af856269e0ef613ae7011a38e70dc32846c14ae1f0a,3,2,1,,,,,,,,,,,,,,,,,,,,,,,,,,,,,,,,,,,,,,,2f78a12dd700083ee5dd7c6d2cf0116f6dfadc556bc7dfae709db2a7bbd3a6ac
E2A_CRACKERS_A080,LA-0931,931,f78111fd83629cd3566f605ec444dedf6ee71ab83de3b78f6fe6e438534bdbf6,M2,A1_FINAL_NO_MEMORY_V1,certified,PASS,,,115482ea65003b2958fb4ea06b8a0c9d0d68574c29a6473aa361031cf0d63a49,a6f5da3ea46dd3f5435fba96ddf70083f9a233ad53d96bbd51d9a5ea40e2243d,0.5,0.8,19137905.85543848,4.0,1.0,1.0,1.0,1.0,e8fb7d4592ec3b6e851831675efd2bd83d821bbade67fc149f70fb3980878b6f,3,2,2,5ea3866caead45aa431b2599754e0fd9746ab23f3bd46cfdc55aa7bc9bf5c212,P4,1233096119.9609916,1233096119.9609916,0.0,7165567.402680063,0.0,7165567.402680063,h09,5,Katrina,1225930552.5583115,11972338.452758413,1213958214.1055532,1828694705.6349018,53262638.429484494,0.9999999999999998,0.0,19660532.729299497,R0,False,True,10400000.0,0.0,0.0,0.0,NONE,False,False,0.0,9557344.06438629,0.0,81029067.8564433,R0,False,True,42862638.429484494,1819137361.5705154,113e17aeb5f875abe6d649b9604424aee297361d7a838d5e08cd109deb68fb3f
E2A_CRACKERS_A080,LA-0932,932,0f662ef02e9c89aa449a153b94a6863e0186e5b5965876ba8d2251ecb22c7422,M2,A1_FINAL_NO_MEMORY_V1,certified,PASS,,,ccbf8e1fae8b254a960ddcb3070dd6a1573d61ac842e94ef3778e1459130cddd,33578806e027d8326ac8004053c484dc745e3c3146aea55dedd8958cb9d2d3b4,0.5,0.8,19137905.85543848,4.0,1.0,1.0,1.0,1.0,2a13de82b64dbfb033f2152f5a8d476ffa34342a742a05488b9efbc9de09d98e,3,2,2,65a3feed6780347705eb3516d434a3145c188f616f520095410c19fe7b84e807,P4,1218658895.432893,1218658895.432893,0.0,2801096.1974331504,0.0,2801096.1974331504,h09,5,Katrina,1215857799.2354598,16336809.658005327,1199520989.5774546,1790183116.5181215,91774227.54626493,1.0,0.0,12508780.458957655,R0,False,True,10400000.0,0.0,0.0,0.0,NONE,False,False,0.0,9557344.06438629,0.0,97874264.1724512,R0,False,True,81374227.54626493,1780625772.453735,1e7433df02382a2b5cfbe3e2ea3e189fd8998dc705b7b94cd171a34809fc69ba
E2A_CRACKERS_A080,LA-0933,933,6a51ce71da772812bff1f3545f73b627f2a56e4185c26c60e557d0ca2dcbb8ca,M2,A1_FINAL_NO_MEMORY_V1,certified,PASS,,,34135afcb326f07778ad87c915609bc9f7ea26456358528bf2f58ae54d3262aa,0d1f9fce990e3526a9cae94b7d4187a3f9e7275fe322b2f4a48f3307ec1514a5,0.5,0.8,19137905.85543848,4.0,1.0,1.0,1.0,1.0,ff7a457f96a9f139fe7153fd41f75c24f95d666fe5638e65c1974e832dad1603,3,2,2,9e09a2ad5e8fc4ea2198c0f80ade302cde114ad908fe1741ab2f0c2859a8369a,P1,1237686815.5528734,1237686815.5528734,19137905.85543848,0.0,0.0,19137905.85543848,h09,5,Katrina,1218548909.697435,0.0,1218548909.697435,1871351148.8519948,0.0,1.0,20500836.59612322,0.0,NONE,True,False,0.0,0.0,406459.0727059843,0.0,NONE,True,False,0.0,9351148.851994732,0.0,0.0,NONE,False,False,0.0,1862000000.0,eb6db89843381525a3ab7f70ff36adec7eea75c982d28473ce2f4855aaef67f3
E2A_CRACKERS_A080,LA-0934,934,3e99079f343295d1a192f27492c09e07f91cee4dd524309416e4f2fb7aadb9a2,M2,A1_FINAL_NO_MEMORY_V1,certified,PASS,,,f0027fd6bb1ecc04431eb55f0e1355f90267d8bb7386c29558da4801a961698e,339c8ad1a88845b95061bd5c16f63fc61e75b4877be0b72aa10b0913a6c742a5,0.5,0.8,19137905.85543848,4.0,1.0,1.0,1.0,1.0,4bd7d8dfb8aa862f30656d689d7a44c4768fdc76822d21f3c6f6ef5fe61e0635,3,2,2,50ad50850f8d9e28f8f9bca1d009d03cf55879613c2729a9ccb15d3a39af1f79,P4,1177625743.09311,1177625743.09311,0.0,2765752.419542752,0.0,2765752.419542752,h09,5,Katrina,1174859990.6735673,16372153.435895726,1158487837.2376716,1619251830.9339795,262705513.1304069,1.0,0.0,0.0,NONE,False,False,0.0,10400000.0,0.0,0.0,NONE,False,False,0.0,9557344.06438629,0.0,325752101.7347084,R0,False,True,262705513.1304069,1599294486.8695931,c533520f3c47c51acd7901a9860f0e4bd999247dbda52c427513e542cfc25ba4
E2A_CRACKERS_A080,LA-0935,935,361ac60ffd230d82417e3831ee7d0fbcff277cbce49e8d82ca7ce0891ab65f9d,M2,A1_FINAL_NO_MEMORY_V1,certified,PASS,,,51bd12cabae514ffb04da669cff65c68c3327181591c27436956ece7e4ccbc19,276065268189939300e5966cf37c1c0a5750e871066dbc7d59caaabd29063063,0.5,0.8,19137905.85543848,4.0,1.0,1.0,1.0,1.0,717ae208085cbc81803fc88527d4e9bad0517bb2a893babf021a3b8fced092cc,3,2,2,70a8dcdab2df4136582cc1be9aadf02a52eb78158dd0df251548288a8fcb8a2f,P4,1236472696.1694214,1236472696.1694214,0.0,5505900.275594374,0.0,5505900.275594374,h09,5,Katrina,1230966795.893827,13632005.579844102,1217334790.313983,1837701791.1247375,44255552.939648956,1.0,0.0,31505630.75455458,R0,False,True,10399999.999999998,1.862645149230957e-09,0.0,0.0,NONE,False,False,0.0,9557344.06438629,0.0,102561591.33729373,R0,False,True,33855552.939648956,1828144447.0603511,565d2d221ab5b6ae4287073407b6caed8a19cde092913a79c7d52c0ec1faea38
E2A_CRACKERS_A080,LA-0936,936,6d3097d19551331dca2d5ad1d1218cf94fa1ee8868b2d04d37794dceb4136207,M2,A1_FINAL_NO_MEMORY_V1,certified,PASS,,,d004cc5cab36cf0cd7801b1cd544661826e87d2e86e2316e999cee674039e421,a1102b971ac1d95421294e86ad6421e2f0b5b961669b5f6a0c1a952f33eae258,0.5,0.8,19137905.85543848,4.0,1.0,1.0,1.0,1.0,df5333ba297dcd7cc460c55782ca792fa3a49af48b96b342351ef99db1a6a355,7,2,2,60198cdaff55efb73654faacb637a26432070ce9a5c5b6d687092bb630952bcb,P1,1227519462.5212595,1227519462.5212595,19137905.855438434,0.0,0.0,19137905.855438434,h09,5,Katrina,1208381556.665821,0.0,1208381556.665821,1871168493.0415676,0.0,0.9999999999999977,16126895.988992782,0.0,NONE,True,False,0.0,0.0,602976.9230971012,0.0,NONE,True,False,0.0,9168493.041567639,0.0,0.0,NONE,False,False,0.0,1862000000.0,8a9b1bea41414783d66796abc69ff4ed158a9e96ffa55fc2be7259740ce3b342
E2A_CRACKERS_A080,LA-0937,937,ffd2d36be4dcc2e05fd1633983973b3a1ed3bf998e70ffb805a202a18fe06cd5,M2,A1_FINAL_NO_MEMORY_V1,certified,PASS,,,aba51bd206ff19becb8c3f8beda1e8cb4b4ae8e6c65f25ffa94395d84b9a563b,93bbe365bcd8be8463884668c45b3c62386b94a86be3d4ad34aa20eb4963ad81,0.5,0.8,19137905.85543848,4.0,1.0,1.0,1.0,1.0,0a2c115fe2b3581eb651a915cb1636fc44c840cff96c80ec01992e07849369c7,3,2,2,98c223c8130e5e584233610dbb8d7c1cbce44dd82b65ee8b332af49046743b6d,P4,1198299948.410344,1198299948.410344,0.0,6923983.8564520795,0.0,6923983.8564520795,h09,5,Katrina,1191375964.553892,12213921.998986399,1179162042.5549054,1735875212.5954013,146082131.46898508,1.0,0.0,19787014.627540953,R0,False,True,10399999.999999996,3.725290298461914e-09,0.0,0.0,NONE,False,False,0.0,9557344.06438629,0.0,258148492.31468678,R0,False,True,135682131.46898508,1726317868.531015,0c0e62a95994e74e612cb9cf721e18f6041392cc6b9396eaa436e7324a0d13d9
E2A_CRACKERS_A080,LA-0938,938,076847df596d6eff65d44a5956999e1640785296725219e3ae7ee004a30c6793,M2,A1_FINAL_NO_MEMORY_V1,certified,PASS,,,c5f891adde05241422be4830cc6226c8c442d64b9de37dfedc5d9370873c23a3,3cb44a19e9ff187e7cccfd281034d71ef54872772bd31a9a15a9ce715a19ae4e,0.5,0.8,19137905.85543848,4.0,1.0,1.0,1.0,1.0,990519acaf3496d9b5e0060ed6700748f6b017340761084715c83ffe03e87616,3,2,2,17a5278a18638be5a37bc289b37b709050cc81c6d361a323236fd78ad7353cd6,P4,1211664872.6840863,1211664872.6840863,0.0,6257825.8119729515,0.0,6257825.8119729515,h09,5,Katrina,1205407046.8721135,12880080.043465527,1192526966.8286479,1710051899.1984277,171905444.8659587,1.0,0.0,0.0,NONE,False,False,0.0,10400000.0,0.0,0.0,NONE,False,False,0.0,9557344.06438629,0.0,229246685.98371387,R0,False,True,171905444.8659587,1690094555.1340413,fbc80534f0334cdd0722496b9b980ec5de9eb0cbc08669e31feaea6c2fed51a4
E2A_CRACKERS_A080,LA-0939,939,a0c8a9cca5ca8e5f8377635e0a23ed1c0a6c0410d94fa71a6bccad14838fb5a5,M2,A1_FINAL_NO_MEMORY_V1,certified,PASS,,,95718e7e9931288cbe5a856eef7e9c9e0992c80d33d333681a31bd4400848b8f,311839fcd0f24456a2f2f66bbdb5be582abf0f6df5b2256e9c0f87e8883a2f24,0.5,0.8,19137905.85543848,4.0,1.0,1.0,1.0,1.0,86baffbb59f96e70d5d911433522ce9c883f129f05b2ebb00c776a2a8328288c,3,2,2,2d79a9958d9c1a1602bbe378b23b194176b47197ab0cc0e4268c584bffc7759c,P4,1162800072.8181982,1162800072.8181982,0.0,2285524.7103729467,0.0,2285524.7103729467,h09,5,Katrina,1160514548.1078253,16852381.14506553,1143662166.9627597,1870005813.5772269,11951530.487159362,1.0,0.0,12414147.249216314,R0,False,True,10400000.0,0.0,0.0,1852012.3008889079,R0,False,True,1551530.487159362,8005813.5772269275,0.0,0.0,NONE,False,False,0.0,1862000000.0,5659a03157e09d903f5dd71089975652a9e916b4a1bae9948334474095666f33
E2A_CRACKERS_A080,LA-0940,940,632f1a0f541abb9eb174adb23ec4da436b4ea64bed42e5bce0f806a045033b38,M2,A1_FINAL_NO_MEMORY_V1,certified,PASS,,,9f38bd459f8831571dc81dceaaacd0123328ab3ad83caea3d778c5539c48005f,7aebf06629ed8116e42438fbd1ee3a689fb81421c26bbad2aeda2e1eb162759e,0.5,0.8,19137905.85543848,4.0,1.0,1.0,1.0,1.0,997759e62ea90216dc6520b74faff3e48bb79226329b090435a5ec1f4d777c0f,3,2,2,3d20c94e6c93ed52528c12ce3203effbd26a201eabfe1dc6d8c5062d1e49ae6b,P4,1200220455.979159,1200220455.979159,0.0,2902653.719092944,0.0,2902653.719092944,h09,5,Katrina,1197317802.2600663,16235252.136345532,1181082550.1237206,1679523685.6236112,202433658.44077516,0.9999999999999998,0.0,0.0,NONE,False,False,0.0,10400000.0,0.0,0.0,NONE,False,False,0.0,9557344.06438629,0.0,362733172.8250033,R0,False,True,202433658.44077516,1659566341.5592248,9ee663917117af560117853a4d154ef3585e8d58b20f1c01c99aee303c99e97c
E2A_CRACKERS_A080,LA-0941,941,3aa675bd6f5032f2c845caa684197dbd6cd646285ef35e502d757c6bf68368be,M2,A1_FINAL_NO_MEMORY_V1,oracle_failure,FAIL,oracle_failure,Full exact certification was incomplete,b8669180023aab91ad976f489884f6c8e636bf8cc44a67ef85929a901cae235c,bcd0c2f6215e42438fe51a9048f447385bd1637e97ddee3e6bf7273c7030c4a3,0.5,0.8,19137905.85543848,4.0,1.0,1.0,1.0,1.0,ead1796b58406ea57653274d5e974362c3179130a403e024a4effc742d9e0756,3,2,1,,,,,,,,,,,,,,,,,,,,,,,,,,,,,,,,,,,,,,,846b7650d36f3794dd4264ca39102f9003b71b1cee2a42933d942d0a436c2d6b
E2A_CRACKERS_A080,LA-0942,942,46a438cb85eb21c7e897b9a2659dd0f78517b4a321178fae810508f4b4af1be2,M2,A1_FINAL_NO_MEMORY_V1,certified,PASS,,,393d88a27e60a51cad3071e45081622bb42ee56efed4b5dcfab33b6e1a96e3ee,2ffccac4a3038264b88ca4b7d1f8d92cc7945ae4b8ea62b35f06dbf41b966a24,0.5,0.8,19137905.85543848,4.0,1.0,1.0,1.0,1.0,399b121f6b78998c2803ea711b96fdfc587b027e4db3226d537e0d809c60f88a,3,2,2,d161a88d8f5a8e099031a5c753de9b4ab4ec37eda3b464851b1fbfdb62e16a00,P1,1229015386.8336892,1229015386.8336892,19137905.85543848,0.0,0.0,19137905.85543848,h09,5,Katrina,1209877480.9782507,0.0,1209877480.9782507,1871195367.2207935,0.0,1.0,16649539.100007676,0.0,NONE,True,False,0.0,0.0,579494.9625668358,0.0,NONE,True,False,0.0,9195367.220793525,0.0,0.0,NONE,False,False,0.0,1862000000.0,56f89315c1133b213953ae01e1cda970d5606f202dbe26678f0d62b8a7786951
E2A_CRACKERS_A080,LA-0943,943,0bf9483cccf0a0ad6ede20b25ea8ba7c18e4e0c1839f6c6c48ab577def64784f,M2,A1_FINAL_NO_MEMORY_V1,certified,PASS,,,492d76119f8168f6f6586388339d2639138d593b7e2c39465db3b79671300c44,8602949e0c0113b0223ea6264ab36779ba460523de6ca8a01babd01778d485fd,0.5,0.8,19137905.85543848,4.0,1.0,1.0,1.0,1.0,acbc3c41c09de5d2699f72b4961969333af1362e976c9d65f2ca242e674e4d85,3,2,2,ffc69c5f5e673bc0ce275d96e0848ae593377c559dc8961aa09712dadfd734b6,P4,1202281148.0060956,1202281148.0060956,0.0,2964212.928838202,0.0,2964212.928838202,h09,5,Katrina,1199316935.0772574,16173692.926600277,1183143242.1506572,1746495143.228542,135462200.83584416,1.0,0.0,30133241.22247137,R0,False,True,10400000.0,0.0,0.0,0.0,NONE,False,False,0.0,9557344.06438629,0.0,362358602.4615051,R0,False,True,125062200.83584417,1736937799.1641557,42cc98b7e0d57b4462cf21bed47c1bd2084d82945e2d2b05035ce0312ea53d50
E2A_CRACKERS_A080,LA-0944,944,b7f213fdb43ad174ca717754aa2b1354bf9923af536af0c86406f811c15223ae,M2,A1_FINAL_NO_MEMORY_V1,certified,PASS,,,5c44cfbb364e38dd981f3c1c52e9d5f1421ced6218ef2bee626168f8922d0dcd,94e9ef43128c39b36fc6ecc84caf2507ddaabcf51b1bbdd328aabf643069d580,0.5,0.8,19137905.85543848,4.0,1.0,1.0,1.0,1.0,65bc48324e4a12695c5ae8b2f3760b1bc5e6c71d44d3b4b9d8208af7b654042a,3,2,2,25cbd09dd015fd81ee4d0ec758e25893d7e304cbd2b36d2c06ad79590631b46f,P4,1221975118.757569,1221975118.757569,0.0,1626019.1498982524,0.0,1626019.1498982524,h09,5,Katrina,1220349099.6076708,17511886.705540225,1202837212.9021306,1799029209.4670007,82928134.59738575,1.0,0.0,13823208.171377776,R0,False,True,10400000.0,0.0,0.0,0.0,NONE,False,False,0.0,9557344.06438629,0.0,96401106.04051633,R0,False,True,72528134.59738575,1789471865.4026144,ede007524d82c5aa443a8d9fef349570be804b69a8c9a3eac9b8916757826f65
E2A_CRACKERS_A080,LA-0945,945,53f2be69d0cf57310d24ed833497de58626744659590cf0bd3eed5d35f6b361a,M2,A1_FINAL_NO_MEMORY_V1,certified,PASS,,,e8213f7f2933e607ce5f6d9bde214718f94b8c93e9a95b8cabb3290dd62e9fe8,c512eb499516cb865caa4220c4cbc75de5544ae61498d038b940eee62266ec33,0.5,0.8,19137905.85543848,4.0,1.0,1.0,1.0,1.0,ea1f0647dd63a9bf5fffeff9178c715243baeccf631653e87e17398a7a3b0940,3,2,2,5437a539541407f9973298a9500a1a2d64a075ef99962013f27cb61a95d4db6b,P2,1226405139.8743556,1226405139.8743556,10364008.333870457,2176351.1837408426,0.0,12540359.5176113,h09,5,Katrina,1213864780.3567443,6597546.337827179,1207267234.018917,1810846380.6065297,60710963.45785668,1.0,16001248.006593263,0.0,NONE,True,False,0.0,0.0,0.0,0.0,NONE,False,False,0.0,9557344.06438629,0.0,92217761.46815017,R0,False,True,60710963.45785668,1801289036.5421433,1eaf42aa67e401e80ea0562c7b2c82b3ff947e7cce7e817061c99318177ecff9
E2A_CRACKERS_A080,LA-0946,946,5f9ba22a7c27af2e17dad826cae0fc9a840b227da627e537daef020aa6c5cec6,M2,A1_FINAL_NO_MEMORY_V1,certified,PASS,,,123645040188baaaca550f65629116d92a4e1372393f53603b981823c19bb330,7fcd8fe2f87a0f7dc43d7f8bf54c77c8ed03ad469dc9db956a96bab000fa056f,0.5,0.8,19137905.85543848,4.0,1.0,1.0,1.0,1.0,3e903ed0147c2b5353aaec33ad7975a618f1d68568eb7c68a120da6b6596f0b4,3,2,2,fc89356530c2cc5cc3dc417a8c919c8adfde1d0cbcd16e981d97aae706f4d592,P4,1219414751.4717436,1219414751.4717436,0.0,3618703.8715868685,0.0,3618703.8715868685,h09,5,Katrina,1215796047.6001568,15519201.983851608,1200276845.616305,1792199377.825341,89757966.23904546,1.0,0.0,19643508.931360908,R0,False,True,10400000.0,0.0,0.0,0.0,NONE,False,False,0.0,9557344.06438629,0.0,149891242.17224297,R0,False,True,79357966.23904546,1782642033.7609546,6566e758a8a258b1399450a032ee0816e2a64f9c6d9f2277ff391d806d73287b
E2A_CRACKERS_A080,LA-0947,947,b2f5e3ad7b573f22c1e4eff743ff5e7436fe4ea52f35ed6e2577f6a61c3cbf4c,M2,A1_FINAL_NO_MEMORY_V1,certified,PASS,,,e72c5c84118c2518bf81fc06f7e86ea2f341fcc22e736389916e8f9194fa96d2,1c475fc8ba7361c9e1186182a2b37e4937342a7db0b6deb4a9725b229acb668e,0.5,0.8,19137905.85543848,4.0,1.0,1.0,1.0,1.0,0e3c9e722c085f855e67698275b6eefff8478ec4318138b681dfde98592581ba,3,2,2,adf7e903f403a4ee9e588cbf4f4dbe7ddf5b55a08dc83b60915c80eacd0aa1a5,P4,1234118773.556758,1234118773.556758,0.0,10544217.268345375,0.0,10544217.268345375,h09,5,Katrina,1223574556.2884126,8593688.587093102,1214980867.7013195,1881202996.329788,754347.7345982855,1.0,0.0,0.0,NONE,False,False,0.0,10400000.0,0.0,1519999.518790039,R0,False,True,754347.7345982855,8802996.329788003,0.0,0.0,NONE,False,False,0.0,1862000000.0,012683f8f19b87ca9233386df54bd34d22a5c2a3cedd38bf68a0b889dfe3b043
E2A_CRACKERS_A080,LA-0948,948,6c77cba3f20b780ab14fd1cfc5763532c3d1996438621c7819cb6940c15f7d02,M2,A1_FINAL_NO_MEMORY_V1,certified,PASS,,,e7831ee17f23fb2f185ee3c000de9c276562687251537815a812bc677cc67ecd,28a2f33fd3c792339b949fc1026536693dfc24bba5b1c5ef53f1ae091139b3d6,0.5,0.8,19137905.85543848,4.0,1.0,1.0,1.0,1.0,53de9b60088549090a8066a46a8166508a2d01c6da41583df7265455b86d17d3,3,2,2,edfbeae2d38ba532d473d5ea6bb5c007274d38842e25ee2aa263726677d23fc8,P1,1223437118.4942036,1223437118.4942036,19137905.85543848,0.0,0.0,19137905.85543848,h09,5,Katrina,1204299212.638765,0.0,1204299212.638765,1871095154.0068765,0.0,1.0,14854395.44658559,0.0,NONE,True,False,0.0,0.0,660149.4120896915,0.0,NONE,True,False,0.0,9095154.00687635,0.0,0.0,NONE,False,False,0.0,1862000000.0,ee2d66030312382764c4aec6db9a99ae26eb4771c0d706e9abe402119b725395
E2A_CRACKERS_A080,LA-0949,949,77677f81e58cf3856a948799657564d4b4621775ba9e3bda98b1e9efe11fcbd7,M2,A1_FINAL_NO_MEMORY_V1,certified,PASS,,,6d32a171bb283ec7cd09ef03eba56e8a27832cb12160bb6dd8c3f6ef7ad662f1,c7cfa1129ce113611746e9145a4205f65268f4fd2e33f7d189aac6e22137d7cf,0.5,0.8,19137905.85543848,4.0,1.0,1.0,1.0,1.0,ab8da880a37115c22d9c3993de7f00a4311376f9230e979c381ae47b556dd61c,3,2,2,740fc1a25a87ef50237c3295241cde6ecae65536029a4a752ef14b17ac8fccf0,P4,1215838096.9010298,1215838096.9010298,0.0,8096198.082856444,0.0,8096198.082856444,h09,5,Katrina,1207741898.8181734,11041707.772582036,1196700191.0455914,1721184059.4015417,160773284.66284457,1.0,0.0,0.0,NONE,False,False,0.0,10400000.0,0.0,0.0,NONE,False,False,0.0,9557344.06438629,0.0,251426728.0508772,R0,False,True,160773284.66284457,1701226715.3371553,f66bcea1c576e99c86c9a8f57c5973dda2878c59d1411e335296361470ba3542
E2A_CRACKERS_A080,LA-0950,950,1efabca699df9e83171ef833e0be79272e0bd732f98316621d2b7e38f60deaaf,M2,A1_FINAL_NO_MEMORY_V1,certified,PASS,,,730ca7d4c7d09386ae441aac63b64462edfded947539b0c4149da0a8255745ff,0ac500df6e6f4e1a76f06a17740a245ab78d0a2f30ac5136b58dfaed36334fc7,0.5,0.8,19137905.85543848,4.0,1.0,1.0,1.0,1.0,6b52a78f4e44830652e08f3437abb464ba6d66e591b66639a20ecf59b18f67b4,3,2,2,cbe656f46c54f37eb588f2a9fe94e27e95b29955ffa59b0ae575508eb48cc655,P4,1219300881.3678648,1219300881.3678648,0.0,5922308.9479514435,0.0,5922308.9479514435,h09,5,Katrina,1213378572.4199133,13215596.907487035,1200162975.5124264,1730421107.1683872,151536236.89599916,1.0,0.0,0.0,NONE,False,False,0.0,10400000.0,0.0,0.0,NONE,False,False,0.0,9557344.06438629,0.0,196428872.53644088,R0,False,True,151536236.89599916,1710463763.1040008,2c5ef48a72619b0e5ba10e57e1e776fdeec27601c7b54712900beec4bfa2ff0f
E2A_CRACKERS_A080,LA-0951,951,25fe99dfde3f2fa2a38b4fe3abf886ff5e709b342ab6a0222a300dac4f5125fb,M2,A1_FINAL_NO_MEMORY_V1,certified,PASS,,,4746c4590a784218763c00970bf34de0c3b73d96673212638f5ae996a1d9ea7a,a820ff8d06ee722e2d5efaf3676481bbfbbf96590e8a123a3bf9ae55738dbdf2,0.5,0.8,19137905.85543848,4.0,1.0,1.0,1.0,1.0,065e37f11ad16087a03d027192b0d04745a8f1cd250088adb78ed76fdd953294,3,2,2,e44f8ddfbd99032d5b3391e38c5e451a1dd7e4508d09284e1acc05ed00445a64,P4,1212006313.4672952,1212006313.4672952,0.0,1807069.9421275512,0.0,1807069.9421275512,h09,5,Katrina,1210199243.5251677,17330835.913310926,1192868407.6118567,1880805747.4779365,1151596.5864498043,1.0,0.0,0.0,NONE,False,False,0.0,10400000.0,0.0,1491129.5247212483,R0,False,True,1151596.5864498043,8405747.477936486,0.0,0.0,NONE,False,False,0.0,1862000000.0,ce588ad96d8182d4933c7f021b21a87169b792317b57ca3ceed97adb9d8527d2
E2A_CRACKERS_A080,LA-0952,952,805fec8ed738c3e8be5bd50ff2d07b263024c7671f1c433bce05cfbc439f0fc5,M2,A1_FINAL_NO_MEMORY_V1,certified,PASS,,,3ed6cc39755fe76ce4ce380309eab30b86c8e9e4890e88ad190a47176791a373,c0d508e76144a41db6e990762f862d16bb4afc1370c7e4aa412f62c566648629,0.5,0.8,19137905.85543848,4.0,1.0,1.0,1.0,1.0,2a151a8f9bfdbb2be0891f48c5a59bcd5f3c70923b1d50a903719f5ca4445075,3,2,2,02a86473abd8452dedbfe91f69fb0453643982a93f2e5c4d2340266b7f9bf325,P4,1214258037.1268008,1214258037.1268008,0.0,3051871.8503576443,0.0,3051871.8503576443,h09,5,Katrina,1211206165.2764432,16086034.005080834,1195120131.2713623,1880846199.5413797,1111144.5230065444,1.0,0.0,0.0,NONE,False,False,0.0,10400000.0,0.0,1831998.6763024342,R0,False,True,1111144.5230065444,8446199.541379746,0.0,0.0,NONE,False,False,0.0,1862000000.0,8892c7181ac09a6cac72edf40d2814e16ed075a06aeef2efe6c47d3ec4092606
E2A_CRACKERS_A080,LA-0953,953,90bd8a1f237891406a96afd8d5452807d1fdcb56ea3ae307d9deb4e15517bc35,M2,A1_FINAL_NO_MEMORY_V1,certified,PASS,,,fe9ce1d65cc3fbc0c759dc18dcf6bcf7e293b256f2badea6310922bb5916b646,6dc803bf53751e6387d251bbde5680b294739640980c038b61ae430441db438b,0.5,0.8,19137905.85543848,4.0,1.0,1.0,1.0,1.0,12e915c40ac2486cffb6cd3a198893d3f6843066ce8dc432661f17f52304ac51,3,2,2,ad38aab6d620273d479e6c98fcc1b16a1e259c9d097670f4df888ca94c3781eb,P4,1208273852.554446,1208273852.554446,0.0,5677108.5842310125,0.0,5677108.5842310125,h09,5,Katrina,1202596743.970215,13460797.271207465,1189135946.6990075,1701006284.2559385,180951059.80844778,1.0,0.0,0.0,NONE,False,False,0.0,10400000.0,0.0,0.0,NONE,False,False,0.0,9557344.06438629,0.0,459564964.9866567,R0,False,True,180951059.80844778,1681048940.1915522,1eb4b5625f01ea9ddcb0335156ca04e1485f0c608014c73b260c416b12ab6864
E2A_CRACKERS_A080,LA-0954,954,438bf8be3d7ba9f599cb016202b889d00632d54bb6ceb410e293bdec8e8727ce,M2,A1_FINAL_NO_MEMORY_V1,certified,PASS,,,9b8da54b917bf4023b27f418b32fc392acbe3aac69ccb849fdfc6e00c0af4361,ad9b098236d14d20241785737a2bdcf7ac151534d1c59636d6d8242b84fd0c39,0.5,0.8,19137905.85543848,4.0,1.0,1.0,1.0,1.0,b848f88dff201ffa6d3077fd607c8410b2ffc564b61150dc8380760f51bb4680,3,2,2,62e52472fe31eb75e56004a46bb55a2793b6800e27ab767d560542e506b16e13,P4,1213627651.4552743,1213627651.4552743,0.0,10402940.950738752,0.0,10402940.950738752,h09,5,Katrina,1203224710.5045357,8734964.904699726,1194489745.5998359,1715287651.362288,166669692.70209846,1.0,0.0,0.0,NONE,False,False,0.0,10400000.0,0.0,0.0,NONE,False,False,0.0,9557344.06438629,0.0,228332643.9292319,R0,False,True,166669692.70209846,1695330307.2979016,1aecff799672dd83a03904dff3b2e66fbd7428896700592edca58f3e4d45e30a
E2A_CRACKERS_A080,LA-0955,955,ae4be61ea63b5f73c9a3ccdc39111f3368194850f09695def961fc843000d530,M2,A1_FINAL_NO_MEMORY_V1,certified,PASS,,,a6545b048653ca1e76749b75149bd47095931ea72046be01cf49ca2359737d91,d972b6341b8095c2efc54f7a8bd1dcc97fef2613afaae608de8edfa1694f6e0a,0.5,0.8,19137905.85543848,4.0,1.0,1.0,1.0,1.0,bacd6b4acc4be6c3ecf120d2e6aeafcfd51b776c2c21c5f8e56ad3f7d6fa82ee,3,2,2,12d4c743971a159d5034a243a7bdedaf733d2af6feb1c18520878a81ba998205,P4,1212534890.6005201,1212534890.6005201,0.0,8257906.405593354,1745272.910796397,10003179.31638975,h09,5,Katrina,1202531711.2841303,9134726.539048728,1193396984.7450817,1880815243.3304305,1142100.7339558199,1.0,0.0,0.0,NONE,False,False,0.0,10400000.0,0.0,1600270.5078833143,R1,False,True,1142100.7339558199,8415243.33043047,0.0,0.0,NONE,False,False,0.0,1862000000.0,c71ddffae96afa377954b685a012194d71b43625b7cd8e425488ed1595b9c2fd
E2A_CRACKERS_A080,LA-0956,956,db68c52c0a575297a434d546b0541514716f20611b16e38311ae907c606c82e3,M2,A1_FINAL_NO_MEMORY_V1,certified,PASS,,,4829f47f21945c868f3190c2e749948ab5dde885a8179121374b4909e86a04b7,ab1c8201316ad23b0b34d92c82d412c0f9f0b86c7496ad1acf230915f38038b9,0.5,0.8,19137905.85543848,4.0,1.0,1.0,1.0,1.0,52ee4194e0da8e633c8616012439faa0ca7a147752aa1abbd780ad6792371a38,3,2,2,a6e425ea4e105dea43022f1f0c08ddb866a0a4b16a90b4c59cc9682426e07a41,P4,1197962315.2457306,1197962315.2457306,0.0,3665592.5096126143,0.0,3665592.5096126143,h09,5,Katrina,1194296722.736118,15472313.345825862,1178824409.3902922,1734974569.2839067,146982774.7804796,1.0,0.0,12730459.80558077,R0,False,True,10400000.0,0.0,0.0,0.0,NONE,False,False,0.0,9557344.06438629,0.0,167188608.12284487,R0,False,True,136582774.7804796,1725417225.2195203,6291d963815dfbed2ebb0909c9282bbf58779841de91bd8ebc5a0cf555c11cfc
E2A_CRACKERS_A080,LA-0957,957,a709e152dac852a8b537f65d17210af43fc9be10d2eef12eae55173baa666296,M2,A1_FINAL_NO_MEMORY_V1,certified,PASS,,,694a672db6df716b9662a571f96284e5d022c990284a412eb683c6a478cbad48,b499937034d3654783ba7409e6e4de9b5c48b0038c24205a1422c7eeccea39d9,0.5,0.8,19137905.85543848,4.0,1.0,1.0,1.0,1.0,3e12c39353d0d744188e7e4b335c9675209754f1ac773df33bf0bf2481aeb07d,3,2,2,407b12976bc4f69618db4153cc0cb01f4f904f55946d9c3c1f43f33895597d49,P3b,1239068263.8202918,1239068263.8202918,13825972.410542624,1146910.8046155353,613171.289375933,15586054.504534092,h09,5,Katrina,1223482209.3157578,3551851.3509043856,1219930357.9648533,1871375966.4768047,181377.58758165155,1.0,21346259.704404235,0.0,NONE,True,False,0.0,0.0,0.0,235122.9026480254,R2,False,True,181377.58758165155,9375966.476804638,0.0,0.0,NONE,False,False,0.0,1862000000.0,6487815a1bb6f90d9d35d749f4d3dfaceac02c2288c7b8ad3f02a89d147a3832
E2A_CRACKERS_A080,LA-0958,958,83b2c65e8fe27137aaef0cb27e9cfe42104b8681f38c6b5aa5cf5508fb35e602,M2,A1_FINAL_NO_MEMORY_V1,certified,PASS,,,14a50c11964204ebd3aac67e17efd863a959584c54633ef2f6bc93fb1ca50a67,fc49aa4f841aa5891ca9976b2ffd468fcda4156f23c92b2a76796f1b5bbf6973,0.5,0.8,19137905.85543848,4.0,1.0,1.0,1.0,1.0,c743dca3ac3665fead528cc9a0104c64f3b1043bb980e19c64234fe5aa6465a5,3,2,2,9e117eda01f6999f69c161f3f75bd04b09b1b354f015cee05946d21640e48858,P4,1199856902.3254125,1199856902.3254125,0.0,546103.3079714444,0.0,546103.3079714444,h09,5,Katrina,1199310799.017441,18591802.547467034,1180718996.469974,1678553898.8818626,203403445.18252382,1.0,0.0,0.0,NONE,False,False,0.0,10400000.0,0.0,0.0,NONE,False,False,0.0,9557344.06438629,0.0,530774989.02150977,R0,False,True,203403445.18252382,1658596554.8174763,0510320aff157c2507c025c06f26a7fb376e0bdec856f1744f6ee85636249327
E2A_CRACKERS_A080,LA-0959,959,5678edd621148dc11ecaf4fa0597c063442d95adf8e16a86e56f0be9c6c2d5b7,M2,A1_FINAL_NO_MEMORY_V1,certified,PASS,,,f0ac9a215a39a27a41c24d1ace5c7742958365496beb9ae66204e2f8f127cfec,e9a58860a6f928d1cc5f28a00747eb72c2420a7a20efb57b750bfcb43ef55c6c,0.5,0.8,19137905.85543848,4.0,1.0,1.0,1.0,1.0,29c5a2fd6dc9ee65b3e03d30e0230213f77bddb680ecab5d61f88cc2f80e5c99,3,2,2,5a78f55db27b88b8a8911531272d2296aa51231dbc39115387e3301947ee1243,P1,1231987238.2950087,1231987238.2950087,19137905.855438434,0.0,0.0,19137905.855438434,h09,5,Katrina,1212849332.4395702,0.0,1212849332.4395702,1871248756.331553,0.0,0.9999999999999977,17795252.741609916,0.0,NONE,True,False,0.0,0.0,528018.913339185,0.0,NONE,True,False,0.0,9248756.331553072,0.0,0.0,NONE,False,False,0.0,1862000000.0,d6ad5f6985546647f164fe5983767e50ba1a7b5307fca3235bdbb4e16092594c
E2A_CRACKERS_A080,LA-0960,960,e3d94ee27cd33338115fd602d837e8d2d64d2a8da4e1267513c9b9093f14eb2d,M2,A1_FINAL_NO_MEMORY_V1,certified,PASS,,,b1ce1641523cd2731fdd759c47ba4a8a391ab51cc5ad3127e1312759579a3cb3,802e147a97fbcf1840be6d2036d34aa2f3acdaf48277b74f71faff3a3c7940ba,0.5,0.8,19137905.85543848,4.0,1.0,1.0,1.0,1.0,a32d09c65c6f501388f713a0bedf76c15d42d13aae1c7c9651e65cbbbd86473d,3,2,2,d64832fe766532cc3f52f4f26cd64a7b67bff39141c3e97900a3695ca7ad9974,P4,1222967340.3970492,1222967340.3970492,0.0,7886784.15464239,2293480.6417978685,10180264.796440259,h09,5,Katrina,1212787075.6006088,8957641.05899822,1203829434.5416107,1881002661.5863326,954682.4780538192,1.0,0.0,0.0,NONE,False,False,0.0,10400000.0,0.0,1430782.6676286308,R1,False,True,954682.4780538192,8602661.58633247,0.0,0.0,NONE,False,False,0.0,1862000000.0,5e8cda856ce28082cc19dc6dc25c545fad979ffb2ce20950afa9e75504fe6e64
E2A_CRACKERS_A080,LA-0961,961,6ff72c32fcc38e5a876317c88baf8426aa9c2be2a48f5e9c3d8e7b9b16c81159,M2,A1_FINAL_NO_MEMORY_V1,certified,PASS,,,6630351953dbaf3c1d6942fa91f2f733a3a292f440f4be8801ed9ce980a514aa,4c0c5666208d8a396b65825dedc6fc4978843268cef1b919c03c18e6fa1e4bc8,0.5,0.8,19137905.85543848,4.0,1.0,1.0,1.0,1.0,cd3e36b63f334c52f1f083237ba44100bb9680d45f6ffe2868ec93214e019400,3,2,2,7428709ac0c6bb61ee77134f123cee30865eb9415a1c06b5e600099bd492f16b,P4,1204288712.1902025,1204288712.1902025,0.0,168762.4744944533,0.0,168762.4744944533,h09,5,Katrina,1204119949.715708,18969143.380944025,1185150806.334764,1880667101.292303,1290242.7720831146,1.0,0.0,0.0,NONE,False,False,0.0,10400000.0,0.0,2075573.9827406458,R0,False,True,1290242.7720831146,8267101.292303175,0.0,0.0,NONE,False,False,0.0,1862000000.0,d9888994982cfea08e3483b26a4f42dadeee60ce89188f4f27d53a25d7016706
E2A_CRACKERS_A080,LA-0962,962,94051f5d79aaa9d30b40f544272cfd0efed889ed6139971b0f730f47cd1b503a,M2,A1_FINAL_NO_MEMORY_V1,certified,PASS,,,696631d83ea6d16c08e902feb49f30522d873ce1dcce93ca0cb307398b1364df,6f3e5214d29b0be78617801c9bfa0c2f5c060dbb24850937ae32ac568505da15,0.5,0.8,19137905.85543848,4.0,1.0,1.0,1.0,1.0,b50db0e7ef96b99ae0a24b1475c01712898bb7f0bf32a8a8b49128b26bc56861,3,2,2,e3e049590deed30087e82d10242f87f64d36c17f862bbd09748802d879dd6311,P4,1211776584.7782452,1211776584.7782452,0.0,10345425.177795839,0.0,10345425.177795839,h09,5,Katrina,1201431159.6004493,8792480.67764264,1192638678.9228067,1710349893.474353,171607450.59003332,1.0,0.0,0.0,NONE,False,False,0.0,10400000.0,0.0,0.0,NONE,False,False,0.0,9557344.06438629,0.0,244536320.5275165,R0,False,True,171607450.59003332,1690392549.4099667,d8081301421528612d725a3ee6b59ec4d7f237fb3a9f1477f8f8001a854b5dbd
E2A_CRACKERS_A080,LA-0963,963,33aded302c15ddf61600751991ed5be92cdd90c6dd4605dccd67e49aa5492cd5,M2,A1_FINAL_NO_MEMORY_V1,certified,PASS,,,1da507270dd078e92500ee3e47bcf332c8ff23b0a4035327412d68d456cac6b8,f368b911ac0417b144cc8c69962cbfaaf398a518d922f6b9eb09d8f5ec152a40,0.5,0.8,19137905.85543848,4.0,1.0,1.0,1.0,1.0,d3f65cd6c01c3b678ac72e5f5abf2410ca838274eea56f7ebb8eb876eae47e54,3,2,2,68e5acdf7010e12a6edce443c41e5cbf9a7919f59541c8523a66d8855583f407,P1,1233670937.8690684,1233670937.8690684,19137905.85543848,0.0,0.0,19137905.85543848,h09,5,Katrina,1214533032.01363,0.0,1214533032.01363,1871279003.8806703,0.0,1.0,18517167.511057556,0.0,NONE,True,False,0.0,1.862645149230957e-09,495583.827589241,0.0,NONE,True,False,0.0,9279003.880670268,0.0,0.0,NONE,False,False,0.0,1862000000.0,c0ce0facc70710310166a4819d6fc59e8cb0e61d8a587f9b9b1a08ca2193ac82
E2A_CRACKERS_A080,LA-0964,964,ff72aace98f938c5b7cc988745a4863fed42ba0f594a4968389ff0542325fd1e,M2,A1_FINAL_NO_MEMORY_V1,oracle_failure,FAIL,oracle_failure,Full exact certification was incomplete,ab56997246b749f1541dc576d480df79fff98fa31c4dcaf71664e68983704fbd,c8c1fad54d4c21b1f5f6b4127676977bb4fad98f7a2f96c549a700b6d76b7d1f,0.5,0.8,19137905.85543848,4.0,1.0,1.0,1.0,1.0,64a49a7805c1a970626e4f8636417fd1bf8c2423df807ce0dc8f8e90db5ee38f,3,2,1,,,,,,,,,,,,,,,,,,,,,,,,,,,,,,,,,,,,,,,266dd95dea84eabd287bff4d2ef299ed3c920ae466a611795b420aa6c7208093
E2A_CRACKERS_A080,LA-0965,965,a3a7cc71ca2ff8e7c54dbe9288fd180e55464cb8dc635072ce27d25766863be5,M2,A1_FINAL_NO_MEMORY_V1,certified,PASS,,,bb62121e05d8ba2d719724d28e81129eeec35884798f0d0cbf23186da4a21c14,10c06fdf44f6e6d899a0f823ece6d7547643ca7f5ced5386d2dbbdf24fd60dbf,0.5,0.8,19137905.85543848,4.0,1.0,1.0,1.0,1.0,81618f47a9cb8eb864a98d2d0e1e01f059af78f8630a3651f21c83064a743eff,3,2,2,244bac180e7d2f39a2fc944974f3b3fe5e3acbd69d2b490f6b4a3fba59ae5752,P1,1224001249.4538448,1224001249.4538448,19137905.85543848,0.0,0.0,19137905.85543848,h09,5,Katrina,1204863343.5984063,0.0,1204863343.5984063,1871105288.5814602,0.0,1.0,15018150.220231984,0.0,NONE,True,False,0.0,0.0,652792.0336982673,0.0,NONE,True,False,0.0,9105288.581460303,0.0,0.0,NONE,False,False,0.0,1862000000.0,b72203834bac7f29934d5f8c5e093f3bfb3c91720ba3110a61234e5e4984e24d
E2A_CRACKERS_A080,LA-0966,966,96b381dd9f5cad43c47b222e3fc0cc56f85577b383b90ddf22d7fc096af41e46,M2,A1_FINAL_NO_MEMORY_V1,certified,PASS,,,c84200a098fc3249b7bf206fa2427c015a1005390c10e67815b03b667fd12ca3,6c7225a9bf8fd6eec9b3a6059571de189e1fd5ffa93f64d7cb5562d2b596413f,0.5,0.8,19137905.85543848,4.0,1.0,1.0,1.0,1.0,72bccf14690155218736a93752759ef8be9fe91ec4cc18f24065b07bcbcd6145,7,2,2,51a4868b5e205744b3207c1081201aeee8e7f54eaf306b508b17657fd7c81824,P1,1222551787.3709154,1222551787.3709154,19137905.85543848,0.0,0.0,19137905.85543848,h09,5,Katrina,1203413881.515477,0.0,1203413881.515477,1871079249.093049,0.0,1.0,14604482.08142334,0.0,NONE,True,False,0.0,0.0,671377.8309725707,0.0,NONE,True,False,0.0,9079249.093048953,0.0,0.0,NONE,False,False,0.0,1862000000.0,99def1b9c3563b7f20f9b1ec41b2a0a578b2725ef0cf961faebcd4541cf3b403
E2A_CRACKERS_A080,LA-0967,967,ac8ccf22d03250b335238d0dc3dce458bc66708ea503ee305485dff7b57e79b2,M2,A1_FINAL_NO_MEMORY_V1,certified,PASS,,,7cde1ae72eaab1c1dbbb76c662d007e39d09ec2212c274d440afe51519858ecd,0c2daf55a256d5011b4a8b28e3aeaf92d58921fe03a00c266410f8c8fd1d5d9b,0.5,0.8,19137905.85543848,4.0,1.0,1.0,1.0,1.0,838f220bc656d07886f16867ce5db6c5f3d2ad004991b9fb384816e64aac26d6,3,2,2,a09dbf10414956241d8efa58a40cc57e66911a7910b386984df8c479b596dce1,P4,1206656951.8010478,1206656951.8010478,0.0,6295603.629325628,0.0,6295603.629325628,h09,5,Katrina,1200361348.1717222,12842302.226112848,1187519045.9456093,1696693168.7165709,185264175.34781548,1.0,0.0,0.0,NONE,False,False,0.0,10400000.0,0.0,0.0,NONE,False,False,0.0,9557344.06438629,0.0,328422237.9596502,R0,False,True,185264175.34781548,1676735824.6521845,218f7b7ad1620a41089599650224975d1a85838cd0e6ce752236a113206771c8
E2A_CRACKERS_A080,LA-0968,968,48b4bfde7aa031000874feeee632b1ce5bb5b5b8019f6ab8ecc8b815ac38b818,M2,A1_FINAL_NO_MEMORY_V1,certified,PASS,,,75f7d0bb756bb5a11e72eeb852ca0d52a88163437af8d69bd1b137ff88bec494,f1eef7c95d71bf8a3e09f734fd280ef10e4494e2b81b713b223cdd80996d3724,0.5,0.8,19137905.85543848,4.0,1.0,1.0,1.0,1.0,11c0bf83a762fb5cdda47d92550d799860abee0a399b489cd1b179e775771882,3,2,2,5bb36bb2f179308b7eab107e4991f0379c7c7b8403110694bddf888e139a4c72,P2,1219721467.1824958,1219721467.1824958,9003791.776140835,1662542.4988083784,0.0,10666334.274949213,h09,5,Katrina,1209055132.9075465,8471571.580489265,1200583561.3270574,1793017548.2018676,78539795.86251882,1.0,13901176.124966549,0.0,NONE,True,False,0.0,0.0,0.0,0.0,NONE,False,False,0.0,9557344.06438629,0.0,112240104.09592862,R0,False,True,78539795.86251882,1783460204.1374812,07e34980447506fd305ddbdb8c1493232146aa755a7d0a91fb6858bd566d596b
E2A_CRACKERS_A080,LA-0969,969,3a1901d8fbe570c7d6bb69127cc65874b5638c3064850b927ea651061553c553,M2,A1_FINAL_NO_MEMORY_V1,certified,PASS,,,b2d322ac7088801398dc84120e44c028f930776226562d7c836294a60df47477,1fe9e526f671f28c52eb3b2c7b0657af59b1dbc241453de74e0df761a39e408e,0.5,0.8,19137905.85543848,4.0,1.0,1.0,1.0,1.0,f820144aa10bb28e2bfb6e61f58520d9d50895d989bad0d8a464bf61ad58c867,3,2,2,1cc70f8f0f0851deb3fd517e15e4bdd2711fb2927f35218ff8d73a169259d874,P4,1238315939.8971224,1238315939.8971224,0.0,7525006.522090355,0.0,7525006.522090355,h09,5,Katrina,1230790933.375032,11612899.333348121,1219178034.041684,1842618681.136744,39338662.92764233,1.0,0.0,27296303.08017634,R0,False,True,10400000.0,0.0,0.0,0.0,NONE,False,False,0.0,9557344.06438629,0.0,75953703.26999885,R0,False,True,28938662.927642327,1833061337.0723577,df5555cb42c01171db0c13e26958a137a4d23e1ba3b79b48953b0227b01f3e48
E2A_CRACKERS_A080,LA-0970,970,acd3d83af35af09cf2cad85445ae0dcd9cbd1d0d0a0912ae1511ce8a391672c3,M2,A1_FINAL_NO_MEMORY_V1,oracle_failure,FAIL,oracle_failure,Full exact certification was incomplete,b5f4c0cb44b02df3c6abfe675ffba76eebfcd0fbcee42936823e5f68873bfcfd,b8a49cb5b3e26e3ff5f5e1816a5763e2430a3b6aeb2f4a6f0db78e5fa9958c7a,0.5,0.8,19137905.85543848,4.0,1.0,1.0,1.0,1.0,65ab5ed09bcf01b47dffc644770854102667a1bed5c6dfe3aa1cee1785ba5bf9,3,2,1,,,,,,,,,,,,,,,,,,,,,,,,,,,,,,,,,,,,,,,ecb193adf4c68c8fa2deadf6889b2e7bbebe54eeb6f31f8fe485838c9c961725
E2A_CRACKERS_A080,LA-0971,971,5235b3b2efd35b3d97a8e72b96964803c43873ed8b004ee3d6b4af26da1d2148,M2,A1_FINAL_NO_MEMORY_V1,certified,PASS,,,4ef15a23cfe400f1fd6996987f25a59dbe154ed3ffd84d42e683b23d64212947,cd4c69d3682ba6076c2138318cb40f7edacc03c358b5f76eb30762cc8a6f6b80,0.5,0.8,19137905.85543848,4.0,1.0,1.0,1.0,1.0,7cb4af3623935d1e8f96c9f06f07aa1b23ca102fb16be6517edec851953e9cb4,3,2,2,84da2888e727f01c6666d6b73fe4937b2013ba47cac2f86bbe548681276178bb,P4,1186322331.2571127,1186322331.2571127,0.0,7798580.650419106,0.0,7798580.650419106,h09,5,Katrina,1178523750.6066937,11339325.205019373,1167184425.4016743,1642450156.1687284,239507187.89565802,1.0,0.0,0.0,NONE,False,False,0.0,10400000.0,0.0,0.0,NONE,False,False,0.0,9557344.06438629,0.0,331161480.5997724,R0,False,True,239507187.89565802,1622492812.104342,1d8a7bf3eba8e110d20666fb4633576ba50813be44795d153e9df43a83d880a8
E2A_CRACKERS_A080,LA-0972,972,b2ffc054354e99ad70ebde91ba67512301b5426d3258e58dde6603e25f618e8f,M2,A1_FINAL_NO_MEMORY_V1,certified,PASS,,,06e94dc6883d21f671db77ee5d729ea4e1436d6aba718a4453a05060c4a91576,75dddce1a1e2898bf885c4072d33aec43e4d44617c710cfa85afe95f05b3a248,0.5,0.8,19137905.85543848,4.0,1.0,1.0,1.0,1.0,764ed13dd6845b8e0cd0b2145c1eca332b1381c028573f7abcf979ad0a8ad7b3,3,2,2,202ffb28a7077fe31b4ceaf9b8360abb16cc5d6a396bdb78b287fc7a1491cd59,P4,1186510679.3559616,1186510679.3559616,0.0,5279423.143675059,0.0,5279423.143675059,h09,5,Katrina,1181231256.2122865,13858482.71176342,1167372773.500523,1870431773.0220704,11525571.042315956,1.0,0.0,12296970.7538332,R0,False,True,10400000.0,0.0,0.0,1330876.3643000824,R0,False,True,1125571.0423159555,8431773.022070333,0.0,0.0,NONE,False,False,0.0,1862000000.0,7c48e71fab03566d077e86dff80142d8b427f1ebb873e2a75141235bca800ba9
E2A_CRACKERS_A080,LA-0973,973,d4b06ec2f3308480d52f46ba91166c85de00f25aedc90fe9ed8f4f256cd04dd2,M2,A1_FINAL_NO_MEMORY_V1,certified,PASS,,,94170a7d5ddd482ac85508750a057156d567f46329134238a7c806a32029d233,b886b40528991163f80359b76af783df26332f8517f6f6b595dd9798c5fad003,0.5,0.8,19137905.85543848,4.0,1.0,1.0,1.0,1.0,a7629ff34810c43642149b13e1601ec7cc21664055dd42c054cf7eb137b5e95c,6,2,2,3b0a616ba835b42b43064a09fb29bb030d73289a1f4af719d65d38946ce5762f,P1,1220484463.9054573,1220484463.9054573,19137905.85543848,0.0,0.0,19137905.85543848,h09,5,Katrina,1201346558.0500188,0.0,1201346558.0500188,1871042109.766636,0.0,1.0,14052419.502762621,0.0,NONE,True,False,0.0,0.0,696181.5859807942,0.0,NONE,True,False,0.0,9042109.766635865,0.0,0.0,NONE,False,False,0.0,1862000000.0,b15947546d23aa6822fe59f06c26b26842820de422109d9a299bf9ad58bf6ae0
E2A_CRACKERS_A080,LA-0974,974,1dde1287a7be07ec2aad2daeebb69326a4a5e2e20af27899bea353d5729bb721,M2,A1_FINAL_NO_MEMORY_V1,certified,PASS,,,b72db637e59303d1a7bd5de6df367aa938e0a0f49ff08f61328abb85786b05a7,c77ca34af4207d74d7a8d012f51908ac2e2c97ee6cf406453271bcdff4b8d8a1,0.5,0.8,19137905.85543848,4.0,1.0,1.0,1.0,1.0,f957f509bedd935250ed158dd324387848d36fe15e3645f3eaed353f863adda4,3,2,2,a9b7f7e7a90efa9a944d64a75aa2633a4509a4d174267d56432c8ad41feddb7a,P4,1217257217.3811476,1217257217.3811476,0.0,8683457.246396333,0.0,8683457.246396333,h09,5,Katrina,1208573760.1347513,10454448.609042145,1198119311.5257092,1786444111.8986552,95513232.16573127,1.0,0.0,21895212.96766839,R0,False,True,10400000.0,0.0,0.0,0.0,NONE,False,False,0.0,9557344.06438629,0.0,179189648.52262402,R0,False,True,85113232.16573127,1776886767.8342688,cda85c6d5c0428cf7576ed5129edce44d3c65d8c34d2e820405e40c94b114d21
E2A_CRACKERS_A080,LA-0975,975,9b5367cf41be5bca700f52799fd9ccb6cc9624cbd0981e4b99a1c7784ec36c64,M2,A1_FINAL_NO_MEMORY_V1,certified,PASS,,,1c57abd80b111073909784026e98b2fd14a0d57a95af298f1aa02fc91547e5b5,a941021a11fd148551837b3c2d09789e52d5d2488a61f67e422cbf851f293a86,0.5,0.8,19137905.85543848,4.0,1.0,1.0,1.0,1.0,349baae0a0aeb49a2861ed3f901ecf0e006f600371c5006f4e01ab6465b60ac8,3,2,2,99f02446c163cd15985a2c7ccfa520f7240331dcaa2433c7d4b6581764f33248,P4,1179580679.519311,1179580679.519311,0.0,5427598.298166019,0.0,5427598.298166019,h09,5,Katrina,1174153081.221145,13710307.557272458,1160442773.6638725,1685941183.329949,196016160.73443744,1.0,0.0,14632783.986706106,R0,False,True,10400000.0,0.0,0.0,0.0,NONE,False,False,0.0,9557344.06438629,0.0,261161652.35276374,R0,False,True,185616160.73443744,1676383839.2655625,5cde86a825f49eed3c7b51ece6c3136d37bb84148b1fe42b23ff616c4270f3db
E2A_CRACKERS_A080,LA-0976,976,c649e11efae62a4f0f713e10c1efc11152d19ba019172ea5de07228ead73426d,M2,A1_FINAL_NO_MEMORY_V1,certified,PASS,,,0d70413a109c22c3baa48522d3895b1e994855642152565ecb4ba5ae05bb0980,97fa21dd78fdecc530542ba851160e10a13a1bbdd32b14ddffcf255601869b96,0.5,0.8,19137905.85543848,4.0,1.0,1.0,1.0,1.0,febadaf4f8a682dd21b40fa03435976919e8e3e43ea7277869b173e18cd2fc08,3,2,2,870a48491b090f4812740d93c6e2753a18d9d98b0d6b92cbba881568c2440a8a,P4,1207977200.1601307,1207977200.1601307,0.0,1618293.7958871096,0.0,1618293.7958871096,h09,5,Katrina,1206358906.3642437,17519612.059551366,1188839294.3046923,1761689477.8263733,120267866.23801313,0.9999999999999998,0.0,27162560.94819488,R0,False,True,10400000.0,0.0,0.0,0.0,NONE,False,False,0.0,9557344.06438629,0.0,286951212.7825148,R0,False,True,109867866.23801313,1752132133.761987,5feac15e12c0ff9479b3e24a44cadf55427f3b3eb841c4a10862156fc73ac5d9
E2A_CRACKERS_A080,LA-0977,977,d92bdc043e0ebf174d295cbce770e32fd293a4cbdea5f9663fe38c0dc7794613,M2,A1_FINAL_NO_MEMORY_V1,certified,PASS,,,53488c54b6c0ec3fb8d9f7435fc1c43813a6814f2d5723e8264c2690df37dee9,1bd8e32bad791a3639b216745efa7ad668bd1a7a4836ed2b314e5c04c682f22e,0.5,0.8,19137905.85543848,4.0,1.0,1.0,1.0,1.0,6c7c7329cb174551470882c3c3c206b82bfb1cd8af98023d6eb5ed8a215ad661,7,2,2,4ef2a66f8f92ca24c22ef8b84df7f8372d22063046b9ec50eb833828a3911874,P1,1221609778.5612237,1221609778.5612237,19137905.85543848,0.0,0.0,19137905.85543848,h09,5,Katrina,1202471872.7057853,0.0,1202471872.7057853,1871062325.9684138,0.0,1.0,14347641.148019435,0.0,NONE,True,False,0.0,0.0,682917.5002681944,0.0,NONE,True,False,0.0,9062325.968413793,0.0,0.0,NONE,False,False,0.0,1862000000.0,bfc4827144b7315ff3058153155d92b86d249c53a0b1ea9fc00de8b9018f9a3b
E2A_CRACKERS_A080,LA-0978,978,4d8164fe0a8b7af6b958f7b5b0ebcc8dd1c2517306e5e8633b7304becf246e7b,M2,A1_FINAL_NO_MEMORY_V1,certified,PASS,,,d19bb46c1f68fda5662ee2fece87e7507b7b7ea508d601d31b3ecbb7f7370b50,47d2b0387f1e64c1674a5d3eaf5837ee02d99e8b3eee36e68262ae01e0118943,0.5,0.8,19137905.85543848,4.0,1.0,1.0,1.0,1.0,e3e937fa450c9b71cc85263f8657c252a98fcb449ce5e09cbaf2f689f8742ea1,3,2,2,660df6d779cbc1365925fd9787e7445e0d7fa392aba85edf5a6b0c28a573bde1,P4,1189326154.9535575,1189326154.9535575,0.0,1302478.342704373,0.0,1302478.342704373,h09,5,Katrina,1188023676.6108532,17835427.512734104,1170188249.098119,1880107608.684121,1849735.3802653675,1.0,0.0,670636.9124735651,R0,False,True,304881.5467168346,10095118.453283165,0.0,3398159.1090397476,R0,False,True,1544853.8335485328,8012490.230837757,0.0,0.0,NONE,False,False,0.0,1862000000.0,dfcb98e909afd27d90fba8ae225a922b6e5a4888ac2687927c6ae8c936ddca0a
E2A_CRACKERS_A080,LA-0979,979,16cb21790d3fb180d4c2faca1b6ef758dcc26f033e88bba73fd3c7a446628f2e,M2,A1_FINAL_NO_MEMORY_V1,oracle_failure,FAIL,oracle_failure,Full exact certification was incomplete,cbcc0c57349daba53b191f065725e80c2ee5f1eb85927c99d9b9677b921533eb,1a812f42f9ebd4fe3a7940fcfaf31d632a3ec25c1668640d664b4ee194f65b61,0.5,0.8,19137905.85543848,4.0,1.0,1.0,1.0,1.0,100abf498a4bfc5b67bdef4e5251a0d48a688af19d5de41df80c5bb9ac136fe6,3,2,1,,,,,,,,,,,,,,,,,,,,,,,,,,,,,,,,,,,,,,,4cbaea959f60b492671683e88a3de78459fe082bce278d80c5ad2d9994cb499a
E2A_CRACKERS_A080,LA-0980,980,01494db835f9752bcce216a4b094604e2aa645143d1c40d533b47172635e773e,M2,A1_FINAL_NO_MEMORY_V1,certified,PASS,,,0cd4d2317e16ba66aeba3a0b87315664726499c51bde24c0c1cd6e2a5a269161,72c0a8456701f221a2f1a7864ce75e77b9fd93e0beb89e3357b98589a379640c,0.5,0.8,19137905.85543848,4.0,1.0,1.0,1.0,1.0,7127c6490bd89d8122200839f4f0af9aa40a3f03aa3409bbb763ae9aa190081e,3,2,2,fb7569f655a9229f82d370f2cc8348f15155332ec2d9d15886c2b7fff07978f7,P4,1227117929.9144964,1227117929.9144964,0.0,5553382.43089839,0.0,5553382.43089839,h09,5,Katrina,1221564547.483598,13584523.424540088,1207980024.059058,1812747762.4891076,69209581.5752787,1.0,0.0,12485610.002550425,R0,False,True,10400000.0,0.0,0.0,0.0,NONE,False,False,0.0,9557344.06438629,0.0,70603221.15020241,R0,False,True,58809581.57527871,1803190418.4247212,b642eed7c3d33a7385fbcedb423adaccfd7e0dbbd02c7f8507b57a2425f0c9d6
E2A_CRACKERS_A080,LA-0981,981,b62e62fe865d5f0ba606654a7223dfd467150794e14be954a4cd4ca4f781ae0d,M2,A1_FINAL_NO_MEMORY_V1,certified,PASS,,,55ade022125da803ac84ba5d45bcdc9ff629ccca5353db8f4674e03fcd7247bf,14826af47f1e808eccdf21d7512896c6330696d1422ada84fc03284510e1902c,0.5,0.8,19137905.85543848,4.0,1.0,1.0,1.0,1.0,52497fe8b61f16a940eb5ac3d36d27099f289d5463679d7a6c2eee680eb70e5c,3,2,2,56789769668f14b091825905d6354b3a589f8ddc56a52d755df1694c7ccee0c0,P4,1221345226.1272128,1221345226.1272128,0.0,4131297.2443589424,0.0,4131297.2443589424,h09,5,Katrina,1217213928.8828537,15006608.611079536,1202207320.2717743,1735874438.2592645,146082905.8051218,1.0,0.0,0.0,NONE,False,False,0.0,10400000.0,0.0,0.0,NONE,False,False,0.0,9557344.06438629,0.0,195851398.76319587,R0,False,True,146082905.8051218,1715917094.194878,8948227bb379e7d892030c346d807788fb94b25a71a806dce63df58e77f4cadf
E2A_CRACKERS_A080,LA-0982,982,182c98024aeab95a5710c14bc11bca9d2e1ac8582a207c393ca0f89cd98afbe9,M2,A1_FINAL_NO_MEMORY_V1,certified,PASS,,,30fba9f9daa8ea3a933aa42abc0138fb33af4fc219df705833d0e187ca1b2bdd,49bb0f6d5f3e067505a23d3f4a05189f085eb73344c82efbe4e76ac243e051ed,0.5,0.8,19137905.85543848,4.0,1.0,1.0,1.0,1.0,bdd90d4f24aa792d33acb42f605f7f6018231a4cd3aa29dee5d9b0cc9b827e3b,3,2,2,f84547fa6dae0e2a361a4230d9bf80d16a1d452223d0e9e99cad82127241355c,P4,1239392091.1770806,1239392091.1770806,0.0,6266658.701263944,0.0,6266658.701263944,h09,5,Katrina,1233125432.4758167,12871247.154174535,1220254185.3216422,1784014816.6466622,97942527.41772415,1.0,0.0,0.0,NONE,False,False,0.0,10400000.0,0.0,0.0,NONE,False,False,0.0,9557344.06438629,0.0,151981142.41404876,R0,False,True,97942527.41772415,1764057472.5822759,d87d4d9b356ee1e28426e1465e10ba74d13f7928e1f4785a5dacf7a21a69c054
E2A_CRACKERS_A080,LA-0983,983,567927b558c755c7fe1121f92beb2bd1633a75fbb1fc5bf1b52887d50d800858,M2,A1_FINAL_NO_MEMORY_V1,certified,PASS,,,8976f899ef9f06a88e78d26e32d237c2efaaf41babdd492ba421eab54e4e124b,61e0b4fc618c175937ce0de44f22fa0e30671beb9c8f2c5c92d1da65806d88a0,0.5,0.8,19137905.85543848,4.0,1.0,1.0,1.0,1.0,59803666c500cbf426c84831bdb099adfa31fc893f192264fc206398512d138f,3,2,2,0584846e7dda47b3b2bd20663a6a222fdfe6bb62d4b2f9ef6181e6cda7321e79,P4,1216657161.7864609,1216657161.7864609,0.0,6730614.043137892,865377.116631184,7595991.159769076,h09,5,Katrina,1209061170.6266918,11541914.6956694,1197519255.9310224,1880889299.653834,1068044.4105521704,0.9999999999999998,0.0,0.0,NONE,False,False,0.0,10400000.0,0.0,1393197.7059594034,R1,False,True,1068044.4105521704,8489299.65383412,0.0,0.0,NONE,False,False,0.0,1862000000.0,8ed502f9d424a85395c78b068a55b2547f9befb759e00fd3581396d2fb527c50
E2A_CRACKERS_A080,LA-0984,984,1471fb26ef33e9b553fd44116d98e0a4ae319f44686885b4b22acbd023d1f820,M2,A1_FINAL_NO_MEMORY_V1,certified,PASS,,,e5b56fe87908822eca983546046cc7ad9ec74edeae3601d89987dd48c34a8881,7bc39b890c09d77aa7b9b95ebec39bf3843795203e22692a0e3b82035a3f4db4,0.5,0.8,19137905.85543848,4.0,1.0,1.0,1.0,1.0,6058ac06149a733b2d96921c8be08838057fef3c3937f91013c2e9541a493c6b,3,2,2,ec97ad2ae7f02b08cf995a6b47bd68cc1496fabf0fc22f6a6e0d7f8bda0883b2,P4,1191348949.6441498,1191348949.6441498,0.0,8482540.521032589,0.0,8482540.521032589,h09,5,Katrina,1182866409.1231172,10655365.33440589,1172211043.7887113,1655858762.6215587,226098581.44282776,1.0,0.0,0.0,NONE,False,False,0.0,10400000.0,0.0,0.0,NONE,False,False,0.0,9557344.06438629,0.0,538630798.7902024,R0,False,True,226098581.44282776,1635901418.5571723,61fa4ae81588f82f4ed763f4e95d069641e4318adfc9f8962b3ba06511898b33
E2A_CRACKERS_A080,LA-0985,985,c79ae8420df188e9e1b105ad7716f6f364d4b46bb95e32e16944085990255717,M2,A1_FINAL_NO_MEMORY_V1,certified,PASS,,,d880e3bc5473a03bf917605e27ac0253279fa760edff639e26eaf9e2f80f2d1a,7b680c754683f418dee0dd770eb1970b43c87258e1544020bbd019d147f970da,0.5,0.8,19137905.85543848,4.0,1.0,1.0,1.0,1.0,1b24446f8855111fbce62a7fbfc3659435017b92f25cfe37d36d8b7b57593c65,3,2,2,df03a55dba1d0f587e0fec617cd8c8a73848805d7ef25bfaebc589603d2f54cf,P4,1225126008.1617978,1225126008.1617978,0.0,5416150.535015338,0.0,5416150.535015338,h09,5,Katrina,1219709857.6267824,13721755.320423141,1205988102.3063593,1880715391.0212982,1241953.043088214,1.0,0.0,410991.7464791696,R0,False,True,341967.25459974434,10058032.745400256,0.0,1081643.7130807824,R0,False,True,899985.7884884696,8657358.27589782,0.0,0.0,NONE,False,False,0.0,1862000000.0,dfddba88e477ce480d02511c1540e51617ccf67c686419307d95d1123618ef7c
E2A_CRACKERS_A080,LA-0986,986,9c5c609ed7a36743b84cd937a6dc7e693e90b9c292c38d4ec9a21bfb55d97323,M2,A1_FINAL_NO_MEMORY_V1,certified,PASS,,,4b22f642d65008abbdbe7d7a14fad0f232dca5955b21e5d383b155b458b1fb09,519d60c3aa027d15fb8a31159f1bc558f2ca736696736e4865fbaf8e25c03cf8,0.5,0.8,19137905.85543848,4.0,1.0,1.0,1.0,1.0,d4044a4fed52251ef9ab73db0028a3a3c9e063be79efaf3e57d8cfe67a1c4db4,3,2,2,5a3450dcc8cb74eaa9003e0ddd886e2397cde02c947cbb9e7094ea36d4b3eb11,P4,1202890632.2617707,1202890632.2617707,0.0,6858845.469214553,0.0,6858845.469214553,h09,5,Katrina,1196031786.7925563,12279060.38622392,1183752726.4063323,1748120954.8367233,133836389.22766314,0.9999999999999996,0.0,17376079.51567173,R0,False,True,10399999.999999998,1.862645149230957e-09,0.0,0.0,NONE,False,False,0.0,9557344.06438629,0.0,206234664.84108466,R0,False,True,123436389.22766314,1738563610.772337,98fbb7c1113785b0cdd2a321a8e6e33d253e7d3e2999d80df20919f93a89d39b
E2A_CRACKERS_A080,LA-0987,987,ff9870d1fa4798a1c8889573721ee25bff9032f8c6932407d89773ba2fc1e919,M2,A1_FINAL_NO_MEMORY_V1,certified,PASS,,,334360200987d072566fa79d0dbf6599f9da595e5ee47e99622f8241e5aab149,2f1ffa6c2eef1513af150536cf7f242c2cc0e98eb64df10b24a6b95b1a6f3dc3,0.5,0.8,19137905.85543848,4.0,1.0,1.0,1.0,1.0,4180e76b0b573c20930a915ded560fc2c140910cea87e33df463d8c7b51f60b0,3,2,2,4e1cb163e9784e889218d12c0d8528afd76758c43dda9461ec8e2f6a353e7f4c,P4,1218519519.3506823,1218519519.3506823,0.0,7312549.269502231,2385130.0816230653,9697679.351125296,h09,5,Katrina,1208821839.999557,9440226.50431318,1199381613.4952438,1728336808.1468801,153620535.91750625,1.0,0.0,0.0,NONE,False,False,0.0,10400000.0,0.0,0.0,NONE,False,False,0.0,9557344.06438629,0.0,331515902.9503651,R1,False,True,153620535.91750625,1708379464.0824938,6631fad22fa1e0b6b25152ceea3f771baca9ad353926a8195bafd892145eec4c
E2A_CRACKERS_A080,LA-0988,988,7e33ca8d07cd3699a84d5f73e5c1d546de9fc417bdeb1e4b64eadbba66a6b13c,M2,A1_FINAL_NO_MEMORY_V1,certified,PASS,,,14039362b80726daad249afe1140785f0a37ec534d64c396e76f567a96ace609,c26c5ae5185e8f179dead82be7bbc9049bb84d146122b93f185cf26ab2ee4fc1,0.5,0.8,19137905.85543848,4.0,1.0,1.0,1.0,1.0,a0fa5d3d0c2283e80da518ab6405538fd03b6800363444177a8eb168cbeaec6e,3,2,2,403c4acb7f77b2a53744e84af535b9159d3502b4795354d798523b32018b6ed9,P4,1188669419.957878,1188669419.957878,0.0,1468940.8029583422,0.0,1468940.8029583422,h09,5,Katrina,1187200479.1549199,17668965.05248013,1169531514.1024396,1870470554.6511648,11486789.413221449,0.9999999999999998,0.0,18486814.854118276,R0,False,True,10400000.0,0.0,0.0,1931853.3334269954,R0,False,True,1086789.413221448,8470554.65116484,0.0,0.0,NONE,False,False,0.0,1862000000.0,560df756138a95db42000a1d7a2dd8705d6876e936da41a37c6d8209e523b3c9
E2A_CRACKERS_A080,LA-0989,989,a24b503a07217b2e0170d985d0dc6702a263810ba65fbfccbd93b8938476d847,M2,A1_FINAL_NO_MEMORY_V1,certified,PASS,,,b5082ee52120f1f3178b79dc5b34cd26a81d1ad1723f1ea03337020ef82c0835,785a62140e69d44e9643a9412ff36a097fd94e61d7ae74b98370ebab6636fe65,0.5,0.8,19137905.85543848,4.0,1.0,1.0,1.0,1.0,a16622f6e2ee2d369d9e9311e3b73eb9b307d0082967f13d6a750f71b67177cc,7,2,2,bbbb90c8753a9314a010651e94c0c53c96288f92d4e3b0de5a662bd46fa25dcc,P1,1224515553.6278484,1224515553.6278484,19137905.85543848,0.0,0.0,19137905.85543848,h09,5,Katrina,1205377647.77241,0.0,1205377647.77241,1871114528.021206,0.0,1.0,15170619.52452781,0.0,NONE,True,False,0.0,0.0,645941.7029274289,0.0,NONE,True,False,0.0,9114528.021205986,0.0,0.0,NONE,False,False,0.0,1862000000.0,34dfd7a82763a6568413ce16628068f6781266a3192793c67ce6ad663c4331c2
E2A_CRACKERS_A080,LA-0990,990,40c1ea5ba649537d56d608c9041c2b2d83790e6e4baa54128f97f4ee8788cd67,M2,A1_FINAL_NO_MEMORY_V1,certified,PASS,,,81f4acb3b323ad26d9a1cfba11c15c20f62a7170aaffacb2b8846655147457c0,7dd39350cc3b3d439b780a7854c06b24fa85ac53dafc6f56dccc6cc439e05b8d,0.5,0.8,19137905.85543848,4.0,1.0,1.0,1.0,1.0,6e31adb127463c0034644e92247843718d02882c343e37943ce3132675f48b94,3,2,2,81608b7153b182713af3d9d4fabda47cab99d163437111a32f2575482f32ace9,P4,1228583918.762035,1228583918.762035,0.0,4978074.894800922,0.0,4978074.894800922,h09,5,Katrina,1223605843.867234,14159830.960637556,1209446012.9065964,1859297689.5491686,22659654.515217625,1.0,0.0,14334702.563048229,R0,False,True,10400000.0,0.0,0.0,398491.20529661776,R0,False,True,289110.18675531907,9268233.877630971,0.0,16499441.58329722,R0,False,True,11970544.328462306,1850029455.6715376,7d6071034b1ede0acbfc166d73220c705b5991ca2f620b004f948b143160280a
E2A_CRACKERS_A080,LA-0991,991,8f7c86dbc7e4378172c380dfbbce3c66751438e31006396a12e6716303e4ffe6,M2,A1_FINAL_NO_MEMORY_V1,oracle_failure,FAIL,oracle_failure,Full exact certification was incomplete,f479824e4b52669ccdcd488a3bd87f29c50c94ba3771d8b962cc2441b5510b95,031bfae862dcc5b40c5f777c959ca626817eb977b58aaa35c1132f3f8bfc2300,0.5,0.8,19137905.85543848,4.0,1.0,1.0,1.0,1.0,954bd47a643bed1fb62f9dabf40bb489c07a77761ea65ad853a927bef7fa7cf8,3,2,1,,,,,,,,,,,,,,,,,,,,,,,,,,,,,,,,,,,,,,,c7b4fc8d92b2335d4e56ca5270f71c3a7d7feb76d7885eb5070bd0fb06a8aa46
E2A_CRACKERS_A080,LA-0992,992,ceb7d7c74aae097df541d1874abfeaba4614079002b0d73bdea8a057f9398829,M2,A1_FINAL_NO_MEMORY_V1,certified,PASS,,,1cac1dae678b0ce0963f9164f8638a24b52ed1c0e10d45739befb42c39303bd5,b3a829233c0170d0ca7646a9a0c10592aaa8c29ff2d72bb2abd8ef48e115f3eb,0.5,0.8,19137905.85543848,4.0,1.0,1.0,1.0,1.0,9a2d879252a42178811fc3200efddf7f1275e695bf67de2278ebbff71631a2ce,3,2,2,4a2f0ca6b4a02af0ae4e031f235ad9eaea5d4298f85c082edebeb8e658b42d0a,P4,1239152959.5277414,1239152959.5277414,0.0,5999209.439295105,0.0,5999209.439295105,h09,5,Katrina,1233153750.0884464,13138696.416143373,1220015053.672303,1783376928.1240976,98580415.94028874,1.0,0.0,0.0,NONE,False,False,0.0,10400000.0,0.0,0.0,NONE,False,False,0.0,9557344.06438629,0.0,188956510.96681392,R0,False,True,98580415.94028874,1763419584.0597112,5f7f1d5e653d91b2640028d21996f536867e6ed8ac434a0f8a44469fb731c8c5
E2A_CRACKERS_A080,LA-0993,993,8d5821c7ed491cd9b93f912b837b8c687d6e2efd21f9b782247d91fd020e95b1,M2,A1_FINAL_NO_MEMORY_V1,certified,PASS,,,752d7e1af95909f6ad3ba9e6787dd9d915e566a06cc5926699c61cfffb9a0df1,a4a263787f603efa7de143fc7e73a882cbd9b0f33cc9f06c526f237ed8c91b78,0.5,0.8,19137905.85543848,4.0,1.0,1.0,1.0,1.0,0fbdf9895d2fb2405877557b6d371262716fd4cbf66511cc14ac1b278cbfbcf3,3,2,2,155fc43bd3a7fbc7e3df2fafd0f7d4cf2639805568fa64f49669b71a2f51a564,P1,1224450002.729427,1224450002.729427,19137905.85543848,0.0,0.0,19137905.85543848,h09,5,Katrina,1205312096.8739886,0.0,1205312096.8739886,1871113350.4037437,0.0,1.0,15151014.54969104,0.0,NONE,True,False,0.0,0.0,646822.5396506375,0.0,NONE,True,False,0.0,9113350.403743688,0.0,0.0,NONE,False,False,0.0,1862000000.0,674a5fe9ebdf36d2575c4959d320667698ffa057194a74b03611cd5abb246a4b
E2A_CRACKERS_A080,LA-0994,994,c66ebd26e5f860efe501ec23ce102bfe5abce8199651ea9b2b5ae1efe4789b76,M2,A1_FINAL_NO_MEMORY_V1,certified,PASS,,,220f29e32389e703a22bd3f7b6587e1085aed1c8ef66b0656d98511f1117d0c4,d79e845f925bf4997417a166f0e38503f93825680fbd4c1fa7a19679d83892a6,0.5,0.8,19137905.85543848,4.0,1.0,1.0,1.0,1.0,3538b0fde06ddfe521081124f46536221ca181331cfc8582d396872633b61d99,3,2,2,7b8ada5f62c93c74b1d440ef8df45620b1d92508e928c5a56cb3d8a38fcda856,P1,1228622069.053981,1228622069.053981,19137905.85543848,0.0,0.0,19137905.85543848,h09,5,Katrina,1209484163.1985426,0.0,1209484163.1985426,1871188301.293449,0.0,1.0,16508867.738186685,0.0,NONE,True,False,0.0,0.0,585815.2206863874,0.0,NONE,True,False,0.0,9188301.293448953,0.0,0.0,NONE,False,False,0.0,1862000000.0,c3a4af6c457e3962aa968446bdd8e51356958ac60f2e50a41a61d36a88098143
E2A_CRACKERS_A080,LA-0995,995,d4747f09dd6375d42291ec28a40b0e884f278dcc7fe60847da2114e1fd306bbb,M2,A1_FINAL_NO_MEMORY_V1,certified,PASS,,,26d4a49c9b24ddc1b0e1aa97a10f1b5218c282c08b0ef696264bac671c7baa6f,23bc6ff0a0a07067da8e35f5883f1879617a9b4afd9683e250fa3300e2db51e5,0.5,0.8,19137905.85543848,4.0,1.0,1.0,1.0,1.0,23ac62738239f47e4780660f7d7631c4ef6308facf277bdc8892bc62b773615a,3,2,2,a13c45e96678365eb47616298dd7a8d163607e4b101c6e667a29f3e85006b09e,P1,1220652657.4764621,1220652657.4764621,19137905.85543844,0.0,0.0,19137905.85543844,h09,5,Katrina,1201514751.6210237,0.0,1201514751.6210237,1871045131.3527777,0.0,0.999999999999998,14095769.78254316,0.0,NONE,True,False,0.0,0.0,694233.8906274443,0.0,NONE,True,False,0.0,9045131.352777801,0.0,0.0,NONE,False,False,0.0,1862000000.0,02ad81b6171ed9e20c1c45e109522167e37de153a27f14457d78cb9acf19e730
E2A_CRACKERS_A080,LA-0996,996,a5b9b742775224edfa4c03a26466f90ad468c07f13e3a2416dd5615acef85069,M2,A1_FINAL_NO_MEMORY_V1,certified,PASS,,,8af5286a96f03d90c832bc488de583c97ca337082e0459ec5e3e60f9b3a0d7ff,909218ab4f12a656704c4c40b6bbeef7b7db6c5d0f00e38f201f9ca6a80a85df,0.5,0.8,19137905.85543848,4.0,1.0,1.0,1.0,1.0,e3efb838faaf0869493bf1fbd50aa5615b5fb0cced34fce3bb354687d55ff58f,3,2,2,c8045c2df4dd3353636b6f1e397cc4e63908422046b12dad286e2206c9ae4621,P4,1213117082.5311785,1213117082.5311785,0.0,471553.42248653487,0.0,471553.42248653487,h09,5,Katrina,1212645529.108692,18666352.432951942,1193979176.67574,1713925698.4064198,168031645.6579666,1.0,0.0,0.0,NONE,False,False,0.0,10400000.0,0.0,0.0,NONE,False,False,0.0,9557344.06438629,0.0,377472735.4178784,R0,False,True,168031645.6579666,1693968354.3420334,e1f28646fcffcc9e211a6853a67be3e552ad939ec154b98d8a5245765e64bcca
E2A_CRACKERS_A080,LA-0997,997,e7607e8145e6de5781dc70ca788cd01cc03746672b89a1f1e14a78dddfe511d7,M2,A1_FINAL_NO_MEMORY_V1,certified,PASS,,,567307812145bf36034bfa6766f8b98641b66e7991c2aeebcb3dd52c6b6232e9,1fb4c9ca4e17815a0edcb4339751e0407f069f02935c0dd8304f53b4364dce90,0.5,0.8,19137905.85543848,4.0,1.0,1.0,1.0,1.0,510efdb643a7500e529705b786be0426f4eb80e2ea71f76196f72c8c56c4da0c,7,2,2,db93d743912940b5248ca861fede0fbbf8e5e1a38463bb60433f0803a273189e,P1,1221194897.6658576,1221194897.6658576,19137905.85543848,0.0,0.0,19137905.85543848,h09,5,Katrina,1202056991.810419,0.0,1202056991.810419,1871054872.661153,0.0,1.0,14237366.364875058,0.0,NONE,True,False,0.0,0.0,687872.0630486199,0.0,NONE,True,False,0.0,9054872.66115297,0.0,0.0,NONE,False,False,0.0,1862000000.0,806fb4de3b87af27ee254e0e913db4eac5043c1f1ee1a4fc70e929d7d2f039b8
E2A_CRACKERS_A080,LA-0998,998,234be674a34b047722c7891081688f29aff46904e7c1145ae3fccdd9f4cd33ad,M2,A1_FINAL_NO_MEMORY_V1,certified,PASS,,,0d282601bece3f96a164e2307a7ffc7939d938929df13603247ef7bf7aec8bb2,026a58a100cf49c8ee6162d29d03d4c5492ffa120fbda002a755e3495ca34754,0.5,0.8,19137905.85543848,4.0,1.0,1.0,1.0,1.0,bf5e422144740204b85e1efed353e58d5d2b25331127025712b2719610cad6c8,3,2,2,c9cf22f1328aed03943aca0827d756a2634768e488c11e7bb8dc4a4810077342,P4,1218199164.7695155,1218199164.7695155,0.0,2392829.6539309886,0.0,2392829.6539309886,h09,5,Katrina,1215806335.1155846,16745076.20150749,1199061258.914077,1880917001.6332653,1040342.431121039,1.0,0.0,0.0,NONE,False,False,0.0,10400000.0,0.0,3228315.2741801515,R0,False,True,1040342.431121039,8517001.633265251,0.0,0.0,NONE,False,False,0.0,1862000000.0,caa429183e1d48d230e8802438434d8b62db31f68e6689051cb086bc6a90fcee
E2A_CRACKERS_A080,LA-0999,999,763b37c09980bbdc1fc1b17613fcac2648630c41f36f572432a9eab7f3653a72,M2,A1_FINAL_NO_MEMORY_V1,certified,PASS,,,7a44600dcb3c61e5f0ede0c10c1852027aeee135ebe6c89508f577afb0ddf708,647d54a1f95e0aee764311855c83e5f7f2a83835c84fcf2c1cd6a618e1099ede,0.5,0.8,19137905.85543848,4.0,1.0,1.0,1.0,1.0,c8aaac91290eee4c45033ae8a33f9c69e1902f0516321e685db482f966720d4b,3,2,2,43d8c74ad91b7442fbebd5deea984105c5597c10766eb82a6310102a37dbd187,P4,1204628469.2130654,1204628469.2130654,0.0,8912699.159974065,0.0,8912699.159974065,h09,5,Katrina,1195715770.0530913,10225206.695464414,1185490563.357627,1691282150.2893875,190675193.77499896,1.0,0.0,0.0,NONE,False,False,0.0,10400000.0,0.0,0.0,NONE,False,False,0.0,9557344.06438629,0.0,392941678.9138684,R0,False,True,190675193.77499896,1671324806.225001,5a639ef3b344f0553e6c91903dadfbb44ad382f850964a11c6925f8f0f3dbcb4
E2A_CRACKERS_A080,LA-1000,1000,cdd041e17eebba1e685f1a3f70f21e86f4a1b2c1c132e3758d58ff32b79a7302,M2,A1_FINAL_NO_MEMORY_V1,certified,PASS,,,49acd6a1d98daf29f09923edf605d0419a3c5b6defee75ffcac5cf58d7902119,0d3000790de1ac8a1785ecb0753b2cc6a0d3ad03e29afd2fc8c75c13bcab8569,0.5,0.8,19137905.85543848,4.0,1.0,1.0,1.0,1.0,b12766320fe91436bdbc35adc832c822dafee8a8b4942c23d79e6196036c71e9,3,2,2,a6faa62fa2eec2b93320030c91631e16619a0b88f6a7395899e1088c26fc7627,P4,1199748829.2870848,1199748829.2870848,0.0,4745647.684495393,0.0,4745647.684495393,h09,5,Katrina,1195003181.6025894,14392258.170943083,1180610923.4316463,1880280492.6864276,1676851.3779586984,1.0,0.0,390351.1084121294,R0,False,True,319941.1102843026,10080058.889715698,0.0,1655527.8767765379,R0,False,True,1356910.2676743958,8200433.796711894,0.0,0.0,NONE,False,False,0.0,1862000000.0,7675f1f80f44da9808cb3f7cacc809f12b04b3d9c551d5d10b2b8914f595916b
